authority,ci_high,ci_low,directional_trajectories,estimand,estimate,evidence_id,evidence_version,image_n,kind,metric,n_base_defined,n_base_undefined_excluded,panel,radius,series,size_group,size_label,source_path,source_sha256,statistical_unit,support,tau,unit,weighted_n
final_evidence_v3_bound_output,1.0,1.0,,o2o,1.0,EV-BOUNDARY-GEOMETRY-V3,V3,300,km_survival,,25084,676,a,0.0,O2O identity,t_8_16,8–16 px,runs/20260903_boundary_full_grid_1024_postprocess_v2/tau_01250/survival_cif.csv,1a90951b52587823e82fe89c99a12c8512030f465a66915028285ed8a2773740,focal-GT directional trajectory,,,survival probability,
final_evidence_v3_bound_output,0.9893554522505056,0.98523813528545,,o2o,0.9873201735874452,EV-BOUNDARY-GEOMETRY-V3,V3,300,km_survival,,25084,676,a,0.0009765625,O2O identity,t_8_16,8–16 px,runs/20260903_boundary_full_grid_1024_postprocess_v2/tau_01250/survival_cif.csv,1a90951b52587823e82fe89c99a12c8512030f465a66915028285ed8a2773740,focal-GT directional trajectory,,,survival probability,
final_evidence_v3_bound_output,0.9891049489316708,0.9848396383890516,,o2o,0.9870000222559744,EV-BOUNDARY-GEOMETRY-V3,V3,300,km_survival,,25084,676,a,0.001953125,O2O identity,t_8_16,8–16 px,runs/20260903_boundary_full_grid_1024_postprocess_v2/tau_01250/survival_cif.csv,1a90951b52587823e82fe89c99a12c8512030f465a66915028285ed8a2773740,focal-GT directional trajectory,,,survival probability,
final_evidence_v3_bound_output,0.9886943993867926,0.9845132922078426,,o2o,0.986599772302503,EV-BOUNDARY-GEOMETRY-V3,V3,300,km_survival,,25084,676,a,0.0029296875,O2O identity,t_8_16,8–16 px,runs/20260903_boundary_full_grid_1024_postprocess_v2/tau_01250/survival_cif.csv,1a90951b52587823e82fe89c99a12c8512030f465a66915028285ed8a2773740,focal-GT directional trajectory,,,survival probability,
final_evidence_v3_bound_output,0.9882819158422578,0.9840771326941482,,o2o,0.9862002518186248,EV-BOUNDARY-GEOMETRY-V3,V3,300,km_survival,,25084,676,a,0.00390625,O2O identity,t_8_16,8–16 px,runs/20260903_boundary_full_grid_1024_postprocess_v2/tau_01250/survival_cif.csv,1a90951b52587823e82fe89c99a12c8512030f465a66915028285ed8a2773740,focal-GT directional trajectory,,,survival probability,
final_evidence_v3_bound_output,0.9880165687423303,0.98379233705147,,o2o,0.9859199066416232,EV-BOUNDARY-GEOMETRY-V3,V3,300,km_survival,,25084,676,a,0.0048828125,O2O identity,t_8_16,8–16 px,runs/20260903_boundary_full_grid_1024_postprocess_v2/tau_01250/survival_cif.csv,1a90951b52587823e82fe89c99a12c8512030f465a66915028285ed8a2773740,focal-GT directional trajectory,,,survival probability,
final_evidence_v3_bound_output,0.987737047245713,0.9834278114788392,,o2o,0.9855995121536214,EV-BOUNDARY-GEOMETRY-V3,V3,300,km_survival,,25084,676,a,0.005859375,O2O identity,t_8_16,8–16 px,runs/20260903_boundary_full_grid_1024_postprocess_v2/tau_01250/survival_cif.csv,1a90951b52587823e82fe89c99a12c8512030f465a66915028285ed8a2773740,focal-GT directional trajectory,,,survival probability,
final_evidence_v3_bound_output,0.9876480123089252,0.9832719632861144,,o2o,0.9854796073771518,EV-BOUNDARY-GEOMETRY-V3,V3,300,km_survival,,25084,676,a,0.0068359375,O2O identity,t_8_16,8–16 px,runs/20260903_boundary_full_grid_1024_postprocess_v2/tau_01250/survival_cif.csv,1a90951b52587823e82fe89c99a12c8512030f465a66915028285ed8a2773740,focal-GT directional trajectory,,,survival probability,
final_evidence_v3_bound_output,0.9871952938245072,0.9827713839744192,,o2o,0.9849999882712732,EV-BOUNDARY-GEOMETRY-V3,V3,300,km_survival,,25084,676,a,0.0078125,O2O identity,t_8_16,8–16 px,runs/20260903_boundary_full_grid_1024_postprocess_v2/tau_01250/survival_cif.csv,1a90951b52587823e82fe89c99a12c8512030f465a66915028285ed8a2773740,focal-GT directional trajectory,,,survival probability,
final_evidence_v3_bound_output,0.9869151798859532,0.98243539238286,,o2o,0.9846803232528646,EV-BOUNDARY-GEOMETRY-V3,V3,300,km_survival,,25084,676,a,0.0087890625,O2O identity,t_8_16,8–16 px,runs/20260903_boundary_full_grid_1024_postprocess_v2/tau_01250/survival_cif.csv,1a90951b52587823e82fe89c99a12c8512030f465a66915028285ed8a2773740,focal-GT directional trajectory,,,survival probability,
final_evidence_v3_bound_output,0.9865867324557186,0.9820969588543084,,o2o,0.9843599287648628,EV-BOUNDARY-GEOMETRY-V3,V3,300,km_survival,,25084,676,a,0.009765625,O2O identity,t_8_16,8–16 px,runs/20260903_boundary_full_grid_1024_postprocess_v2/tau_01250/survival_cif.csv,1a90951b52587823e82fe89c99a12c8512030f465a66915028285ed8a2773740,focal-GT directional trajectory,,,survival probability,
final_evidence_v3_bound_output,0.9860265316431848,0.9816244648500314,,o2o,0.9838397740349218,EV-BOUNDARY-GEOMETRY-V3,V3,300,km_survival,,25084,676,a,0.0107421875,O2O identity,t_8_16,8–16 px,runs/20260903_boundary_full_grid_1024_postprocess_v2/tau_01250/survival_cif.csv,1a90951b52587823e82fe89c99a12c8512030f465a66915028285ed8a2773740,focal-GT directional trajectory,,,survival probability,
final_evidence_v3_bound_output,0.9857580280167706,0.9814391047648842,,o2o,0.9835997213254516,EV-BOUNDARY-GEOMETRY-V3,V3,300,km_survival,,25084,676,a,0.01171875,O2O identity,t_8_16,8–16 px,runs/20260903_boundary_full_grid_1024_postprocess_v2/tau_01250/survival_cif.csv,1a90951b52587823e82fe89c99a12c8512030f465a66915028285ed8a2773740,focal-GT directional trajectory,,,survival probability,
final_evidence_v3_bound_output,0.9854277969179674,0.9809851897627838,,o2o,0.9831994713719802,EV-BOUNDARY-GEOMETRY-V3,V3,300,km_survival,,25084,676,a,0.0126953125,O2O identity,t_8_16,8–16 px,runs/20260903_boundary_full_grid_1024_postprocess_v2/tau_01250/survival_cif.csv,1a90951b52587823e82fe89c99a12c8512030f465a66915028285ed8a2773740,focal-GT directional trajectory,,,survival probability,
final_evidence_v3_bound_output,0.9852182632152948,0.9806966573427204,,o2o,0.9829596618190408,EV-BOUNDARY-GEOMETRY-V3,V3,300,km_survival,,25084,676,a,0.013671875,O2O identity,t_8_16,8–16 px,runs/20260903_boundary_full_grid_1024_postprocess_v2/tau_01250/survival_cif.csv,1a90951b52587823e82fe89c99a12c8512030f465a66915028285ed8a2773740,focal-GT directional trajectory,,,survival probability,
final_evidence_v3_bound_output,0.9848703492844816,0.9803118457489428,,o2o,0.9825992180200388,EV-BOUNDARY-GEOMETRY-V3,V3,300,km_survival,,25084,676,a,0.0146484375,O2O identity,t_8_16,8–16 px,runs/20260903_boundary_full_grid_1024_postprocess_v2/tau_01250/survival_cif.csv,1a90951b52587823e82fe89c99a12c8512030f465a66915028285ed8a2773740,focal-GT directional trajectory,,,survival probability,
final_evidence_v3_bound_output,0.9843970881531594,0.9797961209409928,,o2o,0.9821195989141602,EV-BOUNDARY-GEOMETRY-V3,V3,300,km_survival,,25084,676,a,0.015625,O2O identity,t_8_16,8–16 px,runs/20260903_boundary_full_grid_1024_postprocess_v2/tau_01250/survival_cif.csv,1a90951b52587823e82fe89c99a12c8512030f465a66915028285ed8a2773740,focal-GT directional trajectory,,,survival probability,
final_evidence_v3_bound_output,0.9840514347458892,0.979258948716589,,o2o,0.9816795428062198,EV-BOUNDARY-GEOMETRY-V3,V3,300,km_survival,,25084,676,a,0.0166015625,O2O identity,t_8_16,8–16 px,runs/20260903_boundary_full_grid_1024_postprocess_v2/tau_01250/survival_cif.csv,1a90951b52587823e82fe89c99a12c8512030f465a66915028285ed8a2773740,focal-GT directional trajectory,,,survival probability,
final_evidence_v3_bound_output,0.983859696548773,0.9789683597757374,,o2o,0.9814394900967496,EV-BOUNDARY-GEOMETRY-V3,V3,300,km_survival,,25084,676,a,0.017578125,O2O identity,t_8_16,8–16 px,runs/20260903_boundary_full_grid_1024_postprocess_v2/tau_01250/survival_cif.csv,1a90951b52587823e82fe89c99a12c8512030f465a66915028285ed8a2773740,focal-GT directional trajectory,,,survival probability,
final_evidence_v3_bound_output,0.983642183010119,0.9786480653751009,,o2o,0.9811593880762788,EV-BOUNDARY-GEOMETRY-V3,V3,300,km_survival,,25084,676,a,0.0185546875,O2O identity,t_8_16,8–16 px,runs/20260903_boundary_full_grid_1024_postprocess_v2/tau_01250/survival_cif.csv,1a90951b52587823e82fe89c99a12c8512030f465a66915028285ed8a2773740,focal-GT directional trajectory,,,survival probability,
final_evidence_v3_bound_output,0.9832696974165328,0.9782404900897448,,o2o,0.9807593812793388,EV-BOUNDARY-GEOMETRY-V3,V3,300,km_survival,,25084,676,a,0.01953125,O2O identity,t_8_16,8–16 px,runs/20260903_boundary_full_grid_1024_postprocess_v2/tau_01250/survival_cif.csv,1a90951b52587823e82fe89c99a12c8512030f465a66915028285ed8a2773740,focal-GT directional trajectory,,,survival probability,
final_evidence_v3_bound_output,0.9827270954302856,0.9776064945283316,,o2o,0.9801591279273972,EV-BOUNDARY-GEOMETRY-V3,V3,300,km_survival,,25084,676,a,0.0205078125,O2O identity,t_8_16,8–16 px,runs/20260903_boundary_full_grid_1024_postprocess_v2/tau_01250/survival_cif.csv,1a90951b52587823e82fe89c99a12c8512030f465a66915028285ed8a2773740,focal-GT directional trajectory,,,survival probability,
final_evidence_v3_bound_output,0.9824170786272668,0.9772172323886288,,o2o,0.9797994135979884,EV-BOUNDARY-GEOMETRY-V3,V3,300,km_survival,,25084,676,a,0.021484375,O2O identity,t_8_16,8–16 px,runs/20260903_boundary_full_grid_1024_postprocess_v2/tau_01250/survival_cif.csv,1a90951b52587823e82fe89c99a12c8512030f465a66915028285ed8a2773740,focal-GT directional trajectory,,,survival probability,
final_evidence_v3_bound_output,0.982144939523778,0.9769312448336088,,o2o,0.9795193115775178,EV-BOUNDARY-GEOMETRY-V3,V3,300,km_survival,,25084,676,a,0.0224609375,O2O identity,t_8_16,8–16 px,runs/20260903_boundary_full_grid_1024_postprocess_v2/tau_01250/survival_cif.csv,1a90951b52587823e82fe89c99a12c8512030f465a66915028285ed8a2773740,focal-GT directional trajectory,,,survival probability,
final_evidence_v3_bound_output,0.9818936780068682,0.976600545860686,,o2o,0.9792394527135784,EV-BOUNDARY-GEOMETRY-V3,V3,300,km_survival,,25084,676,a,0.0234375,O2O identity,t_8_16,8–16 px,runs/20260903_boundary_full_grid_1024_postprocess_v2/tau_01250/survival_cif.csv,1a90951b52587823e82fe89c99a12c8512030f465a66915028285ed8a2773740,focal-GT directional trajectory,,,survival probability,
final_evidence_v3_bound_output,0.9816588741216168,0.9762149209982964,,o2o,0.9789195445386384,EV-BOUNDARY-GEOMETRY-V3,V3,300,km_survival,,25084,676,a,0.0244140625,O2O identity,t_8_16,8–16 px,runs/20260903_boundary_full_grid_1024_postprocess_v2/tau_01250/survival_cif.csv,1a90951b52587823e82fe89c99a12c8512030f465a66915028285ed8a2773740,focal-GT directional trajectory,,,survival probability,
final_evidence_v3_bound_output,0.9813998997392214,0.9759259742806504,,o2o,0.978639685674699,EV-BOUNDARY-GEOMETRY-V3,V3,300,km_survival,,25084,676,a,0.025390625,O2O identity,t_8_16,8–16 px,runs/20260903_boundary_full_grid_1024_postprocess_v2/tau_01250/survival_cif.csv,1a90951b52587823e82fe89c99a12c8512030f465a66915028285ed8a2773740,focal-GT directional trajectory,,,survival probability,
final_evidence_v3_bound_output,0.9811395182429508,0.9756913232568384,,o2o,0.9783998761217596,EV-BOUNDARY-GEOMETRY-V3,V3,300,km_survival,,25084,676,a,0.0263671875,O2O identity,t_8_16,8–16 px,runs/20260903_boundary_full_grid_1024_postprocess_v2/tau_01250/survival_cif.csv,1a90951b52587823e82fe89c99a12c8512030f465a66915028285ed8a2773740,focal-GT directional trajectory,,,survival probability,
final_evidence_v3_bound_output,0.9808629244841172,0.9753385236129486,,o2o,0.978080211103351,EV-BOUNDARY-GEOMETRY-V3,V3,300,km_survival,,25084,676,a,0.02734375,O2O identity,t_8_16,8–16 px,runs/20260903_boundary_full_grid_1024_postprocess_v2/tau_01250/survival_cif.csv,1a90951b52587823e82fe89c99a12c8512030f465a66915028285ed8a2773740,focal-GT directional trajectory,,,survival probability,
final_evidence_v3_bound_output,0.9806308568879812,0.975050880530385,,o2o,0.9777998659263492,EV-BOUNDARY-GEOMETRY-V3,V3,300,km_survival,,25084,676,a,0.0283203125,O2O identity,t_8_16,8–16 px,runs/20260903_boundary_full_grid_1024_postprocess_v2/tau_01250/survival_cif.csv,1a90951b52587823e82fe89c99a12c8512030f465a66915028285ed8a2773740,focal-GT directional trajectory,,,survival probability,
final_evidence_v3_bound_output,0.980422835598868,0.9747703655007484,,o2o,0.9775605426864722,EV-BOUNDARY-GEOMETRY-V3,V3,300,km_survival,,25084,676,a,0.029296875,O2O identity,t_8_16,8–16 px,runs/20260903_boundary_full_grid_1024_postprocess_v2/tau_01250/survival_cif.csv,1a90951b52587823e82fe89c99a12c8512030f465a66915028285ed8a2773740,focal-GT directional trajectory,,,survival probability,
final_evidence_v3_bound_output,0.9800965614385512,0.9743500753786738,,o2o,0.9772003420440012,EV-BOUNDARY-GEOMETRY-V3,V3,300,km_survival,,25084,676,a,0.0302734375,O2O identity,t_8_16,8–16 px,runs/20260903_boundary_full_grid_1024_postprocess_v2/tau_01250/survival_cif.csv,1a90951b52587823e82fe89c99a12c8512030f465a66915028285ed8a2773740,focal-GT directional trajectory,,,survival probability,
final_evidence_v3_bound_output,0.9793858042593672,0.973590140313398,,o2o,0.9764806702286524,EV-BOUNDARY-GEOMETRY-V3,V3,300,km_survival,,25084,676,a,0.03125,O2O identity,t_8_16,8–16 px,runs/20260903_boundary_full_grid_1024_postprocess_v2/tau_01250/survival_cif.csv,1a90951b52587823e82fe89c99a12c8512030f465a66915028285ed8a2773740,focal-GT directional trajectory,,,survival probability,
final_evidence_v3_bound_output,0.9789554001937544,0.9730500222021126,,o2o,0.9760005648097116,EV-BOUNDARY-GEOMETRY-V3,V3,300,km_survival,,25084,676,a,0.0322265625,O2O identity,t_8_16,8–16 px,runs/20260903_boundary_full_grid_1024_postprocess_v2/tau_01250/survival_cif.csv,1a90951b52587823e82fe89c99a12c8512030f465a66915028285ed8a2773740,focal-GT directional trajectory,,,survival probability,
final_evidence_v3_bound_output,0.978639248848712,0.9727094189419526,,o2o,0.9756413367933648,EV-BOUNDARY-GEOMETRY-V3,V3,300,km_survival,,25084,676,a,0.033203125,O2O identity,t_8_16,8–16 px,runs/20260903_boundary_full_grid_1024_postprocess_v2/tau_01250/survival_cif.csv,1a90951b52587823e82fe89c99a12c8512030f465a66915028285ed8a2773740,focal-GT directional trajectory,,,survival probability,
final_evidence_v3_bound_output,0.9784657800284972,0.9724430691992576,,o2o,0.9754418197079568,EV-BOUNDARY-GEOMETRY-V3,V3,300,km_survival,,25084,676,a,0.0341796875,O2O identity,t_8_16,8–16 px,runs/20260903_boundary_full_grid_1024_postprocess_v2/tau_01250/survival_cif.csv,1a90951b52587823e82fe89c99a12c8512030f465a66915028285ed8a2773740,focal-GT directional trajectory,,,survival probability,
final_evidence_v3_bound_output,0.9781591337232648,0.9722119533062942,,o2o,0.9751624471570794,EV-BOUNDARY-GEOMETRY-V3,V3,300,km_survival,,25084,676,a,0.03515625,O2O identity,t_8_16,8–16 px,runs/20260903_boundary_full_grid_1024_postprocess_v2/tau_01250/survival_cif.csv,1a90951b52587823e82fe89c99a12c8512030f465a66915028285ed8a2773740,focal-GT directional trajectory,,,survival probability,
final_evidence_v3_bound_output,0.9779710325133696,0.9719806583833916,,o2o,0.9749622006020784,EV-BOUNDARY-GEOMETRY-V3,V3,300,km_survival,,25084,676,a,0.0361328125,O2O identity,t_8_16,8–16 px,runs/20260903_boundary_full_grid_1024_postprocess_v2/tau_01250/survival_cif.csv,1a90951b52587823e82fe89c99a12c8512030f465a66915028285ed8a2773740,focal-GT directional trajectory,,,survival probability,
final_evidence_v3_bound_output,0.9777539239141624,0.971728355820357,,o2o,0.974722391049139,EV-BOUNDARY-GEOMETRY-V3,V3,300,km_survival,,25084,676,a,0.037109375,O2O identity,t_8_16,8–16 px,runs/20260903_boundary_full_grid_1024_postprocess_v2/tau_01250/survival_cif.csv,1a90951b52587823e82fe89c99a12c8512030f465a66915028285ed8a2773740,focal-GT directional trajectory,,,survival probability,
final_evidence_v3_bound_output,0.9772782428998216,0.9711318188653212,,o2o,0.9742027226322604,EV-BOUNDARY-GEOMETRY-V3,V3,300,km_survival,,25084,676,a,0.0380859375,O2O identity,t_8_16,8–16 px,runs/20260903_boundary_full_grid_1024_postprocess_v2/tau_01250/survival_cif.csv,1a90951b52587823e82fe89c99a12c8512030f465a66915028285ed8a2773740,focal-GT directional trajectory,,,survival probability,
final_evidence_v3_bound_output,0.976823817952206,0.9706636883716478,,o2o,0.9737226172133197,EV-BOUNDARY-GEOMETRY-V3,V3,300,km_survival,,25084,676,a,0.0390625,O2O identity,t_8_16,8–16 px,runs/20260903_boundary_full_grid_1024_postprocess_v2/tau_01250/survival_cif.csv,1a90951b52587823e82fe89c99a12c8512030f465a66915028285ed8a2773740,focal-GT directional trajectory,,,survival probability,
final_evidence_v3_bound_output,0.9765460213194656,0.9704033454933184,,o2o,0.9734828076603802,EV-BOUNDARY-GEOMETRY-V3,V3,300,km_survival,,25084,676,a,0.0400390625,O2O identity,t_8_16,8–16 px,runs/20260903_boundary_full_grid_1024_postprocess_v2/tau_01250/survival_cif.csv,1a90951b52587823e82fe89c99a12c8512030f465a66915028285ed8a2773740,focal-GT directional trajectory,,,survival probability,
final_evidence_v3_bound_output,0.9762896691150044,0.9699771066888232,,o2o,0.9731233364875024,EV-BOUNDARY-GEOMETRY-V3,V3,300,km_survival,,25084,676,a,0.041015625,O2O identity,t_8_16,8–16 px,runs/20260903_boundary_full_grid_1024_postprocess_v2/tau_01250/survival_cif.csv,1a90951b52587823e82fe89c99a12c8512030f465a66915028285ed8a2773740,focal-GT directional trajectory,,,survival probability,
final_evidence_v3_bound_output,0.97580582663828,0.9694838177959586,,o2o,0.9726434742250928,EV-BOUNDARY-GEOMETRY-V3,V3,300,km_survival,,25084,676,a,0.0419921875,O2O identity,t_8_16,8–16 px,runs/20260903_boundary_full_grid_1024_postprocess_v2/tau_01250/survival_cif.csv,1a90951b52587823e82fe89c99a12c8512030f465a66915028285ed8a2773740,focal-GT directional trajectory,,,survival probability,
final_evidence_v3_bound_output,0.9755527866165088,0.9691359102763772,,o2o,0.9723631290480912,EV-BOUNDARY-GEOMETRY-V3,V3,300,km_survival,,25084,676,a,0.04296875,O2O identity,t_8_16,8–16 px,runs/20260903_boundary_full_grid_1024_postprocess_v2/tau_01250/survival_cif.csv,1a90951b52587823e82fe89c99a12c8512030f465a66915028285ed8a2773740,focal-GT directional trajectory,,,survival probability,
final_evidence_v3_bound_output,0.9753764777138916,0.9688406925287596,,o2o,0.9721233194951518,EV-BOUNDARY-GEOMETRY-V3,V3,300,km_survival,,25084,676,a,0.0439453125,O2O identity,t_8_16,8–16 px,runs/20260903_boundary_full_grid_1024_postprocess_v2/tau_01250/survival_cif.csv,1a90951b52587823e82fe89c99a12c8512030f465a66915028285ed8a2773740,focal-GT directional trajectory,,,survival probability,
final_evidence_v3_bound_output,0.9750400969914024,0.9684457404151824,,o2o,0.9717628756961496,EV-BOUNDARY-GEOMETRY-V3,V3,300,km_survival,,25084,676,a,0.044921875,O2O identity,t_8_16,8–16 px,runs/20260903_boundary_full_grid_1024_postprocess_v2/tau_01250/survival_cif.csv,1a90951b52587823e82fe89c99a12c8512030f465a66915028285ed8a2773740,focal-GT directional trajectory,,,survival probability,
final_evidence_v3_bound_output,0.974541433872072,0.9678452789290088,,o2o,0.9712036442813328,EV-BOUNDARY-GEOMETRY-V3,V3,300,km_survival,,25084,676,a,0.0458984375,O2O identity,t_8_16,8–16 px,runs/20260903_boundary_full_grid_1024_postprocess_v2/tau_01250/survival_cif.csv,1a90951b52587823e82fe89c99a12c8512030f465a66915028285ed8a2773740,focal-GT directional trajectory,,,survival probability,
final_evidence_v3_bound_output,0.974157252143072,0.9673455272715796,,o2o,0.9707633450168612,EV-BOUNDARY-GEOMETRY-V3,V3,300,km_survival,,25084,676,a,0.046875,O2O identity,t_8_16,8–16 px,runs/20260903_boundary_full_grid_1024_postprocess_v2/tau_01250/survival_cif.csv,1a90951b52587823e82fe89c99a12c8512030f465a66915028285ed8a2773740,focal-GT directional trajectory,,,survival probability,
final_evidence_v3_bound_output,0.9736306920170412,0.9668726952091908,,o2o,0.9702834827544516,EV-BOUNDARY-GEOMETRY-V3,V3,300,km_survival,,25084,676,a,0.0478515625,O2O identity,t_8_16,8–16 px,runs/20260903_boundary_full_grid_1024_postprocess_v2/tau_01250/survival_cif.csv,1a90951b52587823e82fe89c99a12c8512030f465a66915028285ed8a2773740,focal-GT directional trajectory,,,survival probability,
final_evidence_v3_bound_output,0.973240475170815,0.9663105223485684,,o2o,0.969803620492042,EV-BOUNDARY-GEOMETRY-V3,V3,300,km_survival,,25084,676,a,0.048828125,O2O identity,t_8_16,8–16 px,runs/20260903_boundary_full_grid_1024_postprocess_v2/tau_01250/survival_cif.csv,1a90951b52587823e82fe89c99a12c8512030f465a66915028285ed8a2773740,focal-GT directional trajectory,,,survival probability,
final_evidence_v3_bound_output,0.9729546293384214,0.9659769012366868,,o2o,0.9694834691605712,EV-BOUNDARY-GEOMETRY-V3,V3,300,km_survival,,25084,676,a,0.0498046875,O2O identity,t_8_16,8–16 px,runs/20260903_boundary_full_grid_1024_postprocess_v2/tau_01250/survival_cif.csv,1a90951b52587823e82fe89c99a12c8512030f465a66915028285ed8a2773740,focal-GT directional trajectory,,,survival probability,
final_evidence_v3_bound_output,0.9727499334060654,0.96565325853342,,o2o,0.9692436596076318,EV-BOUNDARY-GEOMETRY-V3,V3,300,km_survival,,25084,676,a,0.05078125,O2O identity,t_8_16,8–16 px,runs/20260903_boundary_full_grid_1024_postprocess_v2/tau_01250/survival_cif.csv,1a90951b52587823e82fe89c99a12c8512030f465a66915028285ed8a2773740,focal-GT directional trajectory,,,survival probability,
final_evidence_v3_bound_output,0.9724074185750528,0.9653672188962268,,o2o,0.968923751432692,EV-BOUNDARY-GEOMETRY-V3,V3,300,km_survival,,25084,676,a,0.0517578125,O2O identity,t_8_16,8–16 px,runs/20260903_boundary_full_grid_1024_postprocess_v2/tau_01250/survival_cif.csv,1a90951b52587823e82fe89c99a12c8512030f465a66915028285ed8a2773740,focal-GT directional trajectory,,,survival probability,
final_evidence_v3_bound_output,0.9718941337828542,0.9647317554839816,,o2o,0.9684040830158132,EV-BOUNDARY-GEOMETRY-V3,V3,300,km_survival,,25084,676,a,0.052734375,O2O identity,t_8_16,8–16 px,runs/20260903_boundary_full_grid_1024_postprocess_v2/tau_01250/survival_cif.csv,1a90951b52587823e82fe89c99a12c8512030f465a66915028285ed8a2773740,focal-GT directional trajectory,,,survival probability,
final_evidence_v3_bound_output,0.9715168264990384,0.9642145929767114,,o2o,0.9679640269078728,EV-BOUNDARY-GEOMETRY-V3,V3,300,km_survival,,25084,676,a,0.0537109375,O2O identity,t_8_16,8–16 px,runs/20260903_boundary_full_grid_1024_postprocess_v2/tau_01250/survival_cif.csv,1a90951b52587823e82fe89c99a12c8512030f465a66915028285ed8a2773740,focal-GT directional trajectory,,,survival probability,
final_evidence_v3_bound_output,0.971093764535712,0.963664538950698,,o2o,0.9674841646454632,EV-BOUNDARY-GEOMETRY-V3,V3,300,km_survival,,25084,676,a,0.0546875,O2O identity,t_8_16,8–16 px,runs/20260903_boundary_full_grid_1024_postprocess_v2/tau_01250/survival_cif.csv,1a90951b52587823e82fe89c99a12c8512030f465a66915028285ed8a2773740,focal-GT directional trajectory,,,survival probability,
final_evidence_v3_bound_output,0.9709205788275383,0.9633204666353948,,o2o,0.9672040626249928,EV-BOUNDARY-GEOMETRY-V3,V3,300,km_survival,,25084,676,a,0.0556640625,O2O identity,t_8_16,8–16 px,runs/20260903_boundary_full_grid_1024_postprocess_v2/tau_01250/survival_cif.csv,1a90951b52587823e82fe89c99a12c8512030f465a66915028285ed8a2773740,focal-GT directional trajectory,,,survival probability,
final_evidence_v3_bound_output,0.970756735573348,0.963043490917328,,o2o,0.9669644962285846,EV-BOUNDARY-GEOMETRY-V3,V3,300,km_survival,,25084,676,a,0.056640625,O2O identity,t_8_16,8–16 px,runs/20260903_boundary_full_grid_1024_postprocess_v2/tau_01250/survival_cif.csv,1a90951b52587823e82fe89c99a12c8512030f465a66915028285ed8a2773740,focal-GT directional trajectory,,,survival probability,
final_evidence_v3_bound_output,0.9704647340068532,0.9627477111459856,,o2o,0.9666846373646452,EV-BOUNDARY-GEOMETRY-V3,V3,300,km_survival,,25084,676,a,0.0576171875,O2O identity,t_8_16,8–16 px,runs/20260903_boundary_full_grid_1024_postprocess_v2/tau_01250/survival_cif.csv,1a90951b52587823e82fe89c99a12c8512030f465a66915028285ed8a2773740,focal-GT directional trajectory,,,survival probability,
final_evidence_v3_bound_output,0.970146794783738,0.9622173850882756,,o2o,0.966284873724236,EV-BOUNDARY-GEOMETRY-V3,V3,300,km_survival,,25084,676,a,0.05859375,O2O identity,t_8_16,8–16 px,runs/20260903_boundary_full_grid_1024_postprocess_v2/tau_01250/survival_cif.csv,1a90951b52587823e82fe89c99a12c8512030f465a66915028285ed8a2773740,focal-GT directional trajectory,,,survival probability,
final_evidence_v3_bound_output,0.9699125518370816,0.9619951790982516,,o2o,0.9660455504843588,EV-BOUNDARY-GEOMETRY-V3,V3,300,km_survival,,25084,676,a,0.0595703125,O2O identity,t_8_16,8–16 px,runs/20260903_boundary_full_grid_1024_postprocess_v2/tau_01250/survival_cif.csv,1a90951b52587823e82fe89c99a12c8512030f465a66915028285ed8a2773740,focal-GT directional trajectory,,,survival probability,
final_evidence_v3_bound_output,0.969405258317644,0.9614709891811314,,o2o,0.9655659313784803,EV-BOUNDARY-GEOMETRY-V3,V3,300,km_survival,,25084,676,a,0.060546875,O2O identity,t_8_16,8–16 px,runs/20260903_boundary_full_grid_1024_postprocess_v2/tau_01250/survival_cif.csv,1a90951b52587823e82fe89c99a12c8512030f465a66915028285ed8a2773740,focal-GT directional trajectory,,,survival probability,
final_evidence_v3_bound_output,0.9691268916432578,0.9611102349704196,,o2o,0.9652054875794784,EV-BOUNDARY-GEOMETRY-V3,V3,300,km_survival,,25084,676,a,0.0615234375,O2O identity,t_8_16,8–16 px,runs/20260903_boundary_full_grid_1024_postprocess_v2/tau_01250/survival_cif.csv,1a90951b52587823e82fe89c99a12c8512030f465a66915028285ed8a2773740,focal-GT directional trajectory,,,survival probability,
final_evidence_v3_bound_output,0.9688451514024116,0.960861694288174,,o2o,0.964965434870008,EV-BOUNDARY-GEOMETRY-V3,V3,300,km_survival,,25084,676,a,0.0625,O2O identity,t_8_16,8–16 px,runs/20260903_boundary_full_grid_1024_postprocess_v2/tau_01250/survival_cif.csv,1a90951b52587823e82fe89c99a12c8512030f465a66915028285ed8a2773740,focal-GT directional trajectory,,,survival probability,
final_evidence_v3_bound_output,0.968404978237545,0.9604084879916592,,o2o,0.9645256036641244,EV-BOUNDARY-GEOMETRY-V3,V3,300,km_survival,,25084,676,a,0.0634765625,O2O identity,t_8_16,8–16 px,runs/20260903_boundary_full_grid_1024_postprocess_v2/tau_01250/survival_cif.csv,1a90951b52587823e82fe89c99a12c8512030f465a66915028285ed8a2773740,focal-GT directional trajectory,,,survival probability,
final_evidence_v3_bound_output,0.9682238838388072,0.9602049394517111,,o2o,0.964325591964496,EV-BOUNDARY-GEOMETRY-V3,V3,300,km_survival,,25084,676,a,0.064453125,O2O identity,t_8_16,8–16 px,runs/20260903_boundary_full_grid_1024_postprocess_v2/tau_01250/survival_cif.csv,1a90951b52587823e82fe89c99a12c8512030f465a66915028285ed8a2773740,focal-GT directional trajectory,,,survival probability,
final_evidence_v3_bound_output,0.9675419587439988,0.9594194859013464,,o2o,0.9636051607792367,EV-BOUNDARY-GEOMETRY-V3,V3,300,km_survival,,25084,676,a,0.0654296875,O2O identity,t_8_16,8–16 px,runs/20260903_boundary_full_grid_1024_postprocess_v2/tau_01250/survival_cif.csv,1a90951b52587823e82fe89c99a12c8512030f465a66915028285ed8a2773740,focal-GT directional trajectory,,,survival probability,
final_evidence_v3_bound_output,0.9671530653152506,0.9591091004052686,,o2o,0.9632451733908308,EV-BOUNDARY-GEOMETRY-V3,V3,300,km_survival,,25084,676,a,0.06640625,O2O identity,t_8_16,8–16 px,runs/20260903_boundary_full_grid_1024_postprocess_v2/tau_01250/survival_cif.csv,1a90951b52587823e82fe89c99a12c8512030f465a66915028285ed8a2773740,focal-GT directional trajectory,,,survival probability,
final_evidence_v3_bound_output,0.9665628065788384,0.9585127745109352,,o2o,0.9626455747728327,EV-BOUNDARY-GEOMETRY-V3,V3,300,km_survival,,25084,676,a,0.0673828125,O2O identity,t_8_16,8–16 px,runs/20260903_boundary_full_grid_1024_postprocess_v2/tau_01250/survival_cif.csv,1a90951b52587823e82fe89c99a12c8512030f465a66915028285ed8a2773740,focal-GT directional trajectory,,,survival probability,
final_evidence_v3_bound_output,0.9658898535813466,0.9577906346892832,,o2o,0.9619255101358336,EV-BOUNDARY-GEOMETRY-V3,V3,300,km_survival,,25084,676,a,0.068359375,O2O identity,t_8_16,8–16 px,runs/20260903_boundary_full_grid_1024_postprocess_v2/tau_01250/survival_cif.csv,1a90951b52587823e82fe89c99a12c8512030f465a66915028285ed8a2773740,focal-GT directional trajectory,,,survival probability,
final_evidence_v3_bound_output,0.9652002588175416,0.957035462303364,,o2o,0.9612456898950068,EV-BOUNDARY-GEOMETRY-V3,V3,300,km_survival,,25084,676,a,0.0693359375,O2O identity,t_8_16,8–16 px,runs/20260903_boundary_full_grid_1024_postprocess_v2/tau_01250/survival_cif.csv,1a90951b52587823e82fe89c99a12c8512030f465a66915028285ed8a2773740,focal-GT directional trajectory,,,survival probability,
final_evidence_v3_bound_output,0.964637322204782,0.9563932739954792,,o2o,0.9606052009357128,EV-BOUNDARY-GEOMETRY-V3,V3,300,km_survival,,25084,676,a,0.0703125,O2O identity,t_8_16,8–16 px,runs/20260903_boundary_full_grid_1024_postprocess_v2/tau_01250/survival_cif.csv,1a90951b52587823e82fe89c99a12c8512030f465a66915028285ed8a2773740,focal-GT directional trajectory,,,survival probability,
final_evidence_v3_bound_output,0.9639278692798572,0.9555035467955956,,o2o,0.9597653800687012,EV-BOUNDARY-GEOMETRY-V3,V3,300,km_survival,,25084,676,a,0.0712890625,O2O identity,t_8_16,8–16 px,runs/20260903_boundary_full_grid_1024_postprocess_v2/tau_01250/survival_cif.csv,1a90951b52587823e82fe89c99a12c8512030f465a66915028285ed8a2773740,focal-GT directional trajectory,,,survival probability,
final_evidence_v3_bound_output,0.9630302503943292,0.9545444756955612,,o2o,0.9588841717560498,EV-BOUNDARY-GEOMETRY-V3,V3,300,km_survival,,25084,676,a,0.072265625,O2O identity,t_8_16,8–16 px,runs/20260903_boundary_full_grid_1024_postprocess_v2/tau_01250/survival_cif.csv,1a90951b52587823e82fe89c99a12c8512030f465a66915028285ed8a2773740,focal-GT directional trajectory,,,survival probability,
final_evidence_v3_bound_output,0.9621407377482404,0.9536949630610588,,o2o,0.958004386228904,EV-BOUNDARY-GEOMETRY-V3,V3,300,km_survival,,25084,676,a,0.0732421875,O2O identity,t_8_16,8–16 px,runs/20260903_boundary_full_grid_1024_postprocess_v2/tau_01250/survival_cif.csv,1a90951b52587823e82fe89c99a12c8512030f465a66915028285ed8a2773740,focal-GT directional trajectory,,,survival probability,
final_evidence_v3_bound_output,0.9615710878456046,0.9529608004658436,,o2o,0.9573642768259945,EV-BOUNDARY-GEOMETRY-V3,V3,300,km_survival,,25084,676,a,0.07421875,O2O identity,t_8_16,8–16 px,runs/20260903_boundary_full_grid_1024_postprocess_v2/tau_01250/survival_cif.csv,1a90951b52587823e82fe89c99a12c8512030f465a66915028285ed8a2773740,focal-GT directional trajectory,,,survival probability,
final_evidence_v3_bound_output,0.960582906449022,0.9519576963254398,,o2o,0.95640334270086,EV-BOUNDARY-GEOMETRY-V3,V3,300,km_survival,,25084,676,a,0.0751953125,O2O identity,t_8_16,8–16 px,runs/20260903_boundary_full_grid_1024_postprocess_v2/tau_01250/survival_cif.csv,1a90951b52587823e82fe89c99a12c8512030f465a66915028285ed8a2773740,focal-GT directional trajectory,,,survival probability,
final_evidence_v3_bound_output,0.9599927817030632,0.951218984821086,,o2o,0.9557231086763164,EV-BOUNDARY-GEOMETRY-V3,V3,300,km_survival,,25084,676,a,0.076171875,O2O identity,t_8_16,8–16 px,runs/20260903_boundary_full_grid_1024_postprocess_v2/tau_01250/survival_cif.csv,1a90951b52587823e82fe89c99a12c8512030f465a66915028285ed8a2773740,focal-GT directional trajectory,,,survival probability,
final_evidence_v3_bound_output,0.959448620106192,0.9505633172055552,,o2o,0.9551630876831232,EV-BOUNDARY-GEOMETRY-V3,V3,300,km_survival,,25084,676,a,0.0771484375,O2O identity,t_8_16,8–16 px,runs/20260903_boundary_full_grid_1024_postprocess_v2/tau_01250/survival_cif.csv,1a90951b52587823e82fe89c99a12c8512030f465a66915028285ed8a2773740,focal-GT directional trajectory,,,survival probability,
final_evidence_v3_bound_output,0.9587656276732304,0.9497894126647716,,o2o,0.9544429050839792,EV-BOUNDARY-GEOMETRY-V3,V3,300,km_survival,,25084,676,a,0.078125,O2O identity,t_8_16,8–16 px,runs/20260903_boundary_full_grid_1024_postprocess_v2/tau_01250/survival_cif.csv,1a90951b52587823e82fe89c99a12c8512030f465a66915028285ed8a2773740,focal-GT directional trajectory,,,survival probability,
final_evidence_v3_bound_output,0.9563545506566786,0.9472006404130062,,o2o,0.9519205790765476,EV-BOUNDARY-GEOMETRY-V3,V3,300,km_survival,,25084,676,a,0.0791015625,O2O identity,t_8_16,8–16 px,runs/20260903_boundary_full_grid_1024_postprocess_v2/tau_01250/survival_cif.csv,1a90951b52587823e82fe89c99a12c8512030f465a66915028285ed8a2773740,focal-GT directional trajectory,,,survival probability,
final_evidence_v3_bound_output,0.9559742896659562,0.9467569891960688,,o2o,0.9515202716694674,EV-BOUNDARY-GEOMETRY-V3,V3,300,km_survival,,25084,676,a,0.080078125,O2O identity,t_8_16,8–16 px,runs/20260903_boundary_full_grid_1024_postprocess_v2/tau_01250/survival_cif.csv,1a90951b52587823e82fe89c99a12c8512030f465a66915028285ed8a2773740,focal-GT directional trajectory,,,survival probability,
final_evidence_v3_bound_output,0.955357434033058,0.945900381493723,,o2o,0.9507992986254706,EV-BOUNDARY-GEOMETRY-V3,V3,300,km_survival,,25084,676,a,0.0810546875,O2O identity,t_8_16,8–16 px,runs/20260903_boundary_full_grid_1024_postprocess_v2/tau_01250/survival_cif.csv,1a90951b52587823e82fe89c99a12c8512030f465a66915028285ed8a2773740,focal-GT directional trajectory,,,survival probability,
final_evidence_v3_bound_output,0.9545178289053734,0.9450848603823278,,o2o,0.94999913678587,EV-BOUNDARY-GEOMETRY-V3,V3,300,km_survival,,25084,676,a,0.08203125,O2O identity,t_8_16,8–16 px,runs/20260903_boundary_full_grid_1024_postprocess_v2/tau_01250/survival_cif.csv,1a90951b52587823e82fe89c99a12c8512030f465a66915028285ed8a2773740,focal-GT directional trajectory,,,survival probability,
final_evidence_v3_bound_output,0.9541398274275512,0.9445574000611284,,o2o,0.9495594614682676,EV-BOUNDARY-GEOMETRY-V3,V3,300,km_survival,,25084,676,a,0.0830078125,O2O identity,t_8_16,8–16 px,runs/20260903_boundary_full_grid_1024_postprocess_v2/tau_01250/survival_cif.csv,1a90951b52587823e82fe89c99a12c8512030f465a66915028285ed8a2773740,focal-GT directional trajectory,,,survival probability,
final_evidence_v3_bound_output,0.9521779860418188,0.9422079018458877,,o2o,0.9473577005664529,EV-BOUNDARY-GEOMETRY-V3,V3,300,km_survival,,25084,676,a,0.083984375,O2O identity,t_8_16,8–16 px,runs/20260903_boundary_full_grid_1024_postprocess_v2/tau_01250/survival_cif.csv,1a90951b52587823e82fe89c99a12c8512030f465a66915028285ed8a2773740,focal-GT directional trajectory,,,survival probability,
final_evidence_v3_bound_output,0.9503038705672006,0.9401971915017626,,o2o,0.9454352681410187,EV-BOUNDARY-GEOMETRY-V3,V3,300,km_survival,,25084,676,a,0.0849609375,O2O identity,t_8_16,8–16 px,runs/20260903_boundary_full_grid_1024_postprocess_v2/tau_01250/survival_cif.csv,1a90951b52587823e82fe89c99a12c8512030f465a66915028285ed8a2773740,focal-GT directional trajectory,,,survival probability,
final_evidence_v3_bound_output,0.9497209829973728,0.939587205334841,,o2o,0.9448346042424411,EV-BOUNDARY-GEOMETRY-V3,V3,300,km_survival,,25084,676,a,0.0859375,O2O identity,t_8_16,8–16 px,runs/20260903_boundary_full_grid_1024_postprocess_v2/tau_01250/survival_cif.csv,1a90951b52587823e82fe89c99a12c8512030f465a66915028285ed8a2773740,focal-GT directional trajectory,,,survival probability,
final_evidence_v3_bound_output,0.949286006644914,0.9390890494658422,,o2o,0.9443544625978942,EV-BOUNDARY-GEOMETRY-V3,V3,300,km_survival,,25084,676,a,0.0869140625,O2O identity,t_8_16,8–16 px,runs/20260903_boundary_full_grid_1024_postprocess_v2/tau_01250/survival_cif.csv,1a90951b52587823e82fe89c99a12c8512030f465a66915028285ed8a2773740,focal-GT directional trajectory,,,survival probability,
final_evidence_v3_bound_output,0.94851669850007,0.938336469393252,,o2o,0.9435943360653776,EV-BOUNDARY-GEOMETRY-V3,V3,300,km_survival,,25084,676,a,0.087890625,O2O identity,t_8_16,8–16 px,runs/20260903_boundary_full_grid_1024_postprocess_v2/tau_01250/survival_cif.csv,1a90951b52587823e82fe89c99a12c8512030f465a66915028285ed8a2773740,focal-GT directional trajectory,,,survival probability,
final_evidence_v3_bound_output,0.9464836599459506,0.9362017183569532,,o2o,0.9414727009001896,EV-BOUNDARY-GEOMETRY-V3,V3,300,km_survival,,25084,676,a,0.0888671875,O2O identity,t_8_16,8–16 px,runs/20260903_boundary_full_grid_1024_postprocess_v2/tau_01250/survival_cif.csv,1a90951b52587823e82fe89c99a12c8512030f465a66915028285ed8a2773740,focal-GT directional trajectory,,,survival probability,
final_evidence_v3_bound_output,0.946008899043296,0.9356438285809212,,o2o,0.9409523335862012,EV-BOUNDARY-GEOMETRY-V3,V3,300,km_survival,,25084,676,a,0.08984375,O2O identity,t_8_16,8–16 px,runs/20260903_boundary_full_grid_1024_postprocess_v2/tau_01250/survival_cif.csv,1a90951b52587823e82fe89c99a12c8512030f465a66915028285ed8a2773740,focal-GT directional trajectory,,,survival probability,
final_evidence_v3_bound_output,0.945513509346008,0.9350604322177024,,o2o,0.9404317227886632,EV-BOUNDARY-GEOMETRY-V3,V3,300,km_survival,,25084,676,a,0.0908203125,O2O identity,t_8_16,8–16 px,runs/20260903_boundary_full_grid_1024_postprocess_v2/tau_01250/survival_cif.csv,1a90951b52587823e82fe89c99a12c8512030f465a66915028285ed8a2773740,focal-GT directional trajectory,,,survival probability,
final_evidence_v3_bound_output,0.9435508473748632,0.9331915059561712,,o2o,0.938508878830524,EV-BOUNDARY-GEOMETRY-V3,V3,300,km_survival,,25084,676,a,0.091796875,O2O identity,t_8_16,8–16 px,runs/20260903_boundary_full_grid_1024_postprocess_v2/tau_01250/survival_cif.csv,1a90951b52587823e82fe89c99a12c8512030f465a66915028285ed8a2773740,focal-GT directional trajectory,,,survival probability,
final_evidence_v3_bound_output,0.9427905189842918,0.9323475039571032,,o2o,0.937668689085457,EV-BOUNDARY-GEOMETRY-V3,V3,300,km_survival,,25084,676,a,0.0927734375,O2O identity,t_8_16,8–16 px,runs/20260903_boundary_full_grid_1024_postprocess_v2/tau_01250/survival_cif.csv,1a90951b52587823e82fe89c99a12c8512030f465a66915028285ed8a2773740,focal-GT directional trajectory,,,survival probability,
final_evidence_v3_bound_output,0.942512703878561,0.9320931379399996,,o2o,0.9373881387456672,EV-BOUNDARY-GEOMETRY-V3,V3,300,km_survival,,25084,676,a,0.09375,O2O identity,t_8_16,8–16 px,runs/20260903_boundary_full_grid_1024_postprocess_v2/tau_01250/survival_cif.csv,1a90951b52587823e82fe89c99a12c8512030f465a66915028285ed8a2773740,focal-GT directional trajectory,,,survival probability,
final_evidence_v3_bound_output,0.938668686094308,0.9282489776728272,,o2o,0.9335794722173316,EV-BOUNDARY-GEOMETRY-V3,V3,300,km_survival,,25084,676,a,0.0947265625,O2O identity,t_8_16,8–16 px,runs/20260903_boundary_full_grid_1024_postprocess_v2/tau_01250/survival_cif.csv,1a90951b52587823e82fe89c99a12c8512030f465a66915028285ed8a2773740,focal-GT directional trajectory,,,survival probability,
final_evidence_v3_bound_output,0.9378409979403914,0.927216837268491,,o2o,0.9326592667711474,EV-BOUNDARY-GEOMETRY-V3,V3,300,km_survival,,25084,676,a,0.095703125,O2O identity,t_8_16,8–16 px,runs/20260903_boundary_full_grid_1024_postprocess_v2/tau_01250/survival_cif.csv,1a90951b52587823e82fe89c99a12c8512030f465a66915028285ed8a2773740,focal-GT directional trajectory,,,survival probability,
final_evidence_v3_bound_output,0.9370229659517004,0.9265260275106852,,o2o,0.9318970615352312,EV-BOUNDARY-GEOMETRY-V3,V3,300,km_survival,,25084,676,a,0.0966796875,O2O identity,t_8_16,8–16 px,runs/20260903_boundary_full_grid_1024_postprocess_v2/tau_01250/survival_cif.csv,1a90951b52587823e82fe89c99a12c8512030f465a66915028285ed8a2773740,focal-GT directional trajectory,,,survival probability,
final_evidence_v3_bound_output,0.9366626056002472,0.9261374707349396,,o2o,0.9315366324605632,EV-BOUNDARY-GEOMETRY-V3,V3,300,km_survival,,25084,676,a,0.09765625,O2O identity,t_8_16,8–16 px,runs/20260903_boundary_full_grid_1024_postprocess_v2/tau_01250/survival_cif.csv,1a90951b52587823e82fe89c99a12c8512030f465a66915028285ed8a2773740,focal-GT directional trajectory,,,survival probability,
final_evidence_v3_bound_output,0.935732670336646,0.9252524030296496,,o2o,0.9306148862306036,EV-BOUNDARY-GEOMETRY-V3,V3,300,km_survival,,25084,676,a,0.0986328125,O2O identity,t_8_16,8–16 px,runs/20260903_boundary_full_grid_1024_postprocess_v2/tau_01250/survival_cif.csv,1a90951b52587823e82fe89c99a12c8512030f465a66915028285ed8a2773740,focal-GT directional trajectory,,,survival probability,
final_evidence_v3_bound_output,0.935536456283636,0.9249879161673786,,o2o,0.9303743565411466,EV-BOUNDARY-GEOMETRY-V3,V3,300,km_survival,,25084,676,a,0.099609375,O2O identity,t_8_16,8–16 px,runs/20260903_boundary_full_grid_1024_postprocess_v2/tau_01250/survival_cif.csv,1a90951b52587823e82fe89c99a12c8512030f465a66915028285ed8a2773740,focal-GT directional trajectory,,,survival probability,
final_evidence_v3_bound_output,0.9337605809073428,0.9228239656794976,,o2o,0.9284512547803044,EV-BOUNDARY-GEOMETRY-V3,V3,300,km_survival,,25084,676,a,0.1005859375,O2O identity,t_8_16,8–16 px,runs/20260903_boundary_full_grid_1024_postprocess_v2/tau_01250/survival_cif.csv,1a90951b52587823e82fe89c99a12c8512030f465a66915028285ed8a2773740,focal-GT directional trajectory,,,survival probability,
final_evidence_v3_bound_output,0.9334920317290032,0.922430239523614,,o2o,0.9281306557240192,EV-BOUNDARY-GEOMETRY-V3,V3,300,km_survival,,25084,676,a,0.1015625,O2O identity,t_8_16,8–16 px,runs/20260903_boundary_full_grid_1024_postprocess_v2/tau_01250/survival_cif.csv,1a90951b52587823e82fe89c99a12c8512030f465a66915028285ed8a2773740,focal-GT directional trajectory,,,survival probability,
final_evidence_v3_bound_output,0.9334832216206458,0.9224148217152964,,o2o,0.9280907636032268,EV-BOUNDARY-GEOMETRY-V3,V3,300,km_survival,,25084,676,a,0.1020620726159657,O2O identity,t_8_16,8–16 px,runs/20260903_boundary_full_grid_1024_postprocess_v2/tau_01250/survival_cif.csv,1a90951b52587823e82fe89c99a12c8512030f465a66915028285ed8a2773740,focal-GT directional trajectory,,,survival probability,
final_evidence_v3_bound_output,0.9297996244109316,0.9183627284507622,,o2o,0.9241608440149496,EV-BOUNDARY-GEOMETRY-V3,V3,300,km_survival,,25084,676,a,0.1025390625,O2O identity,t_8_16,8–16 px,runs/20260903_boundary_full_grid_1024_postprocess_v2/tau_01250/survival_cif.csv,1a90951b52587823e82fe89c99a12c8512030f465a66915028285ed8a2773740,focal-GT directional trajectory,,,survival probability,
final_evidence_v3_bound_output,0.929310274640517,0.9177546385585792,,o2o,0.9236399857353093,EV-BOUNDARY-GEOMETRY-V3,V3,300,km_survival,,25084,676,a,0.103515625,O2O identity,t_8_16,8–16 px,runs/20260903_boundary_full_grid_1024_postprocess_v2/tau_01250/survival_cif.csv,1a90951b52587823e82fe89c99a12c8512030f465a66915028285ed8a2773740,focal-GT directional trajectory,,,survival probability,
final_evidence_v3_bound_output,0.9290556980637394,0.9173486238941264,,o2o,0.923319345080172,EV-BOUNDARY-GEOMETRY-V3,V3,300,km_survival,,25084,676,a,0.1044921875,O2O identity,t_8_16,8–16 px,runs/20260903_boundary_full_grid_1024_postprocess_v2/tau_01250/survival_cif.csv,1a90951b52587823e82fe89c99a12c8512030f465a66915028285ed8a2773740,focal-GT directional trajectory,,,survival probability,
final_evidence_v3_bound_output,0.9284660936688136,0.916106141190283,,o2o,0.9223598185324172,EV-BOUNDARY-GEOMETRY-V3,V3,300,km_survival,,25084,676,a,0.10546875,O2O identity,t_8_16,8–16 px,runs/20260903_boundary_full_grid_1024_postprocess_v2/tau_01250/survival_cif.csv,1a90951b52587823e82fe89c99a12c8512030f465a66915028285ed8a2773740,focal-GT directional trajectory,,,survival probability,
final_evidence_v3_bound_output,0.9281354126081334,0.9158027056928554,,o2o,0.922038920213053,EV-BOUNDARY-GEOMETRY-V3,V3,300,km_survival,,25084,676,a,0.1064453125,O2O identity,t_8_16,8–16 px,runs/20260903_boundary_full_grid_1024_postprocess_v2/tau_01250/survival_cif.csv,1a90951b52587823e82fe89c99a12c8512030f465a66915028285ed8a2773740,focal-GT directional trajectory,,,survival probability,
final_evidence_v3_bound_output,0.9270066817443658,0.9146358408079,,o2o,0.9208769738211708,EV-BOUNDARY-GEOMETRY-V3,V3,300,km_survival,,25084,676,a,0.107421875,O2O identity,t_8_16,8–16 px,runs/20260903_boundary_full_grid_1024_postprocess_v2/tau_01250/survival_cif.csv,1a90951b52587823e82fe89c99a12c8512030f465a66915028285ed8a2773740,focal-GT directional trajectory,,,survival probability,
final_evidence_v3_bound_output,0.9266541360231706,0.9142254017191928,,o2o,0.9205164201941464,EV-BOUNDARY-GEOMETRY-V3,V3,300,km_survival,,25084,676,a,0.1083984375,O2O identity,t_8_16,8–16 px,runs/20260903_boundary_full_grid_1024_postprocess_v2/tau_01250/survival_cif.csv,1a90951b52587823e82fe89c99a12c8512030f465a66915028285ed8a2773740,focal-GT directional trajectory,,,survival probability,
final_evidence_v3_bound_output,0.9262000703155676,0.9138126093624188,,o2o,0.92003559827953,EV-BOUNDARY-GEOMETRY-V3,V3,300,km_survival,,25084,676,a,0.109375,O2O identity,t_8_16,8–16 px,runs/20260903_boundary_full_grid_1024_postprocess_v2/tau_01250/survival_cif.csv,1a90951b52587823e82fe89c99a12c8512030f465a66915028285ed8a2773740,focal-GT directional trajectory,,,survival probability,
final_evidence_v3_bound_output,0.9258960298213816,0.9133789634347615,,o2o,0.9196749818435676,EV-BOUNDARY-GEOMETRY-V3,V3,300,km_survival,,25084,676,a,0.1103515625,O2O identity,t_8_16,8–16 px,runs/20260903_boundary_full_grid_1024_postprocess_v2/tau_01250/survival_cif.csv,1a90951b52587823e82fe89c99a12c8512030f465a66915028285ed8a2773740,focal-GT directional trajectory,,,survival probability,
final_evidence_v3_bound_output,0.925459034210104,0.912449404674156,,o2o,0.9190342644330044,EV-BOUNDARY-GEOMETRY-V3,V3,300,km_survival,,25084,676,a,0.111328125,O2O identity,t_8_16,8–16 px,runs/20260903_boundary_full_grid_1024_postprocess_v2/tau_01250/survival_cif.csv,1a90951b52587823e82fe89c99a12c8512030f465a66915028285ed8a2773740,focal-GT directional trajectory,,,survival probability,
final_evidence_v3_bound_output,0.9229499219345904,0.908967355146014,,o2o,0.9162279247829268,EV-BOUNDARY-GEOMETRY-V3,V3,300,km_survival,,25084,676,a,0.1123046875,O2O identity,t_8_16,8–16 px,runs/20260903_boundary_full_grid_1024_postprocess_v2/tau_01250/survival_cif.csv,1a90951b52587823e82fe89c99a12c8512030f465a66915028285ed8a2773740,focal-GT directional trajectory,,,survival probability,
final_evidence_v3_bound_output,0.9225232996465168,0.908593139574086,,o2o,0.9158270887782864,EV-BOUNDARY-GEOMETRY-V3,V3,300,km_survival,,25084,676,a,0.11328125,O2O identity,t_8_16,8–16 px,runs/20260903_boundary_full_grid_1024_postprocess_v2/tau_01250/survival_cif.csv,1a90951b52587823e82fe89c99a12c8512030f465a66915028285ed8a2773740,focal-GT directional trajectory,,,survival probability,
final_evidence_v3_bound_output,0.9223261897856908,0.9083282797543574,,o2o,0.9155863815740511,EV-BOUNDARY-GEOMETRY-V3,V3,300,km_survival,,25084,676,a,0.1142578125,O2O identity,t_8_16,8–16 px,runs/20260903_boundary_full_grid_1024_postprocess_v2/tau_01250/survival_cif.csv,1a90951b52587823e82fe89c99a12c8512030f465a66915028285ed8a2773740,focal-GT directional trajectory,,,survival probability,
final_evidence_v3_bound_output,0.922102290213367,0.908139947927536,,o2o,0.91538583287377,EV-BOUNDARY-GEOMETRY-V3,V3,300,km_survival,,25084,676,a,0.115234375,O2O identity,t_8_16,8–16 px,runs/20260903_boundary_full_grid_1024_postprocess_v2/tau_01250/survival_cif.csv,1a90951b52587823e82fe89c99a12c8512030f465a66915028285ed8a2773740,focal-GT directional trajectory,,,survival probability,
final_evidence_v3_bound_output,0.9217872970079488,0.9076671448878032,,o2o,0.9149857107511606,EV-BOUNDARY-GEOMETRY-V3,V3,300,km_survival,,25084,676,a,0.1162109375,O2O identity,t_8_16,8–16 px,runs/20260903_boundary_full_grid_1024_postprocess_v2/tau_01250/survival_cif.csv,1a90951b52587823e82fe89c99a12c8512030f465a66915028285ed8a2773740,focal-GT directional trajectory,,,survival probability,
final_evidence_v3_bound_output,0.92134115107126,0.90714331881071,,o2o,0.9144651131166897,EV-BOUNDARY-GEOMETRY-V3,V3,300,km_survival,,25084,676,a,0.1171875,O2O identity,t_8_16,8–16 px,runs/20260903_boundary_full_grid_1024_postprocess_v2/tau_01250/survival_cif.csv,1a90951b52587823e82fe89c99a12c8512030f465a66915028285ed8a2773740,focal-GT directional trajectory,,,survival probability,
final_evidence_v3_bound_output,0.920124023604457,0.9047570345992956,,o2o,0.9128235468248784,EV-BOUNDARY-GEOMETRY-V3,V3,300,km_survival,,25084,676,a,0.1181640625,O2O identity,t_8_16,8–16 px,runs/20260903_boundary_full_grid_1024_postprocess_v2/tau_01250/survival_cif.csv,1a90951b52587823e82fe89c99a12c8512030f465a66915028285ed8a2773740,focal-GT directional trajectory,,,survival probability,
final_evidence_v3_bound_output,0.9200227289761614,0.9046695815203032,,o2o,0.9127432086916384,EV-BOUNDARY-GEOMETRY-V3,V3,300,km_survival,,25084,676,a,0.119140625,O2O identity,t_8_16,8–16 px,runs/20260903_boundary_full_grid_1024_postprocess_v2/tau_01250/survival_cif.csv,1a90951b52587823e82fe89c99a12c8512030f465a66915028285ed8a2773740,focal-GT directional trajectory,,,survival probability,
final_evidence_v3_bound_output,0.9196507794070372,0.9038250898346932,,o2o,0.9121829628933732,EV-BOUNDARY-GEOMETRY-V3,V3,300,km_survival,,25084,676,a,0.1201171875,O2O identity,t_8_16,8–16 px,runs/20260903_boundary_full_grid_1024_postprocess_v2/tau_01250/survival_cif.csv,1a90951b52587823e82fe89c99a12c8512030f465a66915028285ed8a2773740,focal-GT directional trajectory,,,survival probability,
final_evidence_v3_bound_output,0.919250135326287,0.903353274397939,,o2o,0.9117412888490676,EV-BOUNDARY-GEOMETRY-V3,V3,300,km_survival,,25084,676,a,0.12109375,O2O identity,t_8_16,8–16 px,runs/20260903_boundary_full_grid_1024_postprocess_v2/tau_01250/survival_cif.csv,1a90951b52587823e82fe89c99a12c8512030f465a66915028285ed8a2773740,focal-GT directional trajectory,,,survival probability,
final_evidence_v3_bound_output,0.9188766439857092,0.9030440639488304,,o2o,0.9113799635247736,EV-BOUNDARY-GEOMETRY-V3,V3,300,km_survival,,25084,676,a,0.1220703125,O2O identity,t_8_16,8–16 px,runs/20260903_boundary_full_grid_1024_postprocess_v2/tau_01250/survival_cif.csv,1a90951b52587823e82fe89c99a12c8512030f465a66915028285ed8a2773740,focal-GT directional trajectory,,,survival probability,
final_evidence_v3_bound_output,0.9186222052287926,0.902480054982136,,o2o,0.9109787077562308,EV-BOUNDARY-GEOMETRY-V3,V3,300,km_survival,,25084,676,a,0.123046875,O2O identity,t_8_16,8–16 px,runs/20260903_boundary_full_grid_1024_postprocess_v2/tau_01250/survival_cif.csv,1a90951b52587823e82fe89c99a12c8512030f465a66915028285ed8a2773740,focal-GT directional trajectory,,,survival probability,
final_evidence_v3_bound_output,0.9180668066904026,0.9020355531591184,,o2o,0.9104971032676769,EV-BOUNDARY-GEOMETRY-V3,V3,300,km_survival,,25084,676,a,0.1240234375,O2O identity,t_8_16,8–16 px,runs/20260903_boundary_full_grid_1024_postprocess_v2/tau_01250/survival_cif.csv,1a90951b52587823e82fe89c99a12c8512030f465a66915028285ed8a2773740,focal-GT directional trajectory,,,survival probability,
final_evidence_v3_bound_output,0.9172619368261834,0.90085051316015,,o2o,0.9095351138693548,EV-BOUNDARY-GEOMETRY-V3,V3,300,km_survival,,25084,676,a,0.125,O2O identity,t_8_16,8–16 px,runs/20260903_boundary_full_grid_1024_postprocess_v2/tau_01250/survival_cif.csv,1a90951b52587823e82fe89c99a12c8512030f465a66915028285ed8a2773740,focal-GT directional trajectory,,,survival probability,
final_evidence_v3_bound_output,1.0,1.0,,o2m_assigned_positive,1.0,EV-BOUNDARY-GEOMETRY-V3,V3,300,km_survival,,25032,728,a,0.0,O2M assigned Top-1 state,t_8_16,8–16 px,runs/20260903_boundary_full_grid_1024_postprocess_v2/tau_01250/survival_cif.csv,1a90951b52587823e82fe89c99a12c8512030f465a66915028285ed8a2773740,focal-GT directional trajectory,,,survival probability,
final_evidence_v3_bound_output,0.9879001122677454,0.9838741225821064,,o2m_assigned_positive,0.985928991135473,EV-BOUNDARY-GEOMETRY-V3,V3,300,km_survival,,25032,728,a,0.0009765625,O2M assigned Top-1 state,t_8_16,8–16 px,runs/20260903_boundary_full_grid_1024_postprocess_v2/tau_01250/survival_cif.csv,1a90951b52587823e82fe89c99a12c8512030f465a66915028285ed8a2773740,focal-GT directional trajectory,,,survival probability,
final_evidence_v3_bound_output,0.9848559515666864,0.9803858549400246,,o2m_assigned_positive,0.98268335345323,EV-BOUNDARY-GEOMETRY-V3,V3,300,km_survival,,25032,728,a,0.001953125,O2M assigned Top-1 state,t_8_16,8–16 px,runs/20260903_boundary_full_grid_1024_postprocess_v2/tau_01250/survival_cif.csv,1a90951b52587823e82fe89c99a12c8512030f465a66915028285ed8a2773740,focal-GT directional trajectory,,,survival probability,
final_evidence_v3_bound_output,0.9822693833801532,0.9773467716153724,,o2m_assigned_positive,0.979837337857864,EV-BOUNDARY-GEOMETRY-V3,V3,300,km_survival,,25032,728,a,0.0029296875,O2M assigned Top-1 state,t_8_16,8–16 px,runs/20260903_boundary_full_grid_1024_postprocess_v2/tau_01250/survival_cif.csv,1a90951b52587823e82fe89c99a12c8512030f465a66915028285ed8a2773740,focal-GT directional trajectory,,,survival probability,
final_evidence_v3_bound_output,0.9790157485344664,0.9735151144619026,,o2m_assigned_positive,0.9763117454178692,EV-BOUNDARY-GEOMETRY-V3,V3,300,km_survival,,25032,728,a,0.00390625,O2M assigned Top-1 state,t_8_16,8–16 px,runs/20260903_boundary_full_grid_1024_postprocess_v2/tau_01250/survival_cif.csv,1a90951b52587823e82fe89c99a12c8512030f465a66915028285ed8a2773740,focal-GT directional trajectory,,,survival probability,
final_evidence_v3_bound_output,0.9758802457593452,0.9700090709550886,,o2m_assigned_positive,0.9730245129830666,EV-BOUNDARY-GEOMETRY-V3,V3,300,km_survival,,25032,728,a,0.0048828125,O2M assigned Top-1 state,t_8_16,8–16 px,runs/20260903_boundary_full_grid_1024_postprocess_v2/tau_01250/survival_cif.csv,1a90951b52587823e82fe89c99a12c8512030f465a66915028285ed8a2773740,focal-GT directional trajectory,,,survival probability,
final_evidence_v3_bound_output,0.97258605111978,0.9664511848982538,,o2m_assigned_positive,0.9695777241094308,EV-BOUNDARY-GEOMETRY-V3,V3,300,km_survival,,25032,728,a,0.005859375,O2M assigned Top-1 state,t_8_16,8–16 px,runs/20260903_boundary_full_grid_1024_postprocess_v2/tau_01250/survival_cif.csv,1a90951b52587823e82fe89c99a12c8512030f465a66915028285ed8a2773740,focal-GT directional trajectory,,,survival probability,
final_evidence_v3_bound_output,0.9702261374285408,0.9639292525344828,,o2m_assigned_positive,0.9670933907973486,EV-BOUNDARY-GEOMETRY-V3,V3,300,km_survival,,25032,728,a,0.0068359375,O2M assigned Top-1 state,t_8_16,8–16 px,runs/20260903_boundary_full_grid_1024_postprocess_v2/tau_01250/survival_cif.csv,1a90951b52587823e82fe89c99a12c8512030f465a66915028285ed8a2773740,focal-GT directional trajectory,,,survival probability,
final_evidence_v3_bound_output,0.966586700767025,0.9596029073168206,,o2m_assigned_positive,0.9631263378546532,EV-BOUNDARY-GEOMETRY-V3,V3,300,km_survival,,25032,728,a,0.0078125,O2M assigned Top-1 state,t_8_16,8–16 px,runs/20260903_boundary_full_grid_1024_postprocess_v2/tau_01250/survival_cif.csv,1a90951b52587823e82fe89c99a12c8512030f465a66915028285ed8a2773740,focal-GT directional trajectory,,,survival probability,
final_evidence_v3_bound_output,0.9636079884036002,0.95590313660295,,o2m_assigned_positive,0.9598009219529936,EV-BOUNDARY-GEOMETRY-V3,V3,300,km_survival,,25032,728,a,0.0087890625,O2M assigned Top-1 state,t_8_16,8–16 px,runs/20260903_boundary_full_grid_1024_postprocess_v2/tau_01250/survival_cif.csv,1a90951b52587823e82fe89c99a12c8512030f465a66915028285ed8a2773740,focal-GT directional trajectory,,,survival probability,
final_evidence_v3_bound_output,0.9602976046132552,0.9516033738927552,,o2m_assigned_positive,0.9560342892118976,EV-BOUNDARY-GEOMETRY-V3,V3,300,km_survival,,25032,728,a,0.009765625,O2M assigned Top-1 state,t_8_16,8–16 px,runs/20260903_boundary_full_grid_1024_postprocess_v2/tau_01250/survival_cif.csv,1a90951b52587823e82fe89c99a12c8512030f465a66915028285ed8a2773740,focal-GT directional trajectory,,,survival probability,
final_evidence_v3_bound_output,0.9579474337804444,0.9491277048545688,,o2m_assigned_positive,0.953627541149852,EV-BOUNDARY-GEOMETRY-V3,V3,300,km_survival,,25032,728,a,0.0107421875,O2M assigned Top-1 state,t_8_16,8–16 px,runs/20260903_boundary_full_grid_1024_postprocess_v2/tau_01250/survival_cif.csv,1a90951b52587823e82fe89c99a12c8512030f465a66915028285ed8a2773740,focal-GT directional trajectory,,,survival probability,
final_evidence_v3_bound_output,0.9545149703649446,0.9452106414836604,,o2m_assigned_positive,0.9499411739547016,EV-BOUNDARY-GEOMETRY-V3,V3,300,km_survival,,25032,728,a,0.01171875,O2M assigned Top-1 state,t_8_16,8–16 px,runs/20260903_boundary_full_grid_1024_postprocess_v2/tau_01250/survival_cif.csv,1a90951b52587823e82fe89c99a12c8512030f465a66915028285ed8a2773740,focal-GT directional trajectory,,,survival probability,
final_evidence_v3_bound_output,0.9518377293147292,0.9420117685999037,,o2m_assigned_positive,0.9470139181603318,EV-BOUNDARY-GEOMETRY-V3,V3,300,km_survival,,25032,728,a,0.0126953125,O2M assigned Top-1 state,t_8_16,8–16 px,runs/20260903_boundary_full_grid_1024_postprocess_v2/tau_01250/survival_cif.csv,1a90951b52587823e82fe89c99a12c8512030f465a66915028285ed8a2773740,focal-GT directional trajectory,,,survival probability,
final_evidence_v3_bound_output,0.9490664197258784,0.938881666529532,,o2m_assigned_positive,0.944048478899105,EV-BOUNDARY-GEOMETRY-V3,V3,300,km_survival,,25032,728,a,0.013671875,O2M assigned Top-1 state,t_8_16,8–16 px,runs/20260903_boundary_full_grid_1024_postprocess_v2/tau_01250/survival_cif.csv,1a90951b52587823e82fe89c99a12c8512030f465a66915028285ed8a2773740,focal-GT directional trajectory,,,survival probability,
final_evidence_v3_bound_output,0.9460660520858464,0.9353819802613782,,o2m_assigned_positive,0.9408006482474818,EV-BOUNDARY-GEOMETRY-V3,V3,300,km_survival,,25032,728,a,0.0146484375,O2M assigned Top-1 state,t_8_16,8–16 px,runs/20260903_boundary_full_grid_1024_postprocess_v2/tau_01250/survival_cif.csv,1a90951b52587823e82fe89c99a12c8512030f465a66915028285ed8a2773740,focal-GT directional trajectory,,,survival probability,
final_evidence_v3_bound_output,0.9426771692418374,0.9313211123373496,,o2m_assigned_positive,0.9371541701620398,EV-BOUNDARY-GEOMETRY-V3,V3,300,km_survival,,25032,728,a,0.015625,O2M assigned Top-1 state,t_8_16,8–16 px,runs/20260903_boundary_full_grid_1024_postprocess_v2/tau_01250/survival_cif.csv,1a90951b52587823e82fe89c99a12c8512030f465a66915028285ed8a2773740,focal-GT directional trajectory,,,survival probability,
final_evidence_v3_bound_output,0.9398618545688175,0.9279601038567996,,o2m_assigned_positive,0.9340294181252444,EV-BOUNDARY-GEOMETRY-V3,V3,300,km_survival,,25032,728,a,0.0166015625,O2M assigned Top-1 state,t_8_16,8–16 px,runs/20260903_boundary_full_grid_1024_postprocess_v2/tau_01250/survival_cif.csv,1a90951b52587823e82fe89c99a12c8512030f465a66915028285ed8a2773740,focal-GT directional trajectory,,,survival probability,
final_evidence_v3_bound_output,0.9366306579940352,0.9247940224714036,,o2m_assigned_positive,0.930863558662418,EV-BOUNDARY-GEOMETRY-V3,V3,300,km_survival,,25032,728,a,0.017578125,O2M assigned Top-1 state,t_8_16,8–16 px,runs/20260903_boundary_full_grid_1024_postprocess_v2/tau_01250/survival_cif.csv,1a90951b52587823e82fe89c99a12c8512030f465a66915028285ed8a2773740,focal-GT directional trajectory,,,survival probability,
final_evidence_v3_bound_output,0.9333445980984229,0.9208328989427824,,o2m_assigned_positive,0.9272175679035052,EV-BOUNDARY-GEOMETRY-V3,V3,300,km_survival,,25032,728,a,0.0185546875,O2M assigned Top-1 state,t_8_16,8–16 px,runs/20260903_boundary_full_grid_1024_postprocess_v2/tau_01250/survival_cif.csv,1a90951b52587823e82fe89c99a12c8512030f465a66915028285ed8a2773740,focal-GT directional trajectory,,,survival probability,
final_evidence_v3_bound_output,0.9306731246484036,0.9178567763048046,,o2m_assigned_positive,0.9243735016142548,EV-BOUNDARY-GEOMETRY-V3,V3,300,km_survival,,25032,728,a,0.01953125,O2M assigned Top-1 state,t_8_16,8–16 px,runs/20260903_boundary_full_grid_1024_postprocess_v2/tau_01250/survival_cif.csv,1a90951b52587823e82fe89c99a12c8512030f465a66915028285ed8a2773740,focal-GT directional trajectory,,,survival probability,
final_evidence_v3_bound_output,0.927912693676788,0.9148990685539916,,o2m_assigned_positive,0.9215279733454174,EV-BOUNDARY-GEOMETRY-V3,V3,300,km_survival,,25032,728,a,0.0205078125,O2M assigned Top-1 state,t_8_16,8–16 px,runs/20260903_boundary_full_grid_1024_postprocess_v2/tau_01250/survival_cif.csv,1a90951b52587823e82fe89c99a12c8512030f465a66915028285ed8a2773740,focal-GT directional trajectory,,,survival probability,
final_evidence_v3_bound_output,0.924712272922826,0.9111367411537692,,o2m_assigned_positive,0.9180802098187236,EV-BOUNDARY-GEOMETRY-V3,V3,300,km_survival,,25032,728,a,0.021484375,O2M assigned Top-1 state,t_8_16,8–16 px,runs/20260903_boundary_full_grid_1024_postprocess_v2/tau_01250/survival_cif.csv,1a90951b52587823e82fe89c99a12c8512030f465a66915028285ed8a2773740,focal-GT directional trajectory,,,survival probability,
final_evidence_v3_bound_output,0.9220407175616784,0.9081526127997284,,o2m_assigned_positive,0.9152351688764152,EV-BOUNDARY-GEOMETRY-V3,V3,300,km_survival,,25032,728,a,0.0224609375,O2M assigned Top-1 state,t_8_16,8–16 px,runs/20260903_boundary_full_grid_1024_postprocess_v2/tau_01250/survival_cif.csv,1a90951b52587823e82fe89c99a12c8512030f465a66915028285ed8a2773740,focal-GT directional trajectory,,,survival probability,
final_evidence_v3_bound_output,0.919760420981758,0.9055631097622427,,o2m_assigned_positive,0.9127895063577192,EV-BOUNDARY-GEOMETRY-V3,V3,300,km_survival,,25032,728,a,0.0234375,O2M assigned Top-1 state,t_8_16,8–16 px,runs/20260903_boundary_full_grid_1024_postprocess_v2/tau_01250/survival_cif.csv,1a90951b52587823e82fe89c99a12c8512030f465a66915028285ed8a2773740,focal-GT directional trajectory,,,survival probability,
final_evidence_v3_bound_output,0.9172761071139112,0.9025839132143506,,o2m_assigned_positive,0.9101032908644506,EV-BOUNDARY-GEOMETRY-V3,V3,300,km_survival,,25032,728,a,0.0244140625,O2M assigned Top-1 state,t_8_16,8–16 px,runs/20260903_boundary_full_grid_1024_postprocess_v2/tau_01250/survival_cif.csv,1a90951b52587823e82fe89c99a12c8512030f465a66915028285ed8a2773740,focal-GT directional trajectory,,,survival probability,
final_evidence_v3_bound_output,0.9146622046044388,0.8996656334600676,,o2m_assigned_positive,0.9072961897257348,EV-BOUNDARY-GEOMETRY-V3,V3,300,km_survival,,25032,728,a,0.025390625,O2M assigned Top-1 state,t_8_16,8–16 px,runs/20260903_boundary_full_grid_1024_postprocess_v2/tau_01250/survival_cif.csv,1a90951b52587823e82fe89c99a12c8512030f465a66915028285ed8a2773740,focal-GT directional trajectory,,,survival probability,
final_evidence_v3_bound_output,0.9120788437871444,0.8970008320770657,,o2m_assigned_positive,0.9047303725513848,EV-BOUNDARY-GEOMETRY-V3,V3,300,km_survival,,25032,728,a,0.0263671875,O2M assigned Top-1 state,t_8_16,8–16 px,runs/20260903_boundary_full_grid_1024_postprocess_v2/tau_01250/survival_cif.csv,1a90951b52587823e82fe89c99a12c8512030f465a66915028285ed8a2773740,focal-GT directional trajectory,,,survival probability,
final_evidence_v3_bound_output,0.909654671444007,0.8942324494368386,,o2m_assigned_positive,0.9021655300300926,EV-BOUNDARY-GEOMETRY-V3,V3,300,km_survival,,25032,728,a,0.02734375,O2M assigned Top-1 state,t_8_16,8–16 px,runs/20260903_boundary_full_grid_1024_postprocess_v2/tau_01250/survival_cif.csv,1a90951b52587823e82fe89c99a12c8512030f465a66915028285ed8a2773740,focal-GT directional trajectory,,,survival probability,
final_evidence_v3_bound_output,0.9070383125417444,0.8913544863159301,,o2m_assigned_positive,0.8994391817638513,EV-BOUNDARY-GEOMETRY-V3,V3,300,km_survival,,25032,728,a,0.0283203125,O2M assigned Top-1 state,t_8_16,8–16 px,runs/20260903_boundary_full_grid_1024_postprocess_v2/tau_01250/survival_cif.csv,1a90951b52587823e82fe89c99a12c8512030f465a66915028285ed8a2773740,focal-GT directional trajectory,,,survival probability,
final_evidence_v3_bound_output,0.9044054400642504,0.888517321573249,,o2m_assigned_positive,0.8967138081506679,EV-BOUNDARY-GEOMETRY-V3,V3,300,km_survival,,25032,728,a,0.029296875,O2M assigned Top-1 state,t_8_16,8–16 px,runs/20260903_boundary_full_grid_1024_postprocess_v2/tau_01250/survival_cif.csv,1a90951b52587823e82fe89c99a12c8512030f465a66915028285ed8a2773740,focal-GT directional trajectory,,,survival probability,
final_evidence_v3_bound_output,0.9019927388499696,0.885593557763859,,o2m_assigned_positive,0.8940674817671077,EV-BOUNDARY-GEOMETRY-V3,V3,300,km_survival,,25032,728,a,0.0302734375,O2M assigned Top-1 state,t_8_16,8–16 px,runs/20260903_boundary_full_grid_1024_postprocess_v2/tau_01250/survival_cif.csv,1a90951b52587823e82fe89c99a12c8512030f465a66915028285ed8a2773740,focal-GT directional trajectory,,,survival probability,
final_evidence_v3_bound_output,0.9001559523789353,0.8833820268427183,,o2m_assigned_positive,0.8920231469781396,EV-BOUNDARY-GEOMETRY-V3,V3,300,km_survival,,25032,728,a,0.03125,O2M assigned Top-1 state,t_8_16,8–16 px,runs/20260903_boundary_full_grid_1024_postprocess_v2/tau_01250/survival_cif.csv,1a90951b52587823e82fe89c99a12c8512030f465a66915028285ed8a2773740,focal-GT directional trajectory,,,survival probability,
final_evidence_v3_bound_output,0.8982050682125383,0.8811864832853312,,o2m_assigned_positive,0.8900199196152022,EV-BOUNDARY-GEOMETRY-V3,V3,300,km_survival,,25032,728,a,0.0322265625,O2M assigned Top-1 state,t_8_16,8–16 px,runs/20260903_boundary_full_grid_1024_postprocess_v2/tau_01250/survival_cif.csv,1a90951b52587823e82fe89c99a12c8512030f465a66915028285ed8a2773740,focal-GT directional trajectory,,,survival probability,
final_evidence_v3_bound_output,0.8952988426553871,0.8778990031564605,,o2m_assigned_positive,0.8869744584712943,EV-BOUNDARY-GEOMETRY-V3,V3,300,km_survival,,25032,728,a,0.033203125,O2M assigned Top-1 state,t_8_16,8–16 px,runs/20260903_boundary_full_grid_1024_postprocess_v2/tau_01250/survival_cif.csv,1a90951b52587823e82fe89c99a12c8512030f465a66915028285ed8a2773740,focal-GT directional trajectory,,,survival probability,
final_evidence_v3_bound_output,0.8932206809833643,0.8755897201609518,,o2m_assigned_positive,0.8846907890240763,EV-BOUNDARY-GEOMETRY-V3,V3,300,km_survival,,25032,728,a,0.0341796875,O2M assigned Top-1 state,t_8_16,8–16 px,runs/20260903_boundary_full_grid_1024_postprocess_v2/tau_01250/survival_cif.csv,1a90951b52587823e82fe89c99a12c8512030f465a66915028285ed8a2773740,focal-GT directional trajectory,,,survival probability,
final_evidence_v3_bound_output,0.890114373899358,0.8722260067711414,,o2m_assigned_positive,0.8814047749055961,EV-BOUNDARY-GEOMETRY-V3,V3,300,km_survival,,25032,728,a,0.03515625,O2M assigned Top-1 state,t_8_16,8–16 px,runs/20260903_boundary_full_grid_1024_postprocess_v2/tau_01250/survival_cif.csv,1a90951b52587823e82fe89c99a12c8512030f465a66915028285ed8a2773740,focal-GT directional trajectory,,,survival probability,
final_evidence_v3_bound_output,0.8872945913575844,0.8691054871174201,,o2m_assigned_positive,0.8784393356443694,EV-BOUNDARY-GEOMETRY-V3,V3,300,km_survival,,25032,728,a,0.0361328125,O2M assigned Top-1 state,t_8_16,8–16 px,runs/20260903_boundary_full_grid_1024_postprocess_v2/tau_01250/survival_cif.csv,1a90951b52587823e82fe89c99a12c8512030f465a66915028285ed8a2773740,focal-GT directional trajectory,,,survival probability,
final_evidence_v3_bound_output,0.8847761537360113,0.8663195850364251,,o2m_assigned_positive,0.8757538511408943,EV-BOUNDARY-GEOMETRY-V3,V3,300,km_survival,,25032,728,a,0.037109375,O2M assigned Top-1 state,t_8_16,8–16 px,runs/20260903_boundary_full_grid_1024_postprocess_v2/tau_01250/survival_cif.csv,1a90951b52587823e82fe89c99a12c8512030f465a66915028285ed8a2773740,focal-GT directional trajectory,,,survival probability,
final_evidence_v3_bound_output,0.8821194151618751,0.8632314588184552,,o2m_assigned_positive,0.8728686774256132,EV-BOUNDARY-GEOMETRY-V3,V3,300,km_survival,,25032,728,a,0.0380859375,O2M assigned Top-1 state,t_8_16,8–16 px,runs/20260903_boundary_full_grid_1024_postprocess_v2/tau_01250/survival_cif.csv,1a90951b52587823e82fe89c99a12c8512030f465a66915028285ed8a2773740,focal-GT directional trajectory,,,survival probability,
final_evidence_v3_bound_output,0.8796799853013878,0.8605333103123824,,o2m_assigned_positive,0.870385318766589,EV-BOUNDARY-GEOMETRY-V3,V3,300,km_survival,,25032,728,a,0.0390625,O2M assigned Top-1 state,t_8_16,8–16 px,runs/20260903_boundary_full_grid_1024_postprocess_v2/tau_01250/survival_cif.csv,1a90951b52587823e82fe89c99a12c8512030f465a66915028285ed8a2773740,focal-GT directional trajectory,,,survival probability,
final_evidence_v3_bound_output,0.8771915260228874,0.8576470398056896,,o2m_assigned_positive,0.8676198123804328,EV-BOUNDARY-GEOMETRY-V3,V3,300,km_survival,,25032,728,a,0.0400390625,O2M assigned Top-1 state,t_8_16,8–16 px,runs/20260903_boundary_full_grid_1024_postprocess_v2/tau_01250/survival_cif.csv,1a90951b52587823e82fe89c99a12c8512030f465a66915028285ed8a2773740,focal-GT directional trajectory,,,survival probability,
final_evidence_v3_bound_output,0.8745139270392944,0.8544307043032314,,o2m_assigned_positive,0.8647343950018873,EV-BOUNDARY-GEOMETRY-V3,V3,300,km_survival,,25032,728,a,0.041015625,O2M assigned Top-1 state,t_8_16,8–16 px,runs/20260903_boundary_full_grid_1024_postprocess_v2/tau_01250/survival_cif.csv,1a90951b52587823e82fe89c99a12c8512030f465a66915028285ed8a2773740,focal-GT directional trajectory,,,survival probability,
final_evidence_v3_bound_output,0.872200061212451,0.8513117128126997,,o2m_assigned_positive,0.8619285121794938,EV-BOUNDARY-GEOMETRY-V3,V3,300,km_survival,,25032,728,a,0.0419921875,O2M assigned Top-1 state,t_8_16,8–16 px,runs/20260903_boundary_full_grid_1024_postprocess_v2/tau_01250/survival_cif.csv,1a90951b52587823e82fe89c99a12c8512030f465a66915028285ed8a2773740,focal-GT directional trajectory,,,survival probability,
final_evidence_v3_bound_output,0.8699993169769518,0.8488918075061509,,o2m_assigned_positive,0.8596438680792179,EV-BOUNDARY-GEOMETRY-V3,V3,300,km_survival,,25032,728,a,0.04296875,O2M assigned Top-1 state,t_8_16,8–16 px,runs/20260903_boundary_full_grid_1024_postprocess_v2/tau_01250/survival_cif.csv,1a90951b52587823e82fe89c99a12c8512030f465a66915028285ed8a2773740,focal-GT directional trajectory,,,survival probability,
final_evidence_v3_bound_output,0.8675699164233489,0.84615719403348,,o2m_assigned_positive,0.8570405984278042,EV-BOUNDARY-GEOMETRY-V3,V3,300,km_survival,,25032,728,a,0.0439453125,O2M assigned Top-1 state,t_8_16,8–16 px,runs/20260903_boundary_full_grid_1024_postprocess_v2/tau_01250/survival_cif.csv,1a90951b52587823e82fe89c99a12c8512030f465a66915028285ed8a2773740,focal-GT directional trajectory,,,survival probability,
final_evidence_v3_bound_output,0.8656730940677775,0.8439598666974161,,o2m_assigned_positive,0.8549962636388361,EV-BOUNDARY-GEOMETRY-V3,V3,300,km_survival,,25032,728,a,0.044921875,O2M assigned Top-1 state,t_8_16,8–16 px,runs/20260903_boundary_full_grid_1024_postprocess_v2/tau_01250/survival_cif.csv,1a90951b52587823e82fe89c99a12c8512030f465a66915028285ed8a2773740,focal-GT directional trajectory,,,survival probability,
final_evidence_v3_bound_output,0.8633162433476683,0.8413364090224408,,o2m_assigned_positive,0.8525518194364623,EV-BOUNDARY-GEOMETRY-V3,V3,300,km_survival,,25032,728,a,0.0458984375,O2M assigned Top-1 state,t_8_16,8–16 px,runs/20260903_boundary_full_grid_1024_postprocess_v2/tau_01250/survival_cif.csv,1a90951b52587823e82fe89c99a12c8512030f465a66915028285ed8a2773740,focal-GT directional trajectory,,,survival probability,
final_evidence_v3_bound_output,0.860515642092998,0.8386244791694187,,o2m_assigned_positive,0.8498663349329872,EV-BOUNDARY-GEOMETRY-V3,V3,300,km_survival,,25032,728,a,0.046875,O2M assigned Top-1 state,t_8_16,8–16 px,runs/20260903_boundary_full_grid_1024_postprocess_v2/tau_01250/survival_cif.csv,1a90951b52587823e82fe89c99a12c8512030f465a66915028285ed8a2773740,focal-GT directional trajectory,,,survival probability,
final_evidence_v3_bound_output,0.8583221078074547,0.8359956967420732,,o2m_assigned_positive,0.8475014252867656,EV-BOUNDARY-GEOMETRY-V3,V3,300,km_survival,,25032,728,a,0.0478515625,O2M assigned Top-1 state,t_8_16,8–16 px,runs/20260903_boundary_full_grid_1024_postprocess_v2/tau_01250/survival_cif.csv,1a90951b52587823e82fe89c99a12c8512030f465a66915028285ed8a2773740,focal-GT directional trajectory,,,survival probability,
final_evidence_v3_bound_output,0.8565505292518412,0.834225179379581,,o2m_assigned_positive,0.8456577543626614,EV-BOUNDARY-GEOMETRY-V3,V3,300,km_survival,,25032,728,a,0.048828125,O2M assigned Top-1 state,t_8_16,8–16 px,runs/20260903_boundary_full_grid_1024_postprocess_v2/tau_01250/survival_cif.csv,1a90951b52587823e82fe89c99a12c8512030f465a66915028285ed8a2773740,focal-GT directional trajectory,,,survival probability,
final_evidence_v3_bound_output,0.8539896804373275,0.8316365204445856,,o2m_assigned_positive,0.8430513170888095,EV-BOUNDARY-GEOMETRY-V3,V3,300,km_survival,,25032,728,a,0.0498046875,O2M assigned Top-1 state,t_8_16,8–16 px,runs/20260903_boundary_full_grid_1024_postprocess_v2/tau_01250/survival_cif.csv,1a90951b52587823e82fe89c99a12c8512030f465a66915028285ed8a2773740,focal-GT directional trajectory,,,survival probability,
final_evidence_v3_bound_output,0.8515526194330651,0.8290207774592805,,o2m_assigned_positive,0.840566740113463,EV-BOUNDARY-GEOMETRY-V3,V3,300,km_survival,,25032,728,a,0.05078125,O2M assigned Top-1 state,t_8_16,8–16 px,runs/20260903_boundary_full_grid_1024_postprocess_v2/tau_01250/survival_cif.csv,1a90951b52587823e82fe89c99a12c8512030f465a66915028285ed8a2773740,focal-GT directional trajectory,,,survival probability,
final_evidence_v3_bound_output,0.8495288331952678,0.8270096547953899,,o2m_assigned_positive,0.8385226489877593,EV-BOUNDARY-GEOMETRY-V3,V3,300,km_survival,,25032,728,a,0.0517578125,O2M assigned Top-1 state,t_8_16,8–16 px,runs/20260903_boundary_full_grid_1024_postprocess_v2/tau_01250/survival_cif.csv,1a90951b52587823e82fe89c99a12c8512030f465a66915028285ed8a2773740,focal-GT directional trajectory,,,survival probability,
final_evidence_v3_bound_output,0.8472246604115845,0.8242186508678698,,o2m_assigned_positive,0.835916455377172,EV-BOUNDARY-GEOMETRY-V3,V3,300,km_survival,,25032,728,a,0.052734375,O2M assigned Top-1 state,t_8_16,8–16 px,runs/20260903_boundary_full_grid_1024_postprocess_v2/tau_01250/survival_cif.csv,1a90951b52587823e82fe89c99a12c8512030f465a66915028285ed8a2773740,focal-GT directional trajectory,,,survival probability,
final_evidence_v3_bound_output,0.8446597020121465,0.8213453865124929,,o2m_assigned_positive,0.8332314582002259,EV-BOUNDARY-GEOMETRY-V3,V3,300,km_survival,,25032,728,a,0.0537109375,O2M assigned Top-1 state,t_8_16,8–16 px,runs/20260903_boundary_full_grid_1024_postprocess_v2/tau_01250/survival_cif.csv,1a90951b52587823e82fe89c99a12c8512030f465a66915028285ed8a2773740,focal-GT directional trajectory,,,survival probability,
final_evidence_v3_bound_output,0.8419318030580676,0.8182860915120892,,o2m_assigned_positive,0.8303859299313886,EV-BOUNDARY-GEOMETRY-V3,V3,300,km_survival,,25032,728,a,0.0546875,O2M assigned Top-1 state,t_8_16,8–16 px,runs/20260903_boundary_full_grid_1024_postprocess_v2/tau_01250/survival_cif.csv,1a90951b52587823e82fe89c99a12c8512030f465a66915028285ed8a2773740,focal-GT directional trajectory,,,survival probability,
final_evidence_v3_bound_output,0.83989362936663,0.8161487934685783,,o2m_assigned_positive,0.8282202221704441,EV-BOUNDARY-GEOMETRY-V3,V3,300,km_survival,,25032,728,a,0.0556640625,O2M assigned Top-1 state,t_8_16,8–16 px,runs/20260903_boundary_full_grid_1024_postprocess_v2/tau_01250/survival_cif.csv,1a90951b52587823e82fe89c99a12c8512030f465a66915028285ed8a2773740,focal-GT directional trajectory,,,survival probability,
final_evidence_v3_bound_output,0.8376333979982696,0.8137096799943245,,o2m_assigned_positive,0.8258952016339308,EV-BOUNDARY-GEOMETRY-V3,V3,300,km_survival,,25032,728,a,0.056640625,O2M assigned Top-1 state,t_8_16,8–16 px,runs/20260903_boundary_full_grid_1024_postprocess_v2/tau_01250/survival_cif.csv,1a90951b52587823e82fe89c99a12c8512030f465a66915028285ed8a2773740,focal-GT directional trajectory,,,survival probability,
final_evidence_v3_bound_output,0.8350847795317022,0.8107908289845261,,o2m_assigned_positive,0.8232104481202491,EV-BOUNDARY-GEOMETRY-V3,V3,300,km_survival,,25032,728,a,0.0576171875,O2M assigned Top-1 state,t_8_16,8–16 px,runs/20260903_boundary_full_grid_1024_postprocess_v2/tau_01250/survival_cif.csv,1a90951b52587823e82fe89c99a12c8512030f465a66915028285ed8a2773740,focal-GT directional trajectory,,,survival probability,
final_evidence_v3_bound_output,0.832744153751629,0.8081074191687294,,o2m_assigned_positive,0.8206062038157775,EV-BOUNDARY-GEOMETRY-V3,V3,300,km_survival,,25032,728,a,0.05859375,O2M assigned Top-1 state,t_8_16,8–16 px,runs/20260903_boundary_full_grid_1024_postprocess_v2/tau_01250/survival_cif.csv,1a90951b52587823e82fe89c99a12c8512030f465a66915028285ed8a2773740,focal-GT directional trajectory,,,survival probability,
final_evidence_v3_bound_output,0.8306581831934163,0.8056607426831907,,o2m_assigned_positive,0.8183607178354164,EV-BOUNDARY-GEOMETRY-V3,V3,300,km_survival,,25032,728,a,0.0595703125,O2M assigned Top-1 state,t_8_16,8–16 px,runs/20260903_boundary_full_grid_1024_postprocess_v2/tau_01250/survival_cif.csv,1a90951b52587823e82fe89c99a12c8512030f465a66915028285ed8a2773740,focal-GT directional trajectory,,,survival probability,
final_evidence_v3_bound_output,0.8286173127848552,0.8032618731856768,,o2m_assigned_positive,0.8160763173984049,EV-BOUNDARY-GEOMETRY-V3,V3,300,km_survival,,25032,728,a,0.060546875,O2M assigned Top-1 state,t_8_16,8–16 px,runs/20260903_boundary_full_grid_1024_postprocess_v2/tau_01250/survival_cif.csv,1a90951b52587823e82fe89c99a12c8512030f465a66915028285ed8a2773740,focal-GT directional trajectory,,,survival probability,
final_evidence_v3_bound_output,0.8263686992003146,0.8009302499627314,,o2m_assigned_positive,0.8138322933976306,EV-BOUNDARY-GEOMETRY-V3,V3,300,km_survival,,25032,728,a,0.0615234375,O2M assigned Top-1 state,t_8_16,8–16 px,runs/20260903_boundary_full_grid_1024_postprocess_v2/tau_01250/survival_cif.csv,1a90951b52587823e82fe89c99a12c8512030f465a66915028285ed8a2773740,focal-GT directional trajectory,,,survival probability,
final_evidence_v3_bound_output,0.8245254769667302,0.7985872772801308,,o2m_assigned_positive,0.8117475821724252,EV-BOUNDARY-GEOMETRY-V3,V3,300,km_survival,,25032,728,a,0.0625,O2M assigned Top-1 state,t_8_16,8–16 px,runs/20260903_boundary_full_grid_1024_postprocess_v2/tau_01250/survival_cif.csv,1a90951b52587823e82fe89c99a12c8512030f465a66915028285ed8a2773740,focal-GT directional trajectory,,,survival probability,
final_evidence_v3_bound_output,0.8225862509065297,0.796519888563146,,o2m_assigned_positive,0.8097437684144745,EV-BOUNDARY-GEOMETRY-V3,V3,300,km_survival,,25032,728,a,0.0634765625,O2M assigned Top-1 state,t_8_16,8–16 px,runs/20260903_boundary_full_grid_1024_postprocess_v2/tau_01250/survival_cif.csv,1a90951b52587823e82fe89c99a12c8512030f465a66915028285ed8a2773740,focal-GT directional trajectory,,,survival probability,
final_evidence_v3_bound_output,0.820070349396271,0.7937426912830485,,o2m_assigned_positive,0.807098042216094,EV-BOUNDARY-GEOMETRY-V3,V3,300,km_survival,,25032,728,a,0.064453125,O2M assigned Top-1 state,t_8_16,8–16 px,runs/20260903_boundary_full_grid_1024_postprocess_v2/tau_01250/survival_cif.csv,1a90951b52587823e82fe89c99a12c8512030f465a66915028285ed8a2773740,focal-GT directional trajectory,,,survival probability,
final_evidence_v3_bound_output,0.8175510065124454,0.7908630639710761,,o2m_assigned_positive,0.8043311807200768,EV-BOUNDARY-GEOMETRY-V3,V3,300,km_survival,,25032,728,a,0.0654296875,O2M assigned Top-1 state,t_8_16,8–16 px,runs/20260903_boundary_full_grid_1024_postprocess_v2/tau_01250/survival_cif.csv,1a90951b52587823e82fe89c99a12c8512030f465a66915028285ed8a2773740,focal-GT directional trajectory,,,survival probability,
final_evidence_v3_bound_output,0.8151517895240462,0.7883269950741635,,o2m_assigned_positive,0.8018446511004761,EV-BOUNDARY-GEOMETRY-V3,V3,300,km_survival,,25032,728,a,0.06640625,O2M assigned Top-1 state,t_8_16,8–16 px,runs/20260903_boundary_full_grid_1024_postprocess_v2/tau_01250/survival_cif.csv,1a90951b52587823e82fe89c99a12c8512030f465a66915028285ed8a2773740,focal-GT directional trajectory,,,survival probability,
final_evidence_v3_bound_output,0.8129823741417943,0.7858160171244474,,o2m_assigned_positive,0.7995193995832489,EV-BOUNDARY-GEOMETRY-V3,V3,300,km_survival,,25032,728,a,0.0673828125,O2M assigned Top-1 state,t_8_16,8–16 px,runs/20260903_boundary_full_grid_1024_postprocess_v2/tau_01250/survival_cif.csv,1a90951b52587823e82fe89c99a12c8512030f465a66915028285ed8a2773740,focal-GT directional trajectory,,,survival probability,
final_evidence_v3_bound_output,0.8102745918199716,0.7825112506513997,,o2m_assigned_positive,0.7965525420290606,EV-BOUNDARY-GEOMETRY-V3,V3,300,km_survival,,25032,728,a,0.068359375,O2M assigned Top-1 state,t_8_16,8–16 px,runs/20260903_boundary_full_grid_1024_postprocess_v2/tau_01250/survival_cif.csv,1a90951b52587823e82fe89c99a12c8512030f465a66915028285ed8a2773740,focal-GT directional trajectory,,,survival probability,
final_evidence_v3_bound_output,0.8085688847372287,0.7804868494254262,,o2m_assigned_positive,0.7946685110022091,EV-BOUNDARY-GEOMETRY-V3,V3,300,km_survival,,25032,728,a,0.0693359375,O2M assigned Top-1 state,t_8_16,8–16 px,runs/20260903_boundary_full_grid_1024_postprocess_v2/tau_01250/survival_cif.csv,1a90951b52587823e82fe89c99a12c8512030f465a66915028285ed8a2773740,focal-GT directional trajectory,,,survival probability,
final_evidence_v3_bound_output,0.8060588270045407,0.7776463362275706,,o2m_assigned_positive,0.7919414809997705,EV-BOUNDARY-GEOMETRY-V3,V3,300,km_survival,,25032,728,a,0.0703125,O2M assigned Top-1 state,t_8_16,8–16 px,runs/20260903_boundary_full_grid_1024_postprocess_v2/tau_01250/survival_cif.csv,1a90951b52587823e82fe89c99a12c8512030f465a66915028285ed8a2773740,focal-GT directional trajectory,,,survival probability,
final_evidence_v3_bound_output,0.8037920308760832,0.77510229330563,,o2m_assigned_positive,0.7894944757590864,EV-BOUNDARY-GEOMETRY-V3,V3,300,km_survival,,25032,728,a,0.0712890625,O2M assigned Top-1 state,t_8_16,8–16 px,runs/20260903_boundary_full_grid_1024_postprocess_v2/tau_01250/survival_cif.csv,1a90951b52587823e82fe89c99a12c8512030f465a66915028285ed8a2773740,focal-GT directional trajectory,,,survival probability,
final_evidence_v3_bound_output,0.8009306239457766,0.772133728241943,,o2m_assigned_positive,0.7865654589592121,EV-BOUNDARY-GEOMETRY-V3,V3,300,km_survival,,25032,728,a,0.072265625,O2M assigned Top-1 state,t_8_16,8–16 px,runs/20260903_boundary_full_grid_1024_postprocess_v2/tau_01250/survival_cif.csv,1a90951b52587823e82fe89c99a12c8512030f465a66915028285ed8a2773740,focal-GT directional trajectory,,,survival probability,
final_evidence_v3_bound_output,0.7989949603029933,0.7698542605315146,,o2m_assigned_positive,0.7844802581172068,EV-BOUNDARY-GEOMETRY-V3,V3,300,km_survival,,25032,728,a,0.0732421875,O2M assigned Top-1 state,t_8_16,8–16 px,runs/20260903_boundary_full_grid_1024_postprocess_v2/tau_01250/survival_cif.csv,1a90951b52587823e82fe89c99a12c8512030f465a66915028285ed8a2773740,focal-GT directional trajectory,,,survival probability,
final_evidence_v3_bound_output,0.7967899831871352,0.7673045795498217,,o2m_assigned_positive,0.7821135415402641,EV-BOUNDARY-GEOMETRY-V3,V3,300,km_survival,,25032,728,a,0.07421875,O2M assigned Top-1 state,t_8_16,8–16 px,runs/20260903_boundary_full_grid_1024_postprocess_v2/tau_01250/survival_cif.csv,1a90951b52587823e82fe89c99a12c8512030f465a66915028285ed8a2773740,focal-GT directional trajectory,,,survival probability,
final_evidence_v3_bound_output,0.7942771153548045,0.7648086692949762,,o2m_assigned_positive,0.7796273592862563,EV-BOUNDARY-GEOMETRY-V3,V3,300,km_survival,,25032,728,a,0.0751953125,O2M assigned Top-1 state,t_8_16,8–16 px,runs/20260903_boundary_full_grid_1024_postprocess_v2/tau_01250/survival_cif.csv,1a90951b52587823e82fe89c99a12c8512030f465a66915028285ed8a2773740,focal-GT directional trajectory,,,survival probability,
final_evidence_v3_bound_output,0.7924096334507075,0.7627529100193141,,o2m_assigned_positive,0.7776623553682592,EV-BOUNDARY-GEOMETRY-V3,V3,300,km_survival,,25032,728,a,0.076171875,O2M assigned Top-1 state,t_8_16,8–16 px,runs/20260903_boundary_full_grid_1024_postprocess_v2/tau_01250/survival_cif.csv,1a90951b52587823e82fe89c99a12c8512030f465a66915028285ed8a2773740,focal-GT directional trajectory,,,survival probability,
final_evidence_v3_bound_output,0.7905579931730662,0.7604787380026753,,o2m_assigned_positive,0.7756180326641934,EV-BOUNDARY-GEOMETRY-V3,V3,300,km_survival,,25032,728,a,0.0771484375,O2M assigned Top-1 state,t_8_16,8–16 px,runs/20260903_boundary_full_grid_1024_postprocess_v2/tau_01250/survival_cif.csv,1a90951b52587823e82fe89c99a12c8512030f465a66915028285ed8a2773740,focal-GT directional trajectory,,,survival probability,
final_evidence_v3_bound_output,0.7883953405024502,0.7581089186785328,,o2m_assigned_positive,0.7732520461507503,EV-BOUNDARY-GEOMETRY-V3,V3,300,km_survival,,25032,728,a,0.078125,O2M assigned Top-1 state,t_8_16,8–16 px,runs/20260903_boundary_full_grid_1024_postprocess_v2/tau_01250/survival_cif.csv,1a90951b52587823e82fe89c99a12c8512030f465a66915028285ed8a2773740,focal-GT directional trajectory,,,survival probability,
final_evidence_v3_bound_output,0.785663367981012,0.755057519958767,,o2m_assigned_positive,0.7702838845128249,EV-BOUNDARY-GEOMETRY-V3,V3,300,km_survival,,25032,728,a,0.0791015625,O2M assigned Top-1 state,t_8_16,8–16 px,runs/20260903_boundary_full_grid_1024_postprocess_v2/tau_01250/survival_cif.csv,1a90951b52587823e82fe89c99a12c8512030f465a66915028285ed8a2773740,focal-GT directional trajectory,,,survival probability,
final_evidence_v3_bound_output,0.7836939746982505,0.7528926313774053,,o2m_assigned_positive,0.7681976287900365,EV-BOUNDARY-GEOMETRY-V3,V3,300,km_survival,,25032,728,a,0.080078125,O2M assigned Top-1 state,t_8_16,8–16 px,runs/20260903_boundary_full_grid_1024_postprocess_v2/tau_01250/survival_cif.csv,1a90951b52587823e82fe89c99a12c8512030f465a66915028285ed8a2773740,focal-GT directional trajectory,,,survival probability,
final_evidence_v3_bound_output,0.7819845422978873,0.7511835421569462,,o2m_assigned_positive,0.7665140351992054,EV-BOUNDARY-GEOMETRY-V3,V3,300,km_survival,,25032,728,a,0.0810546875,O2M assigned Top-1 state,t_8_16,8–16 px,runs/20260903_boundary_full_grid_1024_postprocess_v2/tau_01250/survival_cif.csv,1a90951b52587823e82fe89c99a12c8512030f465a66915028285ed8a2773740,focal-GT directional trajectory,,,survival probability,
final_evidence_v3_bound_output,0.7798951043789142,0.74876175306602,,o2m_assigned_positive,0.7642692437447638,EV-BOUNDARY-GEOMETRY-V3,V3,300,km_survival,,25032,728,a,0.08203125,O2M assigned Top-1 state,t_8_16,8–16 px,runs/20260903_boundary_full_grid_1024_postprocess_v2/tau_01250/survival_cif.csv,1a90951b52587823e82fe89c99a12c8512030f465a66915028285ed8a2773740,focal-GT directional trajectory,,,survival probability,
final_evidence_v3_bound_output,0.7780113645810797,0.7466955442769896,,o2m_assigned_positive,0.7623449626412838,EV-BOUNDARY-GEOMETRY-V3,V3,300,km_survival,,25032,728,a,0.0830078125,O2M assigned Top-1 state,t_8_16,8–16 px,runs/20260903_boundary_full_grid_1024_postprocess_v2/tau_01250/survival_cif.csv,1a90951b52587823e82fe89c99a12c8512030f465a66915028285ed8a2773740,focal-GT directional trajectory,,,survival probability,
final_evidence_v3_bound_output,0.7742687176723763,0.741750573390613,,o2m_assigned_positive,0.7581757443895146,EV-BOUNDARY-GEOMETRY-V3,V3,300,km_survival,,25032,728,a,0.083984375,O2M assigned Top-1 state,t_8_16,8–16 px,runs/20260903_boundary_full_grid_1024_postprocess_v2/tau_01250/survival_cif.csv,1a90951b52587823e82fe89c99a12c8512030f465a66915028285ed8a2773740,focal-GT directional trajectory,,,survival probability,
final_evidence_v3_bound_output,0.7719781681780895,0.739238221359128,,o2m_assigned_positive,0.7557280694826545,EV-BOUNDARY-GEOMETRY-V3,V3,300,km_survival,,25032,728,a,0.0849609375,O2M assigned Top-1 state,t_8_16,8–16 px,runs/20260903_boundary_full_grid_1024_postprocess_v2/tau_01250/survival_cif.csv,1a90951b52587823e82fe89c99a12c8512030f465a66915028285ed8a2773740,focal-GT directional trajectory,,,survival probability,
final_evidence_v3_bound_output,0.7705113202519294,0.7377043962358484,,o2m_assigned_positive,0.7542425876778379,EV-BOUNDARY-GEOMETRY-V3,V3,300,km_survival,,25032,728,a,0.0859375,O2M assigned Top-1 state,t_8_16,8–16 px,runs/20260903_boundary_full_grid_1024_postprocess_v2/tau_01250/survival_cif.csv,1a90951b52587823e82fe89c99a12c8512030f465a66915028285ed8a2773740,focal-GT directional trajectory,,,survival probability,
final_evidence_v3_bound_output,0.7687948773967545,0.7362226092799126,,o2m_assigned_positive,0.7525971657804863,EV-BOUNDARY-GEOMETRY-V3,V3,300,km_survival,,25032,728,a,0.0869140625,O2M assigned Top-1 state,t_8_16,8–16 px,runs/20260903_boundary_full_grid_1024_postprocess_v2/tau_01250/survival_cif.csv,1a90951b52587823e82fe89c99a12c8512030f465a66915028285ed8a2773740,focal-GT directional trajectory,,,survival probability,
final_evidence_v3_bound_output,0.7668049681272494,0.7339636253686446,,o2m_assigned_positive,0.7505108933305059,EV-BOUNDARY-GEOMETRY-V3,V3,300,km_survival,,25032,728,a,0.087890625,O2M assigned Top-1 state,t_8_16,8–16 px,runs/20260903_boundary_full_grid_1024_postprocess_v2/tau_01250/survival_cif.csv,1a90951b52587823e82fe89c99a12c8512030f465a66915028285ed8a2773740,focal-GT directional trajectory,,,survival probability,
final_evidence_v3_bound_output,0.7640027852703797,0.7312096222971044,,o2m_assigned_positive,0.7477442280004671,EV-BOUNDARY-GEOMETRY-V3,V3,300,km_survival,,25032,728,a,0.0888671875,O2M assigned Top-1 state,t_8_16,8–16 px,runs/20260903_boundary_full_grid_1024_postprocess_v2/tau_01250/survival_cif.csv,1a90951b52587823e82fe89c99a12c8512030f465a66915028285ed8a2773740,focal-GT directional trajectory,,,survival probability,
final_evidence_v3_bound_output,0.7624993438908683,0.729529197371325,,o2m_assigned_positive,0.7460584307557764,EV-BOUNDARY-GEOMETRY-V3,V3,300,km_survival,,25032,728,a,0.08984375,O2M assigned Top-1 state,t_8_16,8–16 px,runs/20260903_boundary_full_grid_1024_postprocess_v2/tau_01250/survival_cif.csv,1a90951b52587823e82fe89c99a12c8512030f465a66915028285ed8a2773740,focal-GT directional trajectory,,,survival probability,
final_evidence_v3_bound_output,0.7610212739072428,0.7281213988233752,,o2m_assigned_positive,0.7444939013970832,EV-BOUNDARY-GEOMETRY-V3,V3,300,km_survival,,25032,728,a,0.0908203125,O2M assigned Top-1 state,t_8_16,8–16 px,runs/20260903_boundary_full_grid_1024_postprocess_v2/tau_01250/survival_cif.csv,1a90951b52587823e82fe89c99a12c8512030f465a66915028285ed8a2773740,focal-GT directional trajectory,,,survival probability,
final_evidence_v3_bound_output,0.7586376507583886,0.7256248980686436,,o2m_assigned_positive,0.7419663835959469,EV-BOUNDARY-GEOMETRY-V3,V3,300,km_survival,,25032,728,a,0.091796875,O2M assigned Top-1 state,t_8_16,8–16 px,runs/20260903_boundary_full_grid_1024_postprocess_v2/tau_01250/survival_cif.csv,1a90951b52587823e82fe89c99a12c8512030f465a66915028285ed8a2773740,focal-GT directional trajectory,,,survival probability,
final_evidence_v3_bound_output,0.7568323568832432,0.7235325797104343,,o2m_assigned_positive,0.7400811362834302,EV-BOUNDARY-GEOMETRY-V3,V3,300,km_survival,,25032,728,a,0.0927734375,O2M assigned Top-1 state,t_8_16,8–16 px,runs/20260903_boundary_full_grid_1024_postprocess_v2/tau_01250/survival_cif.csv,1a90951b52587823e82fe89c99a12c8512030f465a66915028285ed8a2773740,focal-GT directional trajectory,,,survival probability,
final_evidence_v3_bound_output,0.7553522298646754,0.7219319754962387,,o2m_assigned_positive,0.7385965641296854,EV-BOUNDARY-GEOMETRY-V3,V3,300,km_survival,,25032,728,a,0.09375,O2M assigned Top-1 state,t_8_16,8–16 px,runs/20260903_boundary_full_grid_1024_postprocess_v2/tau_01250/survival_cif.csv,1a90951b52587823e82fe89c99a12c8512030f465a66915028285ed8a2773740,focal-GT directional trajectory,,,survival probability,
final_evidence_v3_bound_output,0.7553016361081353,0.7218946506651887,,o2m_assigned_positive,0.738556374609909,EV-BOUNDARY-GEOMETRY-V3,V3,300,km_survival,,25032,728,a,0.0944911182523068,O2M assigned Top-1 state,t_8_16,8–16 px,runs/20260903_boundary_full_grid_1024_postprocess_v2/tau_01250/survival_cif.csv,1a90951b52587823e82fe89c99a12c8512030f465a66915028285ed8a2773740,focal-GT directional trajectory,,,survival probability,
final_evidence_v3_bound_output,0.7503208830064592,0.7172359004371184,,o2m_assigned_positive,0.7337367860816377,EV-BOUNDARY-GEOMETRY-V3,V3,300,km_survival,,25032,728,a,0.0947265625,O2M assigned Top-1 state,t_8_16,8–16 px,runs/20260903_boundary_full_grid_1024_postprocess_v2/tau_01250/survival_cif.csv,1a90951b52587823e82fe89c99a12c8512030f465a66915028285ed8a2773740,focal-GT directional trajectory,,,survival probability,
final_evidence_v3_bound_output,0.747646625874407,0.71470114912077,,o2m_assigned_positive,0.731167895727814,EV-BOUNDARY-GEOMETRY-V3,V3,300,km_survival,,25032,728,a,0.095703125,O2M assigned Top-1 state,t_8_16,8–16 px,runs/20260903_boundary_full_grid_1024_postprocess_v2/tau_01250/survival_cif.csv,1a90951b52587823e82fe89c99a12c8512030f465a66915028285ed8a2773740,focal-GT directional trajectory,,,survival probability,
final_evidence_v3_bound_output,0.7455331639295879,0.7126394643200175,,o2m_assigned_positive,0.7290799095826996,EV-BOUNDARY-GEOMETRY-V3,V3,300,km_survival,,25032,728,a,0.0966796875,O2M assigned Top-1 state,t_8_16,8–16 px,runs/20260903_boundary_full_grid_1024_postprocess_v2/tau_01250/survival_cif.csv,1a90951b52587823e82fe89c99a12c8512030f465a66915028285ed8a2773740,focal-GT directional trajectory,,,survival probability,
final_evidence_v3_bound_output,0.7439412878637971,0.7107552479469536,,o2m_assigned_positive,0.727232638391233,EV-BOUNDARY-GEOMETRY-V3,V3,300,km_survival,,25032,728,a,0.09765625,O2M assigned Top-1 state,t_8_16,8–16 px,runs/20260903_boundary_full_grid_1024_postprocess_v2/tau_01250/survival_cif.csv,1a90951b52587823e82fe89c99a12c8512030f465a66915028285ed8a2773740,focal-GT directional trajectory,,,survival probability,
final_evidence_v3_bound_output,0.741729342844345,0.7084383397115013,,o2m_assigned_positive,0.724943649660465,EV-BOUNDARY-GEOMETRY-V3,V3,300,km_survival,,25032,728,a,0.0986328125,O2M assigned Top-1 state,t_8_16,8–16 px,runs/20260903_boundary_full_grid_1024_postprocess_v2/tau_01250/survival_cif.csv,1a90951b52587823e82fe89c99a12c8512030f465a66915028285ed8a2773740,focal-GT directional trajectory,,,survival probability,
final_evidence_v3_bound_output,0.7398855850880885,0.7064824661017085,,o2m_assigned_positive,0.7229755328430378,EV-BOUNDARY-GEOMETRY-V3,V3,300,km_survival,,25032,728,a,0.099609375,O2M assigned Top-1 state,t_8_16,8–16 px,runs/20260903_boundary_full_grid_1024_postprocess_v2/tau_01250/survival_cif.csv,1a90951b52587823e82fe89c99a12c8512030f465a66915028285ed8a2773740,focal-GT directional trajectory,,,survival probability,
final_evidence_v3_bound_output,0.7363778017812297,0.7034883600274752,,o2m_assigned_positive,0.7198038412573721,EV-BOUNDARY-GEOMETRY-V3,V3,300,km_survival,,25032,728,a,0.1005859375,O2M assigned Top-1 state,t_8_16,8–16 px,runs/20260903_boundary_full_grid_1024_postprocess_v2/tau_01250/survival_cif.csv,1a90951b52587823e82fe89c99a12c8512030f465a66915028285ed8a2773740,focal-GT directional trajectory,,,survival probability,
final_evidence_v3_bound_output,0.7346295355694421,0.7013647263298148,,o2m_assigned_positive,0.717878287808005,EV-BOUNDARY-GEOMETRY-V3,V3,300,km_survival,,25032,728,a,0.1015625,O2M assigned Top-1 state,t_8_16,8–16 px,runs/20260903_boundary_full_grid_1024_postprocess_v2/tau_01250/survival_cif.csv,1a90951b52587823e82fe89c99a12c8512030f465a66915028285ed8a2773740,focal-GT directional trajectory,,,survival probability,
final_evidence_v3_bound_output,0.7345937644177534,0.7013185247295307,,o2m_assigned_positive,0.7178383246832598,EV-BOUNDARY-GEOMETRY-V3,V3,300,km_survival,,25032,728,a,0.1020620726159657,O2M assigned Top-1 state,t_8_16,8–16 px,runs/20260903_boundary_full_grid_1024_postprocess_v2/tau_01250/survival_cif.csv,1a90951b52587823e82fe89c99a12c8512030f465a66915028285ed8a2773740,focal-GT directional trajectory,,,survival probability,
final_evidence_v3_bound_output,0.729574011489442,0.6968038418212523,,o2m_assigned_positive,0.7129790512764563,EV-BOUNDARY-GEOMETRY-V3,V3,300,km_survival,,25032,728,a,0.1025390625,O2M assigned Top-1 state,t_8_16,8–16 px,runs/20260903_boundary_full_grid_1024_postprocess_v2/tau_01250/survival_cif.csv,1a90951b52587823e82fe89c99a12c8512030f465a66915028285ed8a2773740,focal-GT directional trajectory,,,survival probability,
final_evidence_v3_bound_output,0.7283573277070425,0.6954323193212485,,o2m_assigned_positive,0.7116123402395313,EV-BOUNDARY-GEOMETRY-V3,V3,300,km_survival,,25032,728,a,0.103515625,O2M assigned Top-1 state,t_8_16,8–16 px,runs/20260903_boundary_full_grid_1024_postprocess_v2/tau_01250/survival_cif.csv,1a90951b52587823e82fe89c99a12c8512030f465a66915028285ed8a2773740,focal-GT directional trajectory,,,survival probability,
final_evidence_v3_bound_output,0.7270891741829004,0.6941754019376267,,o2m_assigned_positive,0.7103267851203675,EV-BOUNDARY-GEOMETRY-V3,V3,300,km_survival,,25032,728,a,0.1044921875,O2M assigned Top-1 state,t_8_16,8–16 px,runs/20260903_boundary_full_grid_1024_postprocess_v2/tau_01250/survival_cif.csv,1a90951b52587823e82fe89c99a12c8512030f465a66915028285ed8a2773740,focal-GT directional trajectory,,,survival probability,
final_evidence_v3_bound_output,0.7241330235513275,0.6924331538362962,,o2m_assigned_positive,0.708121481326143,EV-BOUNDARY-GEOMETRY-V3,V3,300,km_survival,,25032,728,a,0.10546875,O2M assigned Top-1 state,t_8_16,8–16 px,runs/20260903_boundary_full_grid_1024_postprocess_v2/tau_01250/survival_cif.csv,1a90951b52587823e82fe89c99a12c8512030f465a66915028285ed8a2773740,focal-GT directional trajectory,,,survival probability,
final_evidence_v3_bound_output,0.7221273583278149,0.6904162674104725,,o2m_assigned_positive,0.7062344895312387,EV-BOUNDARY-GEOMETRY-V3,V3,300,km_survival,,25032,728,a,0.1064453125,O2M assigned Top-1 state,t_8_16,8–16 px,runs/20260903_boundary_full_grid_1024_postprocess_v2/tau_01250/survival_cif.csv,1a90951b52587823e82fe89c99a12c8512030f465a66915028285ed8a2773740,focal-GT directional trajectory,,,survival probability,
final_evidence_v3_bound_output,0.7197827630206188,0.6884989893640351,,o2m_assigned_positive,0.7040260115220585,EV-BOUNDARY-GEOMETRY-V3,V3,300,km_survival,,25032,728,a,0.107421875,O2M assigned Top-1 state,t_8_16,8–16 px,runs/20260903_boundary_full_grid_1024_postprocess_v2/tau_01250/survival_cif.csv,1a90951b52587823e82fe89c99a12c8512030f465a66915028285ed8a2773740,focal-GT directional trajectory,,,survival probability,
final_evidence_v3_bound_output,0.7181559418389212,0.6867505501674002,,o2m_assigned_positive,0.7023386361952775,EV-BOUNDARY-GEOMETRY-V3,V3,300,km_survival,,25032,728,a,0.1083984375,O2M assigned Top-1 state,t_8_16,8–16 px,runs/20260903_boundary_full_grid_1024_postprocess_v2/tau_01250/survival_cif.csv,1a90951b52587823e82fe89c99a12c8512030f465a66915028285ed8a2773740,focal-GT directional trajectory,,,survival probability,
final_evidence_v3_bound_output,0.7161190404733142,0.6845489911058924,,o2m_assigned_positive,0.7002898127756609,EV-BOUNDARY-GEOMETRY-V3,V3,300,km_survival,,25032,728,a,0.109375,O2M assigned Top-1 state,t_8_16,8–16 px,runs/20260903_boundary_full_grid_1024_postprocess_v2/tau_01250/survival_cif.csv,1a90951b52587823e82fe89c99a12c8512030f465a66915028285ed8a2773740,focal-GT directional trajectory,,,survival probability,
final_evidence_v3_bound_output,0.7149530451682846,0.6829834958930937,,o2m_assigned_positive,0.6989247444901238,EV-BOUNDARY-GEOMETRY-V3,V3,300,km_survival,,25032,728,a,0.1103515625,O2M assigned Top-1 state,t_8_16,8–16 px,runs/20260903_boundary_full_grid_1024_postprocess_v2/tau_01250/survival_cif.csv,1a90951b52587823e82fe89c99a12c8512030f465a66915028285ed8a2773740,focal-GT directional trajectory,,,survival probability,
final_evidence_v3_bound_output,0.7129085916782459,0.6815026790117162,,o2m_assigned_positive,0.6972787684221092,EV-BOUNDARY-GEOMETRY-V3,V3,300,km_survival,,25032,728,a,0.111328125,O2M assigned Top-1 state,t_8_16,8–16 px,runs/20260903_boundary_full_grid_1024_postprocess_v2/tau_01250/survival_cif.csv,1a90951b52587823e82fe89c99a12c8512030f465a66915028285ed8a2773740,focal-GT directional trajectory,,,survival probability,
final_evidence_v3_bound_output,0.708143031483389,0.6782684508535823,,o2m_assigned_positive,0.6932628239471168,EV-BOUNDARY-GEOMETRY-V3,V3,300,km_survival,,25032,728,a,0.1123046875,O2M assigned Top-1 state,t_8_16,8–16 px,runs/20260903_boundary_full_grid_1024_postprocess_v2/tau_01250/survival_cif.csv,1a90951b52587823e82fe89c99a12c8512030f465a66915028285ed8a2773740,focal-GT directional trajectory,,,survival probability,
final_evidence_v3_bound_output,0.706559502323209,0.6766906214640804,,o2m_assigned_positive,0.6915754531640913,EV-BOUNDARY-GEOMETRY-V3,V3,300,km_survival,,25032,728,a,0.11328125,O2M assigned Top-1 state,t_8_16,8–16 px,runs/20260903_boundary_full_grid_1024_postprocess_v2/tau_01250/survival_cif.csv,1a90951b52587823e82fe89c99a12c8512030f465a66915028285ed8a2773740,focal-GT directional trajectory,,,survival probability,
final_evidence_v3_bound_output,0.7051133727856632,0.6752007441390437,,o2m_assigned_positive,0.6901283882383766,EV-BOUNDARY-GEOMETRY-V3,V3,300,km_survival,,25032,728,a,0.1142578125,O2M assigned Top-1 state,t_8_16,8–16 px,runs/20260903_boundary_full_grid_1024_postprocess_v2/tau_01250/survival_cif.csv,1a90951b52587823e82fe89c99a12c8512030f465a66915028285ed8a2773740,focal-GT directional trajectory,,,survival probability,
final_evidence_v3_bound_output,0.7039747468551211,0.6740185378826308,,o2m_assigned_positive,0.6890031646901729,EV-BOUNDARY-GEOMETRY-V3,V3,300,km_survival,,25032,728,a,0.115234375,O2M assigned Top-1 state,t_8_16,8–16 px,runs/20260903_boundary_full_grid_1024_postprocess_v2/tau_01250/survival_cif.csv,1a90951b52587823e82fe89c99a12c8512030f465a66915028285ed8a2773740,focal-GT directional trajectory,,,survival probability,
final_evidence_v3_bound_output,0.7026686169754598,0.6724521275402457,,o2m_assigned_positive,0.6875975512097313,EV-BOUNDARY-GEOMETRY-V3,V3,300,km_survival,,25032,728,a,0.1162109375,O2M assigned Top-1 state,t_8_16,8–16 px,runs/20260903_boundary_full_grid_1024_postprocess_v2/tau_01250/survival_cif.csv,1a90951b52587823e82fe89c99a12c8512030f465a66915028285ed8a2773740,focal-GT directional trajectory,,,survival probability,
final_evidence_v3_bound_output,0.7012521010958161,0.6707731032441672,,o2m_assigned_positive,0.6860305285313006,EV-BOUNDARY-GEOMETRY-V3,V3,300,km_survival,,25032,728,a,0.1171875,O2M assigned Top-1 state,t_8_16,8–16 px,runs/20260903_boundary_full_grid_1024_postprocess_v2/tau_01250/survival_cif.csv,1a90951b52587823e82fe89c99a12c8512030f465a66915028285ed8a2773740,focal-GT directional trajectory,,,survival probability,
final_evidence_v3_bound_output,0.6978782217325326,0.6685475044918975,,o2m_assigned_positive,0.6832597800960379,EV-BOUNDARY-GEOMETRY-V3,V3,300,km_survival,,25032,728,a,0.1181640625,O2M assigned Top-1 state,t_8_16,8–16 px,runs/20260903_boundary_full_grid_1024_postprocess_v2/tau_01250/survival_cif.csv,1a90951b52587823e82fe89c99a12c8512030f465a66915028285ed8a2773740,focal-GT directional trajectory,,,survival probability,
final_evidence_v3_bound_output,0.6966512959265554,0.6672076980400293,,o2m_assigned_positive,0.6819326954402233,EV-BOUNDARY-GEOMETRY-V3,V3,300,km_survival,,25032,728,a,0.119140625,O2M assigned Top-1 state,t_8_16,8–16 px,runs/20260903_boundary_full_grid_1024_postprocess_v2/tau_01250/survival_cif.csv,1a90951b52587823e82fe89c99a12c8512030f465a66915028285ed8a2773740,focal-GT directional trajectory,,,survival probability,
final_evidence_v3_bound_output,0.6952590162266272,0.6658291817024791,,o2m_assigned_positive,0.6805658579998295,EV-BOUNDARY-GEOMETRY-V3,V3,300,km_survival,,25032,728,a,0.1201171875,O2M assigned Top-1 state,t_8_16,8–16 px,runs/20260903_boundary_full_grid_1024_postprocess_v2/tau_01250/survival_cif.csv,1a90951b52587823e82fe89c99a12c8512030f465a66915028285ed8a2773740,focal-GT directional trajectory,,,survival probability,
final_evidence_v3_bound_output,0.6939583849599624,0.6643461831377309,,o2m_assigned_positive,0.6791990205594357,EV-BOUNDARY-GEOMETRY-V3,V3,300,km_survival,,25032,728,a,0.12109375,O2M assigned Top-1 state,t_8_16,8–16 px,runs/20260903_boundary_full_grid_1024_postprocess_v2/tau_01250/survival_cif.csv,1a90951b52587823e82fe89c99a12c8512030f465a66915028285ed8a2773740,focal-GT directional trajectory,,,survival probability,
final_evidence_v3_bound_output,0.6926839166887984,0.6628497574801478,,o2m_assigned_positive,0.6777914429363968,EV-BOUNDARY-GEOMETRY-V3,V3,300,km_survival,,25032,728,a,0.1220703125,O2M assigned Top-1 state,t_8_16,8–16 px,runs/20260903_boundary_full_grid_1024_postprocess_v2/tau_01250/survival_cif.csv,1a90951b52587823e82fe89c99a12c8512030f465a66915028285ed8a2773740,focal-GT directional trajectory,,,survival probability,
final_evidence_v3_bound_output,0.6907938801005031,0.6610203345029457,,o2m_assigned_positive,0.6759025590130264,EV-BOUNDARY-GEOMETRY-V3,V3,300,km_survival,,25032,728,a,0.123046875,O2M assigned Top-1 state,t_8_16,8–16 px,runs/20260903_boundary_full_grid_1024_postprocess_v2/tau_01250/survival_cif.csv,1a90951b52587823e82fe89c99a12c8512030f465a66915028285ed8a2773740,focal-GT directional trajectory,,,survival probability,
final_evidence_v3_bound_output,0.6894867501035037,0.659936313991665,,o2m_assigned_positive,0.6747367342663256,EV-BOUNDARY-GEOMETRY-V3,V3,300,km_survival,,25032,728,a,0.1240234375,O2M assigned Top-1 state,t_8_16,8–16 px,runs/20260903_boundary_full_grid_1024_postprocess_v2/tau_01250/survival_cif.csv,1a90951b52587823e82fe89c99a12c8512030f465a66915028285ed8a2773740,focal-GT directional trajectory,,,survival probability,
final_evidence_v3_bound_output,0.6872612966526115,0.6576793179899895,,o2m_assigned_positive,0.6724048403893303,EV-BOUNDARY-GEOMETRY-V3,V3,300,km_survival,,25032,728,a,0.125,O2M assigned Top-1 state,t_8_16,8–16 px,runs/20260903_boundary_full_grid_1024_postprocess_v2/tau_01250/survival_cif.csv,1a90951b52587823e82fe89c99a12c8512030f465a66915028285ed8a2773740,focal-GT directional trajectory,,,survival probability,
final_evidence_v3_bound_output,1.0,1.0,,o2o,1.0,EV-BOUNDARY-GEOMETRY-V3,V3,300,km_survival,,3964,0,a,0.0,O2O identity,s_16_32,16–32 px,runs/20260903_boundary_full_grid_1024_postprocess_v2/tau_01250/survival_cif.csv,1a90951b52587823e82fe89c99a12c8512030f465a66915028285ed8a2773740,focal-GT directional trajectory,,,survival probability,
final_evidence_v3_bound_output,0.9995150851051076,0.9971583754237636,,o2o,0.9984786401451092,EV-BOUNDARY-GEOMETRY-V3,V3,300,km_survival,,3964,0,a,0.0009765625,O2O identity,s_16_32,16–32 px,runs/20260903_boundary_full_grid_1024_postprocess_v2/tau_01250/survival_cif.csv,1a90951b52587823e82fe89c99a12c8512030f465a66915028285ed8a2773740,focal-GT directional trajectory,,,survival probability,
final_evidence_v3_bound_output,0.9989031651059728,0.9949248919767244,,o2o,0.9972108402660336,EV-BOUNDARY-GEOMETRY-V3,V3,300,km_survival,,3964,0,a,0.001953125,O2O identity,s_16_32,16–32 px,runs/20260903_boundary_full_grid_1024_postprocess_v2/tau_01250/survival_cif.csv,1a90951b52587823e82fe89c99a12c8512030f465a66915028285ed8a2773740,focal-GT directional trajectory,,,survival probability,
final_evidence_v3_bound_output,0.9985468951481634,0.9942504371520012,,o2o,0.9967037203144036,EV-BOUNDARY-GEOMETRY-V3,V3,300,km_survival,,3964,0,a,0.0029296875,O2O identity,s_16_32,16–32 px,runs/20260903_boundary_full_grid_1024_postprocess_v2/tau_01250/survival_cif.csv,1a90951b52587823e82fe89c99a12c8512030f465a66915028285ed8a2773740,focal-GT directional trajectory,,,survival probability,
final_evidence_v3_bound_output,0.9985153524878272,0.9936298297370204,,o2o,0.9964501603385884,EV-BOUNDARY-GEOMETRY-V3,V3,300,km_survival,,3964,0,a,0.0048828125,O2O identity,s_16_32,16–32 px,runs/20260903_boundary_full_grid_1024_postprocess_v2/tau_01250/survival_cif.csv,1a90951b52587823e82fe89c99a12c8512030f465a66915028285ed8a2773740,focal-GT directional trajectory,,,survival probability,
final_evidence_v3_bound_output,0.998308957095884,0.9933197379281652,,o2o,0.9961966003627732,EV-BOUNDARY-GEOMETRY-V3,V3,300,km_survival,,3964,0,a,0.005859375,O2O identity,s_16_32,16–32 px,runs/20260903_boundary_full_grid_1024_postprocess_v2/tau_01250/survival_cif.csv,1a90951b52587823e82fe89c99a12c8512030f465a66915028285ed8a2773740,focal-GT directional trajectory,,,survival probability,
final_evidence_v3_bound_output,0.9977016455602282,0.9924582813881406,,o2o,0.995435920435328,EV-BOUNDARY-GEOMETRY-V3,V3,300,km_survival,,3964,0,a,0.0078125,O2O identity,s_16_32,16–32 px,runs/20260903_boundary_full_grid_1024_postprocess_v2/tau_01250/survival_cif.csv,1a90951b52587823e82fe89c99a12c8512030f465a66915028285ed8a2773740,focal-GT directional trajectory,,,survival probability,
final_evidence_v3_bound_output,0.9973417361005956,0.9920070010231078,,o2o,0.9949288004836976,EV-BOUNDARY-GEOMETRY-V3,V3,300,km_survival,,3964,0,a,0.0087890625,O2O identity,s_16_32,16–32 px,runs/20260903_boundary_full_grid_1024_postprocess_v2/tau_01250/survival_cif.csv,1a90951b52587823e82fe89c99a12c8512030f465a66915028285ed8a2773740,focal-GT directional trajectory,,,survival probability,
final_evidence_v3_bound_output,0.9967927512788654,0.9909159842436156,,o2o,0.9941681205562524,EV-BOUNDARY-GEOMETRY-V3,V3,300,km_survival,,3964,0,a,0.009765625,O2O identity,s_16_32,16–32 px,runs/20260903_boundary_full_grid_1024_postprocess_v2/tau_01250/survival_cif.csv,1a90951b52587823e82fe89c99a12c8512030f465a66915028285ed8a2773740,focal-GT directional trajectory,,,survival probability,
final_evidence_v3_bound_output,0.9966665159078266,0.9904780740744376,,o2o,0.9939145605804371,EV-BOUNDARY-GEOMETRY-V3,V3,300,km_survival,,3964,0,a,0.0107421875,O2O identity,s_16_32,16–32 px,runs/20260903_boundary_full_grid_1024_postprocess_v2/tau_01250/survival_cif.csv,1a90951b52587823e82fe89c99a12c8512030f465a66915028285ed8a2773740,focal-GT directional trajectory,,,survival probability,
final_evidence_v3_bound_output,0.996176943185334,0.9898472070156076,,o2o,0.9934074406288068,EV-BOUNDARY-GEOMETRY-V3,V3,300,km_survival,,3964,0,a,0.01171875,O2O identity,s_16_32,16–32 px,runs/20260903_boundary_full_grid_1024_postprocess_v2/tau_01250/survival_cif.csv,1a90951b52587823e82fe89c99a12c8512030f465a66915028285ed8a2773740,focal-GT directional trajectory,,,survival probability,
final_evidence_v3_bound_output,0.9959150611557877,0.989535683300996,,o2o,0.9931538806529916,EV-BOUNDARY-GEOMETRY-V3,V3,300,km_survival,,3964,0,a,0.013671875,O2O identity,s_16_32,16–32 px,runs/20260903_boundary_full_grid_1024_postprocess_v2/tau_01250/survival_cif.csv,1a90951b52587823e82fe89c99a12c8512030f465a66915028285ed8a2773740,focal-GT directional trajectory,,,survival probability,
final_evidence_v3_bound_output,0.9955140301614738,0.9889882652118044,,o2o,0.9926467607013614,EV-BOUNDARY-GEOMETRY-V3,V3,300,km_survival,,3964,0,a,0.015625,O2O identity,s_16_32,16–32 px,runs/20260903_boundary_full_grid_1024_postprocess_v2/tau_01250/survival_cif.csv,1a90951b52587823e82fe89c99a12c8512030f465a66915028285ed8a2773740,focal-GT directional trajectory,,,survival probability,
final_evidence_v3_bound_output,0.9948111588554724,0.9875387307424828,,o2o,0.9916325207981008,EV-BOUNDARY-GEOMETRY-V3,V3,300,km_survival,,3964,0,a,0.017578125,O2O identity,s_16_32,16–32 px,runs/20260903_boundary_full_grid_1024_postprocess_v2/tau_01250/survival_cif.csv,1a90951b52587823e82fe89c99a12c8512030f465a66915028285ed8a2773740,focal-GT directional trajectory,,,survival probability,
final_evidence_v3_bound_output,0.9943683696453594,0.9856583819263078,,o2o,0.9906182808948404,EV-BOUNDARY-GEOMETRY-V3,V3,300,km_survival,,3964,0,a,0.01953125,O2O identity,s_16_32,16–32 px,runs/20260903_boundary_full_grid_1024_postprocess_v2/tau_01250/survival_cif.csv,1a90951b52587823e82fe89c99a12c8512030f465a66915028285ed8a2773740,focal-GT directional trajectory,,,survival probability,
final_evidence_v3_bound_output,0.9941163791602098,0.985414049470123,,o2o,0.9903647209190252,EV-BOUNDARY-GEOMETRY-V3,V3,300,km_survival,,3964,0,a,0.0205078125,O2O identity,s_16_32,16–32 px,runs/20260903_boundary_full_grid_1024_postprocess_v2/tau_01250/survival_cif.csv,1a90951b52587823e82fe89c99a12c8512030f465a66915028285ed8a2773740,focal-GT directional trajectory,,,survival probability,
final_evidence_v3_bound_output,0.993821532878658,0.9845882836040024,,o2o,0.989857600967395,EV-BOUNDARY-GEOMETRY-V3,V3,300,km_survival,,3964,0,a,0.021484375,O2O identity,s_16_32,16–32 px,runs/20260903_boundary_full_grid_1024_postprocess_v2/tau_01250/survival_cif.csv,1a90951b52587823e82fe89c99a12c8512030f465a66915028285ed8a2773740,focal-GT directional trajectory,,,survival probability,
final_evidence_v3_bound_output,0.9935498510358124,0.9837273565393708,,o2o,0.9893504810157648,EV-BOUNDARY-GEOMETRY-V3,V3,300,km_survival,,3964,0,a,0.0224609375,O2O identity,s_16_32,16–32 px,runs/20260903_boundary_full_grid_1024_postprocess_v2/tau_01250/survival_cif.csv,1a90951b52587823e82fe89c99a12c8512030f465a66915028285ed8a2773740,focal-GT directional trajectory,,,survival probability,
final_evidence_v3_bound_output,0.9929073854685062,0.9823467138125525,,o2o,0.9883362411125044,EV-BOUNDARY-GEOMETRY-V3,V3,300,km_survival,,3964,0,a,0.0234375,O2O identity,s_16_32,16–32 px,runs/20260903_boundary_full_grid_1024_postprocess_v2/tau_01250/survival_cif.csv,1a90951b52587823e82fe89c99a12c8512030f465a66915028285ed8a2773740,focal-GT directional trajectory,,,survival probability,
final_evidence_v3_bound_output,0.9927607797294408,0.9819669098947236,,o2o,0.9880826811366892,EV-BOUNDARY-GEOMETRY-V3,V3,300,km_survival,,3964,0,a,0.0244140625,O2O identity,s_16_32,16–32 px,runs/20260903_boundary_full_grid_1024_postprocess_v2/tau_01250/survival_cif.csv,1a90951b52587823e82fe89c99a12c8512030f465a66915028285ed8a2773740,focal-GT directional trajectory,,,survival probability,
final_evidence_v3_bound_output,0.9923324281184944,0.980672733927102,,o2o,0.9873220012092438,EV-BOUNDARY-GEOMETRY-V3,V3,300,km_survival,,3964,0,a,0.025390625,O2O identity,s_16_32,16–32 px,runs/20260903_boundary_full_grid_1024_postprocess_v2/tau_01250/survival_cif.csv,1a90951b52587823e82fe89c99a12c8512030f465a66915028285ed8a2773740,focal-GT directional trajectory,,,survival probability,
final_evidence_v3_bound_output,0.9918475984223458,0.9795770183605356,,o2o,0.9865613212817984,EV-BOUNDARY-GEOMETRY-V3,V3,300,km_survival,,3964,0,a,0.0263671875,O2O identity,s_16_32,16–32 px,runs/20260903_boundary_full_grid_1024_postprocess_v2/tau_01250/survival_cif.csv,1a90951b52587823e82fe89c99a12c8512030f465a66915028285ed8a2773740,focal-GT directional trajectory,,,survival probability,
final_evidence_v3_bound_output,0.9917121848818,0.978738897031754,,o2o,0.9860542013301684,EV-BOUNDARY-GEOMETRY-V3,V3,300,km_survival,,3964,0,a,0.029296875,O2O identity,s_16_32,16–32 px,runs/20260903_boundary_full_grid_1024_postprocess_v2/tau_01250/survival_cif.csv,1a90951b52587823e82fe89c99a12c8512030f465a66915028285ed8a2773740,focal-GT directional trajectory,,,survival probability,
final_evidence_v3_bound_output,0.9916199689521246,0.9781822447335052,,o2o,0.9858006413543532,EV-BOUNDARY-GEOMETRY-V3,V3,300,km_survival,,3964,0,a,0.0302734375,O2O identity,s_16_32,16–32 px,runs/20260903_boundary_full_grid_1024_postprocess_v2/tau_01250/survival_cif.csv,1a90951b52587823e82fe89c99a12c8512030f465a66915028285ed8a2773740,focal-GT directional trajectory,,,survival probability,
final_evidence_v3_bound_output,0.9916199689521246,0.9781822447335052,,o2o,0.9858006413543532,EV-BOUNDARY-GEOMETRY-V3,V3,300,km_survival,,3964,0,a,0.03125,O2O identity,s_16_32,16–32 px,runs/20260903_boundary_full_grid_1024_postprocess_v2/tau_01250/survival_cif.csv,1a90951b52587823e82fe89c99a12c8512030f465a66915028285ed8a2773740,focal-GT directional trajectory,,,survival probability,
final_evidence_v3_bound_output,0.9914893895415954,0.977805352452322,,o2o,0.9855470161430332,EV-BOUNDARY-GEOMETRY-V3,V3,300,km_survival,,3964,0,a,0.0322265625,O2O identity,s_16_32,16–32 px,runs/20260903_boundary_full_grid_1024_postprocess_v2/tau_01250/survival_cif.csv,1a90951b52587823e82fe89c99a12c8512030f465a66915028285ed8a2773740,focal-GT directional trajectory,,,survival probability,
final_evidence_v3_bound_output,0.9912115404167504,0.976981502656642,,o2o,0.9850397657203936,EV-BOUNDARY-GEOMETRY-V3,V3,300,km_survival,,3964,0,a,0.033203125,O2O identity,s_16_32,16–32 px,runs/20260903_boundary_full_grid_1024_postprocess_v2/tau_01250/survival_cif.csv,1a90951b52587823e82fe89c99a12c8512030f465a66915028285ed8a2773740,focal-GT directional trajectory,,,survival probability,
final_evidence_v3_bound_output,0.9907381532262198,0.976652236793234,,o2o,0.9845325152977537,EV-BOUNDARY-GEOMETRY-V3,V3,300,km_survival,,3964,0,a,0.0341796875,O2O identity,s_16_32,16–32 px,runs/20260903_boundary_full_grid_1024_postprocess_v2/tau_01250/survival_cif.csv,1a90951b52587823e82fe89c99a12c8512030f465a66915028285ed8a2773740,focal-GT directional trajectory,,,survival probability,
final_evidence_v3_bound_output,0.9905026692872956,0.9762327672177128,,o2o,0.9842788900864338,EV-BOUNDARY-GEOMETRY-V3,V3,300,km_survival,,3964,0,a,0.03515625,O2O identity,s_16_32,16–32 px,runs/20260903_boundary_full_grid_1024_postprocess_v2/tau_01250/survival_cif.csv,1a90951b52587823e82fe89c99a12c8512030f465a66915028285ed8a2773740,focal-GT directional trajectory,,,survival probability,
final_evidence_v3_bound_output,0.9901552452504176,0.975367599093563,,o2o,0.983771639663794,EV-BOUNDARY-GEOMETRY-V3,V3,300,km_survival,,3964,0,a,0.0361328125,O2O identity,s_16_32,16–32 px,runs/20260903_boundary_full_grid_1024_postprocess_v2/tau_01250/survival_cif.csv,1a90951b52587823e82fe89c99a12c8512030f465a66915028285ed8a2773740,focal-GT directional trajectory,,,survival probability,
final_evidence_v3_bound_output,0.9900967925298418,0.9749659417578256,,o2o,0.983518014452474,EV-BOUNDARY-GEOMETRY-V3,V3,300,km_survival,,3964,0,a,0.037109375,O2O identity,s_16_32,16–32 px,runs/20260903_boundary_full_grid_1024_postprocess_v2/tau_01250/survival_cif.csv,1a90951b52587823e82fe89c99a12c8512030f465a66915028285ed8a2773740,focal-GT directional trajectory,,,survival probability,
final_evidence_v3_bound_output,0.9897937802135492,0.974135868781935,,o2o,0.9830107640298342,EV-BOUNDARY-GEOMETRY-V3,V3,300,km_survival,,3964,0,a,0.0380859375,O2O identity,s_16_32,16–32 px,runs/20260903_boundary_full_grid_1024_postprocess_v2/tau_01250/survival_cif.csv,1a90951b52587823e82fe89c99a12c8512030f465a66915028285ed8a2773740,focal-GT directional trajectory,,,survival probability,
final_evidence_v3_bound_output,0.989416277971027,0.9738987969918382,,o2o,0.9827571388185145,EV-BOUNDARY-GEOMETRY-V3,V3,300,km_survival,,3964,0,a,0.0390625,O2O identity,s_16_32,16–32 px,runs/20260903_boundary_full_grid_1024_postprocess_v2/tau_01250/survival_cif.csv,1a90951b52587823e82fe89c99a12c8512030f465a66915028285ed8a2773740,focal-GT directional trajectory,,,survival probability,
final_evidence_v3_bound_output,0.98893878745866,0.9729766548769442,,o2o,0.9819958702555338,EV-BOUNDARY-GEOMETRY-V3,V3,300,km_survival,,3964,0,a,0.0400390625,O2O identity,s_16_32,16–32 px,runs/20260903_boundary_full_grid_1024_postprocess_v2/tau_01250/survival_cif.csv,1a90951b52587823e82fe89c99a12c8512030f465a66915028285ed8a2773740,focal-GT directional trajectory,,,survival probability,
final_evidence_v3_bound_output,0.9886421195715944,0.9726122314482002,,o2o,0.9817421140678736,EV-BOUNDARY-GEOMETRY-V3,V3,300,km_survival,,3964,0,a,0.041015625,O2O identity,s_16_32,16–32 px,runs/20260903_boundary_full_grid_1024_postprocess_v2/tau_01250/survival_cif.csv,1a90951b52587823e82fe89c99a12c8512030f465a66915028285ed8a2773740,focal-GT directional trajectory,,,survival probability,
final_evidence_v3_bound_output,0.9886047208006504,0.9722361669955008,,o2o,0.9814883578802136,EV-BOUNDARY-GEOMETRY-V3,V3,300,km_survival,,3964,0,a,0.0419921875,O2O identity,s_16_32,16–32 px,runs/20260903_boundary_full_grid_1024_postprocess_v2/tau_01250/survival_cif.csv,1a90951b52587823e82fe89c99a12c8512030f465a66915028285ed8a2773740,focal-GT directional trajectory,,,survival probability,
final_evidence_v3_bound_output,0.988425684510782,0.9720356469597236,,o2o,0.9812346016925532,EV-BOUNDARY-GEOMETRY-V3,V3,300,km_survival,,3964,0,a,0.04296875,O2O identity,s_16_32,16–32 px,runs/20260903_boundary_full_grid_1024_postprocess_v2/tau_01250/survival_cif.csv,1a90951b52587823e82fe89c99a12c8512030f465a66915028285ed8a2773740,focal-GT directional trajectory,,,survival probability,
final_evidence_v3_bound_output,0.987974192793426,0.9717734261732468,,o2o,0.9807269580359688,EV-BOUNDARY-GEOMETRY-V3,V3,300,km_survival,,3964,0,a,0.0439453125,O2O identity,s_16_32,16–32 px,runs/20260903_boundary_full_grid_1024_postprocess_v2/tau_01250/survival_cif.csv,1a90951b52587823e82fe89c99a12c8512030f465a66915028285ed8a2773740,focal-GT directional trajectory,,,survival probability,
final_evidence_v3_bound_output,0.9874951674330984,0.9712751931858368,,o2o,0.980219314379384,EV-BOUNDARY-GEOMETRY-V3,V3,300,km_survival,,3964,0,a,0.044921875,O2O identity,s_16_32,16–32 px,runs/20260903_boundary_full_grid_1024_postprocess_v2/tau_01250/survival_cif.csv,1a90951b52587823e82fe89c99a12c8512030f465a66915028285ed8a2773740,focal-GT directional trajectory,,,survival probability,
final_evidence_v3_bound_output,0.9872167409368636,0.9703871530111162,,o2o,0.9797116707227996,EV-BOUNDARY-GEOMETRY-V3,V3,300,km_survival,,3964,0,a,0.0458984375,O2O identity,s_16_32,16–32 px,runs/20260903_boundary_full_grid_1024_postprocess_v2/tau_01250/survival_cif.csv,1a90951b52587823e82fe89c99a12c8512030f465a66915028285ed8a2773740,focal-GT directional trajectory,,,survival probability,
final_evidence_v3_bound_output,0.9869176123006352,0.9699977839830994,,o2o,0.9794577173069756,EV-BOUNDARY-GEOMETRY-V3,V3,300,km_survival,,3964,0,a,0.046875,O2O identity,s_16_32,16–32 px,runs/20260903_boundary_full_grid_1024_postprocess_v2/tau_01250/survival_cif.csv,1a90951b52587823e82fe89c99a12c8512030f465a66915028285ed8a2773740,focal-GT directional trajectory,,,survival probability,
final_evidence_v3_bound_output,0.9868382339075792,0.9694817474892636,,o2o,0.9792037638911516,EV-BOUNDARY-GEOMETRY-V3,V3,300,km_survival,,3964,0,a,0.048828125,O2O identity,s_16_32,16–32 px,runs/20260903_boundary_full_grid_1024_postprocess_v2/tau_01250/survival_cif.csv,1a90951b52587823e82fe89c99a12c8512030f465a66915028285ed8a2773740,focal-GT directional trajectory,,,survival probability,
final_evidence_v3_bound_output,0.9864086008207408,0.9679873684613268,,o2o,0.9781879502278552,EV-BOUNDARY-GEOMETRY-V3,V3,300,km_survival,,3964,0,a,0.0498046875,O2O identity,s_16_32,16–32 px,runs/20260903_boundary_full_grid_1024_postprocess_v2/tau_01250/survival_cif.csv,1a90951b52587823e82fe89c99a12c8512030f465a66915028285ed8a2773740,focal-GT directional trajectory,,,survival probability,
final_evidence_v3_bound_output,0.9860465545692958,0.96714344429287,,o2o,0.977680043396207,EV-BOUNDARY-GEOMETRY-V3,V3,300,km_survival,,3964,0,a,0.05078125,O2O identity,s_16_32,16–32 px,runs/20260903_boundary_full_grid_1024_postprocess_v2/tau_01250/survival_cif.csv,1a90951b52587823e82fe89c99a12c8512030f465a66915028285ed8a2773740,focal-GT directional trajectory,,,survival probability,
final_evidence_v3_bound_output,0.9859695291571996,0.965804225808187,,o2o,0.9771721365645588,EV-BOUNDARY-GEOMETRY-V3,V3,300,km_survival,,3964,0,a,0.0517578125,O2O identity,s_16_32,16–32 px,runs/20260903_boundary_full_grid_1024_postprocess_v2/tau_01250/survival_cif.csv,1a90951b52587823e82fe89c99a12c8512030f465a66915028285ed8a2773740,focal-GT directional trajectory,,,survival probability,
final_evidence_v3_bound_output,0.9857570338850896,0.9655567954669046,,o2o,0.9769181831487348,EV-BOUNDARY-GEOMETRY-V3,V3,300,km_survival,,3964,0,a,0.052734375,O2O identity,s_16_32,16–32 px,runs/20260903_boundary_full_grid_1024_postprocess_v2/tau_01250/survival_cif.csv,1a90951b52587823e82fe89c99a12c8512030f465a66915028285ed8a2773740,focal-GT directional trajectory,,,survival probability,
final_evidence_v3_bound_output,0.9855496910461796,0.9654058428288704,,o2o,0.9766642297329108,EV-BOUNDARY-GEOMETRY-V3,V3,300,km_survival,,3964,0,a,0.0537109375,O2O identity,s_16_32,16–32 px,runs/20260903_boundary_full_grid_1024_postprocess_v2/tau_01250/survival_cif.csv,1a90951b52587823e82fe89c99a12c8512030f465a66915028285ed8a2773740,focal-GT directional trajectory,,,survival probability,
final_evidence_v3_bound_output,0.985153663678975,0.963190082017208,,o2o,0.9756481518678174,EV-BOUNDARY-GEOMETRY-V3,V3,300,km_survival,,3964,0,a,0.0546875,O2O identity,s_16_32,16–32 px,runs/20260903_boundary_full_grid_1024_postprocess_v2/tau_01250/survival_cif.csv,1a90951b52587823e82fe89c99a12c8512030f465a66915028285ed8a2773740,focal-GT directional trajectory,,,survival probability,
final_evidence_v3_bound_output,0.9848115868141516,0.9621343346064836,,o2o,0.975139980627956,EV-BOUNDARY-GEOMETRY-V3,V3,300,km_survival,,3964,0,a,0.0556640625,O2O identity,s_16_32,16–32 px,runs/20260903_boundary_full_grid_1024_postprocess_v2/tau_01250/survival_cif.csv,1a90951b52587823e82fe89c99a12c8512030f465a66915028285ed8a2773740,focal-GT directional trajectory,,,survival probability,
final_evidence_v3_bound_output,0.984272448100362,0.9618353764993832,,o2o,0.9746316769428462,EV-BOUNDARY-GEOMETRY-V3,V3,300,km_survival,,3964,0,a,0.056640625,O2O identity,s_16_32,16–32 px,runs/20260903_boundary_full_grid_1024_postprocess_v2/tau_01250/survival_cif.csv,1a90951b52587823e82fe89c99a12c8512030f465a66915028285ed8a2773740,focal-GT directional trajectory,,,survival probability,
final_evidence_v3_bound_output,0.9837563953928712,0.9612730555117118,,o2o,0.9741233732577363,EV-BOUNDARY-GEOMETRY-V3,V3,300,km_survival,,3964,0,a,0.0576171875,O2O identity,s_16_32,16–32 px,runs/20260903_boundary_full_grid_1024_postprocess_v2/tau_01250/survival_cif.csv,1a90951b52587823e82fe89c99a12c8512030f465a66915028285ed8a2773740,focal-GT directional trajectory,,,survival probability,
final_evidence_v3_bound_output,0.9835301922301096,0.9610076157758992,,o2o,0.9738692214151816,EV-BOUNDARY-GEOMETRY-V3,V3,300,km_survival,,3964,0,a,0.05859375,O2O identity,s_16_32,16–32 px,runs/20260903_boundary_full_grid_1024_postprocess_v2/tau_01250/survival_cif.csv,1a90951b52587823e82fe89c99a12c8512030f465a66915028285ed8a2773740,focal-GT directional trajectory,,,survival probability,
final_evidence_v3_bound_output,0.983186133904436,0.9608500006128714,,o2o,0.9736150695726266,EV-BOUNDARY-GEOMETRY-V3,V3,300,km_survival,,3964,0,a,0.0595703125,O2O identity,s_16_32,16–32 px,runs/20260903_boundary_full_grid_1024_postprocess_v2/tau_01250/survival_cif.csv,1a90951b52587823e82fe89c99a12c8512030f465a66915028285ed8a2773740,focal-GT directional trajectory,,,survival probability,
final_evidence_v3_bound_output,0.981261537364655,0.9575520246602882,,o2o,0.9710735511470776,EV-BOUNDARY-GEOMETRY-V3,V3,300,km_survival,,3964,0,a,0.060546875,O2O identity,s_16_32,16–32 px,runs/20260903_boundary_full_grid_1024_postprocess_v2/tau_01250/survival_cif.csv,1a90951b52587823e82fe89c99a12c8512030f465a66915028285ed8a2773740,focal-GT directional trajectory,,,survival probability,
final_evidence_v3_bound_output,0.980918449177931,0.9562112875982076,,o2o,0.9703110956194128,EV-BOUNDARY-GEOMETRY-V3,V3,300,km_survival,,3964,0,a,0.0615234375,O2O identity,s_16_32,16–32 px,runs/20260903_boundary_full_grid_1024_postprocess_v2/tau_01250/survival_cif.csv,1a90951b52587823e82fe89c99a12c8512030f465a66915028285ed8a2773740,focal-GT directional trajectory,,,survival probability,
final_evidence_v3_bound_output,0.9798068933373372,0.95524197446623,,o2o,0.9692939554137788,EV-BOUNDARY-GEOMETRY-V3,V3,300,km_survival,,3964,0,a,0.0625,O2O identity,s_16_32,16–32 px,runs/20260903_boundary_full_grid_1024_postprocess_v2/tau_01250/survival_cif.csv,1a90951b52587823e82fe89c99a12c8512030f465a66915028285ed8a2773740,focal-GT directional trajectory,,,survival probability,
final_evidence_v3_bound_output,0.9795337837942306,0.9546944726937372,,o2o,0.9687852518574214,EV-BOUNDARY-GEOMETRY-V3,V3,300,km_survival,,3964,0,a,0.0634765625,O2O identity,s_16_32,16–32 px,runs/20260903_boundary_full_grid_1024_postprocess_v2/tau_01250/survival_cif.csv,1a90951b52587823e82fe89c99a12c8512030f465a66915028285ed8a2773740,focal-GT directional trajectory,,,survival probability,
final_evidence_v3_bound_output,0.979096945314268,0.9534831493355984,,o2o,0.9680221965228852,EV-BOUNDARY-GEOMETRY-V3,V3,300,km_survival,,3964,0,a,0.0654296875,O2O identity,s_16_32,16–32 px,runs/20260903_boundary_full_grid_1024_postprocess_v2/tau_01250/survival_cif.csv,1a90951b52587823e82fe89c99a12c8512030f465a66915028285ed8a2773740,focal-GT directional trajectory,,,survival probability,
final_evidence_v3_bound_output,0.9788138684440156,0.9528169295625356,,o2o,0.9675134929665278,EV-BOUNDARY-GEOMETRY-V3,V3,300,km_survival,,3964,0,a,0.06640625,O2O identity,s_16_32,16–32 px,runs/20260903_boundary_full_grid_1024_postprocess_v2/tau_01250/survival_cif.csv,1a90951b52587823e82fe89c99a12c8512030f465a66915028285ed8a2773740,focal-GT directional trajectory,,,survival probability,
final_evidence_v3_bound_output,0.9785009169191228,0.9513686355693028,,o2o,0.9667504376319916,EV-BOUNDARY-GEOMETRY-V3,V3,300,km_survival,,3964,0,a,0.0673828125,O2O identity,s_16_32,16–32 px,runs/20260903_boundary_full_grid_1024_postprocess_v2/tau_01250/survival_cif.csv,1a90951b52587823e82fe89c99a12c8512030f465a66915028285ed8a2773740,focal-GT directional trajectory,,,survival probability,
final_evidence_v3_bound_output,0.9779002405399332,0.9507502747374772,,o2o,0.9662417340756344,EV-BOUNDARY-GEOMETRY-V3,V3,300,km_survival,,3964,0,a,0.068359375,O2O identity,s_16_32,16–32 px,runs/20260903_boundary_full_grid_1024_postprocess_v2/tau_01250/survival_cif.csv,1a90951b52587823e82fe89c99a12c8512030f465a66915028285ed8a2773740,focal-GT directional trajectory,,,survival probability,
final_evidence_v3_bound_output,0.9776128710863072,0.9504692962227624,,o2o,0.9659873822974556,EV-BOUNDARY-GEOMETRY-V3,V3,300,km_survival,,3964,0,a,0.0693359375,O2O identity,s_16_32,16–32 px,runs/20260903_boundary_full_grid_1024_postprocess_v2/tau_01250/survival_cif.csv,1a90951b52587823e82fe89c99a12c8512030f465a66915028285ed8a2773740,focal-GT directional trajectory,,,survival probability,
final_evidence_v3_bound_output,0.976450029236538,0.9485973600784888,,o2o,0.9644612716283836,EV-BOUNDARY-GEOMETRY-V3,V3,300,km_survival,,3964,0,a,0.0703125,O2O identity,s_16_32,16–32 px,runs/20260903_boundary_full_grid_1024_postprocess_v2/tau_01250/survival_cif.csv,1a90951b52587823e82fe89c99a12c8512030f465a66915028285ed8a2773740,focal-GT directional trajectory,,,survival probability,
final_evidence_v3_bound_output,0.9756804652815658,0.9479446161789308,,o2o,0.9636982162938474,EV-BOUNDARY-GEOMETRY-V3,V3,300,km_survival,,3964,0,a,0.0712890625,O2O identity,s_16_32,16–32 px,runs/20260903_boundary_full_grid_1024_postprocess_v2/tau_01250/survival_cif.csv,1a90951b52587823e82fe89c99a12c8512030f465a66915028285ed8a2773740,focal-GT directional trajectory,,,survival probability,
final_evidence_v3_bound_output,0.9746897032902826,0.9470704791499094,,o2o,0.9626808091811327,EV-BOUNDARY-GEOMETRY-V3,V3,300,km_survival,,3964,0,a,0.072265625,O2O identity,s_16_32,16–32 px,runs/20260903_boundary_full_grid_1024_postprocess_v2/tau_01250/survival_cif.csv,1a90951b52587823e82fe89c99a12c8512030f465a66915028285ed8a2773740,focal-GT directional trajectory,,,survival probability,
final_evidence_v3_bound_output,0.9745619657373158,0.9467159417591438,,o2o,0.962426457402954,EV-BOUNDARY-GEOMETRY-V3,V3,300,km_survival,,3964,0,a,0.0732421875,O2O identity,s_16_32,16–32 px,runs/20260903_boundary_full_grid_1024_postprocess_v2/tau_01250/survival_cif.csv,1a90951b52587823e82fe89c99a12c8512030f465a66915028285ed8a2773740,focal-GT directional trajectory,,,survival probability,
final_evidence_v3_bound_output,0.974246909800364,0.9464544351522274,,o2o,0.9621721056247754,EV-BOUNDARY-GEOMETRY-V3,V3,300,km_survival,,3964,0,a,0.07421875,O2O identity,s_16_32,16–32 px,runs/20260903_boundary_full_grid_1024_postprocess_v2/tau_01250/survival_cif.csv,1a90951b52587823e82fe89c99a12c8512030f465a66915028285ed8a2773740,focal-GT directional trajectory,,,survival probability,
final_evidence_v3_bound_output,0.9736877207254756,0.9454175135790592,,o2o,0.9614090502902394,EV-BOUNDARY-GEOMETRY-V3,V3,300,km_survival,,3964,0,a,0.0751953125,O2O identity,s_16_32,16–32 px,runs/20260903_boundary_full_grid_1024_postprocess_v2/tau_01250/survival_cif.csv,1a90951b52587823e82fe89c99a12c8512030f465a66915028285ed8a2773740,focal-GT directional trajectory,,,survival probability,
final_evidence_v3_bound_output,0.9736473154463076,0.9444448665489767,,o2o,0.960900346733882,EV-BOUNDARY-GEOMETRY-V3,V3,300,km_survival,,3964,0,a,0.076171875,O2O identity,s_16_32,16–32 px,runs/20260903_boundary_full_grid_1024_postprocess_v2/tau_01250/survival_cif.csv,1a90951b52587823e82fe89c99a12c8512030f465a66915028285ed8a2773740,focal-GT directional trajectory,,,survival probability,
final_evidence_v3_bound_output,0.9733505336840448,0.9441063253092584,,o2o,0.9606459949557034,EV-BOUNDARY-GEOMETRY-V3,V3,300,km_survival,,3964,0,a,0.078125,O2O identity,s_16_32,16–32 px,runs/20260903_boundary_full_grid_1024_postprocess_v2/tau_01250/survival_cif.csv,1a90951b52587823e82fe89c99a12c8512030f465a66915028285ed8a2773740,focal-GT directional trajectory,,,survival probability,
final_evidence_v3_bound_output,0.9729783452567063,0.943832643350191,,o2o,0.9603916431775248,EV-BOUNDARY-GEOMETRY-V3,V3,300,km_survival,,3964,0,a,0.0791015625,O2O identity,s_16_32,16–32 px,runs/20260903_boundary_full_grid_1024_postprocess_v2/tau_01250/survival_cif.csv,1a90951b52587823e82fe89c99a12c8512030f465a66915028285ed8a2773740,focal-GT directional trajectory,,,survival probability,
final_evidence_v3_bound_output,0.9728635240726936,0.9437274724749845,,o2o,0.960137291399346,EV-BOUNDARY-GEOMETRY-V3,V3,300,km_survival,,3964,0,a,0.080078125,O2O identity,s_16_32,16–32 px,runs/20260903_boundary_full_grid_1024_postprocess_v2/tau_01250/survival_cif.csv,1a90951b52587823e82fe89c99a12c8512030f465a66915028285ed8a2773740,focal-GT directional trajectory,,,survival probability,
final_evidence_v3_bound_output,0.9724881128524578,0.9429346333197846,,o2o,0.9596285878429888,EV-BOUNDARY-GEOMETRY-V3,V3,300,km_survival,,3964,0,a,0.0810546875,O2O identity,s_16_32,16–32 px,runs/20260903_boundary_full_grid_1024_postprocess_v2/tau_01250/survival_cif.csv,1a90951b52587823e82fe89c99a12c8512030f465a66915028285ed8a2773740,focal-GT directional trajectory,,,survival probability,
final_evidence_v3_bound_output,0.9722442955760224,0.9427009545291682,,o2o,0.95937423606481,EV-BOUNDARY-GEOMETRY-V3,V3,300,km_survival,,3964,0,a,0.08203125,O2O identity,s_16_32,16–32 px,runs/20260903_boundary_full_grid_1024_postprocess_v2/tau_01250/survival_cif.csv,1a90951b52587823e82fe89c99a12c8512030f465a66915028285ed8a2773740,focal-GT directional trajectory,,,survival probability,
final_evidence_v3_bound_output,0.9720482467584676,0.9424645535840342,,o2o,0.9591198842866312,EV-BOUNDARY-GEOMETRY-V3,V3,300,km_survival,,3964,0,a,0.0830078125,O2O identity,s_16_32,16–32 px,runs/20260903_boundary_full_grid_1024_postprocess_v2/tau_01250/survival_cif.csv,1a90951b52587823e82fe89c99a12c8512030f465a66915028285ed8a2773740,focal-GT directional trajectory,,,survival probability,
final_evidence_v3_bound_output,0.9717395177255164,0.9417328212677614,,o2o,0.9586111807302738,EV-BOUNDARY-GEOMETRY-V3,V3,300,km_survival,,3964,0,a,0.0849609375,O2O identity,s_16_32,16–32 px,runs/20260903_boundary_full_grid_1024_postprocess_v2/tau_01250/survival_cif.csv,1a90951b52587823e82fe89c99a12c8512030f465a66915028285ed8a2773740,focal-GT directional trajectory,,,survival probability,
final_evidence_v3_bound_output,0.971299160868624,0.94068747270806,,o2o,0.9578481253957378,EV-BOUNDARY-GEOMETRY-V3,V3,300,km_survival,,3964,0,a,0.0859375,O2O identity,s_16_32,16–32 px,runs/20260903_boundary_full_grid_1024_postprocess_v2/tau_01250/survival_cif.csv,1a90951b52587823e82fe89c99a12c8512030f465a66915028285ed8a2773740,focal-GT directional trajectory,,,survival probability,
final_evidence_v3_bound_output,0.9708590338920368,0.939999921613035,,o2o,0.9573394218393804,EV-BOUNDARY-GEOMETRY-V3,V3,300,km_survival,,3964,0,a,0.0869140625,O2O identity,s_16_32,16–32 px,runs/20260903_boundary_full_grid_1024_postprocess_v2/tau_01250/survival_cif.csv,1a90951b52587823e82fe89c99a12c8512030f465a66915028285ed8a2773740,focal-GT directional trajectory,,,survival probability,
final_evidence_v3_bound_output,0.9706267352010972,0.939633221331253,,o2o,0.9570850700612018,EV-BOUNDARY-GEOMETRY-V3,V3,300,km_survival,,3964,0,a,0.087890625,O2O identity,s_16_32,16–32 px,runs/20260903_boundary_full_grid_1024_postprocess_v2/tau_01250/survival_cif.csv,1a90951b52587823e82fe89c99a12c8512030f465a66915028285ed8a2773740,focal-GT directional trajectory,,,survival probability,
final_evidence_v3_bound_output,0.9702163299076006,0.939018840801012,,o2o,0.9565763665048445,EV-BOUNDARY-GEOMETRY-V3,V3,300,km_survival,,3964,0,a,0.0888671875,O2O identity,s_16_32,16–32 px,runs/20260903_boundary_full_grid_1024_postprocess_v2/tau_01250/survival_cif.csv,1a90951b52587823e82fe89c99a12c8512030f465a66915028285ed8a2773740,focal-GT directional trajectory,,,survival probability,
final_evidence_v3_bound_output,0.9698518508175928,0.9387783151281318,,o2o,0.9560676629484868,EV-BOUNDARY-GEOMETRY-V3,V3,300,km_survival,,3964,0,a,0.08984375,O2O identity,s_16_32,16–32 px,runs/20260903_boundary_full_grid_1024_postprocess_v2/tau_01250/survival_cif.csv,1a90951b52587823e82fe89c99a12c8512030f465a66915028285ed8a2773740,focal-GT directional trajectory,,,survival probability,
final_evidence_v3_bound_output,0.9695132637762433,0.9382546184076463,,o2o,0.9555589593921296,EV-BOUNDARY-GEOMETRY-V3,V3,300,km_survival,,3964,0,a,0.0908203125,O2O identity,s_16_32,16–32 px,runs/20260903_boundary_full_grid_1024_postprocess_v2/tau_01250/survival_cif.csv,1a90951b52587823e82fe89c99a12c8512030f465a66915028285ed8a2773740,focal-GT directional trajectory,,,survival probability,
final_evidence_v3_bound_output,0.968926880702184,0.9375388834967158,,o2o,0.9550502558357722,EV-BOUNDARY-GEOMETRY-V3,V3,300,km_survival,,3964,0,a,0.091796875,O2O identity,s_16_32,16–32 px,runs/20260903_boundary_full_grid_1024_postprocess_v2/tau_01250/survival_cif.csv,1a90951b52587823e82fe89c99a12c8512030f465a66915028285ed8a2773740,focal-GT directional trajectory,,,survival probability,
final_evidence_v3_bound_output,0.9687297593470804,0.937375062849412,,o2o,0.9547959040575936,EV-BOUNDARY-GEOMETRY-V3,V3,300,km_survival,,3964,0,a,0.0947265625,O2O identity,s_16_32,16–32 px,runs/20260903_boundary_full_grid_1024_postprocess_v2/tau_01250/survival_cif.csv,1a90951b52587823e82fe89c99a12c8512030f465a66915028285ed8a2773740,focal-GT directional trajectory,,,survival probability,
final_evidence_v3_bound_output,0.9681344265970568,0.936386725257132,,o2o,0.9540326453956268,EV-BOUNDARY-GEOMETRY-V3,V3,300,km_survival,,3964,0,a,0.0966796875,O2O identity,s_16_32,16–32 px,runs/20260903_boundary_full_grid_1024_postprocess_v2/tau_01250/survival_cif.csv,1a90951b52587823e82fe89c99a12c8512030f465a66915028285ed8a2773740,focal-GT directional trajectory,,,survival probability,
final_evidence_v3_bound_output,0.967856821359756,0.9354819956661604,,o2o,0.9535238062876492,EV-BOUNDARY-GEOMETRY-V3,V3,300,km_survival,,3964,0,a,0.09765625,O2O identity,s_16_32,16–32 px,runs/20260903_boundary_full_grid_1024_postprocess_v2/tau_01250/survival_cif.csv,1a90951b52587823e82fe89c99a12c8512030f465a66915028285ed8a2773740,focal-GT directional trajectory,,,survival probability,
final_evidence_v3_bound_output,0.9670267001911598,0.9341900460883148,,o2o,0.9525061280716935,EV-BOUNDARY-GEOMETRY-V3,V3,300,km_survival,,3964,0,a,0.099609375,O2O identity,s_16_32,16–32 px,runs/20260903_boundary_full_grid_1024_postprocess_v2/tau_01250/survival_cif.csv,1a90951b52587823e82fe89c99a12c8512030f465a66915028285ed8a2773740,focal-GT directional trajectory,,,survival probability,
final_evidence_v3_bound_output,0.9666497338624114,0.9339394574447608,,o2o,0.9522517085177048,EV-BOUNDARY-GEOMETRY-V3,V3,300,km_survival,,3964,0,a,0.1005859375,O2O identity,s_16_32,16–32 px,runs/20260903_boundary_full_grid_1024_postprocess_v2/tau_01250/survival_cif.csv,1a90951b52587823e82fe89c99a12c8512030f465a66915028285ed8a2773740,focal-GT directional trajectory,,,survival probability,
final_evidence_v3_bound_output,0.9665331100464024,0.933911555206891,,o2o,0.9519972889637158,EV-BOUNDARY-GEOMETRY-V3,V3,300,km_survival,,3964,0,a,0.1044921875,O2O identity,s_16_32,16–32 px,runs/20260903_boundary_full_grid_1024_postprocess_v2/tau_01250/survival_cif.csv,1a90951b52587823e82fe89c99a12c8512030f465a66915028285ed8a2773740,focal-GT directional trajectory,,,survival probability,
final_evidence_v3_bound_output,0.9658854938048856,0.9331399133597544,,o2o,0.9512340303017492,EV-BOUNDARY-GEOMETRY-V3,V3,300,km_survival,,3964,0,a,0.10546875,O2O identity,s_16_32,16–32 px,runs/20260903_boundary_full_grid_1024_postprocess_v2/tau_01250/survival_cif.csv,1a90951b52587823e82fe89c99a12c8512030f465a66915028285ed8a2773740,focal-GT directional trajectory,,,survival probability,
final_evidence_v3_bound_output,0.9658649111540056,0.9328950095122284,,o2o,0.9509796107477604,EV-BOUNDARY-GEOMETRY-V3,V3,300,km_survival,,3964,0,a,0.1064453125,O2O identity,s_16_32,16–32 px,runs/20260903_boundary_full_grid_1024_postprocess_v2/tau_01250/survival_cif.csv,1a90951b52587823e82fe89c99a12c8512030f465a66915028285ed8a2773740,focal-GT directional trajectory,,,survival probability,
final_evidence_v3_bound_output,0.9656227173810868,0.9327563525835396,,o2o,0.9507251911937714,EV-BOUNDARY-GEOMETRY-V3,V3,300,km_survival,,3964,0,a,0.107421875,O2O identity,s_16_32,16–32 px,runs/20260903_boundary_full_grid_1024_postprocess_v2/tau_01250/survival_cif.csv,1a90951b52587823e82fe89c99a12c8512030f465a66915028285ed8a2773740,focal-GT directional trajectory,,,survival probability,
final_evidence_v3_bound_output,0.9650124372609652,0.9315827015682168,,o2o,0.9499619325318048,EV-BOUNDARY-GEOMETRY-V3,V3,300,km_survival,,3964,0,a,0.1083984375,O2O identity,s_16_32,16–32 px,runs/20260903_boundary_full_grid_1024_postprocess_v2/tau_01250/survival_cif.csv,1a90951b52587823e82fe89c99a12c8512030f465a66915028285ed8a2773740,focal-GT directional trajectory,,,survival probability,
final_evidence_v3_bound_output,0.9640488479523484,0.930757575604996,,o2o,0.9489439816874512,EV-BOUNDARY-GEOMETRY-V3,V3,300,km_survival,,3964,0,a,0.109375,O2O identity,s_16_32,16–32 px,runs/20260903_boundary_full_grid_1024_postprocess_v2/tau_01250/survival_cif.csv,1a90951b52587823e82fe89c99a12c8512030f465a66915028285ed8a2773740,focal-GT directional trajectory,,,survival probability,
final_evidence_v3_bound_output,0.9634920956042766,0.9295252348979776,,o2o,0.9481805185541862,EV-BOUNDARY-GEOMETRY-V3,V3,300,km_survival,,3964,0,a,0.1103515625,O2O identity,s_16_32,16–32 px,runs/20260903_boundary_full_grid_1024_postprocess_v2/tau_01250/survival_cif.csv,1a90951b52587823e82fe89c99a12c8512030f465a66915028285ed8a2773740,focal-GT directional trajectory,,,survival probability,
final_evidence_v3_bound_output,0.9632707861893632,0.9287650882226064,,o2o,0.9476714064884464,EV-BOUNDARY-GEOMETRY-V3,V3,300,km_survival,,3964,0,a,0.111328125,O2O identity,s_16_32,16–32 px,runs/20260903_boundary_full_grid_1024_postprocess_v2/tau_01250/survival_cif.csv,1a90951b52587823e82fe89c99a12c8512030f465a66915028285ed8a2773740,focal-GT directional trajectory,,,survival probability,
final_evidence_v3_bound_output,0.9625710609065669,0.9280024481749248,,o2o,0.9469077383898372,EV-BOUNDARY-GEOMETRY-V3,V3,300,km_survival,,3964,0,a,0.1123046875,O2O identity,s_16_32,16–32 px,runs/20260903_boundary_full_grid_1024_postprocess_v2/tau_01250/survival_cif.csv,1a90951b52587823e82fe89c99a12c8512030f465a66915028285ed8a2773740,focal-GT directional trajectory,,,survival probability,
final_evidence_v3_bound_output,0.9622705455910296,0.927139157786269,,o2o,0.9463986263240975,EV-BOUNDARY-GEOMETRY-V3,V3,300,km_survival,,3964,0,a,0.11328125,O2O identity,s_16_32,16–32 px,runs/20260903_boundary_full_grid_1024_postprocess_v2/tau_01250/survival_cif.csv,1a90951b52587823e82fe89c99a12c8512030f465a66915028285ed8a2773740,focal-GT directional trajectory,,,survival probability,
final_evidence_v3_bound_output,0.9607614632713108,0.9253678242823508,,o2o,0.9446167340940088,EV-BOUNDARY-GEOMETRY-V3,V3,300,km_survival,,3964,0,a,0.1142578125,O2O identity,s_16_32,16–32 px,runs/20260903_boundary_full_grid_1024_postprocess_v2/tau_01250/survival_cif.csv,1a90951b52587823e82fe89c99a12c8512030f465a66915028285ed8a2773740,focal-GT directional trajectory,,,survival probability,
final_evidence_v3_bound_output,0.9599948702670532,0.9242576479399532,,o2o,0.9435985099625296,EV-BOUNDARY-GEOMETRY-V3,V3,300,km_survival,,3964,0,a,0.115234375,O2O identity,s_16_32,16–32 px,runs/20260903_boundary_full_grid_1024_postprocess_v2/tau_01250/survival_cif.csv,1a90951b52587823e82fe89c99a12c8512030f465a66915028285ed8a2773740,focal-GT directional trajectory,,,survival probability,
final_evidence_v3_bound_output,0.9597717314712432,0.9234792250996586,,o2o,0.94308939789679,EV-BOUNDARY-GEOMETRY-V3,V3,300,km_survival,,3964,0,a,0.1162109375,O2O identity,s_16_32,16–32 px,runs/20260903_boundary_full_grid_1024_postprocess_v2/tau_01250/survival_cif.csv,1a90951b52587823e82fe89c99a12c8512030f465a66915028285ed8a2773740,focal-GT directional trajectory,,,survival probability,
final_evidence_v3_bound_output,0.959730772581692,0.92309970475989,,o2o,0.9428348418639204,EV-BOUNDARY-GEOMETRY-V3,V3,300,km_survival,,3964,0,a,0.1171875,O2O identity,s_16_32,16–32 px,runs/20260903_boundary_full_grid_1024_postprocess_v2/tau_01250/survival_cif.csv,1a90951b52587823e82fe89c99a12c8512030f465a66915028285ed8a2773740,focal-GT directional trajectory,,,survival probability,
final_evidence_v3_bound_output,0.9586047381362997,0.9215899508866074,,o2o,0.9415610299499168,EV-BOUNDARY-GEOMETRY-V3,V3,300,km_survival,,3964,0,a,0.1181640625,O2O identity,s_16_32,16–32 px,runs/20260903_boundary_full_grid_1024_postprocess_v2/tau_01250/survival_cif.csv,1a90951b52587823e82fe89c99a12c8512030f465a66915028285ed8a2773740,focal-GT directional trajectory,,,survival probability,
final_evidence_v3_bound_output,0.957949150224804,0.9204634530330238,,o2o,0.9407967428015148,EV-BOUNDARY-GEOMETRY-V3,V3,300,km_survival,,3964,0,a,0.119140625,O2O identity,s_16_32,16–32 px,runs/20260903_boundary_full_grid_1024_postprocess_v2/tau_01250/survival_cif.csv,1a90951b52587823e82fe89c99a12c8512030f465a66915028285ed8a2773740,focal-GT directional trajectory,,,survival probability,
final_evidence_v3_bound_output,0.9569479093007498,0.9193007828792452,,o2o,0.939777693270312,EV-BOUNDARY-GEOMETRY-V3,V3,300,km_survival,,3964,0,a,0.1201171875,O2O identity,s_16_32,16–32 px,runs/20260903_boundary_full_grid_1024_postprocess_v2/tau_01250/survival_cif.csv,1a90951b52587823e82fe89c99a12c8512030f465a66915028285ed8a2773740,focal-GT directional trajectory,,,survival probability,
final_evidence_v3_bound_output,0.9565301026471928,0.918751666142014,,o2o,0.9392681685047104,EV-BOUNDARY-GEOMETRY-V3,V3,300,km_survival,,3964,0,a,0.12109375,O2O identity,s_16_32,16–32 px,runs/20260903_boundary_full_grid_1024_postprocess_v2/tau_01250/survival_cif.csv,1a90951b52587823e82fe89c99a12c8512030f465a66915028285ed8a2773740,focal-GT directional trajectory,,,survival probability,
final_evidence_v3_bound_output,0.9558472129083656,0.9179081392113164,,o2o,0.9385038813563084,EV-BOUNDARY-GEOMETRY-V3,V3,300,km_survival,,3964,0,a,0.1240234375,O2O identity,s_16_32,16–32 px,runs/20260903_boundary_full_grid_1024_postprocess_v2/tau_01250/survival_cif.csv,1a90951b52587823e82fe89c99a12c8512030f465a66915028285ed8a2773740,focal-GT directional trajectory,,,survival probability,
final_evidence_v3_bound_output,0.9539640226276106,0.9153276050407332,,o2o,0.936211019911102,EV-BOUNDARY-GEOMETRY-V3,V3,300,km_survival,,3964,0,a,0.125,O2O identity,s_16_32,16–32 px,runs/20260903_boundary_full_grid_1024_postprocess_v2/tau_01250/survival_cif.csv,1a90951b52587823e82fe89c99a12c8512030f465a66915028285ed8a2773740,focal-GT directional trajectory,,,survival probability,
final_evidence_v3_bound_output,1.0,1.0,,o2m_assigned_positive,1.0,EV-BOUNDARY-GEOMETRY-V3,V3,300,km_survival,,3964,0,a,0.0,O2M assigned Top-1 state,s_16_32,16–32 px,runs/20260903_boundary_full_grid_1024_postprocess_v2/tau_01250/survival_cif.csv,1a90951b52587823e82fe89c99a12c8512030f465a66915028285ed8a2773740,focal-GT directional trajectory,,,survival probability,
final_evidence_v3_bound_output,0.9919292786446502,0.9829151845254428,,o2m_assigned_positive,0.987829121160874,EV-BOUNDARY-GEOMETRY-V3,V3,300,km_survival,,3964,0,a,0.0009765625,O2M assigned Top-1 state,s_16_32,16–32 px,runs/20260903_boundary_full_grid_1024_postprocess_v2/tau_01250/survival_cif.csv,1a90951b52587823e82fe89c99a12c8512030f465a66915028285ed8a2773740,focal-GT directional trajectory,,,survival probability,
final_evidence_v3_bound_output,0.9862009577962818,0.9736751493577168,,o2m_assigned_positive,0.9805111054647868,EV-BOUNDARY-GEOMETRY-V3,V3,300,km_survival,,3964,0,a,0.001953125,O2M assigned Top-1 state,s_16_32,16–32 px,runs/20260903_boundary_full_grid_1024_postprocess_v2/tau_01250/survival_cif.csv,1a90951b52587823e82fe89c99a12c8512030f465a66915028285ed8a2773740,focal-GT directional trajectory,,,survival probability,
final_evidence_v3_bound_output,0.9788559098672436,0.9644814463958452,,o2m_assigned_positive,0.972143626262888,EV-BOUNDARY-GEOMETRY-V3,V3,300,km_survival,,3964,0,a,0.0029296875,O2M assigned Top-1 state,s_16_32,16–32 px,runs/20260903_boundary_full_grid_1024_postprocess_v2/tau_01250/survival_cif.csv,1a90951b52587823e82fe89c99a12c8512030f465a66915028285ed8a2773740,focal-GT directional trajectory,,,survival probability,
final_evidence_v3_bound_output,0.9730936790247356,0.9563700246355576,,o2m_assigned_positive,0.9650439469400643,EV-BOUNDARY-GEOMETRY-V3,V3,300,km_survival,,3964,0,a,0.00390625,O2M assigned Top-1 state,s_16_32,16–32 px,runs/20260903_boundary_full_grid_1024_postprocess_v2/tau_01250/survival_cif.csv,1a90951b52587823e82fe89c99a12c8512030f465a66915028285ed8a2773740,focal-GT directional trajectory,,,survival probability,
final_evidence_v3_bound_output,0.9659525799261144,0.9466569250260728,,o2m_assigned_positive,0.9566764677381652,EV-BOUNDARY-GEOMETRY-V3,V3,300,km_survival,,3964,0,a,0.0048828125,O2M assigned Top-1 state,s_16_32,16–32 px,runs/20260903_boundary_full_grid_1024_postprocess_v2/tau_01250/survival_cif.csv,1a90951b52587823e82fe89c99a12c8512030f465a66915028285ed8a2773740,focal-GT directional trajectory,,,survival probability,
final_evidence_v3_bound_output,0.9588971780509374,0.9370929454848632,,o2m_assigned_positive,0.948308988536266,EV-BOUNDARY-GEOMETRY-V3,V3,300,km_survival,,3964,0,a,0.005859375,O2M assigned Top-1 state,s_16_32,16–32 px,runs/20260903_boundary_full_grid_1024_postprocess_v2/tau_01250/survival_cif.csv,1a90951b52587823e82fe89c99a12c8512030f465a66915028285ed8a2773740,focal-GT directional trajectory,,,survival probability,
final_evidence_v3_bound_output,0.9520681318705784,0.9263093139527652,,o2m_assigned_positive,0.9394343893827368,EV-BOUNDARY-GEOMETRY-V3,V3,300,km_survival,,3964,0,a,0.0068359375,O2M assigned Top-1 state,s_16_32,16–32 px,runs/20260903_boundary_full_grid_1024_postprocess_v2/tau_01250/survival_cif.csv,1a90951b52587823e82fe89c99a12c8512030f465a66915028285ed8a2773740,focal-GT directional trajectory,,,survival probability,
final_evidence_v3_bound_output,0.9453866562365408,0.9183343953315204,,o2m_assigned_positive,0.932081150084098,EV-BOUNDARY-GEOMETRY-V3,V3,300,km_survival,,3964,0,a,0.0078125,O2M assigned Top-1 state,s_16_32,16–32 px,runs/20260903_boundary_full_grid_1024_postprocess_v2/tau_01250/survival_cif.csv,1a90951b52587823e82fe89c99a12c8512030f465a66915028285ed8a2773740,focal-GT directional trajectory,,,survival probability,
final_evidence_v3_bound_output,0.9400774097684592,0.9099896503622812,,o2m_assigned_positive,0.9252350307370896,EV-BOUNDARY-GEOMETRY-V3,V3,300,km_survival,,3964,0,a,0.0087890625,O2M assigned Top-1 state,s_16_32,16–32 px,runs/20260903_boundary_full_grid_1024_postprocess_v2/tau_01250/survival_cif.csv,1a90951b52587823e82fe89c99a12c8512030f465a66915028285ed8a2773740,focal-GT directional trajectory,,,survival probability,
final_evidence_v3_bound_output,0.9363203180867232,0.9059661192132626,,o2m_assigned_positive,0.9214316310998628,EV-BOUNDARY-GEOMETRY-V3,V3,300,km_survival,,3964,0,a,0.009765625,O2M assigned Top-1 state,s_16_32,16–32 px,runs/20260903_boundary_full_grid_1024_postprocess_v2/tau_01250/survival_cif.csv,1a90951b52587823e82fe89c99a12c8512030f465a66915028285ed8a2773740,focal-GT directional trajectory,,,survival probability,
final_evidence_v3_bound_output,0.931612448107678,0.899141220671261,,o2m_assigned_positive,0.9153461916802996,EV-BOUNDARY-GEOMETRY-V3,V3,300,km_survival,,3964,0,a,0.0107421875,O2M assigned Top-1 state,s_16_32,16–32 px,runs/20260903_boundary_full_grid_1024_postprocess_v2/tau_01250/survival_cif.csv,1a90951b52587823e82fe89c99a12c8512030f465a66915028285ed8a2773740,focal-GT directional trajectory,,,survival probability,
final_evidence_v3_bound_output,0.9276143818621132,0.8942059938689623,,o2m_assigned_positive,0.9107821121156277,EV-BOUNDARY-GEOMETRY-V3,V3,300,km_survival,,3964,0,a,0.01171875,O2M assigned Top-1 state,s_16_32,16–32 px,runs/20260903_boundary_full_grid_1024_postprocess_v2/tau_01250/survival_cif.csv,1a90951b52587823e82fe89c99a12c8512030f465a66915028285ed8a2773740,focal-GT directional trajectory,,,survival probability,
final_evidence_v3_bound_output,0.9227727351415752,0.8891136638880772,,o2m_assigned_positive,0.90596447257514,EV-BOUNDARY-GEOMETRY-V3,V3,300,km_survival,,3964,0,a,0.0126953125,O2M assigned Top-1 state,s_16_32,16–32 px,runs/20260903_boundary_full_grid_1024_postprocess_v2/tau_01250/survival_cif.csv,1a90951b52587823e82fe89c99a12c8512030f465a66915028285ed8a2773740,focal-GT directional trajectory,,,survival probability,
final_evidence_v3_bound_output,0.9167820372300062,0.8801250340633064,,o2m_assigned_positive,0.8986112332765015,EV-BOUNDARY-GEOMETRY-V3,V3,300,km_survival,,3964,0,a,0.013671875,O2M assigned Top-1 state,s_16_32,16–32 px,runs/20260903_boundary_full_grid_1024_postprocess_v2/tau_01250/survival_cif.csv,1a90951b52587823e82fe89c99a12c8512030f465a66915028285ed8a2773740,focal-GT directional trajectory,,,survival probability,
final_evidence_v3_bound_output,0.9126754893806848,0.8741901271994227,,o2m_assigned_positive,0.8935400337601991,EV-BOUNDARY-GEOMETRY-V3,V3,300,km_survival,,3964,0,a,0.0146484375,O2M assigned Top-1 state,s_16_32,16–32 px,runs/20260903_boundary_full_grid_1024_postprocess_v2/tau_01250/survival_cif.csv,1a90951b52587823e82fe89c99a12c8512030f465a66915028285ed8a2773740,focal-GT directional trajectory,,,survival probability,
final_evidence_v3_bound_output,0.904380295170757,0.8646082664224116,,o2m_assigned_positive,0.8846654346066697,EV-BOUNDARY-GEOMETRY-V3,V3,300,km_survival,,3964,0,a,0.015625,O2M assigned Top-1 state,s_16_32,16–32 px,runs/20260903_boundary_full_grid_1024_postprocess_v2/tau_01250/survival_cif.csv,1a90951b52587823e82fe89c99a12c8512030f465a66915028285ed8a2773740,focal-GT directional trajectory,,,survival probability,
final_evidence_v3_bound_output,0.8966741251122953,0.8560538361485215,,o2m_assigned_positive,0.8765515153805857,EV-BOUNDARY-GEOMETRY-V3,V3,300,km_survival,,3964,0,a,0.0166015625,O2M assigned Top-1 state,s_16_32,16–32 px,runs/20260903_boundary_full_grid_1024_postprocess_v2/tau_01250/survival_cif.csv,1a90951b52587823e82fe89c99a12c8512030f465a66915028285ed8a2773740,focal-GT directional trajectory,,,survival probability,
final_evidence_v3_bound_output,0.8955097149461391,0.8539514182099296,,o2m_assigned_positive,0.8747765955498799,EV-BOUNDARY-GEOMETRY-V3,V3,300,km_survival,,3964,0,a,0.017578125,O2M assigned Top-1 state,s_16_32,16–32 px,runs/20260903_boundary_full_grid_1024_postprocess_v2/tau_01250/survival_cif.csv,1a90951b52587823e82fe89c99a12c8512030f465a66915028285ed8a2773740,focal-GT directional trajectory,,,survival probability,
final_evidence_v3_bound_output,0.8894607617809621,0.8438445495485006,,o2m_assigned_positive,0.8666978999263475,EV-BOUNDARY-GEOMETRY-V3,V3,300,km_survival,,3964,0,a,0.0185546875,O2M assigned Top-1 state,s_16_32,16–32 px,runs/20260903_boundary_full_grid_1024_postprocess_v2/tau_01250/survival_cif.csv,1a90951b52587823e82fe89c99a12c8512030f465a66915028285ed8a2773740,focal-GT directional trajectory,,,survival probability,
final_evidence_v3_bound_output,0.8853097827777984,0.8385606400306593,,o2m_assigned_positive,0.8618802603858601,EV-BOUNDARY-GEOMETRY-V3,V3,300,km_survival,,3964,0,a,0.01953125,O2M assigned Top-1 state,s_16_32,16–32 px,runs/20260903_boundary_full_grid_1024_postprocess_v2/tau_01250/survival_cif.csv,1a90951b52587823e82fe89c99a12c8512030f465a66915028285ed8a2773740,focal-GT directional trajectory,,,survival probability,
final_evidence_v3_bound_output,0.8798402745545919,0.832510270579313,,o2m_assigned_positive,0.8560483809421121,EV-BOUNDARY-GEOMETRY-V3,V3,300,km_survival,,3964,0,a,0.0205078125,O2M assigned Top-1 state,s_16_32,16–32 px,runs/20260903_boundary_full_grid_1024_postprocess_v2/tau_01250/survival_cif.csv,1a90951b52587823e82fe89c99a12c8512030f465a66915028285ed8a2773740,focal-GT directional trajectory,,,survival probability,
final_evidence_v3_bound_output,0.8776962273439257,0.8284591849154125,,o2m_assigned_positive,0.8527521012565155,EV-BOUNDARY-GEOMETRY-V3,V3,300,km_survival,,3964,0,a,0.021484375,O2M assigned Top-1 state,s_16_32,16–32 px,runs/20260903_boundary_full_grid_1024_postprocess_v2/tau_01250/survival_cif.csv,1a90951b52587823e82fe89c99a12c8512030f465a66915028285ed8a2773740,focal-GT directional trajectory,,,survival probability,
final_evidence_v3_bound_output,0.8729028685130862,0.8232294249060814,,o2m_assigned_positive,0.8479344617160282,EV-BOUNDARY-GEOMETRY-V3,V3,300,km_survival,,3964,0,a,0.0224609375,O2M assigned Top-1 state,s_16_32,16–32 px,runs/20260903_boundary_full_grid_1024_postprocess_v2/tau_01250/survival_cif.csv,1a90951b52587823e82fe89c99a12c8512030f465a66915028285ed8a2773740,focal-GT directional trajectory,,,survival probability,
final_evidence_v3_bound_output,0.8670284416412656,0.8158235272891372,,o2m_assigned_positive,0.8410883423690199,EV-BOUNDARY-GEOMETRY-V3,V3,300,km_survival,,3964,0,a,0.0234375,O2M assigned Top-1 state,s_16_32,16–32 px,runs/20260903_boundary_full_grid_1024_postprocess_v2/tau_01250/survival_cif.csv,1a90951b52587823e82fe89c99a12c8512030f465a66915028285ed8a2773740,focal-GT directional trajectory,,,survival probability,
final_evidence_v3_bound_output,0.8627321370366952,0.810846580398569,,o2m_assigned_positive,0.8365242628043476,EV-BOUNDARY-GEOMETRY-V3,V3,300,km_survival,,3964,0,a,0.0244140625,O2M assigned Top-1 state,s_16_32,16–32 px,runs/20260903_boundary_full_grid_1024_postprocess_v2/tau_01250/survival_cif.csv,1a90951b52587823e82fe89c99a12c8512030f465a66915028285ed8a2773740,focal-GT directional trajectory,,,survival probability,
final_evidence_v3_bound_output,0.8586390523327927,0.8055338803965839,,o2m_assigned_positive,0.8317066232638602,EV-BOUNDARY-GEOMETRY-V3,V3,300,km_survival,,3964,0,a,0.025390625,O2M assigned Top-1 state,s_16_32,16–32 px,runs/20260903_boundary_full_grid_1024_postprocess_v2/tau_01250/survival_cif.csv,1a90951b52587823e82fe89c99a12c8512030f465a66915028285ed8a2773740,focal-GT directional trajectory,,,survival probability,
final_evidence_v3_bound_output,0.8537750701586959,0.8006630397656084,,o2m_assigned_positive,0.8268889837233728,EV-BOUNDARY-GEOMETRY-V3,V3,300,km_survival,,3964,0,a,0.0263671875,O2M assigned Top-1 state,s_16_32,16–32 px,runs/20260903_boundary_full_grid_1024_postprocess_v2/tau_01250/survival_cif.csv,1a90951b52587823e82fe89c99a12c8512030f465a66915028285ed8a2773740,focal-GT directional trajectory,,,survival probability,
final_evidence_v3_bound_output,0.8504774919158519,0.7956561872875002,,o2m_assigned_positive,0.8225800036057975,EV-BOUNDARY-GEOMETRY-V3,V3,300,km_survival,,3964,0,a,0.02734375,O2M assigned Top-1 state,s_16_32,16–32 px,runs/20260903_boundary_full_grid_1024_postprocess_v2/tau_01250/survival_cif.csv,1a90951b52587823e82fe89c99a12c8512030f465a66915028285ed8a2773740,focal-GT directional trajectory,,,survival probability,
final_evidence_v3_bound_output,0.8454900605520674,0.7884251277686283,,o2m_assigned_positive,0.8167481241620497,EV-BOUNDARY-GEOMETRY-V3,V3,300,km_survival,,3964,0,a,0.0283203125,O2M assigned Top-1 state,s_16_32,16–32 px,runs/20260903_boundary_full_grid_1024_postprocess_v2/tau_01250/survival_cif.csv,1a90951b52587823e82fe89c99a12c8512030f465a66915028285ed8a2773740,focal-GT directional trajectory,,,survival probability,
final_evidence_v3_bound_output,0.8416649142646857,0.7841523189789249,,o2m_assigned_positive,0.8124376045731926,EV-BOUNDARY-GEOMETRY-V3,V3,300,km_survival,,3964,0,a,0.029296875,O2M assigned Top-1 state,s_16_32,16–32 px,runs/20260903_boundary_full_grid_1024_postprocess_v2/tau_01250/survival_cif.csv,1a90951b52587823e82fe89c99a12c8512030f465a66915028285ed8a2773740,focal-GT directional trajectory,,,survival probability,
final_evidence_v3_bound_output,0.8367511537876744,0.7771197444514726,,o2m_assigned_positive,0.8063521651536296,EV-BOUNDARY-GEOMETRY-V3,V3,300,km_survival,,3964,0,a,0.0302734375,O2M assigned Top-1 state,s_16_32,16–32 px,runs/20260903_boundary_full_grid_1024_postprocess_v2/tau_01250/survival_cif.csv,1a90951b52587823e82fe89c99a12c8512030f465a66915028285ed8a2773740,focal-GT directional trajectory,,,survival probability,
final_evidence_v3_bound_output,0.8303535277254757,0.7710874908992734,,o2m_assigned_positive,0.8000483893608031,EV-BOUNDARY-GEOMETRY-V3,V3,300,km_survival,,3964,0,a,0.03125,O2M assigned Top-1 state,s_16_32,16–32 px,runs/20260903_boundary_full_grid_1024_postprocess_v2/tau_01250/survival_cif.csv,1a90951b52587823e82fe89c99a12c8512030f465a66915028285ed8a2773740,focal-GT directional trajectory,,,survival probability,
final_evidence_v3_bound_output,0.8260247768073952,0.7660467768400656,,o2m_assigned_positive,0.7955180976096952,EV-BOUNDARY-GEOMETRY-V3,V3,300,km_survival,,3964,0,a,0.0322265625,O2M assigned Top-1 state,s_16_32,16–32 px,runs/20260903_boundary_full_grid_1024_postprocess_v2/tau_01250/survival_cif.csv,1a90951b52587823e82fe89c99a12c8512030f465a66915028285ed8a2773740,focal-GT directional trajectory,,,survival probability,
final_evidence_v3_bound_output,0.8231005160576655,0.7622622673417891,,o2m_assigned_positive,0.7919671325380837,EV-BOUNDARY-GEOMETRY-V3,V3,300,km_survival,,3964,0,a,0.033203125,O2M assigned Top-1 state,s_16_32,16–32 px,runs/20260903_boundary_full_grid_1024_postprocess_v2/tau_01250/survival_cif.csv,1a90951b52587823e82fe89c99a12c8512030f465a66915028285ed8a2773740,focal-GT directional trajectory,,,survival probability,
final_evidence_v3_bound_output,0.8177017876087317,0.7572591909667151,,o2m_assigned_positive,0.7866406849306664,EV-BOUNDARY-GEOMETRY-V3,V3,300,km_survival,,3964,0,a,0.0341796875,O2M assigned Top-1 state,s_16_32,16–32 px,runs/20260903_boundary_full_grid_1024_postprocess_v2/tau_01250/survival_cif.csv,1a90951b52587823e82fe89c99a12c8512030f465a66915028285ed8a2773740,focal-GT directional trajectory,,,survival probability,
final_evidence_v3_bound_output,0.8139391171867119,0.7520878774877366,,o2m_assigned_positive,0.782328798772281,EV-BOUNDARY-GEOMETRY-V3,V3,300,km_survival,,3964,0,a,0.03515625,O2M assigned Top-1 state,s_16_32,16–32 px,runs/20260903_boundary_full_grid_1024_postprocess_v2/tau_01250/survival_cif.csv,1a90951b52587823e82fe89c99a12c8512030f465a66915028285ed8a2773740,focal-GT directional trajectory,,,survival probability,
final_evidence_v3_bound_output,0.8101387488573245,0.7479734153656815,,o2m_assigned_positive,0.7780169126138956,EV-BOUNDARY-GEOMETRY-V3,V3,300,km_survival,,3964,0,a,0.0361328125,O2M assigned Top-1 state,s_16_32,16–32 px,runs/20260903_boundary_full_grid_1024_postprocess_v2/tau_01250/survival_cif.csv,1a90951b52587823e82fe89c99a12c8512030f465a66915028285ed8a2773740,focal-GT directional trajectory,,,survival probability,
final_evidence_v3_bound_output,0.806668316380271,0.7425572549762546,,o2m_assigned_positive,0.7734513860932523,EV-BOUNDARY-GEOMETRY-V3,V3,300,km_survival,,3964,0,a,0.037109375,O2M assigned Top-1 state,s_16_32,16–32 px,runs/20260903_boundary_full_grid_1024_postprocess_v2/tau_01250/survival_cif.csv,1a90951b52587823e82fe89c99a12c8512030f465a66915028285ed8a2773740,focal-GT directional trajectory,,,survival probability,
final_evidence_v3_bound_output,0.8037973581933563,0.7380939559019496,,o2m_assigned_positive,0.7699004210216408,EV-BOUNDARY-GEOMETRY-V3,V3,300,km_survival,,3964,0,a,0.0380859375,O2M assigned Top-1 state,s_16_32,16–32 px,runs/20260903_boundary_full_grid_1024_postprocess_v2/tau_01250/survival_cif.csv,1a90951b52587823e82fe89c99a12c8512030f465a66915028285ed8a2773740,focal-GT directional trajectory,,,survival probability,
final_evidence_v3_bound_output,0.800134551422122,0.7346779998482575,,o2m_assigned_positive,0.7663494559500293,EV-BOUNDARY-GEOMETRY-V3,V3,300,km_survival,,3964,0,a,0.0390625,O2M assigned Top-1 state,s_16_32,16–32 px,runs/20260903_boundary_full_grid_1024_postprocess_v2/tau_01250/survival_cif.csv,1a90951b52587823e82fe89c99a12c8512030f465a66915028285ed8a2773740,focal-GT directional trajectory,,,survival probability,
final_evidence_v3_bound_output,0.7963483502634598,0.7304549165082186,,o2m_assigned_positive,0.7622885220414758,EV-BOUNDARY-GEOMETRY-V3,V3,300,km_survival,,3964,0,a,0.0400390625,O2M assigned Top-1 state,s_16_32,16–32 px,runs/20260903_boundary_full_grid_1024_postprocess_v2/tau_01250/survival_cif.csv,1a90951b52587823e82fe89c99a12c8512030f465a66915028285ed8a2773740,focal-GT directional trajectory,,,survival probability,
final_evidence_v3_bound_output,0.7919915967842248,0.7264389857037935,,o2m_assigned_positive,0.7582275881329221,EV-BOUNDARY-GEOMETRY-V3,V3,300,km_survival,,3964,0,a,0.041015625,O2M assigned Top-1 state,s_16_32,16–32 px,runs/20260903_boundary_full_grid_1024_postprocess_v2/tau_01250/survival_cif.csv,1a90951b52587823e82fe89c99a12c8512030f465a66915028285ed8a2773740,focal-GT directional trajectory,,,survival probability,
final_evidence_v3_bound_output,0.7870775172232645,0.7219097860681595,,o2m_assigned_positive,0.7534052291165146,EV-BOUNDARY-GEOMETRY-V3,V3,300,km_survival,,3964,0,a,0.0419921875,O2M assigned Top-1 state,s_16_32,16–32 px,runs/20260903_boundary_full_grid_1024_postprocess_v2/tau_01250/survival_cif.csv,1a90951b52587823e82fe89c99a12c8512030f465a66915028285ed8a2773740,focal-GT directional trajectory,,,survival probability,
final_evidence_v3_bound_output,0.7852414416432406,0.7193489135667581,,o2m_assigned_positive,0.7513747621622378,EV-BOUNDARY-GEOMETRY-V3,V3,300,km_survival,,3964,0,a,0.04296875,O2M assigned Top-1 state,s_16_32,16–32 px,runs/20260903_boundary_full_grid_1024_postprocess_v2/tau_01250/survival_cif.csv,1a90951b52587823e82fe89c99a12c8512030f465a66915028285ed8a2773740,focal-GT directional trajectory,,,survival probability,
final_evidence_v3_bound_output,0.7828257022151913,0.7159415232836478,,o2m_assigned_positive,0.7483280325699984,EV-BOUNDARY-GEOMETRY-V3,V3,300,km_survival,,3964,0,a,0.0439453125,O2M assigned Top-1 state,s_16_32,16–32 px,runs/20260903_boundary_full_grid_1024_postprocess_v2/tau_01250/survival_cif.csv,1a90951b52587823e82fe89c99a12c8512030f465a66915028285ed8a2773740,focal-GT directional trajectory,,,survival probability,
final_evidence_v3_bound_output,0.7787328628066736,0.7124915731768653,,o2m_assigned_positive,0.7447735147123857,EV-BOUNDARY-GEOMETRY-V3,V3,300,km_survival,,3964,0,a,0.044921875,O2M assigned Top-1 state,s_16_32,16–32 px,runs/20260903_boundary_full_grid_1024_postprocess_v2/tau_01250/survival_cif.csv,1a90951b52587823e82fe89c99a12c8512030f465a66915028285ed8a2773740,focal-GT directional trajectory,,,survival probability,
final_evidence_v3_bound_output,0.7758460706456655,0.7097318568776285,,o2m_assigned_positive,0.7419806792528331,EV-BOUNDARY-GEOMETRY-V3,V3,300,km_survival,,3964,0,a,0.0458984375,O2M assigned Top-1 state,s_16_32,16–32 px,runs/20260903_boundary_full_grid_1024_postprocess_v2/tau_01250/survival_cif.csv,1a90951b52587823e82fe89c99a12c8512030f465a66915028285ed8a2773740,focal-GT directional trajectory,,,survival probability,
final_evidence_v3_bound_output,0.7757770157987207,0.7094564358484529,,o2m_assigned_positive,0.741726698211824,EV-BOUNDARY-GEOMETRY-V3,V3,300,km_survival,,3964,0,a,0.0468292929296054,O2M assigned Top-1 state,s_16_32,16–32 px,runs/20260903_boundary_full_grid_1024_postprocess_v2/tau_01250/survival_cif.csv,1a90951b52587823e82fe89c99a12c8512030f465a66915028285ed8a2773740,focal-GT directional trajectory,,,survival probability,
final_evidence_v3_bound_output,0.771390416225095,0.7048396970205594,,o2m_assigned_positive,0.7369363405280038,EV-BOUNDARY-GEOMETRY-V3,V3,300,km_survival,,3964,0,a,0.046875,O2M assigned Top-1 state,s_16_32,16–32 px,runs/20260903_boundary_full_grid_1024_postprocess_v2/tau_01250/survival_cif.csv,1a90951b52587823e82fe89c99a12c8512030f465a66915028285ed8a2773740,focal-GT directional trajectory,,,survival probability,
final_evidence_v3_bound_output,0.7687946046765234,0.7017648434153283,,o2m_assigned_positive,0.7341425490769041,EV-BOUNDARY-GEOMETRY-V3,V3,300,km_survival,,3964,0,a,0.0478515625,O2M assigned Top-1 state,s_16_32,16–32 px,runs/20260903_boundary_full_grid_1024_postprocess_v2/tau_01250/survival_cif.csv,1a90951b52587823e82fe89c99a12c8512030f465a66915028285ed8a2773740,focal-GT directional trajectory,,,survival probability,
final_evidence_v3_bound_output,0.7666424083589977,0.6996055007070285,,o2m_assigned_positive,0.7318567197078225,EV-BOUNDARY-GEOMETRY-V3,V3,300,km_survival,,3964,0,a,0.048828125,O2M assigned Top-1 state,s_16_32,16–32 px,runs/20260903_boundary_full_grid_1024_postprocess_v2/tau_01250/survival_cif.csv,1a90951b52587823e82fe89c99a12c8512030f465a66915028285ed8a2773740,focal-GT directional trajectory,,,survival probability,
final_evidence_v3_bound_output,0.7635188712586606,0.6952709685349676,,o2m_assigned_positive,0.7277930230516775,EV-BOUNDARY-GEOMETRY-V3,V3,300,km_survival,,3964,0,a,0.0498046875,O2M assigned Top-1 state,s_16_32,16–32 px,runs/20260903_boundary_full_grid_1024_postprocess_v2/tau_01250/survival_cif.csv,1a90951b52587823e82fe89c99a12c8512030f465a66915028285ed8a2773740,focal-GT directional trajectory,,,survival probability,
final_evidence_v3_bound_output,0.7595081592910164,0.6912664828867988,,o2m_assigned_positive,0.7234753453545234,EV-BOUNDARY-GEOMETRY-V3,V3,300,km_survival,,3964,0,a,0.05078125,O2M assigned Top-1 state,s_16_32,16–32 px,runs/20260903_boundary_full_grid_1024_postprocess_v2/tau_01250/survival_cif.csv,1a90951b52587823e82fe89c99a12c8512030f465a66915028285ed8a2773740,focal-GT directional trajectory,,,survival probability,
final_evidence_v3_bound_output,0.7550391570446008,0.6859620800190311,,o2m_assigned_positive,0.7189036866163603,EV-BOUNDARY-GEOMETRY-V3,V3,300,km_survival,,3964,0,a,0.0517578125,O2M assigned Top-1 state,s_16_32,16–32 px,runs/20260903_boundary_full_grid_1024_postprocess_v2/tau_01250/survival_cif.csv,1a90951b52587823e82fe89c99a12c8512030f465a66915028285ed8a2773740,focal-GT directional trajectory,,,survival probability,
final_evidence_v3_bound_output,0.7520177270688071,0.6829638182002048,,o2m_assigned_positive,0.7158559141242515,EV-BOUNDARY-GEOMETRY-V3,V3,300,km_survival,,3964,0,a,0.052734375,O2M assigned Top-1 state,s_16_32,16–32 px,runs/20260903_boundary_full_grid_1024_postprocess_v2/tau_01250/survival_cif.csv,1a90951b52587823e82fe89c99a12c8512030f465a66915028285ed8a2773740,focal-GT directional trajectory,,,survival probability,
final_evidence_v3_bound_output,0.7474661063458212,0.6784640297288871,,o2m_assigned_positive,0.7115382364270975,EV-BOUNDARY-GEOMETRY-V3,V3,300,km_survival,,3964,0,a,0.0537109375,O2M assigned Top-1 state,s_16_32,16–32 px,runs/20260903_boundary_full_grid_1024_postprocess_v2/tau_01250/survival_cif.csv,1a90951b52587823e82fe89c99a12c8512030f465a66915028285ed8a2773740,focal-GT directional trajectory,,,survival probability,
final_evidence_v3_bound_output,0.7437344834984836,0.6740741586505411,,o2m_assigned_positive,0.7074730887309508,EV-BOUNDARY-GEOMETRY-V3,V3,300,km_survival,,3964,0,a,0.0546875,O2M assigned Top-1 state,s_16_32,16–32 px,runs/20260903_boundary_full_grid_1024_postprocess_v2/tau_01250/survival_cif.csv,1a90951b52587823e82fe89c99a12c8512030f465a66915028285ed8a2773740,focal-GT directional trajectory,,,survival probability,
final_evidence_v3_bound_output,0.7404170416203877,0.6709995724645934,,o2m_assigned_positive,0.704168969633922,EV-BOUNDARY-GEOMETRY-V3,V3,300,km_survival,,3964,0,a,0.0556640625,O2M assigned Top-1 state,s_16_32,16–32 px,runs/20260903_boundary_full_grid_1024_postprocess_v2/tau_01250/survival_cif.csv,1a90951b52587823e82fe89c99a12c8512030f465a66915028285ed8a2773740,focal-GT directional trajectory,,,survival probability,
final_evidence_v3_bound_output,0.7368314862964993,0.6674216859314781,,o2m_assigned_positive,0.7003551479597646,EV-BOUNDARY-GEOMETRY-V3,V3,300,km_survival,,3964,0,a,0.056640625,O2M assigned Top-1 state,s_16_32,16–32 px,runs/20260903_boundary_full_grid_1024_postprocess_v2/tau_01250/survival_cif.csv,1a90951b52587823e82fe89c99a12c8512030f465a66915028285ed8a2773740,focal-GT directional trajectory,,,survival probability,
final_evidence_v3_bound_output,0.7315606251367218,0.6625005708083228,,o2m_assigned_positive,0.6952700523942215,EV-BOUNDARY-GEOMETRY-V3,V3,300,km_survival,,3964,0,a,0.0576171875,O2M assigned Top-1 state,s_16_32,16–32 px,runs/20260903_boundary_full_grid_1024_postprocess_v2/tau_01250/survival_cif.csv,1a90951b52587823e82fe89c99a12c8512030f465a66915028285ed8a2773740,focal-GT directional trajectory,,,survival probability,
final_evidence_v3_bound_output,0.7264324901516458,0.6569402606978267,,o2m_assigned_positive,0.689676447272124,EV-BOUNDARY-GEOMETRY-V3,V3,300,km_survival,,3964,0,a,0.05859375,O2M assigned Top-1 state,s_16_32,16–32 px,runs/20260903_boundary_full_grid_1024_postprocess_v2/tau_01250/survival_cif.csv,1a90951b52587823e82fe89c99a12c8512030f465a66915028285ed8a2773740,focal-GT directional trajectory,,,survival probability,
final_evidence_v3_bound_output,0.7240627014809979,0.6547495998322842,,o2m_assigned_positive,0.6873881542676296,EV-BOUNDARY-GEOMETRY-V3,V3,300,km_survival,,3964,0,a,0.0595703125,O2M assigned Top-1 state,s_16_32,16–32 px,runs/20260903_boundary_full_grid_1024_postprocess_v2/tau_01250/survival_cif.csv,1a90951b52587823e82fe89c99a12c8512030f465a66915028285ed8a2773740,focal-GT directional trajectory,,,survival probability,
final_evidence_v3_bound_output,0.7211323789080418,0.6514928102413307,,o2m_assigned_positive,0.6843370969283037,EV-BOUNDARY-GEOMETRY-V3,V3,300,km_survival,,3964,0,a,0.060546875,O2M assigned Top-1 state,s_16_32,16–32 px,runs/20260903_boundary_full_grid_1024_postprocess_v2/tau_01250/survival_cif.csv,1a90951b52587823e82fe89c99a12c8512030f465a66915028285ed8a2773740,focal-GT directional trajectory,,,survival probability,
final_evidence_v3_bound_output,0.7162850917702578,0.6473638329762035,,o2m_assigned_positive,0.6802690204758692,EV-BOUNDARY-GEOMETRY-V3,V3,300,km_survival,,3964,0,a,0.0615234375,O2M assigned Top-1 state,s_16_32,16–32 px,runs/20260903_boundary_full_grid_1024_postprocess_v2/tau_01250/survival_cif.csv,1a90951b52587823e82fe89c99a12c8512030f465a66915028285ed8a2773740,focal-GT directional trajectory,,,survival probability,
final_evidence_v3_bound_output,0.7129384761139504,0.6439666401464806,,o2m_assigned_positive,0.676709453579989,EV-BOUNDARY-GEOMETRY-V3,V3,300,km_survival,,3964,0,a,0.0625,O2M assigned Top-1 state,s_16_32,16–32 px,runs/20260903_boundary_full_grid_1024_postprocess_v2/tau_01250/survival_cif.csv,1a90951b52587823e82fe89c99a12c8512030f465a66915028285ed8a2773740,focal-GT directional trajectory,,,survival probability,
final_evidence_v3_bound_output,0.7107237021971776,0.6403973601936074,,o2m_assigned_positive,0.6736572494597548,EV-BOUNDARY-GEOMETRY-V3,V3,300,km_survival,,3964,0,a,0.0634765625,O2M assigned Top-1 state,s_16_32,16–32 px,runs/20260903_boundary_full_grid_1024_postprocess_v2/tau_01250/survival_cif.csv,1a90951b52587823e82fe89c99a12c8512030f465a66915028285ed8a2773740,focal-GT directional trajectory,,,survival probability,
final_evidence_v3_bound_output,0.708710218267943,0.6375053122896316,,o2m_assigned_positive,0.6711137460262263,EV-BOUNDARY-GEOMETRY-V3,V3,300,km_survival,,3964,0,a,0.064453125,O2M assigned Top-1 state,s_16_32,16–32 px,runs/20260903_boundary_full_grid_1024_postprocess_v2/tau_01250/survival_cif.csv,1a90951b52587823e82fe89c99a12c8512030f465a66915028285ed8a2773740,focal-GT directional trajectory,,,survival probability,
final_evidence_v3_bound_output,0.7055379930973117,0.6346777244826695,,o2m_assigned_positive,0.6680615419059921,EV-BOUNDARY-GEOMETRY-V3,V3,300,km_survival,,3964,0,a,0.0654296875,O2M assigned Top-1 state,s_16_32,16–32 px,runs/20260903_boundary_full_grid_1024_postprocess_v2/tau_01250/survival_cif.csv,1a90951b52587823e82fe89c99a12c8512030f465a66915028285ed8a2773740,focal-GT directional trajectory,,,survival probability,
final_evidence_v3_bound_output,0.7005937547235657,0.629574465314885,,o2m_assigned_positive,0.6632288853822879,EV-BOUNDARY-GEOMETRY-V3,V3,300,km_survival,,3964,0,a,0.06640625,O2M assigned Top-1 state,s_16_32,16–32 px,runs/20260903_boundary_full_grid_1024_postprocess_v2/tau_01250/survival_cif.csv,1a90951b52587823e82fe89c99a12c8512030f465a66915028285ed8a2773740,focal-GT directional trajectory,,,survival probability,
final_evidence_v3_bound_output,0.6976753302358946,0.626516483319994,,o2m_assigned_positive,0.6601766812620536,EV-BOUNDARY-GEOMETRY-V3,V3,300,km_survival,,3964,0,a,0.0673828125,O2M assigned Top-1 state,s_16_32,16–32 px,runs/20260903_boundary_full_grid_1024_postprocess_v2/tau_01250/survival_cif.csv,1a90951b52587823e82fe89c99a12c8512030f465a66915028285ed8a2773740,focal-GT directional trajectory,,,survival probability,
final_evidence_v3_bound_output,0.6946500447203363,0.623714370841672,,o2m_assigned_positive,0.6571244771418194,EV-BOUNDARY-GEOMETRY-V3,V3,300,km_survival,,3964,0,a,0.068359375,O2M assigned Top-1 state,s_16_32,16–32 px,runs/20260903_boundary_full_grid_1024_postprocess_v2/tau_01250/survival_cif.csv,1a90951b52587823e82fe89c99a12c8512030f465a66915028285ed8a2773740,focal-GT directional trajectory,,,survival probability,
final_evidence_v3_bound_output,0.6920414332960753,0.6224028678456963,,o2m_assigned_positive,0.6553440247383494,EV-BOUNDARY-GEOMETRY-V3,V3,300,km_survival,,3964,0,a,0.0693359375,O2M assigned Top-1 state,s_16_32,16–32 px,runs/20260903_boundary_full_grid_1024_postprocess_v2/tau_01250/survival_cif.csv,1a90951b52587823e82fe89c99a12c8512030f465a66915028285ed8a2773740,focal-GT directional trajectory,,,survival probability,
final_evidence_v3_bound_output,0.6884976060988243,0.6197221353908063,,o2m_assigned_positive,0.652546170961468,EV-BOUNDARY-GEOMETRY-V3,V3,300,km_survival,,3964,0,a,0.0703125,O2M assigned Top-1 state,s_16_32,16–32 px,runs/20260903_boundary_full_grid_1024_postprocess_v2/tau_01250/survival_cif.csv,1a90951b52587823e82fe89c99a12c8512030f465a66915028285ed8a2773740,focal-GT directional trajectory,,,survival probability,
final_evidence_v3_bound_output,0.6863137719461067,0.6169399088757049,,o2m_assigned_positive,0.6500026675279396,EV-BOUNDARY-GEOMETRY-V3,V3,300,km_survival,,3964,0,a,0.0712890625,O2M assigned Top-1 state,s_16_32,16–32 px,runs/20260903_boundary_full_grid_1024_postprocess_v2/tau_01250/survival_cif.csv,1a90951b52587823e82fe89c99a12c8512030f465a66915028285ed8a2773740,focal-GT directional trajectory,,,survival probability,
final_evidence_v3_bound_output,0.6837188899776586,0.6145790861593367,,o2m_assigned_positive,0.6474591640944111,EV-BOUNDARY-GEOMETRY-V3,V3,300,km_survival,,3964,0,a,0.072265625,O2M assigned Top-1 state,s_16_32,16–32 px,runs/20260903_boundary_full_grid_1024_postprocess_v2/tau_01250/survival_cif.csv,1a90951b52587823e82fe89c99a12c8512030f465a66915028285ed8a2773740,focal-GT directional trajectory,,,survival probability,
final_evidence_v3_bound_output,0.6791860756983321,0.6102808559596588,,o2m_assigned_positive,0.6428808579140598,EV-BOUNDARY-GEOMETRY-V3,V3,300,km_survival,,3964,0,a,0.0732421875,O2M assigned Top-1 state,s_16_32,16–32 px,runs/20260903_boundary_full_grid_1024_postprocess_v2/tau_01250/survival_cif.csv,1a90951b52587823e82fe89c99a12c8512030f465a66915028285ed8a2773740,focal-GT directional trajectory,,,survival probability,
final_evidence_v3_bound_output,0.6760702262542064,0.6079211747761571,,o2m_assigned_positive,0.6400830041371784,EV-BOUNDARY-GEOMETRY-V3,V3,300,km_survival,,3964,0,a,0.07421875,O2M assigned Top-1 state,s_16_32,16–32 px,runs/20260903_boundary_full_grid_1024_postprocess_v2/tau_01250/survival_cif.csv,1a90951b52587823e82fe89c99a12c8512030f465a66915028285ed8a2773740,focal-GT directional trajectory,,,survival probability,
final_evidence_v3_bound_output,0.6729808278583669,0.6042703648096487,,o2m_assigned_positive,0.6367764496735914,EV-BOUNDARY-GEOMETRY-V3,V3,300,km_survival,,3964,0,a,0.0751953125,O2M assigned Top-1 state,s_16_32,16–32 px,runs/20260903_boundary_full_grid_1024_postprocess_v2/tau_01250/survival_cif.csv,1a90951b52587823e82fe89c99a12c8512030f465a66915028285ed8a2773740,focal-GT directional trajectory,,,survival probability,
final_evidence_v3_bound_output,0.6704508016904126,0.6017323417732283,,o2m_assigned_positive,0.6342329462400629,EV-BOUNDARY-GEOMETRY-V3,V3,300,km_survival,,3964,0,a,0.076171875,O2M assigned Top-1 state,s_16_32,16–32 px,runs/20260903_boundary_full_grid_1024_postprocess_v2/tau_01250/survival_cif.csv,1a90951b52587823e82fe89c99a12c8512030f465a66915028285ed8a2773740,focal-GT directional trajectory,,,survival probability,
final_evidence_v3_bound_output,0.6678628920338864,0.5991234648454373,,o2m_assigned_positive,0.6316894428065344,EV-BOUNDARY-GEOMETRY-V3,V3,300,km_survival,,3964,0,a,0.0771484375,O2M assigned Top-1 state,s_16_32,16–32 px,runs/20260903_boundary_full_grid_1024_postprocess_v2/tau_01250/survival_cif.csv,1a90951b52587823e82fe89c99a12c8512030f465a66915028285ed8a2773740,focal-GT directional trajectory,,,survival probability,
final_evidence_v3_bound_output,0.6647722499391522,0.5964844754066947,,o2m_assigned_positive,0.628891589029653,EV-BOUNDARY-GEOMETRY-V3,V3,300,km_survival,,3964,0,a,0.078125,O2M assigned Top-1 state,s_16_32,16–32 px,runs/20260903_boundary_full_grid_1024_postprocess_v2/tau_01250/survival_cif.csv,1a90951b52587823e82fe89c99a12c8512030f465a66915028285ed8a2773740,focal-GT directional trajectory,,,survival probability,
final_evidence_v3_bound_output,0.6631232161028793,0.594395165888589,,o2m_assigned_positive,0.6268567862828303,EV-BOUNDARY-GEOMETRY-V3,V3,300,km_survival,,3964,0,a,0.0791015625,O2M assigned Top-1 state,s_16_32,16–32 px,runs/20260903_boundary_full_grid_1024_postprocess_v2/tau_01250/survival_cif.csv,1a90951b52587823e82fe89c99a12c8512030f465a66915028285ed8a2773740,focal-GT directional trajectory,,,survival probability,
final_evidence_v3_bound_output,0.6609343734811788,0.591446882331233,,o2m_assigned_positive,0.6243132828493018,EV-BOUNDARY-GEOMETRY-V3,V3,300,km_survival,,3964,0,a,0.080078125,O2M assigned Top-1 state,s_16_32,16–32 px,runs/20260903_boundary_full_grid_1024_postprocess_v2/tau_01250/survival_cif.csv,1a90951b52587823e82fe89c99a12c8512030f465a66915028285ed8a2773740,focal-GT directional trajectory,,,survival probability,
final_evidence_v3_bound_output,0.6576745897524915,0.5888775751147547,,o2m_assigned_positive,0.6212610787290676,EV-BOUNDARY-GEOMETRY-V3,V3,300,km_survival,,3964,0,a,0.0810546875,O2M assigned Top-1 state,s_16_32,16–32 px,runs/20260903_boundary_full_grid_1024_postprocess_v2/tau_01250/survival_cif.csv,1a90951b52587823e82fe89c99a12c8512030f465a66915028285ed8a2773740,focal-GT directional trajectory,,,survival probability,
final_evidence_v3_bound_output,0.6543928862165531,0.5871979586265151,,o2m_assigned_positive,0.6189719256388919,EV-BOUNDARY-GEOMETRY-V3,V3,300,km_survival,,3964,0,a,0.08203125,O2M assigned Top-1 state,s_16_32,16–32 px,runs/20260903_boundary_full_grid_1024_postprocess_v2/tau_01250/survival_cif.csv,1a90951b52587823e82fe89c99a12c8512030f465a66915028285ed8a2773740,focal-GT directional trajectory,,,survival probability,
final_evidence_v3_bound_output,0.6523766994802526,0.5841081662677999,,o2m_assigned_positive,0.6161740718620106,EV-BOUNDARY-GEOMETRY-V3,V3,300,km_survival,,3964,0,a,0.0830078125,O2M assigned Top-1 state,s_16_32,16–32 px,runs/20260903_boundary_full_grid_1024_postprocess_v2/tau_01250/survival_cif.csv,1a90951b52587823e82fe89c99a12c8512030f465a66915028285ed8a2773740,focal-GT directional trajectory,,,survival probability,
final_evidence_v3_bound_output,0.6487385833441686,0.582527131958239,,o2m_assigned_positive,0.6138849187718349,EV-BOUNDARY-GEOMETRY-V3,V3,300,km_survival,,3964,0,a,0.083984375,O2M assigned Top-1 state,s_16_32,16–32 px,runs/20260903_boundary_full_grid_1024_postprocess_v2/tau_01250/survival_cif.csv,1a90951b52587823e82fe89c99a12c8512030f465a66915028285ed8a2773740,focal-GT directional trajectory,,,survival probability,
final_evidence_v3_bound_output,0.6468109724277159,0.5804914027004635,,o2m_assigned_positive,0.612104466368365,EV-BOUNDARY-GEOMETRY-V3,V3,300,km_survival,,3964,0,a,0.0849609375,O2M assigned Top-1 state,s_16_32,16–32 px,runs/20260903_boundary_full_grid_1024_postprocess_v2/tau_01250/survival_cif.csv,1a90951b52587823e82fe89c99a12c8512030f465a66915028285ed8a2773740,focal-GT directional trajectory,,,survival probability,
final_evidence_v3_bound_output,0.6434372429671302,0.5756018049063704,,o2m_assigned_positive,0.6075261601880138,EV-BOUNDARY-GEOMETRY-V3,V3,300,km_survival,,3964,0,a,0.0859375,O2M assigned Top-1 state,s_16_32,16–32 px,runs/20260903_boundary_full_grid_1024_postprocess_v2/tau_01250/survival_cif.csv,1a90951b52587823e82fe89c99a12c8512030f465a66915028285ed8a2773740,focal-GT directional trajectory,,,survival probability,
final_evidence_v3_bound_output,0.6414949589885415,0.5735275626501656,,o2m_assigned_positive,0.6057457077845438,EV-BOUNDARY-GEOMETRY-V3,V3,300,km_survival,,3964,0,a,0.0869140625,O2M assigned Top-1 state,s_16_32,16–32 px,runs/20260903_boundary_full_grid_1024_postprocess_v2/tau_01250/survival_cif.csv,1a90951b52587823e82fe89c99a12c8512030f465a66915028285ed8a2773740,focal-GT directional trajectory,,,survival probability,
final_evidence_v3_bound_output,0.6375801864939635,0.5706484540007138,,o2m_assigned_positive,0.6024391533209568,EV-BOUNDARY-GEOMETRY-V3,V3,300,km_survival,,3964,0,a,0.087890625,O2M assigned Top-1 state,s_16_32,16–32 px,runs/20260903_boundary_full_grid_1024_postprocess_v2/tau_01250/survival_cif.csv,1a90951b52587823e82fe89c99a12c8512030f465a66915028285ed8a2773740,focal-GT directional trajectory,,,survival probability,
final_evidence_v3_bound_output,0.6356905742962375,0.5690028552096139,,o2m_assigned_positive,0.6006587009174869,EV-BOUNDARY-GEOMETRY-V3,V3,300,km_survival,,3964,0,a,0.0888671875,O2M assigned Top-1 state,s_16_32,16–32 px,runs/20260903_boundary_full_grid_1024_postprocess_v2/tau_01250/survival_cif.csv,1a90951b52587823e82fe89c99a12c8512030f465a66915028285ed8a2773740,focal-GT directional trajectory,,,survival probability,
final_evidence_v3_bound_output,0.6336952089137459,0.5662176027796021,,o2m_assigned_positive,0.5981151974839584,EV-BOUNDARY-GEOMETRY-V3,V3,300,km_survival,,3964,0,a,0.08984375,O2M assigned Top-1 state,s_16_32,16–32 px,runs/20260903_boundary_full_grid_1024_postprocess_v2/tau_01250/survival_cif.csv,1a90951b52587823e82fe89c99a12c8512030f465a66915028285ed8a2773740,focal-GT directional trajectory,,,survival probability,
final_evidence_v3_bound_output,0.6331623991162458,0.5652365717249279,,o2m_assigned_positive,0.5973521464538999,EV-BOUNDARY-GEOMETRY-V3,V3,300,km_survival,,3964,0,a,0.0908203125,O2M assigned Top-1 state,s_16_32,16–32 px,runs/20260903_boundary_full_grid_1024_postprocess_v2/tau_01250/survival_cif.csv,1a90951b52587823e82fe89c99a12c8512030f465a66915028285ed8a2773740,focal-GT directional trajectory,,,survival probability,
final_evidence_v3_bound_output,0.6300112722558858,0.5623250814343855,,o2m_assigned_positive,0.5942999423336657,EV-BOUNDARY-GEOMETRY-V3,V3,300,km_survival,,3964,0,a,0.091796875,O2M assigned Top-1 state,s_16_32,16–32 px,runs/20260903_boundary_full_grid_1024_postprocess_v2/tau_01250/survival_cif.csv,1a90951b52587823e82fe89c99a12c8512030f465a66915028285ed8a2773740,focal-GT directional trajectory,,,survival probability,
final_evidence_v3_bound_output,0.629016979198414,0.5610040475107543,,o2m_assigned_positive,0.5930281906169014,EV-BOUNDARY-GEOMETRY-V3,V3,300,km_survival,,3964,0,a,0.0927734375,O2M assigned Top-1 state,s_16_32,16–32 px,runs/20260903_boundary_full_grid_1024_postprocess_v2/tau_01250/survival_cif.csv,1a90951b52587823e82fe89c99a12c8512030f465a66915028285ed8a2773740,focal-GT directional trajectory,,,survival probability,
final_evidence_v3_bound_output,0.6267545366832898,0.5584636235989693,,o2m_assigned_positive,0.5904846871833729,EV-BOUNDARY-GEOMETRY-V3,V3,300,km_survival,,3964,0,a,0.09375,O2M assigned Top-1 state,s_16_32,16–32 px,runs/20260903_boundary_full_grid_1024_postprocess_v2/tau_01250/survival_cif.csv,1a90951b52587823e82fe89c99a12c8512030f465a66915028285ed8a2773740,focal-GT directional trajectory,,,survival probability,
final_evidence_v3_bound_output,0.6221737236705176,0.5533779050182581,,o2m_assigned_positive,0.5859063810030216,EV-BOUNDARY-GEOMETRY-V3,V3,300,km_survival,,3964,0,a,0.0947265625,O2M assigned Top-1 state,s_16_32,16–32 px,runs/20260903_boundary_full_grid_1024_postprocess_v2/tau_01250/survival_cif.csv,1a90951b52587823e82fe89c99a12c8512030f465a66915028285ed8a2773740,focal-GT directional trajectory,,,survival probability,
final_evidence_v3_bound_output,0.6211005865428066,0.5521346265335229,,o2m_assigned_positive,0.5846346292862573,EV-BOUNDARY-GEOMETRY-V3,V3,300,km_survival,,3964,0,a,0.095703125,O2M assigned Top-1 state,s_16_32,16–32 px,runs/20260903_boundary_full_grid_1024_postprocess_v2/tau_01250/survival_cif.csv,1a90951b52587823e82fe89c99a12c8512030f465a66915028285ed8a2773740,focal-GT directional trajectory,,,survival probability,
final_evidence_v3_bound_output,0.6189135715480574,0.5498882871910871,,o2m_assigned_positive,0.5823444798467943,EV-BOUNDARY-GEOMETRY-V3,V3,300,km_survival,,3964,0,a,0.0966796875,O2M assigned Top-1 state,s_16_32,16–32 px,runs/20260903_boundary_full_grid_1024_postprocess_v2/tau_01250/survival_cif.csv,1a90951b52587823e82fe89c99a12c8512030f465a66915028285ed8a2773740,focal-GT directional trajectory,,,survival probability,
final_evidence_v3_bound_output,0.6171689290054243,0.5482278810445191,,o2m_assigned_positive,0.5803087914561605,EV-BOUNDARY-GEOMETRY-V3,V3,300,km_survival,,3964,0,a,0.09765625,O2M assigned Top-1 state,s_16_32,16–32 px,runs/20260903_boundary_full_grid_1024_postprocess_v2/tau_01250/survival_cif.csv,1a90951b52587823e82fe89c99a12c8512030f465a66915028285ed8a2773740,focal-GT directional trajectory,,,survival probability,
final_evidence_v3_bound_output,0.6153189004339714,0.5460459087732589,,o2m_assigned_positive,0.5782731030655267,EV-BOUNDARY-GEOMETRY-V3,V3,300,km_survival,,3964,0,a,0.0986328125,O2M assigned Top-1 state,s_16_32,16–32 px,runs/20260903_boundary_full_grid_1024_postprocess_v2/tau_01250/survival_cif.csv,1a90951b52587823e82fe89c99a12c8512030f465a66915028285ed8a2773740,focal-GT directional trajectory,,,survival probability,
final_evidence_v3_bound_output,0.6127576871613626,0.5439707500028804,,o2m_assigned_positive,0.576237414674893,EV-BOUNDARY-GEOMETRY-V3,V3,300,km_survival,,3964,0,a,0.099609375,O2M assigned Top-1 state,s_16_32,16–32 px,runs/20260903_boundary_full_grid_1024_postprocess_v2/tau_01250/survival_cif.csv,1a90951b52587823e82fe89c99a12c8512030f465a66915028285ed8a2773740,focal-GT directional trajectory,,,survival probability,
final_evidence_v3_bound_output,0.6100049139014369,0.5410854008155118,,o2m_assigned_positive,0.5734383431377715,EV-BOUNDARY-GEOMETRY-V3,V3,300,km_survival,,3964,0,a,0.1005859375,O2M assigned Top-1 state,s_16_32,16–32 px,runs/20260903_boundary_full_grid_1024_postprocess_v2/tau_01250/survival_cif.csv,1a90951b52587823e82fe89c99a12c8512030f465a66915028285ed8a2773740,focal-GT directional trajectory,,,survival probability,
final_evidence_v3_bound_output,0.608133462019323,0.5383356366272449,,o2m_assigned_positive,0.5711481936983085,EV-BOUNDARY-GEOMETRY-V3,V3,300,km_survival,,3964,0,a,0.1015625,O2M assigned Top-1 state,s_16_32,16–32 px,runs/20260903_boundary_full_grid_1024_postprocess_v2/tau_01250/survival_cif.csv,1a90951b52587823e82fe89c99a12c8512030f465a66915028285ed8a2773740,focal-GT directional trajectory,,,survival probability,
final_evidence_v3_bound_output,0.6057115520166835,0.5369289222689281,,o2m_assigned_positive,0.5691125053076747,EV-BOUNDARY-GEOMETRY-V3,V3,300,km_survival,,3964,0,a,0.1025390625,O2M assigned Top-1 state,s_16_32,16–32 px,runs/20260903_boundary_full_grid_1024_postprocess_v2/tau_01250/survival_cif.csv,1a90951b52587823e82fe89c99a12c8512030f465a66915028285ed8a2773740,focal-GT directional trajectory,,,survival probability,
final_evidence_v3_bound_output,0.6044377244459883,0.5352598933299304,,o2m_assigned_positive,0.5678402000635285,EV-BOUNDARY-GEOMETRY-V3,V3,300,km_survival,,3964,0,a,0.103515625,O2M assigned Top-1 state,s_16_32,16–32 px,runs/20260903_boundary_full_grid_1024_postprocess_v2/tau_01250/survival_cif.csv,1a90951b52587823e82fe89c99a12c8512030f465a66915028285ed8a2773740,focal-GT directional trajectory,,,survival probability,
final_evidence_v3_bound_output,0.6036421428596941,0.5343206960073736,,o2m_assigned_positive,0.5668223558682116,EV-BOUNDARY-GEOMETRY-V3,V3,300,km_survival,,3964,0,a,0.1044921875,O2M assigned Top-1 state,s_16_32,16–32 px,runs/20260903_boundary_full_grid_1024_postprocess_v2/tau_01250/survival_cif.csv,1a90951b52587823e82fe89c99a12c8512030f465a66915028285ed8a2773740,focal-GT directional trajectory,,,survival probability,
final_evidence_v3_bound_output,0.6013697302987626,0.5322536148730612,,o2m_assigned_positive,0.5647866674775778,EV-BOUNDARY-GEOMETRY-V3,V3,300,km_survival,,3964,0,a,0.10546875,O2M assigned Top-1 state,s_16_32,16–32 px,runs/20260903_boundary_full_grid_1024_postprocess_v2/tau_01250/survival_cif.csv,1a90951b52587823e82fe89c99a12c8512030f465a66915028285ed8a2773740,focal-GT directional trajectory,,,survival probability,
final_evidence_v3_bound_output,0.5993690405815446,0.5287153948184703,,o2m_assigned_positive,0.5619875959404563,EV-BOUNDARY-GEOMETRY-V3,V3,300,km_survival,,3964,0,a,0.1064453125,O2M assigned Top-1 state,s_16_32,16–32 px,runs/20260903_boundary_full_grid_1024_postprocess_v2/tau_01250/survival_cif.csv,1a90951b52587823e82fe89c99a12c8512030f465a66915028285ed8a2773740,focal-GT directional trajectory,,,survival probability,
final_evidence_v3_bound_output,0.5975092185517963,0.5255298676489123,,o2m_assigned_positive,0.5594429854521641,EV-BOUNDARY-GEOMETRY-V3,V3,300,km_survival,,3964,0,a,0.107421875,O2M assigned Top-1 state,s_16_32,16–32 px,runs/20260903_boundary_full_grid_1024_postprocess_v2/tau_01250/survival_cif.csv,1a90951b52587823e82fe89c99a12c8512030f465a66915028285ed8a2773740,focal-GT directional trajectory,,,survival probability,
final_evidence_v3_bound_output,0.5944803279872928,0.5231259737503893,,o2m_assigned_positive,0.5568983749638718,EV-BOUNDARY-GEOMETRY-V3,V3,300,km_survival,,3964,0,a,0.1083984375,O2M assigned Top-1 state,s_16_32,16–32 px,runs/20260903_boundary_full_grid_1024_postprocess_v2/tau_01250/survival_cif.csv,1a90951b52587823e82fe89c99a12c8512030f465a66915028285ed8a2773740,focal-GT directional trajectory,,,survival probability,
final_evidence_v3_bound_output,0.5919608377942943,0.5210694939827524,,o2m_assigned_positive,0.5543526012467406,EV-BOUNDARY-GEOMETRY-V3,V3,300,km_survival,,3964,0,a,0.109375,O2M assigned Top-1 state,s_16_32,16–32 px,runs/20260903_boundary_full_grid_1024_postprocess_v2/tau_01250/survival_cif.csv,1a90951b52587823e82fe89c99a12c8512030f465a66915028285ed8a2773740,focal-GT directional trajectory,,,survival probability,
final_evidence_v3_bound_output,0.5893034173808415,0.5188046767312904,,o2m_assigned_positive,0.5518068275296094,EV-BOUNDARY-GEOMETRY-V3,V3,300,km_survival,,3964,0,a,0.1103515625,O2M assigned Top-1 state,s_16_32,16–32 px,runs/20260903_boundary_full_grid_1024_postprocess_v2/tau_01250/survival_cif.csv,1a90951b52587823e82fe89c99a12c8512030f465a66915028285ed8a2773740,focal-GT directional trajectory,,,survival probability,
final_evidence_v3_bound_output,0.5868766129210936,0.5171371454446737,,o2m_assigned_positive,0.5500247859276176,EV-BOUNDARY-GEOMETRY-V3,V3,300,km_survival,,3964,0,a,0.111328125,O2M assigned Top-1 state,s_16_32,16–32 px,runs/20260903_boundary_full_grid_1024_postprocess_v2/tau_01250/survival_cif.csv,1a90951b52587823e82fe89c99a12c8512030f465a66915028285ed8a2773740,focal-GT directional trajectory,,,survival probability,
final_evidence_v3_bound_output,0.5823710102968425,0.5138671170923569,,o2m_assigned_positive,0.5464607027236339,EV-BOUNDARY-GEOMETRY-V3,V3,300,km_survival,,3964,0,a,0.1123046875,O2M assigned Top-1 state,s_16_32,16–32 px,runs/20260903_boundary_full_grid_1024_postprocess_v2/tau_01250/survival_cif.csv,1a90951b52587823e82fe89c99a12c8512030f465a66915028285ed8a2773740,focal-GT directional trajectory,,,survival probability,
final_evidence_v3_bound_output,0.5815047485579494,0.5125132414091048,,o2m_assigned_positive,0.5451878158650683,EV-BOUNDARY-GEOMETRY-V3,V3,300,km_survival,,3964,0,a,0.11328125,O2M assigned Top-1 state,s_16_32,16–32 px,runs/20260903_boundary_full_grid_1024_postprocess_v2/tau_01250/survival_cif.csv,1a90951b52587823e82fe89c99a12c8512030f465a66915028285ed8a2773740,focal-GT directional trajectory,,,survival probability,
final_evidence_v3_bound_output,0.5779835115891394,0.5115111898328821,,o2m_assigned_positive,0.5434057742630763,EV-BOUNDARY-GEOMETRY-V3,V3,300,km_survival,,3964,0,a,0.1142578125,O2M assigned Top-1 state,s_16_32,16–32 px,runs/20260903_boundary_full_grid_1024_postprocess_v2/tau_01250/survival_cif.csv,1a90951b52587823e82fe89c99a12c8512030f465a66915028285ed8a2773740,focal-GT directional trajectory,,,survival probability,
final_evidence_v3_bound_output,0.5757729705927235,0.5078751196230014,,o2m_assigned_positive,0.540605423174232,EV-BOUNDARY-GEOMETRY-V3,V3,300,km_survival,,3964,0,a,0.115234375,O2M assigned Top-1 state,s_16_32,16–32 px,runs/20260903_boundary_full_grid_1024_postprocess_v2/tau_01250/survival_cif.csv,1a90951b52587823e82fe89c99a12c8512030f465a66915028285ed8a2773740,focal-GT directional trajectory,,,survival probability,
final_evidence_v3_bound_output,0.573096970838831,0.5051522794186324,,o2m_assigned_positive,0.5378050720853876,EV-BOUNDARY-GEOMETRY-V3,V3,300,km_survival,,3964,0,a,0.1162109375,O2M assigned Top-1 state,s_16_32,16–32 px,runs/20260903_boundary_full_grid_1024_postprocess_v2/tau_01250/survival_cif.csv,1a90951b52587823e82fe89c99a12c8512030f465a66915028285ed8a2773740,focal-GT directional trajectory,,,survival probability,
final_evidence_v3_bound_output,0.5693212738149839,0.5029221712316009,,o2m_assigned_positive,0.5350047209965433,EV-BOUNDARY-GEOMETRY-V3,V3,300,km_survival,,3964,0,a,0.1171875,O2M assigned Top-1 state,s_16_32,16–32 px,runs/20260903_boundary_full_grid_1024_postprocess_v2/tau_01250/survival_cif.csv,1a90951b52587823e82fe89c99a12c8512030f465a66915028285ed8a2773740,focal-GT directional trajectory,,,survival probability,
final_evidence_v3_bound_output,0.5664224694048852,0.5011291626789017,,o2m_assigned_positive,0.5327128892027582,EV-BOUNDARY-GEOMETRY-V3,V3,300,km_survival,,3964,0,a,0.1181640625,O2M assigned Top-1 state,s_16_32,16–32 px,runs/20260903_boundary_full_grid_1024_postprocess_v2/tau_01250/survival_cif.csv,1a90951b52587823e82fe89c99a12c8512030f465a66915028285ed8a2773740,focal-GT directional trajectory,,,survival probability,
final_evidence_v3_bound_output,0.5648812441943901,0.499526335122855,,o2m_assigned_positive,0.5311839699264372,EV-BOUNDARY-GEOMETRY-V3,V3,300,km_survival,,3964,0,a,0.119140625,O2M assigned Top-1 state,s_16_32,16–32 px,runs/20260903_boundary_full_grid_1024_postprocess_v2/tau_01250/survival_cif.csv,1a90951b52587823e82fe89c99a12c8512030f465a66915028285ed8a2773740,focal-GT directional trajectory,,,survival probability,
final_evidence_v3_bound_output,0.5623147229831216,0.4964225237465677,,o2m_assigned_positive,0.5281261313737953,EV-BOUNDARY-GEOMETRY-V3,V3,300,km_survival,,3964,0,a,0.1201171875,O2M assigned Top-1 state,s_16_32,16–32 px,runs/20260903_boundary_full_grid_1024_postprocess_v2/tau_01250/survival_cif.csv,1a90951b52587823e82fe89c99a12c8512030f465a66915028285ed8a2773740,focal-GT directional trajectory,,,survival probability,
final_evidence_v3_bound_output,0.5610713415454857,0.4945008344053427,,o2m_assigned_positive,0.5263423922180874,EV-BOUNDARY-GEOMETRY-V3,V3,300,km_survival,,3964,0,a,0.12109375,O2M assigned Top-1 state,s_16_32,16–32 px,runs/20260903_boundary_full_grid_1024_postprocess_v2/tau_01250/survival_cif.csv,1a90951b52587823e82fe89c99a12c8512030f465a66915028285ed8a2773740,focal-GT directional trajectory,,,survival probability,
final_evidence_v3_bound_output,0.5605195399446204,0.4938732790577392,,o2m_assigned_positive,0.5255779325799269,EV-BOUNDARY-GEOMETRY-V3,V3,300,km_survival,,3964,0,a,0.1220703125,O2M assigned Top-1 state,s_16_32,16–32 px,runs/20260903_boundary_full_grid_1024_postprocess_v2/tau_01250/survival_cif.csv,1a90951b52587823e82fe89c99a12c8512030f465a66915028285ed8a2773740,focal-GT directional trajectory,,,survival probability,
final_evidence_v3_bound_output,0.5575476917232747,0.4921212377272235,,o2m_assigned_positive,0.5235393735448323,EV-BOUNDARY-GEOMETRY-V3,V3,300,km_survival,,3964,0,a,0.123046875,O2M assigned Top-1 state,s_16_32,16–32 px,runs/20260903_boundary_full_grid_1024_postprocess_v2/tau_01250/survival_cif.csv,1a90951b52587823e82fe89c99a12c8512030f465a66915028285ed8a2773740,focal-GT directional trajectory,,,survival probability,
final_evidence_v3_bound_output,0.554499228297847,0.4890447269253735,,o2m_assigned_positive,0.5207363548715772,EV-BOUNDARY-GEOMETRY-V3,V3,300,km_survival,,3964,0,a,0.1240234375,O2M assigned Top-1 state,s_16_32,16–32 px,runs/20260903_boundary_full_grid_1024_postprocess_v2/tau_01250/survival_cif.csv,1a90951b52587823e82fe89c99a12c8512030f465a66915028285ed8a2773740,focal-GT directional trajectory,,,survival probability,
final_evidence_v3_bound_output,0.5515848367256837,0.4860852245928471,,o2m_assigned_positive,0.5176785163189352,EV-BOUNDARY-GEOMETRY-V3,V3,300,km_survival,,3964,0,a,0.125,O2M assigned Top-1 state,s_16_32,16–32 px,runs/20260903_boundary_full_grid_1024_postprocess_v2/tau_01250/survival_cif.csv,1a90951b52587823e82fe89c99a12c8512030f465a66915028285ed8a2773740,focal-GT directional trajectory,,,survival probability,
final_evidence_v3_bound_output,0.0,0.0,,o2o,0.0,EV-BOUNDARY-GEOMETRY-V3,V3,300,aj_cumulative_incidence,cif_eligibility,29048,676,b,0.0,Eligibility,all,All,runs/20260903_boundary_full_grid_1024_postprocess_v2/tau_01250/survival_cif.csv,1a90951b52587823e82fe89c99a12c8512030f465a66915028285ed8a2773740,focal-GT directional trajectory,,,cumulative incidence,
final_evidence_v3_bound_output,0.0126279218010791,0.0090246628624923,,o2o,0.0108121189162295,EV-BOUNDARY-GEOMETRY-V3,V3,300,aj_cumulative_incidence,cif_eligibility,29048,676,b,0.0009765625,Eligibility,all,All,runs/20260903_boundary_full_grid_1024_postprocess_v2/tau_01250/survival_cif.csv,1a90951b52587823e82fe89c99a12c8512030f465a66915028285ed8a2773740,focal-GT directional trajectory,,,cumulative incidence,
final_evidence_v3_bound_output,0.0127641252933303,0.0091007667658317,,o2o,0.0109158782602078,EV-BOUNDARY-GEOMETRY-V3,V3,300,aj_cumulative_incidence,cif_eligibility,29048,676,b,0.001953125,Eligibility,all,All,runs/20260903_boundary_full_grid_1024_postprocess_v2/tau_01250/survival_cif.csv,1a90951b52587823e82fe89c99a12c8512030f465a66915028285ed8a2773740,focal-GT directional trajectory,,,cumulative incidence,
final_evidence_v3_bound_output,0.0127875801307233,0.0091441619495815,,o2o,0.0109504647082006,EV-BOUNDARY-GEOMETRY-V3,V3,300,aj_cumulative_incidence,cif_eligibility,29048,676,b,0.0029296875,Eligibility,all,All,runs/20260903_boundary_full_grid_1024_postprocess_v2/tau_01250/survival_cif.csv,1a90951b52587823e82fe89c99a12c8512030f465a66915028285ed8a2773740,focal-GT directional trajectory,,,cumulative incidence,
final_evidence_v3_bound_output,0.012821429613595,0.009183294077783,,o2o,0.0109850511561933,EV-BOUNDARY-GEOMETRY-V3,V3,300,aj_cumulative_incidence,cif_eligibility,29048,676,b,0.00390625,Eligibility,all,All,runs/20260903_boundary_full_grid_1024_postprocess_v2/tau_01250/survival_cif.csv,1a90951b52587823e82fe89c99a12c8512030f465a66915028285ed8a2773740,focal-GT directional trajectory,,,cumulative incidence,
final_evidence_v3_bound_output,0.012821429613595,0.009183294077783,,o2o,0.0109850511561933,EV-BOUNDARY-GEOMETRY-V3,V3,300,aj_cumulative_incidence,cif_eligibility,29048,676,b,0.0048828125,Eligibility,all,All,runs/20260903_boundary_full_grid_1024_postprocess_v2/tau_01250/survival_cif.csv,1a90951b52587823e82fe89c99a12c8512030f465a66915028285ed8a2773740,focal-GT directional trajectory,,,cumulative incidence,
final_evidence_v3_bound_output,0.0128902902570143,0.0092600408532266,,o2o,0.0110542240521789,EV-BOUNDARY-GEOMETRY-V3,V3,300,aj_cumulative_incidence,cif_eligibility,29048,676,b,0.005859375,Eligibility,all,All,runs/20260903_boundary_full_grid_1024_postprocess_v2/tau_01250/survival_cif.csv,1a90951b52587823e82fe89c99a12c8512030f465a66915028285ed8a2773740,focal-GT directional trajectory,,,cumulative incidence,
final_evidence_v3_bound_output,0.0128902902570143,0.0092600408532266,,o2o,0.0110542240521789,EV-BOUNDARY-GEOMETRY-V3,V3,300,aj_cumulative_incidence,cif_eligibility,29048,676,b,0.0068359375,Eligibility,all,All,runs/20260903_boundary_full_grid_1024_postprocess_v2/tau_01250/survival_cif.csv,1a90951b52587823e82fe89c99a12c8512030f465a66915028285ed8a2773740,focal-GT directional trajectory,,,cumulative incidence,
final_evidence_v3_bound_output,0.0129655396635641,0.0093112762943499,,o2o,0.0111233969481644,EV-BOUNDARY-GEOMETRY-V3,V3,300,aj_cumulative_incidence,cif_eligibility,29048,676,b,0.0078125,Eligibility,all,All,runs/20260903_boundary_full_grid_1024_postprocess_v2/tau_01250/survival_cif.csv,1a90951b52587823e82fe89c99a12c8512030f465a66915028285ed8a2773740,focal-GT directional trajectory,,,cumulative incidence,
final_evidence_v3_bound_output,0.0130168683600478,0.0093430531008736,,o2o,0.0111579833961572,EV-BOUNDARY-GEOMETRY-V3,V3,300,aj_cumulative_incidence,cif_eligibility,29048,676,b,0.0087890625,Eligibility,all,All,runs/20260903_boundary_full_grid_1024_postprocess_v2/tau_01250/survival_cif.csv,1a90951b52587823e82fe89c99a12c8512030f465a66915028285ed8a2773740,focal-GT directional trajectory,,,cumulative incidence,
final_evidence_v3_bound_output,0.013037889469174,0.0093773303154755,,o2o,0.0111925698441499,EV-BOUNDARY-GEOMETRY-V3,V3,300,aj_cumulative_incidence,cif_eligibility,29048,676,b,0.009765625,Eligibility,all,All,runs/20260903_boundary_full_grid_1024_postprocess_v2/tau_01250/survival_cif.csv,1a90951b52587823e82fe89c99a12c8512030f465a66915028285ed8a2773740,focal-GT directional trajectory,,,cumulative incidence,
final_evidence_v3_bound_output,0.0130644585331796,0.0094363564218891,,o2o,0.0112271562921427,EV-BOUNDARY-GEOMETRY-V3,V3,300,aj_cumulative_incidence,cif_eligibility,29048,676,b,0.0107421875,Eligibility,all,All,runs/20260903_boundary_full_grid_1024_postprocess_v2/tau_01250/survival_cif.csv,1a90951b52587823e82fe89c99a12c8512030f465a66915028285ed8a2773740,focal-GT directional trajectory,,,cumulative incidence,
final_evidence_v3_bound_output,0.013093689202623,0.009479861556633,,o2o,0.0112617427401355,EV-BOUNDARY-GEOMETRY-V3,V3,300,aj_cumulative_incidence,cif_eligibility,29048,676,b,0.01171875,Eligibility,all,All,runs/20260903_boundary_full_grid_1024_postprocess_v2/tau_01250/survival_cif.csv,1a90951b52587823e82fe89c99a12c8512030f465a66915028285ed8a2773740,focal-GT directional trajectory,,,cumulative incidence,
final_evidence_v3_bound_output,0.0131528807655269,0.0095346168277715,,o2o,0.011330915636121,EV-BOUNDARY-GEOMETRY-V3,V3,300,aj_cumulative_incidence,cif_eligibility,29048,676,b,0.0126953125,Eligibility,all,All,runs/20260903_boundary_full_grid_1024_postprocess_v2/tau_01250/survival_cif.csv,1a90951b52587823e82fe89c99a12c8512030f465a66915028285ed8a2773740,focal-GT directional trajectory,,,cumulative incidence,
final_evidence_v3_bound_output,0.0131988096457229,0.0095698033860693,,o2o,0.0113652920949652,EV-BOUNDARY-GEOMETRY-V3,V3,300,aj_cumulative_incidence,cif_eligibility,29048,676,b,0.013671875,Eligibility,all,All,runs/20260903_boundary_full_grid_1024_postprocess_v2/tau_01250/survival_cif.csv,1a90951b52587823e82fe89c99a12c8512030f465a66915028285ed8a2773740,focal-GT directional trajectory,,,cumulative incidence,
final_evidence_v3_bound_output,0.0131988096457229,0.0095698033860693,,o2o,0.0113652920949652,EV-BOUNDARY-GEOMETRY-V3,V3,300,aj_cumulative_incidence,cif_eligibility,29048,676,b,0.0146484375,Eligibility,all,All,runs/20260903_boundary_full_grid_1024_postprocess_v2/tau_01250/survival_cif.csv,1a90951b52587823e82fe89c99a12c8512030f465a66915028285ed8a2773740,focal-GT directional trajectory,,,cumulative incidence,
final_evidence_v3_bound_output,0.0132389457713445,0.0095822330534256,,o2o,0.0113996685538095,EV-BOUNDARY-GEOMETRY-V3,V3,300,aj_cumulative_incidence,cif_eligibility,29048,676,b,0.015625,Eligibility,all,All,runs/20260903_boundary_full_grid_1024_postprocess_v2/tau_01250/survival_cif.csv,1a90951b52587823e82fe89c99a12c8512030f465a66915028285ed8a2773740,focal-GT directional trajectory,,,cumulative incidence,
final_evidence_v3_bound_output,0.0132791341315996,0.0096162463419309,,o2o,0.0114340450126537,EV-BOUNDARY-GEOMETRY-V3,V3,300,aj_cumulative_incidence,cif_eligibility,29048,676,b,0.0166015625,Eligibility,all,All,runs/20260903_boundary_full_grid_1024_postprocess_v2/tau_01250/survival_cif.csv,1a90951b52587823e82fe89c99a12c8512030f465a66915028285ed8a2773740,focal-GT directional trajectory,,,cumulative incidence,
final_evidence_v3_bound_output,0.0132791341315996,0.0096162463419309,,o2o,0.0114340450126537,EV-BOUNDARY-GEOMETRY-V3,V3,300,aj_cumulative_incidence,cif_eligibility,29048,676,b,0.017578125,Eligibility,all,All,runs/20260903_boundary_full_grid_1024_postprocess_v2/tau_01250/survival_cif.csv,1a90951b52587823e82fe89c99a12c8512030f465a66915028285ed8a2773740,focal-GT directional trajectory,,,cumulative incidence,
final_evidence_v3_bound_output,0.0133252360724557,0.0096541269265937,,o2o,0.0114686314606465,EV-BOUNDARY-GEOMETRY-V3,V3,300,aj_cumulative_incidence,cif_eligibility,29048,676,b,0.0185546875,Eligibility,all,All,runs/20260903_boundary_full_grid_1024_postprocess_v2/tau_01250/survival_cif.csv,1a90951b52587823e82fe89c99a12c8512030f465a66915028285ed8a2773740,focal-GT directional trajectory,,,cumulative incidence,
final_evidence_v3_bound_output,0.0133492090195891,0.0096889556194208,,o2o,0.0115032179086392,EV-BOUNDARY-GEOMETRY-V3,V3,300,aj_cumulative_incidence,cif_eligibility,29048,676,b,0.01953125,Eligibility,all,All,runs/20260903_boundary_full_grid_1024_postprocess_v2/tau_01250/survival_cif.csv,1a90951b52587823e82fe89c99a12c8512030f465a66915028285ed8a2773740,focal-GT directional trajectory,,,cumulative incidence,
final_evidence_v3_bound_output,0.0133841300202015,0.0097162123276775,,o2o,0.011537804356632,EV-BOUNDARY-GEOMETRY-V3,V3,300,aj_cumulative_incidence,cif_eligibility,29048,676,b,0.0205078125,Eligibility,all,All,runs/20260903_boundary_full_grid_1024_postprocess_v2/tau_01250/survival_cif.csv,1a90951b52587823e82fe89c99a12c8512030f465a66915028285ed8a2773740,focal-GT directional trajectory,,,cumulative incidence,
final_evidence_v3_bound_output,0.0134117183778555,0.0097500170966509,,o2o,0.0115723908046248,EV-BOUNDARY-GEOMETRY-V3,V3,300,aj_cumulative_incidence,cif_eligibility,29048,676,b,0.021484375,Eligibility,all,All,runs/20260903_boundary_full_grid_1024_postprocess_v2/tau_01250/survival_cif.csv,1a90951b52587823e82fe89c99a12c8512030f465a66915028285ed8a2773740,focal-GT directional trajectory,,,cumulative incidence,
final_evidence_v3_bound_output,0.0135216492792088,0.0098518923870656,,o2o,0.0116759401594545,EV-BOUNDARY-GEOMETRY-V3,V3,300,aj_cumulative_incidence,cif_eligibility,29048,676,b,0.0224609375,Eligibility,all,All,runs/20260903_boundary_full_grid_1024_postprocess_v2/tau_01250/survival_cif.csv,1a90951b52587823e82fe89c99a12c8512030f465a66915028285ed8a2773740,focal-GT directional trajectory,,,cumulative incidence,
final_evidence_v3_bound_output,0.0135502505228289,0.0098788475511316,,o2o,0.0117105266074473,EV-BOUNDARY-GEOMETRY-V3,V3,300,aj_cumulative_incidence,cif_eligibility,29048,676,b,0.0234375,Eligibility,all,All,runs/20260903_boundary_full_grid_1024_postprocess_v2/tau_01250/survival_cif.csv,1a90951b52587823e82fe89c99a12c8512030f465a66915028285ed8a2773740,focal-GT directional trajectory,,,cumulative incidence,
final_evidence_v3_bound_output,0.0135502505228289,0.0098788475511316,,o2o,0.0117105266074473,EV-BOUNDARY-GEOMETRY-V3,V3,300,aj_cumulative_incidence,cif_eligibility,29048,676,b,0.0244140625,Eligibility,all,All,runs/20260903_boundary_full_grid_1024_postprocess_v2/tau_01250/survival_cif.csv,1a90951b52587823e82fe89c99a12c8512030f465a66915028285ed8a2773740,focal-GT directional trajectory,,,cumulative incidence,
final_evidence_v3_bound_output,0.0135502505228289,0.0098788475511316,,o2o,0.0117105266074473,EV-BOUNDARY-GEOMETRY-V3,V3,300,aj_cumulative_incidence,cif_eligibility,29048,676,b,0.025390625,Eligibility,all,All,runs/20260903_boundary_full_grid_1024_postprocess_v2/tau_01250/survival_cif.csv,1a90951b52587823e82fe89c99a12c8512030f465a66915028285ed8a2773740,focal-GT directional trajectory,,,cumulative incidence,
final_evidence_v3_bound_output,0.0135930696615818,0.0099253988475462,,o2o,0.0117451130554401,EV-BOUNDARY-GEOMETRY-V3,V3,300,aj_cumulative_incidence,cif_eligibility,29048,676,b,0.0263671875,Eligibility,all,All,runs/20260903_boundary_full_grid_1024_postprocess_v2/tau_01250/survival_cif.csv,1a90951b52587823e82fe89c99a12c8512030f465a66915028285ed8a2773740,focal-GT directional trajectory,,,cumulative incidence,
final_evidence_v3_bound_output,0.0136843201356241,0.0099602827394766,,o2o,0.0118140759622771,EV-BOUNDARY-GEOMETRY-V3,V3,300,aj_cumulative_incidence,cif_eligibility,29048,676,b,0.02734375,Eligibility,all,All,runs/20260903_boundary_full_grid_1024_postprocess_v2/tau_01250/survival_cif.csv,1a90951b52587823e82fe89c99a12c8512030f465a66915028285ed8a2773740,focal-GT directional trajectory,,,cumulative incidence,
final_evidence_v3_bound_output,0.0137032603758849,0.0100067225754301,,o2o,0.0118486624102698,EV-BOUNDARY-GEOMETRY-V3,V3,300,aj_cumulative_incidence,cif_eligibility,29048,676,b,0.0283203125,Eligibility,all,All,runs/20260903_boundary_full_grid_1024_postprocess_v2/tau_01250/survival_cif.csv,1a90951b52587823e82fe89c99a12c8512030f465a66915028285ed8a2773740,focal-GT directional trajectory,,,cumulative incidence,
final_evidence_v3_bound_output,0.0137032603758849,0.0100067225754301,,o2o,0.0118486624102698,EV-BOUNDARY-GEOMETRY-V3,V3,300,aj_cumulative_incidence,cif_eligibility,29048,676,b,0.029296875,Eligibility,all,All,runs/20260903_boundary_full_grid_1024_postprocess_v2/tau_01250/survival_cif.csv,1a90951b52587823e82fe89c99a12c8512030f465a66915028285ed8a2773740,focal-GT directional trajectory,,,cumulative incidence,
final_evidence_v3_bound_output,0.0137032603758849,0.0100067225754301,,o2o,0.0118486624102698,EV-BOUNDARY-GEOMETRY-V3,V3,300,aj_cumulative_incidence,cif_eligibility,29048,676,b,0.0302734375,Eligibility,all,All,runs/20260903_boundary_full_grid_1024_postprocess_v2/tau_01250/survival_cif.csv,1a90951b52587823e82fe89c99a12c8512030f465a66915028285ed8a2773740,focal-GT directional trajectory,,,cumulative incidence,
final_evidence_v3_bound_output,0.0138075287588361,0.0100559545169431,,o2o,0.0119176253171068,EV-BOUNDARY-GEOMETRY-V3,V3,300,aj_cumulative_incidence,cif_eligibility,29048,676,b,0.03125,Eligibility,all,All,runs/20260903_boundary_full_grid_1024_postprocess_v2/tau_01250/survival_cif.csv,1a90951b52587823e82fe89c99a12c8512030f465a66915028285ed8a2773740,focal-GT directional trajectory,,,cumulative incidence,
final_evidence_v3_bound_output,0.0138448082661227,0.0100766518976398,,o2o,0.0119522129885844,EV-BOUNDARY-GEOMETRY-V3,V3,300,aj_cumulative_incidence,cif_eligibility,29048,676,b,0.0322265625,Eligibility,all,All,runs/20260903_boundary_full_grid_1024_postprocess_v2/tau_01250/survival_cif.csv,1a90951b52587823e82fe89c99a12c8512030f465a66915028285ed8a2773740,focal-GT directional trajectory,,,cumulative incidence,
final_evidence_v3_bound_output,0.0139118991265131,0.0101416098525758,,o2o,0.0120211783349629,EV-BOUNDARY-GEOMETRY-V3,V3,300,aj_cumulative_incidence,cif_eligibility,29048,676,b,0.033203125,Eligibility,all,All,runs/20260903_boundary_full_grid_1024_postprocess_v2/tau_01250/survival_cif.csv,1a90951b52587823e82fe89c99a12c8512030f465a66915028285ed8a2773740,focal-GT directional trajectory,,,cumulative incidence,
final_evidence_v3_bound_output,0.0139118991265131,0.0101416098525758,,o2o,0.0120211783349629,EV-BOUNDARY-GEOMETRY-V3,V3,300,aj_cumulative_incidence,cif_eligibility,29048,676,b,0.0341796875,Eligibility,all,All,runs/20260903_boundary_full_grid_1024_postprocess_v2/tau_01250/survival_cif.csv,1a90951b52587823e82fe89c99a12c8512030f465a66915028285ed8a2773740,focal-GT directional trajectory,,,cumulative incidence,
final_evidence_v3_bound_output,0.0139118991265131,0.0101416098525758,,o2o,0.0120211783349629,EV-BOUNDARY-GEOMETRY-V3,V3,300,aj_cumulative_incidence,cif_eligibility,29048,676,b,0.03515625,Eligibility,all,All,runs/20260903_boundary_full_grid_1024_postprocess_v2/tau_01250/survival_cif.csv,1a90951b52587823e82fe89c99a12c8512030f465a66915028285ed8a2773740,focal-GT directional trajectory,,,cumulative incidence,
final_evidence_v3_bound_output,0.0139118991265131,0.0101416098525758,,o2o,0.0120211783349629,EV-BOUNDARY-GEOMETRY-V3,V3,300,aj_cumulative_incidence,cif_eligibility,29048,676,b,0.0361328125,Eligibility,all,All,runs/20260903_boundary_full_grid_1024_postprocess_v2/tau_01250/survival_cif.csv,1a90951b52587823e82fe89c99a12c8512030f465a66915028285ed8a2773740,focal-GT directional trajectory,,,cumulative incidence,
final_evidence_v3_bound_output,0.0139967372412724,0.0101970926958081,,o2o,0.0120901436813413,EV-BOUNDARY-GEOMETRY-V3,V3,300,aj_cumulative_incidence,cif_eligibility,29048,676,b,0.037109375,Eligibility,all,All,runs/20260903_boundary_full_grid_1024_postprocess_v2/tau_01250/survival_cif.csv,1a90951b52587823e82fe89c99a12c8512030f465a66915028285ed8a2773740,focal-GT directional trajectory,,,cumulative incidence,
final_evidence_v3_bound_output,0.0140234418173735,0.0102262210480079,,o2o,0.0121245213562421,EV-BOUNDARY-GEOMETRY-V3,V3,300,aj_cumulative_incidence,cif_eligibility,29048,676,b,0.0380859375,Eligibility,all,All,runs/20260903_boundary_full_grid_1024_postprocess_v2/tau_01250/survival_cif.csv,1a90951b52587823e82fe89c99a12c8512030f465a66915028285ed8a2773740,focal-GT directional trajectory,,,cumulative incidence,
final_evidence_v3_bound_output,0.014056572650797,0.0102509157666146,,o2o,0.0121591090277197,EV-BOUNDARY-GEOMETRY-V3,V3,300,aj_cumulative_incidence,cif_eligibility,29048,676,b,0.0390625,Eligibility,all,All,runs/20260903_boundary_full_grid_1024_postprocess_v2/tau_01250/survival_cif.csv,1a90951b52587823e82fe89c99a12c8512030f465a66915028285ed8a2773740,focal-GT directional trajectory,,,cumulative incidence,
final_evidence_v3_bound_output,0.0141078565755538,0.0102850268722142,,o2o,0.0121936991534479,EV-BOUNDARY-GEOMETRY-V3,V3,300,aj_cumulative_incidence,cif_eligibility,29048,676,b,0.0400390625,Eligibility,all,All,runs/20260903_boundary_full_grid_1024_postprocess_v2/tau_01250/survival_cif.csv,1a90951b52587823e82fe89c99a12c8512030f465a66915028285ed8a2773740,focal-GT directional trajectory,,,cumulative incidence,
final_evidence_v3_bound_output,0.0141528552307134,0.0103196782847926,,o2o,0.0122282892791761,EV-BOUNDARY-GEOMETRY-V3,V3,300,aj_cumulative_incidence,cif_eligibility,29048,676,b,0.041015625,Eligibility,all,All,runs/20260903_boundary_full_grid_1024_postprocess_v2/tau_01250/survival_cif.csv,1a90951b52587823e82fe89c99a12c8512030f465a66915028285ed8a2773740,focal-GT directional trajectory,,,cumulative incidence,
final_evidence_v3_bound_output,0.0142301319680482,0.0104145818522461,,o2o,0.0122974695306326,EV-BOUNDARY-GEOMETRY-V3,V3,300,aj_cumulative_incidence,cif_eligibility,29048,676,b,0.0419921875,Eligibility,all,All,runs/20260903_boundary_full_grid_1024_postprocess_v2/tau_01250/survival_cif.csv,1a90951b52587823e82fe89c99a12c8512030f465a66915028285ed8a2773740,focal-GT directional trajectory,,,cumulative incidence,
final_evidence_v3_bound_output,0.0142301319680482,0.0104145818522461,,o2o,0.0122974695306326,EV-BOUNDARY-GEOMETRY-V3,V3,300,aj_cumulative_incidence,cif_eligibility,29048,676,b,0.04296875,Eligibility,all,All,runs/20260903_boundary_full_grid_1024_postprocess_v2/tau_01250/survival_cif.csv,1a90951b52587823e82fe89c99a12c8512030f465a66915028285ed8a2773740,focal-GT directional trajectory,,,cumulative incidence,
final_evidence_v3_bound_output,0.0142301319680482,0.0104145818522461,,o2o,0.0122974695306326,EV-BOUNDARY-GEOMETRY-V3,V3,300,aj_cumulative_incidence,cif_eligibility,29048,676,b,0.0439453125,Eligibility,all,All,runs/20260903_boundary_full_grid_1024_postprocess_v2/tau_01250/survival_cif.csv,1a90951b52587823e82fe89c99a12c8512030f465a66915028285ed8a2773740,focal-GT directional trajectory,,,cumulative incidence,
final_evidence_v3_bound_output,0.0142580452899203,0.010447773967924,,o2o,0.0123320608853585,EV-BOUNDARY-GEOMETRY-V3,V3,300,aj_cumulative_incidence,cif_eligibility,29048,676,b,0.044921875,Eligibility,all,All,runs/20260903_boundary_full_grid_1024_postprocess_v2/tau_01250/survival_cif.csv,1a90951b52587823e82fe89c99a12c8512030f465a66915028285ed8a2773740,focal-GT directional trajectory,,,cumulative incidence,
final_evidence_v3_bound_output,0.0142580452899203,0.010447773967924,,o2o,0.0123320608853585,EV-BOUNDARY-GEOMETRY-V3,V3,300,aj_cumulative_incidence,cif_eligibility,29048,676,b,0.0458984375,Eligibility,all,All,runs/20260903_boundary_full_grid_1024_postprocess_v2/tau_01250/survival_cif.csv,1a90951b52587823e82fe89c99a12c8512030f465a66915028285ed8a2773740,focal-GT directional trajectory,,,cumulative incidence,
final_evidence_v3_bound_output,0.0143209947107749,0.010522871184554,,o2o,0.0124012485174389,EV-BOUNDARY-GEOMETRY-V3,V3,300,aj_cumulative_incidence,cif_eligibility,29048,676,b,0.046875,Eligibility,all,All,runs/20260903_boundary_full_grid_1024_postprocess_v2/tau_01250/survival_cif.csv,1a90951b52587823e82fe89c99a12c8512030f465a66915028285ed8a2773740,focal-GT directional trajectory,,,cumulative incidence,
final_evidence_v3_bound_output,0.0143332703951044,0.0105609866040232,,o2o,0.012435632299596,EV-BOUNDARY-GEOMETRY-V3,V3,300,aj_cumulative_incidence,cif_eligibility,29048,676,b,0.0478515625,Eligibility,all,All,runs/20260903_boundary_full_grid_1024_postprocess_v2/tau_01250/survival_cif.csv,1a90951b52587823e82fe89c99a12c8512030f465a66915028285ed8a2773740,focal-GT directional trajectory,,,cumulative incidence,
final_evidence_v3_bound_output,0.0143688214189547,0.0105844925142481,,o2o,0.0124702261156362,EV-BOUNDARY-GEOMETRY-V3,V3,300,aj_cumulative_incidence,cif_eligibility,29048,676,b,0.048828125,Eligibility,all,All,runs/20260903_boundary_full_grid_1024_postprocess_v2/tau_01250/survival_cif.csv,1a90951b52587823e82fe89c99a12c8512030f465a66915028285ed8a2773740,focal-GT directional trajectory,,,cumulative incidence,
final_evidence_v3_bound_output,0.0144648361951796,0.010676370314294,,o2o,0.0125740075637567,EV-BOUNDARY-GEOMETRY-V3,V3,300,aj_cumulative_incidence,cif_eligibility,29048,676,b,0.0498046875,Eligibility,all,All,runs/20260903_boundary_full_grid_1024_postprocess_v2/tau_01250/survival_cif.csv,1a90951b52587823e82fe89c99a12c8512030f465a66915028285ed8a2773740,focal-GT directional trajectory,,,cumulative incidence,
final_evidence_v3_bound_output,0.0145321545074958,0.0106936273591307,,o2o,0.0126083913459138,EV-BOUNDARY-GEOMETRY-V3,V3,300,aj_cumulative_incidence,cif_eligibility,29048,676,b,0.05078125,Eligibility,all,All,runs/20260903_boundary_full_grid_1024_postprocess_v2/tau_01250/survival_cif.csv,1a90951b52587823e82fe89c99a12c8512030f465a66915028285ed8a2773740,focal-GT directional trajectory,,,cumulative incidence,
final_evidence_v3_bound_output,0.01460713849728,0.0107603870101085,,o2o,0.0126775789779942,EV-BOUNDARY-GEOMETRY-V3,V3,300,aj_cumulative_incidence,cif_eligibility,29048,676,b,0.0517578125,Eligibility,all,All,runs/20260903_boundary_full_grid_1024_postprocess_v2/tau_01250/survival_cif.csv,1a90951b52587823e82fe89c99a12c8512030f465a66915028285ed8a2773740,focal-GT directional trajectory,,,cumulative incidence,
final_evidence_v3_bound_output,0.0146371102675198,0.0108048687732384,,o2o,0.0127121727940344,EV-BOUNDARY-GEOMETRY-V3,V3,300,aj_cumulative_incidence,cif_eligibility,29048,676,b,0.052734375,Eligibility,all,All,runs/20260903_boundary_full_grid_1024_postprocess_v2/tau_01250/survival_cif.csv,1a90951b52587823e82fe89c99a12c8512030f465a66915028285ed8a2773740,focal-GT directional trajectory,,,cumulative incidence,
final_evidence_v3_bound_output,0.0146989922037155,0.0108790290245314,,o2o,0.0127813604261147,EV-BOUNDARY-GEOMETRY-V3,V3,300,aj_cumulative_incidence,cif_eligibility,29048,676,b,0.0537109375,Eligibility,all,All,runs/20260903_boundary_full_grid_1024_postprocess_v2/tau_01250/survival_cif.csv,1a90951b52587823e82fe89c99a12c8512030f465a66915028285ed8a2773740,focal-GT directional trajectory,,,cumulative incidence,
final_evidence_v3_bound_output,0.0148483136946653,0.0109985700441611,,o2o,0.0129197406297538,EV-BOUNDARY-GEOMETRY-V3,V3,300,aj_cumulative_incidence,cif_eligibility,29048,676,b,0.0546875,Eligibility,all,All,runs/20260903_boundary_full_grid_1024_postprocess_v2/tau_01250/survival_cif.csv,1a90951b52587823e82fe89c99a12c8512030f465a66915028285ed8a2773740,focal-GT directional trajectory,,,cumulative incidence,
final_evidence_v3_bound_output,0.0149451233138716,0.0110390931743729,,o2o,0.0129887231540159,EV-BOUNDARY-GEOMETRY-V3,V3,300,aj_cumulative_incidence,cif_eligibility,29048,676,b,0.0556640625,Eligibility,all,All,runs/20260903_boundary_full_grid_1024_postprocess_v2/tau_01250/survival_cif.csv,1a90951b52587823e82fe89c99a12c8512030f465a66915028285ed8a2773740,focal-GT directional trajectory,,,cumulative incidence,
final_evidence_v3_bound_output,0.0150481143697556,0.011135611189126,,o2o,0.0130925157221776,EV-BOUNDARY-GEOMETRY-V3,V3,300,aj_cumulative_incidence,cif_eligibility,29048,676,b,0.056640625,Eligibility,all,All,runs/20260903_boundary_full_grid_1024_postprocess_v2/tau_01250/survival_cif.csv,1a90951b52587823e82fe89c99a12c8512030f465a66915028285ed8a2773740,focal-GT directional trajectory,,,cumulative incidence,
final_evidence_v3_bound_output,0.0150796788734511,0.0111642229358702,,o2o,0.0131271132448982,EV-BOUNDARY-GEOMETRY-V3,V3,300,aj_cumulative_incidence,cif_eligibility,29048,676,b,0.0576171875,Eligibility,all,All,runs/20260903_boundary_full_grid_1024_postprocess_v2/tau_01250/survival_cif.csv,1a90951b52587823e82fe89c99a12c8512030f465a66915028285ed8a2773740,focal-GT directional trajectory,,,cumulative incidence,
final_evidence_v3_bound_output,0.0151260427611921,0.0112072659998079,,o2o,0.0131617107676187,EV-BOUNDARY-GEOMETRY-V3,V3,300,aj_cumulative_incidence,cif_eligibility,29048,676,b,0.05859375,Eligibility,all,All,runs/20260903_boundary_full_grid_1024_postprocess_v2/tau_01250/survival_cif.csv,1a90951b52587823e82fe89c99a12c8512030f465a66915028285ed8a2773740,focal-GT directional trajectory,,,cumulative incidence,
final_evidence_v3_bound_output,0.0151677487299434,0.0112384353999036,,o2o,0.0131963082903393,EV-BOUNDARY-GEOMETRY-V3,V3,300,aj_cumulative_incidence,cif_eligibility,29048,676,b,0.0595703125,Eligibility,all,All,runs/20260903_boundary_full_grid_1024_postprocess_v2/tau_01250/survival_cif.csv,1a90951b52587823e82fe89c99a12c8512030f465a66915028285ed8a2773740,focal-GT directional trajectory,,,cumulative incidence,
final_evidence_v3_bound_output,0.0155453032905738,0.0115811497695559,,o2o,0.0135420734611569,EV-BOUNDARY-GEOMETRY-V3,V3,300,aj_cumulative_incidence,cif_eligibility,29048,676,b,0.060546875,Eligibility,all,All,runs/20260903_boundary_full_grid_1024_postprocess_v2/tau_01250/survival_cif.csv,1a90951b52587823e82fe89c99a12c8512030f465a66915028285ed8a2773740,focal-GT directional trajectory,,,cumulative incidence,
final_evidence_v3_bound_output,0.0157368118094936,0.0117319920066097,,o2o,0.0137150610747597,EV-BOUNDARY-GEOMETRY-V3,V3,300,aj_cumulative_incidence,cif_eligibility,29048,676,b,0.0615234375,Eligibility,all,All,runs/20260903_boundary_full_grid_1024_postprocess_v2/tau_01250/survival_cif.csv,1a90951b52587823e82fe89c99a12c8512030f465a66915028285ed8a2773740,focal-GT directional trajectory,,,cumulative incidence,
final_evidence_v3_bound_output,0.0158160602686704,0.0117942574704952,,o2o,0.0137842610775288,EV-BOUNDARY-GEOMETRY-V3,V3,300,aj_cumulative_incidence,cif_eligibility,29048,676,b,0.0625,Eligibility,all,All,runs/20260903_boundary_full_grid_1024_postprocess_v2/tau_01250/survival_cif.csv,1a90951b52587823e82fe89c99a12c8512030f465a66915028285ed8a2773740,focal-GT directional trajectory,,,cumulative incidence,
final_evidence_v3_bound_output,0.0158468898975789,0.0118257671809563,,o2o,0.0138188635588204,EV-BOUNDARY-GEOMETRY-V3,V3,300,aj_cumulative_incidence,cif_eligibility,29048,676,b,0.0634765625,Eligibility,all,All,runs/20260903_boundary_full_grid_1024_postprocess_v2/tau_01250/survival_cif.csv,1a90951b52587823e82fe89c99a12c8512030f465a66915028285ed8a2773740,focal-GT directional trajectory,,,cumulative incidence,
final_evidence_v3_bound_output,0.015903140626363,0.01190370115424,,o2o,0.01388785843491,EV-BOUNDARY-GEOMETRY-V3,V3,300,aj_cumulative_incidence,cif_eligibility,29048,676,b,0.064453125,Eligibility,all,All,runs/20260903_boundary_full_grid_1024_postprocess_v2/tau_01250/survival_cif.csv,1a90951b52587823e82fe89c99a12c8512030f465a66915028285ed8a2773740,focal-GT directional trajectory,,,cumulative incidence,
final_evidence_v3_bound_output,0.0162216499088166,0.012186841368062,,o2o,0.0141644681987491,EV-BOUNDARY-GEOMETRY-V3,V3,300,aj_cumulative_incidence,cif_eligibility,29048,676,b,0.0654296875,Eligibility,all,All,runs/20260903_boundary_full_grid_1024_postprocess_v2/tau_01250/survival_cif.csv,1a90951b52587823e82fe89c99a12c8512030f465a66915028285ed8a2773740,focal-GT directional trajectory,,,cumulative incidence,
final_evidence_v3_bound_output,0.0163916556647066,0.0124292836587878,,o2o,0.0143718804433908,EV-BOUNDARY-GEOMETRY-V3,V3,300,aj_cumulative_incidence,cif_eligibility,29048,676,b,0.06640625,Eligibility,all,All,runs/20260903_boundary_full_grid_1024_postprocess_v2/tau_01250/survival_cif.csv,1a90951b52587823e82fe89c99a12c8512030f465a66915028285ed8a2773740,focal-GT directional trajectory,,,cumulative incidence,
final_evidence_v3_bound_output,0.0165541517722157,0.0125491596425137,,o2o,0.0145103003054405,EV-BOUNDARY-GEOMETRY-V3,V3,300,aj_cumulative_incidence,cif_eligibility,29048,676,b,0.0673828125,Eligibility,all,All,runs/20260903_boundary_full_grid_1024_postprocess_v2/tau_01250/survival_cif.csv,1a90951b52587823e82fe89c99a12c8512030f465a66915028285ed8a2773740,focal-GT directional trajectory,,,cumulative incidence,
final_evidence_v3_bound_output,0.0168702861090917,0.0128561483518388,,o2o,0.0148213471417526,EV-BOUNDARY-GEOMETRY-V3,V3,300,aj_cumulative_incidence,cif_eligibility,29048,676,b,0.068359375,Eligibility,all,All,runs/20260903_boundary_full_grid_1024_postprocess_v2/tau_01250/survival_cif.csv,1a90951b52587823e82fe89c99a12c8512030f465a66915028285ed8a2773740,focal-GT directional trajectory,,,cumulative incidence,
final_evidence_v3_bound_output,0.0170840704064894,0.0131190541323757,,o2o,0.0150634065441247,EV-BOUNDARY-GEOMETRY-V3,V3,300,aj_cumulative_incidence,cif_eligibility,29048,676,b,0.0693359375,Eligibility,all,All,runs/20260903_boundary_full_grid_1024_postprocess_v2/tau_01250/survival_cif.csv,1a90951b52587823e82fe89c99a12c8512030f465a66915028285ed8a2773740,focal-GT directional trajectory,,,cumulative incidence,
final_evidence_v3_bound_output,0.0173483723170674,0.0133258221891503,,o2o,0.0153056760782356,EV-BOUNDARY-GEOMETRY-V3,V3,300,aj_cumulative_incidence,cif_eligibility,29048,676,b,0.0703125,Eligibility,all,All,runs/20260903_boundary_full_grid_1024_postprocess_v2/tau_01250/survival_cif.csv,1a90951b52587823e82fe89c99a12c8512030f465a66915028285ed8a2773740,focal-GT directional trajectory,,,cumulative incidence,
final_evidence_v3_bound_output,0.0178066683829946,0.0137379092146946,,o2o,0.0157551849495353,EV-BOUNDARY-GEOMETRY-V3,V3,300,aj_cumulative_incidence,cif_eligibility,29048,676,b,0.0712890625,Eligibility,all,All,runs/20260903_boundary_full_grid_1024_postprocess_v2/tau_01250/survival_cif.csv,1a90951b52587823e82fe89c99a12c8512030f465a66915028285ed8a2773740,focal-GT directional trajectory,,,cumulative incidence,
final_evidence_v3_bound_output,0.0183917482363838,0.0143157996625541,,o2o,0.0163436174405271,EV-BOUNDARY-GEOMETRY-V3,V3,300,aj_cumulative_incidence,cif_eligibility,29048,676,b,0.072265625,Eligibility,all,All,runs/20260903_boundary_full_grid_1024_postprocess_v2/tau_01250/survival_cif.csv,1a90951b52587823e82fe89c99a12c8512030f465a66915028285ed8a2773740,focal-GT directional trajectory,,,cumulative incidence,
final_evidence_v3_bound_output,0.0188721793630226,0.0147837899918977,,o2o,0.0167927708146166,EV-BOUNDARY-GEOMETRY-V3,V3,300,aj_cumulative_incidence,cif_eligibility,29048,676,b,0.0732421875,Eligibility,all,All,runs/20260903_boundary_full_grid_1024_postprocess_v2/tau_01250/survival_cif.csv,1a90951b52587823e82fe89c99a12c8512030f465a66915028285ed8a2773740,focal-GT directional trajectory,,,cumulative incidence,
final_evidence_v3_bound_output,0.0190070150450359,0.0149007548135602,,o2o,0.0169312305137745,EV-BOUNDARY-GEOMETRY-V3,V3,300,aj_cumulative_incidence,cif_eligibility,29048,676,b,0.07421875,Eligibility,all,All,runs/20260903_boundary_full_grid_1024_postprocess_v2/tau_01250/survival_cif.csv,1a90951b52587823e82fe89c99a12c8512030f465a66915028285ed8a2773740,focal-GT directional trajectory,,,cumulative incidence,
final_evidence_v3_bound_output,0.0196658698467533,0.0154525730292896,,o2o,0.0175541115036854,EV-BOUNDARY-GEOMETRY-V3,V3,300,aj_cumulative_incidence,cif_eligibility,29048,676,b,0.0751953125,Eligibility,all,All,runs/20260903_boundary_full_grid_1024_postprocess_v2/tau_01250/survival_cif.csv,1a90951b52587823e82fe89c99a12c8512030f465a66915028285ed8a2773740,focal-GT directional trajectory,,,cumulative incidence,
final_evidence_v3_bound_output,0.0200890039490032,0.0157174919167666,,o2o,0.017899865425033,EV-BOUNDARY-GEOMETRY-V3,V3,300,aj_cumulative_incidence,cif_eligibility,29048,676,b,0.076171875,Eligibility,all,All,runs/20260903_boundary_full_grid_1024_postprocess_v2/tau_01250/survival_cif.csv,1a90951b52587823e82fe89c99a12c8512030f465a66915028285ed8a2773740,focal-GT directional trajectory,,,cumulative incidence,
final_evidence_v3_bound_output,0.0203318784705956,0.0158893986015914,,o2o,0.0181071496360504,EV-BOUNDARY-GEOMETRY-V3,V3,300,aj_cumulative_incidence,cif_eligibility,29048,676,b,0.0771484375,Eligibility,all,All,runs/20260903_boundary_full_grid_1024_postprocess_v2/tau_01250/survival_cif.csv,1a90951b52587823e82fe89c99a12c8512030f465a66915028285ed8a2773740,focal-GT directional trajectory,,,cumulative incidence,
final_evidence_v3_bound_output,0.0206565500623546,0.0162472552216694,,o2o,0.0184531638551107,EV-BOUNDARY-GEOMETRY-V3,V3,300,aj_cumulative_incidence,cif_eligibility,29048,676,b,0.078125,Eligibility,all,All,runs/20260903_boundary_full_grid_1024_postprocess_v2/tau_01250/survival_cif.csv,1a90951b52587823e82fe89c99a12c8512030f465a66915028285ed8a2773740,focal-GT directional trajectory,,,cumulative incidence,
final_evidence_v3_bound_output,0.0226827208212633,0.0180821733365297,,o2o,0.0203906189836974,EV-BOUNDARY-GEOMETRY-V3,V3,300,aj_cumulative_incidence,cif_eligibility,29048,676,b,0.0791015625,Eligibility,all,All,runs/20260903_boundary_full_grid_1024_postprocess_v2/tau_01250/survival_cif.csv,1a90951b52587823e82fe89c99a12c8512030f465a66915028285ed8a2773740,focal-GT directional trajectory,,,cumulative incidence,
final_evidence_v3_bound_output,0.0227630321962642,0.0181596682293071,,o2o,0.0204598663635334,EV-BOUNDARY-GEOMETRY-V3,V3,300,aj_cumulative_incidence,cif_eligibility,29048,676,b,0.080078125,Eligibility,all,All,runs/20260903_boundary_full_grid_1024_postprocess_v2/tau_01250/survival_cif.csv,1a90951b52587823e82fe89c99a12c8512030f465a66915028285ed8a2773740,focal-GT directional trajectory,,,cumulative incidence,
final_evidence_v3_bound_output,0.0230461148378065,0.0183229759837941,,o2o,0.0206676160532607,EV-BOUNDARY-GEOMETRY-V3,V3,300,aj_cumulative_incidence,cif_eligibility,29048,676,b,0.0810546875,Eligibility,all,All,runs/20260903_boundary_full_grid_1024_postprocess_v2/tau_01250/survival_cif.csv,1a90951b52587823e82fe89c99a12c8512030f465a66915028285ed8a2773740,focal-GT directional trajectory,,,cumulative incidence,
final_evidence_v3_bound_output,0.0234362834723241,0.0187115066443254,,o2o,0.0210826949869146,EV-BOUNDARY-GEOMETRY-V3,V3,300,aj_cumulative_incidence,cif_eligibility,29048,676,b,0.08203125,Eligibility,all,All,runs/20260903_boundary_full_grid_1024_postprocess_v2/tau_01250/survival_cif.csv,1a90951b52587823e82fe89c99a12c8512030f465a66915028285ed8a2773740,focal-GT directional trajectory,,,cumulative incidence,
final_evidence_v3_bound_output,0.0234685272666519,0.0187227507937245,,o2o,0.0211173199352025,EV-BOUNDARY-GEOMETRY-V3,V3,300,aj_cumulative_incidence,cif_eligibility,29048,676,b,0.0830078125,Eligibility,all,All,runs/20260903_boundary_full_grid_1024_postprocess_v2/tau_01250/survival_cif.csv,1a90951b52587823e82fe89c99a12c8512030f465a66915028285ed8a2773740,focal-GT directional trajectory,,,cumulative incidence,
final_evidence_v3_bound_output,0.0253772828050948,0.0202237121710992,,o2o,0.0227770966086733,EV-BOUNDARY-GEOMETRY-V3,V3,300,aj_cumulative_incidence,cif_eligibility,29048,676,b,0.083984375,Eligibility,all,All,runs/20260903_boundary_full_grid_1024_postprocess_v2/tau_01250/survival_cif.csv,1a90951b52587823e82fe89c99a12c8512030f465a66915028285ed8a2773740,focal-GT directional trajectory,,,cumulative incidence,
final_evidence_v3_bound_output,0.0266954261224568,0.0216536225152467,,o2o,0.0241957678998644,EV-BOUNDARY-GEOMETRY-V3,V3,300,aj_cumulative_incidence,cif_eligibility,29048,676,b,0.0849609375,Eligibility,all,All,runs/20260903_boundary_full_grid_1024_postprocess_v2/tau_01250/survival_cif.csv,1a90951b52587823e82fe89c99a12c8512030f465a66915028285ed8a2773740,focal-GT directional trajectory,,,cumulative incidence,
final_evidence_v3_bound_output,0.0268514084344331,0.0218009398397323,,o2o,0.0243340927278829,EV-BOUNDARY-GEOMETRY-V3,V3,300,aj_cumulative_incidence,cif_eligibility,29048,676,b,0.0859375,Eligibility,all,All,runs/20260903_boundary_full_grid_1024_postprocess_v2/tau_01250/survival_cif.csv,1a90951b52587823e82fe89c99a12c8512030f465a66915028285ed8a2773740,focal-GT directional trajectory,,,cumulative incidence,
final_evidence_v3_bound_output,0.0269024374830726,0.0218754777991491,,o2o,0.0244033602801411,EV-BOUNDARY-GEOMETRY-V3,V3,300,aj_cumulative_incidence,cif_eligibility,29048,676,b,0.0869140625,Eligibility,all,All,runs/20260903_boundary_full_grid_1024_postprocess_v2/tau_01250/survival_cif.csv,1a90951b52587823e82fe89c99a12c8512030f465a66915028285ed8a2773740,focal-GT directional trajectory,,,cumulative incidence,
final_evidence_v3_bound_output,0.02727290505847,0.022324973212948,,o2o,0.0247835185436704,EV-BOUNDARY-GEOMETRY-V3,V3,300,aj_cumulative_incidence,cif_eligibility,29048,676,b,0.087890625,Eligibility,all,All,runs/20260903_boundary_full_grid_1024_postprocess_v2/tau_01250/survival_cif.csv,1a90951b52587823e82fe89c99a12c8512030f465a66915028285ed8a2773740,focal-GT directional trajectory,,,cumulative incidence,
final_evidence_v3_bound_output,0.028906416469432,0.0237647720121061,,o2o,0.0263397431030565,EV-BOUNDARY-GEOMETRY-V3,V3,300,aj_cumulative_incidence,cif_eligibility,29048,676,b,0.0888671875,Eligibility,all,All,runs/20260903_boundary_full_grid_1024_postprocess_v2/tau_01250/survival_cif.csv,1a90951b52587823e82fe89c99a12c8512030f465a66915028285ed8a2773740,focal-GT directional trajectory,,,cumulative incidence,
final_evidence_v3_bound_output,0.0290213834221797,0.023842187820084,,o2o,0.0264434569606258,EV-BOUNDARY-GEOMETRY-V3,V3,300,aj_cumulative_incidence,cif_eligibility,29048,676,b,0.08984375,Eligibility,all,All,runs/20260903_boundary_full_grid_1024_postprocess_v2/tau_01250/survival_cif.csv,1a90951b52587823e82fe89c99a12c8512030f465a66915028285ed8a2773740,focal-GT directional trajectory,,,cumulative incidence,
final_evidence_v3_bound_output,0.0291488662322323,0.0240100872648473,,o2o,0.0265818122116337,EV-BOUNDARY-GEOMETRY-V3,V3,300,aj_cumulative_incidence,cif_eligibility,29048,676,b,0.0908203125,Eligibility,all,All,runs/20260903_boundary_full_grid_1024_postprocess_v2/tau_01250/survival_cif.csv,1a90951b52587823e82fe89c99a12c8512030f465a66915028285ed8a2773740,focal-GT directional trajectory,,,cumulative incidence,
final_evidence_v3_bound_output,0.0306565746478731,0.0255385157868802,,o2o,0.0281043634446875,EV-BOUNDARY-GEOMETRY-V3,V3,300,aj_cumulative_incidence,cif_eligibility,29048,676,b,0.091796875,Eligibility,all,All,runs/20260903_boundary_full_grid_1024_postprocess_v2/tau_01250/survival_cif.csv,1a90951b52587823e82fe89c99a12c8512030f465a66915028285ed8a2773740,focal-GT directional trajectory,,,cumulative incidence,
final_evidence_v3_bound_output,0.030971896070634,0.0257957482993934,,o2o,0.0283809244662807,EV-BOUNDARY-GEOMETRY-V3,V3,300,aj_cumulative_incidence,cif_eligibility,29048,676,b,0.0927734375,Eligibility,all,All,runs/20260903_boundary_full_grid_1024_postprocess_v2/tau_01250/survival_cif.csv,1a90951b52587823e82fe89c99a12c8512030f465a66915028285ed8a2773740,focal-GT directional trajectory,,,cumulative incidence,
final_evidence_v3_bound_output,0.030971896070634,0.0257957482993934,,o2o,0.0283809244662807,EV-BOUNDARY-GEOMETRY-V3,V3,300,aj_cumulative_incidence,cif_eligibility,29048,676,b,0.09375,Eligibility,all,All,runs/20260903_boundary_full_grid_1024_postprocess_v2/tau_01250/survival_cif.csv,1a90951b52587823e82fe89c99a12c8512030f465a66915028285ed8a2773740,focal-GT directional trajectory,,,cumulative incidence,
final_evidence_v3_bound_output,0.033957800824253,0.0287353623845616,,o2o,0.0313589747742515,EV-BOUNDARY-GEOMETRY-V3,V3,300,aj_cumulative_incidence,cif_eligibility,29048,676,b,0.0947265625,Eligibility,all,All,runs/20260903_boundary_full_grid_1024_postprocess_v2/tau_01250/survival_cif.csv,1a90951b52587823e82fe89c99a12c8512030f465a66915028285ed8a2773740,focal-GT directional trajectory,,,cumulative incidence,
final_evidence_v3_bound_output,0.0344171687572792,0.0291993929756583,,o2o,0.0318425029631358,EV-BOUNDARY-GEOMETRY-V3,V3,300,aj_cumulative_incidence,cif_eligibility,29048,676,b,0.095703125,Eligibility,all,All,runs/20260903_boundary_full_grid_1024_postprocess_v2/tau_01250/survival_cif.csv,1a90951b52587823e82fe89c99a12c8512030f465a66915028285ed8a2773740,focal-GT directional trajectory,,,cumulative incidence,
final_evidence_v3_bound_output,0.0349146624690964,0.0296347115457524,,o2o,0.0322928960931827,EV-BOUNDARY-GEOMETRY-V3,V3,300,aj_cumulative_incidence,cif_eligibility,29048,676,b,0.0966796875,Eligibility,all,All,runs/20260903_boundary_full_grid_1024_postprocess_v2/tau_01250/survival_cif.csv,1a90951b52587823e82fe89c99a12c8512030f465a66915028285ed8a2773740,focal-GT directional trajectory,,,cumulative incidence,
final_evidence_v3_bound_output,0.0350492264422792,0.0297206741069287,,o2o,0.0323968815339762,EV-BOUNDARY-GEOMETRY-V3,V3,300,aj_cumulative_incidence,cif_eligibility,29048,676,b,0.09765625,Eligibility,all,All,runs/20260903_boundary_full_grid_1024_postprocess_v2/tau_01250/survival_cif.csv,1a90951b52587823e82fe89c99a12c8512030f465a66915028285ed8a2773740,focal-GT directional trajectory,,,cumulative incidence,
final_evidence_v3_bound_output,0.0354741569289482,0.0301743413472305,,o2o,0.0328121919569744,EV-BOUNDARY-GEOMETRY-V3,V3,300,aj_cumulative_incidence,cif_eligibility,29048,676,b,0.0986328125,Eligibility,all,All,runs/20260903_boundary_full_grid_1024_postprocess_v2/tau_01250/survival_cif.csv,1a90951b52587823e82fe89c99a12c8512030f465a66915028285ed8a2773740,focal-GT directional trajectory,,,cumulative incidence,
final_evidence_v3_bound_output,0.0355896210741151,0.0302293314208047,,o2o,0.0328815155841701,EV-BOUNDARY-GEOMETRY-V3,V3,300,aj_cumulative_incidence,cif_eligibility,29048,676,b,0.099609375,Eligibility,all,All,runs/20260903_boundary_full_grid_1024_postprocess_v2/tau_01250/survival_cif.csv,1a90951b52587823e82fe89c99a12c8512030f465a66915028285ed8a2773740,focal-GT directional trajectory,,,cumulative incidence,
final_evidence_v3_bound_output,0.0370295625228076,0.0316181579590844,,o2o,0.0343001769436569,EV-BOUNDARY-GEOMETRY-V3,V3,300,aj_cumulative_incidence,cif_eligibility,29048,676,b,0.1005859375,Eligibility,all,All,runs/20260903_boundary_full_grid_1024_postprocess_v2/tau_01250/survival_cif.csv,1a90951b52587823e82fe89c99a12c8512030f465a66915028285ed8a2773740,focal-GT directional trajectory,,,cumulative incidence,
final_evidence_v3_bound_output,0.0371023064928399,0.0316396379038088,,o2o,0.0343348438981204,EV-BOUNDARY-GEOMETRY-V3,V3,300,aj_cumulative_incidence,cif_eligibility,29048,676,b,0.1015625,Eligibility,all,All,runs/20260903_boundary_full_grid_1024_postprocess_v2/tau_01250/survival_cif.csv,1a90951b52587823e82fe89c99a12c8512030f465a66915028285ed8a2773740,focal-GT directional trajectory,,,cumulative incidence,
final_evidence_v3_bound_output,0.0371212913142992,0.0316569586278224,,o2o,0.0343693003746462,EV-BOUNDARY-GEOMETRY-V3,V3,300,aj_cumulative_incidence,cif_eligibility,29048,676,b,0.1020620726159657,Eligibility,all,All,runs/20260903_boundary_full_grid_1024_postprocess_v2/tau_01250/survival_cif.csv,1a90951b52587823e82fe89c99a12c8512030f465a66915028285ed8a2773740,focal-GT directional trajectory,,,cumulative incidence,
final_evidence_v3_bound_output,0.0404384230893904,0.0343919668848983,,o2o,0.0374520568599893,EV-BOUNDARY-GEOMETRY-V3,V3,300,aj_cumulative_incidence,cif_eligibility,29048,676,b,0.1025390625,Eligibility,all,All,runs/20260903_boundary_full_grid_1024_postprocess_v2/tau_01250/survival_cif.csv,1a90951b52587823e82fe89c99a12c8512030f465a66915028285ed8a2773740,focal-GT directional trajectory,,,cumulative incidence,
final_evidence_v3_bound_output,0.0406506149128477,0.0345530838094143,,o2o,0.0376249899866283,EV-BOUNDARY-GEOMETRY-V3,V3,300,aj_cumulative_incidence,cif_eligibility,29048,676,b,0.103515625,Eligibility,all,All,runs/20260903_boundary_full_grid_1024_postprocess_v2/tau_01250/survival_cif.csv,1a90951b52587823e82fe89c99a12c8512030f465a66915028285ed8a2773740,focal-GT directional trajectory,,,cumulative incidence,
final_evidence_v3_bound_output,0.0407743530247641,0.0346806293649869,,o2o,0.0377632522873623,EV-BOUNDARY-GEOMETRY-V3,V3,300,aj_cumulative_incidence,cif_eligibility,29048,676,b,0.1044921875,Eligibility,all,All,runs/20260903_boundary_full_grid_1024_postprocess_v2/tau_01250/survival_cif.csv,1a90951b52587823e82fe89c99a12c8512030f465a66915028285ed8a2773740,focal-GT directional trajectory,,,cumulative incidence,
final_evidence_v3_bound_output,0.0415502437958531,0.0352891336608513,,o2o,0.0384882092172636,EV-BOUNDARY-GEOMETRY-V3,V3,300,aj_cumulative_incidence,cif_eligibility,29048,676,b,0.10546875,Eligibility,all,All,runs/20260903_boundary_full_grid_1024_postprocess_v2/tau_01250/survival_cif.csv,1a90951b52587823e82fe89c99a12c8512030f465a66915028285ed8a2773740,focal-GT directional trajectory,,,cumulative incidence,
final_evidence_v3_bound_output,0.0416284008366489,0.0353454295342162,,o2o,0.038557553461989,EV-BOUNDARY-GEOMETRY-V3,V3,300,aj_cumulative_incidence,cif_eligibility,29048,676,b,0.1064453125,Eligibility,all,All,runs/20260903_boundary_full_grid_1024_postprocess_v2/tau_01250/survival_cif.csv,1a90951b52587823e82fe89c99a12c8512030f465a66915028285ed8a2773740,focal-GT directional trajectory,,,cumulative incidence,
final_evidence_v3_bound_output,0.0424907901949857,0.0360627507327832,,o2o,0.0393186560794534,EV-BOUNDARY-GEOMETRY-V3,V3,300,aj_cumulative_incidence,cif_eligibility,29048,676,b,0.107421875,Eligibility,all,All,runs/20260903_boundary_full_grid_1024_postprocess_v2/tau_01250/survival_cif.csv,1a90951b52587823e82fe89c99a12c8512030f465a66915028285ed8a2773740,focal-GT directional trajectory,,,cumulative incidence,
final_evidence_v3_bound_output,0.0426704692394859,0.0362071876107957,,o2o,0.0394918061819525,EV-BOUNDARY-GEOMETRY-V3,V3,300,aj_cumulative_incidence,cif_eligibility,29048,676,b,0.1083984375,Eligibility,all,All,runs/20260903_boundary_full_grid_1024_postprocess_v2/tau_01250/survival_cif.csv,1a90951b52587823e82fe89c99a12c8512030f465a66915028285ed8a2773740,focal-GT directional trajectory,,,cumulative incidence,
final_evidence_v3_bound_output,0.0429350099829416,0.0364784989980854,,o2o,0.0397692351190334,EV-BOUNDARY-GEOMETRY-V3,V3,300,aj_cumulative_incidence,cif_eligibility,29048,676,b,0.109375,Eligibility,all,All,runs/20260903_boundary_full_grid_1024_postprocess_v2/tau_01250/survival_cif.csv,1a90951b52587823e82fe89c99a12c8512030f465a66915028285ed8a2773740,focal-GT directional trajectory,,,cumulative incidence,
final_evidence_v3_bound_output,0.0430099852084185,0.0365450165456672,,o2o,0.0398385923533037,EV-BOUNDARY-GEOMETRY-V3,V3,300,aj_cumulative_incidence,cif_eligibility,29048,676,b,0.1103515625,Eligibility,all,All,runs/20260903_boundary_full_grid_1024_postprocess_v2/tau_01250/survival_cif.csv,1a90951b52587823e82fe89c99a12c8512030f465a66915028285ed8a2773740,focal-GT directional trajectory,,,cumulative incidence,
final_evidence_v3_bound_output,0.0436326738648627,0.0368706787236026,,o2o,0.0402879741799424,EV-BOUNDARY-GEOMETRY-V3,V3,300,aj_cumulative_incidence,cif_eligibility,29048,676,b,0.111328125,Eligibility,all,All,runs/20260903_boundary_full_grid_1024_postprocess_v2/tau_01250/survival_cif.csv,1a90951b52587823e82fe89c99a12c8512030f465a66915028285ed8a2773740,focal-GT directional trajectory,,,cumulative incidence,
final_evidence_v3_bound_output,0.0465163344382077,0.0387161146677768,,o2o,0.0426082969448373,EV-BOUNDARY-GEOMETRY-V3,V3,300,aj_cumulative_incidence,cif_eligibility,29048,676,b,0.1123046875,Eligibility,all,All,runs/20260903_boundary_full_grid_1024_postprocess_v2/tau_01250/survival_cif.csv,1a90951b52587823e82fe89c99a12c8512030f465a66915028285ed8a2773740,focal-GT directional trajectory,,,cumulative incidence,
final_evidence_v3_bound_output,0.0466431897584416,0.0388690643601336,,o2o,0.0427468268201774,EV-BOUNDARY-GEOMETRY-V3,V3,300,aj_cumulative_incidence,cif_eligibility,29048,676,b,0.11328125,Eligibility,all,All,runs/20260903_boundary_full_grid_1024_postprocess_v2/tau_01250/survival_cif.csv,1a90951b52587823e82fe89c99a12c8512030f465a66915028285ed8a2773740,focal-GT directional trajectory,,,cumulative incidence,
final_evidence_v3_bound_output,0.0468189571401867,0.0391205545046068,,o2o,0.0429896317854882,EV-BOUNDARY-GEOMETRY-V3,V3,300,aj_cumulative_incidence,cif_eligibility,29048,676,b,0.1142578125,Eligibility,all,All,runs/20260903_boundary_full_grid_1024_postprocess_v2/tau_01250/survival_cif.csv,1a90951b52587823e82fe89c99a12c8512030f465a66915028285ed8a2773740,focal-GT directional trajectory,,,cumulative incidence,
final_evidence_v3_bound_output,0.0468741315144586,0.039205722309817,,o2o,0.0430587940365765,EV-BOUNDARY-GEOMETRY-V3,V3,300,aj_cumulative_incidence,cif_eligibility,29048,676,b,0.115234375,Eligibility,all,All,runs/20260903_boundary_full_grid_1024_postprocess_v2/tau_01250/survival_cif.csv,1a90951b52587823e82fe89c99a12c8512030f465a66915028285ed8a2773740,focal-GT directional trajectory,,,cumulative incidence,
final_evidence_v3_bound_output,0.0469042200692513,0.0392544696873444,,o2o,0.0430934804601924,EV-BOUNDARY-GEOMETRY-V3,V3,300,aj_cumulative_incidence,cif_eligibility,29048,676,b,0.1162109375,Eligibility,all,All,runs/20260903_boundary_full_grid_1024_postprocess_v2/tau_01250/survival_cif.csv,1a90951b52587823e82fe89c99a12c8512030f465a66915028285ed8a2773740,focal-GT directional trajectory,,,cumulative incidence,
final_evidence_v3_bound_output,0.0471231810042633,0.039438235687878,,o2o,0.0432662807898415,EV-BOUNDARY-GEOMETRY-V3,V3,300,aj_cumulative_incidence,cif_eligibility,29048,676,b,0.1171875,Eligibility,all,All,runs/20260903_boundary_full_grid_1024_postprocess_v2/tau_01250/survival_cif.csv,1a90951b52587823e82fe89c99a12c8512030f465a66915028285ed8a2773740,focal-GT directional trajectory,,,cumulative incidence,
final_evidence_v3_bound_output,0.0490480793020952,0.0403133823445241,,o2o,0.0445459009483716,EV-BOUNDARY-GEOMETRY-V3,V3,300,aj_cumulative_incidence,cif_eligibility,29048,676,b,0.1181640625,Eligibility,all,All,runs/20260903_boundary_full_grid_1024_postprocess_v2/tau_01250/survival_cif.csv,1a90951b52587823e82fe89c99a12c8512030f465a66915028285ed8a2773740,focal-GT directional trajectory,,,cumulative incidence,
final_evidence_v3_bound_output,0.0491319568430581,0.0403996270178044,,o2o,0.0446152973544124,EV-BOUNDARY-GEOMETRY-V3,V3,300,aj_cumulative_incidence,cif_eligibility,29048,676,b,0.119140625,Eligibility,all,All,runs/20260903_boundary_full_grid_1024_postprocess_v2/tau_01250/survival_cif.csv,1a90951b52587823e82fe89c99a12c8512030f465a66915028285ed8a2773740,focal-GT directional trajectory,,,cumulative incidence,
final_evidence_v3_bound_output,0.0498548932056476,0.0407031545078122,,o2o,0.0450651609754136,EV-BOUNDARY-GEOMETRY-V3,V3,300,aj_cumulative_incidence,cif_eligibility,29048,676,b,0.1201171875,Eligibility,all,All,runs/20260903_boundary_full_grid_1024_postprocess_v2/tau_01250/survival_cif.csv,1a90951b52587823e82fe89c99a12c8512030f465a66915028285ed8a2773740,focal-GT directional trajectory,,,cumulative incidence,
final_evidence_v3_bound_output,0.0499991252933167,0.0407715742849802,,o2o,0.0451690566923912,EV-BOUNDARY-GEOMETRY-V3,V3,300,aj_cumulative_incidence,cif_eligibility,29048,676,b,0.12109375,Eligibility,all,All,runs/20260903_boundary_full_grid_1024_postprocess_v2/tau_01250/survival_cif.csv,1a90951b52587823e82fe89c99a12c8512030f465a66915028285ed8a2773740,focal-GT directional trajectory,,,cumulative incidence,
final_evidence_v3_bound_output,0.0501244292470151,0.040921740430744,,o2o,0.0453076545455417,EV-BOUNDARY-GEOMETRY-V3,V3,300,aj_cumulative_incidence,cif_eligibility,29048,676,b,0.1220703125,Eligibility,all,All,runs/20260903_boundary_full_grid_1024_postprocess_v2/tau_01250/survival_cif.csv,1a90951b52587823e82fe89c99a12c8512030f465a66915028285ed8a2773740,focal-GT directional trajectory,,,cumulative incidence,
final_evidence_v3_bound_output,0.050285549760412,0.0409702753067044,,o2o,0.0454115502625193,EV-BOUNDARY-GEOMETRY-V3,V3,300,aj_cumulative_incidence,cif_eligibility,29048,676,b,0.123046875,Eligibility,all,All,runs/20260903_boundary_full_grid_1024_postprocess_v2/tau_01250/survival_cif.csv,1a90951b52587823e82fe89c99a12c8512030f465a66915028285ed8a2773740,focal-GT directional trajectory,,,cumulative incidence,
final_evidence_v3_bound_output,0.0505556335473788,0.0412099249250887,,o2o,0.0456542545241884,EV-BOUNDARY-GEOMETRY-V3,V3,300,aj_cumulative_incidence,cif_eligibility,29048,676,b,0.1240234375,Eligibility,all,All,runs/20260903_boundary_full_grid_1024_postprocess_v2/tau_01250/survival_cif.csv,1a90951b52587823e82fe89c99a12c8512030f465a66915028285ed8a2773740,focal-GT directional trajectory,,,cumulative incidence,
final_evidence_v3_bound_output,0.0516632235942525,0.0419859978987111,,o2o,0.0465550352238961,EV-BOUNDARY-GEOMETRY-V3,V3,300,aj_cumulative_incidence,cif_eligibility,29048,676,b,0.125,Eligibility,all,All,runs/20260903_boundary_full_grid_1024_postprocess_v2/tau_01250/survival_cif.csv,1a90951b52587823e82fe89c99a12c8512030f465a66915028285ed8a2773740,focal-GT directional trajectory,,,cumulative incidence,
final_evidence_v3_bound_output,0.0,0.0,,o2o,0.0,EV-BOUNDARY-GEOMETRY-V3,V3,300,aj_cumulative_incidence,cif_within_set,29048,676,b,0.0,Within-set,all,All,runs/20260903_boundary_full_grid_1024_postprocess_v2/tau_01250/survival_cif.csv,1a90951b52587823e82fe89c99a12c8512030f465a66915028285ed8a2773740,focal-GT directional trajectory,,,cumulative incidence,
final_evidence_v3_bound_output,0.000606215854118,0.0001236716983532,,o2o,0.0003456544907791,EV-BOUNDARY-GEOMETRY-V3,V3,300,aj_cumulative_incidence,cif_within_set,29048,676,b,0.0009765625,Within-set,all,All,runs/20260903_boundary_full_grid_1024_postprocess_v2/tau_01250/survival_cif.csv,1a90951b52587823e82fe89c99a12c8512030f465a66915028285ed8a2773740,focal-GT directional trajectory,,,cumulative incidence,
final_evidence_v3_bound_output,0.0010690619340519,0.000370596949791,,o2o,0.0006913089815582,EV-BOUNDARY-GEOMETRY-V3,V3,300,aj_cumulative_incidence,cif_within_set,29048,676,b,0.001953125,Within-set,all,All,runs/20260903_boundary_full_grid_1024_postprocess_v2/tau_01250/survival_cif.csv,1a90951b52587823e82fe89c99a12c8512030f465a66915028285ed8a2773740,focal-GT directional trajectory,,,cumulative incidence,
final_evidence_v3_bound_output,0.00150860074074,0.0006806188846556,,o2o,0.0010715499203301,EV-BOUNDARY-GEOMETRY-V3,V3,300,aj_cumulative_incidence,cif_within_set,29048,676,b,0.0029296875,Within-set,all,All,runs/20260903_boundary_full_grid_1024_postprocess_v2/tau_01250/survival_cif.csv,1a90951b52587823e82fe89c99a12c8512030f465a66915028285ed8a2773740,focal-GT directional trajectory,,,cumulative incidence,
final_evidence_v3_bound_output,0.0019299485831401,0.0008914419790571,,o2o,0.0013819879956708,EV-BOUNDARY-GEOMETRY-V3,V3,300,aj_cumulative_incidence,cif_within_set,29048,676,b,0.00390625,Within-set,all,All,runs/20260903_boundary_full_grid_1024_postprocess_v2/tau_01250/survival_cif.csv,1a90951b52587823e82fe89c99a12c8512030f465a66915028285ed8a2773740,focal-GT directional trajectory,,,cumulative incidence,
final_evidence_v3_bound_output,0.0022962193624232,0.0010951779355394,,o2o,0.001658679579613,EV-BOUNDARY-GEOMETRY-V3,V3,300,aj_cumulative_incidence,cif_within_set,29048,676,b,0.0048828125,Within-set,all,All,runs/20260903_boundary_full_grid_1024_postprocess_v2/tau_01250/survival_cif.csv,1a90951b52587823e82fe89c99a12c8512030f465a66915028285ed8a2773740,focal-GT directional trajectory,,,cumulative incidence,
final_evidence_v3_bound_output,0.0025818334075129,0.001310192947867,,o2o,0.0019007847155623,EV-BOUNDARY-GEOMETRY-V3,V3,300,aj_cumulative_incidence,cif_within_set,29048,676,b,0.005859375,Within-set,all,All,runs/20260903_boundary_full_grid_1024_postprocess_v2/tau_01250/survival_cif.csv,1a90951b52587823e82fe89c99a12c8512030f465a66915028285ed8a2773740,focal-GT directional trajectory,,,cumulative incidence,
final_evidence_v3_bound_output,0.0026835523063861,0.001420125522024,,o2o,0.0020043340703921,EV-BOUNDARY-GEOMETRY-V3,V3,300,aj_cumulative_incidence,cif_within_set,29048,676,b,0.0068359375,Within-set,all,All,runs/20260903_boundary_full_grid_1024_postprocess_v2/tau_01250/survival_cif.csv,1a90951b52587823e82fe89c99a12c8512030f465a66915028285ed8a2773740,focal-GT directional trajectory,,,cumulative incidence,
final_evidence_v3_bound_output,0.0031679628104417,0.0018048767437711,,o2o,0.0024531179377039,EV-BOUNDARY-GEOMETRY-V3,V3,300,aj_cumulative_incidence,cif_within_set,29048,676,b,0.0078125,Within-set,all,All,runs/20260903_boundary_full_grid_1024_postprocess_v2/tau_01250/survival_cif.csv,1a90951b52587823e82fe89c99a12c8512030f465a66915028285ed8a2773740,focal-GT directional trajectory,,,cumulative incidence,
final_evidence_v3_bound_output,0.0034709065319212,0.0020994447952376,,o2o,0.0027637660021932,EV-BOUNDARY-GEOMETRY-V3,V3,300,aj_cumulative_incidence,cif_within_set,29048,676,b,0.0087890625,Within-set,all,All,runs/20260903_boundary_full_grid_1024_postprocess_v2/tau_01250/survival_cif.csv,1a90951b52587823e82fe89c99a12c8512030f465a66915028285ed8a2773740,focal-GT directional trajectory,,,cumulative incidence,
final_evidence_v3_bound_output,0.0038514447298318,0.0024078133165213,,o2o,0.0031096304821209,EV-BOUNDARY-GEOMETRY-V3,V3,300,aj_cumulative_incidence,cif_within_set,29048,676,b,0.009765625,Within-set,all,All,runs/20260903_boundary_full_grid_1024_postprocess_v2/tau_01250/survival_cif.csv,1a90951b52587823e82fe89c99a12c8512030f465a66915028285ed8a2773740,focal-GT directional trajectory,,,cumulative incidence,
final_evidence_v3_bound_output,0.0042720690170076,0.0028156087630854,,o2o,0.003524247879737,EV-BOUNDARY-GEOMETRY-V3,V3,300,aj_cumulative_incidence,cif_within_set,29048,676,b,0.0107421875,Within-set,all,All,runs/20260903_boundary_full_grid_1024_postprocess_v2/tau_01250/survival_cif.csv,1a90951b52587823e82fe89c99a12c8512030f465a66915028285ed8a2773740,focal-GT directional trajectory,,,cumulative incidence,
final_evidence_v3_bound_output,0.004496113139834,0.0030742786640278,,o2o,0.0037661430265378,EV-BOUNDARY-GEOMETRY-V3,V3,300,aj_cumulative_incidence,cif_within_set,29048,676,b,0.01171875,Within-set,all,All,runs/20260903_boundary_full_grid_1024_postprocess_v2/tau_01250/survival_cif.csv,1a90951b52587823e82fe89c99a12c8512030f465a66915028285ed8a2773740,focal-GT directional trajectory,,,cumulative incidence,
final_evidence_v3_bound_output,0.0048538412317813,0.0032843614903897,,o2o,0.0040426246213314,EV-BOUNDARY-GEOMETRY-V3,V3,300,aj_cumulative_incidence,cif_within_set,29048,676,b,0.0126953125,Within-set,all,All,runs/20260903_boundary_full_grid_1024_postprocess_v2/tau_01250/survival_cif.csv,1a90951b52587823e82fe89c99a12c8512030f465a66915028285ed8a2773740,focal-GT directional trajectory,,,cumulative incidence,
final_evidence_v3_bound_output,0.0051322831102371,0.0034320365621453,,o2o,0.0042499333201395,EV-BOUNDARY-GEOMETRY-V3,V3,300,aj_cumulative_incidence,cif_within_set,29048,676,b,0.013671875,Within-set,all,All,runs/20260903_boundary_full_grid_1024_postprocess_v2/tau_01250/survival_cif.csv,1a90951b52587823e82fe89c99a12c8512030f465a66915028285ed8a2773740,focal-GT directional trajectory,,,cumulative incidence,
final_evidence_v3_bound_output,0.0054723722733635,0.0036747803334778,,o2o,0.0045266249040816,EV-BOUNDARY-GEOMETRY-V3,V3,300,aj_cumulative_incidence,cif_within_set,29048,676,b,0.0146484375,Within-set,all,All,runs/20260903_boundary_full_grid_1024_postprocess_v2/tau_01250/survival_cif.csv,1a90951b52587823e82fe89c99a12c8512030f465a66915028285ed8a2773740,focal-GT directional trajectory,,,cumulative incidence,
final_evidence_v3_bound_output,0.0059271170400486,0.0040958041684378,,o2o,0.0049756187605419,EV-BOUNDARY-GEOMETRY-V3,V3,300,aj_cumulative_incidence,cif_within_set,29048,676,b,0.015625,Within-set,all,All,runs/20260903_boundary_full_grid_1024_postprocess_v2/tau_01250/survival_cif.csv,1a90951b52587823e82fe89c99a12c8512030f465a66915028285ed8a2773740,focal-GT directional trajectory,,,cumulative incidence,
final_evidence_v3_bound_output,0.00635246179404,0.0043814537462212,,o2o,0.005321273251321,EV-BOUNDARY-GEOMETRY-V3,V3,300,aj_cumulative_incidence,cif_within_set,29048,676,b,0.0166015625,Within-set,all,All,runs/20260903_boundary_full_grid_1024_postprocess_v2/tau_01250/survival_cif.csv,1a90951b52587823e82fe89c99a12c8512030f465a66915028285ed8a2773740,focal-GT directional trajectory,,,cumulative incidence,
final_evidence_v3_bound_output,0.0067024425077045,0.0046488310578445,,o2o,0.0056325512832559,EV-BOUNDARY-GEOMETRY-V3,V3,300,aj_cumulative_incidence,cif_within_set,29048,676,b,0.017578125,Within-set,all,All,runs/20260903_boundary_full_grid_1024_postprocess_v2/tau_01250/survival_cif.csv,1a90951b52587823e82fe89c99a12c8512030f465a66915028285ed8a2773740,focal-GT directional trajectory,,,cumulative incidence,
final_evidence_v3_bound_output,0.0069469044894381,0.0048195097054148,,o2o,0.005839859982064,EV-BOUNDARY-GEOMETRY-V3,V3,300,aj_cumulative_incidence,cif_within_set,29048,676,b,0.0185546875,Within-set,all,All,runs/20260903_boundary_full_grid_1024_postprocess_v2/tau_01250/survival_cif.csv,1a90951b52587823e82fe89c99a12c8512030f465a66915028285ed8a2773740,focal-GT directional trajectory,,,cumulative incidence,
final_evidence_v3_bound_output,0.0075404158163215,0.0051624932808289,,o2o,0.0062890638276729,EV-BOUNDARY-GEOMETRY-V3,V3,300,aj_cumulative_incidence,cif_within_set,29048,676,b,0.01953125,Within-set,all,All,runs/20260903_boundary_full_grid_1024_postprocess_v2/tau_01250/survival_cif.csv,1a90951b52587823e82fe89c99a12c8512030f465a66915028285ed8a2773740,focal-GT directional trajectory,,,cumulative incidence,
final_evidence_v3_bound_output,0.0080137391927465,0.0055570384630355,,o2o,0.0067382676732818,EV-BOUNDARY-GEOMETRY-V3,V3,300,aj_cumulative_incidence,cif_within_set,29048,676,b,0.0205078125,Within-set,all,All,runs/20260903_boundary_full_grid_1024_postprocess_v2/tau_01250/survival_cif.csv,1a90951b52587823e82fe89c99a12c8512030f465a66915028285ed8a2773740,focal-GT directional trajectory,,,cumulative incidence,
final_evidence_v3_bound_output,0.0084255914544629,0.0058319617578832,,o2o,0.0070489157377711,EV-BOUNDARY-GEOMETRY-V3,V3,300,aj_cumulative_incidence,cif_within_set,29048,676,b,0.021484375,Within-set,all,All,runs/20260903_boundary_full_grid_1024_postprocess_v2/tau_01250/survival_cif.csv,1a90951b52587823e82fe89c99a12c8512030f465a66915028285ed8a2773740,focal-GT directional trajectory,,,cumulative incidence,
final_evidence_v3_bound_output,0.0086830039256122,0.0059884061784433,,o2o,0.0072564344257276,EV-BOUNDARY-GEOMETRY-V3,V3,300,aj_cumulative_incidence,cif_within_set,29048,676,b,0.0224609375,Within-set,all,All,runs/20260903_boundary_full_grid_1024_postprocess_v2/tau_01250/survival_cif.csv,1a90951b52587823e82fe89c99a12c8512030f465a66915028285ed8a2773740,focal-GT directional trajectory,,,cumulative incidence,
final_evidence_v3_bound_output,0.0091215273809725,0.0062528901150801,,o2o,0.0076018789273582,EV-BOUNDARY-GEOMETRY-V3,V3,300,aj_cumulative_incidence,cif_within_set,29048,676,b,0.0234375,Within-set,all,All,runs/20260903_boundary_full_grid_1024_postprocess_v2/tau_01250/survival_cif.csv,1a90951b52587823e82fe89c99a12c8512030f465a66915028285ed8a2773740,focal-GT directional trajectory,,,cumulative incidence,
final_evidence_v3_bound_output,0.009472327617646,0.0064940703230705,,o2o,0.0078783605221518,EV-BOUNDARY-GEOMETRY-V3,V3,300,aj_cumulative_incidence,cif_within_set,29048,676,b,0.0244140625,Within-set,all,All,runs/20260903_boundary_full_grid_1024_postprocess_v2/tau_01250/survival_cif.csv,1a90951b52587823e82fe89c99a12c8512030f465a66915028285ed8a2773740,focal-GT directional trajectory,,,cumulative incidence,
final_evidence_v3_bound_output,0.0098235797884655,0.006758105014825,,o2o,0.0081892185757897,EV-BOUNDARY-GEOMETRY-V3,V3,300,aj_cumulative_incidence,cif_within_set,29048,676,b,0.025390625,Within-set,all,All,runs/20260903_boundary_full_grid_1024_postprocess_v2/tau_01250/survival_cif.csv,1a90951b52587823e82fe89c99a12c8512030f465a66915028285ed8a2773740,focal-GT directional trajectory,,,cumulative incidence,
final_evidence_v3_bound_output,0.0102064349008734,0.0069750557838444,,o2o,0.0084654901814347,EV-BOUNDARY-GEOMETRY-V3,V3,300,aj_cumulative_incidence,cif_within_set,29048,676,b,0.0263671875,Within-set,all,All,runs/20260903_boundary_full_grid_1024_postprocess_v2/tau_01250/survival_cif.csv,1a90951b52587823e82fe89c99a12c8512030f465a66915028285ed8a2773740,focal-GT directional trajectory,,,cumulative incidence,
final_evidence_v3_bound_output,0.0104282255612919,0.007171859209169,,o2o,0.0086725888910942,EV-BOUNDARY-GEOMETRY-V3,V3,300,aj_cumulative_incidence,cif_within_set,29048,676,b,0.02734375,Within-set,all,All,runs/20260903_boundary_full_grid_1024_postprocess_v2/tau_01250/survival_cif.csv,1a90951b52587823e82fe89c99a12c8512030f465a66915028285ed8a2773740,focal-GT directional trajectory,,,cumulative incidence,
final_evidence_v3_bound_output,0.0106412009140802,0.0073479407754168,,o2o,0.0088801075790508,EV-BOUNDARY-GEOMETRY-V3,V3,300,aj_cumulative_incidence,cif_within_set,29048,676,b,0.0283203125,Within-set,all,All,runs/20260903_boundary_full_grid_1024_postprocess_v2/tau_01250/survival_cif.csv,1a90951b52587823e82fe89c99a12c8512030f465a66915028285ed8a2773740,focal-GT directional trajectory,,,cumulative incidence,
final_evidence_v3_bound_output,0.0110039822687465,0.007558181130426,,o2o,0.0091559592063988,EV-BOUNDARY-GEOMETRY-V3,V3,300,aj_cumulative_incidence,cif_within_set,29048,676,b,0.029296875,Within-set,all,All,runs/20260903_boundary_full_grid_1024_postprocess_v2/tau_01250/survival_cif.csv,1a90951b52587823e82fe89c99a12c8512030f465a66915028285ed8a2773740,focal-GT directional trajectory,,,cumulative incidence,
final_evidence_v3_bound_output,0.011507461179116,0.0078183272902185,,o2o,0.009501613697178,EV-BOUNDARY-GEOMETRY-V3,V3,300,aj_cumulative_incidence,cif_within_set,29048,676,b,0.0302734375,Within-set,all,All,runs/20260903_boundary_full_grid_1024_postprocess_v2/tau_01250/survival_cif.csv,1a90951b52587823e82fe89c99a12c8512030f465a66915028285ed8a2773740,focal-GT directional trajectory,,,cumulative incidence,
final_evidence_v3_bound_output,0.0120704506329349,0.0082803022442504,,o2o,0.0100197804496239,EV-BOUNDARY-GEOMETRY-V3,V3,300,aj_cumulative_incidence,cif_within_set,29048,676,b,0.03125,Within-set,all,All,runs/20260903_boundary_full_grid_1024_postprocess_v2/tau_01250/survival_cif.csv,1a90951b52587823e82fe89c99a12c8512030f465a66915028285ed8a2773740,focal-GT directional trajectory,,,cumulative incidence,
final_evidence_v3_bound_output,0.0125166078962883,0.0085977323399383,,o2o,0.010399824842724,EV-BOUNDARY-GEOMETRY-V3,V3,300,aj_cumulative_incidence,cif_within_set,29048,676,b,0.0322265625,Within-set,all,All,runs/20260903_boundary_full_grid_1024_postprocess_v2/tau_01250/survival_cif.csv,1a90951b52587823e82fe89c99a12c8512030f465a66915028285ed8a2773740,focal-GT directional trajectory,,,cumulative incidence,
final_evidence_v3_bound_output,0.0128458507847815,0.0088658804255674,,o2o,0.0107102738997153,EV-BOUNDARY-GEOMETRY-V3,V3,300,aj_cumulative_incidence,cif_within_set,29048,676,b,0.033203125,Within-set,all,All,runs/20260903_boundary_full_grid_1024_postprocess_v2/tau_01250/survival_cif.csv,1a90951b52587823e82fe89c99a12c8512030f465a66915028285ed8a2773740,focal-GT directional trajectory,,,cumulative incidence,
final_evidence_v3_bound_output,0.0131489706295683,0.0090557016880241,,o2o,0.0109517576103282,EV-BOUNDARY-GEOMETRY-V3,V3,300,aj_cumulative_incidence,cif_within_set,29048,676,b,0.0341796875,Within-set,all,All,runs/20260903_boundary_full_grid_1024_postprocess_v2/tau_01250/survival_cif.csv,1a90951b52587823e82fe89c99a12c8512030f465a66915028285ed8a2773740,focal-GT directional trajectory,,,cumulative incidence,
final_evidence_v3_bound_output,0.0134455358984896,0.0093195973001575,,o2o,0.0112276189958419,EV-BOUNDARY-GEOMETRY-V3,V3,300,aj_cumulative_incidence,cif_within_set,29048,676,b,0.03515625,Within-set,all,All,runs/20260903_boundary_full_grid_1024_postprocess_v2/tau_01250/survival_cif.csv,1a90951b52587823e82fe89c99a12c8512030f465a66915028285ed8a2773740,focal-GT directional trajectory,,,cumulative incidence,
final_evidence_v3_bound_output,0.0136601697510222,0.0095098336382895,,o2o,0.0114351450247076,EV-BOUNDARY-GEOMETRY-V3,V3,300,aj_cumulative_incidence,cif_within_set,29048,676,b,0.0361328125,Within-set,all,All,runs/20260903_boundary_full_grid_1024_postprocess_v2/tau_01250/survival_cif.csv,1a90951b52587823e82fe89c99a12c8512030f465a66915028285ed8a2773740,focal-GT directional trajectory,,,cumulative incidence,
final_evidence_v3_bound_output,0.0139165574494073,0.0096738859039232,,o2o,0.0116078733855189,EV-BOUNDARY-GEOMETRY-V3,V3,300,aj_cumulative_incidence,cif_within_set,29048,676,b,0.037109375,Within-set,all,All,runs/20260903_boundary_full_grid_1024_postprocess_v2/tau_01250/survival_cif.csv,1a90951b52587823e82fe89c99a12c8512030f465a66915028285ed8a2773740,focal-GT directional trajectory,,,cumulative incidence,
final_evidence_v3_bound_output,0.0144132003944785,0.0100519718693648,,o2o,0.0120568831249975,EV-BOUNDARY-GEOMETRY-V3,V3,300,aj_cumulative_incidence,cif_within_set,29048,676,b,0.0380859375,Within-set,all,All,runs/20260903_boundary_full_grid_1024_postprocess_v2/tau_01250/survival_cif.csv,1a90951b52587823e82fe89c99a12c8512030f465a66915028285ed8a2773740,focal-GT directional trajectory,,,cumulative incidence,
final_evidence_v3_bound_output,0.0148275434522467,0.0104536011645035,,o2o,0.0124715151895753,EV-BOUNDARY-GEOMETRY-V3,V3,300,aj_cumulative_incidence,cif_within_set,29048,676,b,0.0390625,Within-set,all,All,runs/20260903_boundary_full_grid_1024_postprocess_v2/tau_01250/survival_cif.csv,1a90951b52587823e82fe89c99a12c8512030f465a66915028285ed8a2773740,focal-GT directional trajectory,,,cumulative incidence,
final_evidence_v3_bound_output,0.015120133434752,0.0106878901433742,,o2o,0.0127478161724458,EV-BOUNDARY-GEOMETRY-V3,V3,300,aj_cumulative_incidence,cif_within_set,29048,676,b,0.0400390625,Within-set,all,All,runs/20260903_boundary_full_grid_1024_postprocess_v2/tau_01250/survival_cif.csv,1a90951b52587823e82fe89c99a12c8512030f465a66915028285ed8a2773740,focal-GT directional trajectory,,,cumulative incidence,
final_evidence_v3_bound_output,0.0154914682513843,0.0109404605022163,,o2o,0.0130582872580893,EV-BOUNDARY-GEOMETRY-V3,V3,300,aj_cumulative_incidence,cif_within_set,29048,676,b,0.041015625,Within-set,all,All,runs/20260903_boundary_full_grid_1024_postprocess_v2/tau_01250/survival_cif.csv,1a90951b52587823e82fe89c99a12c8512030f465a66915028285ed8a2773740,focal-GT directional trajectory,,,cumulative incidence,
final_evidence_v3_bound_output,0.0158558739514423,0.0112233730858985,,o2o,0.0134035584809387,EV-BOUNDARY-GEOMETRY-V3,V3,300,aj_cumulative_incidence,cif_within_set,29048,676,b,0.0419921875,Within-set,all,All,runs/20260903_boundary_full_grid_1024_postprocess_v2/tau_01250/survival_cif.csv,1a90951b52587823e82fe89c99a12c8512030f465a66915028285ed8a2773740,focal-GT directional trajectory,,,cumulative incidence,
final_evidence_v3_bound_output,0.0161975615816372,0.0114469477759985,,o2o,0.0136802794867645,EV-BOUNDARY-GEOMETRY-V3,V3,300,aj_cumulative_incidence,cif_within_set,29048,676,b,0.04296875,Within-set,all,All,runs/20260903_boundary_full_grid_1024_postprocess_v2/tau_01250/survival_cif.csv,1a90951b52587823e82fe89c99a12c8512030f465a66915028285ed8a2773740,focal-GT directional trajectory,,,cumulative incidence,
final_evidence_v3_bound_output,0.0164587495582555,0.0117006251094962,,o2o,0.0139565902866933,EV-BOUNDARY-GEOMETRY-V3,V3,300,aj_cumulative_incidence,cif_within_set,29048,676,b,0.0439453125,Within-set,all,All,runs/20260903_boundary_full_grid_1024_postprocess_v2/tau_01250/survival_cif.csv,1a90951b52587823e82fe89c99a12c8512030f465a66915028285ed8a2773740,focal-GT directional trajectory,,,cumulative incidence,
final_evidence_v3_bound_output,0.0168554858858553,0.0119684622098805,,o2o,0.0142679124792268,EV-BOUNDARY-GEOMETRY-V3,V3,300,aj_cumulative_incidence,cif_within_set,29048,676,b,0.044921875,Within-set,all,All,runs/20260903_boundary_full_grid_1024_postprocess_v2/tau_01250/survival_cif.csv,1a90951b52587823e82fe89c99a12c8512030f465a66915028285ed8a2773740,focal-GT directional trajectory,,,cumulative incidence,
final_evidence_v3_bound_output,0.0174583186132687,0.0124370415728869,,o2o,0.0147855226864796,EV-BOUNDARY-GEOMETRY-V3,V3,300,aj_cumulative_incidence,cif_within_set,29048,676,b,0.0458984375,Within-set,all,All,runs/20260903_boundary_full_grid_1024_postprocess_v2/tau_01250/survival_cif.csv,1a90951b52587823e82fe89c99a12c8512030f465a66915028285ed8a2773740,focal-GT directional trajectory,,,cumulative incidence,
final_evidence_v3_bound_output,0.0178915037389414,0.0127325766242497,,o2o,0.0151312508129983,EV-BOUNDARY-GEOMETRY-V3,V3,300,aj_cumulative_incidence,cif_within_set,29048,676,b,0.046875,Within-set,all,All,runs/20260903_boundary_full_grid_1024_postprocess_v2/tau_01250/survival_cif.csv,1a90951b52587823e82fe89c99a12c8512030f465a66915028285ed8a2773740,focal-GT directional trajectory,,,cumulative incidence,
final_evidence_v3_bound_output,0.0182900352948685,0.0130656512058475,,o2o,0.0155113627216741,EV-BOUNDARY-GEOMETRY-V3,V3,300,aj_cumulative_incidence,cif_within_set,29048,676,b,0.0478515625,Within-set,all,All,runs/20260903_boundary_full_grid_1024_postprocess_v2/tau_01250/survival_cif.csv,1a90951b52587823e82fe89c99a12c8512030f465a66915028285ed8a2773740,focal-GT directional trajectory,,,cumulative incidence,
final_evidence_v3_bound_output,0.0187781350256204,0.0134027727315773,,o2o,0.015925858412507,EV-BOUNDARY-GEOMETRY-V3,V3,300,aj_cumulative_incidence,cif_within_set,29048,676,b,0.048828125,Within-set,all,All,runs/20260903_boundary_full_grid_1024_postprocess_v2/tau_01250/survival_cif.csv,1a90951b52587823e82fe89c99a12c8512030f465a66915028285ed8a2773740,focal-GT directional trajectory,,,cumulative incidence,
final_evidence_v3_bound_output,0.0191548845425303,0.013631621748964,,o2o,0.0162023989069454,EV-BOUNDARY-GEOMETRY-V3,V3,300,aj_cumulative_incidence,cif_within_set,29048,676,b,0.0498046875,Within-set,all,All,runs/20260903_boundary_full_grid_1024_postprocess_v2/tau_01250/survival_cif.csv,1a90951b52587823e82fe89c99a12c8512030f465a66915028285ed8a2773740,focal-GT directional trajectory,,,cumulative incidence,
final_evidence_v3_bound_output,0.0195540474078013,0.0137662639743338,,o2o,0.0164443455853436,EV-BOUNDARY-GEOMETRY-V3,V3,300,aj_cumulative_incidence,cif_within_set,29048,676,b,0.05078125,Within-set,all,All,runs/20260903_boundary_full_grid_1024_postprocess_v2/tau_01250/survival_cif.csv,1a90951b52587823e82fe89c99a12c8512030f465a66915028285ed8a2773740,focal-GT directional trajectory,,,cumulative incidence,
final_evidence_v3_bound_output,0.0198187333596875,0.0140096640588332,,o2o,0.0166860822298586,EV-BOUNDARY-GEOMETRY-V3,V3,300,aj_cumulative_incidence,cif_within_set,29048,676,b,0.0517578125,Within-set,all,All,runs/20260903_boundary_full_grid_1024_postprocess_v2/tau_01250/survival_cif.csv,1a90951b52587823e82fe89c99a12c8512030f465a66915028285ed8a2773740,focal-GT directional trajectory,,,cumulative incidence,
final_evidence_v3_bound_output,0.020368792611082,0.0143731575065575,,o2o,0.0171349617028486,EV-BOUNDARY-GEOMETRY-V3,V3,300,aj_cumulative_incidence,cif_within_set,29048,676,b,0.052734375,Within-set,all,All,runs/20260903_boundary_full_grid_1024_postprocess_v2/tau_01250/survival_cif.csv,1a90951b52587823e82fe89c99a12c8512030f465a66915028285ed8a2773740,focal-GT directional trajectory,,,cumulative incidence,
final_evidence_v3_bound_output,0.0207286448380099,0.0146776220038534,,o2o,0.017445885979444,EV-BOUNDARY-GEOMETRY-V3,V3,300,aj_cumulative_incidence,cif_within_set,29048,676,b,0.0537109375,Within-set,all,All,runs/20260903_boundary_full_grid_1024_postprocess_v2/tau_01250/survival_cif.csv,1a90951b52587823e82fe89c99a12c8512030f465a66915028285ed8a2773740,focal-GT directional trajectory,,,cumulative incidence,
final_evidence_v3_bound_output,0.0212862663646196,0.0150048524922618,,o2o,0.0178603964662196,EV-BOUNDARY-GEOMETRY-V3,V3,300,aj_cumulative_incidence,cif_within_set,29048,676,b,0.0546875,Within-set,all,All,runs/20260903_boundary_full_grid_1024_postprocess_v2/tau_01250/survival_cif.csv,1a90951b52587823e82fe89c99a12c8512030f465a66915028285ed8a2773740,focal-GT directional trajectory,,,cumulative incidence,
final_evidence_v3_bound_output,0.0215102946240617,0.0151577980255345,,o2o,0.0180679741856544,EV-BOUNDARY-GEOMETRY-V3,V3,300,aj_cumulative_incidence,cif_within_set,29048,676,b,0.0556640625,Within-set,all,All,runs/20260903_boundary_full_grid_1024_postprocess_v2/tau_01250/survival_cif.csv,1a90951b52587823e82fe89c99a12c8512030f465a66915028285ed8a2773740,focal-GT directional trajectory,,,cumulative incidence,
final_evidence_v3_bound_output,0.0216351458309451,0.0152205217604532,,o2o,0.0181715566974281,EV-BOUNDARY-GEOMETRY-V3,V3,300,aj_cumulative_incidence,cif_within_set,29048,676,b,0.056640625,Within-set,all,All,runs/20260903_boundary_full_grid_1024_postprocess_v2/tau_01250/survival_cif.csv,1a90951b52587823e82fe89c99a12c8512030f465a66915028285ed8a2773740,focal-GT directional trajectory,,,cumulative incidence,
final_evidence_v3_bound_output,0.0219791560921485,0.015507022485745,,o2o,0.0184479167664167,EV-BOUNDARY-GEOMETRY-V3,V3,300,aj_cumulative_incidence,cif_within_set,29048,676,b,0.0576171875,Within-set,all,All,runs/20260903_boundary_full_grid_1024_postprocess_v2/tau_01250/survival_cif.csv,1a90951b52587823e82fe89c99a12c8512030f465a66915028285ed8a2773740,focal-GT directional trajectory,,,cumulative incidence,
final_evidence_v3_bound_output,0.022332427693712,0.0157396731447381,,o2o,0.0187240667790174,EV-BOUNDARY-GEOMETRY-V3,V3,300,aj_cumulative_incidence,cif_within_set,29048,676,b,0.05859375,Within-set,all,All,runs/20260903_boundary_full_grid_1024_postprocess_v2/tau_01250/survival_cif.csv,1a90951b52587823e82fe89c99a12c8512030f465a66915028285ed8a2773740,focal-GT directional trajectory,,,cumulative incidence,
final_evidence_v3_bound_output,0.022438404433372,0.0158607690050934,,o2o,0.0188616166443478,EV-BOUNDARY-GEOMETRY-V3,V3,300,aj_cumulative_incidence,cif_within_set,29048,676,b,0.0595703125,Within-set,all,All,runs/20260903_boundary_full_grid_1024_postprocess_v2/tau_01250/survival_cif.csv,1a90951b52587823e82fe89c99a12c8512030f465a66915028285ed8a2773740,focal-GT directional trajectory,,,cumulative incidence,
final_evidence_v3_bound_output,0.0228722282419683,0.0162586005908089,,o2o,0.0192761567478307,EV-BOUNDARY-GEOMETRY-V3,V3,300,aj_cumulative_incidence,cif_within_set,29048,676,b,0.060546875,Within-set,all,All,runs/20260903_boundary_full_grid_1024_postprocess_v2/tau_01250/survival_cif.csv,1a90951b52587823e82fe89c99a12c8512030f465a66915028285ed8a2773740,focal-GT directional trajectory,,,cumulative incidence,
final_evidence_v3_bound_output,0.0231388170211785,0.0164185670068529,,o2o,0.0194837418841541,EV-BOUNDARY-GEOMETRY-V3,V3,300,aj_cumulative_incidence,cif_within_set,29048,676,b,0.0615234375,Within-set,all,All,runs/20260903_boundary_full_grid_1024_postprocess_v2/tau_01250/survival_cif.csv,1a90951b52587823e82fe89c99a12c8512030f465a66915028285ed8a2773740,focal-GT directional trajectory,,,cumulative incidence,
final_evidence_v3_bound_output,0.0233892073134936,0.016653956411347,,o2o,0.0197257318224089,EV-BOUNDARY-GEOMETRY-V3,V3,300,aj_cumulative_incidence,cif_within_set,29048,676,b,0.0625,Within-set,all,All,runs/20260903_boundary_full_grid_1024_postprocess_v2/tau_01250/survival_cif.csv,1a90951b52587823e82fe89c99a12c8512030f465a66915028285ed8a2773740,focal-GT directional trajectory,,,cumulative incidence,
final_evidence_v3_bound_output,0.0238452965625698,0.0170089986143223,,o2o,0.0201403313384272,EV-BOUNDARY-GEOMETRY-V3,V3,300,aj_cumulative_incidence,cif_within_set,29048,676,b,0.0634765625,Within-set,all,All,runs/20260903_boundary_full_grid_1024_postprocess_v2/tau_01250/survival_cif.csv,1a90951b52587823e82fe89c99a12c8512030f465a66915028285ed8a2773740,focal-GT directional trajectory,,,cumulative incidence,
final_evidence_v3_bound_output,0.0239454369505243,0.0171184733542955,,o2o,0.020244138782302,EV-BOUNDARY-GEOMETRY-V3,V3,300,aj_cumulative_incidence,cif_within_set,29048,676,b,0.064453125,Within-set,all,All,runs/20260903_boundary_full_grid_1024_postprocess_v2/tau_01250/survival_cif.csv,1a90951b52587823e82fe89c99a12c8512030f465a66915028285ed8a2773740,focal-GT directional trajectory,,,cumulative incidence,
final_evidence_v3_bound_output,0.0244653469802619,0.0175582860650059,,o2o,0.020693760952599,EV-BOUNDARY-GEOMETRY-V3,V3,300,aj_cumulative_incidence,cif_within_set,29048,676,b,0.0654296875,Within-set,all,All,runs/20260903_boundary_full_grid_1024_postprocess_v2/tau_01250/survival_cif.csv,1a90951b52587823e82fe89c99a12c8512030f465a66915028285ed8a2773740,focal-GT directional trajectory,,,cumulative incidence,
final_evidence_v3_bound_output,0.024662562399117,0.017706170929094,,o2o,0.0208665694741282,EV-BOUNDARY-GEOMETRY-V3,V3,300,aj_cumulative_incidence,cif_within_set,29048,676,b,0.06640625,Within-set,all,All,runs/20260903_boundary_full_grid_1024_postprocess_v2/tau_01250/survival_cif.csv,1a90951b52587823e82fe89c99a12c8512030f465a66915028285ed8a2773740,focal-GT directional trajectory,,,cumulative incidence,
final_evidence_v3_bound_output,0.0252176094255354,0.0180615689760323,,o2o,0.021315383517908,EV-BOUNDARY-GEOMETRY-V3,V3,300,aj_cumulative_incidence,cif_within_set,29048,676,b,0.0673828125,Within-set,all,All,runs/20260903_boundary_full_grid_1024_postprocess_v2/tau_01250/survival_cif.csv,1a90951b52587823e82fe89c99a12c8512030f465a66915028285ed8a2773740,focal-GT directional trajectory,,,cumulative incidence,
final_evidence_v3_bound_output,0.0256213282746522,0.0184033939097325,,o2o,0.0216956452585891,EV-BOUNDARY-GEOMETRY-V3,V3,300,aj_cumulative_incidence,cif_within_set,29048,676,b,0.068359375,Within-set,all,All,runs/20260903_boundary_full_grid_1024_postprocess_v2/tau_01250/survival_cif.csv,1a90951b52587823e82fe89c99a12c8512030f465a66915028285ed8a2773740,focal-GT directional trajectory,,,cumulative incidence,
final_evidence_v3_bound_output,0.0260671765425062,0.0187507373420427,,o2o,0.0220755139995225,EV-BOUNDARY-GEOMETRY-V3,V3,300,aj_cumulative_incidence,cif_within_set,29048,676,b,0.0693359375,Within-set,all,All,runs/20260903_boundary_full_grid_1024_postprocess_v2/tau_01250/survival_cif.csv,1a90951b52587823e82fe89c99a12c8512030f465a66915028285ed8a2773740,focal-GT directional trajectory,,,cumulative incidence,
final_evidence_v3_bound_output,0.0265382726651193,0.0190777877998024,,o2o,0.0224906230691167,EV-BOUNDARY-GEOMETRY-V3,V3,300,aj_cumulative_incidence,cif_within_set,29048,676,b,0.0703125,Within-set,all,All,runs/20260903_boundary_full_grid_1024_postprocess_v2/tau_01250/survival_cif.csv,1a90951b52587823e82fe89c99a12c8512030f465a66915028285ed8a2773740,focal-GT directional trajectory,,,cumulative incidence,
final_evidence_v3_bound_output,0.0269585327990814,0.0194548375270436,,o2o,0.0228704918100501,EV-BOUNDARY-GEOMETRY-V3,V3,300,aj_cumulative_incidence,cif_within_set,29048,676,b,0.0712890625,Within-set,all,All,runs/20260903_boundary_full_grid_1024_postprocess_v2/tau_01250/survival_cif.csv,1a90951b52587823e82fe89c99a12c8512030f465a66915028285ed8a2773740,focal-GT directional trajectory,,,cumulative incidence,
final_evidence_v3_bound_output,0.0272599625029106,0.019784537400275,,o2o,0.0231818047390553,EV-BOUNDARY-GEOMETRY-V3,V3,300,aj_cumulative_incidence,cif_within_set,29048,676,b,0.072265625,Within-set,all,All,runs/20260903_boundary_full_grid_1024_postprocess_v2/tau_01250/survival_cif.csv,1a90951b52587823e82fe89c99a12c8512030f465a66915028285ed8a2773740,focal-GT directional trajectory,,,cumulative incidence,
final_evidence_v3_bound_output,0.0276192229819634,0.0201245334294147,,o2o,0.0235273235008198,EV-BOUNDARY-GEOMETRY-V3,V3,300,aj_cumulative_incidence,cif_within_set,29048,676,b,0.0732421875,Within-set,all,All,runs/20260903_boundary_full_grid_1024_postprocess_v2/tau_01250/survival_cif.csv,1a90951b52587823e82fe89c99a12c8512030f465a66915028285ed8a2773740,focal-GT directional trajectory,,,cumulative incidence,
final_evidence_v3_bound_output,0.0282177903367139,0.0204706915811213,,o2o,0.0239764768749093,EV-BOUNDARY-GEOMETRY-V3,V3,300,aj_cumulative_incidence,cif_within_set,29048,676,b,0.07421875,Within-set,all,All,runs/20260903_boundary_full_grid_1024_postprocess_v2/tau_01250/survival_cif.csv,1a90951b52587823e82fe89c99a12c8512030f465a66915028285ed8a2773740,focal-GT directional trajectory,,,cumulative incidence,
final_evidence_v3_bound_output,0.0284919789980972,0.0208020190772445,,o2o,0.024287602115409,EV-BOUNDARY-GEOMETRY-V3,V3,300,aj_cumulative_incidence,cif_within_set,29048,676,b,0.0751953125,Within-set,all,All,runs/20260903_boundary_full_grid_1024_postprocess_v2/tau_01250/survival_cif.csv,1a90951b52587823e82fe89c99a12c8512030f465a66915028285ed8a2773740,focal-GT directional trajectory,,,cumulative incidence,
final_evidence_v3_bound_output,0.0288160739662083,0.0210291426159903,,o2o,0.0245641211815915,EV-BOUNDARY-GEOMETRY-V3,V3,300,aj_cumulative_incidence,cif_within_set,29048,676,b,0.076171875,Within-set,all,All,runs/20260903_boundary_full_grid_1024_postprocess_v2/tau_01250/survival_cif.csv,1a90951b52587823e82fe89c99a12c8512030f465a66915028285ed8a2773740,focal-GT directional trajectory,,,cumulative incidence,
final_evidence_v3_bound_output,0.0291026810774435,0.0212442077834809,,o2o,0.0248062329974304,EV-BOUNDARY-GEOMETRY-V3,V3,300,aj_cumulative_incidence,cif_within_set,29048,676,b,0.0771484375,Within-set,all,All,runs/20260903_boundary_full_grid_1024_postprocess_v2/tau_01250/survival_cif.csv,1a90951b52587823e82fe89c99a12c8512030f465a66915028285ed8a2773740,focal-GT directional trajectory,,,cumulative incidence,
final_evidence_v3_bound_output,0.0294514956960047,0.021519061409571,,o2o,0.0251169941507528,EV-BOUNDARY-GEOMETRY-V3,V3,300,aj_cumulative_incidence,cif_within_set,29048,676,b,0.078125,Within-set,all,All,runs/20260903_boundary_full_grid_1024_postprocess_v2/tau_01250/survival_cif.csv,1a90951b52587823e82fe89c99a12c8512030f465a66915028285ed8a2773740,focal-GT directional trajectory,,,cumulative incidence,
final_evidence_v3_bound_output,0.0297200120655765,0.0217667368079174,,o2o,0.025393142809056,EV-BOUNDARY-GEOMETRY-V3,V3,300,aj_cumulative_incidence,cif_within_set,29048,676,b,0.0791015625,Within-set,all,All,runs/20260903_boundary_full_grid_1024_postprocess_v2/tau_01250/survival_cif.csv,1a90951b52587823e82fe89c99a12c8512030f465a66915028285ed8a2773740,focal-GT directional trajectory,,,cumulative incidence,
final_evidence_v3_bound_output,0.0300922083020426,0.0219761619876851,,o2o,0.0256697118978796,EV-BOUNDARY-GEOMETRY-V3,V3,300,aj_cumulative_incidence,cif_within_set,29048,676,b,0.080078125,Within-set,all,All,runs/20260903_boundary_full_grid_1024_postprocess_v2/tau_01250/survival_cif.csv,1a90951b52587823e82fe89c99a12c8512030f465a66915028285ed8a2773740,focal-GT directional trajectory,,,cumulative incidence,
final_evidence_v3_bound_output,0.0305901252668413,0.0223604398551521,,o2o,0.0261194157798214,EV-BOUNDARY-GEOMETRY-V3,V3,300,aj_cumulative_incidence,cif_within_set,29048,676,b,0.0810546875,Within-set,all,All,runs/20260903_boundary_full_grid_1024_postprocess_v2/tau_01250/survival_cif.csv,1a90951b52587823e82fe89c99a12c8512030f465a66915028285ed8a2773740,focal-GT directional trajectory,,,cumulative incidence,
final_evidence_v3_bound_output,0.0309154371994683,0.0225543871294258,,o2o,0.0263955744745231,EV-BOUNDARY-GEOMETRY-V3,V3,300,aj_cumulative_incidence,cif_within_set,29048,676,b,0.08203125,Within-set,all,All,runs/20260903_boundary_full_grid_1024_postprocess_v2/tau_01250/survival_cif.csv,1a90951b52587823e82fe89c99a12c8512030f465a66915028285ed8a2773740,focal-GT directional trajectory,,,cumulative incidence,
final_evidence_v3_bound_output,0.0313426166580624,0.0228455841309126,,o2o,0.0267753977911882,EV-BOUNDARY-GEOMETRY-V3,V3,300,aj_cumulative_incidence,cif_within_set,29048,676,b,0.0830078125,Within-set,all,All,runs/20260903_boundary_full_grid_1024_postprocess_v2/tau_01250/survival_cif.csv,1a90951b52587823e82fe89c99a12c8512030f465a66915028285ed8a2773740,focal-GT directional trajectory,,,cumulative incidence,
final_evidence_v3_bound_output,0.0316049530845345,0.0230520311593546,,o2o,0.0270176062519216,EV-BOUNDARY-GEOMETRY-V3,V3,300,aj_cumulative_incidence,cif_within_set,29048,676,b,0.083984375,Within-set,all,All,runs/20260903_boundary_full_grid_1024_postprocess_v2/tau_01250/survival_cif.csv,1a90951b52587823e82fe89c99a12c8512030f465a66915028285ed8a2773740,focal-GT directional trajectory,,,cumulative incidence,
final_evidence_v3_bound_output,0.0318992471337549,0.0232649944582622,,o2o,0.0272598235520959,EV-BOUNDARY-GEOMETRY-V3,V3,300,aj_cumulative_incidence,cif_within_set,29048,676,b,0.0849609375,Within-set,all,All,runs/20260903_boundary_full_grid_1024_postprocess_v2/tau_01250/survival_cif.csv,1a90951b52587823e82fe89c99a12c8512030f465a66915028285ed8a2773740,focal-GT directional trajectory,,,cumulative incidence,
final_evidence_v3_bound_output,0.0324708381210959,0.0236974332478668,,o2o,0.0277442758649076,EV-BOUNDARY-GEOMETRY-V3,V3,300,aj_cumulative_incidence,cif_within_set,29048,676,b,0.0859375,Within-set,all,All,runs/20260903_boundary_full_grid_1024_postprocess_v2/tau_01250/survival_cif.csv,1a90951b52587823e82fe89c99a12c8512030f465a66915028285ed8a2773740,focal-GT directional trajectory,,,cumulative incidence,
final_evidence_v3_bound_output,0.0328317610727495,0.0239668540162207,,o2o,0.0280555592970737,EV-BOUNDARY-GEOMETRY-V3,V3,300,aj_cumulative_incidence,cif_within_set,29048,676,b,0.0869140625,Within-set,all,All,runs/20260903_boundary_full_grid_1024_postprocess_v2/tau_01250/survival_cif.csv,1a90951b52587823e82fe89c99a12c8512030f465a66915028285ed8a2773740,focal-GT directional trajectory,,,cumulative incidence,
final_evidence_v3_bound_output,0.0330559815680868,0.0242489889353312,,o2o,0.0283322292086348,EV-BOUNDARY-GEOMETRY-V3,V3,300,aj_cumulative_incidence,cif_within_set,29048,676,b,0.087890625,Within-set,all,All,runs/20260903_boundary_full_grid_1024_postprocess_v2/tau_01250/survival_cif.csv,1a90951b52587823e82fe89c99a12c8512030f465a66915028285ed8a2773740,focal-GT directional trajectory,,,cumulative incidence,
final_evidence_v3_bound_output,0.033450000158327,0.0245274928498511,,o2o,0.0286433479361302,EV-BOUNDARY-GEOMETRY-V3,V3,300,aj_cumulative_incidence,cif_within_set,29048,676,b,0.0888671875,Within-set,all,All,runs/20260903_boundary_full_grid_1024_postprocess_v2/tau_01250/survival_cif.csv,1a90951b52587823e82fe89c99a12c8512030f465a66915028285ed8a2773740,focal-GT directional trajectory,,,cumulative incidence,
final_evidence_v3_bound_output,0.0338308734045979,0.024897732705928,,o2o,0.0290584136891536,EV-BOUNDARY-GEOMETRY-V3,V3,300,aj_cumulative_incidence,cif_within_set,29048,676,b,0.08984375,Within-set,all,All,runs/20260903_boundary_full_grid_1024_postprocess_v2/tau_01250/survival_cif.csv,1a90951b52587823e82fe89c99a12c8512030f465a66915028285ed8a2773740,focal-GT directional trajectory,,,cumulative incidence,
final_evidence_v3_bound_output,0.0341907842948168,0.0251446872352539,,o2o,0.0293697655846076,EV-BOUNDARY-GEOMETRY-V3,V3,300,aj_cumulative_incidence,cif_within_set,29048,676,b,0.0908203125,Within-set,all,All,runs/20260903_boundary_full_grid_1024_postprocess_v2/tau_01250/survival_cif.csv,1a90951b52587823e82fe89c99a12c8512030f465a66915028285ed8a2773740,focal-GT directional trajectory,,,cumulative incidence,
final_evidence_v3_bound_output,0.0344288942372062,0.0253163492751385,,o2o,0.0295774340149175,EV-BOUNDARY-GEOMETRY-V3,V3,300,aj_cumulative_incidence,cif_within_set,29048,676,b,0.091796875,Within-set,all,All,runs/20260903_boundary_full_grid_1024_postprocess_v2/tau_01250/survival_cif.csv,1a90951b52587823e82fe89c99a12c8512030f465a66915028285ed8a2773740,focal-GT directional trajectory,,,cumulative incidence,
final_evidence_v3_bound_output,0.0348377405437717,0.0256689619703822,,o2o,0.0299575213467101,EV-BOUNDARY-GEOMETRY-V3,V3,300,aj_cumulative_incidence,cif_within_set,29048,676,b,0.0927734375,Within-set,all,All,runs/20260903_boundary_full_grid_1024_postprocess_v2/tau_01250/survival_cif.csv,1a90951b52587823e82fe89c99a12c8512030f465a66915028285ed8a2773740,focal-GT directional trajectory,,,cumulative incidence,
final_evidence_v3_bound_output,0.0350823509556896,0.0258858775503133,,o2o,0.0301998540902717,EV-BOUNDARY-GEOMETRY-V3,V3,300,aj_cumulative_incidence,cif_within_set,29048,676,b,0.09375,Within-set,all,All,runs/20260903_boundary_full_grid_1024_postprocess_v2/tau_01250/survival_cif.csv,1a90951b52587823e82fe89c99a12c8512030f465a66915028285ed8a2773740,focal-GT directional trajectory,,,cumulative incidence,
final_evidence_v3_bound_output,0.0354134539501482,0.0261570488162842,,o2o,0.0304768869191019,EV-BOUNDARY-GEOMETRY-V3,V3,300,aj_cumulative_incidence,cif_within_set,29048,676,b,0.0947265625,Within-set,all,All,runs/20260903_boundary_full_grid_1024_postprocess_v2/tau_01250/survival_cif.csv,1a90951b52587823e82fe89c99a12c8512030f465a66915028285ed8a2773740,focal-GT directional trajectory,,,cumulative incidence,
final_evidence_v3_bound_output,0.0358328213184867,0.0264375047648686,,o2o,0.030788177376358,EV-BOUNDARY-GEOMETRY-V3,V3,300,aj_cumulative_incidence,cif_within_set,29048,676,b,0.095703125,Within-set,all,All,runs/20260903_boundary_full_grid_1024_postprocess_v2/tau_01250/survival_cif.csv,1a90951b52587823e82fe89c99a12c8512030f465a66915028285ed8a2773740,focal-GT directional trajectory,,,cumulative incidence,
final_evidence_v3_bound_output,0.0361455918621206,0.0266892149858413,,o2o,0.0310654718851409,EV-BOUNDARY-GEOMETRY-V3,V3,300,aj_cumulative_incidence,cif_within_set,29048,676,b,0.0966796875,Within-set,all,All,runs/20260903_boundary_full_grid_1024_postprocess_v2/tau_01250/survival_cif.csv,1a90951b52587823e82fe89c99a12c8512030f465a66915028285ed8a2773740,focal-GT directional trajectory,,,cumulative incidence,
final_evidence_v3_bound_output,0.0363783855648782,0.0269557559458353,,o2o,0.0313421350537476,EV-BOUNDARY-GEOMETRY-V3,V3,300,aj_cumulative_incidence,cif_within_set,29048,676,b,0.09765625,Within-set,all,All,runs/20260903_boundary_full_grid_1024_postprocess_v2/tau_01250/survival_cif.csv,1a90951b52587823e82fe89c99a12c8512030f465a66915028285ed8a2773740,focal-GT directional trajectory,,,cumulative incidence,
final_evidence_v3_bound_output,0.0367449393548,0.0272552562054398,,o2o,0.0316885427430008,EV-BOUNDARY-GEOMETRY-V3,V3,300,aj_cumulative_incidence,cif_within_set,29048,676,b,0.0986328125,Within-set,all,All,runs/20260903_boundary_full_grid_1024_postprocess_v2/tau_01250/survival_cif.csv,1a90951b52587823e82fe89c99a12c8512030f465a66915028285ed8a2773740,focal-GT directional trajectory,,,cumulative incidence,
final_evidence_v3_bound_output,0.0370568885919154,0.0274838174121073,,o2o,0.0319656268050583,EV-BOUNDARY-GEOMETRY-V3,V3,300,aj_cumulative_incidence,cif_within_set,29048,676,b,0.099609375,Within-set,all,All,runs/20260903_boundary_full_grid_1024_postprocess_v2/tau_01250/survival_cif.csv,1a90951b52587823e82fe89c99a12c8512030f465a66915028285ed8a2773740,focal-GT directional trajectory,,,cumulative incidence,
final_evidence_v3_bound_output,0.0372883265781998,0.0277577212794778,,o2o,0.0322082684561276,EV-BOUNDARY-GEOMETRY-V3,V3,300,aj_cumulative_incidence,cif_within_set,29048,676,b,0.1005859375,Within-set,all,All,runs/20260903_boundary_full_grid_1024_postprocess_v2/tau_01250/survival_cif.csv,1a90951b52587823e82fe89c99a12c8512030f465a66915028285ed8a2773740,focal-GT directional trajectory,,,cumulative incidence,
final_evidence_v3_bound_output,0.0375567436217307,0.0279990421354841,,o2o,0.0324505161814972,EV-BOUNDARY-GEOMETRY-V3,V3,300,aj_cumulative_incidence,cif_within_set,29048,676,b,0.1015625,Within-set,all,All,runs/20260903_boundary_full_grid_1024_postprocess_v2/tau_01250/survival_cif.csv,1a90951b52587823e82fe89c99a12c8512030f465a66915028285ed8a2773740,focal-GT directional trajectory,,,cumulative incidence,
final_evidence_v3_bound_output,0.0375567436217307,0.0279990421354841,,o2o,0.0324505161814972,EV-BOUNDARY-GEOMETRY-V3,V3,300,aj_cumulative_incidence,cif_within_set,29048,676,b,0.1020620726159657,Within-set,all,All,runs/20260903_boundary_full_grid_1024_postprocess_v2/tau_01250/survival_cif.csv,1a90951b52587823e82fe89c99a12c8512030f465a66915028285ed8a2773740,focal-GT directional trajectory,,,cumulative incidence,
final_evidence_v3_bound_output,0.0378860585476794,0.0282447308897391,,o2o,0.0327621326117562,EV-BOUNDARY-GEOMETRY-V3,V3,300,aj_cumulative_incidence,cif_within_set,29048,676,b,0.1025390625,Within-set,all,All,runs/20260903_boundary_full_grid_1024_postprocess_v2/tau_01250/survival_cif.csv,1a90951b52587823e82fe89c99a12c8512030f465a66915028285ed8a2773740,focal-GT directional trajectory,,,cumulative incidence,
final_evidence_v3_bound_output,0.0381567114885226,0.028462388043685,,o2o,0.0330044073902052,EV-BOUNDARY-GEOMETRY-V3,V3,300,aj_cumulative_incidence,cif_within_set,29048,676,b,0.103515625,Within-set,all,All,runs/20260903_boundary_full_grid_1024_postprocess_v2/tau_01250/survival_cif.csv,1a90951b52587823e82fe89c99a12c8512030f465a66915028285ed8a2773740,focal-GT directional trajectory,,,cumulative incidence,
final_evidence_v3_bound_output,0.0383753514215678,0.0286052614695807,,o2o,0.0331777615197302,EV-BOUNDARY-GEOMETRY-V3,V3,300,aj_cumulative_incidence,cif_within_set,29048,676,b,0.1044921875,Within-set,all,All,runs/20260903_boundary_full_grid_1024_postprocess_v2/tau_01250/survival_cif.csv,1a90951b52587823e82fe89c99a12c8512030f465a66915028285ed8a2773740,focal-GT directional trajectory,,,cumulative incidence,
final_evidence_v3_bound_output,0.0385893145143112,0.0287866196841768,,o2o,0.033385583744592,EV-BOUNDARY-GEOMETRY-V3,V3,300,aj_cumulative_incidence,cif_within_set,29048,676,b,0.10546875,Within-set,all,All,runs/20260903_boundary_full_grid_1024_postprocess_v2/tau_01250/survival_cif.csv,1a90951b52587823e82fe89c99a12c8512030f465a66915028285ed8a2773740,focal-GT directional trajectory,,,cumulative incidence,
final_evidence_v3_bound_output,0.0388141477081652,0.0289861880274817,,o2o,0.0336280780918165,EV-BOUNDARY-GEOMETRY-V3,V3,300,aj_cumulative_incidence,cif_within_set,29048,676,b,0.1064453125,Within-set,all,All,runs/20260903_boundary_full_grid_1024_postprocess_v2/tau_01250/survival_cif.csv,1a90951b52587823e82fe89c99a12c8512030f465a66915028285ed8a2773740,focal-GT directional trajectory,,,cumulative incidence,
final_evidence_v3_bound_output,0.0390438752776887,0.029226462464617,,o2o,0.0338705724390409,EV-BOUNDARY-GEOMETRY-V3,V3,300,aj_cumulative_incidence,cif_within_set,29048,676,b,0.107421875,Within-set,all,All,runs/20260903_boundary_full_grid_1024_postprocess_v2/tau_01250/survival_cif.csv,1a90951b52587823e82fe89c99a12c8512030f465a66915028285ed8a2773740,focal-GT directional trajectory,,,cumulative incidence,
final_evidence_v3_bound_output,0.0393467055939718,0.0294481979148124,,o2o,0.0340781841545884,EV-BOUNDARY-GEOMETRY-V3,V3,300,aj_cumulative_incidence,cif_within_set,29048,676,b,0.1083984375,Within-set,all,All,runs/20260903_boundary_full_grid_1024_postprocess_v2/tau_01250/survival_cif.csv,1a90951b52587823e82fe89c99a12c8512030f465a66915028285ed8a2773740,focal-GT directional trajectory,,,cumulative incidence,
final_evidence_v3_bound_output,0.0396368905932547,0.029697843821257,,o2o,0.0343547708966818,EV-BOUNDARY-GEOMETRY-V3,V3,300,aj_cumulative_incidence,cif_within_set,29048,676,b,0.109375,Within-set,all,All,runs/20260903_boundary_full_grid_1024_postprocess_v2/tau_01250/survival_cif.csv,1a90951b52587823e82fe89c99a12c8512030f465a66915028285ed8a2773740,focal-GT directional trajectory,,,cumulative incidence,
final_evidence_v3_bound_output,0.0399638498283109,0.0299700091100679,,o2o,0.0346315681875221,EV-BOUNDARY-GEOMETRY-V3,V3,300,aj_cumulative_incidence,cif_within_set,29048,676,b,0.1103515625,Within-set,all,All,runs/20260903_boundary_full_grid_1024_postprocess_v2/tau_01250/survival_cif.csv,1a90951b52587823e82fe89c99a12c8512030f465a66915028285ed8a2773740,focal-GT directional trajectory,,,cumulative incidence,
final_evidence_v3_bound_output,0.0401611484692432,0.0300652862860027,,o2o,0.0347702930423594,EV-BOUNDARY-GEOMETRY-V3,V3,300,aj_cumulative_incidence,cif_within_set,29048,676,b,0.111328125,Within-set,all,All,runs/20260903_boundary_full_grid_1024_postprocess_v2/tau_01250/survival_cif.csv,1a90951b52587823e82fe89c99a12c8512030f465a66915028285ed8a2773740,focal-GT directional trajectory,,,cumulative incidence,
final_evidence_v3_bound_output,0.0403487023049151,0.030252002768038,,o2o,0.0349779825612677,EV-BOUNDARY-GEOMETRY-V3,V3,300,aj_cumulative_incidence,cif_within_set,29048,676,b,0.1123046875,Within-set,all,All,runs/20260903_boundary_full_grid_1024_postprocess_v2/tau_01250/survival_cif.csv,1a90951b52587823e82fe89c99a12c8512030f465a66915028285ed8a2773740,focal-GT directional trajectory,,,cumulative incidence,
final_evidence_v3_bound_output,0.040649154114254,0.0304829819983144,,o2o,0.0352203571960619,EV-BOUNDARY-GEOMETRY-V3,V3,300,aj_cumulative_incidence,cif_within_set,29048,676,b,0.11328125,Within-set,all,All,runs/20260903_boundary_full_grid_1024_postprocess_v2/tau_01250/survival_cif.csv,1a90951b52587823e82fe89c99a12c8512030f465a66915028285ed8a2773740,focal-GT directional trajectory,,,cumulative incidence,
final_evidence_v3_bound_output,0.0408984198282454,0.030646406495237,,o2o,0.0354282651416135,EV-BOUNDARY-GEOMETRY-V3,V3,300,aj_cumulative_incidence,cif_within_set,29048,676,b,0.1142578125,Within-set,all,All,runs/20260903_boundary_full_grid_1024_postprocess_v2/tau_01250/survival_cif.csv,1a90951b52587823e82fe89c99a12c8512030f465a66915028285ed8a2773740,focal-GT directional trajectory,,,cumulative incidence,
final_evidence_v3_bound_output,0.041095780494482,0.0308173438561486,,o2o,0.0356016972596928,EV-BOUNDARY-GEOMETRY-V3,V3,300,aj_cumulative_incidence,cif_within_set,29048,676,b,0.115234375,Within-set,all,All,runs/20260903_boundary_full_grid_1024_postprocess_v2/tau_01250/survival_cif.csv,1a90951b52587823e82fe89c99a12c8512030f465a66915028285ed8a2773740,focal-GT directional trajectory,,,cumulative incidence,
final_evidence_v3_bound_output,0.0414064195403474,0.0311076518176696,,o2o,0.0359472979189909,EV-BOUNDARY-GEOMETRY-V3,V3,300,aj_cumulative_incidence,cif_within_set,29048,676,b,0.1162109375,Within-set,all,All,runs/20260903_boundary_full_grid_1024_postprocess_v2/tau_01250/survival_cif.csv,1a90951b52587823e82fe89c99a12c8512030f465a66915028285ed8a2773740,focal-GT directional trajectory,,,cumulative incidence,
final_evidence_v3_bound_output,0.0417443919218108,0.0313660884948574,,o2o,0.0362241575194875,EV-BOUNDARY-GEOMETRY-V3,V3,300,aj_cumulative_incidence,cif_within_set,29048,676,b,0.1171875,Within-set,all,All,runs/20260903_boundary_full_grid_1024_postprocess_v2/tau_01250/survival_cif.csv,1a90951b52587823e82fe89c99a12c8512030f465a66915028285ed8a2773740,focal-GT directional trajectory,,,cumulative incidence,
final_evidence_v3_bound_output,0.0420797087378383,0.031626963159695,,o2o,0.0365360200113485,EV-BOUNDARY-GEOMETRY-V3,V3,300,aj_cumulative_incidence,cif_within_set,29048,676,b,0.1181640625,Within-set,all,All,runs/20260903_boundary_full_grid_1024_postprocess_v2/tau_01250/survival_cif.csv,1a90951b52587823e82fe89c99a12c8512030f465a66915028285ed8a2773740,focal-GT directional trajectory,,,cumulative incidence,
final_evidence_v3_bound_output,0.0422072514618315,0.0317257732781759,,o2o,0.0366401146204096,EV-BOUNDARY-GEOMETRY-V3,V3,300,aj_cumulative_incidence,cif_within_set,29048,676,b,0.119140625,Within-set,all,All,runs/20260903_boundary_full_grid_1024_postprocess_v2/tau_01250/survival_cif.csv,1a90951b52587823e82fe89c99a12c8512030f465a66915028285ed8a2773740,focal-GT directional trajectory,,,cumulative incidence,
final_evidence_v3_bound_output,0.0424259290775261,0.0318467122741256,,o2o,0.0368129932266509,EV-BOUNDARY-GEOMETRY-V3,V3,300,aj_cumulative_incidence,cif_within_set,29048,676,b,0.1201171875,Within-set,all,All,runs/20260903_boundary_full_grid_1024_postprocess_v2/tau_01250/survival_cif.csv,1a90951b52587823e82fe89c99a12c8512030f465a66915028285ed8a2773740,focal-GT directional trajectory,,,cumulative incidence,
final_evidence_v3_bound_output,0.0426946992535759,0.0321590918885476,,o2o,0.037090610316034,EV-BOUNDARY-GEOMETRY-V3,V3,300,aj_cumulative_incidence,cif_within_set,29048,676,b,0.12109375,Within-set,all,All,runs/20260903_boundary_full_grid_1024_postprocess_v2/tau_01250/survival_cif.csv,1a90951b52587823e82fe89c99a12c8512030f465a66915028285ed8a2773740,focal-GT directional trajectory,,,cumulative incidence,
final_evidence_v3_bound_output,0.0428343649593847,0.0323189736006909,,o2o,0.0372641209968984,EV-BOUNDARY-GEOMETRY-V3,V3,300,aj_cumulative_incidence,cif_within_set,29048,676,b,0.1220703125,Within-set,all,All,runs/20260903_boundary_full_grid_1024_postprocess_v2/tau_01250/survival_cif.csv,1a90951b52587823e82fe89c99a12c8512030f465a66915028285ed8a2773740,focal-GT directional trajectory,,,cumulative incidence,
final_evidence_v3_bound_output,0.043057616449007,0.0324251833963904,,o2o,0.0374374209862218,EV-BOUNDARY-GEOMETRY-V3,V3,300,aj_cumulative_incidence,cif_within_set,29048,676,b,0.123046875,Within-set,all,All,runs/20260903_boundary_full_grid_1024_postprocess_v2/tau_01250/survival_cif.csv,1a90951b52587823e82fe89c99a12c8512030f465a66915028285ed8a2773740,focal-GT directional trajectory,,,cumulative incidence,
final_evidence_v3_bound_output,0.0433326100278551,0.032692083700195,,o2o,0.0377148273840638,EV-BOUNDARY-GEOMETRY-V3,V3,300,aj_cumulative_incidence,cif_within_set,29048,676,b,0.1240234375,Within-set,all,All,runs/20260903_boundary_full_grid_1024_postprocess_v2/tau_01250/survival_cif.csv,1a90951b52587823e82fe89c99a12c8512030f465a66915028285ed8a2773740,focal-GT directional trajectory,,,cumulative incidence,
final_evidence_v3_bound_output,0.0435907699477922,0.0329169770370476,,o2o,0.0379573209541919,EV-BOUNDARY-GEOMETRY-V3,V3,300,aj_cumulative_incidence,cif_within_set,29048,676,b,0.125,Within-set,all,All,runs/20260903_boundary_full_grid_1024_postprocess_v2/tau_01250/survival_cif.csv,1a90951b52587823e82fe89c99a12c8512030f465a66915028285ed8a2773740,focal-GT directional trajectory,,,cumulative incidence,
final_evidence_v3_bound_output,0.0,0.0,,o2o,0.0,EV-BOUNDARY-GEOMETRY-V3,V3,300,aj_cumulative_incidence,cif_topk,29048,676,b,0.0,Top-k,all,All,runs/20260903_boundary_full_grid_1024_postprocess_v2/tau_01250/survival_cif.csv,1a90951b52587823e82fe89c99a12c8512030f465a66915028285ed8a2773740,focal-GT directional trajectory,,,cumulative incidence,
final_evidence_v3_bound_output,0.0,0.0,,o2o,0.0,EV-BOUNDARY-GEOMETRY-V3,V3,300,aj_cumulative_incidence,cif_topk,29048,676,b,0.0009765625,Top-k,all,All,runs/20260903_boundary_full_grid_1024_postprocess_v2/tau_01250/survival_cif.csv,1a90951b52587823e82fe89c99a12c8512030f465a66915028285ed8a2773740,focal-GT directional trajectory,,,cumulative incidence,
final_evidence_v3_bound_output,0.0,0.0,,o2o,0.0,EV-BOUNDARY-GEOMETRY-V3,V3,300,aj_cumulative_incidence,cif_topk,29048,676,b,0.001953125,Top-k,all,All,runs/20260903_boundary_full_grid_1024_postprocess_v2/tau_01250/survival_cif.csv,1a90951b52587823e82fe89c99a12c8512030f465a66915028285ed8a2773740,focal-GT directional trajectory,,,cumulative incidence,
final_evidence_v3_bound_output,0.0,0.0,,o2o,0.0,EV-BOUNDARY-GEOMETRY-V3,V3,300,aj_cumulative_incidence,cif_topk,29048,676,b,0.0029296875,Top-k,all,All,runs/20260903_boundary_full_grid_1024_postprocess_v2/tau_01250/survival_cif.csv,1a90951b52587823e82fe89c99a12c8512030f465a66915028285ed8a2773740,focal-GT directional trajectory,,,cumulative incidence,
final_evidence_v3_bound_output,0.0,0.0,,o2o,0.0,EV-BOUNDARY-GEOMETRY-V3,V3,300,aj_cumulative_incidence,cif_topk,29048,676,b,0.00390625,Top-k,all,All,runs/20260903_boundary_full_grid_1024_postprocess_v2/tau_01250/survival_cif.csv,1a90951b52587823e82fe89c99a12c8512030f465a66915028285ed8a2773740,focal-GT directional trajectory,,,cumulative incidence,
final_evidence_v3_bound_output,0.0,0.0,,o2o,0.0,EV-BOUNDARY-GEOMETRY-V3,V3,300,aj_cumulative_incidence,cif_topk,29048,676,b,0.0048828125,Top-k,all,All,runs/20260903_boundary_full_grid_1024_postprocess_v2/tau_01250/survival_cif.csv,1a90951b52587823e82fe89c99a12c8512030f465a66915028285ed8a2773740,focal-GT directional trajectory,,,cumulative incidence,
final_evidence_v3_bound_output,0.0,0.0,,o2o,0.0,EV-BOUNDARY-GEOMETRY-V3,V3,300,aj_cumulative_incidence,cif_topk,29048,676,b,0.005859375,Top-k,all,All,runs/20260903_boundary_full_grid_1024_postprocess_v2/tau_01250/survival_cif.csv,1a90951b52587823e82fe89c99a12c8512030f465a66915028285ed8a2773740,focal-GT directional trajectory,,,cumulative incidence,
final_evidence_v3_bound_output,0.0,0.0,,o2o,0.0,EV-BOUNDARY-GEOMETRY-V3,V3,300,aj_cumulative_incidence,cif_topk,29048,676,b,0.0068359375,Top-k,all,All,runs/20260903_boundary_full_grid_1024_postprocess_v2/tau_01250/survival_cif.csv,1a90951b52587823e82fe89c99a12c8512030f465a66915028285ed8a2773740,focal-GT directional trajectory,,,cumulative incidence,
final_evidence_v3_bound_output,0.0,0.0,,o2o,0.0,EV-BOUNDARY-GEOMETRY-V3,V3,300,aj_cumulative_incidence,cif_topk,29048,676,b,0.0078125,Top-k,all,All,runs/20260903_boundary_full_grid_1024_postprocess_v2/tau_01250/survival_cif.csv,1a90951b52587823e82fe89c99a12c8512030f465a66915028285ed8a2773740,focal-GT directional trajectory,,,cumulative incidence,
final_evidence_v3_bound_output,0.0,0.0,,o2o,0.0,EV-BOUNDARY-GEOMETRY-V3,V3,300,aj_cumulative_incidence,cif_topk,29048,676,b,0.0087890625,Top-k,all,All,runs/20260903_boundary_full_grid_1024_postprocess_v2/tau_01250/survival_cif.csv,1a90951b52587823e82fe89c99a12c8512030f465a66915028285ed8a2773740,focal-GT directional trajectory,,,cumulative incidence,
final_evidence_v3_bound_output,0.0,0.0,,o2o,0.0,EV-BOUNDARY-GEOMETRY-V3,V3,300,aj_cumulative_incidence,cif_topk,29048,676,b,0.009765625,Top-k,all,All,runs/20260903_boundary_full_grid_1024_postprocess_v2/tau_01250/survival_cif.csv,1a90951b52587823e82fe89c99a12c8512030f465a66915028285ed8a2773740,focal-GT directional trajectory,,,cumulative incidence,
final_evidence_v3_bound_output,0.0,0.0,,o2o,0.0,EV-BOUNDARY-GEOMETRY-V3,V3,300,aj_cumulative_incidence,cif_topk,29048,676,b,0.0107421875,Top-k,all,All,runs/20260903_boundary_full_grid_1024_postprocess_v2/tau_01250/survival_cif.csv,1a90951b52587823e82fe89c99a12c8512030f465a66915028285ed8a2773740,focal-GT directional trajectory,,,cumulative incidence,
final_evidence_v3_bound_output,0.0,0.0,,o2o,0.0,EV-BOUNDARY-GEOMETRY-V3,V3,300,aj_cumulative_incidence,cif_topk,29048,676,b,0.01171875,Top-k,all,All,runs/20260903_boundary_full_grid_1024_postprocess_v2/tau_01250/survival_cif.csv,1a90951b52587823e82fe89c99a12c8512030f465a66915028285ed8a2773740,focal-GT directional trajectory,,,cumulative incidence,
final_evidence_v3_bound_output,0.0,0.0,,o2o,0.0,EV-BOUNDARY-GEOMETRY-V3,V3,300,aj_cumulative_incidence,cif_topk,29048,676,b,0.0126953125,Top-k,all,All,runs/20260903_boundary_full_grid_1024_postprocess_v2/tau_01250/survival_cif.csv,1a90951b52587823e82fe89c99a12c8512030f465a66915028285ed8a2773740,focal-GT directional trajectory,,,cumulative incidence,
final_evidence_v3_bound_output,0.0,0.0,,o2o,0.0,EV-BOUNDARY-GEOMETRY-V3,V3,300,aj_cumulative_incidence,cif_topk,29048,676,b,0.013671875,Top-k,all,All,runs/20260903_boundary_full_grid_1024_postprocess_v2/tau_01250/survival_cif.csv,1a90951b52587823e82fe89c99a12c8512030f465a66915028285ed8a2773740,focal-GT directional trajectory,,,cumulative incidence,
final_evidence_v3_bound_output,0.0,0.0,,o2o,0.0,EV-BOUNDARY-GEOMETRY-V3,V3,300,aj_cumulative_incidence,cif_topk,29048,676,b,0.0146484375,Top-k,all,All,runs/20260903_boundary_full_grid_1024_postprocess_v2/tau_01250/survival_cif.csv,1a90951b52587823e82fe89c99a12c8512030f465a66915028285ed8a2773740,focal-GT directional trajectory,,,cumulative incidence,
final_evidence_v3_bound_output,0.0,0.0,,o2o,0.0,EV-BOUNDARY-GEOMETRY-V3,V3,300,aj_cumulative_incidence,cif_topk,29048,676,b,0.015625,Top-k,all,All,runs/20260903_boundary_full_grid_1024_postprocess_v2/tau_01250/survival_cif.csv,1a90951b52587823e82fe89c99a12c8512030f465a66915028285ed8a2773740,focal-GT directional trajectory,,,cumulative incidence,
final_evidence_v3_bound_output,0.0,0.0,,o2o,0.0,EV-BOUNDARY-GEOMETRY-V3,V3,300,aj_cumulative_incidence,cif_topk,29048,676,b,0.0166015625,Top-k,all,All,runs/20260903_boundary_full_grid_1024_postprocess_v2/tau_01250/survival_cif.csv,1a90951b52587823e82fe89c99a12c8512030f465a66915028285ed8a2773740,focal-GT directional trajectory,,,cumulative incidence,
final_evidence_v3_bound_output,0.0,0.0,,o2o,0.0,EV-BOUNDARY-GEOMETRY-V3,V3,300,aj_cumulative_incidence,cif_topk,29048,676,b,0.017578125,Top-k,all,All,runs/20260903_boundary_full_grid_1024_postprocess_v2/tau_01250/survival_cif.csv,1a90951b52587823e82fe89c99a12c8512030f465a66915028285ed8a2773740,focal-GT directional trajectory,,,cumulative incidence,
final_evidence_v3_bound_output,0.0,0.0,,o2o,0.0,EV-BOUNDARY-GEOMETRY-V3,V3,300,aj_cumulative_incidence,cif_topk,29048,676,b,0.0185546875,Top-k,all,All,runs/20260903_boundary_full_grid_1024_postprocess_v2/tau_01250/survival_cif.csv,1a90951b52587823e82fe89c99a12c8512030f465a66915028285ed8a2773740,focal-GT directional trajectory,,,cumulative incidence,
final_evidence_v3_bound_output,0.0,0.0,,o2o,0.0,EV-BOUNDARY-GEOMETRY-V3,V3,300,aj_cumulative_incidence,cif_topk,29048,676,b,0.01953125,Top-k,all,All,runs/20260903_boundary_full_grid_1024_postprocess_v2/tau_01250/survival_cif.csv,1a90951b52587823e82fe89c99a12c8512030f465a66915028285ed8a2773740,focal-GT directional trajectory,,,cumulative incidence,
final_evidence_v3_bound_output,0.0,0.0,,o2o,0.0,EV-BOUNDARY-GEOMETRY-V3,V3,300,aj_cumulative_incidence,cif_topk,29048,676,b,0.0205078125,Top-k,all,All,runs/20260903_boundary_full_grid_1024_postprocess_v2/tau_01250/survival_cif.csv,1a90951b52587823e82fe89c99a12c8512030f465a66915028285ed8a2773740,focal-GT directional trajectory,,,cumulative incidence,
final_evidence_v3_bound_output,0.0,0.0,,o2o,0.0,EV-BOUNDARY-GEOMETRY-V3,V3,300,aj_cumulative_incidence,cif_topk,29048,676,b,0.021484375,Top-k,all,All,runs/20260903_boundary_full_grid_1024_postprocess_v2/tau_01250/survival_cif.csv,1a90951b52587823e82fe89c99a12c8512030f465a66915028285ed8a2773740,focal-GT directional trajectory,,,cumulative incidence,
final_evidence_v3_bound_output,0.0,0.0,,o2o,0.0,EV-BOUNDARY-GEOMETRY-V3,V3,300,aj_cumulative_incidence,cif_topk,29048,676,b,0.0224609375,Top-k,all,All,runs/20260903_boundary_full_grid_1024_postprocess_v2/tau_01250/survival_cif.csv,1a90951b52587823e82fe89c99a12c8512030f465a66915028285ed8a2773740,focal-GT directional trajectory,,,cumulative incidence,
final_evidence_v3_bound_output,0.0,0.0,,o2o,0.0,EV-BOUNDARY-GEOMETRY-V3,V3,300,aj_cumulative_incidence,cif_topk,29048,676,b,0.0234375,Top-k,all,All,runs/20260903_boundary_full_grid_1024_postprocess_v2/tau_01250/survival_cif.csv,1a90951b52587823e82fe89c99a12c8512030f465a66915028285ed8a2773740,focal-GT directional trajectory,,,cumulative incidence,
final_evidence_v3_bound_output,0.0,0.0,,o2o,0.0,EV-BOUNDARY-GEOMETRY-V3,V3,300,aj_cumulative_incidence,cif_topk,29048,676,b,0.0244140625,Top-k,all,All,runs/20260903_boundary_full_grid_1024_postprocess_v2/tau_01250/survival_cif.csv,1a90951b52587823e82fe89c99a12c8512030f465a66915028285ed8a2773740,focal-GT directional trajectory,,,cumulative incidence,
final_evidence_v3_bound_output,0.0,0.0,,o2o,0.0,EV-BOUNDARY-GEOMETRY-V3,V3,300,aj_cumulative_incidence,cif_topk,29048,676,b,0.025390625,Top-k,all,All,runs/20260903_boundary_full_grid_1024_postprocess_v2/tau_01250/survival_cif.csv,1a90951b52587823e82fe89c99a12c8512030f465a66915028285ed8a2773740,focal-GT directional trajectory,,,cumulative incidence,
final_evidence_v3_bound_output,0.0,0.0,,o2o,0.0,EV-BOUNDARY-GEOMETRY-V3,V3,300,aj_cumulative_incidence,cif_topk,29048,676,b,0.0263671875,Top-k,all,All,runs/20260903_boundary_full_grid_1024_postprocess_v2/tau_01250/survival_cif.csv,1a90951b52587823e82fe89c99a12c8512030f465a66915028285ed8a2773740,focal-GT directional trajectory,,,cumulative incidence,
final_evidence_v3_bound_output,0.0,0.0,,o2o,0.0,EV-BOUNDARY-GEOMETRY-V3,V3,300,aj_cumulative_incidence,cif_topk,29048,676,b,0.02734375,Top-k,all,All,runs/20260903_boundary_full_grid_1024_postprocess_v2/tau_01250/survival_cif.csv,1a90951b52587823e82fe89c99a12c8512030f465a66915028285ed8a2773740,focal-GT directional trajectory,,,cumulative incidence,
final_evidence_v3_bound_output,0.0,0.0,,o2o,0.0,EV-BOUNDARY-GEOMETRY-V3,V3,300,aj_cumulative_incidence,cif_topk,29048,676,b,0.0283203125,Top-k,all,All,runs/20260903_boundary_full_grid_1024_postprocess_v2/tau_01250/survival_cif.csv,1a90951b52587823e82fe89c99a12c8512030f465a66915028285ed8a2773740,focal-GT directional trajectory,,,cumulative incidence,
final_evidence_v3_bound_output,0.0,0.0,,o2o,0.0,EV-BOUNDARY-GEOMETRY-V3,V3,300,aj_cumulative_incidence,cif_topk,29048,676,b,0.029296875,Top-k,all,All,runs/20260903_boundary_full_grid_1024_postprocess_v2/tau_01250/survival_cif.csv,1a90951b52587823e82fe89c99a12c8512030f465a66915028285ed8a2773740,focal-GT directional trajectory,,,cumulative incidence,
final_evidence_v3_bound_output,0.0,0.0,,o2o,0.0,EV-BOUNDARY-GEOMETRY-V3,V3,300,aj_cumulative_incidence,cif_topk,29048,676,b,0.0302734375,Top-k,all,All,runs/20260903_boundary_full_grid_1024_postprocess_v2/tau_01250/survival_cif.csv,1a90951b52587823e82fe89c99a12c8512030f465a66915028285ed8a2773740,focal-GT directional trajectory,,,cumulative incidence,
final_evidence_v3_bound_output,0.0,0.0,,o2o,0.0,EV-BOUNDARY-GEOMETRY-V3,V3,300,aj_cumulative_incidence,cif_topk,29048,676,b,0.03125,Top-k,all,All,runs/20260903_boundary_full_grid_1024_postprocess_v2/tau_01250/survival_cif.csv,1a90951b52587823e82fe89c99a12c8512030f465a66915028285ed8a2773740,focal-GT directional trajectory,,,cumulative incidence,
final_evidence_v3_bound_output,0.0001197586868539,0.0,,o2o,3.458767147762237e-05,EV-BOUNDARY-GEOMETRY-V3,V3,300,aj_cumulative_incidence,cif_topk,29048,676,b,0.0322265625,Top-k,all,All,runs/20260903_boundary_full_grid_1024_postprocess_v2/tau_01250/survival_cif.csv,1a90951b52587823e82fe89c99a12c8512030f465a66915028285ed8a2773740,focal-GT directional trajectory,,,cumulative incidence,
final_evidence_v3_bound_output,0.0001197586868539,0.0,,o2o,3.458767147762237e-05,EV-BOUNDARY-GEOMETRY-V3,V3,300,aj_cumulative_incidence,cif_topk,29048,676,b,0.033203125,Top-k,all,All,runs/20260903_boundary_full_grid_1024_postprocess_v2/tau_01250/survival_cif.csv,1a90951b52587823e82fe89c99a12c8512030f465a66915028285ed8a2773740,focal-GT directional trajectory,,,cumulative incidence,
final_evidence_v3_bound_output,0.0001197586868539,0.0,,o2o,3.458767147762237e-05,EV-BOUNDARY-GEOMETRY-V3,V3,300,aj_cumulative_incidence,cif_topk,29048,676,b,0.0341796875,Top-k,all,All,runs/20260903_boundary_full_grid_1024_postprocess_v2/tau_01250/survival_cif.csv,1a90951b52587823e82fe89c99a12c8512030f465a66915028285ed8a2773740,focal-GT directional trajectory,,,cumulative incidence,
final_evidence_v3_bound_output,0.0001197586868539,0.0,,o2o,3.458767147762237e-05,EV-BOUNDARY-GEOMETRY-V3,V3,300,aj_cumulative_incidence,cif_topk,29048,676,b,0.03515625,Top-k,all,All,runs/20260903_boundary_full_grid_1024_postprocess_v2/tau_01250/survival_cif.csv,1a90951b52587823e82fe89c99a12c8512030f465a66915028285ed8a2773740,focal-GT directional trajectory,,,cumulative incidence,
final_evidence_v3_bound_output,0.0001197586868539,0.0,,o2o,3.458767147762237e-05,EV-BOUNDARY-GEOMETRY-V3,V3,300,aj_cumulative_incidence,cif_topk,29048,676,b,0.0361328125,Top-k,all,All,runs/20260903_boundary_full_grid_1024_postprocess_v2/tau_01250/survival_cif.csv,1a90951b52587823e82fe89c99a12c8512030f465a66915028285ed8a2773740,focal-GT directional trajectory,,,cumulative incidence,
final_evidence_v3_bound_output,0.0001197586868539,0.0,,o2o,3.458767147762237e-05,EV-BOUNDARY-GEOMETRY-V3,V3,300,aj_cumulative_incidence,cif_topk,29048,676,b,0.037109375,Top-k,all,All,runs/20260903_boundary_full_grid_1024_postprocess_v2/tau_01250/survival_cif.csv,1a90951b52587823e82fe89c99a12c8512030f465a66915028285ed8a2773740,focal-GT directional trajectory,,,cumulative incidence,
final_evidence_v3_bound_output,0.0001197586868539,0.0,,o2o,3.458767147762237e-05,EV-BOUNDARY-GEOMETRY-V3,V3,300,aj_cumulative_incidence,cif_topk,29048,676,b,0.0380859375,Top-k,all,All,runs/20260903_boundary_full_grid_1024_postprocess_v2/tau_01250/survival_cif.csv,1a90951b52587823e82fe89c99a12c8512030f465a66915028285ed8a2773740,focal-GT directional trajectory,,,cumulative incidence,
final_evidence_v3_bound_output,0.0001197586868539,0.0,,o2o,3.458767147762237e-05,EV-BOUNDARY-GEOMETRY-V3,V3,300,aj_cumulative_incidence,cif_topk,29048,676,b,0.0390625,Top-k,all,All,runs/20260903_boundary_full_grid_1024_postprocess_v2/tau_01250/survival_cif.csv,1a90951b52587823e82fe89c99a12c8512030f465a66915028285ed8a2773740,focal-GT directional trajectory,,,cumulative incidence,
final_evidence_v3_bound_output,0.0001197586868539,0.0,,o2o,3.458767147762237e-05,EV-BOUNDARY-GEOMETRY-V3,V3,300,aj_cumulative_incidence,cif_topk,29048,676,b,0.0400390625,Top-k,all,All,runs/20260903_boundary_full_grid_1024_postprocess_v2/tau_01250/survival_cif.csv,1a90951b52587823e82fe89c99a12c8512030f465a66915028285ed8a2773740,focal-GT directional trajectory,,,cumulative incidence,
final_evidence_v3_bound_output,0.0001197586868539,0.0,,o2o,3.458767147762237e-05,EV-BOUNDARY-GEOMETRY-V3,V3,300,aj_cumulative_incidence,cif_topk,29048,676,b,0.041015625,Top-k,all,All,runs/20260903_boundary_full_grid_1024_postprocess_v2/tau_01250/survival_cif.csv,1a90951b52587823e82fe89c99a12c8512030f465a66915028285ed8a2773740,focal-GT directional trajectory,,,cumulative incidence,
final_evidence_v3_bound_output,0.0001197586868539,0.0,,o2o,3.458767147762237e-05,EV-BOUNDARY-GEOMETRY-V3,V3,300,aj_cumulative_incidence,cif_topk,29048,676,b,0.0419921875,Top-k,all,All,runs/20260903_boundary_full_grid_1024_postprocess_v2/tau_01250/survival_cif.csv,1a90951b52587823e82fe89c99a12c8512030f465a66915028285ed8a2773740,focal-GT directional trajectory,,,cumulative incidence,
final_evidence_v3_bound_output,0.0001197586868539,0.0,,o2o,3.458767147762237e-05,EV-BOUNDARY-GEOMETRY-V3,V3,300,aj_cumulative_incidence,cif_topk,29048,676,b,0.04296875,Top-k,all,All,runs/20260903_boundary_full_grid_1024_postprocess_v2/tau_01250/survival_cif.csv,1a90951b52587823e82fe89c99a12c8512030f465a66915028285ed8a2773740,focal-GT directional trajectory,,,cumulative incidence,
final_evidence_v3_bound_output,0.0001197586868539,0.0,,o2o,3.458767147762237e-05,EV-BOUNDARY-GEOMETRY-V3,V3,300,aj_cumulative_incidence,cif_topk,29048,676,b,0.0439453125,Top-k,all,All,runs/20260903_boundary_full_grid_1024_postprocess_v2/tau_01250/survival_cif.csv,1a90951b52587823e82fe89c99a12c8512030f465a66915028285ed8a2773740,focal-GT directional trajectory,,,cumulative incidence,
final_evidence_v3_bound_output,0.0001197586868539,0.0,,o2o,3.458767147762237e-05,EV-BOUNDARY-GEOMETRY-V3,V3,300,aj_cumulative_incidence,cif_topk,29048,676,b,0.044921875,Top-k,all,All,runs/20260903_boundary_full_grid_1024_postprocess_v2/tau_01250/survival_cif.csv,1a90951b52587823e82fe89c99a12c8512030f465a66915028285ed8a2773740,focal-GT directional trajectory,,,cumulative incidence,
final_evidence_v3_bound_output,0.0001197586868539,0.0,,o2o,3.458767147762237e-05,EV-BOUNDARY-GEOMETRY-V3,V3,300,aj_cumulative_incidence,cif_topk,29048,676,b,0.0458984375,Top-k,all,All,runs/20260903_boundary_full_grid_1024_postprocess_v2/tau_01250/survival_cif.csv,1a90951b52587823e82fe89c99a12c8512030f465a66915028285ed8a2773740,focal-GT directional trajectory,,,cumulative incidence,
final_evidence_v3_bound_output,0.0001197586868539,0.0,,o2o,3.458767147762237e-05,EV-BOUNDARY-GEOMETRY-V3,V3,300,aj_cumulative_incidence,cif_topk,29048,676,b,0.046875,Top-k,all,All,runs/20260903_boundary_full_grid_1024_postprocess_v2/tau_01250/survival_cif.csv,1a90951b52587823e82fe89c99a12c8512030f465a66915028285ed8a2773740,focal-GT directional trajectory,,,cumulative incidence,
final_evidence_v3_bound_output,0.0001197586868539,0.0,,o2o,3.458767147762237e-05,EV-BOUNDARY-GEOMETRY-V3,V3,300,aj_cumulative_incidence,cif_topk,29048,676,b,0.0478515625,Top-k,all,All,runs/20260903_boundary_full_grid_1024_postprocess_v2/tau_01250/survival_cif.csv,1a90951b52587823e82fe89c99a12c8512030f465a66915028285ed8a2773740,focal-GT directional trajectory,,,cumulative incidence,
final_evidence_v3_bound_output,0.0001197586868539,0.0,,o2o,3.458767147762237e-05,EV-BOUNDARY-GEOMETRY-V3,V3,300,aj_cumulative_incidence,cif_topk,29048,676,b,0.048828125,Top-k,all,All,runs/20260903_boundary_full_grid_1024_postprocess_v2/tau_01250/survival_cif.csv,1a90951b52587823e82fe89c99a12c8512030f465a66915028285ed8a2773740,focal-GT directional trajectory,,,cumulative incidence,
final_evidence_v3_bound_output,0.0001197586868539,0.0,,o2o,3.458767147762237e-05,EV-BOUNDARY-GEOMETRY-V3,V3,300,aj_cumulative_incidence,cif_topk,29048,676,b,0.0498046875,Top-k,all,All,runs/20260903_boundary_full_grid_1024_postprocess_v2/tau_01250/survival_cif.csv,1a90951b52587823e82fe89c99a12c8512030f465a66915028285ed8a2773740,focal-GT directional trajectory,,,cumulative incidence,
final_evidence_v3_bound_output,0.0001197586868539,0.0,,o2o,3.458767147762237e-05,EV-BOUNDARY-GEOMETRY-V3,V3,300,aj_cumulative_incidence,cif_topk,29048,676,b,0.05078125,Top-k,all,All,runs/20260903_boundary_full_grid_1024_postprocess_v2/tau_01250/survival_cif.csv,1a90951b52587823e82fe89c99a12c8512030f465a66915028285ed8a2773740,focal-GT directional trajectory,,,cumulative incidence,
final_evidence_v3_bound_output,0.0001197586868539,0.0,,o2o,3.458767147762237e-05,EV-BOUNDARY-GEOMETRY-V3,V3,300,aj_cumulative_incidence,cif_topk,29048,676,b,0.0517578125,Top-k,all,All,runs/20260903_boundary_full_grid_1024_postprocess_v2/tau_01250/survival_cif.csv,1a90951b52587823e82fe89c99a12c8512030f465a66915028285ed8a2773740,focal-GT directional trajectory,,,cumulative incidence,
final_evidence_v3_bound_output,0.0001197586868539,0.0,,o2o,3.458767147762237e-05,EV-BOUNDARY-GEOMETRY-V3,V3,300,aj_cumulative_incidence,cif_topk,29048,676,b,0.052734375,Top-k,all,All,runs/20260903_boundary_full_grid_1024_postprocess_v2/tau_01250/survival_cif.csv,1a90951b52587823e82fe89c99a12c8512030f465a66915028285ed8a2773740,focal-GT directional trajectory,,,cumulative incidence,
final_evidence_v3_bound_output,0.0001197586868539,0.0,,o2o,3.458767147762237e-05,EV-BOUNDARY-GEOMETRY-V3,V3,300,aj_cumulative_incidence,cif_topk,29048,676,b,0.0537109375,Top-k,all,All,runs/20260903_boundary_full_grid_1024_postprocess_v2/tau_01250/survival_cif.csv,1a90951b52587823e82fe89c99a12c8512030f465a66915028285ed8a2773740,focal-GT directional trajectory,,,cumulative incidence,
final_evidence_v3_bound_output,0.0001197586868539,0.0,,o2o,3.458767147762237e-05,EV-BOUNDARY-GEOMETRY-V3,V3,300,aj_cumulative_incidence,cif_topk,29048,676,b,0.0546875,Top-k,all,All,runs/20260903_boundary_full_grid_1024_postprocess_v2/tau_01250/survival_cif.csv,1a90951b52587823e82fe89c99a12c8512030f465a66915028285ed8a2773740,focal-GT directional trajectory,,,cumulative incidence,
final_evidence_v3_bound_output,0.0001197586868539,0.0,,o2o,3.458767147762237e-05,EV-BOUNDARY-GEOMETRY-V3,V3,300,aj_cumulative_incidence,cif_topk,29048,676,b,0.0556640625,Top-k,all,All,runs/20260903_boundary_full_grid_1024_postprocess_v2/tau_01250/survival_cif.csv,1a90951b52587823e82fe89c99a12c8512030f465a66915028285ed8a2773740,focal-GT directional trajectory,,,cumulative incidence,
final_evidence_v3_bound_output,0.0001197586868539,0.0,,o2o,3.458767147762237e-05,EV-BOUNDARY-GEOMETRY-V3,V3,300,aj_cumulative_incidence,cif_topk,29048,676,b,0.056640625,Top-k,all,All,runs/20260903_boundary_full_grid_1024_postprocess_v2/tau_01250/survival_cif.csv,1a90951b52587823e82fe89c99a12c8512030f465a66915028285ed8a2773740,focal-GT directional trajectory,,,cumulative incidence,
final_evidence_v3_bound_output,0.0001197586868539,0.0,,o2o,3.458767147762237e-05,EV-BOUNDARY-GEOMETRY-V3,V3,300,aj_cumulative_incidence,cif_topk,29048,676,b,0.0576171875,Top-k,all,All,runs/20260903_boundary_full_grid_1024_postprocess_v2/tau_01250/survival_cif.csv,1a90951b52587823e82fe89c99a12c8512030f465a66915028285ed8a2773740,focal-GT directional trajectory,,,cumulative incidence,
final_evidence_v3_bound_output,0.0001197586868539,0.0,,o2o,3.458767147762237e-05,EV-BOUNDARY-GEOMETRY-V3,V3,300,aj_cumulative_incidence,cif_topk,29048,676,b,0.05859375,Top-k,all,All,runs/20260903_boundary_full_grid_1024_postprocess_v2/tau_01250/survival_cif.csv,1a90951b52587823e82fe89c99a12c8512030f465a66915028285ed8a2773740,focal-GT directional trajectory,,,cumulative incidence,
final_evidence_v3_bound_output,0.0001197586868539,0.0,,o2o,3.458767147762237e-05,EV-BOUNDARY-GEOMETRY-V3,V3,300,aj_cumulative_incidence,cif_topk,29048,676,b,0.0595703125,Top-k,all,All,runs/20260903_boundary_full_grid_1024_postprocess_v2/tau_01250/survival_cif.csv,1a90951b52587823e82fe89c99a12c8512030f465a66915028285ed8a2773740,focal-GT directional trajectory,,,cumulative incidence,
final_evidence_v3_bound_output,0.0001197586868539,0.0,,o2o,3.458767147762237e-05,EV-BOUNDARY-GEOMETRY-V3,V3,300,aj_cumulative_incidence,cif_topk,29048,676,b,0.060546875,Top-k,all,All,runs/20260903_boundary_full_grid_1024_postprocess_v2/tau_01250/survival_cif.csv,1a90951b52587823e82fe89c99a12c8512030f465a66915028285ed8a2773740,focal-GT directional trajectory,,,cumulative incidence,
final_evidence_v3_bound_output,0.0001197586868539,0.0,,o2o,3.458767147762237e-05,EV-BOUNDARY-GEOMETRY-V3,V3,300,aj_cumulative_incidence,cif_topk,29048,676,b,0.0615234375,Top-k,all,All,runs/20260903_boundary_full_grid_1024_postprocess_v2/tau_01250/survival_cif.csv,1a90951b52587823e82fe89c99a12c8512030f465a66915028285ed8a2773740,focal-GT directional trajectory,,,cumulative incidence,
final_evidence_v3_bound_output,0.0001197586868539,0.0,,o2o,3.458767147762237e-05,EV-BOUNDARY-GEOMETRY-V3,V3,300,aj_cumulative_incidence,cif_topk,29048,676,b,0.0625,Top-k,all,All,runs/20260903_boundary_full_grid_1024_postprocess_v2/tau_01250/survival_cif.csv,1a90951b52587823e82fe89c99a12c8512030f465a66915028285ed8a2773740,focal-GT directional trajectory,,,cumulative incidence,
final_evidence_v3_bound_output,0.0001197586868539,0.0,,o2o,3.458767147762237e-05,EV-BOUNDARY-GEOMETRY-V3,V3,300,aj_cumulative_incidence,cif_topk,29048,676,b,0.0634765625,Top-k,all,All,runs/20260903_boundary_full_grid_1024_postprocess_v2/tau_01250/survival_cif.csv,1a90951b52587823e82fe89c99a12c8512030f465a66915028285ed8a2773740,focal-GT directional trajectory,,,cumulative incidence,
final_evidence_v3_bound_output,0.0001197586868539,0.0,,o2o,3.458767147762237e-05,EV-BOUNDARY-GEOMETRY-V3,V3,300,aj_cumulative_incidence,cif_topk,29048,676,b,0.064453125,Top-k,all,All,runs/20260903_boundary_full_grid_1024_postprocess_v2/tau_01250/survival_cif.csv,1a90951b52587823e82fe89c99a12c8512030f465a66915028285ed8a2773740,focal-GT directional trajectory,,,cumulative incidence,
final_evidence_v3_bound_output,0.0001197586868539,0.0,,o2o,3.458767147762237e-05,EV-BOUNDARY-GEOMETRY-V3,V3,300,aj_cumulative_incidence,cif_topk,29048,676,b,0.0654296875,Top-k,all,All,runs/20260903_boundary_full_grid_1024_postprocess_v2/tau_01250/survival_cif.csv,1a90951b52587823e82fe89c99a12c8512030f465a66915028285ed8a2773740,focal-GT directional trajectory,,,cumulative incidence,
final_evidence_v3_bound_output,0.0001197586868539,0.0,,o2o,3.458767147762237e-05,EV-BOUNDARY-GEOMETRY-V3,V3,300,aj_cumulative_incidence,cif_topk,29048,676,b,0.06640625,Top-k,all,All,runs/20260903_boundary_full_grid_1024_postprocess_v2/tau_01250/survival_cif.csv,1a90951b52587823e82fe89c99a12c8512030f465a66915028285ed8a2773740,focal-GT directional trajectory,,,cumulative incidence,
final_evidence_v3_bound_output,0.0001197586868539,0.0,,o2o,3.458767147762237e-05,EV-BOUNDARY-GEOMETRY-V3,V3,300,aj_cumulative_incidence,cif_topk,29048,676,b,0.0673828125,Top-k,all,All,runs/20260903_boundary_full_grid_1024_postprocess_v2/tau_01250/survival_cif.csv,1a90951b52587823e82fe89c99a12c8512030f465a66915028285ed8a2773740,focal-GT directional trajectory,,,cumulative incidence,
final_evidence_v3_bound_output,0.0001197586868539,0.0,,o2o,3.458767147762237e-05,EV-BOUNDARY-GEOMETRY-V3,V3,300,aj_cumulative_incidence,cif_topk,29048,676,b,0.068359375,Top-k,all,All,runs/20260903_boundary_full_grid_1024_postprocess_v2/tau_01250/survival_cif.csv,1a90951b52587823e82fe89c99a12c8512030f465a66915028285ed8a2773740,focal-GT directional trajectory,,,cumulative incidence,
final_evidence_v3_bound_output,0.0001197586868539,0.0,,o2o,3.458767147762237e-05,EV-BOUNDARY-GEOMETRY-V3,V3,300,aj_cumulative_incidence,cif_topk,29048,676,b,0.0693359375,Top-k,all,All,runs/20260903_boundary_full_grid_1024_postprocess_v2/tau_01250/survival_cif.csv,1a90951b52587823e82fe89c99a12c8512030f465a66915028285ed8a2773740,focal-GT directional trajectory,,,cumulative incidence,
final_evidence_v3_bound_output,0.0001197586868539,0.0,,o2o,3.458767147762237e-05,EV-BOUNDARY-GEOMETRY-V3,V3,300,aj_cumulative_incidence,cif_topk,29048,676,b,0.0703125,Top-k,all,All,runs/20260903_boundary_full_grid_1024_postprocess_v2/tau_01250/survival_cif.csv,1a90951b52587823e82fe89c99a12c8512030f465a66915028285ed8a2773740,focal-GT directional trajectory,,,cumulative incidence,
final_evidence_v3_bound_output,0.0001197586868539,0.0,,o2o,3.458767147762237e-05,EV-BOUNDARY-GEOMETRY-V3,V3,300,aj_cumulative_incidence,cif_topk,29048,676,b,0.0712890625,Top-k,all,All,runs/20260903_boundary_full_grid_1024_postprocess_v2/tau_01250/survival_cif.csv,1a90951b52587823e82fe89c99a12c8512030f465a66915028285ed8a2773740,focal-GT directional trajectory,,,cumulative incidence,
final_evidence_v3_bound_output,0.0001197586868539,0.0,,o2o,3.458767147762237e-05,EV-BOUNDARY-GEOMETRY-V3,V3,300,aj_cumulative_incidence,cif_topk,29048,676,b,0.072265625,Top-k,all,All,runs/20260903_boundary_full_grid_1024_postprocess_v2/tau_01250/survival_cif.csv,1a90951b52587823e82fe89c99a12c8512030f465a66915028285ed8a2773740,focal-GT directional trajectory,,,cumulative incidence,
final_evidence_v3_bound_output,0.0001197586868539,0.0,,o2o,3.458767147762237e-05,EV-BOUNDARY-GEOMETRY-V3,V3,300,aj_cumulative_incidence,cif_topk,29048,676,b,0.0732421875,Top-k,all,All,runs/20260903_boundary_full_grid_1024_postprocess_v2/tau_01250/survival_cif.csv,1a90951b52587823e82fe89c99a12c8512030f465a66915028285ed8a2773740,focal-GT directional trajectory,,,cumulative incidence,
final_evidence_v3_bound_output,0.0001197586868539,0.0,,o2o,3.458767147762237e-05,EV-BOUNDARY-GEOMETRY-V3,V3,300,aj_cumulative_incidence,cif_topk,29048,676,b,0.07421875,Top-k,all,All,runs/20260903_boundary_full_grid_1024_postprocess_v2/tau_01250/survival_cif.csv,1a90951b52587823e82fe89c99a12c8512030f465a66915028285ed8a2773740,focal-GT directional trajectory,,,cumulative incidence,
final_evidence_v3_bound_output,0.0001197586868539,0.0,,o2o,3.458767147762237e-05,EV-BOUNDARY-GEOMETRY-V3,V3,300,aj_cumulative_incidence,cif_topk,29048,676,b,0.0751953125,Top-k,all,All,runs/20260903_boundary_full_grid_1024_postprocess_v2/tau_01250/survival_cif.csv,1a90951b52587823e82fe89c99a12c8512030f465a66915028285ed8a2773740,focal-GT directional trajectory,,,cumulative incidence,
final_evidence_v3_bound_output,0.0001197586868539,0.0,,o2o,3.458767147762237e-05,EV-BOUNDARY-GEOMETRY-V3,V3,300,aj_cumulative_incidence,cif_topk,29048,676,b,0.076171875,Top-k,all,All,runs/20260903_boundary_full_grid_1024_postprocess_v2/tau_01250/survival_cif.csv,1a90951b52587823e82fe89c99a12c8512030f465a66915028285ed8a2773740,focal-GT directional trajectory,,,cumulative incidence,
final_evidence_v3_bound_output,0.0001197586868539,0.0,,o2o,3.458767147762237e-05,EV-BOUNDARY-GEOMETRY-V3,V3,300,aj_cumulative_incidence,cif_topk,29048,676,b,0.0771484375,Top-k,all,All,runs/20260903_boundary_full_grid_1024_postprocess_v2/tau_01250/survival_cif.csv,1a90951b52587823e82fe89c99a12c8512030f465a66915028285ed8a2773740,focal-GT directional trajectory,,,cumulative incidence,
final_evidence_v3_bound_output,0.0001197586868539,0.0,,o2o,3.458767147762237e-05,EV-BOUNDARY-GEOMETRY-V3,V3,300,aj_cumulative_incidence,cif_topk,29048,676,b,0.078125,Top-k,all,All,runs/20260903_boundary_full_grid_1024_postprocess_v2/tau_01250/survival_cif.csv,1a90951b52587823e82fe89c99a12c8512030f465a66915028285ed8a2773740,focal-GT directional trajectory,,,cumulative incidence,
final_evidence_v3_bound_output,0.0001197586868539,0.0,,o2o,3.458767147762237e-05,EV-BOUNDARY-GEOMETRY-V3,V3,300,aj_cumulative_incidence,cif_topk,29048,676,b,0.0791015625,Top-k,all,All,runs/20260903_boundary_full_grid_1024_postprocess_v2/tau_01250/survival_cif.csv,1a90951b52587823e82fe89c99a12c8512030f465a66915028285ed8a2773740,focal-GT directional trajectory,,,cumulative incidence,
final_evidence_v3_bound_output,0.0001827073347176,0.0,,o2o,6.921136139562668e-05,EV-BOUNDARY-GEOMETRY-V3,V3,300,aj_cumulative_incidence,cif_topk,29048,676,b,0.080078125,Top-k,all,All,runs/20260903_boundary_full_grid_1024_postprocess_v2/tau_01250/survival_cif.csv,1a90951b52587823e82fe89c99a12c8512030f465a66915028285ed8a2773740,focal-GT directional trajectory,,,cumulative incidence,
final_evidence_v3_bound_output,0.0001827073347176,0.0,,o2o,6.921136139562668e-05,EV-BOUNDARY-GEOMETRY-V3,V3,300,aj_cumulative_incidence,cif_topk,29048,676,b,0.0810546875,Top-k,all,All,runs/20260903_boundary_full_grid_1024_postprocess_v2/tau_01250/survival_cif.csv,1a90951b52587823e82fe89c99a12c8512030f465a66915028285ed8a2773740,focal-GT directional trajectory,,,cumulative incidence,
final_evidence_v3_bound_output,0.0001827073347176,0.0,,o2o,6.921136139562668e-05,EV-BOUNDARY-GEOMETRY-V3,V3,300,aj_cumulative_incidence,cif_topk,29048,676,b,0.08203125,Top-k,all,All,runs/20260903_boundary_full_grid_1024_postprocess_v2/tau_01250/survival_cif.csv,1a90951b52587823e82fe89c99a12c8512030f465a66915028285ed8a2773740,focal-GT directional trajectory,,,cumulative incidence,
final_evidence_v3_bound_output,0.0001827073347176,0.0,,o2o,6.921136139562668e-05,EV-BOUNDARY-GEOMETRY-V3,V3,300,aj_cumulative_incidence,cif_topk,29048,676,b,0.0830078125,Top-k,all,All,runs/20260903_boundary_full_grid_1024_postprocess_v2/tau_01250/survival_cif.csv,1a90951b52587823e82fe89c99a12c8512030f465a66915028285ed8a2773740,focal-GT directional trajectory,,,cumulative incidence,
final_evidence_v3_bound_output,0.0001827073347176,0.0,,o2o,6.921136139562668e-05,EV-BOUNDARY-GEOMETRY-V3,V3,300,aj_cumulative_incidence,cif_topk,29048,676,b,0.083984375,Top-k,all,All,runs/20260903_boundary_full_grid_1024_postprocess_v2/tau_01250/survival_cif.csv,1a90951b52587823e82fe89c99a12c8512030f465a66915028285ed8a2773740,focal-GT directional trajectory,,,cumulative incidence,
final_evidence_v3_bound_output,0.0001827073347176,0.0,,o2o,6.921136139562668e-05,EV-BOUNDARY-GEOMETRY-V3,V3,300,aj_cumulative_incidence,cif_topk,29048,676,b,0.0849609375,Top-k,all,All,runs/20260903_boundary_full_grid_1024_postprocess_v2/tau_01250/survival_cif.csv,1a90951b52587823e82fe89c99a12c8512030f465a66915028285ed8a2773740,focal-GT directional trajectory,,,cumulative incidence,
final_evidence_v3_bound_output,0.0001827073347176,0.0,,o2o,6.921136139562668e-05,EV-BOUNDARY-GEOMETRY-V3,V3,300,aj_cumulative_incidence,cif_topk,29048,676,b,0.0859375,Top-k,all,All,runs/20260903_boundary_full_grid_1024_postprocess_v2/tau_01250/survival_cif.csv,1a90951b52587823e82fe89c99a12c8512030f465a66915028285ed8a2773740,focal-GT directional trajectory,,,cumulative incidence,
final_evidence_v3_bound_output,0.0001827073347176,0.0,,o2o,6.921136139562668e-05,EV-BOUNDARY-GEOMETRY-V3,V3,300,aj_cumulative_incidence,cif_topk,29048,676,b,0.0869140625,Top-k,all,All,runs/20260903_boundary_full_grid_1024_postprocess_v2/tau_01250/survival_cif.csv,1a90951b52587823e82fe89c99a12c8512030f465a66915028285ed8a2773740,focal-GT directional trajectory,,,cumulative incidence,
final_evidence_v3_bound_output,0.0001827073347176,0.0,,o2o,6.921136139562668e-05,EV-BOUNDARY-GEOMETRY-V3,V3,300,aj_cumulative_incidence,cif_topk,29048,676,b,0.087890625,Top-k,all,All,runs/20260903_boundary_full_grid_1024_postprocess_v2/tau_01250/survival_cif.csv,1a90951b52587823e82fe89c99a12c8512030f465a66915028285ed8a2773740,focal-GT directional trajectory,,,cumulative incidence,
final_evidence_v3_bound_output,0.0001827073347176,0.0,,o2o,6.921136139562668e-05,EV-BOUNDARY-GEOMETRY-V3,V3,300,aj_cumulative_incidence,cif_topk,29048,676,b,0.0888671875,Top-k,all,All,runs/20260903_boundary_full_grid_1024_postprocess_v2/tau_01250/survival_cif.csv,1a90951b52587823e82fe89c99a12c8512030f465a66915028285ed8a2773740,focal-GT directional trajectory,,,cumulative incidence,
final_evidence_v3_bound_output,0.0001827073347176,0.0,,o2o,6.921136139562668e-05,EV-BOUNDARY-GEOMETRY-V3,V3,300,aj_cumulative_incidence,cif_topk,29048,676,b,0.08984375,Top-k,all,All,runs/20260903_boundary_full_grid_1024_postprocess_v2/tau_01250/survival_cif.csv,1a90951b52587823e82fe89c99a12c8512030f465a66915028285ed8a2773740,focal-GT directional trajectory,,,cumulative incidence,
final_evidence_v3_bound_output,0.0001827073347176,0.0,,o2o,6.921136139562668e-05,EV-BOUNDARY-GEOMETRY-V3,V3,300,aj_cumulative_incidence,cif_topk,29048,676,b,0.0908203125,Top-k,all,All,runs/20260903_boundary_full_grid_1024_postprocess_v2/tau_01250/survival_cif.csv,1a90951b52587823e82fe89c99a12c8512030f465a66915028285ed8a2773740,focal-GT directional trajectory,,,cumulative incidence,
final_evidence_v3_bound_output,0.0001827073347176,0.0,,o2o,6.921136139562668e-05,EV-BOUNDARY-GEOMETRY-V3,V3,300,aj_cumulative_incidence,cif_topk,29048,676,b,0.091796875,Top-k,all,All,runs/20260903_boundary_full_grid_1024_postprocess_v2/tau_01250/survival_cif.csv,1a90951b52587823e82fe89c99a12c8512030f465a66915028285ed8a2773740,focal-GT directional trajectory,,,cumulative incidence,
final_evidence_v3_bound_output,0.0002243485283679,0.0,,o2o,0.0001038603774796,EV-BOUNDARY-GEOMETRY-V3,V3,300,aj_cumulative_incidence,cif_topk,29048,676,b,0.0927734375,Top-k,all,All,runs/20260903_boundary_full_grid_1024_postprocess_v2/tau_01250/survival_cif.csv,1a90951b52587823e82fe89c99a12c8512030f465a66915028285ed8a2773740,focal-GT directional trajectory,,,cumulative incidence,
final_evidence_v3_bound_output,0.0002243485283679,0.0,,o2o,0.0001038603774796,EV-BOUNDARY-GEOMETRY-V3,V3,300,aj_cumulative_incidence,cif_topk,29048,676,b,0.09375,Top-k,all,All,runs/20260903_boundary_full_grid_1024_postprocess_v2/tau_01250/survival_cif.csv,1a90951b52587823e82fe89c99a12c8512030f465a66915028285ed8a2773740,focal-GT directional trajectory,,,cumulative incidence,
final_evidence_v3_bound_output,0.0002243485283679,0.0,,o2o,0.0001038603774796,EV-BOUNDARY-GEOMETRY-V3,V3,300,aj_cumulative_incidence,cif_topk,29048,676,b,0.0947265625,Top-k,all,All,runs/20260903_boundary_full_grid_1024_postprocess_v2/tau_01250/survival_cif.csv,1a90951b52587823e82fe89c99a12c8512030f465a66915028285ed8a2773740,focal-GT directional trajectory,,,cumulative incidence,
final_evidence_v3_bound_output,0.0002243485283679,0.0,,o2o,0.0001038603774796,EV-BOUNDARY-GEOMETRY-V3,V3,300,aj_cumulative_incidence,cif_topk,29048,676,b,0.095703125,Top-k,all,All,runs/20260903_boundary_full_grid_1024_postprocess_v2/tau_01250/survival_cif.csv,1a90951b52587823e82fe89c99a12c8512030f465a66915028285ed8a2773740,focal-GT directional trajectory,,,cumulative incidence,
final_evidence_v3_bound_output,0.0002243485283679,0.0,,o2o,0.0001038603774796,EV-BOUNDARY-GEOMETRY-V3,V3,300,aj_cumulative_incidence,cif_topk,29048,676,b,0.0966796875,Top-k,all,All,runs/20260903_boundary_full_grid_1024_postprocess_v2/tau_01250/survival_cif.csv,1a90951b52587823e82fe89c99a12c8512030f465a66915028285ed8a2773740,focal-GT directional trajectory,,,cumulative incidence,
final_evidence_v3_bound_output,0.0002243485283679,0.0,,o2o,0.0001038603774796,EV-BOUNDARY-GEOMETRY-V3,V3,300,aj_cumulative_incidence,cif_topk,29048,676,b,0.09765625,Top-k,all,All,runs/20260903_boundary_full_grid_1024_postprocess_v2/tau_01250/survival_cif.csv,1a90951b52587823e82fe89c99a12c8512030f465a66915028285ed8a2773740,focal-GT directional trajectory,,,cumulative incidence,
final_evidence_v3_bound_output,0.0002243485283679,0.0,,o2o,0.0001038603774796,EV-BOUNDARY-GEOMETRY-V3,V3,300,aj_cumulative_incidence,cif_topk,29048,676,b,0.0986328125,Top-k,all,All,runs/20260903_boundary_full_grid_1024_postprocess_v2/tau_01250/survival_cif.csv,1a90951b52587823e82fe89c99a12c8512030f465a66915028285ed8a2773740,focal-GT directional trajectory,,,cumulative incidence,
final_evidence_v3_bound_output,0.0002243485283679,0.0,,o2o,0.0001038603774796,EV-BOUNDARY-GEOMETRY-V3,V3,300,aj_cumulative_incidence,cif_topk,29048,676,b,0.099609375,Top-k,all,All,runs/20260903_boundary_full_grid_1024_postprocess_v2/tau_01250/survival_cif.csv,1a90951b52587823e82fe89c99a12c8512030f465a66915028285ed8a2773740,focal-GT directional trajectory,,,cumulative incidence,
final_evidence_v3_bound_output,0.0002243485283679,0.0,,o2o,0.0001038603774796,EV-BOUNDARY-GEOMETRY-V3,V3,300,aj_cumulative_incidence,cif_topk,29048,676,b,0.1005859375,Top-k,all,All,runs/20260903_boundary_full_grid_1024_postprocess_v2/tau_01250/survival_cif.csv,1a90951b52587823e82fe89c99a12c8512030f465a66915028285ed8a2773740,focal-GT directional trajectory,,,cumulative incidence,
final_evidence_v3_bound_output,0.0002243485283679,0.0,,o2o,0.0001038603774796,EV-BOUNDARY-GEOMETRY-V3,V3,300,aj_cumulative_incidence,cif_topk,29048,676,b,0.1015625,Top-k,all,All,runs/20260903_boundary_full_grid_1024_postprocess_v2/tau_01250/survival_cif.csv,1a90951b52587823e82fe89c99a12c8512030f465a66915028285ed8a2773740,focal-GT directional trajectory,,,cumulative incidence,
final_evidence_v3_bound_output,0.0002243485283679,0.0,,o2o,0.0001038603774796,EV-BOUNDARY-GEOMETRY-V3,V3,300,aj_cumulative_incidence,cif_topk,29048,676,b,0.1020620726159657,Top-k,all,All,runs/20260903_boundary_full_grid_1024_postprocess_v2/tau_01250/survival_cif.csv,1a90951b52587823e82fe89c99a12c8512030f465a66915028285ed8a2773740,focal-GT directional trajectory,,,cumulative incidence,
final_evidence_v3_bound_output,0.0002243485283679,0.0,,o2o,0.0001038603774796,EV-BOUNDARY-GEOMETRY-V3,V3,300,aj_cumulative_incidence,cif_topk,29048,676,b,0.1025390625,Top-k,all,All,runs/20260903_boundary_full_grid_1024_postprocess_v2/tau_01250/survival_cif.csv,1a90951b52587823e82fe89c99a12c8512030f465a66915028285ed8a2773740,focal-GT directional trajectory,,,cumulative incidence,
final_evidence_v3_bound_output,0.0002243485283679,0.0,,o2o,0.0001038603774796,EV-BOUNDARY-GEOMETRY-V3,V3,300,aj_cumulative_incidence,cif_topk,29048,676,b,0.103515625,Top-k,all,All,runs/20260903_boundary_full_grid_1024_postprocess_v2/tau_01250/survival_cif.csv,1a90951b52587823e82fe89c99a12c8512030f465a66915028285ed8a2773740,focal-GT directional trajectory,,,cumulative incidence,
final_evidence_v3_bound_output,0.0002243485283679,0.0,,o2o,0.0001038603774796,EV-BOUNDARY-GEOMETRY-V3,V3,300,aj_cumulative_incidence,cif_topk,29048,676,b,0.1044921875,Top-k,all,All,runs/20260903_boundary_full_grid_1024_postprocess_v2/tau_01250/survival_cif.csv,1a90951b52587823e82fe89c99a12c8512030f465a66915028285ed8a2773740,focal-GT directional trajectory,,,cumulative incidence,
final_evidence_v3_bound_output,0.0002243485283679,0.0,,o2o,0.0001038603774796,EV-BOUNDARY-GEOMETRY-V3,V3,300,aj_cumulative_incidence,cif_topk,29048,676,b,0.10546875,Top-k,all,All,runs/20260903_boundary_full_grid_1024_postprocess_v2/tau_01250/survival_cif.csv,1a90951b52587823e82fe89c99a12c8512030f465a66915028285ed8a2773740,focal-GT directional trajectory,,,cumulative incidence,
final_evidence_v3_bound_output,0.0002243485283679,0.0,,o2o,0.0001038603774796,EV-BOUNDARY-GEOMETRY-V3,V3,300,aj_cumulative_incidence,cif_topk,29048,676,b,0.1064453125,Top-k,all,All,runs/20260903_boundary_full_grid_1024_postprocess_v2/tau_01250/survival_cif.csv,1a90951b52587823e82fe89c99a12c8512030f465a66915028285ed8a2773740,focal-GT directional trajectory,,,cumulative incidence,
final_evidence_v3_bound_output,0.0002243485283679,0.0,,o2o,0.0001038603774796,EV-BOUNDARY-GEOMETRY-V3,V3,300,aj_cumulative_incidence,cif_topk,29048,676,b,0.107421875,Top-k,all,All,runs/20260903_boundary_full_grid_1024_postprocess_v2/tau_01250/survival_cif.csv,1a90951b52587823e82fe89c99a12c8512030f465a66915028285ed8a2773740,focal-GT directional trajectory,,,cumulative incidence,
final_evidence_v3_bound_output,0.0002243485283679,0.0,,o2o,0.0001038603774796,EV-BOUNDARY-GEOMETRY-V3,V3,300,aj_cumulative_incidence,cif_topk,29048,676,b,0.1083984375,Top-k,all,All,runs/20260903_boundary_full_grid_1024_postprocess_v2/tau_01250/survival_cif.csv,1a90951b52587823e82fe89c99a12c8512030f465a66915028285ed8a2773740,focal-GT directional trajectory,,,cumulative incidence,
final_evidence_v3_bound_output,0.0002243485283679,0.0,,o2o,0.0001038603774796,EV-BOUNDARY-GEOMETRY-V3,V3,300,aj_cumulative_incidence,cif_topk,29048,676,b,0.109375,Top-k,all,All,runs/20260903_boundary_full_grid_1024_postprocess_v2/tau_01250/survival_cif.csv,1a90951b52587823e82fe89c99a12c8512030f465a66915028285ed8a2773740,focal-GT directional trajectory,,,cumulative incidence,
final_evidence_v3_bound_output,0.000268751944355,3.263060961889392e-05,,o2o,0.0001385389946147,EV-BOUNDARY-GEOMETRY-V3,V3,300,aj_cumulative_incidence,cif_topk,29048,676,b,0.1103515625,Top-k,all,All,runs/20260903_boundary_full_grid_1024_postprocess_v2/tau_01250/survival_cif.csv,1a90951b52587823e82fe89c99a12c8512030f465a66915028285ed8a2773740,focal-GT directional trajectory,,,cumulative incidence,
final_evidence_v3_bound_output,0.000268751944355,3.263060961889392e-05,,o2o,0.0001385389946147,EV-BOUNDARY-GEOMETRY-V3,V3,300,aj_cumulative_incidence,cif_topk,29048,676,b,0.111328125,Top-k,all,All,runs/20260903_boundary_full_grid_1024_postprocess_v2/tau_01250/survival_cif.csv,1a90951b52587823e82fe89c99a12c8512030f465a66915028285ed8a2773740,focal-GT directional trajectory,,,cumulative incidence,
final_evidence_v3_bound_output,0.000268751944355,3.263060961889392e-05,,o2o,0.0001385389946147,EV-BOUNDARY-GEOMETRY-V3,V3,300,aj_cumulative_incidence,cif_topk,29048,676,b,0.1123046875,Top-k,all,All,runs/20260903_boundary_full_grid_1024_postprocess_v2/tau_01250/survival_cif.csv,1a90951b52587823e82fe89c99a12c8512030f465a66915028285ed8a2773740,focal-GT directional trajectory,,,cumulative incidence,
final_evidence_v3_bound_output,0.000268751944355,3.263060961889392e-05,,o2o,0.0001385389946147,EV-BOUNDARY-GEOMETRY-V3,V3,300,aj_cumulative_incidence,cif_topk,29048,676,b,0.11328125,Top-k,all,All,runs/20260903_boundary_full_grid_1024_postprocess_v2/tau_01250/survival_cif.csv,1a90951b52587823e82fe89c99a12c8512030f465a66915028285ed8a2773740,focal-GT directional trajectory,,,cumulative incidence,
final_evidence_v3_bound_output,0.000268751944355,3.263060961889392e-05,,o2o,0.0001385389946147,EV-BOUNDARY-GEOMETRY-V3,V3,300,aj_cumulative_incidence,cif_topk,29048,676,b,0.1142578125,Top-k,all,All,runs/20260903_boundary_full_grid_1024_postprocess_v2/tau_01250/survival_cif.csv,1a90951b52587823e82fe89c99a12c8512030f465a66915028285ed8a2773740,focal-GT directional trajectory,,,cumulative incidence,
final_evidence_v3_bound_output,0.000268751944355,3.263060961889392e-05,,o2o,0.0001385389946147,EV-BOUNDARY-GEOMETRY-V3,V3,300,aj_cumulative_incidence,cif_topk,29048,676,b,0.115234375,Top-k,all,All,runs/20260903_boundary_full_grid_1024_postprocess_v2/tau_01250/survival_cif.csv,1a90951b52587823e82fe89c99a12c8512030f465a66915028285ed8a2773740,focal-GT directional trajectory,,,cumulative incidence,
final_evidence_v3_bound_output,0.000268751944355,3.263060961889392e-05,,o2o,0.0001385389946147,EV-BOUNDARY-GEOMETRY-V3,V3,300,aj_cumulative_incidence,cif_topk,29048,676,b,0.1162109375,Top-k,all,All,runs/20260903_boundary_full_grid_1024_postprocess_v2/tau_01250/survival_cif.csv,1a90951b52587823e82fe89c99a12c8512030f465a66915028285ed8a2773740,focal-GT directional trajectory,,,cumulative incidence,
final_evidence_v3_bound_output,0.000268751944355,3.263060961889392e-05,,o2o,0.0001385389946147,EV-BOUNDARY-GEOMETRY-V3,V3,300,aj_cumulative_incidence,cif_topk,29048,676,b,0.1171875,Top-k,all,All,runs/20260903_boundary_full_grid_1024_postprocess_v2/tau_01250/survival_cif.csv,1a90951b52587823e82fe89c99a12c8512030f465a66915028285ed8a2773740,focal-GT directional trajectory,,,cumulative incidence,
final_evidence_v3_bound_output,0.000268751944355,3.263060961889392e-05,,o2o,0.0001385389946147,EV-BOUNDARY-GEOMETRY-V3,V3,300,aj_cumulative_incidence,cif_topk,29048,676,b,0.1181640625,Top-k,all,All,runs/20260903_boundary_full_grid_1024_postprocess_v2/tau_01250/survival_cif.csv,1a90951b52587823e82fe89c99a12c8512030f465a66915028285ed8a2773740,focal-GT directional trajectory,,,cumulative incidence,
final_evidence_v3_bound_output,0.000268751944355,3.263060961889392e-05,,o2o,0.0001385389946147,EV-BOUNDARY-GEOMETRY-V3,V3,300,aj_cumulative_incidence,cif_topk,29048,676,b,0.119140625,Top-k,all,All,runs/20260903_boundary_full_grid_1024_postprocess_v2/tau_01250/survival_cif.csv,1a90951b52587823e82fe89c99a12c8512030f465a66915028285ed8a2773740,focal-GT directional trajectory,,,cumulative incidence,
final_evidence_v3_bound_output,0.000268751944355,3.263060961889392e-05,,o2o,0.0001385389946147,EV-BOUNDARY-GEOMETRY-V3,V3,300,aj_cumulative_incidence,cif_topk,29048,676,b,0.1201171875,Top-k,all,All,runs/20260903_boundary_full_grid_1024_postprocess_v2/tau_01250/survival_cif.csv,1a90951b52587823e82fe89c99a12c8512030f465a66915028285ed8a2773740,focal-GT directional trajectory,,,cumulative incidence,
final_evidence_v3_bound_output,0.0003269387741733,3.833383252844318e-05,,o2o,0.0001732411307876,EV-BOUNDARY-GEOMETRY-V3,V3,300,aj_cumulative_incidence,cif_topk,29048,676,b,0.12109375,Top-k,all,All,runs/20260903_boundary_full_grid_1024_postprocess_v2/tau_01250/survival_cif.csv,1a90951b52587823e82fe89c99a12c8512030f465a66915028285ed8a2773740,focal-GT directional trajectory,,,cumulative incidence,
final_evidence_v3_bound_output,0.0003269387741733,3.833383252844318e-05,,o2o,0.0001732411307876,EV-BOUNDARY-GEOMETRY-V3,V3,300,aj_cumulative_incidence,cif_topk,29048,676,b,0.1220703125,Top-k,all,All,runs/20260903_boundary_full_grid_1024_postprocess_v2/tau_01250/survival_cif.csv,1a90951b52587823e82fe89c99a12c8512030f465a66915028285ed8a2773740,focal-GT directional trajectory,,,cumulative incidence,
final_evidence_v3_bound_output,0.0003269387741733,3.833383252844318e-05,,o2o,0.0001732411307876,EV-BOUNDARY-GEOMETRY-V3,V3,300,aj_cumulative_incidence,cif_topk,29048,676,b,0.123046875,Top-k,all,All,runs/20260903_boundary_full_grid_1024_postprocess_v2/tau_01250/survival_cif.csv,1a90951b52587823e82fe89c99a12c8512030f465a66915028285ed8a2773740,focal-GT directional trajectory,,,cumulative incidence,
final_evidence_v3_bound_output,0.0003269387741733,3.833383252844318e-05,,o2o,0.0001732411307876,EV-BOUNDARY-GEOMETRY-V3,V3,300,aj_cumulative_incidence,cif_topk,29048,676,b,0.1240234375,Top-k,all,All,runs/20260903_boundary_full_grid_1024_postprocess_v2/tau_01250/survival_cif.csv,1a90951b52587823e82fe89c99a12c8512030f465a66915028285ed8a2773740,focal-GT directional trajectory,,,cumulative incidence,
final_evidence_v3_bound_output,0.0003269387741733,3.833383252844318e-05,,o2o,0.0001732411307876,EV-BOUNDARY-GEOMETRY-V3,V3,300,aj_cumulative_incidence,cif_topk,29048,676,b,0.125,Top-k,all,All,runs/20260903_boundary_full_grid_1024_postprocess_v2/tau_01250/survival_cif.csv,1a90951b52587823e82fe89c99a12c8512030f465a66915028285ed8a2773740,focal-GT directional trajectory,,,cumulative incidence,
final_evidence_v3_bound_output,0.0,0.0,,o2o,0.0,EV-BOUNDARY-GEOMETRY-V3,V3,300,aj_cumulative_incidence,cif_conflict,29048,676,b,0.0,Conflict,all,All,runs/20260903_boundary_full_grid_1024_postprocess_v2/tau_01250/survival_cif.csv,1a90951b52587823e82fe89c99a12c8512030f465a66915028285ed8a2773740,focal-GT directional trajectory,,,cumulative incidence,
final_evidence_v3_bound_output,0.0,0.0,,o2o,0.0,EV-BOUNDARY-GEOMETRY-V3,V3,300,aj_cumulative_incidence,cif_conflict,29048,676,b,0.0009765625,Conflict,all,All,runs/20260903_boundary_full_grid_1024_postprocess_v2/tau_01250/survival_cif.csv,1a90951b52587823e82fe89c99a12c8512030f465a66915028285ed8a2773740,focal-GT directional trajectory,,,cumulative incidence,
final_evidence_v3_bound_output,0.0,0.0,,o2o,0.0,EV-BOUNDARY-GEOMETRY-V3,V3,300,aj_cumulative_incidence,cif_conflict,29048,676,b,0.001953125,Conflict,all,All,runs/20260903_boundary_full_grid_1024_postprocess_v2/tau_01250/survival_cif.csv,1a90951b52587823e82fe89c99a12c8512030f465a66915028285ed8a2773740,focal-GT directional trajectory,,,cumulative incidence,
final_evidence_v3_bound_output,0.0,0.0,,o2o,0.0,EV-BOUNDARY-GEOMETRY-V3,V3,300,aj_cumulative_incidence,cif_conflict,29048,676,b,0.0029296875,Conflict,all,All,runs/20260903_boundary_full_grid_1024_postprocess_v2/tau_01250/survival_cif.csv,1a90951b52587823e82fe89c99a12c8512030f465a66915028285ed8a2773740,focal-GT directional trajectory,,,cumulative incidence,
final_evidence_v3_bound_output,0.0,0.0,,o2o,0.0,EV-BOUNDARY-GEOMETRY-V3,V3,300,aj_cumulative_incidence,cif_conflict,29048,676,b,0.00390625,Conflict,all,All,runs/20260903_boundary_full_grid_1024_postprocess_v2/tau_01250/survival_cif.csv,1a90951b52587823e82fe89c99a12c8512030f465a66915028285ed8a2773740,focal-GT directional trajectory,,,cumulative incidence,
final_evidence_v3_bound_output,0.0,0.0,,o2o,0.0,EV-BOUNDARY-GEOMETRY-V3,V3,300,aj_cumulative_incidence,cif_conflict,29048,676,b,0.0048828125,Conflict,all,All,runs/20260903_boundary_full_grid_1024_postprocess_v2/tau_01250/survival_cif.csv,1a90951b52587823e82fe89c99a12c8512030f465a66915028285ed8a2773740,focal-GT directional trajectory,,,cumulative incidence,
final_evidence_v3_bound_output,0.0,0.0,,o2o,0.0,EV-BOUNDARY-GEOMETRY-V3,V3,300,aj_cumulative_incidence,cif_conflict,29048,676,b,0.005859375,Conflict,all,All,runs/20260903_boundary_full_grid_1024_postprocess_v2/tau_01250/survival_cif.csv,1a90951b52587823e82fe89c99a12c8512030f465a66915028285ed8a2773740,focal-GT directional trajectory,,,cumulative incidence,
final_evidence_v3_bound_output,0.0,0.0,,o2o,0.0,EV-BOUNDARY-GEOMETRY-V3,V3,300,aj_cumulative_incidence,cif_conflict,29048,676,b,0.0068359375,Conflict,all,All,runs/20260903_boundary_full_grid_1024_postprocess_v2/tau_01250/survival_cif.csv,1a90951b52587823e82fe89c99a12c8512030f465a66915028285ed8a2773740,focal-GT directional trajectory,,,cumulative incidence,
final_evidence_v3_bound_output,0.0,0.0,,o2o,0.0,EV-BOUNDARY-GEOMETRY-V3,V3,300,aj_cumulative_incidence,cif_conflict,29048,676,b,0.0078125,Conflict,all,All,runs/20260903_boundary_full_grid_1024_postprocess_v2/tau_01250/survival_cif.csv,1a90951b52587823e82fe89c99a12c8512030f465a66915028285ed8a2773740,focal-GT directional trajectory,,,cumulative incidence,
final_evidence_v3_bound_output,0.0,0.0,,o2o,0.0,EV-BOUNDARY-GEOMETRY-V3,V3,300,aj_cumulative_incidence,cif_conflict,29048,676,b,0.0087890625,Conflict,all,All,runs/20260903_boundary_full_grid_1024_postprocess_v2/tau_01250/survival_cif.csv,1a90951b52587823e82fe89c99a12c8512030f465a66915028285ed8a2773740,focal-GT directional trajectory,,,cumulative incidence,
final_evidence_v3_bound_output,0.0,0.0,,o2o,0.0,EV-BOUNDARY-GEOMETRY-V3,V3,300,aj_cumulative_incidence,cif_conflict,29048,676,b,0.009765625,Conflict,all,All,runs/20260903_boundary_full_grid_1024_postprocess_v2/tau_01250/survival_cif.csv,1a90951b52587823e82fe89c99a12c8512030f465a66915028285ed8a2773740,focal-GT directional trajectory,,,cumulative incidence,
final_evidence_v3_bound_output,0.0001096380477671,0.0,,o2o,3.4586447992764634e-05,EV-BOUNDARY-GEOMETRY-V3,V3,300,aj_cumulative_incidence,cif_conflict,29048,676,b,0.0107421875,Conflict,all,All,runs/20260903_boundary_full_grid_1024_postprocess_v2/tau_01250/survival_cif.csv,1a90951b52587823e82fe89c99a12c8512030f465a66915028285ed8a2773740,focal-GT directional trajectory,,,cumulative incidence,
final_evidence_v3_bound_output,0.0001096380477671,0.0,,o2o,3.4586447992764634e-05,EV-BOUNDARY-GEOMETRY-V3,V3,300,aj_cumulative_incidence,cif_conflict,29048,676,b,0.01171875,Conflict,all,All,runs/20260903_boundary_full_grid_1024_postprocess_v2/tau_01250/survival_cif.csv,1a90951b52587823e82fe89c99a12c8512030f465a66915028285ed8a2773740,focal-GT directional trajectory,,,cumulative incidence,
final_evidence_v3_bound_output,0.0001096380477671,0.0,,o2o,3.4586447992764634e-05,EV-BOUNDARY-GEOMETRY-V3,V3,300,aj_cumulative_incidence,cif_conflict,29048,676,b,0.0126953125,Conflict,all,All,runs/20260903_boundary_full_grid_1024_postprocess_v2/tau_01250/survival_cif.csv,1a90951b52587823e82fe89c99a12c8512030f465a66915028285ed8a2773740,focal-GT directional trajectory,,,cumulative incidence,
final_evidence_v3_bound_output,0.0001096380477671,0.0,,o2o,3.4586447992764634e-05,EV-BOUNDARY-GEOMETRY-V3,V3,300,aj_cumulative_incidence,cif_conflict,29048,676,b,0.013671875,Conflict,all,All,runs/20260903_boundary_full_grid_1024_postprocess_v2/tau_01250/survival_cif.csv,1a90951b52587823e82fe89c99a12c8512030f465a66915028285ed8a2773740,focal-GT directional trajectory,,,cumulative incidence,
final_evidence_v3_bound_output,0.0001767545530775,0.0,,o2o,6.917289598552928e-05,EV-BOUNDARY-GEOMETRY-V3,V3,300,aj_cumulative_incidence,cif_conflict,29048,676,b,0.0146484375,Conflict,all,All,runs/20260903_boundary_full_grid_1024_postprocess_v2/tau_01250/survival_cif.csv,1a90951b52587823e82fe89c99a12c8512030f465a66915028285ed8a2773740,focal-GT directional trajectory,,,cumulative incidence,
final_evidence_v3_bound_output,0.0001767545530775,0.0,,o2o,6.917289598552928e-05,EV-BOUNDARY-GEOMETRY-V3,V3,300,aj_cumulative_incidence,cif_conflict,29048,676,b,0.015625,Conflict,all,All,runs/20260903_boundary_full_grid_1024_postprocess_v2/tau_01250/survival_cif.csv,1a90951b52587823e82fe89c99a12c8512030f465a66915028285ed8a2773740,focal-GT directional trajectory,,,cumulative incidence,
final_evidence_v3_bound_output,0.0001767545530775,0.0,,o2o,6.917289598552928e-05,EV-BOUNDARY-GEOMETRY-V3,V3,300,aj_cumulative_incidence,cif_conflict,29048,676,b,0.0166015625,Conflict,all,All,runs/20260903_boundary_full_grid_1024_postprocess_v2/tau_01250/survival_cif.csv,1a90951b52587823e82fe89c99a12c8512030f465a66915028285ed8a2773740,focal-GT directional trajectory,,,cumulative incidence,
final_evidence_v3_bound_output,0.0002256127235423,0.0,,o2o,0.0001035493548297,EV-BOUNDARY-GEOMETRY-V3,V3,300,aj_cumulative_incidence,cif_conflict,29048,676,b,0.017578125,Conflict,all,All,runs/20260903_boundary_full_grid_1024_postprocess_v2/tau_01250/survival_cif.csv,1a90951b52587823e82fe89c99a12c8512030f465a66915028285ed8a2773740,focal-GT directional trajectory,,,cumulative incidence,
final_evidence_v3_bound_output,0.0002256127235423,0.0,,o2o,0.0001035493548297,EV-BOUNDARY-GEOMETRY-V3,V3,300,aj_cumulative_incidence,cif_conflict,29048,676,b,0.0185546875,Conflict,all,All,runs/20260903_boundary_full_grid_1024_postprocess_v2/tau_01250/survival_cif.csv,1a90951b52587823e82fe89c99a12c8512030f465a66915028285ed8a2773740,focal-GT directional trajectory,,,cumulative incidence,
final_evidence_v3_bound_output,0.0002256127235423,0.0,,o2o,0.0001035493548297,EV-BOUNDARY-GEOMETRY-V3,V3,300,aj_cumulative_incidence,cif_conflict,29048,676,b,0.01953125,Conflict,all,All,runs/20260903_boundary_full_grid_1024_postprocess_v2/tau_01250/survival_cif.csv,1a90951b52587823e82fe89c99a12c8512030f465a66915028285ed8a2773740,focal-GT directional trajectory,,,cumulative incidence,
final_evidence_v3_bound_output,0.0003717757328247,3.208585127427325e-05,,o2o,0.0001727222508152,EV-BOUNDARY-GEOMETRY-V3,V3,300,aj_cumulative_incidence,cif_conflict,29048,676,b,0.0205078125,Conflict,all,All,runs/20260903_boundary_full_grid_1024_postprocess_v2/tau_01250/survival_cif.csv,1a90951b52587823e82fe89c99a12c8512030f465a66915028285ed8a2773740,focal-GT directional trajectory,,,cumulative incidence,
final_evidence_v3_bound_output,0.0004324004746145,3.318388353383907e-05,,o2o,0.000207308698808,EV-BOUNDARY-GEOMETRY-V3,V3,300,aj_cumulative_incidence,cif_conflict,29048,676,b,0.021484375,Conflict,all,All,runs/20260903_boundary_full_grid_1024_postprocess_v2/tau_01250/survival_cif.csv,1a90951b52587823e82fe89c99a12c8512030f465a66915028285ed8a2773740,focal-GT directional trajectory,,,cumulative incidence,
final_evidence_v3_bound_output,0.0004324004746145,3.318388353383907e-05,,o2o,0.000207308698808,EV-BOUNDARY-GEOMETRY-V3,V3,300,aj_cumulative_incidence,cif_conflict,29048,676,b,0.0224609375,Conflict,all,All,runs/20260903_boundary_full_grid_1024_postprocess_v2/tau_01250/survival_cif.csv,1a90951b52587823e82fe89c99a12c8512030f465a66915028285ed8a2773740,focal-GT directional trajectory,,,cumulative incidence,
final_evidence_v3_bound_output,0.0004324004746145,3.318388353383907e-05,,o2o,0.000207308698808,EV-BOUNDARY-GEOMETRY-V3,V3,300,aj_cumulative_incidence,cif_conflict,29048,676,b,0.0234375,Conflict,all,All,runs/20260903_boundary_full_grid_1024_postprocess_v2/tau_01250/survival_cif.csv,1a90951b52587823e82fe89c99a12c8512030f465a66915028285ed8a2773740,focal-GT directional trajectory,,,cumulative incidence,
final_evidence_v3_bound_output,0.0004934340793385,3.5672426926358706e-05,,o2o,0.0002416851576522,EV-BOUNDARY-GEOMETRY-V3,V3,300,aj_cumulative_incidence,cif_conflict,29048,676,b,0.0244140625,Conflict,all,All,runs/20260903_boundary_full_grid_1024_postprocess_v2/tau_01250/survival_cif.csv,1a90951b52587823e82fe89c99a12c8512030f465a66915028285ed8a2773740,focal-GT directional trajectory,,,cumulative incidence,
final_evidence_v3_bound_output,0.0005312643613135,6.42452282286713e-05,,o2o,0.000276271605645,EV-BOUNDARY-GEOMETRY-V3,V3,300,aj_cumulative_incidence,cif_conflict,29048,676,b,0.025390625,Conflict,all,All,runs/20260903_boundary_full_grid_1024_postprocess_v2/tau_01250/survival_cif.csv,1a90951b52587823e82fe89c99a12c8512030f465a66915028285ed8a2773740,focal-GT directional trajectory,,,cumulative incidence,
final_evidence_v3_bound_output,0.0005312643613135,6.42452282286713e-05,,o2o,0.000276271605645,EV-BOUNDARY-GEOMETRY-V3,V3,300,aj_cumulative_incidence,cif_conflict,29048,676,b,0.0263671875,Conflict,all,All,runs/20260903_boundary_full_grid_1024_postprocess_v2/tau_01250/survival_cif.csv,1a90951b52587823e82fe89c99a12c8512030f465a66915028285ed8a2773740,focal-GT directional trajectory,,,cumulative incidence,
final_evidence_v3_bound_output,0.0005312643613135,6.42452282286713e-05,,o2o,0.000276271605645,EV-BOUNDARY-GEOMETRY-V3,V3,300,aj_cumulative_incidence,cif_conflict,29048,676,b,0.02734375,Conflict,all,All,runs/20260903_boundary_full_grid_1024_postprocess_v2/tau_01250/survival_cif.csv,1a90951b52587823e82fe89c99a12c8512030f465a66915028285ed8a2773740,focal-GT directional trajectory,,,cumulative incidence,
final_evidence_v3_bound_output,0.0005312643613135,6.42452282286713e-05,,o2o,0.000276271605645,EV-BOUNDARY-GEOMETRY-V3,V3,300,aj_cumulative_incidence,cif_conflict,29048,676,b,0.0283203125,Conflict,all,All,runs/20260903_boundary_full_grid_1024_postprocess_v2/tau_01250/survival_cif.csv,1a90951b52587823e82fe89c99a12c8512030f465a66915028285ed8a2773740,focal-GT directional trajectory,,,cumulative incidence,
final_evidence_v3_bound_output,0.0005312643613135,6.42452282286713e-05,,o2o,0.000276271605645,EV-BOUNDARY-GEOMETRY-V3,V3,300,aj_cumulative_incidence,cif_conflict,29048,676,b,0.029296875,Conflict,all,All,runs/20260903_boundary_full_grid_1024_postprocess_v2/tau_01250/survival_cif.csv,1a90951b52587823e82fe89c99a12c8512030f465a66915028285ed8a2773740,focal-GT directional trajectory,,,cumulative incidence,
final_evidence_v3_bound_output,0.0005312643613135,6.42452282286713e-05,,o2o,0.000276271605645,EV-BOUNDARY-GEOMETRY-V3,V3,300,aj_cumulative_incidence,cif_conflict,29048,676,b,0.0302734375,Conflict,all,All,runs/20260903_boundary_full_grid_1024_postprocess_v2/tau_01250/survival_cif.csv,1a90951b52587823e82fe89c99a12c8512030f465a66915028285ed8a2773740,focal-GT directional trajectory,,,cumulative incidence,
final_evidence_v3_bound_output,0.0005815498778282,8.680919230309713e-05,,o2o,0.0003106480644892,EV-BOUNDARY-GEOMETRY-V3,V3,300,aj_cumulative_incidence,cif_conflict,29048,676,b,0.03125,Conflict,all,All,runs/20260903_boundary_full_grid_1024_postprocess_v2/tau_01250/survival_cif.csv,1a90951b52587823e82fe89c99a12c8512030f465a66915028285ed8a2773740,focal-GT directional trajectory,,,cumulative incidence,
final_evidence_v3_bound_output,0.0005815498778282,8.680919230309713e-05,,o2o,0.0003106480644892,EV-BOUNDARY-GEOMETRY-V3,V3,300,aj_cumulative_incidence,cif_conflict,29048,676,b,0.0322265625,Conflict,all,All,runs/20260903_boundary_full_grid_1024_postprocess_v2/tau_01250/survival_cif.csv,1a90951b52587823e82fe89c99a12c8512030f465a66915028285ed8a2773740,focal-GT directional trajectory,,,cumulative incidence,
final_evidence_v3_bound_output,0.0005815498778282,8.680919230309713e-05,,o2o,0.0003106480644892,EV-BOUNDARY-GEOMETRY-V3,V3,300,aj_cumulative_incidence,cif_conflict,29048,676,b,0.033203125,Conflict,all,All,runs/20260903_boundary_full_grid_1024_postprocess_v2/tau_01250/survival_cif.csv,1a90951b52587823e82fe89c99a12c8512030f465a66915028285ed8a2773740,focal-GT directional trajectory,,,cumulative incidence,
final_evidence_v3_bound_output,0.0005815498778282,8.680919230309713e-05,,o2o,0.0003106480644892,EV-BOUNDARY-GEOMETRY-V3,V3,300,aj_cumulative_incidence,cif_conflict,29048,676,b,0.0341796875,Conflict,all,All,runs/20260903_boundary_full_grid_1024_postprocess_v2/tau_01250/survival_cif.csv,1a90951b52587823e82fe89c99a12c8512030f465a66915028285ed8a2773740,focal-GT directional trajectory,,,cumulative incidence,
final_evidence_v3_bound_output,0.0005815498778282,8.680919230309713e-05,,o2o,0.0003106480644892,EV-BOUNDARY-GEOMETRY-V3,V3,300,aj_cumulative_incidence,cif_conflict,29048,676,b,0.03515625,Conflict,all,All,runs/20260903_boundary_full_grid_1024_postprocess_v2/tau_01250/survival_cif.csv,1a90951b52587823e82fe89c99a12c8512030f465a66915028285ed8a2773740,focal-GT directional trajectory,,,cumulative incidence,
final_evidence_v3_bound_output,0.0006659687450256,9.401604382561264e-05,,o2o,0.0003452357359669,EV-BOUNDARY-GEOMETRY-V3,V3,300,aj_cumulative_incidence,cif_conflict,29048,676,b,0.0361328125,Conflict,all,All,runs/20260903_boundary_full_grid_1024_postprocess_v2/tau_01250/survival_cif.csv,1a90951b52587823e82fe89c99a12c8512030f465a66915028285ed8a2773740,focal-GT directional trajectory,,,cumulative incidence,
final_evidence_v3_bound_output,0.0006659687450256,9.401604382561264e-05,,o2o,0.0003452357359669,EV-BOUNDARY-GEOMETRY-V3,V3,300,aj_cumulative_incidence,cif_conflict,29048,676,b,0.037109375,Conflict,all,All,runs/20260903_boundary_full_grid_1024_postprocess_v2/tau_01250/survival_cif.csv,1a90951b52587823e82fe89c99a12c8512030f465a66915028285ed8a2773740,focal-GT directional trajectory,,,cumulative incidence,
final_evidence_v3_bound_output,0.0007130418825088,0.0001188857130294,,o2o,0.0003798234074445,EV-BOUNDARY-GEOMETRY-V3,V3,300,aj_cumulative_incidence,cif_conflict,29048,676,b,0.0380859375,Conflict,all,All,runs/20260903_boundary_full_grid_1024_postprocess_v2/tau_01250/survival_cif.csv,1a90951b52587823e82fe89c99a12c8512030f465a66915028285ed8a2773740,focal-GT directional trajectory,,,cumulative incidence,
final_evidence_v3_bound_output,0.0007130418825088,0.0001188857130294,,o2o,0.0003798234074445,EV-BOUNDARY-GEOMETRY-V3,V3,300,aj_cumulative_incidence,cif_conflict,29048,676,b,0.0390625,Conflict,all,All,runs/20260903_boundary_full_grid_1024_postprocess_v2/tau_01250/survival_cif.csv,1a90951b52587823e82fe89c99a12c8512030f465a66915028285ed8a2773740,focal-GT directional trajectory,,,cumulative incidence,
final_evidence_v3_bound_output,0.0007130418825088,0.0001188857130294,,o2o,0.0003798234074445,EV-BOUNDARY-GEOMETRY-V3,V3,300,aj_cumulative_incidence,cif_conflict,29048,676,b,0.0400390625,Conflict,all,All,runs/20260903_boundary_full_grid_1024_postprocess_v2/tau_01250/survival_cif.csv,1a90951b52587823e82fe89c99a12c8512030f465a66915028285ed8a2773740,focal-GT directional trajectory,,,cumulative incidence,
final_evidence_v3_bound_output,0.0007130418825088,0.0001188857130294,,o2o,0.0003798234074445,EV-BOUNDARY-GEOMETRY-V3,V3,300,aj_cumulative_incidence,cif_conflict,29048,676,b,0.041015625,Conflict,all,All,runs/20260903_boundary_full_grid_1024_postprocess_v2/tau_01250/survival_cif.csv,1a90951b52587823e82fe89c99a12c8512030f465a66915028285ed8a2773740,focal-GT directional trajectory,,,cumulative incidence,
final_evidence_v3_bound_output,0.000753745561531,0.0001456556574451,,o2o,0.0004144135331727,EV-BOUNDARY-GEOMETRY-V3,V3,300,aj_cumulative_incidence,cif_conflict,29048,676,b,0.0419921875,Conflict,all,All,runs/20260903_boundary_full_grid_1024_postprocess_v2/tau_01250/survival_cif.csv,1a90951b52587823e82fe89c99a12c8512030f465a66915028285ed8a2773740,focal-GT directional trajectory,,,cumulative incidence,
final_evidence_v3_bound_output,0.000753745561531,0.0001456556574451,,o2o,0.0004144135331727,EV-BOUNDARY-GEOMETRY-V3,V3,300,aj_cumulative_incidence,cif_conflict,29048,676,b,0.04296875,Conflict,all,All,runs/20260903_boundary_full_grid_1024_postprocess_v2/tau_01250/survival_cif.csv,1a90951b52587823e82fe89c99a12c8512030f465a66915028285ed8a2773740,focal-GT directional trajectory,,,cumulative incidence,
final_evidence_v3_bound_output,0.000753745561531,0.0001456556574451,,o2o,0.0004144135331727,EV-BOUNDARY-GEOMETRY-V3,V3,300,aj_cumulative_incidence,cif_conflict,29048,676,b,0.0439453125,Conflict,all,All,runs/20260903_boundary_full_grid_1024_postprocess_v2/tau_01250/survival_cif.csv,1a90951b52587823e82fe89c99a12c8512030f465a66915028285ed8a2773740,focal-GT directional trajectory,,,cumulative incidence,
final_evidence_v3_bound_output,0.000849620315013,0.0001482595187622,,o2o,0.0004490048878987,EV-BOUNDARY-GEOMETRY-V3,V3,300,aj_cumulative_incidence,cif_conflict,29048,676,b,0.044921875,Conflict,all,All,runs/20260903_boundary_full_grid_1024_postprocess_v2/tau_01250/survival_cif.csv,1a90951b52587823e82fe89c99a12c8512030f465a66915028285ed8a2773740,focal-GT directional trajectory,,,cumulative incidence,
final_evidence_v3_bound_output,0.0009123471151118,0.0001621916913004,,o2o,0.0004835962426246,EV-BOUNDARY-GEOMETRY-V3,V3,300,aj_cumulative_incidence,cif_conflict,29048,676,b,0.0458984375,Conflict,all,All,runs/20260903_boundary_full_grid_1024_postprocess_v2/tau_01250/survival_cif.csv,1a90951b52587823e82fe89c99a12c8512030f465a66915028285ed8a2773740,focal-GT directional trajectory,,,cumulative incidence,
final_evidence_v3_bound_output,0.0009123471151118,0.0001621916913004,,o2o,0.0004835962426246,EV-BOUNDARY-GEOMETRY-V3,V3,300,aj_cumulative_incidence,cif_conflict,29048,676,b,0.046875,Conflict,all,All,runs/20260903_boundary_full_grid_1024_postprocess_v2/tau_01250/survival_cif.csv,1a90951b52587823e82fe89c99a12c8512030f465a66915028285ed8a2773740,focal-GT directional trajectory,,,cumulative incidence,
final_evidence_v3_bound_output,0.0009123471151118,0.0001621916913004,,o2o,0.0004835962426246,EV-BOUNDARY-GEOMETRY-V3,V3,300,aj_cumulative_incidence,cif_conflict,29048,676,b,0.0478515625,Conflict,all,All,runs/20260903_boundary_full_grid_1024_postprocess_v2/tau_01250/survival_cif.csv,1a90951b52587823e82fe89c99a12c8512030f465a66915028285ed8a2773740,focal-GT directional trajectory,,,cumulative incidence,
final_evidence_v3_bound_output,0.0009123471151118,0.0001621916913004,,o2o,0.0004835962426246,EV-BOUNDARY-GEOMETRY-V3,V3,300,aj_cumulative_incidence,cif_conflict,29048,676,b,0.048828125,Conflict,all,All,runs/20260903_boundary_full_grid_1024_postprocess_v2/tau_01250/survival_cif.csv,1a90951b52587823e82fe89c99a12c8512030f465a66915028285ed8a2773740,focal-GT directional trajectory,,,cumulative incidence,
final_evidence_v3_bound_output,0.000962910358564,0.0001758900389559,,o2o,0.0005181900586648,EV-BOUNDARY-GEOMETRY-V3,V3,300,aj_cumulative_incidence,cif_conflict,29048,676,b,0.0498046875,Conflict,all,All,runs/20260903_boundary_full_grid_1024_postprocess_v2/tau_01250/survival_cif.csv,1a90951b52587823e82fe89c99a12c8512030f465a66915028285ed8a2773740,focal-GT directional trajectory,,,cumulative incidence,
final_evidence_v3_bound_output,0.000962910358564,0.0001758900389559,,o2o,0.0005181900586648,EV-BOUNDARY-GEOMETRY-V3,V3,300,aj_cumulative_incidence,cif_conflict,29048,676,b,0.05078125,Conflict,all,All,runs/20260903_boundary_full_grid_1024_postprocess_v2/tau_01250/survival_cif.csv,1a90951b52587823e82fe89c99a12c8512030f465a66915028285ed8a2773740,focal-GT directional trajectory,,,cumulative incidence,
final_evidence_v3_bound_output,0.001027613227544,0.000181146802629,,o2o,0.000552783874705,EV-BOUNDARY-GEOMETRY-V3,V3,300,aj_cumulative_incidence,cif_conflict,29048,676,b,0.0517578125,Conflict,all,All,runs/20260903_boundary_full_grid_1024_postprocess_v2/tau_01250/survival_cif.csv,1a90951b52587823e82fe89c99a12c8512030f465a66915028285ed8a2773740,focal-GT directional trajectory,,,cumulative incidence,
final_evidence_v3_bound_output,0.001027613227544,0.000181146802629,,o2o,0.000552783874705,EV-BOUNDARY-GEOMETRY-V3,V3,300,aj_cumulative_incidence,cif_conflict,29048,676,b,0.052734375,Conflict,all,All,runs/20260903_boundary_full_grid_1024_postprocess_v2/tau_01250/survival_cif.csv,1a90951b52587823e82fe89c99a12c8512030f465a66915028285ed8a2773740,focal-GT directional trajectory,,,cumulative incidence,
final_evidence_v3_bound_output,0.0010678907473287,0.0002153981139759,,o2o,0.0005873776907452,EV-BOUNDARY-GEOMETRY-V3,V3,300,aj_cumulative_incidence,cif_conflict,29048,676,b,0.0537109375,Conflict,all,All,runs/20260903_boundary_full_grid_1024_postprocess_v2/tau_01250/survival_cif.csv,1a90951b52587823e82fe89c99a12c8512030f465a66915028285ed8a2773740,focal-GT directional trajectory,,,cumulative incidence,
final_evidence_v3_bound_output,0.0010678907473287,0.0002153981139759,,o2o,0.0005873776907452,EV-BOUNDARY-GEOMETRY-V3,V3,300,aj_cumulative_incidence,cif_conflict,29048,676,b,0.0546875,Conflict,all,All,runs/20260903_boundary_full_grid_1024_postprocess_v2/tau_01250/survival_cif.csv,1a90951b52587823e82fe89c99a12c8512030f465a66915028285ed8a2773740,focal-GT directional trajectory,,,cumulative incidence,
final_evidence_v3_bound_output,0.0011057678376791,0.0002450308528904,,o2o,0.0006219739773176,EV-BOUNDARY-GEOMETRY-V3,V3,300,aj_cumulative_incidence,cif_conflict,29048,676,b,0.0556640625,Conflict,all,All,runs/20260903_boundary_full_grid_1024_postprocess_v2/tau_01250/survival_cif.csv,1a90951b52587823e82fe89c99a12c8512030f465a66915028285ed8a2773740,focal-GT directional trajectory,,,cumulative incidence,
final_evidence_v3_bound_output,0.0011894390174088,0.0002876364283212,,o2o,0.0006907489099829,EV-BOUNDARY-GEOMETRY-V3,V3,300,aj_cumulative_incidence,cif_conflict,29048,676,b,0.056640625,Conflict,all,All,runs/20260903_boundary_full_grid_1024_postprocess_v2/tau_01250/survival_cif.csv,1a90951b52587823e82fe89c99a12c8512030f465a66915028285ed8a2773740,focal-GT directional trajectory,,,cumulative incidence,
final_evidence_v3_bound_output,0.0011894390174088,0.0002876364283212,,o2o,0.0006907489099829,EV-BOUNDARY-GEOMETRY-V3,V3,300,aj_cumulative_incidence,cif_conflict,29048,676,b,0.0576171875,Conflict,all,All,runs/20260903_boundary_full_grid_1024_postprocess_v2/tau_01250/survival_cif.csv,1a90951b52587823e82fe89c99a12c8512030f465a66915028285ed8a2773740,focal-GT directional trajectory,,,cumulative incidence,
final_evidence_v3_bound_output,0.0013270998572586,0.0003142671379444,,o2o,0.000759943955424,EV-BOUNDARY-GEOMETRY-V3,V3,300,aj_cumulative_incidence,cif_conflict,29048,676,b,0.05859375,Conflict,all,All,runs/20260903_boundary_full_grid_1024_postprocess_v2/tau_01250/survival_cif.csv,1a90951b52587823e82fe89c99a12c8512030f465a66915028285ed8a2773740,focal-GT directional trajectory,,,cumulative incidence,
final_evidence_v3_bound_output,0.0014181899521586,0.0003621950903924,,o2o,0.0008291390008651,EV-BOUNDARY-GEOMETRY-V3,V3,300,aj_cumulative_incidence,cif_conflict,29048,676,b,0.0595703125,Conflict,all,All,runs/20260903_boundary_full_grid_1024_postprocess_v2/tau_01250/survival_cif.csv,1a90951b52587823e82fe89c99a12c8512030f465a66915028285ed8a2773740,focal-GT directional trajectory,,,cumulative incidence,
final_evidence_v3_bound_output,0.0014181899521586,0.0003621950903924,,o2o,0.0008291390008651,EV-BOUNDARY-GEOMETRY-V3,V3,300,aj_cumulative_incidence,cif_conflict,29048,676,b,0.060546875,Conflict,all,All,runs/20260903_boundary_full_grid_1024_postprocess_v2/tau_01250/survival_cif.csv,1a90951b52587823e82fe89c99a12c8512030f465a66915028285ed8a2773740,focal-GT directional trajectory,,,cumulative incidence,
final_evidence_v3_bound_output,0.0014651860633743,0.0003808949482811,,o2o,0.0008637365235857,EV-BOUNDARY-GEOMETRY-V3,V3,300,aj_cumulative_incidence,cif_conflict,29048,676,b,0.0615234375,Conflict,all,All,runs/20260903_boundary_full_grid_1024_postprocess_v2/tau_01250/survival_cif.csv,1a90951b52587823e82fe89c99a12c8512030f465a66915028285ed8a2773740,focal-GT directional trajectory,,,cumulative incidence,
final_evidence_v3_bound_output,0.0015007397279664,0.0004025560798972,,o2o,0.0008983365249702,EV-BOUNDARY-GEOMETRY-V3,V3,300,aj_cumulative_incidence,cif_conflict,29048,676,b,0.0625,Conflict,all,All,runs/20260903_boundary_full_grid_1024_postprocess_v2/tau_01250/survival_cif.csv,1a90951b52587823e82fe89c99a12c8512030f465a66915028285ed8a2773740,focal-GT directional trajectory,,,cumulative incidence,
final_evidence_v3_bound_output,0.0015007397279664,0.0004025560798972,,o2o,0.0008983365249702,EV-BOUNDARY-GEOMETRY-V3,V3,300,aj_cumulative_incidence,cif_conflict,29048,676,b,0.0634765625,Conflict,all,All,runs/20260903_boundary_full_grid_1024_postprocess_v2/tau_01250/survival_cif.csv,1a90951b52587823e82fe89c99a12c8512030f465a66915028285ed8a2773740,focal-GT directional trajectory,,,cumulative incidence,
final_evidence_v3_bound_output,0.0015007397279664,0.0004025560798972,,o2o,0.0008983365249702,EV-BOUNDARY-GEOMETRY-V3,V3,300,aj_cumulative_incidence,cif_conflict,29048,676,b,0.064453125,Conflict,all,All,runs/20260903_boundary_full_grid_1024_postprocess_v2/tau_01250/survival_cif.csv,1a90951b52587823e82fe89c99a12c8512030f465a66915028285ed8a2773740,focal-GT directional trajectory,,,cumulative incidence,
final_evidence_v3_bound_output,0.0015007397279664,0.0004025560798972,,o2o,0.0008983365249702,EV-BOUNDARY-GEOMETRY-V3,V3,300,aj_cumulative_incidence,cif_conflict,29048,676,b,0.0654296875,Conflict,all,All,runs/20260903_boundary_full_grid_1024_postprocess_v2/tau_01250/survival_cif.csv,1a90951b52587823e82fe89c99a12c8512030f465a66915028285ed8a2773740,focal-GT directional trajectory,,,cumulative incidence,
final_evidence_v3_bound_output,0.0015007397279664,0.0004025560798972,,o2o,0.0008983365249702,EV-BOUNDARY-GEOMETRY-V3,V3,300,aj_cumulative_incidence,cif_conflict,29048,676,b,0.06640625,Conflict,all,All,runs/20260903_boundary_full_grid_1024_postprocess_v2/tau_01250/survival_cif.csv,1a90951b52587823e82fe89c99a12c8512030f465a66915028285ed8a2773740,focal-GT directional trajectory,,,cumulative incidence,
final_evidence_v3_bound_output,0.0015342477493783,0.0004305894771278,,o2o,0.0009329414904826,EV-BOUNDARY-GEOMETRY-V3,V3,300,aj_cumulative_incidence,cif_conflict,29048,676,b,0.0673828125,Conflict,all,All,runs/20260903_boundary_full_grid_1024_postprocess_v2/tau_01250/survival_cif.csv,1a90951b52587823e82fe89c99a12c8512030f465a66915028285ed8a2773740,focal-GT directional trajectory,,,cumulative incidence,
final_evidence_v3_bound_output,0.0015342477493783,0.0004305894771278,,o2o,0.0009329414904826,EV-BOUNDARY-GEOMETRY-V3,V3,300,aj_cumulative_incidence,cif_conflict,29048,676,b,0.068359375,Conflict,all,All,runs/20260903_boundary_full_grid_1024_postprocess_v2/tau_01250/survival_cif.csv,1a90951b52587823e82fe89c99a12c8512030f465a66915028285ed8a2773740,focal-GT directional trajectory,,,cumulative incidence,
final_evidence_v3_bound_output,0.0015342477493783,0.0004305894771278,,o2o,0.0009329414904826,EV-BOUNDARY-GEOMETRY-V3,V3,300,aj_cumulative_incidence,cif_conflict,29048,676,b,0.0693359375,Conflict,all,All,runs/20260903_boundary_full_grid_1024_postprocess_v2/tau_01250/survival_cif.csv,1a90951b52587823e82fe89c99a12c8512030f465a66915028285ed8a2773740,focal-GT directional trajectory,,,cumulative incidence,
final_evidence_v3_bound_output,0.0016760314221665,0.0004994998651714,,o2o,0.0010365611590771,EV-BOUNDARY-GEOMETRY-V3,V3,300,aj_cumulative_incidence,cif_conflict,29048,676,b,0.0703125,Conflict,all,All,runs/20260903_boundary_full_grid_1024_postprocess_v2/tau_01250/survival_cif.csv,1a90951b52587823e82fe89c99a12c8512030f465a66915028285ed8a2773740,focal-GT directional trajectory,,,cumulative incidence,
final_evidence_v3_bound_output,0.0016760314221665,0.0004994998651714,,o2o,0.0010365611590771,EV-BOUNDARY-GEOMETRY-V3,V3,300,aj_cumulative_incidence,cif_conflict,29048,676,b,0.0712890625,Conflict,all,All,runs/20260903_boundary_full_grid_1024_postprocess_v2/tau_01250/survival_cif.csv,1a90951b52587823e82fe89c99a12c8512030f465a66915028285ed8a2773740,focal-GT directional trajectory,,,cumulative incidence,
final_evidence_v3_bound_output,0.0016760314221665,0.0004994998651714,,o2o,0.0010365611590771,EV-BOUNDARY-GEOMETRY-V3,V3,300,aj_cumulative_incidence,cif_conflict,29048,676,b,0.072265625,Conflict,all,All,runs/20260903_boundary_full_grid_1024_postprocess_v2/tau_01250/survival_cif.csv,1a90951b52587823e82fe89c99a12c8512030f465a66915028285ed8a2773740,focal-GT directional trajectory,,,cumulative incidence,
final_evidence_v3_bound_output,0.0016760314221665,0.0004994998651714,,o2o,0.0010365611590771,EV-BOUNDARY-GEOMETRY-V3,V3,300,aj_cumulative_incidence,cif_conflict,29048,676,b,0.0732421875,Conflict,all,All,runs/20260903_boundary_full_grid_1024_postprocess_v2/tau_01250/survival_cif.csv,1a90951b52587823e82fe89c99a12c8512030f465a66915028285ed8a2773740,focal-GT directional trajectory,,,cumulative incidence,
final_evidence_v3_bound_output,0.0016760314221665,0.0004994998651714,,o2o,0.0010365611590771,EV-BOUNDARY-GEOMETRY-V3,V3,300,aj_cumulative_incidence,cif_conflict,29048,676,b,0.07421875,Conflict,all,All,runs/20260903_boundary_full_grid_1024_postprocess_v2/tau_01250/survival_cif.csv,1a90951b52587823e82fe89c99a12c8512030f465a66915028285ed8a2773740,focal-GT directional trajectory,,,cumulative incidence,
final_evidence_v3_bound_output,0.0016760314221665,0.0004994998651714,,o2o,0.0010365611590771,EV-BOUNDARY-GEOMETRY-V3,V3,300,aj_cumulative_incidence,cif_conflict,29048,676,b,0.0751953125,Conflict,all,All,runs/20260903_boundary_full_grid_1024_postprocess_v2/tau_01250/survival_cif.csv,1a90951b52587823e82fe89c99a12c8512030f465a66915028285ed8a2773740,focal-GT directional trajectory,,,cumulative incidence,
final_evidence_v3_bound_output,0.0017164802251678,0.0005336748092803,,o2o,0.0010711785866596,EV-BOUNDARY-GEOMETRY-V3,V3,300,aj_cumulative_incidence,cif_conflict,29048,676,b,0.076171875,Conflict,all,All,runs/20260903_boundary_full_grid_1024_postprocess_v2/tau_01250/survival_cif.csv,1a90951b52587823e82fe89c99a12c8512030f465a66915028285ed8a2773740,focal-GT directional trajectory,,,cumulative incidence,
final_evidence_v3_bound_output,0.0017786809778262,0.0005432571301742,,o2o,0.0011055858370033,EV-BOUNDARY-GEOMETRY-V3,V3,300,aj_cumulative_incidence,cif_conflict,29048,676,b,0.0771484375,Conflict,all,All,runs/20260903_boundary_full_grid_1024_postprocess_v2/tau_01250/survival_cif.csv,1a90951b52587823e82fe89c99a12c8512030f465a66915028285ed8a2773740,focal-GT directional trajectory,,,cumulative incidence,
final_evidence_v3_bound_output,0.0017786809778262,0.0005432571301742,,o2o,0.0011055858370033,EV-BOUNDARY-GEOMETRY-V3,V3,300,aj_cumulative_incidence,cif_conflict,29048,676,b,0.078125,Conflict,all,All,runs/20260903_boundary_full_grid_1024_postprocess_v2/tau_01250/survival_cif.csv,1a90951b52587823e82fe89c99a12c8512030f465a66915028285ed8a2773740,focal-GT directional trajectory,,,cumulative incidence,
final_evidence_v3_bound_output,0.0017786809778262,0.0005432571301742,,o2o,0.0011055858370033,EV-BOUNDARY-GEOMETRY-V3,V3,300,aj_cumulative_incidence,cif_conflict,29048,676,b,0.0791015625,Conflict,all,All,runs/20260903_boundary_full_grid_1024_postprocess_v2/tau_01250/survival_cif.csv,1a90951b52587823e82fe89c99a12c8512030f465a66915028285ed8a2773740,focal-GT directional trajectory,,,cumulative incidence,
final_evidence_v3_bound_output,0.0017786809778262,0.0005432571301742,,o2o,0.0011055858370033,EV-BOUNDARY-GEOMETRY-V3,V3,300,aj_cumulative_incidence,cif_conflict,29048,676,b,0.080078125,Conflict,all,All,runs/20260903_boundary_full_grid_1024_postprocess_v2/tau_01250/survival_cif.csv,1a90951b52587823e82fe89c99a12c8512030f465a66915028285ed8a2773740,focal-GT directional trajectory,,,cumulative incidence,
final_evidence_v3_bound_output,0.0018170932849973,0.0005623274377393,,o2o,0.0011402107852911,EV-BOUNDARY-GEOMETRY-V3,V3,300,aj_cumulative_incidence,cif_conflict,29048,676,b,0.0810546875,Conflict,all,All,runs/20260903_boundary_full_grid_1024_postprocess_v2/tau_01250/survival_cif.csv,1a90951b52587823e82fe89c99a12c8512030f465a66915028285ed8a2773740,focal-GT directional trajectory,,,cumulative incidence,
final_evidence_v3_bound_output,0.0018442282326831,0.0005991741488117,,o2o,0.001174835733579,EV-BOUNDARY-GEOMETRY-V3,V3,300,aj_cumulative_incidence,cif_conflict,29048,676,b,0.08203125,Conflict,all,All,runs/20260903_boundary_full_grid_1024_postprocess_v2/tau_01250/survival_cif.csv,1a90951b52587823e82fe89c99a12c8512030f465a66915028285ed8a2773740,focal-GT directional trajectory,,,cumulative incidence,
final_evidence_v3_bound_output,0.0018442282326831,0.0005991741488117,,o2o,0.001174835733579,EV-BOUNDARY-GEOMETRY-V3,V3,300,aj_cumulative_incidence,cif_conflict,29048,676,b,0.0830078125,Conflict,all,All,runs/20260903_boundary_full_grid_1024_postprocess_v2/tau_01250/survival_cif.csv,1a90951b52587823e82fe89c99a12c8512030f465a66915028285ed8a2773740,focal-GT directional trajectory,,,cumulative incidence,
final_evidence_v3_bound_output,0.0018442282326831,0.0005991741488117,,o2o,0.001174835733579,EV-BOUNDARY-GEOMETRY-V3,V3,300,aj_cumulative_incidence,cif_conflict,29048,676,b,0.083984375,Conflict,all,All,runs/20260903_boundary_full_grid_1024_postprocess_v2/tau_01250/survival_cif.csv,1a90951b52587823e82fe89c99a12c8512030f465a66915028285ed8a2773740,focal-GT directional trajectory,,,cumulative incidence,
final_evidence_v3_bound_output,0.0019772922235766,0.0006198622465497,,o2o,0.001243890484479,EV-BOUNDARY-GEOMETRY-V3,V3,300,aj_cumulative_incidence,cif_conflict,29048,676,b,0.0849609375,Conflict,all,All,runs/20260903_boundary_full_grid_1024_postprocess_v2/tau_01250/survival_cif.csv,1a90951b52587823e82fe89c99a12c8512030f465a66915028285ed8a2773740,focal-GT directional trajectory,,,cumulative incidence,
final_evidence_v3_bound_output,0.0019772922235766,0.0006198622465497,,o2o,0.001243890484479,EV-BOUNDARY-GEOMETRY-V3,V3,300,aj_cumulative_incidence,cif_conflict,29048,676,b,0.0859375,Conflict,all,All,runs/20260903_boundary_full_grid_1024_postprocess_v2/tau_01250/survival_cif.csv,1a90951b52587823e82fe89c99a12c8512030f465a66915028285ed8a2773740,focal-GT directional trajectory,,,cumulative incidence,
final_evidence_v3_bound_output,0.0022065986331884,0.0006398908162703,,o2o,0.0013473712598704,EV-BOUNDARY-GEOMETRY-V3,V3,300,aj_cumulative_incidence,cif_conflict,29048,676,b,0.0869140625,Conflict,all,All,runs/20260903_boundary_full_grid_1024_postprocess_v2/tau_01250/survival_cif.csv,1a90951b52587823e82fe89c99a12c8512030f465a66915028285ed8a2773740,focal-GT directional trajectory,,,cumulative incidence,
final_evidence_v3_bound_output,0.0022883908919007,0.0006407399836488,,o2o,0.0013817972798952,EV-BOUNDARY-GEOMETRY-V3,V3,300,aj_cumulative_incidence,cif_conflict,29048,676,b,0.087890625,Conflict,all,All,runs/20260903_boundary_full_grid_1024_postprocess_v2/tau_01250/survival_cif.csv,1a90951b52587823e82fe89c99a12c8512030f465a66915028285ed8a2773740,focal-GT directional trajectory,,,cumulative incidence,
final_evidence_v3_bound_output,0.0023661002288208,0.0006505100194829,,o2o,0.0014164361298291,EV-BOUNDARY-GEOMETRY-V3,V3,300,aj_cumulative_incidence,cif_conflict,29048,676,b,0.0888671875,Conflict,all,All,runs/20260903_boundary_full_grid_1024_postprocess_v2/tau_01250/survival_cif.csv,1a90951b52587823e82fe89c99a12c8512030f465a66915028285ed8a2773740,focal-GT directional trajectory,,,cumulative incidence,
final_evidence_v3_bound_output,0.0023661002288208,0.0006505100194829,,o2o,0.0014164361298291,EV-BOUNDARY-GEOMETRY-V3,V3,300,aj_cumulative_incidence,cif_conflict,29048,676,b,0.08984375,Conflict,all,All,runs/20260903_boundary_full_grid_1024_postprocess_v2/tau_01250/survival_cif.csv,1a90951b52587823e82fe89c99a12c8512030f465a66915028285ed8a2773740,focal-GT directional trajectory,,,cumulative incidence,
final_evidence_v3_bound_output,0.0024544025534144,0.0006901920812769,,o2o,0.0014857189167059,EV-BOUNDARY-GEOMETRY-V3,V3,300,aj_cumulative_incidence,cif_conflict,29048,676,b,0.0908203125,Conflict,all,All,runs/20260903_boundary_full_grid_1024_postprocess_v2/tau_01250/survival_cif.csv,1a90951b52587823e82fe89c99a12c8512030f465a66915028285ed8a2773740,focal-GT directional trajectory,,,cumulative incidence,
final_evidence_v3_bound_output,0.0024544025534144,0.0006901920812769,,o2o,0.0014857189167059,EV-BOUNDARY-GEOMETRY-V3,V3,300,aj_cumulative_incidence,cif_conflict,29048,676,b,0.091796875,Conflict,all,All,runs/20260903_boundary_full_grid_1024_postprocess_v2/tau_01250/survival_cif.csv,1a90951b52587823e82fe89c99a12c8512030f465a66915028285ed8a2773740,focal-GT directional trajectory,,,cumulative incidence,
final_evidence_v3_bound_output,0.0025307692892395,0.0006918882564952,,o2o,0.0015201575637637,EV-BOUNDARY-GEOMETRY-V3,V3,300,aj_cumulative_incidence,cif_conflict,29048,676,b,0.0927734375,Conflict,all,All,runs/20260903_boundary_full_grid_1024_postprocess_v2/tau_01250/survival_cif.csv,1a90951b52587823e82fe89c99a12c8512030f465a66915028285ed8a2773740,focal-GT directional trajectory,,,cumulative incidence,
final_evidence_v3_bound_output,0.0025307692892395,0.0006918882564952,,o2o,0.0015201575637637,EV-BOUNDARY-GEOMETRY-V3,V3,300,aj_cumulative_incidence,cif_conflict,29048,676,b,0.09375,Conflict,all,All,runs/20260903_boundary_full_grid_1024_postprocess_v2/tau_01250/survival_cif.csv,1a90951b52587823e82fe89c99a12c8512030f465a66915028285ed8a2773740,focal-GT directional trajectory,,,cumulative incidence,
final_evidence_v3_bound_output,0.0026391675103244,0.0007304719372775,,o2o,0.0015894683729246,EV-BOUNDARY-GEOMETRY-V3,V3,300,aj_cumulative_incidence,cif_conflict,29048,676,b,0.0947265625,Conflict,all,All,runs/20260903_boundary_full_grid_1024_postprocess_v2/tau_01250/survival_cif.csv,1a90951b52587823e82fe89c99a12c8512030f465a66915028285ed8a2773740,focal-GT directional trajectory,,,cumulative incidence,
final_evidence_v3_bound_output,0.0026391675103244,0.0007304719372775,,o2o,0.0015894683729246,EV-BOUNDARY-GEOMETRY-V3,V3,300,aj_cumulative_incidence,cif_conflict,29048,676,b,0.095703125,Conflict,all,All,runs/20260903_boundary_full_grid_1024_postprocess_v2/tau_01250/survival_cif.csv,1a90951b52587823e82fe89c99a12c8512030f465a66915028285ed8a2773740,focal-GT directional trajectory,,,cumulative incidence,
final_evidence_v3_bound_output,0.002718053938122,0.0007461785317758,,o2o,0.0016241301865225,EV-BOUNDARY-GEOMETRY-V3,V3,300,aj_cumulative_incidence,cif_conflict,29048,676,b,0.0966796875,Conflict,all,All,runs/20260903_boundary_full_grid_1024_postprocess_v2/tau_01250/survival_cif.csv,1a90951b52587823e82fe89c99a12c8512030f465a66915028285ed8a2773740,focal-GT directional trajectory,,,cumulative incidence,
final_evidence_v3_bound_output,0.002718053938122,0.0007461785317758,,o2o,0.0016241301865225,EV-BOUNDARY-GEOMETRY-V3,V3,300,aj_cumulative_incidence,cif_conflict,29048,676,b,0.09765625,Conflict,all,All,runs/20260903_boundary_full_grid_1024_postprocess_v2/tau_01250/survival_cif.csv,1a90951b52587823e82fe89c99a12c8512030f465a66915028285ed8a2773740,focal-GT directional trajectory,,,cumulative incidence,
final_evidence_v3_bound_output,0.0027968235636444,0.0007475205190272,,o2o,0.0016585815533949,EV-BOUNDARY-GEOMETRY-V3,V3,300,aj_cumulative_incidence,cif_conflict,29048,676,b,0.0986328125,Conflict,all,All,runs/20260903_boundary_full_grid_1024_postprocess_v2/tau_01250/survival_cif.csv,1a90951b52587823e82fe89c99a12c8512030f465a66915028285ed8a2773740,focal-GT directional trajectory,,,cumulative incidence,
final_evidence_v3_bound_output,0.0027968235636444,0.0007475205190272,,o2o,0.0016585815533949,EV-BOUNDARY-GEOMETRY-V3,V3,300,aj_cumulative_incidence,cif_conflict,29048,676,b,0.099609375,Conflict,all,All,runs/20260903_boundary_full_grid_1024_postprocess_v2/tau_01250/survival_cif.csv,1a90951b52587823e82fe89c99a12c8512030f465a66915028285ed8a2773740,focal-GT directional trajectory,,,cumulative incidence,
final_evidence_v3_bound_output,0.0028781868172734,0.0007478593941878,,o2o,0.0016930341919115,EV-BOUNDARY-GEOMETRY-V3,V3,300,aj_cumulative_incidence,cif_conflict,29048,676,b,0.1005859375,Conflict,all,All,runs/20260903_boundary_full_grid_1024_postprocess_v2/tau_01250/survival_cif.csv,1a90951b52587823e82fe89c99a12c8512030f465a66915028285ed8a2773740,focal-GT directional trajectory,,,cumulative incidence,
final_evidence_v3_bound_output,0.0028781868172734,0.0007478593941878,,o2o,0.0016930341919115,EV-BOUNDARY-GEOMETRY-V3,V3,300,aj_cumulative_incidence,cif_conflict,29048,676,b,0.1015625,Conflict,all,All,runs/20260903_boundary_full_grid_1024_postprocess_v2/tau_01250/survival_cif.csv,1a90951b52587823e82fe89c99a12c8512030f465a66915028285ed8a2773740,focal-GT directional trajectory,,,cumulative incidence,
final_evidence_v3_bound_output,0.0028781868172734,0.0007478593941878,,o2o,0.0016930341919115,EV-BOUNDARY-GEOMETRY-V3,V3,300,aj_cumulative_incidence,cif_conflict,29048,676,b,0.1020620726159657,Conflict,all,All,runs/20260903_boundary_full_grid_1024_postprocess_v2/tau_01250/survival_cif.csv,1a90951b52587823e82fe89c99a12c8512030f465a66915028285ed8a2773740,focal-GT directional trajectory,,,cumulative incidence,
final_evidence_v3_bound_output,0.0028781868172734,0.0007478593941878,,o2o,0.0016930341919115,EV-BOUNDARY-GEOMETRY-V3,V3,300,aj_cumulative_incidence,cif_conflict,29048,676,b,0.1025390625,Conflict,all,All,runs/20260903_boundary_full_grid_1024_postprocess_v2/tau_01250/survival_cif.csv,1a90951b52587823e82fe89c99a12c8512030f465a66915028285ed8a2773740,focal-GT directional trajectory,,,cumulative incidence,
final_evidence_v3_bound_output,0.002910694111638,0.0007770772285301,,o2o,0.0017277050178165,EV-BOUNDARY-GEOMETRY-V3,V3,300,aj_cumulative_incidence,cif_conflict,29048,676,b,0.103515625,Conflict,all,All,runs/20260903_boundary_full_grid_1024_postprocess_v2/tau_01250/survival_cif.csv,1a90951b52587823e82fe89c99a12c8512030f465a66915028285ed8a2773740,focal-GT directional trajectory,,,cumulative incidence,
final_evidence_v3_bound_output,0.002910694111638,0.0007770772285301,,o2o,0.0017277050178165,EV-BOUNDARY-GEOMETRY-V3,V3,300,aj_cumulative_incidence,cif_conflict,29048,676,b,0.1044921875,Conflict,all,All,runs/20260903_boundary_full_grid_1024_postprocess_v2/tau_01250/survival_cif.csv,1a90951b52587823e82fe89c99a12c8512030f465a66915028285ed8a2773740,focal-GT directional trajectory,,,cumulative incidence,
final_evidence_v3_bound_output,0.002910694111638,0.0007770772285301,,o2o,0.0017277050178165,EV-BOUNDARY-GEOMETRY-V3,V3,300,aj_cumulative_incidence,cif_conflict,29048,676,b,0.10546875,Conflict,all,All,runs/20260903_boundary_full_grid_1024_postprocess_v2/tau_01250/survival_cif.csv,1a90951b52587823e82fe89c99a12c8512030f465a66915028285ed8a2773740,focal-GT directional trajectory,,,cumulative incidence,
final_evidence_v3_bound_output,0.002910694111638,0.0007770772285301,,o2o,0.0017277050178165,EV-BOUNDARY-GEOMETRY-V3,V3,300,aj_cumulative_incidence,cif_conflict,29048,676,b,0.1064453125,Conflict,all,All,runs/20260903_boundary_full_grid_1024_postprocess_v2/tau_01250/survival_cif.csv,1a90951b52587823e82fe89c99a12c8512030f465a66915028285ed8a2773740,focal-GT directional trajectory,,,cumulative incidence,
final_evidence_v3_bound_output,0.0029481117361469,0.0008025407043254,,o2o,0.0017623771401792,EV-BOUNDARY-GEOMETRY-V3,V3,300,aj_cumulative_incidence,cif_conflict,29048,676,b,0.107421875,Conflict,all,All,runs/20260903_boundary_full_grid_1024_postprocess_v2/tau_01250/survival_cif.csv,1a90951b52587823e82fe89c99a12c8512030f465a66915028285ed8a2773740,focal-GT directional trajectory,,,cumulative incidence,
final_evidence_v3_bound_output,0.0029855541791325,0.0008384057036881,,o2o,0.0017970492625419,EV-BOUNDARY-GEOMETRY-V3,V3,300,aj_cumulative_incidence,cif_conflict,29048,676,b,0.1083984375,Conflict,all,All,runs/20260903_boundary_full_grid_1024_postprocess_v2/tau_01250/survival_cif.csv,1a90951b52587823e82fe89c99a12c8512030f465a66915028285ed8a2773740,focal-GT directional trajectory,,,cumulative incidence,
final_evidence_v3_bound_output,0.0029855541791325,0.0008384057036881,,o2o,0.0017970492625419,EV-BOUNDARY-GEOMETRY-V3,V3,300,aj_cumulative_incidence,cif_conflict,29048,676,b,0.109375,Conflict,all,All,runs/20260903_boundary_full_grid_1024_postprocess_v2/tau_01250/survival_cif.csv,1a90951b52587823e82fe89c99a12c8512030f465a66915028285ed8a2773740,focal-GT directional trajectory,,,cumulative incidence,
final_evidence_v3_bound_output,0.0030226817743618,0.0008589408987996,,o2o,0.001831727879677,EV-BOUNDARY-GEOMETRY-V3,V3,300,aj_cumulative_incidence,cif_conflict,29048,676,b,0.1103515625,Conflict,all,All,runs/20260903_boundary_full_grid_1024_postprocess_v2/tau_01250/survival_cif.csv,1a90951b52587823e82fe89c99a12c8512030f465a66915028285ed8a2773740,focal-GT directional trajectory,,,cumulative incidence,
final_evidence_v3_bound_output,0.0030667775987619,0.0008850240069021,,o2o,0.0018664090933864,EV-BOUNDARY-GEOMETRY-V3,V3,300,aj_cumulative_incidence,cif_conflict,29048,676,b,0.111328125,Conflict,all,All,runs/20260903_boundary_full_grid_1024_postprocess_v2/tau_01250/survival_cif.csv,1a90951b52587823e82fe89c99a12c8512030f465a66915028285ed8a2773740,focal-GT directional trajectory,,,cumulative incidence,
final_evidence_v3_bound_output,0.0030667775987619,0.0008850240069021,,o2o,0.0018664090933864,EV-BOUNDARY-GEOMETRY-V3,V3,300,aj_cumulative_incidence,cif_conflict,29048,676,b,0.1123046875,Conflict,all,All,runs/20260903_boundary_full_grid_1024_postprocess_v2/tau_01250/survival_cif.csv,1a90951b52587823e82fe89c99a12c8512030f465a66915028285ed8a2773740,focal-GT directional trajectory,,,cumulative incidence,
final_evidence_v3_bound_output,0.0031068387808359,0.0009208631219921,,o2o,0.0019010942092723,EV-BOUNDARY-GEOMETRY-V3,V3,300,aj_cumulative_incidence,cif_conflict,29048,676,b,0.11328125,Conflict,all,All,runs/20260903_boundary_full_grid_1024_postprocess_v2/tau_01250/survival_cif.csv,1a90951b52587823e82fe89c99a12c8512030f465a66915028285ed8a2773740,focal-GT directional trajectory,,,cumulative incidence,
final_evidence_v3_bound_output,0.0031068387808359,0.0009208631219921,,o2o,0.0019010942092723,EV-BOUNDARY-GEOMETRY-V3,V3,300,aj_cumulative_incidence,cif_conflict,29048,676,b,0.1142578125,Conflict,all,All,runs/20260903_boundary_full_grid_1024_postprocess_v2/tau_01250/survival_cif.csv,1a90951b52587823e82fe89c99a12c8512030f465a66915028285ed8a2773740,focal-GT directional trajectory,,,cumulative incidence,
final_evidence_v3_bound_output,0.0032008341817762,0.0009660931107263,,o2o,0.001970467056504,EV-BOUNDARY-GEOMETRY-V3,V3,300,aj_cumulative_incidence,cif_conflict,29048,676,b,0.115234375,Conflict,all,All,runs/20260903_boundary_full_grid_1024_postprocess_v2/tau_01250/survival_cif.csv,1a90951b52587823e82fe89c99a12c8512030f465a66915028285ed8a2773740,focal-GT directional trajectory,,,cumulative incidence,
final_evidence_v3_bound_output,0.0032411664363154,0.0010013858057646,,o2o,0.0020051534801198,EV-BOUNDARY-GEOMETRY-V3,V3,300,aj_cumulative_incidence,cif_conflict,29048,676,b,0.1162109375,Conflict,all,All,runs/20260903_boundary_full_grid_1024_postprocess_v2/tau_01250/survival_cif.csv,1a90951b52587823e82fe89c99a12c8512030f465a66915028285ed8a2773740,focal-GT directional trajectory,,,cumulative incidence,
final_evidence_v3_bound_output,0.0033060132037264,0.0010143112330037,,o2o,0.0020398399037357,EV-BOUNDARY-GEOMETRY-V3,V3,300,aj_cumulative_incidence,cif_conflict,29048,676,b,0.1171875,Conflict,all,All,runs/20260903_boundary_full_grid_1024_postprocess_v2/tau_01250/survival_cif.csv,1a90951b52587823e82fe89c99a12c8512030f465a66915028285ed8a2773740,focal-GT directional trajectory,,,cumulative incidence,
final_evidence_v3_bound_output,0.0033060132037264,0.0010143112330037,,o2o,0.0020398399037357,EV-BOUNDARY-GEOMETRY-V3,V3,300,aj_cumulative_incidence,cif_conflict,29048,676,b,0.1181640625,Conflict,all,All,runs/20260903_boundary_full_grid_1024_postprocess_v2/tau_01250/survival_cif.csv,1a90951b52587823e82fe89c99a12c8512030f465a66915028285ed8a2773740,focal-GT directional trajectory,,,cumulative incidence,
final_evidence_v3_bound_output,0.0033060132037264,0.0010143112330037,,o2o,0.0020398399037357,EV-BOUNDARY-GEOMETRY-V3,V3,300,aj_cumulative_incidence,cif_conflict,29048,676,b,0.119140625,Conflict,all,All,runs/20260903_boundary_full_grid_1024_postprocess_v2/tau_01250/survival_cif.csv,1a90951b52587823e82fe89c99a12c8512030f465a66915028285ed8a2773740,focal-GT directional trajectory,,,cumulative incidence,
final_evidence_v3_bound_output,0.0033060132037264,0.0010143112330037,,o2o,0.0020398399037357,EV-BOUNDARY-GEOMETRY-V3,V3,300,aj_cumulative_incidence,cif_conflict,29048,676,b,0.1201171875,Conflict,all,All,runs/20260903_boundary_full_grid_1024_postprocess_v2/tau_01250/survival_cif.csv,1a90951b52587823e82fe89c99a12c8512030f465a66915028285ed8a2773740,focal-GT directional trajectory,,,cumulative incidence,
final_evidence_v3_bound_output,0.0033599319811062,0.0010235048911753,,o2o,0.0020745420399085,EV-BOUNDARY-GEOMETRY-V3,V3,300,aj_cumulative_incidence,cif_conflict,29048,676,b,0.12109375,Conflict,all,All,runs/20260903_boundary_full_grid_1024_postprocess_v2/tau_01250/survival_cif.csv,1a90951b52587823e82fe89c99a12c8512030f465a66915028285ed8a2773740,focal-GT directional trajectory,,,cumulative incidence,
final_evidence_v3_bound_output,0.0033599319811062,0.0010235048911753,,o2o,0.0020745420399085,EV-BOUNDARY-GEOMETRY-V3,V3,300,aj_cumulative_incidence,cif_conflict,29048,676,b,0.1220703125,Conflict,all,All,runs/20260903_boundary_full_grid_1024_postprocess_v2/tau_01250/survival_cif.csv,1a90951b52587823e82fe89c99a12c8512030f465a66915028285ed8a2773740,focal-GT directional trajectory,,,cumulative incidence,
final_evidence_v3_bound_output,0.003433470729074,0.0010575953823663,,o2o,0.0021439463122543,EV-BOUNDARY-GEOMETRY-V3,V3,300,aj_cumulative_incidence,cif_conflict,29048,676,b,0.123046875,Conflict,all,All,runs/20260903_boundary_full_grid_1024_postprocess_v2/tau_01250/survival_cif.csv,1a90951b52587823e82fe89c99a12c8512030f465a66915028285ed8a2773740,focal-GT directional trajectory,,,cumulative incidence,
final_evidence_v3_bound_output,0.003433470729074,0.0010575953823663,,o2o,0.0021439463122543,EV-BOUNDARY-GEOMETRY-V3,V3,300,aj_cumulative_incidence,cif_conflict,29048,676,b,0.1240234375,Conflict,all,All,runs/20260903_boundary_full_grid_1024_postprocess_v2/tau_01250/survival_cif.csv,1a90951b52587823e82fe89c99a12c8512030f465a66915028285ed8a2773740,focal-GT directional trajectory,,,cumulative incidence,
final_evidence_v3_bound_output,0.003433470729074,0.0010575953823663,,o2o,0.0021439463122543,EV-BOUNDARY-GEOMETRY-V3,V3,300,aj_cumulative_incidence,cif_conflict,29048,676,b,0.125,Conflict,all,All,runs/20260903_boundary_full_grid_1024_postprocess_v2/tau_01250/survival_cif.csv,1a90951b52587823e82fe89c99a12c8512030f465a66915028285ed8a2773740,focal-GT directional trajectory,,,cumulative incidence,
final_evidence_v3_bound_output,0.0,0.0,,o2o,0.0,EV-BOUNDARY-GEOMETRY-V3,V3,300,aj_cumulative_incidence,cif_other,29048,676,b,0.0,Other,all,All,runs/20260903_boundary_full_grid_1024_postprocess_v2/tau_01250/survival_cif.csv,1a90951b52587823e82fe89c99a12c8512030f465a66915028285ed8a2773740,focal-GT directional trajectory,,,cumulative incidence,
final_evidence_v3_bound_output,0.0,0.0,,o2o,0.0,EV-BOUNDARY-GEOMETRY-V3,V3,300,aj_cumulative_incidence,cif_other,29048,676,b,0.0009765625,Other,all,All,runs/20260903_boundary_full_grid_1024_postprocess_v2/tau_01250/survival_cif.csv,1a90951b52587823e82fe89c99a12c8512030f465a66915028285ed8a2773740,focal-GT directional trajectory,,,cumulative incidence,
final_evidence_v3_bound_output,0.0,0.0,,o2o,0.0,EV-BOUNDARY-GEOMETRY-V3,V3,300,aj_cumulative_incidence,cif_other,29048,676,b,0.001953125,Other,all,All,runs/20260903_boundary_full_grid_1024_postprocess_v2/tau_01250/survival_cif.csv,1a90951b52587823e82fe89c99a12c8512030f465a66915028285ed8a2773740,focal-GT directional trajectory,,,cumulative incidence,
final_evidence_v3_bound_output,0.0,0.0,,o2o,0.0,EV-BOUNDARY-GEOMETRY-V3,V3,300,aj_cumulative_incidence,cif_other,29048,676,b,0.0029296875,Other,all,All,runs/20260903_boundary_full_grid_1024_postprocess_v2/tau_01250/survival_cif.csv,1a90951b52587823e82fe89c99a12c8512030f465a66915028285ed8a2773740,focal-GT directional trajectory,,,cumulative incidence,
final_evidence_v3_bound_output,0.0,0.0,,o2o,0.0,EV-BOUNDARY-GEOMETRY-V3,V3,300,aj_cumulative_incidence,cif_other,29048,676,b,0.00390625,Other,all,All,runs/20260903_boundary_full_grid_1024_postprocess_v2/tau_01250/survival_cif.csv,1a90951b52587823e82fe89c99a12c8512030f465a66915028285ed8a2773740,focal-GT directional trajectory,,,cumulative incidence,
final_evidence_v3_bound_output,0.0,0.0,,o2o,0.0,EV-BOUNDARY-GEOMETRY-V3,V3,300,aj_cumulative_incidence,cif_other,29048,676,b,0.0048828125,Other,all,All,runs/20260903_boundary_full_grid_1024_postprocess_v2/tau_01250/survival_cif.csv,1a90951b52587823e82fe89c99a12c8512030f465a66915028285ed8a2773740,focal-GT directional trajectory,,,cumulative incidence,
final_evidence_v3_bound_output,0.0,0.0,,o2o,0.0,EV-BOUNDARY-GEOMETRY-V3,V3,300,aj_cumulative_incidence,cif_other,29048,676,b,0.005859375,Other,all,All,runs/20260903_boundary_full_grid_1024_postprocess_v2/tau_01250/survival_cif.csv,1a90951b52587823e82fe89c99a12c8512030f465a66915028285ed8a2773740,focal-GT directional trajectory,,,cumulative incidence,
final_evidence_v3_bound_output,0.0,0.0,,o2o,0.0,EV-BOUNDARY-GEOMETRY-V3,V3,300,aj_cumulative_incidence,cif_other,29048,676,b,0.0068359375,Other,all,All,runs/20260903_boundary_full_grid_1024_postprocess_v2/tau_01250/survival_cif.csv,1a90951b52587823e82fe89c99a12c8512030f465a66915028285ed8a2773740,focal-GT directional trajectory,,,cumulative incidence,
final_evidence_v3_bound_output,0.0,0.0,,o2o,0.0,EV-BOUNDARY-GEOMETRY-V3,V3,300,aj_cumulative_incidence,cif_other,29048,676,b,0.0078125,Other,all,All,runs/20260903_boundary_full_grid_1024_postprocess_v2/tau_01250/survival_cif.csv,1a90951b52587823e82fe89c99a12c8512030f465a66915028285ed8a2773740,focal-GT directional trajectory,,,cumulative incidence,
final_evidence_v3_bound_output,0.0,0.0,,o2o,0.0,EV-BOUNDARY-GEOMETRY-V3,V3,300,aj_cumulative_incidence,cif_other,29048,676,b,0.0087890625,Other,all,All,runs/20260903_boundary_full_grid_1024_postprocess_v2/tau_01250/survival_cif.csv,1a90951b52587823e82fe89c99a12c8512030f465a66915028285ed8a2773740,focal-GT directional trajectory,,,cumulative incidence,
final_evidence_v3_bound_output,0.0,0.0,,o2o,0.0,EV-BOUNDARY-GEOMETRY-V3,V3,300,aj_cumulative_incidence,cif_other,29048,676,b,0.009765625,Other,all,All,runs/20260903_boundary_full_grid_1024_postprocess_v2/tau_01250/survival_cif.csv,1a90951b52587823e82fe89c99a12c8512030f465a66915028285ed8a2773740,focal-GT directional trajectory,,,cumulative incidence,
final_evidence_v3_bound_output,0.0,0.0,,o2o,0.0,EV-BOUNDARY-GEOMETRY-V3,V3,300,aj_cumulative_incidence,cif_other,29048,676,b,0.0107421875,Other,all,All,runs/20260903_boundary_full_grid_1024_postprocess_v2/tau_01250/survival_cif.csv,1a90951b52587823e82fe89c99a12c8512030f465a66915028285ed8a2773740,focal-GT directional trajectory,,,cumulative incidence,
final_evidence_v3_bound_output,0.0,0.0,,o2o,0.0,EV-BOUNDARY-GEOMETRY-V3,V3,300,aj_cumulative_incidence,cif_other,29048,676,b,0.01171875,Other,all,All,runs/20260903_boundary_full_grid_1024_postprocess_v2/tau_01250/survival_cif.csv,1a90951b52587823e82fe89c99a12c8512030f465a66915028285ed8a2773740,focal-GT directional trajectory,,,cumulative incidence,
final_evidence_v3_bound_output,0.0,0.0,,o2o,0.0,EV-BOUNDARY-GEOMETRY-V3,V3,300,aj_cumulative_incidence,cif_other,29048,676,b,0.0126953125,Other,all,All,runs/20260903_boundary_full_grid_1024_postprocess_v2/tau_01250/survival_cif.csv,1a90951b52587823e82fe89c99a12c8512030f465a66915028285ed8a2773740,focal-GT directional trajectory,,,cumulative incidence,
final_evidence_v3_bound_output,0.0,0.0,,o2o,0.0,EV-BOUNDARY-GEOMETRY-V3,V3,300,aj_cumulative_incidence,cif_other,29048,676,b,0.013671875,Other,all,All,runs/20260903_boundary_full_grid_1024_postprocess_v2/tau_01250/survival_cif.csv,1a90951b52587823e82fe89c99a12c8512030f465a66915028285ed8a2773740,focal-GT directional trajectory,,,cumulative incidence,
final_evidence_v3_bound_output,0.0,0.0,,o2o,0.0,EV-BOUNDARY-GEOMETRY-V3,V3,300,aj_cumulative_incidence,cif_other,29048,676,b,0.0146484375,Other,all,All,runs/20260903_boundary_full_grid_1024_postprocess_v2/tau_01250/survival_cif.csv,1a90951b52587823e82fe89c99a12c8512030f465a66915028285ed8a2773740,focal-GT directional trajectory,,,cumulative incidence,
final_evidence_v3_bound_output,0.0,0.0,,o2o,0.0,EV-BOUNDARY-GEOMETRY-V3,V3,300,aj_cumulative_incidence,cif_other,29048,676,b,0.015625,Other,all,All,runs/20260903_boundary_full_grid_1024_postprocess_v2/tau_01250/survival_cif.csv,1a90951b52587823e82fe89c99a12c8512030f465a66915028285ed8a2773740,focal-GT directional trajectory,,,cumulative incidence,
final_evidence_v3_bound_output,0.0,0.0,,o2o,0.0,EV-BOUNDARY-GEOMETRY-V3,V3,300,aj_cumulative_incidence,cif_other,29048,676,b,0.0166015625,Other,all,All,runs/20260903_boundary_full_grid_1024_postprocess_v2/tau_01250/survival_cif.csv,1a90951b52587823e82fe89c99a12c8512030f465a66915028285ed8a2773740,focal-GT directional trajectory,,,cumulative incidence,
final_evidence_v3_bound_output,0.0,0.0,,o2o,0.0,EV-BOUNDARY-GEOMETRY-V3,V3,300,aj_cumulative_incidence,cif_other,29048,676,b,0.017578125,Other,all,All,runs/20260903_boundary_full_grid_1024_postprocess_v2/tau_01250/survival_cif.csv,1a90951b52587823e82fe89c99a12c8512030f465a66915028285ed8a2773740,focal-GT directional trajectory,,,cumulative incidence,
final_evidence_v3_bound_output,0.0,0.0,,o2o,0.0,EV-BOUNDARY-GEOMETRY-V3,V3,300,aj_cumulative_incidence,cif_other,29048,676,b,0.0185546875,Other,all,All,runs/20260903_boundary_full_grid_1024_postprocess_v2/tau_01250/survival_cif.csv,1a90951b52587823e82fe89c99a12c8512030f465a66915028285ed8a2773740,focal-GT directional trajectory,,,cumulative incidence,
final_evidence_v3_bound_output,0.0,0.0,,o2o,0.0,EV-BOUNDARY-GEOMETRY-V3,V3,300,aj_cumulative_incidence,cif_other,29048,676,b,0.01953125,Other,all,All,runs/20260903_boundary_full_grid_1024_postprocess_v2/tau_01250/survival_cif.csv,1a90951b52587823e82fe89c99a12c8512030f465a66915028285ed8a2773740,focal-GT directional trajectory,,,cumulative incidence,
final_evidence_v3_bound_output,0.0,0.0,,o2o,0.0,EV-BOUNDARY-GEOMETRY-V3,V3,300,aj_cumulative_incidence,cif_other,29048,676,b,0.0205078125,Other,all,All,runs/20260903_boundary_full_grid_1024_postprocess_v2/tau_01250/survival_cif.csv,1a90951b52587823e82fe89c99a12c8512030f465a66915028285ed8a2773740,focal-GT directional trajectory,,,cumulative incidence,
final_evidence_v3_bound_output,0.0,0.0,,o2o,0.0,EV-BOUNDARY-GEOMETRY-V3,V3,300,aj_cumulative_incidence,cif_other,29048,676,b,0.021484375,Other,all,All,runs/20260903_boundary_full_grid_1024_postprocess_v2/tau_01250/survival_cif.csv,1a90951b52587823e82fe89c99a12c8512030f465a66915028285ed8a2773740,focal-GT directional trajectory,,,cumulative incidence,
final_evidence_v3_bound_output,0.0,0.0,,o2o,0.0,EV-BOUNDARY-GEOMETRY-V3,V3,300,aj_cumulative_incidence,cif_other,29048,676,b,0.0224609375,Other,all,All,runs/20260903_boundary_full_grid_1024_postprocess_v2/tau_01250/survival_cif.csv,1a90951b52587823e82fe89c99a12c8512030f465a66915028285ed8a2773740,focal-GT directional trajectory,,,cumulative incidence,
final_evidence_v3_bound_output,0.0,0.0,,o2o,0.0,EV-BOUNDARY-GEOMETRY-V3,V3,300,aj_cumulative_incidence,cif_other,29048,676,b,0.0234375,Other,all,All,runs/20260903_boundary_full_grid_1024_postprocess_v2/tau_01250/survival_cif.csv,1a90951b52587823e82fe89c99a12c8512030f465a66915028285ed8a2773740,focal-GT directional trajectory,,,cumulative incidence,
final_evidence_v3_bound_output,0.0,0.0,,o2o,0.0,EV-BOUNDARY-GEOMETRY-V3,V3,300,aj_cumulative_incidence,cif_other,29048,676,b,0.0244140625,Other,all,All,runs/20260903_boundary_full_grid_1024_postprocess_v2/tau_01250/survival_cif.csv,1a90951b52587823e82fe89c99a12c8512030f465a66915028285ed8a2773740,focal-GT directional trajectory,,,cumulative incidence,
final_evidence_v3_bound_output,0.0,0.0,,o2o,0.0,EV-BOUNDARY-GEOMETRY-V3,V3,300,aj_cumulative_incidence,cif_other,29048,676,b,0.025390625,Other,all,All,runs/20260903_boundary_full_grid_1024_postprocess_v2/tau_01250/survival_cif.csv,1a90951b52587823e82fe89c99a12c8512030f465a66915028285ed8a2773740,focal-GT directional trajectory,,,cumulative incidence,
final_evidence_v3_bound_output,0.0,0.0,,o2o,0.0,EV-BOUNDARY-GEOMETRY-V3,V3,300,aj_cumulative_incidence,cif_other,29048,676,b,0.0263671875,Other,all,All,runs/20260903_boundary_full_grid_1024_postprocess_v2/tau_01250/survival_cif.csv,1a90951b52587823e82fe89c99a12c8512030f465a66915028285ed8a2773740,focal-GT directional trajectory,,,cumulative incidence,
final_evidence_v3_bound_output,0.0,0.0,,o2o,0.0,EV-BOUNDARY-GEOMETRY-V3,V3,300,aj_cumulative_incidence,cif_other,29048,676,b,0.02734375,Other,all,All,runs/20260903_boundary_full_grid_1024_postprocess_v2/tau_01250/survival_cif.csv,1a90951b52587823e82fe89c99a12c8512030f465a66915028285ed8a2773740,focal-GT directional trajectory,,,cumulative incidence,
final_evidence_v3_bound_output,0.0,0.0,,o2o,0.0,EV-BOUNDARY-GEOMETRY-V3,V3,300,aj_cumulative_incidence,cif_other,29048,676,b,0.0283203125,Other,all,All,runs/20260903_boundary_full_grid_1024_postprocess_v2/tau_01250/survival_cif.csv,1a90951b52587823e82fe89c99a12c8512030f465a66915028285ed8a2773740,focal-GT directional trajectory,,,cumulative incidence,
final_evidence_v3_bound_output,0.0,0.0,,o2o,0.0,EV-BOUNDARY-GEOMETRY-V3,V3,300,aj_cumulative_incidence,cif_other,29048,676,b,0.029296875,Other,all,All,runs/20260903_boundary_full_grid_1024_postprocess_v2/tau_01250/survival_cif.csv,1a90951b52587823e82fe89c99a12c8512030f465a66915028285ed8a2773740,focal-GT directional trajectory,,,cumulative incidence,
final_evidence_v3_bound_output,0.0,0.0,,o2o,0.0,EV-BOUNDARY-GEOMETRY-V3,V3,300,aj_cumulative_incidence,cif_other,29048,676,b,0.0302734375,Other,all,All,runs/20260903_boundary_full_grid_1024_postprocess_v2/tau_01250/survival_cif.csv,1a90951b52587823e82fe89c99a12c8512030f465a66915028285ed8a2773740,focal-GT directional trajectory,,,cumulative incidence,
final_evidence_v3_bound_output,0.0,0.0,,o2o,0.0,EV-BOUNDARY-GEOMETRY-V3,V3,300,aj_cumulative_incidence,cif_other,29048,676,b,0.03125,Other,all,All,runs/20260903_boundary_full_grid_1024_postprocess_v2/tau_01250/survival_cif.csv,1a90951b52587823e82fe89c99a12c8512030f465a66915028285ed8a2773740,focal-GT directional trajectory,,,cumulative incidence,
final_evidence_v3_bound_output,0.0,0.0,,o2o,0.0,EV-BOUNDARY-GEOMETRY-V3,V3,300,aj_cumulative_incidence,cif_other,29048,676,b,0.0322265625,Other,all,All,runs/20260903_boundary_full_grid_1024_postprocess_v2/tau_01250/survival_cif.csv,1a90951b52587823e82fe89c99a12c8512030f465a66915028285ed8a2773740,focal-GT directional trajectory,,,cumulative incidence,
final_evidence_v3_bound_output,0.0,0.0,,o2o,0.0,EV-BOUNDARY-GEOMETRY-V3,V3,300,aj_cumulative_incidence,cif_other,29048,676,b,0.033203125,Other,all,All,runs/20260903_boundary_full_grid_1024_postprocess_v2/tau_01250/survival_cif.csv,1a90951b52587823e82fe89c99a12c8512030f465a66915028285ed8a2773740,focal-GT directional trajectory,,,cumulative incidence,
final_evidence_v3_bound_output,0.0,0.0,,o2o,0.0,EV-BOUNDARY-GEOMETRY-V3,V3,300,aj_cumulative_incidence,cif_other,29048,676,b,0.0341796875,Other,all,All,runs/20260903_boundary_full_grid_1024_postprocess_v2/tau_01250/survival_cif.csv,1a90951b52587823e82fe89c99a12c8512030f465a66915028285ed8a2773740,focal-GT directional trajectory,,,cumulative incidence,
final_evidence_v3_bound_output,0.0,0.0,,o2o,0.0,EV-BOUNDARY-GEOMETRY-V3,V3,300,aj_cumulative_incidence,cif_other,29048,676,b,0.03515625,Other,all,All,runs/20260903_boundary_full_grid_1024_postprocess_v2/tau_01250/survival_cif.csv,1a90951b52587823e82fe89c99a12c8512030f465a66915028285ed8a2773740,focal-GT directional trajectory,,,cumulative incidence,
final_evidence_v3_bound_output,0.0,0.0,,o2o,0.0,EV-BOUNDARY-GEOMETRY-V3,V3,300,aj_cumulative_incidence,cif_other,29048,676,b,0.0361328125,Other,all,All,runs/20260903_boundary_full_grid_1024_postprocess_v2/tau_01250/survival_cif.csv,1a90951b52587823e82fe89c99a12c8512030f465a66915028285ed8a2773740,focal-GT directional trajectory,,,cumulative incidence,
final_evidence_v3_bound_output,0.0,0.0,,o2o,0.0,EV-BOUNDARY-GEOMETRY-V3,V3,300,aj_cumulative_incidence,cif_other,29048,676,b,0.037109375,Other,all,All,runs/20260903_boundary_full_grid_1024_postprocess_v2/tau_01250/survival_cif.csv,1a90951b52587823e82fe89c99a12c8512030f465a66915028285ed8a2773740,focal-GT directional trajectory,,,cumulative incidence,
final_evidence_v3_bound_output,0.0,0.0,,o2o,0.0,EV-BOUNDARY-GEOMETRY-V3,V3,300,aj_cumulative_incidence,cif_other,29048,676,b,0.0380859375,Other,all,All,runs/20260903_boundary_full_grid_1024_postprocess_v2/tau_01250/survival_cif.csv,1a90951b52587823e82fe89c99a12c8512030f465a66915028285ed8a2773740,focal-GT directional trajectory,,,cumulative incidence,
final_evidence_v3_bound_output,0.0,0.0,,o2o,0.0,EV-BOUNDARY-GEOMETRY-V3,V3,300,aj_cumulative_incidence,cif_other,29048,676,b,0.0390625,Other,all,All,runs/20260903_boundary_full_grid_1024_postprocess_v2/tau_01250/survival_cif.csv,1a90951b52587823e82fe89c99a12c8512030f465a66915028285ed8a2773740,focal-GT directional trajectory,,,cumulative incidence,
final_evidence_v3_bound_output,0.0,0.0,,o2o,0.0,EV-BOUNDARY-GEOMETRY-V3,V3,300,aj_cumulative_incidence,cif_other,29048,676,b,0.0400390625,Other,all,All,runs/20260903_boundary_full_grid_1024_postprocess_v2/tau_01250/survival_cif.csv,1a90951b52587823e82fe89c99a12c8512030f465a66915028285ed8a2773740,focal-GT directional trajectory,,,cumulative incidence,
final_evidence_v3_bound_output,0.0,0.0,,o2o,0.0,EV-BOUNDARY-GEOMETRY-V3,V3,300,aj_cumulative_incidence,cif_other,29048,676,b,0.041015625,Other,all,All,runs/20260903_boundary_full_grid_1024_postprocess_v2/tau_01250/survival_cif.csv,1a90951b52587823e82fe89c99a12c8512030f465a66915028285ed8a2773740,focal-GT directional trajectory,,,cumulative incidence,
final_evidence_v3_bound_output,0.0,0.0,,o2o,0.0,EV-BOUNDARY-GEOMETRY-V3,V3,300,aj_cumulative_incidence,cif_other,29048,676,b,0.0419921875,Other,all,All,runs/20260903_boundary_full_grid_1024_postprocess_v2/tau_01250/survival_cif.csv,1a90951b52587823e82fe89c99a12c8512030f465a66915028285ed8a2773740,focal-GT directional trajectory,,,cumulative incidence,
final_evidence_v3_bound_output,0.0,0.0,,o2o,0.0,EV-BOUNDARY-GEOMETRY-V3,V3,300,aj_cumulative_incidence,cif_other,29048,676,b,0.04296875,Other,all,All,runs/20260903_boundary_full_grid_1024_postprocess_v2/tau_01250/survival_cif.csv,1a90951b52587823e82fe89c99a12c8512030f465a66915028285ed8a2773740,focal-GT directional trajectory,,,cumulative incidence,
final_evidence_v3_bound_output,0.0,0.0,,o2o,0.0,EV-BOUNDARY-GEOMETRY-V3,V3,300,aj_cumulative_incidence,cif_other,29048,676,b,0.0439453125,Other,all,All,runs/20260903_boundary_full_grid_1024_postprocess_v2/tau_01250/survival_cif.csv,1a90951b52587823e82fe89c99a12c8512030f465a66915028285ed8a2773740,focal-GT directional trajectory,,,cumulative incidence,
final_evidence_v3_bound_output,0.0,0.0,,o2o,0.0,EV-BOUNDARY-GEOMETRY-V3,V3,300,aj_cumulative_incidence,cif_other,29048,676,b,0.044921875,Other,all,All,runs/20260903_boundary_full_grid_1024_postprocess_v2/tau_01250/survival_cif.csv,1a90951b52587823e82fe89c99a12c8512030f465a66915028285ed8a2773740,focal-GT directional trajectory,,,cumulative incidence,
final_evidence_v3_bound_output,0.0,0.0,,o2o,0.0,EV-BOUNDARY-GEOMETRY-V3,V3,300,aj_cumulative_incidence,cif_other,29048,676,b,0.0458984375,Other,all,All,runs/20260903_boundary_full_grid_1024_postprocess_v2/tau_01250/survival_cif.csv,1a90951b52587823e82fe89c99a12c8512030f465a66915028285ed8a2773740,focal-GT directional trajectory,,,cumulative incidence,
final_evidence_v3_bound_output,0.0,0.0,,o2o,0.0,EV-BOUNDARY-GEOMETRY-V3,V3,300,aj_cumulative_incidence,cif_other,29048,676,b,0.046875,Other,all,All,runs/20260903_boundary_full_grid_1024_postprocess_v2/tau_01250/survival_cif.csv,1a90951b52587823e82fe89c99a12c8512030f465a66915028285ed8a2773740,focal-GT directional trajectory,,,cumulative incidence,
final_evidence_v3_bound_output,0.0,0.0,,o2o,0.0,EV-BOUNDARY-GEOMETRY-V3,V3,300,aj_cumulative_incidence,cif_other,29048,676,b,0.0478515625,Other,all,All,runs/20260903_boundary_full_grid_1024_postprocess_v2/tau_01250/survival_cif.csv,1a90951b52587823e82fe89c99a12c8512030f465a66915028285ed8a2773740,focal-GT directional trajectory,,,cumulative incidence,
final_evidence_v3_bound_output,0.0,0.0,,o2o,0.0,EV-BOUNDARY-GEOMETRY-V3,V3,300,aj_cumulative_incidence,cif_other,29048,676,b,0.048828125,Other,all,All,runs/20260903_boundary_full_grid_1024_postprocess_v2/tau_01250/survival_cif.csv,1a90951b52587823e82fe89c99a12c8512030f465a66915028285ed8a2773740,focal-GT directional trajectory,,,cumulative incidence,
final_evidence_v3_bound_output,0.0,0.0,,o2o,0.0,EV-BOUNDARY-GEOMETRY-V3,V3,300,aj_cumulative_incidence,cif_other,29048,676,b,0.0498046875,Other,all,All,runs/20260903_boundary_full_grid_1024_postprocess_v2/tau_01250/survival_cif.csv,1a90951b52587823e82fe89c99a12c8512030f465a66915028285ed8a2773740,focal-GT directional trajectory,,,cumulative incidence,
final_evidence_v3_bound_output,0.0,0.0,,o2o,0.0,EV-BOUNDARY-GEOMETRY-V3,V3,300,aj_cumulative_incidence,cif_other,29048,676,b,0.05078125,Other,all,All,runs/20260903_boundary_full_grid_1024_postprocess_v2/tau_01250/survival_cif.csv,1a90951b52587823e82fe89c99a12c8512030f465a66915028285ed8a2773740,focal-GT directional trajectory,,,cumulative incidence,
final_evidence_v3_bound_output,0.0,0.0,,o2o,0.0,EV-BOUNDARY-GEOMETRY-V3,V3,300,aj_cumulative_incidence,cif_other,29048,676,b,0.0517578125,Other,all,All,runs/20260903_boundary_full_grid_1024_postprocess_v2/tau_01250/survival_cif.csv,1a90951b52587823e82fe89c99a12c8512030f465a66915028285ed8a2773740,focal-GT directional trajectory,,,cumulative incidence,
final_evidence_v3_bound_output,0.0,0.0,,o2o,0.0,EV-BOUNDARY-GEOMETRY-V3,V3,300,aj_cumulative_incidence,cif_other,29048,676,b,0.052734375,Other,all,All,runs/20260903_boundary_full_grid_1024_postprocess_v2/tau_01250/survival_cif.csv,1a90951b52587823e82fe89c99a12c8512030f465a66915028285ed8a2773740,focal-GT directional trajectory,,,cumulative incidence,
final_evidence_v3_bound_output,0.0,0.0,,o2o,0.0,EV-BOUNDARY-GEOMETRY-V3,V3,300,aj_cumulative_incidence,cif_other,29048,676,b,0.0537109375,Other,all,All,runs/20260903_boundary_full_grid_1024_postprocess_v2/tau_01250/survival_cif.csv,1a90951b52587823e82fe89c99a12c8512030f465a66915028285ed8a2773740,focal-GT directional trajectory,,,cumulative incidence,
final_evidence_v3_bound_output,0.0,0.0,,o2o,0.0,EV-BOUNDARY-GEOMETRY-V3,V3,300,aj_cumulative_incidence,cif_other,29048,676,b,0.0546875,Other,all,All,runs/20260903_boundary_full_grid_1024_postprocess_v2/tau_01250/survival_cif.csv,1a90951b52587823e82fe89c99a12c8512030f465a66915028285ed8a2773740,focal-GT directional trajectory,,,cumulative incidence,
final_evidence_v3_bound_output,0.0,0.0,,o2o,0.0,EV-BOUNDARY-GEOMETRY-V3,V3,300,aj_cumulative_incidence,cif_other,29048,676,b,0.0556640625,Other,all,All,runs/20260903_boundary_full_grid_1024_postprocess_v2/tau_01250/survival_cif.csv,1a90951b52587823e82fe89c99a12c8512030f465a66915028285ed8a2773740,focal-GT directional trajectory,,,cumulative incidence,
final_evidence_v3_bound_output,0.0,0.0,,o2o,0.0,EV-BOUNDARY-GEOMETRY-V3,V3,300,aj_cumulative_incidence,cif_other,29048,676,b,0.056640625,Other,all,All,runs/20260903_boundary_full_grid_1024_postprocess_v2/tau_01250/survival_cif.csv,1a90951b52587823e82fe89c99a12c8512030f465a66915028285ed8a2773740,focal-GT directional trajectory,,,cumulative incidence,
final_evidence_v3_bound_output,0.0,0.0,,o2o,0.0,EV-BOUNDARY-GEOMETRY-V3,V3,300,aj_cumulative_incidence,cif_other,29048,676,b,0.0576171875,Other,all,All,runs/20260903_boundary_full_grid_1024_postprocess_v2/tau_01250/survival_cif.csv,1a90951b52587823e82fe89c99a12c8512030f465a66915028285ed8a2773740,focal-GT directional trajectory,,,cumulative incidence,
final_evidence_v3_bound_output,0.0,0.0,,o2o,0.0,EV-BOUNDARY-GEOMETRY-V3,V3,300,aj_cumulative_incidence,cif_other,29048,676,b,0.05859375,Other,all,All,runs/20260903_boundary_full_grid_1024_postprocess_v2/tau_01250/survival_cif.csv,1a90951b52587823e82fe89c99a12c8512030f465a66915028285ed8a2773740,focal-GT directional trajectory,,,cumulative incidence,
final_evidence_v3_bound_output,0.0,0.0,,o2o,0.0,EV-BOUNDARY-GEOMETRY-V3,V3,300,aj_cumulative_incidence,cif_other,29048,676,b,0.0595703125,Other,all,All,runs/20260903_boundary_full_grid_1024_postprocess_v2/tau_01250/survival_cif.csv,1a90951b52587823e82fe89c99a12c8512030f465a66915028285ed8a2773740,focal-GT directional trajectory,,,cumulative incidence,
final_evidence_v3_bound_output,0.0,0.0,,o2o,0.0,EV-BOUNDARY-GEOMETRY-V3,V3,300,aj_cumulative_incidence,cif_other,29048,676,b,0.060546875,Other,all,All,runs/20260903_boundary_full_grid_1024_postprocess_v2/tau_01250/survival_cif.csv,1a90951b52587823e82fe89c99a12c8512030f465a66915028285ed8a2773740,focal-GT directional trajectory,,,cumulative incidence,
final_evidence_v3_bound_output,0.0,0.0,,o2o,0.0,EV-BOUNDARY-GEOMETRY-V3,V3,300,aj_cumulative_incidence,cif_other,29048,676,b,0.0615234375,Other,all,All,runs/20260903_boundary_full_grid_1024_postprocess_v2/tau_01250/survival_cif.csv,1a90951b52587823e82fe89c99a12c8512030f465a66915028285ed8a2773740,focal-GT directional trajectory,,,cumulative incidence,
final_evidence_v3_bound_output,0.0,0.0,,o2o,0.0,EV-BOUNDARY-GEOMETRY-V3,V3,300,aj_cumulative_incidence,cif_other,29048,676,b,0.0625,Other,all,All,runs/20260903_boundary_full_grid_1024_postprocess_v2/tau_01250/survival_cif.csv,1a90951b52587823e82fe89c99a12c8512030f465a66915028285ed8a2773740,focal-GT directional trajectory,,,cumulative incidence,
final_evidence_v3_bound_output,0.0,0.0,,o2o,0.0,EV-BOUNDARY-GEOMETRY-V3,V3,300,aj_cumulative_incidence,cif_other,29048,676,b,0.0634765625,Other,all,All,runs/20260903_boundary_full_grid_1024_postprocess_v2/tau_01250/survival_cif.csv,1a90951b52587823e82fe89c99a12c8512030f465a66915028285ed8a2773740,focal-GT directional trajectory,,,cumulative incidence,
final_evidence_v3_bound_output,0.0,0.0,,o2o,0.0,EV-BOUNDARY-GEOMETRY-V3,V3,300,aj_cumulative_incidence,cif_other,29048,676,b,0.064453125,Other,all,All,runs/20260903_boundary_full_grid_1024_postprocess_v2/tau_01250/survival_cif.csv,1a90951b52587823e82fe89c99a12c8512030f465a66915028285ed8a2773740,focal-GT directional trajectory,,,cumulative incidence,
final_evidence_v3_bound_output,0.0,0.0,,o2o,0.0,EV-BOUNDARY-GEOMETRY-V3,V3,300,aj_cumulative_incidence,cif_other,29048,676,b,0.0654296875,Other,all,All,runs/20260903_boundary_full_grid_1024_postprocess_v2/tau_01250/survival_cif.csv,1a90951b52587823e82fe89c99a12c8512030f465a66915028285ed8a2773740,focal-GT directional trajectory,,,cumulative incidence,
final_evidence_v3_bound_output,0.0,0.0,,o2o,0.0,EV-BOUNDARY-GEOMETRY-V3,V3,300,aj_cumulative_incidence,cif_other,29048,676,b,0.06640625,Other,all,All,runs/20260903_boundary_full_grid_1024_postprocess_v2/tau_01250/survival_cif.csv,1a90951b52587823e82fe89c99a12c8512030f465a66915028285ed8a2773740,focal-GT directional trajectory,,,cumulative incidence,
final_evidence_v3_bound_output,0.0,0.0,,o2o,0.0,EV-BOUNDARY-GEOMETRY-V3,V3,300,aj_cumulative_incidence,cif_other,29048,676,b,0.0673828125,Other,all,All,runs/20260903_boundary_full_grid_1024_postprocess_v2/tau_01250/survival_cif.csv,1a90951b52587823e82fe89c99a12c8512030f465a66915028285ed8a2773740,focal-GT directional trajectory,,,cumulative incidence,
final_evidence_v3_bound_output,0.0,0.0,,o2o,0.0,EV-BOUNDARY-GEOMETRY-V3,V3,300,aj_cumulative_incidence,cif_other,29048,676,b,0.068359375,Other,all,All,runs/20260903_boundary_full_grid_1024_postprocess_v2/tau_01250/survival_cif.csv,1a90951b52587823e82fe89c99a12c8512030f465a66915028285ed8a2773740,focal-GT directional trajectory,,,cumulative incidence,
final_evidence_v3_bound_output,0.0,0.0,,o2o,0.0,EV-BOUNDARY-GEOMETRY-V3,V3,300,aj_cumulative_incidence,cif_other,29048,676,b,0.0693359375,Other,all,All,runs/20260903_boundary_full_grid_1024_postprocess_v2/tau_01250/survival_cif.csv,1a90951b52587823e82fe89c99a12c8512030f465a66915028285ed8a2773740,focal-GT directional trajectory,,,cumulative incidence,
final_evidence_v3_bound_output,0.0,0.0,,o2o,0.0,EV-BOUNDARY-GEOMETRY-V3,V3,300,aj_cumulative_incidence,cif_other,29048,676,b,0.0703125,Other,all,All,runs/20260903_boundary_full_grid_1024_postprocess_v2/tau_01250/survival_cif.csv,1a90951b52587823e82fe89c99a12c8512030f465a66915028285ed8a2773740,focal-GT directional trajectory,,,cumulative incidence,
final_evidence_v3_bound_output,0.0,0.0,,o2o,0.0,EV-BOUNDARY-GEOMETRY-V3,V3,300,aj_cumulative_incidence,cif_other,29048,676,b,0.0712890625,Other,all,All,runs/20260903_boundary_full_grid_1024_postprocess_v2/tau_01250/survival_cif.csv,1a90951b52587823e82fe89c99a12c8512030f465a66915028285ed8a2773740,focal-GT directional trajectory,,,cumulative incidence,
final_evidence_v3_bound_output,0.0,0.0,,o2o,0.0,EV-BOUNDARY-GEOMETRY-V3,V3,300,aj_cumulative_incidence,cif_other,29048,676,b,0.072265625,Other,all,All,runs/20260903_boundary_full_grid_1024_postprocess_v2/tau_01250/survival_cif.csv,1a90951b52587823e82fe89c99a12c8512030f465a66915028285ed8a2773740,focal-GT directional trajectory,,,cumulative incidence,
final_evidence_v3_bound_output,0.0,0.0,,o2o,0.0,EV-BOUNDARY-GEOMETRY-V3,V3,300,aj_cumulative_incidence,cif_other,29048,676,b,0.0732421875,Other,all,All,runs/20260903_boundary_full_grid_1024_postprocess_v2/tau_01250/survival_cif.csv,1a90951b52587823e82fe89c99a12c8512030f465a66915028285ed8a2773740,focal-GT directional trajectory,,,cumulative incidence,
final_evidence_v3_bound_output,0.0,0.0,,o2o,0.0,EV-BOUNDARY-GEOMETRY-V3,V3,300,aj_cumulative_incidence,cif_other,29048,676,b,0.07421875,Other,all,All,runs/20260903_boundary_full_grid_1024_postprocess_v2/tau_01250/survival_cif.csv,1a90951b52587823e82fe89c99a12c8512030f465a66915028285ed8a2773740,focal-GT directional trajectory,,,cumulative incidence,
final_evidence_v3_bound_output,0.0,0.0,,o2o,0.0,EV-BOUNDARY-GEOMETRY-V3,V3,300,aj_cumulative_incidence,cif_other,29048,676,b,0.0751953125,Other,all,All,runs/20260903_boundary_full_grid_1024_postprocess_v2/tau_01250/survival_cif.csv,1a90951b52587823e82fe89c99a12c8512030f465a66915028285ed8a2773740,focal-GT directional trajectory,,,cumulative incidence,
final_evidence_v3_bound_output,0.0,0.0,,o2o,0.0,EV-BOUNDARY-GEOMETRY-V3,V3,300,aj_cumulative_incidence,cif_other,29048,676,b,0.076171875,Other,all,All,runs/20260903_boundary_full_grid_1024_postprocess_v2/tau_01250/survival_cif.csv,1a90951b52587823e82fe89c99a12c8512030f465a66915028285ed8a2773740,focal-GT directional trajectory,,,cumulative incidence,
final_evidence_v3_bound_output,0.0,0.0,,o2o,0.0,EV-BOUNDARY-GEOMETRY-V3,V3,300,aj_cumulative_incidence,cif_other,29048,676,b,0.0771484375,Other,all,All,runs/20260903_boundary_full_grid_1024_postprocess_v2/tau_01250/survival_cif.csv,1a90951b52587823e82fe89c99a12c8512030f465a66915028285ed8a2773740,focal-GT directional trajectory,,,cumulative incidence,
final_evidence_v3_bound_output,0.0,0.0,,o2o,0.0,EV-BOUNDARY-GEOMETRY-V3,V3,300,aj_cumulative_incidence,cif_other,29048,676,b,0.078125,Other,all,All,runs/20260903_boundary_full_grid_1024_postprocess_v2/tau_01250/survival_cif.csv,1a90951b52587823e82fe89c99a12c8512030f465a66915028285ed8a2773740,focal-GT directional trajectory,,,cumulative incidence,
final_evidence_v3_bound_output,0.0,0.0,,o2o,0.0,EV-BOUNDARY-GEOMETRY-V3,V3,300,aj_cumulative_incidence,cif_other,29048,676,b,0.0791015625,Other,all,All,runs/20260903_boundary_full_grid_1024_postprocess_v2/tau_01250/survival_cif.csv,1a90951b52587823e82fe89c99a12c8512030f465a66915028285ed8a2773740,focal-GT directional trajectory,,,cumulative incidence,
final_evidence_v3_bound_output,0.0,0.0,,o2o,0.0,EV-BOUNDARY-GEOMETRY-V3,V3,300,aj_cumulative_incidence,cif_other,29048,676,b,0.080078125,Other,all,All,runs/20260903_boundary_full_grid_1024_postprocess_v2/tau_01250/survival_cif.csv,1a90951b52587823e82fe89c99a12c8512030f465a66915028285ed8a2773740,focal-GT directional trajectory,,,cumulative incidence,
final_evidence_v3_bound_output,0.0,0.0,,o2o,0.0,EV-BOUNDARY-GEOMETRY-V3,V3,300,aj_cumulative_incidence,cif_other,29048,676,b,0.0810546875,Other,all,All,runs/20260903_boundary_full_grid_1024_postprocess_v2/tau_01250/survival_cif.csv,1a90951b52587823e82fe89c99a12c8512030f465a66915028285ed8a2773740,focal-GT directional trajectory,,,cumulative incidence,
final_evidence_v3_bound_output,0.0,0.0,,o2o,0.0,EV-BOUNDARY-GEOMETRY-V3,V3,300,aj_cumulative_incidence,cif_other,29048,676,b,0.08203125,Other,all,All,runs/20260903_boundary_full_grid_1024_postprocess_v2/tau_01250/survival_cif.csv,1a90951b52587823e82fe89c99a12c8512030f465a66915028285ed8a2773740,focal-GT directional trajectory,,,cumulative incidence,
final_evidence_v3_bound_output,0.0,0.0,,o2o,0.0,EV-BOUNDARY-GEOMETRY-V3,V3,300,aj_cumulative_incidence,cif_other,29048,676,b,0.0830078125,Other,all,All,runs/20260903_boundary_full_grid_1024_postprocess_v2/tau_01250/survival_cif.csv,1a90951b52587823e82fe89c99a12c8512030f465a66915028285ed8a2773740,focal-GT directional trajectory,,,cumulative incidence,
final_evidence_v3_bound_output,0.0,0.0,,o2o,0.0,EV-BOUNDARY-GEOMETRY-V3,V3,300,aj_cumulative_incidence,cif_other,29048,676,b,0.083984375,Other,all,All,runs/20260903_boundary_full_grid_1024_postprocess_v2/tau_01250/survival_cif.csv,1a90951b52587823e82fe89c99a12c8512030f465a66915028285ed8a2773740,focal-GT directional trajectory,,,cumulative incidence,
final_evidence_v3_bound_output,0.0,0.0,,o2o,0.0,EV-BOUNDARY-GEOMETRY-V3,V3,300,aj_cumulative_incidence,cif_other,29048,676,b,0.0849609375,Other,all,All,runs/20260903_boundary_full_grid_1024_postprocess_v2/tau_01250/survival_cif.csv,1a90951b52587823e82fe89c99a12c8512030f465a66915028285ed8a2773740,focal-GT directional trajectory,,,cumulative incidence,
final_evidence_v3_bound_output,0.0,0.0,,o2o,0.0,EV-BOUNDARY-GEOMETRY-V3,V3,300,aj_cumulative_incidence,cif_other,29048,676,b,0.0859375,Other,all,All,runs/20260903_boundary_full_grid_1024_postprocess_v2/tau_01250/survival_cif.csv,1a90951b52587823e82fe89c99a12c8512030f465a66915028285ed8a2773740,focal-GT directional trajectory,,,cumulative incidence,
final_evidence_v3_bound_output,0.0,0.0,,o2o,0.0,EV-BOUNDARY-GEOMETRY-V3,V3,300,aj_cumulative_incidence,cif_other,29048,676,b,0.0869140625,Other,all,All,runs/20260903_boundary_full_grid_1024_postprocess_v2/tau_01250/survival_cif.csv,1a90951b52587823e82fe89c99a12c8512030f465a66915028285ed8a2773740,focal-GT directional trajectory,,,cumulative incidence,
final_evidence_v3_bound_output,0.0,0.0,,o2o,0.0,EV-BOUNDARY-GEOMETRY-V3,V3,300,aj_cumulative_incidence,cif_other,29048,676,b,0.087890625,Other,all,All,runs/20260903_boundary_full_grid_1024_postprocess_v2/tau_01250/survival_cif.csv,1a90951b52587823e82fe89c99a12c8512030f465a66915028285ed8a2773740,focal-GT directional trajectory,,,cumulative incidence,
final_evidence_v3_bound_output,0.0,0.0,,o2o,0.0,EV-BOUNDARY-GEOMETRY-V3,V3,300,aj_cumulative_incidence,cif_other,29048,676,b,0.0888671875,Other,all,All,runs/20260903_boundary_full_grid_1024_postprocess_v2/tau_01250/survival_cif.csv,1a90951b52587823e82fe89c99a12c8512030f465a66915028285ed8a2773740,focal-GT directional trajectory,,,cumulative incidence,
final_evidence_v3_bound_output,0.0,0.0,,o2o,0.0,EV-BOUNDARY-GEOMETRY-V3,V3,300,aj_cumulative_incidence,cif_other,29048,676,b,0.08984375,Other,all,All,runs/20260903_boundary_full_grid_1024_postprocess_v2/tau_01250/survival_cif.csv,1a90951b52587823e82fe89c99a12c8512030f465a66915028285ed8a2773740,focal-GT directional trajectory,,,cumulative incidence,
final_evidence_v3_bound_output,0.0,0.0,,o2o,0.0,EV-BOUNDARY-GEOMETRY-V3,V3,300,aj_cumulative_incidence,cif_other,29048,676,b,0.0908203125,Other,all,All,runs/20260903_boundary_full_grid_1024_postprocess_v2/tau_01250/survival_cif.csv,1a90951b52587823e82fe89c99a12c8512030f465a66915028285ed8a2773740,focal-GT directional trajectory,,,cumulative incidence,
final_evidence_v3_bound_output,0.0,0.0,,o2o,0.0,EV-BOUNDARY-GEOMETRY-V3,V3,300,aj_cumulative_incidence,cif_other,29048,676,b,0.091796875,Other,all,All,runs/20260903_boundary_full_grid_1024_postprocess_v2/tau_01250/survival_cif.csv,1a90951b52587823e82fe89c99a12c8512030f465a66915028285ed8a2773740,focal-GT directional trajectory,,,cumulative incidence,
final_evidence_v3_bound_output,0.0,0.0,,o2o,0.0,EV-BOUNDARY-GEOMETRY-V3,V3,300,aj_cumulative_incidence,cif_other,29048,676,b,0.0927734375,Other,all,All,runs/20260903_boundary_full_grid_1024_postprocess_v2/tau_01250/survival_cif.csv,1a90951b52587823e82fe89c99a12c8512030f465a66915028285ed8a2773740,focal-GT directional trajectory,,,cumulative incidence,
final_evidence_v3_bound_output,0.0,0.0,,o2o,0.0,EV-BOUNDARY-GEOMETRY-V3,V3,300,aj_cumulative_incidence,cif_other,29048,676,b,0.09375,Other,all,All,runs/20260903_boundary_full_grid_1024_postprocess_v2/tau_01250/survival_cif.csv,1a90951b52587823e82fe89c99a12c8512030f465a66915028285ed8a2773740,focal-GT directional trajectory,,,cumulative incidence,
final_evidence_v3_bound_output,0.0,0.0,,o2o,0.0,EV-BOUNDARY-GEOMETRY-V3,V3,300,aj_cumulative_incidence,cif_other,29048,676,b,0.0947265625,Other,all,All,runs/20260903_boundary_full_grid_1024_postprocess_v2/tau_01250/survival_cif.csv,1a90951b52587823e82fe89c99a12c8512030f465a66915028285ed8a2773740,focal-GT directional trajectory,,,cumulative incidence,
final_evidence_v3_bound_output,0.0,0.0,,o2o,0.0,EV-BOUNDARY-GEOMETRY-V3,V3,300,aj_cumulative_incidence,cif_other,29048,676,b,0.095703125,Other,all,All,runs/20260903_boundary_full_grid_1024_postprocess_v2/tau_01250/survival_cif.csv,1a90951b52587823e82fe89c99a12c8512030f465a66915028285ed8a2773740,focal-GT directional trajectory,,,cumulative incidence,
final_evidence_v3_bound_output,0.0,0.0,,o2o,0.0,EV-BOUNDARY-GEOMETRY-V3,V3,300,aj_cumulative_incidence,cif_other,29048,676,b,0.0966796875,Other,all,All,runs/20260903_boundary_full_grid_1024_postprocess_v2/tau_01250/survival_cif.csv,1a90951b52587823e82fe89c99a12c8512030f465a66915028285ed8a2773740,focal-GT directional trajectory,,,cumulative incidence,
final_evidence_v3_bound_output,0.0,0.0,,o2o,0.0,EV-BOUNDARY-GEOMETRY-V3,V3,300,aj_cumulative_incidence,cif_other,29048,676,b,0.09765625,Other,all,All,runs/20260903_boundary_full_grid_1024_postprocess_v2/tau_01250/survival_cif.csv,1a90951b52587823e82fe89c99a12c8512030f465a66915028285ed8a2773740,focal-GT directional trajectory,,,cumulative incidence,
final_evidence_v3_bound_output,0.0,0.0,,o2o,0.0,EV-BOUNDARY-GEOMETRY-V3,V3,300,aj_cumulative_incidence,cif_other,29048,676,b,0.0986328125,Other,all,All,runs/20260903_boundary_full_grid_1024_postprocess_v2/tau_01250/survival_cif.csv,1a90951b52587823e82fe89c99a12c8512030f465a66915028285ed8a2773740,focal-GT directional trajectory,,,cumulative incidence,
final_evidence_v3_bound_output,0.0,0.0,,o2o,0.0,EV-BOUNDARY-GEOMETRY-V3,V3,300,aj_cumulative_incidence,cif_other,29048,676,b,0.099609375,Other,all,All,runs/20260903_boundary_full_grid_1024_postprocess_v2/tau_01250/survival_cif.csv,1a90951b52587823e82fe89c99a12c8512030f465a66915028285ed8a2773740,focal-GT directional trajectory,,,cumulative incidence,
final_evidence_v3_bound_output,0.0,0.0,,o2o,0.0,EV-BOUNDARY-GEOMETRY-V3,V3,300,aj_cumulative_incidence,cif_other,29048,676,b,0.1005859375,Other,all,All,runs/20260903_boundary_full_grid_1024_postprocess_v2/tau_01250/survival_cif.csv,1a90951b52587823e82fe89c99a12c8512030f465a66915028285ed8a2773740,focal-GT directional trajectory,,,cumulative incidence,
final_evidence_v3_bound_output,0.0,0.0,,o2o,0.0,EV-BOUNDARY-GEOMETRY-V3,V3,300,aj_cumulative_incidence,cif_other,29048,676,b,0.1015625,Other,all,All,runs/20260903_boundary_full_grid_1024_postprocess_v2/tau_01250/survival_cif.csv,1a90951b52587823e82fe89c99a12c8512030f465a66915028285ed8a2773740,focal-GT directional trajectory,,,cumulative incidence,
final_evidence_v3_bound_output,0.0,0.0,,o2o,0.0,EV-BOUNDARY-GEOMETRY-V3,V3,300,aj_cumulative_incidence,cif_other,29048,676,b,0.1020620726159657,Other,all,All,runs/20260903_boundary_full_grid_1024_postprocess_v2/tau_01250/survival_cif.csv,1a90951b52587823e82fe89c99a12c8512030f465a66915028285ed8a2773740,focal-GT directional trajectory,,,cumulative incidence,
final_evidence_v3_bound_output,0.0,0.0,,o2o,0.0,EV-BOUNDARY-GEOMETRY-V3,V3,300,aj_cumulative_incidence,cif_other,29048,676,b,0.1025390625,Other,all,All,runs/20260903_boundary_full_grid_1024_postprocess_v2/tau_01250/survival_cif.csv,1a90951b52587823e82fe89c99a12c8512030f465a66915028285ed8a2773740,focal-GT directional trajectory,,,cumulative incidence,
final_evidence_v3_bound_output,0.0,0.0,,o2o,0.0,EV-BOUNDARY-GEOMETRY-V3,V3,300,aj_cumulative_incidence,cif_other,29048,676,b,0.103515625,Other,all,All,runs/20260903_boundary_full_grid_1024_postprocess_v2/tau_01250/survival_cif.csv,1a90951b52587823e82fe89c99a12c8512030f465a66915028285ed8a2773740,focal-GT directional trajectory,,,cumulative incidence,
final_evidence_v3_bound_output,0.0,0.0,,o2o,0.0,EV-BOUNDARY-GEOMETRY-V3,V3,300,aj_cumulative_incidence,cif_other,29048,676,b,0.1044921875,Other,all,All,runs/20260903_boundary_full_grid_1024_postprocess_v2/tau_01250/survival_cif.csv,1a90951b52587823e82fe89c99a12c8512030f465a66915028285ed8a2773740,focal-GT directional trajectory,,,cumulative incidence,
final_evidence_v3_bound_output,0.0,0.0,,o2o,0.0,EV-BOUNDARY-GEOMETRY-V3,V3,300,aj_cumulative_incidence,cif_other,29048,676,b,0.10546875,Other,all,All,runs/20260903_boundary_full_grid_1024_postprocess_v2/tau_01250/survival_cif.csv,1a90951b52587823e82fe89c99a12c8512030f465a66915028285ed8a2773740,focal-GT directional trajectory,,,cumulative incidence,
final_evidence_v3_bound_output,0.0,0.0,,o2o,0.0,EV-BOUNDARY-GEOMETRY-V3,V3,300,aj_cumulative_incidence,cif_other,29048,676,b,0.1064453125,Other,all,All,runs/20260903_boundary_full_grid_1024_postprocess_v2/tau_01250/survival_cif.csv,1a90951b52587823e82fe89c99a12c8512030f465a66915028285ed8a2773740,focal-GT directional trajectory,,,cumulative incidence,
final_evidence_v3_bound_output,0.0,0.0,,o2o,0.0,EV-BOUNDARY-GEOMETRY-V3,V3,300,aj_cumulative_incidence,cif_other,29048,676,b,0.107421875,Other,all,All,runs/20260903_boundary_full_grid_1024_postprocess_v2/tau_01250/survival_cif.csv,1a90951b52587823e82fe89c99a12c8512030f465a66915028285ed8a2773740,focal-GT directional trajectory,,,cumulative incidence,
final_evidence_v3_bound_output,0.0,0.0,,o2o,0.0,EV-BOUNDARY-GEOMETRY-V3,V3,300,aj_cumulative_incidence,cif_other,29048,676,b,0.1083984375,Other,all,All,runs/20260903_boundary_full_grid_1024_postprocess_v2/tau_01250/survival_cif.csv,1a90951b52587823e82fe89c99a12c8512030f465a66915028285ed8a2773740,focal-GT directional trajectory,,,cumulative incidence,
final_evidence_v3_bound_output,0.0,0.0,,o2o,0.0,EV-BOUNDARY-GEOMETRY-V3,V3,300,aj_cumulative_incidence,cif_other,29048,676,b,0.109375,Other,all,All,runs/20260903_boundary_full_grid_1024_postprocess_v2/tau_01250/survival_cif.csv,1a90951b52587823e82fe89c99a12c8512030f465a66915028285ed8a2773740,focal-GT directional trajectory,,,cumulative incidence,
final_evidence_v3_bound_output,0.0,0.0,,o2o,0.0,EV-BOUNDARY-GEOMETRY-V3,V3,300,aj_cumulative_incidence,cif_other,29048,676,b,0.1103515625,Other,all,All,runs/20260903_boundary_full_grid_1024_postprocess_v2/tau_01250/survival_cif.csv,1a90951b52587823e82fe89c99a12c8512030f465a66915028285ed8a2773740,focal-GT directional trajectory,,,cumulative incidence,
final_evidence_v3_bound_output,0.0,0.0,,o2o,0.0,EV-BOUNDARY-GEOMETRY-V3,V3,300,aj_cumulative_incidence,cif_other,29048,676,b,0.111328125,Other,all,All,runs/20260903_boundary_full_grid_1024_postprocess_v2/tau_01250/survival_cif.csv,1a90951b52587823e82fe89c99a12c8512030f465a66915028285ed8a2773740,focal-GT directional trajectory,,,cumulative incidence,
final_evidence_v3_bound_output,0.0,0.0,,o2o,0.0,EV-BOUNDARY-GEOMETRY-V3,V3,300,aj_cumulative_incidence,cif_other,29048,676,b,0.1123046875,Other,all,All,runs/20260903_boundary_full_grid_1024_postprocess_v2/tau_01250/survival_cif.csv,1a90951b52587823e82fe89c99a12c8512030f465a66915028285ed8a2773740,focal-GT directional trajectory,,,cumulative incidence,
final_evidence_v3_bound_output,0.0,0.0,,o2o,0.0,EV-BOUNDARY-GEOMETRY-V3,V3,300,aj_cumulative_incidence,cif_other,29048,676,b,0.11328125,Other,all,All,runs/20260903_boundary_full_grid_1024_postprocess_v2/tau_01250/survival_cif.csv,1a90951b52587823e82fe89c99a12c8512030f465a66915028285ed8a2773740,focal-GT directional trajectory,,,cumulative incidence,
final_evidence_v3_bound_output,0.0,0.0,,o2o,0.0,EV-BOUNDARY-GEOMETRY-V3,V3,300,aj_cumulative_incidence,cif_other,29048,676,b,0.1142578125,Other,all,All,runs/20260903_boundary_full_grid_1024_postprocess_v2/tau_01250/survival_cif.csv,1a90951b52587823e82fe89c99a12c8512030f465a66915028285ed8a2773740,focal-GT directional trajectory,,,cumulative incidence,
final_evidence_v3_bound_output,0.0,0.0,,o2o,0.0,EV-BOUNDARY-GEOMETRY-V3,V3,300,aj_cumulative_incidence,cif_other,29048,676,b,0.115234375,Other,all,All,runs/20260903_boundary_full_grid_1024_postprocess_v2/tau_01250/survival_cif.csv,1a90951b52587823e82fe89c99a12c8512030f465a66915028285ed8a2773740,focal-GT directional trajectory,,,cumulative incidence,
final_evidence_v3_bound_output,0.0,0.0,,o2o,0.0,EV-BOUNDARY-GEOMETRY-V3,V3,300,aj_cumulative_incidence,cif_other,29048,676,b,0.1162109375,Other,all,All,runs/20260903_boundary_full_grid_1024_postprocess_v2/tau_01250/survival_cif.csv,1a90951b52587823e82fe89c99a12c8512030f465a66915028285ed8a2773740,focal-GT directional trajectory,,,cumulative incidence,
final_evidence_v3_bound_output,0.0,0.0,,o2o,0.0,EV-BOUNDARY-GEOMETRY-V3,V3,300,aj_cumulative_incidence,cif_other,29048,676,b,0.1171875,Other,all,All,runs/20260903_boundary_full_grid_1024_postprocess_v2/tau_01250/survival_cif.csv,1a90951b52587823e82fe89c99a12c8512030f465a66915028285ed8a2773740,focal-GT directional trajectory,,,cumulative incidence,
final_evidence_v3_bound_output,0.0,0.0,,o2o,0.0,EV-BOUNDARY-GEOMETRY-V3,V3,300,aj_cumulative_incidence,cif_other,29048,676,b,0.1181640625,Other,all,All,runs/20260903_boundary_full_grid_1024_postprocess_v2/tau_01250/survival_cif.csv,1a90951b52587823e82fe89c99a12c8512030f465a66915028285ed8a2773740,focal-GT directional trajectory,,,cumulative incidence,
final_evidence_v3_bound_output,0.0,0.0,,o2o,0.0,EV-BOUNDARY-GEOMETRY-V3,V3,300,aj_cumulative_incidence,cif_other,29048,676,b,0.119140625,Other,all,All,runs/20260903_boundary_full_grid_1024_postprocess_v2/tau_01250/survival_cif.csv,1a90951b52587823e82fe89c99a12c8512030f465a66915028285ed8a2773740,focal-GT directional trajectory,,,cumulative incidence,
final_evidence_v3_bound_output,0.0,0.0,,o2o,0.0,EV-BOUNDARY-GEOMETRY-V3,V3,300,aj_cumulative_incidence,cif_other,29048,676,b,0.1201171875,Other,all,All,runs/20260903_boundary_full_grid_1024_postprocess_v2/tau_01250/survival_cif.csv,1a90951b52587823e82fe89c99a12c8512030f465a66915028285ed8a2773740,focal-GT directional trajectory,,,cumulative incidence,
final_evidence_v3_bound_output,0.0,0.0,,o2o,0.0,EV-BOUNDARY-GEOMETRY-V3,V3,300,aj_cumulative_incidence,cif_other,29048,676,b,0.12109375,Other,all,All,runs/20260903_boundary_full_grid_1024_postprocess_v2/tau_01250/survival_cif.csv,1a90951b52587823e82fe89c99a12c8512030f465a66915028285ed8a2773740,focal-GT directional trajectory,,,cumulative incidence,
final_evidence_v3_bound_output,0.0,0.0,,o2o,0.0,EV-BOUNDARY-GEOMETRY-V3,V3,300,aj_cumulative_incidence,cif_other,29048,676,b,0.1220703125,Other,all,All,runs/20260903_boundary_full_grid_1024_postprocess_v2/tau_01250/survival_cif.csv,1a90951b52587823e82fe89c99a12c8512030f465a66915028285ed8a2773740,focal-GT directional trajectory,,,cumulative incidence,
final_evidence_v3_bound_output,0.0,0.0,,o2o,0.0,EV-BOUNDARY-GEOMETRY-V3,V3,300,aj_cumulative_incidence,cif_other,29048,676,b,0.123046875,Other,all,All,runs/20260903_boundary_full_grid_1024_postprocess_v2/tau_01250/survival_cif.csv,1a90951b52587823e82fe89c99a12c8512030f465a66915028285ed8a2773740,focal-GT directional trajectory,,,cumulative incidence,
final_evidence_v3_bound_output,0.0,0.0,,o2o,0.0,EV-BOUNDARY-GEOMETRY-V3,V3,300,aj_cumulative_incidence,cif_other,29048,676,b,0.1240234375,Other,all,All,runs/20260903_boundary_full_grid_1024_postprocess_v2/tau_01250/survival_cif.csv,1a90951b52587823e82fe89c99a12c8512030f465a66915028285ed8a2773740,focal-GT directional trajectory,,,cumulative incidence,
final_evidence_v3_bound_output,0.0,0.0,,o2o,0.0,EV-BOUNDARY-GEOMETRY-V3,V3,300,aj_cumulative_incidence,cif_other,29048,676,b,0.125,Other,all,All,runs/20260903_boundary_full_grid_1024_postprocess_v2/tau_01250/survival_cif.csv,1a90951b52587823e82fe89c99a12c8512030f465a66915028285ed8a2773740,focal-GT directional trajectory,,,cumulative incidence,
final_evidence_v3_bound_output,0.1203180509052679,0.1193217573745087,,o2o,0.1198479560550019,EV-BOUNDARY-GEOMETRY-V3,V3,300,rmcbd_absolute,,29048,676,c,,O2O,all,All,runs/20260903_boundary_full_grid_1024_postprocess_v2/tau_01250/rmsr.csv,58505fa4a2ce39bbfb86bf7de769b63b35f4c003bc11898317b7c116933fe725,focal-GT directional trajectory,,0.125,cardinal distance r,1280354.6065217394
final_evidence_v3_bound_output,0.1017995635551108,0.0986351050477106,,o2m_assigned_positive,0.1002496415464591,EV-BOUNDARY-GEOMETRY-V3,V3,300,rmcbd_absolute,,28996,728,c,,O2M,all,All,runs/20260903_boundary_full_grid_1024_postprocess_v2/tau_01250/rmsr.csv,58505fa4a2ce39bbfb86bf7de769b63b35f4c003bc11898317b7c116933fe725,focal-GT directional trajectory,,0.125,cardinal distance r,1278063.039130435
final_evidence_v3,0.0213175831342062,0.0178850955374854,,o2o_minus_o2m_assigned_positive,0.0195983145085427,EV-BOUNDARY-GEOMETRY-V3,V3,300,rmcbd_paired,,,,c,,O2O − O2M,all,All,runs/20260903_boundary_full_grid_1024_postprocess_v2/tau_01250/rmsr_contrasts.csv,9a0ad9465f0573b46c366231b14784f467579d68d2de96fdc5f01b1f10cb5027,focal-GT directional trajectory,paired stratified image-cluster bootstrap over branch-specific base-defined supports,0.125,cardinal distance r,
final_evidence_v3_bound_output,0.120091175981199,0.1191481279830056,,o2o,0.1196216048608141,EV-BOUNDARY-GEOMETRY-V3,V3,300,rmcbd_absolute,,25084,676,c,,O2O,t_8_16,8–16 px,runs/20260903_boundary_full_grid_1024_postprocess_v2/tau_01250/rmsr.csv,58505fa4a2ce39bbfb86bf7de769b63b35f4c003bc11898317b7c116933fe725,focal-GT directional trajectory,,0.125,cardinal distance r,1105472.7500000002
final_evidence_v3_bound_output,0.1035742219167033,0.100737283076035,,o2m_assigned_positive,0.1021724485388947,EV-BOUNDARY-GEOMETRY-V3,V3,300,rmcbd_absolute,,25032,728,c,,O2M,t_8_16,8–16 px,runs/20260903_boundary_full_grid_1024_postprocess_v2/tau_01250/rmsr.csv,58505fa4a2ce39bbfb86bf7de769b63b35f4c003bc11898317b7c116933fe725,focal-GT directional trajectory,,0.125,cardinal distance r,1103181.182608696
final_evidence_v3,0.0189795805823208,0.0158606217755474,,o2o_minus_o2m_assigned_positive,0.0174491563219193,EV-BOUNDARY-GEOMETRY-V3,V3,300,rmcbd_paired,,,,c,,O2O − O2M,t_8_16,8–16 px,runs/20260903_boundary_full_grid_1024_postprocess_v2/tau_01250/rmsr_contrasts.csv,9a0ad9465f0573b46c366231b14784f467579d68d2de96fdc5f01b1f10cb5027,focal-GT directional trajectory,paired stratified image-cluster bootstrap over branch-specific base-defined supports,0.125,cardinal distance r,
final_evidence_v3_bound_output,0.1224469685722036,0.1198028837730272,,o2o,0.1212817587023053,EV-BOUNDARY-GEOMETRY-V3,V3,300,rmcbd_absolute,,3964,0,c,,O2O,s_16_32,16–32 px,runs/20260903_boundary_full_grid_1024_postprocess_v2/tau_01250/rmsr.csv,58505fa4a2ce39bbfb86bf7de769b63b35f4c003bc11898317b7c116933fe725,focal-GT directional trajectory,,0.125,cardinal distance r,174881.85652173916
final_evidence_v3_bound_output,0.0919237037639618,0.0846299340204636,,o2m_assigned_positive,0.0880936028610948,EV-BOUNDARY-GEOMETRY-V3,V3,300,rmcbd_absolute,,3964,0,c,,O2M,s_16_32,16–32 px,runs/20260903_boundary_full_grid_1024_postprocess_v2/tau_01250/rmsr.csv,58505fa4a2ce39bbfb86bf7de769b63b35f4c003bc11898317b7c116933fe725,focal-GT directional trajectory,,0.125,cardinal distance r,174881.85652173916
final_evidence_v3,0.0365159584935815,0.0293706709474505,,o2o_minus_o2m_assigned_positive,0.0331881558412104,EV-BOUNDARY-GEOMETRY-V3,V3,300,rmcbd_paired,,,,c,,O2O − O2M,s_16_32,16–32 px,runs/20260903_boundary_full_grid_1024_postprocess_v2/tau_01250/rmsr_contrasts.csv,9a0ad9465f0573b46c366231b14784f467579d68d2de96fdc5f01b1f10cb5027,focal-GT directional trajectory,paired stratified image-cluster bootstrap over branch-specific base-defined supports,0.125,cardinal distance r,
final_evidence_v3_bound_output,0.0042652851409808,0.0034473961368458,29724,o2o_minus_o2m_assigned_positive,0.0038420327625664,EV-BOUNDARY-GEOMETRY-V3,V3,300,rmcbd_tau_sensitivity,,,,d,,All,all,All,runs/20260903_boundary_full_grid_1024_postprocess_v2/tau_00500/rmsr_contrasts.csv,f916abd6a835ce09047dec2628d3597eb06ba13a31ae96428be53d67dfa94dee,focal-GT directional trajectory,,0.05,cardinal distance r,
final_evidence_v3_bound_output,0.0036600685989693,0.0029659368518524,29724,o2o_minus_o2m_assigned_positive,0.0033078808527775,EV-BOUNDARY-GEOMETRY-V3,V3,300,rmcbd_tau_sensitivity,,,,d,,8–16 px,t_8_16,8–16 px,runs/20260903_boundary_full_grid_1024_postprocess_v2/tau_00500/rmsr_contrasts.csv,f916abd6a835ce09047dec2628d3597eb06ba13a31ae96428be53d67dfa94dee,focal-GT directional trajectory,,0.05,cardinal distance r,
final_evidence_v3_bound_output,0.0082960561647489,0.0060705503028945,29724,o2o_minus_o2m_assigned_positive,0.007217790596643,EV-BOUNDARY-GEOMETRY-V3,V3,300,rmcbd_tau_sensitivity,,,,d,,16–32 px,s_16_32,16–32 px,runs/20260903_boundary_full_grid_1024_postprocess_v2/tau_00500/rmsr_contrasts.csv,f916abd6a835ce09047dec2628d3597eb06ba13a31ae96428be53d67dfa94dee,focal-GT directional trajectory,,0.05,cardinal distance r,
final_evidence_v3_bound_output,0.0064190098771617,0.0052378755703196,29724,o2o_minus_o2m_assigned_positive,0.0058088107280888,EV-BOUNDARY-GEOMETRY-V3,V3,300,rmcbd_tau_sensitivity,,,,d,,All,all,All,runs/20260903_boundary_full_grid_1024_postprocess_v2/tau_00625/rmsr_contrasts.csv,1be655cbe4b74aa55741ea09ac8e720d7d28bdf10e92cd07bf42c134871e5af1,focal-GT directional trajectory,,0.0625,cardinal distance r,
final_evidence_v3_bound_output,0.0055569039557403,0.0045487975645465,29724,o2o_minus_o2m_assigned_positive,0.0050484041044081,EV-BOUNDARY-GEOMETRY-V3,V3,300,rmcbd_tau_sensitivity,,,,d,,8–16 px,t_8_16,8–16 px,runs/20260903_boundary_full_grid_1024_postprocess_v2/tau_00625/rmsr_contrasts.csv,1be655cbe4b74aa55741ea09ac8e720d7d28bdf10e92cd07bf42c134871e5af1,focal-GT directional trajectory,,0.0625,cardinal distance r,
final_evidence_v3_bound_output,0.0120721399473118,0.0090346538280753,29724,o2o_minus_o2m_assigned_positive,0.0106147158845814,EV-BOUNDARY-GEOMETRY-V3,V3,300,rmcbd_tau_sensitivity,,,,d,,16–32 px,s_16_32,16–32 px,runs/20260903_boundary_full_grid_1024_postprocess_v2/tau_00625/rmsr_contrasts.csv,1be655cbe4b74aa55741ea09ac8e720d7d28bdf10e92cd07bf42c134871e5af1,focal-GT directional trajectory,,0.0625,cardinal distance r,
final_evidence_v3_bound_output,0.0146946678708319,0.012216440590176,29724,o2o_minus_o2m_assigned_positive,0.0134404670178922,EV-BOUNDARY-GEOMETRY-V3,V3,300,rmcbd_tau_sensitivity,,,,d,,All,all,All,runs/20260903_boundary_full_grid_1024_postprocess_v2/tau_01000/rmsr_contrasts.csv,ada6e5f87a6343e8b261e5e21372c9a0e124eb20b7bf7c083312acf231273498,focal-GT directional trajectory,,0.1,cardinal distance r,
final_evidence_v3_bound_output,0.012978664898486,0.0107798403885029,29724,o2o_minus_o2m_assigned_positive,0.0118918291977205,EV-BOUNDARY-GEOMETRY-V3,V3,300,rmcbd_tau_sensitivity,,,,d,,8–16 px,t_8_16,8–16 px,runs/20260903_boundary_full_grid_1024_postprocess_v2/tau_01000/rmsr_contrasts.csv,ada6e5f87a6343e8b261e5e21372c9a0e124eb20b7bf7c083312acf231273498,focal-GT directional trajectory,,0.1,cardinal distance r,
final_evidence_v3_bound_output,0.0258209526537462,0.0203304037186917,29724,o2o_minus_o2m_assigned_positive,0.0232311228973019,EV-BOUNDARY-GEOMETRY-V3,V3,300,rmcbd_tau_sensitivity,,,,d,,16–32 px,s_16_32,16–32 px,runs/20260903_boundary_full_grid_1024_postprocess_v2/tau_01000/rmsr_contrasts.csv,ada6e5f87a6343e8b261e5e21372c9a0e124eb20b7bf7c083312acf231273498,focal-GT directional trajectory,,0.1,cardinal distance r,
final_evidence_v3,0.0213175831342062,0.0178850955374854,29724,o2o_minus_o2m_assigned_positive,0.0195983145085427,EV-BOUNDARY-GEOMETRY-V3,V3,300,rmcbd_tau_sensitivity,,,,d,,All,all,All,runs/20260903_boundary_full_grid_1024_postprocess_v2/tau_01250/rmsr_contrasts.csv,9a0ad9465f0573b46c366231b14784f467579d68d2de96fdc5f01b1f10cb5027,focal-GT directional trajectory,,0.125,cardinal distance r,
final_evidence_v3,0.0189795805823208,0.0158606217755474,29724,o2o_minus_o2m_assigned_positive,0.0174491563219193,EV-BOUNDARY-GEOMETRY-V3,V3,300,rmcbd_tau_sensitivity,,,,d,,8–16 px,t_8_16,8–16 px,runs/20260903_boundary_full_grid_1024_postprocess_v2/tau_01250/rmsr_contrasts.csv,9a0ad9465f0573b46c366231b14784f467579d68d2de96fdc5f01b1f10cb5027,focal-GT directional trajectory,,0.125,cardinal distance r,
final_evidence_v3,0.0365159584935815,0.0293706709474505,29724,o2o_minus_o2m_assigned_positive,0.0331881558412104,EV-BOUNDARY-GEOMETRY-V3,V3,300,rmcbd_tau_sensitivity,,,,d,,16–32 px,s_16_32,16–32 px,runs/20260903_boundary_full_grid_1024_postprocess_v2/tau_01250/rmsr_contrasts.csv,9a0ad9465f0573b46c366231b14784f467579d68d2de96fdc5f01b1f10cb5027,focal-GT directional trajectory,,0.125,cardinal distance r,
final_evidence_v3_bound_output,0.0444761535545808,0.0379774165622787,29724,o2o_minus_o2m_assigned_positive,0.0413009322543433,EV-BOUNDARY-GEOMETRY-V3,V3,300,rmcbd_tau_sensitivity,,,,d,,All,all,All,runs/20260903_boundary_full_grid_1024_postprocess_v2/tau_02000/rmsr_contrasts.csv,7a20f920d38e312b62ac57e9e55be85cdc6e11b232c6d568e0d171b232dc3af3,focal-GT directional trajectory,,0.2,cardinal distance r,
final_evidence_v3_bound_output,0.0401142765963349,0.0339760082032132,29724,o2o_minus_o2m_assigned_positive,0.0371958321573708,EV-BOUNDARY-GEOMETRY-V3,V3,300,rmcbd_tau_sensitivity,,,,d,,8–16 px,t_8_16,8–16 px,runs/20260903_boundary_full_grid_1024_postprocess_v2/tau_02000/rmsr_contrasts.csv,7a20f920d38e312b62ac57e9e55be85cdc6e11b232c6d568e0d171b232dc3af3,focal-GT directional trajectory,,0.2,cardinal distance r,
final_evidence_v3_bound_output,0.0727317730528229,0.0611747153954086,29724,o2o_minus_o2m_assigned_positive,0.0672676347696078,EV-BOUNDARY-GEOMETRY-V3,V3,300,rmcbd_tau_sensitivity,,,,d,,16–32 px,s_16_32,16–32 px,runs/20260903_boundary_full_grid_1024_postprocess_v2/tau_02000/rmsr_contrasts.csv,7a20f920d38e312b62ac57e9e55be85cdc6e11b232c6d568e0d171b232dc3af3,focal-GT directional trajectory,,0.2,cardinal distance r,
final_evidence_v3_bound_output,0.06092916571498,0.0521974434476996,29724,o2o_minus_o2m_assigned_positive,0.0567291226109276,EV-BOUNDARY-GEOMETRY-V3,V3,300,rmcbd_tau_sensitivity,,,,d,,All,all,All,runs/20260903_boundary_full_grid_1024_postprocess_v2/tau_02500/rmsr_contrasts.csv,1aa4a5fc47c80230f93fe3a78b6b467a702e8336e657a2728394d7d2813fae92,focal-GT directional trajectory,,0.25,cardinal distance r,
final_evidence_v3_bound_output,0.0551839009819544,0.0469619750539769,29724,o2o_minus_o2m_assigned_positive,0.0512900307676915,EV-BOUNDARY-GEOMETRY-V3,V3,300,rmcbd_tau_sensitivity,,,,d,,8–16 px,t_8_16,8–16 px,runs/20260903_boundary_full_grid_1024_postprocess_v2/tau_02500/rmsr_contrasts.csv,1aa4a5fc47c80230f93fe3a78b6b467a702e8336e657a2728394d7d2813fae92,focal-GT directional trajectory,,0.25,cardinal distance r,
final_evidence_v3_bound_output,0.0980440497328352,0.0835554839759617,29724,o2o_minus_o2m_assigned_positive,0.091139522660141,EV-BOUNDARY-GEOMETRY-V3,V3,300,rmcbd_tau_sensitivity,,,,d,,16–32 px,s_16_32,16–32 px,runs/20260903_boundary_full_grid_1024_postprocess_v2/tau_02500/rmsr_contrasts.csv,1aa4a5fc47c80230f93fe3a78b6b467a702e8336e657a2728394d7d2813fae92,focal-GT directional trajectory,,0.25,cardinal distance r,
