image_id,size_bin,sampling_weight,o2o_base_margin,rho_R_event_observed,rho_R_radius
0000126_00054_d_0000124__1200_0,s_16_32,44.130434782608695,0.5451499479633407,1,0.0703125
0000126_00054_d_0000124__1200_0,t_8_16,44.130434782608695,0.1709524394808906,1,0.0830078125
0000126_00054_d_0000124__1200_0,t_8_16,44.130434782608695,0.4853337125541254,1,0.0205078125
0000126_00054_d_0000124__1200_0,t_8_16,44.130434782608695,0.4853337125541254,1,0.248046875
0000126_00054_d_0000124__1200_0,t_8_16,44.130434782608695,0.7249862572263965,1,0.08984375
0000126_00054_d_0000124__1200_0,t_8_16,44.130434782608695,0.5868383500869593,1,0.0458984375
0000126_00054_d_0000124__1200_0,t_8_16,44.130434782608695,0.5868383500869593,1,0.1083984375
0000170_00401_d_0000001__160_0,s_16_32,44.130434782608695,0.243784176852045,1,0.1103515625
0000170_00401_d_0000001__160_0,t_8_16,44.130434782608695,0.3695926655309872,1,0.07421875
0000170_00401_d_0000001__160_0,t_8_16,44.130434782608695,0.3695926655309872,1,0.2109375
0000170_00401_d_0000001__160_0,t_8_16,44.130434782608695,0.4814321134929658,1,0.0361328125
0000170_00401_d_0000001__160_0,t_8_16,44.130434782608695,0.4814321134929658,1,0.072265625
0000170_00401_d_0000001__160_0,t_8_16,44.130434782608695,0.9511129281039468,1,0.1650390625
0000170_00401_d_0000001__160_0,t_8_16,44.130434782608695,0.5799997264740162,1,0.20703125
0000170_00401_d_0000001__160_0,t_8_16,44.130434782608695,0.5175733795113798,1,0.0693359375
0000170_00401_d_0000001__160_0,s_16_32,44.130434782608695,0.3578093531218504,1,0.0244140625
0000170_00401_d_0000001__160_0,s_16_32,44.130434782608695,0.1254100397101803,1,0.0703125
0000170_00401_d_0000001__160_0,s_16_32,44.130434782608695,0.1254100397101803,1,0.029296875
0000170_00401_d_0000001__160_0,t_8_16,44.130434782608695,0.626449127690861,1,0.1787109375
0000170_00401_d_0000001__160_0,s_16_32,44.130434782608695,0.5238319568080672,1,0.2265625
0000170_00401_d_0000001__160_0,s_16_32,44.130434782608695,0.5238319568080672,1,0.0859375
0000170_00401_d_0000001__160_0,s_16_32,44.130434782608695,0.5597914188737321,1,0.0205078125
0000170_00401_d_0000001__160_0,t_8_16,44.130434782608695,0.7661811287213424,1,0.08984375
0000170_00401_d_0000001__160_0,t_8_16,44.130434782608695,0.5240464703077639,1,0.0498046875
0000170_00401_d_0000001__160_0,t_8_16,44.130434782608695,0.6850147374423101,1,0.0703125
0000170_00401_d_0000001__160_0,t_8_16,44.130434782608695,0.8659611868568532,1,0.185546875
0000170_00401_d_0000001__160_0,t_8_16,44.130434782608695,0.9924195836371692,1,0.1650390625
0000170_00401_d_0000001__160_0,s_16_32,44.130434782608695,0.8555879639112081,1,0.18359375
0000170_00401_d_0000001__160_0,s_16_32,44.130434782608695,0.1492526860082961,1,0.015625
0000170_00401_d_0000001__160_0,s_16_32,44.130434782608695,0.1492526860082961,1,0.021484375
0000170_00401_d_0000001__160_0,s_16_32,44.130434782608695,0.6899897386619832,1,0.1416015625
0000170_00401_d_0000001__160_0,s_16_32,44.130434782608695,0.6899897386619832,1,0.0400390625
0000170_00401_d_0000001__160_0,t_8_16,44.130434782608695,0.7987377863296491,1,0.1474609375
0000174_01601_d_0000001__0_0,t_8_16,44.130434782608695,0.8996744290779315,1,0.16796875
0000174_01601_d_0000001__0_0,t_8_16,44.130434782608695,0.2375846186667261,1,0.0087890625
0000174_01601_d_0000001__0_0,t_8_16,44.130434782608695,0.4551004543582191,1,0.0810546875
0000174_01601_d_0000001__0_0,t_8_16,44.130434782608695,0.5856012331733921,1,0.0908203125
0000181_00889_d_0000030__0_0,s_16_32,44.130434782608695,0.0219718243993551,1,0.0224609375
0000181_00889_d_0000030__0_0,s_16_32,44.130434782608695,0.0219718243993551,1,0.0478515625
0000181_00889_d_0000030__0_0,s_16_32,44.130434782608695,0.0219718243993551,1,0.001953125
0000181_00889_d_0000030__0_0,t_8_16,44.130434782608695,0.1744671700898671,1,0.0498046875
0000181_00889_d_0000030__0_0,t_8_16,44.130434782608695,0.1744671700898671,1,0.1005859375
0000181_00889_d_0000030__0_0,t_8_16,44.130434782608695,0.5109512552908259,1,0.05859375
0000181_00889_d_0000030__0_0,t_8_16,44.130434782608695,0.5109512552908259,1,0.09765625
0000181_00889_d_0000030__0_0,t_8_16,44.130434782608695,0.5109512552908259,1,0.1142578125
0000181_00889_d_0000030__0_0,s_16_32,44.130434782608695,0.4470819648112523,1,0.0859375
0000181_00889_d_0000030__0_0,t_8_16,44.130434782608695,0.9944883727733558,1,0.244140625
0000181_00889_d_0000030__0_0,t_8_16,44.130434782608695,0.9305144465037052,1,0.1904296875
0000181_00889_d_0000030__0_0,t_8_16,44.130434782608695,0.5484206853176975,1,0.0634765625
0000181_00889_d_0000030__0_0,t_8_16,44.130434782608695,0.5484206853176975,1,0.111328125
0000181_00889_d_0000030__0_0,t_8_16,44.130434782608695,0.2375776056801005,1,0.015625
0000181_00889_d_0000030__0_0,t_8_16,44.130434782608695,0.9725487445192292,1,0.1298828125
0000243_00001_d_0000001__160_0,t_8_16,44.130434782608695,0.3244151948353687,1,0.0126953125
0000243_00001_d_0000001__160_0,t_8_16,44.130434782608695,0.7983954764383948,1,0.2255859375
0000313_00201_d_0000437__0_0,t_8_16,44.130434782608695,0.9432596452028932,1,0.1328125
0000313_00201_d_0000437__0_0,t_8_16,44.130434782608695,0.8892987802186518,1,0.1396484375
0000313_00201_d_0000437__0_0,s_16_32,44.130434782608695,0.7948714623603523,1,0.056640625
0000313_00201_d_0000437__0_0,s_16_32,44.130434782608695,0.1817213398668696,1,0.01953125
0000313_00201_d_0000437__0_0,s_16_32,44.130434782608695,0.1817213398668696,1,0.015625
0000313_00201_d_0000437__0_0,t_8_16,44.130434782608695,0.0810332243546279,1,0.1640625
0000313_00201_d_0000437__0_0,t_8_16,44.130434782608695,0.0810332243546279,1,0.046875
0000313_00201_d_0000437__0_0,t_8_16,44.130434782608695,0.2716414185663038,1,0.0341796875
0000313_00201_d_0000437__0_0,t_8_16,44.130434782608695,0.2716414185663038,1,0.0205078125
0000313_00201_d_0000437__0_0,s_16_32,44.130434782608695,0.0440781043461545,1,0.048828125
0000313_00201_d_0000437__0_0,s_16_32,44.130434782608695,0.0440781043461545,1,0.005859375
0000313_00201_d_0000437__0_0,t_8_16,44.130434782608695,0.8679284390066929,1,0.208984375
0000313_00201_d_0000437__0_0,t_8_16,44.130434782608695,0.519610543817953,1,0.177734375
0000313_00201_d_0000437__0_0,s_16_32,44.130434782608695,0.3296270928065675,1,0.0732421875
0000313_00201_d_0000437__0_0,t_8_16,44.130434782608695,0.9352873482550488,1,0.091796875
0000313_00201_d_0000437__0_0,s_16_32,44.130434782608695,0.579039765104027,1,0.193359375
0000313_00201_d_0000437__0_0,s_16_32,44.130434782608695,0.2825864319171,1,0.017578125
0000313_00201_d_0000437__0_0,s_16_32,44.130434782608695,0.9560695557500588,1,0.125
0000313_00201_d_0000437__0_0,s_16_32,44.130434782608695,0.1340997060868864,1,0.01953125
0000313_00201_d_0000437__0_0,s_16_32,44.130434782608695,0.1340997060868864,1,0.025390625
03592,t_8_16,43.8625,0.874846010159037,1,0.14453125
06914,t_8_16,44.130434782608695,0.7231211569915053,1,0.0712890625
06914,t_8_16,44.130434782608695,0.0570691788610164,1,0.0107421875
06914,t_8_16,44.130434782608695,0.0570691788610164,1,0.0458984375
06914,t_8_16,44.130434782608695,0.7209159879258978,1,0.21875
06914,s_16_32,44.130434782608695,0.5642590751189014,1,0.146484375
06914,s_16_32,44.130434782608695,0.7614245617863071,1,0.1669921875
06914,t_8_16,44.130434782608695,0.9941549848069936,1,0.177734375
06914,s_16_32,44.130434782608695,0.3342808626748976,1,0.0751953125
06914,s_16_32,44.130434782608695,0.3342808626748976,1,0.0087890625
06914,t_8_16,44.130434782608695,0.9828180086453084,1,0.1572265625
06914,s_16_32,44.130434782608695,0.2001326987069182,1,0.1845703125
06914,s_16_32,44.130434782608695,0.2001326987069182,1,0.025390625
06914,t_8_16,44.130434782608695,0.8941983069905862,1,0.2119140625
06914,t_8_16,44.130434782608695,0.9913291038505994,1,0.1513671875
06914,s_16_32,44.130434782608695,0.7434992040786417,1,0.12109375
06914,t_8_16,44.130434782608695,0.7632108387671918,1,0.13671875
06914,t_8_16,44.130434782608695,0.9789215036881794,1,0.1923828125
06914,t_8_16,44.130434782608695,0.435835308717358,1,0.087890625
06914,t_8_16,44.130434782608695,0.435835308717358,1,0.091796875
09032,t_8_16,43.8625,0.217999572046906,1,0.0419921875
09032,t_8_16,43.8625,0.217999572046906,1,0.091796875
0efd60e89,t_8_16,43.8625,0.1299334200615033,1,0.1083984375
0efd60e89,t_8_16,43.8625,0.1299334200615033,1,0.025390625
0fd1536b1,t_8_16,43.8625,0.9261253326310284,1,0.2294921875
105__1800_1914,t_8_16,44.130434782608695,0.2978752867124892,1,0.03125
105__1800_1914,t_8_16,44.130434782608695,0.2978752867124892,1,0.0244140625
105__1800_1914,t_8_16,44.130434782608695,0.1016265289901569,1,0.0107421875
105__1800_1914,t_8_16,44.130434782608695,0.0952414954850737,1,0.1640625
105__1800_1914,t_8_16,44.130434782608695,0.0952414954850737,1,0.0048828125
105__1800_1914,t_8_16,44.130434782608695,0.1073276453664122,1,0.005859375
105__1800_1914,t_8_16,44.130434782608695,0.1073276453664122,1,0.1328125
105__1800_1914,t_8_16,44.130434782608695,0.6744156403606189,1,0.0419921875
105__1800_1914,t_8_16,44.130434782608695,0.1265704587614601,1,0.03125
105__1800_1914,t_8_16,44.130434782608695,0.1265704587614601,1,0.029296875
105__1800_1914,t_8_16,44.130434782608695,0.7147746081967385,1,0.236328125
105__1800_1914,t_8_16,44.130434782608695,0.066451526032769,1,0.04296875
105__1800_1914,t_8_16,44.130434782608695,0.066451526032769,1,0.0029296875
10660,t_8_16,44.130434782608695,0.8179094601819473,1,0.197265625
106__2400_1914,t_8_16,44.130434782608695,0.8390280678830612,1,0.076171875
106__2400_1914,t_8_16,44.130434782608695,0.8902754767587423,1,0.2099609375
106__2400_1914,t_8_16,44.130434782608695,0.893036665219059,1,0.1669921875
1080__0_600,s_16_32,44.130434782608695,0.2920685678184757,1,0.1923828125
1080__0_600,s_16_32,44.130434782608695,0.2920685678184757,1,0.1865234375
1080__0_600,t_8_16,44.130434782608695,0.9518013795110408,1,0.220703125
1091__600_2216,t_8_16,43.8625,0.4155583236781315,1,0.1103515625
1121__0_0,t_8_16,44.130434782608695,0.925451836533203,1,0.1328125
1121__0_0,t_8_16,44.130434782608695,0.7903854090894467,1,0.095703125
1121__0_0,t_8_16,44.130434782608695,0.0401129284589331,1,0.0390625
1121__0_0,t_8_16,44.130434782608695,0.0401129284589331,1,0.0966796875
1121__0_0,t_8_16,44.130434782608695,0.9658167123519564,1,0.2197265625
1121__0_0,t_8_16,44.130434782608695,0.951945035634321,1,0.091796875
1150__1800_1200,t_8_16,43.8625,0.6561946524691835,1,0.0322265625
1150__1800_1200,t_8_16,43.8625,0.1736138793289358,1,0.0693359375
1158__2033_0,t_8_16,44.130434782608695,0.2961833044367056,1,0.0439453125
1158__2033_0,t_8_16,44.130434782608695,0.0269807229475656,1,0.001953125
1158__2033_0,t_8_16,44.130434782608695,0.0269807229475656,1,0.0703125
1158__2033_0,t_8_16,44.130434782608695,0.293917279835124,1,0.103515625
1158__2033_0,t_8_16,44.130434782608695,0.9745974418194358,1,0.1240234375
1180__0_1800,t_8_16,44.130434782608695,0.5015312853093477,1,0.0390625
1180__0_1800,t_8_16,44.130434782608695,0.9614282657601396,1,0.12890625
1180__0_1800,t_8_16,44.130434782608695,0.9257084247046792,1,0.138671875
1180__0_1800,t_8_16,44.130434782608695,0.9999923801239828,1,0.1845703125
1180__0_1800,t_8_16,44.130434782608695,0.24156566748071,1,0.0810546875
1180__0_1800,t_8_16,44.130434782608695,0.2517649146727751,1,0.046875
1180__0_1800,t_8_16,44.130434782608695,0.996718649458587,1,0.2294921875
1180__0_1800,t_8_16,44.130434782608695,0.3034191607604388,1,0.064453125
1180__0_1800,t_8_16,44.130434782608695,0.3034191607604388,1,0.142578125
1180__0_1800,t_8_16,44.130434782608695,0.895071667185624,1,0.134765625
1180__0_1800,t_8_16,44.130434782608695,0.5534765946820568,1,0.0439453125
1180__0_1800,t_8_16,44.130434782608695,0.9786232396877578,1,0.123046875
1180__0_1800,t_8_16,44.130434782608695,0.0699987322277122,1,0.1884765625
1180__0_1800,t_8_16,44.130434782608695,0.1375039765935028,1,0.009765625
1180__0_1800,t_8_16,44.130434782608695,0.536776339504327,1,0.09765625
1182__600_1800,t_8_16,43.8625,0.1856816466123863,1,0.01953125
1182__600_1800,t_8_16,43.8625,0.1856816466123863,1,0.0107421875
1182__600_1800,t_8_16,43.8625,0.4567352412446165,1,0.15234375
1182__600_1800,t_8_16,43.8625,0.4437122314640224,1,0.0947265625
1182__600_1800,t_8_16,43.8625,0.4625567050282076,1,0.125
1182__600_1800,t_8_16,43.8625,0.4625567050282076,1,0.189453125
118__0_0,t_8_16,43.8625,0.2777145038956876,1,0.1103515625
118__0_0,t_8_16,43.8625,0.9127400712388828,1,0.1650390625
118__0_0,t_8_16,43.8625,0.854201148740374,1,0.1376953125
12093,t_8_16,44.130434782608695,0.4169925396625915,1,0.0380859375
12093,t_8_16,44.130434782608695,0.4169925396625915,1,0.0712890625
12093,t_8_16,44.130434782608695,0.4130713036478521,1,0.03125
12093,t_8_16,44.130434782608695,0.2274522030242038,1,0.03125
12093,t_8_16,44.130434782608695,0.2274522030242038,1,0.0322265625
12093,t_8_16,44.130434782608695,0.431926509239666,1,0.0361328125
12093,t_8_16,44.130434782608695,0.431926509239666,1,0.111328125
12093,t_8_16,44.130434782608695,0.2124286083361082,1,0.09375
12093,t_8_16,44.130434782608695,0.2124286083361082,1,0.0205078125
12093,t_8_16,44.130434782608695,0.911648024694304,1,0.2041015625
12093,t_8_16,44.130434782608695,0.7922449620538841,1,0.1962890625
12093,t_8_16,44.130434782608695,0.0065817219113796,1,0.0009765625
12093,t_8_16,44.130434782608695,0.0065817219113796,1,0.0009765625
1216__2093_1200,t_8_16,44.130434782608695,0.9975541622489208,1,0.2412109375
1216__2093_1200,t_8_16,44.130434782608695,0.415263692053673,1,0.0283203125
1216__2093_1200,t_8_16,44.130434782608695,0.415263692053673,1,0.044921875
1216__2093_1200,t_8_16,44.130434782608695,0.3449145101627043,1,0.033203125
1216__2093_1200,t_8_16,44.130434782608695,0.4987989996433717,1,0.1630859375
1216__2093_1200,t_8_16,44.130434782608695,0.0228072390893905,1,0.1123046875
1216__2093_1200,t_8_16,44.130434782608695,0.0228072390893905,1,0.00390625
1216__2093_1200,t_8_16,44.130434782608695,0.3776224033786404,1,0.20703125
1216__2093_1200,t_8_16,44.130434782608695,0.3776224033786404,1,0.1064453125
1216__2093_1200,t_8_16,44.130434782608695,0.6622722014778949,1,0.220703125
1216__2093_1200,t_8_16,44.130434782608695,0.6622722014778949,1,0.169921875
1216__2093_1200,t_8_16,44.130434782608695,0.7919572221480154,1,0.0517578125
1216__2093_1200,t_8_16,44.130434782608695,0.4294643167838357,1,0.0751953125
1216__2093_1200,t_8_16,44.130434782608695,0.9724423194627186,1,0.1328125
1216__2093_1200,t_8_16,44.130434782608695,0.2922475859071182,1,0.2255859375
1216__2093_1200,t_8_16,44.130434782608695,0.4687205659052856,1,0.0859375
1216__2093_1200,t_8_16,44.130434782608695,0.3037589575174617,1,0.041015625
1216__2093_1200,t_8_16,44.130434782608695,0.3037589575174617,1,0.0986328125
1216__2093_1200,t_8_16,44.130434782608695,0.7860477307744176,1,0.181640625
1216__2093_1200,t_8_16,44.130434782608695,0.448195642772659,1,0.244140625
1216__2093_1200,t_8_16,44.130434782608695,0.9615519391459868,1,0.22265625
1216__2093_1200,t_8_16,44.130434782608695,0.8158493893657364,1,0.099609375
1216__2093_1200,t_8_16,44.130434782608695,0.0377945977502907,1,0.0029296875
1216__2093_1200,t_8_16,44.130434782608695,0.0377945977502907,1,0.095703125
1216__2093_1200,t_8_16,44.130434782608695,0.071603554444421,1,0.017578125
1216__2093_1200,t_8_16,44.130434782608695,0.071603554444421,1,0.0048828125
1216__2093_1200,t_8_16,44.130434782608695,0.5947371209029033,1,0.2109375
1216__2093_1200,t_8_16,44.130434782608695,0.8937399149700754,1,0.2451171875
1216__2093_1200,t_8_16,44.130434782608695,0.6447615397046815,1,0.1025390625
1216__2093_1200,t_8_16,44.130434782608695,0.8176323482025573,1,0.146484375
1216__2093_1200,t_8_16,44.130434782608695,0.8776475181902605,1,0.2021484375
1216__2093_1200,t_8_16,44.130434782608695,0.7863923117166519,1,0.068359375
1216__2093_1200,t_8_16,44.130434782608695,0.8925508503199648,1,0.185546875
1216__2093_1200,t_8_16,44.130434782608695,0.1980182062566963,1,0.0166015625
1216__2093_1200,t_8_16,44.130434782608695,0.4238770318889099,1,0.0458984375
1216__2093_1200,t_8_16,44.130434782608695,0.5889712392817861,1,0.0888671875
1216__2093_1200,t_8_16,44.130434782608695,0.5889712392817861,1,0.208984375
1216__2093_1200,t_8_16,44.130434782608695,0.8602497292729318,1,0.0986328125
1216__2093_1200,t_8_16,44.130434782608695,0.7266618037704886,1,0.080078125
1216__2093_1200,t_8_16,44.130434782608695,0.7354329985570001,1,0.0615234375
1216__2093_1200,t_8_16,44.130434782608695,0.8326147754111626,1,0.1611328125
1216__2093_1200,t_8_16,44.130434782608695,0.955830806767651,1,0.25
1216__2093_1200,t_8_16,44.130434782608695,0.4799060820676315,1,0.068359375
1216__2093_1200,t_8_16,44.130434782608695,0.4821455816358039,1,0.0390625
1216__2093_1200,t_8_16,44.130434782608695,0.4821455816358039,1,0.0478515625
1216__2093_1200,t_8_16,44.130434782608695,0.9994501032282138,1,0.2314453125
1216__2093_1200,t_8_16,44.130434782608695,0.3208829625483458,1,0.10546875
1216__2093_1200,t_8_16,44.130434782608695,0.3208829625483458,1,0.2275390625
1216__2093_1200,t_8_16,44.130434782608695,0.3208829625483458,1,0.0390625
1216__2093_1200,t_8_16,44.130434782608695,0.9116745222712932,1,0.2490234375
1216__2093_1200,t_8_16,44.130434782608695,0.5547759539911387,1,0.048828125
1216__2093_1200,t_8_16,44.130434782608695,0.5547759539911387,1,0.1796875
1216__2093_1200,t_8_16,44.130434782608695,0.9743324941202314,1,0.115234375
1216__2093_1200,t_8_16,44.130434782608695,0.6768986571234435,1,0.0859375
1216__2093_1200,t_8_16,44.130434782608695,0.998647138441362,1,0.1630859375
1216__2093_1200,t_8_16,44.130434782608695,0.0298733753106103,1,0.0029296875
1216__2093_1200,t_8_16,44.130434782608695,0.0298733753106103,1,0.0029296875
1216__2093_1200,t_8_16,44.130434782608695,0.214634934643058,1,0.0283203125
1216__2093_1200,t_8_16,44.130434782608695,0.214634934643058,1,0.013671875
1216__2093_1200,t_8_16,44.130434782608695,0.5153587278747072,1,0.11328125
1216__2093_1200,t_8_16,44.130434782608695,0.0458084129112159,1,0.0029296875
1216__2093_1200,t_8_16,44.130434782608695,0.0458084129112159,1,0.00390625
1216__2093_1200,t_8_16,44.130434782608695,0.6830544631928258,1,0.0751953125
1216__2093_1200,t_8_16,44.130434782608695,0.9842293891403058,1,0.1826171875
1216__2093_1200,t_8_16,44.130434782608695,0.3230549869116707,1,0.1328125
1216__2093_1200,t_8_16,44.130434782608695,0.3230549869116707,1,0.033203125
1216__2093_1200,t_8_16,44.130434782608695,0.8295540837769234,1,0.0771484375
1216__2093_1200,t_8_16,44.130434782608695,0.7184402582838332,1,0.1904296875
1233__0_1928,t_8_16,44.130434782608695,0.471322215560899,1,0.0673828125
1233__0_1928,t_8_16,44.130434782608695,0.9653530674568196,1,0.1494140625
1233__0_1928,t_8_16,44.130434782608695,0.1053047451220371,1,0.00390625
1233__0_1928,t_8_16,44.130434782608695,0.1053047451220371,1,0.0478515625
1233__0_1928,t_8_16,44.130434782608695,0.447807957782567,1,0.0322265625
1233__0_1928,t_8_16,44.130434782608695,0.447807957782567,1,0.0615234375
1233__0_1928,t_8_16,44.130434782608695,0.1372926631328998,1,0.009765625
1233__0_1928,t_8_16,44.130434782608695,0.1372926631328998,1,0.0322265625
1233__0_1928,t_8_16,44.130434782608695,0.6362727783331599,1,0.1923828125
1233__0_1928,t_8_16,44.130434782608695,0.7324407519288825,1,0.2080078125
1233__0_1928,t_8_16,44.130434782608695,0.7324407519288825,1,0.1787109375
1233__0_1928,t_8_16,44.130434782608695,0.2556320624994684,1,0.0234375
1233__0_1928,t_8_16,44.130434782608695,0.2003122467218651,1,0.0654296875
1233__0_1928,t_8_16,44.130434782608695,0.2003122467218651,1,0.048828125
1233__0_1928,t_8_16,44.130434782608695,0.5149213062566549,1,0.1611328125
1233__0_1928,t_8_16,44.130434782608695,0.5149213062566549,1,0.0947265625
128__1800_1800,t_8_16,43.8625,0.6991297582510266,1,0.052734375
128__1800_1800,t_8_16,43.8625,0.2576123884827029,1,0.203125
128__1800_1800,t_8_16,43.8625,0.2576123884827029,1,0.1923828125
128__1800_1800,t_8_16,43.8625,0.7703707486116249,1,0.22265625
128__1800_1800,t_8_16,43.8625,0.8125384453962503,1,0.2265625
128__1800_1800,t_8_16,43.8625,0.864417950931463,1,0.169921875
128__1800_1800,t_8_16,43.8625,0.1353211246499012,1,0.2080078125
128__1800_1800,t_8_16,43.8625,0.1353211246499012,1,0.0078125
128__1800_1800,t_8_16,43.8625,0.932683588934704,1,0.20703125
128__1800_1800,t_8_16,43.8625,0.2528295043361223,1,0.015625
128__1800_1800,t_8_16,43.8625,0.2528295043361223,1,0.0791015625
128__1800_1800,t_8_16,43.8625,0.2800560265127371,1,0.23046875
128__1800_1800,t_8_16,43.8625,0.2800560265127371,1,0.109375
128__1800_1800,t_8_16,43.8625,0.789506840893056,1,0.21875
128__1800_1800,t_8_16,43.8625,0.7231351149392283,1,0.125
128__1800_1800,t_8_16,43.8625,0.7231351149392283,1,0.080078125
128__1800_1800,t_8_16,43.8625,0.170647197262798,1,0.1171875
128__1800_1800,t_8_16,43.8625,0.6751226342285404,1,0.212890625
128__1800_1800,t_8_16,43.8625,0.8087085248407928,1,0.0791015625
128__1800_1800,t_8_16,43.8625,0.0296634617335182,1,0.00390625
128__1800_1800,t_8_16,43.8625,0.9866429484448772,1,0.2421875
128__1800_1800,t_8_16,43.8625,0.5774847710172614,1,0.0380859375
128__1800_1800,t_8_16,43.8625,0.4785411533645053,1,0.0595703125
128__1800_1800,t_8_16,43.8625,0.4785411533645053,1,0.0546875
128__1800_1800,t_8_16,43.8625,0.8458350912121188,1,0.0859375
128__1800_1800,t_8_16,43.8625,0.2922117965319826,1,0.0625
128__1800_1800,t_8_16,43.8625,0.3164135155131726,1,0.0517578125
128__1800_1800,t_8_16,43.8625,0.6893813386341388,1,0.0595703125
128__1800_1800,t_8_16,43.8625,0.4913576511930521,1,0.060546875
128__1800_1800,t_8_16,43.8625,0.5833872213514784,1,0.0712890625
128__1800_1800,t_8_16,43.8625,0.0573252904636957,1,0.1025390625
128__1800_1800,t_8_16,43.8625,0.1716671734942933,1,0.052734375
128__1800_1800,t_8_16,43.8625,0.1716671734942933,1,0.03125
128__1800_1800,t_8_16,43.8625,0.1716671734942933,1,0.1142578125
128__1800_1800,t_8_16,43.8625,0.0595739961046476,1,0.060546875
128__1800_1800,t_8_16,43.8625,0.0595739961046476,1,0.0478515625
136__600_1200,t_8_16,44.130434782608695,0.8081553603924037,1,0.0830078125
136__600_1200,s_16_32,44.130434782608695,0.7204165576266041,1,0.0693359375
136__600_1200,t_8_16,44.130434782608695,0.5914086123344138,1,0.0478515625
136__600_1200,t_8_16,44.130434782608695,0.0036756346570626,1,0.0205078125
136__600_1200,t_8_16,44.130434782608695,0.0036756346570626,1,0.0009765625
136__600_1200,t_8_16,44.130434782608695,0.9649155306268872,1,0.1728515625
136__600_1200,t_8_16,44.130434782608695,0.1057301938152027,1,0.060546875
136__600_1200,t_8_16,44.130434782608695,0.1057301938152027,1,0.01171875
136__600_1200,t_8_16,44.130434782608695,0.3129939465906372,1,0.083984375
136__600_1200,t_8_16,44.130434782608695,0.5788612101017722,1,0.1181640625
136__600_1200,t_8_16,44.130434782608695,0.5788612101017722,1,0.0419921875
136__600_1200,t_8_16,44.130434782608695,0.9940366962421116,1,0.1884765625
136__600_1200,t_8_16,44.130434782608695,0.7410076068822437,1,0.201171875
1384__3000_2400,t_8_16,44.130434782608695,0.8027955395219841,1,0.1533203125
1384__3000_2400,t_8_16,44.130434782608695,0.210217986193119,1,0.095703125
1397__1200_1200,t_8_16,44.130434782608695,0.6437967973520089,1,0.107421875
1397__1200_1200,t_8_16,44.130434782608695,0.6437967973520089,1,0.0654296875
1397__1200_1200,t_8_16,44.130434782608695,0.9954544716940236,1,0.154296875
1397__1200_1200,t_8_16,44.130434782608695,0.302241830378445,1,0.1591796875
1397__1200_1200,t_8_16,44.130434782608695,0.302241830378445,1,0.0126953125
1397__1200_1200,s_16_32,44.130434782608695,0.0510683773070563,1,0.001953125
1397__1200_1200,s_16_32,44.130434782608695,0.0510683773070563,1,0.001953125
1397__1200_1200,t_8_16,44.130434782608695,0.5444167281455745,1,0.11328125
1406__1800_600,t_8_16,44.130434782608695,0.3863345803804187,1,0.01953125
1406__1800_600,t_8_16,44.130434782608695,0.3863345803804187,1,0.130859375
1420__1800_0,t_8_16,44.130434782608695,0.99977327168005,1,0.2294921875
1420__1800_0,t_8_16,44.130434782608695,0.4926743131959799,1,0.169921875
1420__1800_0,t_8_16,44.130434782608695,0.4926743131959799,1,0.03515625
1420__1800_0,t_8_16,44.130434782608695,0.9745762144629472,1,0.189453125
1420__1800_0,t_8_16,44.130434782608695,0.8428261041754405,1,0.240234375
1420__1800_0,t_8_16,44.130434782608695,0.658825709360315,1,0.1728515625
1420__1800_0,t_8_16,44.130434782608695,0.658825709360315,1,0.0634765625
1420__1800_0,t_8_16,44.130434782608695,0.3566803990489029,1,0.2138671875
1420__1800_0,t_8_16,44.130434782608695,0.3566803990489029,1,0.0146484375
1420__1800_0,t_8_16,44.130434782608695,0.6976748876776535,1,0.07421875
1420__1800_0,s_16_32,44.130434782608695,0.0159263153231728,1,0.044921875
1420__1800_0,t_8_16,44.130434782608695,0.5484101681188138,1,0.0361328125
1420__1800_0,t_8_16,44.130434782608695,0.9694331655057256,1,0.19921875
1420__1800_0,t_8_16,44.130434782608695,0.9860456223175308,1,0.2373046875
1420__1800_0,s_16_32,44.130434782608695,0.82946841570719,1,0.18359375
1420__1800_0,t_8_16,44.130434782608695,0.5035992990037776,1,0.037109375
1420__1800_0,t_8_16,44.130434782608695,0.2038530034846223,1,0.1630859375
1420__1800_0,t_8_16,44.130434782608695,0.2038530034846223,1,0.0927734375
1430__1200_600,t_8_16,44.130434782608695,0.2056387480421785,1,0.0146484375
1430__1200_600,t_8_16,44.130434782608695,0.2998612200018851,1,0.0322265625
1430__1200_600,t_8_16,44.130434782608695,0.9832219813993076,1,0.1826171875
1430__1200_600,t_8_16,44.130434782608695,0.1535421694202398,1,0.009765625
1430__1200_600,t_8_16,44.130434782608695,0.1535421694202398,1,0.013671875
1430__1200_600,t_8_16,44.130434782608695,0.3916923892837773,1,0.03515625
1430__1200_600,t_8_16,44.130434782608695,0.4763235783273423,1,0.12109375
1430__1200_600,t_8_16,44.130434782608695,0.2596727614602818,1,0.1474609375
1430__1200_600,t_8_16,44.130434782608695,0.2596727614602818,1,0.0166015625
1430__1200_600,t_8_16,44.130434782608695,0.0463394861708016,1,0.0029296875
1430__1200_600,t_8_16,44.130434782608695,0.0463394861708016,1,0.0634765625
1430__1200_600,t_8_16,44.130434782608695,0.0463394861708016,1,0.044921875
1430__1200_600,t_8_16,44.130434782608695,0.9096703002423726,1,0.2265625
1430__1200_600,t_8_16,44.130434782608695,0.9096703002423726,1,0.078125
1430__1200_600,t_8_16,44.130434782608695,0.3370224834972108,1,0.0556640625
1430__1200_600,t_8_16,44.130434782608695,0.7842347762834095,1,0.130859375
1430__1200_600,t_8_16,44.130434782608695,0.940670094879695,1,0.205078125
1430__1200_600,t_8_16,44.130434782608695,0.8536868846963306,1,0.0654296875
1430__1200_600,t_8_16,44.130434782608695,0.763098802497258,1,0.171875
1430__1200_600,t_8_16,44.130434782608695,0.5914590084505507,1,0.1181640625
1430__1200_600,t_8_16,44.130434782608695,0.3978564549493214,1,0.0478515625
1430__1200_600,t_8_16,44.130434782608695,0.0832125157988189,1,0.0048828125
1430__1200_600,t_8_16,44.130434782608695,0.9704759966838706,1,0.2294921875
14364,t_8_16,43.8625,0.9698772885241984,1,0.25
14364,t_8_16,43.8625,0.9962363978637157,1,0.2138671875
14364,t_8_16,43.8625,0.8322085492187447,1,0.0908203125
1436__2400_1800,t_8_16,44.130434782608695,0.0336842759912332,1,0.1025390625
1436__2400_1800,t_8_16,44.130434782608695,0.9866065747185072,1,0.1533203125
1436__2400_1800,t_8_16,44.130434782608695,0.9936720055669664,1,0.166015625
1436__2400_1800,t_8_16,44.130434782608695,0.0958938844415804,1,0.04296875
1436__2400_1800,t_8_16,44.130434782608695,0.0958938844415804,1,0.017578125
1436__2400_1800,t_8_16,44.130434782608695,0.0958938844415804,1,0.1953125
1436__2400_1800,t_8_16,44.130434782608695,0.874703553145446,1,0.08984375
1436__2400_1800,t_8_16,44.130434782608695,0.626727078148088,1,0.0615234375
1436__2400_1800,t_8_16,44.130434782608695,0.8905914251658602,1,0.189453125
1436__2400_1800,t_8_16,44.130434782608695,0.1513552503724555,1,0.009765625
1436__2400_1800,t_8_16,44.130434782608695,0.1513552503724555,1,0.0771484375
1436__2400_1800,t_8_16,44.130434782608695,0.857556106393115,1,0.12890625
1436__2400_1800,t_8_16,44.130434782608695,0.9963384496168066,1,0.1494140625
1436__2400_1800,t_8_16,44.130434782608695,0.2639534785971239,1,0.119140625
1436__2400_1800,t_8_16,44.130434782608695,0.2639534785971239,1,0.2265625
1436__2400_1800,s_16_32,44.130434782608695,0.0951809264668792,1,0.0078125
1436__2400_1800,s_16_32,44.130434782608695,0.0951809264668792,1,0.0078125
1436__2400_1800,t_8_16,44.130434782608695,0.4247632321246937,1,0.0322265625
1436__2400_1800,t_8_16,44.130434782608695,0.4247632321246937,1,0.0615234375
1436__2400_1800,t_8_16,44.130434782608695,0.2919272306546774,1,0.029296875
1436__2400_1800,t_8_16,44.130434782608695,0.2919272306546774,1,0.08203125
1436__2400_1800,t_8_16,44.130434782608695,0.6771148769876097,1,0.0234375
1436__2400_1800,t_8_16,44.130434782608695,0.6771148769876097,1,0.181640625
1450__1200_2400,t_8_16,44.130434782608695,0.698257216270004,1,0.1103515625
1450__1200_2400,t_8_16,44.130434782608695,0.780845383433036,1,0.068359375
1450__1200_2400,s_16_32,44.130434782608695,0.888577436490403,1,0.216796875
1450__1200_2400,s_16_32,44.130434782608695,0.888577436490403,1,0.21484375
1450__1200_2400,t_8_16,44.130434782608695,0.2484849496831584,1,0.0380859375
1450__1200_2400,t_8_16,44.130434782608695,0.2484849496831584,1,0.2158203125
1450__1200_2400,t_8_16,44.130434782608695,0.2484849496831584,1,0.0302734375
1450__1200_2400,t_8_16,44.130434782608695,0.0628456882637618,1,0.0087890625
1450__1200_2400,t_8_16,44.130434782608695,0.0628456882637618,1,0.087890625
1450__1200_2400,t_8_16,44.130434782608695,0.2838292144628456,1,0.0146484375
1450__1200_2400,t_8_16,44.130434782608695,0.3405208420681189,1,0.015625
1450__1200_2400,t_8_16,44.130434782608695,0.3405208420681189,1,0.015625
1450__1200_2400,s_16_32,44.130434782608695,0.8464760406906804,1,0.0712890625
1450__1200_2400,s_16_32,44.130434782608695,0.8464760406906804,1,0.07421875
1476__1800_1800,t_8_16,43.8625,0.6481077234819215,1,0.158203125
1496__2438_2419,t_8_16,44.130434782608695,0.3177760616747575,1,0.0166015625
1496__2438_2419,t_8_16,44.130434782608695,0.0770146565983616,1,0.005859375
1529__0_1200,t_8_16,44.130434782608695,0.0864770371753497,1,0.0751953125
1529__0_1200,t_8_16,44.130434782608695,0.0864770371753497,1,0.166015625
1529__0_1200,t_8_16,44.130434782608695,0.0864770371753497,1,0.2275390625
1565__600_1800,t_8_16,44.130434782608695,0.9999500059211582,1,0.1962890625
1565__600_1800,t_8_16,44.130434782608695,0.4239885994980685,1,0.0556640625
1565__600_1800,t_8_16,44.130434782608695,0.3145120238350415,1,0.0166015625
1565__600_1800,t_8_16,44.130434782608695,0.3145120238350415,1,0.0244140625
1565__600_1800,t_8_16,44.130434782608695,0.8735007313320128,1,0.2080078125
1565__600_1800,t_8_16,44.130434782608695,0.9721656659371042,1,0.205078125
1565__600_1800,t_8_16,44.130434782608695,0.9198476881127852,1,0.2412109375
1565__600_1800,t_8_16,44.130434782608695,0.3252231589809225,1,0.056640625
1565__600_1800,t_8_16,44.130434782608695,0.3252231589809225,1,0.0185546875
1565__600_1800,t_8_16,44.130434782608695,0.598790600665759,1,0.0478515625
1565__600_1800,t_8_16,44.130434782608695,0.598790600665759,1,0.1005859375
1584__1800_600,t_8_16,44.130434782608695,0.8411545409139568,1,0.1337890625
1584__1800_600,t_8_16,44.130434782608695,0.5691054247139491,1,0.1533203125
1584__1800_600,t_8_16,44.130434782608695,0.263804782289864,1,0.080078125
1584__1800_600,t_8_16,44.130434782608695,0.263804782289864,1,0.015625
158__1800_0,t_8_16,44.130434782608695,0.4978036675118413,1,0.0244140625
158__1800_0,t_8_16,44.130434782608695,0.9637992104901584,1,0.2109375
1602__0_2050,s_16_32,44.130434782608695,0.2115777646003831,1,0.2041015625
1602__0_2050,s_16_32,44.130434782608695,0.2115777646003831,1,0.041015625
1602__0_2050,t_8_16,44.130434782608695,0.9831623751566504,1,0.17578125
1602__0_2050,t_8_16,44.130434782608695,0.7370175171904413,1,0.1279296875
1602__0_2050,t_8_16,44.130434782608695,0.3972557578373389,1,0.052734375
16555,t_8_16,44.130434782608695,0.2876447230915798,1,0.03125
1675__2428_0,t_8_16,43.8625,0.0728502562960018,1,0.2197265625
16995,t_8_16,43.8625,0.5128625492979367,1,0.22265625
16995,t_8_16,43.8625,0.5128625492979367,1,0.029296875
16995,t_8_16,43.8625,0.1288113412341278,1,0.0830078125
16995,t_8_16,43.8625,0.8823050598802414,1,0.107421875
16995,t_8_16,43.8625,0.6984152714705507,1,0.0537109375
16995,t_8_16,43.8625,0.5607032329748424,1,0.1162109375
1809__600_2356,t_8_16,44.130434782608695,0.5094420623469209,1,0.2490234375
1809__600_2356,t_8_16,44.130434782608695,0.9168752340215708,1,0.1943359375
1809__600_2356,t_8_16,44.130434782608695,0.9168752340215708,1,0.1484375
1809__600_2356,t_8_16,44.130434782608695,0.1524312561662853,1,0.0107421875
1809__600_2356,t_8_16,44.130434782608695,0.9983451625853282,1,0.1953125
1809__600_2356,t_8_16,44.130434782608695,0.4682452770462252,1,0.0302734375
1815__1200_600,t_8_16,44.130434782608695,0.4253594120748834,1,0.0546875
1815__1200_600,t_8_16,44.130434782608695,0.7807040341708286,1,0.0693359375
1815__1200_600,t_8_16,44.130434782608695,0.8586250784790701,1,0.10546875
1834__1800_1800,s_16_32,44.130434782608695,0.4246081610554736,1,0.2314453125
1834__1800_1800,s_16_32,44.130434782608695,0.4246081610554736,1,0.1826171875
1834__1800_1800,t_8_16,44.130434782608695,0.9318294327611214,1,0.212890625
1834__1800_1800,t_8_16,44.130434782608695,0.924900371688925,1,0.189453125
1834__1800_1800,t_8_16,44.130434782608695,0.8819338665135417,1,0.177734375
1834__1800_1800,s_16_32,44.130434782608695,0.6837984867982906,1,0.19921875
1834__1800_1800,t_8_16,44.130434782608695,0.3790799955866388,1,0.1494140625
1834__1800_1800,s_16_32,44.130434782608695,0.669839925693107,1,0.1259765625
1834__1800_1800,t_8_16,44.130434782608695,0.8634730446641801,1,0.0654296875
1834__1800_1800,s_16_32,44.130434782608695,0.9955784804886358,1,0.234375
1834__1800_1800,s_16_32,44.130434782608695,0.8213211833755015,1,0.1220703125
1834__1800_1800,s_16_32,44.130434782608695,0.5075815207887973,1,0.041015625
1834__1800_1800,s_16_32,44.130434782608695,0.5075815207887973,1,0.0361328125
1834__1800_1800,t_8_16,44.130434782608695,0.6451955875427811,1,0.0634765625
1834__1800_1800,t_8_16,44.130434782608695,0.6451955875427811,1,0.0400390625
1838__0_600,t_8_16,44.130434782608695,0.998123774458944,1,0.115234375
1838__0_600,t_8_16,44.130434782608695,0.1957300878272019,1,0.056640625
1838__0_600,s_16_32,44.130434782608695,0.9220256700358996,1,0.23828125
1838__0_600,t_8_16,44.130434782608695,0.1166168080919519,1,0.111328125
1838__0_600,t_8_16,44.130434782608695,0.7678143858023585,1,0.2470703125
1838__0_600,t_8_16,44.130434782608695,0.9509445911668334,1,0.216796875
1838__0_600,t_8_16,44.130434782608695,0.9998752918406546,1,0.205078125
1838__0_600,t_8_16,44.130434782608695,0.7932618384937484,1,0.2080078125
1838__0_600,t_8_16,44.130434782608695,0.7932618384937484,1,0.1162109375
1838__0_600,s_16_32,44.130434782608695,0.9011326493341624,1,0.0791015625
1838__0_600,t_8_16,44.130434782608695,0.0073960524028272,1,0.0380859375
1838__0_600,t_8_16,44.130434782608695,0.0073960524028272,1,0.0009765625
1838__0_600,s_16_32,44.130434782608695,0.6554094610460348,1,0.203125
1838__0_600,s_16_32,44.130434782608695,0.8159102767642427,1,0.23828125
1838__0_600,t_8_16,44.130434782608695,0.9336995467745562,1,0.1220703125
1838__0_600,t_8_16,44.130434782608695,0.6671545073908047,1,0.16796875
1838__0_600,s_16_32,44.130434782608695,0.0743169766190669,1,0.1064453125
1838__0_600,s_16_32,44.130434782608695,0.0743169766190669,1,0.0087890625
1838__0_600,t_8_16,44.130434782608695,0.9614165961067858,1,0.1279296875
1838__0_600,s_16_32,44.130434782608695,0.4336776768725772,1,0.0439453125
1838__0_600,s_16_32,44.130434782608695,0.4336776768725772,1,0.0224609375
1838__0_600,t_8_16,44.130434782608695,0.8352435360772746,1,0.0390625
1838__0_600,s_16_32,44.130434782608695,0.4651159550043029,1,0.08984375
1838__0_600,s_16_32,44.130434782608695,0.6347452356579101,1,0.166015625
1838__0_600,s_16_32,44.130434782608695,0.6347452356579101,1,0.2021484375
1838__0_600,t_8_16,44.130434782608695,0.5737758530197349,1,0.1279296875
1838__0_600,t_8_16,44.130434782608695,0.8533576396779777,1,0.2431640625
1838__0_600,s_16_32,44.130434782608695,0.6960710733126282,1,0.19140625
1838__0_600,s_16_32,44.130434782608695,0.8245382273530466,1,0.2255859375
1838__0_600,s_16_32,44.130434782608695,0.1358920952921657,1,0.0078125
1838__0_600,s_16_32,44.130434782608695,0.6546508368444329,1,0.2412109375
1838__0_600,s_16_32,44.130434782608695,0.5446986702513451,1,0.072265625
1838__0_600,t_8_16,44.130434782608695,0.765570612225756,1,0.0537109375
1838__0_600,s_16_32,44.130434782608695,0.4122127314547837,1,0.115234375
1838__0_600,s_16_32,44.130434782608695,0.4122127314547837,1,0.0341796875
1838__0_600,s_16_32,44.130434782608695,0.6799569374098744,1,0.0439453125
1838__0_600,s_16_32,44.130434782608695,0.487721557615874,1,0.1572265625
1838__0_600,s_16_32,44.130434782608695,0.990414120547137,1,0.138671875
1838__0_600,t_8_16,44.130434782608695,0.9998784121027724,1,0.1806640625
1838__0_600,t_8_16,44.130434782608695,0.4752201158120679,1,0.048828125
1838__0_600,t_8_16,44.130434782608695,0.4752201158120679,1,0.015625
1838__0_600,t_8_16,44.130434782608695,0.3765293718157352,1,0.201171875
1838__0_600,t_8_16,44.130434782608695,0.0396176002216517,1,0.001953125
1838__0_600,t_8_16,44.130434782608695,0.0396176002216517,1,0.005859375
1838__0_600,t_8_16,44.130434782608695,0.8317352780377345,1,0.091796875
1838__0_600,t_8_16,44.130434782608695,0.2664967599300697,1,0.0205078125
1838__0_600,t_8_16,44.130434782608695,0.2664967599300697,1,0.1396484375
1838__0_600,t_8_16,44.130434782608695,0.9999574418766406,1,0.173828125
1838__0_600,t_8_16,44.130434782608695,0.1494051869591982,1,0.0458984375
1838__0_600,t_8_16,44.130434782608695,0.1494051869591982,1,0.0205078125
1838__0_600,t_8_16,44.130434782608695,0.1494051869591982,1,0.1884765625
1838__0_600,s_16_32,44.130434782608695,0.7660710831202768,1,0.203125
1838__0_600,s_16_32,44.130434782608695,0.8522536805427565,1,0.1162109375
1838__0_600,t_8_16,44.130434782608695,0.551741589922992,1,0.0859375
1847__2400_1200,t_8_16,44.130434782608695,0.5340856017719222,1,0.11328125
1847__2400_1200,s_16_32,44.130434782608695,0.3639455863777695,1,0.0810546875
1847__2400_1200,t_8_16,44.130434782608695,0.4084263728411379,1,0.03125
1847__2400_1200,t_8_16,44.130434782608695,0.4084263728411379,1,0.162109375
1847__3014_1200,s_16_32,44.130434782608695,0.7782274326534373,1,0.0654296875
1847__3014_1200,t_8_16,44.130434782608695,0.8657410424563027,1,0.0849609375
1847__3014_1200,t_8_16,44.130434782608695,0.8657410424563027,1,0.1767578125
1847__3014_1200,t_8_16,44.130434782608695,0.9279829219488108,1,0.0517578125
1891__2400_2477,t_8_16,44.130434782608695,0.6679322008246082,1,0.087890625
1891__2400_2477,t_8_16,44.130434782608695,0.1006247252808293,1,0.1650390625
1891__2400_2477,t_8_16,44.130434782608695,0.1006247252808293,1,0.009765625
1891__2400_2477,t_8_16,44.130434782608695,0.6960366752302247,1,0.171875
1891__2400_2477,t_8_16,44.130434782608695,0.6619169886101504,1,0.072265625
1891__2400_2477,t_8_16,44.130434782608695,0.773751187416576,1,0.1552734375
1891__2400_2477,t_8_16,44.130434782608695,0.904438355872356,1,0.216796875
1891__2586_1200,t_8_16,44.130434782608695,0.1695105208946129,1,0.01953125
1891__2586_1200,t_8_16,44.130434782608695,0.1695105208946129,1,0.1298828125
18bfe8b16,t_8_16,43.8625,0.7898256330291884,1,0.21484375
1945__600_2400,t_8_16,44.130434782608695,0.9672044958932312,1,0.1552734375
1945__600_2400,t_8_16,44.130434782608695,0.011823318655633,1,0.001953125
1945__600_2400,t_8_16,44.130434782608695,0.011823318655633,1,0.0146484375
1945__600_2400,t_8_16,44.130434782608695,0.9388654395910688,1,0.2080078125
1945__600_2400,t_8_16,44.130434782608695,0.8936966032138847,1,0.1845703125
1945__600_2400,t_8_16,44.130434782608695,0.8936966032138847,1,0.16796875
1980__4200_1800,t_8_16,44.130434782608695,0.5271011736147498,1,0.0498046875
1980__4200_1800,t_8_16,44.130434782608695,0.5271011736147498,1,0.1064453125
1980__4200_1800,t_8_16,44.130434782608695,0.9826126998930752,1,0.20703125
1980__4200_1800,t_8_16,44.130434782608695,0.8078645885569514,1,0.0966796875
1980__4200_1800,t_8_16,44.130434782608695,0.4356204432712754,1,0.021484375
1980__600_2400,t_8_16,44.130434782608695,0.7178112810771824,1,0.173828125
1980__600_2400,t_8_16,44.130434782608695,0.1629199858397239,1,0.046875
1980__600_2400,t_8_16,44.130434782608695,0.1629199858397239,1,0.0771484375
1980__600_2400,t_8_16,44.130434782608695,0.2104092145147071,1,0.017578125
1980__600_2400,t_8_16,44.130434782608695,0.5406609407288665,1,0.0986328125
1980__600_2400,t_8_16,44.130434782608695,0.5406609407288665,1,0.048828125
19815,t_8_16,43.8625,0.3742519464297221,1,0.0380859375
19815,t_8_16,43.8625,0.8249019811618534,1,0.1923828125
1987__1800_600,t_8_16,44.130434782608695,0.9688883930879524,1,0.107421875
1987__1800_600,t_8_16,44.130434782608695,0.2801830288029911,1,0.0302734375
1987__1800_600,t_8_16,44.130434782608695,0.1960642170497137,1,0.013671875
1987__1800_600,t_8_16,44.130434782608695,0.9771776126743,1,0.177734375
1987__1800_600,t_8_16,44.130434782608695,0.1176830717026513,1,0.0078125
1987__1800_600,t_8_16,44.130434782608695,0.1176830717026513,1,0.0693359375
1987__1800_600,t_8_16,44.130434782608695,0.1865401751980221,1,0.0146484375
1987__1800_600,t_8_16,44.130434782608695,0.7161214779568627,1,0.044921875
1987__1800_600,t_8_16,44.130434782608695,0.0585333703215319,1,0.0078125
1987__1800_600,t_8_16,44.130434782608695,0.999997179796291,1,0.19140625
1987__1800_600,t_8_16,44.130434782608695,0.7309759474562352,1,0.044921875
1987__1800_600,t_8_16,44.130434782608695,0.6494457113603325,1,0.0791015625
1987__1800_600,t_8_16,44.130434782608695,0.6494457113603325,1,0.240234375
1987__1800_600,t_8_16,44.130434782608695,0.3629891203028406,1,0.0126953125
1987__1800_600,t_8_16,44.130434782608695,0.6693347472732305,1,0.1845703125
1987__1800_600,t_8_16,44.130434782608695,0.2261855691812945,1,0.2177734375
1987__1800_600,t_8_16,44.130434782608695,0.2261855691812945,1,0.1259765625
1987__1800_600,t_8_16,44.130434782608695,0.3645839037312169,1,0.0234375
1987__1800_600,t_8_16,44.130434782608695,0.989453225688528,1,0.12109375
1987__1800_600,t_8_16,44.130434782608695,0.9263168918752094,1,0.1767578125
1987__1800_600,t_8_16,44.130434782608695,0.0428381133641488,1,0.005859375
1987__1800_600,t_8_16,44.130434782608695,0.760931276792659,1,0.0537109375
1987__1800_600,t_8_16,44.130434782608695,0.8489608029258403,1,0.216796875
1987__1800_600,t_8_16,44.130434782608695,0.110733605997325,1,0.1083984375
1987__1800_600,t_8_16,44.130434782608695,0.110733605997325,1,0.12109375
2064__2400_2151,t_8_16,44.130434782608695,0.6367975472467576,1,0.125
2064__2400_2151,t_8_16,44.130434782608695,0.9671591173905848,1,0.1318359375
2064__2400_2151,s_16_32,44.130434782608695,0.8536536256944964,1,0.07421875
2064__2400_2151,s_16_32,44.130434782608695,0.8536536256944964,1,0.0703125
2064__2400_2151,t_8_16,44.130434782608695,0.8936146924001895,1,0.1845703125
2064__2400_2151,t_8_16,44.130434782608695,0.8436598152631056,1,0.2412109375
2130__1200_2010,t_8_16,43.8625,0.9632101868691454,1,0.1240234375
2130__1200_2010,t_8_16,43.8625,0.8408869185316588,1,0.078125
2130__1200_2010,t_8_16,43.8625,0.5237409967520101,1,0.05859375
2130__1200_2010,t_8_16,43.8625,0.453192253420084,1,0.0263671875
2130__1200_2010,t_8_16,43.8625,0.296639421318429,1,0.0546875
2130__1200_2010,t_8_16,43.8625,0.296639421318429,1,0.068359375
2130__1200_2010,t_8_16,43.8625,0.836317830491349,1,0.0673828125
2130__1200_2010,t_8_16,43.8625,0.836317830491349,1,0.1162109375
2130__1200_2010,t_8_16,43.8625,0.7064776339400705,1,0.109375
2130__1200_2010,t_8_16,43.8625,0.7064776339400705,1,0.0830078125
2130__1200_2010,t_8_16,43.8625,0.2365811905629454,1,0.021484375
2130__1200_2010,t_8_16,43.8625,0.2365811905629454,1,0.03515625
2130__1200_2010,t_8_16,43.8625,0.4326369182661724,1,0.0732421875
2130__1200_2010,t_8_16,43.8625,0.4880133544444567,1,0.0732421875
2130__1200_2010,t_8_16,43.8625,0.0447109495675758,1,0.0849609375
2130__1200_2010,t_8_16,43.8625,0.0447109495675758,1,0.0078125
2139__600_600,t_8_16,43.8625,0.7786219022153064,1,0.2236328125
2148__1200_1200,t_8_16,44.130434782608695,0.2365919673957431,1,0.0419921875
2148__1200_1200,t_8_16,44.130434782608695,0.2365919673957431,1,0.083984375
2148__1200_1200,t_8_16,44.130434782608695,0.2047023153342991,1,0.0234375
2148__1200_1200,t_8_16,44.130434782608695,0.2047023153342991,1,0.0546875
2148__1200_1200,t_8_16,44.130434782608695,0.4443476475098045,1,0.08203125
2148__1200_1200,t_8_16,44.130434782608695,0.4443476475098045,1,0.072265625
2148__1200_1200,t_8_16,44.130434782608695,0.7497024914672402,1,0.080078125
2148__1200_1200,t_8_16,44.130434782608695,0.9999066625181274,1,0.220703125
2148__1200_1200,t_8_16,44.130434782608695,0.999985405053658,1,0.2197265625
2148__1200_1200,t_8_16,44.130434782608695,0.8409322370558957,1,0.146484375
2148__1200_1200,t_8_16,44.130434782608695,0.6971829011437072,1,0.04296875
2148__1200_1200,t_8_16,44.130434782608695,0.0913627628436742,1,0.0322265625
2148__1200_1200,t_8_16,44.130434782608695,0.0913627628436742,1,0.068359375
2148__1200_1200,t_8_16,44.130434782608695,0.8677834460885426,1,0.09375
2148__1200_1200,t_8_16,44.130434782608695,0.344122459044482,1,0.0361328125
2148__1200_1200,t_8_16,44.130434782608695,0.344122459044482,1,0.0380859375
2148__1200_1200,t_8_16,44.130434782608695,0.0712172516588349,1,0.009765625
2148__1200_1200,t_8_16,44.130434782608695,0.0712172516588349,1,0.0263671875
2148__1200_1200,t_8_16,44.130434782608695,0.8762802410775744,1,0.1123046875
2148__1200_1200,t_8_16,44.130434782608695,0.5894608646395373,1,0.107421875
2148__1200_1200,t_8_16,44.130434782608695,0.99563984939013,1,0.193359375
2148__1200_1200,t_8_16,44.130434782608695,0.8998896697183416,1,0.1005859375
2148__1200_1200,t_8_16,44.130434782608695,0.0082892908026731,1,0.0009765625
2148__1200_1200,t_8_16,44.130434782608695,0.0082892908026731,1,0.005859375
2148__1200_1200,t_8_16,44.130434782608695,0.6818983904553272,1,0.140625
2148__1200_1200,t_8_16,44.130434782608695,0.1037254654235309,1,0.009765625
2148__1200_1200,t_8_16,44.130434782608695,0.1037254654235309,1,0.0068359375
2148__1200_1200,t_8_16,44.130434782608695,0.4468680294242478,1,0.1396484375
2148__1200_1200,t_8_16,44.130434782608695,0.95821655456785,1,0.0888671875
2148__1200_1200,t_8_16,44.130434782608695,0.9031525127543693,1,0.1650390625
2148__1200_1200,t_8_16,44.130434782608695,0.6636312047472391,1,0.2265625
2148__1200_1200,t_8_16,44.130434782608695,0.9425946627527496,1,0.1943359375
2148__1200_1200,t_8_16,44.130434782608695,0.0723599324956984,1,0.123046875
2148__1200_1200,t_8_16,44.130434782608695,0.0723599324956984,1,0.0830078125
2148__1200_1200,t_8_16,44.130434782608695,0.3581769376125811,1,0.208984375
2148__1200_1200,t_8_16,44.130434782608695,0.1946938297488733,1,0.0244140625
2148__1200_1200,t_8_16,44.130434782608695,0.7770225454978886,1,0.0859375
2148__1200_1200,t_8_16,44.130434782608695,0.7770225454978886,1,0.05859375
2148__1200_1200,t_8_16,44.130434782608695,0.9997538800313822,1,0.228515625
2148__1200_1200,t_8_16,44.130434782608695,0.3245512183974115,1,0.0390625
2148__1200_1200,t_8_16,44.130434782608695,0.3246877325354393,1,0.04296875
2148__1200_1200,t_8_16,44.130434782608695,0.3246877325354393,1,0.0498046875
2148__1200_1200,t_8_16,44.130434782608695,0.9038026240478088,1,0.1533203125
2148__1200_1200,t_8_16,44.130434782608695,0.7006539114523167,1,0.173828125
2148__1200_1200,t_8_16,44.130434782608695,0.3946876747225459,1,0.2060546875
2148__1200_1200,t_8_16,44.130434782608695,0.901273881684801,1,0.15234375
2148__1200_1200,t_8_16,44.130434782608695,0.901273881684801,1,0.0810546875
2148__1200_1200,t_8_16,44.130434782608695,0.5416219244327133,1,0.0380859375
2148__1200_1200,t_8_16,44.130434782608695,0.5416219244327133,1,0.048828125
2148__1200_1200,t_8_16,44.130434782608695,0.1548332492847788,1,0.0224609375
2148__1200_1200,t_8_16,44.130434782608695,0.1548332492847788,1,0.0126953125
2148__1200_1200,t_8_16,44.130434782608695,0.9512671462969924,1,0.2490234375
2148__1200_1200,t_8_16,44.130434782608695,0.3738863952957177,1,0.03125
2148__1200_1200,t_8_16,44.130434782608695,0.3738863952957177,1,0.0205078125
2148__1200_1200,t_8_16,44.130434782608695,0.8698233163446446,1,0.1328125
2148__1200_1200,t_8_16,44.130434782608695,0.2549866094068003,1,0.0849609375
2148__1200_1200,t_8_16,44.130434782608695,0.2549866094068003,1,0.0390625
2148__1200_1200,t_8_16,44.130434782608695,0.7065077964296516,1,0.18359375
2148__1200_1200,t_8_16,44.130434782608695,0.7065077964296516,1,0.07421875
2148__1200_1200,t_8_16,44.130434782608695,0.7460333160844248,1,0.2099609375
2148__1200_1200,t_8_16,44.130434782608695,0.3090721718081095,1,0.0859375
2148__1200_1200,t_8_16,44.130434782608695,0.732964814670887,1,0.2021484375
2148__1200_1200,t_8_16,44.130434782608695,0.24064859020789,1,0.0224609375
2148__1200_1200,t_8_16,44.130434782608695,0.24064859020789,1,0.064453125
2148__1200_1200,t_8_16,44.130434782608695,0.4477411705970012,1,0.0439453125
2148__1200_1200,t_8_16,44.130434782608695,0.8852730131860286,1,0.19140625
2148__1200_1200,t_8_16,44.130434782608695,0.7960386211652336,1,0.1923828125
2148__1200_1200,t_8_16,44.130434782608695,0.7447452458890292,1,0.1201171875
2148__1200_1200,t_8_16,44.130434782608695,0.7447452458890292,1,0.15234375
2148__1800_600,t_8_16,44.130434782608695,0.9371179995068738,1,0.1826171875
2148__1800_600,t_8_16,44.130434782608695,0.1853618074028654,1,0.015625
2148__1800_600,t_8_16,44.130434782608695,0.1853618074028654,1,0.0185546875
2148__1800_600,t_8_16,44.130434782608695,0.8150809059049272,1,0.150390625
2148__1800_600,t_8_16,44.130434782608695,0.9459526369898372,1,0.25
2148__1800_600,t_8_16,44.130434782608695,0.1109970402258351,1,0.01171875
2148__1800_600,t_8_16,44.130434782608695,0.1109970402258351,1,0.1396484375
2148__1800_600,t_8_16,44.130434782608695,0.7045190163916589,1,0.154296875
2148__1800_600,t_8_16,44.130434782608695,0.7045190163916589,1,0.2060546875
2148__1800_600,t_8_16,44.130434782608695,0.9559496316653654,1,0.2451171875
2148__1800_600,t_8_16,44.130434782608695,0.4161288922509529,1,0.0859375
2148__1800_600,t_8_16,44.130434782608695,0.4161288922509529,1,0.1796875
2148__1800_600,t_8_16,44.130434782608695,0.1834548296554158,1,0.0615234375
2148__1800_600,t_8_16,44.130434782608695,0.1834548296554158,1,0.2001953125
2148__1800_600,t_8_16,44.130434782608695,0.9999226508590724,1,0.23828125
2197__600_0,t_8_16,44.130434782608695,0.9988568890266136,1,0.220703125
2197__600_0,t_8_16,44.130434782608695,0.326920822961827,1,0.03125
2197__600_0,t_8_16,44.130434782608695,0.9211583778694884,1,0.1591796875
2197__600_0,t_8_16,44.130434782608695,0.2317762348374458,1,0.0830078125
2197__600_0,t_8_16,44.130434782608695,0.2316402432927378,1,0.1435546875
2197__600_0,t_8_16,44.130434782608695,0.6391623426398246,1,0.0947265625
2197__600_0,t_8_16,44.130434782608695,0.827028640079313,1,0.2265625
2197__600_0,t_8_16,44.130434782608695,0.9345235451324674,1,0.181640625
2197__600_0,t_8_16,44.130434782608695,0.9303600969209612,1,0.1494140625
2197__600_0,t_8_16,44.130434782608695,0.5600981397830541,1,0.060546875
2197__600_0,t_8_16,44.130434782608695,0.990721133938732,1,0.24609375
2197__600_0,t_8_16,44.130434782608695,0.8942582948140261,1,0.095703125
2197__600_0,t_8_16,44.130434782608695,0.7923099503846442,1,0.0732421875
2197__600_0,t_8_16,44.130434782608695,0.947900287410528,1,0.171875
2197__600_0,t_8_16,44.130434782608695,0.3011373126663108,1,0.09765625
2197__600_0,t_8_16,44.130434782608695,0.3011373126663108,1,0.103515625
2197__600_0,t_8_16,44.130434782608695,0.8258464169797044,1,0.16796875
2197__600_0,t_8_16,44.130434782608695,0.9896091156984604,1,0.1484375
2197__600_0,t_8_16,44.130434782608695,0.9896091156984604,1,0.1279296875
22092,t_8_16,43.8625,0.8191620086477246,1,0.1591796875
22092,t_8_16,43.8625,0.6614385468978297,1,0.09375
22092,t_8_16,43.8625,0.9286323916184392,1,0.2451171875
22092,t_8_16,43.8625,0.6452179136773729,1,0.080078125
2225__1200_1200,t_8_16,44.130434782608695,0.5117367632995246,1,0.0517578125
22327,t_8_16,44.130434782608695,0.2790477114148416,1,0.0107421875
2250__600_1849,t_8_16,44.130434782608695,0.968403850273545,1,0.2119140625
2250__600_1849,t_8_16,44.130434782608695,0.9221525589397288,1,0.126953125
2250__600_1849,t_8_16,44.130434782608695,0.3406058055240945,1,0.0478515625
2301__1200_600,t_8_16,43.8625,0.3949856625600156,1,0.173828125
2301__1200_600,t_8_16,43.8625,0.926555745994378,1,0.0634765625
2301__1200_600,t_8_16,43.8625,0.936644256693173,1,0.2431640625
2301__1200_600,t_8_16,43.8625,0.8702870720820151,1,0.0791015625
2301__1200_600,t_8_16,43.8625,0.9727221584125992,1,0.1201171875
2301__1200_600,t_8_16,43.8625,0.9663937390910198,1,0.1171875
2301__1200_600,t_8_16,43.8625,0.5465447356926136,1,0.0712890625
2301__1200_600,t_8_16,43.8625,0.8515870776364685,1,0.1416015625
2301__1200_600,t_8_16,43.8625,0.9441171683996868,1,0.0712890625
2301__1200_600,t_8_16,43.8625,0.0595679481422918,1,0.0029296875
2301__1200_600,t_8_16,43.8625,0.9288048574782702,1,0.216796875
2301__1200_600,t_8_16,43.8625,0.4473131777645364,1,0.078125
2301__1200_600,t_8_16,43.8625,0.4473131777645364,1,0.041015625
2301__1200_600,t_8_16,43.8625,0.9779118624036388,1,0.13671875
2301__1200_600,t_8_16,43.8625,0.4726133882880084,1,0.033203125
2301__1200_600,t_8_16,43.8625,0.981618053567254,1,0.095703125
2301__1200_600,t_8_16,43.8625,0.4847043064882968,1,0.201171875
2301__1200_600,t_8_16,43.8625,0.886798125180988,1,0.0703125
2301__1200_600,t_8_16,43.8625,0.817215307849556,1,0.23046875
2301__1200_600,t_8_16,43.8625,0.9717819304658318,1,0.0908203125
2301__1200_600,t_8_16,43.8625,0.0540248656422552,1,0.00390625
2301__1200_600,t_8_16,43.8625,0.0540248656422552,1,0.0078125
2301__1200_600,t_8_16,43.8625,0.7611939328718789,1,0.158203125
2301__1200_600,t_8_16,43.8625,0.9819340429704976,1,0.1640625
2301__1200_600,t_8_16,43.8625,0.7893336684297266,1,0.041015625
2301__1200_600,t_8_16,43.8625,0.7543454813001034,1,0.037109375
2301__1200_600,t_8_16,43.8625,0.8404967005310441,1,0.05859375
2301__1200_600,t_8_16,43.8625,0.8118687984012273,1,0.076171875
2301__1200_600,t_8_16,43.8625,0.5522075158007955,1,0.0693359375
2301__1200_600,t_8_16,43.8625,0.7310120947926216,1,0.0341796875
2301__1200_600,t_8_16,43.8625,0.872389901527948,1,0.19140625
2301__1200_600,t_8_16,43.8625,0.7163883259026739,1,0.033203125
2301__1200_600,t_8_16,43.8625,0.0996218524092362,1,0.212890625
2301__1200_600,t_8_16,43.8625,0.0996218524092362,1,0.109375
2301__1200_600,t_8_16,43.8625,0.0996218524092362,1,0.00390625
2301__1200_600,t_8_16,43.8625,0.7802981847644238,1,0.1123046875
2301__1200_600,t_8_16,43.8625,0.8563444694725663,1,0.2255859375
2301__1200_600,t_8_16,43.8625,0.8933311815049853,1,0.08203125
2301__1200_600,t_8_16,43.8625,0.9869304533329224,1,0.1416015625
2301__1200_600,t_8_16,43.8625,0.4580398086814006,1,0.158203125
2301__1200_600,t_8_16,43.8625,0.5677048002168673,1,0.0458984375
2301__1200_600,t_8_16,43.8625,0.3464386050459404,1,0.234375
2301__1200_600,t_8_16,43.8625,0.6129179128261614,1,0.0888671875
2301__1200_600,t_8_16,43.8625,0.3963784964543216,1,0.0888671875
2301__1200_600,t_8_16,43.8625,0.6358917214696524,1,0.09765625
2301__1200_600,t_8_16,43.8625,0.9625604921346286,1,0.1748046875
2301__1200_600,t_8_16,43.8625,0.6187767712887775,1,0.0673828125
2301__1200_600,t_8_16,43.8625,0.3800848091107124,1,0.0810546875
2301__1200_600,t_8_16,43.8625,0.3800848091107124,1,0.0126953125
2303__2400_0,t_8_16,43.8625,0.969050888840156,1,0.1826171875
2303__2400_0,t_8_16,43.8625,0.8290594406998353,1,0.205078125
2303__2400_0,t_8_16,43.8625,0.9734074512567972,1,0.2451171875
2303__2400_0,t_8_16,43.8625,0.9064204213253187,1,0.1083984375
2303__2400_0,t_8_16,43.8625,0.751967249021905,1,0.11328125
2303__2400_0,t_8_16,43.8625,0.7894668594984684,1,0.078125
2303__2400_0,t_8_16,43.8625,0.9997223190480262,1,0.1279296875
2325__2676_2397,t_8_16,43.8625,0.9960517437292596,1,0.1474609375
2325__2676_2397,t_8_16,43.8625,0.8344395474184474,1,0.22265625
2353__0_600,t_8_16,43.8625,0.414952686633858,1,0.1298828125
2353__0_600,t_8_16,43.8625,0.414952686633858,1,0.23046875
2353__2676_600,t_8_16,43.8625,0.8640993740120017,1,0.2158203125
2353__2676_600,t_8_16,43.8625,0.6383819469758659,1,0.2421875
2353__2676_600,t_8_16,43.8625,0.8852546691829427,1,0.1806640625
2353__2676_600,t_8_16,43.8625,0.3906983623749919,1,0.203125
2353__2676_600,t_8_16,43.8625,0.8730486243561042,1,0.1572265625
2353__2676_600,t_8_16,43.8625,0.0260396291027827,1,0.001953125
2353__2676_600,t_8_16,43.8625,0.0260396291027827,1,0.0751953125
2353__2676_600,t_8_16,43.8625,0.8513806284113576,1,0.1494140625
2353__2676_600,t_8_16,43.8625,0.8347216788456021,1,0.1845703125
2353__2676_600,t_8_16,43.8625,0.5534052627411454,1,0.2177734375
2353__2676_600,t_8_16,43.8625,0.6737949416490127,1,0.0869140625
2353__2676_600,t_8_16,43.8625,0.6737949416490127,1,0.169921875
2353__2676_600,t_8_16,43.8625,0.7504500918476401,1,0.0693359375
2355__600_1200,t_8_16,44.130434782608695,0.983061009136121,1,0.2265625
2355__600_1200,t_8_16,44.130434782608695,0.6054628239325048,1,0.1533203125
2355__600_1200,t_8_16,44.130434782608695,0.6054628239325048,1,0.0302734375
2355__600_1200,t_8_16,44.130434782608695,0.6203137712333598,1,0.2255859375
2355__600_1200,t_8_16,44.130434782608695,0.6843896315666596,1,0.224609375
2355__600_1200,t_8_16,44.130434782608695,0.0788827841422533,1,0.0078125
2355__600_1200,t_8_16,44.130434782608695,0.0788827841422533,1,0.1240234375
2366023ab,t_8_16,43.8625,0.3455678593237211,1,0.0458984375
2371__1200_600,t_8_16,44.130434782608695,0.8880571920432375,1,0.1533203125
2371__1200_600,t_8_16,44.130434782608695,0.9999532244174836,1,0.201171875
2371__1200_600,t_8_16,44.130434782608695,0.8361568386925289,1,0.0927734375
2371__1200_600,s_16_32,44.130434782608695,0.8269747219518186,1,0.1591796875
2371__1200_600,s_16_32,44.130434782608695,0.4510200530886594,1,0.2177734375
2371__1200_600,t_8_16,44.130434782608695,0.9262225117835592,1,0.2197265625
2371__1200_600,t_8_16,44.130434782608695,0.999982261699122,1,0.2275390625
2371__1200_600,t_8_16,44.130434782608695,0.1794891971023346,1,0.0078125
2371__1200_600,t_8_16,44.130434782608695,0.5894131994993157,1,0.208984375
2371__1200_600,t_8_16,44.130434782608695,0.6725181428514092,1,0.0712890625
2371__1200_600,t_8_16,44.130434782608695,0.7064992636807621,1,0.068359375
2371__1200_600,t_8_16,44.130434782608695,0.1035729044980068,1,0.0537109375
2371__1200_600,t_8_16,44.130434782608695,0.03296343891793,1,0.02734375
2371__1200_600,t_8_16,44.130434782608695,0.7004255963349987,1,0.0869140625
2371__1200_600,t_8_16,44.130434782608695,0.984093974229856,1,0.1904296875
2371__1200_600,t_8_16,44.130434782608695,0.9793996800825188,1,0.197265625
2371__1200_600,t_8_16,44.130434782608695,0.9174351528078478,1,0.1591796875
2371__1200_600,t_8_16,44.130434782608695,0.8539464890470845,1,0.0654296875
2371__1200_600,t_8_16,44.130434782608695,0.4531764468757289,1,0.056640625
2371__1200_600,t_8_16,44.130434782608695,0.4531764468757289,1,0.01953125
2371__1200_600,t_8_16,44.130434782608695,0.6044682387725885,1,0.060546875
2371__1200_600,t_8_16,44.130434782608695,0.6044682387725885,1,0.1513671875
2371__1200_600,t_8_16,44.130434782608695,0.5515762183024003,1,0.1728515625
2371__1200_600,t_8_16,44.130434782608695,0.0930094046556178,1,0.0185546875
2371__1200_600,t_8_16,44.130434782608695,0.0930094046556178,1,0.0048828125
2371__1200_600,t_8_16,44.130434782608695,0.986465323311705,1,0.2353515625
2371__1200_600,t_8_16,44.130434782608695,0.8067418658953954,1,0.076171875
2371__1200_600,t_8_16,44.130434782608695,0.0920439621425574,1,0.1357421875
2371__1200_600,t_8_16,44.130434782608695,0.784598317323807,1,0.0986328125
2371__1200_600,t_8_16,44.130434782608695,0.9993364637082804,1,0.1806640625
2371__1200_600,t_8_16,44.130434782608695,0.9999639024883424,1,0.185546875
2371__1200_600,t_8_16,44.130434782608695,0.947307047276194,1,0.1728515625
2371__1200_600,t_8_16,44.130434782608695,0.901859652070848,1,0.14453125
2371__1200_600,t_8_16,44.130434782608695,0.9987165986485648,1,0.1826171875
2371__1200_600,t_8_16,44.130434782608695,0.3127309142258627,1,0.048828125
2371__1200_600,t_8_16,44.130434782608695,0.3127309142258627,1,0.0947265625
2371__1200_600,t_8_16,44.130434782608695,0.7008063483078354,1,0.060546875
2371__1200_600,t_8_16,44.130434782608695,0.7008063483078354,1,0.0546875
2371__1200_600,t_8_16,44.130434782608695,0.5059724106562242,1,0.1416015625
2371__1200_600,t_8_16,44.130434782608695,0.7275555649132338,1,0.142578125
2371__1200_600,t_8_16,44.130434782608695,0.598248351394226,1,0.2265625
2371__1200_600,t_8_16,44.130434782608695,0.9982599181424592,1,0.1767578125
2371__1200_600,t_8_16,44.130434782608695,0.263183773564387,1,0.0166015625
2371__1200_600,t_8_16,44.130434782608695,0.263183773564387,1,0.017578125
2421__1800_1929,t_8_16,44.130434782608695,0.2365225416667627,1,0.0732421875
2421__1800_1929,t_8_16,44.130434782608695,0.2365225416667627,1,0.025390625
2421__1800_1929,t_8_16,44.130434782608695,0.7956651265459453,1,0.0703125
2421__1800_1929,t_8_16,44.130434782608695,0.7931344592823086,1,0.0771484375
2421__1800_1929,t_8_16,44.130434782608695,0.5550866892149798,1,0.15234375
2421__1800_1929,t_8_16,44.130434782608695,0.2449262323768749,1,0.08203125
2421__1800_1929,t_8_16,44.130434782608695,0.1694178275990909,1,0.01171875
2421__1800_1929,t_8_16,44.130434782608695,0.8030602478119794,1,0.1220703125
2421__1800_1929,t_8_16,44.130434782608695,0.4797901236520298,1,0.0673828125
2423__1200_1200,t_8_16,44.130434782608695,0.3925933806895222,1,0.1396484375
2423__1200_1200,t_8_16,44.130434782608695,0.660216229211222,1,0.052734375
2423__1200_1200,t_8_16,44.130434782608695,0.6106526702589241,1,0.0908203125
2423__1200_1200,t_8_16,44.130434782608695,0.6106526702589241,1,0.0849609375
2423__1200_1200,t_8_16,44.130434782608695,0.799548404394412,1,0.1630859375
2423__1200_1200,t_8_16,44.130434782608695,0.5201916556894474,1,0.0615234375
2423__1200_1200,t_8_16,44.130434782608695,0.5201916556894474,1,0.0283203125
2423__1200_1200,t_8_16,44.130434782608695,0.172340327857947,1,0.0205078125
2423__1200_1200,t_8_16,44.130434782608695,0.2494652543627937,1,0.0107421875
2423__1200_1200,t_8_16,44.130434782608695,0.2494652543627937,1,0.142578125
2423__1200_1200,t_8_16,44.130434782608695,0.3924668488846238,1,0.1708984375
2423__1200_1200,t_8_16,44.130434782608695,0.3924668488846238,1,0.1611328125
2423__1200_1200,t_8_16,44.130434782608695,0.3144813623016762,1,0.1015625
2423__1200_1200,t_8_16,44.130434782608695,0.9500610634000062,1,0.1162109375
2423__1200_1200,t_8_16,44.130434782608695,0.5035114261597611,1,0.0986328125
2423__1200_1200,t_8_16,44.130434782608695,0.8802722966743111,1,0.1376953125
2423__1200_1200,t_8_16,44.130434782608695,0.9844561122832204,1,0.169921875
2423__1200_1200,t_8_16,44.130434782608695,0.7982723338240548,1,0.05859375
2423__1200_1200,t_8_16,44.130434782608695,0.3184035191662977,1,0.189453125
2423__1200_1200,t_8_16,44.130434782608695,0.5522102098003215,1,0.04296875
2423__1200_1200,t_8_16,44.130434782608695,0.129518572539849,1,0.0078125
2423__1200_1200,t_8_16,44.130434782608695,0.129518572539849,1,0.2119140625
2423__1200_1200,t_8_16,44.130434782608695,0.3379053109973399,1,0.0224609375
2423__1200_1200,t_8_16,44.130434782608695,0.7931935429367248,1,0.2099609375
2423__1200_1200,t_8_16,44.130434782608695,0.3136971698317592,1,0.052734375
2423__1200_1200,t_8_16,44.130434782608695,0.9754281613605258,1,0.208984375
2423__1200_1200,t_8_16,44.130434782608695,0.999999998992272,1,0.2021484375
2423__1200_1200,t_8_16,44.130434782608695,0.2995575675214634,1,0.01953125
2423__1200_1200,t_8_16,44.130434782608695,0.4545509627209966,1,0.03125
2423__1200_1200,t_8_16,44.130434782608695,0.9667899782267246,1,0.193359375
2423__1200_1200,t_8_16,44.130434782608695,0.8908570485810711,1,0.1826171875
2423__1200_1200,t_8_16,44.130434782608695,0.4544642582089641,1,0.0205078125
2423__1200_1200,t_8_16,44.130434782608695,0.4255514885285644,1,0.1142578125
2423__1200_1200,t_8_16,44.130434782608695,0.4255514885285644,1,0.21875
2423__1200_1200,t_8_16,44.130434782608695,0.4255514885285644,1,0.0478515625
2423__1200_1200,t_8_16,44.130434782608695,0.8688220131098524,1,0.1767578125
2423__1200_1200,t_8_16,44.130434782608695,0.2804565463683333,1,0.1728515625
2423__1200_1200,t_8_16,44.130434782608695,0.731427899674344,1,0.25
2423__1200_1200,t_8_16,44.130434782608695,0.3358879742769364,1,0.0673828125
2423__1200_1200,t_8_16,44.130434782608695,0.1226927805749499,1,0.02734375
2423__1200_1200,t_8_16,44.130434782608695,0.1226927805749499,1,0.0087890625
2423__1200_1200,t_8_16,44.130434782608695,0.7590831826675902,1,0.134765625
2423__1200_1200,t_8_16,44.130434782608695,0.7590831826675902,1,0.0576171875
2423__1200_1200,t_8_16,44.130434782608695,0.2639127984690391,1,0.0234375
2423__1200_1200,t_8_16,44.130434782608695,0.2639127984690391,1,0.15625
2423__1200_1200,t_8_16,44.130434782608695,0.6948328248111555,1,0.1025390625
2423__1200_1200,t_8_16,44.130434782608695,0.0964390439139849,1,0.1455078125
2423__1200_1200,t_8_16,44.130434782608695,0.0964390439139849,1,0.0283203125
2423__1200_1200,t_8_16,44.130434782608695,0.2701307113666661,1,0.0322265625
2423__1200_1200,t_8_16,44.130434782608695,0.2701307113666661,1,0.0107421875
2423__1200_1200,s_16_32,44.130434782608695,0.525469746464781,1,0.1181640625
2423__1200_1200,s_16_32,44.130434782608695,0.5062932604121916,1,0.138671875
2423__1200_1200,t_8_16,44.130434782608695,0.5865753615350652,1,0.052734375
2423__1200_1200,t_8_16,44.130434782608695,0.5865753615350652,1,0.0673828125
2423__1200_1200,t_8_16,44.130434782608695,0.3253603816401719,1,0.0986328125
2423__1200_1200,t_8_16,44.130434782608695,0.3253603816401719,1,0.0673828125
2423__1200_1200,t_8_16,44.130434782608695,0.7433781512534453,1,0.0732421875
2423__1200_1200,t_8_16,44.130434782608695,0.843334196766066,1,0.1220703125
2423__1200_1200,t_8_16,44.130434782608695,0.843334196766066,1,0.046875
2423__1200_1200,t_8_16,44.130434782608695,0.3269786267920958,1,0.078125
2423__1200_1200,t_8_16,44.130434782608695,0.3269786267920958,1,0.130859375
2497__1800_600,t_8_16,44.130434782608695,0.9795794766260868,1,0.2470703125
2497__1800_600,s_16_32,44.130434782608695,0.0300738719587476,1,0.1455078125
2497__1800_600,t_8_16,44.130434782608695,0.213612680254436,1,0.01953125
2497__1800_600,t_8_16,44.130434782608695,0.213612680254436,1,0.0927734375
2505__1800_600,t_8_16,44.130434782608695,0.9998428502973564,1,0.19140625
2505__1800_600,t_8_16,44.130434782608695,0.1052544120896604,1,0.138671875
2505__1800_600,t_8_16,44.130434782608695,0.1052544120896604,1,0.16015625
2505__1800_600,t_8_16,44.130434782608695,0.5385146492575973,1,0.03515625
2505__1800_600,t_8_16,44.130434782608695,0.0295974875990034,1,0.087890625
2505__1800_600,t_8_16,44.130434782608695,0.0295974875990034,1,0.0380859375
2505__1800_600,t_8_16,44.130434782608695,0.0732210500577245,1,0.25
2505__1800_600,t_8_16,44.130434782608695,0.0732210500577245,1,0.068359375
2505__1800_600,t_8_16,44.130434782608695,0.8413870311965717,1,0.173828125
2505__1800_600,s_16_32,44.130434782608695,0.8792194090110501,1,0.1328125
2505__1800_600,t_8_16,44.130434782608695,0.3599735662763641,1,0.0390625
2505__1800_600,t_8_16,44.130434782608695,0.3395668736427835,1,0.1494140625
2505__1800_600,t_8_16,44.130434782608695,0.3395668736427835,1,0.037109375
2505__1800_600,t_8_16,44.130434782608695,0.46825857219875,1,0.0791015625
2505__1800_600,t_8_16,44.130434782608695,0.8961551249623799,1,0.203125
2514__2113_0,t_8_16,44.130434782608695,0.8848723363198082,1,0.1484375
2514__2113_0,t_8_16,44.130434782608695,0.7756546644626586,1,0.0810546875
2514__2113_0,t_8_16,44.130434782608695,0.8551859974364893,1,0.0908203125
2514__2113_0,t_8_16,44.130434782608695,0.1943545692090184,1,0.015625
2514__2113_0,t_8_16,44.130434782608695,0.6425857477619809,1,0.0654296875
2515__1800_0,t_8_16,44.130434782608695,0.9196867306255252,1,0.236328125
2515__1800_0,s_16_32,44.130434782608695,0.8179123602345219,1,0.1416015625
2515__1800_0,t_8_16,44.130434782608695,0.917123022142125,1,0.2060546875
2515__1800_0,t_8_16,44.130434782608695,0.0814996792602637,1,0.0107421875
2515__1800_0,t_8_16,44.130434782608695,0.0814996792602637,1,0.0263671875
2515__1800_0,t_8_16,44.130434782608695,0.0326077135555919,1,0.0029296875
2515__1800_0,t_8_16,44.130434782608695,0.0326077135555919,1,0.140625
2560__3000_1800,s_16_32,44.130434782608695,0.0393446203662949,1,0.1005859375
2560__3000_1800,s_16_32,44.130434782608695,0.0393446203662949,1,0.0400390625
2560__3000_1800,t_8_16,44.130434782608695,0.9189472042554104,1,0.150390625
2560__3000_1800,t_8_16,44.130434782608695,0.9421109256108232,1,0.140625
2560__3000_1800,t_8_16,44.130434782608695,0.0981543226785392,1,0.0068359375
2560__3000_1800,t_8_16,44.130434782608695,0.0981543226785392,1,0.017578125
2560__3000_1800,s_16_32,44.130434782608695,0.6760581809955597,1,0.072265625
2560__3000_1800,t_8_16,44.130434782608695,0.978994929285217,1,0.216796875
2560__3000_1800,t_8_16,44.130434782608695,0.4326342330957275,1,0.0400390625
2560__3000_1800,t_8_16,44.130434782608695,0.8995118110599328,1,0.2236328125
2560__3000_1800,t_8_16,44.130434782608695,0.7277374028940952,1,0.08984375
2560__3000_1800,t_8_16,44.130434782608695,0.7277374028940952,1,0.2138671875
2560__3000_1800,s_16_32,44.130434782608695,0.9911391756170436,1,0.2177734375
2560__3000_1800,t_8_16,44.130434782608695,0.115314400945162,1,0.0166015625
2560__3000_1800,t_8_16,44.130434782608695,0.981032522537307,1,0.248046875
2560__3000_1800,t_8_16,44.130434782608695,0.9812438767288132,1,0.1982421875
2560__3000_1800,t_8_16,44.130434782608695,0.92098535805286,1,0.21484375
2560__3000_1800,t_8_16,44.130434782608695,0.1510386850316037,1,0.107421875
2560__3000_1800,t_8_16,44.130434782608695,0.9862768759423168,1,0.2333984375
2560__3000_1800,s_16_32,44.130434782608695,0.904411045408978,1,0.244140625
2560__3000_1800,t_8_16,44.130434782608695,0.5635903034082255,1,0.1044921875
2591__1800_1200,t_8_16,44.130434782608695,0.7388126414002263,1,0.205078125
2591__1800_1200,t_8_16,44.130434782608695,0.7388126414002263,1,0.0966796875
2591__1800_1200,s_16_32,44.130434782608695,0.3258066756106598,1,0.0263671875
2591__1800_1200,t_8_16,44.130434782608695,0.967267855207871,1,0.2392578125
2591__1800_1200,t_8_16,44.130434782608695,0.7138173113361386,1,0.1259765625
2591__1800_1200,s_16_32,44.130434782608695,0.9869333460900276,1,0.10546875
2591__1800_1800,t_8_16,44.130434782608695,0.3924570817487687,1,0.087890625
2591__1800_1800,s_16_32,44.130434782608695,0.0302801367603019,1,0.0380859375
2591__1800_1800,s_16_32,44.130434782608695,0.0302801367603019,1,0.001953125
2591__1800_1800,t_8_16,44.130434782608695,0.6932900026394633,1,0.0732421875
2591__1800_1800,t_8_16,44.130434782608695,0.6272240698057102,1,0.0908203125
2591__1800_1800,t_8_16,44.130434782608695,0.6272240698057102,1,0.0576171875
2591__1800_1800,t_8_16,44.130434782608695,0.7357124028338013,1,0.0537109375
2591__1800_1800,t_8_16,44.130434782608695,0.7357124028338013,1,0.1015625
2a5abe21e,s_16_32,44.130434782608695,0.573539618174989,1,0.16796875
2a5abe21e,s_16_32,44.130434782608695,0.573539618174989,1,0.1083984375
2fc371d2c,t_8_16,43.8625,0.4009885159451721,1,0.07421875
311__3963_2400,t_8_16,44.130434782608695,0.0131470159858142,1,0.0087890625
311__3963_2400,t_8_16,44.130434782608695,0.0131470159858142,1,0.072265625
311__3963_2400,t_8_16,44.130434782608695,0.0131470159858142,1,0.0107421875
311__3963_2400,t_8_16,44.130434782608695,0.1265521242654539,1,0.0146484375
311__3963_2400,t_8_16,44.130434782608695,0.1265521242654539,1,0.0146484375
311__3963_2400,t_8_16,44.130434782608695,0.1663218915409847,1,0.2236328125
311__3963_2400,t_8_16,44.130434782608695,0.1663218915409847,1,0.0458984375
311__3963_2400,t_8_16,44.130434782608695,0.5446570388070673,1,0.119140625
311__3963_2400,t_8_16,44.130434782608695,0.5446570388070673,1,0.1337890625
311__3963_2400,t_8_16,44.130434782608695,0.644299489887,1,0.076171875
362__0_1200,t_8_16,44.130434782608695,0.9508456553622512,1,0.158203125
362__0_1200,t_8_16,44.130434782608695,0.70191654284042,1,0.1171875
362__0_1200,t_8_16,44.130434782608695,0.9208159263850948,1,0.16796875
362__0_1200,t_8_16,44.130434782608695,0.2994606627294316,1,0.171875
362__0_1200,s_16_32,44.130434782608695,0.2367616821637064,1,0.01171875
362__0_1200,t_8_16,44.130434782608695,0.1294730006884879,1,0.01171875
362__0_1200,t_8_16,44.130434782608695,0.1294730006884879,1,0.0654296875
362__1800_2342,t_8_16,44.130434782608695,0.486439399268797,1,0.0419921875
362__1800_2342,s_16_32,44.130434782608695,0.932623375574546,1,0.2216796875
38af45d7f,t_8_16,43.8625,0.2916408201197903,1,0.03515625
38af45d7f,t_8_16,43.8625,0.2916408201197903,1,0.1865234375
3e571b7c7,t_8_16,43.8625,0.5647386672680348,1,0.09765625
42__1800_1200,t_8_16,43.8625,0.3083717142222805,1,0.0654296875
42__1800_1200,t_8_16,43.8625,0.3083717142222805,1,0.048828125
42__1800_1200,t_8_16,43.8625,0.8066556071862421,1,0.193359375
42__1800_1200,t_8_16,43.8625,0.368900518579723,1,0.126953125
42__1800_1200,t_8_16,43.8625,0.368900518579723,1,0.0400390625
46__1200_1200,t_8_16,44.130434782608695,0.9846373185276146,1,0.244140625
46__1200_1200,t_8_16,44.130434782608695,0.679309476735845,1,0.087890625
46__1200_1200,t_8_16,44.130434782608695,0.5149829789702447,1,0.125
46__1200_1200,t_8_16,44.130434782608695,0.5149829789702447,1,0.1025390625
46__1200_1200,t_8_16,44.130434782608695,0.935871023931518,1,0.2197265625
46__1200_1200,t_8_16,44.130434782608695,0.5234218133578921,1,0.0849609375
46__1200_600,s_16_32,44.130434782608695,0.9124370390319234,1,0.212890625
46__1200_600,t_8_16,44.130434782608695,0.9844238732142456,1,0.22265625
46__1200_600,t_8_16,44.130434782608695,0.7443644618155749,1,0.240234375
46__1200_600,t_8_16,44.130434782608695,0.7443644618155749,1,0.115234375
46__1200_600,t_8_16,44.130434782608695,0.9687148439495686,1,0.228515625
46__1200_600,t_8_16,44.130434782608695,0.935265264949223,1,0.171875
46__1200_600,t_8_16,44.130434782608695,0.1812257357626201,1,0.0732421875
46__1200_600,t_8_16,44.130434782608695,0.1812257357626201,1,0.0634765625
46__1200_600,t_8_16,44.130434782608695,0.4078473930549616,1,0.076171875
46__1200_600,t_8_16,44.130434782608695,0.2178250960606936,1,0.0654296875
46__1200_600,t_8_16,44.130434782608695,0.2178250960606936,1,0.0400390625
46__1200_600,t_8_16,44.130434782608695,0.5374106242415272,1,0.072265625
46__1200_600,s_16_32,44.130434782608695,0.9585248046227856,1,0.2412109375
46__1200_600,t_8_16,44.130434782608695,0.6222244199382294,1,0.16015625
46__1200_600,t_8_16,44.130434782608695,0.781733027213072,1,0.099609375
46__1200_600,s_16_32,44.130434782608695,0.7550203419589215,1,0.0703125
53__600_1200,t_8_16,44.130434782608695,0.8561801214222178,1,0.1015625
53__600_1200,t_8_16,44.130434782608695,0.8982489473098555,1,0.109375
53__600_1200,t_8_16,44.130434782608695,0.4718560068398801,1,0.1943359375
53__600_1200,t_8_16,44.130434782608695,0.1335929920095961,1,0.1220703125
53__600_1200,t_8_16,44.130434782608695,0.1335929920095961,1,0.0810546875
568__2400_2400,t_8_16,44.130434782608695,0.5434607310052223,1,0.025390625
568__2400_2400,s_16_32,44.130434782608695,0.2699742287464213,1,0.1572265625
5787d635c,t_8_16,44.130434782608695,0.4285636251098162,1,0.1865234375
5aa473f77,s_16_32,44.130434782608695,0.83550400613729,1,0.1435546875
5b6999ae6,t_8_16,43.8625,0.8043560238377297,1,0.1435546875
5bb210460,t_8_16,44.130434782608695,0.2183142689912705,1,0.2138671875
5f55ef176,t_8_16,43.8625,0.9787677686451924,1,0.2431640625
600__600_2342,t_8_16,44.130434782608695,0.901853715901514,1,0.1767578125
600__600_2342,t_8_16,44.130434782608695,0.6529923526753747,1,0.103515625
600__600_2342,t_8_16,44.130434782608695,0.9564172123641808,1,0.1064453125
600__600_2342,t_8_16,44.130434782608695,0.5964121818381852,1,0.0546875
600__600_2342,t_8_16,44.130434782608695,0.8674301279626917,1,0.2451171875
600__600_2342,t_8_16,44.130434782608695,0.8674301279626917,1,0.1650390625
600__600_2342,t_8_16,44.130434782608695,0.8800813231229426,1,0.125
600__600_2342,t_8_16,44.130434782608695,0.7062507962968088,1,0.08203125
600__600_2342,t_8_16,44.130434782608695,0.7062507962968088,1,0.03125
600__600_2342,t_8_16,44.130434782608695,0.9077553469232617,1,0.158203125
600__600_2342,t_8_16,44.130434782608695,0.9128666833663504,1,0.166015625
600__600_2342,t_8_16,44.130434782608695,0.3445767212686826,1,0.03125
600__600_2342,t_8_16,44.130434782608695,0.3445767212686826,1,0.06640625
600__600_2342,t_8_16,44.130434782608695,0.0319641075308318,1,0.1005859375
600__600_2342,t_8_16,44.130434782608695,0.0319641075308318,1,0.1982421875
600__600_2342,t_8_16,44.130434782608695,0.0319641075308318,1,0.0009765625
600__600_2342,s_16_32,44.130434782608695,0.6900672330297076,1,0.0625
600__600_2342,s_16_32,44.130434782608695,0.6900672330297076,1,0.08984375
600__600_2342,s_16_32,44.130434782608695,0.6004522610185697,1,0.1162109375
600__600_2342,s_16_32,44.130434782608695,0.6004522610185697,1,0.0556640625
600__600_2342,t_8_16,44.130434782608695,0.1724489876368659,1,0.0244140625
600__600_2342,t_8_16,44.130434782608695,0.1724489876368659,1,0.083984375
600__600_2342,t_8_16,44.130434782608695,0.3703650481791993,1,0.201171875
600__600_2342,s_16_32,44.130434782608695,0.9729280420104462,1,0.1640625
600__600_2342,s_16_32,44.130434782608695,0.9688443133419544,1,0.1669921875
600__600_2342,t_8_16,44.130434782608695,0.3563764242126286,1,0.1484375
600__600_2342,t_8_16,44.130434782608695,0.5571478014453329,1,0.2431640625
600__600_2342,t_8_16,44.130434782608695,0.925794018199199,1,0.1396484375
600__600_2342,s_16_32,44.130434782608695,0.9545431211897788,1,0.146484375
600__600_2342,t_8_16,44.130434782608695,0.999945062650811,1,0.2099609375
600__600_2342,s_16_32,44.130434782608695,0.419912611396805,1,0.1357421875
600__600_2342,s_16_32,44.130434782608695,0.419912611396805,1,0.099609375
600__600_2342,s_16_32,44.130434782608695,0.0600060636395787,1,0.107421875
600__600_2342,s_16_32,44.130434782608695,0.0600060636395787,1,0.0712890625
600__600_2342,t_8_16,44.130434782608695,0.938776741083916,1,0.1455078125
600__600_2342,t_8_16,44.130434782608695,0.1311310475063151,1,0.09375
600__600_2342,t_8_16,44.130434782608695,0.1311310475063151,1,0.14453125
623d22ecf,t_8_16,43.8625,0.4247099629609147,1,0.0458984375
67c4dc2e3,t_8_16,43.8625,0.5306792869528295,1,0.0751953125
6e67ac5f3,s_16_32,44.130434782608695,0.6051860129271041,1,0.1943359375
6e67ac5f3,s_16_32,44.130434782608695,0.6051860129271041,1,0.05859375
72__1200_1200,t_8_16,44.130434782608695,0.5817883267336224,1,0.12890625
72__1200_1200,s_16_32,44.130434782608695,0.1031061830775619,1,0.03515625
72__1200_1200,s_16_32,44.130434782608695,0.1031061830775619,1,0.01171875
72__1200_1200,t_8_16,44.130434782608695,0.3146757014689462,1,0.02734375
72__1200_1200,t_8_16,44.130434782608695,0.3146757014689462,1,0.013671875
72__1200_1200,s_16_32,44.130434782608695,0.5972606721847112,1,0.0908203125
72__1200_1200,t_8_16,44.130434782608695,0.0603378799455153,1,0.0478515625
72__1200_1200,t_8_16,44.130434782608695,0.817353513586024,1,0.2099609375
74f8dd4e7,t_8_16,43.8625,0.6658126994178301,1,0.1123046875
79e8dd9d9,t_8_16,44.130434782608695,0.2759871260540376,1,0.0126953125
79e8dd9d9,t_8_16,44.130434782608695,0.577808902258938,1,0.02734375
79e8dd9d9,s_16_32,44.130434782608695,0.2472434279334418,1,0.01953125
79e8dd9d9,t_8_16,44.130434782608695,0.1522611982267781,1,0.009765625
79e8dd9d9,t_8_16,44.130434782608695,0.1522611982267781,1,0.0185546875
79e8dd9d9,t_8_16,44.130434782608695,0.1522611982267781,1,0.0302734375
7a310295a,t_8_16,43.8625,0.1771697238200774,1,0.0205078125
7a310295a,t_8_16,43.8625,0.7012479494736934,1,0.2060546875
7a310295a,t_8_16,43.8625,0.7012479494736934,1,0.146484375
7bf3b18dc,t_8_16,43.8625,0.4324849939434445,1,0.0576171875
7bf3b18dc,t_8_16,43.8625,0.4324849939434445,1,0.2451171875
7bf3b18dc,t_8_16,43.8625,0.4324849939434445,1,0.0419921875
82c0910d5,t_8_16,43.8625,0.8192030030807751,1,0.1015625
860__1200_2417,t_8_16,44.130434782608695,0.8475489620729323,1,0.19921875
860__1200_2417,t_8_16,44.130434782608695,0.7991344642252984,1,0.0966796875
860__1200_2417,t_8_16,44.130434782608695,0.7991344642252984,1,0.2177734375
860__1200_2417,t_8_16,44.130434782608695,0.7237796918528645,1,0.0634765625
860__1200_2417,t_8_16,44.130434782608695,0.5267521517455757,1,0.142578125
860__1200_2417,t_8_16,44.130434782608695,0.5267521517455757,1,0.099609375
860__1200_2417,t_8_16,44.130434782608695,0.9491671939390304,1,0.1943359375
860__1200_2417,t_8_16,44.130434782608695,0.793080444797613,1,0.15234375
860__1200_2417,t_8_16,44.130434782608695,0.5791312598933738,1,0.04296875
860__1200_2417,t_8_16,44.130434782608695,0.7323280757687679,1,0.1240234375
860__1200_2417,t_8_16,44.130434782608695,0.5568933730059423,1,0.130859375
860__1200_2417,t_8_16,44.130434782608695,0.5104618141252157,1,0.0732421875
860__1200_2417,t_8_16,44.130434782608695,0.5199404433247458,1,0.0859375
860__1200_2417,t_8_16,44.130434782608695,0.8008432582218014,1,0.0966796875
860__1200_2417,t_8_16,44.130434782608695,0.8008432582218014,1,0.103515625
860__1200_2417,t_8_16,44.130434782608695,0.003184655356955,1,0.0146484375
860__1200_2417,t_8_16,44.130434782608695,0.003184655356955,1,0.0390625
860__1200_2417,t_8_16,44.130434782608695,0.7865252228437737,1,0.0625
860__1200_2417,s_16_32,44.130434782608695,0.9449429375036892,1,0.1787109375
860__1200_2417,t_8_16,44.130434782608695,0.4825496470245035,1,0.1025390625
860__1200_2417,t_8_16,44.130434782608695,0.8737117225813514,1,0.162109375
860__1200_2417,t_8_16,44.130434782608695,0.5801736923809001,1,0.08984375
860__1200_2417,t_8_16,44.130434782608695,0.5801736923809001,1,0.1005859375
860__1200_2417,t_8_16,44.130434782608695,0.4029883824211034,1,0.16796875
860__1200_2417,s_16_32,44.130434782608695,0.0395620661160647,1,0.0751953125
860__1200_2417,s_16_32,44.130434782608695,0.0395620661160647,1,0.0029296875
860__1200_2417,s_16_32,44.130434782608695,0.0395620661160647,1,0.009765625
860__1200_2417,s_16_32,44.130434782608695,0.0395620661160647,1,0.04296875
8ab154d14,t_8_16,43.8625,0.5957958238900293,1,0.0390625
8af698914,t_8_16,44.130434782608695,0.896807858315054,1,0.2197265625
8af698914,t_8_16,44.130434782608695,0.8776425066443992,1,0.1357421875
8af698914,t_8_16,44.130434782608695,0.8776425066443992,1,0.220703125
903__2491_2400,t_8_16,43.8625,0.4253882873106031,1,0.0810546875
903__2491_2400,t_8_16,43.8625,0.8542843248212173,1,0.185546875
903__2491_2400,t_8_16,43.8625,0.9999997283471704,1,0.197265625
903__2491_2400,t_8_16,43.8625,0.8259891524038611,1,0.095703125
905__0_2417,t_8_16,44.130434782608695,0.0893785943050472,1,0.1181640625
905__0_2417,t_8_16,44.130434782608695,0.0893785943050472,1,0.1435546875
9515a948d,t_8_16,44.130434782608695,0.0761042334244556,1,0.099609375
9515a948d,t_8_16,44.130434782608695,0.0761042334244556,1,0.0380859375
9515a948d,t_8_16,44.130434782608695,0.0761042334244556,1,0.0634765625
95eddace4,t_8_16,43.8625,0.4254980469093399,1,0.078125
95eddace4,t_8_16,43.8625,0.4254980469093399,1,0.0458984375
9999937_00000_d_0000025__0_250,s_16_32,44.130434782608695,0.2415650230158224,1,0.07421875
9999937_00000_d_0000025__0_250,s_16_32,44.130434782608695,0.2415650230158224,1,0.216796875
9999937_00000_d_0000025__0_250,s_16_32,44.130434782608695,0.1666882234132713,1,0.0234375
9999937_00000_d_0000025__0_250,s_16_32,44.130434782608695,0.864412974284437,1,0.23828125
9999937_00000_d_0000025__0_250,s_16_32,44.130434782608695,0.7759352586952679,1,0.1083984375
9999937_00000_d_0000025__0_250,s_16_32,44.130434782608695,0.3539874386828047,1,0.0458984375
9999937_00000_d_0000025__0_250,s_16_32,44.130434782608695,0.3539874386828047,1,0.0654296875
9999937_00000_d_0000025__0_250,s_16_32,44.130434782608695,0.9367942015520234,1,0.1357421875
9999937_00000_d_0000025__0_250,t_8_16,44.130434782608695,0.6347097296222186,1,0.177734375
9999937_00000_d_0000025__0_250,t_8_16,44.130434782608695,0.6347097296222186,1,0.2001953125
9999937_00000_d_0000025__0_250,t_8_16,44.130434782608695,0.6347097296222186,1,0.205078125
9999937_00000_d_0000025__0_250,t_8_16,44.130434782608695,0.6839815105779451,1,0.0341796875
9999937_00000_d_0000025__0_250,t_8_16,44.130434782608695,0.9902336373228344,1,0.1005859375
9999937_00000_d_0000025__0_250,t_8_16,44.130434782608695,0.7763913951208504,1,0.0751953125
9999937_00000_d_0000025__0_250,s_16_32,44.130434782608695,0.1783530297910045,1,0.0703125
9999937_00000_d_0000025__0_250,s_16_32,44.130434782608695,0.3316874002254058,1,0.029296875
9999937_00000_d_0000025__0_250,s_16_32,44.130434782608695,0.6188114795921693,1,0.111328125
9999937_00000_d_0000025__0_250,s_16_32,44.130434782608695,0.7525477984613173,1,0.146484375
9999937_00000_d_0000025__0_250,s_16_32,44.130434782608695,0.6380775989588662,1,0.0234375
9999937_00000_d_0000025__0_250,s_16_32,44.130434782608695,0.1938569759510485,1,0.037109375
9999937_00000_d_0000025__0_250,s_16_32,44.130434782608695,0.8030187130525385,1,0.0615234375
9999937_00000_d_0000025__0_250,s_16_32,44.130434782608695,0.8030187130525385,1,0.2080078125
9999937_00000_d_0000025__0_250,t_8_16,44.130434782608695,0.2002832170281918,1,0.1708984375
9999937_00000_d_0000025__0_250,t_8_16,44.130434782608695,0.8511057880010122,1,0.0947265625
9999937_00000_d_0000025__0_250,s_16_32,44.130434782608695,0.2594348581277106,1,0.0302734375
9999937_00000_d_0000025__0_250,t_8_16,44.130434782608695,0.8673760694650976,1,0.0888671875
9999937_00000_d_0000025__0_250,t_8_16,44.130434782608695,0.4691852518412723,1,0.134765625
9999937_00000_d_0000025__0_250,t_8_16,44.130434782608695,0.4691852518412723,1,0.0908203125
9999937_00000_d_0000025__0_250,t_8_16,44.130434782608695,0.4329976441653931,1,0.015625
9999937_00000_d_0000025__0_250,t_8_16,44.130434782608695,0.4329976441653931,1,0.046875
9999937_00000_d_0000025__0_250,t_8_16,44.130434782608695,0.6121077070799904,1,0.0693359375
9999937_00000_d_0000025__0_250,t_8_16,44.130434782608695,0.6121077070799904,1,0.1357421875
9999937_00000_d_0000025__0_250,t_8_16,44.130434782608695,0.8263293216129729,1,0.05078125
9999937_00000_d_0000025__0_250,t_8_16,44.130434782608695,0.9895394159869272,1,0.1298828125
9999937_00000_d_0000025__0_250,t_8_16,44.130434782608695,0.4201368770049657,1,0.0302734375
9999937_00000_d_0000025__0_250,t_8_16,44.130434782608695,0.9681077061266832,1,0.24609375
9999937_00000_d_0000025__0_250,t_8_16,44.130434782608695,0.6605571958596325,1,0.1669921875
9999937_00000_d_0000025__0_250,t_8_16,44.130434782608695,0.3059970357603128,1,0.01953125
9999937_00000_d_0000025__0_250,t_8_16,44.130434782608695,0.3059970357603128,1,0.05078125
9999937_00000_d_0000025__0_250,t_8_16,44.130434782608695,0.4910008392752704,1,0.0263671875
9999937_00000_d_0000025__0_250,t_8_16,44.130434782608695,0.4910008392752704,1,0.095703125
9999937_00000_d_0000025__0_250,t_8_16,44.130434782608695,0.2380351497860465,1,0.1572265625
9999937_00000_d_0000025__0_250,t_8_16,44.130434782608695,0.019362150174802,1,0.052734375
9999937_00000_d_0000025__0_250,t_8_16,44.130434782608695,0.019362150174802,1,0.0302734375
9999937_00000_d_0000025__0_250,t_8_16,44.130434782608695,0.8853090589901579,1,0.169921875
9999937_00000_d_0000025__0_250,s_16_32,44.130434782608695,0.7200979091203957,1,0.0400390625
9999937_00000_d_0000025__0_250,t_8_16,44.130434782608695,0.2029352281987626,1,0.0107421875
9999937_00000_d_0000025__0_250,t_8_16,44.130434782608695,0.2029352281987626,1,0.052734375
9999937_00000_d_0000025__0_250,t_8_16,44.130434782608695,0.0538150914118499,1,0.0029296875
9999937_00000_d_0000025__0_250,t_8_16,44.130434782608695,0.0538150914118499,1,0.244140625
9999937_00000_d_0000025__0_250,t_8_16,44.130434782608695,0.3931972171162801,1,0.0244140625
9999937_00000_d_0000025__0_250,t_8_16,44.130434782608695,0.9999952064024176,1,0.203125
9999937_00000_d_0000025__0_250,t_8_16,44.130434782608695,0.6946164430955718,1,0.1689453125
9999937_00000_d_0000025__0_250,t_8_16,44.130434782608695,0.6946164430955718,1,0.099609375
9999937_00000_d_0000025__0_250,t_8_16,44.130434782608695,0.4688353791572955,1,0.015625
9999937_00000_d_0000025__0_250,t_8_16,44.130434782608695,0.9999929675564264,1,0.23046875
9999937_00000_d_0000025__0_250,t_8_16,44.130434782608695,0.917820844968021,1,0.1025390625
9999937_00000_d_0000025__0_250,t_8_16,44.130434782608695,0.4915724068872922,1,0.0166015625
9999937_00000_d_0000025__0_250,t_8_16,44.130434782608695,0.4915724068872922,1,0.048828125
9999937_00000_d_0000025__0_250,t_8_16,44.130434782608695,0.3731314603174122,1,0.1611328125
9999937_00000_d_0000025__0_250,t_8_16,44.130434782608695,0.999999920413565,1,0.1279296875
9999937_00000_d_0000025__0_250,t_8_16,44.130434782608695,0.9809836968207808,1,0.150390625
9999937_00000_d_0000121__1200_278,t_8_16,44.130434782608695,0.526040384692167,1,0.0576171875
9999937_00000_d_0000121__1200_278,s_16_32,44.130434782608695,0.2884771752165415,1,0.109375
9999937_00000_d_0000121__1200_278,s_16_32,44.130434782608695,0.2884771752165415,1,0.0322265625
9999937_00000_d_0000121__1200_278,s_16_32,44.130434782608695,0.3460189826286314,1,0.0234375
9999937_00000_d_0000121__1200_278,s_16_32,44.130434782608695,0.3460189826286314,1,0.0458984375
9999940_00000_d_0000086__600_0,s_16_32,44.130434782608695,0.041727486895658,1,0.2080078125
9999940_00000_d_0000086__600_0,s_16_32,44.130434782608695,0.041727486895658,1,0.0048828125
9999940_00000_d_0000086__600_0,s_16_32,44.130434782608695,0.041727486895658,1,0.001953125
9999940_00000_d_0000086__600_0,t_8_16,44.130434782608695,0.7834308481881982,1,0.1201171875
9999940_00000_d_0000086__600_0,t_8_16,44.130434782608695,0.7834308481881982,1,0.080078125
9999940_00000_d_0000086__600_0,s_16_32,44.130434782608695,0.4354087770392846,1,0.091796875
9999940_00000_d_0000086__600_0,t_8_16,44.130434782608695,0.2913658090143594,1,0.0546875
9999940_00000_d_0000086__600_0,t_8_16,44.130434782608695,0.2913658090143594,1,0.0283203125
9999940_00000_d_0000086__600_0,t_8_16,44.130434782608695,0.6609879342092537,1,0.0498046875
9999940_00000_d_0000086__600_0,t_8_16,44.130434782608695,0.4109331815058475,1,0.083984375
9999940_00000_d_0000086__600_0,t_8_16,44.130434782608695,0.3443660404046572,1,0.1669921875
9999940_00000_d_0000086__600_0,t_8_16,44.130434782608695,0.2505388614253796,1,0.158203125
9999945_00000_d_0000056__0_0,t_8_16,44.130434782608695,0.950718346204853,1,0.154296875
9999945_00000_d_0000056__0_0,s_16_32,44.130434782608695,0.7126096335594185,1,0.078125
9999945_00000_d_0000056__0_0,t_8_16,44.130434782608695,0.4174528830566625,1,0.2236328125
9999945_00000_d_0000056__0_0,t_8_16,44.130434782608695,0.4174528830566625,1,0.0283203125
9999945_00000_d_0000056__0_0,t_8_16,44.130434782608695,0.8730772728330649,1,0.232421875
9999951_00000_d_0000006__600_0,t_8_16,44.130434782608695,0.9384015540871335,1,0.1328125
9999951_00000_d_0000006__600_0,t_8_16,44.130434782608695,0.0754878444364744,1,0.060546875
9999951_00000_d_0000006__600_0,t_8_16,44.130434782608695,0.0754878444364744,1,0.1533203125
9999951_00000_d_0000006__600_0,t_8_16,44.130434782608695,0.5414749230495481,1,0.0751953125
9999951_00000_d_0000006__600_0,t_8_16,44.130434782608695,0.4695343977526307,1,0.033203125
9999951_00000_d_0000006__600_0,t_8_16,44.130434782608695,0.4585490081573808,1,0.1923828125
9999951_00000_d_0000006__600_0,t_8_16,44.130434782608695,0.513009604792084,1,0.05078125
9999951_00000_d_0000006__600_0,t_8_16,44.130434782608695,0.8019871809658403,1,0.08984375
9999951_00000_d_0000309__0_0,s_16_32,44.130434782608695,0.7391747895069372,1,0.060546875
9999951_00000_d_0000309__0_0,s_16_32,44.130434782608695,0.7169913336968347,1,0.0498046875
9999951_00000_d_0000309__0_0,t_8_16,44.130434782608695,0.6313481532482468,1,0.0546875
9999951_00000_d_0000309__0_0,t_8_16,44.130434782608695,0.1622553872057077,1,0.0224609375
9999951_00000_d_0000309__0_0,t_8_16,44.130434782608695,0.1622553872057077,1,0.0673828125
9999951_00000_d_0000309__0_0,t_8_16,44.130434782608695,0.9295702306130011,1,0.0966796875
9999951_00000_d_0000309__0_0,t_8_16,44.130434782608695,0.0448779256447633,1,0.05078125
9999951_00000_d_0000309__0_0,t_8_16,44.130434782608695,0.0448779256447633,1,0.041015625
9999951_00000_d_0000309__0_0,s_16_32,44.130434782608695,0.3545289377400064,1,0.025390625
9999951_00000_d_0000309__0_0,t_8_16,44.130434782608695,0.8310736171093082,1,0.1787109375
9999951_00000_d_0000309__0_0,t_8_16,44.130434782608695,0.0379791133881496,1,0.0166015625
9999951_00000_d_0000309__0_0,t_8_16,44.130434782608695,0.0379791133881496,1,0.048828125
9999951_00000_d_0000309__0_0,s_16_32,44.130434782608695,0.1833123909432441,1,0.0849609375
9999951_00000_d_0000309__0_0,s_16_32,44.130434782608695,0.1833123909432441,1,0.0107421875
9999951_00000_d_0000309__0_0,s_16_32,44.130434782608695,0.2170126934498444,1,0.0615234375
9999951_00000_d_0000309__0_0,s_16_32,44.130434782608695,0.2170126934498444,1,0.0263671875
9999955_00000_d_0000071__600_0,t_8_16,44.130434782608695,0.8389064171718493,1,0.203125
9999955_00000_d_0000071__600_0,t_8_16,44.130434782608695,0.5456624008565252,1,0.03125
9999955_00000_d_0000071__600_0,t_8_16,44.130434782608695,0.5456624008565252,1,0.0986328125
9999955_00000_d_0000071__600_0,t_8_16,44.130434782608695,0.7633393430776345,1,0.1875
9999955_00000_d_0000071__600_0,t_8_16,44.130434782608695,0.7633393430776345,1,0.052734375
9999972_00000_d_0000161__1200_0,t_8_16,44.130434782608695,0.7682416362538155,1,0.1142578125
9999977_00000_d_0000036__0_0,t_8_16,44.130434782608695,0.5236200961212587,1,0.0625
9999977_00000_d_0000036__0_0,s_16_32,44.130434782608695,0.3819719212790908,1,0.1748046875
9999977_00000_d_0000036__0_0,t_8_16,44.130434782608695,0.517616445077586,1,0.078125
9999982_00000_d_0000175__0_250,t_8_16,44.130434782608695,0.9438060868227424,1,0.13671875
9999982_00000_d_0000175__0_250,t_8_16,44.130434782608695,0.957456261728248,1,0.07421875
9999982_00000_d_0000175__0_250,t_8_16,44.130434782608695,0.8544115792961265,1,0.0625
9999982_00000_d_0000175__0_250,t_8_16,44.130434782608695,0.479628178560966,1,0.0458984375
9999982_00000_d_0000187__0_0,t_8_16,43.8625,0.5904860885156994,1,0.0341796875
9999984_00000_d_0000103__0_250,t_8_16,43.8625,0.6399250218292867,1,0.0693359375
9999984_00000_d_0000103__0_250,t_8_16,43.8625,0.1611347888272897,1,0.013671875
9999984_00000_d_0000103__0_250,t_8_16,43.8625,0.1611347888272897,1,0.0576171875
9999984_00000_d_0000103__0_250,t_8_16,43.8625,0.9679831118395764,1,0.19921875
9999984_00000_d_0000103__0_250,t_8_16,43.8625,0.5103388479551688,1,0.0673828125
9999984_00000_d_0000103__0_250,t_8_16,43.8625,0.1667318627884531,1,0.0078125
9999984_00000_d_0000103__0_250,t_8_16,43.8625,0.1667318627884531,1,0.0068359375
9999984_00000_d_0000103__0_250,t_8_16,43.8625,0.4386676611435709,1,0.0234375
9999984_00000_d_0000153__600_0,t_8_16,44.130434782608695,0.1796017217177721,1,0.009765625
9999984_00000_d_0000153__600_0,t_8_16,44.130434782608695,0.1796017217177721,1,0.015625
9999984_00000_d_0000153__600_0,t_8_16,44.130434782608695,0.3398038484284261,1,0.060546875
9999984_00000_d_0000153__600_0,t_8_16,44.130434782608695,0.3398038484284261,1,0.1240234375
9999994_00000_d_0000016__0_250,s_16_32,44.130434782608695,0.031800697070205,1,0.0234375
9999994_00000_d_0000016__0_250,s_16_32,44.130434782608695,0.031800697070205,1,0.0029296875
9999994_00000_d_0000016__0_250,t_8_16,44.130434782608695,0.4312031924561064,1,0.24609375
9999994_00000_d_0000016__0_250,t_8_16,44.130434782608695,0.0838958753602294,1,0.193359375
9999994_00000_d_0000016__0_250,t_8_16,44.130434782608695,0.0838958753602294,1,0.0078125
9999994_00000_d_0000016__0_250,t_8_16,44.130434782608695,0.0693041001206199,1,0.0048828125
9999994_00000_d_0000016__0_250,t_8_16,44.130434782608695,0.0693041001206199,1,0.005859375
9999994_00000_d_0000027__0_0,t_8_16,44.130434782608695,0.6916711025929657,1,0.0771484375
9999994_00000_d_0000027__0_0,s_16_32,44.130434782608695,0.8272012603024206,1,0.1142578125
9999994_00000_d_0000027__0_0,s_16_32,44.130434782608695,0.4220836700348642,1,0.0625
9999994_00000_d_0000027__0_0,s_16_32,44.130434782608695,0.4220836700348642,1,0.017578125
9999994_00000_d_0000027__0_0,t_8_16,44.130434782608695,0.336513920228789,1,0.07421875
9999994_00000_d_0000027__0_0,t_8_16,44.130434782608695,0.336513920228789,1,0.01953125
9999994_00000_d_0000027__0_0,t_8_16,44.130434782608695,0.3033965440856794,1,0.0849609375
9999994_00000_d_0000027__0_0,t_8_16,44.130434782608695,0.3652834669829488,1,0.134765625
9999994_00000_d_0000027__0_0,t_8_16,44.130434782608695,0.3652834669829488,1,0.021484375
9999994_00000_d_0000027__0_0,t_8_16,44.130434782608695,0.3597696896579873,1,0.056640625
9999994_00000_d_0000027__0_0,t_8_16,44.130434782608695,0.3597696896579873,1,0.0185546875
9999994_00000_d_0000027__0_0,t_8_16,44.130434782608695,0.9865443483221872,1,0.1357421875
9999994_00000_d_0000027__0_0,s_16_32,44.130434782608695,0.2945816777180624,1,0.017578125
9999994_00000_d_0000027__0_0,t_8_16,44.130434782608695,0.7527516092699341,1,0.166015625
9999994_00000_d_0000027__0_0,t_8_16,44.130434782608695,0.8208347811366735,1,0.1279296875
9999994_00000_d_0000027__0_0,t_8_16,44.130434782608695,0.293343910865045,1,0.01953125
9999994_00000_d_0000027__0_0,t_8_16,44.130434782608695,0.293343910865045,1,0.021484375
9999994_00000_d_0000027__0_0,t_8_16,44.130434782608695,0.3449323039889217,1,0.0556640625
9999994_00000_d_0000027__0_0,t_8_16,44.130434782608695,0.3449323039889217,1,0.0126953125
9999994_00000_d_0000027__0_0,t_8_16,44.130434782608695,0.5033564086960025,1,0.0380859375
9999994_00000_d_0000027__0_0,t_8_16,44.130434782608695,0.0830278161101102,1,0.0546875
9999994_00000_d_0000027__0_0,t_8_16,44.130434782608695,0.0830278161101102,1,0.00390625
9999994_00000_d_0000027__0_0,t_8_16,44.130434782608695,0.3479170879129967,1,0.0439453125
9999994_00000_d_0000027__0_0,t_8_16,44.130434782608695,0.3346132043102028,1,0.04296875
9999994_00000_d_0000027__0_0,t_8_16,44.130434782608695,0.3346132043102028,1,0.025390625
9999997_00000_d_0000041__600_0,t_8_16,43.8625,0.4308304995795165,1,0.015625
9999997_00000_d_0000041__600_0,t_8_16,43.8625,0.9399606541814802,1,0.1865234375
9999997_00000_d_0000041__600_0,t_8_16,43.8625,0.8226749843073853,1,0.130859375
9999998_00048_d_0000038__600_0,t_8_16,44.130434782608695,0.7573492786024877,1,0.078125
9999998_00048_d_0000038__600_0,t_8_16,44.130434782608695,0.6759653152310588,1,0.048828125
9999998_00048_d_0000038__600_0,t_8_16,44.130434782608695,0.6915032887121622,1,0.1044921875
9999998_00126_d_0000104__1200_0,s_16_32,44.130434782608695,0.6510268895591713,1,0.072265625
9999998_00126_d_0000104__1200_0,t_8_16,44.130434782608695,0.8963655628243317,1,0.1181640625
9999998_00126_d_0000104__1200_0,t_8_16,44.130434782608695,0.8967058550687929,1,0.1962890625
9999998_00126_d_0000104__1200_0,s_16_32,44.130434782608695,0.5898026793264127,1,0.2021484375
9999998_00126_d_0000104__1200_0,s_16_32,44.130434782608695,0.722776138674599,1,0.1650390625
9999998_00126_d_0000104__1200_0,t_8_16,44.130434782608695,0.8566266544946946,1,0.07421875
9999998_00126_d_0000104__1200_0,t_8_16,44.130434782608695,0.6738038672645971,1,0.1611328125
9999998_00126_d_0000104__1200_0,t_8_16,44.130434782608695,0.1230910685400874,1,0.0810546875
9999998_00126_d_0000104__1200_0,t_8_16,44.130434782608695,0.7374881740183737,1,0.0498046875
9999998_00126_d_0000104__1200_0,t_8_16,44.130434782608695,0.4839557573241593,1,0.0634765625
9999998_00126_d_0000104__1200_0,t_8_16,44.130434782608695,0.0114562199195451,1,0.0009765625
9999998_00126_d_0000104__1200_0,t_8_16,44.130434782608695,0.0114562199195451,1,0.0009765625
9999998_00126_d_0000104__1200_0,t_8_16,44.130434782608695,0.7173746956046109,1,0.0869140625
9999998_00126_d_0000104__1200_0,t_8_16,44.130434782608695,0.0332888334632984,1,0.046875
9999998_00126_d_0000104__1200_0,t_8_16,44.130434782608695,0.0332888334632984,1,0.001953125
9999998_00126_d_0000104__1200_0,t_8_16,44.130434782608695,0.8285977284206438,1,0.1416015625
9999998_00126_d_0000104__1200_0,t_8_16,44.130434782608695,0.6847137843651833,1,0.09375
9999998_00126_d_0000104__1200_0,t_8_16,44.130434782608695,0.6847137843651833,1,0.107421875
99__1200_1800,t_8_16,44.130434782608695,0.9108451625335554,1,0.2138671875
99__1200_1800,t_8_16,44.130434782608695,0.6348558307793051,1,0.0859375
99__1200_1800,t_8_16,44.130434782608695,0.6348558307793051,1,0.078125
99__1200_1800,t_8_16,44.130434782608695,0.7117467870873958,1,0.0693359375
99__1200_1800,t_8_16,44.130434782608695,0.7117467870873958,1,0.09765625
99__1200_1800,t_8_16,44.130434782608695,0.8375096059769368,1,0.1103515625
99__1200_1800,t_8_16,44.130434782608695,0.8375096059769368,1,0.083984375
9ca7e6f4e,t_8_16,43.8625,0.3167625735705546,1,0.029296875
P0823__1.0__0___0,s_16_32,44.130434782608695,0.8754086326932814,1,0.1357421875
P0823__1.0__0___0,t_8_16,44.130434782608695,0.31667974460803,1,0.0458984375
P0823__1.0__0___0,s_16_32,44.130434782608695,0.936967927704291,1,0.228515625
P0823__1.0__0___0,s_16_32,44.130434782608695,0.8384660493002838,1,0.20703125
P0823__1.0__0___0,t_8_16,44.130434782608695,0.59541910344183,1,0.169921875
P1305__1.0__4400___2400,t_8_16,44.130434782608695,0.5265605488387505,1,0.0517578125
P1305__1.0__4400___2400,t_8_16,44.130434782608695,0.5265605488387505,1,0.09765625
P1338__1.0__1800___3000,t_8_16,43.8625,0.4188796341140032,1,0.03125
P1354__1.0__3200___2400,t_8_16,44.130434782608695,0.2003013073697967,1,0.1025390625
P1354__1.0__3200___2400,t_8_16,44.130434782608695,0.2003013073697967,1,0.0673828125
P1384__1.0__4200___1800,t_8_16,44.130434782608695,0.9973119073087756,1,0.16015625
P1384__1.0__4200___1800,t_8_16,44.130434782608695,0.4497151939532579,1,0.041015625
P1384__1.0__4200___1800,t_8_16,44.130434782608695,0.4497151939532579,1,0.09375
P1384__1.0__4200___1800,t_8_16,44.130434782608695,0.8005642955902962,1,0.0869140625
P1384__1.0__4200___1800,t_8_16,44.130434782608695,0.6849108652954188,1,0.0888671875
P1384__1.0__4200___1800,t_8_16,44.130434782608695,0.1307326936562359,1,0.0048828125
P1384__1.0__4200___1800,t_8_16,44.130434782608695,0.6032064245778795,1,0.0771484375
P1384__1.0__4200___1800,t_8_16,44.130434782608695,0.9999999999905688,1,0.2470703125
P1384__1.0__4200___1800,t_8_16,44.130434782608695,0.9999999999747132,1,0.2392578125
P1384__1.0__4200___1800,t_8_16,44.130434782608695,0.4175337642832151,1,0.0302734375
P1384__1.0__4200___1800,t_8_16,44.130434782608695,0.4175337642832151,1,0.0576171875
P1384__1.0__4200___1800,t_8_16,44.130434782608695,0.4535750336334705,1,0.0322265625
P1459__1.0__1200___3630,t_8_16,43.8625,0.7060190054130384,1,0.0810546875
P1459__1.0__1200___3630,t_8_16,43.8625,0.5598442829010893,1,0.0263671875
P1459__1.0__1200___3630,t_8_16,43.8625,0.3620651104484458,1,0.14453125
P1459__1.0__1200___3630,t_8_16,43.8625,0.3841267344601332,1,0.0302734375
P1459__1.0__1200___3630,t_8_16,43.8625,0.999952641737486,1,0.2177734375
P1459__1.0__1200___3630,t_8_16,43.8625,0.656178022116565,1,0.1201171875
P1581__1.0__600___1800,t_8_16,43.8625,0.6022727878204182,1,0.0732421875
P2163__1.0__0___0,t_8_16,43.8625,0.9833007702093682,1,0.1181640625
P2163__1.0__0___0,t_8_16,43.8625,0.8506519360389344,1,0.2001953125
P2163__1.0__0___0,t_8_16,43.8625,0.9916657547375252,1,0.1435546875
P2163__1.0__0___0,t_8_16,43.8625,0.7833977063270974,1,0.208984375
P2163__1.0__0___0,t_8_16,43.8625,0.7533249201752167,1,0.0859375
P2163__1.0__0___0,t_8_16,43.8625,0.7533249201752167,1,0.1171875
P2205__1.0__0___1200,t_8_16,43.8625,0.4072782742588577,1,0.01953125
P2205__1.0__0___1200,t_8_16,43.8625,0.4072782742588577,1,0.0205078125
P2205__1.0__0___1200,t_8_16,43.8625,0.4229846302360163,1,0.0146484375
P2205__1.0__0___1200,t_8_16,43.8625,0.4229846302360163,1,0.0205078125
P2205__1.0__0___1200,t_8_16,43.8625,0.9407848298703556,1,0.091796875
P2205__1.0__0___1200,t_8_16,43.8625,0.9185212547420224,1,0.078125
P2205__1.0__0___1200,t_8_16,43.8625,0.9185212547420224,1,0.1943359375
P2205__1.0__0___1200,t_8_16,43.8625,0.7761546402570058,1,0.1328125
P2205__1.0__0___1200,t_8_16,43.8625,0.9901754530386464,1,0.2158203125
P2205__1.0__0___1200,t_8_16,43.8625,0.9901754530386464,1,0.2333984375
P2205__1.0__0___1200,t_8_16,43.8625,0.5663267511026715,1,0.087890625
P2205__1.0__0___1200,t_8_16,43.8625,0.5963573971681341,1,0.048828125
P2205__1.0__0___1200,t_8_16,43.8625,0.3848303387982052,1,0.0185546875
P2205__1.0__0___1200,t_8_16,43.8625,0.3848303387982052,1,0.029296875
P2205__1.0__0___1200,t_8_16,43.8625,0.774961705009978,1,0.048828125
P2205__1.0__0___1200,t_8_16,43.8625,0.774961705009978,1,0.0537109375
P2205__1.0__0___1200,t_8_16,43.8625,0.6108998538158259,1,0.0830078125
P2205__1.0__0___1200,t_8_16,43.8625,0.9174816838682004,1,0.0927734375
P2205__1.0__0___1200,t_8_16,43.8625,0.9654273735948872,1,0.2265625
P2205__1.0__0___1200,t_8_16,43.8625,0.4959705094666823,1,0.0986328125
P2205__1.0__0___1200,t_8_16,43.8625,0.4108166654662132,1,0.025390625
P2205__1.0__0___1200,t_8_16,43.8625,0.4108166654662132,1,0.095703125
P2205__1.0__0___1200,t_8_16,43.8625,0.8834590195238308,1,0.1669921875
P2205__1.0__0___1200,t_8_16,43.8625,0.9394460713051404,1,0.1611328125
P2205__1.0__0___1200,t_8_16,43.8625,0.9985045247260096,1,0.2470703125
P2205__1.0__0___1200,t_8_16,43.8625,0.9951068292139992,1,0.1796875
P2205__1.0__0___1200,t_8_16,43.8625,0.9845212441478748,1,0.1396484375
P2205__1.0__0___1200,t_8_16,43.8625,0.8555223242572345,1,0.18359375
P2205__1.0__0___1200,t_8_16,43.8625,0.6602479111531995,1,0.08203125
P2205__1.0__0___1200,t_8_16,43.8625,0.9883407855477516,1,0.232421875
P2205__1.0__0___1200,t_8_16,43.8625,0.7021958712645628,1,0.060546875
P2205__1.0__0___1200,t_8_16,43.8625,0.9922841436942926,1,0.1552734375
P2205__1.0__0___1200,t_8_16,43.8625,0.9980576610264632,1,0.2138671875
P2205__1.0__0___1200,t_8_16,43.8625,0.0783581804066518,1,0.0087890625
P2205__1.0__0___1200,t_8_16,43.8625,0.8664454319289783,1,0.2099609375
P2205__1.0__0___1200,t_8_16,43.8625,0.6899879807197574,1,0.08984375
P2205__1.0__0___1200,t_8_16,43.8625,0.6899879807197574,1,0.162109375
P2205__1.0__0___1200,t_8_16,43.8625,0.8131955775330268,1,0.2236328125
P2205__1.0__0___1200,t_8_16,43.8625,0.0547989399343678,1,0.00390625
P2205__1.0__0___1200,t_8_16,43.8625,0.0547989399343678,1,0.1015625
P2205__1.0__0___1200,t_8_16,43.8625,0.0979542983177635,1,0.015625
P2205__1.0__0___1200,t_8_16,43.8625,0.0979542983177635,1,0.0166015625
P2205__1.0__0___1200,t_8_16,43.8625,0.9999898980394768,1,0.2421875
P2205__1.0__0___1200,t_8_16,43.8625,0.9999200728706228,1,0.2080078125
P2205__1.0__0___1200,t_8_16,43.8625,0.9993463527740636,1,0.171875
P2205__1.0__0___1200,t_8_16,43.8625,0.4986293567841491,1,0.052734375
P2205__1.0__0___1200,t_8_16,43.8625,0.8149751741713996,1,0.0791015625
P2205__1.0__0___1200,t_8_16,43.8625,0.8149751741713996,1,0.0634765625
P2205__1.0__0___1200,t_8_16,43.8625,0.9929937762048312,1,0.15625
P2205__1.0__0___1200,t_8_16,43.8625,0.9989184106279042,1,0.19921875
P2205__1.0__0___1200,t_8_16,43.8625,0.9753660265113606,1,0.169921875
P2205__1.0__0___1200,t_8_16,43.8625,0.8090233513798294,1,0.072265625
P2205__1.0__0___1200,t_8_16,43.8625,0.6003505864234245,1,0.056640625
P2205__1.0__0___1200,t_8_16,43.8625,0.6003505864234245,1,0.0595703125
P2205__1.0__0___1200,t_8_16,43.8625,0.7867355066936894,1,0.0927734375
P2205__1.0__0___1200,t_8_16,43.8625,0.7867355066936894,1,0.1435546875
P2205__1.0__0___1200,t_8_16,43.8625,0.7172612153626087,1,0.1572265625
P2205__1.0__0___1200,t_8_16,43.8625,0.7172612153626087,1,0.083984375
P2205__1.0__0___1200,t_8_16,43.8625,0.9960866898713572,1,0.2392578125
P2205__1.0__0___1200,t_8_16,43.8625,0.2413057880861809,1,0.099609375
P2205__1.0__0___1200,t_8_16,43.8625,0.2413057880861809,1,0.033203125
P2205__1.0__0___1200,t_8_16,43.8625,0.7052285308791578,1,0.048828125
P2205__1.0__0___1200,t_8_16,43.8625,0.9991860270701132,1,0.2421875
P2205__1.0__0___1200,t_8_16,43.8625,0.5546782370053137,1,0.0771484375
P2205__1.0__0___1200,t_8_16,43.8625,0.5546782370053137,1,0.1474609375
P2205__1.0__0___1200,t_8_16,43.8625,0.3932490224715597,1,0.0244140625
P2205__1.0__0___1200,t_8_16,43.8625,0.3932490224715597,1,0.0166015625
P2205__1.0__0___1200,t_8_16,43.8625,0.9720980102494952,1,0.1357421875
P2205__1.0__0___1200,t_8_16,43.8625,0.8839895425648037,1,0.1328125
P2205__1.0__0___1200,t_8_16,43.8625,0.0039297887065832,1,0.0087890625
P2205__1.0__0___1200,t_8_16,43.8625,0.0039297887065832,1,0.0009765625
P2205__1.0__0___1200,t_8_16,43.8625,0.5131584754709198,1,0.103515625
P2205__1.0__0___1200,t_8_16,43.8625,0.9893757961356174,1,0.1962890625
P2205__1.0__0___1200,t_8_16,43.8625,0.9893757961356174,1,0.1416015625
P2205__1.0__0___1200,t_8_16,43.8625,0.8479773833699047,1,0.0830078125
P2205__1.0__0___1200,t_8_16,43.8625,0.9682544166760848,1,0.1494140625
P2205__1.0__0___1200,t_8_16,43.8625,0.675605447104668,1,0.052734375
P2205__1.0__0___1200,t_8_16,43.8625,0.675605447104668,1,0.041015625
P2205__1.0__0___1200,t_8_16,43.8625,0.6878119701229924,1,0.087890625
P2205__1.0__0___1200,t_8_16,43.8625,0.5521546331346444,1,0.0322265625
P2205__1.0__0___1200,t_8_16,43.8625,0.5521546331346444,1,0.0263671875
P2205__1.0__0___1200,t_8_16,43.8625,0.9995417570816773,1,0.2333984375
P2205__1.0__0___1200,t_8_16,43.8625,0.4424845839742761,1,0.041015625
P2205__1.0__0___1200,t_8_16,43.8625,0.5695746833974238,1,0.03515625
P2205__1.0__0___1200,t_8_16,43.8625,0.773277023582343,1,0.1181640625
P2205__1.0__0___1200,t_8_16,43.8625,0.7939430380057434,1,0.07421875
P2205__1.0__0___1200,t_8_16,43.8625,0.9983613640313028,1,0.2021484375
P2205__1.0__0___1200,t_8_16,43.8625,0.9992881017004844,1,0.22265625
P2205__1.0__0___1200,t_8_16,43.8625,0.9987167380853202,1,0.197265625
P2205__1.0__0___1200,t_8_16,43.8625,0.8039397132418526,1,0.1787109375
P2205__1.0__0___1200,t_8_16,43.8625,0.9881151004471602,1,0.1494140625
P2240__1.0__0___797,t_8_16,44.130434782608695,0.9864497599039316,1,0.1845703125
P2240__1.0__0___797,t_8_16,44.130434782608695,0.3867225702815212,1,0.09765625
P2271__1.0__2400___1800,t_8_16,43.8625,0.6259444887993162,1,0.0673828125
P2271__1.0__2400___1800,t_8_16,43.8625,0.6259444887993162,1,0.2138671875
P2271__1.0__2400___1800,t_8_16,43.8625,0.8060796588085105,1,0.21484375
P2481__1.0__1200___0,t_8_16,43.8625,0.94456440124696,1,0.248046875
P2481__1.0__1200___0,t_8_16,43.8625,0.4637235922567134,1,0.03515625
P2481__1.0__1200___0,t_8_16,43.8625,0.4637235922567134,1,0.05078125
P2481__1.0__1200___0,t_8_16,43.8625,0.893306151495388,1,0.134765625
P2481__1.0__1200___0,t_8_16,43.8625,0.8292476524712596,1,0.1298828125
P2523__1.0__991___0,t_8_16,44.130434782608695,0.0042309146033573,1,0.0048828125
P2523__1.0__991___0,t_8_16,44.130434782608695,0.0042309146033573,1,0.0009765625
P2523__1.0__991___0,t_8_16,44.130434782608695,0.8740370246641831,1,0.1318359375
P2523__1.0__991___0,t_8_16,44.130434782608695,0.766261865391087,1,0.1630859375
P2523__1.0__991___0,t_8_16,44.130434782608695,0.9839718288467506,1,0.1904296875
P2523__1.0__991___0,t_8_16,44.130434782608695,0.6603767912906209,1,0.0791015625
P2523__1.0__991___0,t_8_16,44.130434782608695,0.6603767912906209,1,0.212890625
P2523__1.0__991___0,t_8_16,44.130434782608695,0.7524665432662819,1,0.1640625
P2523__1.0__991___0,t_8_16,44.130434782608695,0.3169730445290717,1,0.021484375
P2523__1.0__991___0,t_8_16,44.130434782608695,0.6654354415280483,1,0.083984375
P2523__1.0__991___0,t_8_16,44.130434782608695,0.6654354415280483,1,0.1396484375
P2523__1.0__991___0,t_8_16,44.130434782608695,0.5647632561145517,1,0.0576171875
P2523__1.0__991___0,t_8_16,44.130434782608695,0.5647632561145517,1,0.0556640625
P2523__1.0__991___0,t_8_16,44.130434782608695,0.9172724814560728,1,0.0703125
P2523__1.0__991___0,t_8_16,44.130434782608695,0.8375417170638513,1,0.0654296875
P2523__1.0__991___0,t_8_16,44.130434782608695,0.4568455441436199,1,0.0810546875
P2523__1.0__991___0,t_8_16,44.130434782608695,0.4568455441436199,1,0.1689453125
P2523__1.0__991___0,t_8_16,44.130434782608695,0.9908370535101484,1,0.1826171875
P2523__1.0__991___0,t_8_16,44.130434782608695,0.9442595710825528,1,0.13671875
P2523__1.0__991___0,t_8_16,44.130434782608695,0.5855855189879252,1,0.044921875
P2523__1.0__991___0,t_8_16,44.130434782608695,0.4597370964637181,1,0.171875
P2523__1.0__991___0,t_8_16,44.130434782608695,0.4597370964637181,1,0.142578125
P2523__1.0__991___0,t_8_16,44.130434782608695,0.4597370964637181,1,0.044921875
P2644__1.0__3000___1800,t_8_16,44.130434782608695,0.6460245490568657,1,0.0888671875
P2644__1.0__3000___1800,t_8_16,44.130434782608695,0.9997552761142848,1,0.1669921875
P2644__1.0__3000___1800,t_8_16,44.130434782608695,0.9860516671243804,1,0.1552734375
P2644__1.0__3000___1800,t_8_16,44.130434782608695,0.9975001799779876,1,0.138671875
P2644__1.0__3000___1800,t_8_16,44.130434782608695,0.9999077898775686,1,0.234375
P2644__1.0__3000___1800,t_8_16,44.130434782608695,0.99994743508715,1,0.2470703125
P2644__1.0__3000___1800,t_8_16,44.130434782608695,0.7798976372705213,1,0.1728515625
P2644__1.0__3000___1800,t_8_16,44.130434782608695,0.9950888098668128,1,0.169921875
P2644__1.0__3000___1800,t_8_16,44.130434782608695,0.5514504435628338,1,0.1455078125
P2644__1.0__3000___1800,t_8_16,44.130434782608695,0.5514504435628338,1,0.060546875
P2644__1.0__3000___1800,t_8_16,44.130434782608695,0.972527099840308,1,0.17578125
P2644__1.0__3000___1800,t_8_16,44.130434782608695,0.1531793052569367,1,0.1591796875
P2644__1.0__3000___1800,t_8_16,44.130434782608695,0.6280058210397443,1,0.244140625
P2644__1.0__3000___1800,t_8_16,44.130434782608695,0.4037965766205431,1,0.048828125
P2644__1.0__3000___1800,t_8_16,44.130434782608695,0.7356750558938643,1,0.07421875
P2644__1.0__3000___1800,t_8_16,44.130434782608695,0.0142369872823707,1,0.1259765625
P2644__1.0__3000___1800,t_8_16,44.130434782608695,0.0142369872823707,1,0.001953125
P2644__1.0__3000___1800,t_8_16,44.130434782608695,0.9990865084968557,1,0.23046875
P2644__1.0__3000___1800,t_8_16,44.130434782608695,0.9924738935158798,1,0.224609375
P2644__1.0__3000___1800,t_8_16,44.130434782608695,0.1692433327670944,1,0.09375
P2644__1.0__3000___1800,t_8_16,44.130434782608695,0.360327762555654,1,0.0478515625
P2644__1.0__3000___1800,t_8_16,44.130434782608695,0.9940955876321352,1,0.1337890625
P2644__1.0__3000___1800,t_8_16,44.130434782608695,0.622738822769639,1,0.0947265625
P2680__1.0__1046___0,t_8_16,43.8625,0.1567099480567389,1,0.0478515625
P2680__1.0__1046___0,t_8_16,43.8625,0.1567099480567389,1,0.0107421875
P2680__1.0__1046___0,t_8_16,43.8625,0.9060737936277686,1,0.212890625
P2680__1.0__1046___0,t_8_16,43.8625,0.9675239934482696,1,0.09765625
P2680__1.0__1046___0,t_8_16,43.8625,0.6908129930966176,1,0.1201171875
P2680__1.0__1046___0,t_8_16,43.8625,0.0834265674173284,1,0.03125
P2680__1.0__1046___0,t_8_16,43.8625,0.0834265674173284,1,0.033203125
P2680__1.0__1046___0,t_8_16,43.8625,0.4842262821391406,1,0.0400390625
P2680__1.0__1046___0,t_8_16,43.8625,0.5992724912310471,1,0.0380859375
P2680__1.0__1046___0,t_8_16,43.8625,0.4338430375009786,1,0.15625
P2680__1.0__1046___0,t_8_16,43.8625,0.5049822687835198,1,0.03515625
P2680__1.0__1046___0,t_8_16,43.8625,0.3623427930375265,1,0.08203125
P2680__1.0__1046___0,t_8_16,43.8625,0.3623427930375265,1,0.236328125
P2680__1.0__1046___0,t_8_16,43.8625,0.5986335811850582,1,0.1943359375
P2680__1.0__1046___0,t_8_16,43.8625,0.8582441625049914,1,0.2216796875
P2680__1.0__1046___0,t_8_16,43.8625,0.8582441625049914,1,0.1669921875
P2680__1.0__1046___0,t_8_16,43.8625,0.0950685059632353,1,0.01171875
P2680__1.0__1046___0,t_8_16,43.8625,0.0950685059632353,1,0.02734375
P2680__1.0__1046___0,t_8_16,43.8625,0.8988740055751655,1,0.1962890625
P2680__1.0__1046___0,t_8_16,43.8625,0.5241965263306139,1,0.2216796875
P2680__1.0__1046___0,t_8_16,43.8625,0.7304395017282367,1,0.1513671875
P2680__1.0__1046___0,t_8_16,43.8625,0.3917827798816703,1,0.2314453125
P2680__1.0__1046___0,t_8_16,43.8625,0.9999999605770572,1,0.240234375
P2680__1.0__1046___0,t_8_16,43.8625,0.8752399297214987,1,0.07421875
P2680__1.0__1046___0,t_8_16,43.8625,0.2261253540324782,1,0.0341796875
P2680__1.0__1046___0,t_8_16,43.8625,0.7526022988704075,1,0.1767578125
P2680__1.0__1046___0,t_8_16,43.8625,0.4784429920110409,1,0.21484375
P2680__1.0__1046___0,t_8_16,43.8625,0.970431573540666,1,0.1943359375
P2680__1.0__1046___0,t_8_16,43.8625,0.7452856957239943,1,0.2255859375
P2680__1.0__1046___0,t_8_16,43.8625,0.0601299542300089,1,0.0419921875
P2680__1.0__1046___0,t_8_16,43.8625,0.0601299542300089,1,0.0595703125
P2680__1.0__1046___0,t_8_16,43.8625,0.8252374577443947,1,0.234375
P2680__1.0__1046___0,t_8_16,43.8625,0.6287178352281734,1,0.2412109375
P2680__1.0__1046___0,t_8_16,43.8625,0.6213092592743801,1,0.1025390625
P2680__1.0__1046___0,t_8_16,43.8625,0.8063712966209651,1,0.150390625
P2680__1.0__1046___0,t_8_16,43.8625,0.9438185920321132,1,0.2421875
P2680__1.0__1046___0,t_8_16,43.8625,0.9871860020458691,1,0.13671875
P2680__1.0__1046___0,t_8_16,43.8625,0.3529029950959606,1,0.1064453125
P2680__1.0__1046___0,t_8_16,43.8625,0.3529029950959606,1,0.08984375
P2680__1.0__1046___0,t_8_16,43.8625,0.7472076341494147,1,0.0634765625
P2680__1.0__1046___0,t_8_16,43.8625,0.910366957657962,1,0.173828125
P2705__1.0__668___1200,t_8_16,44.130434782608695,0.7602984495219327,1,0.1533203125
P2705__1.0__668___1200,s_16_32,44.130434782608695,0.7895562572541588,1,0.06640625
P2735__1.0__1800___1800,t_8_16,44.130434782608695,0.6348858327094316,1,0.044921875
P2790__1.0__1200___0,s_16_32,44.130434782608695,0.8903879717069458,1,0.224609375
P2790__1.0__1200___0,s_16_32,44.130434782608695,0.1822038213363214,1,0.013671875
P2790__1.0__1200___0,s_16_32,44.130434782608695,0.1822038213363214,1,0.017578125
a05b88cb4,s_16_32,44.130434782608695,0.1310951794103639,1,0.009765625
a05b88cb4,s_16_32,44.130434782608695,0.1310951794103639,1,0.0830078125
a05b88cb4,t_8_16,44.130434782608695,0.8246763468062396,1,0.181640625
a562df41c,t_8_16,43.8625,0.8744777601954337,1,0.1494140625
a562df41c,t_8_16,43.8625,0.8744777601954337,1,0.21484375
a6881b8ef,t_8_16,43.8625,0.6171081541718555,1,0.0439453125
b27e7e33e,t_8_16,44.130434782608695,0.9082883862141412,1,0.0986328125
b7c82af82,t_8_16,43.8625,0.2492967428021289,1,0.029296875
bbccadff1,t_8_16,43.8625,0.6792201027912188,1,0.0546875
bbccadff1,t_8_16,43.8625,0.6792201027912188,1,0.0498046875
bbccadff1,t_8_16,43.8625,0.1894144904565002,1,0.0087890625
ceb74a7cd,t_8_16,43.8625,0.175422046920599,1,0.0234375
ceb74a7cd,t_8_16,43.8625,0.175422046920599,1,0.0244140625
d29acb51d,t_8_16,44.130434782608695,0.5526320731617824,1,0.044921875
d29acb51d,t_8_16,44.130434782608695,0.5526320731617824,1,0.228515625
d29acb51d,s_16_32,44.130434782608695,0.5451580983158316,1,0.05078125
d29acb51d,s_16_32,44.130434782608695,0.5451580983158316,1,0.0556640625
d89781c4f,t_8_16,43.8625,0.1937808752144486,1,0.046875
e4fbf6655,t_8_16,43.8625,0.7756891789080641,1,0.1728515625
e5d4d71d8,t_8_16,43.8625,0.1460372446371174,1,0.0712890625
e5d4d71d8,t_8_16,43.8625,0.1460372446371174,1,0.07421875
e5d4d71d8,t_8_16,43.8625,0.1460372446371174,1,0.021484375
ecf96de51,t_8_16,43.8625,0.5805129623809411,1,0.068359375
f2962b9a9,t_8_16,44.130434782608695,0.0285894537611446,1,0.0419921875
f2962b9a9,t_8_16,44.130434782608695,0.0285894537611446,1,0.00390625
f38f57e36,t_8_16,43.8625,0.6468859472698978,1,0.2412109375
f38f57e36,t_8_16,43.8625,0.9207807709105454,1,0.234375
f397255f3,t_8_16,43.8625,0.877105926176271,1,0.0927734375
