image_id,gt_id,size_bin,area,o2o_flip_rate,stride_flip_rate,o2m_positive_count,o2o_margin_0,max_iou,best_prediction_score,fn_at_iou50,success_iou75,stability_group
0000126_00054_d_0000124__1200_0,0,s_16_32,447.998291015625,0.0,0.0,8.0,0.976844289211407,0.7182238746065588,0.81741,0,0,stable
0000126_00054_d_0000124__1200_0,1,s_16_32,308.0,0.25,0.0,4.0,0.402159440150192,0.7498422736728511,0.81741,0,0,mild
0000126_00054_d_0000124__1200_0,2,t_8_16,159.99951171875,0.0,0.0,3.0,0.8200872645122886,0.8921739350082755,0.81741,0,1,stable
0000126_00054_d_0000124__1200_0,3,t_8_16,144.0,0.5,0.5,0.0,,0.8066166205330156,0.81741,0,1,mild
0000126_00054_d_0000124__1200_0,4,t_8_16,95.9996337890625,0.0,0.0,3.0,0.2683040074311587,0.716991417585413,0.81741,0,0,stable
0000126_00054_d_0000124__1200_0,5,t_8_16,128.0,0.0,0.0,2.0,0.7965059005568825,0.8105775890852287,0.81741,0,1,stable
0000126_00054_d_0000124__1200_0,6,t_8_16,112.0,0.0,0.0,2.0,,0.737802668552358,0.81741,0,0,stable
0000126_00054_d_0000124__1200_0,7,t_8_16,128.0,0.25,0.25,2.0,,0.7978569785607612,0.81741,0,1,mild
0000126_00054_d_0000124__1200_0,8,t_8_16,111.99951171875,0.25,0.25,1.0,,0.6812525327220131,0.81741,0,0,mild
0000126_00054_d_0000124__1200_0,9,t_8_16,84.0,0.5,0.25,5.0,0.6580654774039366,0.945808490034022,0.81741,0,1,mild
0000126_00054_d_0000124__1200_0,10,t_8_16,144.0,0.25,0.25,3.0,0.9211018478615084,0.7842792058390896,0.81741,0,1,mild
0000126_00054_d_0000124__1200_0,11,t_8_16,96.0,0.0,0.0,2.0,0.9475196733908131,0.5014431320653232,0.81741,0,0,stable
0000170_00401_d_0000001__160_0,0,s_16_32,320.0,0.0,0.0,5.0,0.9247756759355844,0.6234886660711528,0.71495,0,0,stable
0000170_00401_d_0000001__160_0,1,t_8_16,112.0,0.0,0.0,0.0,0.8268549842724234,0.4068484335168809,0.71495,1,0,stable
0000170_00401_d_0000001__160_0,2,s_16_32,416.0009765625,0.25,0.0,1.0,0.042220708191254314,0.5637351393353999,0.71495,0,0,mild
0000170_00401_d_0000001__160_0,3,s_16_32,576.0,0.0,0.0,10.0,0.5377568957508461,0.903595723770273,0.71495,0,1,stable
0000170_00401_d_0000001__160_0,4,s_16_32,576.0,0.0,0.0,5.0,0.45029665117975676,0.5205919769250198,0.71495,0,0,stable
0000170_00401_d_0000001__160_0,6,t_8_16,180.0000343322754,0.0,0.0,2.0,0.9703237814559745,0.798299976568118,0.71495,0,1,stable
0000170_00401_d_0000001__160_0,8,t_8_16,140.0,0.0,0.0,3.0,0.996156824345832,0.26654150892418654,0.71495,1,0,stable
0000170_00401_d_0000001__160_0,9,t_8_16,180.0,0.25,0.0,3.0,0.9955683210756658,0.6146263256431771,0.71495,0,0,mild
0000170_00401_d_0000001__160_0,10,t_8_16,219.9998321533203,0.0,0.0,2.0,0.9438947763086314,0.8745157074761795,0.71495,0,1,stable
0000170_00401_d_0000001__160_0,11,t_8_16,192.0,0.5,0.5,3.0,0.584631927482415,0.0,0.71495,1,0,mild
0000170_00401_d_0000001__160_0,12,s_16_32,780.0,0.0,0.0,10.0,0.9353516620340498,0.7405755000000015,0.89303,0,0,stable
0000170_00401_d_0000001__160_0,14,t_8_16,216.0,0.0,0.0,3.0,0.9178566484596503,0.7927427763258429,0.71495,0,1,stable
0000170_00401_d_0000001__160_0,15,t_8_16,128.0,0.5,0.5,0.0,,0.7636831729781353,0.71495,0,1,mild
0000170_00401_d_0000001__160_0,16,t_8_16,108.0,0.0,0.0,2.0,,0.6397647069994179,0.71495,0,0,stable
0000170_00401_d_0000001__160_0,17,t_8_16,96.0,0.25,0.25,1.0,,0.6930936177394819,0.71495,0,0,mild
0000170_00401_d_0000001__160_0,18,t_8_16,182.0,0.25,0.25,1.0,0.6178881342790428,0.5716767558064196,0.71495,0,0,mild
0000170_00401_d_0000001__160_0,19,t_8_16,140.0,0.0,0.0,2.0,0.980048945360644,0.8402543755566545,0.71495,0,1,stable
0000170_00401_d_0000001__160_0,20,t_8_16,216.0,0.25,0.0,3.0,0.015391130274011545,0.5313891388888885,0.71495,0,0,mild
0000170_00401_d_0000001__160_0,21,t_8_16,80.0,0.5,0.5,2.0,0.4605877129871953,0.510061445495569,0.71495,0,0,mild
0000170_00401_d_0000001__160_0,22,t_8_16,64.0,0.5,0.5,0.0,,0.5927205930289813,0.71495,0,0,mild
0000170_00401_d_0000001__160_0,24,s_16_32,680.0,0.0,0.0,10.0,0.7288991939745632,0.8304268627080801,0.71495,0,1,stable
0000170_00401_d_0000001__160_0,25,s_16_32,336.0,0.0,0.0,2.0,0.7580372193591911,0.5784688492446323,0.71495,0,0,stable
0000170_00401_d_0000001__160_0,26,s_16_32,280.0,0.0,0.0,6.0,0.6682856667403536,0.8226585705034157,0.71495,0,1,stable
0000170_00401_d_0000001__160_0,27,s_16_32,320.0,0.0,0.0,7.0,0.9581503288496218,0.8718070625020945,0.71495,0,1,stable
0000170_00401_d_0000001__160_0,28,s_16_32,468.0,0.25,0.0,7.0,0.5868032348420015,0.7172476682611517,0.71495,0,0,mild
0000170_00401_d_0000001__160_0,29,t_8_16,238.0,0.0,0.0,3.0,0.547898188267841,0.6180471871216756,0.71495,0,0,stable
0000170_00401_d_0000001__160_0,30,t_8_16,168.0,0.0,0.0,1.0,0.631663905166414,0.16567665492543976,0.71495,1,0,stable
0000170_00401_d_0000001__160_0,31,s_16_32,434.0,0.75,0.25,4.0,0.13877124794906223,0.5148969002263108,0.71495,0,0,high
0000170_00401_d_0000001__160_0,32,s_16_32,594.0,0.25,0.0,9.0,0.24174861006986934,0.6214223787878775,0.71495,0,0,mild
0000170_00401_d_0000001__160_0,33,s_16_32,351.998046875,0.0,0.0,5.0,0.8730331197087605,0.7445685530941452,0.71495,0,0,stable
0000170_00401_d_0000001__160_0,34,s_16_32,448.0,0.0,0.0,5.0,0.4389737501586304,0.7751796658435942,0.71495,0,1,stable
0000170_00401_d_0000001__160_0,35,s_16_32,260.0006103515625,0.0,0.0,4.0,0.9764380843029897,0.6496838107285976,0.71495,0,0,stable
0000170_00401_d_0000001__160_0,36,s_16_32,260.0006103515625,0.0,0.0,5.0,0.9643588415934906,0.7926639756669389,0.71495,0,1,stable
0000170_00401_d_0000001__160_0,37,t_8_16,160.0,0.0,0.0,3.0,0.2881690824484383,0.6134980901682526,0.71495,0,0,stable
0000170_00401_d_0000001__160_0,38,s_16_32,260.0006103515625,0.0,0.0,4.0,0.5780807619905951,0.778604714537943,0.71495,0,1,stable
0000170_00401_d_0000001__160_0,39,t_8_16,154.0,0.0,0.0,0.0,0.9825678774466774,0.5125765280926079,0.71495,0,0,stable
0000170_00401_d_0000001__160_0,40,s_16_32,275.0,0.25,0.25,2.0,0.19492452962146548,0.48375252053988455,0.71495,1,0,mild
0000170_00401_d_0000001__160_0,41,t_8_16,108.0010986328125,0.5,0.0,3.0,0.9232142513273943,0.3374959807598487,0.71495,1,0,mild
0000170_00401_d_0000001__160_0,42,t_8_16,241.9986572265625,0.0,0.0,3.0,0.9120499610392118,0.8210319759552441,0.71495,0,1,stable
0000170_00401_d_0000001__160_0,45,t_8_16,220.0,0.0,0.0,2.0,0.9923750298172906,0.686468972834473,0.71495,0,0,stable
0000170_00401_d_0000001__160_0,46,t_8_16,220.0,0.25,0.0,5.0,0.5227337801847715,0.695729321257277,0.71495,0,0,mild
0000170_00401_d_0000001__160_0,47,t_8_16,220.0,0.0,0.0,3.0,0.9513337133628287,0.6180733996711404,0.71495,0,0,stable
0000170_00401_d_0000001__160_0,48,t_8_16,176.0,0.25,0.25,3.0,0.9864431270774654,0.48381167227292765,0.71495,1,0,mild
0000170_00401_d_0000001__160_0,49,t_8_16,144.0009765625,0.0,0.0,1.0,0.9970145057571864,0.7493295391509432,0.71495,0,0,stable
0000170_00401_d_0000001__160_0,54,s_16_32,950.0,0.0,0.0,10.0,0.8148033515691894,0.7446915946352815,0.89303,0,0,stable
0000170_00401_d_0000001__160_0,55,s_16_32,560.0,0.0,0.0,10.0,0.2792003855579312,0.75496331875335,0.89303,0,1,stable
0000170_00401_d_0000001__160_0,56,s_16_32,910.0,0.0,0.0,8.0,0.5891282518038911,0.5083871428571433,0.89303,0,0,stable
0000170_00401_d_0000001__160_0,57,s_16_32,480.0,0.0,0.0,3.0,0.9167767005700471,0.2959928578254397,0.89303,1,0,stable
0000170_00401_d_0000001__160_0,58,t_8_16,160.0,0.25,0.25,3.0,0.7919977791166616,0.7720616910840147,0.71495,0,1,mild
0000170_00401_d_0000001__160_0,59,t_8_16,96.0,0.25,0.0,3.0,0.5343522354137722,0.665847301937356,0.71495,0,0,mild
0000170_00401_d_0000001__160_0,61,t_8_16,195.99850464146584,0.0,0.0,2.0,0.9994678111275618,0.7064697341967742,0.89303,0,0,stable
0000170_00401_d_0000001__160_0,63,s_16_32,280.0,0.0,0.0,2.0,,0.42440547499999876,0.89303,1,0,stable
0000170_00401_d_0000001__160_0,66,t_8_16,104.000244140625,0.75,0.25,2.0,0.01864170029408529,0.6492343072178974,0.89303,0,0,high
0000170_00401_d_0000001__160_0,72,s_16_32,528.0,0.0,0.0,10.0,0.9996086688205897,0.8788750022482197,0.89303,0,1,stable
0000170_00401_d_0000001__160_0,73,s_16_32,260.0006103515625,0.0,0.0,4.0,0.9405711949184129,0.7435410256632141,0.89303,0,0,stable
0000170_00401_d_0000001__160_0,74,t_8_16,121.0,0.0,0.0,2.0,0.998998444220791,0.8236710344755823,0.89303,0,1,stable
0000174_01601_d_0000001__0_0,2,s_16_32,784.0,0.0,0.0,10.0,0.9998106992624227,0.9054279844156672,0.90689,0,1,stable
0000174_01601_d_0000001__0_0,3,s_16_32,528.0,0.0,0.0,10.0,0.991648195552802,0.7614579886363639,0.90689,0,1,stable
0000174_01601_d_0000001__0_0,5,t_8_16,195.99957275390625,0.0,0.0,3.0,0.9961166380847504,0.8241866553684795,0.90689,0,1,stable
0000174_01601_d_0000001__0_0,6,s_16_32,396.0,0.0,0.0,7.0,0.9999491536395437,0.8522801812610263,0.90689,0,1,stable
0000174_01601_d_0000001__0_0,8,t_8_16,224.0,0.0,0.0,3.0,0.9415157342196346,0.7427603009443987,0.90689,0,0,stable
0000174_01601_d_0000001__0_0,9,s_16_32,576.0,0.0,0.0,10.0,0.9716244443229456,0.8277832900222728,0.70171,0,1,stable
0000174_01601_d_0000001__0_0,14,t_8_16,72.0,0.25,0.25,3.0,0.9264819608841017,0.6794651143057092,0.70171,0,0,mild
0000174_01601_d_0000001__0_0,16,t_8_16,84.0008544921875,0.25,0.0,4.0,0.1553268721034114,0.6487501659867134,0.70171,0,0,mild
0000174_01601_d_0000001__0_0,17,t_8_16,84.0008544921875,0.0,0.0,3.0,0.8373913656981189,0.7729337142857138,0.70171,0,1,stable
0000174_01601_d_0000001__0_0,18,t_8_16,112.0,0.5,0.25,3.0,0.6760320402672761,0.7582542450512473,0.70171,0,1,mild
0000181_00889_d_0000030__0_0,1,s_16_32,748.0,0.0,0.0,5.0,0.7582362410840459,0.8777711506999826,0.48889,0,1,stable
0000181_00889_d_0000030__0_0,2,s_16_32,600.0,0.25,0.25,8.0,0.23919506364881718,0.8135647863712219,0.48889,0,1,mild
0000181_00889_d_0000030__0_0,5,t_8_16,95.999755859375,0.5,0.5,0.0,,0.0,0.48889,1,0,mild
0000181_00889_d_0000030__0_0,6,s_16_32,468.0,0.0,0.0,10.0,0.4760444575840864,0.6807025888288153,0.89714,0,0,stable
0000181_00889_d_0000030__0_0,7,s_16_32,416.0,0.25,0.0,10.0,0.34286412841660374,0.7888442108848769,0.89714,0,1,mild
0000181_00889_d_0000030__0_0,8,t_8_16,71.99981689453125,0.5,0.5,2.0,0.08743956571345461,0.4762878672728576,0.48889,1,0,mild
0000181_00889_d_0000030__0_0,9,t_8_16,219.99969482421875,0.0,0.0,4.0,0.36873091444845635,0.7299726201809311,0.48889,0,0,stable
0000181_00889_d_0000030__0_0,10,t_8_16,128.0,0.5,0.25,3.0,0.19761602355665436,0.741831843157368,0.48889,0,0,mild
0000181_00889_d_0000030__0_0,11,s_16_32,527.999267578125,0.0,0.0,6.0,0.5659525050295794,0.8451762348484818,0.89714,0,1,stable
0000181_00889_d_0000030__0_0,12,s_16_32,324.0,0.25,0.0,5.0,0.49721627874413327,0.7248927569608553,0.89714,0,0,mild
0000181_00889_d_0000030__0_0,13,t_8_16,128.0,0.0,0.0,2.0,0.9988046177810369,0.4896138518134752,0.48889,1,0,stable
0000181_00889_d_0000030__0_0,14,s_16_32,312.0,0.25,0.0,6.0,0.5163582188265633,0.0,0.89714,1,0,mild
0000181_00889_d_0000030__0_0,15,t_8_16,108.0,0.0,0.0,2.0,0.9771724661522938,0.6269965704923534,0.48889,0,0,stable
0000181_00889_d_0000030__0_0,16,t_8_16,96.0,0.0,0.0,1.0,0.9871559088007197,0.6976233434688601,0.48889,0,0,stable
0000181_00889_d_0000030__0_0,17,t_8_16,108.0,0.5,0.0,3.0,0.3333132710815297,0.6868704503137798,0.48889,0,0,mild
0000181_00889_d_0000030__0_0,18,t_8_16,224.0,0.0,0.0,3.0,0.9227896580584206,0.6319066623346332,0.89714,0,0,stable
0000181_00889_d_0000030__0_0,19,t_8_16,96.0,0.25,0.0,1.0,,0.6370364192802255,0.48889,0,0,mild
0000181_00889_d_0000030__0_0,22,t_8_16,240.0,0.0,0.0,3.0,0.9155141114778348,0.49014603162139647,0.89714,1,0,stable
0000181_00889_d_0000030__0_0,23,t_8_16,144.0,0.0,0.0,1.0,,0.5108694810727822,0.89714,0,0,stable
0000181_00889_d_0000030__0_0,27,t_8_16,95.99993896484375,0.0,0.0,2.0,0.9505055104139131,0.6848531415836812,0.89714,0,0,stable
0000181_00889_d_0000030__0_0,34,s_16_32,383.999267578125,0.0,0.0,7.0,0.9824642058310306,0.8810812324176972,0.89714,0,1,stable
0000181_00889_d_0000030__0_0,37,t_8_16,120.0,0.0,0.0,2.0,0.9716545756229807,0.6427336867063482,0.89714,0,0,stable
0000181_00889_d_0000030__0_0,38,t_8_16,143.99990844726562,0.0,0.0,2.0,,0.5128604976395282,0.89714,0,0,stable
0000181_00889_d_0000030__0_0,39,t_8_16,140.0,0.0,0.0,1.0,,0.5551788667695189,0.89714,0,0,stable
0000181_00889_d_0000030__0_0,40,t_8_16,80.0,0.0,0.0,1.0,,0.653285731052098,0.89714,0,0,stable
0000243_00001_d_0000001__160_0,2,t_8_16,72.0,0.25,0.0,2.0,0.544522571516424,0.5829832773462681,0.92937,0,0,mild
0000243_00001_d_0000001__160_0,10,t_8_16,144.0,0.0,0.0,4.0,0.8158714856695563,0.9256731250000013,0.92937,0,1,stable
0000243_00001_d_0000001__160_0,11,t_8_16,144.0,0.0,0.0,4.0,0.9744709637320439,0.9446355370085113,0.92937,0,1,stable
0000243_00001_d_0000001__160_0,14,t_8_16,72.0,0.0,0.0,3.0,0.996054889445335,0.5724289085488156,0.92937,0,0,stable
0000243_00001_d_0000001__160_0,19,t_8_16,80.0,0.25,0.0,1.0,,0.7753016396875947,0.92937,0,1,mild
0000243_00001_d_0000001__160_0,20,t_8_16,120.0,0.0,0.0,1.0,,0.781835363505671,0.92937,0,1,stable
0000243_00001_d_0000001__160_0,21,t_8_16,144.0,0.0,0.0,1.0,,0.771147194140849,0.92937,0,1,stable
0000243_00001_d_0000001__160_0,22,s_16_32,256.0,0.0,0.0,5.0,0.959302295289569,0.8779722231873798,0.92937,0,1,stable
0000243_00001_d_0000001__160_0,26,t_8_16,255.999755859375,0.0,0.0,5.0,0.9964708836036283,0.737770088983836,0.92937,0,0,stable
0000243_00001_d_0000001__160_0,28,s_16_32,359.99945068359375,0.0,0.0,6.0,0.9821680418060441,0.8970280738935376,0.92937,0,1,stable
0000243_00001_d_0000001__160_0,29,s_16_32,527.9993286132812,0.0,0.0,10.0,0.9998818591082446,0.9318300754065488,0.92937,0,1,stable
0000243_00001_d_0000001__160_0,31,s_16_32,256.0,0.0,0.0,3.0,0.976951836614026,0.712288513160578,0.92937,0,0,stable
0000243_00001_d_0000001__160_0,32,s_16_32,400.0,0.0,0.0,8.0,0.8461956384733107,0.7872273429575877,0.92937,0,1,stable
0000243_00001_d_0000001__160_0,33,t_8_16,96.0,0.75,0.75,5.0,0.22500707508412782,0.8327545426955978,0.41722,0,1,high
0000243_00001_d_0000001__160_0,34,t_8_16,96.0,0.25,0.0,2.0,0.903425984582897,0.28264477752594314,0.41722,1,0,mild
0000313_00201_d_0000437__0_0,2,s_16_32,432.0,0.0,0.0,8.0,0.990397016797315,0.7606439857784296,0.90737,0,1,stable
0000313_00201_d_0000437__0_0,3,t_8_16,156.0,0.0,0.0,8.0,0.7525479801110606,0.5337099720044145,0.82153,0,0,stable
0000313_00201_d_0000437__0_0,4,s_16_32,888.0,0.0,0.0,10.0,0.9981903718328966,0.9130123906534136,0.90737,0,1,stable
0000313_00201_d_0000437__0_0,5,t_8_16,220.0,0.0,0.0,4.0,0.9972426327620378,0.8021210909090897,0.82153,0,1,stable
0000313_00201_d_0000437__0_0,6,t_8_16,176.0,0.5,0.5,1.0,,0.7532894631834599,0.82153,0,1,mild
0000313_00201_d_0000437__0_0,7,t_8_16,120.0,0.0,0.0,6.0,0.9753394996373299,0.7910091162658242,0.82153,0,1,stable
0000313_00201_d_0000437__0_0,9,t_8_16,96.0,0.25,0.0,2.0,0.9747204579539578,0.6028556156269618,0.82153,0,0,mild
0000313_00201_d_0000437__0_0,10,s_16_32,360.0,0.0,0.0,7.0,0.9969102473087784,0.7592719058991071,0.90737,0,1,stable
0000313_00201_d_0000437__0_0,12,t_8_16,96.0,0.0,0.0,2.0,0.9319334170888017,0.7424434765714331,0.82153,0,0,stable
0000313_00201_d_0000437__0_0,13,s_16_32,308.0,0.0,0.0,5.0,0.9652515641405642,0.8807913871331208,0.90737,0,1,stable
0000313_00201_d_0000437__0_0,14,s_16_32,384.0,0.25,0.0,9.0,0.8157090801214113,0.7480342907278815,0.90737,0,0,mild
0000313_00201_d_0000437__0_0,15,s_16_32,484.0,0.0,0.0,10.0,0.9934929613795972,0.673091132231404,0.90737,0,0,stable
0000313_00201_d_0000437__0_0,16,s_16_32,288.0,0.0,0.0,5.0,0.8635738985389434,0.8313778541666637,0.90737,0,1,stable
0000313_00201_d_0000437__0_0,22,t_8_16,100.0,0.0,0.0,1.0,,0.7832287305597725,0.90737,0,1,stable
0000313_00201_d_0000437__0_0,23,t_8_16,168.0,0.0,0.0,2.0,0.980687834625915,0.7800593663488136,0.90737,0,1,stable
0000313_00201_d_0000437__0_0,24,t_8_16,80.0,0.0,0.0,2.0,0.9814150865618195,0.8279200082565769,0.90737,0,1,stable
0000313_00201_d_0000437__0_0,25,t_8_16,100.0,0.0,0.0,1.0,,0.8651032101258389,0.90737,0,1,stable
0000313_00201_d_0000437__0_0,26,t_8_16,80.0,0.25,0.25,1.0,,0.6796602567891233,0.90737,0,0,mild
0000313_00201_d_0000437__0_0,27,t_8_16,224.0001220703125,0.0,0.0,4.0,0.999509454641381,0.8417992857142892,0.90737,0,1,stable
0000313_00201_d_0000437__0_0,28,t_8_16,100.0,0.25,0.0,2.0,0.785260634983983,0.7100725385804836,0.90737,0,0,mild
0000313_00201_d_0000437__0_0,32,t_8_16,100.0,0.0,0.0,2.0,0.9999999999888002,0.7725369682567439,0.90737,0,1,stable
0000313_00201_d_0000437__0_0,33,t_8_16,100.0,0.5,0.0,2.0,0.9999252478245435,0.7270327456364858,0.90737,0,0,mild
0000313_00201_d_0000437__0_0,34,t_8_16,72.0,0.0,0.0,3.0,0.9538848774823518,0.5232202412461919,0.82153,0,0,stable
0000313_00201_d_0000437__0_0,35,t_8_16,84.0,0.25,0.25,2.0,0.9605086540114032,0.7267943111385746,0.82153,0,0,mild
0000313_00201_d_0000437__0_0,36,t_8_16,192.0,0.0,0.0,3.0,0.9958086828241247,0.7806740272957668,0.90737,0,1,stable
0000313_00201_d_0000437__0_0,37,s_16_32,288.0,0.0,0.0,5.0,0.9891170283895503,0.8496686711880778,0.90737,0,1,stable
0000313_00201_d_0000437__0_0,38,s_16_32,780.0,0.0,0.0,10.0,0.999925501892314,0.9281223395265108,0.90737,0,1,stable
0000313_00201_d_0000437__0_0,42,t_8_16,192.0,0.5,0.0,2.0,0.9238661606203392,0.742519161720837,0.82153,0,0,mild
0000313_00201_d_0000437__0_0,43,t_8_16,192.0,0.0,0.0,4.0,0.39365067507893126,0.5967449250984135,0.82153,0,0,stable
0000313_00201_d_0000437__0_0,44,s_16_32,288.0,0.5,0.0,6.0,0.19878450468800318,0.740794740485992,0.82153,0,0,mild
0000313_00201_d_0000437__0_0,45,t_8_16,156.0,0.0,0.0,6.0,0.7099729879313483,0.6161794854162069,0.82153,0,0,stable
0000313_00201_d_0000437__0_0,46,t_8_16,240.0,0.0,0.0,4.0,0.9724601010506684,0.800040428315773,0.82153,0,1,stable
0000313_00201_d_0000437__0_0,47,t_8_16,220.0,0.5,0.0,3.0,0.17406204983630297,0.0,0.82153,1,0,mild
0000313_00201_d_0000437__0_0,48,t_8_16,220.0,0.0,0.0,4.0,0.9774544135422831,0.20204493665251116,0.82153,1,0,stable
0000313_00201_d_0000437__0_0,49,s_16_32,280.0,0.5,0.0,4.0,0.01022266996820546,0.662993157456264,0.82153,0,0,mild
0000313_00201_d_0000437__0_0,50,t_8_16,192.0,0.5,0.0,2.0,0.6467574948936832,0.0022795589909062066,0.82153,1,0,mild
0000313_00201_d_0000437__0_0,51,s_16_32,272.0,0.25,0.0,5.0,0.07058629247345562,0.0,0.82153,1,0,mild
0000313_00201_d_0000437__0_0,53,s_16_32,828.0,0.0,0.0,10.0,0.8604643614289338,0.755610076805775,0.90737,0,1,stable
0000313_00201_d_0000437__0_0,54,s_16_32,863.9989013671875,0.0,0.0,10.0,0.999688813452282,0.861580856693997,0.90737,0,1,stable
0000313_00201_d_0000437__0_0,55,s_16_32,672.0,0.0,0.0,10.0,0.6260627537154937,0.9040611224747019,0.90737,0,1,stable
0000313_00201_d_0000437__0_0,56,s_16_32,640.0,0.0,0.0,10.0,0.9646623013176229,0.6633616366750115,0.90737,0,0,stable
0000313_00201_d_0000437__0_0,57,s_16_32,640.0,0.0,0.0,10.0,0.46524131624762843,0.8047762062500028,0.90737,0,1,stable
0000313_00201_d_0000437__0_0,58,s_16_32,300.0,0.0,0.0,5.0,0.6840744467850247,0.7772114362232089,0.90737,0,1,stable
0000313_00201_d_0000437__0_0,59,s_16_32,260.0,0.0,0.0,4.0,0.9935428182363722,0.7860419940499678,0.90737,0,1,stable
0000313_00201_d_0000437__0_0,60,t_8_16,110.0,0.0,0.0,1.0,,0.6405577629996808,0.90737,0,0,stable
0000313_00201_d_0000437__0_0,62,t_8_16,72.0,0.5,0.5,0.0,,0.44200304043147304,0.90737,1,0,mild
00e0b6dc0,0,t_8_16,143.0,0.0,0.0,2.0,0.8573845428918868,0.7748553452374954,0.53296,0,1,stable
014773cfa,0,t_8_16,175.99932861328125,0.0,0.0,3.0,0.9819401257786841,0.7920480297978924,0.67174,0,1,stable
03592,0,t_8_16,97.9991455078125,0.0,0.0,4.0,0.9851404437741068,0.8310931872539913,0.76198,0,1,stable
03592,1,t_8_16,98.0,0.0,0.0,4.0,0.9717328394817661,0.8116843404122934,0.76198,0,1,stable
03592,2,t_8_16,96.0,0.0,0.0,5.0,0.9802942416009723,0.7649780082236873,0.76198,0,1,stable
03592,3,t_8_16,105.0,0.0,0.0,5.0,0.9644130468487626,0.8409419162646242,0.76198,0,1,stable
03592,4,t_8_16,143.0,0.0,0.0,2.0,0.9990430831715443,0.8746679082591933,0.76198,0,1,stable
03592,5,t_8_16,154.0,0.0,0.0,3.0,0.9736943562983875,0.5298504675324718,0.76198,0,0,stable
03592,6,t_8_16,70.0,0.0,0.0,5.0,0.3794836781274515,0.6295546302883569,0.76198,0,0,stable
04065,0,t_8_16,105.0,0.0,0.0,5.0,0.9982621885519237,0.8449572857142865,0.53581,0,1,stable
04ef6825b,0,t_8_16,77.0,0.5,0.0,3.0,0.6854647002441475,0.8072075846979387,0.70743,0,1,mild
04ef6825b,1,t_8_16,77.0,0.0,0.0,3.0,0.9982484637684023,0.7403914728636093,0.70743,0,0,stable
057836607,1,t_8_16,70.0,0.25,0.25,3.0,0.49246365954684,0.7423254996359633,0.91687,0,0,mild
06914,0,t_8_16,252.99859619140625,0.0,0.0,4.0,0.975457598522067,0.8356519123317552,0.91513,0,1,stable
06914,1,s_16_32,294.0,0.0,0.0,5.0,0.9912167487147341,0.85206243857905,0.91513,0,1,stable
06914,2,s_16_32,288.0,0.0,0.0,6.0,0.9974238407849769,0.8299979987721565,0.91513,0,1,stable
06914,3,t_8_16,162.0,0.0,0.0,2.0,0.9889724230072778,0.7525840600856425,0.91513,0,1,stable
06914,4,t_8_16,190.0,0.0,0.0,3.0,0.9366379270697105,0.8342653003087452,0.91513,0,1,stable
06914,5,s_16_32,322.0,0.0,0.0,4.0,0.9619375065832789,0.7795776625423723,0.91513,0,1,stable
06914,6,t_8_16,208.0,0.0,0.0,4.0,0.8833886200316203,0.8749687244567065,0.91513,0,1,stable
06914,7,t_8_16,224.0,0.0,0.0,4.0,0.51825371345456,0.754286396284182,0.91513,0,1,stable
06914,8,t_8_16,192.0,0.0,0.0,3.0,0.9401447410106057,0.8434664489838725,0.91513,0,1,stable
06914,9,t_8_16,195.0,0.0,0.0,4.0,0.9812141865919518,0.9070854367110184,0.91513,0,1,stable
06914,10,t_8_16,180.0,0.0,0.0,5.0,0.9847489605083635,0.8770106555555586,0.91513,0,1,stable
06914,11,t_8_16,144.0,0.0,0.0,3.0,0.3114817160776575,0.8755614988658231,0.91513,0,1,stable
06914,12,s_16_32,390.00170898623765,0.0,0.0,10.0,0.9841514296279226,0.7349150402440932,0.91513,0,0,stable
06914,13,s_16_32,680.0,0.0,0.0,10.0,0.8681761144729453,0.8852036440359985,0.91513,0,1,stable
06914,14,s_16_32,375.0000476837158,0.0,0.0,4.0,0.9919977662876963,0.8784817419121816,0.91513,0,1,stable
06914,15,s_16_32,420.00042724609375,0.0,0.0,10.0,0.962649039848826,0.9022095743834546,0.91513,0,1,stable
06914,16,s_16_32,312.0,0.0,0.0,6.0,0.991529482911623,0.8847120321917351,0.91513,0,1,stable
06914,17,t_8_16,220.0,0.0,0.0,3.0,0.9984225122882473,0.7819408974729202,0.91513,0,1,stable
06914,18,t_8_16,191.99990844726562,0.0,0.0,3.0,0.9959002767752861,0.8609858730764203,0.91513,0,1,stable
06914,19,t_8_16,191.999755859375,0.0,0.0,4.0,0.9780581295883074,0.8022795647137719,0.91513,0,1,stable
06914,20,s_16_32,455.9999542236328,0.0,0.0,8.0,0.9277300750864187,0.8519782742518265,0.91513,0,1,stable
06914,21,s_16_32,293.9993591308594,0.0,0.0,5.0,0.9956725597017074,0.44341728961263066,0.91513,1,0,stable
06914,22,t_8_16,77.99960327148438,0.0,0.0,4.0,0.9793291987458573,0.6836301842406255,0.91513,0,0,stable
06914,23,t_8_16,230.0,0.0,0.0,4.0,0.9896888806941357,0.8897868793633157,0.91513,0,1,stable
06914,24,t_8_16,180.0,0.0,0.0,3.0,0.9345396632327378,0.7700890449619114,0.91513,0,1,stable
06914,25,t_8_16,198.0,0.0,0.0,3.0,0.9777909627618013,0.8108558370400297,0.91513,0,1,stable
06914,26,t_8_16,243.0,0.0,0.0,5.0,0.8813462320605033,0.7038012907246473,0.91513,0,0,stable
06914,27,t_8_16,126.0,0.0,0.0,5.0,0.9133924663128135,0.5509574956111499,0.91513,0,0,stable
06914,28,s_16_32,363.0,0.0,0.0,10.0,0.9221835722986893,0.8193248112310811,0.91513,0,1,stable
06914,29,s_16_32,462.0,0.0,0.0,8.0,0.944427914584528,0.747704980579035,0.91513,0,0,stable
06914,30,t_8_16,220.0010375957936,0.0,0.0,6.0,0.8930426988201338,0.894396180246407,0.91513,0,1,stable
06914,31,t_8_16,161.99972534179688,0.25,0.0,4.0,0.9026034301616359,0.7858746810844435,0.91513,0,1,mild
06914,32,t_8_16,128.0,0.0,0.0,2.0,0.9925882539787315,0.8273729541101525,0.91513,0,1,stable
06914,33,t_8_16,152.0,0.0,0.0,3.0,0.9928652332518244,0.8498327894736833,0.91513,0,1,stable
06914,34,s_16_32,296.99835205078125,0.0,0.0,3.0,0.995406291831102,0.8821669924921529,0.91513,0,1,stable
06914,35,t_8_16,153.0,0.0,0.0,3.0,0.9730205093030107,0.8300502776780251,0.91513,0,1,stable
06914,36,t_8_16,162.0,0.0,0.0,3.0,0.9948183659332692,0.8648795241582727,0.91513,0,1,stable
06914,37,t_8_16,240.0,0.0,0.0,5.0,0.9799380819446657,0.8202168441257853,0.91513,0,1,stable
06914,38,t_8_16,126.0,0.0,0.0,4.0,0.983555476298287,0.8657013215043595,0.91513,0,1,stable
06914,39,t_8_16,168.0,0.0,0.0,7.0,0.8695206582695028,0.7515969813208232,0.91513,0,1,stable
06914,40,t_8_16,189.0,0.0,0.0,3.0,0.9948071562495848,0.7353401904761919,0.91513,0,0,stable
06914,41,t_8_16,234.0,0.0,0.0,6.0,0.9981526521850518,0.852594810269814,0.91513,0,1,stable
06914,42,s_16_32,560.0,0.0,0.0,7.0,0.917632874325666,0.7143640642857085,0.91513,0,0,stable
06914,43,s_16_32,578.0,0.0,0.0,10.0,0.9943360949753662,0.7933625004047351,0.91513,0,1,stable
06914,44,t_8_16,159.999755859375,0.0,0.0,4.0,0.9664198263995095,0.8199110583781741,0.91513,0,1,stable
06914,45,t_8_16,207.0,0.0,0.0,4.0,0.9880504551728568,0.7661260869565142,0.91513,0,1,stable
06914,46,t_8_16,105.0,0.0,0.0,3.0,0.9945811585779851,0.7296489790916166,0.91513,0,0,stable
06914,47,t_8_16,189.0,0.0,0.0,4.0,0.997530186852541,0.7993600965348637,0.91513,0,1,stable
06914,48,t_8_16,220.0,0.0,0.0,3.0,0.9968390493511566,0.6314497703968548,0.91513,0,0,stable
06914,49,t_8_16,119.0,0.0,0.0,4.0,0.8380956735380467,0.8676318093314702,0.91513,0,1,stable
06914,50,t_8_16,230.0,0.25,0.0,8.0,0.5877027562842534,0.760835308695657,0.91513,0,1,mild
06914,51,t_8_16,207.0,0.0,0.0,5.0,0.9846719846214285,0.8968081594202946,0.91513,0,1,stable
06914,52,t_8_16,228.0,0.0,0.0,5.0,0.9454559929051123,0.6351931394100295,0.91513,0,0,stable
06914,53,t_8_16,108.0,0.0,0.0,1.0,,0.6364322887300987,0.91513,0,0,stable
06914,54,t_8_16,150.0,0.0,0.0,2.0,0.9972615683953188,0.7575578894958558,0.91513,0,1,stable
06914,55,t_8_16,126.0,0.0,0.0,2.0,0.985126603742681,0.7607229925507887,0.91513,0,1,stable
06914,56,t_8_16,168.0,0.5,0.5,0.0,,0.8457867030076187,0.91513,0,1,mild
06914,57,t_8_16,119.00021362304688,0.0,0.0,5.0,0.9507661700972988,0.7631486436625341,0.91513,0,1,stable
06914,58,t_8_16,210.0,0.25,0.0,2.0,0.9880106458139329,0.40590087714045503,0.91513,1,0,mild
06914,59,t_8_16,152.0,0.25,0.25,3.0,0.861704937202347,0.7318357860741168,0.91513,0,0,mild
06914,60,s_16_32,795.0,0.0,0.0,10.0,0.8191578337557731,0.24657966666666747,0.91513,1,0,stable
06914,61,t_8_16,120.0,0.0,0.0,2.0,0.990286687577746,0.7645710698811904,0.91513,0,1,stable
06914,62,t_8_16,180.0,0.25,0.0,4.0,0.9927293616628249,0.7571708987142917,0.91513,0,1,mild
06914,63,t_8_16,133.0,0.5,0.0,6.0,0.19066168644985998,0.8086294737280106,0.91513,0,1,mild
06914,64,t_8_16,152.0,0.25,0.25,4.0,0.995355689949782,0.8265932070627825,0.91513,0,1,mild
06914,65,s_16_32,319.9990234375,0.0,0.0,4.0,0.22047642366428238,0.7736858933911517,0.91513,0,1,stable
06914,66,t_8_16,255.0,0.0,0.0,5.0,0.9971203454315318,0.6957008627451002,0.91513,0,0,stable
06914,67,t_8_16,209.9991455078125,0.0,0.0,3.0,0.995046787010298,0.8700634585280729,0.91513,0,1,stable
06914,68,t_8_16,181.99920654296875,0.0,0.0,3.0,0.9876073920342645,0.6734942186369315,0.91513,0,0,stable
06914,69,t_8_16,130.00079345703125,0.0,0.0,5.0,0.819016760185285,0.7917864461544423,0.91513,0,1,stable
06914,70,t_8_16,154.0,0.0,0.0,2.0,0.9999999999975479,0.9221521294650536,0.91513,0,1,stable
06914,71,t_8_16,81.00027465820312,0.25,0.0,1.0,,0.7454775513354077,0.91513,0,0,mild
06914,72,t_8_16,200.0,0.0,0.0,4.0,0.9263237773559919,0.7380772332283315,0.91513,0,0,stable
06914,73,t_8_16,189.0,0.0,0.0,3.0,0.9960475740870147,0.7210142966708053,0.91513,0,0,stable
06914,74,t_8_16,168.0,0.0,0.0,2.0,0.9241979819207365,0.742996031810725,0.91513,0,0,stable
06914,75,t_8_16,168.0,0.0,0.0,4.0,0.975868541311337,0.7094942715885996,0.91513,0,0,stable
06914,76,t_8_16,147.0,0.0,0.0,4.0,0.9555964299540723,0.7808406020808303,0.91513,0,1,stable
06914,77,t_8_16,243.0,0.0,0.0,6.0,0.9981619980951484,0.8610682683276862,0.91513,0,1,stable
06914,78,s_16_32,260.0,0.0,0.0,4.0,0.9830196469112963,0.7317627881203029,0.91513,0,0,stable
06914,79,t_8_16,240.0,0.0,0.0,6.0,0.902272979747531,0.7748854851747431,0.91513,0,1,stable
06914,80,t_8_16,126.0,0.25,0.0,6.0,0.2421994820494524,0.9035228614517392,0.91513,0,1,mild
06914,81,t_8_16,136.0,0.0,0.0,2.0,0.944470977999458,0.6860332935333713,0.91513,0,0,stable
06914,82,t_8_16,98.0,0.0,0.0,2.0,0.9999999999937347,0.7432533571526784,0.91513,0,0,stable
06914,83,t_8_16,119.00021362304688,0.0,0.0,3.0,0.9955489375291667,0.8735889909547723,0.91513,0,1,stable
06914,84,t_8_16,133.0,0.0,0.0,2.0,0.9941387564867393,0.7295880615377909,0.91513,0,0,stable
06914,85,t_8_16,135.0,0.0,0.0,2.0,0.9850369878014736,0.7920158155381583,0.91513,0,1,stable
06914,86,s_16_32,324.0,0.25,0.0,5.0,0.3199844178654144,0.4811523896225364,0.91513,1,0,mild
06914,87,s_16_32,264.0,0.0,0.0,5.0,0.9868421346083357,0.7999680085520944,0.91513,0,1,stable
06914,88,s_16_32,335.99957275390625,0.0,0.0,5.0,0.9590450286170121,0.7135848827018606,0.91513,0,0,stable
06914,89,s_16_32,296.99835205078125,0.0,0.0,4.0,0.9795842952888448,0.6941590155749299,0.91513,0,0,stable
06914,90,t_8_16,181.9999008178711,0.0,0.0,2.0,0.9927276941949276,0.8093782548753522,0.91513,0,1,stable
06914,91,t_8_16,231.0,0.0,0.0,4.0,0.3554439476336295,0.8072892207792219,0.91513,0,1,stable
06914,92,t_8_16,227.9997100830078,0.0,0.0,2.0,0.8434163991387228,0.8121427631578947,0.91513,0,1,stable
06914,93,t_8_16,160.0,0.0,0.0,2.0,0.9463023016396803,0.825444236804514,0.91513,0,1,stable
06914,94,s_16_32,280.0,0.0,0.0,4.0,0.9887529467024899,0.9365575328906637,0.91513,0,1,stable
06914,95,s_16_32,405.0,0.0,0.0,8.0,0.36898541638008414,0.7559721944061341,0.91513,0,1,stable
06914,96,s_16_32,420.0004577636719,0.0,0.0,6.0,0.9988468392650195,0.8643322619047611,0.91513,0,1,stable
06914,97,t_8_16,192.0,0.0,0.0,3.0,0.9922143907189566,0.8376096057479414,0.91513,0,1,stable
06914,98,t_8_16,111.99978637695312,0.0,0.0,5.0,0.9837322337963957,0.745650901512531,0.91513,0,0,stable
06914,99,t_8_16,225.0,0.0,0.0,4.0,0.9869054928398034,0.9057004788881555,0.91513,0,1,stable
06914,100,t_8_16,225.0,0.25,0.0,4.0,0.09110100000326056,0.9324441088144004,0.91513,0,1,mild
06914,101,t_8_16,161.99972534179688,0.0,0.0,3.0,0.9007497724767024,0.7826097222222301,0.91513,0,1,stable
06914,102,t_8_16,152.0,0.25,0.25,3.0,0.8921097281624258,0.8052845963791436,0.91513,0,1,mild
06914,103,t_8_16,96.0,0.25,0.25,3.0,0.7297340596921079,0.7140179428847268,0.91513,0,0,mild
06914,105,t_8_16,189.0,0.0,0.0,4.0,0.9968020453529075,0.9056590103260221,0.91513,0,1,stable
06914,106,t_8_16,152.0,0.25,0.25,3.0,0.9856967089357385,0.7850705000000066,0.91513,0,1,mild
06914,107,t_8_16,112.0,0.0,0.0,2.0,0.9808061847197376,0.9051852023836338,0.91513,0,1,stable
06914,108,t_8_16,105.0,0.0,0.0,2.0,0.9998850156033807,0.7195258539757997,0.91513,0,0,stable
06914,109,t_8_16,160.0,0.0,0.0,2.0,0.986766816526937,0.8726550629608577,0.91513,0,1,stable
06914,110,t_8_16,171.0,0.0,0.0,3.0,0.9955099214888797,0.7022303157894649,0.91513,0,0,stable
06914,111,t_8_16,112.0,0.0,0.0,3.0,0.9945689527282641,0.8792874999999988,0.91513,0,1,stable
06914,112,t_8_16,208.0,0.25,0.25,5.0,0.7828327709640391,0.8688661110698908,0.91513,0,1,mild
06914,113,t_8_16,207.0,0.25,0.0,3.0,0.5979717200034725,0.8228239258597607,0.91513,0,1,mild
06914,114,t_8_16,119.0,0.0,0.0,6.0,0.9920970974125086,0.8013011400170846,0.91513,0,1,stable
06914,115,t_8_16,162.0,0.0,0.0,3.0,0.9792856336070667,0.8061458159703588,0.91513,0,1,stable
06914,116,t_8_16,230.0,0.0,0.0,5.0,0.9963350800807144,0.8630255434782563,0.91513,0,1,stable
06914,117,t_8_16,180.0,0.0,0.0,2.0,0.9981806408320475,0.6992499736182227,0.91513,0,0,stable
06914,118,t_8_16,171.0,0.0,0.0,2.0,0.8874687907094533,0.7002036086821385,0.91513,0,0,stable
06914,119,t_8_16,144.0,0.0,0.0,3.0,0.9893748759801743,0.8687017521101409,0.91513,0,1,stable
06914,120,t_8_16,105.00021362304688,0.0,0.0,2.0,0.8148558409834755,0.7012672027672494,0.91513,0,0,stable
06914,121,t_8_16,207.0,0.25,0.0,4.0,0.993927500304953,0.7695896850693856,0.91513,0,1,mild
06914,122,t_8_16,189.0,0.25,0.0,4.0,0.9836852157164739,0.8474661481481371,0.91513,0,1,mild
06914,123,s_16_32,688.0,0.0,0.0,10.0,0.9966196359493291,0.7882601279069704,0.91513,0,1,stable
06914,124,s_16_32,429.0,0.0,0.0,8.0,0.9921584911853726,0.8691224522144472,0.91513,0,1,stable
06914,125,s_16_32,396.0,0.0,0.0,5.0,0.9058848562643689,0.7243054772727225,0.91513,0,0,stable
06914,126,t_8_16,108.000732421875,0.0,0.0,2.0,0.9967299375299712,0.8087112877908469,0.77082,0,1,stable
06914,127,t_8_16,90.0,0.25,0.25,2.0,0.9794868242499465,0.0,0.77082,1,0,mild
06914,128,t_8_16,195.99957275390625,0.0,0.0,3.0,0.9932147892203618,0.8635824274654261,0.77082,0,1,stable
06914,129,t_8_16,195.0,0.0,0.0,4.0,0.9339463621037108,0.7126005743589716,0.91513,0,0,stable
06914,130,t_8_16,154.0,0.0,0.0,2.0,0.9999999999980633,0.9562467070443594,0.91513,0,1,stable
06914,131,s_16_32,352.0,0.0,0.0,7.0,0.8104344309709216,0.8972089831090403,0.91513,0,1,stable
06914,132,t_8_16,224.0,0.0,0.0,4.0,0.7488491459821744,0.8973671925640762,0.91513,0,1,stable
06914,133,s_16_32,288.0,0.0,0.0,4.0,0.36686357126673236,0.7790765994801727,0.91513,0,1,stable
06914,134,t_8_16,252.0,0.0,0.0,4.0,0.31619381315708844,0.8674472341242543,0.91513,0,1,stable
06914,135,t_8_16,132.0,0.0,0.0,1.0,,0.874430751265797,0.91513,0,1,stable
06914,136,t_8_16,238.0,0.0,0.0,4.0,0.96159696795505,0.8917586109273581,0.91513,0,1,stable
06914,137,t_8_16,204.0,0.0,0.0,4.0,0.9248229527462027,0.7953494522195712,0.91513,0,1,stable
06914,139,t_8_16,70.0,0.0,0.0,3.0,0.9968249902550746,0.7878566738024784,0.77082,0,1,stable
06914,140,t_8_16,179.99954223632812,0.0,0.0,2.0,0.9982831667546905,0.8794946792640929,0.77082,0,1,stable
06914,141,t_8_16,104.0,0.25,0.25,1.0,,0.7833106516604679,0.77082,0,1,mild
06914,142,t_8_16,136.0,0.0,0.0,3.0,0.9826631522275072,0.7747304117647074,0.77082,0,1,stable
06914,143,t_8_16,72.0,0.0,0.0,2.0,0.9996436349398368,0.8564974275721855,0.77082,0,1,stable
06914,144,t_8_16,104.0,0.0,0.0,1.0,,0.642186634615391,0.77082,0,0,stable
06914,145,t_8_16,84.0,0.0,0.0,3.0,0.9928288057349308,0.7288349047618998,0.77082,0,0,stable
06914,146,t_8_16,66.0,0.0,0.0,2.0,0.990697925226564,0.873700129926519,0.77082,0,1,stable
06914,147,t_8_16,84.0,0.25,0.0,3.0,0.600858608068536,0.7231050509711054,0.77082,0,0,mild
06914,148,t_8_16,192.0,0.0,0.0,5.0,0.9916034349678577,0.8713995755945135,0.77082,0,1,stable
06914,149,t_8_16,112.0,0.5,0.5,0.0,,0.8021753417546598,0.77082,0,1,mild
06914,150,t_8_16,90.99980163574219,0.0,0.0,2.0,0.9862824121541277,0.7072032016996821,0.77082,0,0,stable
06914,151,t_8_16,112.0,0.0,0.0,1.0,,0.8177437435065545,0.77082,0,1,stable
06914,152,t_8_16,65.0,0.0,0.0,2.0,0.9903778570073649,0.7096431622737429,0.77082,0,0,stable
06914,153,t_8_16,130.0,0.0,0.0,2.0,0.9992143463202404,0.8764441568839789,0.77082,0,1,stable
06914,154,t_8_16,98.0,0.0,0.0,3.0,0.9885543295009084,0.8765172105922695,0.77082,0,1,stable
06914,155,t_8_16,89.99977111816406,0.0,0.0,2.0,0.9585381857629458,0.7961470599425435,0.77082,0,1,stable
06914,156,t_8_16,105.0,0.0,0.0,5.0,0.9517937580254013,0.7952485333333442,0.77082,0,1,stable
06914,157,t_8_16,144.0,0.0,0.0,3.0,0.9867485207539785,0.7873821219539596,0.77082,0,1,stable
06914,158,t_8_16,176.0,0.25,0.25,3.0,0.9895764912322625,0.8141971957517447,0.91513,0,1,mild
06914,159,t_8_16,198.0,0.0,0.0,4.0,0.992523748954139,0.7571092323232358,0.91513,0,1,stable
06914,160,s_16_32,322.0,0.0,0.0,4.0,0.9811936952998404,0.7542943555720591,0.91513,0,1,stable
06914,161,t_8_16,107.99945068359375,0.0,0.0,1.0,,0.6048993888888966,0.91513,0,0,stable
06914,162,t_8_16,210.0,0.0,0.0,4.0,0.9797802488585837,0.818072345172837,0.91513,0,1,stable
06914,163,t_8_16,196.0,0.0,0.0,2.0,0.9955184080047923,0.8286781484864141,0.91513,0,1,stable
06914,164,t_8_16,210.0,0.0,0.0,2.0,0.7042054281521438,0.7649971572090866,0.91513,0,1,stable
06914,165,t_8_16,251.99957275390625,0.0,0.0,4.0,0.9709486233325745,0.8715181986097895,0.91513,0,1,stable
06914,166,s_16_32,336.0,0.0,0.0,6.0,0.9864071078466452,0.9241802712907796,0.91513,0,1,stable
06914,167,t_8_16,156.0,0.0,0.0,3.0,0.826273919330206,0.6064066259775751,0.91513,0,0,stable
06914,168,s_16_32,280.0,0.0,0.0,7.0,0.9391725224458526,0.7791360561477936,0.91513,0,1,stable
06914,169,t_8_16,252.0,0.0,0.0,5.0,0.9618576773124458,0.7060137828647731,0.91513,0,0,stable
06914,170,t_8_16,252.0,0.0,0.0,3.0,0.998242408937614,0.7228501395878216,0.91513,0,0,stable
06914,171,s_16_32,259.9996032714844,0.0,0.0,4.0,0.9960925144041981,0.742702290949717,0.91513,0,0,stable
06914,172,t_8_16,190.0,0.0,0.0,3.0,0.9650316339263018,0.0,0.91513,1,0,stable
06914,175,t_8_16,104.000244140625,0.25,0.25,0.0,,0.0,0.91513,1,0,mild
06914,176,t_8_16,253.0,0.0,0.0,2.0,0.52508720792614,0.7079849520707131,0.91513,0,0,stable
06914,177,s_16_32,364.0,0.0,0.0,6.0,0.8069581810154449,0.6949071176395504,0.91513,0,0,stable
06914,178,s_16_32,377.0000247955322,0.0,0.0,6.0,0.9565057913634122,0.8122628917383389,0.91513,0,1,stable
06914,179,t_8_16,112.00000762939453,0.25,0.25,1.0,,0.7036700051614794,0.91513,0,0,mild
06914,180,t_8_16,135.99948120117188,0.0,0.0,6.0,0.9225177983456782,0.5598914233823067,0.91513,0,0,stable
06914,181,t_8_16,247.00057983398438,0.0,0.0,3.0,0.5906018357366225,0.7220433644803835,0.91513,0,0,stable
06914,182,s_16_32,312.0000915527344,0.0,0.0,5.0,0.9918256003281547,0.6300491410256419,0.91513,0,0,stable
06914,183,t_8_16,143.0,0.0,0.0,1.0,,0.8504739544994357,0.91513,0,1,stable
08275,0,t_8_16,171.00057983398438,0.25,0.0,3.0,0.7155035548332191,0.5057476260332762,0.70973,0,0,mild
08a9596cc,0,t_8_16,231.0,0.0,0.0,4.0,0.9838137384120471,0.8496809290323752,0.71702,0,1,stable
08c59eea4,0,t_8_16,81.0,0.25,0.0,1.0,,0.5397339866973145,0.32742,0,0,mild
09032,0,t_8_16,143.99945068359375,0.5,0.5,3.0,0.480971400532056,0.33635476216813776,0.41197,1,0,mild
09032,1,t_8_16,171.0,0.0,0.0,2.0,0.9999998925866366,0.4425871111111133,0.41197,1,0,stable
09032,2,t_8_16,180.0,0.0,0.0,4.0,0.9321088750441578,0,0,1,0,stable
0b48cbbcd,0,t_8_16,210.0,0.0,0.0,4.0,0.7709194374348805,0.8333768940471764,0.58584,0,1,stable
0efd60e89,0,t_8_16,90.0,0.0,0.0,4.0,0.5777914899977601,0.774952398079031,0.45462,0,1,stable
0efd60e89,1,t_8_16,210.0,0.0,0.0,3.0,0.9608454773552065,0.7419116255579495,0.45462,0,0,stable
0fd1536b1,2,t_8_16,72.0,0.25,0.25,1.0,,0.7053688653908973,0.08014,0,0,mild
0fd1536b1,3,t_8_16,125.99972534179688,0.0,0.0,3.0,0.33615507192772776,0.4208470000000005,0.08014,1,0,stable
1056__2400_2415,0,t_8_16,216.0,0.0,0.0,3.0,0.9987460400253816,0.902731866394195,0.83471,0,1,stable
1056__2400_2415,1,s_16_32,420.0,0.0,0.0,9.0,0.9905996830310821,0.6703480193984271,0.83471,0,0,stable
105__1800_1914,0,t_8_16,139.99957275390625,0.25,0.0,2.0,0.9277351022747695,0.8388673209794635,0.7863,0,1,mild
105__1800_1914,1,t_8_16,180.0,0.0,0.0,2.0,0.9980027846500699,0.8256604777777794,0.7863,0,1,stable
105__1800_1914,2,t_8_16,216.0,0.0,0.0,4.0,0.9911496725645491,0.7792774217649626,0.7863,0,1,stable
105__1800_1914,3,t_8_16,128.0,0.25,0.25,3.0,0.9929083552974441,0.8078139609943145,0.7863,0,1,mild
105__1800_1914,4,t_8_16,144.0,0.25,0.25,3.0,0.9882708660552381,0.724630257082009,0.7863,0,0,mild
105__1800_1914,5,t_8_16,120.0,0.25,0.0,1.0,,0.4786792165673355,0.7863,1,0,mild
105__1800_1914,6,t_8_16,128.0,0.25,0.25,2.0,0.33363282014697554,0.7678190884813952,0.7863,0,1,mild
105__1800_1914,7,t_8_16,139.9993896484375,0.0,0.0,2.0,0.988802674098516,0.7327013729041695,0.7863,0,0,stable
105__1800_1914,8,t_8_16,140.0,0.0,0.0,2.0,0.9979882339645663,0.6746962085122753,0.7863,0,0,stable
105__1800_1914,9,t_8_16,108.0,0.0,0.0,4.0,0.9917267770858793,0.5965539734637718,0.7863,0,0,stable
105__1800_1914,11,t_8_16,224.0,0.0,0.0,3.0,0.9665407085388231,0.6942781562500032,0.7863,0,0,stable
105__1800_1914,12,t_8_16,120.0,0.25,0.25,2.0,0.8579461251315109,0.7363778514272113,0.7863,0,0,mild
105__1800_1914,13,t_8_16,167.99957275390625,0.25,0.0,4.0,0.7065886675231545,0.7498486117703838,0.7863,0,0,mild
105__1800_1914,14,t_8_16,136.00048828125,0.0,0.0,4.0,0.612097046383445,0.7849455890987074,0.7863,0,1,stable
105__1800_1914,15,t_8_16,140.0,0.0,0.0,3.0,0.9056722894869128,0.8349258122850082,0.7863,0,1,stable
105__1800_1914,16,t_8_16,224.0,0.5,0.0,3.0,0.018279364355210142,0.516602483317927,0.7863,0,0,mild
105__1800_1914,17,t_8_16,191.999267578125,0.0,0.0,5.0,0.7809929014539454,0.6791931249999985,0.7863,0,0,stable
105__1800_1914,18,t_8_16,216.0,0.0,0.0,3.0,0.9762878721679241,0.5218867500000011,0.7863,0,0,stable
105__1800_1914,19,t_8_16,120.0,0.0,0.0,2.0,0.9750342830527438,0.7009922490397613,0.7863,0,0,stable
105__1800_1914,20,t_8_16,180.0,0.25,0.0,5.0,0.5067696559806879,0.7474897365150662,0.7863,0,0,mild
105__1800_1914,21,t_8_16,111.9990234375,0.0,0.0,5.0,0.9559342936170553,0.7391898649180114,0.7863,0,0,stable
105__1800_1914,22,t_8_16,160.0,0.25,0.0,5.0,0.8266885201851114,0.7990830755164277,0.7863,0,1,mild
105__1800_1914,23,t_8_16,160.0,0.0,0.0,2.0,0.9891746959181239,0.8052605414086461,0.7863,0,1,stable
105__1800_1914,24,t_8_16,110.0,0.0,0.0,1.0,,0.8178796485514301,0.7863,0,1,stable
105__1800_1914,25,t_8_16,216.0,0.0,0.0,4.0,0.9830132211508142,0.7225665711607534,0.7863,0,0,stable
105__1800_1914,26,t_8_16,240.0,0.0,0.0,4.0,0.9783811814566161,0.6307172708333331,0.7863,0,0,stable
105__1800_1914,27,t_8_16,160.0,0.0,0.0,2.0,0.9997388756234616,0.8011977175390603,0.7863,0,1,stable
105__1800_1914,28,t_8_16,128.0,0.0,0.0,2.0,0.9989399760445471,0.6963056590763224,0.7863,0,0,stable
105__1800_1914,29,t_8_16,224.0,0.0,0.0,4.0,0.9996362139181915,0.6173896205357082,0.7863,0,0,stable
105__1800_1914,30,t_8_16,120.0,0.25,0.0,3.0,0.7027031921607102,0.6730526165075719,0.7863,0,0,mild
105__1800_1914,31,t_8_16,196.0,0.0,0.0,3.0,0.9864496197524144,0.6963458930066806,0.7863,0,0,stable
105__1800_1914,32,t_8_16,168.0,0.25,0.0,4.0,0.5401533507791636,0.7736431538661487,0.7863,0,1,mild
105__1800_1914,33,t_8_16,192.0,0.0,0.0,5.0,0.7793484789078398,0.6746365312500032,0.7863,0,0,stable
105__1800_1914,34,t_8_16,168.0,0.0,0.0,2.0,0.9960688191006941,0.8023591824768526,0.7863,0,1,stable
105__1800_1914,35,t_8_16,120.0,0.25,0.0,2.0,0.9963052289043662,0.8627596609673304,0.7863,0,1,mild
105__1800_1914,36,t_8_16,132.0,0.0,0.0,2.0,0.9999999999911662,0.7388910239793991,0.7863,0,0,stable
105__1800_1914,37,t_8_16,216.0,0.0,0.0,3.0,0.9969873020722201,0.9210482732126007,0.7863,0,1,stable
105__1800_1914,38,t_8_16,98.0,0.0,0.0,4.0,0.9961484584276445,0.7065711001689264,0.7863,0,0,stable
105__1800_1914,39,t_8_16,111.9991455078125,0.0,0.0,5.0,0.9226880975870725,0.6183400188288173,0.7863,0,0,stable
105__1800_1914,40,t_8_16,190.0,0.25,0.0,3.0,0.9822914657457285,0.7419330628753004,0.7863,0,0,mild
105__1800_1914,41,t_8_16,144.0,0.0,0.0,3.0,0.9531130191426237,0.6629744629076639,0.7863,0,0,stable
105__1800_1914,42,t_8_16,110.0,0.25,0.0,2.0,0.48366499986780453,0.7462376816102746,0.7863,0,0,mild
105__1800_1914,43,t_8_16,100.0,0.25,0.25,1.0,0.9999999962715677,0.7113792571975598,0.7863,0,0,mild
105__1800_1914,44,t_8_16,120.0,0.0,0.0,1.0,,0.8042777095408491,0.7863,0,1,stable
105__1800_1914,45,t_8_16,80.0,0.0,0.0,1.0,,0.6787109143054734,0.7863,0,0,stable
105__1800_1914,46,t_8_16,199.99969482421875,0.0,0.0,4.0,0.9548722660171779,0.7604613505308752,0.7863,0,1,stable
105__1800_1914,47,t_8_16,96.0,0.0,0.0,1.0,,0.7028244773324976,0.7863,0,0,stable
105__1800_1914,48,t_8_16,154.0,0.0,0.0,2.0,0.9782147256188212,0.8271132798969318,0.7863,0,1,stable
105__1800_1914,49,t_8_16,120.000732421875,0.25,0.0,2.0,0.15070333723341828,0.7682145295272947,0.7863,0,1,mild
105__1800_1914,50,t_8_16,154.0,0.75,0.0,4.0,0.21569194735369093,0.40325217503331096,0.7863,1,0,high
105__1800_1914,51,t_8_16,112.0,0.25,0.25,3.0,0.9835725957073853,0.8695802678689194,0.7863,0,1,mild
105__1800_1914,52,t_8_16,98.0,0.0,0.0,4.0,0.9844531536517193,0.5760455242429552,0.7863,0,0,stable
105__1800_1914,53,t_8_16,108.0,0.0,0.0,2.0,0.9831103716579721,0.8276151448881695,0.7863,0,1,stable
105__1800_1914,54,t_8_16,111.99951171875,0.0,0.0,2.0,0.9806128602928008,0.8270433768855647,0.7863,0,1,stable
105__1800_1914,55,t_8_16,100.0,0.0,0.0,2.0,0.543650533505657,0.5115125871967046,0.7863,0,0,stable
105__1800_1914,56,t_8_16,128.0,0.0,0.0,3.0,0.9149448057827317,0.6725406600952339,0.7863,0,0,stable
105__1800_1914,57,t_8_16,96.0,0.0,0.0,2.0,0.9622895309400298,0.7147403021047802,0.7863,0,0,stable
105__1800_1914,58,t_8_16,170.0,0.0,0.0,3.0,0.8902151681168144,0.5731004583533859,0.7863,0,0,stable
105__1800_1914,59,t_8_16,153.0,0.0,0.0,4.0,0.7388932971186855,0.8074391656012784,0.7863,0,1,stable
105__1800_1914,60,t_8_16,96.0,0.0,0.0,2.0,0.9974662749722435,0.709114998686403,0.7863,0,0,stable
105__1800_1914,61,t_8_16,120.0,0.25,0.0,3.0,0.3099842579538918,0.8181498075760776,0.7863,0,1,mild
105__1800_1914,62,t_8_16,72.0,0.0,0.0,2.0,0.8986447714585897,0.8018692626816315,0.7863,0,1,stable
105__1800_1914,63,t_8_16,140.0,0.0,0.0,2.0,0.999260947660375,0.8863392857142843,0.7863,0,1,stable
105__1800_1914,64,t_8_16,88.0,0.0,0.0,2.0,0.9119666404455443,0.531785038516568,0.7863,0,0,stable
105__1800_1914,65,t_8_16,126.0,0.0,0.0,1.0,0.9999996909916803,0.6201940031285765,0.7863,0,0,stable
105__1800_1914,66,t_8_16,108.0,0.0,0.0,2.0,0.999997146314993,0.6863871443671156,0.7863,0,0,stable
105__1800_1914,67,t_8_16,139.99957275390625,0.0,0.0,3.0,0.998718530197685,0.964593801624613,0.7863,0,1,stable
105__1800_1914,68,t_8_16,240.0,0.0,0.0,3.0,0.9944703039939413,0.823134755118175,0.7863,0,1,stable
105__1800_1914,69,t_8_16,120.0,0.0,0.0,2.0,0.9792941495207238,0.8887298259995865,0.7863,0,1,stable
105__1800_1914,70,t_8_16,154.0,0.0,0.0,2.0,0.9994129760570664,0.7871289511179349,0.7863,0,1,stable
105__1800_1914,71,t_8_16,224.0,0.0,0.0,4.0,0.9997041842370643,0.8554174162690734,0.7863,0,1,stable
105__1800_1914,72,t_8_16,160.0,0.0,0.0,3.0,0.993609482260204,0.7605412875000058,0.7863,0,1,stable
105__1800_1914,73,t_8_16,120.0003662109375,0.0,0.0,2.0,0.8300522415099455,0.7406640408645017,0.7863,0,0,stable
105__1800_1914,74,s_16_32,270.0,0.0,0.0,4.0,0.7998033730660125,0.7418693148148092,0.7863,0,0,stable
105__1800_1914,75,t_8_16,96.0,0.0,0.0,2.0,0.9465691325024378,0.8045972348221108,0.7863,0,1,stable
105__1800_1914,76,t_8_16,204.00018310546875,0.0,0.0,2.0,0.9893642525647363,0.7983746897452392,0.7863,0,1,stable
105__1800_1914,77,t_8_16,143.0,0.0,0.0,2.0,0.9946276593297739,0.7049732364988733,0.7863,0,0,stable
105__1800_1914,78,t_8_16,132.0,0.0,0.0,2.0,0.9957672840330065,0.894075447971838,0.7863,0,1,stable
10660,0,s_16_32,374.0,0.0,0.0,6.0,0.5955207048486778,0.8552382743224701,0.77735,0,1,stable
10660,3,t_8_16,195.9991455078125,0.0,0.0,5.0,0.9182365158081901,0.806742872174617,0.77735,0,1,stable
10660,4,s_16_32,280.0,0.0,0.0,4.0,0.9903606221873162,0.8719750422805125,0.77735,0,1,stable
10660,5,t_8_16,210.0,0.0,0.0,4.0,0.9844809459319378,0.8900543843808053,0.77735,0,1,stable
10660,6,t_8_16,210.0,0.0,0.0,3.0,0.8470319724348433,0.8577188435195227,0.77735,0,1,stable
10660,7,t_8_16,250.0,0.0,0.0,4.0,0.9888475610766372,0.9358067588153344,0.77735,0,1,stable
10660,8,t_8_16,154.0,0.0,0.0,3.0,0.6867938138707618,0.835343740351359,0.77735,0,1,stable
106__2400_1914,0,t_8_16,128.0,0.0,0.0,1.0,,0.7600334441737531,0.79109,0,1,stable
106__2400_1914,1,t_8_16,160.0,0.0,0.0,3.0,0.884634499700749,0.6972944034520082,0.79109,0,0,stable
106__2400_1914,2,t_8_16,96.0,0.0,0.0,2.0,0.9971414865193743,0.72868516201176,0.79109,0,0,stable
106__2400_1914,3,t_8_16,160.0,0.25,0.0,5.0,0.7840775879352075,0.8457531249999943,0.79109,0,1,mild
106__2400_1914,4,t_8_16,180.0,0.25,0.0,2.0,0.20140355183364764,0.7982768997249425,0.79109,0,1,mild
106__2400_1914,5,t_8_16,128.0,0.25,0.25,3.0,0.9699167510639218,0.7100325491887192,0.79109,0,0,mild
106__2400_1914,6,t_8_16,192.0,0.0,0.0,2.0,0.9999999999940187,0.7359973171489064,0.79109,0,0,stable
106__2400_1914,7,s_16_32,352.0,0.0,0.0,6.0,0.9881600793809574,0.7463299820689868,0.79109,0,0,stable
106__2400_1914,8,t_8_16,168.0,0.0,0.0,2.0,0.9245360116817364,0.6318597661753365,0.79109,0,0,stable
106__2400_1914,9,t_8_16,160.0,0.25,0.0,5.0,0.8576286426258509,0.7763807450910051,0.79109,0,1,mild
106__2400_1914,10,t_8_16,240.0,0.0,0.0,7.0,0.951408572126589,0.5871270738893586,0.79109,0,0,stable
106__2400_1914,11,t_8_16,140.0,0.0,0.0,2.0,0.9999999999609064,0.6118347437396663,0.79109,0,0,stable
106__2400_1914,13,t_8_16,140.0,0.0,0.0,2.0,0.9992854800095989,0.6714352523952584,0.79109,0,0,stable
106__2400_1914,14,t_8_16,120.0,0.0,0.0,2.0,0.9854874279686499,0.8220679065758605,0.79109,0,1,stable
106__2400_1914,15,t_8_16,140.0,0.0,0.0,3.0,0.9996203636597086,0.8867850794659778,0.79109,0,1,stable
106__2400_1914,16,t_8_16,139.9993896484375,0.0,0.0,3.0,0.996429359664394,0.8774098960716848,0.79109,0,1,stable
1080__0_600,0,t_8_16,128.0,0.75,0.75,1.0,,0.8519948883225746,0.76195,0,1,high
1080__0_600,1,t_8_16,96.0,0.0,0.0,5.0,0.9686781940633536,0.8053227024567756,0.76195,0,1,stable
1080__0_600,2,t_8_16,112.0,0.0,0.0,2.0,0.7993931112424496,0.7383489635639194,0.76195,0,0,stable
1080__0_600,3,t_8_16,160.0,0.0,0.0,1.0,0.9999961016199262,0.6290074500000049,0.76195,0,0,stable
1080__0_600,4,t_8_16,96.0,0.75,0.75,1.0,,0.7983723935887794,0.76195,0,1,high
1080__0_600,5,t_8_16,96.0,0.0,0.0,2.0,0.9999999999757326,0.612855129334578,0.76195,0,0,stable
1080__0_600,6,t_8_16,112.0,0.0,0.0,1.0,,0.8104112657669226,0.76195,0,1,stable
1080__0_600,7,t_8_16,140.0,0.0,0.0,2.0,0.722498772719558,0.6302118000000076,0.76195,0,0,stable
1080__0_600,8,t_8_16,159.9993896484375,0.0,0.0,2.0,0.9936885122285976,0.669944040617145,0.76195,0,0,stable
1080__0_600,9,s_16_32,800.0,0.0,0.0,10.0,0.7156739740782768,0.9199981533902483,0.76195,0,1,stable
1080__0_600,10,t_8_16,144.0,0.0,0.0,2.0,0.9983737832955116,0.6735202764982544,0.76195,0,0,stable
1080__0_600,11,t_8_16,96.0,0.25,0.25,2.0,0.9995612254977048,0.6828780811587566,0.76195,0,0,mild
1080__0_600,12,t_8_16,112.0,0.5,0.5,1.0,,0.8316461431040457,0.76195,0,1,mild
1080__0_600,13,t_8_16,143.9989013671875,0.25,0.0,5.0,0.44560397901091525,0.7958584417886229,0.76195,0,1,mild
1080__0_600,14,t_8_16,83.9999771118164,0.0,0.0,5.0,0.9782901303593488,0.7658663404190366,0.76195,0,1,stable
1080__0_600,15,t_8_16,84.0,0.0,0.0,2.0,0.9934287358149397,0.7573061273488283,0.76195,0,1,stable
1080__0_600,16,t_8_16,112.0,0.0,0.0,1.0,,0.6734188258922338,0.76195,0,0,stable
1080__0_600,19,t_8_16,96.0,0.0,0.0,1.0,,0.7514245082112146,0.76195,0,1,stable
1080__0_600,20,s_16_32,312.0,0.0,0.0,4.0,0.9796243760904647,0.7844387635028094,0.76195,0,1,stable
1080__0_600,21,t_8_16,96.0,0.0,0.0,2.0,0.9537346094393649,0.8059542699022788,0.76195,0,1,stable
1080__0_600,22,t_8_16,72.0,0.0,0.0,3.0,0.9547081603851464,0.6608075643401128,0.76195,0,0,stable
1080__0_600,24,t_8_16,128.0,0.25,0.25,3.0,0.9686294984757118,0.5990388870075812,0.76195,0,0,mild
1080__0_600,25,t_8_16,100.0,0.25,0.0,1.0,,0.479065128726777,0.76195,1,0,mild
1080__0_600,27,t_8_16,80.0,0.5,0.5,0.0,,0.7281227782827088,0.76195,0,0,mild
1080__0_600,28,t_8_16,133.0,0.0,0.0,6.0,0.9752137013219538,0.6280065647102038,0.76195,0,0,stable
1080__0_600,29,s_16_32,968.0,0.0,0.0,10.0,0.9424377538527753,0.7866899122289613,0.76195,0,1,stable
1080__0_600,30,t_8_16,168.0,0.25,0.0,4.0,0.8584197430677838,0.6649803855329205,0.76195,0,0,mild
1080__0_600,31,t_8_16,72.0,0.0,0.0,2.0,0.6837712163132057,0.7866943757907917,0.76195,0,1,stable
1080__0_600,32,t_8_16,191.999267578125,0.0,0.0,2.0,0.9997931408585378,0.6377604957736085,0.76195,0,0,stable
1080__0_600,33,t_8_16,165.0,0.0,0.0,2.0,0.9739412791431067,0.615025854545449,0.76195,0,0,stable
1080__0_600,34,t_8_16,71.9996337890625,0.0,0.0,5.0,0.9744037824659106,0.697550461295134,0.76195,0,0,stable
1080__0_600,35,t_8_16,72.0,0.0,0.0,4.0,0.9047724259576916,0.6543871217656609,0.76195,0,0,stable
1080__0_600,36,t_8_16,160.0,0.25,0.0,4.0,0.3135635041101281,0.5866792304323756,0.76195,0,0,mild
1080__0_600,37,t_8_16,64.0,0.0,0.0,2.0,0.9781541693015094,0.5578213300760511,0.76195,0,0,stable
1080__0_600,38,t_8_16,111.9991455078125,0.25,0.0,2.0,0.0717671053858785,0.8890032412327245,0.76195,0,1,mild
1080__0_600,39,t_8_16,143.0,0.0,0.0,2.0,0.9855962667905745,0.49878961705700403,0.76195,1,0,stable
1080__0_600,40,t_8_16,140.0,0.0,0.0,2.0,0.943299834729473,0.7188139541822994,0.76195,0,0,stable
1091__0_0,0,s_16_32,324.0,0.0,0.0,5.0,0.9977369433980353,0.7692894135802458,0.83,0,1,stable
1091__0_0,1,t_8_16,216.0,0.0,0.0,5.0,0.9962916629117797,0.8131934605077532,0.83,0,1,stable
1091__0_0,2,t_8_16,196.0,0.25,0.0,4.0,0.027345302235009895,0.6770187517320898,0.83,0,0,mild
1091__0_0,3,t_8_16,167.999267578125,0.0,0.0,2.0,0.9277476702666397,0.8816087134007095,0.83,0,1,stable
1091__0_0,4,t_8_16,84.00009155273438,0.0,0.0,3.0,0.9673560372578781,0.5283510584848978,0.83,0,0,stable
1091__0_0,5,t_8_16,224.0,0.0,0.0,4.0,0.9454988646732666,0.8218069532943367,0.83,0,1,stable
1091__0_0,6,t_8_16,192.0,0.0,0.0,4.0,0.9962147691748333,0.8970293695498073,0.83,0,1,stable
1091__0_0,7,t_8_16,223.99957275390625,0.0,0.0,5.0,0.9938618484392451,0.7848285486415484,0.83,0,1,stable
1091__0_0,8,t_8_16,180.0,0.0,0.0,3.0,0.997948894059926,0.7053576006299954,0.83,0,0,stable
1091__0_0,9,s_16_32,300.0,0.0,0.0,6.0,0.9998287879121944,0.7950112259838437,0.83,0,1,stable
1091__0_0,10,s_16_32,263.9996337890625,0.0,0.0,4.0,0.9965114681468625,0.8811464548296535,0.83,0,1,stable
1091__0_0,11,t_8_16,139.9993896484375,0.0,0.0,3.0,0.9813822023105381,0.7376538747666785,0.83,0,0,stable
1091__0_0,12,t_8_16,100.0,0.0,0.0,1.0,,0.5667935989595665,0.83,0,0,stable
1091__600_2216,0,t_8_16,108.0,0.0,0.0,5.0,0.5258813471843997,0.7244501651902532,0.5224,0,0,stable
1114__2400_2400,0,s_16_32,335.99853515625,0.0,0.0,6.0,0.9849000862356513,0.7267001068733513,0.82117,0,0,stable
1114__2400_2400,1,t_8_16,180.0,0.0,0.0,3.0,0.9867737556616046,0.8993961345381679,0.82117,0,1,stable
1114__2400_2400,2,t_8_16,180.0,0.0,0.0,3.0,0.9932721076059239,0.7647910397217745,0.82117,0,1,stable
1114__2400_2400,3,t_8_16,160.0,0.0,0.0,3.0,0.9158333530850074,0.8451470413830309,0.82117,0,1,stable
1114__2400_2400,4,t_8_16,159.99951171875,0.0,0.0,3.0,0.9851546727272559,0.7220428116905351,0.82117,0,0,stable
1114__2400_2400,6,t_8_16,84.0,0.0,0.0,4.0,0.9764678512634484,0.8546003687234333,0.82117,0,1,stable
1114__2400_2400,7,t_8_16,96.0,0.0,0.0,4.0,0.9974110124976976,0.718694553978139,0.82117,0,0,stable
1114__2400_2400,8,t_8_16,144.0,0.25,0.25,1.0,,0.786549914290818,0.82117,0,1,mild
1114__2400_2400,9,t_8_16,216.0,0.0,0.0,5.0,0.7561527559671992,0.782294074108304,0.82117,0,1,stable
1114__2400_2400,10,s_16_32,308.0008544921875,0.0,0.0,4.0,0.9837701772001946,0.7998342188685689,0.82117,0,1,stable
1114__2400_2400,11,s_16_32,288.0,0.0,0.0,4.0,0.9711251457546897,0.7726531421564162,0.82117,0,1,stable
1114__2400_2400,12,s_16_32,360.0,0.0,0.0,5.0,0.9799820667340706,0.8049021555555567,0.82117,0,1,stable
1114__2400_2400,13,t_8_16,223.9990234375,0.0,0.0,4.0,0.7364817324733994,0.8454578182596246,0.82117,0,1,stable
1114__2400_2400,14,t_8_16,224.0,0.0,0.0,4.0,0.997695467353471,0.7768454746443114,0.82117,0,1,stable
1114__2400_2400,15,t_8_16,196.0,0.0,0.0,4.0,0.7234999081216084,0.7544601015664992,0.82117,0,1,stable
1114__2400_2400,16,t_8_16,128.0,0.0,0.0,2.0,0.9364375829937088,0.6717289111259502,0.82117,0,0,stable
1114__2400_2400,17,t_8_16,160.0,0.0,0.0,2.0,0.8879639557804405,0.8104526675021727,0.82117,0,1,stable
1114__2400_2400,18,t_8_16,179.99969482421875,0.0,0.0,2.0,0.9972348557486816,0.8714973112915108,0.82117,0,1,stable
1114__2400_2400,19,s_16_32,264.0,0.0,0.0,4.0,0.9997936694033857,0.7495657613636377,0.82117,0,0,stable
1114__2400_2400,20,t_8_16,160.0,0.0,0.0,3.0,0.8139206391781048,0.7790063280550564,0.82117,0,1,stable
1114__2400_2400,21,s_16_32,648.0,0.0,0.0,10.0,0.9714019216711837,0.8883552761747673,0.82117,0,1,stable
1121__0_0,0,s_16_32,968.0,0.0,0.0,10.0,0.6421732165201399,0.9037169116632946,0.84368,0,1,stable
1121__0_0,1,s_16_32,988.0,0.0,0.0,10.0,0.9931147618502436,0.5738994112178684,0.84368,0,0,stable
1121__0_0,3,t_8_16,127.999755859375,0.0,0.0,6.0,0.9836604438601503,0.8771288748667048,0.84368,0,1,stable
1121__0_0,4,t_8_16,108.0,0.0,0.0,6.0,0.9914662073223635,0.6447354183145476,0.84368,0,0,stable
1121__0_0,5,t_8_16,180.0,0.0,0.0,3.0,0.9910086733954013,0.7932050887826029,0.84368,0,1,stable
1121__0_0,6,t_8_16,199.9993896484375,0.0,0.0,4.0,0.998074645821696,0.6677014396204322,0.84368,0,0,stable
1121__0_0,7,t_8_16,200.0,0.0,0.0,3.0,0.9940801533235514,0.775978966416357,0.84368,0,1,stable
1121__0_0,8,t_8_16,160.0,0.0,0.0,1.0,,0.7323598870988816,0.84368,0,0,stable
1121__0_0,9,s_16_32,256.0,0.0,0.0,5.0,0.9912471460844092,0.617527129604526,0.84368,0,0,stable
1121__0_0,10,t_8_16,140.0,0.0,0.0,2.0,0.9987881721727956,0.7604440319287182,0.84368,0,1,stable
1121__0_0,11,t_8_16,200.0,0.0,0.0,4.0,0.9955551644377841,0.762758565000003,0.84368,0,1,stable
1121__0_0,12,t_8_16,168.0,0.0,0.0,3.0,0.9653648223973427,0.7672446229971974,0.84368,0,1,stable
1121__0_0,13,t_8_16,112.0,0.0,0.0,3.0,0.9573915370234977,0.6609279394993184,0.84368,0,0,stable
1121__0_0,14,t_8_16,112.0,0.0,0.0,2.0,0.9874983829129474,0.753116496928105,0.84368,0,1,stable
1121__0_0,15,t_8_16,72.0,0.0,0.0,4.0,0.907535186462921,0.5515024339525856,0.84368,0,0,stable
1121__0_0,16,t_8_16,84.0,0.0,0.0,2.0,0.9978254581620847,0.4903859567288504,0.84368,1,0,stable
1121__0_0,17,t_8_16,144.0,0.0,0.0,3.0,0.9898782739933678,0.8073545362031912,0.84368,0,1,stable
1121__0_0,18,t_8_16,144.0,0.0,0.0,1.0,,0.6789340792222189,0.84368,0,0,stable
1121__0_0,19,t_8_16,140.0,0.0,0.0,2.0,0.9986605646513678,0.8202966168877578,0.84368,0,1,stable
1121__0_0,20,t_8_16,144.0,0.0,0.0,3.0,0.9813523960543711,0.7175139614883186,0.84368,0,0,stable
1121__0_0,21,t_8_16,120.0,0.0,0.0,2.0,0.9991226844691784,0.8447654622033558,0.84368,0,1,stable
1121__0_0,22,t_8_16,96.0,0.0,0.0,3.0,0.9336961024829287,0.5585353435874367,0.84368,0,0,stable
1121__0_0,23,t_8_16,100.0,0.25,0.0,3.0,0.79720859013283,0.7045432527181209,0.84368,0,0,mild
1121__0_0,24,t_8_16,120.0,0.0,0.0,2.0,0.9838564267712184,0.6973926828505417,0.84368,0,0,stable
1121__0_0,25,t_8_16,112.0,0.5,0.5,0.0,,0.7473336971009114,0.84368,0,0,mild
1121__0_0,26,t_8_16,108.0,0.0,0.0,4.0,0.9509253703097108,0.6541805252193971,0.84368,0,0,stable
1121__0_0,27,t_8_16,144.0,0.0,0.0,4.0,0.9884000335804717,0.8529942927006903,0.84368,0,1,stable
1121__0_0,28,t_8_16,112.0,0.25,0.25,2.0,0.9569440356582353,0.8158807036505006,0.84368,0,1,mild
1121__0_0,29,t_8_16,140.0,0.0,0.0,2.0,0.9971743713855831,0.8080299894111437,0.84368,0,1,stable
1121__0_0,30,t_8_16,119.9993896484375,0.0,0.0,1.0,,0.7369884256417323,0.84368,0,0,stable
1121__0_0,31,t_8_16,108.0,0.0,0.0,5.0,0.9950488913062584,0.744939468100238,0.84368,0,0,stable
1121__0_0,32,t_8_16,112.0,0.0,0.0,1.0,0.9999999995659716,0.5576192516599934,0.84368,0,0,stable
1121__0_0,33,t_8_16,112.0,0.25,0.25,1.0,,0.7776450155811163,0.84368,0,1,mild
1121__0_0,34,t_8_16,104.0,0.0,0.0,2.0,0.87580943668725,0.6623242219240916,0.84368,0,0,stable
1121__0_0,35,t_8_16,80.0,0.0,0.0,1.0,,0.671317054001397,0.84368,0,0,stable
1121__0_0,36,t_8_16,96.0,0.25,0.0,3.0,0.11526226127385066,0.7598452258179271,0.84368,0,1,mild
1121__0_0,37,t_8_16,144.0,0.0,0.0,2.0,0.9982689105346828,0.7498918333881446,0.84368,0,0,stable
1121__0_0,38,t_8_16,72.0,0.0,0.0,4.0,0.9473169359846351,0.5985370448160181,0.84368,0,0,stable
1121__0_0,39,t_8_16,192.0,0.0,0.0,2.0,0.9863639288063366,0.6943109374999893,0.84368,0,0,stable
1121__0_0,40,t_8_16,84.0,0.0,0.0,5.0,0.8444094578707084,0.5647036523977348,0.84368,0,0,stable
1121__0_0,41,t_8_16,108.0,0.0,0.0,8.0,0.8906346705498979,0.7043040789774258,0.84368,0,0,stable
1121__0_0,42,t_8_16,96.0,0.0,0.0,5.0,0.9777966042239574,0.6339863548997864,0.84368,0,0,stable
1121__0_0,43,t_8_16,96.0,0.0,0.0,6.0,0.9440724117987596,0.6586615503301129,0.84368,0,0,stable
1121__0_0,44,t_8_16,96.0,0.0,0.0,3.0,0.9722466019283329,0.6080910150675771,0.84368,0,0,stable
1121__0_0,45,t_8_16,72.0,0.0,0.0,3.0,0.8967408358532658,0.5322930520752547,0.84368,0,0,stable
1121__0_0,46,t_8_16,180.0,0.0,0.0,5.0,0.9789292189805229,0.7942330211114181,0.84368,0,1,stable
1121__0_0,47,t_8_16,140.0,0.0,0.0,2.0,0.9162952596113436,0.7823797411248158,0.84368,0,1,stable
1121__0_0,48,t_8_16,144.0,0.0,0.0,2.0,0.9995093861473748,0.8383135416666608,0.84368,0,1,stable
1121__0_0,49,t_8_16,120.0,0.0,0.0,2.0,0.9999999999887462,0.7022565499782335,0.84368,0,0,stable
1121__0_0,50,t_8_16,108.0,0.0,0.0,3.0,0.9882996010056135,0.6123914739552786,0.84368,0,0,stable
1121__0_0,51,t_8_16,160.0,0.0,0.0,2.0,0.9878502080439469,0.8198100637557919,0.84368,0,1,stable
1121__0_0,52,t_8_16,140.0,0.0,0.0,3.0,0.9888611429059209,0.9007119817671696,0.84368,0,1,stable
1121__0_0,53,t_8_16,84.0,0.0,0.0,2.0,0.5941384706095,0.644420700569527,0.84368,0,0,stable
1121__0_0,54,t_8_16,80.0,0.25,0.0,2.0,0.952147187215928,0.6426193369813548,0.84368,0,0,mild
1121__0_0,55,t_8_16,96.0,0.0,0.0,3.0,0.9927622900559093,0.6480516923292775,0.84368,0,0,stable
1121__0_0,56,t_8_16,96.0,0.0,0.0,2.0,0.9539158372757107,0.7263183571495533,0.84368,0,0,stable
1121__0_0,57,t_8_16,132.0,0.0,0.0,3.0,0.9786183739178692,0.6011700628839977,0.84368,0,0,stable
1121__0_0,58,t_8_16,128.0,0.0,0.0,3.0,0.9996448707605509,0.768916567811875,0.84368,0,1,stable
1121__0_0,59,t_8_16,180.0,0.0,0.0,2.0,0.9975516537907478,0.8028488325505375,0.84368,0,1,stable
1121__0_0,60,t_8_16,96.0,0.0,0.0,2.0,0.9987900027980295,0.6829526301636929,0.84368,0,0,stable
1121__0_0,61,t_8_16,216.0,0.0,0.0,4.0,0.9674046758299992,0.7641006666666593,0.84368,0,1,stable
1121__0_0,62,t_8_16,160.0,0.0,0.0,3.0,0.9947011832355105,0.8192724790081032,0.84368,0,1,stable
1121__0_0,63,t_8_16,96.0,0.0,0.0,2.0,0.773151663932923,0.7271768358218527,0.84368,0,0,stable
1121__0_0,64,t_8_16,160.0,0.0,0.0,3.0,0.9988873079813384,0.7298154937500091,0.84368,0,0,stable
11252,0,t_8_16,144.0,0.0,0.0,3.0,0.9001283388169619,0.5108383488861258,0.72138,0,0,stable
11252,1,t_8_16,133.0,0.0,0.0,5.0,0.9936446382694689,0.7948390135109342,0.72138,0,1,stable
11252,2,t_8_16,144.0,0.0,0.0,2.0,0.9413965147941693,0.8321500199930101,0.72138,0,1,stable
1129__3000_0,0,t_8_16,240.0,0.0,0.0,4.0,0.9994575411778276,0.6898064255186539,0.83384,0,0,stable
1129__3000_0,1,s_16_32,364.0,0.0,0.0,9.0,0.9911578057174956,0.7002444618241689,0.83384,0,0,stable
1129__3000_0,2,t_8_16,200.0,0.0,0.0,4.0,0.9990945322221951,0.6639320917085618,0.83384,0,0,stable
1129__3000_0,3,t_8_16,144.0,0.0,0.0,3.0,0.9975139276815432,0.6530089169326517,0.83384,0,0,stable
1129__3000_0,4,t_8_16,128.0001220703125,0.0,0.0,3.0,0.9986428918971948,0.8220160308927326,0.83384,0,1,stable
1129__3000_0,5,s_16_32,260.0,0.0,0.0,3.0,0.9991697952656686,0.6725626384615421,0.83384,0,0,stable
1129__3000_0,6,t_8_16,111.999755859375,0.0,0.0,2.0,0.9972453527787927,0.8334958562717244,0.83384,0,1,stable
1129__3000_0,7,t_8_16,160.0,0.0,0.0,4.0,0.9997320541418223,0.855848732566286,0.83384,0,1,stable
1129__3000_0,8,t_8_16,180.0,0.0,0.0,3.0,0.9980380978188617,0.7194055818973943,0.83384,0,0,stable
1129__3000_0,9,t_8_16,176.0,0.0,0.0,3.0,0.9991287093687412,0.8799133592231401,0.83384,0,1,stable
1129__3000_0,10,t_8_16,200.0,0.0,0.0,4.0,0.9985016766095393,0.7779671100000075,0.83384,0,1,stable
1129__3000_0,11,s_16_32,380.0006103515625,0.0,0.0,8.0,0.780678045804987,0.7605151389581981,0.83384,0,1,stable
1129__3000_0,12,t_8_16,144.0,0.5,0.5,0.0,,0.8448965789011652,0.83384,0,1,mild
1129__3000_0,13,t_8_16,144.0,0.0,0.0,2.0,0.7268446556549155,0.6699720347222266,0.83384,0,0,stable
1129__3000_0,14,t_8_16,220.0,0.0,0.0,4.0,0.999906377229929,0.6842218909090936,0.83384,0,0,stable
1129__3000_0,15,s_16_32,260.0,0.0,0.0,3.0,0.9974987143458502,0.6189924041640518,0.83384,0,0,stable
1129__3000_0,16,t_8_16,200.0,0.0,0.0,2.0,0.9976581665106385,0.7626885552651612,0.83384,0,1,stable
1129__3000_0,17,t_8_16,160.0,0.5,0.5,0.0,,0.8441180426186896,0.83384,0,1,mild
1129__3000_0,18,s_16_32,384.0,0.0,0.0,8.0,0.9927899007144649,0.6965210100113836,0.83384,0,0,stable
1129__3000_0,19,t_8_16,128.0,0.25,0.25,3.0,0.994784484829973,0.6839952151969715,0.83384,0,0,mild
1129__3000_0,20,t_8_16,160.0,0.5,0.5,0.0,,0.8830385362884062,0.83384,0,1,mild
1129__3000_0,21,t_8_16,230.0,0.3333333333333333,0.0,7.0,0.9090812615165106,0.7494412460524935,0.83384,0,0,mild
1129__3000_0,22,t_8_16,144.0,0.0,0.0,4.0,0.992190712301173,0.7329133574986358,0.83384,0,0,stable
1129__3000_0,23,t_8_16,128.0,0.0,0.0,2.0,0.9953859905301625,0.6880039253672959,0.83384,0,0,stable
1129__3000_0,24,t_8_16,160.0,0.0,0.0,3.0,0.9881442316700053,0.7327150988381422,0.83384,0,0,stable
1129__3000_0,25,t_8_16,128.0,0.0,0.0,3.0,0.9553508526334857,0.7563035405312969,0.83384,0,1,stable
1129__3000_0,26,t_8_16,180.0,0.0,0.0,3.0,0.9921707342129127,0.647292296704071,0.83384,0,0,stable
1129__3000_0,27,s_16_32,308.00002670288086,0.0,0.0,7.0,0.9895015355625711,0.7803521294966851,0.83384,0,1,stable
1129__3000_0,28,t_8_16,128.0,0.0,0.0,2.0,0.9962018014513014,0.7076994282044817,0.83384,0,0,stable
1129__3000_0,29,t_8_16,180.0,0.0,0.0,2.0,0.9959743669430684,0.791834249999999,0.83384,0,1,stable
1129__3000_0,30,t_8_16,168.00018310546875,0.0,0.0,5.0,0.9098093056520322,0.6225088809833305,0.83384,0,0,stable
1129__3000_0,31,t_8_16,160.00015258789062,0.0,0.0,4.0,0.9985411409441807,0.7445543572560747,0.83384,0,0,stable
1129__3000_0,32,t_8_16,160.0,0.0,0.0,2.0,0.9989125673708344,0.7762049446999407,0.83384,0,1,stable
1129__3000_0,33,t_8_16,192.0,0.0,0.0,3.0,0.9978326077897361,0.7449325624999988,0.83384,0,0,stable
1129__3000_0,34,s_16_32,320.0,0.0,0.0,8.0,0.9989021937550036,0.6764180500000003,0.83384,0,0,stable
1129__3000_0,35,t_8_16,224.0,0.25,0.25,4.0,0.9983768615092014,0.7187373223988689,0.83384,0,0,mild
1129__3000_0,36,s_16_32,280.0,0.25,0.0,10.0,0.8482502088688121,0.7982190266274236,0.83384,0,1,mild
1129__3000_0,37,s_16_32,699.9997863769531,0.0,0.0,10.0,0.9854239210216199,0.7877693418017351,0.83384,0,1,stable
1129__3000_0,38,t_8_16,200.0,0.0,0.0,3.0,0.986375685855054,0.7358007973979915,0.83384,0,0,stable
1129__3000_0,39,t_8_16,179.99914550874382,0.0,0.0,4.0,0.9930269974197965,0.8302219724135296,0.83384,0,1,stable
1129__3000_0,40,t_8_16,200.0,0.0,0.0,2.0,0.9988901068611921,0.7369337566377101,0.83384,0,0,stable
1129__3000_0,41,t_8_16,223.9990234375,0.0,0.0,5.0,0.9980913990211574,0.7593963393938924,0.83384,0,1,stable
1129__3000_0,42,s_16_32,256.0,0.0,0.0,4.0,0.999483552503974,0.6899915859374992,0.83384,0,0,stable
1129__3000_0,43,s_16_32,320.0,0.0,0.0,5.0,0.9950283131823981,0.5744167406249997,0.83384,0,0,stable
1129__3000_0,44,s_16_32,256.0,0.0,0.0,6.0,0.9872598282936841,0.7562060300578857,0.83384,0,1,stable
1129__3000_0,45,t_8_16,255.99951171875,0.0,0.0,5.0,0.9708425813701245,0.6909048897526907,0.83384,0,0,stable
1129__3000_0,46,t_8_16,196.0,0.0,0.0,2.0,0.9998794100860038,0.7570831355459866,0.83384,0,1,stable
1129__3000_0,47,t_8_16,168.0,0.0,0.0,3.0,0.9669232238191663,0.542637184218213,0.83384,0,0,stable
1129__3000_0,48,t_8_16,112.0,0.0,0.0,2.0,0.9991328294980445,0.7948157458642328,0.83384,0,1,stable
1129__3000_0,49,t_8_16,180.0,0.0,0.0,3.0,0.9945588950504369,0.7452667713346112,0.83384,0,0,stable
1129__3000_0,50,t_8_16,192.0,0.0,0.0,2.0,0.9546183846496324,0.6284780999373916,0.83384,0,0,stable
1129__3000_0,51,s_16_32,799.998779296875,0.0,0.0,10.0,0.9860143825926334,0.7038381315187604,0.83384,0,0,stable
1129__3000_0,52,t_8_16,210.00128173828125,0.25,0.0,7.0,0.9303824416503713,0.6300130333333328,0.83384,0,0,mild
1129__3000_0,53,t_8_16,215.99945068359375,0.0,0.0,5.0,0.9782728351996836,0.6210358794334772,0.83384,0,0,stable
1133__1800_1200,0,t_8_16,240.0,0.0,0.0,3.0,0.2631974260831947,0.8491081161487544,0.84016,0,1,stable
1140__2400_2400,0,t_8_16,179.99945068359375,0.0,0.0,3.0,0.9983807563689271,0.6924034338400744,0.75455,0,0,stable
1150__1800_1200,0,t_8_16,120.0,0.0,0.0,2.0,0.9639810514625656,0.7852899833333353,0.79976,0,1,stable
1150__1800_1200,1,t_8_16,127.999755859375,0.25,0.25,3.0,0.9724254515091664,0.6889576102575196,0.79976,0,0,mild
1150__1800_1200,3,t_8_16,72.0,0.25,0.0,4.0,0.5496882894485356,0.7785369199227284,0.79976,0,1,mild
1150__1800_1200,4,t_8_16,80.0,0.25,0.0,1.0,,0.5281031877320299,0.79976,0,0,mild
1150__1800_1200,5,t_8_16,140.0,0.25,0.0,2.0,0.9886909507019309,0.7412595807273051,0.79976,0,0,mild
1150__1800_1200,6,t_8_16,240.0,0.0,0.0,3.0,0.9982223052044942,0.7831940816882289,0.79976,0,1,stable
1150__1800_1200,7,t_8_16,100.0,0.0,0.0,2.0,0.984630576188581,0.8344027299652321,0.79976,0,1,stable
1150__1800_1200,8,t_8_16,112.0,0.0,0.0,1.0,,0.8072004457956249,0.79976,0,1,stable
1150__1800_1200,9,t_8_16,96.0,0.0,0.0,1.0,,0.7730800616614301,0.79976,0,1,stable
1150__1800_1200,10,t_8_16,120.0,0.0,0.0,2.0,0.9847474858946215,0.8061086657320733,0.79976,0,1,stable
1150__1800_1200,11,t_8_16,204.0,0.0,0.0,2.0,0.7543186135262573,0.5897620392156876,0.79976,0,0,stable
1158__2033_0,0,t_8_16,128.0,0.25,0.25,3.0,0.9603988510180459,0.5558113188649625,0.80994,0,0,mild
1158__2033_0,1,t_8_16,84.0,0.0,0.0,3.0,0.9259249424938019,0.7047695136755716,0.80994,0,0,stable
1158__2033_0,2,t_8_16,84.0,0.25,0.0,5.0,0.3062714760233671,0.7081392147441944,0.80994,0,0,mild
1158__2033_0,3,t_8_16,220.0,0.25,0.0,3.0,0.9835883690344914,0.7454107957668321,0.80994,0,0,mild
1158__2033_0,4,t_8_16,240.0,0.0,0.0,5.0,0.9999261235424607,0.7846340722235705,0.80994,0,1,stable
1158__2033_0,5,t_8_16,140.00015258789062,0.0,0.0,2.0,0.7078380388445403,0.5410935354309379,0.80994,0,0,stable
1158__2033_0,6,t_8_16,160.0,0.25,0.0,5.0,0.19622445044754738,0.7224628139304499,0.80994,0,0,mild
1158__2033_0,7,t_8_16,160.0,0.0,0.0,1.0,,0.6901477874999962,0.80994,0,0,stable
1158__2033_0,8,t_8_16,160.0,0.0,0.0,3.0,0.8451885496886251,0.7258220059654197,0.80994,0,0,stable
1158__2033_0,9,t_8_16,128.0,0.0,0.0,2.0,0.9970745998802404,0.7264893593749946,0.80994,0,0,stable
1158__2033_0,10,t_8_16,96.0,0.0,0.0,5.0,0.9434584098644931,0.7352864304359172,0.80994,0,0,stable
1158__2033_0,11,t_8_16,96.0,0.0,0.0,2.0,0.9969864099891209,0.8415120740098492,0.80994,0,1,stable
1158__2033_0,12,t_8_16,120.0,0.0,0.0,1.0,,0.7379496778851085,0.80994,0,0,stable
1158__2033_0,13,t_8_16,128.0,0.0,0.0,3.0,0.999470095274048,0.8566437096466418,0.80994,0,1,stable
1158__2033_0,14,t_8_16,72.0,0.0,0.0,3.0,0.9956194156002847,0.7151413866305429,0.80994,0,0,stable
1158__2033_0,15,t_8_16,72.0,0.25,0.25,1.0,0.9999999984238397,0.7712385853839899,0.80994,0,1,mild
1158__2033_0,16,t_8_16,72.0,0.0,0.0,2.0,0.9999660299159555,0.8736167627690161,0.80994,0,1,stable
1158__2033_0,17,s_16_32,288.0,0.0,0.0,5.0,0.9663907240551687,0.5731216336170869,0.80994,0,0,stable
1158__2033_0,18,t_8_16,96.0,0.0,0.0,2.0,0.9968466700881135,0.6497270039893128,0.80994,0,0,stable
1158__2033_0,19,t_8_16,95.9998779296875,0.5,0.5,1.0,,0.7954659213106746,0.80994,0,1,mild
1158__2033_0,20,t_8_16,196.0,0.0,0.0,3.0,0.9881435153668382,0.6814606373009351,0.80994,0,0,stable
1158__2033_0,21,t_8_16,96.0,0.0,0.0,1.0,,0.6778680005852991,0.80994,0,0,stable
1158__2033_0,22,t_8_16,168.0,0.0,0.0,3.0,0.9246184953705842,0.5357485714285714,0.80994,0,0,stable
1158__2033_0,23,t_8_16,168.0,0.25,0.0,3.0,0.996178742312341,0.6541449267555614,0.80994,0,0,mild
1158__2033_0,24,t_8_16,191.999267578125,0.0,0.0,4.0,0.745995525899482,0.5887042067851029,0.80994,0,0,stable
1158__2033_0,26,t_8_16,191.999267578125,0.0,0.0,4.0,0.8553379593714512,0.4851069843750022,0.80994,1,0,stable
1158__2033_0,28,t_8_16,112.0,0.0,0.0,3.0,0.9483959251042186,0.5736708414623486,0.80994,0,0,stable
1158__2033_0,29,t_8_16,112.0,0.25,0.25,3.0,0.8411034173564753,0.6832202410714266,0.80994,0,0,mild
1158__2033_0,30,t_8_16,144.0,0.0,0.0,3.0,0.9769135740132637,0.5075943700822426,0.80994,0,0,stable
1158__2033_0,31,t_8_16,112.0,0.0,0.0,2.0,0.9501742615140072,0.49696612018584513,0.80994,1,0,stable
1158__2033_0,32,t_8_16,64.0,0.0,0.0,1.0,,0.7192819043695423,0.80994,0,0,stable
1158__2033_0,34,t_8_16,80.0,0.5,0.5,0.0,,0.5521485038927276,0.80994,0,0,mild
1158__2033_0,37,t_8_16,80.0,0.0,0.0,1.0,,0.7326825509363374,0.80994,0,0,stable
1158__2033_0,38,t_8_16,196.0,0.25,0.0,5.0,0.6146046186479391,0.702807835808219,0.80994,0,0,mild
1158__2033_0,39,t_8_16,80.0,0.25,0.0,2.0,0.8559382828989045,0.8111280278054144,0.80994,0,1,mild
1158__2033_0,40,t_8_16,215.9996337890625,0.0,0.0,3.0,0.9972622557932509,0.8446560950958739,0.80994,0,1,stable
1158__2033_0,41,t_8_16,84.0,0.0,0.0,5.0,0.90897902928212,0.7921879818420811,0.80994,0,1,stable
1180__0_1800,0,t_8_16,72.0,0.0,0.0,2.0,0.9680681227749207,0.6010214359303636,0.73562,0,0,stable
1180__0_1800,1,t_8_16,84.0,0.5,0.0,2.0,0.2540132852673038,0.7385105157047696,0.73562,0,0,mild
1180__0_1800,2,t_8_16,120.0,0.25,0.0,2.0,0.9124613088640066,0.7823317474788379,0.73562,0,1,mild
1180__0_1800,3,t_8_16,80.0,0.5,0.5,1.0,,0.6409946176331816,0.73562,0,0,mild
1180__0_1800,4,t_8_16,84.0,0.5,0.25,3.0,0.3826067352532411,0.6267311970360837,0.73562,0,0,mild
1180__0_1800,5,t_8_16,84.0,0.0,0.0,2.0,0.932146948736271,0.8503707558278691,0.73562,0,1,stable
1180__0_1800,6,t_8_16,112.0,0.0,0.0,3.0,0.9962219066127708,0.8827098628684168,0.73562,0,1,stable
1180__0_1800,7,t_8_16,84.0,0.0,0.0,1.0,,0.6902104567023185,0.73562,0,0,stable
1180__0_1800,8,t_8_16,112.0,0.0,0.0,1.0,0.9940447176728757,0.6950177192421269,0.73562,0,0,stable
1180__0_1800,9,t_8_16,120.0,0.25,0.0,4.0,0.895736263077682,0.7356938589089557,0.73562,0,0,mild
1180__0_1800,10,t_8_16,144.0,0.75,0.5,1.0,,0.542081130818207,0.73562,0,0,high
1180__0_1800,11,t_8_16,112.0,0.25,0.25,3.0,0.6838910791029651,0.821070088429469,0.73562,0,1,mild
1180__0_1800,12,t_8_16,72.0,0.25,0.0,3.0,0.14662676868725472,0.6884527540691862,0.73562,0,0,mild
1180__0_1800,13,t_8_16,80.0,0.25,0.25,1.0,,0.7021155775186121,0.73562,0,0,mild
1180__0_1800,14,t_8_16,84.0,0.0,0.0,2.0,,0.6167944718840938,0.73562,0,0,stable
1180__0_1800,15,t_8_16,144.0,0.0,0.0,3.0,0.35730494718091954,0.7861078292621743,0.73562,0,1,stable
1180__0_1800,16,t_8_16,112.0,0.25,0.25,2.0,0.9783937713127745,0.5663581086964226,0.73562,0,0,mild
1180__0_1800,17,t_8_16,72.0,0.0,0.0,4.0,0.94310321483553,0.6693136820811929,0.73562,0,0,stable
1180__0_1800,19,t_8_16,160.0,0.0,0.0,3.0,0.9815177815740412,0.6484158052023804,0.73562,0,0,stable
1180__0_1800,20,s_16_32,320.0,0.0,0.0,5.0,0.9596933126079078,0.6746049062500016,0.73562,0,0,stable
1180__0_1800,21,t_8_16,84.0,0.0,0.0,4.0,0.9469361600875034,0.8364894175085921,0.73562,0,1,stable
1180__0_1800,22,t_8_16,100.0,0.0,0.0,1.0,,0.6467739850371045,0.73562,0,0,stable
1180__0_1800,23,t_8_16,120.0,0.25,0.0,5.0,0.7630619974922559,0.6737116459545202,0.73562,0,0,mild
1180__0_1800,24,t_8_16,159.9994506840594,0.0,0.0,3.0,0.9810835261763029,0.5744951288965117,0.73562,0,0,stable
1180__0_1800,25,t_8_16,72.0,0.0,0.0,2.0,0.9999999999802024,0.6790910579397784,0.73562,0,0,stable
1180__0_1800,26,t_8_16,72.0,0.25,0.25,2.0,0.1825245738124844,0.7983026047636376,0.73562,0,1,mild
1180__0_1800,27,t_8_16,112.0,0.5,0.25,3.0,0.48129882388873674,0.7742656173568448,0.73562,0,1,mild
1180__0_1800,28,t_8_16,112.0,0.0,0.0,2.0,,0.736385337406765,0.73562,0,0,stable
1180__0_1800,29,t_8_16,168.0,0.0,0.0,2.0,0.9833672391656701,0.8787078972817959,0.73562,0,1,stable
1180__0_1800,30,t_8_16,112.0,0.5,0.5,0.0,,0.7952158202770828,0.73562,0,1,mild
1180__0_1800,31,t_8_16,100.0,0.0,0.0,1.0,,0.39185377481020733,0.73562,1,0,stable
1180__0_1800,32,t_8_16,111.9991455078125,0.0,0.0,3.0,0.9735653033724039,0.6987687165362875,0.73562,0,0,stable
1180__0_1800,33,t_8_16,100.0,0.0,0.0,1.0,,0.6611427838311467,0.73562,0,0,stable
1180__0_1800,34,t_8_16,144.0,0.0,0.0,3.0,0.8971500779707299,0.7471423893353246,0.73562,0,0,stable
1180__0_1800,35,t_8_16,140.0,0.0,0.0,2.0,0.9918558929228185,0.8467411482467061,0.73562,0,1,stable
1180__0_1800,36,t_8_16,80.0,0.0,0.0,1.0,,0.5902494044277266,0.73562,0,0,stable
1180__0_1800,37,t_8_16,112.0,0.0,0.0,3.0,0.8968681357460143,0.7164166794452599,0.73562,0,0,stable
1180__0_1800,38,t_8_16,80.0,0.0,0.0,1.0,,0.6788362955458018,0.73562,0,0,stable
1180__0_1800,39,t_8_16,96.0,0.25,0.0,2.0,0.6834121459173285,0.8626813501947956,0.73562,0,1,mild
1180__0_1800,40,s_16_32,308.0,0.0,0.0,5.0,0.8884655471120161,0.6190493703861468,0.73562,0,0,stable
1180__0_1800,41,t_8_16,112.0,0.0,0.0,2.0,0.9945418181751643,0.8281863728561504,0.73562,0,1,stable
1180__0_1800,42,t_8_16,83.99978637695312,0.5,0.0,4.0,0.4713743555154643,0.6564519358982498,0.73562,0,0,mild
1180__0_1800,43,t_8_16,112.0,0.25,0.25,2.0,0.9955626770306659,0.7975381255819206,0.73562,0,1,mild
1180__0_1800,44,t_8_16,120.0,0.0,0.0,7.0,0.9819066462143882,0.5556938023821263,0.73562,0,0,stable
1180__0_1800,45,t_8_16,111.99969482375309,0.0,0.0,3.0,0.9958591880235282,0.7000427057396413,0.73562,0,0,stable
1180__0_1800,46,t_8_16,144.0,0.25,0.25,4.0,0.9882861243349376,0.5862202183457721,0.73562,0,0,mild
1180__0_1800,47,t_8_16,128.0,0.5,0.0,2.0,0.01916047414144339,0.5029788273769397,0.73562,0,0,mild
1180__0_1800,48,t_8_16,80.0,0.0,0.0,1.0,,0.607173863152134,0.73562,0,0,stable
1180__0_1800,49,t_8_16,200.0,0.25,0.0,4.0,0.43404798021762425,0.5915527889029615,0.73562,0,0,mild
1180__0_1800,50,t_8_16,80.0,0.0,0.0,1.0,,0.7483920855924557,0.73562,0,0,stable
1180__0_1800,51,t_8_16,84.0,0.0,0.0,2.0,0.9999999999899493,0.7408762803412686,0.73562,0,0,stable
1180__0_1800,52,s_16_32,256.0,0.0,0.0,5.0,0.9765929654839284,0.38881815721401053,0.73562,1,0,stable
1180__0_1800,54,t_8_16,64.0,0.0,0.0,3.0,0.793950946724946,0.5056934326153237,0.73562,0,0,stable
1180__0_1800,55,t_8_16,140.0,0.0,0.0,2.0,0.8700748243898621,0.6052930289348659,0.73562,0,0,stable
1180__0_1800,56,t_8_16,80.0,0.0,0.0,1.0,,0.5361245055654082,0.73562,0,0,stable
1180__0_1800,57,t_8_16,88.0,0.0,0.0,8.0,0.8637094852616769,0.3862254678084869,0.73562,1,0,stable
1180__0_1800,58,t_8_16,144.0,0.0,0.0,2.0,0.6438317593458649,0.6361152569444463,0.73562,0,0,stable
1180__0_1800,59,t_8_16,110.0,0.0,0.0,2.0,0.9921511457530774,0.6677684383248068,0.73562,0,0,stable
1180__0_1800,60,t_8_16,72.0,0.0,0.0,5.0,0.8768160354375121,0.6200069921677243,0.73562,0,0,stable
1180__0_1800,61,t_8_16,102.0,0.0,0.0,5.0,0.638474279433595,0.4618767201368314,0.73562,1,0,stable
1180__0_1800,62,t_8_16,88.0,0.25,0.25,2.0,0.915930328535843,0.5885878767423219,0.73562,0,0,mild
1180__0_1800,63,t_8_16,110.0,0.0,0.0,2.0,0.9595877025421451,0.7586711231121254,0.73562,0,1,stable
1182__600_1800,0,t_8_16,196.00001335144043,0.0,0.0,2.0,0.9902588299219447,0.44239094482705216,0.73809,1,0,stable
1182__600_1800,1,t_8_16,179.9999656677246,0.0,0.0,3.0,0.9968259014483134,0.7017617333333345,0.73809,0,0,stable
1182__600_1800,2,t_8_16,240.0,0.0,0.0,2.0,0.9961300801823717,0.5740166541666644,0.73809,0,0,stable
1182__600_1800,3,t_8_16,112.0,0.0,0.0,3.0,0.8201178671040728,0.4597662924316034,0.73809,1,0,stable
1182__600_1800,4,t_8_16,240.0,0.25,0.0,7.0,0.5149399482341837,0.6156055244492099,0.73809,0,0,mild
1182__600_1800,5,t_8_16,168.0,0.0,0.0,4.0,0.8118753588094905,0.5214492703342066,0.73809,0,0,stable
1182__600_1800,6,t_8_16,168.0,0.0,0.0,2.0,0.47563710274522686,0.5112141956390457,0.73809,0,0,stable
1182__600_1800,7,t_8_16,252.0,0.0,0.0,3.0,0.9921858052449707,0.3688995555555562,0.73809,1,0,stable
1182__600_1800,8,t_8_16,239.99996185302734,0.0,0.0,2.0,0.9683610416942573,0.5157533333333334,0.73809,0,0,stable
1182__600_1800,9,t_8_16,100.0,0.0,0.0,2.0,0.9814162754011406,0.8006153538097122,0.73809,0,1,stable
1182__600_1800,10,t_8_16,144.0,0.0,0.0,2.0,0.99818945307887,0.7454810062586786,0.73809,0,0,stable
1182__600_1800,11,t_8_16,160.0,0.5,0.0,3.0,0.47669987287137483,0.637625537500004,0.73809,0,0,mild
1182__600_1800,12,t_8_16,140.0,0.0,0.0,3.0,0.9946712441288588,0.584189096624094,0.73809,0,0,stable
1182__600_1800,13,t_8_16,120.0,0.5,0.0,4.0,0.09610576831710177,0.7334062261426011,0.73809,0,0,mild
1182__600_1800,14,t_8_16,192.0,0.25,0.0,5.0,0.32455412491734426,0.6684775050548857,0.73809,0,0,mild
1182__600_1800,15,t_8_16,191.999755859375,0.25,0.0,4.0,0.6874274035158698,0.6176173442175195,0.73809,0,0,mild
1182__600_1800,16,t_8_16,224.0,0.0,0.0,3.0,0.7340070548951949,0.5568024108806858,0.73809,0,0,stable
1182__600_1800,17,t_8_16,160.0,0.25,0.25,4.0,0.742174062788054,0.4851648745009593,0.73809,1,0,mild
1182__600_1800,18,t_8_16,140.0008544921875,0.25,0.0,2.0,0.9688562881614206,0.5072233445035087,0.73809,0,0,mild
1182__600_1800,19,t_8_16,150.0,0.0,0.0,3.0,0.9934149061694821,0.6550289159750763,0.73809,0,0,stable
118__0_0,2,t_8_16,120.0,0.0,0.0,1.0,,0.5777458563145645,0.72727,0,0,stable
118__0_0,3,t_8_16,80.0,0.0,0.0,1.0,,0.5607364105393744,0.72727,0,0,stable
118__0_0,5,t_8_16,112.0,0.0,0.0,2.0,0.8181734807521411,0.5158725638842571,0.72727,0,0,stable
118__0_0,6,t_8_16,84.0,0.25,0.0,5.0,0.2933458152457859,0.742068035714292,0.72727,0,0,mild
118__0_0,7,t_8_16,98.0,0.0,0.0,3.0,0.9648586498858538,0.6649294183598657,0.72727,0,0,stable
118__0_0,8,t_8_16,69.9993896484375,0.0,0.0,3.0,0.9619764798190745,0.6253253980445289,0.72727,0,0,stable
118__0_0,9,t_8_16,98.0,0.25,0.0,3.0,0.9730002603031568,0.48588695226599055,0.72727,1,0,mild
118__0_0,10,t_8_16,70.0,0.0,0.0,3.0,0.9929802011068141,0.7696219312181023,0.72727,0,1,stable
1197__1800_1200,0,t_8_16,72.0,0.0,0.0,4.0,0.9831793618406682,0.7684139681693477,0.72724,0,1,stable
12093,0,t_8_16,187.00080108689144,0.0,0.0,4.0,0.9593512635466976,0.4959148502673814,0.4296,1,0,stable
12093,1,t_8_16,187.0,0.25,0.0,2.0,0.734671691745037,0.5933471244804753,0.4296,0,0,mild
12093,2,t_8_16,223.99951171875,0.0,0.0,4.0,0.5754070054389,0.5951365341759359,0.4296,0,0,stable
12093,3,t_8_16,187.0,0.0,0.0,3.0,0.7900848527303127,0.34692622582643806,0.4296,1,0,stable
12093,4,t_8_16,216.0,0.0,0.0,3.0,0.9258261389090602,0.4267757655112356,0.4296,1,0,stable
12093,5,t_8_16,98.0,0.75,0.75,5.0,0.22452594875238505,0.6841841977173366,0.4296,0,0,high
12093,6,t_8_16,200.0,0.0,0.0,4.0,0.1033754943286267,0.4190687499999993,0.4296,1,0,stable
12093,7,t_8_16,168.0,0.25,0.0,3.0,0.6930089858184548,0.4754283140299273,0.4296,1,0,mild
12093,8,t_8_16,180.0,0.0,0.0,3.0,0.7894743145211089,0.45018730459358075,0.4296,1,0,stable
12093,9,s_16_32,315.0004577636719,0.5,0.0,7.0,0.6333186637116359,0.22525874603174562,0.4296,1,0,mild
12093,10,t_8_16,220.00008392333984,0.25,0.0,4.0,0.7164563366299135,0.45407679999999967,0.4296,1,0,mild
12093,11,t_8_16,187.0,0.25,0.0,4.0,0.36652008875729375,0.43644437244586404,0.4296,1,0,mild
1216__2093_1200,1,t_8_16,80.0,0.5,0.0,2.0,0.3472309719948153,0.5426169477027571,0.8309,0,0,mild
1216__2093_1200,2,t_8_16,72.0,0.0,0.0,3.0,0.9955058925271704,0.6291166070427228,0.8309,0,0,stable
1216__2093_1200,4,t_8_16,112.0,0.25,0.25,2.0,,0.7519464104482189,0.8309,0,1,mild
1216__2093_1200,5,t_8_16,96.0,0.0,0.0,2.0,0.9514589603606947,0.6829659839545461,0.8309,0,0,stable
1216__2093_1200,6,t_8_16,96.0,0.0,0.0,3.0,0.9286615508593965,0.6771032636504264,0.8309,0,0,stable
1216__2093_1200,7,t_8_16,96.00006103515625,0.25,0.25,1.0,,0.6590160939144064,0.8309,0,0,mild
1216__2093_1200,8,t_8_16,95.99996948236367,0.0,0.0,3.0,0.9825497522972924,0.6491446872981123,0.8309,0,0,stable
1216__2093_1200,9,t_8_16,120.0,0.5,0.0,3.0,0.14384997674877079,0.008737919522382839,0.8309,1,0,mild
1216__2093_1200,10,t_8_16,96.0,0.5,0.25,2.0,0.8739995082700439,0.6201807316508166,0.8309,0,0,mild
1216__2093_1200,11,t_8_16,96.0,0.0,0.0,1.0,,0.7143217957967634,0.8309,0,0,stable
1216__2093_1200,12,t_8_16,80.0,0.0,0.0,2.0,0.9372096737488502,0.7795231417842952,0.8309,0,1,stable
1216__2093_1200,14,t_8_16,80.0,0.0,0.0,1.0,,0.052966755208985056,0.8309,1,0,stable
1216__2093_1200,15,t_8_16,80.0,0.0,0.0,1.0,,0.7196584788722664,0.8309,0,0,stable
1216__2093_1200,16,t_8_16,120.0,0.0,0.0,2.0,0.7477175806207809,0.744935971822052,0.8309,0,0,stable
1216__2093_1200,17,t_8_16,80.0,0.0,0.0,1.0,,0.5970082335345764,0.8309,0,0,stable
1216__2093_1200,18,t_8_16,71.99981689453125,0.0,0.0,3.0,0.9986780562515886,0.4821319101656468,0.8309,1,0,stable
1216__2093_1200,19,t_8_16,139.99957275390625,0.0,0.0,3.0,0.9682344707188996,0.8093620527364125,0.8309,0,1,stable
1216__2093_1200,20,t_8_16,112.0,0.0,0.0,2.0,0.903674997435939,0.7302059552231593,0.8309,0,0,stable
1216__2093_1200,22,t_8_16,96.0,0.25,0.25,2.0,0.6138609245193543,0.024030736939750105,0.8309,1,0,mild
1216__2093_1200,23,t_8_16,96.0,0.0,0.0,2.0,0.960824917240853,0.6982087563451084,0.8309,0,0,stable
1216__2093_1200,24,t_8_16,96.0,0.25,0.25,2.0,0.9855900001460343,0.7414911768833922,0.8309,0,0,mild
1216__2093_1200,25,t_8_16,80.0,0.5,0.5,0.0,,0.688998742110508,0.8309,0,0,mild
1216__2093_1200,26,t_8_16,80.0,0.25,0.25,1.0,,0.0,0.8309,1,0,mild
1216__2093_1200,27,t_8_16,112.0,0.25,0.25,1.0,,0.6013298652512594,0.8309,0,0,mild
1216__2093_1200,28,t_8_16,112.0,0.0,0.0,1.0,,0.7120277865412638,0.8309,0,0,stable
1216__2093_1200,30,t_8_16,96.0,0.0,0.0,1.0,,0.7155188283622836,0.8309,0,0,stable
1216__2093_1200,31,t_8_16,111.99951171875,0.25,0.25,3.0,0.9819098213316774,0.72204636584297,0.8309,0,0,mild
1216__2093_1200,32,t_8_16,112.0,0.5,0.5,1.0,,0.0,0.8309,1,0,mild
1216__2093_1200,33,t_8_16,72.0,0.25,0.0,3.0,0.6643224526194762,0.5617415455638105,0.8309,0,0,mild
1216__2093_1200,34,t_8_16,72.0,0.0,0.0,2.0,0.8787145327264139,0.5434851734018775,0.8309,0,0,stable
1216__2093_1200,35,t_8_16,96.0,0.0,0.0,1.0,,0.7244678839991079,0.8309,0,0,stable
1216__2093_1200,36,t_8_16,72.0,0.0,0.0,1.0,,0.5705390648018429,0.8309,0,0,stable
1216__2093_1200,37,t_8_16,96.0,0.0,0.0,2.0,0.9666376132052277,0.591303157507122,0.8309,0,0,stable
1216__2093_1200,38,t_8_16,83.99957275390625,0.0,0.0,2.0,0.9759423138941343,0.6129909385501662,0.8309,0,0,stable
1216__2093_1200,39,t_8_16,80.0,0.25,0.25,1.0,,0.654156319549082,0.8309,0,0,mild
1216__2093_1200,40,t_8_16,96.0,0.0,0.0,2.0,,0.6283154274344769,0.8309,0,0,stable
1216__2093_1200,41,t_8_16,112.0,0.25,0.25,2.0,0.9759746556086918,0.851392722340008,0.8309,0,1,mild
1216__2093_1200,42,t_8_16,96.0,0.0,0.0,2.0,0.9566658447990838,0.6422294911153471,0.8309,0,0,stable
1216__2093_1200,43,t_8_16,96.0,0.0,0.0,2.0,0.9679157422271533,0.6396470476612172,0.8309,0,0,stable
1216__2093_1200,44,t_8_16,80.0,0.5,0.5,2.0,0.9999998802858319,0.5929102001890645,0.8309,0,0,mild
1216__2093_1200,51,t_8_16,96.0,0.5,0.5,0.0,,0.8280676020272975,0.8309,0,1,mild
1216__2093_1200,54,t_8_16,72.0,0.5,0.25,4.0,0.091778190525736,0.6949182607781805,0.8309,0,0,mild
1216__2093_1200,55,t_8_16,72.0,0.25,0.0,2.0,0.41805486539061704,0.5673981204948185,0.8309,0,0,mild
1216__2093_1200,56,t_8_16,72.0,0.5,0.5,2.0,0.05848553232610868,0.704361284746766,0.8309,0,0,mild
1216__2093_1200,57,t_8_16,84.0,0.0,0.0,4.0,0.8426380226382965,0.651909545501703,0.8309,0,0,stable
1216__2093_1200,58,t_8_16,83.99989318847656,0.0,0.0,4.0,0.880943897519074,0.6306955560110249,0.8309,0,0,stable
1216__2093_1200,59,t_8_16,96.00009155273438,0.0,0.0,2.0,0.7376836085439145,0.6588001039010115,0.8309,0,0,stable
1216__2093_1200,60,t_8_16,72.0,0.0,0.0,1.0,0.9999986137994316,0.5236645577361522,0.8309,0,0,stable
1216__2093_1200,61,t_8_16,120.0,0.25,0.0,3.0,0.9048570471869704,0.5524522199386427,0.8309,0,0,mild
1216__2093_1200,62,t_8_16,72.0,0.0,0.0,1.0,,0.5652941873389646,0.8309,0,0,stable
1216__2093_1200,63,t_8_16,72.0,0.0,0.0,2.0,0.8769483389920217,0.029192131758850902,0.8309,1,0,stable
1216__2093_1200,64,t_8_16,83.99989318847656,0.0,0.0,3.0,0.8855807176052675,0.592205671783959,0.8309,0,0,stable
1216__2093_1200,65,t_8_16,120.0,0.25,0.0,3.0,0.9891194505618642,0.6510243848816073,0.8309,0,0,mild
1216__2093_1200,66,t_8_16,80.0,0.25,0.0,1.0,,0.5767727535962083,0.8309,0,0,mild
1216__2093_1200,67,t_8_16,112.0,0.0,0.0,2.0,0.9948865622887797,0.7181461897368907,0.8309,0,0,stable
1216__2093_1200,68,t_8_16,112.0,0.25,0.25,2.0,0.9728507504930116,0.7540792353873549,0.8309,0,1,mild
1216__2093_1200,69,t_8_16,72.0,0.0,0.0,3.0,0.9941416805602536,0.5659688235509337,0.8309,0,0,stable
1216__2093_1200,70,t_8_16,72.0,0.0,0.0,1.0,,0.5467628121733733,0.8309,0,0,stable
1216__2093_1200,73,t_8_16,72.0,0.0,0.0,3.0,0.9866856019521573,0.5193645280692507,0.8309,0,0,stable
1216__2093_1200,74,t_8_16,96.0,0.0,0.0,2.0,0.9452777063561362,0.7610657774881501,0.8309,0,1,stable
1216__2093_1200,75,t_8_16,80.0,0.0,0.0,0.0,,0.19946870943191083,0.8309,1,0,stable
1216__2093_1200,78,t_8_16,96.0,0.0,0.0,1.0,,0.6643151548746797,0.8309,0,0,stable
1216__2093_1200,79,t_8_16,111.99957275390625,0.0,0.0,4.0,0.9205083181993549,0.7220693781149757,0.8309,0,0,stable
1216__2093_1200,81,t_8_16,96.0,0.0,0.0,2.0,0.9884578913131864,0.632475798050056,0.8309,0,0,stable
1216__2093_1200,82,t_8_16,96.0,0.0,0.0,2.0,0.9955820475634919,0.599009986245233,0.8309,0,0,stable
1216__2093_1200,83,t_8_16,80.0,0.25,0.25,2.0,0.8962793155579643,0.6090717666980708,0.8309,0,0,mild
1216__2093_1200,85,t_8_16,72.0,0.0,0.0,2.0,0.9999946188570553,0.5939164053750688,0.8309,0,0,stable
1216__2093_1200,86,t_8_16,72.0,0.5,0.5,3.0,0.6151957433106705,0.5413243513789596,0.8309,0,0,mild
1216__2093_1200,87,t_8_16,112.0,0.0,0.0,2.0,0.9813955405687453,0.8292575694001588,0.8309,0,1,stable
1216__2093_1200,88,t_8_16,128.0,0.0,0.0,3.0,0.99567901512982,0.7783402196498238,0.8309,0,1,stable
1216__2093_1200,90,t_8_16,84.0,0.0,0.0,1.0,,0.658876448442771,0.8309,0,0,stable
1216__2093_1200,91,t_8_16,64.0,0.25,0.25,1.0,,0.5607589606171447,0.8309,0,0,mild
1216__2093_1200,92,t_8_16,112.0,0.0,0.0,1.0,,0.7120791398426677,0.8309,0,0,stable
1216__2093_1200,93,t_8_16,72.0,0.0,0.0,2.0,0.9999999576355123,0.5705553681351611,0.8309,0,0,stable
1216__2093_1200,94,t_8_16,112.0,0.0,0.0,2.0,0.9952843730385441,0.8478782385588587,0.8309,0,1,stable
1216__2093_1200,97,t_8_16,72.000732421875,0.75,0.75,4.0,0.5125265883066342,0.579455828202936,0.8309,0,0,high
1216__2093_1200,98,t_8_16,72.0,0.0,0.0,4.0,0.9576886981186666,0.6540273935013585,0.8309,0,0,stable
1216__2093_1200,99,t_8_16,72.000732421875,0.0,0.0,5.0,0.6876971094089307,0.6234752875124955,0.8309,0,0,stable
1216__2093_1200,100,t_8_16,100.0,0.5,0.0,3.0,0.10513543276585154,0.6148449481525173,0.8309,0,0,mild
1216__2093_1200,103,t_8_16,80.0,0.25,0.25,0.0,,0.6230565837085212,0.8309,0,0,mild
1216__2093_1200,106,t_8_16,72.0,0.0,0.0,2.0,0.850354977481451,0.0,0.8309,1,0,stable
1216__2093_1200,107,t_8_16,100.0,0.0,0.0,2.0,0.9436747791315039,0.6476178721796618,0.8309,0,0,stable
1216__2093_1200,108,t_8_16,80.0,0.0,0.0,1.0,0.9999999943672564,0.7030872296596645,0.8309,0,0,stable
1216__2093_1200,109,t_8_16,64.0,0.5,0.5,1.0,,0.4889251277100013,0.8309,1,0,mild
1216__2093_1200,110,t_8_16,80.0,0.0,0.0,2.0,0.5968088537629719,0.5266839415488268,0.8309,0,0,stable
1216__2093_1200,113,t_8_16,112.0,0.25,0.25,3.0,0.9099988399116138,0.7086256566903133,0.8309,0,0,mild
1216__2093_1200,114,t_8_16,96.0,0.5,0.5,0.0,,0.6829853103448383,0.8309,0,0,mild
1216__2093_1200,115,t_8_16,120.0,0.0,0.0,1.0,,0.7161567745504057,0.8309,0,0,stable
1216__2093_1200,116,t_8_16,80.0,0.0,0.0,2.0,0.8844005800720253,0.5641792309969097,0.8309,0,0,stable
1216__2093_1200,117,t_8_16,112.0,0.25,0.25,2.0,0.9759077327169046,0.6822759759363977,0.8309,0,0,mild
1216__2093_1200,118,t_8_16,96.0,0.0,0.0,1.0,,0.6445164490164831,0.8309,0,0,stable
1216__2093_1200,119,t_8_16,112.0,0.0,0.0,2.0,0.963693823418121,0.73303890171347,0.8309,0,0,stable
1216__2093_1200,120,t_8_16,84.0,0.25,0.0,4.0,0.4694585475115083,0.6520524878030826,0.8309,0,0,mild
1216__2093_1200,121,t_8_16,72.0,0.0,0.0,3.0,0.8123852279766164,0.5556767769492016,0.8309,0,0,stable
1216__2093_1200,122,t_8_16,72.0,0.0,0.0,1.0,,0.5296385278838354,0.8309,0,0,stable
1216__2093_1200,125,t_8_16,72.0,0.0,0.0,2.0,0.9868307706712289,0.6518304449915867,0.8309,0,0,stable
1216__2093_1200,127,t_8_16,72.0,0.75,0.0,4.0,0.15301960893962405,0.00780516930881359,0.8309,1,0,high
1216__2093_1200,128,t_8_16,72.0,0.0,0.0,1.0,,0.6867005173502365,0.8309,0,0,stable
1216__2093_1200,129,t_8_16,95.999755859375,0.25,0.25,3.0,0.7789579602691745,0.69771183948674,0.8309,0,0,mild
1216__2093_1200,130,t_8_16,95.999755859375,0.5,0.5,0.0,,0.712600104845596,0.8309,0,0,mild
1216__2093_1200,131,t_8_16,96.0,0.25,0.25,3.0,0.6025761624434964,0.8154954387041682,0.8309,0,1,mild
1216__2093_1200,135,t_8_16,80.0,0.0,0.0,1.0,,0.6403547784583307,0.8309,0,0,stable
1216__2093_1200,136,t_8_16,96.0,0.0,0.0,1.0,,0.6591998006579801,0.8309,0,0,stable
1216__2093_1200,137,t_8_16,128.0,0.0,0.0,2.0,0.7598205168063722,0.06824523484395385,0.8309,1,0,stable
1216__2093_1200,139,t_8_16,72.0,0.0,0.0,2.0,0.9578424702695308,0.4732492322122768,0.8309,1,0,stable
1216__2093_1200,140,t_8_16,72.0,0.0,0.0,1.0,,0.5235394231729893,0.8309,0,0,stable
1216__2093_1200,141,t_8_16,80.0,0.0,0.0,1.0,,0.6465659496339157,0.8309,0,0,stable
1216__2093_1200,144,t_8_16,112.0,0.5,0.5,1.0,,0.7692643858452315,0.8309,0,1,mild
1216__2093_1200,146,t_8_16,96.0,0.25,0.25,1.0,0.9999989135897046,0.16633330305679173,0.8309,1,0,mild
1216__2093_1200,148,t_8_16,80.0,0.5,0.5,0.0,,0.6544544645513307,0.8309,0,0,mild
1216__2093_1200,150,t_8_16,80.0,0.0,0.0,2.0,0.9676627489109596,0.7077054591300602,0.8309,0,0,stable
1216__2093_1200,156,t_8_16,96.0,0.5,0.0,2.0,0.1384888307823425,0.09131905089197531,0.8309,1,0,mild
1216__2093_1200,157,t_8_16,80.0,0.25,0.25,2.0,0.9557289401849074,0.6294133136097357,0.8309,0,0,mild
1216__2093_1200,158,t_8_16,80.0,0.25,0.25,0.0,,0.16660041954712715,0.8309,1,0,mild
1216__2093_1200,159,t_8_16,112.0,0.25,0.25,2.0,0.7947356034750613,0.6200249235517332,0.8309,0,0,mild
1216__2093_1200,160,t_8_16,72.0,0.0,0.0,2.0,0.9092562938221307,0.6333825764827936,0.8309,0,0,stable
1216__2093_1200,161,t_8_16,84.0,0.0,0.0,4.0,0.7433260427320346,0.5105339604929086,0.8309,0,0,stable
1216__2093_1200,163,t_8_16,96.0,0.25,0.25,2.0,0.8085513486320647,0.020245937986990866,0.8309,1,0,mild
1216__2093_1200,165,t_8_16,96.0,0.75,0.75,0.0,,0.5133964457954013,0.8309,0,0,high
1216__2093_1200,166,t_8_16,140.0,0.0,0.0,2.0,0.9946004320062062,0.6711603629374105,0.8309,0,0,stable
1216__2093_1200,167,t_8_16,160.0,0.0,0.0,3.0,0.9995960975216115,0.0,0.8309,1,0,stable
1216__2093_1200,168,t_8_16,72.0,0.0,0.0,2.0,0.9808085089486137,0.5672181429421719,0.8309,0,0,stable
1216__2093_1200,170,t_8_16,72.0,0.25,0.25,2.0,0.9999999999162388,0.558096853018471,0.8309,0,0,mild
1216__2093_1200,172,t_8_16,80.0,0.0,0.0,2.0,0.8308432842574041,0.5966471718269113,0.8309,0,0,stable
1216__2093_1200,173,t_8_16,80.0,0.0,0.0,1.0,,0.6794559100971613,0.8309,0,0,stable
1216__2093_1200,174,t_8_16,112.0,0.5,0.5,0.0,,0.8172484249853791,0.8309,0,1,mild
1216__2093_1200,175,t_8_16,112.0,0.0,0.0,2.0,0.9996597303950493,0.6594633607022212,0.8309,0,0,stable
1216__2093_1200,176,t_8_16,72.0,0.25,0.25,2.0,0.5198271321330569,0.6073248539649431,0.8309,0,0,mild
1216__2093_1200,177,t_8_16,72.0,0.25,0.0,2.0,0.535179347390013,0.16455599492100056,0.8309,1,0,mild
1216__2093_1200,178,t_8_16,70.0,0.0,0.0,3.0,0.9740144524187807,0.76461129909926,0.8309,0,1,stable
1216__2093_1200,179,t_8_16,112.0,0.0,0.0,3.0,0.923391087954433,0.7447631750769537,0.8309,0,0,stable
1216__2093_1200,180,t_8_16,72.0,0.25,0.0,3.0,0.07269465436510657,0.4968913648065428,0.8309,1,0,mild
1216__2093_1200,183,t_8_16,72.0,0.25,0.0,2.0,0.6402046359819493,0.6164351581650639,0.8309,0,0,mild
1216__2093_1200,184,t_8_16,84.0,0.0,0.0,3.0,0.9395499366596578,0.79986524972694,0.8309,0,1,stable
1216__2093_1200,188,t_8_16,72.0,0.25,0.0,5.0,0.26813174061278494,0.6015069252244185,0.8309,0,0,mild
1216__2093_1200,189,t_8_16,84.0,0.0,0.0,4.0,0.9886713373863889,0.6224082464162282,0.8309,0,0,stable
1216__2093_1200,190,t_8_16,128.0,0.0,0.0,2.0,0.9946669539513883,0.7427986540952639,0.8309,0,0,stable
1216__2093_1200,191,t_8_16,128.0,0.0,0.0,2.0,0.9987788272636968,0.8014597035672304,0.8309,0,1,stable
1216__2093_1200,193,t_8_16,96.0,0.25,0.25,2.0,0.9285067722452648,0.6921240714587822,0.8309,0,0,mild
1216__2093_1200,194,t_8_16,80.0,0.5,0.5,1.0,,0.6322852099479329,0.8309,0,0,mild
1216__2093_1200,195,t_8_16,96.0,0.0,0.0,2.0,0.9732968736901303,0.7252827980831866,0.8309,0,0,stable
1216__2093_1200,196,t_8_16,72.000732421875,0.0,0.0,3.0,0.973321387866612,0.5689036550993146,0.8309,0,0,stable
1216__2093_1200,198,t_8_16,96.0,0.25,0.0,1.0,,0.0,0.8309,1,0,mild
1216__2093_1200,199,t_8_16,96.0,0.5,0.5,0.0,,0.7557140750680655,0.8309,0,1,mild
1216__2093_1200,202,t_8_16,112.0,0.0,0.0,1.0,,0.6891672258920273,0.8309,0,0,stable
1216__2093_1200,203,t_8_16,84.0,0.0,0.0,2.0,0.961010904635368,0.8113113692638886,0.8309,0,1,stable
1216__2093_1200,204,t_8_16,72.0,0.5,0.0,2.0,0.41585747138404666,0.7010568821975174,0.8309,0,0,mild
1216__2093_1200,205,t_8_16,84.0,0.0,0.0,3.0,0.9795230920850753,0.7461842999714186,0.8309,0,0,stable
1216__2093_1200,206,t_8_16,72.0,0.0,0.0,2.0,0.6231127844361243,0.6724221520064069,0.8309,0,0,stable
1216__2093_1200,207,t_8_16,112.0,0.25,0.25,3.0,0.23353393834470904,0.6919288118597127,0.8309,0,0,mild
1216__2093_1200,208,t_8_16,100.0,0.0,0.0,1.0,,0.5986035620467647,0.8309,0,0,stable
1216__2093_1200,209,t_8_16,96.0,0.0,0.0,3.0,0.9605549093743972,0.6982328424989194,0.8309,0,0,stable
1216__2093_1200,210,t_8_16,96.0,0.0,0.0,1.0,,0.7078248197367052,0.8309,0,0,stable
1216__2093_1200,211,t_8_16,100.0,0.0,0.0,1.0,,0.65390108365687,0.8309,0,0,stable
1216__2093_1200,212,t_8_16,96.0,0.0,0.0,1.0,,0.5300964678269788,0.8309,0,0,stable
1216__2093_1200,213,t_8_16,120.0,0.0,0.0,2.0,0.9617610905525937,0.779548088908174,0.8309,0,1,stable
1216__2093_1200,214,t_8_16,96.0,0.5,0.5,2.0,0.06961706833098573,0.014709347216443713,0.8309,1,0,mild
1216__2093_1200,215,t_8_16,176.0,0.0,0.0,2.0,0.9975097707754867,0.6601225479332337,0.8309,0,0,stable
1216__2093_1200,216,t_8_16,240.0,0.0,0.0,3.0,0.9674510686141111,0.8364366340610412,0.8309,0,1,stable
1216__2093_1200,217,t_8_16,180.0,0.0,0.0,3.0,0.9848909969849036,0.8428276439598524,0.8309,0,1,stable
1216__2093_1200,218,s_16_32,336.0,0.0,0.0,8.0,0.9777469965732923,0.823318107182498,0.8309,0,1,stable
1216__2093_1200,219,s_16_32,336.0,0.0,0.0,5.0,0.9982496597752166,0.7773685267857062,0.8309,0,1,stable
1216__2093_1200,220,t_8_16,216.0,0.0,0.0,3.0,0.9665624541371765,0.5237833333333385,0.8309,0,0,stable
1216__2093_1200,221,t_8_16,168.0,0.0,0.0,3.0,0.9599037814084419,0.7456179890835974,0.8309,0,0,stable
1216__2093_1200,222,s_16_32,312.0,0.0,0.0,5.0,0.9998251657302483,0.7338432053800192,0.8309,0,0,stable
1216__2093_1200,223,t_8_16,140.0,0.0,0.0,3.0,0.94553607623913,0.7019306450001487,0.8309,0,0,stable
1216__2093_1200,224,s_16_32,476.0,0.0,0.0,10.0,0.9936738400144806,0.7072548183296445,0.8309,0,0,stable
1216__2093_1200,225,t_8_16,140.0008544921875,0.0,0.0,3.0,0.9867334114223139,0.7816965168047294,0.8309,0,1,stable
1216__2093_1200,226,s_16_32,280.0,0.0,0.0,7.0,0.9687183410882441,0.8061748531421614,0.8309,0,1,stable
1216__2093_1200,227,t_8_16,140.0008544921875,0.0,0.0,2.0,0.9870914906193294,0.698333709170539,0.8309,0,0,stable
1216__2093_1200,228,t_8_16,140.0008544921875,0.0,0.0,4.0,0.9970584287938272,0.8777651682229889,0.8309,0,1,stable
1216__2093_1200,229,t_8_16,252.0,0.0,0.0,4.0,0.9984836450162184,0.6677864358507981,0.8309,0,0,stable
1216__2093_1200,230,t_8_16,168.0,0.0,0.0,2.0,0.9913221615282961,0.7065985224932263,0.8309,0,0,stable
1216__2093_1200,231,t_8_16,192.0,0.25,0.0,4.0,0.0725963986146296,0.0,0.8309,1,0,mild
1216__2093_1200,232,t_8_16,168.0,0.0,0.0,3.0,0.9629181607624058,0.7941821466925117,0.8309,0,1,stable
1216__2093_1200,233,t_8_16,100.0,0.5,0.0,2.0,0.17403616055761914,0.6893309047564165,0.8309,0,0,mild
1216__2093_1200,234,t_8_16,119.9993896484375,0.0,0.0,1.0,,0.7495478459212379,0.8309,0,0,stable
1216__2093_1200,235,t_8_16,120.0,0.25,0.0,2.0,0.999999999978166,0.05852438998414196,0.8309,1,0,mild
1216__2093_1200,236,t_8_16,100.0,0.0,0.0,2.0,0.999963302471291,0.6342574768295735,0.8309,0,0,stable
1216__2093_1200,237,t_8_16,120.0,0.0,0.0,2.0,0.9701031495240551,0.820822334204842,0.8309,0,1,stable
1216__2093_1200,238,t_8_16,80.0,0.0,0.0,1.0,,0.016010922797675357,0.8309,1,0,stable
1216__2093_1200,239,t_8_16,160.0,0.0,0.0,3.0,0.9988039684463855,0.7611934255811688,0.8309,0,1,stable
1216__2093_1200,240,t_8_16,80.0,0.0,0.0,1.0,,0.8533873185478233,0.8309,0,1,stable
1216__2093_1200,241,t_8_16,112.0,0.25,0.25,3.0,0.43466937530040206,0.7073471541713641,0.8309,0,0,mild
1216__2093_1200,242,s_16_32,264.0,0.0,0.0,4.0,0.9989923830412493,0.8037510898456985,0.8309,0,1,stable
1216__2093_1200,243,s_16_32,540.0,0.0,0.0,8.0,0.9793958185520253,0.733142912779354,0.8309,0,0,stable
1216__2093_1200,244,t_8_16,95.9996337890625,0.25,0.0,4.0,0.27468934584579585,0.08078131221007921,0.8309,1,0,mild
1216__2093_1200,245,t_8_16,252.0,0.0,0.0,3.0,0.8656490832254539,0.003580590932775381,0.8309,1,0,stable
1216__2093_1200,246,t_8_16,252.0,0.0,0.0,5.0,0.8043168816949661,0.4461160912698413,0.8309,1,0,stable
1216__2093_1200,247,t_8_16,252.0,0.0,0.0,5.0,0.13723792334977172,0.0,0.8309,1,0,stable
1216__2093_1200,248,t_8_16,200.0,0.25,0.0,7.0,0.8931302203496886,0.7601812603624569,0.8309,0,1,mild
1216__2093_1200,249,s_16_32,640.0,0.0,0.0,10.0,0.9988936395682576,0.9246631567210611,0.8309,0,1,stable
1216__2093_1200,250,t_8_16,168.0,0.5,0.0,2.0,0.048854627770151024,0.23143630565486806,0.8309,1,0,mild
1216__2093_1200,251,t_8_16,140.0,0.0,0.0,3.0,0.9508900378046845,0.7555425741718199,0.8309,0,1,stable
1216__2093_1200,252,t_8_16,80.0,0.0,0.0,1.0,,0.8065752010388689,0.8309,0,1,stable
1216__2093_1200,253,t_8_16,80.0,0.25,0.0,3.0,0.90274179496235,0.03191726902574708,0.8309,1,0,mild
1216__2093_1200,254,t_8_16,120.0,0.0,0.0,2.0,0.9917218737844999,0.8234658953257221,0.8309,0,1,stable
1216__2093_1200,255,t_8_16,112.0,0.0,0.0,1.0,,0.7702776383341209,0.8309,0,1,stable
1216__2093_1200,256,t_8_16,140.0,0.0,0.0,2.0,0.9992999030385487,0.74459491191559,0.8309,0,0,stable
1216__2093_1200,257,t_8_16,224.0,0.0,0.0,5.0,0.8612588095094177,0.696061808052945,0.8309,0,0,stable
1216__2093_1200,258,t_8_16,111.9991455078125,0.0,0.0,5.0,0.9661701760555776,0.803751251693589,0.8309,0,1,stable
1216__2093_1200,259,t_8_16,140.0,0.0,0.0,3.0,0.9808509906990907,0.706157068216629,0.8309,0,0,stable
1216__2093_1200,260,t_8_16,144.0,0.0,0.0,3.0,0.9124698188379181,0.09477215008465827,0.8309,1,0,stable
1216__2093_1200,261,t_8_16,120.0,0.0,0.0,2.0,,0.7351186308027433,0.8309,0,0,stable
1216__2093_1200,262,t_8_16,100.0006103515625,0.0,0.0,1.0,,0.0,0.8309,1,0,stable
1216__2093_1200,263,t_8_16,64.0,0.0,0.0,1.0,,0.0,0.8309,1,0,stable
1216__2093_1200,264,t_8_16,140.0,0.0,0.0,2.0,0.9999999999959706,0.8230894154780426,0.8309,0,1,stable
1216__2093_1200,265,t_8_16,95.99951171875,0.25,0.25,2.0,0.9647329200131893,0.8294944613741421,0.8309,0,1,mild
1216__2093_1200,266,t_8_16,111.99951171875,0.0,0.0,2.0,0.9422089417065844,0.649446507443547,0.8309,0,0,stable
1216__2093_1200,267,t_8_16,139.9993896484375,0.25,0.0,3.0,0.887623827456491,0.8238260262755066,0.8309,0,1,mild
1216__2093_1200,268,t_8_16,96.0,0.0,0.0,1.0,,0.8014848575632835,0.8309,0,1,stable
1216__2093_1200,269,t_8_16,72.0,0.0,0.0,2.0,0.9994779945018243,0.0,0.8309,1,0,stable
1216__2093_1200,270,t_8_16,112.0,0.25,0.25,2.0,0.9999963339412494,0.00429843853473864,0.8309,1,0,mild
1216__2093_1200,271,t_8_16,160.0,0.0,0.0,3.0,0.9971266363876765,0.9077420963310622,0.8309,0,1,stable
1216__2093_1200,272,t_8_16,120.0,0.0,0.0,2.0,0.9999999999961607,0.8307751532934274,0.8309,0,1,stable
1216__2093_1200,273,t_8_16,127.9990234375,0.0,0.0,5.0,0.7045456227796468,0.7094916110925635,0.8309,0,0,stable
1216__2093_1200,274,t_8_16,160.0,0.0,0.0,2.0,0.9118437860302407,0.6811359121739488,0.8309,0,0,stable
1216__2093_1200,275,t_8_16,100.0,0.0,0.0,2.0,0.9382738790829633,0.8307017510953905,0.8309,0,1,stable
1216__2093_1200,276,t_8_16,84.0008544921875,0.0,0.0,3.0,0.9402457344883215,0.5897691859936222,0.8309,0,0,stable
1216__2093_1200,277,t_8_16,100.0,0.0,0.0,1.0,,0.7611474020599132,0.8309,0,1,stable
1216__2093_1200,278,t_8_16,72.000732421875,0.25,0.0,4.0,0.20754816855435243,0.011525218592211858,0.8309,1,0,mild
1216__2093_1200,279,t_8_16,80.0,0.0,0.0,1.0,,0.7556591787304765,0.8309,0,1,stable
1216__2093_1200,280,t_8_16,160.0,0.0,0.0,3.0,0.9978938407192212,0.7436306048955181,0.8309,0,0,stable
1216__2093_1200,281,t_8_16,100.0,0.25,0.0,2.0,0.5652830447061908,0.7836493830586375,0.8309,0,1,mild
1216__2093_1200,282,t_8_16,140.0,0.0,0.0,1.0,,0.8133800548746034,0.8309,0,1,stable
1216__2093_1200,283,t_8_16,100.0,0.0,0.0,1.0,,0.7570698992786646,0.8309,0,1,stable
1216__2093_1200,284,t_8_16,192.0,0.0,0.0,3.0,0.5501858081711214,0.6607026562499979,0.8309,0,0,stable
1216__2093_1200,285,t_8_16,96.0,0.0,0.0,1.0,,0.6775486441538969,0.8309,0,0,stable
1216__2093_1200,286,t_8_16,100.0,0.25,0.0,2.0,0.9999999998984207,0.5449017150175112,0.8309,0,0,mild
1216__2093_1200,287,t_8_16,80.0,0.0,0.0,1.0,,0.714211742355256,0.8309,0,0,stable
1216__2093_1200,288,t_8_16,112.0,0.25,0.25,3.0,0.9327341038436388,0.0,0.8309,1,0,mild
1216__2093_1200,289,t_8_16,80.0,0.25,0.0,2.0,0.6032938247380945,0.0,0.8309,1,0,mild
1216__2093_1200,291,t_8_16,111.9990844745189,0.0,0.0,3.0,0.9022462778536257,0.0,0.8309,1,0,stable
1216__2093_1200,292,t_8_16,139.9993896484375,0.0,0.0,2.0,0.9836481061343175,0.0,0.8309,1,0,stable
1216__2093_1200,293,t_8_16,111.99957275390625,0.0,0.0,3.0,0.9610362492822457,0.7388925366601045,0.8309,0,0,stable
1216__2093_1200,294,t_8_16,80.0,0.0,0.0,1.0,,0.0,0.8309,1,0,stable
1216__2093_1200,295,t_8_16,96.0,0.5,0.0,2.0,0.07573191236166779,0.6948459304118761,0.8309,0,0,mild
1216__2093_1200,296,t_8_16,144.0,0.0,0.0,2.0,0.981236581613687,0.2245850669876083,0.8309,1,0,stable
1216__2093_1200,297,t_8_16,216.0,0.0,0.0,4.0,0.9897006221350587,0.8101284074074088,0.8309,0,1,stable
1216__2093_1200,298,t_8_16,140.0,0.0,0.0,2.0,0.28810373396557176,0.6923248895662613,0.8309,0,0,stable
1216__2093_1200,299,t_8_16,160.0,0.0,0.0,2.0,0.9164734458349727,0.777380293749999,0.8309,0,1,stable
1216__2093_1200,300,t_8_16,120.0,0.0,0.0,1.0,,0.742668728085798,0.8309,0,0,stable
1216__2093_1200,301,t_8_16,96.0,0.0,0.0,2.0,0.8339050507929424,0.7463874127318352,0.8309,0,0,stable
1216__2093_1200,303,t_8_16,160.0,0.0,0.0,3.0,0.9433445562880913,0.8056467909425543,0.8309,0,1,stable
1216__2093_1200,304,t_8_16,160.0009765625,0.0,0.0,5.0,0.7832136716323829,0.6994709906058706,0.8309,0,0,stable
1216__2093_1200,305,t_8_16,140.0,0.0,0.0,1.0,,0.02272637863845703,0.8309,1,0,stable
1216__2093_1200,306,t_8_16,120.0,0.25,0.0,2.0,0.7053142489260281,0.7756890291846,0.8309,0,1,mild
1216__2093_1200,307,t_8_16,140.0,0.0,0.0,3.0,0.9398593284900479,0.76493163154575,0.8309,0,1,stable
1216__2093_1200,308,t_8_16,167.999267578125,0.0,0.0,1.0,0.9999980180663534,0.17327169823780061,0.8309,1,0,stable
1216__2093_1200,309,t_8_16,120.0,0.5,0.0,2.0,0.3599053833670107,0.6671458858451709,0.8309,0,0,mild
1216__2093_1200,310,t_8_16,252.0,0.0,0.0,4.0,0.9082081061028697,0.0,0.8309,1,0,stable
1216__2093_1200,311,t_8_16,192.0,0.0,0.0,3.0,0.34875855530954136,0.09984839682406246,0.8309,1,0,stable
1216__2093_1200,312,t_8_16,140.0,0.25,0.25,0.0,0.5739625125756087,0.2116364928948239,0.8309,1,0,mild
1216__2093_1200,313,t_8_16,140.0,0.0,0.0,3.0,0.8883450580316418,0.6281575719187051,0.8309,0,0,stable
1216__2093_1200,314,t_8_16,140.0,0.0,0.0,2.0,0.9999999998370895,0.14501101454437812,0.8309,1,0,stable
1216__2093_1200,315,t_8_16,112.0,0.25,0.0,2.0,0.8333601332782037,0.64133775353218,0.8309,0,0,mild
1216__2093_1200,316,t_8_16,140.0,0.25,0.0,5.0,0.7148201319168632,0.0,0.8309,1,0,mild
1216__2093_1200,317,t_8_16,160.0,0.0,0.0,1.0,,0.8368700669054778,0.8309,0,1,stable
1216__2093_1200,318,t_8_16,252.0,0.0,0.0,3.0,0.9886295148739792,0.4525353055555593,0.8309,1,0,stable
1216__2093_1200,319,t_8_16,96.0,0.25,0.25,0.0,,0.4637856354829554,0.8309,1,0,mild
1216__2093_1200,320,t_8_16,160.0,0.0,0.0,3.0,0.7934430060491924,0.6377890970461032,0.8309,0,0,stable
1216__2093_1200,321,t_8_16,112.0,0.0,0.0,2.0,0.8959096730631453,0.7140161752481949,0.8309,0,0,stable
1216__2093_1200,322,t_8_16,140.0,0.75,0.0,2.0,0.07408264112985039,0.0,0.8309,1,0,high
1216__2093_1200,323,t_8_16,80.0,0.3333333333333333,0.3333333333333333,1.0,,0.05919081027528448,0.8309,1,0,mild
1216__2093_1200,324,t_8_16,168.0,0.0,0.0,3.0,0.6211549088045931,0.6907413207692504,0.8309,0,0,stable
1216__2093_1200,325,t_8_16,96.0,0.0,0.0,2.0,0.7689849900788001,0.0,0.8309,1,0,stable
1216__2093_1200,326,t_8_16,140.0,0.0,0.0,2.0,0.9996496310157882,0.9167900865242775,0.8309,0,1,stable
1216__2093_1200,327,t_8_16,112.0,0.5,0.5,1.0,,0.7474666010518058,0.8309,0,0,mild
1216__2093_1200,328,t_8_16,96.0,0.25,0.0,2.0,0.4086294929762088,0.0,0.8309,1,0,mild
1216__2093_1200,329,t_8_16,80.0,0.25,0.25,1.0,,0.0,0.8309,1,0,mild
1216__2093_1200,330,t_8_16,112.0,0.25,0.25,3.0,0.9104964577714445,0.0,0.8309,1,0,mild
1216__2093_1200,331,t_8_16,112.0,0.25,0.25,3.0,0.7357749215401065,0.0,0.8309,1,0,mild
1216__2093_1200,332,t_8_16,156.0,0.0,0.0,2.0,0.9997063564548297,0.0,0.8309,1,0,stable
1216__2093_1200,333,t_8_16,192.0,0.0,0.0,5.0,0.7980260467922222,0.4867465619289762,0.8309,1,0,stable
1216__2093_1200,334,t_8_16,165.0,0.0,0.0,1.0,0.9999999997409748,0.6692212440608257,0.8309,0,0,stable
1216__2093_1200,335,t_8_16,90.0,0.25,0.25,2.0,0.6527913119034585,0.06356434025010435,0.8309,1,0,mild
1216__2093_1200,336,t_8_16,108.0,0.0,0.0,2.0,0.9999999999661312,0.0,0.8309,1,0,stable
1216__2093_1200,337,t_8_16,253.0,0.25,0.0,3.0,0.21183262665834648,0.6633419925936014,0.8309,0,0,mild
1216__2093_1200,338,t_8_16,170.0,0.0,0.0,2.0,0.9834941623970855,0.07825565044506291,0.8309,1,0,stable
1216__2093_1200,339,t_8_16,120.0,0.0,0.0,3.0,0.8054529057875054,0.5544735891091057,0.8309,0,0,stable
1216__2093_1200,340,t_8_16,90.00009155273438,0.0,0.0,5.0,0.9551252261188057,0.6297994726035372,0.8309,0,0,stable
1216__2093_1200,341,t_8_16,95.99981689453125,0.0,0.0,5.0,0.686742349009123,0.0,0.8309,1,0,stable
1216__2093_1200,342,t_8_16,187.00033569335938,0.0,0.0,2.0,0.9792892183570375,0.4315075526132939,0.8309,1,0,stable
1216__2093_1200,343,t_8_16,120.0,0.5,0.0,2.0,0.45640261091299145,0.0,0.8309,1,0,mild
1216__2093_1200,344,t_8_16,168.0,0.25,0.0,3.0,0.48035865221144686,0.7014003781367562,0.8309,0,0,mild
1216__2093_1200,345,t_8_16,130.00079345703125,0.0,0.0,1.0,0.9999999999891704,0.08346975343161085,0.8309,1,0,stable
1216__2093_1200,346,t_8_16,120.0,0.25,0.0,2.0,0.7083280231276613,0.00019645050581566074,0.8309,1,0,mild
1216__2093_1200,347,t_8_16,88.0,0.0,0.0,1.0,,0.0,0.8309,1,0,stable
121a03fea,0,t_8_16,117.00003433227539,0.25,0.0,1.0,,0.7949440501035998,0.53513,0,1,mild
121a03fea,1,t_8_16,179.9996032710187,0.0,0.0,4.0,0.9483026761437869,0.8669902753639415,0.53513,0,1,stable
1224__600_1200,0,t_8_16,168.0,0.25,0.0,2.0,0.028846191373862986,0.6271348747211074,0.75789,0,0,mild
1224__600_1200,1,t_8_16,154.0,0.0,0.0,3.0,0.9923417780436204,0.7706507637795673,0.75789,0,1,stable
1224__600_1200,2,t_8_16,182.00021362304688,0.0,0.0,4.0,0.9865592905297911,0.8427865751347347,0.75789,0,1,stable
1233__0_1928,0,t_8_16,112.0,0.0,0.0,3.0,0.9994295804748875,0.7958686057661465,0.74983,0,1,stable
1233__0_1928,1,s_16_32,279.998779296875,0.0,0.0,3.0,0.9823599628876917,0.6807619687309056,0.74983,0,0,stable
1233__0_1928,2,t_8_16,128.0,0.0,0.0,2.0,,0.6555821718749956,0.74983,0,0,stable
1233__0_1928,3,t_8_16,95.99938964936882,0.0,0.0,4.0,0.9951133333666237,0.5761592218714363,0.74983,0,0,stable
1233__0_1928,4,t_8_16,199.99969482421875,0.25,0.0,4.0,0.45359014094457945,0.6730987500000049,0.74983,0,0,mild
1233__0_1928,5,t_8_16,112.00000762939453,0.0,0.0,1.0,,0.6444143701922428,0.74983,0,0,stable
1233__0_1928,6,t_8_16,72.0,0.0,0.0,3.0,0.9944564481442498,0.6352519817165001,0.74983,0,0,stable
1233__0_1928,7,t_8_16,72.0,0.0,0.0,4.0,0.9713869393209399,0.6439903026094157,0.74983,0,0,stable
1233__0_1928,8,t_8_16,84.0,0.0,0.0,5.0,0.9790364840653952,0.7206320359656408,0.74983,0,0,stable
1233__0_1928,9,t_8_16,84.0,0.0,0.0,4.0,0.998964033334117,0.6487206399113259,0.74983,0,0,stable
1233__0_1928,10,t_8_16,168.0,0.0,0.0,4.0,0.8324486903868298,0.8108882437551048,0.74983,0,1,stable
1233__0_1928,11,t_8_16,140.0,0.25,0.0,3.0,0.9092684915087869,0.5701771824509634,0.74983,0,0,mild
1233__0_1928,12,t_8_16,84.0,0.0,0.0,5.0,0.9686443202680123,0.7281916353830762,0.74983,0,0,stable
1233__0_1928,13,t_8_16,80.0,0.0,0.0,1.0,,0.7569308725994014,0.74983,0,1,stable
1233__0_1928,14,t_8_16,120.0,0.0,0.0,1.0,,0.7800448796544593,0.74983,0,1,stable
1233__0_1928,15,t_8_16,84.0,0.0,0.0,3.0,0.999892967846622,0.625094427279074,0.74983,0,0,stable
1233__0_1928,17,t_8_16,96.0,0.0,0.0,4.0,0.9940934299831713,0.7708289409596044,0.74983,0,1,stable
1233__0_1928,18,t_8_16,84.0,0.0,0.0,5.0,0.9811331292327606,0.6292896727743172,0.74983,0,0,stable
1233__0_1928,19,t_8_16,98.0,0.0,0.0,3.0,0.6218735671838354,0.7645480740569144,0.74983,0,1,stable
1233__0_1928,20,t_8_16,180.0,0.5,0.5,5.0,0.39352995849730865,0.16940386777873814,0.74983,1,0,mild
1233__0_1928,21,t_8_16,130.0,0.25,0.0,2.0,0.9826139957736189,0.7596895433824945,0.74983,0,1,mild
1233__0_1928,22,t_8_16,189.0,0.75,0.0,3.0,0.3574985494134614,0.7037786435746468,0.74983,0,0,high
1233__0_1928,23,t_8_16,152.0,0.0,0.0,2.0,0.6520336594502295,0.5082114339548869,0.74983,0,0,stable
1233__0_1928,24,t_8_16,180.0,0.0,0.0,4.0,0.9935098711264625,0.5928144275651321,0.74983,0,0,stable
1233__0_1928,25,t_8_16,105.00002861022949,0.25,0.0,5.0,0.10307049912346278,0.46630504214204105,0.74983,1,0,mild
1233__0_1928,26,t_8_16,126.0,0.0,0.0,5.0,0.8503902643005523,0.7336206303635723,0.74983,0,0,stable
1233__0_1928,27,t_8_16,240.0,0.0,0.0,4.0,0.8074015808483853,0.7912554635459799,0.74983,0,1,stable
1233__0_1928,28,t_8_16,140.0,0.25,0.0,3.0,0.5145559553819763,0.34194430931458963,0.74983,1,0,mild
1233__0_1928,29,t_8_16,210.0,0.0,0.0,3.0,0.9991533274002917,0.8012501869087575,0.74983,0,1,stable
1233__0_1928,30,t_8_16,140.0,0.0,0.0,2.0,0.8006659267964368,0.42073578017195873,0.74983,1,0,stable
1233__0_1928,31,t_8_16,110.0,0.25,0.0,3.0,0.947938664099483,0.6724141914487244,0.74983,0,0,mild
1233__0_1928,32,t_8_16,143.0,0.0,0.0,3.0,0.27784652333451115,0.6749605070796464,0.74983,0,0,stable
1233__0_1928,33,t_8_16,90.0,0.0,0.0,3.0,0.9998112244126108,0.6975664657012236,0.74983,0,0,stable
1233__0_1928,34,t_8_16,119.0,0.0,0.0,5.0,0.9652391168562371,0.6165546806722677,0.74983,0,0,stable
128__1800_1800,0,t_8_16,100.0006103515625,0.25,0.0,5.0,0.4682826334541164,0.6008623628038327,0.78289,0,0,mild
128__1800_1800,1,t_8_16,87.99951171875,0.25,0.25,1.0,,0.7389036632769655,0.78289,0,0,mild
128__1800_1800,2,t_8_16,120.0,0.0,0.0,2.0,0.9864338479840868,0.6594627096097454,0.78289,0,0,stable
128__1800_1800,3,t_8_16,108.0,0.3333333333333333,0.3333333333333333,2.0,0.6439514301011167,0.0,0.78289,1,0,mild
128__1800_1800,4,t_8_16,84.0008544921875,0.0,0.0,5.0,0.8515672274845006,0.5318346065284977,0.78289,0,0,stable
128__1800_1800,6,t_8_16,216.0,0.0,0.0,5.0,0.38360477666260495,0.5386671089590097,0.78289,0,0,stable
128__1800_1800,8,t_8_16,128.0,0.0,0.0,2.0,0.9758209438899895,0.7068689889331463,0.78289,0,0,stable
128__1800_1800,9,t_8_16,140.0008544921875,0.0,0.0,2.0,0.7232365378029653,0.7803420726179245,0.78289,0,1,stable
128__1800_1800,10,t_8_16,168.0,0.0,0.0,4.0,0.9194021447214438,0.6689794031810207,0.78289,0,0,stable
128__1800_1800,11,t_8_16,100.0,0.0,0.0,1.0,,0.6538396005845258,0.78289,0,0,stable
128__1800_1800,13,t_8_16,168.0,0.0,0.0,2.0,0.9400281435100826,0.561203107900102,0.78289,0,0,stable
128__1800_1800,14,t_8_16,144.0,0.0,0.0,2.0,0.9983775345824467,0.892020475437993,0.78289,0,1,stable
128__1800_1800,15,t_8_16,72.0,0.25,0.0,2.0,0.9999999998734856,0.510680106204846,0.78289,0,0,mild
128__1800_1800,16,t_8_16,100.0,0.25,0.0,2.0,0.9999966449275043,0.675171997365641,0.78289,0,0,mild
128__1800_1800,17,t_8_16,112.0,0.25,0.25,2.0,0.9469949772845284,0.6897001872754406,0.78289,0,0,mild
128__1800_1800,18,t_8_16,144.0,0.25,0.0,3.0,0.4414023706301197,0.6261507160015198,0.78289,0,0,mild
128__1800_1800,19,t_8_16,96.0,0.25,0.25,1.0,,0.7054878367167129,0.78289,0,0,mild
128__1800_1800,20,t_8_16,112.0001220703125,0.0,0.0,5.0,0.9612351575876964,0.7592638216752001,0.78289,0,1,stable
128__1800_1800,21,t_8_16,96.0,0.0,0.0,4.0,0.9593220345360087,0.7956088847563735,0.78289,0,1,stable
128__1800_1800,22,t_8_16,176.0,0.0,0.0,2.0,0.9217160591764547,0.7497186096760678,0.78289,0,0,stable
128__1800_1800,23,t_8_16,140.0,0.5,0.0,2.0,0.42574383561834295,0.7193156588585333,0.78289,0,0,mild
128__1800_1800,24,t_8_16,112.0,0.0,0.0,2.0,0.9792422485076866,0.7710457092553611,0.78289,0,1,stable
128__1800_1800,25,t_8_16,72.0,0.0,0.0,5.0,0.5633194086321072,0.4511252630693936,0.78289,1,0,stable
128__1800_1800,26,t_8_16,144.0,0.0,0.0,3.0,0.9993303055994519,0.8752548192268873,0.78289,0,1,stable
128__1800_1800,27,t_8_16,120.000732421875,0.0,0.0,4.0,0.8920733667454207,0.884114659874161,0.78289,0,1,stable
128__1800_1800,28,t_8_16,84.0,0.0,0.0,3.0,0.9187267289645662,0.7213332877175901,0.78289,0,0,stable
128__1800_1800,29,t_8_16,140.0,0.0,0.0,2.0,0.9902489858831179,0.6204174324881616,0.78289,0,0,stable
128__1800_1800,30,t_8_16,84.0,0.0,0.0,3.0,0.996787919030002,0.6797249819775774,0.78289,0,0,stable
128__1800_1800,31,t_8_16,156.0,0.0,0.0,2.0,0.9983654485225438,0.702044246034473,0.78289,0,0,stable
128__1800_1800,32,t_8_16,143.99981689453125,0.0,0.0,3.0,0.9896543534530382,0.864154294315918,0.78289,0,1,stable
128__1800_1800,33,t_8_16,144.0,0.0,0.0,2.0,0.8614954844083443,0.7221620000000117,0.78289,0,0,stable
128__1800_1800,34,t_8_16,120.0,0.0,0.0,3.0,0.8934828103694847,0.6642133140662442,0.78289,0,0,stable
128__1800_1800,35,t_8_16,95.9996337890625,0.0,0.0,5.0,0.8288138451051873,0.6591255739600967,0.78289,0,0,stable
128__1800_1800,37,t_8_16,104.0,0.0,0.0,1.0,,0.6340226495925905,0.78289,0,0,stable
128__1800_1800,38,t_8_16,132.0,0.0,0.0,2.0,0.9985691764397175,0.7170198999454312,0.78289,0,0,stable
128__1800_1800,39,t_8_16,131.99981689453125,0.25,0.0,2.0,0.8811021988858332,0.6903001348716331,0.78289,0,0,mild
128__1800_1800,40,t_8_16,140.0,0.0,0.0,2.0,0.9999999999975091,0.8566653431742376,0.78289,0,1,stable
128__1800_1800,41,t_8_16,168.0,0.0,0.0,5.0,0.7423685588675829,0.6119308517935889,0.78289,0,0,stable
128__1800_1800,42,t_8_16,180.0,0.0,0.0,4.0,0.9985968862795868,0.8590106556805368,0.78289,0,1,stable
128__1800_1800,43,t_8_16,139.99969482421875,0.25,0.0,3.0,0.8201025885465822,0.7112177661245905,0.78289,0,0,mild
128__1800_1800,44,t_8_16,156.0,0.0,0.0,4.0,0.7100508480276447,0.759389356748617,0.78289,0,1,stable
128__1800_1800,45,t_8_16,119.9993896484375,0.0,0.0,2.0,0.9619912795415557,0.702654853327465,0.78289,0,0,stable
128__1800_1800,46,t_8_16,130.00030517578125,0.25,0.0,5.0,0.41290149804411796,0.7265747235611687,0.78289,0,0,mild
128__1800_1800,47,t_8_16,96.0,0.0,0.0,2.0,0.9939726522610656,0.7735751523784976,0.78289,0,1,stable
128__1800_1800,48,t_8_16,120.0,0.0,0.0,3.0,0.9665867026478142,0.5927288343301796,0.78289,0,0,stable
128__1800_1800,49,t_8_16,162.0010986328125,0.0,0.0,3.0,0.9785533967193959,0.8245362437897176,0.78289,0,1,stable
128__1800_1800,50,t_8_16,216.0,0.0,0.0,3.0,0.9950646249913913,0.5811405879629619,0.78289,0,0,stable
128__1800_1800,51,t_8_16,192.0,0.0,0.0,4.0,0.9268506919289318,0.7017017820878466,0.78289,0,0,stable
128__1800_1800,52,t_8_16,84.0,0.0,0.0,1.0,0.9999435926334773,0.8344838176412861,0.78289,0,1,stable
128__1800_1800,53,t_8_16,96.0,0.0,0.0,3.0,0.4723484994619302,0.7275376206079143,0.78289,0,0,stable
128__1800_1800,54,t_8_16,112.0,0.0,0.0,3.0,0.9868418624525315,0.7566356129272794,0.78289,0,1,stable
128__1800_1800,55,t_8_16,144.0,0.0,0.0,3.0,0.9205584139753288,0.6594451386803459,0.78289,0,0,stable
128__1800_1800,56,t_8_16,136.0,0.0,0.0,2.0,0.9802491070788559,0.6182345803301127,0.78289,0,0,stable
128__1800_1800,58,t_8_16,160.0,0.75,0.25,0.0,,0.6232666906531714,0.78289,0,0,high
128__1800_1800,59,t_8_16,160.0,0.0,0.0,2.0,0.9778543619525979,0.7162104938269439,0.78289,0,0,stable
128__1800_1800,60,t_8_16,84.0,0.25,0.0,2.0,0.2722084218254611,0.0,0.78289,1,0,mild
128__1800_1800,61,t_8_16,140.0,0.0,0.0,2.0,0.9951672635404073,0.6980666372792447,0.78289,0,0,stable
128__1800_1800,62,t_8_16,175.99835205450654,0.0,0.0,3.0,0.9607564193041924,0.7346364275777775,0.78289,0,0,stable
128__1800_1800,63,t_8_16,80.0,0.0,0.0,1.0,,0.661377203539109,0.78289,0,0,stable
128__1800_1800,64,t_8_16,119.9993896484375,0.25,0.0,2.0,0.17262214252737312,0.7164322964623036,0.78289,0,0,mild
128__1800_1800,65,t_8_16,80.0,0.0,0.0,1.0,,0.5150315242587967,0.78289,0,0,stable
128__1800_1800,66,t_8_16,108.0,0.0,0.0,2.0,0.9562486451456609,0.5132655665136586,0.78289,0,0,stable
128__1800_1800,67,t_8_16,168.0,0.0,0.0,2.0,0.773659405963841,0.766501166666667,0.78289,0,1,stable
128__1800_1800,68,t_8_16,108.0003662109375,0.0,0.0,1.0,,0.8052391454060224,0.78289,0,1,stable
128__1800_1800,69,t_8_16,160.0,0.0,0.0,3.0,0.9961464934002302,0.8839572957009469,0.78289,0,1,stable
128__1800_1800,70,t_8_16,159.99996948242188,0.0,0.0,3.0,0.9738430695294326,0.7157068367066205,0.78289,0,0,stable
128__1800_1800,71,t_8_16,180.0,0.0,0.0,3.0,0.989130629960448,0.7461086077625623,0.78289,0,0,stable
128__1800_1800,72,t_8_16,143.9996337890625,0.75,0.0,5.0,0.2685518075833148,0.7636852353734103,0.78289,0,1,high
128__1800_1800,73,t_8_16,84.0,0.0,0.0,3.0,0.9592368235981851,0.5246769451947847,0.78289,0,0,stable
128__1800_1800,74,t_8_16,143.00023651099764,0.0,0.0,4.0,0.8954131040050488,0.6861341051581847,0.78289,0,0,stable
128__1800_1800,75,t_8_16,180.0,0.0,0.0,3.0,0.9601090782623226,0.7652343449426691,0.78289,0,1,stable
128__1800_1800,76,t_8_16,144.0,0.0,0.0,3.0,0.9959595655517848,0.781666581439816,0.78289,0,1,stable
128__1800_1800,77,t_8_16,196.0,0.0,0.0,4.0,0.8925101117096008,0.7144818947190222,0.78289,0,0,stable
128__1800_1800,78,t_8_16,120.0,0.0,0.0,2.0,0.9909467976411847,0.7652705801189553,0.78289,0,1,stable
128__1800_1800,79,t_8_16,132.0,0.0,0.0,2.0,0.9972239409933279,0.868782300685236,0.78289,0,1,stable
128__1800_1800,80,t_8_16,139.99957275390625,0.0,0.0,2.0,0.9973967243227215,0.845076692498817,0.78289,0,1,stable
128__1800_1800,81,t_8_16,144.0,0.25,0.25,2.0,0.9826649953398725,0.6504950604183098,0.78289,0,0,mild
128__1800_1800,82,t_8_16,144.0,0.0,0.0,3.0,0.9975705531296882,0.8782952626548999,0.78289,0,1,stable
128__1800_1800,83,t_8_16,87.99966430664062,0.0,0.0,2.0,0.9824500345200483,0.593283438196181,0.78289,0,0,stable
128__1800_1800,84,t_8_16,96.0,0.0,0.0,3.0,0.8255103004378027,0.0,0.78289,1,0,stable
128__1800_1800,85,t_8_16,192.0,0.25,0.0,5.0,0.4250355408198055,0.7338597328079368,0.78289,0,0,mild
128__1800_1800,86,t_8_16,132.0,0.0,0.0,2.0,0.9769996842756286,0.8829819431014664,0.78289,0,1,stable
128__1800_1800,87,t_8_16,126.00042724609375,0.0,0.0,2.0,0.9804545537396397,0.6972122724819431,0.78289,0,0,stable
128__1800_1800,88,t_8_16,72.0,0.0,0.0,2.0,0.9851949112555555,0.7147543179946328,0.78289,0,0,stable
128__1800_1800,89,t_8_16,139.99996185302734,0.0,0.0,2.0,0.9971254007106984,0.8162125175344134,0.78289,0,1,stable
128__1800_1800,90,t_8_16,120.0,0.0,0.0,1.0,,0.7389926126603475,0.78289,0,0,stable
128__1800_1800,91,t_8_16,120.0,0.0,0.0,5.0,0.996379448340655,0.5311095489578553,0.78289,0,0,stable
128__1800_1800,93,t_8_16,100.0,0.0,0.0,1.0,,0.7445050488345429,0.78289,0,0,stable
128__1800_1800,94,t_8_16,224.0,0.0,0.0,3.0,0.9908735140195556,0.7493126645867765,0.78289,0,0,stable
128__1800_1800,95,t_8_16,72.0,0.0,0.0,2.0,0.992271648274396,0.0,0.78289,1,0,stable
128__1800_1800,96,t_8_16,96.0,0.25,0.25,1.0,,0.4977264391483227,0.78289,1,0,mild
128__1800_1800,97,t_8_16,120.0,0.25,0.25,2.0,0.7907390136526847,0.8288978875397234,0.78289,0,1,mild
128__1800_1800,98,t_8_16,216.0,0.0,0.0,6.0,0.29480091400537345,0.6251618333333336,0.78289,0,0,stable
128__1800_1800,99,t_8_16,96.0,0.25,0.25,2.0,0.9997592865538739,0.6570288911450025,0.78289,0,0,mild
128__1800_1800,100,t_8_16,160.0,0.0,0.0,3.0,0.9836594651067988,0.8110514501653081,0.78289,0,1,stable
128__1800_1800,101,t_8_16,192.0,0.0,0.0,4.0,0.6319193577713237,0.0,0.78289,1,0,stable
128__1800_1800,102,t_8_16,180.0,0.0,0.0,3.0,0.9904169429205016,0.7314706342450984,0.78289,0,0,stable
128__1800_1800,103,t_8_16,132.0,0.25,0.0,2.0,0.07279353158842936,0.7593372935274516,0.78289,0,1,mild
128__1800_1800,104,t_8_16,200.0,0.0,0.0,2.0,0.9714605143498223,0.7126848390045194,0.78289,0,0,stable
128__1800_1800,105,t_8_16,112.0,0.0,0.0,3.0,0.9857066272012881,0.6351510384730462,0.78289,0,0,stable
128__1800_1800,106,t_8_16,126.0,0.0,0.0,1.0,,0.8189500099897908,0.78289,0,1,stable
128__1800_1800,107,t_8_16,168.0,0.0,0.0,2.0,0.9967303995028083,0.7868158511904787,0.78289,0,1,stable
128__1800_1800,108,t_8_16,120.0,0.0,0.0,2.0,0.9999999999933713,0.7662058854337728,0.78289,0,1,stable
128__1800_1800,109,t_8_16,128.0,0.0,0.0,2.0,0.38174505767896527,0.8128206949631194,0.78289,0,1,stable
128__1800_1800,110,t_8_16,167.999267578125,0.0,0.0,3.0,0.9989089700068393,0.7249508266641475,0.78289,0,0,stable
128__1800_1800,111,t_8_16,196.0,0.0,0.0,2.0,0.8261573511362876,0.6405561586284183,0.78289,0,0,stable
128__1800_1800,112,t_8_16,220.0,0.0,0.0,2.0,0.635876813409591,0.504267499999995,0.78289,0,0,stable
128__1800_1800,113,t_8_16,224.0009765625,0.0,0.0,4.0,0.9859549430187621,0.6777341993257184,0.78289,0,0,stable
128__1800_1800,114,t_8_16,167.9991455078125,0.0,0.0,2.0,0.9996084198691356,0.8083346314906358,0.78289,0,1,stable
128__1800_1800,115,t_8_16,196.0,0.0,0.0,5.0,0.9887608894218337,0.8396433979591845,0.78289,0,1,stable
128__1800_1800,116,t_8_16,156.0,0.25,0.0,2.0,0.4615844421145411,0.4934707928482136,0.78289,1,0,mild
128__1800_1800,117,t_8_16,209.9991455078125,0.0,0.0,3.0,0.9550076785947247,0.7067432627364286,0.78289,0,0,stable
128__1800_1800,118,t_8_16,128.0,0.0,0.0,2.0,0.9961053746815789,0.7314894172814266,0.78289,0,0,stable
128__1800_1800,120,t_8_16,64.0,0.5,0.5,0.0,,0.39625473683906137,0.78289,1,0,mild
128__1800_1800,121,t_8_16,126.0008544921875,0.0,0.0,3.0,0.970477192820255,0.6198529401200227,0.78289,0,0,stable
128__1800_1800,124,t_8_16,168.0,0.0,0.0,2.0,0.8746709712100289,0.6082814573637713,0.78289,0,0,stable
128__1800_1800,125,t_8_16,224.0,0.0,0.0,3.0,0.981413385399063,0.7507386777724346,0.78289,0,1,stable
128__1800_1800,126,t_8_16,128.0,0.0,0.0,2.0,0.9923910125905654,0.8868812271935727,0.78289,0,1,stable
128__1800_1800,127,t_8_16,164.99932861328125,0.0,0.0,3.0,0.7351676151949927,0.5695572095016975,0.78289,0,0,stable
128__1800_1800,128,t_8_16,160.0,0.75,0.25,2.0,0.6967611393077827,0.4880168849905972,0.78289,1,0,high
128__1800_1800,129,t_8_16,72.0,0.0,0.0,3.0,0.8942339328473738,0.6668861833686922,0.78289,0,0,stable
128__1800_1800,130,t_8_16,144.0,0.0,0.0,2.0,0.9999999999893898,0.7310248807790124,0.78289,0,0,stable
128__1800_1800,131,t_8_16,168.0,0.0,0.0,3.0,0.9454862262419673,0.7212351866816137,0.78289,0,0,stable
128__1800_1800,132,t_8_16,99.0,0.25,0.0,1.0,,0.7045939758726232,0.78289,0,0,mild
128__1800_1800,133,t_8_16,140.0,0.0,0.0,1.0,0.9999366516168735,0.725964853342881,0.78289,0,0,stable
128__1800_1800,134,t_8_16,84.0,0.75,0.75,3.0,0.35818358305922193,0.7972636682161217,0.78289,0,1,high
128__1800_1800,135,t_8_16,80.0,0.25,0.0,2.0,0.7390545170760754,0.6326170588082239,0.78289,0,0,mild
128__1800_1800,136,t_8_16,96.0,0.25,0.25,1.0,0.9987085063080426,0.6548696521201394,0.78289,0,0,mild
128__1800_1800,137,t_8_16,104.0,0.25,0.25,2.0,0.9320517401895473,0.6957936151260742,0.78289,0,0,mild
128__1800_1800,138,t_8_16,72.0,0.0,0.0,3.0,0.7695934590067726,0.5184833183134282,0.78289,0,0,stable
128__1800_1800,139,t_8_16,160.0,0.0,0.0,3.0,0.9958697379005037,0.8677940291411823,0.78289,0,1,stable
128__1800_1800,140,t_8_16,160.0,0.0,0.0,3.0,0.9536502656524475,0.652856793750004,0.78289,0,0,stable
128__1800_1800,141,t_8_16,95.9996337890625,0.0,0.0,5.0,0.9879330080449458,0.6880898754443578,0.78289,0,0,stable
128__1800_1800,142,t_8_16,120.0,0.25,0.0,3.0,0.7518373332415526,0.8438832145449178,0.78289,0,1,mild
128__1800_1800,143,t_8_16,90.0,0.25,0.0,4.0,0.260564177544172,0.6258678246565004,0.78289,0,0,mild
128__1800_1800,144,t_8_16,108.0,0.0,0.0,2.0,0.9778216828123328,0.717780245189517,0.78289,0,0,stable
128__1800_1800,145,t_8_16,120.0,0.0,0.0,1.0,,0.8257497161530897,0.78289,0,1,stable
128__1800_1800,146,t_8_16,144.0,0.0,0.0,3.0,0.9416868582419172,0.8715561413823459,0.78289,0,1,stable
128__1800_1800,147,t_8_16,120.0,0.0,0.0,2.0,0.9957256134555351,0.7829338233337613,0.78289,0,1,stable
128__1800_1800,148,t_8_16,144.0,0.25,0.0,3.0,0.5600002729000544,0.7015127548322784,0.78289,0,0,mild
128__1800_1800,149,t_8_16,139.99996185302734,0.0,0.0,1.0,,0.7895893765270937,0.78289,0,1,stable
128__1800_1800,150,t_8_16,196.0,0.0,0.0,4.0,0.5907575881994502,0.6346325483812498,0.78289,0,0,stable
128__1800_1800,151,t_8_16,140.0,0.0,0.0,1.0,,0.8430905199923567,0.78289,0,1,stable
128__1800_1800,152,t_8_16,128.0,0.25,0.25,2.0,0.9997205415544114,0.8188130166684343,0.78289,0,1,mild
128__1800_1800,153,t_8_16,96.0,0.5,0.5,0.0,,0.6620519422609515,0.78289,0,0,mild
128__1800_1800,154,t_8_16,120.0,0.25,0.0,5.0,0.7370076114633844,0.7402522004902427,0.78289,0,0,mild
128__1800_1800,155,t_8_16,100.0,0.0,0.0,2.0,0.992047251366679,0.7512669659290812,0.78289,0,1,stable
128__1800_1800,156,t_8_16,160.0,0.0,0.0,3.0,0.9892166337741629,0.6588337880103272,0.78289,0,0,stable
128__1800_1800,157,t_8_16,120.0,0.0,0.0,2.0,0.9809764686933226,0.7462346748786269,0.78289,0,0,stable
128__1800_1800,158,t_8_16,168.0,0.0,0.0,2.0,0.9983114102697377,0.7842748179289959,0.78289,0,1,stable
128__1800_1800,159,t_8_16,196.0,0.0,0.0,3.0,0.9993953412645773,0.8559601820801936,0.78289,0,1,stable
128__1800_1800,160,t_8_16,80.0,0.25,0.0,3.0,0.04134873658620366,0.6144616843954199,0.78289,0,0,mild
128__1800_1800,161,t_8_16,160.0,0.0,0.0,3.0,0.2987331127127627,0.5212862640894166,0.78289,0,0,stable
128__1800_1800,162,t_8_16,192.0,0.25,0.0,2.0,0.054176077358966304,0.8325063853342816,0.78289,0,1,mild
128__1800_1800,163,t_8_16,144.0009765625,0.0,0.0,3.0,0.9262044128416753,0.7213348040086476,0.78289,0,0,stable
128__1800_1800,164,t_8_16,96.0,0.25,0.25,2.0,0.9249893467401857,0.6908825359670453,0.78289,0,0,mild
128__1800_1800,165,t_8_16,102.00009155273438,0.25,0.0,5.0,0.537862756884149,0.5718465685230368,0.78289,0,0,mild
128__1800_1800,166,t_8_16,72.0,0.25,0.0,2.0,0.35214572344298617,0.7137564708890867,0.78289,0,0,mild
128__1800_1800,167,t_8_16,140.0,0.0,0.0,2.0,0.9927166737568675,0.7110399938725719,0.78289,0,0,stable
128__1800_1800,168,t_8_16,96.0,0.25,0.0,3.0,0.2149204711440252,0.6504785540900734,0.78289,0,0,mild
128__1800_1800,169,t_8_16,90.0,0.0,0.0,2.0,0.7668098581125526,0.4736042542984306,0.78289,1,0,stable
128__1800_1800,170,t_8_16,144.0,0.25,0.0,3.0,0.45897708415883054,0.8406659691036842,0.78289,0,1,mild
128__1800_1800,171,t_8_16,195.9991455078125,0.25,0.0,3.0,0.20884419072566454,0.7006439821665505,0.78289,0,0,mild
128__1800_1800,172,t_8_16,120.0,0.0,0.0,2.0,0.9772880837439565,0.8330855920514523,0.78289,0,1,stable
128__1800_1800,173,t_8_16,140.0,0.0,0.0,2.0,0.9969668484816447,0.842719436021908,0.78289,0,1,stable
128__1800_1800,174,t_8_16,150.0,0.0,0.0,2.0,0.8945841309088494,0.7790525683549486,0.78289,0,1,stable
128__1800_1800,175,t_8_16,120.0,0.0,0.0,1.0,,0.7029207303532511,0.78289,0,0,stable
128__1800_1800,176,t_8_16,88.0,0.0,0.0,1.0,,0.6639171518864969,0.78289,0,0,stable
136__600_1200,0,t_8_16,80.0,0.5,0.5,0.0,,0.5326467231668537,0.78163,0,0,mild
136__600_1200,1,s_16_32,392.0002136230469,0.0,0.0,10.0,0.9603225958223972,0.6958310208748923,0.78163,0,0,stable
136__600_1200,2,t_8_16,240.0,0.0,0.0,3.0,0.9972350516357671,0.7339415722861847,0.78163,0,0,stable
136__600_1200,3,t_8_16,180.0,0.0,0.0,3.0,0.9812384441876754,0.7288628064705758,0.78163,0,0,stable
136__600_1200,4,t_8_16,200.0,0.5,0.0,2.0,0.22137588569024458,0.7886834988336536,0.78163,0,1,mild
136__600_1200,5,s_16_32,264.0,0.0,0.0,5.0,0.9826268678250819,0.7600700695350813,0.78163,0,1,stable
136__600_1200,6,t_8_16,175.9998779296875,0.0,0.0,3.0,0.9973587297895429,0.5364907670454537,0.78163,0,0,stable
136__600_1200,7,t_8_16,159.9993896484375,0.0,0.0,2.0,0.9927612270953584,0.8225365679906635,0.78163,0,1,stable
136__600_1200,8,t_8_16,144.0,0.0,0.0,3.0,0.9990756685065385,0.7899007589310832,0.78163,0,1,stable
136__600_1200,9,t_8_16,128.0,0.25,0.25,3.0,0.9764183814240791,0.7738811759871748,0.78163,0,1,mild
136__600_1200,10,t_8_16,240.0,0.0,0.0,4.0,0.9993758481930767,0.6506355750000004,0.78163,0,0,stable
136__600_1200,11,t_8_16,96.0,0.0,0.0,2.0,0.9959163473007039,0.8216715021518685,0.78163,0,1,stable
136__600_1200,12,t_8_16,112.0,0.25,0.25,2.0,0.9965254967991911,0.7857882755808215,0.78163,0,1,mild
136__600_1200,13,t_8_16,140.0,0.0,0.0,2.0,0.9834124064472942,0.6529350377224282,0.78163,0,0,stable
136__600_1200,14,t_8_16,120.0,0.0,0.0,2.0,0.9993130775516051,0.7899648503621588,0.78163,0,1,stable
136__600_1200,15,t_8_16,168.0,0.0,0.0,3.0,0.83364750724038,0.6915779187900151,0.78163,0,0,stable
136__600_1200,16,t_8_16,120.0,0.0,0.0,2.0,0.9772988167698513,0.526345833092882,0.78163,0,0,stable
136__600_1200,17,t_8_16,96.0,0.0,0.0,4.0,0.973891127033978,0.6175518741001111,0.78163,0,0,stable
136__600_1200,18,t_8_16,240.0,0.25,0.25,5.0,0.6429134385458753,0.5069890000000007,0.78163,0,0,mild
136__600_1200,19,s_16_32,264.0,0.0,0.0,3.0,0.7619614237694528,0.41179199512906134,0.78163,1,0,stable
136__600_1200,20,t_8_16,180.0,0.0,0.0,4.0,0.8666604721577591,0.8395247250399549,0.78163,0,1,stable
136__600_1200,21,t_8_16,112.0,0.25,0.0,3.0,0.6133290672140008,0.6997683730772652,0.78163,0,0,mild
136__600_1200,22,t_8_16,140.0,0.25,0.0,3.0,0.9579216566492811,0.642330842417499,0.78163,0,0,mild
136__600_1200,23,t_8_16,216.0,0.0,0.0,3.0,0.9954030336983034,0.5782650238493039,0.78163,0,0,stable
136__600_1200,24,t_8_16,153.0,0.0,0.0,2.0,0.8220404439594802,0.6084854079035072,0.78163,0,0,stable
136__600_1200,25,t_8_16,127.99951171875,0.25,0.25,2.0,0.9859163688921423,0.7790061965331297,0.78163,0,1,mild
136__600_1200,26,t_8_16,112.0,0.25,0.25,3.0,0.9032669153841829,0.7171538819614017,0.78163,0,0,mild
136__600_1200,27,t_8_16,143.99945068359375,0.0,0.0,3.0,0.9990136661501473,0.7612934999999992,0.78163,0,1,stable
136__600_1200,28,t_8_16,126.0,0.0,0.0,1.0,,0.8688456189006033,0.78163,0,1,stable
136__600_1200,29,t_8_16,96.0,0.25,0.25,2.0,0.9949447910488493,0.8342960754624509,0.78163,0,1,mild
136__600_1200,30,t_8_16,128.0,0.0,0.0,2.0,0.9926651956489317,0.7301080312500073,0.78163,0,0,stable
136__600_1200,31,t_8_16,84.0,0.0,0.0,3.0,0.983376138253325,0.7805599986545155,0.78163,0,1,stable
136__600_1200,32,t_8_16,144.0,0.0,0.0,2.0,0.9824034242363103,0.6411964973552582,0.78163,0,0,stable
136__600_1200,33,t_8_16,149.9993896484375,0.0,0.0,2.0,0.9999999999788585,0.626861312592425,0.78163,0,0,stable
136__600_1200,34,t_8_16,128.0,0.0,0.0,2.0,0.9996383536949568,0.7443401476895731,0.78163,0,0,stable
136__600_1200,35,t_8_16,84.0,0.0,0.0,3.0,0.9994447497566133,0.7828886708461787,0.78163,0,1,stable
136__600_1200,36,t_8_16,88.0,0.0,0.0,1.0,,0.7766611212248474,0.78163,0,1,stable
136__600_1200,37,t_8_16,168.0,0.0,0.0,5.0,0.8483216920680094,0.5007387943439142,0.78163,0,0,stable
136__600_1200,38,t_8_16,112.0,0.0,0.0,2.0,0.997301138893288,0.6829281524325662,0.78163,0,0,stable
136__600_1200,39,t_8_16,112.0,0.0,0.0,1.0,,0.8155314231393237,0.78163,0,1,stable
136__600_1200,41,t_8_16,80.0,0.25,0.25,1.0,,0.6136397861209503,0.78163,0,0,mild
136__600_1200,42,s_16_32,456.0,0.0,0.0,8.0,0.9987250717689906,0.7558716723172358,0.78163,0,1,stable
136__600_1200,43,t_8_16,156.0,0.0,0.0,5.0,0.48429655129880456,0.7859324230769299,0.78163,0,1,stable
136__600_1200,44,t_8_16,84.0,0.0,0.0,3.0,0.9926571394812159,0.7217299816601154,0.78163,0,0,stable
136__600_1200,45,t_8_16,224.0,0.0,0.0,5.0,0.9548572890086787,0.604775919696829,0.78163,0,0,stable
136__600_1200,46,t_8_16,252.0,0.0,0.0,3.0,0.6202623195517064,0.6354869458596457,0.78163,0,0,stable
136__600_1200,47,t_8_16,168.0,0.0,0.0,3.0,0.9993688631549732,0.6886254593645276,0.78163,0,0,stable
136__600_1200,48,s_16_32,312.0,0.0,0.0,5.0,0.893197378836289,0.45066890588280667,0.78163,1,0,stable
136__600_1200,49,t_8_16,108.0,0.25,0.0,6.0,0.3255790731043693,0.7043636454013239,0.78163,0,0,mild
136__600_1200,50,t_8_16,96.0,0.0,0.0,5.0,0.9992970682434111,0.7565739601199528,0.78163,0,1,stable
136__600_1200,51,t_8_16,128.0,0.0,0.0,2.0,0.9712423994446463,0.7371635631559003,0.78163,0,0,stable
136__600_1200,52,t_8_16,96.0,0.0,0.0,2.0,0.9740640372937268,0.5871412147463673,0.78163,0,0,stable
136__600_1200,53,t_8_16,96.00004577636719,0.0,0.0,3.0,0.992755883990418,0.6894588400936604,0.78163,0,0,stable
136__600_1200,54,t_8_16,80.0,0.25,0.0,2.0,0.9639371218807337,0.7302425807457525,0.78163,0,0,mild
136__600_1200,55,t_8_16,128.0,0.0,0.0,2.0,0.9988627939570601,0.8032531908592321,0.78163,0,1,stable
136__600_1200,56,t_8_16,98.0,0.25,0.0,5.0,0.5332987720525602,0.6420692698067613,0.78163,0,0,mild
136__600_1200,58,t_8_16,96.0,0.0,0.0,2.0,0.7296434986038203,0.0,0.78163,1,0,stable
136__600_1200,59,t_8_16,83.9996337890625,0.0,0.0,4.0,0.6864595095394236,0.6140318353619272,0.78163,0,0,stable
136__600_1200,60,s_16_32,532.0,0.0,0.0,8.0,0.49518892232758155,0.8220315998895141,0.78163,0,1,stable
136__600_1200,61,t_8_16,72.0,0.0,0.0,3.0,0.9624914538581928,0.8272136191415659,0.78163,0,1,stable
136__600_1200,62,t_8_16,84.0,0.0,0.0,5.0,0.9442921064295535,0.5711623581712486,0.78163,0,0,stable
136__600_1200,63,t_8_16,160.0,0.0,0.0,2.0,0.9901772639870363,0.7903978053424753,0.78163,0,1,stable
136__600_1200,64,t_8_16,72.0,0.0,0.0,5.0,0.8598211464420998,0.7553814966001443,0.78163,0,1,stable
136__600_1200,65,t_8_16,126.0000171661377,0.0,0.0,3.0,0.9855526402935544,0.7560639141336235,0.78163,0,1,stable
136__600_1200,66,s_16_32,288.0,0.0,0.0,6.0,0.9982998587372107,0.807463028467385,0.78163,0,1,stable
136__600_1200,67,t_8_16,72.0,0.0,0.0,3.0,0.9722549483781971,0.8275886420999125,0.78163,0,1,stable
136__600_1200,68,t_8_16,128.0,0.0,0.0,3.0,0.9989008833789976,0.7949154934894488,0.78163,0,1,stable
136__600_1200,69,t_8_16,111.99951171875,0.0,0.0,2.0,0.9965939573726655,0.8961391170513608,0.78163,0,1,stable
136__600_1200,70,t_8_16,96.0,0.0,0.0,2.0,0.8288249462883465,0.8029773110427484,0.78163,0,1,stable
136__600_1200,71,t_8_16,112.0,0.0,0.0,3.0,0.9984242888526952,0.8146829590516287,0.78163,0,1,stable
136__600_1200,72,s_16_32,576.0,0.0,0.0,9.0,0.9931667650150754,0.7310316843230267,0.78163,0,0,stable
136__600_1200,73,s_16_32,476.0,0.0,0.0,6.0,0.9992040697310054,0.7056176036321482,0.78163,0,0,stable
136__600_1200,74,t_8_16,180.0,0.25,0.0,5.0,0.663858059404977,0.6335117333333323,0.78163,0,0,mild
136__600_1200,75,t_8_16,191.99853515625,0.0,0.0,7.0,0.7320178133228882,0.7488261760962089,0.78163,0,0,stable
136__600_1200,76,s_16_32,527.9999542236328,0.0,0.0,10.0,0.9094266925176685,0.7358183683901783,0.78163,0,0,stable
136__600_1200,77,t_8_16,65.9996337890625,0.25,0.0,4.0,0.9108691748890282,0.6836574259507219,0.78163,0,0,mild
1384__3000_2400,0,s_16_32,880.0,0.0,0.0,10.0,0.30800969829750136,0.9415390024500372,0.86609,0,1,stable
1384__3000_2400,1,s_16_32,648.0001373291016,0.0,0.0,8.0,0.9292206663642449,0.764017934383629,0.86609,0,1,stable
1384__3000_2400,2,s_16_32,720.0,0.0,0.0,10.0,0.960425856100863,0.8479087093879422,0.86609,0,1,stable
1384__3000_2400,3,t_8_16,96.0,0.25,0.25,1.0,,0.8897814020980456,0.86609,0,1,mild
1384__3000_2400,4,t_8_16,96.0,0.0,0.0,2.0,0.7611595221267851,0.8447981666666649,0.86609,0,1,stable
1384__3000_2400,5,t_8_16,140.0,0.0,0.0,3.0,0.9973602426241459,0.8528767275027441,0.86609,0,1,stable
1384__3000_2400,6,t_8_16,96.0,0.25,0.25,1.0,,0.7613990926352214,0.86609,0,1,mild
1384__3000_2400,7,t_8_16,112.0,0.0,0.0,2.0,0.9887463523543699,0.7939331499406492,0.86609,0,1,stable
1384__3000_2400,8,t_8_16,112.0,0.5,0.25,2.0,0.4509553325675099,0.726641560945768,0.86609,0,0,mild
1384__3000_2400,9,t_8_16,128.0,0.25,0.25,2.0,0.9907290298847986,0.8537493255055658,0.86609,0,1,mild
1384__3000_2400,10,t_8_16,240.0,0.0,0.0,4.0,0.9991203551274348,0.758303082873304,0.86609,0,1,stable
1384__3000_2400,11,t_8_16,160.0,0.0,0.0,1.0,0.9999879226846776,0.7301160750000035,0.86609,0,0,stable
1384__3000_2400,12,s_16_32,672.0,0.0,0.0,8.0,0.9968688772684978,0.8704495768003943,0.86609,0,1,stable
1384__3000_2400,13,s_16_32,755.9993591308594,0.0,0.0,10.0,0.9965885810236368,0.8054552571381869,0.86609,0,1,stable
1384__3000_2400,14,t_8_16,96.0,0.25,0.0,4.0,0.45698657976815205,0.6828107786188358,0.86609,0,0,mild
1384__3000_2400,15,t_8_16,180.0,0.0,0.0,2.0,0.9957950655201125,0.8937415918023938,0.86609,0,1,stable
1384__3000_2400,16,t_8_16,96.0,0.25,0.0,3.0,0.19263951069677304,0.7053602082008604,0.86609,0,0,mild
1384__3000_2400,17,t_8_16,160.0,0.0,0.0,2.0,0.963126004305873,0.693357124999993,0.86609,0,0,stable
1384__3000_2400,18,s_16_32,792.0,0.0,0.0,10.0,0.9925893887947564,0.8519445726769195,0.86609,0,1,stable
1384__3000_2400,19,t_8_16,96.0,0.0,0.0,4.0,0.6804989406818578,0.705619343306544,0.86609,0,0,stable
1384__3000_2400,20,t_8_16,96.0,0.0,0.0,2.0,0.9966760472738622,0.7281081652006436,0.86609,0,0,stable
1384__3000_2400,21,t_8_16,140.0,0.0,0.0,2.0,0.38136736690635514,0.6503962366534408,0.86609,0,0,stable
1384__3000_2400,22,s_16_32,960.0,0.0,0.0,10.0,0.9678684760100696,0.7855087496667329,0.86609,0,1,stable
1385__2897_2400,0,t_8_16,168.0,0.25,0.0,4.0,0.215686470307293,0.7357124155371259,0.19652,0,0,mild
1397__1200_1200,0,t_8_16,159.99999046325684,0.25,0.0,5.0,0.5351909210477238,0.7459332271106497,0.75454,0,0,mild
1397__1200_1200,1,s_16_32,288.0,0.0,0.0,6.0,0.9965093443145022,0.6287350197203657,0.75454,0,0,stable
1397__1200_1200,2,s_16_32,396.0,0.5,0.0,9.0,0.2607763718271926,0.5472418109064242,0.75454,0,0,mild
1397__1200_1200,3,s_16_32,320.00030517578125,0.0,0.0,5.0,0.6201004299298202,0.6735705278260454,0.75454,0,0,stable
1397__1200_1200,4,t_8_16,120.0,0.0,0.0,1.0,,0.5599766379154852,0.75454,0,0,stable
1397__1200_1200,5,t_8_16,120.0,0.0,0.0,2.0,,0.7718139737753584,0.75454,0,1,stable
1397__1200_1200,6,t_8_16,96.0,0.0,0.0,1.0,,0.812459164546263,0.75454,0,1,stable
1397__1200_1200,7,t_8_16,96.0,0.0,0.0,1.0,,0.8589640789199722,0.75454,0,1,stable
1397__1200_1200,8,t_8_16,112.0,0.5,0.5,3.0,0.39835335525095816,0.8095860917540814,0.75454,0,1,mild
1397__1200_1200,9,t_8_16,84.0,0.0,0.0,0.0,0.9539378195251493,0.7064946730604412,0.75454,0,0,stable
1397__1200_1200,11,t_8_16,140.0008544921875,0.0,0.0,4.0,0.7548142035143303,0.8972439562480263,0.75454,0,1,stable
1397__1200_1200,12,t_8_16,120.000732421875,0.0,0.0,2.0,0.9923373324418115,0.8420029752968226,0.75454,0,1,stable
1397__1200_1200,13,t_8_16,140.0008544921875,0.0,0.0,2.0,0.9999999999898485,0.7243043154300938,0.75454,0,0,stable
1397__1200_1200,14,t_8_16,196.0,0.0,0.0,4.0,0.7188282586013984,0.5992301071428502,0.75454,0,0,stable
1397__1200_1200,15,t_8_16,140.0008544921875,0.0,0.0,3.0,0.9344820785225507,0.8420916191917226,0.75454,0,1,stable
1397__1200_1200,16,t_8_16,160.0009765625,0.0,0.0,3.0,0.9995404376548439,0.7392966303326912,0.75454,0,0,stable
1397__1200_1200,17,t_8_16,168.0,0.0,0.0,4.0,0.999446061488892,0.7864710493634085,0.75454,0,1,stable
1397__1200_1200,18,t_8_16,160.0009765625,0.0,0.0,3.0,0.9532144731077297,0.7617395832902664,0.75454,0,1,stable
1397__1200_1200,19,t_8_16,160.0,0.0,0.0,2.0,0.9814674537791133,0.6110919162093169,0.75454,0,0,stable
1397__1200_1200,20,t_8_16,140.0008544921875,0.0,0.0,5.0,0.9708267061991623,0.9266437485480298,0.75454,0,1,stable
1397__1200_1200,21,t_8_16,120.0,0.0,0.0,2.0,0.9979590742375921,0.8057111128448883,0.75454,0,1,stable
1397__1200_1200,22,t_8_16,224.0,0.0,0.0,5.0,0.8718037529692783,0.5137829821428613,0.75454,0,0,stable
1397__1200_1200,23,t_8_16,196.0,0.0,0.0,3.0,0.9973117326699565,0.6893834164623318,0.75454,0,0,stable
1397__1200_1200,24,t_8_16,168.0,0.0,0.0,3.0,0.938326405583317,0.804545818848754,0.75454,0,1,stable
1397__1200_1200,25,t_8_16,144.0,0.0,0.0,2.0,0.9951906342272235,0.747471875400411,0.75454,0,0,stable
1397__1200_1200,26,t_8_16,96.0,0.25,0.25,2.0,0.9757403915624729,0.7457538046834624,0.75454,0,0,mild
1397__1200_1200,27,t_8_16,224.0,0.0,0.0,5.0,0.9934109435704644,0.6756395092003543,0.75454,0,0,stable
1397__1200_1200,28,t_8_16,140.0,0.0,0.0,2.0,0.983944320616536,0.8091744247323918,0.75454,0,1,stable
1397__1200_1200,29,t_8_16,200.0,0.0,0.0,2.0,0.9953155602443254,0.6907404670421872,0.75454,0,0,stable
1397__1200_1200,30,t_8_16,160.0,0.25,0.0,4.0,0.6792886780645268,0.745561575239199,0.75454,0,0,mild
1397__1200_1200,31,t_8_16,160.0006713848561,0.0,0.0,2.0,0.9995437748162157,0.8158793712812612,0.75454,0,1,stable
1397__1200_1200,32,t_8_16,164.99977111816406,0.0,0.0,3.0,0.9213115904746487,0.7468736969696935,0.75454,0,0,stable
1397__1200_1200,33,t_8_16,186.99974060058594,0.25,0.0,5.0,0.27385332474591945,0.6455698502673822,0.75454,0,0,mild
1397__1200_1200,34,t_8_16,204.0,0.0,0.0,3.0,0.9479670068362187,0.6257516412641224,0.75454,0,0,stable
1397__1200_1200,35,s_16_32,272.0,0.0,0.0,5.0,0.8372504267615587,0.7051350779775187,0.75454,0,0,stable
1397__1200_1200,36,t_8_16,254.99896240234375,0.0,0.0,5.0,0.7145368516445755,0.5672132569532143,0.75454,0,0,stable
1397__1200_1200,37,t_8_16,150.0,0.0,0.0,1.0,0.999999998788018,0.032328493267075466,0.75454,1,0,stable
1397__1200_1200,38,t_8_16,195.0,0.0,0.0,4.0,0.9417662502363419,0.7000050147679746,0.75454,0,0,stable
1397__1200_1200,39,t_8_16,153.99932861328125,0.25,0.0,2.0,0.3663058449937894,0.6357742536899545,0.75454,0,0,mild
1397__1200_1200,40,s_16_32,285.0,0.0,0.0,6.0,0.9720759752131177,0.563564691610768,0.75454,0,0,stable
1397__1200_1200,41,t_8_16,130.0,0.0,0.0,2.0,0.991099884482125,0.7268086106738083,0.75454,0,0,stable
1397__1200_1200,42,t_8_16,135.0,0.25,0.0,3.0,0.9478773970887776,0.7351849984389149,0.75454,0,0,mild
1397__1200_1200,43,s_16_32,299.9995422363281,0.25,0.0,7.0,0.4311258664240473,0.2137144905799859,0.75454,1,0,mild
1397__1200_1200,44,t_8_16,143.99945068359375,0.0,0.0,2.0,0.9924420840053542,0.6309514294985825,0.75454,0,0,stable
1397__1200_1200,45,t_8_16,210.0,0.25,0.0,5.0,0.2933393813804697,0.7947386080393258,0.75454,0,1,mild
1397__1200_1200,46,t_8_16,150.00091552734375,0.0,0.0,5.0,0.9789691499459428,0.7014385052177181,0.75454,0,0,stable
1406__1800_600,0,s_16_32,384.0,0.0,0.0,7.0,0.9938805318417767,0.8129320251913605,0.81622,0,1,stable
1406__1800_600,1,t_8_16,100.0,0.0,0.0,2.0,0.9952017306895894,0.8089212036731331,0.81622,0,1,stable
1406__1800_600,2,t_8_16,140.00015258789062,0.25,0.0,2.0,0.992339210058947,0.7686881499999977,0.81622,0,1,mild
1406__1800_600,3,t_8_16,96.0,0.25,0.25,2.0,0.9278012411041986,0.8363208639260605,0.81622,0,1,mild
1406__1800_600,4,t_8_16,160.0,0.25,0.0,3.0,0.7766344296487309,0.8830296334527071,0.81622,0,1,mild
1406__1800_600,5,t_8_16,220.0,0.0,0.0,3.0,0.9975968174537763,0.7573932264899061,0.81622,0,1,stable
1406__1800_600,6,t_8_16,112.0,0.0,0.0,2.0,0.6217983351818788,0.8309646947097225,0.81622,0,1,stable
1406__1800_600,7,t_8_16,168.0,0.0,0.0,3.0,0.8470562019939627,0.6949384523809563,0.81622,0,0,stable
1406__1800_600,8,t_8_16,111.99951171898283,0.0,0.0,5.0,0.9705386975158833,0.7619700303733443,0.81622,0,1,stable
1406__1800_600,9,t_8_16,140.0,0.0,0.0,2.0,0.9956316222177207,0.6264825728098742,0.81622,0,0,stable
1406__1800_600,10,t_8_16,128.0,0.0,0.0,2.0,0.8771686420273201,0.5814804041400021,0.81622,0,0,stable
1406__1800_600,11,t_8_16,110.00030517578125,0.0,0.0,1.0,,0.7298450910494474,0.81622,0,0,stable
1406__1800_600,12,t_8_16,120.0,0.25,0.0,5.0,0.7572330272355325,0.8593862088644993,0.81622,0,1,mild
1406__1800_600,13,t_8_16,239.9996337890625,0.0,0.0,5.0,0.9906449907813518,0.7936531973024681,0.81622,0,1,stable
1406__600_1800,0,t_8_16,79.99984741210938,0.0,0.0,3.0,0.7215704305893593,0.42823377829426335,0.78051,1,0,stable
1406__600_1800,1,t_8_16,104.0,0.0,0.0,3.0,0.987838507380387,0.7123753746334663,0.78051,0,0,stable
1406__600_1800,2,s_16_32,352.0,0.0,0.0,4.0,0.9992912568623983,0.9119694515466166,0.78051,0,1,stable
1406__600_1800,3,t_8_16,190.0,0.0,0.0,3.0,0.9933849408611369,0.8120239157894804,0.78051,0,1,stable
1420__1800_0,0,t_8_16,180.0,0.0,0.0,3.0,0.9946625368615097,0.6390645260101809,0.77893,0,0,stable
1420__1800_0,1,t_8_16,120.0,0.0,0.0,3.0,0.97376203425389,0.7111195122297449,0.77893,0,0,stable
1420__1800_0,2,t_8_16,180.0,0.0,0.0,3.0,0.9139642515978326,0.7582848000000005,0.77893,0,1,stable
1420__1800_0,3,t_8_16,72.0,0.5,0.0,4.0,0.045884287446692984,0.41562642143978845,0.77893,1,0,mild
1420__1800_0,4,t_8_16,119.99998092651367,0.0,0.0,1.0,,0.2693620083292591,0.77893,1,0,stable
1420__1800_0,5,t_8_16,200.0,0.0,0.0,3.0,0.9671024483319351,0.7278027229177412,0.77893,0,0,stable
1420__1800_0,6,t_8_16,216.0,0.0,0.0,4.0,0.9314495235412646,0.7275631928286029,0.77893,0,0,stable
1420__1800_0,7,t_8_16,70.0,0.3333333333333333,0.3333333333333333,0.0,0.5180787487424791,0.18590598379145032,0.77893,1,0,mild
1420__1800_0,8,t_8_16,144.0,0.0,0.0,3.0,0.8293927975283942,0.7773994111381853,0.77893,0,1,stable
1420__1800_0,10,t_8_16,168.0,0.0,0.0,3.0,0.9864893950300295,0.6317218871130774,0.77893,0,0,stable
1420__1800_0,11,t_8_16,180.0,0.0,0.0,3.0,0.9813246430705311,0.6682905296537482,0.77893,0,0,stable
1420__1800_0,12,s_16_32,264.0,0.0,0.0,3.0,0.9588116226016641,0.49963606060606114,0.77893,1,0,stable
1420__1800_0,13,t_8_16,192.0,0.0,0.0,3.0,0.3586053481155517,0.724310926329808,0.77893,0,0,stable
1420__1800_0,15,t_8_16,192.0,0.0,0.0,2.0,0.9249570756747265,0.5761586256773181,0.77893,0,0,stable
1420__1800_0,16,t_8_16,200.0,0.25,0.25,4.0,0.5902066529750062,0.6018965700000005,0.77893,0,0,mild
1420__1800_0,17,t_8_16,180.0,0.0,0.0,2.0,0.7866655963386731,0.5859199242161554,0.77893,0,0,stable
1420__1800_0,18,s_16_32,308.0,0.25,0.0,5.0,0.71461870276208,0.36698110930048,0.77893,1,0,mild
1420__1800_0,19,s_16_32,360.0,0.0,0.0,6.0,0.2536404957731772,0.4466959555555565,0.77893,1,0,stable
1420__1800_0,20,t_8_16,128.0,0.0,0.0,3.0,0.9983718476066133,0.6433557041359428,0.77893,0,0,stable
1420__1800_0,21,t_8_16,251.9989013671875,0.0,0.0,5.0,0.9494486879442875,0.49222887078388394,0.77893,1,0,stable
1420__1800_0,22,t_8_16,216.0,0.0,0.0,4.0,0.9758075512397518,0.7263546091886942,0.77893,0,0,stable
1420__1800_0,23,t_8_16,252.0,0.25,0.0,4.0,0.39421970286421115,0.0,0.77893,1,0,mild
1420__1800_0,24,t_8_16,220.0,0.5,0.0,3.0,0.28507332854833867,0.549859199999994,0.77893,0,0,mild
1420__1800_0,25,t_8_16,180.0,0.0,0.0,3.0,0.9999042624700909,0.760964993689698,0.77893,0,1,stable
1420__1800_0,26,s_16_32,280.0,0.0,0.0,4.0,0.9985288169226035,0.4774505357142853,0.77893,1,0,stable
1420__1800_0,27,t_8_16,216.0,0.0,0.0,3.0,0.9928300811988736,0.6543033287036989,0.77893,0,0,stable
1420__1800_0,28,t_8_16,144.0,0.0,0.0,1.0,0.9998466342853937,0.5704007927742428,0.77893,0,0,stable
1420__1800_0,29,t_8_16,128.0,0.0,0.0,2.0,0.9993839652032644,0.7024859092110819,0.77893,0,0,stable
1420__1800_0,30,t_8_16,128.0,0.0,0.0,3.0,0.9770763099311364,0.6502212636234813,0.77893,0,0,stable
1420__1800_0,31,t_8_16,200.0,0.0,0.0,3.0,0.9477393166371858,0.5086390932665943,0.77893,0,0,stable
1420__1800_0,32,t_8_16,168.0,0.5,0.5,2.0,0.16333371837487745,0.6202414304280148,0.77893,0,0,mild
1420__1800_0,33,t_8_16,100.0,0.0,0.0,1.0,,0.6369926167137306,0.77893,0,0,stable
1420__1800_0,34,s_16_32,760.0,0.0,0.0,10.0,0.7718708911327492,0.8804948894736832,0.77893,0,1,stable
1420__1800_0,35,t_8_16,160.0,0.25,0.0,5.0,0.8080876498195204,0.7512452124999986,0.77893,0,1,mild
1420__1800_0,36,t_8_16,96.0,0.0,0.0,1.0,,0.6674540019484566,0.77893,0,0,stable
1420__1800_0,37,t_8_16,140.0,0.0,0.0,1.0,,0.7680485093438332,0.77893,0,1,stable
1420__1800_0,38,t_8_16,159.9993896484375,0.0,0.0,3.0,0.9978129502235066,0.8377498870697996,0.77893,0,1,stable
1420__1800_0,39,t_8_16,140.0,0.0,0.0,3.0,0.9824660333848276,0.6050698488261975,0.77893,0,0,stable
1420__1800_0,40,t_8_16,255.9990234375,0.0,0.0,5.0,0.9742303957987696,0.6202736594025177,0.77893,0,0,stable
1420__1800_0,41,t_8_16,64.0,0.0,0.0,4.0,0.91384863797483,0.36486781483782355,0.77893,1,0,stable
1420__1800_0,42,t_8_16,108.0,0.0,0.0,2.0,0.9940260642915173,0.5163022633957673,0.77893,0,0,stable
1420__1800_0,43,t_8_16,144.0,0.0,0.0,3.0,0.4505498222620203,0.7938021180555624,0.77893,0,1,stable
1420__1800_0,44,t_8_16,160.0,0.25,0.0,5.0,0.4476606131126589,0.7701805458322346,0.77893,0,1,mild
1420__1800_0,45,t_8_16,196.0,0.0,0.0,3.0,0.9320156540345993,0.6973188061224473,0.77893,0,0,stable
1420__1800_0,46,t_8_16,143.9998779296875,0.0,0.0,2.0,0.9820676951557764,0.7268528677324173,0.77893,0,0,stable
1420__1800_0,47,t_8_16,160.0,0.0,0.0,4.0,0.9447906586852008,0.720013701104318,0.77893,0,0,stable
1420__1800_0,48,t_8_16,180.0000762939453,0.0,0.0,2.0,0.9998304053677716,0.669333684855269,0.77893,0,0,stable
1420__1800_0,49,t_8_16,200.0,0.0,0.0,3.0,0.9780946372357526,0.6785951810931569,0.77893,0,0,stable
1420__1800_0,50,t_8_16,199.9993896484375,0.0,0.0,3.0,0.9693758901136098,0.6750614083145655,0.77893,0,0,stable
1420__1800_0,51,t_8_16,120.0,0.0,0.0,3.0,0.9602640719748669,0.530792977860991,0.77893,0,0,stable
1420__1800_0,52,t_8_16,175.99996948242188,0.0,0.0,4.0,0.45398284706486486,0.51353649400144,0.77893,0,0,stable
1420__1800_0,53,t_8_16,143.0,0.0,0.0,2.0,0.9999999999970758,0.8822787968116643,0.77893,0,1,stable
1420__1800_0,54,s_16_32,285.0,0.0,0.0,8.0,0.9189885833907014,0.5607329335221135,0.77893,0,0,stable
1420__1800_0,55,t_8_16,168.0,0.0,0.0,2.0,0.9538709448368266,0.765618037706349,0.77893,0,1,stable
1420__1800_0,56,t_8_16,240.0,0.0,0.0,3.0,0.6179506689239944,0.5327992992487587,0.77893,0,0,stable
1420__1800_0,57,t_8_16,224.0,0.0,0.0,5.0,0.9839210144649956,0.5845434732142869,0.77893,0,0,stable
1420__1800_0,58,t_8_16,237.99994659423828,0.0,0.0,5.0,0.5841281845087753,0.5466626620958964,0.77893,0,0,stable
1420__1800_0,59,s_16_32,357.0,0.0,0.0,4.0,0.9227741913210188,0.3907199999999993,0.77893,1,0,stable
1420__1800_0,60,t_8_16,132.0,0.0,0.0,1.0,,0.6867100727690519,0.77893,0,0,stable
1420__1800_0,61,t_8_16,160.0000762939453,0.0,0.0,3.0,0.9306548142712863,0.6563767741642553,0.77893,0,0,stable
1420__1800_0,62,t_8_16,195.0001983642578,0.0,0.0,4.0,0.9947085964256664,0.7116061256051697,0.77893,0,0,stable
1430__1200_600,1,t_8_16,96.0,0.0,0.0,1.0,,0.7015395441565538,0.76743,0,0,stable
1430__1200_600,2,t_8_16,84.0,0.0,0.0,3.0,0.9953636419626375,0.8358009943106528,0.76743,0,1,stable
1430__1200_600,3,t_8_16,112.0,0.0,0.0,2.0,0.9967389298481912,0.7436663089628073,0.76743,0,0,stable
1430__1200_600,4,t_8_16,112.0,0.0,0.0,3.0,0.9900112432531089,0.7842017854737611,0.76743,0,1,stable
1430__1200_600,5,t_8_16,72.0,0.25,0.0,5.0,0.883248228485498,0.5753796099712535,0.76743,0,0,mild
1430__1200_600,6,t_8_16,66.0,0.0,0.0,2.0,0.9915155126165518,0.6893068282698455,0.76743,0,0,stable
1430__1200_600,7,t_8_16,168.0,0.0,0.0,3.0,0.9945045735420224,0.7576890325308878,0.76743,0,1,stable
1430__1200_600,9,t_8_16,72.0003662109375,0.25,0.0,2.0,0.85428422366111,0.734064679254517,0.76743,0,0,mild
1430__1200_600,10,t_8_16,128.0,0.0,0.0,2.0,0.5921969969723764,0.7930123420772497,0.76743,0,1,stable
1430__1200_600,11,t_8_16,231.99826049781404,0.0,0.0,10.0,0.6378568756912212,0.725295889037978,0.76743,0,0,stable
1430__1200_600,12,t_8_16,128.0,0.0,0.0,3.0,0.9946971663182985,0.7756251573951747,0.76743,0,1,stable
1430__1200_600,13,t_8_16,112.0,0.0,0.0,2.0,0.9737942598902479,0.7084864179797327,0.76743,0,0,stable
1430__1200_600,15,t_8_16,111.99957275390625,0.0,0.0,4.0,0.996151336837396,0.7342305021525722,0.76743,0,0,stable
1430__1200_600,16,t_8_16,99.99969482421875,0.0,0.0,1.0,,0.6485684022375939,0.76743,0,0,stable
1430__1200_600,17,t_8_16,96.0,0.0,0.0,1.0,,0.7802235669668467,0.76743,0,1,stable
1430__1200_600,18,t_8_16,112.0001220703125,0.25,0.25,2.0,0.8300166593322471,0.6682620502176708,0.76743,0,0,mild
1430__1200_600,19,t_8_16,83.99957275390625,0.25,0.0,5.0,0.8271597518573893,0.0,0.76743,1,0,mild
1430__1200_600,22,t_8_16,80.0,0.25,0.25,1.0,,0.644665090034202,0.76743,0,0,mild
1430__1200_600,23,t_8_16,96.0,0.75,0.5,0.0,,0.1348771595093131,0.76743,1,0,high
1430__1200_600,24,t_8_16,80.0,0.5,0.5,0.0,,0.6779664806455652,0.76743,0,0,mild
1430__1200_600,27,t_8_16,119.99951171921566,0.75,0.5,1.0,0.0023386107863082343,0.5819472919305819,0.76743,0,0,high
1430__1200_600,28,t_8_16,95.99957275437191,0.25,0.0,3.0,0.36982738798003567,0.7106921999142733,0.76743,0,0,mild
1430__1200_600,29,t_8_16,96.0,0.0,0.0,1.0,,0.6549732418733403,0.76743,0,0,stable
1430__1200_600,30,t_8_16,140.0,0.0,0.0,1.0,0.9999999997940382,0.8949713961741659,0.76743,0,1,stable
1430__1200_600,31,t_8_16,112.0,0.0,0.0,2.0,0.9999999999941149,0.7688315393955683,0.76743,0,1,stable
1430__1200_600,32,t_8_16,72.0,0.0,0.0,2.0,0.9550459204349148,0.0,0.76743,1,0,stable
1430__1200_600,33,t_8_16,84.0,0.25,0.25,3.0,0.8946125712495958,0.7671785175182977,0.76743,0,1,mild
1430__1200_600,35,t_8_16,108.0010986328125,0.0,0.0,5.0,0.9887370246656079,0.5138998642308834,0.76743,0,0,stable
1430__1200_600,36,t_8_16,96.0009765625,0.0,0.0,4.0,0.9902853542080922,0.7158907472862349,0.76743,0,0,stable
1430__1200_600,38,t_8_16,96.0009765625,0.0,0.0,4.0,0.9766057841472621,0.6034833496251611,0.76743,0,0,stable
1430__1200_600,39,t_8_16,112.0,0.0,0.0,1.0,,0.7071145558955991,0.76743,0,0,stable
1430__1200_600,40,t_8_16,128.0,0.25,0.25,3.0,0.9877184775349883,0.6464037216772549,0.76743,0,0,mild
1430__1200_600,41,t_8_16,96.0,0.0,0.0,5.0,0.9977479169357615,0.707827434933763,0.76743,0,0,stable
1430__1200_600,42,t_8_16,112.0,0.25,0.25,2.0,0.998807804708013,0.805970847490009,0.76743,0,1,mild
1430__1200_600,43,t_8_16,95.99951171875,0.25,0.0,5.0,0.3302039118181807,0.7886235349180641,0.76743,0,1,mild
1430__1200_600,44,t_8_16,84.0,0.0,0.0,4.0,0.949380169232824,0.717556748834562,0.76743,0,0,stable
1430__1200_600,45,t_8_16,180.0,0.0,0.0,2.0,0.9982321030971485,0.48867956418996467,0.76743,1,0,stable
1430__1200_600,46,t_8_16,132.0,0.0,0.0,8.0,0.9168126443086582,0.49040375746954656,0.76743,1,0,stable
1430__1200_600,47,t_8_16,128.0,0.0,0.0,3.0,0.5616047216666529,0.9004362749807661,0.76743,0,1,stable
1430__1200_600,48,t_8_16,160.0,0.0,0.0,3.0,0.750401802088646,0.7051152977880705,0.76743,0,0,stable
1430__1200_600,49,t_8_16,71.99990844726562,0.0,0.0,5.0,0.981277244867716,0.7444646571194312,0.76743,0,0,stable
1430__1200_600,50,t_8_16,128.0,0.5,0.5,0.0,,0.8772305726760272,0.76743,0,1,mild
1430__1200_600,51,t_8_16,144.0,0.25,0.25,1.0,,0.8188315600455323,0.76743,0,1,mild
1430__1200_600,52,t_8_16,128.0,0.25,0.25,3.0,0.969200978529856,0.6050213683533907,0.76743,0,0,mild
1430__1200_600,53,t_8_16,128.0,0.0,0.0,2.0,0.9999999999904122,0.7399574218749952,0.76743,0,0,stable
1430__1200_600,54,t_8_16,140.0,0.0,0.0,1.0,,0.6052344580370013,0.76743,0,0,stable
1430__1200_600,55,t_8_16,96.0,0.0,0.0,4.0,0.9948900199821279,0.6487990962464143,0.76743,0,0,stable
1430__1200_600,56,t_8_16,120.0,0.0,0.0,5.0,0.9134089967487291,0.4503499949177494,0.76743,1,0,stable
1430__1200_600,57,t_8_16,84.0,0.0,0.0,3.0,0.9822290794689368,0.6675272186835639,0.76743,0,0,stable
1430__1200_600,58,t_8_16,112.0,0.0,0.0,2.0,0.9998595741326279,0.7495454846809445,0.76743,0,0,stable
1430__1200_600,60,t_8_16,84.0,0.0,0.0,4.0,0.7926460776803426,0.7318402502888001,0.76743,0,0,stable
1430__1200_600,61,t_8_16,168.0,0.5,0.0,2.0,0.3392158921859196,0.4295179811016322,0.76743,1,0,mild
1430__1200_600,62,t_8_16,72.0,0.5,0.0,5.0,0.7263329614248665,0.6652460795948497,0.76743,0,0,mild
1430__1200_600,64,t_8_16,72.0,0.25,0.0,4.0,0.9375249232410063,0.6809083373963228,0.76743,0,0,mild
1430__1200_600,65,t_8_16,84.0,0.0,0.0,5.0,0.9691882604239782,0.7229382804339383,0.76743,0,0,stable
1430__1200_600,66,t_8_16,216.00013732910156,0.25,0.0,7.0,0.2792975828106995,0.5895115000000007,0.76743,0,0,mild
1430__1200_600,67,t_8_16,120.000732421875,0.0,0.0,3.0,0.9702034852886173,0.5486756186229582,0.76743,0,0,stable
1430__1200_600,68,t_8_16,95.99951171875,0.0,0.0,6.0,0.997598029722983,0.6075325381100785,0.76743,0,0,stable
1430__1200_600,69,s_16_32,352.0,0.0,0.0,5.0,0.7331938566521897,0.5475385227272715,0.76743,0,0,stable
1430__1200_600,70,t_8_16,84.0,0.0,0.0,5.0,0.7953296230442176,0.7394317564135735,0.76743,0,0,stable
1430__1200_600,71,t_8_16,144.0,0.0,0.0,2.0,0.9876772277802296,0.7331960416787697,0.76743,0,0,stable
1430__1200_600,72,t_8_16,144.0,0.0,0.0,2.0,0.984326631829103,0.6457869141806484,0.76743,0,0,stable
1430__1200_600,73,t_8_16,139.9993896484375,0.0,0.0,3.0,0.9841999593005859,0.4107848654431077,0.76743,1,0,stable
1430__1200_600,74,t_8_16,88.0,0.0,0.0,5.0,0.9918302090995095,0.40339868523991756,0.76743,1,0,stable
1430__1200_600,75,t_8_16,160.0,0.0,0.0,2.0,0.8719621073953371,0.7465712352355053,0.76743,0,0,stable
1430__1200_600,76,t_8_16,132.0,0.0,0.0,8.0,0.9204311351288921,0.4720618823666983,0.76743,1,0,stable
1430__1200_600,77,t_8_16,96.0009765625,0.25,0.25,3.0,0.7973243909230008,0.8428617476988968,0.76743,0,1,mild
1430__1200_600,78,t_8_16,96.0,0.0,0.0,5.0,0.9774022036020791,0.6077440130421867,0.76743,0,0,stable
1430__1200_600,79,t_8_16,200.0,0.0,0.0,3.0,0.9723805651082525,0.5774801906076744,0.76743,0,0,stable
1430__1200_600,80,t_8_16,139.99957275390625,0.0,0.0,2.0,0.8395162905658763,0.6388078801093489,0.76743,0,0,stable
1430__1200_600,81,t_8_16,84.0,0.0,0.0,6.0,0.9429941887782406,0.8166900410162155,0.76743,0,1,stable
1430__1200_600,82,t_8_16,144.0,0.0,0.0,2.0,0.9942799175784948,0.6470798269887704,0.76743,0,0,stable
1430__1200_600,83,t_8_16,96.0,0.0,0.0,4.0,0.9481662218206064,0.48673506633794167,0.76743,1,0,stable
1430__1200_600,84,t_8_16,84.0,0.0,0.0,4.0,0.9987663266611623,0.5919142298413708,0.76743,0,0,stable
1430__1200_600,85,t_8_16,140.0,0.5,0.0,5.0,0.41148030603134966,0.5600173774458492,0.76743,0,0,mild
1430__1200_600,86,t_8_16,252.0,0.0,0.0,3.0,0.993333319933807,0.6203989525018124,0.76743,0,0,stable
1430__1200_600,87,t_8_16,143.9999828338623,0.5,0.0,4.0,0.21549269813855917,0.7626521675915595,0.76743,0,1,mild
1430__1200_600,88,t_8_16,127.9990234375,0.0,0.0,6.0,0.9857577656006073,0.7796103856421641,0.76743,0,1,stable
1430__1200_600,89,t_8_16,96.0,0.0,0.0,1.0,0.9863373683366706,0.8158729661692397,0.76743,0,1,stable
1430__1200_600,90,t_8_16,84.0,0.25,0.0,3.0,0.8213221453686923,0.5187694988208374,0.76743,0,0,mild
1430__1200_600,91,t_8_16,96.0,0.0,0.0,5.0,0.9860910041139687,0.7056673876920011,0.76743,0,0,stable
1430__1200_600,92,t_8_16,128.0001220703125,0.0,0.0,3.0,0.27109044191607823,0.8484836250000005,0.76743,0,1,stable
1430__1200_600,93,t_8_16,128.0,0.5,0.5,1.0,,0.646051920507835,0.76743,0,0,mild
1430__1200_600,94,t_8_16,96.0,0.0,0.0,5.0,0.9984467977874082,0.7583359934139283,0.76743,0,1,stable
1430__1200_600,95,t_8_16,112.0,0.0,0.0,2.0,0.9879032774575337,0.6465504333544037,0.76743,0,0,stable
1430__1200_600,96,t_8_16,72.0,0.0,0.0,3.0,0.9996366303445993,0.5088138234615867,0.76743,0,0,stable
1430__1200_600,97,t_8_16,72.0,0.0,0.0,5.0,0.9313463249682739,0.7305052839730097,0.76743,0,0,stable
1430__1200_600,98,t_8_16,96.0,0.0,0.0,6.0,0.9988951441901821,0.7486103077672709,0.76743,0,0,stable
1430__1200_600,99,t_8_16,96.0,0.0,0.0,4.0,0.7145174984470629,0.7354214312537963,0.76743,0,0,stable
1430__1200_600,100,t_8_16,165.0,0.25,0.0,4.0,0.7911278964417996,0.7093653030303071,0.76743,0,0,mild
1430__1200_600,101,t_8_16,130.0,0.0,0.0,2.0,0.996072926352504,0.6485003910144675,0.76743,0,0,stable
1430__1200_600,102,t_8_16,160.0001220703125,0.0,0.0,3.0,0.9978825781880692,0.6730958712979429,0.76743,0,0,stable
1430__1200_600,103,t_8_16,164.99932861328125,0.0,0.0,3.0,0.9818141755326268,0.651109696969701,0.76743,0,0,stable
1430__1200_600,104,t_8_16,144.0,0.25,0.0,6.0,0.5228426117817159,0.0,0.76743,1,0,mild
1430__1200_600,105,t_8_16,84.0,0.25,0.0,5.0,0.4378415087362008,0.8462866339717166,0.76743,0,1,mild
14364,0,t_8_16,84.0,0.0,0.0,5.0,0.9920901713623543,0.8515281926085166,0.76497,0,1,stable
14364,1,t_8_16,78.0,0.0,0.0,3.0,0.9999138302563857,0.8429027675454961,0.76497,0,1,stable
14364,2,t_8_16,91.0,0.0,0.0,4.0,0.9354289081910002,0.9257686991833323,0.76497,0,1,stable
14364,3,t_8_16,97.99893188662827,0.0,0.0,3.0,0.9995801201386936,0.8471504993970101,0.76497,0,1,stable
14364,4,t_8_16,66.0,0.0,0.0,3.0,0.9856243546616197,0.812141164857397,0.76497,0,1,stable
14364,5,t_8_16,66.0,0.0,0.0,3.0,0.9998100760333617,0.8277796397635403,0.76497,0,1,stable
14364,7,t_8_16,66.0,0.0,0.0,5.0,0.6713438997329061,0.8068632472421658,0.76497,0,1,stable
14364,8,t_8_16,77.0,0.0,0.0,2.0,0.9999949845201529,0.8299130423706784,0.76497,0,1,stable
14364,10,t_8_16,84.0,0.0,0.0,3.0,0.9654659593727614,0.9121913091481698,0.76497,0,1,stable
14364,12,t_8_16,66.0,0.0,0.0,1.0,0.9999931068596467,0.0,0.76497,1,0,stable
14364,13,t_8_16,72.0,0.0,0.0,2.0,0.9275494240690444,0.0,0.76497,1,0,stable
14364,14,t_8_16,105.0,0.0,0.0,3.0,0.9652313031910184,0.8408810932603105,0.76497,0,1,stable
14364,15,t_8_16,84.0,0.0,0.0,5.0,0.9991337988556415,0.8161578438680615,0.76497,0,1,stable
14364,16,t_8_16,84.0,0.0,0.0,5.0,0.995532149433745,0.7758161036751202,0.76497,0,1,stable
14364,18,t_8_16,150.0,0.0,0.0,2.0,0.9914036586531061,0.7284855507322906,0.76497,0,0,stable
14364,19,t_8_16,130.0,0.0,0.0,2.0,0.9996493848847136,0.6105487806861517,0.76497,0,0,stable
14364,21,t_8_16,84.0008544921875,0.0,0.0,6.0,0.9843359049509951,0.8417348573953088,0.76497,0,1,stable
14364,22,t_8_16,91.0,0.0,0.0,4.0,0.8540312331766918,0.5375896348318657,0.76497,0,0,stable
14364,23,t_8_16,84.0,0.25,0.25,3.0,0.5083044373713439,0.34765448232083757,0.76497,1,0,mild
1436__2400_1800,0,t_8_16,84.0,0.0,0.0,4.0,0.9455996658323361,0.5847650019652442,0.75748,0,0,stable
1436__2400_1800,1,t_8_16,84.0,0.25,0.0,2.0,0.4683697700603037,0.6976744610396072,0.75748,0,0,mild
1436__2400_1800,2,t_8_16,72.0,0.0,0.0,3.0,0.9924817611516568,0.6741356401356092,0.75748,0,0,stable
1436__2400_1800,3,t_8_16,72.0,0.0,0.0,3.0,0.9632817025001805,0.49429169705900206,0.75748,1,0,stable
1436__2400_1800,4,t_8_16,84.0,0.0,0.0,4.0,0.44660150272173743,0.8640466047024256,0.75748,0,1,stable
1436__2400_1800,5,t_8_16,72.0,0.25,0.25,5.0,0.06308607032370651,0.5160587446871036,0.75748,0,0,mild
1436__2400_1800,6,t_8_16,96.0,0.5,0.5,0.0,,0.7456485273547971,0.75748,0,0,mild
1436__2400_1800,7,t_8_16,72.0,0.0,0.0,1.0,,0.7454844250748979,0.75748,0,0,stable
1436__2400_1800,9,t_8_16,72.0,0.0,0.0,2.0,0.9993745401957931,0.7125462568010562,0.75748,0,0,stable
1436__2400_1800,13,t_8_16,84.0,0.0,0.0,2.0,0.9922035061191696,0.5945096030514778,0.75748,0,0,stable
1436__2400_1800,14,t_8_16,84.0,0.0,0.0,4.0,0.9554831344186627,0.6068182090340611,0.75748,0,0,stable
1436__2400_1800,15,t_8_16,180.0010986328125,0.0,0.0,4.0,0.9872953422664545,0.7482599166666644,0.75748,0,0,stable
1436__2400_1800,16,t_8_16,128.0,0.0,0.0,2.0,0.998102710040815,0.731647170087392,0.75748,0,0,stable
1436__2400_1800,17,t_8_16,108.00009155273438,0.25,0.0,5.0,0.8325973772540702,0.7033453394666499,0.75748,0,0,mild
1436__2400_1800,18,t_8_16,128.0001220703125,0.0,0.0,2.0,0.9961167584251978,0.824418095285,0.75748,0,1,stable
1436__2400_1800,19,t_8_16,84.0,0.0,0.0,4.0,0.9287655096202356,0.7937647885939779,0.75748,0,1,stable
1436__2400_1800,20,t_8_16,84.0,0.0,0.0,5.0,0.9961412161849833,0.7787164397989996,0.75748,0,1,stable
1436__2400_1800,21,t_8_16,72.0,0.0,0.0,5.0,0.9732156937492569,0.5617006506077244,0.75748,0,0,stable
1436__2400_1800,22,t_8_16,127.9990234375,0.0,0.0,4.0,0.9818699043723191,0.832664253020568,0.75748,0,1,stable
1436__2400_1800,23,t_8_16,127.9998779296875,0.0,0.0,2.0,0.969508193110661,0.5961465464586762,0.75748,0,0,stable
1436__2400_1800,24,t_8_16,160.0009765625,0.25,0.0,5.0,0.647825479384117,0.8378290495394782,0.75748,0,1,mild
1436__2400_1800,25,t_8_16,140.0008544921875,0.0,0.0,2.0,0.9944079959711468,0.732855528969243,0.75748,0,0,stable
1436__2400_1800,26,t_8_16,140.0,0.0,0.0,2.0,0.9919879605885703,0.8323344382325811,0.75748,0,1,stable
1436__2400_1800,27,t_8_16,140.0,0.0,0.0,2.0,0.9991235193473772,0.8266896644679593,0.75748,0,1,stable
1436__2400_1800,28,t_8_16,144.0,0.0,0.0,3.0,0.9935267048863474,0.798465106985394,0.75748,0,1,stable
1436__2400_1800,29,t_8_16,96.0,0.0,0.0,1.0,,0.6802813577213217,0.75748,0,0,stable
1436__2400_1800,30,t_8_16,112.0,0.25,0.25,1.0,,0.7868944233102486,0.75748,0,1,mild
1436__2400_1800,31,t_8_16,96.0009765625,0.0,0.0,4.0,0.9001351308977255,0.7224907022630094,0.75748,0,0,stable
1436__2400_1800,32,t_8_16,96.0,0.0,0.0,1.0,,0.6921443278289354,0.75748,0,0,stable
1436__2400_1800,33,t_8_16,72.0,0.5,0.0,5.0,0.311292784012467,0.7050695114811315,0.75748,0,0,mild
1436__2400_1800,34,t_8_16,111.9991455078125,0.5,0.0,5.0,0.24316601885631053,0.5919116146553536,0.75748,0,0,mild
1436__2400_1800,35,t_8_16,220.0,0.0,0.0,3.0,0.9927632340302608,0.733068061159546,0.75748,0,0,stable
1436__2400_1800,36,t_8_16,112.0001220703125,0.0,0.0,2.0,0.4511420459757781,0.8962264207025711,0.75748,0,1,stable
1436__2400_1800,38,t_8_16,96.0,0.0,0.0,4.0,0.782482870813663,0.7088640120846594,0.75748,0,0,stable
1436__2400_1800,39,t_8_16,96.0,0.25,0.0,5.0,0.7107176209780198,0.7785058651892198,0.75748,0,1,mild
1436__2400_1800,40,t_8_16,112.0,0.0,0.0,2.0,0.9878966206413553,0.6918815722187335,0.75748,0,0,stable
1436__2400_1800,41,t_8_16,72.0,0.0,0.0,1.0,,0.7980006676555971,0.75748,0,1,stable
1436__2400_1800,42,t_8_16,84.0,0.0,0.0,1.0,0.9999999999678044,0.6194566301970275,0.75748,0,0,stable
1436__2400_1800,43,s_16_32,324.0,0.0,0.0,6.0,0.988766554909141,0.40941660422180387,0.75748,1,0,stable
1436__2400_1800,44,t_8_16,240.0,0.0,0.0,4.0,0.9976495516233514,0.5784081333333324,0.75748,0,0,stable
1436__2400_1800,46,t_8_16,112.0,0.0,0.0,2.0,0.941597682514497,0.6614419684034613,0.75748,0,0,stable
1436__2400_1800,48,t_8_16,84.0008544921875,0.0,0.0,5.0,0.9918801205446333,0.6275682150449066,0.75748,0,0,stable
1436__2400_1800,49,t_8_16,84.0,0.0,0.0,1.0,,0.7493086359978851,0.75748,0,0,stable
1436__2400_1800,51,t_8_16,128.0,0.0,0.0,2.0,0.99503519852682,0.7168269302282119,0.75748,0,0,stable
1436__2400_1800,54,t_8_16,84.0,0.25,0.0,1.0,0.9999981958871099,0.45505423475061485,0.75748,1,0,mild
1436__2400_1800,55,t_8_16,88.0,0.0,0.0,6.0,0.9384705962600365,0.42812185673443,0.75748,1,0,stable
1436__2400_1800,56,t_8_16,180.0,0.0,0.0,3.0,0.9795806152036118,0.6463796531633822,0.75748,0,0,stable
1436__2400_1800,57,t_8_16,180.0,0.25,0.25,1.0,0.9999998046864655,0.4249324909691072,0.75748,1,0,mild
1436__2400_1800,59,s_16_32,260.0,0.0,0.0,4.0,0.9977680752042654,0.43713966693229717,0.75748,1,0,stable
1436__2400_1800,60,t_8_16,144.0,0.75,0.5,1.0,,0.7494880404852066,0.75748,0,0,high
1436__2400_1800,61,t_8_16,180.0,0.0,0.0,3.0,0.9970992128655649,0.6736839509054441,0.75748,0,0,stable
1436__2400_1800,62,t_8_16,84.0,0.25,0.25,4.0,0.9281326111190632,0.5789666707842274,0.75748,0,0,mild
1436__2400_1800,64,t_8_16,108.0,0.25,0.0,5.0,0.61279974295962,0.6029682814867321,0.75748,0,0,mild
1436__2400_1800,65,t_8_16,128.0,0.0,0.0,3.0,0.9823643489370775,0.6100534249105105,0.75748,0,0,stable
1436__2400_1800,66,t_8_16,108.0,0.5,0.0,5.0,0.3023754123205896,0.2931811428769042,0.75748,1,0,mild
1436__2400_1800,67,t_8_16,180.0,0.0,0.0,4.0,0.9994576618136631,0.7038840542478177,0.75748,0,0,stable
1436__2400_1800,68,t_8_16,108.0,0.0,0.0,5.0,0.8224006139374123,0.6560511296733155,0.75748,0,0,stable
1436__2400_1800,69,s_16_32,832.001953125,0.0,0.0,10.0,0.7372303620875436,0.5870130682075568,0.75748,0,0,stable
1436__2400_1800,70,t_8_16,111.99998474121094,0.5,0.5,1.0,,0.6635056681906943,0.75748,0,0,mild
1436__2400_1800,71,t_8_16,108.0,0.0,0.0,5.0,0.9885085812478338,0.6167962381058675,0.75748,0,0,stable
1436__2400_1800,72,t_8_16,84.0,0.0,0.0,2.0,0.5284659828935162,0.5539962314937134,0.75748,0,0,stable
1436__2400_1800,73,t_8_16,112.0,0.0,0.0,1.0,,0.5884787734676227,0.75748,0,0,stable
1436__2400_1800,74,s_16_32,263.9986572265625,0.0,0.0,7.0,0.9836124710969527,0.6025095969487081,0.75748,0,0,stable
1436__2400_1800,76,t_8_16,128.0,0.0,0.0,2.0,0.9997746271056231,0.8759287265280781,0.75748,0,1,stable
1436__2400_1800,77,t_8_16,128.0,0.5,0.5,1.0,,0.7341359381803705,0.75748,0,0,mild
1436__2400_1800,78,t_8_16,84.0,0.0,0.0,2.0,0.9606816653308262,0.5283424277949011,0.75748,0,0,stable
1436__2400_1800,79,s_16_32,960.001953125,0.0,0.0,10.0,0.8704994293238755,0.5872780749999984,0.75748,0,0,stable
1436__2400_1800,80,t_8_16,130.0,0.0,0.0,2.0,0.8216268965873015,0.5130888,0.75748,0,0,stable
1436__2400_1800,81,t_8_16,96.0,0.0,0.0,4.0,0.6952846111187564,0.7058470991582539,0.75748,0,0,stable
1436__2400_1800,82,t_8_16,64.0,0.0,0.0,1.0,,0.5658156017713831,0.75748,0,0,stable
1436__2400_1800,83,t_8_16,198.0,0.25,0.0,5.0,0.6210143156537441,0.5532753281439331,0.75748,0,0,mild
1436__2400_1800,84,t_8_16,144.0,0.0,0.0,3.0,0.9533588401771635,0.7220851068050583,0.75748,0,0,stable
1436__2400_1800,85,t_8_16,143.0,0.0,0.0,2.0,0.9999999999669839,0.5902111971291694,0.75748,0,0,stable
1436__2400_1800,86,t_8_16,119.0,0.0,0.0,4.0,0.5272616490791655,0.6149144273532319,0.75748,0,0,stable
1436__2400_1800,87,t_8_16,144.0,0.0,0.0,2.0,0.9894185783294761,0.7962254722222145,0.75748,0,1,stable
1436__2400_1800,88,t_8_16,104.0,0.25,0.0,3.0,0.3038149315049955,0.7880186388103788,0.75748,0,1,mild
1436__2400_1800,89,t_8_16,135.0,0.0,0.0,2.0,0.9464594489828597,0.8145466130872315,0.75748,0,1,stable
1436__2400_1800,90,t_8_16,136.0,0.0,0.0,2.0,0.9935725654629488,0.7869817927128152,0.75748,0,1,stable
1436__2400_1800,91,t_8_16,143.0,0.0,0.0,2.0,0.7830627589078725,0.4621556150264711,0.75748,1,0,stable
1436__2400_1800,92,t_8_16,135.0,0.0,0.0,2.0,0.9599336585621367,0.5999382518518539,0.75748,0,0,stable
1436__2400_1800,93,t_8_16,187.0,0.0,0.0,3.0,0.9981854492377921,0.7130488235294097,0.75748,0,0,stable
1450__1200_2400,1,s_16_32,279.998779296875,0.0,0.0,5.0,0.8546026224916028,0.7112823855838193,0.81034,0,0,stable
1450__1200_2400,2,s_16_32,840.0,0.0,0.0,10.0,0.9090573434505483,0.6559925621477567,0.81034,0,0,stable
1450__1200_2400,5,s_16_32,360.0,0.0,0.0,5.0,0.9991522709897231,0.7001408888888898,0.81034,0,0,stable
1450__1200_2400,6,t_8_16,84.0,0.0,0.0,1.0,0.9999963186854278,0.7819814348298066,0.81034,0,1,stable
1450__1200_2400,7,t_8_16,140.0,0.25,0.0,2.0,0.9751594075394575,0.7961176656732412,0.81034,0,1,mild
1450__1200_2400,8,t_8_16,224.0,0.0,0.0,5.0,0.9995449399046831,0.8498659207883449,0.81034,0,1,stable
1450__1200_2400,9,s_16_32,288.0,0.0,0.0,4.0,0.9495446983786285,0.7577940624999999,0.81034,0,1,stable
1450__1200_2400,10,t_8_16,120.0,0.0,0.0,1.0,,0.8556758124257524,0.81034,0,1,stable
1450__1200_2400,11,t_8_16,192.0,0.0,0.0,4.0,0.9913910425483957,0.5910942144610603,0.81034,0,0,stable
1450__1200_2400,12,t_8_16,192.0,0.0,0.0,2.0,0.9998860763110714,0.5557936373495207,0.81034,0,0,stable
1450__1200_2400,13,t_8_16,144.0,0.0,0.0,2.0,0.9999999999852844,0.6734920434621526,0.81034,0,0,stable
1450__1200_2400,14,t_8_16,140.0008544921875,0.0,0.0,2.0,0.9897742263976232,0.5926751237758929,0.81034,0,0,stable
1450__1200_2400,15,t_8_16,200.0,0.0,0.0,3.0,0.9562837561344336,0.5103684944659964,0.81034,0,0,stable
1450__1200_2400,16,s_16_32,288.0,0.0,0.0,5.0,0.6056658451344256,0.5558077083333329,0.81034,0,0,stable
1450__1200_2400,17,s_16_32,352.0,0.0,0.0,7.0,0.9915698709366974,0.6412006249999991,0.81034,0,0,stable
1450__1200_2400,18,t_8_16,252.0,0.0,0.0,5.0,0.9851815939961956,0.7597964607892443,0.81034,0,1,stable
1450__1200_2400,19,t_8_16,140.0,0.0,0.0,2.0,0.9999999999925684,0.7633630407247755,0.81034,0,1,stable
1450__1200_2400,20,s_16_32,320.0,0.0,0.0,5.0,0.9861709647838705,0.5151124687499958,0.81034,0,0,stable
1450__1200_2400,21,t_8_16,120.0,0.0,0.0,1.0,,0.759414601957286,0.81034,0,1,stable
1450__1200_2400,22,s_16_32,576.0,0.0,0.0,10.0,0.9989627717953499,0.7152714951370587,0.82241,0,0,stable
1450__1200_2400,23,t_8_16,112.0,0.0,0.0,2.0,0.7365382812008378,0.6505187778533542,0.81034,0,0,stable
1450__1200_2400,24,t_8_16,168.0,0.0,0.0,2.0,0.6935704254709449,0.6393567857142841,0.81034,0,0,stable
1450__1200_2400,25,s_16_32,320.0,0.0,0.0,5.0,0.9982377013322868,0.8122910111904127,0.81034,0,1,stable
1450__1200_2400,26,t_8_16,224.0,0.0,0.0,5.0,0.4921969723240201,0.7147338179111743,0.81034,0,0,stable
1450__1200_2400,27,t_8_16,96.0,0.0,0.0,2.0,0.9528647819533325,0.49347976499139673,0.81034,1,0,stable
1450__1200_2400,28,s_16_32,572.0,0.0,0.0,10.0,0.8572386621095446,0.8543410009534129,0.82241,0,1,stable
1450__1200_2400,29,s_16_32,279.9991455078125,0.0,0.0,5.0,0.3485738556654747,0.7291902285948209,0.81034,0,0,stable
1450__1200_2400,30,t_8_16,96.0,0.25,0.25,2.0,0.9694817050002049,0.44518729451496275,0.81034,1,0,mild
1450__1200_2400,31,t_8_16,192.0,0.0,0.0,4.0,0.996582622215248,0.8242018308542061,0.81034,0,1,stable
1450__1200_2400,32,t_8_16,224.0,0.0,0.0,3.0,0.9965619690047806,0.8266329017857093,0.81034,0,1,stable
1450__1200_2400,33,t_8_16,223.99908447288908,0.0,0.0,3.0,0.9929843783722022,0.6676160890279039,0.81034,0,0,stable
1450__1200_2400,34,t_8_16,80.00048828125,0.0,0.0,1.0,0.9999647804113846,0.3202085005723186,0.81034,1,0,stable
1450__1200_2400,35,t_8_16,192.0,0.0,0.0,3.0,0.9542558509522115,0.7457733958333403,0.81034,0,0,stable
1450__1200_2400,36,t_8_16,191.999267578125,0.0,0.0,3.0,0.993337285706617,0.6163989289514467,0.81034,0,0,stable
1450__1200_2400,37,t_8_16,144.0,0.0,0.0,2.0,0.9983009888226465,0.6802132061699958,0.81034,0,0,stable
1450__1200_2400,38,t_8_16,140.0,0.25,0.0,3.0,0.6114900340717065,0.38378018177056766,0.81034,1,0,mild
1450__1200_2400,39,t_8_16,168.0,0.0,0.0,2.0,0.958339774770387,0.6274028538837179,0.81034,0,0,stable
1450__1200_2400,40,s_16_32,528.0,0.0,0.0,7.0,0.988744066060244,0.8953711225800918,0.82241,0,1,stable
1450__1200_2400,41,s_16_32,288.0,0.0,0.0,4.0,0.9990568435933819,0.7964268629478221,0.81034,0,1,stable
1450__1200_2400,42,t_8_16,180.0,0.0,0.0,4.0,0.990651910473103,0.6567130682075062,0.81034,0,0,stable
1450__1200_2400,43,t_8_16,140.0,0.0,0.0,3.0,0.9914097727798297,0.6028029182984384,0.81034,0,0,stable
1450__1200_2400,44,t_8_16,255.9990234375,0.0,0.0,5.0,0.6562676543440962,0.736020453695144,0.81034,0,0,stable
1450__1200_2400,45,t_8_16,112.0,0.25,0.25,2.0,0.8439148411908234,0.39759726446548255,0.81034,1,0,mild
1450__1200_2400,46,t_8_16,120.0,0.0,0.0,1.0,,0.6426865738404456,0.81034,0,0,stable
1450__1200_2400,47,s_16_32,280.0,0.0,0.0,4.0,0.9970343285108879,0.7268591892507004,0.81034,0,0,stable
1450__1200_2400,48,t_8_16,195.0,0.25,0.0,4.0,0.424968523361292,0.7614836689857644,0.81034,0,1,mild
1450__1200_2400,49,t_8_16,168.0,0.0,0.0,2.0,0.5508056618633312,0.8767249119799364,0.81034,0,1,stable
1450__1200_2400,50,t_8_16,143.0,0.0,0.0,2.0,0.8684769312195635,0.7111303421834461,0.81034,0,0,stable
1450__1200_2400,51,t_8_16,195.00022888183594,0.0,0.0,3.0,0.7022732688569444,0.7740520270121852,0.81034,0,1,stable
1450__1200_2400,52,t_8_16,156.00018310546875,0.0,0.0,2.0,0.8587645875787159,0.6863660681626981,0.81034,0,0,stable
1450__1200_2400,53,t_8_16,110.0,0.0,0.0,1.0,,0.7170273661968269,0.81034,0,0,stable
1450__1200_2400,54,t_8_16,210.0,0.0,0.0,2.0,0.9976193386143345,0.8251657849345329,0.81034,0,1,stable
1450__1200_2400,55,t_8_16,167.99978637695312,0.0,0.0,2.0,0.9983825415260761,0.7135146532688699,0.81034,0,0,stable
1450__1200_2400,57,s_16_32,330.0,0.0,0.0,6.0,0.925999349420955,0.6262089696969688,0.81034,0,0,stable
1450__1200_2400,58,s_16_32,340.0,0.0,0.0,7.0,0.9879194999844159,0.7464876877826436,0.81034,0,0,stable
1450__1200_2400,59,s_16_32,352.0,0.0,0.0,8.0,0.9821782800343072,0.8673523337028879,0.81034,0,1,stable
1450__1200_2400,60,t_8_16,238.0,0.0,0.0,5.0,0.9936309401363869,0.7052127103879833,0.81034,0,0,stable
1450__1200_2400,61,t_8_16,238.0,0.0,0.0,3.0,0.9969140864802324,0.8420759999999999,0.81034,0,1,stable
1450__1200_2400,62,s_16_32,256.0,0.0,0.0,5.0,0.9813479658817259,0.7315749335937493,0.81034,0,0,stable
1450__1200_2400,63,s_16_32,269.9989013671875,0.0,0.0,5.0,0.9901693581685372,0.1310243814852149,0.81034,1,0,stable
1450__1200_2400,64,t_8_16,160.0,0.25,0.0,2.0,0.910907712891532,0.6802239488954172,0.81034,0,0,mild
1476__1800_1800,0,t_8_16,84.0,0.0,0.0,5.0,0.9948666915116468,0.6608439885695016,0.75629,0,0,stable
1476__1800_1800,1,t_8_16,84.0,0.0,0.0,4.0,0.9548468415042077,0.7807477421890647,0.75629,0,1,stable
1476__1800_1800,2,t_8_16,96.0,0.25,0.25,1.0,,0.6222687390890062,0.75629,0,0,mild
1476__1800_1800,3,t_8_16,112.0,0.25,0.25,2.0,0.9936468134451075,0.8524337651474733,0.75629,0,1,mild
1476__1800_1800,4,t_8_16,84.0,0.0,0.0,3.0,0.9320076830854922,0.8085997357043616,0.75629,0,1,stable
1476__1800_1800,5,t_8_16,192.0,0.0,0.0,3.0,0.999883324682663,0.7339051848025521,0.75629,0,0,stable
1476__1800_1800,6,t_8_16,180.0006103515625,0.0,0.0,2.0,0.9983156621307271,0.6225277166666691,0.75629,0,0,stable
1476__1800_1800,7,t_8_16,72.0,0.25,0.0,4.0,0.5571256526688264,0.7207306046138972,0.75629,0,0,mild
1496__2438_2419,0,s_16_32,480.0,0.0,0.0,10.0,0.9966388751895746,0.8322511410537722,0.806,0,1,stable
1496__2438_2419,1,t_8_16,191.999755859375,0.25,0.0,4.0,0.5399349239855248,0.9344612747010139,0.806,0,1,mild
1496__2438_2419,2,t_8_16,252.0,0.0,0.0,3.0,0.9982494461994433,0.889611863647506,0.806,0,1,stable
1496__2438_2419,3,t_8_16,192.0,0.0,0.0,5.0,0.9834120891156174,0.7676785760509218,0.806,0,1,stable
1496__2438_2419,4,t_8_16,140.00015258789062,0.0,0.0,1.0,,0.6503161999943422,0.806,0,0,stable
1496__2438_2419,5,t_8_16,240.0,0.0,0.0,5.0,0.4305431454534146,0.8848739440591886,0.806,0,1,stable
1496__2438_2419,6,t_8_16,224.0,0.0,0.0,3.0,0.9302666457267812,0.5849436649182672,0.806,0,0,stable
1496__2438_2419,7,t_8_16,96.0,0.5,0.5,0.0,,0.716871604576849,0.806,0,0,mild
1496__2438_2419,8,s_16_32,504.0,0.0,0.0,8.0,0.6704559197198271,0.5205719226190476,0.806,0,0,stable
1496__2438_2419,9,t_8_16,223.9991455078125,0.0,0.0,3.0,0.9992051085773572,0.8396438024809161,0.806,0,1,stable
1496__2438_2419,10,s_16_32,468.0010986328125,0.0,0.0,8.0,0.9970405600463078,0.8387167948717944,0.806,0,1,stable
1496__2438_2419,11,t_8_16,223.99957275390625,0.0,0.0,3.0,0.9976094356590335,0.6801906122684255,0.806,0,0,stable
1496__2438_2419,12,s_16_32,660.0,0.0,0.0,10.0,0.9971181142095864,0.692621327854569,0.806,0,0,stable
1496__2438_2419,13,t_8_16,179.99969482421875,0.0,0.0,3.0,0.9855794621551199,0.8575110105110846,0.806,0,1,stable
1496__2438_2419,14,t_8_16,140.0,0.0,0.0,2.0,0.9989890770248898,0.8046194536201712,0.806,0,1,stable
1496__2438_2419,15,t_8_16,159.99951171875,0.0,0.0,3.0,0.9971807902317131,0.8360076866474405,0.806,0,1,stable
1496__2438_2419,16,s_16_32,360.0,0.0,0.0,5.0,0.9990441539926181,0.6972004324846579,0.806,0,0,stable
1496__2438_2419,17,s_16_32,520.001220703125,0.0,0.0,10.0,0.9995162495884632,0.861268573827318,0.806,0,1,stable
1496__2438_2419,18,t_8_16,112.0,0.25,0.25,3.0,0.9076284526208935,0.7112784362787299,0.806,0,0,mild
1496__2438_2419,19,t_8_16,192.0,0.0,0.0,3.0,0.9970313402004286,0.57131639606212,0.806,0,0,stable
1496__2438_2419,20,s_16_32,900.0018310546875,0.25,0.0,10.0,0.5482469154840973,0.5285527111111118,0.806,0,0,mild
1496__2438_2419,21,t_8_16,215.99945068359375,0.0,0.0,3.0,0.9996213845537245,0.5576681599485093,0.806,0,0,stable
1496__2438_2419,22,t_8_16,195.99957275390625,0.0,0.0,2.0,0.9900596252345447,0.7673173469223706,0.806,0,1,stable
1496__2438_2419,23,t_8_16,224.0,0.0,0.0,3.0,0.99884100761245,0.7239625932179884,0.806,0,0,stable
1496__2438_2419,24,s_16_32,572.0,0.0,0.0,8.0,0.9848186086354156,0.8086651964638019,0.806,0,1,stable
1496__2438_2419,25,t_8_16,140.00015258789062,0.0,0.0,3.0,0.9974702286317289,0.812954271014129,0.806,0,1,stable
1496__2438_2419,26,t_8_16,112.0,0.0,0.0,2.0,0.984431935171043,0.628224699178574,0.806,0,0,stable
1496__2438_2419,27,s_16_32,616.0,0.0,0.0,10.0,0.9944733976988993,0.9041647783610582,0.806,0,1,stable
1496__2438_2419,28,t_8_16,168.0,0.0,0.0,4.0,0.9840101942036467,0.8457915272024763,0.806,0,1,stable
1496__2438_2419,29,s_16_32,483.0,0.0,0.0,10.0,0.9992830378769628,0.8112676820343334,0.806,0,1,stable
1496__2438_2419,30,s_16_32,340.0,0.0,0.0,6.0,0.5958467802092666,0.8005112711903503,0.806,0,1,stable
1496__2438_2419,31,t_8_16,208.0,0.0,0.0,5.0,0.9702167615195425,0.875457601599923,0.806,0,1,stable
1529__0_1200,0,t_8_16,192.0,0.0,0.0,4.0,0.8405264454423856,0.6752699931675108,0.7878,0,0,stable
1529__0_1200,2,s_16_32,312.000732421875,0.0,0.0,7.0,0.9996777005592742,0.8141643016614425,0.7878,0,1,stable
1529__0_1200,3,t_8_16,160.0,0.0,0.0,2.0,0.9850596635057957,0.8158756735007849,0.7878,0,1,stable
1529__0_1200,4,s_16_32,264.0,0.0,0.0,4.0,0.9970994575531082,0.7082893371212134,0.7878,0,0,stable
1529__0_1200,5,t_8_16,160.0,0.25,0.0,5.0,0.8195552142141592,0.7194841207395967,0.7878,0,0,mild
1529__0_1200,6,t_8_16,160.0,0.0,0.0,3.0,0.9992382832261176,0.6031532020065249,0.7878,0,0,stable
1529__0_1200,7,t_8_16,120.0,0.0,0.0,4.0,0.9928507249746884,0.5421129991291018,0.7878,0,0,stable
1529__0_1200,8,t_8_16,112.0,0.0,0.0,3.0,0.9559916396816086,0.579056997407479,0.7878,0,0,stable
1529__0_1200,9,t_8_16,180.0,0.0,0.0,3.0,0.99304266594364,0.9136498151091954,0.7878,0,1,stable
1529__0_1200,10,s_16_32,648.0,0.0,0.0,10.0,0.995394369238824,0.3393202777777774,0.7878,1,0,stable
1529__0_1200,11,s_16_32,420.0,0.0,0.0,7.0,0.94744904847527,0.33638589761904764,0.7878,1,0,stable
1529__0_1200,12,t_8_16,160.0,0.0,0.0,3.0,0.9985309151662519,0.7323547171488893,0.7878,0,0,stable
1529__0_1200,13,t_8_16,160.0,0.25,0.0,5.0,0.8912373268753985,0.5688450228418697,0.7878,0,0,mild
1529__0_1200,14,t_8_16,144.0,0.0,0.0,2.0,0.9779095697007733,0.5733790911722022,0.7878,0,0,stable
1529__0_1200,15,t_8_16,144.0,0.5,0.5,0.0,,0.7245011242202373,0.7878,0,0,mild
1529__0_1200,16,t_8_16,128.0,0.5,0.5,0.0,,0.8260585966730691,0.7878,0,1,mild
1529__0_1200,17,t_8_16,160.0,0.0,0.0,3.0,0.9964049789432012,0.8919286249999963,0.7878,0,1,stable
1529__0_1200,18,t_8_16,240.0,0.0,0.0,4.0,0.9930245886230812,0.7047908543032422,0.7878,0,0,stable
1529__0_1200,19,s_16_32,256.0,0.0,0.0,5.0,0.7669927027447305,0.47464607944510084,0.7878,1,0,stable
1529__0_1200,20,s_16_32,263.99981689453125,0.0,0.0,2.0,0.992636573853644,0.6587091818181786,0.7878,0,0,stable
1529__0_1200,21,t_8_16,128.0,0.0,0.0,3.0,0.9895133105759212,0.6341723081684788,0.7878,0,0,stable
1529__0_1200,22,t_8_16,112.0,0.25,0.25,2.0,,0.7741450660633444,0.7878,0,1,mild
1529__0_1200,23,t_8_16,160.0,0.5,0.5,1.0,,0.8195733504410383,0.7878,0,1,mild
1529__0_1200,24,t_8_16,200.0,0.0,0.0,3.0,0.9875789951723741,0.7080161569785187,0.7878,0,0,stable
1529__0_1200,25,t_8_16,108.0,0.0,0.0,4.0,0.4536313487191004,0.7249783240740706,0.7878,0,0,stable
1529__0_1200,26,t_8_16,144.0,0.0,0.0,3.0,0.9478940117618612,0.7788120704758161,0.7878,0,1,stable
1529__0_1200,27,t_8_16,128.0,0.0,0.0,2.0,0.9837947184228543,0.667915756425934,0.7878,0,0,stable
1529__0_1200,28,t_8_16,72.0,0.0,0.0,2.0,0.9492697576208657,0.6275979066681022,0.7878,0,0,stable
1529__0_1200,29,t_8_16,160.0,0.0,0.0,1.0,,0.7755758521366531,0.7878,0,1,stable
1529__0_1200,30,t_8_16,180.0,0.25,0.0,5.0,0.6268570988776674,0.9341780417274208,0.7878,0,1,mild
1529__0_1200,31,s_16_32,288.0,0.0,0.0,5.0,0.9951107145365555,0.5857345269657855,0.7878,0,0,stable
1529__0_1200,32,t_8_16,180.0,0.0,0.0,3.0,0.9883492843212776,0.6838803108569806,0.7878,0,0,stable
1529__0_1200,33,t_8_16,160.0009765625,0.0,0.0,3.0,0.9997122395953963,0.7532140040553733,0.7878,0,1,stable
1529__0_1200,34,t_8_16,80.0,0.5,0.5,2.0,0.6116310598546748,0.6076195472953823,0.7878,0,0,mild
1529__0_1200,35,t_8_16,112.0,0.0,0.0,2.0,0.8579423336157801,0.6269556255300455,0.7878,0,0,stable
1529__0_1200,36,t_8_16,179.99969482421875,0.0,0.0,3.0,0.9965566013402982,0.7752515220060846,0.7878,0,1,stable
1529__0_1200,37,t_8_16,180.0,0.0,0.0,2.0,0.9986371542532608,0.7777960232034291,0.7878,0,1,stable
1529__0_1200,38,t_8_16,195.00091552734375,0.3333333333333333,0.0,4.0,0.06650485643533266,0.7325441681132162,0.7878,0,0,mild
1529__0_1200,39,t_8_16,113.9992370614782,0.25,0.25,3.0,0.11219641478494345,0.5219062743456363,0.7878,0,0,mild
1530__0_0,0,t_8_16,162.0,0.0,0.0,3.0,0.991382607098738,0.7805330731864688,0.73581,0,1,stable
1530__0_0,1,t_8_16,160.0,0.0,0.0,2.0,0.9936425615803437,0.8172171125405061,0.73581,0,1,stable
1530__0_0,2,t_8_16,112.0,0.0,0.0,2.0,0.9900967972122785,0.7242002279681922,0.73581,0,0,stable
1530__0_0,3,t_8_16,224.0,0.0,0.0,3.0,0.9975785015178045,0.869153049517986,0.73581,0,1,stable
1530__0_0,4,t_8_16,160.0,0.0,0.0,2.0,0.9660796333027505,0.5402506962648425,0.73581,0,0,stable
1530__0_0,6,t_8_16,96.0,0.25,0.25,2.0,0.9909367021707274,0.6758153479861928,0.73581,0,0,mild
1530__0_0,7,t_8_16,180.00003814697266,0.0,0.0,4.0,0.9996138947374318,0.8469067500000036,0.73581,0,1,stable
1530__0_0,8,t_8_16,180.0,0.0,0.0,3.0,0.9985088514142446,0.7254680490498073,0.73581,0,0,stable
1530__0_0,9,t_8_16,152.0,0.25,0.25,4.0,0.8025220746632968,0.6135873102668838,0.73581,0,0,mild
1530__0_0,10,t_8_16,175.9986572265625,0.0,0.0,7.0,0.9925377611501388,0.7516533579545432,0.73581,0,1,stable
1530__0_0,11,t_8_16,112.0,0.25,0.25,3.0,0.7990077450126153,0.7247862842219299,0.73581,0,0,mild
1530__0_0,12,s_16_32,357.0,0.0,0.0,8.0,0.9920373000279623,0.7909081523325256,0.73581,0,1,stable
1565__600_1800,0,t_8_16,84.0,0.0,0.0,4.0,0.9293528436347741,0.6628265738511657,0.73311,0,0,stable
1565__600_1800,1,t_8_16,192.0,0.0,0.0,3.0,0.9939057534711097,0.8402004914973589,0.73311,0,1,stable
1565__600_1800,2,t_8_16,144.0,0.0,0.0,1.0,0.9878977956081048,0.797376033359453,0.73311,0,1,stable
1565__600_1800,3,t_8_16,84.0,0.0,0.0,3.0,0.8944137664445266,0.8549763036875834,0.73311,0,1,stable
1565__600_1800,4,t_8_16,168.0,0.0,0.0,3.0,0.8801929869234338,0.6148956437384684,0.73311,0,0,stable
1565__600_1800,5,t_8_16,112.0,0.0,0.0,2.0,0.8013102500278005,0.6963390000000014,0.73311,0,0,stable
1565__600_1800,6,t_8_16,96.0,0.0,0.0,2.0,0.9267748316695597,0.6281698399046117,0.73311,0,0,stable
1565__600_1800,7,t_8_16,96.0,0.0,0.0,5.0,0.9952875633663517,0.6808741675234476,0.73311,0,0,stable
1565__600_1800,8,t_8_16,84.0,0.0,0.0,5.0,0.8401736684351,0.7336653453028832,0.73311,0,0,stable
1565__600_1800,9,t_8_16,140.0,0.0,0.0,2.0,0.7708702726429632,0.5791741405434875,0.73311,0,0,stable
1565__600_1800,10,t_8_16,96.0,0.0,0.0,2.0,0.9656213910605369,0.6894987560165575,0.73311,0,0,stable
1565__600_1800,11,t_8_16,72.0,0.0,0.0,4.0,0.6178015053132924,0.6925007801694554,0.73311,0,0,stable
1565__600_1800,12,t_8_16,96.0,0.0,0.0,1.0,,0.8067589067750641,0.73311,0,1,stable
1565__600_1800,13,t_8_16,112.0,0.25,0.25,2.0,0.9856843210806733,0.7290334960632614,0.73311,0,0,mild
1565__600_1800,14,t_8_16,96.0,0.0,0.0,5.0,0.9902634847020219,0.5701627163093788,0.73311,0,0,stable
1565__600_1800,15,t_8_16,80.0,0.0,0.0,1.0,,0.6454033981014774,0.73311,0,0,stable
1565__600_1800,16,t_8_16,160.0,0.0,0.0,3.0,0.998177953957596,0.6131645534087123,0.73311,0,0,stable
1565__600_1800,17,t_8_16,240.0,0.0,0.0,5.0,0.9503238437095013,0.7358081895285372,0.73311,0,0,stable
1565__600_1800,18,t_8_16,139.99989318847656,0.0,0.0,2.0,0.9959223269673945,0.7504057527238799,0.73311,0,1,stable
1565__600_1800,19,t_8_16,84.0,0.0,0.0,5.0,0.9439526037890206,0.708935526115454,0.73311,0,0,stable
1565__600_1800,20,t_8_16,96.0,0.75,0.75,1.0,,0.8146773514101167,0.73311,0,1,high
1565__600_1800,21,t_8_16,80.0,0.25,0.25,1.0,,0.5675172632204095,0.73311,0,0,mild
1565__600_1800,22,t_8_16,255.0,0.0,0.0,5.0,0.9376428765835685,0.5570017647058799,0.73311,0,0,stable
1565__600_1800,23,t_8_16,156.0,0.0,0.0,3.0,0.9891489673059815,0.7835053367940326,0.73311,0,1,stable
1565__600_1800,24,t_8_16,140.0,0.0,0.0,3.0,0.9851572370408453,0.5648671790640545,0.73311,0,0,stable
1565__600_1800,25,t_8_16,153.00103759765625,0.0,0.0,2.0,0.9811200378053594,0.6364335389288728,0.73311,0,0,stable
1565__600_1800,26,t_8_16,162.0,0.0,0.0,3.0,0.9705054695433465,0.7389874814814789,0.73311,0,0,stable
1565__600_1800,27,t_8_16,208.00095176685136,0.0,0.0,4.0,0.9094871723993887,0.5103277692307686,0.73311,0,0,stable
1565__600_1800,28,t_8_16,196.0,0.0,0.0,3.0,0.9399099666923743,0.45579158015169435,0.73311,1,0,stable
1565__600_1800,30,t_8_16,84.0,0.0,0.0,5.0,0.9214547657698506,0.6125940781350407,0.73311,0,0,stable
1565__600_1800,31,t_8_16,99.0,0.0,0.0,2.0,0.9576714692464376,0.7987249422063926,0.73311,0,1,stable
1565__600_1800,32,s_16_32,266.0,0.0,0.0,5.0,0.9186839840634806,0.36934063157894936,0.73311,1,0,stable
1565__600_1800,33,t_8_16,144.0,0.25,0.0,2.0,0.8841893824529521,0.7886616687457988,0.73311,0,1,mild
1565__600_1800,34,t_8_16,168.0,0.0,0.0,2.0,0.7685539759248893,0.4665977085161259,0.73311,1,0,stable
1565__600_1800,35,t_8_16,135.0,0.0,0.0,2.0,0.9779574949839818,0.5166190757460901,0.73311,0,0,stable
1565__600_1800,36,t_8_16,228.0,0.0,0.0,3.0,0.9172296260730513,0.48535780822351265,0.73311,1,0,stable
1565__600_1800,37,t_8_16,126.0,0.25,0.0,2.0,0.9474117582335101,0.6420753809523793,0.73311,0,0,mild
1565__600_1800,38,t_8_16,120.0,0.25,0.25,2.0,0.9955531852733149,0.6933162736605568,0.73311,0,0,mild
1565__600_1800,39,t_8_16,144.0,0.0,0.0,2.0,0.9570586152426517,0.6766189868024072,0.73311,0,0,stable
1565__600_1800,40,t_8_16,90.0,0.25,0.0,4.0,0.843323566336753,0.6336777351498486,0.73311,0,0,mild
1565__600_1800,41,t_8_16,100.0,0.0,0.0,2.0,0.9798437909564401,0.7038918710384966,0.73311,0,0,stable
1565__600_1800,42,t_8_16,132.0,0.0,0.0,2.0,0.6423263105677957,0.689418348484843,0.73311,0,0,stable
1565__600_1800,43,t_8_16,110.0,0.0,0.0,2.0,0.9873330302238638,0.6252613896645337,0.73311,0,0,stable
1565__600_1800,44,t_8_16,120.0,0.25,0.25,2.0,0.994267657443235,0.6608550550686072,0.73311,0,0,mild
1565__600_1800,45,t_8_16,210.0,0.0,0.0,5.0,0.9047141392099641,0.49359589516474023,0.73311,1,0,stable
1565__600_1800,46,t_8_16,240.0,0.0,0.0,5.0,0.9853280902704734,0.4914881291666664,0.73311,1,0,stable
1565__600_1800,47,t_8_16,255.0,0.0,0.0,5.0,0.9020313321715747,0.45135650515041065,0.73311,1,0,stable
1565__600_1800,48,t_8_16,169.99948120117188,0.0,0.0,4.0,0.9956879783247968,0.6224299941176462,0.73311,0,0,stable
1565__600_1800,49,t_8_16,156.0,0.0,0.0,2.0,0.9973606870867415,0.6487102113277801,0.73311,0,0,stable
1565__600_1800,50,t_8_16,72.0,0.5,0.0,4.0,0.5821175468123261,0.5408325496547675,0.73311,0,0,mild
1565__600_1800,51,t_8_16,108.0,0.25,0.0,2.0,0.941131144072738,0.42027174866009964,0.73311,1,0,mild
1565__600_1800,52,t_8_16,90.0006103515625,0.0,0.0,1.0,,0.7538660862229364,0.73311,0,1,stable
1565__600_1800,53,t_8_16,104.0,0.0,0.0,3.0,0.9453472633781815,0.7945899568759086,0.73311,0,1,stable
1565__600_1800,54,t_8_16,72.0,0.0,0.0,3.0,0.9981867907956493,0.6941008150006445,0.73311,0,0,stable
1579__2400_1200,0,t_8_16,220.0,0.0,0.0,4.0,0.9995274147369615,0.8086844114140846,0.78141,0,1,stable
1584__1800_600,0,t_8_16,96.0,0.0,0.0,1.0,,0.8479349498223899,0.71665,0,1,stable
1584__1800_600,1,t_8_16,240.0,0.0,0.0,2.0,0.8389883760728306,0.515536895833332,0.71665,0,0,stable
1584__1800_600,2,t_8_16,112.0,0.0,0.0,1.0,,0.7854285217672076,0.71665,0,1,stable
1584__1800_600,3,t_8_16,128.0,0.0,0.0,2.0,0.9968515434950138,0.6703592818812496,0.71665,0,0,stable
1584__1800_600,4,t_8_16,120.00009155273438,0.0,0.0,5.0,0.08478551415688824,0.5010171650484815,0.71665,0,0,stable
1584__1800_600,11,t_8_16,64.0,0.0,0.0,0.0,,0.7602152739602035,0.71665,0,1,stable
1584__1800_600,13,t_8_16,112.0,0.0,0.0,2.0,0.9967767001516146,0.6308703234743467,0.71665,0,0,stable
1584__1800_600,14,t_8_16,72.0,0.0,0.0,4.0,0.7488949919520579,0.7011084036895303,0.71665,0,0,stable
1584__1800_600,15,t_8_16,160.0,0.0,0.0,3.0,0.8681243726640925,0.7887839776342658,0.71665,0,1,stable
1584__1800_600,16,t_8_16,168.0,0.5,0.0,3.0,0.5860635933143217,0.456145998944714,0.71665,1,0,mild
1584__1800_600,17,t_8_16,191.9996337890625,0.0,0.0,5.0,0.6657198743667487,0.46866751041666266,0.71665,1,0,stable
1584__1800_600,18,t_8_16,160.0,0.0,0.0,1.0,,0.4722716999999941,0.71665,1,0,stable
1584__1800_600,19,t_8_16,120.0,0.25,0.0,2.0,0.6213127978772118,0.6282187613205547,0.71665,0,0,mild
1584__1800_600,20,t_8_16,144.0,0.0,0.0,2.0,0.9912252434982168,0.876513309270695,0.71665,0,1,stable
1584__1800_600,21,t_8_16,96.0,0.25,0.0,2.0,0.933859806708226,0.6933566859717161,0.71665,0,0,mild
1584__1800_600,29,t_8_16,216.000732421875,0.0,0.0,3.0,0.9113370380199698,0.44236537962963046,0.71665,1,0,stable
1584__1800_600,30,t_8_16,220.0,0.0,0.0,5.0,0.9529375090404146,0.4154812151274901,0.71665,1,0,stable
1584__1800_600,31,t_8_16,192.0,0.0,0.0,4.0,0.5480230764244203,0.7133128663983187,0.71665,0,0,stable
1584__1800_600,32,t_8_16,224.0,0.0,0.0,2.0,0.9978358839074195,0.5371989151785753,0.71665,0,0,stable
1584__1800_600,33,t_8_16,224.0,0.0,0.0,4.0,0.9746812523850351,0.7494167991071425,0.71665,0,0,stable
1584__1800_600,34,t_8_16,112.0,0.0,0.0,1.0,,0.7414059644635833,0.71665,0,0,stable
1584__1800_600,35,t_8_16,224.0,0.0,0.0,5.0,0.8804340870928538,0.6097876777393856,0.71665,0,0,stable
1584__1800_600,36,t_8_16,144.0,0.0,0.0,2.0,0.9855264010487584,0.6761118134293551,0.71665,0,0,stable
1584__1800_600,37,t_8_16,110.00067138671875,0.0,0.0,2.0,0.9890725558138113,0.7141928972805524,0.71665,0,0,stable
1584__1800_600,38,s_16_32,288.0,0.25,0.0,3.0,0.2008054658341343,0.5069545694444415,0.71665,0,0,mild
1584__1800_600,39,t_8_16,216.0,0.0,0.0,5.0,0.8553384960732806,0.6900261944444449,0.71665,0,0,stable
1584__1800_600,40,t_8_16,200.0,0.0,0.0,3.0,0.4115787159002757,0.5865200599999989,0.71665,0,0,stable
1584__1800_600,41,t_8_16,180.0,0.0,0.0,2.0,0.9347220755594908,0.7100125089716653,0.71665,0,0,stable
1584__1800_600,42,t_8_16,224.0,0.0,0.0,4.0,0.964020503527396,0.8546852709848902,0.71665,0,1,stable
1584__1800_600,43,t_8_16,180.00107955920976,0.25,0.0,4.0,0.8422405677203932,0.5406035538771955,0.71665,0,0,mild
1584__1800_600,44,s_16_32,288.0,0.0,0.0,5.0,0.34776407444876234,0.5565422638888886,0.71665,0,0,stable
1584__1800_600,45,t_8_16,100.0,0.0,0.0,2.0,0.9908248093296655,0.5427291655502193,0.71665,0,0,stable
1584__1800_600,46,t_8_16,180.0,0.25,0.0,5.0,0.9168014795230909,0.572586930737483,0.71665,0,0,mild
1584__1800_600,47,t_8_16,130.0,0.0,0.0,2.0,0.8450112667982044,0.6297932242689105,0.71665,0,0,stable
1584__1800_600,48,t_8_16,112.0,0.0,0.0,1.0,,0.5822290963561343,0.71665,0,0,stable
1584__1800_600,49,t_8_16,72.0,0.5,0.25,4.0,0.27040522531234434,0.39165292819182335,0.71665,1,0,mild
1584__1800_600,50,t_8_16,135.00091552734375,0.0,0.0,1.0,,0.6459006266097278,0.71665,0,0,stable
1584__1800_600,51,t_8_16,143.0,0.25,0.0,4.0,0.7587032893412542,0.70342010820409,0.71665,0,0,mild
1584__1800_600,52,t_8_16,150.0,0.25,0.0,3.0,0.7551068530842415,0.584355413583018,0.71665,0,0,mild
1584__1800_600,53,t_8_16,126.0,0.0,0.0,1.0,,0.54643323275309,0.71665,0,0,stable
1584__1800_600,54,t_8_16,154.0,0.0,0.0,3.0,0.9995698065671054,0.6440040394332283,0.71665,0,0,stable
158__1800_0,0,t_8_16,127.99998474121094,0.5,0.5,0.0,,0.6395968787700695,0.83306,0,0,mild
158__1800_0,1,t_8_16,128.0,0.5,0.5,1.0,,0.9162826744342533,0.83306,0,1,mild
158__1800_0,2,t_8_16,160.0,0.0,0.0,3.0,0.9996746770898464,0.8188383444078831,0.83306,0,1,stable
158__1800_0,3,t_8_16,160.0,0.0,0.0,3.0,0.998475636258162,0.7760439799094582,0.83306,0,1,stable
158__1800_0,4,t_8_16,112.0,0.0,0.0,1.0,,0.712943437215663,0.83306,0,0,stable
158__1800_0,5,t_8_16,168.0,0.0,0.0,3.0,0.9996182177204754,0.6719240742934535,0.83306,0,0,stable
158__1800_0,6,t_8_16,112.0,0.0,0.0,2.0,0.9913989802611386,0.8381096703983425,0.83306,0,1,stable
158__1800_0,7,t_8_16,240.0,0.0,0.0,3.0,0.9948458218318927,0.44371840000000445,0.83306,1,0,stable
158__1800_0,8,t_8_16,216.0,0.0,0.0,3.0,0.9999410533806679,0.7256924907407437,0.83306,0,0,stable
158__1800_0,9,t_8_16,64.0,0.0,0.0,1.0,,0.7926901507186879,0.83306,0,1,stable
158__1800_0,10,t_8_16,160.0,0.0,0.0,3.0,0.9753600301294819,0.862715641443127,0.83306,0,1,stable
158__1800_0,11,t_8_16,189.99998092651367,0.0,0.0,2.0,0.9942316715506143,0.7657585263157832,0.83306,0,1,stable
158__1800_0,12,t_8_16,120.0,0.0,0.0,2.0,0.9905176450864192,0.732707317483756,0.83306,0,0,stable
158__1800_0,13,t_8_16,88.00006103515625,0.0,0.0,1.0,,0.765993544589759,0.83306,0,1,stable
158__1800_0,14,t_8_16,130.00003814697266,0.25,0.0,1.0,,0.7758374054248316,0.83306,0,1,mild
158__1800_0,15,t_8_16,150.0,0.0,0.0,2.0,0.9976355983726636,0.8163406794474104,0.83306,0,1,stable
158__1800_0,16,t_8_16,180.0,0.25,0.0,4.0,0.7038846939503033,0.816684183333323,0.83306,0,1,mild
158__1800_0,17,t_8_16,160.0,0.0,0.0,2.0,0.9966508251705433,0.8898732562500048,0.83306,0,1,stable
158__1800_0,18,t_8_16,170.0,0.0,0.0,2.0,0.9990622159160745,0.6984782294117642,0.83306,0,0,stable
158__1800_0,19,t_8_16,112.0,0.25,0.25,1.0,,0.8754564545509612,0.83306,0,1,mild
158__1800_0,20,t_8_16,160.0,0.25,0.0,4.0,0.1504338565671273,0.7258251219467124,0.83306,0,0,mild
158__1800_0,21,t_8_16,204.0,0.0,0.0,3.0,0.9997664176669664,0.7504081052683687,0.83306,0,1,stable
158__1800_0,22,t_8_16,127.99951171875,0.0,0.0,3.0,0.9857800724597141,0.7986390848768807,0.83306,0,1,stable
158__1800_0,23,t_8_16,126.0008544921875,0.0,0.0,3.0,0.9967741018617131,0.6193245628997526,0.83306,0,0,stable
158__1800_0,24,t_8_16,144.0009765625,0.25,0.0,4.0,0.5523339108078263,0.881574095125708,0.83306,0,1,mild
158__1800_0,25,t_8_16,192.0,0.0,0.0,4.0,0.9940995013387521,0.5673807893005195,0.83306,0,0,stable
158__1800_0,26,s_16_32,416.0,0.0,0.0,8.0,0.9968099836189127,0.6966133511639652,0.83306,0,0,stable
158__1800_0,27,t_8_16,198.0,0.0,0.0,4.0,0.9954002556835926,0.5362450777888036,0.83306,0,0,stable
158__1800_0,28,t_8_16,160.0009765625,0.0,0.0,3.0,0.9232740078189103,0.8167999641911191,0.83306,0,1,stable
158__1800_0,29,t_8_16,160.0,0.0,0.0,3.0,0.9734403252262758,0.6320832217523753,0.83306,0,0,stable
158__1800_0,30,t_8_16,96.0,0.5,0.5,1.0,,0.8789233279428718,0.83306,0,1,mild
158__1800_0,31,t_8_16,77.0,0.25,0.0,3.0,0.9498729404009993,0.8699141109715087,0.83306,0,1,mild
158__1800_0,32,s_16_32,392.0,0.0,0.0,9.0,0.9961800349063634,0.7297562372448947,0.83306,0,0,stable
158__1800_0,33,s_16_32,312.0,0.0,0.0,4.0,0.9863726705968563,0.6552562724425973,0.83306,0,0,stable
158__1800_0,34,t_8_16,160.0,0.0,0.0,2.0,0.8589461610348251,0.7261407704232645,0.83306,0,0,stable
158__1800_0,35,s_16_32,335.99853515625,0.0,0.0,5.0,0.9987621801277962,0.6783148413286098,0.83306,0,0,stable
158__1800_0,36,t_8_16,84.0,0.0,0.0,2.0,0.9990817476321466,0.6888367266005819,0.83306,0,0,stable
158__1800_0,38,t_8_16,144.0,0.0,0.0,2.0,0.9959027597882106,0.7200656289502492,0.83306,0,0,stable
158__1800_2475,0,s_16_32,264.0,0.0,0.0,7.0,0.990945721142129,0.6778921326511491,0.76949,0,0,stable
158__1800_2475,1,t_8_16,128.0,0.5,0.5,0.0,,0.8744467397263157,0.76949,0,1,mild
158__1800_2475,2,t_8_16,192.0,0.0,0.0,5.0,0.9839711131807375,0.8743869516017025,0.76949,0,1,stable
158__1800_2475,3,t_8_16,90.0,0.0,0.0,6.0,0.9980766880005583,0.5880168495211902,0.76949,0,0,stable
158__1800_2475,4,t_8_16,234.00054931640625,0.0,0.0,5.0,0.45930141891627163,0.7110839668633363,0.76949,0,0,stable
158__1800_2475,5,t_8_16,160.0,0.0,0.0,2.0,0.9195534443012164,0.9066515916551672,0.76949,0,1,stable
158__1800_2475,6,t_8_16,128.0,0.0,0.0,2.0,0.9996760427207481,0.8338544892668662,0.76949,0,1,stable
158__1800_2475,7,t_8_16,176.0,0.25,0.0,2.0,0.4005825460677304,0.6966018981106781,0.76949,0,0,mild
158__1800_2475,8,t_8_16,180.0,0.0,0.0,3.0,0.9887462827800634,0.7192674972872165,0.76949,0,0,stable
158__1800_2475,9,t_8_16,195.9991455078125,0.0,0.0,4.0,0.8016386292593249,0.8596502959183594,0.76949,0,1,stable
158__1800_2475,10,t_8_16,153.99949645996094,0.0,0.0,2.0,0.9983507266323756,0.8174031656302198,0.76949,0,1,stable
158__1800_2475,11,t_8_16,128.0,0.0,0.0,3.0,0.9997904015241005,0.8005137196443947,0.76949,0,1,stable
158__1800_2475,12,t_8_16,176.0,0.0,0.0,2.0,0.9971839444181212,0.8286064443354718,0.76949,0,1,stable
158__1800_2475,13,t_8_16,88.0,0.25,0.25,1.0,,0.7382831688967112,0.76949,0,0,mild
1602__0_2050,0,s_16_32,520.001220703125,0.0,0.0,9.0,0.7493985720253623,0.8150070480366777,0.77956,0,1,stable
1602__0_2050,1,s_16_32,952.0,0.0,0.0,10.0,0.5229819537155734,0.7711007733424712,0.77956,0,1,stable
1602__0_2050,2,s_16_32,896.0,0.0,0.0,10.0,0.9647857370550824,0.6940887140345477,0.77956,0,0,stable
1602__0_2050,3,s_16_32,288.0,0.0,0.0,3.0,0.9993928407906841,0.6276330381944464,0.77956,0,0,stable
1602__0_2050,4,s_16_32,324.0,0.0,0.0,7.0,0.999170418225432,0.6885142037037061,0.77956,0,0,stable
1602__0_2050,5,s_16_32,378.0,0.0,0.0,6.0,0.9996072208630682,0.8868180254434975,0.77956,0,1,stable
1602__0_2050,6,s_16_32,616.0003356933594,0.0,0.0,10.0,0.9908763892426369,0.7494631964285712,0.77956,0,0,stable
1602__0_2050,7,s_16_32,311.9996032714844,0.0,0.0,5.0,0.9918192191838543,0.67509607554778,0.77956,0,0,stable
1602__0_2050,8,t_8_16,252.0,0.0,0.0,4.0,0.9901668308234253,0.7534586610924723,0.77956,0,1,stable
1602__0_2050,9,s_16_32,384.0,0.0,0.0,7.0,0.987574791596119,0.6635818866659,0.77956,0,0,stable
1602__0_2050,10,s_16_32,335.99981689453125,0.0,0.0,9.0,0.9904924730591644,0.7180220588214629,0.77956,0,0,stable
1602__0_2050,11,t_8_16,223.9981689490378,0.0,0.0,2.0,0.6103027015221538,0.632534438036706,0.77956,0,0,stable
1602__0_2050,12,t_8_16,224.000244140625,0.0,0.0,4.0,0.9988816705995056,0.785346153605892,0.77956,0,1,stable
1602__0_2050,13,s_16_32,448.00042724609375,0.0,0.0,10.0,0.7066259590818288,0.7183946034421991,0.77956,0,0,stable
1602__0_2050,14,t_8_16,208.0,0.0,0.0,5.0,0.9972318007013635,0.5736722285475171,0.77956,0,0,stable
1602__0_2050,15,t_8_16,191.99914550827816,0.25,0.0,3.0,0.12860220794999594,0.6690602129470182,0.77956,0,0,mild
1602__0_2050,16,s_16_32,392.0,0.0,0.0,5.0,0.9913441426308714,0.6883066308048865,0.77956,0,0,stable
1602__0_2050,17,t_8_16,96.0,0.0,0.0,2.0,0.9458300613936693,0.5239401821968152,0.77956,0,0,stable
1602__0_2050,18,t_8_16,160.0009765625,0.25,0.25,2.0,,0.6913384666021253,0.77956,0,0,mild
1602__0_2050,19,s_16_32,260.0,0.25,0.0,5.0,0.5538360356570857,0.7481216547704506,0.77956,0,0,mild
1602__0_2050,20,t_8_16,168.000732421875,0.0,0.0,4.0,0.9893058179763311,0.9358073391003299,0.77956,0,1,stable
1602__0_2050,21,t_8_16,240.0,0.0,0.0,3.0,0.9995337712511965,0.7079672069780022,0.77956,0,0,stable
1602__0_2050,22,t_8_16,216.0,0.0,0.0,6.0,0.9789509395565242,0.84522983722215,0.77956,0,1,stable
1602__0_2050,23,t_8_16,168.0,0.0,0.0,4.0,0.9625716927679209,0.8317128135260264,0.77956,0,1,stable
1602__0_2050,24,s_16_32,260.0001983642578,0.0,0.0,5.0,0.8217941383281471,0.8635491343416507,0.77956,0,1,stable
1602__0_2050,25,s_16_32,263.9996643066406,0.0,0.0,5.0,0.9642806195088104,0.6593603458533027,0.77956,0,0,stable
1602__0_2050,26,t_8_16,168.0,0.0,0.0,3.0,0.5392255071737562,0.6737746874984799,0.77956,0,0,stable
1602__0_2050,27,s_16_32,288.0,0.0,0.0,7.0,0.9990003980078238,0.620290867283337,0.77956,0,0,stable
1602__0_2050,28,t_8_16,168.0,0.0,0.0,2.0,0.9682549035681652,0.6579773898450538,0.77956,0,0,stable
1602__0_2050,29,t_8_16,240.0,0.25,0.0,7.0,0.8650232517888213,0.8855174600605248,0.77956,0,1,mild
1602__0_2050,30,t_8_16,192.0,0.0,0.0,5.0,0.6651876367161956,0.8269472083333341,0.77956,0,1,stable
1602__0_2050,31,t_8_16,220.0,0.0,0.0,4.0,0.9574337285027726,0.5807553898310118,0.77956,0,0,stable
1602__0_2050,32,t_8_16,187.0,0.0,0.0,4.0,0.9930839624963548,0.5885348127216805,0.77956,0,0,stable
16555,0,s_16_32,450.0,0.0,0.0,8.0,0.9999025950391616,0.9222432605721111,0.86091,0,1,stable
16555,1,t_8_16,190.0,0.0,0.0,3.0,0.948846503258294,0.6663280092342886,0.86091,0,0,stable
16555,2,t_8_16,198.0013427734375,0.0,0.0,4.0,0.9973530332558794,0.7817038657032758,0.86091,0,1,stable
16555,3,t_8_16,230.00140380859375,0.0,0.0,3.0,0.9994322189041155,0.8940953056422517,0.86091,0,1,stable
16555,4,s_16_32,792.0,0.0,0.0,10.0,0.998101105892388,0.9068571577280455,0.86091,0,1,stable
16555,5,s_16_32,792.0,0.0,0.0,10.0,0.9973627971676615,0.8449832520149134,0.86091,0,1,stable
16555,6,t_8_16,199.99969482421875,0.0,0.0,3.0,0.7952606848425889,0.6987482936203087,0.86091,0,0,stable
16555,7,s_16_32,336.0,0.0,0.0,7.0,0.9805559999033179,0.6754725624999999,0.86091,0,0,stable
1675__2428_0,0,t_8_16,140.0,0.0,0.0,2.0,0.9940035044067106,0.8296539601970999,0.77677,0,1,stable
1675__2428_0,1,t_8_16,159.99969482421875,0.0,0.0,2.0,0.9991038246417523,0.769939683802283,0.77677,0,1,stable
1675__2428_0,2,t_8_16,112.0,0.5,0.5,0.0,,0.7992227241851617,0.77677,0,1,mild
1675__2428_0,3,t_8_16,128.0,0.0,0.0,2.0,0.9878101629501929,0.5546471402407462,0.77677,0,0,stable
1675__2428_0,4,t_8_16,128.0,0.0,0.0,2.0,0.994928524383215,0.836684841569725,0.77677,0,1,stable
1675__2428_0,5,t_8_16,127.99993896484375,0.25,0.25,3.0,0.985455983885326,0.6850918114794523,0.77677,0,0,mild
1675__2428_0,6,t_8_16,128.0,0.5,0.5,0.0,,0.7749398631416723,0.77677,0,1,mild
1675__2428_0,7,t_8_16,160.0,0.0,0.0,4.0,0.9991598744951247,0.7699660807286625,0.77677,0,1,stable
1675__2428_0,8,t_8_16,112.0,0.25,0.25,1.0,,0.7600879285906653,0.77677,0,1,mild
1681c6e5f,0,t_8_16,144.0,0.0,0.0,3.0,0.9779219733050079,0.7872454912074601,0.78677,0,1,stable
1681c6e5f,1,t_8_16,196.0,0.0,0.0,4.0,0.9948290545786169,0.7830013314085399,0.78677,0,1,stable
1681c6e5f,2,t_8_16,240.0,0.0,0.0,5.0,0.9916331903998961,0.6560949153812252,0.78677,0,0,stable
1681c6e5f,3,t_8_16,126.0,0.0,0.0,2.0,0.9508147423534145,0.6896058727113971,0.78677,0,0,stable
1681c6e5f,4,t_8_16,132.0,0.0,0.0,2.0,0.9849760966425126,0.8678003007232628,0.78677,0,1,stable
1681c6e5f,5,s_16_32,341.9989013671875,0.0,0.0,7.0,0.847871812412562,0.8618043963820047,0.78677,0,1,stable
1681c6e5f,6,s_16_32,300.0,0.0,0.0,6.0,0.8780988366425724,0.8450332449543293,0.78677,0,1,stable
1681c6e5f,7,t_8_16,195.0,0.0,0.0,3.0,0.9622485918317607,0.7298817025461236,0.78677,0,0,stable
1681c6e5f,8,t_8_16,80.0,0.25,0.25,2.0,0.6591121170382898,0.6255603215156226,0.78677,0,0,mild
1681c6e5f,9,t_8_16,120.0,0.0,0.0,2.0,0.9281697672066284,0.7651618381062769,0.78677,0,1,stable
1681c6e5f,10,t_8_16,170.0,0.0,0.0,3.0,0.9888181011679147,0.8628231809834203,0.78677,0,1,stable
1681c6e5f,11,s_16_32,400.0,0.0,0.0,10.0,0.9916538286662924,0.6805919699999965,0.78677,0,0,stable
16995,0,t_8_16,208.0009765625,0.0,0.0,5.0,0.8481469896609607,0.5441206876982863,0.19515,0,0,stable
16995,1,t_8_16,140.0008544921875,0.0,0.0,2.0,0.9420035357628521,0.5751796005906483,0.19515,0,0,stable
16995,2,t_8_16,132.0,0.0,0.0,2.0,0.7252617701544855,0.7059111215087295,0.19515,0,0,stable
16995,3,t_8_16,84.0,0.0,0.0,3.0,0.6202062390084495,0.4078661645297192,0.19515,1,0,stable
16995,4,t_8_16,168.0,0.25,0.0,3.0,0.5456178399124805,0.547356511430236,0.19515,0,0,mild
16995,5,t_8_16,110.0,0.25,0.0,2.0,0.8501475572341467,0.6024882005292544,0.19515,0,0,mild
16995,6,t_8_16,156.0,0.25,0.0,4.0,0.5923789934486949,0.6801953846153819,0.19515,0,0,mild
16995,7,t_8_16,144.0,0.25,0.0,3.0,0.378071522818086,0.6254101395725148,0.19515,0,0,mild
16995,8,t_8_16,80.0,0.0,0.0,1.0,,0.47436442273019774,0.19515,1,0,stable
17992,0,t_8_16,190.0,0.0,0.0,4.0,0.9945937949751118,0.8616836620648567,0.78496,0,1,stable
17992,1,t_8_16,105.0,0.0,0.0,5.0,0.990345235297829,0.8287860876238096,0.78496,0,1,stable
17992,2,t_8_16,119.0,0.0,0.0,5.0,0.90811297949358,0.7646362318261906,0.78496,0,1,stable
17992,3,t_8_16,144.0,0.0,0.0,3.0,0.9958732737517675,0.7754512500000001,0.78496,0,1,stable
17992,4,t_8_16,105.0,0.0,0.0,3.0,0.8779361296670783,0.8516849540459998,0.78496,0,1,stable
17992,5,t_8_16,120.0,0.0,0.0,2.0,0.9999999999977478,0.8852789604316477,0.78496,0,1,stable
17e4b69db,0,t_8_16,109.99983215332031,0.5,0.5,2.0,0.5576451934973887,0.601576056741279,0.51967,0,0,mild
1809__600_2356,0,t_8_16,132.0,0.0,0.0,8.0,0.8949737664485948,0.0,0.78302,1,0,stable
1809__600_2356,1,t_8_16,200.0,0.0,0.0,3.0,0.9964030074847832,0.7447423309140699,0.78302,0,0,stable
1809__600_2356,2,t_8_16,168.0,0.25,0.0,3.0,0.6482673224350153,0.6695970551131686,0.78302,0,0,mild
1809__600_2356,3,t_8_16,220.0,0.0,0.0,4.0,0.9865808066033273,0.9051357259185177,0.78302,0,1,stable
1809__600_2356,4,t_8_16,112.0,0.25,0.25,2.0,0.9957033088060094,0.6256879222161176,0.78302,0,0,mild
1809__600_2356,5,t_8_16,160.0,0.0,0.0,3.0,0.9895151835238318,0.7610427861446941,0.78302,0,1,stable
1809__600_2356,6,s_16_32,280.0,0.0,0.0,4.0,0.9997677508657018,0.806727853703036,0.78302,0,1,stable
1809__600_2356,7,t_8_16,200.0,0.25,0.0,5.0,0.8280616635985122,0.7987516263426517,0.78302,0,1,mild
1809__600_2356,8,t_8_16,128.0,0.0,0.0,1.0,,0.841415394573601,0.78302,0,1,stable
1809__600_2356,9,t_8_16,240.0,0.0,0.0,4.0,0.9887221951165486,0.7969726164857102,0.78302,0,1,stable
1809__600_2356,10,t_8_16,220.0013427734375,0.25,0.0,5.0,0.828885109145025,0.8257146602858831,0.78302,0,1,mild
1809__600_2356,11,t_8_16,140.0,0.5,0.5,2.0,0.6498041416333286,0.5337021087809005,0.78302,0,0,mild
1809__600_2356,12,t_8_16,160.0,0.0,0.0,2.0,0.9865947685545378,0.7139244937416267,0.78302,0,0,stable
1809__600_2356,13,t_8_16,128.0,0.0,0.0,2.0,0.9842923151942272,0.755554629403074,0.78302,0,1,stable
1809__600_2356,14,t_8_16,160.0,0.0,0.0,3.0,0.9964100789622063,0.8895592409648967,0.78302,0,1,stable
1809__600_2356,15,t_8_16,112.0,0.0,0.0,2.0,0.9879252668264659,0.611536783516502,0.78302,0,0,stable
1809__600_2356,16,t_8_16,180.0,0.0,0.0,4.0,0.9833773625380354,0.0,0.78302,1,0,stable
1809__600_2356,17,t_8_16,128.0,0.0,0.0,3.0,0.9835224508735927,0.7801122569348474,0.78302,0,1,stable
1809__600_2356,18,t_8_16,96.0,0.25,0.25,2.0,0.9825132248251359,0.6040973734991468,0.78302,0,0,mild
1809__600_2356,19,s_16_32,364.0,0.0,0.0,5.0,0.9891690587619878,0.6909118379120808,0.78302,0,0,stable
1809__600_2356,21,s_16_32,308.0,0.0,0.0,4.0,0.541109375727272,0.5326599559482728,0.78302,0,0,stable
1809__600_2356,22,s_16_32,308.0,0.0,0.0,7.0,0.9866717124649972,0.7164494033743036,0.78302,0,0,stable
1809__600_2356,23,s_16_32,336.0,0.0,0.0,4.0,0.9790310488811869,0.5304137142857123,0.78302,0,0,stable
1809__600_2356,24,t_8_16,180.0,0.0,0.0,2.0,0.9839500515755213,0.740659614429668,0.78302,0,0,stable
1809__600_2356,25,s_16_32,285.0,0.25,0.0,7.0,0.596875601364106,0.5731890596491204,0.78302,0,0,mild
1809__600_2356,26,t_8_16,126.0,0.0,0.0,1.0,,0.5161734068374887,0.78302,0,0,stable
1809__600_2356,27,t_8_16,150.00091552734375,0.0,0.0,2.0,0.9996774054413357,0.17246533683924414,0.78302,1,0,stable
1809__600_2356,28,s_16_32,325.0,0.0,0.0,7.0,0.13279833971924146,0.7518611748690982,0.78302,0,1,stable
1809__600_2356,29,s_16_32,260.0,0.0,0.0,6.0,0.5029175018989145,0.4975347239983902,0.78302,1,0,stable
1809__600_2356,30,t_8_16,154.0,0.0,0.0,5.0,0.7001821384384921,0.6768910668149256,0.78302,0,0,stable
1809__600_2356,31,t_8_16,135.0,0.25,0.0,2.0,0.2790012049881402,0.8145212705162745,0.78302,0,1,mild
1809__600_2356,32,s_16_32,468.0,0.0,0.0,9.0,0.503118638050472,0.4429811654153564,0.78302,1,0,stable
1809__600_2356,33,t_8_16,120.0,0.0,0.0,2.0,0.8287229575678053,0.6957833502655648,0.78302,0,0,stable
1815__1200_600,0,t_8_16,128.0,0.0,0.0,2.0,0.9583685960885736,0.7557289171747191,0.74169,0,1,stable
1815__1200_600,1,t_8_16,180.0,0.0,0.0,2.0,0.994545146152709,0.720870094444446,0.74169,0,0,stable
1815__1200_600,2,t_8_16,192.0,0.0,0.0,4.0,0.9985615253354121,0.733531217057731,0.74169,0,0,stable
1815__1200_600,3,t_8_16,192.0,0.0,0.0,2.0,0.9988686039732539,0.8116818420748293,0.74169,0,1,stable
1815__1200_600,4,t_8_16,180.0,0.0,0.0,3.0,0.9971809817741358,0.5914445948706296,0.74169,0,0,stable
1815__1200_600,5,t_8_16,224.0,0.0,0.0,5.0,0.9980107498722325,0.6552416473214286,0.74169,0,0,stable
1815__1200_600,6,t_8_16,160.0,0.25,0.0,4.0,0.956540314591504,0.5501253080845053,0.74169,0,0,mild
1815__1200_600,7,t_8_16,192.0,0.0,0.0,5.0,0.6291557311359859,0.7690475843778439,0.74169,0,1,stable
1815__1200_600,8,t_8_16,192.0,0.0,0.0,3.0,0.9480765109083151,0.6514698238847513,0.74169,0,0,stable
1815__1200_600,9,t_8_16,215.9989013671875,0.0,0.0,5.0,0.9417933031088334,0.6847589999999957,0.74169,0,0,stable
1815__1200_600,10,s_16_32,480.0,0.0,0.0,8.0,0.9918520789428936,0.7702790885782242,0.74169,0,1,stable
1815__1200_600,11,t_8_16,252.0,0.0,0.0,4.0,0.9976400802975887,0.5426285497071388,0.74169,0,0,stable
1815__1200_600,12,t_8_16,128.0,0.0,0.0,2.0,0.9937166657671416,0.6665404395501211,0.74169,0,0,stable
1815__1200_600,13,t_8_16,140.0,0.25,0.0,3.0,0.8229844171956412,0.8006061091483782,0.74169,0,1,mild
1815__1200_600,14,t_8_16,140.0,0.0,0.0,1.0,,0.7059205810701804,0.74169,0,0,stable
1815__1200_600,15,t_8_16,144.0,0.25,0.25,2.0,0.9902200323266119,0.6254553642995154,0.74169,0,0,mild
1815__1200_600,16,t_8_16,96.0,0.0,0.0,1.0,,0.7430422020315687,0.74169,0,0,stable
1815__1200_600,17,t_8_16,203.99896240234375,0.0,0.0,5.0,0.9305094325250818,0.7961928319222568,0.74169,0,1,stable
1815__1200_600,18,t_8_16,180.0,0.0,0.0,2.0,0.9157091700486805,0.5826704985478613,0.74169,0,0,stable
1831__0_2108,0,t_8_16,220.0,0.0,0.0,3.0,0.998243975320109,0.7734838409090882,0.69271,0,1,stable
1831__0_2108,1,t_8_16,71.99999141693115,0.0,0.0,4.0,0.9975878130278986,0.5930763190122904,0.69271,0,0,stable
1834__1800_1800,0,s_16_32,336.0,0.0,0.0,8.0,0.7957252930107457,0.6988433433347285,0.7752,0,0,stable
1834__1800_1800,1,t_8_16,160.0,0.25,0.0,4.0,0.6067170908345674,0.8554716171284996,0.7752,0,1,mild
1834__1800_1800,2,t_8_16,112.0,0.0,0.0,3.0,0.9943862514505031,0.7863855025172591,0.7752,0,1,stable
1834__1800_1800,3,t_8_16,107.99945068359375,0.25,0.0,7.0,0.6089149992294749,0.7532507537198282,0.7752,0,1,mild
1834__1800_1800,5,t_8_16,96.0,0.0,0.0,2.0,0.997672149755514,0.6639781532486325,0.7752,0,0,stable
1834__1800_1800,6,t_8_16,112.0,0.0,0.0,2.0,0.9865074532897954,0.7493700170448594,0.7752,0,0,stable
1834__1800_1800,7,t_8_16,144.0,0.0,0.0,2.0,0.9991146282907282,0.6831814162745765,0.7752,0,0,stable
1834__1800_1800,8,t_8_16,72.0,0.25,0.25,2.0,0.9186543589629239,0.6440412829118752,0.7752,0,0,mild
1834__1800_1800,10,t_8_16,96.0,0.0,0.0,2.0,0.8102021958752831,0.7051999210725972,0.7752,0,0,stable
1834__1800_1800,11,t_8_16,112.0,0.0,0.0,2.0,0.9916881691812103,0.7627822884431665,0.7752,0,1,stable
1834__1800_1800,12,t_8_16,96.0,0.25,0.25,2.0,0.9910577664690439,0.8419646384586617,0.7752,0,1,mild
1834__1800_1800,14,s_16_32,350.0,0.0,0.0,6.0,0.8368051714970222,0.6942500849695004,0.7752,0,0,stable
1834__1800_1800,15,t_8_16,192.0,0.0,0.0,2.0,0.7421153249684498,0.7803320977669376,0.7752,0,1,stable
1834__1800_1800,16,s_16_32,280.001708984375,0.0,0.0,7.0,0.8875705930756163,0.25294365451593664,0.7752,1,0,stable
1834__1800_1800,17,s_16_32,504.002197265625,0.0,0.0,7.0,0.7023547704527464,0.7451046960459146,0.7752,0,0,stable
1834__1800_1800,18,t_8_16,140.0,0.0,0.0,2.0,0.9891622677999741,0.7259592588586088,0.7752,0,0,stable
1834__1800_1800,19,t_8_16,96.0,0.0,0.0,5.0,0.9869402981953288,0.7471394846790174,0.7752,0,0,stable
1834__1800_1800,20,t_8_16,108.0,0.0,0.0,5.0,0.9764112239996141,0.7102148903263994,0.7752,0,0,stable
1834__1800_1800,21,t_8_16,140.0,0.0,0.0,2.0,0.9993459355041038,0.7371631499999981,0.7752,0,0,stable
1834__1800_1800,22,t_8_16,126.0,0.25,0.25,3.0,0.964035313754861,0.0,0.7752,1,0,mild
1834__1800_1800,23,t_8_16,136.0,0.0,0.0,2.0,0.9237216503739736,0.6457897647058782,0.7752,0,0,stable
1834__1800_1800,24,s_16_32,405.0,0.0,0.0,6.0,0.9925749608038935,0.17074682572585867,0.7752,1,0,stable
1834__1800_1800,25,t_8_16,154.0,0.0,0.0,2.0,0.9999999999680548,0.5956628766947062,0.7752,0,0,stable
1834__1800_1800,26,s_16_32,352.0,0.0,0.0,8.0,0.8904715672325884,0.5893036025069986,0.7752,0,0,stable
1834__1800_1800,27,s_16_32,276.0,0.0,0.0,3.0,0.8248047942984931,0.4695135378718184,0.7752,1,0,stable
1834__1800_1800,28,t_8_16,140.0,0.0,0.0,2.0,0.9519410191927096,0.5876225336073163,0.7752,0,0,stable
1834__1800_1800,29,t_8_16,231.0,0.25,0.0,4.0,0.4275121323962305,0.3898591428571414,0.7752,1,0,mild
1834__1800_1800,30,t_8_16,108.0,0.0,0.0,2.0,0.9828381596906068,0.7468953430930415,0.7752,0,0,stable
1834__1800_1800,31,t_8_16,119.99977111816406,0.0,0.0,6.0,0.9611485679026021,0.6885860481640602,0.7752,0,0,stable
1834__1800_1800,32,t_8_16,180.0,0.25,0.0,1.0,,0.4819591725050607,0.7752,1,0,mild
1838__0_600,0,t_8_16,252.0,0.0,0.0,7.0,0.7961302381602764,0.671855571428568,0.81086,0,0,stable
1838__0_600,1,t_8_16,216.0,0.0,0.0,3.0,0.9982632867074555,0.7260945952616586,0.81086,0,0,stable
1838__0_600,2,t_8_16,128.0,0.25,0.25,3.0,0.9476178533376591,0.779456262628394,0.81086,0,1,mild
1838__0_600,3,t_8_16,112.0,0.0,0.0,3.0,0.9282341288369509,0.6921317702972133,0.81086,0,0,stable
1838__0_600,4,t_8_16,128.0,0.0,0.0,2.0,0.9846054757845017,0.7710385212924394,0.81086,0,1,stable
1838__0_600,5,t_8_16,144.00048828125,0.0,0.0,4.0,0.9954560604466433,0.7843824124408006,0.81086,0,1,stable
1838__0_600,6,t_8_16,108.0003662109375,0.0,0.0,3.0,0.9804555344374096,0.607880163839118,0.81086,0,0,stable
1838__0_600,7,s_16_32,263.9986572265625,0.0,0.0,5.0,0.997896113574251,0.6565185501585442,0.81086,0,0,stable
1838__0_600,8,t_8_16,240.0,0.0,0.0,4.0,0.9990856596157931,0.7464867708333328,0.81086,0,0,stable
1838__0_600,9,t_8_16,160.0,0.0,0.0,3.0,0.9988625241859231,0.795704052121356,0.81086,0,1,stable
1838__0_600,10,t_8_16,128.0,0.5,0.5,1.0,,0.8192809982727183,0.81086,0,1,mild
1838__0_600,11,t_8_16,160.0,0.25,0.25,3.0,0.9881808825128658,0.8357147865707517,0.81086,0,1,mild
1838__0_600,12,t_8_16,96.0,0.0,0.0,2.0,0.9938837943997262,0.5987929117978498,0.81086,0,0,stable
1838__0_600,13,t_8_16,120.0,0.0,0.0,4.0,0.9962765199005827,0.6281131260073749,0.81086,0,0,stable
1838__0_600,14,t_8_16,160.0,0.0,0.0,3.0,0.9937007274279442,0.7731220987680854,0.81086,0,1,stable
1838__0_600,15,t_8_16,144.0,0.25,0.25,2.0,0.8910556745071398,0.8403903801896122,0.81086,0,1,mild
1838__0_600,16,t_8_16,196.0,0.0,0.0,5.0,0.9962651315684979,0.7776518571428638,0.81086,0,1,stable
1838__0_600,17,t_8_16,84.0,0.0,0.0,2.0,0.7722826439527976,0.6895735429307646,0.81086,0,0,stable
1838__0_600,18,t_8_16,160.0,0.0,0.0,2.0,0.9926138165361547,0.7885956369656523,0.81086,0,1,stable
1838__0_600,19,t_8_16,140.0,0.0,0.0,2.0,0.9548829638841845,0.743957471139764,0.81086,0,0,stable
1838__0_600,20,t_8_16,96.0,0.0,0.0,5.0,0.8749372579971749,0.628639058901447,0.81086,0,0,stable
1838__0_600,21,t_8_16,168.0,0.0,0.0,2.0,0.9980461962215214,0.7954190491262404,0.81086,0,1,stable
1838__0_600,22,t_8_16,84.0,0.0,0.0,2.0,0.8306165823154947,0.7135645771864841,0.81086,0,0,stable
1838__0_600,23,t_8_16,96.0,0.0,0.0,1.0,,0.7919501935929181,0.81086,0,1,stable
1838__0_600,25,t_8_16,128.0,0.0,0.0,1.0,,0.5732040383105965,0.81086,0,0,stable
1838__0_600,26,t_8_16,84.0,0.0,0.0,3.0,0.9920417310249398,0.4833820613142063,0.81086,1,0,stable
1838__0_600,27,t_8_16,96.0,0.0,0.0,3.0,0.9207926912494956,0.6623940487548604,0.81086,0,0,stable
1838__0_600,28,t_8_16,84.0,0.0,0.0,2.0,0.9265536842997234,0.5498462204280316,0.81086,0,0,stable
1838__0_600,29,t_8_16,80.0,0.25,0.25,1.0,0.9999970462053445,0.5665629184609778,0.81086,0,0,mild
1838__0_600,30,t_8_16,96.0,0.0,0.0,2.0,0.9459688272631529,0.632559259089298,0.81086,0,0,stable
1838__0_600,31,t_8_16,128.0,0.25,0.25,2.0,0.9082323673593812,0.7248090188282907,0.81086,0,0,mild
1838__0_600,32,t_8_16,100.0006103515625,0.5,0.25,1.0,0.9972525102038641,0.2572184093808546,0.81086,1,0,mild
1838__0_600,33,t_8_16,84.0,0.0,0.0,3.0,0.9959657483889752,0.5823075863885018,0.81086,0,0,stable
1838__0_600,35,t_8_16,112.0,0.0,0.0,1.0,,0.6513793564126351,0.81086,0,0,stable
1838__0_600,36,t_8_16,95.9996337890625,0.0,0.0,3.0,0.9593151961614329,0.5392575677862542,0.81086,0,0,stable
1838__0_600,37,t_8_16,112.0,0.0,0.0,3.0,0.9502573799147631,0.7210212417592989,0.81086,0,0,stable
1838__0_600,38,s_16_32,392.0,0.0,0.0,7.0,0.7440870106521879,0.6446687814931834,0.81086,0,0,stable
1838__0_600,39,t_8_16,160.0,0.5,0.5,1.0,,0.2850174541166655,0.81086,1,0,mild
1838__0_600,40,s_16_32,256.0,0.0,0.0,4.0,0.9740268255596504,0.42564648437499847,0.81086,1,0,stable
1838__0_600,41,t_8_16,160.0,0.25,0.25,2.0,0.929482557357914,0.4962644625000071,0.81086,1,0,mild
1838__0_600,42,t_8_16,159.9993896484375,0.0,0.0,1.0,0.9997020950843172,0.48061297632502464,0.81086,1,0,stable
1838__0_600,43,t_8_16,191.9996337890625,0.0,0.0,3.0,0.9988343150999391,0.7273331822916687,0.81086,0,0,stable
1838__0_600,44,t_8_16,143.9998779296875,0.0,0.0,2.0,0.9910906643729132,0.674841903445817,0.81086,0,0,stable
1838__0_600,45,s_16_32,271.99896240234375,0.0,0.0,6.0,0.9335483119559809,0.577440992647062,0.81086,0,0,stable
1838__0_600,46,s_16_32,320.0,0.0,0.0,5.0,0.9262575648084019,0.3784550000000013,0.81086,1,0,stable
1838__0_600,47,s_16_32,288.0,0.0,0.0,4.0,0.9654628052147185,0.5824650104166653,0.81086,0,0,stable
1838__0_600,48,t_8_16,168.0,0.0,0.0,1.0,0.9999999998932039,0.5128372096020263,0.81086,0,0,stable
1838__0_600,49,t_8_16,200.0,0.0,0.0,4.0,0.9764388836963485,0.6284824349999936,0.81086,0,0,stable
1838__0_600,50,s_16_32,288.0,0.0,0.0,5.0,0.9944529786375197,0.5103590937500012,0.81086,0,0,stable
1838__0_600,51,t_8_16,128.0,0.25,0.25,3.0,0.12375798191020271,0.29806344052694383,0.81086,1,0,mild
1838__0_600,52,s_16_32,312.000732421875,0.0,0.0,5.0,0.9193405494486466,0.3898674551282052,0.81086,1,0,stable
1838__0_600,53,s_16_32,448.0,0.25,0.0,5.0,0.12594834289372162,0.2091923825435181,0.81086,1,0,mild
1838__0_600,54,s_16_32,264.000732421875,0.0,0.0,5.0,0.9662426525117845,0.5133298962444768,0.81086,0,0,stable
1838__0_600,55,s_16_32,352.0,0.0,0.0,3.0,0.9926998085071472,0.4426309117719875,0.81086,1,0,stable
1838__0_600,56,t_8_16,140.0,0.0,0.0,1.0,0.9999999999848179,0.6623407858778801,0.81086,0,0,stable
1838__0_600,57,t_8_16,176.0,0.0,0.0,3.0,0.9939496163328858,0.5726687443181772,0.81086,0,0,stable
1838__0_600,58,t_8_16,223.99994659423828,0.0,0.0,4.0,0.9642429394756444,0.47140933890612524,0.81086,1,0,stable
1838__0_600,59,s_16_32,264.0,0.0,0.0,3.0,0.9552324646654199,0.5301774318181773,0.81086,0,0,stable
1838__0_600,60,s_16_32,308.0,0.0,0.0,5.0,0.9803611454953549,0.4196957142857137,0.81086,1,0,stable
1838__0_600,61,s_16_32,384.0,0.0,0.0,7.0,0.671535168032735,0.4250283333333324,0.81086,1,0,stable
1838__0_600,62,s_16_32,364.0,0.0,0.0,5.0,0.9865899522358772,0.389709000000003,0.81086,1,0,stable
1838__0_600,63,t_8_16,144.0,0.0,0.0,2.0,0.9490246987657234,0.6008959999999983,0.81086,0,0,stable
1838__0_600,64,t_8_16,84.0,0.5,0.5,4.0,0.05682501871867019,0.4141045100398258,0.81086,1,0,mild
1838__0_600,65,s_16_32,323.9997253417969,0.0,0.0,5.0,0.9932391105358211,0.8202118415745023,0.81086,0,1,stable
1838__0_600,66,t_8_16,168.0,0.0,0.0,2.0,0.9921918852787049,0.6212212572839785,0.81086,0,0,stable
1838__0_600,67,t_8_16,196.0,0.0,0.0,3.0,0.994242948615686,0.5460500802413643,0.81086,0,0,stable
1838__0_600,68,t_8_16,240.0,0.0,0.0,3.0,0.7508909573302512,0.4254035005176768,0.81086,1,0,stable
1838__0_600,69,t_8_16,220.0,0.0,0.0,4.0,0.9877265804960255,0.5876394636110182,0.81086,0,0,stable
1838__0_600,70,t_8_16,144.0,0.0,0.0,3.0,0.9743198794599329,0.39250581926726813,0.81086,1,0,stable
1838__0_600,71,t_8_16,224.0,0.0,0.0,2.0,0.9992671895289716,0.5868772100278675,0.81086,0,0,stable
1838__0_600,72,t_8_16,192.0,0.0,0.0,4.0,0.9205089667703374,0.6228905147017983,0.81086,0,0,stable
1838__0_600,73,s_16_32,288.0,0.0,0.0,4.0,0.769583805648806,0.4507124375000003,0.81086,1,0,stable
1838__0_600,74,t_8_16,192.0,0.0,0.0,4.0,0.48313845136794714,0.07523002771703782,0.81086,1,0,stable
1838__0_600,75,t_8_16,252.0,0.0,0.0,3.0,0.4501038610081818,0.41289694444444663,0.81086,1,0,stable
1838__0_600,76,s_16_32,320.0,0.0,0.0,5.0,0.9860973668811752,0.41414107499999875,0.81086,1,0,stable
1838__0_600,77,t_8_16,179.99969482421875,0.0,0.0,3.0,0.9825675880078704,0.6769033736802756,0.81086,0,0,stable
1838__0_600,78,s_16_32,520.0,0.0,0.0,9.0,0.99586233541648,0.3725809692307698,0.81086,1,0,stable
1838__0_600,79,t_8_16,192.0,0.0,0.0,3.0,0.9967638017008913,0.7698698393369846,0.81086,0,1,stable
1838__0_600,80,t_8_16,200.0,0.0,0.0,4.0,0.9800056111420843,0.4791260549828644,0.81086,1,0,stable
1838__0_600,81,t_8_16,240.0,0.0,0.0,4.0,0.9954791334505277,0.4812763636181939,0.81086,1,0,stable
1838__0_600,82,t_8_16,144.0,0.5,0.5,1.0,,0.14721877391588373,0.81086,1,0,mild
1838__0_600,83,t_8_16,220.0013427734375,0.0,0.0,4.0,0.9467186999068579,0.5800940187432938,0.81086,0,0,stable
1838__0_600,84,t_8_16,192.0,0.25,0.0,2.0,0.6231286266438945,0.7075663324769165,0.81086,0,0,mild
1838__0_600,85,t_8_16,128.0,0.25,0.0,3.0,0.2928834767989466,0.48826490753214863,0.81086,1,0,mild
1838__0_600,86,s_16_32,352.0,0.0,0.0,6.0,0.15423782032146224,0.1801900017040634,0.81086,1,0,stable
1838__0_600,87,t_8_16,180.0,0.0,0.0,3.0,0.9814613662586116,0.7428335942193054,0.81086,0,0,stable
1838__0_600,88,t_8_16,140.0,0.25,0.0,2.0,0.7970209080056238,0.5786439428571479,0.81086,0,0,mild
1838__0_600,89,t_8_16,240.0,0.0,0.0,3.0,0.9965990012682862,0.5185986680181501,0.81086,0,0,stable
1838__0_600,90,s_16_32,447.9991455078125,0.0,0.0,7.0,0.9231527523517083,0.6382016728637218,0.81086,0,0,stable
1838__0_600,91,s_16_32,308.0,0.0,0.0,4.0,0.9724193032644269,0.5075185714285716,0.81086,0,0,stable
1838__0_600,92,t_8_16,192.0,0.0,0.0,3.0,0.8786035103674883,0.5030801945173387,0.81086,0,0,stable
1838__0_600,93,t_8_16,220.0,0.0,0.0,3.0,0.5308653638506191,0.5145917929504451,0.81086,0,0,stable
1838__0_600,94,t_8_16,160.0,0.25,0.25,2.0,0.97420546319876,0.5659762501174456,0.81086,0,0,mild
1838__0_600,95,s_16_32,288.0,0.0,0.0,7.0,0.9865194850428668,0.5324539062499957,0.81086,0,0,stable
1838__0_600,96,s_16_32,288.0,0.0,0.0,2.0,0.9967033974265744,0.10069531286895596,0.81086,1,0,stable
1838__0_600,97,t_8_16,120.0,0.0,0.0,3.0,0.08407992044165556,0.0,0.81086,1,0,stable
1838__0_600,98,t_8_16,168.0,0.25,0.0,2.0,0.9050235263074996,0.5545456081716164,0.81086,0,0,mild
1838__0_600,99,t_8_16,192.0,0.25,0.0,3.0,0.5320316671822626,0.5601665550358254,0.81086,0,0,mild
1838__0_600,100,t_8_16,216.0,0.0,0.0,3.0,0.994889786328671,0.5282100666582024,0.81086,0,0,stable
1838__0_600,101,t_8_16,176.0,0.0,0.0,3.0,0.9957063076969999,0.6917156924986959,0.81086,0,0,stable
1838__0_600,102,t_8_16,216.0,0.0,0.0,5.0,0.9998498592059059,0.7794780809177697,0.81086,0,1,stable
1838__0_600,103,t_8_16,240.0,0.25,0.0,2.0,0.8003899721788846,0.39161582477342016,0.81086,1,0,mild
1838__0_600,104,s_16_32,336.0,0.0,0.0,3.0,0.9502025450240167,0.505140023809528,0.81086,0,0,stable
1838__0_600,105,t_8_16,167.999267578125,0.0,0.0,3.0,0.9774458886767973,0.8407060061703219,0.81086,0,1,stable
1838__0_600,106,s_16_32,260.0,0.0,0.0,3.0,0.9959676879576724,0.43575018540441623,0.81086,1,0,stable
1838__0_600,107,s_16_32,308.0,0.0,0.0,4.0,0.9879243918670557,0.38563625324675194,0.81086,1,0,stable
1838__0_600,108,s_16_32,263.9998321533203,0.0,0.0,6.0,0.9536672178253895,0.6148952293412993,0.81086,0,0,stable
1838__0_600,109,s_16_32,780.0,0.0,0.0,10.0,0.9967556522222754,0.528753344871794,0.81086,0,0,stable
1838__0_600,110,t_8_16,216.0,0.0,0.0,3.0,0.9858966447730021,0.5750156759259253,0.81086,0,0,stable
1838__0_600,111,t_8_16,224.0,0.0,0.0,2.0,0.9992948290427573,0.5647843400628398,0.81086,0,0,stable
1838__0_600,112,t_8_16,96.0,0.0,0.0,1.0,,0.7337790539610256,0.81086,0,0,stable
1838__0_600,113,t_8_16,160.0,0.25,0.25,4.0,0.9707928097630096,0.4842159101542335,0.81086,1,0,mild
1838__0_600,114,s_16_32,320.0,0.0,0.0,6.0,0.7427423474733433,0.3416195624999993,0.81086,1,0,stable
1838__0_600,115,s_16_32,288.0,0.0,0.0,7.0,0.7918819460928063,0.4597457820388817,0.81086,1,0,stable
1838__0_600,116,t_8_16,120.0,0.0,0.0,2.0,0.980195446544612,0.6820246518557631,0.81086,0,0,stable
1838__0_600,117,s_16_32,312.0,0.0,0.0,6.0,0.9960488941922093,0.4416995192307674,0.81086,1,0,stable
1838__0_600,118,s_16_32,260.0,0.25,0.0,5.0,0.04125804932749035,0.20922361788247223,0.81086,1,0,mild
1838__0_600,119,t_8_16,223.9991455078125,0.0,0.0,5.0,0.8792228745247126,0.6251309002515887,0.81086,0,0,stable
1838__0_600,120,s_16_32,288.0,0.0,0.0,6.0,0.9690038139979381,0.40877152515005466,0.81086,1,0,stable
1838__0_600,121,s_16_32,324.0,0.0,0.0,5.0,0.8404484245759599,0.2960291481481492,0.81086,1,0,stable
1838__0_600,122,s_16_32,264.0,0.25,0.0,4.0,0.5407078505267605,0.45685303409090816,0.81086,1,0,mild
1838__0_600,123,t_8_16,96.0,0.0,0.0,3.0,0.9769967152837069,0.17868774164294574,0.81086,1,0,stable
1838__0_600,124,t_8_16,160.0,0.0,0.0,3.0,0.5606136342510566,0.13807189691511476,0.81086,1,0,stable
1838__0_600,125,t_8_16,220.0,0.0,0.0,3.0,0.9883448491632528,0.5072444297926297,0.81086,0,0,stable
1838__0_600,126,s_16_32,264.0,0.0,0.0,4.0,0.4250546216809311,0.4695954734848507,0.81086,1,0,stable
1838__0_600,127,t_8_16,180.0,0.0,0.0,3.0,0.9968609735017232,0.8039577148616394,0.81086,0,1,stable
1838__0_600,128,s_16_32,364.0008544921875,0.0,0.0,6.0,0.9786076587001871,0.49598946869029253,0.81086,1,0,stable
1838__0_600,129,t_8_16,144.0,0.0,0.0,2.0,0.9476870496112955,0.6645761041886691,0.81086,0,0,stable
1838__0_600,130,t_8_16,252.0,0.0,0.0,5.0,0.2991586487654828,0.19434219530539987,0.81086,1,0,stable
1838__0_600,131,s_16_32,336.0,0.0,0.0,5.0,0.9518251390221539,0.8368686614096257,0.81086,0,1,stable
1838__0_600,132,s_16_32,720.0,0.0,0.0,10.0,0.7196815177421892,0.05466025248993043,0.81086,1,0,stable
1838__0_600,133,s_16_32,352.0,0.0,0.0,7.0,0.9929585110682086,0.5268106647727289,0.81086,0,0,stable
1838__0_600,134,t_8_16,132.0,0.0,0.0,4.0,0.9898269670900327,0.6566844896278733,0.81086,0,0,stable
1838__0_600,135,t_8_16,144.0,0.25,0.25,2.0,0.9972426720612879,0.7865260727149122,0.81086,0,1,mild
1838__0_600,136,t_8_16,144.0,0.25,0.25,2.0,0.6265836002636787,0.0853234415794527,0.81086,1,0,mild
1838__0_600,137,t_8_16,96.0000114440918,0.0,0.0,1.0,0.9991638707197502,0.08436716436219616,0.81086,1,0,stable
1838__0_600,138,t_8_16,252.0,0.0,0.0,6.0,0.8442504607193808,0.7465565668325155,0.81086,0,0,stable
1838__0_600,139,s_16_32,288.0,0.25,0.0,4.0,0.2503328032742331,0.38359077083333726,0.81086,1,0,mild
1838__0_600,140,t_8_16,167.9991455078125,0.0,0.0,2.0,0.994816321847359,0.5986343723687746,0.81086,0,0,stable
1838__0_600,141,s_16_32,280.0,0.0,0.0,3.0,0.9597974669793504,0.5024435000000055,0.81086,0,0,stable
1838__0_600,142,t_8_16,240.0,0.0,0.0,4.0,0.9943721784765139,0.5250653333333376,0.81086,0,0,stable
1838__0_600,143,t_8_16,160.0,0.0,0.0,4.0,0.9972994246989711,0.5359334384791051,0.81086,0,0,stable
1838__0_600,144,t_8_16,168.0,0.0,0.0,3.0,0.9127594892347045,0.7445944919202258,0.81086,0,0,stable
1838__0_600,145,s_16_32,467.99920654296875,0.0,0.0,8.0,0.9905286429512571,0.6235197044907516,0.81086,0,0,stable
1838__0_600,146,t_8_16,112.0,0.75,0.75,0.0,,0.1762090842003019,0.81086,1,0,high
1838__0_600,147,t_8_16,200.0,0.5,0.0,3.0,0.9997919004806493,0.4329363046314726,0.81086,1,0,mild
1838__0_600,148,s_16_32,480.0,0.25,0.0,3.0,0.10519535634421949,0.2518655341957269,0.81086,1,0,mild
1838__0_600,149,s_16_32,264.0,0.0,0.0,4.0,0.8968563222864981,0.4696879489038753,0.81086,1,0,stable
1838__0_600,150,t_8_16,216.0,0.0,0.0,3.0,0.44520547822569084,0.6349547222222237,0.81086,0,0,stable
1838__0_600,151,s_16_32,320.0,0.0,0.0,8.0,0.9899838850616379,0.48188150782821193,0.81086,1,0,stable
1838__0_600,152,t_8_16,224.0,0.0,0.0,1.0,0.9999996338924622,0.47866306080527804,0.81086,1,0,stable
1838__0_600,153,t_8_16,216.000732421875,0.0,0.0,3.0,0.9055792068359881,0.4767939337413453,0.81086,1,0,stable
1838__0_600,154,s_16_32,308.0,0.25,0.0,5.0,0.08681517827532131,0.7449357646146745,0.81086,0,0,mild
1838__0_600,155,s_16_32,440.0,0.0,0.0,9.0,0.9969279337397304,0.5035934749999998,0.81086,0,0,stable
1838__0_600,156,t_8_16,255.9990234375,0.0,0.0,4.0,0.19784200489732423,0.5359507265625046,0.81086,0,0,stable
1838__0_600,157,t_8_16,180.0,0.0,0.0,3.0,0.9990387155230082,0.6247058810041921,0.81086,0,0,stable
1838__0_600,158,s_16_32,264.0,0.0,0.0,6.0,0.9482495881965943,0.47226230491393467,0.81086,1,0,stable
1838__0_600,159,t_8_16,192.0,0.0,0.0,2.0,0.9151334743376504,0.4882577486086216,0.81086,1,0,stable
1838__0_600,160,t_8_16,140.0,0.0,0.0,1.0,,0.7150370435419389,0.81086,0,0,stable
1838__0_600,161,s_16_32,336.0,0.0,0.0,7.0,0.9877300213920878,0.5090249035240068,0.81086,0,0,stable
1838__0_600,162,t_8_16,144.0,0.0,0.0,5.0,0.9227244445892973,0.36716484474698385,0.81086,1,0,stable
1838__0_600,163,t_8_16,128.0,0.25,0.25,1.0,,0.1021438841329019,0.81086,1,0,mild
1838__0_600,164,t_8_16,192.0,0.0,0.0,2.0,0.6938781734313568,0.4834268799127741,0.81086,1,0,stable
1838__0_600,165,t_8_16,180.0,0.0,0.0,2.0,0.9960951799647244,0.6051546222222155,0.81086,0,0,stable
1838__0_600,166,s_16_32,360.0,0.0,0.0,6.0,0.9939445666441339,0.515510555555555,0.81086,0,0,stable
1838__0_600,167,t_8_16,160.0,0.0,0.0,2.0,0.9970499500710077,0.7647856294113947,0.81086,0,1,stable
1838__0_600,168,t_8_16,120.0,0.5,0.25,3.0,0.9612533618604289,0.5414477936654615,0.81086,0,0,mild
1838__0_600,169,t_8_16,220.0,0.0,0.0,3.0,0.8497265940589195,0.49997556818181405,0.81086,1,0,stable
1838__0_600,170,t_8_16,220.0,0.0,0.0,3.0,0.9739946670442309,0.5290137818181773,0.81086,0,0,stable
1838__0_600,171,t_8_16,196.0,0.3333333333333333,0.0,4.0,0.406324809974762,0.1129268502671888,0.81086,1,0,mild
1838__0_600,172,s_16_32,308.0,0.0,0.0,5.0,0.9525770670558354,0.3800167532467515,0.81086,1,0,stable
1838__0_600,173,s_16_32,288.0,0.0,0.0,6.0,0.8769036222610772,0.44241912500000447,0.81086,1,0,stable
1838__0_600,174,s_16_32,308.0,0.0,0.0,5.0,0.9394114938629614,0.7273429714254879,0.81086,0,0,stable
1838__0_600,175,t_8_16,220.0,0.0,0.0,3.0,0.34044269189482085,0.4553463548156757,0.81086,1,0,stable
1838__0_600,176,s_16_32,351.9986572265625,0.0,0.0,6.0,0.989354921826424,0.3838385852272722,0.81086,1,0,stable
1838__0_600,177,t_8_16,220.0,0.0,0.0,4.0,0.9693798171845632,0.5814929999999952,0.81086,0,0,stable
1838__0_600,178,t_8_16,96.0,0.0,0.0,1.0,,0.6562570624539339,0.81086,0,0,stable
1838__0_600,179,t_8_16,220.0,0.0,0.0,4.0,0.9739071341359615,0.6804623909090874,0.81086,0,0,stable
1838__0_600,180,t_8_16,216.0,0.0,0.0,4.0,0.9912522602244748,0.5803855185185173,0.81086,0,0,stable
1838__0_600,181,t_8_16,216.0,0.0,0.0,4.0,0.9887182013207851,0.5815339444444431,0.81086,0,0,stable
1838__0_600,183,s_16_32,360.0,0.0,0.0,5.0,0.9730710873503992,0.32558088333333457,0.81086,1,0,stable
1838__0_600,184,s_16_32,312.0,0.25,0.0,5.0,0.003663528102742618,0.4592221060401516,0.81086,1,0,mild
1838__0_600,185,t_8_16,108.0,0.0,0.0,5.0,0.8896289170791859,0.47688613788047673,0.81086,1,0,stable
1838__0_600,186,s_16_32,360.0,0.0,0.0,6.0,0.8238586118549048,0.2908388972222218,0.81086,1,0,stable
1838__0_600,187,t_8_16,140.0,0.0,0.0,2.0,0.9995006675473957,0.7244900762261854,0.81086,0,0,stable
1838__0_600,188,t_8_16,216.0,0.0,0.0,5.0,0.9305183193157737,0.5948471249999976,0.81086,0,0,stable
1838__0_600,189,t_8_16,216.0,0.0,0.0,5.0,0.9930800734934627,0.7956937870370366,0.81086,0,1,stable
1838__0_600,190,t_8_16,192.0,0.0,0.0,3.0,0.9897054002506022,0.7122688026172805,0.81086,0,0,stable
1838__0_600,191,s_16_32,280.0,0.0,0.0,5.0,0.9601764487674754,0.49662426830579964,0.81086,1,0,stable
1838__0_600,192,s_16_32,480.0,0.0,0.0,7.0,0.7957981000396167,0.29951707499999913,0.81086,1,0,stable
1838__0_600,193,s_16_32,319.9990234375,0.0,0.0,5.0,0.9090014446878896,0.456342149999998,0.81086,1,0,stable
1838__0_600,194,t_8_16,220.0,0.75,0.0,4.0,0.05588872978813156,0.42871697735789416,0.81086,1,0,high
1838__0_600,195,t_8_16,140.0,0.0,0.0,2.0,0.6741111338476551,0.5936718821672303,0.81086,0,0,stable
1838__0_600,196,t_8_16,220.0013427734375,0.0,0.0,3.0,0.9833676769070202,0.5185271499999953,0.81086,0,0,stable
1838__0_600,197,t_8_16,167.99978637695312,0.0,0.0,4.0,0.9279277398666997,0.7312098819908891,0.81086,0,0,stable
1838__0_600,198,s_16_32,256.0,0.5,0.0,4.0,0.2577967158080202,0.3713352845190239,0.81086,1,0,mild
1838__0_600,199,t_8_16,252.0008544921875,0.0,0.0,3.0,0.9832150436519437,0.6180945551300688,0.81086,0,0,stable
1838__0_600,200,t_8_16,220.0,0.0,0.0,3.0,0.9550128468109732,0.6145327449070425,0.81086,0,0,stable
1838__0_600,201,t_8_16,196.0,0.5,0.25,3.0,0.306573207587672,0.4217135897629406,0.81086,1,0,mild
1838__0_600,202,s_16_32,288.0,0.25,0.0,2.0,0.4002685383997215,0.604243301972289,0.81086,0,0,mild
1838__0_600,203,s_16_32,308.0,0.0,0.0,5.0,0.8791591584372664,0.5364767662337667,0.81086,0,0,stable
1838__0_600,204,s_16_32,288.0,0.5,0.0,3.0,0.016626102618052488,0.05700074697571072,0.81086,1,0,mild
1838__0_600,205,t_8_16,224.0,0.0,0.0,2.0,0.9979438335170833,0.6334865714285796,0.81086,0,0,stable
1838__0_600,206,s_16_32,780.0,0.0,0.0,8.0,0.9592312233200992,0.034477451400561146,0.81086,1,0,stable
1838__0_600,207,t_8_16,160.0,0.0,0.0,2.0,0.9993020426891612,0.7860306832761097,0.81086,0,1,stable
1838__0_600,208,t_8_16,216.0,0.0,0.0,3.0,0.9899387617953099,0.8256531481481495,0.81086,0,1,stable
1838__0_600,209,s_16_32,264.0,0.0,0.0,7.0,0.7753602842312013,0.5200364393939352,0.81086,0,0,stable
1838__0_600,210,t_8_16,252.0,0.0,0.0,3.0,0.9409933485113252,0.3669247521548223,0.81086,1,0,stable
1838__0_600,211,t_8_16,216.00018310546875,0.0,0.0,5.0,0.9121389640573662,0.7600926666666663,0.81086,0,1,stable
1838__0_600,212,s_16_32,352.0,0.0,0.0,7.0,0.9857948562181269,0.5350546647727266,0.81086,0,0,stable
1838__0_600,213,s_16_32,312.0,0.0,0.0,5.0,0.9949800320799109,0.4802134693461613,0.81086,1,0,stable
1838__0_600,214,s_16_32,264.0,0.0,0.0,5.0,0.9795517350894736,0.7264709803673721,0.81086,0,0,stable
1838__0_600,215,t_8_16,127.99951171875,0.25,0.25,3.0,0.9943222601490515,0.6619837071997164,0.81086,0,0,mild
1838__0_600,216,t_8_16,200.0,0.0,0.0,3.0,0.9950326335928725,0.5354953615953346,0.81086,0,0,stable
1838__0_600,217,t_8_16,144.0,0.0,0.0,2.0,0.9560970919626802,0.533922765000309,0.81086,0,0,stable
1838__0_600,218,t_8_16,240.0,0.0,0.0,5.0,0.9804920162831343,0.6545765833333318,0.81086,0,0,stable
1838__0_600,219,t_8_16,180.0,0.25,0.0,4.0,0.7149777656219143,0.786838543628634,0.81086,0,1,mild
1838__0_600,221,t_8_16,252.0,0.0,0.0,4.0,0.9118769366064092,0.5456376503563025,0.81086,0,0,stable
1838__0_600,222,s_16_32,308.0,0.0,0.0,4.0,0.9694902702684026,0.5544677597402582,0.81086,0,0,stable
1838__0_600,223,t_8_16,192.0,0.0,0.0,2.0,0.921066551006198,0.5842545052721559,0.81086,0,0,stable
1838__0_600,224,s_16_32,336.0,0.0,0.0,7.0,0.9438326844659494,0.38896367857142417,0.81086,1,0,stable
1838__0_600,225,t_8_16,200.0,0.0,0.0,4.0,0.9955751483101072,0.7636956224510291,0.81086,0,1,stable
1838__0_600,226,s_16_32,288.0,0.0,0.0,4.0,0.3014464925778899,0.6602802256944451,0.81086,0,0,stable
1838__0_600,227,s_16_32,364.0,0.0,0.0,8.0,0.03202648492638812,0.0,0.81086,1,0,stable
1838__0_600,228,s_16_32,280.0,0.0,0.0,5.0,0.985987808051412,0.41007382127459313,0.81086,1,0,stable
1838__0_600,229,t_8_16,192.0,0.0,0.0,3.0,0.9693058606200587,0.6687704096838453,0.81086,0,0,stable
1838__0_600,230,s_16_32,560.0,0.0,0.0,10.0,0.6207387606398118,0.6807080357142854,0.81086,0,0,stable
1838__0_600,231,s_16_32,280.0,0.0,0.0,6.0,0.9812484367049245,0.5155872122768764,0.81086,0,0,stable
1838__0_600,232,t_8_16,160.0,0.25,0.25,2.0,0.9999999981057682,0.6315060935235035,0.81086,0,0,mild
1838__0_600,233,t_8_16,223.9990234375,0.25,0.0,3.0,0.8463344301120936,0.35891944488708455,0.81086,1,0,mild
1838__0_600,234,s_16_32,320.0,0.25,0.0,5.0,0.08923379250674315,0.2719531201053168,0.81086,1,0,mild
1838__0_600,235,s_16_32,364.0,0.0,0.0,7.0,0.616866143865803,0.38556193681319084,0.81086,1,0,stable
1838__0_600,236,s_16_32,312.0,0.0,0.0,6.0,0.8163600558613565,0.4660400897435858,0.81086,1,0,stable
1838__0_600,237,s_16_32,288.0,0.0,0.0,4.0,0.9269696708760244,0.41894600450838543,0.81086,1,0,stable
1838__0_600,238,s_16_32,312.0,0.25,0.0,4.0,0.2918890820235282,0.36001509615384736,0.81086,1,0,mild
1838__0_600,239,t_8_16,180.0010986328125,0.25,0.0,2.0,0.7042495883914893,0.12971000555105425,0.81086,1,0,mild
1838__0_600,240,s_16_32,416.0,0.0,0.0,5.0,0.9917626684459657,0.7731127149140172,0.81086,0,1,stable
1838__0_600,241,s_16_32,638.0000839233398,0.0,0.0,10.0,0.9358817379989185,0.559697068965517,0.81086,0,0,stable
1838__0_600,242,s_16_32,308.0,0.0,0.0,6.0,0.8754393066037068,0.42524137525571143,0.81086,1,0,stable
1838__0_600,243,t_8_16,239.998779296875,0.0,0.0,2.0,0.9798027715897704,0.42735875000000084,0.81086,1,0,stable
1838__0_600,244,t_8_16,252.0,0.25,0.25,2.0,0.873529974882689,0.3771949206349236,0.81086,1,0,mild
1838__0_600,245,t_8_16,224.0,0.0,0.0,4.0,0.9852535539919209,0.5890534375,0.81086,0,0,stable
1838__0_600,246,t_8_16,96.0,0.0,0.0,5.0,0.347319291366994,0.0,0.81086,1,0,stable
1838__0_600,247,t_8_16,200.0,0.0,0.0,3.0,0.757472635335234,0.6657893000000049,0.81086,0,0,stable
1838__0_600,248,t_8_16,128.0,0.0,0.0,3.0,0.426705782316661,0.2824255476247679,0.81086,1,0,stable
1838__0_600,249,s_16_32,264.0,0.0,0.0,4.0,0.9961888563704189,0.6701823679453321,0.81086,0,0,stable
1838__0_600,250,s_16_32,288.0,0.0,0.0,5.0,0.9809388762096212,0.6567772531287512,0.81086,0,0,stable
1838__0_600,251,s_16_32,288.0,0.0,0.0,5.0,0.8415886272428963,0.5262913993055506,0.81086,0,0,stable
1838__0_600,252,t_8_16,252.0,0.0,0.0,4.0,0.9717014096138523,0.41525937828054554,0.81086,1,0,stable
1838__0_600,253,t_8_16,252.0,0.0,0.0,3.0,0.974807990506165,0.48526137672580916,0.81086,1,0,stable
1838__0_600,254,t_8_16,191.99951171875,0.0,0.0,3.0,0.999696472404818,0.8540130794133064,0.81086,0,1,stable
1838__0_600,255,t_8_16,140.0,0.25,0.0,5.0,0.6771093045914738,0.6458270920535648,0.81086,0,0,mild
1838__0_600,256,t_8_16,126.0,0.0,0.0,2.0,,0.6192460697147196,0.81086,0,0,stable
1838__0_600,257,t_8_16,204.0,0.0,0.0,3.0,0.8437418885599975,0.7297613625169902,0.81086,0,0,stable
1838__0_600,258,t_8_16,98.99945068359375,0.0,0.0,2.0,,0.40106354481621775,0.81086,1,0,stable
1838__0_600,260,t_8_16,104.0,0.0,0.0,2.0,0.849396321228598,0.7040255014437731,0.81086,0,0,stable
1838__0_600,261,t_8_16,144.0,0.5,0.0,3.0,0.5489971252496704,0.6360247437951552,0.81086,0,0,mild
1838__0_600,262,t_8_16,223.9991455078125,0.0,0.0,3.0,0.8674007767849969,0.453665142857141,0.81086,1,0,stable
1838__0_600,263,t_8_16,227.99884033203125,0.0,0.0,5.0,0.9797913579565468,0.7333431828527753,0.81086,0,0,stable
1838__0_600,264,t_8_16,208.0,0.0,0.0,4.0,0.12482217693923163,0.0,0.81086,1,0,stable
1838__0_600,265,t_8_16,171.0,0.0,0.0,2.0,0.9802697336682007,0.4649261251332147,0.81086,1,0,stable
1838__0_600,266,t_8_16,140.0,0.0,0.0,3.0,0.6684299414215527,0.6101692322061592,0.81086,0,0,stable
1838__0_600,267,t_8_16,210.0,0.0,0.0,3.0,0.8443364011353027,0.5830509523809524,0.81086,0,0,stable
1838__0_600,268,t_8_16,144.0,0.0,0.0,2.0,0.9743504662596209,0.0,0.81086,1,0,stable
1838__0_600,269,t_8_16,200.0,0.0,0.0,4.0,0.20778197288045344,0.0,0.81086,1,0,stable
1838__0_600,270,t_8_16,240.0,0.0,0.0,5.0,0.7827828969111156,0.49515164999999745,0.81086,1,0,stable
1838__0_600,271,t_8_16,187.0,0.0,0.0,2.0,0.8512406893510162,0.0,0.81086,1,0,stable
1838__0_600,272,t_8_16,127.9990234375,0.0,0.0,2.0,0.9862315065312393,0.7418560564835008,0.81086,0,0,stable
1838__0_600,273,t_8_16,120.0,0.25,0.25,2.0,,0.528710942097041,0.81086,0,0,mild
1838__0_600,274,s_16_32,260.0015869140625,0.0,0.0,4.0,0.9891210876406731,0.5197144813609288,0.81086,0,0,stable
1838__0_600,275,s_16_32,312.0,0.0,0.0,6.0,0.9828205889840884,0.6981360688148437,0.81086,0,0,stable
1838__0_600,276,t_8_16,228.0,0.0,0.0,6.0,0.9914301865574416,0.0,0.81086,1,0,stable
1838__0_600,277,t_8_16,228.0,0.0,0.0,4.0,0.9808277408712823,0.8750108473113652,0.81086,0,1,stable
1838__0_600,278,t_8_16,153.0,0.0,0.0,2.0,0.769995374249109,0.5642971760962963,0.81086,0,0,stable
1838__0_600,279,t_8_16,167.99957275390625,0.0,0.0,2.0,0.9860014432561363,0.08524058450989745,0.81086,1,0,stable
1838__0_600,280,t_8_16,204.0,0.0,0.0,4.0,0.933702425014246,0.743576112523008,0.81086,0,0,stable
1838__0_600,281,t_8_16,162.0,0.25,0.25,0.0,,0.6732467911737492,0.81086,0,0,mild
1838__0_600,282,s_16_32,431.99945068359375,0.25,0.0,8.0,0.10936820744470604,0.49454597208417106,0.81086,1,0,mild
1838__0_600,283,t_8_16,209.0,0.0,0.0,4.0,0.9956681805907529,0.6539787325519284,0.81086,0,0,stable
1838__0_600,284,t_8_16,210.00091552734375,0.0,0.0,2.0,0.9987841668644245,0.6452166520398382,0.81086,0,0,stable
1838__0_600,285,t_8_16,192.0,0.0,0.0,4.0,0.8263492475536284,0.026948396309704414,0.81086,1,0,stable
1838__0_600,286,t_8_16,231.0,0.0,0.0,4.0,0.7230015648597301,0.0,0.81086,1,0,stable
1838__0_600,287,t_8_16,252.0,0.0,0.0,7.0,0.9647268345198182,0.0,0.81086,1,0,stable
1838__0_600,288,t_8_16,168.0,0.0,0.0,2.0,0.9980878574112233,0.6369833427951573,0.81086,0,0,stable
1838__0_600,289,t_8_16,210.0,0.0,0.0,5.0,0.9747165962747978,0.581534347593001,0.81086,0,0,stable
1838__0_600,290,t_8_16,95.9999885559082,0.0,0.0,3.0,0.9640307602172928,0.226778554575432,0.81086,1,0,stable
1838__0_600,291,s_16_32,304.0,0.0,0.0,4.0,0.9986513576282762,0.5218075263157872,0.81086,0,0,stable
1838__0_600,292,s_16_32,460.0,0.0,0.0,9.0,0.5462234688676894,0.0,0.81086,1,0,stable
1838__0_600,293,s_16_32,390.0,0.0,0.0,9.0,0.9758471659069827,0.39413284615384736,0.81086,1,0,stable
1838__0_600,294,t_8_16,247.0,0.0,0.0,4.0,0.6412671733454265,0.0,0.81086,1,0,stable
1838__0_600,295,t_8_16,105.0,0.0,0.0,3.0,0.7100533337667552,0.5702926415955153,0.81086,0,0,stable
1838__0_600,296,t_8_16,160.0,0.25,0.0,3.0,0.6381164668869829,0.5541446119720015,0.81086,0,0,mild
1838__0_600,297,s_16_32,468.0,0.0,0.0,6.0,0.8067815363413361,0.0,0.81086,1,0,stable
1847__2400_1200,0,t_8_16,112.0,0.0,0.0,2.0,0.9943187009666571,0.7655441326725712,0.73043,0,1,stable
1847__2400_1200,1,t_8_16,128.0,0.25,0.25,3.0,0.9029392568176178,0.7798066814578815,0.73043,0,1,mild
1847__2400_1200,2,t_8_16,72.0,0.0,0.0,2.0,0.9976000280002795,0.4762249458056012,0.73043,1,0,stable
1847__2400_1200,3,t_8_16,84.0,0.0,0.0,4.0,0.5060784853859102,0.5192572058064894,0.73043,0,0,stable
1847__2400_1200,4,t_8_16,216.0,0.0,0.0,3.0,0.9974906858773404,0.7254263688099559,0.73043,0,0,stable
1847__2400_1200,5,s_16_32,420.0,0.0,0.0,7.0,0.7725164793989474,0.4029688337154609,0.73043,1,0,stable
1847__2400_1200,6,t_8_16,180.0,0.25,0.0,5.0,0.8347452989977477,0.7855872076358102,0.73043,0,1,mild
1847__2400_1200,7,s_16_32,275.99981689453125,0.0,0.0,3.0,0.8109015275878748,0.8431198998488834,0.73043,0,1,stable
1847__2400_1200,8,t_8_16,90.0,0.5,0.0,2.0,0.07927693041505651,0.6639873161231306,0.73043,0,0,mild
1847__3014_1200,0,s_16_32,800.0,0.0,0.0,10.0,0.7929748158125154,0.0,0.75064,1,0,stable
1847__3014_1200,1,t_8_16,84.0,0.0,0.0,3.0,0.9830097205199707,0.5221426609206675,0.75064,0,0,stable
1847__3014_1200,2,t_8_16,216.0,0.0,0.0,5.0,0.8750386367618691,0.7390515332202442,0.75064,0,0,stable
1847__3014_1200,3,t_8_16,139.99969482421875,0.0,0.0,2.0,0.999999999997413,0.8801053177484484,0.75064,0,1,stable
1847__3014_1200,4,t_8_16,160.0,0.0,0.0,2.0,0.9992508188391649,0.6228148260882869,0.75064,0,0,stable
1847__3014_1200,5,t_8_16,112.0,0.5,0.5,1.0,,0.7978010171276135,0.75064,0,1,mild
1847__3014_1200,6,t_8_16,140.0,0.25,0.0,2.0,0.8177197469173841,0.7355844963433555,0.75064,0,0,mild
1847__3014_1200,7,t_8_16,140.0,0.0,0.0,1.0,,0.6647646591969298,0.75064,0,0,stable
1847__3014_1200,8,t_8_16,128.0,0.0,0.0,2.0,0.9999591199504888,0.8157510171435178,0.75064,0,1,stable
1847__3014_1200,9,t_8_16,80.0,0.0,0.0,1.0,,0.5864521300809505,0.75064,0,0,stable
1847__3014_1200,10,s_16_32,256.0,0.0,0.0,5.0,0.658711673934788,0.7327965863971095,0.75064,0,0,stable
1847__3014_1200,11,t_8_16,180.0,0.25,0.0,2.0,0.7985808099843348,0.4104892921341842,0.75064,1,0,mild
1847__3014_1200,12,t_8_16,112.0,0.0,0.0,1.0,,0.6156270919014483,0.75064,0,0,stable
1847__3014_1200,13,t_8_16,160.0,0.5,0.0,3.0,0.484111652002507,0.8109239658233125,0.75064,0,1,mild
1847__3014_1200,14,t_8_16,102.0,0.5,0.0,3.0,0.9583003349849066,0.40794887908262034,0.75064,1,0,mild
1891__2400_2477,0,t_8_16,216.0,0.0,0.0,4.0,0.9728070334438152,0.886559058335794,0.79754,0,1,stable
1891__2400_2477,1,t_8_16,160.0,0.0,0.0,3.0,0.9971461488054718,0.757651866676984,0.79754,0,1,stable
1891__2400_2477,2,t_8_16,192.0,0.0,0.0,4.0,0.7844931612709051,0.8033731955910625,0.79754,0,1,stable
1891__2400_2477,3,t_8_16,160.0,0.25,0.0,2.0,0.9109162928126895,0.8175101486964181,0.79754,0,1,mild
1891__2400_2477,4,t_8_16,160.0,0.0,0.0,2.0,0.8988445861066607,0.8466507577329258,0.79754,0,1,stable
1891__2400_2477,5,s_16_32,448.0,0.0,0.0,10.0,0.9783563053378246,0.8395629055850189,0.79754,0,1,stable
1891__2400_2477,6,t_8_16,216.0,0.0,0.0,4.0,0.9478867933858194,0.6853472284940654,0.79754,0,0,stable
1891__2400_2477,7,t_8_16,140.0,0.25,0.0,5.0,0.16796780816200382,0.6931464101993895,0.79754,0,0,mild
1891__2400_2477,8,t_8_16,112.0,0.5,0.5,0.0,,0.814214626070331,0.79754,0,1,mild
1891__2400_2477,9,t_8_16,140.0000762939453,0.0,0.0,3.0,0.9527829934857216,0.8920783038808173,0.79754,0,1,stable
1891__2400_2477,10,t_8_16,140.00015258789062,0.0,0.0,2.0,0.8212759330834611,0.8466142127401157,0.79754,0,1,stable
1891__2400_2477,11,t_8_16,168.0,0.0,0.0,2.0,0.9799800949937209,0.857586013479202,0.79754,0,1,stable
1891__2400_2477,12,t_8_16,112.0001220703125,0.0,0.0,3.0,0.9666139969161304,0.69100536330502,0.79754,0,0,stable
1891__2400_2477,13,t_8_16,140.00015258789062,0.0,0.0,1.0,0.9999983256740197,0.7632237065093938,0.79754,0,1,stable
1891__2400_2477,14,t_8_16,140.0,0.0,0.0,3.0,0.8370205541913082,0.8331650370398584,0.79754,0,1,stable
1891__2400_2477,15,t_8_16,140.0,0.0,0.0,1.0,,0.8533995275793802,0.79754,0,1,stable
1891__2400_2477,16,t_8_16,168.0,0.0,0.0,2.0,0.549987369445837,0.8226495928309506,0.79754,0,1,stable
1891__2400_2477,17,t_8_16,120.0,0.25,0.0,2.0,0.7210003888724866,0.6913531241405118,0.79754,0,0,mild
1891__2400_2477,18,t_8_16,80.0,0.25,0.25,1.0,,0.7603811319178002,0.79754,0,1,mild
1891__2400_2477,19,t_8_16,192.0,0.0,0.0,1.0,0.9999998961086296,0.8920080468749915,0.79754,0,1,stable
1891__2400_2477,20,t_8_16,112.0,0.25,0.25,2.0,0.6321687851883049,0.7408931530465103,0.79754,0,0,mild
1891__2400_2477,21,t_8_16,96.0,0.0,0.0,2.0,0.9999999999599178,0.6548366329329115,0.79754,0,0,stable
1891__2400_2477,22,t_8_16,168.0,0.0,0.0,3.0,0.9619915314894701,0.842325565018767,0.79754,0,1,stable
1891__2400_2477,23,t_8_16,192.0,0.0,0.0,1.0,0.9999972670269826,0.8698269087122003,0.79754,0,1,stable
1891__2400_2477,24,t_8_16,192.0,0.0,0.0,3.0,0.995528347573925,0.7780191010227546,0.79754,0,1,stable
1891__2400_2477,25,t_8_16,139.99996185302734,0.0,0.0,1.0,,0.7212127916030838,0.79754,0,0,stable
1891__2400_2477,26,t_8_16,192.0,0.25,0.0,3.0,0.4880166847765075,0.7753475260416697,0.79754,0,1,mild
1891__2400_2477,27,t_8_16,168.0,0.0,0.0,2.0,0.5178045216680337,0.7959681666135284,0.79754,0,1,stable
1891__2400_2477,28,t_8_16,192.0,0.0,0.0,4.0,0.9950471511219022,0.909660116840927,0.79754,0,1,stable
1891__2400_2477,29,t_8_16,168.0,0.0,0.0,2.0,0.9315336656093461,0.8956530609635605,0.79754,0,1,stable
1891__2400_2477,30,t_8_16,140.0,0.0,0.0,2.0,0.9817981605473589,0.831071420280059,0.79754,0,1,stable
1891__2400_2477,31,t_8_16,140.00015258789062,0.0,0.0,2.0,0.933022628457386,0.8414678427676853,0.79754,0,1,stable
1891__2400_2477,32,t_8_16,192.0,0.5,0.0,2.0,0.3597020937291298,0.8877559807282245,0.79754,0,1,mild
1891__2400_2477,33,t_8_16,119.99984741210938,0.25,0.25,2.0,0.5614116383154709,0.6993696331496957,0.79754,0,0,mild
1891__2400_2477,34,t_8_16,216.00018310546875,0.0,0.0,5.0,0.9032891209596121,0.7569623113530356,0.79754,0,1,stable
1891__2400_2477,35,t_8_16,216.0,0.0,0.0,3.0,0.9759864911845677,0.5725359975111564,0.79754,0,0,stable
1891__2400_2477,36,t_8_16,192.0,0.0,0.0,4.0,0.9859848008943467,0.7351738130900718,0.79754,0,0,stable
1891__2400_2477,37,t_8_16,160.0,0.0,0.0,2.0,0.9481383511667608,0.7933525851594493,0.79754,0,1,stable
1891__2400_2477,38,t_8_16,128.0,0.25,0.25,3.0,0.9640245857176853,0.7660579351748479,0.79754,0,1,mild
1891__2400_2477,39,t_8_16,96.0,0.5,0.25,2.0,0.5789534683315194,0.824174942876503,0.79754,0,1,mild
1891__2400_2477,40,t_8_16,154.0,0.0,0.0,6.0,0.7538960997418684,0.6757460658752675,0.79754,0,0,stable
1891__2400_2477,41,t_8_16,120.0,0.0,0.0,2.0,0.9728138724312276,0.6197923305223578,0.79754,0,0,stable
1891__2400_2477,42,t_8_16,140.0,0.0,0.0,2.0,0.9939009124389846,0.7325167865122805,0.79754,0,0,stable
1891__2400_2477,43,t_8_16,224.0,0.0,0.0,5.0,0.7561976156767438,0.6794433006027987,0.79754,0,0,stable
1891__2400_2477,44,t_8_16,224.0,0.0,0.0,3.0,0.995084689417476,0.8485229194646554,0.79754,0,1,stable
1891__2400_2477,45,t_8_16,192.0,0.0,0.0,2.0,0.9854276864364816,0.9333976830562792,0.79754,0,1,stable
1891__2400_2477,46,t_8_16,140.0,0.0,0.0,2.0,0.6738432140543348,0.6852276428571397,0.79754,0,0,stable
1891__2400_2477,47,t_8_16,160.0,0.0,0.0,2.0,0.3721105821342799,0.7613116549198518,0.79754,0,1,stable
1891__2400_2477,48,t_8_16,140.0,0.0,0.0,5.0,0.9054047130144872,0.7101559714285686,0.79754,0,0,stable
1891__2400_2477,49,t_8_16,81.0,0.0,0.0,1.0,,0.49918476887433205,0.79754,1,0,stable
1891__2400_2477,50,t_8_16,164.99908447265625,0.0,0.0,2.0,0.9994009469574139,0.7819981272727344,0.79754,0,1,stable
1891__2400_2477,51,t_8_16,154.0,0.25,0.0,2.0,0.8260367522740532,0.43031345326052767,0.79754,1,0,mild
1891__2586_1200,0,s_16_32,320.0,0.0,0.0,7.0,0.9047784217922371,0.8210378017255758,0.8594,0,1,stable
1891__2586_1200,1,t_8_16,252.0,0.0,0.0,4.0,0.9985320716932994,0.7689323143952639,0.8594,0,1,stable
1891__2586_1200,2,t_8_16,240.0,0.0,0.0,5.0,0.9993004826213219,0.882447131842171,0.8594,0,1,stable
1891__2586_1200,3,t_8_16,192.0,0.0,0.0,2.0,0.9836410043987639,0.8147915681345346,0.8594,0,1,stable
1891__2586_1200,4,t_8_16,224.0,0.0,0.0,2.0,0.9998417692876628,0.8404186240500948,0.8594,0,1,stable
1891__2586_1200,5,t_8_16,252.0,0.0,0.0,5.0,0.9788335098182375,0.7538299725494715,0.8594,0,1,stable
1891__2586_1200,6,t_8_16,216.0,0.0,0.0,3.0,0.9945540167499944,0.7990327683219531,0.8594,0,1,stable
1891__2586_1200,7,t_8_16,192.0,0.0,0.0,4.0,0.965294310336143,0.8091765475552045,0.8594,0,1,stable
1891__2586_1200,8,t_8_16,252.0,0.0,0.0,6.0,0.9901183840306201,0.7895718113552646,0.8594,0,1,stable
1891__2586_1200,9,t_8_16,252.0,0.0,0.0,6.0,0.979326806458822,0.7339635940194694,0.8594,0,0,stable
1891__2586_1200,10,t_8_16,216.0,0.25,0.0,5.0,0.5357276398434836,0.7798435307451497,0.8594,0,1,mild
1891__2586_1200,11,t_8_16,216.0,0.0,0.0,5.0,0.9622814073948716,0.8259094840677282,0.8594,0,1,stable
1891__2586_1200,12,s_16_32,280.0,0.0,0.0,5.0,0.9990540306640223,0.8448450304370895,0.8594,0,1,stable
1891__2586_1200,13,s_16_32,308.0,0.0,0.0,6.0,0.9978612973771399,0.8171015711627888,0.8594,0,1,stable
1891__2586_1200,14,t_8_16,224.0,0.0,0.0,3.0,0.9384523554892682,0.8359124437804925,0.8594,0,1,stable
1891__2586_1200,15,t_8_16,216.0,0.0,0.0,4.0,0.9997002353269006,0.9002718708515988,0.8594,0,1,stable
1891__2586_1200,16,t_8_16,224.0,0.0,0.0,4.0,0.9422122602159213,0.8267757834285703,0.8594,0,1,stable
1891__2586_1200,17,s_16_32,320.0,0.0,0.0,4.0,0.9999284182435532,0.7884036492400904,0.8594,0,1,stable
1891__2586_1200,18,t_8_16,196.0,0.0,0.0,5.0,0.996568473988133,0.8485857648809824,0.8594,0,1,stable
1891__2586_1200,19,t_8_16,168.0,0.0,0.0,4.0,0.6600235955856459,0.7424670994374717,0.8594,0,0,stable
1891__2586_1200,20,t_8_16,224.0,0.0,0.0,5.0,0.9620360292508336,0.7833079940292166,0.8594,0,1,stable
1891__2586_1200,21,t_8_16,196.0,0.0,0.0,4.0,0.995675111435333,0.8353445219650326,0.8594,0,1,stable
1891__2586_1200,22,s_16_32,780.0,0.0,0.0,10.0,0.9988539056837765,0.9331790694037451,0.8594,0,1,stable
1891__2586_1200,23,t_8_16,143.999267578125,0.0,0.0,4.0,0.7075907093852174,0.786395011302537,0.8594,0,1,stable
1891__2586_1200,24,t_8_16,224.0,0.0,0.0,5.0,0.9893994285878116,0.8374817497074922,0.8594,0,1,stable
1891__2586_1200,25,t_8_16,170.0,0.0,0.0,3.0,0.9909233497621738,0.7743384422437696,0.8594,0,1,stable
1891__2586_1200,26,t_8_16,84.0,0.0,0.0,2.0,0.9581329837739074,0.5293980904421807,0.8594,0,0,stable
18bfe8b16,0,t_8_16,221.0,0.0,0.0,3.0,0.9790525663081341,0.7016279291496026,0.63195,0,0,stable
18bfe8b16,1,t_8_16,170.0,0.5,0.0,5.0,0.1686637217831107,0.754775423523359,0.63195,0,1,mild
18bfe8b16,2,t_8_16,96.0,0.0,0.0,1.0,,0.8602925867508281,0.63195,0,1,stable
18bfe8b16,3,t_8_16,135.0,0.0,0.0,2.0,0.980249717662525,0.611352114794672,0.63195,0,0,stable
18cdb26a2,0,t_8_16,143.0,0.0,0.0,4.0,0.7820839677680738,0.8443464335664342,0.52426,0,1,stable
1945__600_2400,0,t_8_16,240.0,0.0,0.0,3.0,0.8205357722327198,0.7189492854320657,0.88036,0,0,stable
1945__600_2400,2,t_8_16,200.0,0.0,0.0,3.0,0.965351327970297,0.7349113377042462,0.88036,0,0,stable
1945__600_2400,3,t_8_16,220.0,0.25,0.0,4.0,0.9060028816222613,0.9491214106056388,0.88036,0,1,mild
1945__600_2400,4,s_16_32,312.0,0.0,0.0,5.0,0.997255456383096,0.6708331340669227,0.88036,0,0,stable
1945__600_2400,5,s_16_32,260.0,0.0,0.0,3.0,0.9973097852336855,0.7206230108014096,0.88036,0,0,stable
1945__600_2400,6,t_8_16,240.0,0.0,0.0,5.0,0.9893485244797351,0.7250461413571881,0.88036,0,0,stable
1945__600_2400,7,t_8_16,180.0,0.25,0.0,2.0,0.9993636117621342,0.4399425829380945,0.88036,1,0,mild
1945__600_2400,8,t_8_16,240.0,0.0,0.0,4.0,0.9429383048154969,0.7032457173083944,0.88036,0,0,stable
1945__600_2400,9,t_8_16,220.0,0.0,0.0,4.0,0.7716833961879817,0.830224458748936,0.88036,0,1,stable
1945__600_2400,10,t_8_16,220.0,0.0,0.0,5.0,0.5280313428306602,0.8180714034770119,0.88036,0,1,stable
1945__600_2400,11,s_16_32,360.0,0.0,0.0,6.0,0.968191755789662,0.8758076716434793,0.88036,0,1,stable
1945__600_2400,12,s_16_32,720.0,0.0,0.0,10.0,0.983245531096021,0.8624552850150831,0.88036,0,1,stable
1945__600_2400,13,s_16_32,720.0,0.0,0.0,10.0,0.7732390614137321,0.5771537291666675,0.88036,0,0,stable
1945__600_2400,14,s_16_32,308.0,0.0,0.0,6.0,0.9940860007577883,0.7846583840241667,0.88036,0,1,stable
1945__600_2400,15,s_16_32,308.0,0.0,0.0,8.0,0.9952216616778717,0.7455117035176633,0.88036,0,0,stable
1945__600_2400,16,s_16_32,312.0,0.0,0.0,5.0,0.990099456039042,0.6929161815102364,0.88036,0,0,stable
1945__600_2400,17,s_16_32,392.0,0.0,0.0,7.0,0.9978582518457451,0.754476721938776,0.88036,0,1,stable
1945__600_2400,18,s_16_32,720.0,0.0,0.0,10.0,0.9995911838218757,0.6749718749999987,0.88036,0,0,stable
1945__600_2400,19,t_8_16,220.0,0.0,0.0,4.0,0.9978095196980351,0.7490355490659847,0.88036,0,0,stable
1945__600_2400,20,t_8_16,240.0,0.0,0.0,4.0,0.9895768034858986,0.7268566246087176,0.88036,0,0,stable
1945__600_2400,21,s_16_32,335.999267578125,0.0,0.0,5.0,0.995382605102481,0.6011462848266955,0.88036,0,0,stable
1945__600_2400,22,s_16_32,468.0,0.0,0.0,8.0,0.9962992890455757,0.7338300000000008,0.88036,0,0,stable
1945__600_2400,23,s_16_32,364.0,0.0,0.0,4.0,0.9983031700520304,0.6692604560439522,0.88036,0,0,stable
1945__600_2400,24,t_8_16,240.0,0.0,0.0,3.0,0.9191438376010755,0.7789768808539989,0.88036,0,1,stable
1945__600_2400,25,t_8_16,190.0,0.0,0.0,3.0,0.97628586284212,0.7105235188017681,0.88036,0,0,stable
1945__600_2400,26,t_8_16,159.998779296875,0.0,0.0,3.0,0.9837303870796502,0.8322088792347188,0.88036,0,1,stable
1945__600_2400,27,s_16_32,288.0,0.0,0.0,7.0,0.9648373020547746,0.6688132847222192,0.88036,0,0,stable
1945__600_2400,28,t_8_16,176.0,0.0,0.0,2.0,0.9977571765421146,0.8311302541583929,0.88036,0,1,stable
1945__600_2400,29,s_16_32,280.0,0.0,0.0,5.0,0.989042245258896,0.5786876142857206,0.88036,0,0,stable
1945__600_2400,30,t_8_16,192.0,0.0,0.0,3.0,0.9910175480483999,0.6823872536114898,0.88036,0,0,stable
1945__600_2400,31,t_8_16,192.0,0.0,0.0,4.0,0.5045905626646993,0.7660229207716909,0.88036,0,1,stable
1945__600_2400,32,t_8_16,220.0,0.5,0.0,7.0,0.4798804712628736,0.7919566090909175,0.88036,0,1,mild
1945__600_2400,33,t_8_16,208.0,0.25,0.25,3.0,0.9924330578430292,0.8679282107138023,0.88036,0,1,mild
1945__600_2400,34,t_8_16,176.0,0.0,0.0,3.0,0.9957491294274539,0.8712735900726747,0.88036,0,1,stable
1945__600_2400,35,t_8_16,240.0,0.0,0.0,4.0,0.950982151555717,0.6534327257511708,0.88036,0,0,stable
1945__600_2400,36,t_8_16,160.0,0.0,0.0,3.0,0.9941781746887528,0.8068552801109818,0.88036,0,1,stable
1945__600_2400,37,t_8_16,160.0,0.5,0.5,1.0,,0.8796208362489286,0.88036,0,1,mild
1945__600_2400,38,s_16_32,335.99853515625,0.0,0.0,4.0,0.9949824604179663,0.6508085833333362,0.88036,0,0,stable
1945__600_2400,39,t_8_16,160.0,0.0,0.0,3.0,0.9996891591373888,0.7090992077324368,0.88036,0,0,stable
1945__600_2400,40,t_8_16,240.0,0.0,0.0,5.0,0.906576254339835,0.7879914166666566,0.88036,0,1,stable
1945__600_2400,41,t_8_16,160.0,0.5,0.5,0.0,,0.846204121378456,0.88036,0,1,mild
1945__600_2400,42,t_8_16,176.0,0.0,0.0,3.0,0.9377748517267827,0.7376380931065464,0.88036,0,0,stable
1945__600_2400,43,t_8_16,120.0,0.5,0.0,2.0,0.259866430573932,0.8107488811697872,0.88036,0,1,mild
1945__600_2400,44,t_8_16,252.0,0.0,0.0,4.0,0.9987776677880409,0.764631609340074,0.88036,0,1,stable
1945__600_2400,45,s_16_32,320.0,0.0,0.0,6.0,0.9873326504616515,0.8627210531165972,0.88036,0,1,stable
1945__600_2400,46,s_16_32,288.0,0.0,0.0,4.0,0.9967297658120122,0.7551307291666729,0.88036,0,1,stable
1945__600_2400,47,s_16_32,360.0,0.0,0.0,5.0,0.9898867896869092,0.7280340042099358,0.88036,0,0,stable
1945__600_2400,48,t_8_16,196.0,0.0,0.0,3.0,0.9774054543661337,0.7315407449906439,0.88036,0,0,stable
1945__600_2400,49,t_8_16,252.0,0.0,0.0,3.0,0.9635399125762719,0.7850678933374163,0.88036,0,1,stable
1945__600_2400,50,s_16_32,288.0,0.0,0.0,3.0,0.8247152650276898,0.8566488273536138,0.88036,0,1,stable
1945__600_2400,51,t_8_16,192.0,0.25,0.25,2.0,0.9840952925831226,0.6216961661467997,0.88036,0,0,mild
1945__600_2400,52,t_8_16,192.0,0.5,0.25,4.0,0.41228709275749487,0.8746627499999995,0.88036,0,1,mild
1945__600_2400,53,t_8_16,192.0,0.25,0.25,2.0,0.9948388273987304,0.7602828439665448,0.88036,0,1,mild
1945__600_2400,54,t_8_16,220.0,0.0,0.0,5.0,0.8829230128037074,0.7390339863693708,0.88036,0,0,stable
1945__600_2400,55,t_8_16,192.0,0.25,0.25,4.0,0.9994171515313195,0.8748966307560023,0.88036,0,1,mild
1945__600_2400,56,s_16_32,336.0,0.0,0.0,6.0,0.9993240133662002,0.7384478338198215,0.88036,0,0,stable
1945__600_2400,57,t_8_16,224.0,0.0,0.0,5.0,0.9991962748245028,0.8957671496754936,0.88036,0,1,stable
1945__600_2400,58,t_8_16,176.0,0.0,0.0,3.0,0.9932773520450068,0.7009878224906687,0.88036,0,0,stable
1945__600_2400,59,t_8_16,192.0,0.25,0.25,5.0,0.9896156094710079,0.6825987161799703,0.88036,0,0,mild
1945__600_2400,60,s_16_32,312.000732421875,0.0,0.0,3.0,0.9996382182779281,0.8055111369568773,0.88036,0,1,stable
1945__600_2400,61,s_16_32,260.0,0.0,0.0,5.0,0.9637435142895757,0.825926215791463,0.88036,0,1,stable
1945__600_2400,62,s_16_32,312.000732421875,0.25,0.0,9.0,0.4572314403262482,0.8243639615384595,0.88036,0,1,mild
1945__600_2400,63,s_16_32,300.0,0.0,0.0,3.0,0.9983409188019419,0.7358824033724966,0.88036,0,0,stable
1945__600_2400,64,s_16_32,288.0,0.5,0.0,5.0,0.06588430248841115,0.7392298055555521,0.88036,0,0,mild
1945__600_2400,65,t_8_16,200.0,0.0,0.0,2.0,0.9940787815243733,0.8154134505995726,0.88036,0,1,stable
1945__600_2400,66,t_8_16,192.0,0.0,0.0,5.0,0.9549839933059324,0.8037084529990676,0.88036,0,1,stable
1945__600_2400,67,t_8_16,200.0,0.25,0.0,4.0,0.8413693914127881,0.7769696108744326,0.88036,0,1,mild
1945__600_2400,68,s_16_32,280.0,0.0,0.0,5.0,0.9169444094954776,0.6322366011564143,0.88036,0,0,stable
1945__600_2400,69,t_8_16,192.0,0.0,0.0,4.0,0.9554936325752035,0.71157863209363,0.88036,0,0,stable
1945__600_2400,71,s_16_32,336.0,0.0,0.0,6.0,0.9663620007233754,0.901507800226735,0.88036,0,1,stable
1945__600_2400,72,s_16_32,528.0,0.0,0.0,8.0,0.9988103124263442,0.8871031503033024,0.88036,0,1,stable
1945__600_2400,73,t_8_16,120.0,0.0,0.0,4.0,0.9794446382858736,0.6530259551702728,0.88036,0,0,stable
1945__600_2400,74,t_8_16,120.0,0.0,0.0,8.0,0.8844537444217669,0.6611343603942776,0.88036,0,0,stable
1945__600_2400,75,s_16_32,480.0,0.0,0.0,10.0,0.8542827529997232,0.545617375760108,0.88036,0,0,stable
1945__600_2400,76,s_16_32,312.0,0.0,0.0,6.0,0.825271589649447,0.6698609197191429,0.88036,0,0,stable
1945__600_2400,77,s_16_32,311.9984130859375,0.0,0.0,5.0,0.9994998057443222,0.7585327833806469,0.88036,0,1,stable
1945__600_2400,78,t_8_16,181.99978637695312,0.0,0.0,3.0,0.7864915969446172,0.01577935133825341,0.88036,1,0,stable
1945__600_2400,79,t_8_16,208.0,0.0,0.0,5.0,0.807986187732923,0.6202806217178573,0.88036,0,0,stable
1945__600_2400,80,t_8_16,209.0,0.0,0.0,3.0,0.9505497385700314,0.8471297310390777,0.88036,0,1,stable
1945__600_2400,81,t_8_16,162.0,0.0,0.0,2.0,0.9924433504971892,0.6477957097523835,0.88036,0,0,stable
1945__600_2400,82,t_8_16,198.0,0.0,0.0,4.0,0.9892615668276685,0.6874314909521791,0.88036,0,0,stable
1945__600_2400,83,t_8_16,144.0,0.0,0.0,3.0,0.9954540273358559,0.6878908111477576,0.88036,0,0,stable
1945__600_2400,84,t_8_16,136.0,0.0,0.0,3.0,0.9239451501270861,0.7464352499999987,0.88036,0,0,stable
1980__0_1800,0,t_8_16,220.0,0.0,0.0,4.0,0.9983614838693781,0.8110687325630481,0.79099,0,1,stable
1980__0_1800,1,t_8_16,220.0,0.0,0.0,4.0,0.9942983455316401,0.5638751565645655,0.79099,0,0,stable
1980__0_1800,2,t_8_16,160.0,0.25,0.25,4.0,0.9719969465019933,0.7538308742742031,0.79099,0,1,mild
1980__0_1800,3,t_8_16,219.99969482421875,0.0,0.0,2.0,0.9997171987440184,0.8718111270935666,0.79099,0,1,stable
1980__0_1800,4,t_8_16,200.0,0.0,0.0,3.0,0.9951517310029753,0.7958135373276818,0.79099,0,1,stable
1980__0_1800,5,t_8_16,220.0,0.25,0.0,4.0,0.9273255454304157,0.7291810319640267,0.79099,0,0,mild
1980__0_1800,6,t_8_16,219.99932861328125,0.0,0.0,4.0,0.8801754879776595,0.8137788770695196,0.79099,0,1,stable
1980__0_1800,7,t_8_16,192.0,0.0,0.0,5.0,0.9956127375855454,0.8177415728148142,0.79099,0,1,stable
1980__0_1800,8,t_8_16,176.0,0.0,0.0,3.0,0.9946905275284165,0.6613392246889727,0.79099,0,0,stable
1980__0_1800,9,t_8_16,200.0,0.0,0.0,4.0,0.9995672156620815,0.8233275633988413,0.79099,0,1,stable
1980__0_1800,10,t_8_16,199.9993896484375,0.0,0.0,3.0,0.932785157184802,0.6040272354046093,0.79099,0,0,stable
1980__0_1800,11,s_16_32,312.0,0.0,0.0,6.0,0.8961495433153779,0.75110176923077,0.79099,0,1,stable
1980__0_1800,12,s_16_32,312.0,0.0,0.0,7.0,0.9284243066755059,0.7853523998643934,0.79099,0,1,stable
1980__0_1800,13,s_16_32,312.0,0.0,0.0,3.0,0.9929675277520361,0.6071583589743605,0.79099,0,0,stable
1980__0_1800,14,t_8_16,220.0,0.0,0.0,3.0,0.9941114275247829,0.5849280047379619,0.79099,0,0,stable
1980__0_1800,15,t_8_16,176.0,0.0,0.0,4.0,0.9975051067294335,0.7818483890676119,0.79099,0,1,stable
1980__0_1800,16,s_16_32,260.0,0.0,0.0,4.0,0.9943986187128125,0.8177292307692335,0.79099,0,1,stable
1980__0_1800,17,t_8_16,220.0,0.0,0.0,5.0,0.9968809589764318,0.8986910747755796,0.79099,0,1,stable
1980__0_1800,18,t_8_16,169.00039672851562,0.0,0.0,3.0,0.9340782513385361,0.7696218710438503,0.79099,0,1,stable
1980__0_1800,19,t_8_16,240.0,0.0,0.0,3.0,0.9987454163625085,0.7176534609958155,0.79099,0,0,stable
1980__0_1800,20,t_8_16,135.0,0.0,0.0,2.0,0.9785853619054984,0.5416894535439145,0.79099,0,0,stable
1980__0_1800,21,t_8_16,152.0,0.5,0.0,4.0,0.1748113857220856,0.7223235723471478,0.79099,0,0,mild
1980__0_1800,22,t_8_16,221.0,0.0,0.0,4.0,0.9997060283002716,0.7470627738346513,0.79099,0,0,stable
1980__0_1800,23,t_8_16,126.0,0.0,0.0,2.0,0.9548445880169912,0.6734546150363312,0.79099,0,0,stable
1980__0_1800,24,t_8_16,196.0,0.0,0.0,3.0,0.9796758257595196,0.6533220858072377,0.79099,0,0,stable
1980__0_1800,25,t_8_16,143.0,0.5,0.0,2.0,0.9764350883207681,0.5653327964811985,0.79099,0,0,mild
1980__4200_1800,0,s_16_32,359.99908447265625,0.0,0.0,5.0,0.9966917685642582,0.8479366610142218,0.83474,0,1,stable
1980__4200_1800,1,t_8_16,239.999267578125,0.0,0.0,3.0,0.995150532976306,0.9377789902473566,0.83474,0,1,stable
1980__4200_1800,2,t_8_16,219.99932861328125,0.0,0.0,3.0,0.9316718797741516,0.7912133891877402,0.83474,0,1,stable
1980__4200_1800,3,s_16_32,288.0,0.0,0.0,4.0,0.998406878985452,0.8028374860766089,0.83474,0,1,stable
1980__4200_1800,4,t_8_16,240.0,0.0,0.0,4.0,0.9906123437777221,0.8746798565321131,0.83474,0,1,stable
1980__4200_1800,5,s_16_32,264.0,0.0,0.0,4.0,0.9996250048063151,0.7397537227922414,0.83474,0,0,stable
1980__4200_1800,6,s_16_32,320.0,0.0,0.0,5.0,0.9374917310000912,0.8268320935379629,0.83474,0,1,stable
1980__4200_1800,7,t_8_16,144.0,0.0,0.0,2.0,0.9912783216952684,0.6895421376997645,0.83474,0,0,stable
1980__4200_1800,8,s_16_32,280.0,0.25,0.0,9.0,0.872824075302481,0.7803326661216361,0.83474,0,1,mild
1980__4200_1800,9,t_8_16,240.0,0.0,0.0,3.0,0.9817286859135266,0.692869416604005,0.83474,0,0,stable
1980__4200_1800,10,s_16_32,576.0,0.0,0.0,10.0,0.2295102413597308,0.8037843371073937,0.83474,0,1,stable
1980__4200_1800,11,t_8_16,159.9993896484375,0.0,0.0,7.0,0.9994919591373137,0.8041461219954636,0.83474,0,1,stable
1980__4200_1800,12,t_8_16,240.0,0.0,0.0,3.0,0.8094750047572198,0.8355467800930061,0.83474,0,1,stable
1980__4200_1800,13,t_8_16,240.0,0.0,0.0,3.0,0.9883381798251987,0.8424686742075059,0.83474,0,1,stable
1980__4200_1800,14,t_8_16,160.0,0.5,0.5,0.0,,0.6777730073184064,0.83474,0,0,mild
1980__4200_1800,15,t_8_16,240.0,0.0,0.0,3.0,0.9993423033475862,0.721262965085898,0.83474,0,0,stable
1980__4200_1800,16,t_8_16,192.0,0.0,0.0,4.0,0.9448119846482255,0.7754224915458094,0.83474,0,1,stable
1980__4200_1800,17,t_8_16,144.0,0.0,0.0,3.0,0.9531566230735762,0.6059384905057235,0.83474,0,0,stable
1980__4200_1800,18,s_16_32,256.0,0.0,0.0,3.0,0.999908085270354,0.8507572149637067,0.83474,0,1,stable
1980__4200_1800,19,t_8_16,144.0,0.0,0.0,3.0,0.9695037005629289,0.4922301690010415,0.83474,1,0,stable
1980__4200_1800,20,t_8_16,223.9990234375,0.0,0.0,5.0,0.9063333366921164,0.900730036269185,0.83474,0,1,stable
1980__4200_1800,21,t_8_16,168.0,0.0,0.0,2.0,0.9963310577896366,0.6369498075491071,0.83474,0,0,stable
1980__4200_1800,22,t_8_16,140.0,0.0,0.0,2.0,0.9745218683921454,0.566418835332363,0.83474,0,0,stable
1980__4200_1800,23,t_8_16,120.000732421875,0.0,0.0,5.0,0.986104372562426,0.6654216922547554,0.83474,0,0,stable
1980__4200_1800,24,t_8_16,215.9989013671875,0.0,0.0,4.0,0.9266538647000604,0.7060221929823691,0.83474,0,0,stable
1980__4200_1800,25,t_8_16,224.0,0.0,0.0,4.0,0.9932950571127788,0.6924097978890134,0.83474,0,0,stable
1980__4200_1800,26,t_8_16,223.99957275390625,0.0,0.0,4.0,0.9984136301828364,0.8421471073788375,0.83474,0,1,stable
1980__4200_1800,27,t_8_16,195.99957275390625,0.0,0.0,3.0,0.9951301810219524,0.8710162654281491,0.83474,0,1,stable
1980__4200_1800,28,t_8_16,223.99951171875,0.0,0.0,5.0,0.952553033195066,0.8437062294736001,0.83474,0,1,stable
1980__4200_1800,29,s_16_32,280.0,0.25,0.0,10.0,0.9404805084645058,0.8428563958030949,0.83474,0,1,mild
1980__4200_1800,30,t_8_16,192.0,0.0,0.0,3.0,0.9974490711862444,0.7272166968498162,0.83474,0,0,stable
1980__4200_1800,31,t_8_16,119.9996337890625,0.0,0.0,6.0,0.9421433920503645,0.6071700456818133,0.83474,0,0,stable
1980__4200_1800,32,t_8_16,160.0,0.5,0.5,1.0,,0.7785691233840768,0.83474,0,1,mild
1980__4200_1800,33,t_8_16,220.0,0.0,0.0,4.0,0.9949200001881803,0.808301534383743,0.83474,0,1,stable
1980__4200_1800,34,s_16_32,503.99835205078125,0.0,0.0,10.0,0.9948279413379677,0.7620629999622367,0.83474,0,1,stable
1980__4200_1800,35,s_16_32,900.0,0.0,0.0,10.0,0.4522026863138913,0.9152386871223577,0.83474,0,1,stable
1980__4200_1800,36,t_8_16,208.0,0.0,0.0,4.0,0.99149518881235,0.7404502813512023,0.83474,0,0,stable
1980__4200_1800,37,t_8_16,240.0,0.0,0.0,3.0,0.997879350724178,0.8139879099934328,0.83474,0,1,stable
1980__4200_1800,38,t_8_16,176.0,0.0,0.0,3.0,0.999611170748807,0.7965045037804095,0.83474,0,1,stable
1980__4200_1800,39,t_8_16,220.0,0.0,0.0,2.0,0.9186214313872308,0.8695917107964771,0.83474,0,1,stable
1980__4200_1800,40,s_16_32,308.0,0.25,0.0,5.0,0.14402843474995294,0.6857790179898,0.83474,0,0,mild
1980__4200_1800,41,t_8_16,195.99957275390625,0.0,0.0,4.0,0.684571386030517,0.7122523000068394,0.83474,0,0,stable
1980__4200_1800,42,s_16_32,264.0,0.0,0.0,3.0,0.9991108488543815,0.8578319442801506,0.83474,0,1,stable
1980__4200_1800,43,t_8_16,240.0,0.0,0.0,4.0,0.9999224359758379,0.9425112694570817,0.83474,0,1,stable
1980__4200_1800,44,t_8_16,220.0,0.0,0.0,3.0,0.9991726396995819,0.8013257668284438,0.83474,0,1,stable
1980__4200_1800,45,t_8_16,220.0006103515625,0.0,0.0,4.0,0.9946010032062377,0.7150316840724235,0.83474,0,0,stable
1980__4200_1800,46,s_16_32,308.0,0.0,0.0,6.0,0.9258873242709174,0.8919300418197914,0.83474,0,1,stable
1980__4200_1800,47,t_8_16,176.0,0.0,0.0,4.0,0.997444240224988,0.7316139304536133,0.83474,0,0,stable
1980__4200_1800,48,s_16_32,264.0,0.0,0.0,3.0,0.9991741096498756,0.7014057038306217,0.83474,0,0,stable
1980__4200_1800,49,s_16_32,288.0,0.0,0.0,6.0,0.9844574359168808,0.8108901855642748,0.83474,0,1,stable
1980__4200_1800,50,s_16_32,264.0,0.0,0.0,5.0,0.9995097592295142,0.7741669831727988,0.83474,0,1,stable
1980__4200_1800,51,t_8_16,192.0,0.0,0.0,4.0,0.9987090434669544,0.7439333241463555,0.83474,0,0,stable
1980__4200_1800,52,t_8_16,176.0,0.0,0.0,4.0,0.9000568984572415,0.6750267347023045,0.83474,0,0,stable
1980__4200_1800,53,s_16_32,504.0,0.25,0.0,10.0,0.8907702345308088,0.8026550955485268,0.83474,0,1,mild
1980__4200_1800,54,t_8_16,175.9986572265625,0.0,0.0,5.0,0.3405979794570455,0.8185237931079398,0.83474,0,1,stable
1980__4200_1800,55,t_8_16,144.0,0.0,0.0,4.0,0.9984974126375417,0.7101218299789118,0.83474,0,0,stable
1980__4200_1800,56,t_8_16,200.001220703125,0.0,0.0,4.0,0.9750301236115234,0.7724235519018703,0.83474,0,1,stable
1980__4200_1800,57,t_8_16,200.0,0.0,0.0,3.0,0.9956249413693562,0.5875182639908106,0.83474,0,0,stable
1980__4200_1800,58,t_8_16,220.0,0.0,0.0,4.0,0.9988323157768209,0.8687611351070604,0.83474,0,1,stable
1980__4200_1800,59,s_16_32,260.0,0.0,0.0,5.0,0.9995693698614937,0.7261093522437099,0.83474,0,0,stable
1980__4200_1800,60,t_8_16,220.0,0.0,0.0,3.0,0.9973035407158751,0.9003158643388736,0.83474,0,1,stable
1980__4200_1800,61,t_8_16,160.0,0.0,0.0,2.0,0.9965744546242821,0.758528754409691,0.83474,0,1,stable
1980__4200_1800,62,t_8_16,200.0,0.0,0.0,2.0,0.9095210901649666,0.7907891991476984,0.83474,0,1,stable
1980__4200_1800,63,s_16_32,260.0,0.0,0.0,4.0,0.9960179123160275,0.8384564385069913,0.83474,0,1,stable
1980__4200_1800,64,t_8_16,120.0,0.0,0.0,2.0,0.9938297380353528,0.5195169643827175,0.83474,0,0,stable
1980__4200_1800,65,s_16_32,288.0,0.0,0.0,6.0,0.99959056893104,0.7816515255554791,0.83474,0,1,stable
1980__4200_1800,66,t_8_16,223.99992370604014,0.0,0.0,3.0,0.9699413921860324,0.5547642352776325,0.83474,0,0,stable
1980__4200_1800,67,t_8_16,252.0,0.0,0.0,4.0,0.9991397230694475,0.9033568512346417,0.83474,0,1,stable
1980__4200_1800,68,t_8_16,216.0,0.0,0.0,5.0,0.841087300025032,0.7624034052533613,0.83474,0,1,stable
1980__4200_1800,69,t_8_16,168.0000228881836,0.0,0.0,5.0,0.8426956517636535,0.7289652987009934,0.83474,0,0,stable
1980__4200_1800,70,t_8_16,168.0,0.0,0.0,4.0,0.971607244885568,0.8006035321908119,0.83474,0,1,stable
1980__4200_1800,71,t_8_16,191.99990844726562,0.0,0.0,5.0,0.9879950295905892,0.700801811953429,0.83474,0,0,stable
1980__4200_1800,72,t_8_16,251.99950408923905,0.0,0.0,5.0,0.9798669667992771,0.8321021909225438,0.83474,0,1,stable
1980__4200_1800,73,t_8_16,168.0,0.25,0.0,4.0,0.9321454938920022,0.6892235289958358,0.83474,0,0,mild
1980__4200_1800,74,t_8_16,216.0,0.0,0.0,5.0,0.9619909541606522,0.8213513610694083,0.83474,0,1,stable
1980__4200_1800,75,t_8_16,159.9999237060547,0.0,0.0,6.0,0.9742701233926431,0.7569554841670838,0.83474,0,1,stable
1980__4200_1800,76,t_8_16,196.0,0.0,0.0,2.0,0.923790310403802,0.9209646738955742,0.83474,0,1,stable
1980__4200_1800,77,t_8_16,168.0,0.0,0.0,3.0,0.9611549940727646,0.7766476713755635,0.83474,0,1,stable
1980__4200_1800,78,t_8_16,167.9999885559082,0.0,0.0,2.0,0.6491090407941512,0.5613130264629628,0.83474,0,0,stable
1980__4200_1800,79,s_16_32,288.0,0.0,0.0,5.0,0.9814227796448757,0.8643403364619897,0.83474,0,1,stable
1980__4200_1800,80,t_8_16,208.0,0.25,0.25,5.0,0.997513357610791,0.6589910673730228,0.83474,0,0,mild
1980__4200_1800,81,t_8_16,231.0,0.0,0.0,3.0,0.7839999568523356,0.5544617808660735,0.83474,0,0,stable
1980__4200_1800,82,t_8_16,156.0,0.0,0.0,2.0,0.9764058062982721,0.6186183566812726,0.83474,0,0,stable
1980__4200_1800,83,t_8_16,207.0,0.25,0.0,4.0,0.9169036058920201,0.7309555037458021,0.83474,0,0,mild
1980__4200_1800,84,s_16_32,384.0,0.0,0.0,7.0,0.966910328728679,0.706006160257525,0.83474,0,0,stable
1980__4200_1800,85,t_8_16,88.0,0.0,0.0,1.0,,0.5119836463030726,0.83474,0,0,stable
1980__4200_1800,86,t_8_16,144.0,0.0,0.0,1.0,,0.5634866631040741,0.83474,0,0,stable
1980__4200_1800,87,t_8_16,131.999267578125,0.25,0.0,2.0,0.9999999996182916,0.48280829043185985,0.83474,1,0,mild
1980__4200_1800,88,t_8_16,224.99908447265625,0.0,0.0,4.0,0.13837865782370865,0.644367389206655,0.83474,0,0,stable
1980__4200_1800,89,t_8_16,80.0,0.0,0.0,1.0,,0.3896933417848077,0.83474,1,0,stable
1980__4200_1800,90,t_8_16,110.0,0.0,0.0,2.0,0.9203506059224786,0.42464028820987443,0.83474,1,0,stable
1980__4200_1800,91,t_8_16,150.0,0.5,0.0,3.0,0.1979420727474615,0.8477850083590538,0.83474,0,1,mild
1980__4200_1800,92,s_16_32,320.0,0.0,0.0,7.0,0.9788351542256365,0.6390906516267456,0.83474,0,0,stable
1980__4200_1800,93,t_8_16,210.0,0.0,0.0,3.0,0.9790063961852162,0.7858189915688318,0.83474,0,1,stable
1980__4200_1800,94,t_8_16,160.0,0.0,0.0,3.0,0.32739231350587844,0.6585750526339317,0.83474,0,0,stable
1980__4200_1800,95,s_16_32,360.0,0.0,0.0,6.0,0.9745265130816819,0.6303481927982594,0.83474,0,0,stable
1980__4200_1800,96,t_8_16,208.0,0.25,0.0,3.0,0.2748980478723329,0.4763068073429283,0.83474,1,0,mild
1980__4200_1800,97,t_8_16,228.0,0.0,0.0,5.0,0.9003143889235345,0.7932302364435587,0.83474,0,1,stable
1980__4200_1800,98,t_8_16,121.0,0.25,0.0,1.0,,0.770993257594432,0.83474,0,1,mild
1980__600_2400,0,t_8_16,120.0,0.0,0.0,4.0,0.9434101944931809,0.802537752780332,0.8228,0,1,stable
1980__600_2400,1,s_16_32,312.0,0.0,0.0,6.0,0.9996195808274996,0.8784644294871837,0.8228,0,1,stable
1980__600_2400,2,t_8_16,176.0,0.0,0.0,2.0,0.9618945524977821,0.911341927854772,0.8228,0,1,stable
1980__600_2400,3,t_8_16,192.0,0.25,0.25,3.0,0.9942956724620169,0.8447344171175786,0.8228,0,1,mild
1980__600_2400,4,t_8_16,239.999267578125,0.0,0.0,3.0,0.9789371346256684,0.7041785785761888,0.8228,0,0,stable
1980__600_2400,5,t_8_16,176.0,0.0,0.0,2.0,0.9931848082791994,0.6505518405598455,0.8228,0,0,stable
1980__600_2400,6,s_16_32,259.99920654296875,0.25,0.0,4.0,0.9868874797518994,0.909298098204829,0.8228,0,1,mild
1980__600_2400,7,t_8_16,192.0,0.0,0.0,4.0,0.9992852153664167,0.9195731077916642,0.8228,0,1,stable
1980__600_2400,8,s_16_32,260.0,0.0,0.0,3.0,0.9984034894781536,0.7702595732375058,0.8228,0,1,stable
1980__600_2400,9,t_8_16,180.0,0.0,0.0,3.0,0.987338603409412,0.9281594777777803,0.8228,0,1,stable
1980__600_2400,10,t_8_16,176.0,0.5,0.5,1.0,,0.8558385160077526,0.8228,0,1,mild
1980__600_2400,11,t_8_16,120.0,0.25,0.0,4.0,0.6220306508193191,0.6329023795547214,0.8228,0,0,mild
1980__600_2400,12,s_16_32,307.99957275390625,0.0,0.0,5.0,0.9858537484307769,0.8054098035106452,0.8228,0,1,stable
1980__600_2400,13,s_16_32,288.0,0.0,0.0,7.0,0.9997594737921999,0.8691045902777742,0.8228,0,1,stable
1980__600_2400,14,t_8_16,224.0,0.0,0.0,2.0,0.9978009682654454,0.7918900553124376,0.8228,0,1,stable
1980__600_2400,15,t_8_16,196.0,0.0,0.0,3.0,0.9993945356291972,0.7134995399983443,0.8228,0,0,stable
1980__600_2400,16,t_8_16,168.0,0.25,0.0,3.0,0.7760521907229155,0.6178313727923406,0.8228,0,0,mild
1980__600_2400,17,t_8_16,168.0,0.0,0.0,2.0,0.8585033514998165,0.8205992608499142,0.8228,0,1,stable
1980__600_2400,18,t_8_16,208.0,0.0,0.0,5.0,0.9998770620653912,0.8116389113709186,0.8228,0,1,stable
1980__600_2400,19,t_8_16,252.0,0.0,0.0,7.0,0.8937247771360025,0.8221077772688586,0.8228,0,1,stable
1980__600_2400,20,t_8_16,200.0,0.0,0.0,4.0,0.9953777982123472,0.6669614108765812,0.8228,0,0,stable
1980__600_2400,21,t_8_16,192.0,0.0,0.0,5.0,0.9963394987865101,0.680346625366767,0.8228,0,0,stable
1980__600_2400,22,t_8_16,220.0,0.0,0.0,4.0,0.9961078481826424,0.8677026405137934,0.8228,0,1,stable
1980__600_2400,23,t_8_16,159.998779296875,0.0,0.0,7.0,0.9343461383234133,0.8450653900191096,0.8228,0,1,stable
1980__600_2400,24,s_16_32,256.0,0.0,0.0,5.0,0.9948192228483644,0.7060777667670758,0.8228,0,0,stable
1980__600_2400,25,s_16_32,359.99853515625,0.0,0.0,4.0,0.9675200743874702,0.7209288694444458,0.8228,0,0,stable
1980__600_2400,26,t_8_16,187.0,0.0,0.0,2.0,0.9938326667447945,0.8887328657431505,0.8228,0,1,stable
1980__600_2400,27,t_8_16,195.0,0.0,0.0,4.0,0.1250265427718389,0.612718914096234,0.8228,0,0,stable
1980__600_2400,28,t_8_16,224.0,0.0,0.0,5.0,0.6709800785039731,0.6859542723214289,0.8228,0,0,stable
1980__600_2400,29,t_8_16,224.0,0.0,0.0,2.0,0.9933419026419789,0.5027104613233326,0.8228,0,0,stable
1980__600_2400,30,t_8_16,130.0,0.0,0.0,1.0,,0.6433523262764623,0.8228,0,0,stable
1980__600_2400,31,t_8_16,171.0,0.25,0.0,2.0,0.7706569226297691,0.800146297549537,0.8228,0,1,mild
1980__600_2400,32,t_8_16,88.0,0.5,0.5,1.0,,0.7482377662149946,0.8228,0,0,mild
1980__600_2400,33,t_8_16,252.0,0.25,0.0,5.0,0.5684811926396551,0.43211917923294735,0.8228,1,0,mild
19815,0,t_8_16,153.0,0.0,0.0,2.0,0.8874537530335856,0.40668444444444496,0.61398,1,0,stable
19815,1,t_8_16,194.99920654296875,0.0,0.0,2.0,0.3757072409711421,0.3672810813685404,0.61398,1,0,stable
19815,2,t_8_16,96.0,0.0,0.0,5.0,0.7937708338400563,0.546615461534755,0.61398,0,0,stable
19815,3,t_8_16,153.00103759765625,0.0,0.0,3.0,0.9255223135210583,0.3043118169934629,0.61398,1,0,stable
1987__1800_600,0,t_8_16,239.99990844726562,0.0,0.0,4.0,0.9919961225070726,0.708590763536313,0.80107,0,0,stable
1987__1800_600,1,t_8_16,176.0,0.0,0.0,3.0,0.9993748192918198,0.8346650491600809,0.80107,0,1,stable
1987__1800_600,2,s_16_32,260.00030517578125,0.0,0.0,4.0,0.9983134993830088,0.6524026076923098,0.80107,0,0,stable
1987__1800_600,3,t_8_16,176.0,0.0,0.0,2.0,0.9719065896237069,0.790868631903037,0.80107,0,1,stable
1987__1800_600,4,t_8_16,131.99966430664062,0.0,0.0,5.0,0.8761315432470994,0.6077325407039395,0.80107,0,0,stable
1987__1800_600,5,t_8_16,144.0,0.0,0.0,4.0,0.8120685402367767,0.7225287264223346,0.80107,0,0,stable
1987__1800_600,6,t_8_16,191.9996337890625,0.0,0.0,7.0,0.9805066462527285,0.8571212343750011,0.80107,0,1,stable
1987__1800_600,7,t_8_16,144.0,0.0,0.0,4.0,0.9340922810403602,0.6796064603252601,0.80107,0,0,stable
1987__1800_600,8,t_8_16,160.0,0.0,0.0,2.0,0.9968243776235871,0.8810849400406455,0.80107,0,1,stable
1987__1800_600,9,t_8_16,180.0,0.0,0.0,3.0,0.9983315285483563,0.6472627254291694,0.80107,0,0,stable
1987__1800_600,10,t_8_16,160.0009765625,0.0,0.0,4.0,0.9986400477980126,0.7247808371077996,0.80107,0,0,stable
1987__1800_600,11,t_8_16,128.0,0.5,0.5,1.0,,0.7850677559747725,0.80107,0,1,mild
1987__1800_600,12,t_8_16,112.0,0.0,0.0,2.0,0.9008368648335277,0.7528753528982062,0.80107,0,1,stable
1987__1800_600,13,t_8_16,140.0,0.0,0.0,2.0,0.9808237909240467,0.6946996807015662,0.80107,0,0,stable
1987__1800_600,14,t_8_16,200.0,0.0,0.0,6.0,0.9525991489061026,0.661012442240191,0.80107,0,0,stable
1987__1800_600,15,t_8_16,144.0,0.25,0.0,2.0,0.24600758875652853,0.7427487741989323,0.80107,0,0,mild
1987__1800_600,16,t_8_16,127.9998779296875,0.0,0.0,2.0,0.99999998640493,0.5843080769535814,0.80107,0,0,stable
1987__1800_600,17,t_8_16,83.99972534179688,0.5,0.0,2.0,0.35483148336908304,0.5841593639590085,0.80107,0,0,mild
1987__1800_600,18,t_8_16,120.0,0.0,0.0,4.0,0.9958133976430222,0.7508084056287361,0.80107,0,1,stable
1987__1800_600,19,t_8_16,107.99990844726562,0.0,0.0,2.0,0.9778518324376961,0.7673947063407814,0.80107,0,1,stable
1987__1800_600,20,t_8_16,143.9998779296875,0.0,0.0,3.0,0.9836380216708079,0.7178293910045653,0.80107,0,0,stable
1987__1800_600,21,t_8_16,140.0,0.75,0.0,3.0,0.08680701119268472,0.8013006286319558,0.80107,0,1,high
1987__1800_600,22,t_8_16,159.9998779296875,0.0,0.0,3.0,0.9996347109240908,0.7983242668992975,0.80107,0,1,stable
1987__1800_600,23,t_8_16,128.0,0.25,0.25,2.0,0.9990527291194347,0.7042406182428054,0.80107,0,0,mild
1987__1800_600,24,t_8_16,216.0,0.25,0.0,5.0,0.24607708918384127,0.7254586235535201,0.80107,0,0,mild
1987__1800_600,25,t_8_16,140.0,0.25,0.0,2.0,0.22274137709330766,0.7564291188422185,0.80107,0,1,mild
1987__1800_600,26,t_8_16,192.0,0.0,0.0,3.0,0.9980795183155297,0.8548308539361498,0.80107,0,1,stable
1987__1800_600,27,s_16_32,280.0,0.0,0.0,5.0,0.9664228454161091,0.6915979499999997,0.80107,0,0,stable
1987__1800_600,28,t_8_16,112.0,0.25,0.25,3.0,0.6943420460198664,0.7201474944371177,0.80107,0,0,mild
1987__1800_600,29,t_8_16,140.0,0.0,0.0,2.0,0.9702926764452282,0.7217676443267816,0.80107,0,0,stable
1987__1800_600,30,t_8_16,96.0,0.25,0.25,1.0,,0.6961984879294048,0.80107,0,0,mild
1987__1800_600,31,t_8_16,111.9991455078125,0.0,0.0,3.0,0.7783340535383684,0.6284931819199288,0.80107,0,0,stable
1987__1800_600,32,t_8_16,215.9989013671875,0.0,0.0,3.0,0.9077903068621688,0.7341983419562583,0.80107,0,0,stable
1987__1800_600,33,t_8_16,160.0,0.0,0.0,3.0,0.9736857445462479,0.7035141153608254,0.80107,0,0,stable
1987__1800_600,34,t_8_16,180.0,0.5,0.0,5.0,0.10370609189378138,0.6644735430874448,0.80107,0,0,mild
1987__1800_600,35,t_8_16,216.0,0.0,0.0,6.0,0.9988528161305262,0.8028651687876711,0.80107,0,1,stable
1987__1800_600,36,t_8_16,192.0,0.0,0.0,4.0,0.9488597944456361,0.7683778645833318,0.80107,0,1,stable
1987__1800_600,37,t_8_16,191.9990234375,0.5,0.0,4.0,0.41034489292586385,0.7182888238883359,0.80107,0,0,mild
1987__1800_600,38,t_8_16,143.99972534179688,0.0,0.0,5.0,0.9297923585510093,0.6672138571338145,0.80107,0,0,stable
1987__1800_600,39,t_8_16,132.0,0.0,0.0,7.0,0.9887086274919714,0.7889861124995574,0.80107,0,1,stable
1987__1800_600,40,t_8_16,160.0,0.25,0.25,4.0,0.412938840865416,0.5971130991033416,0.80107,0,0,mild
1987__1800_600,41,t_8_16,176.0,0.0,0.0,4.0,0.9745097248997929,0.8212705481455482,0.80107,0,1,stable
1987__1800_600,42,t_8_16,132.0,0.0,0.0,4.0,0.9905798803022502,0.7569588281413905,0.80107,0,1,stable
1987__1800_600,43,t_8_16,176.0,0.0,0.0,1.0,0.9999700932829013,0.7853011658135052,0.80107,0,1,stable
1987__1800_600,44,t_8_16,176.0,0.5,0.5,0.0,,0.6633409332462755,0.80107,0,0,mild
1987__1800_600,45,t_8_16,176.0,0.5,0.5,1.0,,0.6301630733398143,0.80107,0,0,mild
1987__1800_600,46,t_8_16,160.0,0.25,0.25,4.0,0.7773490501108627,0.8063104346604301,0.80107,0,1,mild
1987__1800_600,47,t_8_16,176.0,0.0,0.0,2.0,0.9881257373940953,0.8895849991496816,0.80107,0,1,stable
1987__1800_600,48,t_8_16,240.0,0.0,0.0,4.0,0.9908210002529598,0.6516490152532,0.80107,0,0,stable
1987__1800_600,49,t_8_16,180.0,0.0,0.0,2.0,0.9995398524908776,0.6990988692784448,0.80107,0,0,stable
1987__1800_600,50,t_8_16,160.0009765625,0.0,0.0,3.0,0.9630745741880816,0.5731238679320669,0.80107,0,0,stable
1987__1800_600,51,t_8_16,140.0,0.25,0.0,2.0,0.38066978840544397,0.6401877586859911,0.80107,0,0,mild
1987__1800_600,52,t_8_16,240.0,0.75,0.0,5.0,0.028173999747429943,0.4625191986944936,0.80107,1,0,high
1987__1800_600,53,t_8_16,216.0,0.25,0.0,4.0,0.6561100773247572,0.680556673378289,0.80107,0,0,mild
1987__1800_600,54,t_8_16,160.0,0.0,0.0,1.0,,0.6653783004580386,0.80107,0,0,stable
1987__1800_600,55,t_8_16,216.0,0.0,0.0,2.0,0.9972562211653394,0.6066956202745375,0.80107,0,0,stable
1987__1800_600,56,t_8_16,216.0,0.0,0.0,4.0,0.9992504030172812,0.7128414814814832,0.80107,0,0,stable
1987__1800_600,57,t_8_16,180.0,0.0,0.0,4.0,0.9524845399680403,0.5372428369292682,0.80107,0,0,stable
1987__1800_600,58,t_8_16,160.0,0.0,0.0,2.0,0.9945653752307226,0.6565254699113724,0.80107,0,0,stable
1987__1800_600,59,t_8_16,180.0,0.0,0.0,2.0,0.9996601525075942,0.7794625394006238,0.80107,0,1,stable
1987__1800_600,60,t_8_16,180.0,0.0,0.0,3.0,0.9942721598712401,0.6856413650854171,0.80107,0,0,stable
1987__1800_600,61,t_8_16,112.0,0.25,0.25,3.0,0.9715749520796432,0.6812414876747235,0.80107,0,0,mild
1987__1800_600,62,t_8_16,96.0,0.0,0.0,3.0,0.8693469749675081,0.5391327040199537,0.80107,0,0,stable
1987__1800_600,63,t_8_16,208.0,0.5,0.5,1.0,,0.5175185122640426,0.80107,0,0,mild
1987__1800_600,64,t_8_16,220.0,0.0,0.0,5.0,0.9450867118280083,0.7397669687651985,0.80107,0,0,stable
1987__1800_600,65,t_8_16,120.0,0.0,0.0,3.0,0.9720250652622799,0.7591191128675946,0.80107,0,1,stable
1987__1800_600,66,t_8_16,192.0,0.5,0.5,2.0,0.9549218990174461,0.9457147397602349,0.80107,0,1,mild
1987__1800_600,67,t_8_16,160.0,0.5,0.25,3.0,0.4679313143201672,0.770173784287529,0.80107,0,1,mild
1987__1800_600,68,t_8_16,132.0,0.0,0.0,5.0,0.6467889323629318,0.6841969390504327,0.80107,0,0,stable
1987__1800_600,69,t_8_16,119.99992370605469,0.0,0.0,6.0,0.8727213670487126,0.688208889566698,0.80107,0,0,stable
1987__1800_600,70,t_8_16,176.0,0.25,0.25,4.0,0.9375683315582001,0.862607855793079,0.80107,0,1,mild
1987__1800_600,71,t_8_16,176.0,0.0,0.0,4.0,0.9784483050078636,0.8500537367927051,0.80107,0,1,stable
1987__1800_600,72,t_8_16,159.99969482421875,0.0,0.0,7.0,0.9938878720481297,0.7894564280019184,0.80107,0,1,stable
1987__1800_600,73,t_8_16,132.0003662109375,0.0,0.0,3.0,0.9717531201451599,0.6581885847879757,0.80107,0,0,stable
1987__1800_600,74,t_8_16,159.99951171875,0.25,0.0,3.0,0.1438684870015824,0.5028840578141434,0.80107,0,0,mild
1987__1800_600,75,t_8_16,120.0,0.0,0.0,3.0,0.9648264155326757,0.5531675181132094,0.80107,0,0,stable
1987__1800_600,76,t_8_16,220.0,0.0,0.0,3.0,0.9596823244753497,0.7110214175432992,0.80107,0,0,stable
1987__1800_600,77,t_8_16,192.0,0.0,0.0,3.0,0.9536055234163588,0.705527872770714,0.80107,0,0,stable
1987__1800_600,78,t_8_16,144.0,0.0,0.0,3.0,0.9914534118048048,0.791130536720704,0.80107,0,1,stable
1987__1800_600,79,t_8_16,119.9996337890625,0.0,0.0,5.0,0.979887756388795,0.6575038841573095,0.80107,0,0,stable
1987__1800_600,80,t_8_16,176.0001678466797,0.0,0.0,3.0,0.9472067870038868,0.8212181339032162,0.80107,0,1,stable
1987__1800_600,81,t_8_16,200.0,0.0,0.0,3.0,0.986876438241375,0.6516931329938058,0.80107,0,0,stable
1987__1800_600,82,t_8_16,200.0,0.0,0.0,3.0,0.990279147200602,0.6402542554035627,0.80107,0,0,stable
1987__1800_600,83,t_8_16,120.0,0.0,0.0,7.0,0.940857608112812,0.5880244594217745,0.80107,0,0,stable
1987__1800_600,84,t_8_16,208.0,0.0,0.0,3.0,0.7248634361529086,0.5054344246168991,0.80107,0,0,stable
1987__1800_600,85,t_8_16,176.0,0.0,0.0,3.0,0.9614521620185066,0.5515034757047972,0.80107,0,0,stable
1987__1800_600,86,t_8_16,176.0,0.0,0.0,4.0,0.9803765297827046,0.7881286629317461,0.80107,0,1,stable
1987__1800_600,87,t_8_16,132.0,0.0,0.0,2.0,0.7664311342181012,0.7864996149428967,0.80107,0,1,stable
1987__1800_600,88,t_8_16,176.0001678466797,0.0,0.0,5.0,0.997581468807993,0.882408462100597,0.80107,0,1,stable
1987__1800_600,89,t_8_16,176.0,0.0,0.0,4.0,0.9905527902905882,0.8994671038700655,0.80107,0,1,stable
1987__1800_600,90,t_8_16,160.0,0.0,0.0,2.0,0.8815740943572173,0.7478703207936752,0.80107,0,0,stable
1987__1800_600,91,t_8_16,160.0,0.25,0.25,2.0,0.9648793883853111,0.5269406052933917,0.80107,0,0,mild
1987__1800_600,92,t_8_16,132.0,0.0,0.0,2.0,0.9543437666677204,0.7011568287995629,0.80107,0,0,stable
1987__1800_600,93,t_8_16,131.99966430664062,0.0,0.0,4.0,0.9134647627432156,0.7765545246434724,0.80107,0,1,stable
1987__1800_600,94,t_8_16,132.0,0.0,0.0,4.0,0.8838212967751964,0.6783734494246603,0.80107,0,0,stable
1987__1800_600,95,t_8_16,160.0,0.25,0.0,3.0,0.5128247394756928,0.7808106266436952,0.80107,0,1,mild
1987__1800_600,96,t_8_16,176.0,0.0,0.0,4.0,0.9834537075790858,0.922627848683027,0.80107,0,1,stable
1987__1800_600,97,s_16_32,320.0,0.0,0.0,4.0,0.9964039209636132,0.6328625190914501,0.80107,0,0,stable
1987__1800_600,98,t_8_16,112.0,0.5,0.5,0.0,,0.7658699496856847,0.80107,0,1,mild
1987__1800_600,99,t_8_16,160.0000762939453,0.0,0.0,3.0,0.9235287166771778,0.674379425261648,0.80107,0,0,stable
1987__1800_600,100,t_8_16,160.0,0.0,0.0,2.0,0.9954227259870725,0.7170525893589422,0.80107,0,0,stable
1987__1800_600,101,t_8_16,160.0,0.0,0.0,3.0,0.9992392984935061,0.787297958791684,0.80107,0,1,stable
1987__1800_600,102,t_8_16,160.0,0.5,0.5,0.0,,0.584320584487056,0.80107,0,0,mild
1987__1800_600,103,t_8_16,160.0,0.0,0.0,2.0,0.9996415961337859,0.7949934875615132,0.80107,0,1,stable
1987__1800_600,104,t_8_16,140.0,0.0,0.0,2.0,,0.7519198413996521,0.80107,0,1,stable
1987__1800_600,105,s_16_32,364.0,0.0,0.0,5.0,0.999431780134591,0.8127871383104932,0.80107,0,1,stable
1987__1800_600,106,t_8_16,140.0,0.25,0.0,5.0,0.6615221152770382,0.7721320622082488,0.80107,0,1,mild
1987__1800_600,107,t_8_16,132.0003662109375,0.0,0.0,7.0,0.9718500180256743,0.5449369905939299,0.80107,0,0,stable
1987__1800_600,108,t_8_16,144.0,0.0,0.0,3.0,0.8930632177617666,0.7329216398795031,0.80107,0,0,stable
1987__1800_600,109,t_8_16,144.0,0.0,0.0,6.0,0.48323232269175975,0.7472168830527895,0.80107,0,0,stable
1987__1800_600,110,t_8_16,168.0,0.0,0.0,2.0,0.9935756825300489,0.7819766006780685,0.80107,0,1,stable
1987__1800_600,111,t_8_16,208.00048828125,0.5,0.5,0.0,,0.6562055319156079,0.80107,0,0,mild
1987__1800_600,112,t_8_16,168.0,0.0,0.0,1.0,0.9999999999742658,0.739441006258878,0.80107,0,0,stable
1987__1800_600,113,t_8_16,140.0,0.0,0.0,2.0,0.9979235135113218,0.8448245676372713,0.80107,0,1,stable
1987__1800_600,114,t_8_16,80.0,0.5,0.5,0.0,,0.6287792778495145,0.80107,0,0,mild
1ee79129f,0,t_8_16,168.0,0.25,0.25,3.0,0.6933157133922371,0.8135829926474885,0.34231,0,1,mild
2020__2400_0,0,s_16_32,319.998779296875,0.0,0.0,6.0,0.9953082417803799,0.7410783370413798,0.84046,0,0,stable
2020__2400_0,1,s_16_32,308.0,0.0,0.0,6.0,0.903684924176756,0.6475911125194096,0.84046,0,0,stable
2020__2400_0,2,s_16_32,448.0,0.0,0.0,8.0,0.9997473475219489,0.8103546719908875,0.84046,0,1,stable
2020__2400_0,3,s_16_32,416.0,0.0,0.0,7.0,0.9964941735369067,0.5799052601958915,0.84046,0,0,stable
2020__2400_0,4,t_8_16,240.0,0.0,0.0,7.0,0.9288125989104699,0.7537762594750183,0.84046,0,1,stable
2020__2400_0,5,t_8_16,199.99984741210938,0.0,0.0,3.0,0.995772910039954,0.7746354867863212,0.84046,0,1,stable
2020__2400_0,6,t_8_16,216.0,0.0,0.0,5.0,0.9984572414711972,0.7919222860724019,0.84046,0,1,stable
2020__2400_0,7,t_8_16,216.00018310546875,0.0,0.0,5.0,0.9815984317021279,0.7835662125571032,0.84046,0,1,stable
2020__2400_0,8,t_8_16,215.99945068359375,0.0,0.0,4.0,0.9656132934800772,0.5636888518039234,0.84046,0,0,stable
2020__2400_0,9,t_8_16,180.0,0.0,0.0,2.0,0.9973605800367676,0.6751529297624292,0.84046,0,0,stable
2020__2400_0,10,t_8_16,117.0,0.25,0.0,2.0,0.960640590385145,0.4300788851217777,0.84046,1,0,mild
2020__2400_0,11,t_8_16,180.0,0.0,0.0,4.0,0.9941435859028934,0.6571781358960733,0.84046,0,0,stable
2020__2400_0,12,s_16_32,323.0,0.0,0.0,6.0,0.9518176771513275,0.5597577252163315,0.84046,0,0,stable
2021__4200_2384,0,t_8_16,192.0,0.0,0.0,4.0,0.6687636984270529,0.6216848814590581,0.77749,0,0,stable
2021__4200_2384,1,t_8_16,192.0,0.25,0.25,3.0,0.9958798600213803,0.9089243331960168,0.77749,0,1,mild
2021__4200_2384,2,t_8_16,160.0,0.0,0.0,2.0,0.9968927159124202,0.9229695745436509,0.77749,0,1,stable
2021__4200_2384,3,s_16_32,360.0,0.0,0.0,6.0,0.9588109895367634,0.8321978307706036,0.77749,0,1,stable
2021__4200_2384,4,t_8_16,120.0,0.0,0.0,2.0,0.9849179238576875,0.8760768583264221,0.77749,0,1,stable
2021__4200_2384,5,t_8_16,168.0,0.0,0.0,2.0,0.999662499061373,0.8073775983981001,0.77749,0,1,stable
2021__4200_2384,6,t_8_16,224.0,0.0,0.0,5.0,0.8531133550445634,0.826278619367744,0.77749,0,1,stable
2021__4200_2384,7,t_8_16,167.9991455078125,0.0,0.0,2.0,0.9817703260825597,0.742428770491248,0.77749,0,0,stable
2021__4200_2384,8,t_8_16,168.0,0.0,0.0,3.0,0.9876983761610303,0.904302567423159,0.77749,0,1,stable
2021__4200_2384,9,t_8_16,215.9989013671875,0.0,0.0,4.0,0.982869269046528,0.8465516837035786,0.77749,0,1,stable
2021__4200_2384,10,t_8_16,159.999755859375,0.0,0.0,3.0,0.996616141851203,0.7893862765503674,0.77749,0,1,stable
2021__4200_2384,11,s_16_32,280.0,0.0,0.0,6.0,0.9577784398746052,0.9335013928571386,0.77749,0,1,stable
2021__4200_2384,12,t_8_16,168.0,0.0,0.0,3.0,0.9969191940520934,0.8254600038227082,0.77749,0,1,stable
2021__4200_2384,13,t_8_16,192.0,0.0,0.0,3.0,0.9996588813857815,0.864717760797374,0.77749,0,1,stable
2021__4200_2384,14,t_8_16,140.00000953674316,0.0,0.0,2.0,0.9995110765698643,0.8247171435736323,0.77749,0,1,stable
2021__4200_2384,15,t_8_16,160.0,0.0,0.0,2.0,0.9011468092803482,0.6179446686842586,0.77749,0,0,stable
2021__4200_2384,16,t_8_16,160.0,0.0,0.0,3.0,0.9823732996849162,0.7079142206796218,0.77749,0,0,stable
2021__4200_2384,17,s_16_32,308.0,0.0,0.0,7.0,0.9763912617331933,0.8102463508379275,0.77749,0,1,stable
2021__4200_2384,18,t_8_16,208.00046348565957,0.0,0.0,10.0,0.6085354997969641,0.7620630709614339,0.77749,0,1,stable
2021__4200_2384,19,t_8_16,216.0,0.0,0.0,3.0,0.9990263896362025,0.8685566317877386,0.77749,0,1,stable
2021__4200_2384,20,t_8_16,168.0,0.0,0.0,4.0,0.990577202261411,0.910237146494692,0.77749,0,1,stable
2021__4200_2384,21,t_8_16,195.9991455078125,0.0,0.0,5.0,0.999664077740859,0.9042642218213612,0.77749,0,1,stable
2021__4200_2384,22,t_8_16,120.0,0.0,0.0,1.0,,0.7599968303015221,0.77749,0,1,stable
2021__4200_2384,23,t_8_16,167.99932861234993,0.0,0.0,4.0,0.9147436855960259,0.7915723025346262,0.77749,0,1,stable
2021__4200_2384,24,t_8_16,120.0,0.0,0.0,3.0,0.8264250446475306,0.6855862942047051,0.77749,0,0,stable
2021__4200_2384,25,t_8_16,108.0,0.0,0.0,4.0,0.9225496729397353,0.604481328341061,0.77749,0,0,stable
2021__600_600,0,t_8_16,168.0,0.0,0.0,2.0,0.992022201650059,0.8390093328064557,0.80098,0,1,stable
2064__2400_0,0,s_16_32,320.0,0.0,0.0,7.0,0.9461071295971631,0.5862938556251264,0.81941,0,0,stable
2064__2400_0,1,t_8_16,143.99945068359375,0.0,0.0,4.0,0.9881909686568153,0.7965307771068652,0.81941,0,1,stable
2064__2400_0,2,t_8_16,112.0,0.5,0.5,0.0,,0.8644377813577556,0.81941,0,1,mild
2064__2400_0,3,t_8_16,200.0,0.25,0.0,2.0,0.8944257520542422,0.5561419599999958,0.81941,0,0,mild
2064__2400_0,4,t_8_16,83.9996337890625,0.0,0.0,3.0,0.9340121856816019,0.6981434619986798,0.81941,0,0,stable
2064__2400_2151,0,t_8_16,170.0,0.0,0.0,3.0,0.9972949855856992,0.743898022259304,0.756,0,0,stable
2064__2400_2151,1,t_8_16,120.0,0.0,0.0,2.0,0.9979756175761677,0.6362130059993709,0.756,0,0,stable
2064__2400_2151,2,t_8_16,84.0,0.5,0.25,5.0,0.010303596697787945,0.7152305577890111,0.756,0,0,mild
2064__2400_2151,3,t_8_16,80.0,0.5,0.25,2.0,0.017735606925727017,0.8023024273581641,0.756,0,1,mild
2064__2400_2151,4,t_8_16,72.0,0.25,0.25,4.0,0.8618125168593282,0.5954678404077766,0.756,0,0,mild
2064__2400_2151,6,t_8_16,80.0,0.25,0.25,1.0,,0.6237040404142521,0.756,0,0,mild
2064__2400_2151,10,t_8_16,79.999755859375,0.0,0.0,1.0,,0.716074962239729,0.756,0,0,stable
2064__2400_2151,12,t_8_16,120.0,0.0,0.0,6.0,0.21461463882810217,0.6462317712970724,0.756,0,0,stable
2064__2400_2151,13,t_8_16,160.0,0.5,0.5,1.0,,0.873483776793231,0.756,0,1,mild
2064__2400_2151,14,s_16_32,256.0,0.0,0.0,3.0,0.7607449773022861,0.8308288125000013,0.756,0,1,stable
2064__2400_2151,15,t_8_16,72.0,0.25,0.25,3.0,0.10311502289694273,0.4437073971569448,0.756,1,0,mild
2064__2400_2151,16,s_16_32,288.0,0.0,0.0,3.0,0.28780506619567936,0.5466643760438293,0.756,0,0,stable
2064__2400_2151,17,t_8_16,192.0,0.0,0.0,2.0,0.9875545257671358,0.47794297053699597,0.756,1,0,stable
2064__2400_2151,18,t_8_16,215.9989013671875,0.0,0.0,3.0,0.9908659289881261,0.6118503686289869,0.756,0,0,stable
2064__2400_2151,19,t_8_16,200.0,0.25,0.0,4.0,0.8834161426538987,0.6749429049999933,0.756,0,0,mild
2064__2400_2151,20,t_8_16,127.9990234375,0.0,0.0,3.0,0.9261849678347157,0.6667621002920627,0.756,0,0,stable
2064__2400_2151,21,t_8_16,120.0,0.0,0.0,2.0,0.9999999998920328,0.51023031395216,0.756,0,0,stable
2064__2400_2151,22,s_16_32,287.99951171875,0.0,0.0,6.0,0.9895206009714375,0.4972832916666665,0.756,1,0,stable
2064__2400_2151,23,t_8_16,140.0,0.0,0.0,2.0,0.913317451929126,0.5095486276847586,0.756,0,0,stable
2064__2400_2151,24,t_8_16,144.0,0.0,0.0,3.0,0.9779460711034045,0.7394098968507288,0.756,0,0,stable
2064__2400_2151,25,t_8_16,90.0,0.0,0.0,5.0,0.8753742101636905,0.6112259385815726,0.756,0,0,stable
2064__2400_2151,26,t_8_16,117.0,0.0,0.0,2.0,0.9898056701810876,0.7058931119693234,0.756,0,0,stable
2064__2400_2151,27,t_8_16,111.99951171875,0.25,0.25,1.0,,0.8773029244829825,0.756,0,1,mild
2064__2400_2151,28,t_8_16,120.000732421875,0.0,0.0,2.0,0.9999999999540183,0.6677918150486275,0.756,0,0,stable
2064__2400_2151,29,t_8_16,144.0,0.0,0.0,7.0,0.5238312691827235,0.5648673486924362,0.756,0,0,stable
2064__2400_2151,30,t_8_16,150.0,0.0,0.0,3.0,0.9879206578859757,0.6307981435727581,0.756,0,0,stable
2064__2400_2151,31,t_8_16,176.0,0.0,0.0,3.0,0.9771417256040289,0.5868859685761476,0.756,0,0,stable
2064__2400_2151,32,t_8_16,215.9989013671875,0.0,0.0,4.0,0.9995695144814133,0.6000205925925888,0.756,0,0,stable
2064__2400_2151,33,t_8_16,111.99951171875,0.0,0.0,2.0,0.9966011724288416,0.7419097440797303,0.756,0,0,stable
2064__2400_2151,34,t_8_16,120.000732421875,0.0,0.0,1.0,,0.5665446418193122,0.756,0,0,stable
2064__2400_2151,35,t_8_16,196.0,0.0,0.0,3.0,0.9104874774295192,0.46286510341567183,0.756,1,0,stable
2064__2400_2151,36,t_8_16,195.99957275390625,0.0,0.0,6.0,0.9953930474898401,0.6611908542881092,0.756,0,0,stable
2064__2400_2151,37,t_8_16,98.0,0.0,0.0,5.0,0.9722788442315212,0.7560141990266779,0.756,0,1,stable
2064__2400_2151,38,t_8_16,135.0,0.0,0.0,3.0,0.9924620351749713,0.7358247081429291,0.756,0,0,stable
2064__2400_2151,39,t_8_16,135.0,0.0,0.0,3.0,0.986266067951278,0.7740639753415254,0.756,0,1,stable
2064__2400_2151,40,t_8_16,78.00079345703125,0.0,0.0,5.0,0.6151401696254765,0.5853826914029998,0.756,0,0,stable
2130__1200_2010,0,t_8_16,121.0,0.0,0.0,2.0,0.9913017293601396,0.6697729935667315,0.77101,0,0,stable
2130__1200_2010,1,t_8_16,120.0,0.0,0.0,2.0,0.9776709977658129,0.8204442893562427,0.77101,0,1,stable
2130__1200_2010,2,t_8_16,160.0,0.25,0.0,2.0,0.9748453895269492,0.6670383745323775,0.77101,0,0,mild
2130__1200_2010,3,t_8_16,99.99969482421875,0.0,0.0,1.0,,0.8597943784984339,0.77101,0,1,stable
2130__1200_2010,4,t_8_16,100.0,0.0,0.0,1.0,,0.7504746406643106,0.77101,0,1,stable
2130__1200_2010,5,t_8_16,119.99969482421875,0.0,0.0,2.0,0.9999999999942254,0.8338673977034583,0.77101,0,1,stable
2130__1200_2010,6,t_8_16,168.0,0.0,0.0,2.0,0.9465884422898642,0.674931562657811,0.77101,0,0,stable
2130__1200_2010,7,t_8_16,120.0,0.0,0.0,3.0,0.9606475025091468,0.8285769397665549,0.77101,0,1,stable
2130__1200_2010,8,t_8_16,144.0,0.0,0.0,2.0,0.9741016860501506,0.7927316117873088,0.77101,0,1,stable
2130__1200_2010,9,t_8_16,168.0,0.0,0.0,2.0,0.9459521037431208,0.6900748384716981,0.77101,0,0,stable
2130__1200_2010,10,t_8_16,144.0,0.0,0.0,2.0,0.9692556540229837,0.7643518750000028,0.77101,0,1,stable
2130__1200_2010,11,s_16_32,256.0,0.0,0.0,5.0,0.9824899510278621,0.6514031313417511,0.77101,0,0,stable
2130__1200_2010,12,t_8_16,120.0,0.25,0.0,2.0,0.3440802513045321,0.7633102593781153,0.77101,0,1,mild
2130__1200_2010,13,t_8_16,96.0,0.25,0.25,2.0,0.9858243200224034,0.6941178203762675,0.77101,0,0,mild
2130__1200_2010,14,t_8_16,80.0,0.0,0.0,1.0,,0.6637317985627609,0.77101,0,0,stable
2130__1200_2010,15,t_8_16,119.99992370605469,0.25,0.0,2.0,0.27484461131925075,0.8959633250000059,0.77101,0,1,mild
2130__1200_2010,16,t_8_16,120.0,0.0,0.0,1.0,,0.7453804294417378,0.77101,0,0,stable
2130__1200_2010,17,t_8_16,144.0,0.0,0.0,3.0,0.8134531498981066,0.6664557671578423,0.77101,0,0,stable
2130__1200_2010,18,t_8_16,144.0,0.0,0.0,3.0,0.6986866772202045,0.7287564055551708,0.77101,0,0,stable
2130__1200_2010,19,t_8_16,167.999267578125,0.0,0.0,2.0,0.7965757669043299,0.7824422563162906,0.77101,0,1,stable
2130__1200_2010,20,t_8_16,120.0,0.0,0.0,1.0,,0.7813627690591045,0.77101,0,1,stable
2130__1200_2010,21,t_8_16,120.0,0.0,0.0,2.0,0.9391074164009865,0.7277512063873003,0.77101,0,0,stable
2130__1200_2010,22,t_8_16,99.99969482421875,0.25,0.0,2.0,0.7375007936557316,0.8687182246763165,0.77101,0,1,mild
2130__1200_2010,23,t_8_16,96.0,0.0,0.0,1.0,0.9999925385278147,0.8381945283212883,0.77101,0,1,stable
2130__1200_2010,24,t_8_16,224.0,0.0,0.0,5.0,0.9764689390791806,0.730628459821426,0.77101,0,0,stable
2130__1200_2010,25,t_8_16,120.0,0.0,0.0,2.0,0.9943154929590812,0.8025413011944219,0.77101,0,1,stable
2130__1200_2010,26,t_8_16,120.0,0.0,0.0,2.0,0.9963353804975337,0.8310099679645657,0.77101,0,1,stable
2130__1200_2010,27,t_8_16,120.0,0.0,0.0,1.0,,0.910668282440717,0.77101,0,1,stable
2130__1200_2010,28,t_8_16,144.0,0.0,0.0,2.0,0.8698843598488899,0.7779792657474303,0.77101,0,1,stable
2130__1200_2010,29,t_8_16,196.0,0.0,0.0,3.0,0.9914240661008782,0.7434651734693856,0.77101,0,0,stable
2130__1200_2010,30,t_8_16,120.00012206658721,0.0,0.0,2.0,0.9964762826624516,0.7986904786620664,0.77101,0,1,stable
2130__1200_2010,31,t_8_16,167.9984130896628,0.0,0.0,2.0,0.9818268297358346,0.8542789039234743,0.77101,0,1,stable
2130__1200_2010,32,t_8_16,168.0,0.0,0.0,2.0,0.9507727124437257,0.6595841249999972,0.77101,0,0,stable
2130__1200_2010,33,t_8_16,168.0,0.0,0.0,4.0,0.9860212225056005,0.7612356540710147,0.77101,0,1,stable
2130__1200_2010,34,t_8_16,167.9991455078125,0.0,0.0,2.0,0.9975334025103901,0.7469655024681793,0.77101,0,0,stable
2130__1200_2010,35,t_8_16,120.000732421875,0.0,0.0,2.0,0.9165144142264908,0.7366097702322987,0.77101,0,0,stable
2130__1200_2010,36,t_8_16,168.0,0.0,0.0,2.0,0.9981764948912298,0.8752015238095276,0.77101,0,1,stable
2130__1200_2010,37,t_8_16,100.0,0.0,0.0,2.0,0.9999999999954459,0.8770014950204954,0.77101,0,1,stable
2130__1200_2010,38,t_8_16,119.9993896484375,0.0,0.0,1.0,,0.7789932878730845,0.77101,0,1,stable
2130__1200_2010,39,t_8_16,144.0,0.0,0.0,2.0,0.9393924031954013,0.5259086144907253,0.77101,0,0,stable
2130__1200_2010,40,t_8_16,196.0,0.0,0.0,2.0,0.9936780848059216,0.6357287142857173,0.77101,0,0,stable
2130__1200_2010,41,t_8_16,80.0,0.0,0.0,2.0,0.5147221944899255,0.8011281983778242,0.77101,0,1,stable
2130__1200_2010,42,t_8_16,80.0,0.25,0.0,2.0,0.9138090030848616,0.6970654318656959,0.77101,0,0,mild
2130__1200_2010,43,t_8_16,80.0,0.0,0.0,1.0,,0.6873406300725975,0.77101,0,0,stable
2130__1200_2010,44,t_8_16,100.0,0.25,0.25,1.0,,0.6860379564249524,0.77101,0,0,mild
2130__1200_2010,45,t_8_16,224.0,0.0,0.0,4.0,0.9970323332557477,0.9045160491710941,0.77101,0,1,stable
2130__1200_2010,46,t_8_16,120.000732421875,0.0,0.0,3.0,0.9526358879133717,0.7485879819978507,0.77101,0,0,stable
2130__1200_2010,47,t_8_16,80.000244140625,0.0,0.0,1.0,,0.7902905615924485,0.77101,0,1,stable
2130__1200_2010,48,t_8_16,100.0006103515625,0.0,0.0,2.0,0.8827581314542361,0.5649939605919089,0.77101,0,0,stable
2130__1200_2010,49,t_8_16,100.0006103515625,0.25,0.0,1.0,,0.372252491386922,0.77101,1,0,mild
2130__1200_2010,50,t_8_16,144.0,0.5,0.0,3.0,0.2836595129745928,0.827089918475466,0.77101,0,1,mild
2130__1200_2010,51,t_8_16,80.0,0.0,0.0,1.0,,0.616235646292694,0.77101,0,0,stable
2130__1200_2010,52,t_8_16,100.0,0.25,0.0,1.0,,0.7235992061856212,0.77101,0,0,mild
2130__1200_2010,53,t_8_16,96.0,0.25,0.25,1.0,,0.6444590435226896,0.77101,0,0,mild
2130__1200_2010,54,t_8_16,120.000732421875,0.0,0.0,2.0,0.9220345367711235,0.6686225802182767,0.77101,0,0,stable
2130__1200_2010,55,t_8_16,196.0,0.25,0.0,3.0,0.38731775610457697,0.6287143181118663,0.77101,0,0,mild
2130__1200_2010,56,t_8_16,100.0,0.0,0.0,2.0,0.9879704281940265,0.7078956880583811,0.77101,0,0,stable
2130__1200_2010,57,t_8_16,121.0,0.0,0.0,2.0,0.9999999999844019,0.7047747138441872,0.77101,0,0,stable
2130__1200_2010,58,t_8_16,119.9993896484375,0.0,0.0,2.0,0.8313690354668848,0.46319579042884074,0.77101,1,0,stable
2130__1200_2010,59,t_8_16,130.0,0.25,0.0,3.0,0.989626859938836,0.6313173151375399,0.77101,0,0,mild
2130__1200_2010,61,t_8_16,80.0,0.0,0.0,1.0,,0.592984123913428,0.77101,0,0,stable
2130__1200_2010,62,t_8_16,132.0,0.0,0.0,1.0,,0.737751473014529,0.77101,0,0,stable
2130__1200_2010,63,t_8_16,100.0,0.0,0.0,2.0,0.8203784961609609,0.7098486158549381,0.77101,0,0,stable
2130__1200_2010,65,t_8_16,120.0,0.5,0.0,2.0,0.018609703469231825,0.6730557856147344,0.77101,0,0,mild
2130__1200_2010,67,t_8_16,132.0,0.5,0.0,4.0,0.23044992231141545,0.6753314089719633,0.77101,0,0,mild
2130__1200_2010,68,t_8_16,144.0,0.0,0.0,4.0,0.8257729726833508,0.5946964289868226,0.77101,0,0,stable
2130__1200_2010,69,t_8_16,119.99969482421875,0.25,0.0,3.0,0.5716467730683329,0.8025342467609338,0.77101,0,1,mild
2130__1200_2010,70,t_8_16,110.0,0.0,0.0,2.0,0.9546505075016134,0.8974689678075597,0.77101,0,1,stable
2130__1200_2010,71,t_8_16,99.99969482421875,0.0,0.0,1.0,,0.6438712611854418,0.77101,0,0,stable
2130__1200_2010,72,t_8_16,143.9996337890625,0.25,0.0,3.0,0.45490715294416006,0.7518203741030463,0.77101,0,1,mild
2130__1200_2010,73,t_8_16,110.0,0.0,0.0,2.0,0.9564621771535342,0.9340816797175937,0.77101,0,1,stable
2130__1200_2010,74,t_8_16,150.0,0.25,0.0,4.0,0.7392827605917119,0.6393910871207684,0.77101,0,0,mild
2130__1200_2010,75,t_8_16,143.0,0.0,0.0,3.0,0.9659376368463646,0.6560574632275821,0.77101,0,0,stable
2139__600_600,0,t_8_16,84.0,0.0,0.0,4.0,0.6964246257492851,0.6110952285330309,0.7649,0,0,stable
2139__600_600,1,t_8_16,128.0,0.0,0.0,2.0,0.9961898611840433,0.6787818665240516,0.7649,0,0,stable
2139__600_600,2,t_8_16,96.0,0.0,0.0,2.0,0.9829442734570665,0.8033875867340825,0.7649,0,1,stable
2139__600_600,3,t_8_16,152.0,0.0,0.0,3.0,0.9898876295773568,0.7663551819863059,0.7649,0,1,stable
2139__600_600,4,t_8_16,128.0,0.0,0.0,2.0,0.9966168994436313,0.6636774151954814,0.7649,0,0,stable
2139__600_600,5,t_8_16,135.0,0.0,0.0,1.0,,0.6912184808596841,0.7649,0,0,stable
2148__1200_1200,0,t_8_16,139.99978637695312,0.0,0.0,3.0,0.9892615878949925,0.8649333763594895,0.75766,0,1,stable
2148__1200_1200,1,t_8_16,96.0,0.25,0.25,1.0,,0.7971517747545557,0.75766,0,1,mild
2148__1200_1200,2,t_8_16,96.0,0.25,0.25,1.0,,0.8907106439252422,0.75766,0,1,mild
2148__1200_1200,3,t_8_16,128.0,0.0,0.0,1.0,0.9999917715908595,0.5507407224640224,0.75766,0,0,stable
2148__1200_1200,4,t_8_16,119.9996337890625,0.25,0.0,2.0,0.7359379348751147,0.7487484465384403,0.75766,0,0,mild
2148__1200_1200,5,t_8_16,139.99969482421875,0.25,0.0,2.0,0.9935905657834154,0.6914409596796148,0.75766,0,0,mild
2148__1200_1200,6,t_8_16,120.0,0.0,0.0,2.0,0.9908828697589309,0.8271033562807558,0.75766,0,1,stable
2148__1200_1200,7,t_8_16,192.0,0.25,0.0,3.0,0.7252177539806859,0.514870091623918,0.75766,0,0,mild
2148__1200_1200,8,t_8_16,192.0,0.0,0.0,2.0,0.9888284560425579,0.7243815260416695,0.75766,0,0,stable
2148__1200_1200,9,t_8_16,191.99981689453125,0.0,0.0,2.0,0.8902631966147243,0.5847616273682253,0.75766,0,0,stable
2148__1200_1200,10,t_8_16,112.0,0.0,0.0,2.0,0.9712321389618349,0.8534934029346185,0.75766,0,1,stable
2148__1200_1200,11,t_8_16,112.0,0.5,0.5,0.0,,0.7308468850035338,0.75766,0,0,mild
2148__1200_1200,12,t_8_16,96.0,0.0,0.0,1.0,,0.6683234684669095,0.75766,0,0,stable
2148__1200_1200,13,t_8_16,112.0,0.0,0.0,2.0,0.996987283527925,0.7669845535714305,0.75766,0,1,stable
2148__1200_1200,14,t_8_16,96.0,0.5,0.25,0.0,,0.39712394221514247,0.75766,1,0,mild
2148__1200_1200,15,t_8_16,96.0,0.5,0.25,2.0,0.8233369468820494,0.5578138180158807,0.75766,0,0,mild
2148__1200_1200,16,t_8_16,159.99951171875,0.0,0.0,3.0,0.9978387300168212,0.8375830847019622,0.75766,0,1,stable
2148__1200_1200,17,t_8_16,112.0,0.0,0.0,2.0,0.9845950172194874,0.718506839285713,0.75766,0,0,stable
2148__1200_1200,18,t_8_16,139.99969482421875,0.0,0.0,2.0,0.9969011547029972,0.6093960857142847,0.75766,0,0,stable
2148__1200_1200,19,t_8_16,168.0,0.0,0.0,3.0,0.762210429948609,0.5717677773655248,0.75766,0,0,stable
2148__1200_1200,20,t_8_16,128.0,0.0,0.0,2.0,0.9995447244486444,0.6943699921874985,0.75766,0,0,stable
2148__1200_1200,21,t_8_16,96.0,0.25,0.25,2.0,0.8378703407290158,0.8606681848208909,0.75766,0,1,mild
2148__1200_1200,22,t_8_16,112.0,0.0,0.0,2.0,,0.14427869474512878,0.75766,1,0,stable
2148__1200_1200,23,t_8_16,96.0,0.0,0.0,1.0,,0.8027481355968592,0.75766,0,1,stable
2148__1200_1200,24,t_8_16,112.0,0.0,0.0,1.0,,0.3952926388567233,0.75766,1,0,stable
2148__1200_1200,25,t_8_16,112.0,0.0,0.0,1.0,0.9999999877928507,0.5897574316611676,0.75766,0,0,stable
2148__1200_1200,26,t_8_16,111.99957275390625,0.0,0.0,2.0,0.9999589131511488,0.7044053858132494,0.75766,0,0,stable
2148__1200_1200,27,t_8_16,120.0,0.0,0.0,1.0,,0.7367153706946903,0.75766,0,0,stable
2148__1200_1200,28,t_8_16,80.0,0.25,0.25,2.0,0.8033331076856157,0.8915449727184075,0.75766,0,1,mild
2148__1200_1200,29,t_8_16,96.0,0.0,0.0,1.0,0.9999999941227569,0.8256994086485437,0.75766,0,1,stable
2148__1200_1200,30,t_8_16,160.0,0.0,0.0,3.0,0.9999972373139572,0.6607976499999985,0.75766,0,0,stable
2148__1200_1200,31,t_8_16,140.0,0.25,0.25,2.0,0.9640224650877802,0.7931856362350812,0.75766,0,1,mild
2148__1200_1200,32,t_8_16,160.0,0.0,0.0,2.0,0.32438277985604896,0.6597994715468214,0.75766,0,0,stable
2148__1200_1200,33,t_8_16,80.0,0.25,0.25,0.0,,0.767022326072332,0.75766,0,1,mild
2148__1200_1200,36,t_8_16,112.0,0.0,0.0,2.0,0.9960104563607107,0.7951401832092141,0.75766,0,1,stable
2148__1200_1200,37,t_8_16,112.0,0.25,0.25,2.0,0.9999898975260627,0.47379825658484076,0.75766,1,0,mild
2148__1200_1200,38,t_8_16,140.0,0.25,0.25,1.0,0.7639675391705907,0.23431217982413285,0.75766,1,0,mild
2148__1200_1200,39,t_8_16,100.0,0.0,0.0,1.0,,0.78412623487651,0.75766,0,1,stable
2148__1200_1200,40,t_8_16,96.0,0.5,0.25,1.0,0.9999992398986015,0.8138074269015845,0.75766,0,1,mild
2148__1200_1200,41,t_8_16,72.0,0.5,0.5,3.0,0.4537217450766688,0.2420503402631146,0.75766,1,0,mild
2148__1200_1200,42,t_8_16,140.0,0.0,0.0,2.0,0.9989728056572537,0.8211602629008695,0.75766,0,1,stable
2148__1200_1200,43,t_8_16,84.0,0.0,0.0,2.0,0.999999999143092,0.692820736383956,0.75766,0,0,stable
2148__1200_1200,44,t_8_16,96.0,0.0,0.0,1.0,,0.8482493510993346,0.75766,0,1,stable
2148__1200_1200,45,t_8_16,96.0,0.5,0.5,1.0,,0.6026711134903598,0.75766,0,0,mild
2148__1200_1200,46,t_8_16,112.0,0.25,0.25,2.0,0.999999999988392,0.3143553180966617,0.75766,1,0,mild
2148__1200_1200,47,t_8_16,72.0,0.0,0.0,3.0,0.9479905824785225,0.02070944129284606,0.75766,1,0,stable
2148__1200_1200,48,t_8_16,96.0,0.0,0.0,1.0,,0.9525018526595034,0.75766,0,1,stable
2148__1200_1200,49,t_8_16,159.999755859375,0.0,0.0,3.0,0.9771095368574052,0.636060710459596,0.75766,0,0,stable
2148__1200_1200,50,t_8_16,119.99974060070235,0.0,0.0,2.0,0.960412526826613,0.7435052853274605,0.75766,0,0,stable
2148__1200_1200,51,t_8_16,111.99951171875,0.25,0.25,1.0,,0.6665385219908198,0.75766,0,0,mild
2148__1200_1200,52,t_8_16,120.0,0.0,0.0,2.0,0.9886712874119118,0.814863613936737,0.75766,0,1,stable
2148__1200_1200,53,t_8_16,119.99990844726562,0.0,0.0,1.0,,0.7492371719829777,0.75766,0,0,stable
2148__1200_1200,54,t_8_16,192.0,0.25,0.0,3.0,0.389483574843464,0.7856435781250003,0.75766,0,1,mild
2148__1200_1200,55,t_8_16,168.0,0.0,0.0,2.0,0.9718272955159241,0.5122914422683733,0.75766,0,0,stable
2148__1200_1200,56,t_8_16,144.0,0.5,0.5,0.0,,0.1909280875351033,0.75766,1,0,mild
2148__1200_1200,57,t_8_16,140.0,0.25,0.0,3.0,0.2767594713632469,0.6792739459232788,0.75766,0,0,mild
2148__1200_1200,58,t_8_16,144.0,0.25,0.0,7.0,0.4435784299906763,0.6798434937697599,0.75766,0,0,mild
2148__1200_1200,59,t_8_16,84.0,0.0,0.0,4.0,0.9990352704178264,0.0,0.75766,1,0,stable
2148__1200_1200,60,t_8_16,72.0,0.0,0.0,3.0,0.7237388813950271,0.0,0.75766,1,0,stable
2148__1200_1200,61,t_8_16,84.0,0.0,0.0,2.0,0.992332576399844,0.690694168549905,0.75766,0,0,stable
2148__1200_1200,62,t_8_16,83.9996337890625,0.25,0.0,4.0,0.6366444647902859,0.7219658087574463,0.75766,0,0,mild
2148__1200_1200,64,t_8_16,72.0,0.0,0.0,2.0,0.9967811916243442,0.141556003440723,0.75766,1,0,stable
2148__1200_1200,66,t_8_16,84.0,0.25,0.0,4.0,0.7933065534532558,0.5090764802154845,0.75766,0,0,mild
2148__1200_1200,67,t_8_16,95.99981689453125,0.25,0.0,4.0,0.39950070882102684,0.0,0.75766,1,0,mild
2148__1200_1200,68,t_8_16,160.0,0.0,0.0,3.0,0.913134170029343,0.8147566418086685,0.75766,0,1,stable
2148__1200_1200,69,t_8_16,143.99890136905015,0.0,0.0,1.0,,0.7537983091549026,0.75766,0,1,stable
2148__1200_1200,71,t_8_16,72.0,0.0,0.0,1.0,,0.0,0.75766,1,0,stable
2148__1200_1200,72,t_8_16,84.0000057220459,0.0,0.0,2.0,0.9747607756814048,0.7054633811908846,0.75766,0,0,stable
2148__1200_1200,73,t_8_16,90.0,0.25,0.25,3.0,0.8454027651097359,0.13861657402691333,0.75766,1,0,mild
2148__1200_1200,74,t_8_16,167.99990844726562,0.5,0.0,4.0,0.2566233350656536,0.8202883333333356,0.75766,0,1,mild
2148__1200_1200,75,t_8_16,100.0,0.0,0.0,1.0,,0.841265588457766,0.75766,0,1,stable
2148__1200_1200,76,t_8_16,140.0,0.0,0.0,2.0,0.9999994895548144,0.7023793229012227,0.75766,0,0,stable
2148__1200_1200,77,t_8_16,192.0,0.5,0.0,3.0,0.3546005691761119,0.7568747738670312,0.75766,0,1,mild
2148__1200_1200,78,t_8_16,192.0,0.0,0.0,2.0,0.8961042420629248,0.829065671905015,0.75766,0,1,stable
2148__1200_1200,79,t_8_16,111.99997329711914,0.0,0.0,3.0,0.9886205969947377,0.8018021502067516,0.75766,0,1,stable
2148__1200_1200,80,t_8_16,196.0,0.25,0.0,3.0,0.16499322342704498,0.8462265062897341,0.75766,0,1,mild
2148__1200_1200,81,t_8_16,196.00010681152344,0.0,0.0,1.0,0.9999952175269947,0.6108474489795895,0.75766,0,0,stable
2148__1200_1200,82,t_8_16,167.9991455078125,0.25,0.25,3.0,0.9909483368320156,0.4162899241445637,0.75766,1,0,mild
2148__1200_1200,83,t_8_16,119.99984741210938,0.0,0.0,3.0,0.8813342111570033,0.690812074999998,0.75766,0,0,stable
2148__1200_1200,84,t_8_16,144.0,0.25,0.0,3.0,0.33647072305151215,0.0,0.75766,1,0,mild
2148__1200_1200,85,t_8_16,168.00009155273438,0.0,0.0,4.0,0.8447060787450587,0.5191914880952387,0.75766,0,0,stable
2148__1200_1200,86,t_8_16,80.0,0.0,0.0,1.0,,0.6830222812944197,0.75766,0,0,stable
2148__1200_1200,87,t_8_16,95.9998779296875,0.0,0.0,2.0,0.6160415152857706,0.8038146267317502,0.75766,0,1,stable
2148__1200_1200,88,t_8_16,139.99986267078202,0.0,0.0,3.0,0.9921771973952952,0.725846010563664,0.75766,0,0,stable
2148__1200_1200,89,t_8_16,64.0,0.0,0.0,0.0,,0.5303696177464736,0.75766,0,0,stable
2148__1200_1200,90,t_8_16,120.0,0.0,0.0,3.0,0.9279630989515134,0.8082259941916673,0.75766,0,1,stable
2148__1200_1200,91,t_8_16,96.0,0.0,0.0,1.0,,0.8107261719626077,0.75766,0,1,stable
2148__1200_1200,92,t_8_16,112.0,0.0,0.0,2.0,0.9999999999961987,0.8068286627560584,0.75766,0,1,stable
2148__1200_1200,93,t_8_16,196.0,0.0,0.0,3.0,0.9246133558762334,0.6354169183673486,0.75766,0,0,stable
2148__1200_1200,95,t_8_16,95.99993896484375,0.5,0.5,1.0,,0.6078964898075916,0.75766,0,0,mild
2148__1200_1200,96,t_8_16,160.0,0.5,0.0,3.0,0.4252622830530365,0.6773635125000004,0.75766,0,0,mild
2148__1200_1200,97,t_8_16,143.999267578125,0.0,0.0,3.0,0.997963670274861,0.2950130507911088,0.75766,1,0,stable
2148__1200_1200,98,t_8_16,112.0,0.25,0.25,2.0,0.9593798532897652,0.8146417790653008,0.75766,0,1,mild
2148__1200_1200,99,t_8_16,160.0,0.0,0.0,3.0,0.9372451538364569,0.6149148375,0.75766,0,0,stable
2148__1200_1200,100,t_8_16,64.0,0.5,0.0,4.0,0.07273758365324812,0.6080444333699747,0.75766,0,0,mild
2148__1200_1200,102,s_16_32,780.0,0.0,0.0,10.0,0.9831360157798589,0.4214306096385836,0.75766,1,0,stable
2148__1200_1200,103,t_8_16,96.0,0.0,0.0,2.0,0.9358339831692398,0.7087309092255679,0.75766,0,0,stable
2148__1200_1200,104,t_8_16,119.99969482421875,0.0,0.0,2.0,0.9836897535183116,0.7314186153351376,0.75766,0,0,stable
2148__1200_1200,105,t_8_16,120.0,0.0,0.0,1.0,,0.6468841948516482,0.75766,0,0,stable
2148__1200_1200,106,t_8_16,144.0,0.0,0.0,2.0,0.9035230633244783,0.0,0.75766,1,0,stable
2148__1200_1200,107,t_8_16,120.0,0.25,0.0,3.0,0.858325841079799,0.6962113800085201,0.75766,0,0,mild
2148__1200_1200,108,t_8_16,168.0,0.0,0.0,2.0,0.962217847870223,0.707745863095236,0.75766,0,0,stable
2148__1200_1200,109,t_8_16,191.9990234375,0.0,0.0,3.0,0.8879371359323652,0.7422140629908917,0.75766,0,0,stable
2148__1200_1200,110,t_8_16,140.0,0.0,0.0,1.0,,0.7623055340375811,0.75766,0,1,stable
2148__1200_1200,111,t_8_16,144.0,0.0,0.0,3.0,0.8313949564306792,0.7510228919830865,0.75766,0,1,stable
2148__1200_1200,112,t_8_16,127.99951171875,0.0,0.0,5.0,0.9775881121679922,0.7658855213897187,0.75766,0,1,stable
2148__1200_1200,113,t_8_16,192.0,0.0,0.0,3.0,0.8364275621016546,0.668849187499998,0.75766,0,0,stable
2148__1200_1200,114,t_8_16,120.000732421875,0.0,0.0,2.0,0.9586746227075043,0.9501159199942769,0.75766,0,1,stable
2148__1200_1200,115,t_8_16,144.0,0.0,0.0,2.0,0.9813400967030825,0.804050344509571,0.75766,0,1,stable
2148__1200_1200,117,t_8_16,120.0,0.0,0.0,2.0,0.9963429820886276,0.7281507296524322,0.75766,0,0,stable
2148__1200_1200,118,t_8_16,96.0,0.0,0.0,1.0,,0.7244427628566356,0.75766,0,0,stable
2148__1200_1200,119,t_8_16,144.0,0.0,0.0,3.0,0.8043892780509366,0.6400442739653811,0.75766,0,0,stable
2148__1200_1200,120,t_8_16,111.99951171875,0.0,0.0,2.0,0.9485560115159372,0.7585755350273876,0.75766,0,1,stable
2148__1200_1200,121,t_8_16,128.0,0.0,0.0,2.0,0.9993532969745388,0.7470477004957843,0.75766,0,0,stable
2148__1200_1200,122,t_8_16,240.0,0.0,0.0,4.0,0.5135146036604724,0.4472573125000005,0.75766,1,0,stable
2148__1200_1200,123,t_8_16,100.0,0.0,0.0,1.0,,0.0,0.75766,1,0,stable
2148__1200_1200,124,t_8_16,120.0,0.0,0.0,2.0,0.9979464121747503,0.7394253678748217,0.75766,0,0,stable
2148__1200_1200,125,t_8_16,140.0008544921875,0.0,0.0,3.0,0.9979927908493577,0.8651951385914095,0.75766,0,1,stable
2148__1200_1200,126,t_8_16,143.999267578125,0.0,0.0,3.0,0.9991447154606723,0.5224547754557829,0.75766,0,0,stable
2148__1200_1200,127,t_8_16,112.0,0.0,0.0,1.0,0.999702434411579,0.6573690542866759,0.75766,0,0,stable
2148__1200_1200,128,t_8_16,96.0,0.0,0.0,2.0,0.6391961593510302,0.583895794721452,0.75766,0,0,stable
2148__1200_1200,129,t_8_16,140.0,0.0,0.0,2.0,0.9721732141231366,0.7237852012622608,0.75766,0,0,stable
2148__1200_1200,130,t_8_16,96.0,0.0,0.0,2.0,0.9795981331552902,0.686115282869801,0.75766,0,0,stable
2148__1200_1200,131,t_8_16,112.0,0.0,0.0,2.0,0.8978691927009296,0.7793513257470813,0.75766,0,1,stable
2148__1200_1200,132,t_8_16,180.0,0.25,0.0,5.0,0.1671954025662679,0.6016075548041033,0.75766,0,0,mild
2148__1200_1200,133,t_8_16,200.0,0.0,0.0,3.0,0.9932890772849905,0.661360814999999,0.75766,0,0,stable
2148__1200_1200,134,t_8_16,140.0,0.25,0.0,1.0,0.9995369883400314,0.41107290244283556,0.75766,1,0,mild
2148__1200_1200,136,t_8_16,95.9998779296875,0.5,0.5,3.0,0.013203615814619471,0.6195256644341139,0.75766,0,0,mild
2148__1200_1200,137,t_8_16,100.0,0.0,0.0,1.0,,0.6875869157133062,0.75766,0,0,stable
2148__1200_1200,138,t_8_16,112.0,0.5,0.5,1.0,,0.7367881016036844,0.75766,0,0,mild
2148__1200_1200,139,t_8_16,112.0,0.0,0.0,2.0,0.9885559937215055,0.8643022366841445,0.75766,0,1,stable
2148__1200_1200,140,t_8_16,128.0,0.25,0.25,2.0,0.34046965485036207,0.7610707017163987,0.75766,0,1,mild
2148__1200_1200,141,t_8_16,168.0000228881836,0.6666666666666666,0.0,3.0,0.07654452520336331,0.831710234522484,0.75766,0,1,high
2148__1200_1200,142,t_8_16,140.0,0.25,0.0,3.0,0.794235454296522,0.6635889495839918,0.75766,0,0,mild
2148__1200_1200,143,t_8_16,120.0,0.0,0.0,1.0,,0.6679071165995147,0.75766,0,0,stable
2148__1200_1200,145,t_8_16,84.0,0.0,0.0,1.0,0.9999998111487345,0.9074980964046485,0.75766,0,1,stable
2148__1200_1200,146,t_8_16,72.0,0.0,0.0,3.0,0.9900946359243209,0.1771352580127307,0.75766,1,0,stable
2148__1200_1200,147,t_8_16,160.00015258789062,0.25,0.0,2.0,0.476303047104267,0.5000325007456572,0.75766,0,0,mild
2148__1200_1200,148,t_8_16,160.0,0.25,0.0,2.0,0.8836557123065087,0.5646358569247756,0.75766,0,0,mild
2148__1200_1200,149,t_8_16,127.999755859375,0.0,0.0,3.0,0.14945492483524928,0.6339218457213104,0.75766,0,0,stable
2148__1200_1200,150,t_8_16,112.0,0.0,0.0,1.0,,0.8057743417162189,0.75766,0,1,stable
2148__1200_1200,151,t_8_16,95.99981689453125,0.0,0.0,3.0,0.8398238265633738,0.8080923533598369,0.75766,0,1,stable
2148__1200_1200,152,t_8_16,112.0,0.0,0.0,3.0,0.7959158577907585,0.6152040918586597,0.75766,0,0,stable
2148__1200_1200,153,t_8_16,96.0,0.0,0.0,1.0,,0.7703210141911714,0.75766,0,1,stable
2148__1200_1200,154,t_8_16,119.9996337890625,0.25,0.0,3.0,0.720893551926588,0.6672496575616393,0.75766,0,0,mild
2148__1200_1200,155,t_8_16,96.0,0.25,0.25,1.0,0.9999980596676271,0.4811898804854675,0.75766,1,0,mild
2148__1200_1200,156,t_8_16,196.0,0.0,0.0,5.0,0.6852823455908332,0.5703996003992885,0.75766,0,0,stable
2148__1200_1200,157,t_8_16,72.0003662109375,0.25,0.0,2.0,0.5583023391373749,0.555034352126118,0.75766,0,0,mild
2148__1200_1200,158,t_8_16,120.000732421875,0.0,0.0,2.0,0.9873278416061481,0.7870033116350871,0.75766,0,1,stable
2148__1200_1200,159,t_8_16,140.0,0.0,0.0,1.0,0.9999999999964831,0.8395349464289186,0.75766,0,1,stable
2148__1200_1200,160,t_8_16,100.0,0.25,0.0,2.0,0.9999930600207845,0.7046517315928386,0.75766,0,0,mild
2148__1200_1200,161,t_8_16,119.99992370605469,0.0,0.0,1.0,,0.8962695963869747,0.75766,0,1,stable
2148__1200_1200,162,t_8_16,120.0,0.0,0.0,3.0,0.9984357385203951,0.6559673034773421,0.75766,0,0,stable
2148__1200_1200,163,t_8_16,96.0,0.0,0.0,3.0,0.7328121539765724,0.845803609917422,0.75766,0,1,stable
2148__1200_1200,165,t_8_16,140.0005035402719,0.25,0.0,2.0,0.7857375327398995,0.548829221580405,0.75766,0,0,mild
2148__1200_1200,166,t_8_16,72.000732421875,0.0,0.0,3.0,0.790947496139026,0.5885124143855671,0.75766,0,0,stable
2148__1200_1200,167,t_8_16,143.999267578125,0.0,0.0,2.0,0.9641206296432375,0.80488390409138,0.75766,0,1,stable
2148__1200_1200,168,t_8_16,160.0,0.0,0.0,3.0,0.9318053813533235,0.5596759104685022,0.75766,0,0,stable
2148__1200_1200,169,t_8_16,144.0,0.0,0.0,1.0,0.9998889994720509,0.78306026220391,0.75766,0,1,stable
2148__1200_1200,170,t_8_16,120.0,0.0,0.0,2.0,0.995403526524411,0.7130373399590281,0.75766,0,0,stable
2148__1200_1200,171,t_8_16,119.9993896484375,0.25,0.0,3.0,0.7739894881621525,0.7269082606331597,0.75766,0,0,mild
2148__1200_1200,172,t_8_16,96.0,0.0,0.0,1.0,,0.6125422665794432,0.75766,0,0,stable
2148__1200_1200,173,t_8_16,96.0,0.25,0.25,1.0,,0.9242707800499782,0.75766,0,1,mild
2148__1200_1200,174,t_8_16,251.99923706101254,0.0,0.0,3.0,0.9805137954949681,0.5669288253968248,0.75766,0,0,stable
2148__1200_1200,175,t_8_16,120.0,0.25,0.25,1.0,,0.7004583170140474,0.75766,0,0,mild
2148__1200_1200,176,t_8_16,140.0008544921875,0.25,0.0,5.0,0.5882726817492452,0.47656568401948995,0.75766,1,0,mild
2148__1200_1200,178,t_8_16,140.0,0.0,0.0,2.0,,0.691180557142857,0.75766,0,0,stable
2148__1200_1200,179,t_8_16,120.0,0.5,0.5,1.0,,0.7011459747072042,0.75766,0,0,mild
2148__1200_1200,180,t_8_16,192.0,0.0,0.0,4.0,0.6604902415707661,0.5960124136381607,0.75766,0,0,stable
2148__1200_1200,181,t_8_16,143.999267578125,0.5,0.0,2.0,0.3379095886023334,0.7788159108163069,0.75766,0,1,mild
2148__1200_1200,182,t_8_16,139.99969482421875,0.0,0.0,3.0,0.9979677199140196,0.7991487934672744,0.75766,0,1,stable
2148__1200_1200,183,t_8_16,72.0,0.0,0.0,2.0,0.9973395287675804,0.6411766767879402,0.75766,0,0,stable
2148__1200_1200,184,t_8_16,96.0,0.25,0.25,1.0,,0.03515473466695757,0.75766,1,0,mild
2148__1200_1200,185,t_8_16,95.99951171875,0.0,0.0,2.0,0.8889351397731909,0.6450287726670925,0.75766,0,0,stable
2148__1200_1200,186,t_8_16,79.99969482421875,0.25,0.0,3.0,0.8761111269471893,0.7502144371865417,0.75766,0,1,mild
2148__1200_1200,187,t_8_16,128.0,0.0,0.0,3.0,0.9792990035583538,0.335894504385209,0.75766,1,0,stable
2148__1200_1200,188,t_8_16,191.9990234375,0.0,0.0,3.0,0.9478790686833455,0.6052983069417985,0.75766,0,0,stable
2148__1200_1200,189,t_8_16,180.0010986328125,0.25,0.0,2.0,0.9393424766735481,0.316330648642881,0.75766,1,0,mild
2148__1200_1200,190,t_8_16,160.0,0.0,0.0,2.0,0.9747971582470969,0.6668865132929106,0.75766,0,0,stable
2148__1200_1200,191,t_8_16,128.0,0.0,0.0,3.0,0.997800806173018,0.7620802526311513,0.75766,0,1,stable
2148__1200_1200,193,t_8_16,120.0,0.0,0.0,2.0,0.9062827169709798,0.6422314774890785,0.75766,0,0,stable
2148__1200_1200,194,t_8_16,168.0,0.0,0.0,2.0,0.9881675341928534,0.8108942163078796,0.75766,0,1,stable
2148__1200_1200,195,t_8_16,140.0,0.0,0.0,2.0,0.9531795625413904,0.7338695531184468,0.75766,0,0,stable
2148__1200_1200,196,t_8_16,111.99926757719368,0.25,0.0,3.0,0.47194407034639557,0.6734532639843903,0.75766,0,0,mild
2148__1200_1200,197,t_8_16,64.0,0.0,0.0,1.0,,0.45687004623031274,0.75766,1,0,stable
2148__1200_1200,198,t_8_16,160.0,0.0,0.0,1.0,,0.7920176776994682,0.75766,0,1,stable
2148__1200_1200,199,t_8_16,192.0,0.0,0.0,3.0,0.8856031791995457,0.5184360753347429,0.75766,0,0,stable
2148__1200_1200,200,t_8_16,71.9996337890625,0.0,0.0,4.0,0.9434281394344411,0.6936466569079762,0.75766,0,0,stable
2148__1200_1200,201,t_8_16,96.0,0.0,0.0,3.0,0.9998684959730681,0.6039153196093326,0.75766,0,0,stable
2148__1200_1200,202,t_8_16,96.0,0.0,0.0,2.0,0.840830983174202,0.9243040767784396,0.75766,0,1,stable
2148__1200_1200,203,t_8_16,112.0001220703125,0.0,0.0,1.0,,0.6591948059098033,0.75766,0,0,stable
2148__1200_1200,204,t_8_16,80.0,0.0,0.0,1.0,,0.5472040721537875,0.75766,0,0,stable
2148__1200_1200,205,t_8_16,140.0,0.0,0.0,3.0,0.6641011603182516,0.6173889451132677,0.75766,0,0,stable
2148__1200_1200,206,t_8_16,112.0,0.0,0.0,1.0,,0.7709798761151875,0.75766,0,1,stable
2148__1200_1200,207,s_16_32,300.0006103515625,0.0,0.0,4.0,0.9894283704272065,0.6353751944290206,0.75766,0,0,stable
2148__1200_1200,208,t_8_16,225.0,0.0,0.0,2.0,0.9880129277174591,0.5446355199999995,0.75766,0,0,stable
2148__1200_1200,209,t_8_16,194.99920654296875,0.5,0.0,4.0,0.0021036962663328364,0.04484589695446865,0.75766,1,0,mild
2148__1200_1200,210,t_8_16,143.00067138671875,0.0,0.0,3.0,0.9361847751785441,0.40262122084713453,0.75766,1,0,stable
2148__1200_1200,211,s_16_32,270.0,0.0,0.0,5.0,0.7900236940680152,0.5716786709913678,0.75766,0,0,stable
2148__1200_1200,212,t_8_16,110.0,0.5,0.0,2.0,0.0350823626571551,0.0,0.75766,1,0,mild
2148__1200_1200,213,t_8_16,108.0,0.0,0.0,2.0,,0.9124340605999312,0.75766,0,1,stable
2148__1200_1200,214,t_8_16,96.0,0.25,0.0,2.0,0.9101143323840863,0.0,0.75766,1,0,mild
2148__1200_1200,215,t_8_16,153.9991455078125,0.0,0.0,2.0,0.9395439447163662,0.0,0.75766,1,0,stable
2148__1200_1200,216,t_8_16,110.0,0.25,0.25,2.0,0.5338064794270917,0.0,0.75766,1,0,mild
2148__1200_1200,217,t_8_16,153.9991455078125,0.0,0.0,2.0,0.9195977255575596,0.0,0.75766,1,0,stable
2148__1200_1200,218,t_8_16,180.0,0.25,0.0,3.0,0.9242289203876816,0.5943212153010641,0.75766,0,0,mild
2148__1200_1200,219,t_8_16,121.0,0.0,0.0,1.0,,0.7420603938162771,0.75766,0,0,stable
2148__1200_1200,220,t_8_16,132.0,0.0,0.0,1.0,,0.7483698300195295,0.75766,0,0,stable
2148__1200_1200,221,t_8_16,221.0,0.0,0.0,5.0,0.7124104272614361,0.6778532579185534,0.75766,0,0,stable
2148__1200_1200,222,t_8_16,110.0,0.0,0.0,3.0,0.9103846536416893,0.6197422878818402,0.75766,0,0,stable
2148__1200_1200,223,t_8_16,210.0,0.5,0.0,3.0,0.10359448063348853,0.5455006904761883,0.75766,0,0,mild
2148__1800_600,0,s_16_32,320.0,0.0,0.0,5.0,0.9275763461971102,0.5110950562500026,0.78145,0,0,stable
2148__1800_600,1,t_8_16,168.0,0.0,0.0,2.0,0.9967001969263297,0.6849390157599963,0.78145,0,0,stable
2148__1800_600,2,t_8_16,120.0,0.0,0.0,1.0,,0.8606827839559265,0.78145,0,1,stable
2148__1800_600,3,t_8_16,119.99992370605469,0.0,0.0,1.0,,0.6882038770034231,0.78145,0,0,stable
2148__1800_600,4,t_8_16,140.0,0.0,0.0,2.0,0.7624938758073526,0.6979682498182799,0.78145,0,0,stable
2148__1800_600,5,t_8_16,96.0,0.0,0.0,1.0,,0.5974149329747598,0.78145,0,0,stable
2148__1800_600,6,t_8_16,120.0,0.0,0.0,2.0,0.9346405821107164,0.7581865180512287,0.78145,0,1,stable
2148__1800_600,7,t_8_16,96.0,0.0,0.0,1.0,,0.896151552872695,0.78145,0,1,stable
2148__1800_600,8,t_8_16,96.0,0.25,0.0,2.0,0.4875945720440395,0.642028293539158,0.78145,0,0,mild
2148__1800_600,9,t_8_16,120.0,0.0,0.0,2.0,0.9831739121243748,0.8291253464810936,0.78145,0,1,stable
2148__1800_600,10,t_8_16,120.0,0.0,0.0,2.0,0.9882539779751315,0.7932398325885825,0.78145,0,1,stable
2148__1800_600,11,t_8_16,96.0,0.0,0.0,3.0,0.7469326969333578,0.6933767453147548,0.78145,0,0,stable
2148__1800_600,12,t_8_16,112.0,0.0,0.0,2.0,0.9554412684570746,0.7876450102640495,0.78145,0,1,stable
2148__1800_600,13,t_8_16,100.0,0.0,0.0,2.0,0.8990077252265569,0.6454151160650988,0.78145,0,0,stable
2148__1800_600,14,t_8_16,120.0,0.0,0.0,2.0,0.9915559305170515,0.6507591437218742,0.78145,0,0,stable
2148__1800_600,15,t_8_16,112.0,0.0,0.0,1.0,,0.7758897015363765,0.78145,0,1,stable
2148__1800_600,16,t_8_16,80.0,0.25,0.25,1.0,,0.7002430080905655,0.78145,0,0,mild
2148__1800_600,17,t_8_16,120.0,0.0,0.0,1.0,,0.8370634092275743,0.78145,0,1,stable
2148__1800_600,18,t_8_16,96.0,0.0,0.0,2.0,0.9912605031624611,0.7230723779181168,0.78145,0,0,stable
2148__1800_600,19,t_8_16,100.0,0.0,0.0,1.0,,0.6733415515680353,0.78145,0,0,stable
2148__1800_600,20,t_8_16,140.0,0.0,0.0,3.0,0.987374035610031,0.9363501079595618,0.78145,0,1,stable
2148__1800_600,21,t_8_16,144.0,0.0,0.0,3.0,0.8021834115404433,0.7645248569693943,0.78145,0,1,stable
2148__1800_600,22,t_8_16,96.0,0.0,0.0,2.0,0.7994674423981578,0.7489928507528267,0.78145,0,0,stable
2148__1800_600,23,t_8_16,80.0,0.25,0.0,2.0,0.9129093077997136,0.5715033567249658,0.78145,0,0,mild
2148__1800_600,24,t_8_16,168.0,0.0,0.0,2.0,0.6957050992510263,0.7578546112122895,0.78145,0,1,stable
2148__1800_600,25,t_8_16,96.0,0.0,0.0,1.0,,0.7402743678889707,0.78145,0,0,stable
2148__1800_600,26,t_8_16,96.0,0.25,0.25,1.0,,0.598950074679737,0.78145,0,0,mild
2148__1800_600,28,t_8_16,80.0,0.75,0.75,1.0,,0.6525796982663247,0.78145,0,0,high
2148__1800_600,29,t_8_16,84.0,0.0,0.0,2.0,0.9980164678945852,0.5866789706431488,0.78145,0,0,stable
2148__1800_600,30,t_8_16,167.99945068359375,0.0,0.0,2.0,0.9916357950341131,0.8552486538027667,0.78145,0,1,stable
2148__1800_600,31,t_8_16,119.99981689453125,0.0,0.0,3.0,0.9621068317608653,0.7052332716423272,0.78145,0,0,stable
2148__1800_600,32,t_8_16,143.999267578125,0.0,0.0,5.0,0.8950823961090859,0.8071597627314393,0.78145,0,1,stable
2148__1800_600,33,t_8_16,120.0,0.0,0.0,3.0,0.8341025327615483,0.5906251753083303,0.78145,0,0,stable
2148__1800_600,34,t_8_16,144.0,0.0,0.0,3.0,0.9985096125696973,0.6131418637624423,0.78145,0,0,stable
2148__1800_600,36,t_8_16,140.0,0.0,0.0,2.0,0.9953963355121656,0.6816687752046219,0.78145,0,0,stable
2148__1800_600,37,t_8_16,80.0,0.25,0.25,1.0,,0.6130242650322911,0.78145,0,0,mild
2148__1800_600,38,t_8_16,100.0,0.0,0.0,1.0,,0.7154581184638767,0.78145,0,0,stable
2148__1800_600,39,t_8_16,120.000732421875,0.0,0.0,3.0,0.9900356619797007,0.8415287529400037,0.78145,0,1,stable
2148__1800_600,41,t_8_16,144.0,0.25,0.0,2.0,0.8527613514940862,0.6444034991803628,0.78145,0,0,mild
2148__1800_600,42,t_8_16,120.0,0.25,0.0,2.0,0.9960303224227329,0.8738480447967936,0.78145,0,1,mild
2148__1800_600,43,s_16_32,431.99945068359375,0.0,0.0,8.0,0.9973614703024314,0.8873566051532527,0.78145,0,1,stable
2148__1800_600,44,t_8_16,144.0,0.0,0.0,3.0,0.9708465855292531,0.544260851086319,0.78145,0,0,stable
2148__1800_600,45,t_8_16,96.0,0.25,0.25,2.0,0.983676071124031,0.822863582771126,0.78145,0,1,mild
2148__1800_600,46,t_8_16,112.0,0.0,0.0,2.0,0.9610438933611128,0.6716956396630623,0.78145,0,0,stable
2148__1800_600,47,s_16_32,624.0,0.0,0.0,10.0,0.9388682777620792,0.7348008553048381,0.78145,0,0,stable
2148__1800_600,48,t_8_16,140.0,0.0,0.0,3.0,0.9959945776568128,0.7132836017210942,0.78145,0,0,stable
2148__1800_600,49,t_8_16,80.0,0.5,0.25,2.0,0.22046311892201897,0.7233433041370436,0.78145,0,0,mild
2148__1800_600,50,t_8_16,144.0,0.0,0.0,2.0,0.9999999999952046,0.8101828777948783,0.78145,0,1,stable
2148__1800_600,51,t_8_16,96.0,0.25,0.25,2.0,,0.5957409068600524,0.78145,0,0,mild
2148__1800_600,52,t_8_16,120.0,0.0,0.0,3.0,0.9771627341344152,0.6221979109531927,0.78145,0,0,stable
2148__1800_600,53,t_8_16,72.0,0.5,0.5,3.0,0.016842971051142325,0.6951827876012217,0.78145,0,0,mild
2148__1800_600,54,t_8_16,144.0,0.0,0.0,1.0,0.9999999957608843,0.7730738825180916,0.78145,0,1,stable
2148__1800_600,55,t_8_16,120.0,0.0,0.0,2.0,0.8336906354243412,0.8152647095020994,0.78145,0,1,stable
2148__1800_600,56,t_8_16,84.0,0.25,0.0,2.0,0.5559753054975718,0.6116897715962016,0.78145,0,0,mild
2148__1800_600,57,t_8_16,119.99920654390007,0.0,0.0,2.0,0.9992867206629443,0.8061602620972396,0.78145,0,1,stable
2148__1800_600,58,t_8_16,100.0,0.25,0.0,3.0,0.9226242784573774,0.7640022057941349,0.78145,0,1,mild
2148__1800_600,59,t_8_16,100.0,0.0,0.0,1.0,,0.6486695573082131,0.78145,0,0,stable
2148__1800_600,60,t_8_16,120.0,0.0,0.0,1.0,,0.7920829592198377,0.78145,0,1,stable
2148__1800_600,61,t_8_16,112.0,0.0,0.0,2.0,0.9986326383272371,0.7357130966789484,0.78145,0,0,stable
2148__1800_600,62,t_8_16,96.0,0.75,0.75,1.0,,0.6876261713443224,0.78145,0,0,high
2148__1800_600,63,t_8_16,112.0,0.0,0.0,1.0,,0.7744925679757018,0.78145,0,1,stable
2148__1800_600,64,t_8_16,196.0,0.0,0.0,2.0,0.8963884701335963,0.603134617346937,0.78145,0,0,stable
2148__1800_600,65,t_8_16,139.99969482421875,0.25,0.0,5.0,0.8580102643183829,0.834781625756841,0.78145,0,1,mild
2148__1800_600,66,t_8_16,72.0,0.5,0.25,1.0,,0.631577506928493,0.78145,0,0,mild
2148__1800_600,67,t_8_16,144.0009765625,0.25,0.0,3.0,0.5131709710946969,0.7227803749465017,0.78145,0,0,mild
2148__1800_600,68,t_8_16,210.0,0.0,0.0,2.0,0.9807888701435322,0.7444286807920689,0.78145,0,0,stable
2148__1800_600,69,t_8_16,156.0,0.0,0.0,3.0,0.9558582312772517,0.7777780869720073,0.78145,0,1,stable
2148__1800_600,70,t_8_16,144.0,0.25,0.0,3.0,0.9965777658789846,0.6041270285965374,0.78145,0,0,mild
2148__1800_600,71,t_8_16,169.0,0.0,0.0,2.0,0.9980869625551856,0.7741384265381929,0.78145,0,1,stable
2148__1800_600,72,t_8_16,119.9993896484375,0.0,0.0,2.0,0.9992193229804263,0.6494370062289235,0.78145,0,0,stable
2148__1800_600,73,t_8_16,132.0,0.0,0.0,1.0,0.999999997525369,0.5934521532012452,0.78145,0,0,stable
2148__1800_600,74,t_8_16,135.0,0.0,0.0,3.0,0.9966252252129023,0.6672125412994052,0.78145,0,0,stable
2148__1800_600,75,t_8_16,247.0,0.0,0.0,4.0,0.980944027939943,0.6431134601247976,0.78145,0,0,stable
2148__1800_600,76,t_8_16,156.00027465820312,0.0,0.0,1.0,0.9999689557117385,0.8195616433236902,0.78145,0,1,stable
2148__1800_600,77,t_8_16,143.0000991821289,0.25,0.0,3.0,0.9125491468058506,0.6352641552103268,0.78145,0,0,mild
2148__1800_600,78,t_8_16,89.9999828338623,0.0,0.0,1.0,,0.5581071458219404,0.78145,0,0,stable
2148__1800_600,79,t_8_16,130.00001907348633,0.5,0.5,3.0,0.05651485338193834,0.6180046555350996,0.78145,0,0,mild
2148__1800_600,80,t_8_16,143.99981689453125,0.0,0.0,2.0,0.7906703663321469,0.8958372605455448,0.78145,0,1,stable
2148__1800_600,81,t_8_16,72.0,0.0,0.0,1.0,,0.4666448121346317,0.78145,1,0,stable
2148__1800_600,82,t_8_16,169.00004959106445,0.0,0.0,2.0,0.99905671224931,0.7782170595580913,0.78145,0,1,stable
2148__1800_600,83,t_8_16,130.0,0.0,0.0,2.0,0.9952066284828807,0.7626965717278243,0.78145,0,1,stable
2148__1800_600,84,t_8_16,81.0,0.5,0.0,1.0,,0.41647832551982555,0.78145,1,0,mild
2148__1800_600,85,t_8_16,155.9998016357422,0.0,0.0,3.0,0.9383017394118688,0.5788687889359532,0.78145,0,0,stable
2148__1800_600,86,s_16_32,288.0,0.0,0.0,3.0,0.9877251603175488,0.6258307799753592,0.78145,0,0,stable
2148__1800_600,87,t_8_16,154.0,0.0,0.0,3.0,0.9953336492118736,0.7156012152381289,0.78145,0,0,stable
2197__600_0,0,t_8_16,196.0,0.0,0.0,1.0,0.9987126192313784,0.5734541742387365,0.82298,0,0,stable
2197__600_0,1,t_8_16,144.0,0.25,0.0,3.0,0.4046141257880365,0.8486223121798634,0.82298,0,1,mild
2197__600_0,2,t_8_16,96.0,0.5,0.5,1.0,,0.753520075663669,0.82298,0,1,mild
2197__600_0,3,t_8_16,168.0,0.0,0.0,3.0,0.9768604550278174,0.7477229215579424,0.82298,0,0,stable
2197__600_0,4,t_8_16,84.0,0.0,0.0,3.0,0.9987893592409123,0.773589307404388,0.82298,0,1,stable
2197__600_0,5,t_8_16,96.0,0.0,0.0,4.0,0.7231142647373736,0.8389181004636723,0.82298,0,1,stable
2197__600_0,6,t_8_16,131.99981689453125,0.0,0.0,7.0,0.9583050277241931,0.0,0.82298,1,0,stable
2197__600_0,7,t_8_16,139.99969482421875,0.0,0.0,3.0,0.9819193042430137,0.8138577195404207,0.82298,0,1,stable
2197__600_0,8,t_8_16,252.0,0.0,0.0,5.0,0.9380131498609583,0.5413016547619032,0.82298,0,0,stable
2197__600_0,9,t_8_16,84.0,0.0,0.0,4.0,0.6449983310370132,0.6465865617759526,0.82298,0,0,stable
2197__600_0,10,t_8_16,96.0,0.0,0.0,4.0,0.9807120510408588,0.37980726987880564,0.82298,1,0,stable
2197__600_0,11,t_8_16,80.00048828125,0.0,0.0,2.0,,0.7532193536700048,0.82298,0,1,stable
2197__600_0,12,t_8_16,84.0,0.0,0.0,3.0,0.9943154671046108,0.7348893238034224,0.82298,0,0,stable
2197__600_0,13,t_8_16,112.00000762939453,0.75,0.75,0.0,,0.8942665274678636,0.82298,0,1,high
2197__600_0,14,t_8_16,83.99994659423828,0.5,0.0,4.0,0.03277384550299879,0.7551420412679863,0.82298,0,1,mild
2197__600_0,15,t_8_16,160.0,0.25,0.0,3.0,0.6586016087313956,0.7298610734738855,0.82298,0,0,mild
2197__600_0,16,t_8_16,112.0,0.5,0.5,1.0,,0.7761437087072202,0.82298,0,1,mild
2197__600_0,17,t_8_16,112.0,0.0,0.0,1.0,,0.7081404925121824,0.82298,0,0,stable
2197__600_0,18,t_8_16,95.99951171875,0.75,0.75,2.0,0.027789438984397428,0.0,0.82298,1,0,high
2197__600_0,19,t_8_16,100.0,0.0,0.0,1.0,,0.7259161514917095,0.82298,0,0,stable
2197__600_0,20,t_8_16,120.0,0.0,0.0,2.0,0.9614479610866278,0.6448365453406126,0.82298,0,0,stable
2197__600_0,21,t_8_16,112.0,0.0,0.0,2.0,0.9779315349166603,0.7470992727217265,0.82298,0,0,stable
2197__600_0,22,t_8_16,128.0,0.0,0.0,3.0,0.9535906047075462,0.4944244057537361,0.82298,1,0,stable
2197__600_0,23,t_8_16,180.0,0.0,0.0,2.0,0.9991921638096696,0.7049356000000012,0.82298,0,0,stable
2197__600_0,24,t_8_16,80.0,0.25,0.25,2.0,0.9565187589050975,0.6299155062835646,0.82298,0,0,mild
2197__600_0,25,t_8_16,112.0,0.0,0.0,3.0,0.9958282026418025,0.7509389843059291,0.82298,0,1,stable
2197__600_0,26,t_8_16,96.00006103515625,0.0,0.0,2.0,0.9964570861386212,0.822628138891808,0.82298,0,1,stable
2197__600_0,27,t_8_16,80.00048828125,0.25,0.25,2.0,0.6053245841180097,0.7450420817160599,0.82298,0,0,mild
2197__600_0,28,t_8_16,96.0,0.0,0.0,2.0,0.9959850858509371,0.8745213319070623,0.82298,0,1,stable
2197__600_0,29,t_8_16,120.0,0.25,0.0,3.0,0.9447913662339117,0.6699514783735876,0.82298,0,0,mild
2197__600_0,30,t_8_16,120.0,0.25,0.25,2.0,0.8076411957798986,0.8556241334754575,0.82298,0,1,mild
2197__600_0,31,t_8_16,120.0,0.0,0.0,2.0,0.9871974826238564,0.7128068904831267,0.82298,0,0,stable
2197__600_0,32,t_8_16,96.0,0.5,0.5,0.0,,0.711079952254171,0.82298,0,0,mild
2197__600_0,33,t_8_16,72.0,0.0,0.0,5.0,0.9898784530030483,0.6513543332173103,0.82298,0,0,stable
2197__600_0,35,t_8_16,96.00009155273438,0.0,0.0,3.0,0.9822523985778386,0.8681608839796392,0.82298,0,1,stable
2197__600_0,36,t_8_16,180.0010986328125,0.0,0.0,3.0,0.8737986495868726,0.5901813944444496,0.82298,0,0,stable
2197__600_0,37,t_8_16,83.9996337890625,0.5,0.0,2.0,0.17138423002318112,0.7170087417712647,0.82298,0,0,mild
2197__600_0,38,t_8_16,112.0,0.0,0.0,1.0,,0.8334000389494849,0.82298,0,1,stable
2197__600_0,39,t_8_16,159.99993896484375,0.0,0.0,2.0,0.9997057461617443,0.8332733504904366,0.82298,0,1,stable
2197__600_0,40,t_8_16,80.0,0.25,0.0,2.0,0.774615007942038,0.6885968096884546,0.82298,0,0,mild
2197__600_0,43,t_8_16,72.0,0.25,0.25,3.0,0.4466090925829324,0.7130753971488661,0.82298,0,0,mild
2197__600_0,44,t_8_16,72.0,0.0,0.0,3.0,0.9853185184349261,0.5751031899902839,0.82298,0,0,stable
2197__600_0,45,t_8_16,84.0,0.0,0.0,3.0,0.9528275347205849,0.5492032858309539,0.82298,0,0,stable
2197__600_0,46,t_8_16,96.00006103515625,0.0,0.0,2.0,0.9692886983799601,0.6493661925389816,0.82298,0,0,stable
2197__600_0,47,t_8_16,72.0,0.0,0.0,2.0,0.9330419876829096,0.7373973870569391,0.82298,0,0,stable
2197__600_0,48,t_8_16,83.99981689453125,0.0,0.0,2.0,0.9295873991363395,0.5364240585467094,0.82298,0,0,stable
2197__600_0,49,s_16_32,680.0006103515625,0.0,0.0,10.0,0.9908930987616246,0.715390941176469,0.82298,0,0,stable
2197__600_0,50,t_8_16,112.0,0.5,0.5,0.0,,0.873197529689958,0.82298,0,1,mild
2197__600_0,51,t_8_16,83.9996337890625,0.0,0.0,5.0,0.8269252286560589,0.4117776336823662,0.82298,1,0,stable
2197__600_0,52,t_8_16,84.0,0.0,0.0,5.0,0.9615434315606347,0.7015381924699357,0.82298,0,0,stable
2197__600_0,53,t_8_16,96.0,0.75,0.75,0.0,,0.7706282876009122,0.82298,0,1,high
2197__600_0,54,t_8_16,84.0,0.0,0.0,2.0,0.7944675126284181,0.691998959045259,0.82298,0,0,stable
2197__600_0,56,t_8_16,159.99951171875,0.5,0.5,2.0,0.7377374570911787,0.7527739893172293,0.82298,0,1,mild
2197__600_0,57,t_8_16,112.0,0.0,0.0,2.0,0.9999999999908692,0.7097748407103989,0.82298,0,0,stable
2197__600_0,59,t_8_16,72.0,0.0,0.0,1.0,,0.6136722076721299,0.82298,0,0,stable
2197__600_0,60,t_8_16,96.0,0.0,0.0,2.0,0.9989886171304937,0.8634490378566759,0.82298,0,1,stable
2197__600_0,61,t_8_16,96.0,0.0,0.0,6.0,0.9487475322256309,0.8160129261726318,0.82298,0,1,stable
2197__600_0,62,t_8_16,80.0,0.25,0.25,1.0,,0.7998857891435125,0.82298,0,1,mild
2197__600_0,63,t_8_16,96.0,0.0,0.0,4.0,0.8021017121212228,0.7788799557576195,0.82298,0,1,stable
2197__600_0,64,t_8_16,112.0,0.0,0.0,3.0,0.9581380056140082,0.6971131996975786,0.82298,0,0,stable
2197__600_0,65,t_8_16,84.00042724609375,0.0,0.0,2.0,0.8635571008632293,0.6831370166051017,0.82298,0,0,stable
2197__600_0,66,t_8_16,96.0,0.25,0.25,1.0,,0.7538301663524438,0.82298,0,1,mild
2197__600_0,67,t_8_16,72.0,0.0,0.0,3.0,0.9963815060796231,0.5822912799551663,0.82298,0,0,stable
2197__600_0,68,t_8_16,140.0,0.0,0.0,1.0,,0.73496924524535,0.82298,0,0,stable
2197__600_0,69,t_8_16,112.0,0.0,0.0,2.0,0.9979033973205904,0.5712506454222968,0.82298,0,0,stable
2197__600_0,70,t_8_16,96.0,0.0,0.0,3.0,0.9966150843160612,0.5021957417545513,0.82298,0,0,stable
2197__600_0,71,t_8_16,160.0,0.0,0.0,3.0,0.9996967209514936,0.8303627375000011,0.82298,0,1,stable
2197__600_0,72,t_8_16,80.0,0.25,0.25,1.0,,0.6640022883722296,0.82298,0,0,mild
2197__600_0,73,t_8_16,112.0,0.0,0.0,2.0,0.9957608294829637,0.7534987838352866,0.82298,0,1,stable
2197__600_0,74,t_8_16,140.0,0.0,0.0,2.0,0.9911157898678371,0.7334811479470349,0.82298,0,0,stable
2197__600_0,75,t_8_16,112.0,0.0,0.0,2.0,0.2968608400091775,0.8434841119020849,0.82298,0,1,stable
2197__600_0,76,t_8_16,72.0,0.0,0.0,3.0,,0.7063924721873418,0.82298,0,0,stable
2197__600_0,77,t_8_16,96.0,0.0,0.0,3.0,0.9896611667430033,0.8545755018317982,0.82298,0,1,stable
2197__600_0,78,t_8_16,72.000732421875,0.0,0.0,3.0,0.9397841533317209,0.571412390480879,0.82298,0,0,stable
2197__600_0,79,t_8_16,72.0,0.0,0.0,4.0,0.9999834233016067,0.5063644145575656,0.82298,0,0,stable
2197__600_0,80,t_8_16,112.0,0.25,0.0,2.0,0.19373075365630077,0.847773082782424,0.82298,0,1,mild
2197__600_0,81,t_8_16,132.0,0.0,0.0,3.0,0.9817473312931395,0.6622361335443052,0.82298,0,0,stable
2197__600_0,83,t_8_16,72.0,0.0,0.0,3.0,0.9976242326776876,0.6755331899026253,0.82298,0,0,stable
2197__600_0,84,t_8_16,96.0,0.5,0.5,1.0,,0.6997970092363276,0.82298,0,0,mild
2197__600_0,85,t_8_16,72.0,0.0,0.0,5.0,0.8549802960176953,0.5917173768458623,0.82298,0,0,stable
2197__600_0,86,t_8_16,120.0,0.0,0.0,5.0,0.9843543450243084,0.44120751545613807,0.82298,1,0,stable
2197__600_0,88,t_8_16,84.0,0.0,0.0,4.0,0.9927168813235091,0.6971883793534891,0.82298,0,0,stable
2197__600_0,89,t_8_16,112.0,0.5,0.25,2.0,0.3050525436609712,0.7646582903515551,0.82298,0,1,mild
2197__600_0,90,t_8_16,220.0006103515625,0.0,0.0,2.0,0.9992274858010584,0.6106884681818163,0.82298,0,0,stable
2197__600_0,91,t_8_16,112.0,0.5,0.5,0.0,,0.684941539820289,0.82298,0,0,mild
2197__600_0,92,t_8_16,108.0,0.25,0.0,2.0,0.6367295967732908,0.489930768849546,0.82298,1,0,mild
2197__600_0,93,t_8_16,84.0,0.0,0.0,6.0,0.9628106493950791,0.6691004600945522,0.82298,0,0,stable
2197__600_0,94,t_8_16,112.0,0.25,0.25,1.0,,0.6948889666220622,0.82298,0,0,mild
2197__600_0,95,t_8_16,112.0,0.0,0.0,2.0,0.7295490543574664,0.6823571157933102,0.82298,0,0,stable
2197__600_0,96,t_8_16,160.0,0.0,0.0,2.0,0.9870717401090803,0.754989499999998,0.82298,0,1,stable
2197__600_0,97,t_8_16,96.0,0.0,0.0,1.0,,0.7244038192410542,0.82298,0,0,stable
2197__600_0,98,t_8_16,100.0006103515625,0.0,0.0,1.0,0.9999707752739,0.6519430570366092,0.82298,0,0,stable
2197__600_0,99,t_8_16,95.99984741187654,0.0,0.0,1.0,,0.726244338433014,0.82298,0,0,stable
2197__600_0,100,t_8_16,72.0,0.0,0.0,2.0,0.9963932447396567,0.7228946871959389,0.82298,0,0,stable
2197__600_0,101,t_8_16,112.0,0.5,0.5,1.0,,0.6770401567669883,0.82298,0,0,mild
2197__600_0,102,t_8_16,128.0,0.25,0.25,1.0,,0.7438468929495247,0.82298,0,0,mild
2197__600_0,103,t_8_16,127.99951171875,0.0,0.0,4.0,0.9998684245449896,0.6140966182190201,0.82298,0,0,stable
2197__600_0,105,t_8_16,96.0,0.0,0.0,2.0,0.9755285775150344,0.7727095291737125,0.82298,0,1,stable
2197__600_0,106,t_8_16,84.0,0.0,0.0,3.0,0.9762977033888893,0.48965342440780385,0.82298,1,0,stable
2197__600_0,107,t_8_16,251.99957275390625,0.0,0.0,5.0,0.9898733486040318,0.7050421904761931,0.82298,0,0,stable
2197__600_0,108,t_8_16,96.0,0.0,0.0,3.0,0.9841863160088854,0.8360607638512408,0.82298,0,1,stable
2197__600_0,109,t_8_16,160.0,0.25,0.0,4.0,0.36197832424099335,0.6295038062500048,0.82298,0,0,mild
2197__600_0,110,t_8_16,140.0008544921875,0.0,0.0,2.0,0.9072838461561344,0.611204553460237,0.82298,0,0,stable
2197__600_0,111,t_8_16,128.0,0.25,0.25,3.0,0.9197546185937229,0.6309276633405206,0.82298,0,0,mild
2197__600_0,112,t_8_16,112.0,0.0,0.0,1.0,,0.5753057916975443,0.82298,0,0,stable
2197__600_0,113,t_8_16,140.0,0.0,0.0,2.0,0.80764396121042,0.6079481501732004,0.82298,0,0,stable
2197__600_0,115,t_8_16,104.0,0.5,0.5,0.0,,0.07589853795678973,0.82298,1,0,mild
2197__600_0,116,t_8_16,120.0,0.0,0.0,1.0,,0.5144538342538758,0.82298,0,0,stable
2197__600_0,117,t_8_16,104.0,0.0,0.0,1.0,,0.7965040641956648,0.82298,0,1,stable
2197__600_0,118,t_8_16,175.99991607666016,0.0,0.0,2.0,0.9999998447301637,0.0,0.82298,1,0,stable
2197__600_0,119,t_8_16,108.0,0.0,0.0,1.0,,0.6011568467736583,0.82298,0,0,stable
22092,0,t_8_16,130.0,0.0,0.0,3.0,0.9948993356513351,0.8261457764386003,0.76898,0,1,stable
22092,1,t_8_16,100.0,0.25,0.0,1.0,,0.8079851846005628,0.76898,0,1,mild
22092,2,t_8_16,110.0,0.0,0.0,2.0,0.793881171155702,0.6969816268022052,0.76898,0,0,stable
22092,3,t_8_16,99.0,0.25,0.0,2.0,0.9939920424502269,0.8619091269868766,0.76898,0,1,mild
22092,4,t_8_16,99.0,0.0,0.0,1.0,,0.6875992326339937,0.76898,0,0,stable
22092,5,t_8_16,108.0,0.0,0.0,2.0,0.9168452139159514,0.6896135067779019,0.76898,0,0,stable
22092,6,t_8_16,99.0,0.0,0.0,2.0,0.9247657156898154,0.8038459550036919,0.76898,0,1,stable
22092,7,t_8_16,90.0,0.5,0.0,2.0,0.6506384268434877,0.7345124370473934,0.76898,0,0,mild
22092,8,t_8_16,99.0,0.0,0.0,1.0,,0.8166328586181613,0.76898,0,1,stable
22092,9,t_8_16,168.0,0.0,0.0,2.0,0.9984456906445163,0.505327544298614,0.76898,0,0,stable
22092,10,t_8_16,90.0,0.0,0.0,2.0,0.9999999998898909,0.6219819734171853,0.76898,0,0,stable
22092,11,t_8_16,72.0,0.25,0.25,1.0,,0.0,0.76898,1,0,mild
22092,12,t_8_16,89.99972534179688,0.25,0.0,1.0,,0.0,0.76898,1,0,mild
22178,0,t_8_16,199.9993896484375,0.0,0.0,5.0,0.9991441687253139,0.8428773910067993,0.80663,0,1,stable
22178,1,s_16_32,338.0,0.0,0.0,8.0,0.9869638365417932,0.7225521098941282,0.80663,0,0,stable
22178,2,t_8_16,135.0,0.25,0.0,2.0,0.9965365169540052,0.8020962271127118,0.80663,0,1,mild
2225__1200_1200,0,t_8_16,208.0,0.0,0.0,5.0,0.9981836525157965,0.5819778654454352,0.81675,0,0,stable
2225__1200_1200,1,t_8_16,120.0,0.0,0.0,3.0,0.9961847654553515,0.6995519917475249,0.81675,0,0,stable
2225__1200_1200,2,s_16_32,756.0,0.0,0.0,10.0,0.9786542621782884,0.6731468424656436,0.81675,0,0,stable
2225__1200_1200,3,t_8_16,150.0,0.25,0.0,4.0,0.8104370611447496,0.6410895927183712,0.81675,0,0,mild
22327,0,s_16_32,275.0,0.0,0.0,5.0,0.9979725764354757,0.8364057395137631,0.78845,0,1,stable
22327,1,t_8_16,126.0,0.0,0.0,7.0,0.35622569276449706,0.8482964374140993,0.78845,0,1,stable
22327,2,t_8_16,140.0,0.0,0.0,6.0,0.9632466571623074,0.6977586089049337,0.78845,0,0,stable
22327,3,t_8_16,136.0,0.0,0.0,3.0,0.9839071019276159,0.826775717432087,0.78845,0,1,stable
22327,4,t_8_16,144.0,0.5,0.5,0.0,,0.8422394717503983,0.78845,0,1,mild
22327,5,t_8_16,179.99945068359375,0.0,0.0,3.0,0.9485803868961733,0.8472665572874899,0.78845,0,1,stable
22327,6,t_8_16,242.00067138671875,0.0,0.0,3.0,0.993954181030951,0.5380477438016542,0.78845,0,0,stable
22327,7,t_8_16,189.0,0.25,0.0,4.0,0.9990594762482526,0.6785033968254002,0.78845,0,0,mild
22327,8,t_8_16,189.0,0.0,0.0,2.0,0.9894331586743963,0.8650116070057841,0.78845,0,1,stable
22327,9,t_8_16,200.0,0.0,0.0,2.0,0.9837548121213637,0.6492265600000051,0.78845,0,0,stable
22327,10,t_8_16,136.0,0.0,0.0,3.0,0.9988348701084659,0.6539021869539035,0.78845,0,0,stable
22327,11,t_8_16,208.00048828125,0.0,0.0,3.0,0.9338946335850319,0.0,0.78845,1,0,stable
22327,12,t_8_16,247.00057983398438,0.0,0.0,8.0,0.6494744575735627,0.7050449497942377,0.78845,0,0,stable
22327,13,t_8_16,96.0,0.0,0.0,2.0,0.9175418427119866,0.7536969195587194,0.78845,0,1,stable
2250__600_1849,0,s_16_32,972.0,0.0,0.0,10.0,0.9767368435126871,0.6204317005622868,0.83497,0,0,stable
2250__600_1849,1,t_8_16,167.99945068359375,0.0,0.0,2.0,0.9887095179635287,0.6114597153210355,0.83497,0,0,stable
2250__600_1849,2,t_8_16,120.00009155273438,0.0,0.0,2.0,0.9967655158617303,0.5852186434335825,0.83497,0,0,stable
2250__600_1849,3,t_8_16,140.0,0.0,0.0,2.0,0.9938183230137497,0.593593967062019,0.83497,0,0,stable
2250__600_1849,4,t_8_16,196.00021362304688,0.0,0.0,3.0,0.9942475191798104,0.6418262598583522,0.83497,0,0,stable
2250__600_1849,5,t_8_16,96.0,0.25,0.25,2.0,0.9994994880427617,0.699199857141379,0.83497,0,0,mild
2250__600_1849,6,t_8_16,168.0,0.0,0.0,2.0,0.9225012761541864,0.6462882332640212,0.83497,0,0,stable
2250__600_1849,7,t_8_16,120.0,0.0,0.0,2.0,0.9880361863171275,0.7991611525046617,0.83497,0,1,stable
2250__600_1849,8,t_8_16,224.0,0.0,0.0,5.0,0.99966690846598,0.7701512321428564,0.83497,0,1,stable
2250__600_1849,9,t_8_16,144.0,0.0,0.0,2.0,0.9341866100047601,0.7842872355643186,0.83497,0,1,stable
2250__600_1849,10,t_8_16,167.9999542236328,0.0,0.0,3.0,0.9990974414029055,0.6719557856594063,0.83497,0,0,stable
2250__600_1849,11,t_8_16,223.99951171875,0.25,0.0,5.0,0.5299052673518035,0.6192013125000035,0.83497,0,0,mild
2250__600_1849,12,t_8_16,168.0,0.5,0.0,5.0,0.22905611932844475,0.6201934263512675,0.83497,0,0,mild
2250__600_1849,13,t_8_16,195.0003433227539,0.0,0.0,2.0,0.8628829958629459,0.669660948112513,0.83497,0,0,stable
2301__1200_600,0,t_8_16,240.0,0.0,0.0,6.0,0.9441420703135553,0.4149912000000004,0.77119,1,0,stable
2301__1200_600,1,t_8_16,128.0,0.25,0.25,3.0,0.9845903321621032,0.7380591750825669,0.77119,0,0,mild
2301__1200_600,2,t_8_16,72.0,0.0,0.0,3.0,0.975094767327983,0.5622982842764265,0.77119,0,0,stable
2301__1200_600,3,t_8_16,96.0,0.25,0.0,4.0,0.38716736576408683,0.5659390710476665,0.77119,0,0,mild
2301__1200_600,4,t_8_16,216.0,0.0,0.0,3.0,0.9744814404408401,0.48194645441620987,0.77119,1,0,stable
2301__1200_600,5,t_8_16,84.00018310546875,0.0,0.0,2.0,0.9996655900801448,0.4811577662881114,0.77119,1,0,stable
2301__1200_600,6,t_8_16,128.0,0.0,0.0,3.0,0.8631482490984803,0.7052379609375017,0.77119,0,0,stable
2301__1200_600,7,t_8_16,108.0,0.0,0.0,5.0,0.9780025948825124,0.6974328693265507,0.77119,0,0,stable
2301__1200_600,8,t_8_16,112.0,0.0,0.0,2.0,0.9904394005770757,0.8246703584340854,0.77119,0,1,stable
2301__1200_600,9,t_8_16,167.9991455078125,0.0,0.0,3.0,0.993738114788967,0.5169358537109021,0.77119,0,0,stable
2301__1200_600,10,t_8_16,108.0,0.0,0.0,5.0,0.5493210294865544,0.7186032009056195,0.77119,0,0,stable
2301__1200_600,12,t_8_16,96.0,0.0,0.0,3.0,0.8113317833771133,0.6989144397357683,0.77119,0,0,stable
2301__1200_600,13,t_8_16,112.0,0.0,0.0,3.0,0.8670820885908275,0.6430874064668921,0.77119,0,0,stable
2301__1200_600,14,t_8_16,128.0,0.0,0.0,3.0,0.7263816048185285,0.7100718701047668,0.77119,0,0,stable
2301__1200_600,15,t_8_16,108.00054931640625,0.0,0.0,2.0,0.9467940884604943,0.7728562697813776,0.77119,0,1,stable
2301__1200_600,16,t_8_16,96.0,0.0,0.0,5.0,0.9071266984922609,0.8738308821081748,0.77119,0,1,stable
2301__1200_600,17,t_8_16,128.0,0.0,0.0,2.0,0.9999999998513153,0.5427209869117375,0.77119,0,0,stable
2301__1200_600,18,t_8_16,96.0,0.0,0.0,5.0,0.9995098936817407,0.8302648293674112,0.77119,0,1,stable
2301__1200_600,19,t_8_16,96.0,0.0,0.0,1.0,,0.7278254650173118,0.77119,0,0,stable
2301__1200_600,20,t_8_16,96.0,0.0,0.0,4.0,0.8551326844875677,0.6997880513661353,0.77119,0,0,stable
2301__1200_600,21,t_8_16,136.0,0.0,0.0,2.0,0.94635075711749,0.7652846617646927,0.77119,0,1,stable
2301__1200_600,22,t_8_16,96.0,0.0,0.0,3.0,0.902862924393486,0.783206510007907,0.77119,0,1,stable
2301__1200_600,23,t_8_16,108.0,0.0,0.0,5.0,0.8245356118205549,0.7008757109662215,0.77119,0,0,stable
2301__1200_600,24,t_8_16,128.0,0.5,0.5,1.0,,0.8356051593661313,0.77119,0,1,mild
2301__1200_600,25,t_8_16,144.0,0.0,0.0,4.0,0.8109012160292194,0.7131163253336009,0.77119,0,0,stable
2301__1200_600,26,t_8_16,84.0,0.3333333333333333,0.3333333333333333,3.0,0.17336698678195883,0.8522438474319992,0.77119,0,1,mild
2301__1200_600,28,t_8_16,84.0,0.0,0.0,5.0,0.9773112710992412,0.8527038020087399,0.77119,0,1,stable
2301__1200_600,29,t_8_16,96.0009765625,0.25,0.0,5.0,0.8120824841960265,0.6560391306746375,0.77119,0,0,mild
2301__1200_600,30,t_8_16,96.00061034783721,0.25,0.0,3.0,0.5015311663354294,0.7284216105602153,0.77119,0,0,mild
2301__1200_600,31,t_8_16,112.0,0.25,0.25,3.0,0.507147439359791,0.5069713608262986,0.77119,0,0,mild
2301__1200_600,32,t_8_16,128.0,0.0,0.0,2.0,0.9806163328604108,0.770583099464521,0.77119,0,1,stable
2301__1200_600,33,t_8_16,112.0,0.25,0.0,2.0,0.49236747806224435,0.776664632068046,0.77119,0,1,mild
2301__1200_600,34,t_8_16,160.0,0.25,0.0,2.0,0.19065388148068593,0.5442927216388626,0.77119,0,0,mild
2301__1200_600,35,t_8_16,144.0,0.0,0.0,4.0,0.9718261558196893,0.8664137908783205,0.77119,0,1,stable
2301__1200_600,36,t_8_16,108.0,0.25,0.25,5.0,0.7312917651501195,0.7999631709456098,0.77119,0,1,mild
2301__1200_600,37,t_8_16,144.0,0.0,0.0,2.0,0.9941588090275822,0.7442773664081971,0.77119,0,0,stable
2301__1200_600,38,t_8_16,108.0,0.25,0.25,4.0,0.5555974925301665,0.5220338236539094,0.77119,0,0,mild
2301__1200_600,39,t_8_16,108.0,0.5,0.0,4.0,0.781145899464732,0.5771655418197184,0.77119,0,0,mild
2301__1200_600,40,t_8_16,160.0,0.0,0.0,4.0,0.8447726080317078,0.5707792493482182,0.77119,0,0,stable
2301__1200_600,41,t_8_16,144.0,0.0,0.0,2.0,0.9066085150338271,0.673600630902132,0.77119,0,0,stable
2301__1200_600,42,t_8_16,108.0,0.25,0.0,3.0,0.45211773343231776,0.5739837762715335,0.77119,0,0,mild
2301__1200_600,43,t_8_16,159.9993896484375,0.25,0.0,7.0,0.8663670713662966,0.6953976633045958,0.77119,0,0,mild
2301__1200_600,44,t_8_16,144.0,0.0,0.0,3.0,0.9680172040758733,0.7224303932279962,0.77119,0,0,stable
2301__1200_600,45,t_8_16,143.99945068359375,0.0,0.0,3.0,0.9987277030091899,0.9281113888888842,0.77119,0,1,stable
2301__1200_600,46,t_8_16,160.0,0.0,0.0,3.0,0.7813193639815038,0.6839099628254127,0.77119,0,0,stable
2301__1200_600,47,t_8_16,96.0,0.0,0.0,2.0,0.9990530258903704,0.0,0.77119,1,0,stable
2301__1200_600,48,t_8_16,144.0,0.25,0.0,3.0,0.7098426598473027,0.552469776915423,0.77119,0,0,mild
2301__1200_600,49,t_8_16,108.0,0.0,0.0,5.0,0.8956868711880451,0.6889686763828485,0.77119,0,0,stable
2301__1200_600,50,t_8_16,127.999755859375,0.0,0.0,4.0,0.9659409407250159,0.8995888206734478,0.77119,0,1,stable
2301__1200_600,51,t_8_16,143.99986267089844,0.0,0.0,5.0,0.651105269776574,0.7520172157502316,0.77119,0,1,stable
2301__1200_600,52,t_8_16,95.9996337890625,0.0,0.0,3.0,0.9213306460462611,0.7878544101529177,0.77119,0,1,stable
2301__1200_600,54,t_8_16,108.0,0.0,0.0,3.0,0.9525733033000261,0.6611329757917231,0.77119,0,0,stable
2301__1200_600,55,t_8_16,96.0,0.0,0.0,3.0,0.9129729995158262,0.7212391629682988,0.77119,0,0,stable
2301__1200_600,56,t_8_16,96.0,0.0,0.0,1.0,,0.608969456832196,0.77119,0,0,stable
2301__1200_600,57,t_8_16,64.0,0.0,0.0,2.0,0.913930456890984,0.696209587066183,0.77119,0,0,stable
2301__1200_600,58,t_8_16,108.0,0.25,0.0,4.0,0.8527246282346556,0.771560927097501,0.77119,0,1,mild
2301__1200_600,59,t_8_16,107.99993133544922,0.5,0.0,1.0,0.030169365124270892,0.443713370564418,0.77119,1,0,mild
2301__1200_600,60,t_8_16,83.99994659423828,0.25,0.0,4.0,0.5015093392394797,0.7416682511731932,0.77119,0,0,mild
2301__1200_600,61,t_8_16,84.0,0.0,0.0,1.0,0.9999991727889606,0.8004187791052269,0.77119,0,1,stable
2301__1200_600,62,t_8_16,95.99969482398592,0.25,0.0,3.0,0.949700102990335,0.6444215652384683,0.77119,0,0,mild
2301__1200_600,63,t_8_16,108.0,0.0,0.0,0.0,0.9912639600823975,0.16920850180035218,0.77119,1,0,stable
2301__1200_600,64,t_8_16,108.0003662109375,0.25,0.0,4.0,0.661299606404584,0.7211177587856955,0.77119,0,0,mild
2301__1200_600,65,t_8_16,96.0,0.25,0.25,4.0,0.9391489223132168,0.8156604480797052,0.77119,0,1,mild
2301__1200_600,67,t_8_16,180.0,0.5,0.25,2.0,0.24265807952498497,0.48015765555555834,0.77119,1,0,mild
2301__1200_600,68,t_8_16,84.0,0.0,0.0,3.0,0.8647587754729397,0.6771830518415964,0.77119,0,0,stable
2301__1200_600,69,t_8_16,96.0,0.5,0.0,2.0,0.08335218859209095,0.8120439590089094,0.77119,0,1,mild
2301__1200_600,70,t_8_16,96.0,0.0,0.0,2.0,0.762432722801305,0.6967370405091553,0.77119,0,0,stable
2301__1200_600,71,t_8_16,144.0,0.0,0.0,4.0,0.9888168048077762,0.771265473970733,0.77119,0,1,stable
2301__1200_600,72,t_8_16,160.0,0.25,0.0,2.0,0.7925607976342575,0.5981034937499988,0.77119,0,0,mild
2301__1200_600,73,t_8_16,144.0,0.5,0.5,1.0,,0.9005255464032992,0.77119,0,1,mild
2301__1200_600,74,t_8_16,144.0,0.0,0.0,3.0,0.9995274465501183,0.7602037870904983,0.77119,0,1,stable
2301__1200_600,75,t_8_16,144.0,0.0,0.0,3.0,0.9914234043578679,0.7774538886018887,0.77119,0,1,stable
2301__1200_600,76,t_8_16,120.0,0.0,0.0,2.0,0.9965822249982165,0.7642458310658539,0.77119,0,1,stable
2301__1200_600,77,t_8_16,80.0,0.0,0.0,1.0,,0.6269356638621744,0.77119,0,0,stable
2301__1200_600,79,t_8_16,72.0,0.0,0.0,2.0,0.692423724814132,0.5397686713405235,0.77119,0,0,stable
2301__1200_600,80,t_8_16,96.0,0.0,0.0,2.0,,0.7474225635460385,0.77119,0,0,stable
2301__1200_600,81,t_8_16,140.0,0.0,0.0,1.0,,0.728452785080312,0.77119,0,0,stable
2301__1200_600,82,t_8_16,140.0,0.0,0.0,2.0,0.7493740031356035,0.6428673580278952,0.77119,0,0,stable
2301__1200_600,83,t_8_16,112.0,0.0,0.0,2.0,0.9079397473173946,0.7862348631778061,0.77119,0,1,stable
2301__1200_600,84,t_8_16,120.0,0.25,0.0,2.0,0.7456300112844556,0.6736529931946238,0.77119,0,0,mild
2301__1200_600,85,t_8_16,140.0,0.25,0.0,3.0,0.6288995200846899,0.6164065056187268,0.77119,0,0,mild
2301__1200_600,86,t_8_16,112.0,0.0,0.0,2.0,0.851562122699246,0.7717653030236884,0.77119,0,1,stable
2301__1200_600,87,t_8_16,108.0,0.25,0.0,4.0,0.6609667962131724,0.6591401314306965,0.77119,0,0,mild
2301__1200_600,88,t_8_16,83.99981689453125,0.0,0.0,3.0,0.9869428455212665,0.6074644459794956,0.77119,0,0,stable
2301__1200_600,89,t_8_16,160.0,0.25,0.25,4.0,0.9871279628521197,0.582822976375294,0.77119,0,0,mild
2301__1200_600,90,t_8_16,143.9996337890625,0.0,0.0,5.0,0.9608149192874674,0.5955804197708757,0.77119,0,0,stable
2301__1200_600,91,t_8_16,144.0,0.0,0.0,4.0,0.915717167897299,0.577132270886003,0.77119,0,0,stable
2301__1200_600,92,t_8_16,96.0,0.25,0.0,3.0,0.7099826239758857,0.7698830899655068,0.77119,0,1,mild
2301__1200_600,93,t_8_16,144.0,0.5,0.5,1.0,,0.8288051377305179,0.77119,0,1,mild
2301__1200_600,94,t_8_16,84.0,0.0,0.0,3.0,0.7714351992044257,0.800850995122835,0.77119,0,1,stable
2301__1200_600,95,t_8_16,160.0,0.25,0.25,4.0,0.9187636227397711,0.5648590397663532,0.77119,0,0,mild
2301__1200_600,96,t_8_16,96.0,0.0,0.0,3.0,0.9972076604865779,0.7567432940849662,0.77119,0,1,stable
2301__1200_600,97,t_8_16,119.99984741210938,0.0,0.0,5.0,0.9482719231720427,0.6602221429426761,0.77119,0,0,stable
2301__1200_600,98,t_8_16,144.0,0.3333333333333333,0.3333333333333333,2.0,0.9936403032555713,0.7862987715859224,0.77119,0,1,mild
2301__1200_600,99,t_8_16,112.0,0.25,0.25,2.0,0.7952153761749281,0.6657275659205354,0.77119,0,0,mild
2301__1200_600,100,t_8_16,120.0,0.25,0.0,4.0,0.26941533535882584,0.6325495539448207,0.77119,0,0,mild
2301__1200_600,101,t_8_16,128.0,0.0,0.0,3.0,0.9926313437820055,0.6473537371963145,0.77119,0,0,stable
2301__1200_600,102,t_8_16,84.0,0.0,0.0,3.0,0.9813777898780084,0.6700009689995751,0.77119,0,0,stable
2301__1200_600,103,t_8_16,128.0,0.0,0.0,3.0,0.9897038655608913,0.7235952719729827,0.77119,0,0,stable
2301__1200_600,104,t_8_16,80.0,0.0,0.0,6.0,0.9774868153201625,0.5007746924862785,0.77119,0,0,stable
2301__1200_600,105,t_8_16,120.0,0.0,0.0,4.0,0.9922283055983907,0.7844950228551232,0.77119,0,1,stable
2301__1200_600,107,t_8_16,220.0,0.0,0.0,2.0,0.9949689301439916,0.5020577727272739,0.77119,0,0,stable
2301__1200_600,108,t_8_16,108.0,0.0,0.0,4.0,0.7269629759594379,0.6478304949745047,0.77119,0,0,stable
2301__1200_600,109,t_8_16,112.0,0.0,0.0,2.0,0.9761120196547355,0.7870735261979088,0.77119,0,1,stable
2301__1200_600,110,t_8_16,144.00048828125,0.0,0.0,3.0,0.9673647343644026,0.6128022107156266,0.77119,0,0,stable
2301__1200_600,111,t_8_16,96.0,0.0,0.0,5.0,0.9706611394998644,0.8695964920965459,0.77119,0,1,stable
2301__1200_600,112,t_8_16,132.0,0.0,0.0,5.0,0.9373648667489016,0.6775763881722073,0.77119,0,0,stable
2301__1200_600,113,t_8_16,128.0,0.0,0.0,3.0,0.9801754063063843,0.8086496539232602,0.77119,0,1,stable
2301__1200_600,114,t_8_16,176.0,0.0,0.0,4.0,0.9973087441656039,0.698823111561514,0.77119,0,0,stable
2301__1200_600,116,t_8_16,120.0,0.25,0.0,4.0,0.31073445744109834,0.5183975761775771,0.77119,0,0,mild
2301__1200_600,117,t_8_16,112.0,0.0,0.0,2.0,0.9527564003869637,0.6917039060542426,0.77119,0,0,stable
2301__1200_600,118,t_8_16,96.00061034783721,0.0,0.0,4.0,0.9066935681088758,0.776670623946451,0.77119,0,1,stable
2301__1200_600,119,t_8_16,108.0,0.25,0.0,5.0,0.4388739168982257,0.6521816397091709,0.77119,0,0,mild
2301__1200_600,120,t_8_16,176.0,0.25,0.25,5.0,0.997396182146814,0.7374771625719075,0.77119,0,0,mild
2301__1200_600,121,t_8_16,84.0,0.25,0.0,3.0,0.8074227307665762,0.6217592260068452,0.77119,0,0,mild
2301__1200_600,122,t_8_16,176.0,0.0,0.0,3.0,0.9794408290119428,0.48608132027452755,0.77119,1,0,stable
2301__1200_600,123,t_8_16,144.0,0.25,0.25,1.0,,0.7969757215411285,0.77119,0,1,mild
2301__1200_600,124,t_8_16,96.0,0.25,0.0,4.0,0.6334295592212695,0.7501616246662894,0.77119,0,1,mild
2301__1200_600,125,t_8_16,84.0008544921875,0.0,0.0,3.0,0.9710497639787153,0.7220143374856607,0.77119,0,0,stable
2301__1200_600,126,t_8_16,144.0,0.0,0.0,3.0,0.9977190766931024,0.668995178952899,0.77119,0,0,stable
2301__1200_600,127,t_8_16,96.0,0.0,0.0,5.0,0.9621645060648504,0.7776503875752518,0.77119,0,1,stable
2301__1200_600,128,t_8_16,96.0,0.0,0.0,5.0,0.9073013444962423,0.7427547435374408,0.77119,0,0,stable
2301__1200_600,129,t_8_16,120.0,0.25,0.0,4.0,0.4305427946637574,0.6582264488887379,0.77119,0,0,mild
2301__1200_600,130,t_8_16,144.0,0.0,0.0,2.0,0.9920144635106357,0.41048374309698454,0.77119,1,0,stable
2301__1200_600,131,t_8_16,144.00048828125,0.25,0.25,4.0,0.9494874707056585,0.7076464469620878,0.77119,0,0,mild
2301__1200_600,132,t_8_16,88.0,0.0,0.0,4.0,0.9245695241105824,0.5204343797312749,0.77119,0,0,stable
2301__1200_600,133,t_8_16,108.0,0.0,0.0,4.0,0.965033799990963,0.7366590734744988,0.77119,0,0,stable
2301__1200_600,134,t_8_16,200.0,0.0,0.0,3.0,0.9947943437342349,0.5897207284418956,0.77119,0,0,stable
2301__1200_600,136,t_8_16,128.0,0.25,0.25,2.0,0.9649959946061042,0.7917937500000019,0.77119,0,1,mild
2301__1200_600,137,t_8_16,108.0,0.25,0.0,5.0,0.44007699873680556,0.7496370673577402,0.77119,0,0,mild
2301__1200_600,138,t_8_16,180.0,0.0,0.0,2.0,0.9942596150902855,0.6891102730821164,0.77119,0,0,stable
2301__1200_600,139,t_8_16,128.0,0.25,0.25,3.0,0.6110139342472984,0.3907065700946945,0.77119,1,0,mild
2301__1200_600,140,t_8_16,120.0,1.0,0.3333333333333333,2.0,0.06500616325557063,0.6513746118813141,0.77119,0,0,high
2301__1200_600,141,t_8_16,143.0,0.0,0.0,3.0,0.9868987483738614,0.6504194713471964,0.77119,0,0,stable
2301__1200_600,142,t_8_16,144.0,0.25,0.0,2.0,0.954724920806463,0.570886688345584,0.77119,0,0,mild
2301__1200_600,143,t_8_16,160.0,0.0,0.0,3.0,0.9612308202838744,0.19242679164672993,0.77119,1,0,stable
2303__2400_0,0,t_8_16,108.0,0.0,0.0,3.0,0.9863558521419145,0.7176997173624454,0.72808,0,0,stable
2303__2400_0,1,t_8_16,108.0,0.25,0.25,4.0,0.9281763507882719,0.8283438093875127,0.72808,0,1,mild
2303__2400_0,2,t_8_16,108.0,0.5,0.5,4.0,0.36610527509909885,0.8716903569112883,0.72808,0,1,mild
2303__2400_0,3,t_8_16,120.0,0.0,0.0,3.0,0.9568745620017232,0.7537652376340525,0.72808,0,1,stable
2303__2400_0,4,t_8_16,108.0,0.25,0.25,3.0,0.6924713820440805,0.9148013092392179,0.72808,0,1,mild
2303__2400_0,5,t_8_16,84.0,0.0,0.0,4.0,0.9963386201625152,0.7736830503672372,0.72808,0,1,stable
2303__2400_0,6,t_8_16,160.0,0.0,0.0,3.0,0.86675206962451,0.7410686722699987,0.72808,0,0,stable
2303__2400_0,7,t_8_16,96.0,0.25,0.25,2.0,0.9984757362274824,0.7508320157274331,0.72808,0,1,mild
2303__2400_0,8,t_8_16,96.0,0.0,0.0,2.0,0.15595460750671822,0.8252406847358967,0.72808,0,1,stable
2303__2400_0,9,t_8_16,64.0,0.6666666666666666,0.0,2.0,0.5227792654083473,0.8519816250000114,0.72808,0,1,high
2303__2400_0,10,t_8_16,144.0,0.0,0.0,3.0,0.8108742165974989,0.8271437729607968,0.72808,0,1,stable
2303__2400_0,11,t_8_16,120.0,0.0,0.0,2.0,0.9440377451664997,0.812471726121452,0.72808,0,1,stable
2303__2400_0,12,t_8_16,95.9996337890625,0.0,0.0,2.0,0.8106592859339983,0.8488285561024904,0.72808,0,1,stable
2303__2400_0,13,t_8_16,96.0,0.75,0.75,3.0,0.48465274289675225,0.8347896974049126,0.72808,0,1,high
2303__2400_0,14,t_8_16,108.0,0.0,0.0,3.0,0.7780741633153859,0.8010831935681667,0.72808,0,1,stable
2303__2400_0,15,t_8_16,108.0,0.5,0.25,0.0,0.995718584462114,0.14486193177818843,0.72808,1,0,mild
2303__2400_0,16,t_8_16,120.0,0.0,0.0,2.0,0.9689518859693632,0.6412224712423199,0.72808,0,0,stable
2303__2400_0,17,t_8_16,84.0,0.0,0.0,3.0,0.978875553194886,0.7251885390960886,0.72808,0,0,stable
2303__2400_0,18,t_8_16,78.0,0.25,0.25,1.0,0.9797100940142417,0.7154076345953315,0.72808,0,0,mild
2303__2400_0,19,t_8_16,130.0,0.5,0.25,3.0,0.2114325728918084,0.7150999150748423,0.72808,0,0,mild
2325__2676_2397,0,t_8_16,84.0,0.0,0.0,4.0,0.9899747832822948,0.7321584089397326,0.57021,0,0,stable
2325__2676_2397,14,t_8_16,72.0,0.0,0.0,2.0,0.9999213948593602,0.7339144541487854,0.57021,0,0,stable
2325__2676_2397,20,t_8_16,72.0,0.5,0.5,4.0,0.045003516044877005,0.5586046060302229,0.57021,0,0,mild
2325__2676_2397,22,t_8_16,79.9999542235164,0.0,0.0,2.0,0.6620983193574669,0.46174831516014714,0.57021,1,0,stable
2353__0_600,0,t_8_16,112.0,0.0,0.0,3.0,0.9906300521452729,0.8007398435784743,0.77068,0,1,stable
2353__0_600,1,t_8_16,139.99969482421875,0.0,0.0,3.0,0.9996436380535774,0.8259955177312764,0.77068,0,1,stable
2353__0_600,2,t_8_16,112.0,0.25,0.25,2.0,0.9855668218702368,0.8411983534423148,0.77068,0,1,mild
2353__0_600,3,t_8_16,192.0,0.0,0.0,4.0,0.995352040621987,0.8637732891829745,0.77068,0,1,stable
2353__0_600,4,t_8_16,128.0,0.5,0.5,0.0,,0.8511355830001596,0.77068,0,1,mild
2353__0_600,5,t_8_16,140.0,0.25,0.0,3.0,0.8142776806446191,0.6459975606507499,0.77068,0,0,mild
2353__0_600,6,t_8_16,140.0,0.0,0.0,2.0,0.9939458421252684,0.6032663315172457,0.77068,0,0,stable
2353__0_600,7,t_8_16,112.0,0.25,0.25,3.0,0.9927371651397755,0.8521195474236133,0.77068,0,1,mild
2353__0_600,8,t_8_16,160.0,0.0,0.0,3.0,0.9904624643173103,0.782109615606948,0.77068,0,1,stable
2353__0_600,9,t_8_16,80.0,0.0,0.0,2.0,0.9549294527589743,0.6370134630274726,0.77068,0,0,stable
2353__0_600,10,t_8_16,128.0,0.25,0.25,3.0,0.9803433657714792,0.7219439554574809,0.77068,0,0,mild
2353__0_600,11,t_8_16,64.0,0.0,0.0,5.0,0.9160498585283163,0.5789272243102258,0.77068,0,0,stable
2353__0_600,12,t_8_16,83.9996337890625,0.0,0.0,3.0,0.996294867974243,0.6269166163062115,0.77068,0,0,stable
2353__0_600,13,t_8_16,159.9993896484375,0.0,0.0,3.0,0.9991938567251313,0.7589841136512413,0.77068,0,1,stable
2353__0_600,14,t_8_16,112.0,0.75,0.75,0.0,,0.8503915110997284,0.77068,0,1,high
2353__0_600,15,t_8_16,112.0,0.25,0.25,2.0,0.9784361612446023,0.8159467823189633,0.77068,0,1,mild
2353__0_600,16,t_8_16,112.0,0.25,0.25,2.0,0.9901443532776811,0.8614236867717034,0.77068,0,1,mild
2353__0_600,17,t_8_16,128.0,0.0,0.0,3.0,0.9993609041967256,0.8057308442597954,0.77068,0,1,stable
2353__0_600,18,t_8_16,191.999267578125,0.0,0.0,9.0,0.9708008569835399,0.49631074093322464,0.77068,1,0,stable
2353__0_600,19,t_8_16,160.0,0.25,0.25,4.0,0.9891353840150581,0.6187947113314808,0.77068,0,0,mild
2353__0_600,20,t_8_16,180.0,0.0,0.0,3.0,0.9841684135606161,0.616732010681294,0.77068,0,0,stable
2353__0_600,21,t_8_16,112.0,0.0,0.0,2.0,0.9936137863230167,0.7031312632781466,0.77068,0,0,stable
2353__2676_600,0,t_8_16,72.0,0.0,0.0,1.0,,0.8587112843732738,0.75846,0,1,stable
2353__2676_600,1,t_8_16,84.0008602142916,0.0,0.0,3.0,0.9565043142127285,0.6697648073038808,0.75846,0,0,stable
2353__2676_600,2,t_8_16,128.0,0.0,0.0,2.0,0.9993932539756767,0.8651805899190408,0.75846,0,1,stable
2353__2676_600,3,t_8_16,72.000732421875,0.0,0.0,3.0,0.9980879394397102,0.6490730313085341,0.75846,0,0,stable
2353__2676_600,4,t_8_16,112.0,0.0,0.0,2.0,0.9993352383085364,0.7909225424343538,0.75846,0,1,stable
2353__2676_600,5,t_8_16,96.0,0.25,0.25,2.0,0.9437455991119164,0.7876339053429909,0.75846,0,1,mild
2353__2676_600,6,t_8_16,112.0,0.5,0.5,0.0,,0.8475795938214794,0.75846,0,1,mild
2353__2676_600,7,t_8_16,128.0,0.25,0.25,2.0,0.9474789866689766,0.8940007330910325,0.75846,0,1,mild
2353__2676_600,8,t_8_16,112.0,0.0,0.0,3.0,0.9767624503759795,0.7930951223255026,0.75846,0,1,stable
2353__2676_600,9,t_8_16,80.0,0.25,0.25,1.0,,0.7532896961400739,0.75846,0,1,mild
2353__2676_600,10,t_8_16,160.0,0.0,0.0,3.0,0.9509693391348983,0.7725679038181275,0.75846,0,1,stable
2353__2676_600,11,t_8_16,95.9996337890625,0.0,0.0,2.0,0.9596648201326299,0.7778479855992436,0.75846,0,1,stable
2353__2676_600,12,t_8_16,83.99981689453125,0.0,0.0,3.0,0.9837737939091011,0.7575806008221495,0.75846,0,1,stable
2353__2676_600,13,t_8_16,111.999755859375,0.0,0.0,3.0,0.9880487101790498,0.7773025564507806,0.75846,0,1,stable
2353__2676_600,14,t_8_16,111.999755859375,0.25,0.25,2.0,0.9699774705360599,0.8372267053330464,0.75846,0,1,mild
2353__2676_600,15,t_8_16,72.0,0.0,0.0,4.0,0.9788178220098099,0.5095963855453182,0.75846,0,0,stable
2353__2676_600,17,t_8_16,127.99951171875,0.0,0.0,6.0,0.9771374418606686,0.7692296989405311,0.75846,0,1,stable
2353__2676_600,18,t_8_16,95.99995422363281,0.0,0.0,3.0,0.9034018192909472,0.7423793689181722,0.75846,0,0,stable
2353__2676_600,19,t_8_16,95.99981689453125,0.0,0.0,4.0,0.9206835977806225,0.8107422058601308,0.75846,0,1,stable
2353__2676_600,20,t_8_16,127.999755859375,0.25,0.25,2.0,0.9996379470554275,0.8153947692688909,0.75846,0,1,mild
2353__2676_600,21,t_8_16,95.99938964936882,0.0,0.0,3.0,0.9810953201674782,0.7944832218414413,0.75846,0,1,stable
2353__2676_600,22,t_8_16,144.0,0.5,0.5,1.0,,0.7386931560179711,0.75846,0,0,mild
2353__2676_600,23,t_8_16,96.0,0.0,0.0,2.0,0.8448072292283327,0.7619870278119479,0.75846,0,1,stable
2353__2676_600,24,t_8_16,84.0,0.0,0.0,5.0,0.9896692198011574,0.6542450965693023,0.75846,0,0,stable
2353__2676_600,25,t_8_16,84.0,0.0,0.0,5.0,0.860614096247186,0.6342871005266445,0.75846,0,0,stable
2353__2676_600,26,t_8_16,180.0,0.25,0.0,4.0,0.8233829782569133,0.8401524643361014,0.75846,0,1,mild
2353__2676_600,27,t_8_16,72.0,0.0,0.0,3.0,0.9907849941414464,0.5971255371849147,0.75846,0,0,stable
2353__2676_600,28,t_8_16,84.0,0.0,0.0,3.0,0.97315407694497,0.691749098302476,0.75846,0,0,stable
2353__2676_600,29,t_8_16,160.0,0.0,0.0,2.0,0.9991142660956385,0.8025663358906412,0.75846,0,1,stable
2353__2676_600,30,t_8_16,160.0,0.0,0.0,2.0,0.9654017519914215,0.746515412170615,0.75846,0,0,stable
2353__2676_600,31,t_8_16,96.0,0.0,0.0,4.0,0.9931269716828555,0.6891677888100086,0.75846,0,0,stable
2353__2676_600,32,t_8_16,96.0009765625,0.0,0.0,5.0,0.9978949324867088,0.6692035382770797,0.75846,0,0,stable
2353__2676_600,33,t_8_16,96.0,0.0,0.0,4.0,0.989161868945096,0.7863598609245321,0.75846,0,1,stable
2353__2676_600,34,t_8_16,128.0,0.25,0.0,3.0,0.62556987054169,0.8620724648936163,0.75846,0,1,mild
2353__2676_600,35,t_8_16,84.0,0.25,0.0,5.0,0.5649734533569876,0.7548636471371906,0.75846,0,1,mild
2353__2676_600,37,t_8_16,112.0,0.25,0.25,1.0,,0.8866552252264869,0.75846,0,1,mild
2353__2676_600,38,t_8_16,112.0,0.25,0.25,0.0,,0.77577295799301,0.75846,0,1,mild
2353__2676_600,39,t_8_16,84.0,0.0,0.0,1.0,,0.8213366519320672,0.75846,0,1,stable
2353__2676_600,40,t_8_16,160.0,0.0,0.0,2.0,0.9962817995680602,0.7520529562500011,0.75846,0,1,stable
2353__2676_600,41,t_8_16,112.0,0.0,0.0,1.0,,0.9039681246634031,0.75846,0,1,stable
2353__2676_600,42,t_8_16,144.0,0.0,0.0,3.0,0.9990787093580644,0.7659553602889116,0.75846,0,1,stable
2353__2676_600,43,t_8_16,112.0,0.0,0.0,2.0,,0.9164041526683239,0.75846,0,1,stable
2353__2676_600,44,t_8_16,112.0,0.0,0.0,2.0,0.9967397672689403,0.8243562719442038,0.75846,0,1,stable
2353__2676_600,45,t_8_16,128.0,0.0,0.0,2.0,0.9980186996052332,0.7440717210535108,0.75846,0,0,stable
2353__2676_600,46,t_8_16,112.00006103515625,0.0,0.0,1.0,,0.7734674854407082,0.75846,0,1,stable
2353__2676_600,47,t_8_16,96.0,0.0,0.0,5.0,0.9925405230350405,0.686117377546901,0.75846,0,0,stable
2353__2676_600,48,t_8_16,128.0,0.5,0.5,1.0,,0.9119192805887256,0.75846,0,1,mild
2353__2676_600,49,t_8_16,96.0,0.0,0.0,5.0,0.9844006408574056,0.6722724091613632,0.75846,0,0,stable
2353__2676_600,50,t_8_16,112.0,0.25,0.25,3.0,0.9813968400880202,0.8400208834880962,0.75846,0,1,mild
2353__2676_600,51,t_8_16,112.0,0.0,0.0,2.0,0.9819694925168803,0.6337290652612271,0.75846,0,0,stable
2353__2676_600,52,t_8_16,95.999755859375,0.0,0.0,2.0,0.9244800331167544,0.7493166009658663,0.75846,0,0,stable
2353__2676_600,53,t_8_16,112.0,0.0,0.0,1.0,,0.7008314795251063,0.75846,0,0,stable
2353__2676_600,55,t_8_16,128.0,0.0,0.0,3.0,0.9936642295023217,0.6361858018480213,0.75846,0,0,stable
2353__2676_600,56,t_8_16,112.0,0.5,0.5,1.0,,0.8410903430394124,0.75846,0,1,mild
2353__2676_600,57,t_8_16,112.0,0.0,0.0,3.0,0.993913831537381,0.8175819447252439,0.75846,0,1,stable
2353__2676_600,58,t_8_16,96.0,0.0,0.0,3.0,0.9924516115238572,0.712713834133053,0.75846,0,0,stable
2353__2676_600,59,t_8_16,140.0,0.0,0.0,3.0,0.9964554167337105,0.7501703805674342,0.75846,0,1,stable
2353__2676_600,60,t_8_16,72.0,0.0,0.0,5.0,0.8247257619442405,0.6270566587895307,0.75846,0,0,stable
2353__2676_600,61,t_8_16,144.0,0.5,0.5,0.0,,0.8356678270354659,0.75846,0,1,mild
2353__2676_600,62,t_8_16,84.0,0.0,0.0,3.0,0.9630153222519292,0.7237296975726587,0.75846,0,0,stable
2353__2676_600,63,t_8_16,140.0,0.25,0.0,5.0,0.8483267558450979,0.6567372546264412,0.75846,0,0,mild
2353__2676_600,64,t_8_16,72.0,0.5,0.0,5.0,0.10405863273562035,0.8688379812314709,0.75846,0,1,mild
2353__2676_600,65,t_8_16,128.0,0.0,0.0,3.0,0.3707910999383423,0.8691154751842692,0.75846,0,1,stable
2353__2676_600,66,t_8_16,140.0,0.0,0.0,2.0,0.9985246261527846,0.7262943164808707,0.75846,0,0,stable
2353__2676_600,67,t_8_16,96.0,0.25,0.25,2.0,0.9617405261195063,0.7659675243233873,0.75846,0,1,mild
2353__2676_600,68,t_8_16,112.0,0.0,0.0,2.0,0.9980549725951021,0.8348206972985829,0.75846,0,1,stable
2353__2676_600,69,t_8_16,111.99920654250309,0.0,0.0,5.0,0.9867152711197996,0.7560133471402555,0.75846,0,1,stable
2353__2676_600,70,t_8_16,84.0,0.0,0.0,6.0,0.9497895107082547,0.7777706092089294,0.75846,0,1,stable
2353__2676_600,71,t_8_16,96.0,0.25,0.25,3.0,0.7998867388587739,0.8745019019124641,0.75846,0,1,mild
2353__2676_600,72,t_8_16,108.0,0.0,0.0,3.0,0.8655237015851102,0.49275175720472064,0.75846,1,0,stable
2353__2676_600,76,t_8_16,96.0,0.0,0.0,1.0,,0.4195676468675056,0.75846,1,0,stable
2353__2676_600,77,t_8_16,180.0,0.0,0.0,3.0,0.9984031228427583,0.8259605664264349,0.75846,0,1,stable
2353__2676_600,78,t_8_16,127.99951171875,0.5,0.5,1.0,,0.8312918730027609,0.75846,0,1,mild
2353__2676_600,79,t_8_16,84.0,0.0,0.0,2.0,0.9983100117425102,0.6798966316448536,0.75846,0,0,stable
2353__2676_600,80,t_8_16,84.0,0.0,0.0,2.0,0.9970504292384627,0.6571145031720971,0.75846,0,0,stable
2353__2676_600,81,t_8_16,203.99974060058594,0.0,0.0,5.0,0.8566327660611552,0.7977397049158943,0.75846,0,1,stable
2353__2676_600,82,t_8_16,128.0,0.5,0.5,1.0,,0.8613236301352575,0.75846,0,1,mild
2353__2676_600,83,t_8_16,140.0,0.0,0.0,2.0,0.966703408487428,0.6779031276509615,0.75846,0,0,stable
2353__2676_600,84,t_8_16,182.0008544921875,0.0,0.0,4.0,0.9713652689904126,0.6823795546234331,0.75846,0,0,stable
2353__2676_600,85,t_8_16,143.99993133544922,0.5,0.5,2.0,0.4843548458900801,0.6471354166666644,0.75846,0,0,mild
2353__2676_600,86,t_8_16,135.0,0.0,0.0,3.0,0.8637839423415272,0.0,0.75846,1,0,stable
2353__2676_600,87,t_8_16,117.0,0.25,0.0,1.0,,0.7627319076342214,0.75846,0,1,mild
2353__2676_600,88,t_8_16,128.0,0.0,0.0,3.0,0.9987253732532245,0.8057862265625001,0.75846,0,1,stable
2353__2676_600,89,t_8_16,120.0,0.0,0.0,2.0,0.9288847338706451,0.8051939734633841,0.75846,0,1,stable
2353__2676_600,90,t_8_16,84.0,0.0,0.0,3.0,0.990994599679192,0.5862572965866871,0.75846,0,0,stable
2353__2676_600,91,t_8_16,160.0,0.0,0.0,2.0,0.9989597703765006,0.7841811044823009,0.75846,0,1,stable
2353__2676_600,92,t_8_16,112.0,0.5,0.5,1.0,,0.741780302277462,0.75846,0,0,mild
2353__2676_600,93,t_8_16,176.0,0.25,0.0,3.0,0.5969778360107664,0.7012746044380033,0.75846,0,0,mild
2353__2676_600,94,t_8_16,119.0,0.0,0.0,5.0,0.9939351293112154,0.7033417774608671,0.75846,0,0,stable
2355__600_1200,0,t_8_16,80.0,0.0,0.0,1.0,,0.6612852405349484,0.74939,0,0,stable
2355__600_1200,1,t_8_16,96.0,0.0,0.0,5.0,0.9858400337650721,0.5672672776836856,0.74939,0,0,stable
2355__600_1200,2,t_8_16,144.0,0.0,0.0,5.0,0.9465007659770971,0.7499159888563207,0.74939,0,0,stable
2355__600_1200,3,t_8_16,84.0,0.0,0.0,3.0,0.9920857826949092,0.5701003180023687,0.74939,0,0,stable
2355__600_1200,5,t_8_16,72.0,0.0,0.0,2.0,0.9558877697796241,0.6268279625190225,0.74939,0,0,stable
2355__600_1200,7,t_8_16,128.0,0.0,0.0,3.0,0.9980143597933352,0.7698253203420476,0.74939,0,1,stable
2355__600_1200,8,s_16_32,352.0,0.0,0.0,5.0,0.995176038170123,0.8223797469512935,0.74939,0,1,stable
2355__600_1200,11,s_16_32,384.0,0.0,0.0,8.0,0.5936786502052719,0.28375107291666635,0.74939,1,0,stable
2355__600_1200,12,t_8_16,95.9996337890625,0.25,0.0,2.0,0.6449942620104958,0.9298311477738976,0.74939,0,1,mild
2355__600_1200,13,t_8_16,80.0,0.25,0.25,0.0,,0.7293867175333653,0.74939,0,0,mild
2355__600_1200,14,t_8_16,140.0,0.0,0.0,1.0,0.9999999752126658,0.7050480851948152,0.74939,0,0,stable
2355__600_1200,17,t_8_16,128.0,0.0,0.0,3.0,0.9494219926288414,0.8882843119021179,0.74939,0,1,stable
2355__600_1200,18,t_8_16,95.99951171875,0.0,0.0,1.0,,0.4708289249467422,0.74939,1,0,stable
2355__600_1200,19,t_8_16,191.9996337890625,0.0,0.0,4.0,0.5541603292098852,0.8074535677083367,0.74939,0,1,stable
2355__600_1200,20,t_8_16,200.0,0.0,0.0,3.0,0.9979036638183878,0.6492936559065376,0.74939,0,0,stable
2355__600_1200,21,t_8_16,96.0,0.0,0.0,1.0,,0.4982878484305178,0.74939,1,0,stable
2355__600_1200,22,t_8_16,120.0,0.0,0.0,3.0,0.8050401604611966,0.6105025500000019,0.74939,0,0,stable
2355__600_1200,24,t_8_16,112.0,0.0,0.0,1.0,,0.7637525205560223,0.74939,0,1,stable
2355__600_1200,25,t_8_16,140.0,0.0,0.0,3.0,0.9984691566183579,0.6944301725367285,0.74939,0,0,stable
2355__600_1200,26,t_8_16,72.0,0.0,0.0,4.0,0.9803573276211058,0.762868776401703,0.74939,0,1,stable
2355__600_1200,27,t_8_16,112.0,0.0,0.0,1.0,,0.802963729931277,0.74939,0,1,stable
2355__600_1200,28,t_8_16,143.99981689453125,0.0,0.0,2.0,0.998316777108704,0.6973823531738373,0.74939,0,0,stable
2355__600_1200,29,t_8_16,96.0,0.0,0.0,2.0,0.9867075548580452,0.6592346196931189,0.74939,0,0,stable
2355__600_1200,30,t_8_16,160.0,0.0,0.0,2.0,0.9885380121697259,0.2995034321738685,0.74939,1,0,stable
2355__600_1200,31,t_8_16,96.0,0.0,0.0,3.0,0.9668748335614664,0.4219010905967284,0.74939,1,0,stable
2355__600_1200,32,t_8_16,120.000732421875,0.5,0.0,3.0,0.1446518061977504,0.7737133881582252,0.74939,0,1,mild
2355__600_1200,33,t_8_16,84.0,0.0,0.0,3.0,0.9276227849387547,0.7747304722980627,0.74939,0,1,stable
2355__600_1200,34,t_8_16,72.0,0.0,0.0,5.0,0.3455368330818018,0.8129613682790199,0.74939,0,1,stable
2355__600_1200,35,t_8_16,80.0,0.0,0.0,1.0,,0.6369615097610508,0.74939,0,0,stable
2355__600_1200,36,t_8_16,64.0,0.5,0.5,1.0,,0.5861158667579102,0.74939,0,0,mild
2355__600_1200,38,t_8_16,80.0,0.0,0.0,1.0,,0.4136397819791783,0.74939,1,0,stable
2355__600_1200,39,t_8_16,112.0,0.5,0.5,0.0,,0.7331546886645978,0.74939,0,0,mild
2355__600_1200,40,t_8_16,140.0,0.0,0.0,2.0,0.8934779683926444,0.7194715351880966,0.74939,0,0,stable
2355__600_1200,41,t_8_16,104.0,0.25,0.25,2.0,0.999999999992904,0.753171941825893,0.74939,0,1,mild
2355__600_1200,42,t_8_16,66.0,0.25,0.25,3.0,0.5086603769973921,0.7065480407044911,0.74939,0,0,mild
2355__600_1200,44,t_8_16,150.0,0.25,0.0,2.0,0.9999999999852796,0.7909298043083567,0.74939,0,1,mild
2355__600_1200,45,t_8_16,150.0,0.0,0.0,2.0,0.9974141583770986,0.7126233532948338,0.74939,0,0,stable
2355__600_1200,46,t_8_16,84.0,0.0,0.0,4.0,0.9556158794109161,0.6685840618187108,0.74939,0,0,stable
2355__600_1200,47,t_8_16,154.0,0.0,0.0,2.0,0.9986724046062799,0.6344687197897414,0.74939,0,0,stable
2355__600_1200,48,t_8_16,108.0,0.0,0.0,1.0,,0.668026457864922,0.74939,0,0,stable
2355__600_1200,49,t_8_16,159.99951171875,0.0,0.0,3.0,0.9637332497117769,0.7046945563404305,0.74939,0,0,stable
2355__600_1200,50,t_8_16,70.00042724609375,0.0,0.0,3.0,0.9923702850342541,0.6272139307726422,0.74939,0,0,stable
2355__600_1200,52,t_8_16,80.00048828125,0.0,0.0,2.0,0.9531027268711018,0.6773108024203298,0.74939,0,0,stable
2355__600_1200,53,t_8_16,139.99957275390625,0.0,0.0,2.0,0.9999999999942282,0.8264038066899664,0.74939,0,1,stable
2355__600_1200,54,t_8_16,180.0,0.25,0.0,2.0,0.9202114041384396,0.7102673916231588,0.74939,0,0,mild
2355__600_1200,55,t_8_16,96.0,0.25,0.25,1.0,,0.597263077721998,0.74939,0,0,mild
2355__600_1200,56,t_8_16,108.0,0.0,0.0,2.0,0.9959408930146554,0.7675361849757787,0.74939,0,1,stable
2355__600_1200,57,t_8_16,87.99951171875,0.25,0.25,2.0,0.996967246527666,0.6609260889678125,0.74939,0,0,mild
2355__600_1200,58,t_8_16,98.99978637509048,0.25,0.0,2.0,0.6273836602898631,0.6804840808080779,0.74939,0,0,mild
2361__2400_0,0,t_8_16,180.0,0.0,0.0,3.0,0.9933565776013998,0.5269799198412455,0.80746,0,0,stable
2361__2400_0,1,s_16_32,288.0,0.0,0.0,3.0,0.9990240167680884,0.724954984175418,0.80746,0,0,stable
2366023ab,0,t_8_16,195.0,0.5,0.0,5.0,0.2482372579885278,0.9378722390964892,0.19561,0,1,mild
2371__1200_600,1,t_8_16,140.0,0.25,0.0,4.0,0.4577411672282317,0.8192158071428677,0.75691,0,1,mild
2371__1200_600,2,t_8_16,95.999755859375,0.0,0.0,2.0,0.9584852245727146,0.800915870216693,0.75691,0,1,stable
2371__1200_600,3,t_8_16,160.0,0.0,0.0,2.0,0.9998724033671164,0.6559301835193077,0.75691,0,0,stable
2371__1200_600,4,t_8_16,112.0,0.0,0.0,1.0,0.9999518972934868,0.7189726770852573,0.75691,0,0,stable
2371__1200_600,5,t_8_16,80.0,0.0,0.0,1.0,,0.5870344747056253,0.75691,0,0,stable
2371__1200_600,6,t_8_16,112.0,0.5,0.25,2.0,0.5862513232714313,0.4569200373508077,0.75691,1,0,mild
2371__1200_600,7,t_8_16,111.99998664855957,0.0,0.0,4.0,0.928021885617405,0.7702884077797025,0.75691,0,1,stable
2371__1200_600,8,t_8_16,128.0,0.0,0.0,2.0,0.9972459873056508,0.7047573043544761,0.75691,0,0,stable
2371__1200_600,9,t_8_16,111.99994659423828,0.0,0.0,2.0,0.9999820115885509,0.8904095445166386,0.75691,0,1,stable
2371__1200_600,10,t_8_16,112.0,0.5,0.5,2.0,0.10576845170561891,0.5105352009603192,0.75691,0,0,mild
2371__1200_600,11,t_8_16,140.0,0.0,0.0,1.0,,0.6714445386503304,0.75691,0,0,stable
2371__1200_600,12,s_16_32,1008.0008544921875,0.0,0.0,10.0,0.4973479478108258,0.0,0.69932,1,0,stable
2371__1200_600,13,s_16_32,728.001708984375,0.0,0.0,10.0,0.7181015626133893,0.0,0.69932,1,0,stable
2371__1200_600,14,t_8_16,71.99995422363281,0.0,0.0,1.0,0.9999955718111243,0.7654866157666603,0.75691,0,1,stable
2371__1200_600,15,t_8_16,80.0,0.0,0.0,1.0,,0.81773967062685,0.75691,0,1,stable
2371__1200_600,16,t_8_16,96.0,0.0,0.0,2.0,0.9784973348599111,0.8243983291095696,0.75691,0,1,stable
2371__1200_600,17,t_8_16,96.0,0.5,0.5,1.0,,0.8354417783096123,0.75691,0,1,mild
2371__1200_600,18,t_8_16,96.0,0.0,0.0,1.0,,0.7266090938395784,0.75691,0,0,stable
2371__1200_600,19,t_8_16,112.0,0.0,0.0,1.0,,0.6018179261310348,0.75691,0,0,stable
2371__1200_600,20,t_8_16,72.0,0.0,0.0,2.0,0.998461195860193,0.5945947729672622,0.75691,0,0,stable
2371__1200_600,21,t_8_16,96.0,0.0,0.0,2.0,0.9990081625093209,0.9101911682055186,0.75691,0,1,stable
2371__1200_600,22,t_8_16,72.0,0.0,0.0,2.0,0.9999999998079345,0.7426612764295369,0.75691,0,0,stable
2371__1200_600,23,t_8_16,112.0,0.25,0.25,2.0,0.9073486476593454,0.8327910482675149,0.75691,0,1,mild
2371__1200_600,24,t_8_16,72.0,0.0,0.0,1.0,0.9934966974949512,0.6042033197821665,0.75691,0,0,stable
2371__1200_600,25,t_8_16,120.0,0.0,0.0,1.0,0.9999999906298349,0.7612332330842837,0.75691,0,1,stable
2371__1200_600,26,t_8_16,96.0,0.5,0.5,1.0,0.9978776740629068,0.34950805884118274,0.75691,1,0,mild
2371__1200_600,27,t_8_16,72.0,0.0,0.0,3.0,0.6108890926981886,0.6081155727743868,0.75691,0,0,stable
2371__1200_600,28,t_8_16,80.0,0.0,0.0,1.0,,0.7567596682361831,0.75691,0,1,stable
2371__1200_600,29,t_8_16,96.0,0.25,0.25,1.0,0.9999573415731439,0.7651761262918674,0.75691,0,1,mild
2371__1200_600,30,t_8_16,112.0,0.25,0.0,2.0,0.565347360779088,0.8020096789857312,0.75691,0,1,mild
2371__1200_600,31,t_8_16,120.0,0.0,0.0,1.0,,0.9236910333068334,0.75691,0,1,stable
2371__1200_600,32,t_8_16,120.0,0.0,0.0,3.0,0.6870655260228317,0.7816475452859508,0.75691,0,1,stable
2371__1200_600,33,t_8_16,84.0,0.0,0.0,1.0,0.9999989661419814,0.6300454793416915,0.75691,0,0,stable
2371__1200_600,34,t_8_16,191.99990844726562,0.0,0.0,5.0,0.8706787335826768,0.7062951308538037,0.75691,0,0,stable
2371__1200_600,36,t_8_16,98.0,0.0,0.0,2.0,0.573079917640949,0.5889077999331118,0.75691,0,0,stable
2371__1200_600,37,t_8_16,120.0,0.0,0.0,1.0,0.9999703003262829,0.8103604076350237,0.75691,0,1,stable
2371__1200_600,38,t_8_16,70.0,0.0,0.0,1.0,,0.8299313764126228,0.75691,0,1,stable
2371__1200_600,39,t_8_16,140.0,0.0,0.0,3.0,0.9997528166820108,0.5678663116642297,0.75691,0,0,stable
2371__1200_600,40,s_16_32,384.0,0.0,0.0,8.0,0.9910007938133941,0.9176461406249955,0.75691,0,1,stable
2371__1200_600,43,t_8_16,72.0,0.5,0.5,2.0,0.069418973632137,0.575262678541906,0.75691,0,0,mild
2371__1200_600,44,t_8_16,140.0,0.0,0.0,2.0,0.9413540043268764,0.8441468417561804,0.75691,0,1,stable
2371__1200_600,45,t_8_16,95.999755859375,0.0,0.0,1.0,,0.6478333657956188,0.75691,0,0,stable
2371__1200_600,46,t_8_16,72.0,0.0,0.0,4.0,0.9054235483727259,0.5732317773930312,0.75691,0,0,stable
2371__1200_600,47,t_8_16,100.0,0.0,0.0,1.0,,0.5998438488715537,0.75691,0,0,stable
2371__1200_600,48,t_8_16,160.0,0.25,0.0,5.0,0.8088119002915473,0.48726108747369584,0.75691,1,0,mild
2371__1200_600,49,t_8_16,192.0,0.0,0.0,3.0,0.6496395901077991,0.6959523437499964,0.75691,0,0,stable
2371__1200_600,50,t_8_16,84.0,0.0,0.0,4.0,0.9808830688316023,0.5172267248253241,0.75691,0,0,stable
2371__1200_600,51,t_8_16,120.0,0.0,0.0,1.0,,0.6458578301691961,0.75691,0,0,stable
2371__1200_600,53,t_8_16,168.00009155273438,0.0,0.0,2.0,0.9998685482545426,0.7035511190476127,0.75691,0,0,stable
2371__1200_600,54,t_8_16,111.99999237060547,0.0,0.0,1.0,,0.5363908749999923,0.75691,0,0,stable
2371__1200_600,55,t_8_16,96.0,0.0,0.0,2.0,0.8173084207368972,0.8023663589249003,0.75691,0,1,stable
2371__1200_600,57,t_8_16,140.0,0.0,0.0,1.0,,0.7141567301408676,0.75691,0,0,stable
2371__1200_600,58,t_8_16,192.0,0.0,0.0,4.0,0.9300515097706007,0.4916995638950426,0.75691,1,0,stable
2371__1200_600,59,t_8_16,216.0,0.0,0.0,5.0,0.9724898575977146,0.470889079908387,0.75691,1,0,stable
2371__1200_600,60,t_8_16,72.0,0.0,0.0,2.0,0.9999997452233538,0.8146474548255161,0.75691,0,1,stable
2371__1200_600,61,t_8_16,71.99990844726562,0.0,0.0,3.0,0.9999999996638743,0.4901707396493288,0.75691,1,0,stable
2371__1200_600,62,t_8_16,112.0,0.25,0.25,1.0,,0.8591392299443155,0.75691,0,1,mild
2371__1200_600,63,t_8_16,160.0,0.25,0.0,3.0,0.021819253200133754,0.7070310250000053,0.75691,0,0,mild
2371__1200_600,64,t_8_16,140.0,0.0,0.0,1.0,0.9999996331313187,0.791067954847329,0.75691,0,1,stable
2371__1200_600,65,t_8_16,140.0,0.25,0.25,3.0,0.5040986171516098,0.7132330537753598,0.75691,0,0,mild
2371__1200_600,66,t_8_16,144.0,0.5,0.0,2.0,0.6299029702840312,0.0,0.75691,1,0,mild
2371__1200_600,67,t_8_16,168.0,0.0,0.0,3.0,0.9926149031220307,0.6303144409544807,0.75691,0,0,stable
2371__1200_600,68,t_8_16,216.0,0.0,0.0,3.0,0.9959614759920273,0.6762113935185174,0.75691,0,0,stable
2371__1200_600,69,t_8_16,120.0,0.0,0.0,2.0,0.9418584062596959,0.7101273991085686,0.75691,0,0,stable
2371__1200_600,70,t_8_16,140.0,0.0,0.0,1.0,0.9879120218657764,0.890309610792196,0.75691,0,1,stable
2371__1200_600,71,t_8_16,72.0,0.0,0.0,1.0,,0.6436230115009964,0.75691,0,0,stable
2371__1200_600,72,t_8_16,140.0,0.0,0.0,2.0,0.9563817024556933,0.7290543845962756,0.75691,0,0,stable
2371__1200_600,73,t_8_16,72.0,0.0,0.0,3.0,0.8497564433015736,0.4920029386754657,0.75691,1,0,stable
2371__1200_600,74,t_8_16,96.0,0.5,0.25,2.0,0.20649283162253543,0.5153949624232211,0.75691,0,0,mild
2371__1200_600,75,t_8_16,120.0,0.0,0.0,1.0,,0.6683082680809679,0.75691,0,0,stable
2371__1200_600,76,t_8_16,196.0,0.0,0.0,3.0,0.9723836145403914,0.7806183689036283,0.75691,0,1,stable
2371__1200_600,77,t_8_16,140.0,0.0,0.0,1.0,0.9397354002252873,0.7216039500000019,0.75691,0,0,stable
2371__1200_600,78,t_8_16,120.0,0.25,0.0,2.0,0.9999999999641528,0.6569211306202863,0.75691,0,0,mild
2371__1200_600,80,t_8_16,160.0,0.0,0.0,2.0,0.9999910636916873,0.5130203044586075,0.75691,0,0,stable
2371__1200_600,81,t_8_16,252.0,0.0,0.0,4.0,0.9251427594838084,0.40689907142856885,0.75691,1,0,stable
2371__1200_600,82,s_16_32,719.998779296875,0.0,0.0,10.0,0.9590155042004509,0.0,0.75691,1,0,stable
2371__1200_600,83,t_8_16,192.0,0.0,0.0,4.0,0.9789415300040145,0.6248876458333333,0.75691,0,0,stable
2371__1200_600,84,t_8_16,140.0,0.25,0.0,2.0,0.4885820764380762,0.8518177574250526,0.75691,0,1,mild
2371__1200_600,85,t_8_16,180.00015258789062,0.0,0.0,4.0,0.997198925236671,0.5163077002584661,0.75691,0,0,stable
2371__1200_600,86,s_16_32,503.997802734375,0.0,0.0,10.0,0.6590642303869474,0.6410078015873019,0.75691,0,0,stable
2371__1200_600,87,t_8_16,128.0,0.25,0.25,3.0,0.957382374508567,0.650391031244224,0.75691,0,0,mild
2371__1200_600,89,t_8_16,96.0,0.0,0.0,1.0,,0.4086797685066123,0.75691,1,0,stable
2371__1200_600,90,t_8_16,90.0,0.6666666666666666,0.6666666666666666,4.0,0.04125244000613623,0.0,0.75691,1,0,high
2371__1200_600,91,t_8_16,120.0,0.0,0.0,3.0,0.7832760782890843,0.771127761056614,0.75691,0,1,stable
2371__1200_600,92,t_8_16,64.0,0.5,0.5,0.0,,0.5511632731831301,0.75691,0,0,mild
2371__1200_600,93,t_8_16,96.0,0.0,0.0,2.0,0.9887203775644505,0.4631949682703722,0.75691,1,0,stable
2371__1200_600,94,t_8_16,140.0,0.0,0.0,2.0,0.9120070708307482,0.6809492822551482,0.75691,0,0,stable
2371__1200_600,95,t_8_16,216.0,0.0,0.0,3.0,0.9885301239072908,0.7745769675925929,0.75691,0,1,stable
2371__1200_600,96,t_8_16,112.00006103515625,0.0,0.0,2.0,0.9831293120255742,0.8521239825848966,0.75691,0,1,stable
2371__1200_600,97,t_8_16,140.0,0.0,0.0,2.0,0.6643219582833255,0.791204142857143,0.75691,0,1,stable
2371__1200_600,98,t_8_16,144.0,0.0,0.0,2.0,0.9613260250958239,0.7149870364972456,0.75691,0,0,stable
2371__1200_600,99,t_8_16,96.0,0.0,0.0,2.0,0.9984408067047218,0.5239819881803531,0.75691,0,0,stable
2371__1200_600,100,t_8_16,84.0,0.25,0.0,2.0,0.3057026755901813,0.664152194805868,0.75691,0,0,mild
2371__1200_600,102,t_8_16,168.0,0.25,0.0,3.0,0.3830682568713456,0.5937295238095198,0.75691,0,0,mild
2371__1200_600,103,t_8_16,96.0,0.25,0.25,2.0,0.9921425366765567,0.5088298978895961,0.75691,0,0,mild
2371__1200_600,104,t_8_16,180.0,0.0,0.0,2.0,0.6658098505222029,0.6761889489014733,0.75691,0,0,stable
2371__1200_600,105,t_8_16,160.0,0.5,0.0,2.0,0.11055137878668764,0.8395454874999999,0.75691,0,1,mild
2371__1200_600,107,t_8_16,119.99981689453125,0.0,0.0,3.0,0.9920037970737873,0.7303590606487712,0.75691,0,0,stable
2371__1200_600,109,t_8_16,144.0,0.5,0.0,2.0,0.5360387106687342,0.6916379621335678,0.75691,0,0,mild
2371__1200_600,110,t_8_16,144.0,0.0,0.0,2.0,0.9929456676407509,0.7601114957768136,0.75691,0,1,stable
2371__1200_600,111,t_8_16,120.0,0.0,0.0,3.0,0.9213992551451597,0.7690824712433113,0.75691,0,1,stable
2371__1200_600,112,t_8_16,108.0,0.0,0.0,3.0,0.710616043121942,0.5617369597991227,0.75691,0,0,stable
2371__1200_600,113,t_8_16,95.999755859375,0.0,0.0,1.0,,0.6527765136396738,0.75691,0,0,stable
2371__1200_600,114,t_8_16,100.0,0.25,0.0,3.0,0.9999997321998708,0.6782916929895475,0.75691,0,0,mild
2371__1200_600,116,t_8_16,119.99969482421875,0.0,0.0,2.0,0.9815709178140734,0.7047363683258928,0.75691,0,0,stable
2371__1200_600,117,t_8_16,80.0,0.5,0.5,0.0,,0.47434374885298786,0.75691,1,0,mild
2371__1200_600,118,t_8_16,96.0,0.25,0.25,1.0,,0.7249902618897897,0.75691,0,0,mild
2371__1200_600,119,t_8_16,140.0,0.0,0.0,2.0,0.7256878749522788,0.7772351881196334,0.75691,0,1,stable
2371__1200_600,120,t_8_16,168.0,0.0,0.0,3.0,0.9959881294480007,0.797107517731659,0.75691,0,1,stable
2371__1200_600,121,t_8_16,160.0,0.0,0.0,2.0,0.8990463681658715,0.6762376687499996,0.75691,0,0,stable
2371__1200_600,122,t_8_16,140.0,0.0,0.0,2.0,0.9975819229849735,0.750497339935768,0.75691,0,1,stable
2371__1200_600,123,t_8_16,240.0,0.0,0.0,3.0,0.9572648496419771,0.5847245249999972,0.75691,0,0,stable
2371__1200_600,124,t_8_16,140.0,0.25,0.0,2.0,0.9999422388650994,0.8121333489759724,0.75691,0,1,mild
2371__1200_600,125,t_8_16,120.0,0.0,0.0,2.0,0.999997240528545,0.5700999160561461,0.75691,0,0,stable
2371__1200_600,126,t_8_16,72.0,0.5,0.5,2.0,0.6665436458960234,0.1347362976791853,0.75691,1,0,mild
2371__1200_600,127,t_8_16,160.0,0.0,0.0,3.0,0.9954442384639672,0.7242367749999945,0.75691,0,0,stable
2371__1200_600,128,t_8_16,168.0,0.0,0.0,2.0,0.8164919773969385,0.5413413630952387,0.75691,0,0,stable
2371__1200_600,129,t_8_16,79.99969482421875,0.0,0.0,3.0,0.9133948817419408,0.5131408431654917,0.75691,0,0,stable
2371__1200_600,130,t_8_16,140.0,0.0,0.0,3.0,0.9726066188658232,0.7389628160799131,0.75691,0,0,stable
2371__1200_600,131,t_8_16,191.99998474121094,0.5,0.0,4.0,0.24433892997975779,0.7183900622040201,0.75691,0,0,mild
2371__1200_600,132,t_8_16,96.0,0.0,0.0,2.0,0.8676179109558105,0.6269588790100518,0.75691,0,0,stable
2371__1200_600,133,t_8_16,72.0,0.0,0.0,5.0,0.9579149489841958,0.4070473664468731,0.75691,1,0,stable
2371__1200_600,134,t_8_16,140.0,0.0,0.0,1.0,0.9551856468568105,0.7036553162818923,0.75691,0,0,stable
2371__1200_600,135,t_8_16,120.0,0.0,0.0,1.0,,0.5572618982120627,0.75691,0,0,stable
2371__1200_600,137,t_8_16,192.0,0.0,0.0,3.0,0.9969537987917307,0.5531832500000023,0.75691,0,0,stable
2371__1200_600,138,t_8_16,192.0,0.0,0.0,5.0,0.7568547746207946,0.6574341666666689,0.75691,0,0,stable
2371__1200_600,139,t_8_16,140.0,0.0,0.0,3.0,0.9944115325797942,0.8036161071428581,0.75691,0,1,stable
2371__1200_600,140,t_8_16,112.0,0.0,0.0,2.0,0.9859922281179169,0.6535883531924792,0.75691,0,0,stable
2371__1200_600,141,t_8_16,128.0,0.0,0.0,2.0,0.995928560414397,0.6522671909767775,0.75691,0,0,stable
2371__1200_600,142,t_8_16,252.0,0.0,0.0,4.0,0.9904060635766281,0.5890124529818584,0.75691,0,0,stable
2371__1200_600,143,t_8_16,180.0,0.0,0.0,2.0,0.880957038282136,0.6144363499999967,0.75691,0,0,stable
2371__1200_600,144,t_8_16,96.0,0.25,0.0,2.0,0.7482859236815906,0.8452197309290665,0.75691,0,1,mild
2371__1200_600,145,t_8_16,196.0,0.0,0.0,2.0,0.9978388584792267,0.6224339526018209,0.75691,0,0,stable
2371__1200_600,146,t_8_16,216.0,0.0,0.0,2.0,0.42985272692539556,0.5314062499999972,0.75691,0,0,stable
2371__1200_600,147,t_8_16,96.0,0.25,0.0,3.0,0.08698105747605828,0.6412439471517976,0.75691,0,0,mild
2371__1200_600,148,t_8_16,140.0,0.0,0.0,2.0,0.9218172428269618,0.759111818790395,0.75691,0,1,stable
2371__1200_600,149,t_8_16,160.0,0.0,0.0,3.0,0.9486831280510062,0.7545286723803352,0.75691,0,1,stable
2371__1200_600,150,t_8_16,120.0,0.0,0.0,1.0,0.9999999881544893,0.8740039331377563,0.75691,0,1,stable
2371__1200_600,151,t_8_16,84.0,0.0,0.0,4.0,0.9085616114243565,0.5152330517465276,0.75691,0,0,stable
2371__1200_600,152,t_8_16,216.0,0.0,0.0,3.0,0.9880935257664605,0.5626200000000032,0.75691,0,0,stable
2371__1200_600,153,t_8_16,192.0,0.0,0.0,3.0,0.9680258034810368,0.7726740312500023,0.75691,0,1,stable
2371__1200_600,154,t_8_16,117.00027465820312,0.0,0.0,3.0,0.957778138561893,0.651839762297681,0.75691,0,0,stable
2371__1200_600,155,t_8_16,108.0,0.0,0.0,4.0,0.6687152197382643,0.5013093451801602,0.75691,0,0,stable
2371__1200_600,156,t_8_16,121.0,0.0,0.0,2.0,0.9266343912413111,0.7033171704927154,0.75691,0,0,stable
2371__1200_600,157,t_8_16,112.0,0.0,0.0,2.0,,0.0,0.75691,1,0,stable
2371__1200_600,158,t_8_16,77.0,0.0,0.0,4.0,0.9679310618515908,0.5693372675561271,0.75691,0,0,stable
2371__1200_600,160,t_8_16,168.0,0.0,0.0,4.0,0.8254824708312122,0.6691926175798272,0.75691,0,0,stable
2371__1200_600,161,t_8_16,120.0,0.0,0.0,2.0,0.9626380708728007,0.8033209545841898,0.75691,0,1,stable
2371__1200_600,162,t_8_16,120.0,0.0,0.0,2.0,0.9603240560668864,0.0,0.75691,1,0,stable
2371__1200_600,163,t_8_16,91.0,0.0,0.0,3.0,0.9069403455327393,0.712092974056403,0.75691,0,0,stable
2371__1200_600,164,t_8_16,70.0,0.0,0.0,2.0,0.9967803273416548,0.7324196397270701,0.75691,0,0,stable
2371__1200_600,165,t_8_16,120.0,0.0,0.0,2.0,0.9921504943654755,0.5192845661243578,0.75691,0,0,stable
2371__1200_600,166,t_8_16,70.0,0.25,0.0,2.0,0.976434338550694,0.6381097878297635,0.75691,0,0,mild
2371__1200_600,167,t_8_16,120.0,0.0,0.0,3.0,0.8314263520130264,0.5559441407766407,0.75691,0,0,stable
2371__1200_600,168,t_8_16,129.9999237060547,0.0,0.0,2.0,0.9746636212436578,0.5354579406682115,0.75691,0,0,stable
2371__1200_600,169,t_8_16,108.0,0.25,0.0,1.0,,0.49497927832179006,0.75691,1,0,mild
2371__1200_600,170,t_8_16,150.0,0.0,0.0,2.0,0.9092108849195504,0.7745405733333292,0.75691,0,1,stable
2371__1200_600,171,t_8_16,72.0,0.0,0.0,1.0,,0.5784951540943729,0.75691,0,0,stable
2421__1800_1929,0,s_16_32,648.0,0.0,0.0,10.0,0.9982329206337571,0.7868004101139582,0.8653,0,1,stable
2421__1800_1929,1,s_16_32,503.9995117112994,0.0,0.0,8.0,0.999336529183137,0.7436345271249802,0.8653,0,0,stable
2421__1800_1929,2,s_16_32,432.0,0.0,0.0,7.0,0.5119738132992402,0.7994595277777801,0.8653,0,1,stable
2421__1800_1929,3,t_8_16,112.0,0.25,0.25,2.0,0.8015262810579078,0.620172792649289,0.8653,0,0,mild
2421__1800_1929,4,t_8_16,140.0,0.0,0.0,2.0,0.9888531947006575,0.8011226883548564,0.8653,0,1,stable
2421__1800_1929,5,t_8_16,140.0,0.0,0.0,3.0,0.9023901085479231,0.6452717723252664,0.8653,0,0,stable
2421__1800_1929,6,t_8_16,167.9991455078125,0.0,0.0,4.0,0.9965279678584004,0.8542574583074667,0.8653,0,1,stable
2421__1800_1929,7,t_8_16,140.0008544921875,0.0,0.0,1.0,,0.8721898486175393,0.8653,0,1,stable
2421__1800_1929,8,t_8_16,168.0,0.0,0.0,2.0,0.9994718310256044,0.7499631697124889,0.8653,0,0,stable
2421__1800_1929,9,t_8_16,160.0009765625,0.0,0.0,3.0,0.9979883452295124,0.7728112679461169,0.8653,0,1,stable
2421__1800_1929,10,t_8_16,111.9991455078125,0.0,0.0,3.0,0.988281279294014,0.7822485431013827,0.8653,0,1,stable
2421__1800_1929,11,t_8_16,168.0,0.0,0.0,2.0,0.988732813607256,0.6630389008786131,0.8653,0,0,stable
2421__1800_1929,12,t_8_16,84.0,0.0,0.0,2.0,0.9139880158082518,0.560827283685433,0.8653,0,0,stable
2421__1800_1929,13,t_8_16,112.0,0.0,0.0,2.0,0.9976870150896404,0.7224046058293042,0.8653,0,0,stable
2421__1800_1929,14,t_8_16,140.0,0.25,0.0,2.0,0.966824957454758,0.8447061897168567,0.8653,0,1,mild
2421__1800_1929,15,t_8_16,120.0,0.5,0.0,3.0,0.4891379798255524,0.9092927469956825,0.8653,0,1,mild
2421__1800_1929,16,t_8_16,96.0,0.0,0.0,1.0,,0.6853624695768671,0.8653,0,0,stable
2421__1800_1929,17,t_8_16,112.0,0.0,0.0,2.0,0.9841164531521795,0.6921189492567728,0.8653,0,0,stable
2421__1800_1929,18,t_8_16,140.0,0.0,0.0,1.0,,0.727614071562883,0.8653,0,0,stable
2421__1800_1929,19,t_8_16,240.0,0.0,0.0,2.0,0.9903277641020983,0.786352578399647,0.8653,0,1,stable
2421__1800_1929,20,t_8_16,111.99951171875,0.0,0.0,3.0,0.9945308023184487,0.7424269242551842,0.8653,0,0,stable
2421__1800_1929,21,t_8_16,140.0,0.25,0.0,5.0,0.8419137015317878,0.7368072476592644,0.8653,0,0,mild
2421__1800_1929,22,t_8_16,120.0,0.0,0.0,2.0,0.852422025915533,0.6683277333570966,0.8653,0,0,stable
2421__1800_1929,23,t_8_16,140.0,0.0,0.0,2.0,0.9432583692424883,0.8679365718083427,0.8653,0,1,stable
2421__1800_1929,24,t_8_16,176.0,0.0,0.0,3.0,0.9899041366199895,0.672717920106451,0.8653,0,0,stable
2421__1800_1929,25,t_8_16,112.0,0.25,0.25,2.0,0.9991547918564231,0.7325856582387299,0.8653,0,0,mild
2421__1800_1929,26,t_8_16,119.99969482421875,0.0,0.0,1.0,,0.7876795594373716,0.8653,0,1,stable
2421__1800_1929,27,t_8_16,216.0,0.0,0.0,3.0,0.7607901910226605,0.7528039844149617,0.8653,0,1,stable
2421__1800_1929,28,t_8_16,128.0,0.0,0.0,2.0,0.8859421488163555,0.7540302714027877,0.8653,0,1,stable
2421__1800_1929,29,s_16_32,684.0,0.0,0.0,10.0,0.907453541438435,0.8157312528414941,0.8653,0,1,stable
2421__1800_1929,31,t_8_16,95.999267578125,0.5,0.0,3.0,0.09426553534258086,0.730279504756412,0.8653,0,0,mild
2421__1800_1929,32,t_8_16,168.0,0.0,0.0,2.0,0.9205243478183269,0.6663937081246293,0.8653,0,0,stable
2421__1800_1929,33,t_8_16,191.999267578125,0.0,0.0,4.0,0.701600048896571,0.6240685767082151,0.8653,0,0,stable
2421__1800_1929,34,t_8_16,200.0,0.0,0.0,3.0,0.9986946571585728,0.7370551500000027,0.8653,0,0,stable
2421__1800_1929,35,t_8_16,96.0,0.25,0.0,4.0,0.8648954927517776,0.5102422420903704,0.8653,0,0,mild
2421__1800_1929,36,t_8_16,144.0,0.0,0.0,2.0,0.9833070385923053,0.8289096195620639,0.8653,0,1,stable
2421__1800_1929,37,t_8_16,144.0,0.0,0.0,2.0,0.9834255965616595,0.7081312694014267,0.8653,0,0,stable
2421__1800_1929,38,t_8_16,127.999755859375,0.0,0.0,3.0,0.9410742134815782,0.6706876979116787,0.8653,0,0,stable
2421__1800_1929,39,t_8_16,144.0,0.0,0.0,3.0,0.6635076826770729,0.6131193022903635,0.8653,0,0,stable
2421__1800_1929,40,t_8_16,168.0,0.0,0.0,2.0,0.9982623383593664,0.6854245893192444,0.8653,0,0,stable
2421__1800_1929,41,t_8_16,120.0,0.0,0.0,1.0,,0.7549373769225654,0.8653,0,1,stable
2421__1800_1929,42,t_8_16,168.00018310546875,0.0,0.0,2.0,0.8360629954516864,0.8280240153864804,0.8653,0,1,stable
2421__1800_1929,43,t_8_16,140.0,0.0,0.0,3.0,0.9985285507871036,0.8048494388856973,0.8653,0,1,stable
2421__1800_1929,44,t_8_16,144.0,0.0,0.0,2.0,0.9931326060512701,0.7438701657170035,0.8653,0,0,stable
2421__1800_1929,45,t_8_16,128.0001220703125,0.0,0.0,2.0,0.9836982880621763,0.6889739844856394,0.8653,0,0,stable
2421__1800_1929,46,t_8_16,128.0,0.0,0.0,2.0,0.980572845065469,0.6843887255766857,0.8653,0,0,stable
2421__1800_1929,47,t_8_16,111.99993896484375,0.0,0.0,3.0,0.992761466039321,0.7103323346469299,0.8653,0,0,stable
2421__1800_1929,48,t_8_16,252.0,0.0,0.0,4.0,0.9995267024640727,0.7251244234277696,0.8653,0,0,stable
2421__1800_1929,49,t_8_16,128.0,0.25,0.25,2.0,0.2921974250290202,0.8106483181779224,0.8653,0,1,mild
2421__1800_1929,50,t_8_16,84.0,0.0,0.0,1.0,,0.6240234157357907,0.8653,0,0,stable
2421__1800_1929,51,t_8_16,96.0,0.0,0.0,5.0,0.8950048132717019,0.7914692802741122,0.8653,0,1,stable
2421__1800_1929,52,t_8_16,110.0,0.0,0.0,1.0,,0.7708595159735744,0.8653,0,1,stable
2421__1800_1929,53,t_8_16,80.0,0.0,0.0,1.0,,0.6114487406047279,0.8653,0,0,stable
2421__1800_1929,54,t_8_16,216.0,0.0,0.0,4.0,0.999382826619914,0.6036850925925872,0.8653,0,0,stable
2421__1800_1929,55,t_8_16,112.0,0.0,0.0,3.0,0.9979091353957866,0.7756742023837407,0.8653,0,1,stable
2421__1800_1929,56,t_8_16,140.0,0.0,0.0,1.0,,0.7471732940642692,0.8653,0,0,stable
2421__1800_1929,57,t_8_16,144.0,0.0,0.0,2.0,0.9622393279866319,0.7063643486498963,0.8653,0,0,stable
2421__1800_1929,58,t_8_16,144.0,0.0,0.0,2.0,0.5084141715764899,0.5946219782314504,0.8653,0,0,stable
2421__1800_1929,59,t_8_16,119.99984741210938,0.0,0.0,3.0,0.9246500036684625,0.6223711532449407,0.8653,0,0,stable
2421__1800_1929,60,t_8_16,140.0,0.0,0.0,3.0,0.9976082011725428,0.7639101132396422,0.8653,0,1,stable
2421__1800_1929,61,t_8_16,196.0,0.0,0.0,3.0,0.9905986552862331,0.6344579709868342,0.8653,0,0,stable
2421__1800_1929,62,t_8_16,168.0,0.0,0.0,4.0,0.8918339585829365,0.8229791265634568,0.8653,0,1,stable
2421__1800_1929,63,t_8_16,168.0,0.0,0.0,2.0,0.9995124877580945,0.72569625707545,0.8653,0,0,stable
2421__1800_1929,64,t_8_16,139.99996185302734,0.0,0.0,2.0,0.7607787161126193,0.7658052293291008,0.8653,0,1,stable
2421__1800_1929,65,t_8_16,143.9999885559082,0.25,0.0,4.0,0.5030241530980797,0.7830189075012296,0.8653,0,1,mild
2421__1800_1929,66,t_8_16,98.0,0.0,0.0,2.0,0.9981307720519486,0.6483762749014451,0.8653,0,0,stable
2421__1800_1929,67,s_16_32,600.0,0.0,0.0,10.0,0.9452870330506461,0.8098495076237238,0.8653,0,1,stable
2421__1800_1929,68,s_16_32,660.0,0.0,0.0,10.0,0.9486564801958531,0.5882371321278728,0.8653,0,0,stable
2421__1800_1929,69,t_8_16,150.00030517578125,0.0,0.0,2.0,0.9983801877324919,0.7490547898551068,0.8653,0,0,stable
2421__1800_1929,70,t_8_16,135.0,0.25,0.0,2.0,0.9507456230127233,0.757998726141025,0.8653,0,1,mild
2421__1800_1929,71,t_8_16,117.0,0.0,0.0,2.0,0.6739741867037888,0.7086824870179417,0.8653,0,0,stable
2423__1200_1200,0,t_8_16,168.0,0.0,0.0,3.0,0.9887317602575177,0.8269896447202316,0.79917,0,1,stable
2423__1200_1200,1,t_8_16,168.0,0.0,0.0,3.0,0.9957236304177969,0.7016075674754735,0.79917,0,0,stable
2423__1200_1200,2,t_8_16,72.0,0.0,0.0,3.0,0.4257214965429194,0.6111684614215708,0.79917,0,0,stable
2423__1200_1200,3,t_8_16,100.0,0.3333333333333333,0.0,2.0,0.5854468363561939,0.7274159078668978,0.79917,0,0,mild
2423__1200_1200,4,t_8_16,144.0,0.0,0.0,3.0,0.998641133326776,0.6974172442371357,0.79917,0,0,stable
2423__1200_1200,5,t_8_16,140.0,0.25,0.0,4.0,0.7995605271505486,0.9305440518281023,0.79917,0,1,mild
2423__1200_1200,6,t_8_16,95.9998779296875,0.0,0.0,1.0,,0.6597468564700103,0.79917,0,0,stable
2423__1200_1200,7,t_8_16,140.00015258789062,0.0,0.0,2.0,,0.8437211393106129,0.79917,0,1,stable
2423__1200_1200,8,t_8_16,168.00018310546875,0.5,0.0,5.0,0.5510161994775242,0.7164626166260967,0.79917,0,0,mild
2423__1200_1200,9,t_8_16,140.0000762939453,0.0,0.0,2.0,0.9990022764590953,0.8477589218703898,0.79917,0,1,stable
2423__1200_1200,10,s_16_32,440.0,0.0,0.0,5.0,0.9644654736619566,0.6906054392670753,0.79917,0,0,stable
2423__1200_1200,11,s_16_32,288.0,0.0,0.0,4.0,0.6936372030557179,0.8168686690472563,0.79917,0,1,stable
2423__1200_1200,12,t_8_16,84.0,0.0,0.0,2.0,0.999012298968561,0.8213380855859665,0.79917,0,1,stable
2423__1200_1200,13,t_8_16,240.0,0.0,0.0,4.0,0.9924389717844059,0.8165553678777776,0.79917,0,1,stable
2423__1200_1200,14,t_8_16,140.0,0.25,0.0,2.0,0.4937427311542153,0.0,0.79917,1,0,mild
2423__1200_1200,15,t_8_16,96.0,0.25,0.25,1.0,,0.6187993214874746,0.79917,0,0,mild
2423__1200_1200,16,t_8_16,180.0,0.0,0.0,3.0,0.9979540054494491,0.7605191922145399,0.79917,0,1,stable
2423__1200_1200,17,t_8_16,216.0,0.0,0.0,3.0,0.8772864041901057,0.0,0.79917,1,0,stable
2423__1200_1200,18,t_8_16,216.0,0.0,0.0,4.0,0.6308963880948658,0.895052414057583,0.79917,0,1,stable
2423__1200_1200,19,t_8_16,168.0,0.0,0.0,3.0,0.9910310960580091,0.7189040049335997,0.79917,0,0,stable
2423__1200_1200,20,t_8_16,160.0,0.5,0.5,1.0,,0.6886453756800608,0.79917,0,0,mild
2423__1200_1200,21,s_16_32,280.0,0.0,0.0,5.0,0.9751493262983703,0.8405057491003163,0.79917,0,1,stable
2423__1200_1200,22,t_8_16,191.99951171875,0.25,0.25,3.0,0.8126315576566531,0.5920563846191449,0.79917,0,0,mild
2423__1200_1200,23,t_8_16,144.0,0.0,0.0,3.0,0.9895269787115413,0.8718826775606449,0.79917,0,1,stable
2423__1200_1200,24,t_8_16,128.0,0.25,0.25,2.0,0.4449184171625475,0.70769927825348,0.79917,0,0,mild
2423__1200_1200,25,t_8_16,128.0,0.0,0.0,2.0,0.4776920489796453,0.6456784491387235,0.79917,0,0,stable
2423__1200_1200,26,t_8_16,192.0,0.25,0.0,5.0,0.045850824880486724,0.0,0.79917,1,0,mild
2423__1200_1200,27,t_8_16,144.0,0.0,0.0,2.0,0.9986510213557047,0.7335540347222248,0.79917,0,0,stable
2423__1200_1200,28,t_8_16,160.0,0.0,0.0,4.0,0.968544700748567,0.7983885658860654,0.79917,0,1,stable
2423__1200_1200,29,s_16_32,260.0,0.25,0.0,8.0,0.3765118358561018,0.8745669260865839,0.79917,0,1,mild
2423__1200_1200,30,t_8_16,220.0,0.0,0.0,4.0,0.8574015520566122,0.7838769092586141,0.79917,0,1,stable
2423__1200_1200,31,t_8_16,200.0,0.0,0.0,3.0,0.9976180161421658,0.8918264720790218,0.79917,0,1,stable
2423__1200_1200,32,t_8_16,192.0,0.25,0.0,5.0,0.42789504155567126,0.7532290510860269,0.79917,0,1,mild
2423__1200_1200,33,t_8_16,112.0,0.25,0.25,3.0,0.9780064880327144,0.7559335402020382,0.79917,0,1,mild
2423__1200_1200,34,t_8_16,80.0,0.5,0.5,1.0,,0.5809578129347954,0.79917,0,0,mild
2423__1200_1200,35,t_8_16,80.0,0.25,0.0,1.0,,0.6902942516187804,0.79917,0,0,mild
2423__1200_1200,38,t_8_16,120.0,0.0,0.0,3.0,0.9909871911798847,0.7458471232045895,0.79917,0,0,stable
2423__1200_1200,39,t_8_16,96.0,0.0,0.0,1.0,0.9999985171245295,0.39121777965907806,0.79917,1,0,stable
2423__1200_1200,40,t_8_16,140.0,0.0,0.0,3.0,0.9939210585820369,0.6775425461431686,0.79917,0,0,stable
2423__1200_1200,41,t_8_16,140.0,0.0,0.0,2.0,0.9980948771013383,0.7600516175999396,0.79917,0,1,stable
2423__1200_1200,42,s_16_32,320.0,0.0,0.0,7.0,0.9992311938025716,0.861655437499999,0.79917,0,1,stable
2423__1200_1200,43,t_8_16,90.0,0.0,0.0,3.0,0.9830382881795515,0.7831339205537196,0.79917,0,1,stable
2423__1200_1200,44,t_8_16,176.0,0.3333333333333333,0.0,3.0,0.023821618854003253,0.7190023181818248,0.79917,0,0,mild
2423__1200_1200,45,t_8_16,192.0,0.0,0.0,4.0,0.9742587051361756,0.926403717112627,0.79917,0,1,stable
2423__1200_1200,46,t_8_16,160.0,0.0,0.0,2.0,0.9951486171983522,0.6824560637644772,0.79917,0,0,stable
2423__1200_1200,47,t_8_16,144.0,0.0,0.0,1.0,,0.8005852772697547,0.79917,0,1,stable
2423__1200_1200,48,t_8_16,120.0,0.0,0.0,2.0,0.8854069480081388,0.5609132540762258,0.79917,0,0,stable
2423__1200_1200,49,t_8_16,168.0,0.0,0.0,2.0,0.9983551421970113,0.6505474190052674,0.79917,0,0,stable
2423__1200_1200,50,t_8_16,100.0,0.25,0.0,2.0,0.9092317614840955,0.635089823897258,0.79917,0,0,mild
2423__1200_1200,51,t_8_16,144.0,0.0,0.0,3.0,0.8068128095569936,0.6599772802036824,0.79917,0,0,stable
2423__1200_1200,52,t_8_16,144.0,0.5,0.5,1.0,,0.7640349650360176,0.79917,0,1,mild
2423__1200_1200,53,t_8_16,160.0,0.0,0.0,2.0,0.9631569597613251,0.876757700000007,0.79917,0,1,stable
2423__1200_1200,54,t_8_16,96.0,0.25,0.25,2.0,0.9671656575274521,0.7269810995675304,0.79917,0,0,mild
2423__1200_1200,55,t_8_16,84.0,0.25,0.0,5.0,0.00821275202203019,0.6065070323236131,0.79917,0,0,mild
2423__1200_1200,56,t_8_16,72.0,0.25,0.0,5.0,0.29303444170174286,0.7056872489725136,0.79917,0,0,mild
2423__1200_1200,57,t_8_16,72.0,0.0,0.0,3.0,0.8743599692073973,0.6127585270983444,0.79917,0,0,stable
2423__1200_1200,58,t_8_16,100.0,0.0,0.0,4.0,0.9920865218501274,0.0,0.79917,1,0,stable
2423__1200_1200,59,t_8_16,78.0,0.0,0.0,3.0,0.9791326504940773,0.6920977948717865,0.79917,0,0,stable
2423__1200_1200,60,s_16_32,324.0,0.0,0.0,6.0,0.9944973668083028,0.7687516135321258,0.79917,0,1,stable
2423__1200_1200,61,t_8_16,160.0,0.0,0.0,2.0,0.9977067440873351,0.7389634317915544,0.79917,0,0,stable
2423__1200_1200,62,t_8_16,128.0,0.0,0.0,2.0,0.9965931147765723,0.8734351728080986,0.79917,0,1,stable
2423__1200_1200,63,s_16_32,288.0,0.0,0.0,5.0,0.9748750258718312,0.7911562120261163,0.79917,0,1,stable
2423__1200_1200,64,s_16_32,308.0,0.0,0.0,4.0,0.9750640263421632,0.6359282337662331,0.79917,0,0,stable
2423__1200_1200,65,t_8_16,128.0,0.0,0.0,2.0,0.9934446130432899,0.8273349778343275,0.79917,0,1,stable
2423__1200_1200,66,t_8_16,120.0,0.0,0.0,2.0,0.9938274496075857,0.7963499113381797,0.79917,0,1,stable
2423__1200_1200,67,t_8_16,64.0,0.25,0.25,1.0,,0.0,0.79917,1,0,mild
2423__1200_1200,69,s_16_32,288.0,0.0,0.0,3.0,0.9375058958255489,0.817075732686807,0.79917,0,1,stable
2423__1200_1200,70,t_8_16,112.0,0.25,0.25,3.0,0.7008975932297993,0.8427531961218329,0.79917,0,1,mild
2423__1200_1200,71,t_8_16,216.0,0.0,0.0,3.0,0.9999506119506845,0.7321000133427114,0.79917,0,0,stable
2423__1200_1200,72,s_16_32,288.0,0.0,0.0,3.0,0.9528379235123939,0.828996742264695,0.79917,0,1,stable
2423__1200_1200,73,t_8_16,112.0,0.25,0.25,2.0,0.9999998871506187,0.8319897037357056,0.79917,0,1,mild
2423__1200_1200,74,t_8_16,112.0,0.25,0.25,0.0,,0.01490056998349598,0.79917,1,0,mild
2423__1200_1200,75,t_8_16,160.0,0.0,0.0,3.0,0.8949645195075242,0.7410698942472519,0.79917,0,0,stable
2423__1200_1200,76,t_8_16,112.0,0.0,0.0,2.0,0.9876525948058583,0.774383173975312,0.79917,0,1,stable
2423__1200_1200,77,t_8_16,140.0,0.0,0.0,2.0,0.9892367670825456,0.7446422267037184,0.79917,0,0,stable
2423__1200_1200,78,t_8_16,140.0,0.5,0.0,3.0,0.23637285082280196,0.7998039285714191,0.79917,0,1,mild
2423__1200_1200,79,t_8_16,168.0,0.0,0.0,2.0,0.9984529377557424,0.8171997284363947,0.79917,0,1,stable
2423__1200_1200,80,t_8_16,140.0,0.25,0.0,1.0,,0.6892455549301655,0.79917,0,0,mild
2423__1200_1200,81,t_8_16,140.0,0.0,0.0,3.0,0.9799582201296828,0.8501661319438751,0.79917,0,1,stable
2423__1200_1200,82,t_8_16,96.0,0.25,0.0,2.0,0.32157706847422396,0.009734035580146818,0.79917,1,0,mild
2423__1200_1200,83,t_8_16,100.0,0.25,0.0,1.0,,0.5801452937864633,0.79917,0,0,mild
2423__1200_1200,84,t_8_16,100.0,0.0,0.0,1.0,,0.6963282662293485,0.79917,0,0,stable
2423__1200_1200,85,s_16_32,288.0,0.0,0.0,4.0,0.9827581243024673,0.802962601248456,0.79917,0,1,stable
2423__1200_1200,86,t_8_16,128.0,0.0,0.0,2.0,0.8117134495373094,0.7472906762174283,0.79917,0,0,stable
2423__1200_1200,87,t_8_16,144.0,0.0,0.0,2.0,0.9878767626192556,0.6761910496698825,0.79917,0,0,stable
2423__1200_1200,88,t_8_16,154.0,0.0,0.0,3.0,0.9689921935187412,0.8521678893878295,0.79917,0,1,stable
2423__1200_1200,89,t_8_16,96.0,0.0,0.0,5.0,0.9693971826782614,0.7700265738853229,0.79917,0,1,stable
2423__1200_1200,90,t_8_16,111.99995422362917,0.0,0.0,3.0,0.992825037094553,0.7258531316251305,0.79917,0,0,stable
2423__1200_1200,91,t_8_16,96.0,0.0,0.0,5.0,0.9973733146837114,0.7838190271470507,0.79917,0,1,stable
2423__1200_1200,92,t_8_16,128.0,0.0,0.0,2.0,0.9826833951355955,0.6417680060868757,0.79917,0,0,stable
2423__1200_1200,93,t_8_16,108.0,0.25,0.0,5.0,0.4489093257467245,0.6576710016144496,0.79917,0,0,mild
2423__1200_1200,94,t_8_16,96.0,0.25,0.0,5.0,0.42122192486873217,0.5882383338644012,0.79917,0,0,mild
2423__1200_1200,95,t_8_16,95.999755859375,0.25,0.0,3.0,0.07285696713860924,0.6327870546543108,0.79917,0,0,mild
2423__1200_1200,96,t_8_16,96.0,0.0,0.0,5.0,0.9733228724082744,0.7161136774270351,0.79917,0,0,stable
2423__1200_1200,97,t_8_16,159.99984741210938,0.0,0.0,5.0,0.998620979848787,0.5794032828516017,0.79917,0,0,stable
2423__1200_1200,98,t_8_16,120.0,0.0,0.0,5.0,0.959357459427275,0.6112218510991563,0.79917,0,0,stable
2423__1200_1200,99,t_8_16,160.0,0.25,0.25,3.0,0.8831963506905995,0.6337565718928986,0.79917,0,0,mild
2423__1200_1200,100,t_8_16,176.0,0.0,0.0,2.0,0.9919471567678505,0.7983930231319972,0.79917,0,1,stable
2423__1200_1200,101,t_8_16,84.0,0.0,0.0,6.0,0.9926471845212013,0.6392474510654551,0.79917,0,0,stable
2423__1200_1200,102,t_8_16,108.0,0.0,0.0,5.0,0.7447959398276786,0.7495165655687513,0.79917,0,0,stable
2423__1200_1200,103,t_8_16,72.0,0.25,0.0,2.0,0.5265258455330115,0.5923511396330866,0.79917,0,0,mild
2423__1200_1200,104,t_8_16,83.99995422363281,0.25,0.25,2.0,0.9349590144987563,0.6063998064547887,0.79917,0,0,mild
2423__1200_1200,105,t_8_16,95.9999885559082,0.25,0.0,3.0,0.2970204408895696,0.6882969278537805,0.79917,0,0,mild
2423__1200_1200,107,t_8_16,84.0,0.0,0.0,5.0,0.988989457370495,0.5562904771307172,0.79917,0,0,stable
2423__1200_1200,108,t_8_16,98.0,0.5,0.5,3.0,0.4071889253339917,0.0,0.79917,1,0,mild
2423__1200_1200,109,t_8_16,140.0,0.0,0.0,2.0,0.9989281510728716,0.8175473266030066,0.79917,0,1,stable
2423__1200_1200,110,t_8_16,240.00009155273438,0.0,0.0,4.0,0.9989572174711883,0.7865100000000057,0.79917,0,1,stable
2423__1200_1200,111,s_16_32,608.0,0.0,0.0,10.0,0.9782332752384235,0.8067211837045815,0.79917,0,1,stable
2423__1200_1200,112,t_8_16,120.0013122567907,0.0,0.0,4.0,0.962937616568431,0.7067967568923464,0.79917,0,0,stable
2423__1200_1200,113,t_8_16,96.00009155273438,0.0,0.0,4.0,0.9663951345969789,0.6645036182154405,0.79917,0,0,stable
2423__1200_1200,114,t_8_16,180.0010986328125,0.0,0.0,3.0,0.991923317472896,0.7362640399764558,0.79917,0,0,stable
2423__1200_1200,115,t_8_16,140.0,0.0,0.0,2.0,0.9955179486409202,0.6825543140423659,0.79917,0,0,stable
2423__1200_1200,116,t_8_16,112.0,0.0,0.0,2.0,0.9997889879718794,0.8229895218278529,0.79917,0,1,stable
2423__1200_1200,117,s_16_32,263.9996337890625,0.0,0.0,4.0,0.999072537705371,0.8037729079769832,0.79917,0,1,stable
2423__1200_1200,118,t_8_16,96.0009765625,0.0,0.0,3.0,0.9242586130156063,0.6166317253839229,0.79917,0,0,stable
2423__1200_1200,119,t_8_16,84.00042724609375,0.0,0.0,1.0,,0.6381793654856359,0.79917,0,0,stable
2423__1200_1200,120,t_8_16,96.0,0.0,0.0,2.0,0.9124112153454974,0.9285114895833511,0.79917,0,1,stable
2423__1200_1200,121,t_8_16,96.0,0.25,0.25,3.0,0.9495133979035778,0.7079154806566557,0.79917,0,0,mild
2423__1200_1200,122,t_8_16,96.0,0.0,0.0,2.0,0.7240752071651316,0.7330338475447729,0.79917,0,0,stable
2423__1200_1200,123,t_8_16,96.0,0.25,0.25,2.0,0.26351646511495,0.8860493302339895,0.79917,0,1,mild
2423__1200_1200,124,t_8_16,108.0,0.25,0.0,3.0,0.7199318362988013,0.7974400608220206,0.79917,0,1,mild
2423__1200_1200,125,t_8_16,96.0,0.0,0.0,3.0,0.9826749084849251,0.846696100352522,0.79917,0,1,stable
2423__1200_1200,126,t_8_16,96.0,0.0,0.0,2.0,0.6566684159696886,0.7706494229438866,0.79917,0,1,stable
2423__1200_1200,127,t_8_16,64.0,0.0,0.0,2.0,0.35533306232526407,0.6255371161186429,0.79917,0,0,stable
2423__1200_1200,128,t_8_16,144.0,0.0,0.0,3.0,0.9023711400014311,0.6550921597222217,0.79917,0,0,stable
2423__1200_1200,129,t_8_16,108.0,0.0,0.0,3.0,0.9951308496190857,0.628221442946579,0.79917,0,0,stable
2423__1200_1200,130,t_8_16,96.0,0.0,0.0,3.0,0.9259506605372744,0.7687480518181314,0.79917,0,1,stable
2423__1200_1200,131,t_8_16,108.0,0.0,0.0,3.0,0.9896212455016345,0.7561627506137654,0.79917,0,1,stable
2423__1200_1200,132,t_8_16,84.0,0.0,0.0,3.0,0.9734428087315153,0.5978633555348081,0.79917,0,0,stable
2423__1200_1200,133,t_8_16,112.0,0.0,0.0,2.0,0.9983412280129872,0.6776436466884613,0.79917,0,0,stable
2423__1200_1200,135,t_8_16,72.0,0.0,0.0,5.0,0.9477648647672894,0.5881301802628804,0.79917,0,0,stable
2423__1200_1200,136,t_8_16,128.0,0.0,0.0,2.0,0.5308379723664686,0.5742961960763933,0.79917,0,0,stable
2423__1200_1200,137,t_8_16,80.0,0.0,0.0,1.0,,0.5323691844989256,0.79917,0,0,stable
2423__1200_1200,139,t_8_16,100.0,0.0,0.0,1.0,,0.7562737406189421,0.79917,0,1,stable
2423__1200_1200,140,t_8_16,96.0,0.5,0.5,1.0,,0.7599938237835253,0.79917,0,1,mild
2423__1200_1200,141,t_8_16,159.99951171875,0.0,0.0,2.0,0.9964464195688415,0.34427981410943376,0.79917,1,0,stable
2423__1200_1200,142,t_8_16,159.99951171875,0.0,0.0,3.0,0.988859217573967,0.8089958799982959,0.79917,0,1,stable
2423__1200_1200,143,t_8_16,144.00048828125,0.0,0.0,3.0,0.9668951023658104,0.807802320816164,0.79917,0,1,stable
2423__1200_1200,144,t_8_16,112.0,0.25,0.25,1.0,,0.812254982572138,0.79917,0,1,mild
2423__1200_1200,145,t_8_16,96.0,0.0,0.0,5.0,0.9138535467563943,0.6942620299084901,0.79917,0,0,stable
2423__1200_1200,146,t_8_16,96.0,0.0,0.0,5.0,0.9043658100555689,0.6348275211891465,0.79917,0,0,stable
2423__1200_1200,147,t_8_16,96.0,0.0,0.0,1.0,,0.8014490237060483,0.79917,0,1,stable
2423__1200_1200,148,t_8_16,216.0,0.0,0.0,4.0,0.9912760045510962,0.7336726965462662,0.79917,0,0,stable
2423__1200_1200,150,t_8_16,112.0,0.0,0.0,2.0,0.973498917006113,0.778912928647452,0.79917,0,1,stable
2423__1200_1200,151,t_8_16,180.0,0.25,0.0,3.0,0.09198091475106734,0.0,0.79917,1,0,mild
2423__1200_1200,152,t_8_16,191.9990234375,0.0,0.0,3.0,0.680860431766173,0.6653515729166672,0.79917,0,0,stable
2423__1200_1200,153,t_8_16,96.0,0.0,0.0,1.0,,0.6761517768530342,0.79917,0,0,stable
2423__1200_1200,154,t_8_16,84.0,0.0,0.0,5.0,0.9758314661109664,0.6843176297427122,0.79917,0,0,stable
2423__1200_1200,155,t_8_16,96.0,0.0,0.0,5.0,0.8678984626937511,0.6810417612906992,0.79917,0,0,stable
2423__1200_1200,156,t_8_16,111.99957275390625,0.0,0.0,4.0,0.964030797853563,0.7217373031521129,0.79917,0,0,stable
2423__1200_1200,157,t_8_16,128.0,0.5,0.5,0.0,,0.7405762826012134,0.79917,0,0,mild
2423__1200_1200,158,t_8_16,220.0,0.0,0.0,3.0,0.9915271715706686,0.8097113205756447,0.79917,0,1,stable
2423__1200_1200,159,t_8_16,180.0,0.0,0.0,3.0,0.999988662843022,0.6096533062008779,0.79917,0,0,stable
2423__1200_1200,160,t_8_16,140.0,0.25,0.0,3.0,0.7184077326086437,0.7618140236266814,0.79917,0,1,mild
2423__1200_1200,161,t_8_16,120.0,0.0,0.0,2.0,0.976120976466848,0.6670461759323277,0.79917,0,0,stable
2423__1200_1200,162,t_8_16,100.0,0.0,0.0,1.0,,0.7311269858970556,0.79917,0,0,stable
2423__1200_1200,163,t_8_16,96.0,0.0,0.0,2.0,0.9592871993824107,0.6637765199750609,0.79917,0,0,stable
2423__1200_1200,164,t_8_16,84.0,0.0,0.0,2.0,0.9978714251484815,0.629218945049937,0.79917,0,0,stable
2423__1200_1200,165,s_16_32,307.99932861328125,0.0,0.0,7.0,0.9976130716646423,0.7388709377151398,0.79917,0,0,stable
2423__1200_1200,166,t_8_16,72.0,0.0,0.0,3.0,0.9876103759055737,0.4604872959709473,0.79917,1,0,stable
2423__1200_1200,167,t_8_16,140.0,0.5,0.0,5.0,0.07611549057747409,0.8584361552357386,0.79917,0,1,mild
2423__1200_1200,168,t_8_16,140.0,0.0,0.0,3.0,0.9939442626585993,0.7727230075716665,0.79917,0,1,stable
2423__1200_1200,169,s_16_32,320.0,0.0,0.0,7.0,0.3144267449844159,0.0,0.79917,1,0,stable
2423__1200_1200,170,t_8_16,112.0,0.25,0.25,1.0,,0.5327051783529738,0.79917,0,0,mild
2423__1200_1200,171,t_8_16,140.0,0.5,0.5,2.0,0.2375859147357641,0.43152366011002913,0.79917,1,0,mild
2423__1200_1200,172,t_8_16,120.0,0.0,0.0,1.0,,0.8058878278883485,0.79917,0,1,stable
2423__1200_1200,173,t_8_16,120.0,0.0,0.0,2.0,0.9993573754554765,0.7426805092471492,0.79917,0,0,stable
2423__1200_1200,174,t_8_16,120.0,0.0,0.0,1.0,,0.8343343022526651,0.79917,0,1,stable
2423__1200_1200,176,t_8_16,120.000732421875,0.0,0.0,1.0,,0.8611631850186751,0.79917,0,1,stable
2423__1200_1200,177,t_8_16,80.0,0.5,0.5,0.0,,0.5669261507653707,0.79917,0,0,mild
2423__1200_1200,178,t_8_16,159.9993896484375,0.0,0.0,2.0,0.9970769282605463,0.8204052784864856,0.79917,0,1,stable
2423__1200_1200,179,t_8_16,160.0,0.0,0.0,3.0,0.9742910550609235,0.744013509589679,0.79917,0,0,stable
2423__1200_1200,180,t_8_16,160.0,0.0,0.0,2.0,0.9983852141164231,0.7627823577266097,0.79917,0,1,stable
2423__1200_1200,181,t_8_16,144.00048828125,0.0,0.0,3.0,0.9625413300477852,0.7444814759244665,0.79917,0,0,stable
2423__1200_1200,182,t_8_16,160.0,0.0,0.0,2.0,0.9937490986756096,0.7682033432329748,0.79917,0,1,stable
2423__1200_1200,183,t_8_16,159.99951171875,0.0,0.0,4.0,0.9145212363667549,0.6701408587174446,0.79917,0,0,stable
2423__1200_1200,184,t_8_16,144.00048828125,0.25,0.25,3.0,0.9713042676546297,0.6807050650178341,0.79917,0,0,mild
2423__1200_1200,185,t_8_16,128.0,0.5,0.5,0.0,,0.5487030151810511,0.79917,0,0,mild
2423__1200_1200,186,t_8_16,112.0,0.5,0.0,2.0,0.03530974544394951,0.5888811002160039,0.79917,0,0,mild
2423__1200_1200,187,t_8_16,96.0,0.0,0.0,3.0,0.9273624521657291,0.8099949094409213,0.79917,0,1,stable
2423__1200_1200,188,t_8_16,96.0,0.0,0.0,5.0,0.9826241826019855,0.79681411725732,0.79917,0,1,stable
2423__1200_1200,189,t_8_16,128.0,0.25,0.25,3.0,0.9999998829910985,0.7761415206416421,0.79917,0,1,mild
2423__1200_1200,190,t_8_16,84.0,0.0,0.0,3.0,0.16877245614912176,0.7500105695745178,0.79917,0,1,stable
2423__1200_1200,191,t_8_16,127.99951171875,0.0,0.0,2.0,0.9892423310854596,0.8713541348334822,0.79917,0,1,stable
2423__1200_1200,192,t_8_16,84.0,0.5,0.25,3.0,0.10725677331657599,0.7221408505123906,0.79917,0,0,mild
2423__1200_1200,193,t_8_16,128.0,0.0,0.0,3.0,0.9583254345577993,0.7682912725102168,0.79917,0,1,stable
2423__1200_1200,194,t_8_16,112.0,0.25,0.25,2.0,0.9457588950394495,0.6619274772636605,0.79917,0,0,mild
2423__1200_1200,195,t_8_16,72.0,0.0,0.0,4.0,0.7794243482458891,0.4133353549246598,0.79917,1,0,stable
2423__1200_1200,196,t_8_16,128.0,0.5,0.5,0.0,,0.6531728202548988,0.79917,0,0,mild
2423__1200_1200,197,t_8_16,119.9993896484375,0.0,0.0,5.0,0.9422130362243123,0.7371126751383249,0.79917,0,0,stable
2423__1200_1200,198,t_8_16,95.99951171875,0.25,0.25,3.0,0.5183132449333345,0.0864608624357027,0.79917,1,0,mild
2423__1200_1200,199,t_8_16,96.0,0.0,0.0,3.0,0.9720157140541521,0.7803495307477833,0.79917,0,1,stable
2423__1200_1200,200,t_8_16,111.99957275390625,0.25,0.0,5.0,0.6229145607867127,0.4680175346089675,0.79917,1,0,mild
2423__1200_1200,201,t_8_16,95.99951171875,0.0,0.0,6.0,0.8129929445925943,0.597115368082497,0.79917,0,0,stable
2423__1200_1200,202,t_8_16,72.0,0.25,0.0,2.0,0.17441196802752323,0.6249851566025306,0.79917,0,0,mild
2423__1200_1200,203,t_8_16,83.99957275390625,0.0,0.0,5.0,0.9744331791187314,0.7988945050623245,0.79917,0,1,stable
2423__1200_1200,204,t_8_16,128.0,0.0,0.0,3.0,0.9649528760355012,0.7400414000821458,0.79917,0,0,stable
2423__1200_1200,205,t_8_16,96.0,0.0,0.0,3.0,0.9782773797485481,0.6709390387305431,0.79917,0,0,stable
2423__1200_1200,207,t_8_16,100.0,0.0,0.0,1.0,,0.7467901545548605,0.79917,0,0,stable
2423__1200_1200,208,t_8_16,144.0,0.0,0.0,2.0,0.990471775579089,0.7690620874731343,0.79917,0,1,stable
2423__1200_1200,209,t_8_16,120.0,0.25,0.0,1.0,,0.4669109030384647,0.79917,1,0,mild
2423__1200_1200,210,t_8_16,96.0,0.25,0.0,3.0,0.16843199596854397,0.5366025773009803,0.79917,0,0,mild
2423__1200_1200,211,t_8_16,100.0,0.25,0.0,2.0,0.9999931263458482,0.5835636806751195,0.79917,0,0,mild
2423__1200_1200,212,t_8_16,120.0,0.0,0.0,1.0,,0.8071457238425237,0.79917,0,1,stable
2423__1200_1200,213,t_8_16,80.0,0.0,0.0,2.0,0.9926509351482691,0.7219968077994139,0.79917,0,0,stable
2423__1200_1200,214,t_8_16,144.0,0.0,0.0,2.0,0.9897313224254992,0.6995516472029158,0.79917,0,0,stable
2423__1200_1200,216,t_8_16,84.0,0.0,0.0,3.0,0.975560536672632,0.6877651621268814,0.79917,0,0,stable
2423__1200_1200,217,s_16_32,288.0,0.0,0.0,4.0,0.9947433305740729,0.8249312808823457,0.79917,0,1,stable
2423__1200_1200,218,t_8_16,144.0,0.0,0.0,3.0,0.9801509414345166,0.8353028168122233,0.79917,0,1,stable
2423__1200_1200,219,t_8_16,108.0010986328125,0.0,0.0,5.0,0.5065687909640636,0.6770144445245567,0.79917,0,0,stable
2423__1200_1200,220,t_8_16,100.0,0.25,0.0,3.0,0.38440159241865257,0.5934823657930043,0.79917,0,0,mild
2423__1200_1200,221,t_8_16,140.0,0.0,0.0,1.0,,0.7848158512111743,0.79917,0,1,stable
2423__1200_1200,222,t_8_16,168.0,0.0,0.0,2.0,0.9623198520124957,0.7807449562009229,0.79917,0,1,stable
2423__1200_1200,223,t_8_16,128.0,0.5,0.5,1.0,,0.0,0.79917,1,0,mild
2423__1200_1200,224,t_8_16,176.0,0.0,0.0,3.0,0.9759817650736903,0.0,0.79917,1,0,stable
2423__1200_1200,225,t_8_16,128.0,0.0,0.0,2.0,0.9839641548288768,0.6702553413836282,0.79917,0,0,stable
2423__1200_1200,226,t_8_16,200.0,0.0,0.0,4.0,0.9915376695303588,0.6867151955014427,0.79917,0,0,stable
2423__1200_1200,227,t_8_16,96.0,0.25,0.25,3.0,0.9039441978489929,0.7122699066637483,0.79917,0,0,mild
2423__1200_1200,228,t_8_16,128.0,0.0,0.0,2.0,0.7402461604527021,0.7449963903764623,0.79917,0,0,stable
2423__1200_1200,229,t_8_16,96.0,0.0,0.0,3.0,0.9324449142187254,0.0,0.79917,1,0,stable
2423__1200_1200,230,t_8_16,192.0,0.0,0.0,3.0,0.986862237164233,0.8458354717845586,0.79917,0,1,stable
2423__1200_1200,231,t_8_16,160.0,0.0,0.0,3.0,0.9133193150724013,0.5695318843155274,0.79917,0,0,stable
2423__1200_1200,232,t_8_16,96.0,0.0,0.0,1.0,,0.5921198439386727,0.79917,0,0,stable
2423__1200_1200,233,t_8_16,128.0,0.0,0.0,2.0,0.9816379901965896,0.8018003362456956,0.79917,0,1,stable
2423__1200_1200,234,s_16_32,288.0,0.0,0.0,5.0,0.9992807287738329,0.7593629314159077,0.79917,0,1,stable
2423__1200_1200,235,t_8_16,180.0,0.25,0.0,5.0,0.9444241788691526,0.6460264112998956,0.79917,0,0,mild
2423__1200_1200,236,t_8_16,240.0,0.0,0.0,5.0,0.925129625282759,0.8260427009740264,0.79917,0,1,stable
2423__1200_1200,237,t_8_16,127.99951171875,0.5,0.25,3.0,0.749719837385692,0.8271431954224427,0.79917,0,1,mild
2423__1200_1200,238,t_8_16,144.00048828125,0.0,0.0,2.0,0.9901856945785686,0.7209117736227304,0.79917,0,0,stable
2423__1200_1200,239,s_16_32,480.0,0.0,0.0,10.0,0.9406972911439747,0.6176156730073727,0.79917,0,0,stable
2423__1200_1200,240,s_16_32,360.0,0.0,0.0,8.0,0.9970358365664806,0.7887523694675838,0.79917,0,1,stable
2423__1200_1200,241,s_16_32,527.9989929199219,0.0,0.0,7.0,0.9693643055555605,0.6429390443721487,0.79917,0,0,stable
2423__1200_1200,242,s_16_32,640.0,0.0,0.0,10.0,0.9429672835704966,0.7402870124999991,0.79917,0,0,stable
2423__1200_1200,243,s_16_32,272.00048828125,0.25,0.0,4.0,0.39628757734680486,0.1736849015624977,0.79917,1,0,mild
2423__1200_1200,244,s_16_32,308.0,0.0,0.0,5.0,0.9536602610368919,0.03933710764050989,0.79917,1,0,stable
2423__1200_1200,245,s_16_32,285.0,0.0,0.0,5.0,0.9871134830884644,0.528450821052634,0.79917,0,0,stable
2423__1200_1200,246,t_8_16,198.0,0.25,0.0,3.0,0.9978037406508693,0.5898949700132685,0.79917,0,0,mild
2423__1200_1200,247,t_8_16,221.0,0.0,0.0,4.0,0.9637765907822082,0.47760059344574146,0.79917,1,0,stable
2423__1200_1200,248,t_8_16,240.0,0.0,0.0,4.0,0.8618038443124153,0.0,0.79917,1,0,stable
2423__1200_1200,249,t_8_16,117.00079345703125,0.25,0.0,0.0,,0.5139778817084822,0.79917,0,0,mild
2423__1200_1200,250,t_8_16,192.0,0.25,0.0,4.0,0.1927041998946122,0.4868770621797946,0.79917,1,0,mild
2423__1200_1200,251,t_8_16,170.0,0.0,0.0,2.0,0.9872855651388843,0.0,0.79917,1,0,stable
2423__1200_1200,252,t_8_16,176.0,0.0,0.0,3.0,0.5441026082509436,0.02797267054779968,0.79917,1,0,stable
2423__1200_1200,253,t_8_16,150.0,0.0,0.0,2.0,0.9552019592096308,0.08359764278829451,0.79917,1,0,stable
2423__1200_1200,254,t_8_16,198.0,0.0,0.0,5.0,0.34870877081617935,0.0,0.79917,1,0,stable
2423__1200_1200,255,t_8_16,84.0,0.0,0.0,4.0,0.9641506622532225,0.5736467681699409,0.79917,0,0,stable
2423__1200_1200,256,t_8_16,126.00013732910156,0.25,0.0,2.0,0.8424064098856169,0.10882763969499898,0.79917,1,0,mild
2482__600_600,0,t_8_16,139.9993896484375,0.0,0.0,2.0,0.9987036122811997,0.8430662769776635,0.74636,0,1,stable
2482__600_600,1,t_8_16,111.99951171875,0.25,0.25,2.0,0.9949400323370112,0.7643129141322204,0.74636,0,1,mild
2482__600_600,2,t_8_16,144.0,0.25,0.25,2.0,0.898427999085411,0.7602285245827194,0.74636,0,1,mild
2482__600_600,3,t_8_16,216.0,0.0,0.0,5.0,0.9922828595985959,0.8410042026217404,0.74636,0,1,stable
2482__600_600,4,s_16_32,280.0,0.0,0.0,4.0,0.9993510996363467,0.7994300768402125,0.74636,0,1,stable
2482__600_600,5,t_8_16,112.0,0.0,0.0,1.0,,0.7940443103524171,0.74636,0,1,stable
2482__600_600,6,t_8_16,112.0,0.25,0.25,1.0,,0.7436864917881238,0.74636,0,0,mild
2482__600_600,7,t_8_16,128.0,0.0,0.0,2.0,0.9967604326389677,0.7353201377070787,0.74636,0,0,stable
2482__600_600,8,t_8_16,140.0,0.0,0.0,2.0,0.9965367191443364,0.8105308117934521,0.74636,0,1,stable
2482__600_600,9,s_16_32,511.99951171875,0.0,0.0,10.0,0.9350048905662964,0.2964929414062502,0.74636,1,0,stable
2482__600_600,10,s_16_32,308.0,0.0,0.0,5.0,0.9974735879200022,0.5090205681818218,0.74636,0,0,stable
2482__600_600,11,t_8_16,186.99974060058594,0.25,0.0,5.0,0.6477427131629674,0.7636116152450124,0.74636,0,1,mild
2482__600_600,12,t_8_16,80.99986267089844,0.5,0.0,1.0,,0.6755201167138638,0.74636,0,0,mild
2497__1800_600,0,t_8_16,168.0,0.0,0.0,3.0,0.9877133457196876,0.7207805342849599,0.76735,0,0,stable
2497__1800_600,1,t_8_16,195.99935913085938,0.0,0.0,3.0,0.9968800670540239,0.8485503448166614,0.76735,0,1,stable
2497__1800_600,2,t_8_16,144.0,0.0,0.0,3.0,0.8886459798463954,0.7428070191404157,0.76735,0,0,stable
2497__1800_600,3,t_8_16,224.0,0.0,0.0,5.0,0.7815581203918877,0.7521171358960894,0.76735,0,1,stable
2497__1800_600,4,t_8_16,140.0,0.0,0.0,2.0,0.9798473398578209,0.7739104904005597,0.76735,0,1,stable
2497__1800_600,5,t_8_16,168.0,0.0,0.0,1.0,,0.7895169931229788,0.76735,0,1,stable
2497__1800_600,6,t_8_16,195.99925231887028,0.5,0.0,5.0,0.1658885393451307,0.7037799886088214,0.76735,0,0,mild
2497__1800_600,7,t_8_16,140.0,0.0,0.0,2.0,0.970012964139758,0.5850236583897502,0.76735,0,0,stable
2497__1800_600,8,t_8_16,224.0,0.0,0.0,3.0,0.9990689488716099,0.694495127301102,0.76735,0,0,stable
2497__1800_600,9,t_8_16,216.0,0.0,0.0,4.0,0.998642563266825,0.6206690553699605,0.76735,0,0,stable
2497__1800_600,11,t_8_16,140.00005340576172,0.0,0.0,2.0,0.9648207697521807,0.7709766765301898,0.76735,0,1,stable
2497__1800_600,12,s_16_32,324.0,0.0,0.0,5.0,0.9599155629640882,0.5446458888888894,0.76735,0,0,stable
2497__1800_600,13,t_8_16,195.9991455078125,0.5,0.0,3.0,0.4421929211947654,0.6192214081632674,0.76735,0,0,mild
2497__1800_600,14,t_8_16,128.0,0.25,0.25,2.0,0.9861996721950771,0.7292264326123277,0.76735,0,0,mild
2497__1800_600,15,t_8_16,196.0,0.0,0.0,3.0,0.9980755245712514,0.8813607971936666,0.76735,0,1,stable
2505__1800_600,0,t_8_16,251.9989013671875,0.0,0.0,3.0,0.9968157170805562,0.44888738492063446,0.76949,1,0,stable
2505__1800_600,1,t_8_16,120.0,0.0,0.0,2.0,0.9919755682492888,0.6629727406802413,0.76949,0,0,stable
2505__1800_600,2,t_8_16,84.0,0.0,0.0,1.0,0.9999999999271176,0.5463596475425855,0.76949,0,0,stable
2505__1800_600,3,t_8_16,160.0,0.0,0.0,2.0,0.9821507716972578,0.4996349045980064,0.76949,1,0,stable
2505__1800_600,4,t_8_16,140.0,0.0,0.0,3.0,0.9767961904105668,0.7365202588875203,0.76949,0,0,stable
2505__1800_600,5,t_8_16,160.0,0.0,0.0,2.0,0.9599025000129875,0.7046383894715149,0.76949,0,0,stable
2505__1800_600,6,s_16_32,320.0,0.0,0.0,7.0,0.9989453637950796,0.4940614031249987,0.76949,1,0,stable
2505__1800_600,7,t_8_16,83.9996337890625,0.0,0.0,5.0,0.8064149536159941,0.6514905561014803,0.76949,0,0,stable
2505__1800_600,8,t_8_16,216.0,0.0,0.0,2.0,0.9837696041537185,0.6873198801407474,0.76949,0,0,stable
2505__1800_600,9,t_8_16,180.0,0.0,0.0,3.0,0.9922275803608422,0.608893833333334,0.76949,0,0,stable
2505__1800_600,10,t_8_16,196.0,0.0,0.0,2.0,0.9896348740349772,0.7474399285714318,0.76949,0,0,stable
2505__1800_600,11,t_8_16,196.0,0.0,0.0,2.0,0.8913765373935577,0.754093005577055,0.76949,0,1,stable
2505__1800_600,12,t_8_16,196.0,0.0,0.0,3.0,0.906183459276951,0.5796862404911196,0.76949,0,0,stable
2505__1800_600,13,t_8_16,100.0006103515625,0.0,0.0,1.0,0.9999999999822585,0.6731785310190335,0.76949,0,0,stable
2505__1800_600,14,t_8_16,196.0,0.0,0.0,3.0,0.9970841923936039,0.7572717898699443,0.76949,0,1,stable
2505__1800_600,15,t_8_16,220.0,0.0,0.0,4.0,0.9756723696019036,0.5621170909090956,0.76949,0,0,stable
2505__1800_600,16,s_16_32,280.0,0.0,0.0,5.0,0.2578092187832077,0.4651139428571419,0.76949,1,0,stable
2505__1800_600,17,t_8_16,160.0,0.0,0.0,3.0,0.9979511031919139,0.6797840125000021,0.76949,0,0,stable
2505__1800_600,18,s_16_32,320.0,0.0,0.0,4.0,0.9979724747862762,0.55381789375,0.76949,0,0,stable
2505__1800_600,19,t_8_16,168.0,0.0,0.0,2.0,0.9252544136217603,0.6110645883216881,0.76949,0,0,stable
2505__1800_600,20,t_8_16,192.0,0.0,0.0,2.0,0.7741458142764898,0.5382085625000038,0.76949,0,0,stable
2505__1800_600,21,t_8_16,168.0,0.0,0.0,1.0,,0.7538217489403939,0.76949,0,1,stable
2505__1800_600,22,t_8_16,192.0,0.0,0.0,4.0,0.9969147261812736,0.6954572808842052,0.76949,0,0,stable
2505__1800_600,23,t_8_16,196.0,0.0,0.0,3.0,0.9879379999477215,0.7084776938775459,0.76949,0,0,stable
2505__1800_600,24,t_8_16,168.0,0.0,0.0,3.0,0.9999992709010511,0.41779110279660275,0.76949,1,0,stable
2505__1800_600,25,s_16_32,256.0,0.0,0.0,5.0,0.992397631663835,0.6414771406250014,0.76949,0,0,stable
2505__1800_600,26,t_8_16,224.0,0.0,0.0,4.0,0.9939315452908373,0.7374097812500026,0.76949,0,0,stable
2505__1800_600,27,t_8_16,192.0,0.0,0.0,3.0,0.9699064820831752,0.6151730600440095,0.76949,0,0,stable
2505__1800_600,28,t_8_16,191.9990234375,0.5,0.0,4.0,0.18839132102012443,0.6598299341075445,0.76949,0,0,mild
2505__1800_600,29,s_16_32,288.0009765625,0.0,0.0,5.0,0.9946336714387238,0.5554037708333345,0.76949,0,0,stable
2505__1800_600,30,s_16_32,287.9998779259622,0.0,0.0,4.0,0.98250555606213,0.5266330416666672,0.76949,0,0,stable
2505__1800_600,31,t_8_16,180.0,0.0,0.0,3.0,0.9951256617789348,0.6507481744322967,0.76949,0,0,stable
2505__1800_600,32,s_16_32,396.0,0.0,0.0,5.0,0.294730819239469,0.3190214999999974,0.76949,1,0,stable
2505__1800_600,33,t_8_16,223.9991455078125,0.0,0.0,3.0,0.6548200256539721,0.6988842897176923,0.76949,0,0,stable
2505__1800_600,34,t_8_16,223.9991455078125,0.0,0.0,3.0,0.8847686375632579,0.5540736250000038,0.76949,0,0,stable
2505__1800_600,35,t_8_16,120.0,0.25,0.0,1.0,,0.7742867239507462,0.76949,0,1,mild
2505__1800_600,36,t_8_16,252.0,0.0,0.0,5.0,0.9903835165675358,0.7165575649333281,0.76949,0,0,stable
2505__1800_600,37,t_8_16,192.0,0.0,0.0,3.0,0.637285859995069,0.6205695176128726,0.76949,0,0,stable
2505__1800_600,38,t_8_16,160.0,0.25,0.0,2.0,0.9619075086325328,0.7383460292167975,0.76949,0,0,mild
2505__1800_600,39,t_8_16,112.0,0.5,0.5,3.0,0.5547913659735023,0.7395773154534976,0.76949,0,0,mild
2505__1800_600,40,t_8_16,80.0,0.0,0.0,1.0,,0.6786348939876412,0.76949,0,0,stable
2505__1800_600,41,t_8_16,160.0,0.0,0.0,2.0,0.9685451840738478,0.6742567047732425,0.76949,0,0,stable
2505__1800_600,42,t_8_16,140.0,0.0,0.0,2.0,0.996772014941104,0.7084884415904671,0.76949,0,0,stable
2505__1800_600,43,t_8_16,168.0,0.0,0.0,1.0,0.9999999999827845,0.6387091790817825,0.76949,0,0,stable
2505__1800_600,44,t_8_16,80.0,0.25,0.0,1.0,,0.5636464577758136,0.76949,0,0,mild
2505__1800_600,45,t_8_16,120.0,0.25,0.0,4.0,0.9032920330887793,0.6599331316320983,0.76949,0,0,mild
2505__1800_600,46,t_8_16,120.000732421875,0.5,0.0,3.0,0.6257751303960518,0.4893393293666785,0.76949,1,0,mild
2505__1800_600,48,t_8_16,168.0,0.25,0.0,3.0,0.40410067000281485,0.5831598628894372,0.76949,0,0,mild
2505__1800_600,49,t_8_16,120.0,0.0,0.0,2.0,0.9929530234757473,0.684336175808927,0.76949,0,0,stable
2505__1800_600,50,t_8_16,144.0,0.25,0.25,3.0,0.9868984263006884,0.6499372236255954,0.76949,0,0,mild
2505__1800_600,51,t_8_16,96.0,0.0,0.0,1.0,,0.6204348917692694,0.76949,0,0,stable
2505__1800_600,52,t_8_16,180.0,0.0,0.0,3.0,0.4417620602862692,0.6597349173741337,0.76949,0,0,stable
2505__1800_600,53,t_8_16,96.0,0.25,0.25,2.0,0.986992437693419,0.5749766666674871,0.76949,0,0,mild
2505__1800_600,54,t_8_16,127.9990234375,0.0,0.0,6.0,0.5929722609682678,0.6961107805390339,0.76949,0,0,stable
2505__1800_600,55,t_8_16,160.0,0.0,0.0,2.0,0.9724180633665743,0.7563581849565559,0.76949,0,1,stable
2505__1800_600,56,t_8_16,112.0,0.0,0.0,2.0,0.7734384527911874,0.44831809764837827,0.76949,1,0,stable
2505__1800_600,57,t_8_16,160.0,0.0,0.0,1.0,,0.8240922096322849,0.76949,0,1,stable
2505__1800_600,58,t_8_16,80.0,0.0,0.0,2.0,0.9726779388348564,0.6067753598538157,0.76949,0,0,stable
2505__1800_600,59,t_8_16,192.0,0.0,0.0,5.0,0.9895418240527546,0.6744381614033381,0.76949,0,0,stable
2505__1800_600,60,t_8_16,144.0,0.25,0.25,2.0,0.9470516501531652,0.45636889173478695,0.76949,1,0,mild
2505__1800_600,61,t_8_16,240.0,0.0,0.0,4.0,0.8955140063285795,0,0,1,0,stable
2505__1800_600,62,t_8_16,112.0,0.0,0.0,2.0,0.9877169628897663,0,0,1,0,stable
2505__1800_600,63,t_8_16,144.0,0.0,0.0,2.0,0.9605646984298611,0,0,1,0,stable
2505__1800_600,64,t_8_16,95.9996337890625,0.0,0.0,4.0,0.9635690570640187,0.6553448413797921,0.76949,0,0,stable
2505__1800_600,65,t_8_16,95.99951171875,0.0,0.0,2.0,0.8781856614723067,0.7670078542917844,0.76949,0,1,stable
2505__1800_600,66,t_8_16,72.0,0.0,0.0,2.0,0.9259605065024888,0.5668984205658245,0.76949,0,0,stable
2505__1800_600,67,t_8_16,130.0,0.0,0.0,1.0,,0.6867995208303782,0.76949,0,0,stable
2505__1800_600,68,s_16_32,322.9995422344655,0.0,0.0,7.0,0.7854812005763615,0.4823999699507262,0.76949,1,0,stable
2505__1800_600,69,t_8_16,154.0,0.0,0.0,3.0,0.7261793931345127,0.7938722828598318,0.76949,0,1,stable
2505__1800_600,70,t_8_16,210.0,0.25,0.0,5.0,0.44372173551032174,0.6311851714285742,0.76949,0,0,mild
2505__1800_600,71,t_8_16,132.0,0.25,0.0,1.0,,0.7526462580515857,0.76949,0,1,mild
2505__1800_600,72,t_8_16,84.0,0.0,0.0,5.0,0.3912847273959794,0.36241763322783765,0.76949,1,0,stable
2505__1800_600,73,t_8_16,125.99945068359375,0.0,0.0,2.0,0.9855201980935452,0.6914764124559039,0.76949,0,0,stable
2505__1800_600,74,t_8_16,195.0,0.0,0.0,4.0,0.7847877530184647,0.6630682199440129,0.76949,0,0,stable
2505__1800_600,75,t_8_16,182.0,0.0,0.0,2.0,0.9553609029742174,0.6246276964753816,0.76949,0,0,stable
2505__1800_600,76,t_8_16,176.0,0.0,0.0,3.0,0.8610202853946953,0.6864382017277235,0.76949,0,0,stable
2505__1800_600,77,t_8_16,150.0,0.0,0.0,2.0,0.9728113727331088,0.7516631274603398,0.76949,0,1,stable
2505__1800_600,78,t_8_16,130.0,0.25,0.0,2.0,0.9950602425765319,0.8089497451987774,0.76949,0,1,mild
2505__1800_600,79,t_8_16,139.9993896484375,0.5,0.5,2.0,0.05869511917403021,0.6341507854496706,0.76949,0,0,mild
2505__1800_600,80,t_8_16,144.0,0.0,0.0,3.0,0.7822070927377273,0.7020452194530634,0.76949,0,0,stable
2505__1800_600,81,t_8_16,182.0,0.0,0.0,2.0,0.8685823487542462,0.5499733170822498,0.76949,0,0,stable
2505__1800_600,82,t_8_16,120.0,0.25,0.0,2.0,0.4511355817679958,0.7214897880395129,0.76949,0,0,mild
2505__1800_600,83,t_8_16,100.0,0.25,0.0,1.0,,0.4910671689754167,0.76949,1,0,mild
2505__1800_600,84,t_8_16,121.0,0.0,0.0,2.0,0.9999999998844133,0.48800354848808464,0.76949,1,0,stable
2505__1800_600,85,t_8_16,169.00079345703125,0.0,0.0,2.0,0.995575419677773,0.5658884525546672,0.76949,0,0,stable
2505__1800_600,86,t_8_16,98.99945068359375,0.0,0.0,1.0,,0.5629270749714336,0.76949,0,0,stable
2505__1800_600,88,t_8_16,108.0,0.5,0.0,1.0,,0.6057243831062584,0.76949,0,0,mild
2505__1800_600,89,t_8_16,143.0,0.0,0.0,1.0,,0.6503223079008716,0.76949,0,0,stable
2505__1800_600,90,t_8_16,210.0,0.0,0.0,4.0,0.9936764149686018,0,0,1,0,stable
2505__1800_600,91,t_8_16,144.0,0.0,0.0,3.0,0.9926025678042829,0,0,1,0,stable
2505__1800_600,92,s_16_32,266.0,0.0,0.0,4.0,0.9758593107684683,0.6439397744360909,0.76949,0,0,stable
2505__1800_600,93,t_8_16,194.9999008178711,0.0,0.0,3.0,0.9932299916850008,0.478575353846154,0.76949,1,0,stable
25112a9ec,0,t_8_16,70.0,0.25,0.25,3.0,0.4709395613313377,0.7289858781688805,0.9277,0,0,mild
2514__2113_0,0,t_8_16,112.0,0.0,0.0,2.0,0.9989784185151166,0.8791110280200394,0.7889,0,1,stable
2514__2113_0,1,t_8_16,72.000732421875,0.0,0.0,4.0,0.9528204978846958,0.6561893520409029,0.7889,0,0,stable
2514__2113_0,2,t_8_16,112.0,0.5,0.5,0.0,,0.8903579428901848,0.7889,0,1,mild
2514__2113_0,3,t_8_16,128.0,0.0,0.0,3.0,0.9694242067675122,0.8374979554908311,0.7889,0,1,stable
2514__2113_0,4,t_8_16,128.0,0.0,0.0,2.0,0.999428339604697,0.8752315173522329,0.7889,0,1,stable
2514__2113_0,5,t_8_16,128.0,0.0,0.0,2.0,0.9979085581832444,0.7276472612993584,0.7889,0,0,stable
2514__2113_0,6,t_8_16,96.0,0.0,0.0,3.0,0.9706828088147994,0.6714318588994479,0.7889,0,0,stable
2514__2113_0,7,t_8_16,96.0009765625,0.0,0.0,5.0,0.9937773792169932,0.7089209542057068,0.7889,0,0,stable
2514__2113_0,8,t_8_16,84.0008544921875,0.0,0.0,6.0,0.9547204020890249,0.6605686637455587,0.7889,0,0,stable
2514__2113_0,9,t_8_16,72.000732421875,0.0,0.0,3.0,0.926177590200776,0.6438492638595621,0.7889,0,0,stable
2514__2113_0,10,t_8_16,128.0,0.0,0.0,3.0,0.9818254952891666,0.7218741516588292,0.7889,0,0,stable
2514__2113_0,12,t_8_16,196.0,0.0,0.0,5.0,0.9355671558827721,0.6446222313295665,0.7889,0,0,stable
2514__2113_0,13,t_8_16,200.0,0.0,0.0,3.0,0.8917342271688852,0.6077758675783178,0.7889,0,0,stable
2514__2113_0,14,t_8_16,160.0,0.25,0.25,3.0,0.693615710652615,0.6381979674968471,0.7889,0,0,mild
2514__2113_0,15,t_8_16,112.0,0.25,0.25,1.0,,0.6552712077380745,0.7889,0,0,mild
2514__2113_0,16,t_8_16,160.0,0.0,0.0,3.0,0.946909063199546,0.5204495228148276,0.7889,0,0,stable
2514__2113_0,17,t_8_16,159.99969482421875,0.0,0.0,3.0,0.992204451280087,0.7031476430396398,0.7889,0,0,stable
2514__2113_0,18,t_8_16,96.0,0.0,0.0,2.0,0.949704335729428,0.591389597866595,0.7889,0,0,stable
2514__2113_0,19,t_8_16,128.0,0.0,0.0,3.0,0.866546028157609,0.6265135651587226,0.7889,0,0,stable
2514__2113_0,20,t_8_16,128.0,0.25,0.25,2.0,0.9913715904648633,0.6840377769003534,0.7889,0,0,mild
2514__2113_0,21,t_8_16,180.00013732910156,0.0,0.0,3.0,0.9950841249222802,0.6873513888888888,0.7889,0,0,stable
2514__2113_0,22,t_8_16,160.0,0.0,0.0,3.0,0.9769129278366484,0.7339648533890525,0.7889,0,0,stable
2514__2113_0,23,t_8_16,144.0,0.25,0.25,1.0,,0.7119259982889011,0.7889,0,0,mild
2514__2113_0,24,t_8_16,120.0,0.0,0.0,2.0,0.9937058480696814,0.7785768146752987,0.7889,0,1,stable
2514__2113_0,25,t_8_16,120.0,0.0,0.0,1.0,,0.8117961122474984,0.7889,0,1,stable
2514__2113_0,26,t_8_16,168.0,0.25,0.25,2.0,0.5412672154427463,0.6103144785538339,0.7889,0,0,mild
2514__2113_0,27,t_8_16,220.0,0.0,0.0,4.0,0.9824736690760207,0.573090299999997,0.7889,0,0,stable
2514__2113_0,28,s_16_32,320.0,0.25,0.0,9.0,0.5656303300346999,0.6988280284512897,0.7889,0,0,mild
2514__2113_0,29,t_8_16,88.0,0.0,0.0,1.0,,0.8062251656818682,0.7889,0,1,stable
2514__2113_0,30,t_8_16,130.0,0.0,0.0,2.0,0.9999999999959803,0.7701161538461506,0.7889,0,1,stable
2514__2113_0,31,t_8_16,69.9993896484375,0.25,0.25,3.0,0.6447030102553192,0.8320004775143833,0.7889,0,1,mild
2515__1800_0,0,t_8_16,160.0,0.0,0.0,2.0,0.8715562057706655,0.8741327400848158,0.76544,0,1,stable
2515__1800_0,1,t_8_16,160.00004577630898,0.0,0.0,3.0,0.9955220416502104,0.7905229634647221,0.76544,0,1,stable
2515__1800_0,2,s_16_32,264.0,0.0,0.0,4.0,0.9814859528082486,0.5768223554905286,0.76544,0,0,stable
2515__1800_0,4,t_8_16,140.0,0.0,0.0,1.0,,0.6595819827072837,0.76544,0,0,stable
2515__1800_0,5,t_8_16,96.0,0.0,0.0,5.0,0.9264787475610595,0.6346896518813054,0.76544,0,0,stable
2515__1800_0,6,t_8_16,162.0,0.0,0.0,3.0,0.8119943696579852,0.8051183154678736,0.76544,0,1,stable
2515__1800_0,7,t_8_16,134.99977111816406,0.0,0.0,3.0,0.9440367544861481,0.8996924851085896,0.76544,0,1,stable
2515__1800_0,8,t_8_16,180.0,0.25,0.0,3.0,0.14555133981002244,0.690006962182015,0.76544,0,0,mild
2545__3335_2400,0,s_16_32,288.0,0.0,0.0,7.0,0.9994163444240586,0.7516453055555541,0.78293,0,1,stable
2545__3335_2400,1,t_8_16,224.0,0.0,0.0,4.0,0.9987322089068305,0.7607260005737126,0.78293,0,1,stable
2545__3335_2400,2,t_8_16,168.0,0.0,0.0,2.0,0.9904589118486593,0.7041928369315814,0.78293,0,0,stable
2545__3335_2400,4,t_8_16,220.0,0.0,0.0,4.0,0.9847056578640121,0.6368537331761018,0.35272,0,0,stable
2545__3335_2400,5,s_16_32,307.9986572265625,0.0,0.0,4.0,0.9610356273219879,0.679542782733593,0.35272,0,0,stable
2545__3335_2400,6,t_8_16,224.0,0.0,0.0,5.0,0.08984547149848848,0.6603115960874189,0.78293,0,0,stable
2545__3335_2400,7,t_8_16,96.0,0.5,0.5,0.0,,0.543154426957472,0.78293,0,0,mild
2545__3335_2400,8,t_8_16,90.0,0.25,0.0,1.0,,0.42723381317071724,0.78293,1,0,mild
2545__3335_2400,9,t_8_16,156.0,0.3333333333333333,0.0,3.0,0.9023938806956785,0.42898456980316346,0.78293,1,0,mild
2560__3000_1800,0,s_16_32,504.0,0.25,0.0,9.0,0.42062341246935414,0.6894224556864259,0.81973,0,0,mild
2560__3000_1800,1,t_8_16,220.0,0.75,0.5,0.0,0.3676121281696832,0.3811434695950543,0.81973,1,0,high
2560__3000_1800,2,t_8_16,179.99972534179688,0.25,0.0,5.0,0.866312838236222,0.7624823344971999,0.81973,0,1,mild
2560__3000_1800,3,t_8_16,200.0,0.0,0.0,4.0,0.9494517458145938,0.6383954339358705,0.81973,0,0,stable
2560__3000_1800,4,s_16_32,560.0,0.0,0.0,6.0,0.9659080672383769,0.5492103124999993,0.81973,0,0,stable
2560__3000_1800,5,s_16_32,264.0,0.0,0.0,4.0,0.9432134240460964,0.47701697502840795,0.81973,1,0,stable
2560__3000_1800,6,s_16_32,264.0,0.0,0.0,4.0,0.9571262003560002,0.5336980248629506,0.81973,0,0,stable
2560__3000_1800,7,s_16_32,792.0,0.0,0.0,10.0,0.957806260199606,0.4505787537878786,0.81973,1,0,stable
2560__3000_1800,8,t_8_16,168.0,0.0,0.0,3.0,0.9847805829122035,0.5444031278417276,0.81973,0,0,stable
2560__3000_1800,9,s_16_32,288.0,0.0,0.0,6.0,0.9940775024128177,0.6476567536584922,0.81973,0,0,stable
2560__3000_1800,10,t_8_16,160.0,0.0,0.0,3.0,0.9809713656288456,0.7287609748916667,0.81973,0,0,stable
2560__3000_1800,11,t_8_16,140.0,0.5,0.0,2.0,0.379322115479996,0.1313422239646258,0.81973,1,0,mild
2560__3000_1800,12,t_8_16,144.0,0.0,0.0,2.0,0.9995613589505618,0.7569345792720427,0.81973,0,1,stable
2560__3000_1800,13,t_8_16,168.0,0.0,0.0,2.0,0.9989681323597459,0.7594348990977172,0.81973,0,1,stable
2560__3000_1800,14,t_8_16,144.0,0.0,0.0,2.0,0.9902267815052659,0.5745277077297842,0.81973,0,0,stable
2560__3000_1800,15,t_8_16,192.0,0.0,0.0,3.0,0.9424375900243612,0.6055955629186678,0.81973,0,0,stable
2560__3000_1800,16,t_8_16,180.0,0.0,0.0,4.0,0.9831804136191221,0.7025858005307852,0.81973,0,0,stable
2560__3000_1800,17,t_8_16,192.0,0.0,0.0,2.0,0.9918483498890239,0.777541891322618,0.81973,0,1,stable
2560__3000_1800,18,t_8_16,192.0,0.0,0.0,2.0,0.9924346259217294,0.6882540871580348,0.81973,0,0,stable
2560__3000_1800,19,t_8_16,140.0,0.0,0.0,3.0,0.9688363211877719,0.7531817774889649,0.81973,0,1,stable
2560__3000_1800,20,t_8_16,119.99969482421875,0.0,0.0,2.0,0.9975826340203453,0.7929717673614871,0.81973,0,1,stable
2560__3000_1800,21,t_8_16,168.0,0.0,0.0,2.0,0.7986514454436118,0.7105648144934235,0.81973,0,0,stable
2560__3000_1800,22,t_8_16,180.0,0.0,0.0,3.0,0.9977482698201019,0.8398718822655398,0.81973,0,1,stable
2560__3000_1800,23,t_8_16,160.0,0.0,0.0,1.0,,0.8300725385102008,0.81973,0,1,stable
2560__3000_1800,24,t_8_16,143.99945068359375,0.0,0.0,5.0,0.9931195836389431,0.8585979414821225,0.81973,0,1,stable
2560__3000_1800,25,t_8_16,128.0,0.0,0.0,3.0,0.992320337828456,0.9113865485875081,0.81973,0,1,stable
2560__3000_1800,26,t_8_16,160.0,0.0,0.0,1.0,,0.8093296252192586,0.81973,0,1,stable
2560__3000_1800,27,t_8_16,216.0,0.0,0.0,5.0,0.9328012160851563,0.711839962962957,0.81973,0,0,stable
2560__3000_1800,28,t_8_16,168.0,0.0,0.0,3.0,0.9966266510430537,0.6672554709856582,0.81973,0,0,stable
2560__3000_1800,29,t_8_16,224.0,0.0,0.0,5.0,0.9870474688081836,0.776502598214282,0.81973,0,1,stable
2560__3000_1800,30,t_8_16,140.0,0.0,0.0,2.0,0.9995826393805016,0.8888383802952148,0.81973,0,1,stable
2560__3000_1800,31,t_8_16,192.0,0.0,0.0,3.0,0.968158227393949,0.8157108385416727,0.81973,0,1,stable
2560__3000_1800,32,t_8_16,168.0,0.0,0.0,2.0,0.9514301832083469,0.7413562719943314,0.81973,0,0,stable
2560__3000_1800,33,t_8_16,192.0,0.0,0.0,2.0,0.9997170176149012,0.7593006249999998,0.81973,0,1,stable
2560__3000_1800,34,t_8_16,192.0,0.0,0.0,2.0,0.9990396558287656,0.761730604166669,0.81973,0,1,stable
2560__3000_1800,35,t_8_16,128.0,0.75,0.75,1.0,,0.7504298765733679,0.81973,0,1,high
2560__3000_1800,36,s_16_32,288.0,0.0,0.0,5.0,0.9992351784627908,0.7710219784707216,0.81973,0,1,stable
2560__3000_1800,37,s_16_32,264.0,0.25,0.0,6.0,0.6233624161437226,0.7348222517135681,0.81973,0,0,mild
2560__3000_1800,38,t_8_16,180.0,0.0,0.0,4.0,0.9927412200316185,0.833818178054409,0.81973,0,1,stable
2560__3000_1800,39,s_16_32,264.0,0.0,0.0,3.0,0.9618352058313342,0.5700395530303038,0.81973,0,0,stable
2560__3000_1800,40,t_8_16,240.0,0.0,0.0,4.0,0.9718566024857561,0.6546885416666672,0.81973,0,0,stable
2560__3000_1800,41,t_8_16,200.0,0.0,0.0,3.0,0.9971259959908019,0.7926082108458203,0.81973,0,1,stable
2560__3000_1800,42,t_8_16,220.0,0.0,0.0,4.0,0.9949271439637323,0.7457120776488977,0.81973,0,0,stable
2560__3000_1800,43,t_8_16,180.0,0.0,0.0,3.0,0.989681512969983,0.7168514888888852,0.81973,0,0,stable
2560__3000_1800,44,t_8_16,180.0,0.0,0.0,2.0,0.9818818656052022,0.7870576151377497,0.81973,0,1,stable
2560__3000_1800,45,t_8_16,180.0,0.0,0.0,3.0,0.9993165423769997,0.7252794718778913,0.81973,0,0,stable
2560__3000_1800,46,s_16_32,352.0,0.0,0.0,6.0,0.9286733788746788,0.0,0.15723,1,0,stable
2560__3000_1800,47,s_16_32,280.0,0.0,0.0,6.0,0.665415549364842,0.5874046071428553,0.81973,0,0,stable
2560__3000_1800,48,t_8_16,112.0,0.0,0.0,2.0,0.9182794627183547,0.6860610331018304,0.81973,0,0,stable
2560__3000_1800,49,t_8_16,159.99998092651367,0.25,0.0,6.0,0.4393315684595963,0.7086727677545867,0.81973,0,0,mild
2560__3000_1800,50,t_8_16,144.0,0.25,0.25,3.0,0.9765882423258324,0.915661833333333,0.81973,0,1,mild
2560__3000_1800,52,s_16_32,324.0,0.0,0.0,5.0,0.9946673562156074,0.6214675403032088,0.81973,0,0,stable
2560__3000_1800,53,t_8_16,180.0,0.0,0.0,2.0,0.9950538416011704,0.6070651110495173,0.81973,0,0,stable
2560__3000_1800,54,t_8_16,96.0,0.25,0.25,1.0,,0.44540255482905455,0.81973,1,0,mild
2560__3000_1800,55,t_8_16,160.0,0.0,0.0,2.0,0.9997212393836582,0.5984541301969623,0.81973,0,0,stable
2560__3000_1800,56,t_8_16,96.0,0.0,0.0,6.0,0.995374232675466,0.5803891301144647,0.81973,0,0,stable
2560__3000_1800,57,t_8_16,112.0,0.0,0.0,1.0,,0.5977453265289997,0.81973,0,0,stable
2560__3000_1800,58,t_8_16,112.0,0.0,0.0,2.0,0.9898167103003345,0.5493448611080065,0.81973,0,0,stable
2560__3000_1800,59,s_16_32,256.0,0.0,0.0,3.0,0.9990892072174054,0.5390866015624994,0.81973,0,0,stable
2560__3000_1800,60,t_8_16,127.99993896484375,0.0,0.0,4.0,0.9695229735651975,0.6700131952675429,0.81973,0,0,stable
2560__3000_1800,62,t_8_16,108.0,0.0,0.0,5.0,0.8524088045030781,0.7848323597694262,0.81973,0,1,stable
2560__3000_1800,63,t_8_16,144.0,0.5,0.5,1.0,,0.6175366183106357,0.81973,0,0,mild
2560__3000_1800,64,t_8_16,140.0,0.0,0.0,3.0,0.9928793031684745,0.5763531931168197,0.81973,0,0,stable
2560__3000_1800,65,t_8_16,160.0,0.25,0.0,5.0,0.8988746292174566,0.6588505038882416,0.81973,0,0,mild
2560__3000_1800,66,s_16_32,480.0,0.0,0.0,5.0,0.9791157664109696,0.5645595791666688,0.81973,0,0,stable
2560__3000_1800,67,t_8_16,98.0,0.0,0.0,2.0,0.9229012897672055,0.7570795344645591,0.81973,0,1,stable
2560__3000_1800,68,t_8_16,96.0,0.0,0.0,1.0,,0.6072348080351131,0.81973,0,0,stable
2560__3000_1800,69,t_8_16,180.0,0.0,0.0,2.0,0.9780506981880034,0.788935437510736,0.81973,0,1,stable
2560__3000_1800,70,t_8_16,180.0,0.0,0.0,3.0,0.9941655303935968,0.5305814038975929,0.81973,0,0,stable
2560__3000_1800,71,t_8_16,112.0,0.0,0.0,2.0,0.9737124358571527,0.6910922670044887,0.81973,0,0,stable
2560__3000_1800,72,t_8_16,120.0,0.25,0.0,5.0,0.7074287984650958,0.6136889482276472,0.81973,0,0,mild
2560__3000_1800,73,t_8_16,120.0,0.0,0.0,7.0,0.9763930828832162,0.6396582055006808,0.81973,0,0,stable
2560__3000_1800,74,t_8_16,180.0006103515625,0.0,0.0,3.0,0.9771149617527388,0.8122195555555556,0.81973,0,1,stable
2560__3000_1800,75,t_8_16,220.0,0.0,0.0,3.0,0.999231927773566,0.6978321000000002,0.81973,0,0,stable
2560__3000_1800,76,t_8_16,84.0,0.0,0.0,4.0,0.6513521391591056,0.540010103184089,0.81973,0,0,stable
2560__3000_1800,77,t_8_16,140.0,0.0,0.0,2.0,0.9966000167543769,0.8277434781574013,0.81973,0,1,stable
2560__3000_1800,78,t_8_16,144.0,0.0,0.0,2.0,0.9894007807474334,0.8503418059144834,0.81973,0,1,stable
2560__3000_1800,79,t_8_16,252.0,0.0,0.0,4.0,0.9834721153987352,0.7341616544067353,0.81973,0,0,stable
2560__3000_1800,80,t_8_16,127.99998474121094,0.0,0.0,6.0,0.9979405464155385,0.7696338735509434,0.81973,0,1,stable
2560__3000_1800,81,t_8_16,144.0,0.0,0.0,3.0,0.9202292148862788,0.5617911806365853,0.81973,0,0,stable
2560__3000_1800,82,t_8_16,84.0,0.25,0.0,5.0,0.42258966051847124,0.7338214643826647,0.81973,0,0,mild
2560__3000_1800,83,t_8_16,128.0,0.25,0.25,2.0,0.680258568135643,0.6946331079015381,0.81973,0,0,mild
2560__3000_1800,84,t_8_16,176.0,0.0,0.0,4.0,0.9995145370923986,0.6885236363636352,0.81973,0,0,stable
2560__3000_1800,85,t_8_16,200.0,0.0,0.0,3.0,0.9880868458478291,0.5237834048848248,0.81973,0,0,stable
2560__3000_1800,86,s_16_32,528.0,0.0,0.0,9.0,0.9882447200440796,0.6900550661957079,0.81973,0,0,stable
2560__3000_1800,87,t_8_16,192.0,0.0,0.0,3.0,0.9967058628119542,0.7649012854148562,0.81973,0,1,stable
2560__3000_1800,88,t_8_16,100.0,0.0,0.0,1.0,,0.6918973366733674,0.81973,0,0,stable
2560__3000_1800,89,t_8_16,111.99951171875,0.0,0.0,3.0,0.9800282543302177,0.6268591756717218,0.81973,0,0,stable
2560__3000_1800,90,t_8_16,199.99969482421875,0.0,0.0,2.0,0.9597074729051865,0.6950186133136511,0.81973,0,0,stable
2560__3000_1800,91,t_8_16,120.0,0.0,0.0,1.0,,0.677254548221438,0.81973,0,0,stable
2560__3000_1800,93,t_8_16,111.99998664855957,0.0,0.0,3.0,0.9575378709575529,0.6823528872763265,0.81973,0,0,stable
2560__3000_1800,94,s_16_32,324.0,0.0,0.0,7.0,0.9950736350338142,0.6964835998339111,0.81973,0,0,stable
2560__3000_1800,95,s_16_32,560.0,0.0,0.0,10.0,0.9893217979170035,0.7313676035714252,0.81973,0,0,stable
2560__3000_1800,96,t_8_16,96.0,0.0,0.0,1.0,,0.5945414112584888,0.81973,0,0,stable
2560__3000_1800,97,t_8_16,160.0,0.0,0.0,2.0,0.9989678779408195,0.6607266883106332,0.81973,0,0,stable
2560__3000_1800,98,t_8_16,140.0,0.0,0.0,1.0,,0.7255907260926839,0.81973,0,0,stable
2560__3000_1800,99,t_8_16,112.0,0.5,0.5,1.0,,0.5600275874645687,0.81973,0,0,mild
2560__3000_1800,100,t_8_16,96.0,0.0,0.0,3.0,0.9973552192483269,0.6376737047077622,0.81973,0,0,stable
2560__3000_1800,101,t_8_16,143.99993133544922,0.0,0.0,3.0,0.9997630403341646,0.7891417201583222,0.81973,0,1,stable
2560__3000_1800,102,t_8_16,144.0,0.0,0.0,2.0,0.9991383976865291,0.8121012032825929,0.81973,0,1,stable
2560__3000_1800,103,s_16_32,288.0,0.0,0.0,5.0,0.9666196398394535,0.661664499999995,0.81973,0,0,stable
2560__3000_1800,104,t_8_16,140.0,0.0,0.0,2.0,,0.6734867405936219,0.81973,0,0,stable
2560__3000_1800,105,t_8_16,160.0009765625,0.0,0.0,3.0,0.9952662764556179,0.6541146323383501,0.81973,0,0,stable
2560__3000_1800,106,t_8_16,112.0,0.25,0.25,3.0,0.991418377637527,0.7391070697165476,0.81973,0,0,mild
2560__3000_1800,107,t_8_16,132.0,0.0,0.0,7.0,0.6279733759693688,0.5796562692711873,0.81973,0,0,stable
2560__3000_1800,108,s_16_32,360.0000762939453,0.0,0.0,6.0,0.991726422878594,0.5477071955503251,0.81973,0,0,stable
2560__3000_1800,109,t_8_16,168.0,0.0,0.0,2.0,0.9914827572493163,0.6397433243515237,0.81973,0,0,stable
2560__3000_1800,110,t_8_16,168.0,0.0,0.0,3.0,0.9437843600000345,0.672191718077596,0.81973,0,0,stable
2560__3000_1800,111,s_16_32,280.0,0.0,0.0,7.0,0.9793215981958124,0.49811284419034335,0.81973,1,0,stable
2560__3000_1800,112,t_8_16,180.0,0.25,0.0,5.0,0.9267254772426547,0.6949887551237132,0.81973,0,0,mild
2560__3000_1800,113,t_8_16,160.0,0.0,0.0,2.0,0.990049709674547,0.7821044268452839,0.81973,0,1,stable
2560__3000_1800,114,t_8_16,112.0,0.5,0.5,1.0,,0.7598396657341717,0.81973,0,1,mild
2560__3000_1800,115,t_8_16,140.0,0.0,0.0,4.0,0.9188099579852808,0.6001028116301442,0.81973,0,0,stable
2560__3000_1800,116,t_8_16,192.0,0.5,0.5,0.0,,0.7166738066227504,0.81973,0,0,mild
2560__3000_1800,117,t_8_16,112.0001220703125,0.5,0.5,1.0,,0.7268877034741266,0.81973,0,0,mild
2560__3000_1800,118,s_16_32,352.0,0.0,0.0,7.0,0.9979671271956497,0.4991590622055412,0.81973,1,0,stable
2560__3000_1800,119,t_8_16,128.0,0.75,0.75,1.0,,0.5611330019054781,0.81973,0,0,high
2560__3000_1800,120,t_8_16,176.0,0.0,0.0,4.0,0.9986735670543831,0.7321283530684098,0.81973,0,0,stable
2560__3000_1800,121,t_8_16,120.0,0.0,0.0,7.0,0.8760035521114721,0.43133522043763195,0.81973,1,0,stable
2560__3000_1800,122,t_8_16,110.0,0.0,0.0,1.0,,0.6992731128348214,0.81973,0,0,stable
2560__3000_1800,123,t_8_16,112.0,0.25,0.25,3.0,0.7412322029416468,0.656458482633206,0.81973,0,0,mild
2560__3000_1800,124,t_8_16,120.0,0.0,0.0,2.0,0.98173268263296,0.6999216832864319,0.81973,0,0,stable
2560__3000_1800,125,t_8_16,140.0,0.0,0.0,2.0,0.999852302098325,0.7703195928968177,0.81973,0,1,stable
2560__3000_1800,126,t_8_16,168.0,0.0,0.0,2.0,0.9949047073300306,0.6975982455252786,0.81973,0,0,stable
2560__3000_1800,127,t_8_16,120.0,0.0,0.0,3.0,0.9348074518641002,0.6951028987155004,0.81973,0,0,stable
2560__3000_1800,128,s_16_32,256.0,0.0,0.0,5.0,0.9947402980769185,0.5715932605536004,0.81973,0,0,stable
2560__3000_1800,129,t_8_16,96.0,0.25,0.25,1.0,,0.5063792535353538,0.81973,0,0,mild
2560__3000_1800,130,t_8_16,144.0,0.0,0.0,4.0,0.997040211614354,0.577626991122813,0.81973,0,0,stable
2560__3000_1800,131,t_8_16,120.0,0.0,0.0,1.0,,0.7336539307858436,0.81973,0,0,stable
2560__3000_1800,132,t_8_16,140.0,0.0,0.0,1.0,,0.7602479923275866,0.81973,0,1,stable
2560__3000_1800,133,t_8_16,96.0,0.0,0.0,3.0,0.9796064789388487,0.5556086973838773,0.81973,0,0,stable
2560__3000_1800,134,t_8_16,180.0,0.5,0.0,5.0,0.006164671739971569,0.8502265611111111,0.81973,0,1,mild
2560__3000_1800,135,t_8_16,200.0,0.0,0.0,2.0,0.9901355362631485,0.6007709888846668,0.81973,0,0,stable
2560__3000_1800,136,t_8_16,160.0,0.0,0.0,2.0,0.9721632346031795,0.7488556654994912,0.81973,0,0,stable
2560__3000_1800,137,t_8_16,144.0,0.0,0.0,4.0,0.761447961233932,0.5775587349463013,0.81973,0,0,stable
2560__3000_1800,138,t_8_16,108.0,0.0,0.0,3.0,0.9607637476323891,0.6412511230485999,0.81973,0,0,stable
2560__3000_1800,139,t_8_16,119.9996337890625,0.0,0.0,4.0,0.9916709757392068,0.6549092187546307,0.81973,0,0,stable
2560__3000_1800,140,t_8_16,160.0,0.0,0.0,3.0,0.9108251793830793,0.661243735473745,0.81973,0,0,stable
2560__3000_1800,141,s_16_32,480.0,0.0,0.0,9.0,0.8998579443081558,0.7042337981575215,0.81973,0,0,stable
2560__3000_1800,142,t_8_16,216.0,0.25,0.0,6.0,0.7946513268180592,0.6062362948189004,0.81973,0,0,mild
2560__3000_1800,143,t_8_16,139.99957275390625,0.0,0.0,2.0,0.9977579070620133,0.6929062240949874,0.81973,0,0,stable
2560__3000_1800,144,t_8_16,96.0,0.0,0.0,1.0,,0.6165282685637182,0.81973,0,0,stable
2560__3000_1800,145,t_8_16,120.0,0.0,0.0,2.0,0.9988434178128042,0.7698248728946514,0.81973,0,1,stable
2560__3000_1800,146,t_8_16,160.0,0.25,0.0,3.0,0.5179364258089706,0.7695521825027664,0.81973,0,1,mild
2560__3000_1800,147,t_8_16,208.0,0.0,0.0,3.0,0.9923204433403543,0.4659860370121834,0.81973,1,0,stable
2560__3000_1800,150,t_8_16,240.0,0.0,0.0,5.0,0.6557404826600838,0.6763897346499514,0.81973,0,0,stable
2560__3000_1800,151,t_8_16,252.0,0.0,0.0,3.0,0.9992303239066006,0.7008706242185032,0.81973,0,0,stable
2560__3000_1800,152,t_8_16,112.0,0.0,0.0,2.0,,0.7035102067263695,0.81973,0,0,stable
2560__3000_1800,153,t_8_16,120.0,0.0,0.0,1.0,,0.7335413493590927,0.81973,0,0,stable
2560__3000_1800,154,t_8_16,160.0,0.0,0.0,3.0,0.9328240000893351,0.6504085210774513,0.81973,0,0,stable
2560__3000_1800,155,s_16_32,264.0,0.0,0.0,7.0,0.9934124331345119,0.7617130075757569,0.81973,0,1,stable
2560__3000_1800,156,t_8_16,192.0,0.0,0.0,2.0,0.9323621436031588,0.7231998491868437,0.81973,0,0,stable
2560__3000_1800,157,t_8_16,140.0,0.0,0.0,2.0,0.9984042774279487,0.8761913341064724,0.81973,0,1,stable
2560__3000_1800,158,t_8_16,180.0,0.0,0.0,3.0,0.9992669251055754,0.6681897333333408,0.81973,0,0,stable
2560__3000_1800,159,t_8_16,160.0,0.0,0.0,3.0,0.9943675736224603,0.6929109865514147,0.81973,0,0,stable
2560__3000_1800,160,t_8_16,84.0,0.0,0.0,1.0,,0.7244186698957242,0.81973,0,0,stable
2560__3000_1800,161,t_8_16,84.0,0.0,0.0,3.0,0.7305781252594257,0.6327803164823632,0.81973,0,0,stable
2560__3000_1800,162,t_8_16,143.9999656677246,0.0,0.0,5.0,0.9598070211679914,0.715024661756082,0.81973,0,0,stable
2560__3000_1800,163,t_8_16,160.0,0.0,0.0,3.0,0.9960859946447195,0.5840021345651568,0.81973,0,0,stable
2560__3000_1800,164,t_8_16,180.0,0.0,0.0,3.0,0.9919450865063685,0.8125376092393095,0.81973,0,1,stable
2560__3000_1800,165,t_8_16,112.0,0.5,0.5,1.0,,0.6162062674836382,0.81973,0,0,mild
2560__3000_1800,166,t_8_16,160.0,0.0,0.0,3.0,0.9736256982895242,0.7518654745543016,0.81973,0,1,stable
2560__3000_1800,167,t_8_16,108.0,0.0,0.0,3.0,0.9958658026317682,0.5705182085033065,0.81973,0,0,stable
2560__3000_1800,168,s_16_32,528.0,0.0,0.0,10.0,0.99162562274863,0.39963106060606307,0.81973,1,0,stable
2560__3000_1800,169,t_8_16,160.0,0.25,0.25,3.0,0.9952260159885966,0.7426229955805106,0.81973,0,0,mild
2560__3000_1800,170,t_8_16,95.9996337890625,0.0,0.0,4.0,0.9865089374805162,0.574175976132653,0.81973,0,0,stable
2560__3000_1800,171,t_8_16,200.0,0.0,0.0,2.0,0.9996674308517451,0.7201415864370256,0.81973,0,0,stable
2560__3000_1800,172,t_8_16,167.99997329711914,0.0,0.0,2.0,0.998906677177676,0.8341962260730859,0.81973,0,1,stable
2560__3000_1800,173,t_8_16,176.0,0.75,0.5,2.0,0.5300416641588189,0.6819903044958423,0.81973,0,0,high
2560__3000_1800,174,t_8_16,108.0003662109375,0.0,0.0,5.0,0.9686578416018585,0.6004338303371107,0.81973,0,0,stable
2560__3000_1800,175,t_8_16,96.0,0.0,0.0,4.0,0.998706386923508,0.6018187241541018,0.81973,0,0,stable
2560__3000_1800,176,t_8_16,112.0001220703125,0.0,0.0,2.0,0.9976688995603855,0.7483099002769614,0.81973,0,0,stable
2560__3000_1800,177,t_8_16,72.0,0.0,0.0,3.0,0.9847112916365652,0.6470762766145394,0.81973,0,0,stable
2560__3000_1800,178,t_8_16,128.0,0.25,0.25,3.0,0.8362396148972014,0.7013292919993446,0.81973,0,0,mild
2560__3000_1800,179,t_8_16,111.99994659423828,0.0,0.0,5.0,0.9940349674691661,0.7723422504193672,0.81973,0,1,stable
2560__3000_1800,180,t_8_16,128.0,0.0,0.0,2.0,0.9978070011043441,0.5886382659911423,0.81973,0,0,stable
2560__3000_1800,181,s_16_32,308.0,0.0,0.0,4.0,0.999839683633043,0.6098707284707501,0.81973,0,0,stable
2560__3000_1800,182,s_16_32,628.999870300293,0.0,0.0,10.0,0.872308113166972,0.0,0.81973,1,0,stable
2560__3000_1800,183,s_16_32,340.0,0.0,0.0,7.0,0.9985322506477013,0.7327452048453146,0.81973,0,0,stable
2560__3000_1800,184,t_8_16,108.0,0.0,0.0,3.0,0.9973204032702934,0.6308952911798744,0.81973,0,0,stable
2591__1800_1200,0,t_8_16,252.0,0.0,0.0,3.0,0.9970306931099077,0.7873137019163525,0.79084,0,1,stable
2591__1800_1200,1,t_8_16,240.0,0.0,0.0,4.0,0.9832539284159606,0.8541146228351185,0.79084,0,1,stable
2591__1800_1200,2,t_8_16,216.0,0.0,0.0,3.0,0.9979194097986969,0.6941389394340155,0.79084,0,0,stable
2591__1800_1200,3,t_8_16,120.0,0.0,0.0,2.0,0.9999999999913269,0.7076776979584171,0.79084,0,0,stable
2591__1800_1200,4,s_16_32,384.0,0.0,0.0,6.0,0.9837921207860875,0.7578692939498372,0.79084,0,1,stable
2591__1800_1200,5,t_8_16,96.0,0.0,0.0,2.0,0.7743077527092566,0.7166727731914992,0.79084,0,0,stable
2591__1800_1200,6,t_8_16,168.0,0.0,0.0,2.0,0.8495418251503531,0.7998972853109717,0.79084,0,1,stable
2591__1800_1200,7,t_8_16,192.0,0.0,0.0,3.0,0.9914689997169982,0.7549738541666665,0.79084,0,1,stable
2591__1800_1200,8,s_16_32,640.0,0.0,0.0,10.0,0.6505885515957701,0.7094892583713948,0.79084,0,0,stable
2591__1800_1200,9,t_8_16,224.0,0.0,0.0,3.0,0.9848666793240397,0.8018576517857112,0.79084,0,1,stable
2591__1800_1200,10,t_8_16,120.0,0.0,0.0,2.0,0.9978452021914405,0.7161355351558732,0.79084,0,0,stable
2591__1800_1200,11,t_8_16,64.0,0.0,0.0,1.0,,0.3651217452819424,0.79084,1,0,stable
2591__1800_1200,12,t_8_16,180.0,0.0,0.0,4.0,0.9994919942256277,0.7326676660601795,0.79084,0,0,stable
2591__1800_1200,13,t_8_16,112.0,0.25,0.0,2.0,0.19205661629822698,0.6808929708847729,0.79084,0,0,mild
2591__1800_1200,14,t_8_16,72.0,0.0,0.0,2.0,0.9957506004684777,0.4469741960297255,0.79084,1,0,stable
2591__1800_1200,15,t_8_16,100.0,0.5,0.0,2.0,0.9999999997508424,0.6317942535404788,0.79084,0,0,mild
2591__1800_1200,16,t_8_16,80.0,0.25,0.0,3.0,0.888288695516575,0.4733145501713013,0.79084,1,0,mild
2591__1800_1200,18,t_8_16,119.99981689453125,0.0,0.0,1.0,0.9984078069874011,0.7324202751806477,0.79084,0,0,stable
2591__1800_1200,19,t_8_16,112.0,0.25,0.25,2.0,0.9518958899451735,0.49748577773121017,0.79084,1,0,mild
2591__1800_1200,20,t_8_16,160.0000762939453,0.0,0.0,3.0,0.9737668785891292,0.6750613887012092,0.79084,0,0,stable
2591__1800_1200,21,t_8_16,96.0,0.5,0.5,1.0,,0.4727284600994011,0.79084,1,0,mild
2591__1800_1200,23,t_8_16,100.0,0.0,0.0,1.0,,0.5209264744685108,0.79084,0,0,stable
2591__1800_1200,24,t_8_16,252.0,0.0,0.0,3.0,0.9004975210695945,0.7405220212155271,0.79084,0,0,stable
2591__1800_1200,25,t_8_16,72.0,0.0,0.0,2.0,0.9584505989583437,0.537402040005014,0.79084,0,0,stable
2591__1800_1200,26,t_8_16,79.99984741210938,0.0,0.0,2.0,0.9214965290427688,0.524372423872988,0.79084,0,0,stable
2591__1800_1200,27,t_8_16,128.0,0.0,0.0,2.0,0.9870174807104003,0.7380257391517133,0.79084,0,0,stable
2591__1800_1200,28,t_8_16,100.0,0.0,0.0,2.0,0.88654282182148,0.726941637620364,0.79084,0,0,stable
2591__1800_1200,29,t_8_16,160.0,0.0,0.0,3.0,0.9637641833080087,0.5816691662573886,0.79084,0,0,stable
2591__1800_1200,30,t_8_16,224.0,0.0,0.0,2.0,0.9994389398263374,0.7030592633928558,0.79084,0,0,stable
2591__1800_1200,31,s_16_32,264.0,0.0,0.0,5.0,0.795594412631663,0.5412598537704438,0.79084,0,0,stable
2591__1800_1200,32,t_8_16,192.0,0.0,0.0,3.0,0.9889005957064119,0.5794495779674554,0.79084,0,0,stable
2591__1800_1200,33,t_8_16,140.0,0.0,0.0,2.0,0.9985690979793355,0.7017375789594911,0.79084,0,0,stable
2591__1800_1200,34,t_8_16,72.0,0.0,0.0,1.0,,0.6233791060986043,0.79084,0,0,stable
2591__1800_1200,36,t_8_16,80.0,0.25,0.0,3.0,0.587401185379052,0.5579792398900444,0.79084,0,0,mild
2591__1800_1200,37,t_8_16,100.0,0.0,0.0,1.0,,0.6700466859048684,0.79084,0,0,stable
2591__1800_1200,38,t_8_16,64.0,0.0,0.0,1.0,,0.415263239130608,0.79084,1,0,stable
2591__1800_1200,39,t_8_16,119.99969482421875,0.0,0.0,2.0,0.9654826756525562,0.7297576094288866,0.79084,0,0,stable
2591__1800_1200,40,t_8_16,144.0,0.0,0.0,2.0,0.9651196068854841,0.35319728323988214,0.79084,1,0,stable
2591__1800_1200,41,t_8_16,240.0,0.25,0.0,7.0,0.38187160904467743,0.6271098333333361,0.79084,0,0,mild
2591__1800_1200,42,t_8_16,120.0,0.0,0.0,1.0,,0.7560433079340819,0.79084,0,1,stable
2591__1800_1200,43,t_8_16,240.0,0.0,0.0,2.0,0.988870650566205,0.6458079691508762,0.79084,0,0,stable
2591__1800_1200,44,t_8_16,119.99981689453125,0.5,0.5,0.0,,0.7592683014923091,0.79084,0,1,mild
2591__1800_1200,45,t_8_16,139.99969482421875,0.0,0.0,2.0,0.9915993189423062,0.7430024543584249,0.79084,0,0,stable
2591__1800_1200,46,t_8_16,139.99989318847656,0.0,0.0,2.0,0.9881931140857525,0.6723323905154074,0.79084,0,0,stable
2591__1800_1200,47,t_8_16,100.0,0.25,0.0,3.0,0.6853929986588938,0.6990199385226684,0.79084,0,0,mild
2591__1800_1200,48,t_8_16,144.0,0.0,0.0,3.0,0.9845543447000649,0.6279615194219518,0.79084,0,0,stable
2591__1800_1200,49,s_16_32,352.0,0.0,0.0,7.0,0.9877585794917221,0.5886538395590121,0.79084,0,0,stable
2591__1800_1200,50,t_8_16,111.999755859375,0.0,0.0,2.0,0.973009672628293,0.6833451462666591,0.79084,0,0,stable
2591__1800_1200,51,t_8_16,140.0,0.0,0.0,3.0,0.7518469689498264,0.8406018449441054,0.79084,0,1,stable
2591__1800_1200,52,t_8_16,192.0,0.0,0.0,4.0,0.9946699292673363,0.5658715150819994,0.79084,0,0,stable
2591__1800_1200,53,t_8_16,160.0,0.0,0.0,2.0,0.9697753818643274,0.5140575147731661,0.79084,0,0,stable
2591__1800_1200,56,t_8_16,80.0,0.5,0.5,0.0,,0.5865438336273499,0.79084,0,0,mild
2591__1800_1200,57,t_8_16,234.0,0.0,0.0,7.0,0.9879501489259985,0.6300832777777763,0.79084,0,0,stable
2591__1800_1200,59,t_8_16,64.0,0.0,0.0,1.0,,0.3665839254289022,0.79084,1,0,stable
2591__1800_1200,60,t_8_16,120.0,0.0,0.0,2.0,0.9947157054318149,0.6136263156965173,0.79084,0,0,stable
2591__1800_1200,61,t_8_16,80.0,0.25,0.25,2.0,0.9403816981970615,0.47523331951097425,0.79084,1,0,mild
2591__1800_1200,62,t_8_16,80.0,0.0,0.0,1.0,,0.6018170843773731,0.79084,0,0,stable
2591__1800_1200,63,t_8_16,96.0,0.5,0.5,0.0,,0.6089642583652612,0.79084,0,0,mild
2591__1800_1200,64,t_8_16,169.0,0.0,0.0,2.0,0.9965806328417889,0.7774205384099289,0.79084,0,1,stable
2591__1800_1200,65,t_8_16,156.0,0.25,0.0,3.0,0.4634829613397025,0.7746811469859782,0.79084,0,1,mild
2591__1800_1200,66,t_8_16,135.0,0.0,0.0,2.0,,0.8083017277586676,0.79084,0,1,stable
2591__1800_1200,67,t_8_16,182.0,0.25,0.0,2.0,0.8238783456302353,0.6268383804303104,0.79084,0,0,mild
2591__1800_1200,68,t_8_16,209.0,0.0,0.0,5.0,0.9943423405520226,0.6759378722194669,0.79084,0,0,stable
2591__1800_1200,69,s_16_32,260.0,0.0,0.0,4.0,0.9378340701897394,0.8455620497688476,0.79084,0,1,stable
2591__1800_1800,1,t_8_16,72.0,0.0,0.0,2.0,0.997432398578779,0.48191772031965296,0.78003,1,0,stable
2591__1800_1800,2,t_8_16,100.0,0.5,0.0,1.0,,0.6308491377533308,0.78003,0,0,mild
2591__1800_1800,3,s_16_32,364.0,0.0,0.0,7.0,0.9910822185464067,0.5853821978022001,0.78003,0,0,stable
2591__1800_1800,4,t_8_16,180.0,0.0,0.0,3.0,0.9645312970957269,0.7002096558764697,0.78003,0,0,stable
2591__1800_1800,5,s_16_32,336.0,0.0,0.0,5.0,0.9995676801249309,0.6154660692348471,0.78003,0,0,stable
2591__1800_1800,6,t_8_16,239.9993896484375,0.0,0.0,3.0,0.9641847185677161,0.4991835836974883,0.78003,1,0,stable
2591__1800_1800,7,t_8_16,100.0,0.0,0.0,1.0,,0.7073360094861713,0.78003,0,0,stable
2591__1800_1800,8,t_8_16,200.0,0.0,0.0,2.0,0.9745530342609755,0.4616292128148763,0.78003,1,0,stable
2591__1800_1800,9,t_8_16,100.0,0.0,0.0,1.0,,0.7209708339468195,0.78003,0,0,stable
2591__1800_1800,10,t_8_16,240.0,0.0,0.0,7.0,0.583420320420181,0.637689974999999,0.78003,0,0,stable
2591__1800_1800,11,t_8_16,120.0,0.0,0.0,2.0,0.9962525372198773,0.7644269445341677,0.78003,0,1,stable
2591__1800_1800,12,t_8_16,128.0,0.5,0.5,1.0,,0.6014657388270711,0.78003,0,0,mild
2591__1800_1800,13,t_8_16,144.0,0.0,0.0,2.0,0.8813241004698688,0.701525207391826,0.78003,0,0,stable
2591__1800_1800,14,t_8_16,100.0,0.25,0.0,2.0,0.5693624387897775,0.6563573947087086,0.78003,0,0,mild
2591__1800_1800,15,t_8_16,216.0,0.0,0.0,6.0,0.995478186265713,0.6482082757347573,0.78003,0,0,stable
2591__1800_1800,16,t_8_16,112.0,0.0,0.0,2.0,0.9924323155223759,0.7738492621371467,0.78003,0,1,stable
2591__1800_1800,17,t_8_16,160.0,0.0,0.0,3.0,0.9979190776154481,0.7625151450917951,0.78003,0,1,stable
2591__1800_1800,18,t_8_16,192.0,0.0,0.0,4.0,0.9934028795164461,0.5795531500756,0.78003,0,0,stable
2591__1800_1800,19,t_8_16,160.0,0.0,0.0,3.0,0.969330892697473,0.5038644975998505,0.78003,0,0,stable
2591__1800_1800,20,s_16_32,816.0,0.0,0.0,10.0,0.7433007750819206,0.326105123552692,0.78003,1,0,stable
2591__1800_1800,22,t_8_16,84.0008544921875,0.0,0.0,2.0,0.8631108983918122,0.46550395674484035,0.78003,1,0,stable
2591__1800_1800,23,s_16_32,288.0,0.0,0.0,7.0,0.9960235247369574,0.6508748437499994,0.78003,0,0,stable
2591__1800_1800,24,s_16_32,504.0,0.0,0.0,8.0,0.8946149338764049,0.9241268750391062,0.78003,0,1,stable
2591__1800_1800,25,t_8_16,80.0,0.0,0.0,1.0,,0.5453707864175841,0.78003,0,0,stable
2591__1800_1800,26,t_8_16,150.0,0.0,0.0,2.0,0.9995810458848556,0.8125045406442968,0.78003,0,1,stable
2591__1800_1800,27,t_8_16,231.0,0.0,0.0,3.0,0.9706277685089649,0.8080719249698493,0.78003,0,1,stable
2591__1800_1800,28,s_16_32,338.00079345703125,0.0,0.0,6.0,0.9884609462839354,0.8195625586619207,0.78003,0,1,stable
2591__1800_1800,29,t_8_16,107.99972534179688,0.0,0.0,1.0,,0.5648528001970877,0.78003,0,0,stable
2591__1800_1800,30,s_16_32,345.0,0.0,0.0,6.0,0.7661793159405884,0.48495649552891407,0.78003,1,0,stable
2591__1800_1800,31,t_8_16,153.0,0.0,0.0,3.0,0.997773225019203,0.9224167766144967,0.78003,0,1,stable
2591__1800_1800,32,t_8_16,171.0,0.0,0.0,2.0,0.9948519163239229,0.7676704712617133,0.78003,0,1,stable
2591__1800_1800,33,t_8_16,102.00009155273438,0.75,0.5,5.0,0.1291124597248841,0.5262414532046253,0.78003,0,0,high
2591__1800_1800,34,t_8_16,176.0,0.0,0.0,3.0,0.9765239784437891,0.6661789513218952,0.78003,0,0,stable
2591__1800_1800,35,t_8_16,120.0,0.0,0.0,3.0,0.7548099032510696,0.5653429228179087,0.78003,0,0,stable
2591__1800_1800,36,t_8_16,204.0,0.25,0.0,5.0,0.32651967899166884,0.6070647408722181,0.78003,0,0,mild
2591__1800_1800,37,t_8_16,238.0,0.3333333333333333,0.0,5.0,0.41817862251240945,0.5749370594864966,0.78003,0,0,mild
2591__1800_1800,38,t_8_16,144.0,0.5,0.0,3.0,0.0397001312754681,0.6463080290873376,0.78003,0,0,mild
2608__2400_1800,0,t_8_16,192.0,0.0,0.0,3.0,0.9918119918791722,0.8613308453996081,0.82504,0,1,stable
26f12ebc3,0,t_8_16,132.0,0.5,0.0,4.0,0.1526275724975369,0.7092581800167836,0.66136,0,0,mild
26f12ebc3,1,s_16_32,272.0,0.25,0.0,5.0,0.22423993954293014,0.6683394644703454,0.66136,0,0,mild
287a0b8c8,0,t_8_16,189.0,0.0,0.0,4.0,0.8518662218330422,0.7756463971994366,0.64372,0,1,stable
2a5abe21e,0,s_16_32,594.0,0.25,0.0,10.0,0.1943529017607606,0.6614076109936611,0.61577,0,0,mild
2a5abe21e,1,t_8_16,220.0,0.5,0.0,2.0,0.3460067514494807,0.8092312681818155,0.61577,0,1,mild
2cb1bdce5,0,t_8_16,221.0,0.0,0.0,3.0,0.8422539419403515,0.5854042687714256,0.50465,0,0,stable
2df38466c,0,t_8_16,210.0,0.0,0.0,4.0,0.7277011064545007,0.7598993122476956,0.46406,0,1,stable
2fc371d2c,1,t_8_16,140.0,0.25,0.0,6.0,0.30042910936698397,0.6542146448790713,0.91115,0,0,mild
311__3963_2400,0,s_16_32,416.0,0.0,0.0,8.0,0.9988232800600298,0.7315352282646589,0.80597,0,0,stable
311__3963_2400,1,s_16_32,308.0,0.0,0.0,7.0,0.9965908374446553,0.896117582877104,0.80597,0,1,stable
311__3963_2400,2,t_8_16,176.0,0.25,0.25,4.0,0.7659775819485182,0.4591272385217176,0.80597,1,0,mild
311__3963_2400,3,t_8_16,234.0,0.0,0.0,5.0,0.9980311928632617,0.8792908272691661,0.80597,0,1,stable
311__3963_2400,4,t_8_16,168.0,0.0,0.0,3.0,0.9923328117582624,0.8436335901322445,0.80597,0,1,stable
311__3963_2400,5,t_8_16,237.99948120117188,0.0,0.0,3.0,0.9948101217650815,0.7206521625909581,0.80597,0,0,stable
311__3963_2400,6,s_16_32,256.0,0.0,0.0,4.0,0.883412113884575,0.6890978408952416,0.80597,0,0,stable
311__3963_2400,7,t_8_16,191.9996337890625,0.0,0.0,3.0,0.9696434989704473,0.7049437387333501,0.80597,0,0,stable
311__3963_2400,8,t_8_16,181.99920654296875,0.0,0.0,3.0,0.9988696272873071,0.7989012316300342,0.80597,0,1,stable
311__3963_2400,9,t_8_16,224.0,0.0,0.0,3.0,0.985110952255254,0.9024346876397723,0.80597,0,1,stable
311__3963_2400,10,s_16_32,319.9993896484375,0.0,0.0,5.0,0.9331488984190973,0.7977319000000005,0.80597,0,1,stable
311__3963_2400,11,t_8_16,234.00054931640625,0.0,0.0,5.0,0.9644945445163078,0.854952785608091,0.80597,0,1,stable
311__3963_2400,12,s_16_32,288.0,0.0,0.0,3.0,0.9547775333107824,0.6420357187500009,0.80597,0,0,stable
311__3963_2400,13,s_16_32,288.0,0.0,0.0,4.0,0.9563394728933992,0.7053944500639852,0.80597,0,0,stable
311__3963_2400,14,s_16_32,363.9984130859375,0.0,0.0,8.0,0.9724840919456645,0.8691261761949479,0.80597,0,1,stable
311__3963_2400,15,t_8_16,252.0,0.0,0.0,4.0,0.9895487615019839,0.7516903294174828,0.80597,0,1,stable
311__3963_2400,16,t_8_16,180.0,0.0,0.0,4.0,0.9696931438362357,0.7377541641718958,0.80597,0,0,stable
311__3963_2400,17,t_8_16,159.99969482421875,0.0,0.0,3.0,0.9711857273477308,0.7451178584163968,0.80597,0,0,stable
311__3963_2400,18,t_8_16,160.0,0.25,0.25,2.0,0.7896222950460086,0.6868611984167569,0.80597,0,0,mild
311__3963_2400,19,t_8_16,160.0,0.25,0.25,3.0,0.9277175143517954,0.6957163189576514,0.80597,0,0,mild
311__3963_2400,20,t_8_16,210.0,0.0,0.0,3.0,0.9905705564385138,0.7104967126116742,0.80597,0,0,stable
311__3963_2400,21,t_8_16,180.0,0.0,0.0,4.0,0.5399467340556473,0.7847297697471619,0.80597,0,1,stable
311__3963_2400,22,t_8_16,219.99984741210938,0.0,0.0,2.0,0.9665610284689437,0.9084607311859978,0.80597,0,1,stable
311__3963_2400,23,t_8_16,127.9998779296875,0.0,0.0,3.0,0.9480909632060905,0.8353473815819998,0.80597,0,1,stable
311__3963_2400,24,t_8_16,167.999267578125,0.0,0.0,3.0,0.9995332642126856,0.7507669456766177,0.80597,0,1,stable
311__3963_2400,25,s_16_32,270.0,0.0,0.0,4.0,0.8176309039030566,0.5642169088684701,0.80597,0,0,stable
311__3963_2400,26,t_8_16,167.999267578125,0.0,0.0,3.0,0.9990730853740266,0.8227860648877301,0.80597,0,1,stable
311__3963_2400,27,t_8_16,140.0,0.0,0.0,2.0,0.9622902101581015,0.7787415883527994,0.80597,0,1,stable
311__3963_2400,28,t_8_16,168.0,0.0,0.0,2.0,0.9973246363729077,0.7631132873373132,0.80597,0,1,stable
311__3963_2400,29,t_8_16,191.999267578125,0.0,0.0,3.0,0.9608803072550269,0.8545549035132013,0.80597,0,1,stable
311__3963_2400,30,t_8_16,216.0,0.25,0.0,2.0,0.6639484875057172,0.7191113352106627,0.80597,0,0,mild
311__3963_2400,31,t_8_16,238.0008544921875,0.0,0.0,3.0,0.9980177347538257,0.7683184243697455,0.80597,0,1,stable
311__3963_2400,32,t_8_16,252.0,0.0,0.0,5.0,0.9439497639668163,0.785836025030103,0.80597,0,1,stable
311__3963_2400,33,t_8_16,199.99984741210938,0.0,0.0,3.0,0.9993461436839332,0.8978177989411849,0.80597,0,1,stable
311__3963_2400,34,t_8_16,200.0,0.0,0.0,2.0,0.5689196040531109,0.5915765249999998,0.80597,0,0,stable
311__3963_2400,35,s_16_32,264.0,0.0,0.0,5.0,0.9964905422968315,0.5812327348484839,0.80597,0,0,stable
311__3963_2400,36,s_16_32,300.0,0.0,0.0,3.0,0.997620274974428,0.6902021230702905,0.80597,0,0,stable
311__3963_2400,37,t_8_16,168.9998016357422,0.25,0.0,2.0,0.6887510058969131,0.6690410958904097,0.80597,0,0,mild
311__3963_2400,38,t_8_16,128.0,0.5,0.5,1.0,,0.7993088426394499,0.80597,0,1,mild
311__3963_2400,39,t_8_16,242.0,0.25,0.0,4.0,0.787352013336273,0.7257056864027155,0.80597,0,0,mild
311__3963_2400,40,t_8_16,196.00021362304688,0.0,0.0,2.0,0.9901375940056751,0.5820323776003286,0.80597,0,0,stable
311__3963_2400,41,t_8_16,120.0,0.0,0.0,5.0,0.9907731030693923,0.733959805608163,0.80597,0,0,stable
311__3963_2400,42,t_8_16,160.0,0.0,0.0,2.0,0.9912910088096629,0.7657997076994628,0.80597,0,1,stable
311__3963_2400,43,t_8_16,120.0,0.0,0.0,2.0,0.9572658165106113,0.7423235319133975,0.80597,0,0,stable
311__3963_2400,44,t_8_16,143.999755859375,0.25,0.0,3.0,0.9802562071258322,0.4949703799449829,0.80597,1,0,mild
311__3963_2400,45,t_8_16,191.9996337890625,0.0,0.0,3.0,0.8586184399186378,0.671066135428638,0.80597,0,0,stable
311__3963_2400,46,t_8_16,252.00027465820312,0.5,0.0,7.0,0.09846316711717991,0.5917394196329122,0.80597,0,0,mild
311__3963_2400,47,s_16_32,528.0000610351562,0.0,0.0,10.0,0.848179051901281,0.8682870073525177,0.80597,0,1,stable
311__3963_2400,48,t_8_16,223.9990234375,0.0,0.0,3.0,0.952705931102415,0.9136055704594989,0.80597,0,1,stable
311__3963_2400,49,t_8_16,224.0,0.0,0.0,4.0,0.9988514634920219,0.7811739644081436,0.80597,0,1,stable
311__3963_2400,50,t_8_16,110.0,0.0,0.0,7.0,0.9944061405235736,0.5643542265397892,0.80597,0,0,stable
311__3963_2400,51,s_16_32,287.9996337890625,0.5,0.0,5.0,0.4331801762827535,0.5336312884277857,0.80597,0,0,mild
311__3963_2400,52,t_8_16,220.0,0.0,0.0,3.0,0.9747495632795666,0.7749386483066962,0.80597,0,1,stable
311__3963_2400,53,t_8_16,200.0,0.0,0.0,4.0,0.9004792072625123,0.9161705267681127,0.80597,0,1,stable
311__3963_2400,54,t_8_16,112.0,0.0,0.0,1.0,,0.6683046814408781,0.80597,0,0,stable
311__3963_2400,55,t_8_16,200.0,0.0,0.0,3.0,0.9966325735837605,0.8416682452790455,0.80597,0,1,stable
311__3963_2400,56,s_16_32,308.0,0.0,0.0,5.0,0.7391330197311152,0.7841995946088741,0.80597,0,1,stable
311__3963_2400,57,t_8_16,220.0,0.25,0.0,4.0,0.9894894464782864,0.8041136700932143,0.80597,0,1,mild
311__3963_2400,58,s_16_32,324.0,0.0,0.0,4.0,0.9973401231877155,0.7710308864081861,0.80597,0,1,stable
311__3963_2400,59,s_16_32,320.0,0.0,0.0,7.0,0.9340822680042448,0.5541517981898566,0.80597,0,0,stable
311__3963_2400,60,s_16_32,374.0,0.0,0.0,6.0,0.8620197399498012,0.7162261390374349,0.80597,0,0,stable
311__3963_2400,61,s_16_32,279.9991455078125,0.0,0.0,7.0,0.9655397349587449,0.7444281161507669,0.80597,0,0,stable
311__3963_2400,62,t_8_16,144.0,0.0,0.0,3.0,0.8675793356524102,0.6987314160248354,0.80597,0,0,stable
31da537ca,0,s_16_32,364.0,0.0,0.0,8.0,0.8345539988118342,0.7684999560718004,0.69929,0,1,stable
362__0_1200,0,s_16_32,572.0,0.0,0.0,10.0,0.9626969790791419,0.6272044510489517,0.8543,0,0,stable
362__0_1200,1,t_8_16,224.0,0.0,0.0,3.0,0.9978771245166271,0.8480720758330259,0.8543,0,1,stable
362__0_1200,2,t_8_16,192.0,0.5,0.0,5.0,0.23289137798468482,0.8649634536564376,0.8543,0,1,mild
362__0_1200,3,t_8_16,139.99978637695312,0.0,0.0,2.0,0.9732874305873233,0.7197565988827319,0.8543,0,0,stable
362__0_1200,4,t_8_16,192.0,0.0,0.0,4.0,0.9995311026129264,0.8395784001942398,0.8543,0,1,stable
362__0_1200,5,t_8_16,252.0,0.0,0.0,7.0,0.9405572342668245,0.5925072222222252,0.8543,0,0,stable
362__0_1200,6,t_8_16,192.0,0.0,0.0,4.0,0.973399758670218,0.8346001924420091,0.8543,0,1,stable
362__0_1200,7,t_8_16,224.0,0.0,0.0,4.0,0.9929888221096228,0.824311656109671,0.8543,0,1,stable
362__0_1200,8,t_8_16,192.0,0.0,0.0,3.0,0.9753969806070654,0.7908246423468083,0.8543,0,1,stable
362__0_1200,9,t_8_16,140.0,0.0,0.0,2.0,0.9650072079184584,0.8237144241308866,0.8543,0,1,stable
362__0_1200,10,t_8_16,252.0,0.0,0.0,6.0,0.9688136633271637,0.7982361641559367,0.8543,0,1,stable
362__0_1200,11,t_8_16,159.99969482421875,0.0,0.0,3.0,0.9159747665889764,0.6428576579509955,0.8543,0,0,stable
362__0_1200,12,t_8_16,252.0,0.0,0.0,4.0,0.8450300699419219,0.7001271586617698,0.8543,0,0,stable
362__0_1200,13,t_8_16,140.0,0.0,0.0,3.0,0.8243766195972391,0.6471837678005761,0.8543,0,0,stable
362__0_1200,14,t_8_16,252.0,0.0,0.0,6.0,0.9866954678723868,0.8497597499999964,0.8543,0,1,stable
362__0_1200,15,t_8_16,192.0,0.0,0.0,4.0,0.9965177283870312,0.8717312153883567,0.8543,0,1,stable
362__0_1200,16,t_8_16,192.0,0.0,0.0,2.0,0.955646822415626,0.7464692238136407,0.8543,0,0,stable
362__0_1200,17,t_8_16,140.0,0.0,0.0,2.0,0.9597752339613905,0.7219404174612284,0.8543,0,0,stable
362__0_1200,18,t_8_16,192.0,0.0,0.0,5.0,0.736100717173807,0.7965492748705096,0.8543,0,1,stable
362__0_1200,20,t_8_16,224.0,0.0,0.0,2.0,0.9768844210100037,0.5948154814643823,0.8543,0,0,stable
362__0_1200,21,s_16_32,320.0,0.0,0.0,5.0,0.9999017390730938,0.811495914491951,0.8543,0,1,stable
362__0_1200,22,s_16_32,560.0,0.5,0.0,10.0,0.004265122124072213,0.83820376306756,0.8543,0,1,mild
362__0_1200,23,t_8_16,240.0,0.0,0.0,3.0,0.9041761858198201,0.61631355204031,0.8543,0,0,stable
362__0_1200,24,s_16_32,671.9991455078125,0.0,0.0,10.0,0.9410917155953297,0.7593748102781945,0.8543,0,1,stable
362__0_1200,25,s_16_32,359.9993896484375,0.0,0.0,6.0,0.748696752983936,0.6738705703119505,0.8543,0,0,stable
362__0_1200,26,s_16_32,360.0,0.5,0.0,7.0,0.13753243885489555,0.6135795524450527,0.8543,0,0,mild
362__0_1200,27,s_16_32,360.0,0.25,0.0,8.0,0.05225721586368586,0.7055403733719655,0.8543,0,0,mild
362__0_1200,28,s_16_32,320.0,0.0,0.0,3.0,0.9558770109716409,0.6812628125000042,0.8543,0,0,stable
362__0_1200,29,s_16_32,288.0,0.0,0.0,5.0,0.8230015287145789,0.7150167029663409,0.8543,0,0,stable
362__0_1200,31,s_16_32,599.9981689453125,0.0,0.0,8.0,0.8780441838112668,0.6085898216666696,0.8543,0,0,stable
362__0_1200,32,s_16_32,572.0,0.0,0.0,8.0,0.6739182430573434,0.6998460765621611,0.8543,0,0,stable
362__0_1200,33,s_16_32,912.0,0.0,0.0,10.0,0.9799304858965447,0.7225011282148817,0.8543,0,0,stable
362__0_1200,34,t_8_16,192.0,0.0,0.0,3.0,0.9795484746322585,0.906785681791325,0.8543,0,1,stable
362__0_1200,35,t_8_16,240.0,0.5,0.0,7.0,0.1889283686645117,0.7986167504758527,0.8543,0,1,mild
362__0_1200,36,s_16_32,280.0,0.0,0.0,5.0,0.9982964643531318,0.8507852766435974,0.8543,0,1,stable
362__0_1200,37,t_8_16,192.0,0.0,0.0,2.0,0.9857328339322272,0.8062052272667342,0.8543,0,1,stable
362__0_1200,38,t_8_16,224.0,0.0,0.0,5.0,0.9848525771736238,0.7334780231933414,0.8543,0,0,stable
362__0_1200,39,s_16_32,256.0,0.0,0.0,6.0,0.9983186171002683,0.6908266321385065,0.8543,0,0,stable
362__0_1200,40,t_8_16,192.0,0.0,0.0,3.0,0.9879728478933422,0.7657755487457422,0.8543,0,1,stable
362__0_1200,41,s_16_32,288.0,0.0,0.0,6.0,0.9950683805753883,0.729204819444445,0.8543,0,0,stable
362__0_1200,42,t_8_16,196.0,0.0,0.0,2.0,0.9660716738755198,0.7141615847134581,0.8543,0,0,stable
362__0_1200,43,s_16_32,440.0,0.0,0.0,8.0,0.93479229397292,0.6581267246988092,0.8543,0,0,stable
362__0_1200,44,t_8_16,140.0,0.0,0.0,2.0,0.8844372377926303,0.8055348592106124,0.8543,0,1,stable
362__0_1200,45,t_8_16,252.0,0.0,0.0,3.0,0.9911969978203129,0.9012545337950176,0.8543,0,1,stable
362__0_1200,46,t_8_16,140.0,0.0,0.0,2.0,0.9927184381798121,0.8055888524210085,0.8543,0,1,stable
362__0_1200,47,s_16_32,280.0,0.0,0.0,4.0,0.9093227239138071,0.49374709253809196,0.8543,1,0,stable
362__0_1200,48,t_8_16,216.0,0.0,0.0,3.0,0.9649859195880681,0.8693033046100465,0.8543,0,1,stable
362__0_1200,49,t_8_16,160.0009765625,0.0,0.0,3.0,0.981259473573182,0.7742061345006185,0.8543,0,1,stable
362__0_1200,50,t_8_16,139.9993896484375,0.5,0.0,3.0,0.04402374318354297,0.7573556039301836,0.8543,0,1,mild
362__0_1200,51,s_16_32,576.0,0.0,0.0,10.0,0.48155510490316583,0.8411915434326586,0.8543,0,1,stable
362__0_1200,52,s_16_32,864.0,0.0,0.0,10.0,0.3108002670568991,0.581898020133907,0.8543,0,0,stable
362__0_1200,53,t_8_16,224.0,0.0,0.0,3.0,0.9865684373770088,0.7923719864878962,0.8543,0,1,stable
362__0_1200,54,t_8_16,192.0,0.0,0.0,3.0,0.9932009839892681,0.7524567811987071,0.8543,0,1,stable
362__0_1200,55,t_8_16,252.0,0.0,0.0,5.0,0.9985978180502249,0.691019141580704,0.8543,0,0,stable
362__0_1200,56,t_8_16,216.0,0.0,0.0,3.0,0.9597442893382014,0.7715424508252045,0.8543,0,1,stable
362__0_1200,57,t_8_16,252.0,0.0,0.0,3.0,0.9880272003936434,0.8313471746031743,0.8543,0,1,stable
362__0_1200,58,t_8_16,195.99935913085938,0.25,0.0,5.0,0.8812659736279074,0.6207263975496379,0.8543,0,0,mild
362__0_1200,59,t_8_16,140.0008544921875,0.0,0.0,2.0,0.9434149733183327,0.6594201472716931,0.8543,0,0,stable
362__0_1200,60,s_16_32,432.0,0.0,0.0,9.0,0.9994416748870109,0.7868760972222217,0.8543,0,1,stable
362__0_1200,61,t_8_16,192.00018310546875,0.0,0.0,3.0,0.9966659514067262,0.8004427649154129,0.8543,0,1,stable
362__0_1200,62,t_8_16,167.9991455078125,0.0,0.0,1.0,,0.7482685143484274,0.8543,0,0,stable
362__0_1200,63,t_8_16,192.0,0.0,0.0,3.0,0.9967397315762153,0.7140025357800058,0.8543,0,0,stable
362__0_1200,64,t_8_16,168.0,0.0,0.0,2.0,0.8975013352914011,0.6743517230104165,0.8543,0,0,stable
362__0_1200,65,s_16_32,280.0,0.0,0.0,6.0,0.8413358467589849,0.7379434350771127,0.8543,0,0,stable
362__0_1200,66,t_8_16,168.0,0.5,0.0,3.0,0.2521461422076668,0.8343174267736914,0.8543,0,1,mild
362__0_1200,67,s_16_32,432.0,0.0,0.0,8.0,0.9912241285161152,0.8501640787037033,0.8543,0,1,stable
362__0_1200,68,s_16_32,308.0,0.0,0.0,6.0,0.26695258443177977,0.934272896945036,0.8543,0,1,stable
362__0_1200,69,s_16_32,280.0,0.0,0.0,4.0,0.5411710787031364,0.6701766000000088,0.8543,0,0,stable
362__0_1200,70,t_8_16,160.0,0.0,0.0,2.0,0.9573167405744477,0.7343951904961956,0.8543,0,0,stable
362__0_1200,71,s_16_32,352.000244140625,0.0,0.0,5.0,0.9900791207089804,0.8781852963263096,0.8543,0,1,stable
362__0_1200,72,t_8_16,200.0,0.0,0.0,4.0,0.9996927327923852,0.6968308543658168,0.8543,0,0,stable
362__0_1200,73,s_16_32,432.0,0.0,0.0,8.0,0.9985857053828191,0.6837406851851857,0.8543,0,0,stable
362__0_1200,74,s_16_32,352.0,0.0,0.0,7.0,0.9584590812210477,0.5391480000000028,0.8543,0,0,stable
362__0_1200,75,t_8_16,192.0,0.25,0.0,5.0,0.3173734939541636,0.798767516700933,0.8543,0,1,mild
362__0_1200,76,s_16_32,340.0,0.0,0.0,6.0,0.9770951811691727,0.45831222285117723,0.8543,1,0,stable
362__1800_2342,0,t_8_16,149.9993896484375,0.0,0.0,2.0,0.9556595387994963,0.6362042845345616,0.75029,0,0,stable
362__1800_2342,1,t_8_16,192.0,0.0,0.0,3.0,0.9991396035891726,0.7487402943195193,0.75029,0,0,stable
362__1800_2342,2,t_8_16,112.0,0.5,0.5,0.0,,0.6486473137875742,0.75029,0,0,mild
362__1800_2342,3,t_8_16,96.0,0.0,0.0,1.0,,0.5534087236272855,0.75029,0,0,stable
362__1800_2342,4,t_8_16,144.0,0.0,0.0,2.0,0.6358375184006548,0.5415561587159563,0.75029,0,0,stable
362__1800_2342,5,t_8_16,156.0,0.0,0.0,2.0,0.999467067395111,0.6422175342509628,0.75029,0,0,stable
362__1800_2342,6,t_8_16,110.0,0.25,0.0,3.0,0.1434149970342539,0.6778913914293988,0.75029,0,0,mild
362__1800_2342,7,t_8_16,140.0,0.0,0.0,2.0,0.99999999997737,0.6266753914802002,0.75029,0,0,stable
362__1800_2342,8,t_8_16,144.0,0.0,0.0,3.0,0.9863583086181589,0.7212692427308511,0.75029,0,0,stable
362__1800_2342,9,t_8_16,110.0,0.25,0.0,2.0,0.973315616240113,0.4511767119315855,0.75029,1,0,mild
362__1800_2342,10,t_8_16,96.0,0.0,0.0,1.0,,0.45072177599253566,0.75029,1,0,stable
362__1800_2342,11,t_8_16,96.0,0.5,0.5,2.0,0.4682744948113231,0.5683602934037463,0.75029,0,0,mild
362__1800_2342,12,t_8_16,120.0,0.0,0.0,1.0,,0.5794267240837345,0.75029,0,0,stable
362__1800_2342,13,t_8_16,88.0,0.0,0.0,1.0,,0.5682366716585613,0.75029,0,0,stable
362__1800_2342,14,t_8_16,88.0,0.25,0.25,1.0,,0.4190798881990104,0.75029,1,0,mild
362__1800_2342,15,t_8_16,119.9993896484375,0.0,0.0,1.0,,0.6072141104632269,0.75029,0,0,stable
362__1800_2342,16,t_8_16,144.0,0.0,0.0,4.0,0.9871135228813622,0.7032375935580703,0.75029,0,0,stable
362__1800_2342,17,t_8_16,168.0,0.0,0.0,1.0,,0.7419466118650007,0.75029,0,0,stable
362__1800_2342,18,t_8_16,120.0,0.0,0.0,2.0,0.9984189981181956,0.5458230504440111,0.75029,0,0,stable
362__1800_2342,19,t_8_16,144.0,0.0,0.0,4.0,0.8827162105600677,0.6929533832056897,0.75029,0,0,stable
362__1800_2342,20,t_8_16,168.0,0.0,0.0,3.0,0.990754701852383,0.6636289492135176,0.75029,0,0,stable
362__1800_2342,21,s_16_32,256.0,0.0,0.0,3.0,0.9996850991876094,0.7641822329751228,0.75029,0,1,stable
362__1800_2342,22,s_16_32,440.0,0.0,0.0,10.0,0.8258754465025117,0.6757507482966284,0.75029,0,0,stable
362__1800_2342,23,s_16_32,520.0,0.0,0.0,10.0,0.9984800664590433,0.8175640103128239,0.75029,0,1,stable
362__1800_2342,24,s_16_32,624.0,0.0,0.0,10.0,0.9662888285102786,0.7729791714151538,0.75029,0,1,stable
362__1800_2342,25,s_16_32,432.0,0.0,0.0,6.0,0.9621449409794841,0.7063899413062805,0.75029,0,0,stable
362__1800_2342,26,s_16_32,440.0,0.0,0.0,5.0,0.9827180039516379,0.81952202787335,0.75029,0,1,stable
362__1800_2342,27,s_16_32,352.0,0.0,0.0,6.0,0.9132005641834156,0.6642456717557113,0.75029,0,0,stable
362__1800_2342,28,s_16_32,361.0,0.0,0.0,8.0,0.9947085840782494,0.7997085843838861,0.75029,0,1,stable
362__1800_2342,29,t_8_16,224.0,0.0,0.0,5.0,0.834289673872093,0.6915421513623449,0.75029,0,0,stable
362__1800_2342,30,t_8_16,224.0,0.0,0.0,6.0,0.9874963941911145,0.8032479701337254,0.75029,0,1,stable
362__1800_2342,31,t_8_16,224.0,0.0,0.0,3.0,0.9952146056838718,0.8558868193628126,0.75029,0,1,stable
362__1800_2342,32,s_16_32,308.0,0.0,0.0,8.0,0.9794717078358844,0.6744280559572234,0.75029,0,0,stable
362__1800_2342,33,s_16_32,280.0,0.0,0.0,6.0,0.9884608936880355,0.8098919464285732,0.75029,0,1,stable
362__1800_2342,34,s_16_32,256.000244140625,0.0,0.0,5.0,0.9862516375580462,0.647201507812497,0.75029,0,0,stable
362__1800_2342,35,s_16_32,368.0,0.0,0.0,8.0,0.8175248324962229,0.47632424999999684,0.75029,1,0,stable
362__1800_2342,36,s_16_32,324.0,0.0,0.0,6.0,0.9985805358902521,0.6659886882716081,0.75029,0,0,stable
362__1800_2342,37,t_8_16,182.0,0.0,0.0,4.0,0.6166948439009166,0.954999781570959,0.75029,0,1,stable
362__1800_2342,38,s_16_32,378.0,0.0,0.0,7.0,0.9918285074288284,0.7215648757306068,0.75029,0,0,stable
362__1800_2342,39,t_8_16,240.0,0.0,0.0,4.0,0.975501778978564,0.6899531391761808,0.75029,0,0,stable
362__1800_2342,40,s_16_32,256.0,0.0,0.0,3.0,0.9873420826158888,0.7388615518061508,0.75029,0,0,stable
362__1800_2342,41,s_16_32,299.99977111816406,0.0,0.0,7.0,0.9890749909939525,0.7477943198849505,0.75029,0,0,stable
362__1800_2342,42,t_8_16,252.0,0.0,0.0,3.0,0.9994142508705761,0.7546504265946341,0.75029,0,1,stable
362__1800_2342,43,s_16_32,360.0,0.0,0.0,8.0,0.7466432878135019,0.6553311111111116,0.75029,0,0,stable
362__1800_2342,44,s_16_32,306.0,0.0,0.0,5.0,0.9914741567200228,0.6224019756455834,0.75029,0,0,stable
362__1800_2342,45,t_8_16,195.99957275390625,0.0,0.0,3.0,0.9911374116388063,0.7252421615877862,0.75029,0,0,stable
362__1800_2342,46,s_16_32,324.0,0.0,0.0,5.0,0.9026582203650907,0.6950630709876545,0.75029,0,0,stable
362__1800_2342,47,s_16_32,280.0,0.0,0.0,7.0,0.9954622652243503,0.680448391905626,0.75029,0,0,stable
362__1800_2342,48,t_8_16,196.0,0.0,0.0,5.0,0.8911303339631269,0.7269014999098947,0.75029,0,0,stable
362__1800_2342,49,t_8_16,168.0,0.0,0.0,3.0,0.9565983628262168,0.654534782092673,0.75029,0,0,stable
362__1800_2342,50,t_8_16,238.0008544921875,0.0,0.0,3.0,0.997592875853447,0.7736270971905752,0.75029,0,1,stable
362__1800_2342,51,s_16_32,280.0,0.0,0.0,4.0,0.9976546565133472,0.6637251701554807,0.75029,0,0,stable
362__1800_2342,52,s_16_32,441.00064086937346,0.0,0.0,10.0,0.9663689392449969,0.4956238095238096,0.75029,1,0,stable
362__1800_2342,53,s_16_32,624.0,0.0,0.0,10.0,0.9975009875475281,0.8436938029781439,0.75029,0,1,stable
362__1800_2342,54,s_16_32,420.0,0.0,0.0,10.0,0.996364718524912,0.5663742499999995,0.75029,0,0,stable
362__1800_2342,55,s_16_32,288.0,0.0,0.0,7.0,0.9619588991076696,0.5607638888888886,0.75029,0,0,stable
362__1800_2342,56,s_16_32,440.0,0.0,0.0,7.0,0.9963467001256917,0.7375505136363628,0.75029,0,0,stable
362__1800_2342,57,s_16_32,324.0,0.0,0.0,8.0,0.9954674274193599,0.7298722839506209,0.75029,0,0,stable
362__1800_2342,58,s_16_32,520.0,0.0,0.0,9.0,0.9685948456389729,0.6092667050435872,0.75029,0,0,stable
362__1800_2342,59,t_8_16,81.0,0.0,0.0,2.0,,0.3698205670786572,0.75029,1,0,stable
38af45d7f,0,t_8_16,90.00091552734375,0.0,0.0,4.0,0.6915047156044334,0.7850367752778388,0.47282,0,1,stable
395e9eb84,0,t_8_16,210.0,0.0,0.0,2.0,0.9998370329847986,0.9515919279391066,0.80365,0,1,stable
395e9eb84,1,t_8_16,180.0,0.0,0.0,2.0,0.9979791687062199,0.8616577889405171,0.80365,0,1,stable
395e9eb84,2,t_8_16,65.0,0.0,0.0,3.0,0.9288012415257896,0.7158009705490298,0.80365,0,0,stable
395e9eb84,3,t_8_16,95.99998474121094,0.0,0.0,1.0,0.999999955553477,0.9278329950093405,0.80365,0,1,stable
395e9eb84,4,t_8_16,143.0,0.0,0.0,4.0,0.7871606135071495,0.6562561248851749,0.80365,0,0,stable
395e9eb84,5,t_8_16,181.9999876022339,0.0,0.0,3.0,0.9974846464035955,0.9446122893400094,0.80365,0,1,stable
3af35da77,0,t_8_16,64.0,0.25,0.25,1.0,,0.678800576224469,0.38916,0,0,mild
3af35da77,1,t_8_16,88.0,0.0,0.0,1.0,,0.36913977272726906,0.38916,1,0,stable
3d4e85911,0,t_8_16,128.0,0.5,0.5,0.0,,0.7208026436846401,0.73434,0,0,mild
3e12064c9,0,t_8_16,120.0,0.25,0.0,7.0,0.10184119639257366,0.6997346854974039,0.48086,0,0,mild
3e12064c9,1,t_8_16,126.0,0.5,0.0,3.0,0.4481712944676685,0.79394195602808,0.48086,0,1,mild
3e571b7c7,0,t_8_16,128.0,0.0,0.0,2.0,0.7821176875162272,0.5417945318248211,0.17833,0,0,stable
40d6b6c63,0,t_8_16,169.00079345703125,0.0,0.0,2.0,0.7655505658087274,0.7884575661992869,0.50404,0,1,stable
40d6b6c63,1,t_8_16,169.00039672851562,0.0,0.0,2.0,0.9862202896569736,0.8325134608493482,0.50404,0,1,stable
42__1800_1200,0,t_8_16,168.0,0.0,0.0,3.0,0.9996016028475824,0.7970985135842472,0.79587,0,1,stable
42__1800_1200,1,t_8_16,120.0,0.0,0.0,2.0,0.9939997209842174,0.8676093588517991,0.79587,0,1,stable
42__1800_1200,2,t_8_16,210.0,0.0,0.0,3.0,0.858788087405101,0.7459696201579359,0.79587,0,0,stable
42__1800_1200,3,t_8_16,140.0,0.0,0.0,2.0,0.845560718840435,0.8413514208051246,0.79587,0,1,stable
42__1800_1200,4,t_8_16,216.0,0.5,0.0,5.0,0.5447084634554594,0.7736372119416715,0.79587,0,1,mild
42__1800_1200,5,t_8_16,140.0,0.0,0.0,3.0,0.999125289547423,0.7364033251555743,0.79587,0,0,stable
42__1800_1200,6,t_8_16,98.0,0.0,0.0,3.0,0.9935471363573863,0.6940033875586973,0.79587,0,0,stable
42__1800_1200,7,t_8_16,153.99989318847656,0.0,0.0,2.0,0.9999052779458257,0.8536692426164568,0.79587,0,1,stable
42__1800_1200,8,t_8_16,120.0,0.0,0.0,1.0,,0.6198695868845393,0.79587,0,0,stable
42__1800_1200,9,t_8_16,168.0,0.0,0.0,2.0,0.9999999999962716,0.828720812747982,0.79587,0,1,stable
42__1800_1200,10,t_8_16,80.0,0.6666666666666666,0.6666666666666666,0.0,,0.761244430914697,0.79587,0,1,high
42__1800_1200,11,t_8_16,168.0,0.0,0.0,2.0,0.9998511394733156,0.8669550714285719,0.79587,0,1,stable
42__1800_1200,12,t_8_16,176.0,0.0,0.0,2.0,0.9928678809687699,0.9060280568181803,0.79587,0,1,stable
42__1800_1200,13,t_8_16,140.0,0.0,0.0,2.0,0.9997510093866593,0.8685778100254595,0.79587,0,1,stable
42__1800_1200,14,t_8_16,104.000244140625,0.0,0.0,2.0,0.8875529634087171,0.45279989977631185,0.79587,1,0,stable
42__1800_1200,15,t_8_16,100.0,0.0,0.0,2.0,0.9941869741336871,0.6631762857550277,0.79587,0,0,stable
42__1800_1200,16,t_8_16,90.0,0.5,0.0,2.0,0.7415628956233159,0.8229938560039866,0.79587,0,1,mild
42__1800_1200,17,t_8_16,72.00048828125,0.0,0.0,1.0,,0.7018788346605179,0.79587,0,0,stable
42__1800_1200,18,t_8_16,80.0,0.0,0.0,1.0,,0.6177680835410745,0.79587,0,0,stable
42__1800_1200,19,t_8_16,84.0,0.0,0.0,4.0,0.732573939674298,0.6893700311043806,0.79587,0,0,stable
42__1800_1200,20,t_8_16,64.0,0.25,0.25,2.0,0.44254745741524126,0.5674129428825503,0.79587,0,0,mild
42__1800_1200,23,t_8_16,144.0,0.0,0.0,2.0,0.9873223998618558,0.6295336958571712,0.79587,0,0,stable
42__1800_1200,24,t_8_16,144.0,0.0,0.0,2.0,0.9992935969634945,0.6690583366392377,0.79587,0,0,stable
45e192ef3,0,t_8_16,77.0,0.0,0.0,2.0,0.9996633531631157,0.6313955336669498,0.73089,0,0,stable
45e192ef3,1,t_8_16,76.99966430664062,0.0,0.0,3.0,0.8080539028590391,0.7510852848515929,0.73089,0,1,stable
46__1200_1200,0,t_8_16,77.0,0.0,0.0,2.0,0.902466587852508,0.702941603277123,0.78659,0,0,stable
46__1200_1200,1,t_8_16,140.0,0.0,0.0,2.0,0.9918284154298539,0.566218096237049,0.78659,0,0,stable
46__1200_1200,2,s_16_32,288.0,0.0,0.0,3.0,0.9996262686724484,0.5934637481460239,0.78659,0,0,stable
46__1200_1200,3,t_8_16,180.0,0.0,0.0,3.0,0.99493032686821,0.6551093472127225,0.78659,0,0,stable
46__1200_1200,5,t_8_16,167.9999885559082,0.0,0.0,2.0,0.9977181965346981,0.7389177603715643,0.78659,0,0,stable
46__1200_1200,6,s_16_32,256.0,0.0,0.0,5.0,0.9382705662146323,0.6855229895584138,0.78659,0,0,stable
46__1200_1200,7,t_8_16,144.0,0.0,0.0,2.0,0.9973097398715043,0.800693694749565,0.78659,0,1,stable
46__1200_1200,8,t_8_16,252.0,0.0,0.0,7.0,0.9919806298082521,0.6909445167769002,0.78659,0,0,stable
46__1200_1200,9,t_8_16,240.0,0.0,0.0,5.0,0.9998311705485221,0.6201531970753859,0.78659,0,0,stable
46__1200_1200,10,t_8_16,120.0,0.0,0.0,2.0,0.99884459222029,0.6873871194705535,0.78659,0,0,stable
46__1200_1200,11,t_8_16,80.0,0.5,0.5,1.0,,0.7721907431482532,0.78659,0,1,mild
46__1200_1200,12,t_8_16,112.0,0.25,0.25,1.0,,0.7745604017857127,0.78659,0,1,mild
46__1200_1200,13,t_8_16,168.0,0.0,0.0,2.0,0.9922869781485922,0.6829357691288316,0.78659,0,0,stable
46__1200_1200,14,t_8_16,90.0006103515625,0.0,0.0,1.0,,0.615016481493327,0.78659,0,0,stable
46__1200_1200,15,t_8_16,88.0,0.0,0.0,1.0,,0.6057853784047659,0.78659,0,0,stable
46__1200_1200,16,s_16_32,256.0,0.0,0.0,6.0,0.9808945458827415,0.5420922890625024,0.78659,0,0,stable
46__1200_1200,17,t_8_16,196.0,0.0,0.0,2.0,0.9385308081539736,0.6593276101355607,0.78659,0,0,stable
46__1200_1200,18,s_16_32,256.0,0.0,0.0,4.0,0.5660649091937259,0.5583864257812505,0.78659,0,0,stable
46__1200_1200,19,t_8_16,196.0,0.0,0.0,3.0,0.9991816276774145,0.8599785571459987,0.78659,0,1,stable
46__1200_1200,20,t_8_16,224.0,0.0,0.0,5.0,0.8916117673839145,0.6834639285714328,0.78659,0,0,stable
46__1200_1200,21,t_8_16,112.0,0.5,0.5,1.0,,0.745951329001411,0.78659,0,0,mild
46__1200_1200,22,t_8_16,88.0,0.25,0.25,2.0,0.9806194717660276,0.68876995222185,0.78659,0,0,mild
46__1200_1200,23,t_8_16,224.0,0.0,0.0,5.0,0.6578158635396821,0.7370626702363738,0.78659,0,0,stable
46__1200_1200,24,t_8_16,238.0,0.5,0.0,5.0,0.1677516496824431,0.7622489881734781,0.78659,0,1,mild
46__1200_1200,25,t_8_16,192.0,0.0,0.0,2.0,0.9866658937833509,0.8300457760601199,0.78659,0,1,stable
46__1200_1200,26,t_8_16,132.0,0.0,0.0,2.0,0.9928408655871773,0.8189876367918231,0.78659,0,1,stable
46__1200_1200,27,t_8_16,139.9993896484375,0.0,0.0,2.0,0.9985722487835529,0.7538262266811737,0.78659,0,1,stable
46__1200_1200,28,t_8_16,72.0,0.0,0.0,1.0,,0.6632000947253301,0.78659,0,0,stable
46__1200_1200,29,t_8_16,192.0,0.0,0.0,3.0,0.9276474466852429,0.7526278934074323,0.78659,0,1,stable
46__1200_1200,30,t_8_16,140.0,0.25,0.0,2.0,0.9999999999857239,0.9320774397632967,0.78659,0,1,mild
46__1200_1200,31,t_8_16,120.0,0.0,0.0,2.0,0.8453569564015266,0.7580569714086827,0.78659,0,1,stable
46__1200_1200,32,t_8_16,110.0,0.0,0.0,2.0,0.9999999999907505,0.7116202328172562,0.78659,0,0,stable
46__1200_1200,33,t_8_16,160.0,0.0,0.0,3.0,0.9994451467226606,0.7067476744808411,0.78659,0,0,stable
46__1200_1200,34,t_8_16,120.0,0.0,0.0,1.0,,0.6242201642252305,0.78659,0,0,stable
46__1200_1200,35,t_8_16,119.9999771118164,0.0,0.0,2.0,0.8629789611252544,0.8868268654113359,0.78659,0,1,stable
46__1200_1200,36,t_8_16,150.00015258789062,0.0,0.0,3.0,0.9641851325164655,0.6726462829400043,0.78659,0,0,stable
46__1200_1200,37,t_8_16,144.0,0.0,0.0,1.0,,0.7281348389220108,0.78659,0,0,stable
46__1200_1200,38,t_8_16,66.0,0.0,0.0,2.0,0.99807705871476,0.7175158401406027,0.78659,0,0,stable
46__1200_1200,39,s_16_32,459.99737549200654,0.0,0.0,10.0,0.9703868362252432,0.856862645167487,0.78659,0,1,stable
46__1200_1200,40,t_8_16,168.0,0.0,0.0,4.0,0.9468428684604719,0.76680076482513,0.78659,0,1,stable
46__1200_1200,41,t_8_16,180.0,0.0,0.0,3.0,0.9993918390475799,0.8311854833333364,0.78659,0,1,stable
46__1200_1200,42,t_8_16,195.0,0.0,0.0,2.0,0.9997855139555475,0.6935003282051273,0.78659,0,0,stable
46__1200_1200,43,t_8_16,168.0,0.0,0.0,3.0,0.9034432192271918,0.7933291431753431,0.78659,0,1,stable
46__1200_1200,44,t_8_16,165.0,0.0,0.0,2.0,0.9987368456752578,0.7798562909090796,0.78659,0,1,stable
46__1200_1200,45,t_8_16,130.00022888183594,0.0,0.0,2.0,0.9985891606773116,0.8181365174220385,0.78659,0,1,stable
46__1200_1200,46,t_8_16,156.0,0.0,0.0,2.0,0.7306392182247408,0.7790103929993487,0.78659,0,1,stable
46__1200_1200,47,t_8_16,167.99932861234993,0.0,0.0,4.0,0.9404705437409987,0.6885871749304188,0.78659,0,0,stable
46__1200_1200,48,t_8_16,179.99990844726562,0.0,0.0,3.0,0.9994345111394548,0.8215463899519435,0.78659,0,1,stable
46__1200_1200,49,t_8_16,143.0,0.0,0.0,2.0,0.9946913024232887,0.7381159038370785,0.78659,0,0,stable
46__1200_1200,50,t_8_16,126.0,0.25,0.0,3.0,0.944722263006928,0.6815277437733247,0.78659,0,0,mild
46__1200_600,0,t_8_16,210.00002670288086,0.0,0.0,2.0,0.99995606997435,0.8120941132201638,0.8519,0,1,stable
46__1200_600,1,t_8_16,168.0,0.0,0.0,5.0,0.860398528490037,0.7484138111121859,0.8519,0,0,stable
46__1200_600,2,s_16_32,324.0,0.5,0.0,5.0,0.11442415067522736,0.6852315675674314,0.8519,0,0,mild
46__1200_600,3,t_8_16,144.0,0.0,0.0,2.0,0.9776619471249738,0.6568216714820845,0.8519,0,0,stable
46__1200_600,5,s_16_32,456.0,0.0,0.0,8.0,0.9967795626060548,0.8161075301684705,0.8519,0,1,stable
46__1200_600,6,t_8_16,140.0,0.0,0.0,2.0,0.9972779159602231,0.7546748785714325,0.8519,0,1,stable
46__1200_600,7,t_8_16,160.0,0.0,0.0,2.0,0.9975852780283222,0.8062990675036692,0.8519,0,1,stable
46__1200_600,8,t_8_16,170.00015258789062,0.0,0.0,2.0,0.9937744344013889,0.6618244987237056,0.8519,0,0,stable
46__1200_600,9,t_8_16,240.0,0.0,0.0,3.0,0.5282129896336406,0.6821616097223819,0.8519,0,0,stable
46__1200_600,10,t_8_16,132.0,0.0,0.0,2.0,0.9771638309384444,0.5717069258785868,0.8519,0,0,stable
46__1200_600,11,t_8_16,154.0,0.25,0.0,2.0,0.7558927518204275,0.6252145036955544,0.8519,0,0,mild
46__1200_600,12,t_8_16,196.0008544921875,0.0,0.0,2.0,0.9988221131706791,0.7208318520068578,0.8519,0,0,stable
46__1200_600,14,t_8_16,224.00010681152344,0.0,0.0,3.0,0.9980069966536586,0.6499792008611548,0.8519,0,0,stable
46__1200_600,15,t_8_16,192.0,0.25,0.0,5.0,0.8369742383018947,0.7263146933805119,0.8519,0,0,mild
46__1200_600,16,t_8_16,196.0,0.0,0.0,2.0,0.9932646058331887,0.864745327436158,0.8519,0,1,stable
46__1200_600,17,t_8_16,224.0,0.0,0.0,3.0,0.9979679635289744,0.8017401861482705,0.8519,0,1,stable
46__1200_600,18,t_8_16,238.0,0.0,0.0,5.0,0.7879395548581787,0.8881610796631462,0.8519,0,1,stable
46__1200_600,19,t_8_16,132.0,0.25,0.0,3.0,0.8562959486527315,0.6699814409129455,0.8519,0,0,mild
46__1200_600,20,s_16_32,256.0,0.0,0.0,4.0,0.9514159609415995,0.5298580111211676,0.8519,0,0,stable
46__1200_600,21,t_8_16,144.0,0.0,0.0,3.0,0.9806129933065416,0.659375556103989,0.8519,0,0,stable
46__1200_600,22,t_8_16,252.0,0.0,0.0,5.0,0.999938738443031,0.811476939792518,0.8519,0,1,stable
46__1200_600,23,t_8_16,168.0,0.0,0.0,2.0,0.9998276180219411,0.9207663194767745,0.8519,0,1,stable
46__1200_600,24,t_8_16,196.0,0.0,0.0,2.0,0.7089212117195773,0.9031879542721991,0.8519,0,1,stable
46__1200_600,25,t_8_16,195.9991455078125,0.0,0.0,5.0,0.9989536438828618,0.7221452377936771,0.8519,0,0,stable
46__1200_600,26,t_8_16,196.0,0.25,0.0,3.0,0.36933196694549697,0.7835727551020482,0.8519,0,1,mild
46__1200_600,27,t_8_16,144.0,0.0,0.0,2.0,0.9946679715841327,0.9176038245093763,0.8519,0,1,stable
46__1200_600,28,t_8_16,120.0,0.0,0.0,1.0,,0.7930729338517803,0.8519,0,1,stable
46__1200_600,29,t_8_16,120.0,0.0,0.0,2.0,0.9632258371627367,0.6514779576374038,0.8519,0,0,stable
46__1200_600,30,t_8_16,144.0,0.25,0.0,2.0,0.860386076130078,0.7466058365413534,0.8519,0,0,mild
46__1200_600,31,t_8_16,120.0,0.0,0.0,1.0,,0.6208582155015612,0.8519,0,0,stable
46__1200_600,32,t_8_16,144.0,0.0,0.0,2.0,0.9994745363862128,0.8144088374379225,0.8519,0,1,stable
46__1200_600,33,t_8_16,180.0,0.0,0.0,4.0,0.9059676526121794,0.8386884946581651,0.8519,0,1,stable
46__1200_600,34,t_8_16,209.9991455078125,0.0,0.0,4.0,0.9906805534562592,0.8161996237778245,0.8519,0,1,stable
46__1200_600,35,t_8_16,210.0,0.0,0.0,4.0,0.9890256236163596,0.9127241262091121,0.8519,0,1,stable
46__1200_600,36,t_8_16,121.0,0.0,0.0,1.0,,0.7480375898409374,0.8519,0,0,stable
46__1200_600,37,t_8_16,144.0,0.0,0.0,3.0,0.7374382176115877,0.9018132085962915,0.8519,0,1,stable
46__1200_600,38,t_8_16,168.0,0.0,0.0,2.0,0.998973207509425,0.8719567489166977,0.8519,0,1,stable
46__1200_600,39,t_8_16,110.0,0.0,0.0,2.0,0.9878629881902571,0.6514562714990653,0.8519,0,0,stable
46__1200_600,40,t_8_16,160.0,0.0,0.0,3.0,0.9992040156852533,0.7183753770821458,0.8519,0,0,stable
46__1200_600,41,t_8_16,120.0,0.0,0.0,2.0,0.9624642476090327,0.6249276853653538,0.8519,0,0,stable
46__1200_600,42,t_8_16,144.0,0.0,0.0,3.0,0.9924998705039587,0.8328610466664849,0.8519,0,1,stable
46__1200_600,43,t_8_16,95.999267578125,0.0,0.0,3.0,0.9964486775475027,0.7514718059972871,0.8519,0,1,stable
46__1200_600,44,t_8_16,120.0,0.25,0.0,2.0,0.7597064133645965,0.8510239843760553,0.8519,0,1,mild
46__1200_600,45,t_8_16,131.99932861328125,0.5,0.0,2.0,0.11831793620287066,0.7953303120662852,0.8519,0,1,mild
46__1200_600,46,t_8_16,100.0,0.0,0.0,1.0,,0.759157306541761,0.8519,0,1,stable
46__1200_600,47,t_8_16,216.0,0.0,0.0,3.0,0.9985506178799929,0.7929884074074096,0.8519,0,1,stable
46__1200_600,48,t_8_16,237.99981689080596,0.0,0.0,3.0,0.9957670858652454,0.7578980155034529,0.8519,0,1,stable
46__1200_600,49,t_8_16,109.9993896484375,0.0,0.0,1.0,,0.7901431905673159,0.8519,0,1,stable
46__1200_600,50,t_8_16,108.0,0.25,0.0,1.0,,0.7754001399349043,0.8519,0,1,mild
46__1200_600,51,t_8_16,100.0,0.0,0.0,1.0,,0.8039818455110613,0.8519,0,1,stable
46__1200_600,52,t_8_16,144.0,0.0,0.0,2.0,0.9969967955197878,0.7894624682840754,0.8519,0,1,stable
46__1200_600,53,t_8_16,96.0,0.25,0.25,2.0,0.6840505194488917,0.6802441919259081,0.8519,0,0,mild
46__1200_600,54,t_8_16,209.99994277954102,0.0,0.0,2.0,0.9997556501625868,0.7254535534080816,0.8519,0,0,stable
46__1200_600,55,s_16_32,280.0,0.0,0.0,4.0,0.9744599494089509,0.5876715594762632,0.8519,0,0,stable
46__1200_600,56,t_8_16,156.0,0.0,0.0,3.0,0.8672334778168528,0.6225694177350133,0.8519,0,0,stable
46__1200_600,57,t_8_16,120.0,0.0,0.0,1.0,,0.7494095107935023,0.8519,0,0,stable
46__1200_600,58,t_8_16,120.0,0.0,0.0,2.0,0.7535902082533852,0.8914148356276046,0.8519,0,1,stable
46__1200_600,59,s_16_32,270.0,0.0,0.0,7.0,0.9807278136551062,0.5278723629629636,0.8519,0,0,stable
46__1200_600,60,t_8_16,195.9991455078125,0.0,0.0,2.0,0.9835301268738713,0.8101382142857113,0.8519,0,1,stable
46__1200_600,61,t_8_16,167.9999542236328,0.0,0.0,2.0,0.9501497335390668,0.5838209534314714,0.8519,0,0,stable
46__1200_600,62,t_8_16,64.0,0.25,0.25,1.0,,0.4389641236816535,0.8519,1,0,mild
46__1200_600,63,t_8_16,144.0,0.0,0.0,2.0,0.9797601426319661,0.68141072917535,0.8519,0,0,stable
46__1200_600,64,t_8_16,181.99963378719985,0.5,0.0,5.0,0.5541489879566169,0.7868582021726616,0.8519,0,1,mild
46__1200_600,65,t_8_16,144.0,0.0,0.0,3.0,0.9938682327247355,0.8477486612691325,0.8519,0,1,stable
46__1200_600,67,t_8_16,132.0,0.5,0.0,3.0,0.20678673174926931,0.8340286208087688,0.8519,0,1,mild
46__1200_600,68,t_8_16,168.0,0.0,0.0,4.0,0.9571352519438541,0.6797628793747524,0.8519,0,0,stable
46__1200_600,69,t_8_16,182.0,0.0,0.0,3.0,0.9860163634097647,0.727298626026352,0.8519,0,0,stable
46__1200_600,70,t_8_16,221.0,0.0,0.0,4.0,0.97164948519858,0.8101426143744205,0.8519,0,1,stable
46__1200_600,71,t_8_16,143.0,0.0,0.0,2.0,0.989676593476556,0.7445134446394241,0.8519,0,0,stable
46__1200_600,72,t_8_16,112.0,0.0,0.0,2.0,0.9421182097276526,0.6152113742170046,0.8519,0,0,stable
46__1200_600,74,t_8_16,120.0,0.25,0.0,4.0,0.8020380544417725,0.5232191410991076,0.8519,0,0,mild
46__1200_600,75,t_8_16,155.99960327148438,0.0,0.0,3.0,0.9160138506141497,0.7399082377822439,0.8519,0,0,stable
46__1200_600,76,s_16_32,272.0,0.0,0.0,3.0,0.9926456703527569,0.6205137427811961,0.8519,0,0,stable
46__1200_600,77,t_8_16,191.9996337890625,0.0,0.0,4.0,0.9986360682670835,0.744734782508246,0.8519,0,0,stable
46__1200_600,78,t_8_16,143.0,0.0,0.0,2.0,0.997476963070815,0.8326333636363653,0.8519,0,1,stable
46__1200_600,79,t_8_16,180.0,0.0,0.0,2.0,0.9965247399347998,0.7423999751399643,0.8519,0,0,stable
46__1200_600,80,s_16_32,525.0,0.0,0.0,8.0,0.45611821692686205,0.31066205142857145,0.8519,1,0,stable
46__1200_600,81,t_8_16,156.0,0.0,0.0,3.0,0.9968024859294803,0.7620439365457172,0.8519,0,1,stable
46__1200_600,82,t_8_16,195.0,0.0,0.0,3.0,0.9959127923945942,0.8030546093954196,0.8519,0,1,stable
46__1200_600,83,t_8_16,100.0,0.25,0.0,2.0,0.8156114256567312,0.4995225843212083,0.8519,1,0,mild
46__1200_600,84,t_8_16,181.99920654296875,0.25,0.0,4.0,0.7663507791167791,0.4578600069162302,0.8519,1,0,mild
46__1200_600,85,t_8_16,210.0,0.0,0.0,5.0,0.9933540880494175,0.6431128476190499,0.8519,0,0,stable
46__1200_600,86,t_8_16,143.0,0.5,0.0,3.0,0.21292049869365903,0.7464123468818501,0.8519,0,0,mild
46__1200_600,87,s_16_32,294.0,0.0,0.0,5.0,0.8059676257463303,0.6322018775510206,0.8519,0,0,stable
46__1200_600,88,s_16_32,396.0,0.0,0.0,8.0,0.8819338273388728,0.7292464385801182,0.8519,0,0,stable
46adb7e21,0,s_16_32,475.0,0.0,0.0,8.0,0.9994461702638149,0.8835050350258331,0.88741,0,1,stable
46adb7e21,1,t_8_16,255.0,0.0,0.0,5.0,0.9727063513025257,0.8225332345228521,0.88741,0,1,stable
46adb7e21,2,t_8_16,121.0,0.0,0.0,2.0,0.999999999990657,0.8224430232047244,0.88741,0,1,stable
4b3cd2574,0,t_8_16,100.0,0.25,0.0,2.0,0.5256474841227826,0.6609261945284604,0.47396,0,0,mild
4b3cd2574,1,t_8_16,168.0,0.0,0.0,3.0,0.9932040972338401,0.831767399312163,0.47396,0,1,stable
4ebc412fe,0,t_8_16,239.999267578125,0.0,0.0,3.0,0.8905101497334096,0.733949931024838,0.54922,0,0,stable
53208bafb,0,t_8_16,80.0,0.25,0.25,1.0,,0.5411899392140871,0.56649,0,0,mild
53208bafb,1,t_8_16,171.0,0.25,0.0,4.0,0.9278697076993887,0.7906355214096669,0.56649,0,1,mild
53__600_1200,0,t_8_16,180.00009155273438,0.0,0.0,3.0,0.9913094919004253,0.6999372162036025,0.77403,0,0,stable
53__600_1200,1,t_8_16,176.0,0.25,0.0,5.0,0.9519595603491897,0.6370596896288662,0.77403,0,0,mild
53__600_1200,3,t_8_16,140.0,0.0,0.0,2.0,0.9877002006834298,0.6871274053645322,0.77403,0,0,stable
53__600_1200,4,t_8_16,168.0,0.0,0.0,3.0,0.9885949769216166,0.6176790353760746,0.77403,0,0,stable
53__600_1200,5,t_8_16,168.0,0.5,0.0,2.0,0.486903758233114,0.715323815779657,0.77403,0,0,mild
53__600_1200,6,t_8_16,144.0,0.0,0.0,2.0,0.9687922609574575,0.7085671323184441,0.77403,0,0,stable
53__600_1200,7,t_8_16,180.0,0.0,0.0,3.0,0.951551579786955,0.6531506374305031,0.77403,0,0,stable
53__600_1200,8,t_8_16,111.99954223644454,0.0,0.0,3.0,0.9986881206777843,0.8505824943095662,0.77403,0,1,stable
53__600_1200,9,t_8_16,112.0,0.0,0.0,2.0,0.9678191055832054,0.6930263573083635,0.77403,0,0,stable
53__600_1200,10,t_8_16,111.9990234375,0.0,0.0,5.0,0.9784955640228938,0.720778197448023,0.77403,0,0,stable
53__600_1200,11,t_8_16,112.0,0.0,0.0,2.0,0.998627771528072,0.7509361268304662,0.77403,0,1,stable
53__600_1200,12,t_8_16,100.0,0.25,0.0,2.0,0.9999999996101147,0.6621887964517081,0.77403,0,0,mild
53__600_1200,13,t_8_16,64.0,0.0,0.0,1.0,,0.459578821861073,0.77403,1,0,stable
53__600_1200,14,t_8_16,120.0,0.0,0.0,2.0,0.9980759347220891,0.7204667021921435,0.77403,0,0,stable
53__600_1200,15,t_8_16,140.0,0.0,0.0,2.0,0.9842853867403216,0.6714521033941553,0.77403,0,0,stable
53__600_1200,16,t_8_16,112.0,0.0,0.0,2.0,,0.5548404472432514,0.77403,0,0,stable
53__600_1200,17,t_8_16,80.0,0.5,0.5,0.0,,0.47483733675418804,0.77403,1,0,mild
53__600_1200,18,t_8_16,100.0,0.0,0.0,1.0,,0.6204197411245552,0.77403,0,0,stable
53__600_1200,19,t_8_16,224.0,0.0,0.0,5.0,0.9892681335111989,0.6207687401985097,0.77403,0,0,stable
53__600_1200,20,t_8_16,216.0,0.0,0.0,3.0,0.9975542387894243,0.5961116673095198,0.77403,0,0,stable
53__600_1200,21,t_8_16,167.99978637695312,0.0,0.0,4.0,0.9871187558364586,0.7210761329925971,0.77403,0,0,stable
53__600_1200,22,t_8_16,168.0,0.0,0.0,3.0,0.9994211625755807,0.7621087574855983,0.77403,0,1,stable
53__600_1200,23,s_16_32,288.0,0.0,0.0,6.0,0.932928997417681,0.5901634409722211,0.77403,0,0,stable
53__600_1200,24,s_16_32,288.0,0.0,0.0,7.0,0.9985204319368385,0.6151551666666681,0.77403,0,0,stable
53__600_1200,25,t_8_16,195.0,0.0,0.0,4.0,0.987753696608926,0.83362640562787,0.77403,0,1,stable
53__600_1200,26,s_16_32,380.0,0.25,0.0,6.0,0.4375566131994176,0.8751564523069648,0.77403,0,1,mild
53__600_1200,27,t_8_16,195.0,0.0,0.0,4.0,0.9833132582245195,0.7393089321726906,0.77403,0,0,stable
53__600_1200,28,t_8_16,144.0,0.0,0.0,3.0,0.9946484106030786,0.8704584887439157,0.77403,0,1,stable
53__600_1200,29,t_8_16,238.0,0.0,0.0,5.0,0.6657652893954249,0.6745169682929977,0.77403,0,0,stable
53__600_1200,30,t_8_16,121.0,0.0,0.0,2.0,0.9920890459204177,0.7634400410785863,0.77403,0,1,stable
53__600_1200,31,t_8_16,165.0,0.25,0.0,2.0,0.06740975910924712,0.7792430340780742,0.77403,0,1,mild
53__600_1200,32,t_8_16,182.0,0.0,0.0,4.0,0.8049780452114349,0.8724848795817965,0.77403,0,1,stable
53__600_1200,33,t_8_16,126.0,0.0,0.0,3.0,0.9977306403131058,0.7629807275108335,0.77403,0,1,stable
53__600_1200,34,t_8_16,143.0,0.0,0.0,2.0,0.9890215514297391,0.7293767285147652,0.77403,0,0,stable
53__600_1200,35,t_8_16,104.0,0.0,0.0,2.0,0.8555978251569131,0.6364736921761227,0.77403,0,0,stable
53__600_1200,36,t_8_16,83.99972534179688,0.0,0.0,3.0,0.9908008287692739,0.7836513580526698,0.77403,0,1,stable
53__600_1200,37,t_8_16,144.0,0.0,0.0,2.0,0.3604648482205541,0.5636649777154699,0.77403,0,0,stable
53__600_1200,38,t_8_16,80.0,0.0,0.0,2.0,0.7566498211779338,0.6168793684797876,0.77403,0,0,stable
557bf583e,2,t_8_16,90.0000305166468,0.0,0.0,2.0,0.9795310100958842,0.7345293540383668,0.69717,0,0,stable
557bf583e,6,t_8_16,81.0,0.0,0.0,1.0,,0.8974522393908702,0.69717,0,1,stable
557bf583e,7,t_8_16,100.0,0.0,0.0,2.0,0.9812970056211784,0.8139452975165439,0.69717,0,1,stable
557bf583e,8,t_8_16,175.99932861328125,0.0,0.0,3.0,0.9985740528374176,0.8335859845755156,0.69717,0,1,stable
557bf583e,11,t_8_16,84.0003662109375,0.0,0.0,3.0,0.9894591461568212,0.7292646616055698,0.69717,0,0,stable
557bf583e,12,t_8_16,170.0,0.0,0.0,2.0,0.9982432174159588,0.7688935253224278,0.69717,0,1,stable
557bf583e,13,t_8_16,239.998779296875,0.0,0.0,5.0,0.9580534275129439,0.5584687500000005,0.69717,0,0,stable
557bf583e,14,t_8_16,88.0,0.25,0.0,2.0,0.8455664859292791,0.7085183486751513,0.69717,0,0,mild
56435f779,0,t_8_16,88.0,0.25,0.25,1.0,,0.5736909599250513,0.46502,0,0,mild
56435f779,1,t_8_16,72.0,0.25,0.25,1.0,,0.6755460958825923,0.46502,0,0,mild
567261abb,0,t_8_16,81.0,0.0,0.0,1.0,,0.7326592817568557,0.68111,0,0,stable
567261abb,6,t_8_16,72.0,0.0,0.0,1.0,,0.7707151429974113,0.68111,0,1,stable
567261abb,7,t_8_16,84.0,0.0,0.0,3.0,0.9990856919795468,0.8682394105035482,0.68111,0,1,stable
568__2400_2400,0,t_8_16,192.0,0.0,0.0,5.0,0.858368796258821,0.8032100080669662,0.79502,0,1,stable
568__2400_2400,1,s_16_32,540.0,0.0,0.0,10.0,0.9994928060129881,0.8424950270373838,0.79502,0,1,stable
568__2400_2400,2,t_8_16,216.0,0.0,0.0,2.0,0.9998059355684003,0.8703767905570677,0.79502,0,1,stable
568__2400_2400,3,t_8_16,140.0,0.0,0.0,2.0,0.6793236640676202,0.7738688896749231,0.79502,0,1,stable
568__2400_2400,4,t_8_16,112.0,0.0,0.0,2.0,0.9678709987215083,0.5360522476833168,0.79502,0,0,stable
568__2400_2400,5,t_8_16,168.0,0.0,0.0,3.0,0.9844824214386106,0.7256475363757194,0.79502,0,0,stable
568__2400_2400,6,t_8_16,240.0,0.0,0.0,4.0,0.9968974842466033,0.7338600429094684,0.79502,0,0,stable
568__2400_2400,7,s_16_32,504.0,0.0,0.0,7.0,0.9896986658035264,0.9015032914077614,0.79502,0,1,stable
568__2400_2400,8,t_8_16,240.0,0.0,0.0,6.0,0.9874283041339801,0.6168704222111631,0.79502,0,0,stable
568__2400_2400,9,s_16_32,840.0,0.0,0.0,10.0,0.6798037824004325,0.3527282285714285,0.79502,1,0,stable
568__2400_2400,10,t_8_16,180.0,0.25,0.0,4.0,0.7552388966127735,0.8599238170499606,0.79502,0,1,mild
568__2400_2400,11,s_16_32,308.0,0.0,0.0,9.0,0.9687446056614177,0.711065987375586,0.79502,0,0,stable
568__2400_2400,12,t_8_16,179.99972534179688,0.0,0.0,4.0,0.9956284449018754,0.6913969287951025,0.79502,0,0,stable
568__2400_2400,13,t_8_16,191.999267578125,0.0,0.0,2.0,0.9990326650395922,0.7214859589284285,0.79502,0,0,stable
568__2400_2400,14,s_16_32,720.0,0.0,0.0,10.0,0.9741363995608155,0.7473684129457662,0.79502,0,0,stable
568__2400_2400,15,t_8_16,96.0,0.0,0.0,6.0,0.9920813670116808,0.5399195946820466,0.79502,0,0,stable
568__2400_2400,16,t_8_16,180.0,0.0,0.0,3.0,0.9990198489660467,0.822625373621574,0.79502,0,1,stable
568__2400_2400,17,s_16_32,575.9989013671875,0.0,0.0,9.0,0.9957898105602256,0.751096921875,0.79502,0,1,stable
568__2400_2400,18,s_16_32,280.0,0.0,0.0,4.0,0.9983465664000865,0.6088645081708949,0.79502,0,0,stable
568__2400_2400,19,t_8_16,252.0,0.0,0.0,5.0,0.9947588352762801,0.7895207850663482,0.79502,0,1,stable
568__2400_2400,20,t_8_16,180.0,0.0,0.0,3.0,0.5127056854554921,0.6619144760633925,0.79502,0,0,stable
568__2400_2400,21,t_8_16,168.0,0.25,0.0,2.0,0.2568989299329996,0.7888846292012763,0.79502,0,1,mild
568__2400_2400,22,s_16_32,280.0,0.25,0.0,6.0,0.215518438631578,0.6160351285714262,0.79502,0,0,mild
568__2400_2400,23,t_8_16,240.0,0.0,0.0,6.0,0.988910044165083,0.7361931499999977,0.79502,0,0,stable
568__2400_2400,24,t_8_16,96.0,0.25,0.25,1.0,,0.6456568541072311,0.79502,0,0,mild
568__2400_2400,25,s_16_32,748.0001831052359,0.0,0.0,10.0,0.9977496326943489,0.7960313155080223,0.79502,0,1,stable
568__2400_2400,26,s_16_32,540.0,0.0,0.0,9.0,0.9998257736077589,0.9398644486185667,0.79502,0,1,stable
568__2400_2400,27,t_8_16,144.0,0.0,0.0,4.0,0.9961981135103414,0.6567375014780968,0.79502,0,0,stable
568__2400_2400,28,t_8_16,224.0001220703125,0.0,0.0,5.0,0.9519686029817982,0.7252629567141252,0.79502,0,0,stable
568__2400_2400,29,t_8_16,128.0,0.0,0.0,2.0,0.9985502716902501,0.7408295918526983,0.79502,0,0,stable
568__2400_2400,30,t_8_16,160.0,0.0,0.0,2.0,0.9990047636651681,0.6614614060369289,0.79502,0,0,stable
568__2400_2400,31,t_8_16,200.0,0.0,0.0,3.0,0.9995821186866701,0.7987629433674306,0.79502,0,1,stable
568__2400_2400,32,t_8_16,128.0,0.0,0.0,2.0,0.9849924946334699,0.7630091822799765,0.79502,0,1,stable
568__2400_2400,33,t_8_16,160.0,0.0,0.0,3.0,0.9874377296649123,0.860598027580186,0.79502,0,1,stable
5716a88a1,0,t_8_16,238.0,0.0,0.0,5.0,0.9893913745666167,0.791019563025212,0.80192,0,1,stable
5787d635c,0,s_16_32,400.0,0.0,0.0,8.0,0.9866179909712187,0.7613183999999996,0.75807,0,1,stable
5787d635c,1,t_8_16,195.0,0.0,0.0,4.0,0.9644926497095855,0.7934114386737353,0.75807,0,1,stable
5787d635c,2,t_8_16,133.00021362304688,0.0,0.0,7.0,0.9882762844322966,0.8398611699367298,0.75807,0,1,stable
5787d635c,3,t_8_16,182.0,0.0,0.0,4.0,0.9926018234174278,0.6806248549922537,0.75807,0,0,stable
5787d635c,4,t_8_16,72.0,0.25,0.0,2.0,0.6442271611075836,0.6799739067107031,0.75807,0,0,mild
59f0da06d,0,t_8_16,110.00003814697266,0.0,0.0,1.0,,0.7565725838324017,0.74532,0,1,stable
59f0da06d,1,t_8_16,135.0009841923602,0.0,0.0,2.0,0.9855257928247733,0.6949442962962998,0.74532,0,0,stable
5aa473f77,0,t_8_16,234.0,0.25,0.0,5.0,0.2600317160812675,0.9173822306607159,0.89705,0,1,mild
5aa473f77,2,t_8_16,110.0,0.0,0.0,1.0,,0.6798727916121653,0.89705,0,0,stable
5aa473f77,3,t_8_16,150.0,0.5,0.0,3.0,0.8799868853019485,0.0,0.89705,1,0,mild
5aa473f77,4,s_16_32,456.0,0.0,0.0,10.0,0.9881853306285627,0.8102948574561393,0.89705,0,1,stable
5aa473f77,5,t_8_16,234.00079345703125,0.0,0.0,5.0,0.9407025409056192,0.8101219156807394,0.89705,0,1,stable
5aa473f77,6,s_16_32,900.0,0.0,0.0,10.0,0.9968959872947603,0.8558825599999967,0.89705,0,1,stable
5aa473f77,7,s_16_32,811.9995727539062,0.0,0.0,10.0,0.9849653244856331,0.8766951973662751,0.89705,0,1,stable
5aa473f77,8,s_16_32,425.0,0.0,0.0,9.0,0.9938602440041251,0.758914341784663,0.89705,0,1,stable
5aa473f77,9,s_16_32,374.0,0.0,0.0,7.0,0.9413378697129937,0.8416397661839119,0.89705,0,1,stable
5aa6ab87c,0,t_8_16,180.0,0.0,0.0,4.0,0.9802581851649484,0.8410294216885513,0.7345,0,1,stable
5b6999ae6,0,t_8_16,153.0,0.0,0.0,3.0,0.7080901974382395,0.783504870311514,0.46449,0,1,stable
5bb210460,0,s_16_32,460.0,0.0,0.0,8.0,0.9933265941336751,0.9269770989117714,0.88369,0,1,stable
5bb210460,1,s_16_32,650.0,0.0,0.0,10.0,0.9777639754932795,0.7491679138461506,0.88369,0,0,stable
5bb210460,2,s_16_32,699.9969482421875,0.0,0.0,10.0,0.9958943952993198,0.8860938257142884,0.88369,0,1,stable
5bb210460,3,s_16_32,256.0,0.0,0.0,5.0,0.9853503889535687,0.8538087772751038,0.88369,0,1,stable
5bb210460,4,t_8_16,254.99896240234375,0.0,0.0,6.0,0.9966845691410845,0.8593034382332785,0.88369,0,1,stable
5bb210460,5,t_8_16,81.0,0.25,0.0,2.0,0.8756676767552313,0.7369724761251626,0.88369,0,0,mild
5f0b17585,1,t_8_16,144.0,0.0,0.0,3.0,0.7362863107136867,0.7965037401422559,0.87636,0,1,stable
5f55ef176,0,t_8_16,169.0,0.0,0.0,3.0,0.9793268509835146,0.0,0.16217,1,0,stable
600__600_2342,0,s_16_32,528.0,0.0,0.0,10.0,0.9987692531119187,0.5138305492424248,0.80161,0,0,stable
600__600_2342,1,t_8_16,192.0,0.0,0.0,4.0,0.9882110456308852,0.8706883838570566,0.80161,0,1,stable
600__600_2342,2,t_8_16,179.99969482421875,0.0,0.0,3.0,0.9754765542923042,0.850158029025458,0.80161,0,1,stable
600__600_2342,3,t_8_16,180.0,0.25,0.0,2.0,0.999980727201882,0.5596262836629248,0.80161,0,0,mild
600__600_2342,4,t_8_16,160.0,0.0,0.0,3.0,0.9627915221217733,0.7478871637753621,0.80161,0,0,stable
600__600_2342,5,t_8_16,216.0,0.0,0.0,5.0,0.7509495161655212,0.8854204754962416,0.80161,0,1,stable
600__600_2342,6,t_8_16,180.0,0.0,0.0,2.0,0.9918229228096279,0.6613251895587029,0.80161,0,0,stable
600__600_2342,7,t_8_16,140.0,0.0,0.0,2.0,0.9868303207841984,0.8228819972521618,0.80161,0,1,stable
600__600_2342,8,t_8_16,160.0,0.0,0.0,3.0,0.9976004787488896,0.8294330629834965,0.80161,0,1,stable
600__600_2342,9,t_8_16,119.99981689453125,0.0,0.0,2.0,0.9782875399992513,0.6968871670510494,0.80161,0,0,stable
600__600_2342,10,t_8_16,192.0,0.0,0.0,2.0,0.79006184170378,0.6509316087615652,0.80161,0,0,stable
600__600_2342,11,t_8_16,139.9993896484375,0.0,0.0,2.0,0.907089751002883,0.7378908423319122,0.80161,0,0,stable
600__600_2342,12,t_8_16,139.9993896484375,0.0,0.0,3.0,0.9867012541994469,0.7727154100404388,0.80161,0,1,stable
600__600_2342,13,t_8_16,96.0,0.0,0.0,1.0,,0.6122953029832329,0.80161,0,0,stable
600__600_2342,14,t_8_16,139.9993896484375,0.25,0.0,3.0,0.3054529160120131,0.7764749503083368,0.80161,0,1,mild
600__600_2342,15,s_16_32,264.0,0.0,0.0,5.0,0.891222096695036,0.7221507538579814,0.80161,0,0,stable
600__600_2342,16,t_8_16,144.0,0.0,0.0,2.0,0.9905387683476838,0.6714898970279375,0.80161,0,0,stable
600__600_2342,17,s_16_32,468.0,0.0,0.0,9.0,0.9878830819253249,0.9194823212282653,0.80161,0,1,stable
600__600_2342,18,t_8_16,160.0,0.0,0.0,3.0,0.9984942896023171,0.7610505196647387,0.80161,0,1,stable
600__600_2342,19,t_8_16,199.99969482421875,0.25,0.0,4.0,0.8962919717235522,0.6596913886601375,0.80161,0,0,mild
600__600_2342,20,t_8_16,140.0,0.5,0.0,4.0,0.316423005409544,0.8974524627301724,0.80161,0,1,mild
600__600_2342,21,t_8_16,160.0,0.0,0.0,2.0,0.9996026874799325,0.7262873875838554,0.80161,0,0,stable
600__600_2342,22,t_8_16,192.0,0.5,0.0,2.0,0.06046578716247466,0.5474406848916374,0.80161,0,0,mild
600__600_2342,23,t_8_16,96.0,0.25,0.25,2.0,0.2959600411902773,0.7356226906939052,0.80161,0,0,mild
600__600_2342,24,t_8_16,180.0,0.0,0.0,3.0,0.9698644152646212,0.7662493874523844,0.80161,0,1,stable
600__600_2342,25,t_8_16,112.0,0.0,0.0,3.0,0.680440492692952,0.4629897027617682,0.80161,1,0,stable
600__600_2342,26,t_8_16,192.0,0.0,0.0,4.0,0.7303148773204026,0.9035941639866865,0.80161,0,1,stable
600__600_2342,27,t_8_16,168.0,0.0,0.0,2.0,0.9999999999844,0.7109429464950746,0.80161,0,0,stable
600__600_2342,28,t_8_16,140.0,0.0,0.0,3.0,0.9841991755380283,0.7507344059326033,0.80161,0,1,stable
600__600_2342,29,t_8_16,112.0,0.25,0.25,1.0,,0.4677167648829773,0.80161,1,0,mild
600__600_2342,30,t_8_16,252.0008544921875,0.0,0.0,6.0,0.9699387049964279,0.7485382436190874,0.80161,0,0,stable
600__600_2342,31,t_8_16,160.00095748889726,0.0,0.0,2.0,0.9998883163953145,0.7882975846995077,0.80161,0,1,stable
600__600_2342,33,s_16_32,280.0,0.0,0.0,7.0,0.9623865969591239,0.8966170669955469,0.80161,0,1,stable
600__600_2342,34,t_8_16,191.9990234375,0.0,0.0,3.0,0.9998865949855847,0.865492724648666,0.80161,0,1,stable
600__600_2342,35,s_16_32,336.0,0.0,0.0,7.0,0.8888831872368285,0.7118463907818838,0.80161,0,0,stable
600__600_2342,36,t_8_16,216.0,0.0,0.0,5.0,0.9706049331196139,0.8439768917419125,0.80161,0,1,stable
600__600_2342,37,t_8_16,180.0006103515625,0.0,0.0,3.0,0.9425773468264976,0.6381135623915354,0.80161,0,0,stable
600__600_2342,38,t_8_16,240.0,0.0,0.0,7.0,0.9964945438182872,0.814149659569049,0.80161,0,1,stable
600__600_2342,39,t_8_16,216.0,0.0,0.0,6.0,0.9695230638714608,0.8881703566078205,0.80161,0,1,stable
600__600_2342,40,t_8_16,191.999267578125,0.0,0.0,2.0,0.985204406558555,0.8853919650983756,0.80161,0,1,stable
600__600_2342,41,t_8_16,100.0,0.0,0.0,2.0,0.9837534649970634,0.6799760278531236,0.80161,0,0,stable
600__600_2342,42,t_8_16,216.0,0.0,0.0,3.0,0.9982787132441944,0.8626596035883949,0.80161,0,1,stable
600__600_2342,43,t_8_16,192.0,0.25,0.0,4.0,0.5838825110630738,0.9391938233418192,0.80161,0,1,mild
600__600_2342,44,t_8_16,251.9989013671875,0.0,0.0,6.0,0.9897715377105706,0.788719857142852,0.80161,0,1,stable
600__600_2342,45,t_8_16,160.0,0.0,0.0,3.0,0.9985698097035022,0.8092897480114781,0.80161,0,1,stable
600__600_2342,46,t_8_16,180.0,0.25,0.0,5.0,0.4179768060794621,0.7954232552871162,0.80161,0,1,mild
600__600_2342,47,t_8_16,240.0,0.0,0.0,5.0,0.9729082808281777,0.8538515819957756,0.80161,0,1,stable
600__600_2342,48,s_16_32,416.0,0.0,0.0,8.0,0.7942534528046318,0.1372325662462153,0.80161,1,0,stable
600__600_2342,49,t_8_16,224.0,0.0,0.0,4.0,0.9163068479289972,0.5736125551214606,0.80161,0,0,stable
600__600_2342,50,t_8_16,128.0,0.5,0.5,2.0,0.8531737438352418,0.6404372738067685,0.80161,0,0,mild
600__600_2342,51,t_8_16,144.0,0.5,0.25,1.0,,0.6216259187609584,0.80161,0,0,mild
600__600_2342,52,t_8_16,200.0,0.0,0.0,2.0,0.9676397624520923,0.7053122090240982,0.80161,0,0,stable
600__600_2342,53,t_8_16,252.0,0.25,0.0,5.0,0.3472462107702877,0.6166316588350611,0.80161,0,0,mild
600__600_2342,54,s_16_32,288.0,0.0,0.0,3.0,0.987016040466984,0.7052528470833732,0.80161,0,0,stable
600__600_2342,55,t_8_16,196.0,0.5,0.0,4.0,0.4096239484977731,0.3987108990385495,0.80161,1,0,mild
600__600_2342,56,s_16_32,287.999755859375,0.0,0.0,3.0,0.9909852610583335,0.49668827389258063,0.80161,1,0,stable
600__600_2342,57,t_8_16,192.0,0.0,0.0,5.0,0.9958080684711637,0.7281852152890285,0.80161,0,0,stable
600__600_2342,58,s_16_32,440.0,0.0,0.0,9.0,0.9566592966177767,0.42556305909091113,0.80161,1,0,stable
600__600_2342,59,t_8_16,140.0,0.5,0.5,3.0,0.6628378787291359,0.4939289554655171,0.80161,1,0,mild
600__600_2342,60,s_16_32,288.0,0.0,0.0,5.0,0.9896395393896044,0.6523824999999968,0.80161,0,0,stable
600__600_2342,61,t_8_16,200.001220703125,0.0,0.0,4.0,0.968358774103271,0.5462009049411151,0.80161,0,0,stable
600__600_2342,62,s_16_32,256.0,0.0,0.0,3.0,0.9930863722395362,0.7199329423605454,0.80161,0,0,stable
600__600_2342,63,s_16_32,280.0,0.0,0.0,6.0,0.8431042125326017,0.6791354214285765,0.80161,0,0,stable
600__600_2342,64,s_16_32,280.0,0.25,0.0,4.0,0.6628033190255459,0.4513679878594666,0.80161,1,0,mild
600__600_2342,65,t_8_16,112.0,0.25,0.0,2.0,0.9822219992537988,0.5064722215826889,0.80161,0,0,mild
600__600_2342,66,t_8_16,224.0,0.5,0.5,2.0,,0.4426239551311211,0.80161,1,0,mild
600__600_2342,67,t_8_16,95.9996337890625,0.0,0.0,1.0,,0.6075719989432046,0.80161,0,0,stable
600__600_2342,68,s_16_32,288.0,0.0,0.0,8.0,0.9882272600932082,0.6736487367556251,0.80161,0,0,stable
600__600_2342,69,s_16_32,320.0,0.0,0.0,5.0,0.9971230779855481,0.49858539999999996,0.80161,1,0,stable
600__600_2342,70,t_8_16,140.0,0.25,0.0,4.0,0.8489471422288405,0.6639777701628441,0.80161,0,0,mild
600__600_2342,71,t_8_16,84.0,0.0,0.0,2.0,0.8248860346397716,0.5317547299642454,0.80161,0,0,stable
600__600_2342,72,s_16_32,287.9989013671875,0.25,0.0,3.0,0.8771044718366228,0.40111530988790517,0.80161,1,0,mild
600__600_2342,73,t_8_16,160.0,0.25,0.25,0.0,,0.7075415258497663,0.80161,0,0,mild
600__600_2342,74,s_16_32,264.0,0.0,0.0,6.0,0.9699617937267839,0.7031898674242445,0.80161,0,0,stable
600__600_2342,75,s_16_32,352.0,0.5,0.0,7.0,0.3696648899881571,0.4352985596590921,0.80161,1,0,mild
600__600_2342,76,t_8_16,196.0,0.0,0.0,2.0,0.9944663286257686,0.6650911310406254,0.80161,0,0,stable
600__600_2342,77,t_8_16,140.0,0.0,0.0,3.0,0.9924899514923792,0.7273877589460968,0.80161,0,0,stable
600__600_2342,78,s_16_32,336.0,0.0,0.0,3.0,0.9223284779340442,0.5253962648809506,0.80161,0,0,stable
600__600_2342,79,t_8_16,96.0,0.25,0.25,2.0,0.749187813367166,0.6373282181370545,0.80161,0,0,mild
600__600_2342,80,t_8_16,168.0,0.0,0.0,3.0,0.9695473540260131,0.7168319630571753,0.80161,0,0,stable
600__600_2342,81,t_8_16,128.0,0.0,0.0,2.0,0.9745968922327496,0.5408634526753374,0.80161,0,0,stable
600__600_2342,82,s_16_32,308.0,0.0,0.0,4.0,0.9985555631451367,0.6390901883116866,0.80161,0,0,stable
600__600_2342,83,t_8_16,139.99957275390625,0.25,0.0,4.0,0.24062375645873463,0.5756527521262331,0.80161,0,0,mild
600__600_2342,84,t_8_16,196.0,0.25,0.0,4.0,0.6836759513530284,0.4609638563624355,0.80161,1,0,mild
600__600_2342,85,t_8_16,160.0009765625,0.0,0.0,3.0,0.9256285237546884,0.7272905094377771,0.80161,0,0,stable
600__600_2342,86,t_8_16,140.0,0.0,0.0,2.0,0.98133432632489,0.7240893733450532,0.80161,0,0,stable
600__600_2342,87,s_16_32,320.0,0.0,0.0,6.0,0.9701175609330717,0.5101865754210172,0.80161,0,0,stable
600__600_2342,88,t_8_16,168.0,0.0,0.0,3.0,0.9392880898096447,0.7121494263944419,0.80161,0,0,stable
600__600_2342,89,s_16_32,287.9989013671875,0.25,0.0,5.0,0.6211568459236847,0.44599099959565197,0.80161,1,0,mild
600__600_2342,90,t_8_16,112.0,0.25,0.25,1.0,,0.4786894516822287,0.80161,1,0,mild
600__600_2342,91,s_16_32,260.0,0.0,0.0,4.0,0.9615947735083076,0.4360346121602509,0.80161,1,0,stable
600__600_2342,92,s_16_32,264.0,0.0,0.0,5.0,0.9943056136676913,0.5225108110967996,0.80161,0,0,stable
600__600_2342,93,t_8_16,192.0,0.0,0.0,4.0,0.8451852086870888,0.8112818061219127,0.80161,0,1,stable
600__600_2342,94,t_8_16,140.0,0.25,0.0,3.0,0.9736753069649416,0.8214675503315632,0.80161,0,1,mild
600__600_2342,95,t_8_16,96.0,0.0,0.0,4.0,0.5367453321003518,0.5420701273175113,0.80161,0,0,stable
600__600_2342,96,t_8_16,160.0,0.0,0.0,2.0,0.9847921130870003,0.7219747415307916,0.80161,0,0,stable
600__600_2342,97,t_8_16,180.0,0.0,0.0,2.0,0.9275283017664377,0.6732469275450625,0.80161,0,0,stable
600__600_2342,98,t_8_16,80.0,0.25,0.0,2.0,0.9395909390905502,0.38289817832841305,0.80161,1,0,mild
600__600_2342,99,t_8_16,192.0,0.0,0.0,3.0,0.9931033450267099,0.7616688942599307,0.80161,0,1,stable
600__600_2342,100,s_16_32,480.0,0.0,0.0,8.0,0.9761807478484941,0.685579538379524,0.80161,0,0,stable
600__600_2342,101,t_8_16,252.0,0.0,0.0,4.0,0.9987726983797496,0.804982581410393,0.80161,0,1,stable
600__600_2342,102,t_8_16,160.0,0.0,0.0,3.0,0.9741468793145374,0.5961291677683068,0.80161,0,0,stable
600__600_2342,103,t_8_16,239.99954223632812,0.0,0.0,10.0,0.9938661873937333,0.4155887697767125,0.80161,1,0,stable
600__600_2342,104,t_8_16,239.9993896484375,0.0,0.0,4.0,0.9980547944959386,0.5923035067300638,0.80161,0,0,stable
600__600_2342,105,t_8_16,140.0,0.25,0.25,2.0,0.8718355214074786,0.4373151772398329,0.80161,1,0,mild
600__600_2342,106,s_16_32,336.0,0.0,0.0,4.0,0.962460718030391,0.40315388329549606,0.80161,1,0,stable
600__600_2342,107,t_8_16,216.0,0.0,0.0,4.0,0.9946106248372657,0.8776671168690033,0.80161,0,1,stable
600__600_2342,108,s_16_32,280.0,0.0,0.0,6.0,0.9649444503303232,0.8696165382704244,0.80161,0,1,stable
600__600_2342,109,s_16_32,287.9989013671875,0.0,0.0,5.0,0.9904273956359784,0.631210061012051,0.80161,0,0,stable
600__600_2342,110,t_8_16,140.0,0.0,0.0,1.0,0.9999792557900866,0.7086873464263693,0.80161,0,0,stable
600__600_2342,111,t_8_16,168.0,0.25,0.0,1.0,,0.5199216491862009,0.80161,0,0,mild
600__600_2342,112,s_16_32,360.0,0.0,0.0,7.0,0.3534712761864062,0.3434887742842394,0.80161,1,0,stable
600__600_2342,113,s_16_32,384.0,0.0,0.0,8.0,0.9967929251500701,0.6478588124999973,0.80161,0,0,stable
600__600_2342,114,t_8_16,192.0,0.5,0.0,3.0,0.30914453936242897,0.739164419897051,0.80161,0,0,mild
600__600_2342,115,s_16_32,360.0,0.0,0.0,5.0,0.8365154810137407,0.5170661168983842,0.80161,0,0,stable
600__600_2342,116,s_16_32,256.0,0.0,0.0,4.0,0.6290979490941042,0.48744957974645214,0.80161,1,0,stable
600__600_2342,117,t_8_16,252.0,0.0,0.0,4.0,0.6449711405841323,0.5987074796802505,0.80161,0,0,stable
600__600_2342,118,t_8_16,128.0,0.0,0.0,2.0,0.9967824934244405,0.6588195484684296,0.80161,0,0,stable
600__600_2342,119,s_16_32,416.0,0.0,0.0,9.0,0.9998070783838884,0.7709543497244704,0.80161,0,1,stable
600__600_2342,120,t_8_16,144.0,0.25,0.25,3.0,0.5373655537199109,0.42696663283905517,0.80161,1,0,mild
600__600_2342,121,s_16_32,319.9993896484375,0.0,0.0,6.0,0.9944078128451116,0.6030825000000024,0.80161,0,0,stable
600__600_2342,122,t_8_16,216.0,0.0,0.0,5.0,0.941532525170567,0.6856182872463211,0.80161,0,0,stable
600__600_2342,123,t_8_16,140.0,0.25,0.25,3.0,0.7504892127422075,0.525098532763701,0.80161,0,0,mild
600__600_2342,124,t_8_16,139.99957275390625,0.0,0.0,2.0,0.3705789509914351,0.6191493300127486,0.80161,0,0,stable
600__600_2342,125,s_16_32,364.0,0.0,0.0,6.0,0.9974503065945332,0.6467401770986748,0.80161,0,0,stable
600__600_2342,126,s_16_32,959.9993896484375,0.0,0.0,10.0,0.9991292734369126,0.6108637562499983,0.80161,0,0,stable
600__600_2342,127,s_16_32,263.99829101748765,0.0,0.0,4.0,0.9991768516195157,0.8047140034844313,0.80161,0,1,stable
600__600_2342,128,t_8_16,111.99951171875,0.0,0.0,3.0,0.9998046657192363,0.40135574624818743,0.80161,1,0,stable
600__600_2342,129,t_8_16,112.0,0.5,0.5,1.0,,0.4935063941351457,0.80161,1,0,mild
600__600_2342,130,s_16_32,288.0,0.0,0.0,4.0,0.9995031514032757,0.6939354861111099,0.80161,0,0,stable
623d22ecf,0,t_8_16,135.0,0.0,0.0,2.0,0.8488912399756092,0.7950021336973931,0.48992,0,1,stable
623d22ecf,1,t_8_16,96.0,0.0,0.0,2.0,0.7665456966487513,0.4330122998530711,0.48992,1,0,stable
633dd398c,0,t_8_16,182.00002670288086,0.0,0.0,3.0,0.7524174343521999,0.7185661538461561,0.64953,0,0,stable
67c4dc2e3,0,t_8_16,167.99957275390625,0.25,0.0,3.0,0.5775025918143585,0.6971621937025869,0.31451,0,0,mild
6bae2e78b,0,t_8_16,225.0,0.0,0.0,2.0,0.9976560955232546,0.6273994888888855,0.79734,0,0,stable
6e67ac5f3,0,t_8_16,189.00054931640625,0.0,0.0,3.0,0.835528061735581,0.9322350623001627,0.4894,0,1,stable
6e67ac5f3,1,s_16_32,288.0,0.5,0.0,6.0,0.02472566649951796,0.8107762254306369,0.4894,0,1,mild
71ec72775,2,t_8_16,88.0,0.0,0.0,2.0,0.95729420822979,0.5819900220914362,0.49085,0,0,stable
724__0_600,0,s_16_32,312.0,0.0,0.0,5.0,0.9907056589742362,0.5718557210403941,0.7894,0,0,stable
724__0_600,1,t_8_16,216.0,0.0,0.0,4.0,0.99614024826472,0.6981782139507755,0.7894,0,0,stable
72__1200_1200,0,s_16_32,280.0,0.0,0.0,5.0,0.9982751619833238,0.7378995714285758,0.76033,0,0,stable
72__1200_1200,1,t_8_16,110.0,0.0,0.0,1.0,,0.7549225498646913,0.76033,0,1,stable
72__1200_1200,2,t_8_16,160.0,0.0,0.0,2.0,0.8153994178729139,0.71824168127279,0.76033,0,0,stable
72__1200_1200,3,t_8_16,144.0,0.0,0.0,4.0,0.9561919611360306,0.556220093174071,0.76033,0,0,stable
72__1200_1200,4,t_8_16,196.0,0.0,0.0,3.0,0.9937415182407495,0.5697707653061306,0.76033,0,0,stable
72__1200_1200,5,t_8_16,168.0,0.0,0.0,2.0,0.9930748639008931,0.7126923910751173,0.76033,0,0,stable
72__1200_1200,6,t_8_16,144.0,0.0,0.0,2.0,0.9998085573833805,0.6992646041078597,0.76033,0,0,stable
72__1200_1200,7,t_8_16,80.0,0.5,0.5,0.0,,0.8211494338662557,0.76033,0,1,mild
72__1200_1200,8,t_8_16,132.0,0.0,0.0,1.0,,0.6220996918151132,0.76033,0,0,stable
72__1200_1200,9,t_8_16,110.0,0.25,0.0,2.0,0.4650533481173662,0.6102274147945492,0.76033,0,0,mild
72__1200_1200,10,t_8_16,144.0,0.0,0.0,2.0,0.9615487348359675,0.9457905477212306,0.76033,0,1,stable
72__1200_1200,11,t_8_16,196.0,0.0,0.0,5.0,0.8817149212752637,0.6302732346938735,0.76033,0,0,stable
72__1200_1200,12,t_8_16,88.0,0.0,0.0,2.0,0.9961743908700965,0.7999294607657325,0.76033,0,1,stable
72__1200_1200,13,t_8_16,159.9993896484375,0.0,0.0,2.0,0.9995786393521188,0.8215936039400886,0.76033,0,1,stable
72__1200_1200,14,t_8_16,84.0,0.25,0.0,3.0,0.3202432468919933,0.7112405162427519,0.76033,0,0,mild
72__1200_1200,15,t_8_16,126.0008544921875,0.0,0.0,2.0,0.9999999999932935,0.7443048555053481,0.76033,0,0,stable
72__1200_1200,16,t_8_16,110.0,0.0,0.0,1.0,,0.7377400892953384,0.76033,0,0,stable
72__1200_1200,17,t_8_16,216.0,0.0,0.0,5.0,0.9870757976323344,0.7602757633374702,0.76033,0,1,stable
72__1200_1200,18,t_8_16,120.0,0.0,0.0,1.0,,0.8044121913905911,0.76033,0,1,stable
72__1200_1200,20,t_8_16,112.0,0.5,0.5,1.0,,0.6799272726182424,0.76033,0,0,mild
72__1200_1200,21,s_16_32,256.0,0.0,0.0,5.0,0.7575737521642072,0.4513521363223465,0.76033,1,0,stable
72__1200_1200,22,t_8_16,96.0,0.5,0.5,1.0,,0.8043201990139659,0.76033,0,1,mild
72__1200_1200,23,t_8_16,144.0,0.25,0.25,2.0,0.9974886358181947,0.7840748430078501,0.76033,0,1,mild
72__1200_1200,24,t_8_16,154.0,0.25,0.0,4.0,0.9585104394275609,0.5764137187959844,0.76033,0,0,mild
72__1200_1200,25,t_8_16,160.0,0.0,0.0,3.0,0.9952772372452655,0.6791854532539014,0.76033,0,0,stable
72__1200_1200,26,t_8_16,96.0,0.0,0.0,2.0,0.9989765290721672,0.731480870220847,0.76033,0,0,stable
72__1200_1200,27,t_8_16,70.00007629394531,0.0,0.0,3.0,0.9566181058586426,0.6864741751481538,0.76033,0,0,stable
72__1200_1200,28,t_8_16,80.0,0.0,0.0,1.0,,0.6958802471512642,0.76033,0,0,stable
72__1200_1200,29,t_8_16,80.0,0.0,0.0,1.0,,0.8423868067441289,0.76033,0,1,stable
72__1200_1200,30,t_8_16,78.00018310546875,0.0,0.0,3.0,0.9786468342085431,0.6421039062614311,0.76033,0,0,stable
72__1200_1200,31,t_8_16,84.0,0.0,0.0,3.0,0.9963070768643291,0.5773077542086174,0.76033,0,0,stable
72__1200_1200,32,s_16_32,448.0,0.0,0.0,10.0,0.7695419482694918,0.7386646374444346,0.76033,0,0,stable
72__1200_1200,33,t_8_16,112.0,0.5,0.0,2.0,0.1828265319447822,0.8171661810414887,0.76033,0,1,mild
72__1200_1200,35,t_8_16,120.0,0.0,0.0,1.0,,0.8737653049225167,0.76033,0,1,stable
72__1200_1200,37,t_8_16,140.0,0.0,0.0,3.0,0.9310831535343584,0.6616703130386966,0.76033,0,0,stable
72__1200_1200,38,t_8_16,140.0,0.0,0.0,2.0,0.9775132118695758,0.8013570866162144,0.76033,0,1,stable
72__1200_1200,39,t_8_16,150.0,0.25,0.0,5.0,0.7633174245083166,0.5843771190444008,0.76033,0,0,mild
72__1200_1200,40,t_8_16,112.0,0.0,0.0,3.0,0.8374578011196058,0.813624722887563,0.76033,0,1,stable
72__1200_1200,41,s_16_32,266.0,0.0,0.0,5.0,0.9040369993976094,0.7599062933964694,0.76033,0,1,stable
72__1200_1200,42,t_8_16,180.0,0.0,0.0,3.0,0.6694650279969007,0.739757048770468,0.76033,0,0,stable
72__1200_1200,43,t_8_16,135.0,0.0,0.0,3.0,0.9853184718797645,0.8127397816445934,0.76033,0,1,stable
72__1200_1200,44,t_8_16,195.0,0.0,0.0,2.0,0.9995786025954109,0.6878682807087776,0.76033,0,0,stable
72__1200_1200,45,t_8_16,159.9993896484375,0.0,0.0,3.0,0.8652243090402704,0.5456632187500012,0.76033,0,0,stable
72__1200_1200,46,t_8_16,208.99932861328125,0.0,0.0,6.0,0.9834585857688878,0.6810316533560071,0.76033,0,0,stable
72__1200_1200,47,t_8_16,96.0,0.0,0.0,2.0,0.8744984183059019,0.8260400476036192,0.76033,0,1,stable
74f8dd4e7,0,t_8_16,90.0,0.0,0.0,1.0,,0.7446976018441649,0.65703,0,0,stable
74f8dd4e7,1,t_8_16,156.0,0.0,0.0,1.0,,0.4795039743589789,0.65703,1,0,stable
74f8dd4e7,18,t_8_16,70.0,0.0,0.0,3.0,0.9901297300914054,0.7621845000000153,0.65703,0,1,stable
765__1200_1800,0,t_8_16,160.0,0.0,0.0,3.0,0.9791272781777705,0.7273008781474313,0.67392,0,0,stable
77dc7bf31,0,t_8_16,84.0,0.0,0.0,5.0,0.8603887155959166,0.7070064221833737,0.67495,0,0,stable
79e8dd9d9,0,s_16_32,408.0,0.0,0.0,7.0,0.9490042295376582,0.7056915514705884,0.3822,0,0,stable
79e8dd9d9,1,t_8_16,189.0,0.25,0.0,3.0,0.6540964928863305,0.7400950422768179,0.3822,0,0,mild
79e8dd9d9,2,t_8_16,240.0,0.0,0.0,2.0,0.966728757100849,0.7289734375000042,0.3822,0,0,stable
79e8dd9d9,3,s_16_32,308.0,0.0,0.0,3.0,0.5686133257509766,0.48941664935065127,0.3822,1,0,stable
79e8dd9d9,4,t_8_16,209.0,0.0,0.0,4.0,0.51698045818032,0.6497888421052639,0.3822,0,0,stable
7a310295a,0,t_8_16,131.99859619513154,0.0,0.0,2.0,0.9360609131716822,0.8224327665668536,0.63802,0,1,stable
7a310295a,1,t_8_16,139.9993896484375,0.0,0.0,1.0,,0.777465588098261,0.63802,0,1,stable
7a310295a,2,t_8_16,130.0,0.0,0.0,2.0,0.6973492591760954,0.9081164683520013,0.63802,0,1,stable
7a310295a,3,t_8_16,120.0,0.0,0.0,1.0,,0.854991228965604,0.63802,0,1,stable
7a310295a,4,t_8_16,168.0,0.0,0.0,2.0,0.9797003411751567,0.7922496344271852,0.63802,0,1,stable
7a310295a,5,t_8_16,165.0,0.0,0.0,2.0,0.9151563684314247,0.6442322199158558,0.63802,0,0,stable
7a310295a,6,t_8_16,87.99966430664062,0.0,0.0,2.0,0.7346450263631407,0.5490356942953781,0.63802,0,0,stable
7a310295a,7,t_8_16,143.0,0.0,0.0,2.0,0.9867240082787457,0.0,0.63802,1,0,stable
7a310295a,8,t_8_16,121.0,0.0,0.0,2.0,0.8934678881758729,0.6586895874316845,0.63802,0,0,stable
7a310295a,9,t_8_16,87.99932861328125,0.25,0.25,3.0,0.4507476725546438,0.5779981695848359,0.63802,0,0,mild
7a310295a,10,t_8_16,90.00027465820312,0.5,0.0,1.0,,0.660910308245476,0.63802,0,0,mild
7a310295a,11,t_8_16,150.0,0.0,0.0,1.0,,0.7955763536852539,0.63802,0,1,stable
7a310295a,12,t_8_16,125.99978637695312,0.0,0.0,2.0,0.9704387799024063,0.7765734709195591,0.63802,0,1,stable
7a4e44e30,0,t_8_16,136.0,0.0,0.0,2.0,0.9983395588095877,0.7289916067906005,0.76159,0,0,stable
7a4e44e30,1,t_8_16,110.0,0.0,0.0,3.0,0.9806024278612162,0.8026238757486596,0.76159,0,1,stable
7a4e44e30,2,t_8_16,112.0,0.0,0.0,1.0,,0.7038002067572561,0.76159,0,0,stable
7bf3b18dc,0,t_8_16,78.00079345703125,0.75,0.0,4.0,0.3791503979132134,0.7756943079054777,0.4675,0,1,high
7bf3b18dc,1,t_8_16,90.0,0.0,0.0,1.0,,0.5576494502849022,0.4675,0,0,stable
7bf3b18dc,2,t_8_16,77.0,0.0,0.0,4.0,0.7830697396404673,0.4786452417207176,0.4675,1,0,stable
7f5c1c971,0,t_8_16,247.00057983398438,0.0,0.0,5.0,0.9960299357558656,0.8973586554473693,0.76413,0,1,stable
8048444f1,0,s_16_32,284.99884033203125,0.0,0.0,6.0,0.9948731017606854,0.8536732227924222,0.88357,0,1,stable
8048444f1,1,t_8_16,154.0,0.0,0.0,5.0,0.6278279765108418,0.7625142300645146,0.88357,0,1,stable
8048444f1,2,t_8_16,144.0,0.25,0.25,3.0,0.9846015376143831,0.8490311048014315,0.88357,0,1,mild
807__0_2417,0,t_8_16,160.0,0.0,0.0,1.0,,0.8209093716168043,0.77192,0,1,stable
807__0_2417,1,t_8_16,84.0,0.0,0.0,4.0,0.9681308924572799,0.6397318394467894,0.77192,0,0,stable
807__0_2417,2,t_8_16,112.0,0.0,0.0,2.0,0.9890629248130665,0.9540027569856679,0.77192,0,1,stable
819__2490_2417,0,t_8_16,112.0,0.5,0.5,0.0,,0.6353011924312952,0.72158,0,0,mild
819__2490_2417,1,t_8_16,140.0,0.0,0.0,2.0,0.9815343617171214,0.7629019420229719,0.72158,0,1,stable
819__2490_2417,2,t_8_16,112.0,0.0,0.0,2.0,0.9927624351244824,0.93377613685873,0.72158,0,1,stable
822ceb9ee,0,t_8_16,150.0,0.25,0.0,2.0,0.1582437302158266,0.7541873545767204,0.23106,0,1,mild
8242a22a8,0,t_8_16,99.0,0.5,0.0,3.0,0.11403965572291837,0.6959254894687619,0.46503,0,0,mild
82c0910d5,0,t_8_16,78.00018310546875,0.0,0.0,3.0,0.8441484369161274,0.5151799489216236,0.51374,0,0,stable
832ce9077,0,t_8_16,251.9989013671875,0.25,0.0,3.0,0.45784049664720733,0.8501511598683005,0.37478,0,1,mild
84264d266,0,t_8_16,152.00003051757812,0.0,0.0,2.0,0.9932304050709133,0.7819490752771547,0.79252,0,1,stable
860__1200_2417,0,t_8_16,84.0,0.0,0.0,1.0,,0.6571941024214325,0.90313,0,0,stable
860__1200_2417,1,t_8_16,112.0,0.0,0.0,2.0,0.9830567579788807,0.571683705699515,0.90313,0,0,stable
860__1200_2417,2,t_8_16,168.0,0.0,0.0,4.0,0.9847769567238299,0.8154883176557259,0.90313,0,1,stable
860__1200_2417,3,t_8_16,192.0,0.0,0.0,4.0,0.8846500113633794,0.6683336181227861,0.90313,0,0,stable
860__1200_2417,4,t_8_16,159.9999237060547,0.0,0.0,3.0,0.9790501601254316,0.7808995970698259,0.90313,0,1,stable
860__1200_2417,6,t_8_16,120.0,0.25,0.0,3.0,0.8762856974245438,0.7453290866720231,0.90313,0,0,mild
860__1200_2417,7,t_8_16,140.0,0.0,0.0,2.0,0.9929242477095162,0.748129857811732,0.90313,0,0,stable
860__1200_2417,8,t_8_16,160.00015258789062,0.0,0.0,3.0,0.9992126663461881,0.9363738457739894,0.90313,0,1,stable
860__1200_2417,9,t_8_16,216.0,0.0,0.0,3.0,0.9968089934636761,0.87494031622393,0.90313,0,1,stable
860__1200_2417,10,s_16_32,540.0,0.0,0.0,8.0,0.990346700328477,0.7584024604292521,0.90313,0,1,stable
860__1200_2417,11,t_8_16,192.00009155273438,0.0,0.0,3.0,0.9868918091892078,0.6577351852112762,0.90313,0,0,stable
860__1200_2417,12,t_8_16,192.0,0.0,0.0,4.0,0.9935696531869337,0.8429613319422753,0.90313,0,1,stable
860__1200_2417,13,t_8_16,216.0,0.0,0.0,5.0,0.9899794134199981,0.7473891046702866,0.90313,0,0,stable
860__1200_2417,15,t_8_16,160.0,0.0,0.0,2.0,0.6099856448604661,0.6699936622337258,0.90313,0,0,stable
860__1200_2417,16,t_8_16,224.0,0.0,0.0,5.0,0.9787862033629994,0.8092927567114366,0.90313,0,1,stable
860__1200_2417,17,t_8_16,144.0,0.5,0.5,1.0,,0.7801204205212822,0.90313,0,1,mild
860__1200_2417,18,t_8_16,140.0,0.0,0.0,3.0,0.9889997290541283,0.8305305350157279,0.90313,0,1,stable
860__1200_2417,19,t_8_16,160.0,0.0,0.0,1.0,0.9999999982168944,0.7333946828524192,0.90313,0,0,stable
860__1200_2417,20,t_8_16,140.0,0.0,0.0,2.0,,0.8993904144709,0.90313,0,1,stable
860__1200_2417,21,t_8_16,191.9996337890625,0.0,0.0,2.0,0.998201351651785,0.8287933018068665,0.90313,0,1,stable
860__1200_2417,22,s_16_32,703.99951171875,0.0,0.0,9.0,0.5278830416846553,0.8775336928321653,0.90313,0,1,stable
860__1200_2417,23,t_8_16,139.99969482421875,0.0,0.0,3.0,0.9799142366407682,0.8147950014995767,0.90313,0,1,stable
860__1200_2417,24,t_8_16,168.0,0.0,0.0,3.0,0.9985584875904832,0.5757144134291418,0.90313,0,0,stable
860__1200_2417,25,t_8_16,159.99920654390007,0.0,0.0,3.0,0.997239843851064,0.794397663907251,0.90313,0,1,stable
860__1200_2417,26,t_8_16,168.0,0.0,0.0,2.0,0.9637630583861936,0.6980819256475961,0.90313,0,0,stable
860__1200_2417,27,t_8_16,139.9993896484375,0.0,0.0,2.0,0.8881916516374825,0.6049214189517698,0.90313,0,0,stable
860__1200_2417,28,t_8_16,140.0,0.0,0.0,3.0,0.9953904686814492,0.7343955173525121,0.90313,0,0,stable
860__1200_2417,30,t_8_16,160.0,0.0,0.0,3.0,0.998502963908996,0.7563037595751249,0.90313,0,1,stable
860__1200_2417,31,t_8_16,140.0,0.0,0.0,1.0,,0.7612378789878613,0.90313,0,1,stable
860__1200_2417,32,t_8_16,111.99957275390625,0.0,0.0,5.0,0.9175348550168512,0.7798565404149734,0.90313,0,1,stable
860__1200_2417,33,t_8_16,180.0,0.0,0.0,3.0,0.999433442481437,0.8487277488176825,0.90313,0,1,stable
860__1200_2417,34,t_8_16,160.0,0.0,0.0,3.0,0.9221614547200111,0.927073324019607,0.90313,0,1,stable
860__1200_2417,35,t_8_16,112.0,0.25,0.25,2.0,0.9955905817535039,0.8224594102145036,0.90313,0,1,mild
860__1200_2417,36,t_8_16,180.0,0.0,0.0,2.0,0.8383092418220767,0.8469968706883061,0.90313,0,1,stable
860__1200_2417,37,t_8_16,216.0,0.0,0.0,6.0,0.9528828408105797,0.8093777924753116,0.90313,0,1,stable
860__1200_2417,38,s_16_32,600.0,0.0,0.0,10.0,0.9234394973923433,0.8232750950213563,0.90313,0,1,stable
860__1200_2417,39,t_8_16,120.0,0.0,0.0,1.0,,0.7228173055232173,0.90313,0,0,stable
860__1200_2417,40,t_8_16,72.0,0.0,0.0,2.0,0.9991014130932133,0.6641833866400909,0.90313,0,0,stable
860__1200_2417,41,t_8_16,119.9996337890625,0.0,0.0,1.0,,0.8065394994549078,0.90313,0,1,stable
860__1200_2417,42,t_8_16,119.9996337890625,0.0,0.0,3.0,0.8306682223418071,0.7776288192369847,0.90313,0,1,stable
860__1200_2417,43,t_8_16,79.999755859375,0.25,0.0,1.0,0.9999999997795143,0.6674045769468956,0.90313,0,0,mild
860__1200_2417,44,t_8_16,80.0,0.0,0.0,1.0,,0.5686890874614021,0.90313,0,0,stable
860__1200_2417,45,t_8_16,80.0,0.0,0.0,1.0,,0.05155289475576376,0.90313,1,0,stable
860__1200_2417,46,t_8_16,144.0,0.0,0.0,2.0,0.5931347880043786,0.0,0.90313,1,0,stable
860__1200_2417,47,t_8_16,120.0,0.25,0.0,3.0,0.8624504215829697,0.5543230982953062,0.90313,0,0,mild
860__1200_2417,48,t_8_16,111.9991455078125,0.0,0.0,5.0,0.8634051880182408,0.7816431603324456,0.90313,0,1,stable
860__1200_2417,49,t_8_16,100.0006103515625,0.0,0.0,2.0,0.9214699833087302,0.5639916653325076,0.90313,0,0,stable
860__1200_2417,50,t_8_16,192.0,0.0,0.0,2.0,0.9962623251431465,0.7842796416980687,0.90313,0,1,stable
860__1200_2417,51,t_8_16,180.0,0.0,0.0,2.0,0.9925137091824409,0.8546330147805143,0.90313,0,1,stable
860__1200_2417,52,t_8_16,160.0,0.0,0.0,2.0,0.8125076370052269,0.8152121312499968,0.90313,0,1,stable
860__1200_2417,53,t_8_16,191.999267578125,0.0,0.0,3.0,0.992882103496044,0.7272075925202943,0.90313,0,0,stable
860__1200_2417,54,t_8_16,192.0,0.0,0.0,3.0,0.9793629309514137,0.737538275055976,0.90313,0,0,stable
860__1200_2417,56,t_8_16,168.0,0.0,0.0,2.0,0.9780418802388078,0.6463744318866141,0.90313,0,0,stable
860__1200_2417,57,t_8_16,168.0,0.0,0.0,3.0,0.9330784855654954,0.6806000303571909,0.90313,0,0,stable
860__1200_2417,58,t_8_16,160.0,0.0,0.0,3.0,0.9997865905583005,0.9433723061520942,0.90313,0,1,stable
860__1200_2417,59,t_8_16,191.99914550827816,0.0,0.0,2.0,0.991845083205825,0.7451444138413922,0.90313,0,0,stable
860__1200_2417,60,t_8_16,191.999755859375,0.0,0.0,4.0,0.9994649207614943,0.7123030047867112,0.90313,0,0,stable
860__1200_2417,61,t_8_16,140.0,0.5,0.0,4.0,0.2419628984494596,0.805011868786968,0.90313,0,1,mild
860__1200_2417,62,t_8_16,159.9993896484375,0.0,0.0,3.0,0.9742709922642211,0.6752311955421454,0.90313,0,0,stable
860__1200_2417,63,t_8_16,160.0,0.0,0.0,5.0,0.8613620994182215,0.8471026258896419,0.90313,0,1,stable
860__1200_2417,64,t_8_16,159.999755859375,0.0,0.0,2.0,0.9992678939884493,0.9140669504443092,0.90313,0,1,stable
860__1200_2417,65,t_8_16,159.9998779296875,0.0,0.0,2.0,0.980650809189098,0.8801448748654848,0.90313,0,1,stable
860__1200_2417,66,t_8_16,140.0,0.0,0.0,2.0,0.9941038022784874,0.7988505589945687,0.90313,0,1,stable
860__1200_2417,67,t_8_16,140.0,0.0,0.0,1.0,,0.6722948799288171,0.90313,0,0,stable
860__1200_2417,68,t_8_16,140.0,0.0,0.0,2.0,0.9589880931103816,0.8727535868146382,0.90313,0,1,stable
860__1200_2417,69,t_8_16,159.999755859375,0.25,0.0,5.0,0.9173473710667778,0.8817839450357535,0.90313,0,1,mild
860__1200_2417,70,t_8_16,95.99990844726562,0.0,0.0,4.0,0.9168242460806793,0.8027590963936232,0.90313,0,1,stable
860__1200_2417,71,t_8_16,140.0,0.0,0.0,2.0,0.9931526549959524,0.7331860367635247,0.90313,0,0,stable
860__1200_2417,72,t_8_16,160.0,0.0,0.0,2.0,0.9904724138700141,0.8474999003406504,0.90313,0,1,stable
860__1200_2417,73,t_8_16,140.0,0.0,0.0,3.0,0.9442359633940343,0.8827990472103088,0.90313,0,1,stable
860__1200_2417,74,t_8_16,160.0,0.0,0.0,3.0,0.9630553654112308,0.7234757978290647,0.90313,0,0,stable
860__1200_2417,75,t_8_16,160.0,0.0,0.0,3.0,0.994171191283156,0.8047143446834302,0.90313,0,1,stable
860__1200_2417,76,t_8_16,192.0,0.0,0.0,3.0,0.9714996102921225,0.769695677205251,0.90313,0,1,stable
860__1200_2417,77,t_8_16,216.0,0.0,0.0,5.0,0.983551077203033,0.793026083333339,0.90313,0,1,stable
860__1200_2417,78,t_8_16,140.0,0.0,0.0,3.0,0.44505422273314843,0.7967688793099409,0.90313,0,1,stable
860__1200_2417,79,s_16_32,264.0,0.0,0.0,5.0,0.9991104550284693,0.7294958506781342,0.90313,0,0,stable
860__1200_2417,80,t_8_16,112.0,0.0,0.0,3.0,0.9260480429567559,0.7889675126787496,0.90313,0,1,stable
860__1200_2417,81,t_8_16,223.99993896484375,0.0,0.0,3.0,0.9944891887519735,0.6935266657969851,0.90313,0,0,stable
860__1200_2417,82,t_8_16,167.99989318847656,0.0,0.0,3.0,0.9993648875113027,0.7647822854715923,0.90313,0,1,stable
860__1200_2417,83,t_8_16,140.0,0.0,0.0,3.0,0.9896262580553628,0.6631780998861239,0.90313,0,0,stable
860__1200_2417,84,t_8_16,80.0,0.0,0.0,1.0,,0.7799566599639446,0.90313,0,1,stable
860__1200_2417,85,t_8_16,140.0,0.0,0.0,1.0,,0.8632986891469051,0.90313,0,1,stable
860__1200_2417,86,t_8_16,160.0,0.0,0.0,2.0,0.9708284649334805,0.7058324729297119,0.90313,0,0,stable
860__1200_2417,87,t_8_16,112.0,0.0,0.0,3.0,0.9395772717716939,0.6736287444870018,0.90313,0,0,stable
860__1200_2417,88,s_16_32,468.0,0.0,0.0,10.0,0.9949791277082982,0.8254034388321174,0.90313,0,1,stable
860__1200_2417,89,s_16_32,308.0,0.0,0.0,6.0,0.874964692820143,0.7815048646508592,0.90313,0,1,stable
860__1200_2417,90,s_16_32,468.0,0.0,0.0,8.0,0.9948229057972311,0.8838148199420806,0.90313,0,1,stable
860__1200_2417,91,t_8_16,120.0,0.0,0.0,1.0,,0.6126341394356323,0.90313,0,0,stable
860__1200_2417,92,t_8_16,160.0,0.0,0.0,3.0,0.9990313051851575,0.7198032921225415,0.90313,0,0,stable
860__1200_2417,93,t_8_16,140.0,0.0,0.0,1.0,,0.6549326954126126,0.90313,0,0,stable
860__1200_2417,94,t_8_16,160.0,0.0,0.0,3.0,0.9985688286422708,0.6343741041386628,0.90313,0,0,stable
860__1200_2417,95,s_16_32,280.0,0.0,0.0,7.0,0.9999035925505273,0.8086211001083212,0.90313,0,1,stable
860__1200_2417,96,t_8_16,140.0,0.0,0.0,2.0,0.7939219003341444,0.566058416796397,0.90313,0,0,stable
860__1200_2417,97,t_8_16,140.0,0.0,0.0,2.0,0.9473807765689792,0.7185861328019735,0.90313,0,0,stable
860__1200_2417,98,t_8_16,140.0,0.25,0.0,2.0,0.9273453349613068,0.7429451863454126,0.90313,0,0,mild
860__1200_2417,99,t_8_16,140.0,0.0,0.0,3.0,0.998586681913775,0.8153913393478245,0.90313,0,1,stable
860__1200_2417,100,t_8_16,216.00013732910156,0.0,0.0,3.0,0.9991015794245468,0.6578912840817853,0.90313,0,0,stable
860__1200_2417,101,t_8_16,140.0,0.0,0.0,3.0,0.9987245520151687,0.7685991351963345,0.90313,0,1,stable
860__1200_2417,102,t_8_16,160.0,0.0,0.0,2.0,0.8808438554649418,0.7980634300667001,0.90313,0,1,stable
860__1200_2417,103,t_8_16,180.0,0.0,0.0,2.0,0.9933860846248908,0.6823912866064944,0.90313,0,0,stable
860__1200_2417,104,t_8_16,140.0,0.25,0.0,5.0,0.9778941814826311,0.734996922400297,0.90313,0,0,mild
860__1200_2417,105,t_8_16,192.0,0.0,0.0,2.0,0.9896440974843109,0.7455977257330368,0.90313,0,0,stable
860__1200_2417,106,t_8_16,216.0,0.0,0.0,4.0,0.999796794766244,0.7812842330755683,0.90313,0,1,stable
860__1200_2417,107,t_8_16,240.0,0.0,0.0,4.0,0.9996140579611811,0.8388890397598401,0.90313,0,1,stable
860__1200_2417,108,t_8_16,252.00013732910156,0.0,0.0,5.0,0.9829877340414447,0.7561998720543411,0.90313,0,1,stable
860__1200_2417,109,t_8_16,216.0,0.0,0.0,4.0,0.9943442313386304,0.7479062845973417,0.90313,0,0,stable
860__1200_2417,110,s_16_32,560.0,0.0,0.0,10.0,0.9813126256184903,0.7791545171508696,0.90313,0,1,stable
860__1200_2417,111,t_8_16,168.0,0.25,0.0,5.0,0.6101275061890006,0.6382643086429878,0.90313,0,0,mild
860__1200_2417,112,t_8_16,252.0,0.0,0.0,6.0,0.6346205585652639,0.7646224051957695,0.90313,0,1,stable
860__1200_2417,113,t_8_16,252.0,0.0,0.0,4.0,0.9843035129286606,0.7732474846089772,0.90313,0,1,stable
860__1200_2417,114,t_8_16,160.0,0.0,0.0,4.0,0.9966679848319628,0.7414721929565469,0.90313,0,0,stable
860__1200_2417,115,t_8_16,168.0,0.25,0.0,5.0,0.9050816415676057,0.6928415070076266,0.90313,0,0,mild
860__1200_2417,116,t_8_16,216.0,0.0,0.0,5.0,0.9085527218266803,0.7876068113358321,0.90313,0,1,stable
860__1200_2417,118,t_8_16,168.0,0.0,0.0,2.0,0.9992527928223537,0.7905554812195915,0.90313,0,1,stable
860__1200_2417,119,t_8_16,140.0,0.0,0.0,2.0,0.99950848079082,0.862693812219246,0.90313,0,1,stable
860__1200_2417,120,t_8_16,191.99951171875,0.0,0.0,3.0,0.9994534254995305,0.7910149612452684,0.90313,0,1,stable
860__1200_2417,121,t_8_16,192.0,0.0,0.0,3.0,0.9979128446768162,0.8639441611883653,0.90313,0,1,stable
860__1200_2417,122,t_8_16,167.99957275390625,0.0,0.0,1.0,,0.7669695252562612,0.90313,0,1,stable
860__1200_2417,123,t_8_16,168.0,0.0,0.0,2.0,0.9998156844057565,0.8665542874785372,0.90313,0,1,stable
860__1200_2417,124,t_8_16,168.0000228881836,0.0,0.0,3.0,0.9884377641171436,0.8061821418095683,0.90313,0,1,stable
860__1200_2417,125,t_8_16,140.0,0.0,0.0,1.0,,0.8992295491146142,0.90313,0,1,stable
860__1200_2417,126,t_8_16,96.0,0.0,0.0,2.0,0.9950026134253478,0.6196552645644016,0.90313,0,0,stable
860__1200_2417,127,t_8_16,160.0,0.25,0.0,4.0,0.9346725426980985,0.8631617223861646,0.90313,0,1,mild
860__1200_2417,128,t_8_16,160.0,0.0,0.0,3.0,0.9973492442893334,0.8315993842994148,0.90313,0,1,stable
860__1200_2417,129,t_8_16,140.0,0.0,0.0,3.0,0.9985011673952892,0.9335672826172553,0.90313,0,1,stable
860__1200_2417,130,t_8_16,160.0,0.25,0.0,5.0,0.7373688432249341,0.7956361403454618,0.90313,0,1,mild
860__1200_2417,131,t_8_16,180.0,0.0,0.0,3.0,0.9901136400050476,0.6452035052912618,0.90313,0,0,stable
860__1200_2417,132,t_8_16,128.0,0.0,0.0,3.0,0.998781309530223,0.6830617613016089,0.90313,0,0,stable
860__1200_2417,133,t_8_16,168.0,0.0,0.0,3.0,0.9840291448714862,0.7764829301150571,0.90313,0,1,stable
860__1200_2417,134,t_8_16,144.0,0.0,0.0,2.0,0.9983407890583151,0.8407599000084718,0.90313,0,1,stable
860__1200_2417,135,t_8_16,100.0,0.0,0.0,2.0,0.9609452498842734,0.7406608680558605,0.90313,0,0,stable
860__1200_2417,136,t_8_16,80.0,0.0,0.0,1.0,,0.7559947219495466,0.90313,0,1,stable
860__1200_2417,137,t_8_16,168.0,0.0,0.0,5.0,0.9823652607003611,0.6036149945206906,0.90313,0,0,stable
860__1200_2417,138,t_8_16,168.0,0.0,0.0,2.0,0.9674195421502629,0.8226284673456233,0.90313,0,1,stable
860__1200_2417,139,t_8_16,96.0,0.25,0.0,3.0,0.8304757568795539,0.7140997236933091,0.90313,0,0,mild
860__1200_2417,140,t_8_16,140.0,0.0,0.0,2.0,0.9999999999919648,0.7337122073723719,0.90313,0,0,stable
860__1200_2417,141,t_8_16,120.0,0.0,0.0,2.0,0.9978985939293795,0.8588021732434097,0.90313,0,1,stable
860__1200_2417,142,t_8_16,96.0,0.25,0.0,2.0,0.09276706327203593,0.5071538396437013,0.90313,0,0,mild
860__1200_2417,143,t_8_16,119.99984741210938,0.0,0.0,2.0,0.9899758472819753,0.7889242506381514,0.90313,0,1,stable
860__1200_2417,144,t_8_16,140.0000762939453,0.5,0.0,3.0,0.7173260081068165,0.5839628528283608,0.90313,0,0,mild
860__1200_2417,145,t_8_16,72.0,0.25,0.0,2.0,0.5328242371321033,0.7078041812729384,0.90313,0,0,mild
860__1200_2417,146,t_8_16,120.0,0.0,0.0,2.0,0.9870726231213591,0.7129222293164162,0.90313,0,0,stable
860__1200_2417,147,t_8_16,96.0,0.0,0.0,2.0,0.9999776249615809,0.17137962105232063,0.90313,1,0,stable
860__1200_2417,148,t_8_16,140.0,0.0,0.0,2.0,0.9955255152007481,0.8406011719836658,0.90313,0,1,stable
860__1200_2417,149,t_8_16,216.0,0.0,0.0,3.0,0.9401199799605953,0.8105329629629635,0.90313,0,1,stable
860__1200_2417,150,t_8_16,96.0,0.25,0.25,1.0,,0.8281012473004055,0.90313,0,1,mild
860__1200_2417,151,t_8_16,239.9996337890625,0.0,0.0,7.0,0.9966457942847268,0.7940613122823972,0.90313,0,1,stable
860__1200_2417,152,s_16_32,352.0,0.0,0.0,7.0,0.9991575723731428,0.7463591073417718,0.90313,0,0,stable
860__1200_2417,153,t_8_16,160.0,0.0,0.0,3.0,0.9991562524031812,0.7245000681466424,0.90313,0,0,stable
860__1200_2417,154,t_8_16,120.0,0.25,0.0,4.0,0.7234839298020361,0.7162699512149727,0.90313,0,0,mild
860__1200_2417,155,t_8_16,140.0,0.0,0.0,3.0,0.9924174308394452,0.8225381012245917,0.90313,0,1,stable
860__1200_2417,156,t_8_16,112.0,0.0,0.0,2.0,0.9888196159603688,0.8095603069775357,0.90313,0,1,stable
860__1200_2417,157,s_16_32,288.0,0.0,0.0,5.0,0.9976354110992645,0.7690279211797137,0.90313,0,1,stable
860__1200_2417,158,t_8_16,240.0,0.0,0.0,4.0,0.9954724208679838,0.7540584183250244,0.90313,0,1,stable
860__1200_2417,159,t_8_16,120.0,0.25,0.0,3.0,0.9208013759657843,0.7071898699838925,0.90313,0,0,mild
860__1200_2417,160,t_8_16,160.0,0.0,0.0,2.0,0.1527650119977754,0.8642105850473337,0.90313,0,1,stable
860__1200_2417,161,t_8_16,120.0,0.0,0.0,1.0,,0.6728771885414667,0.90313,0,0,stable
860__1200_2417,162,t_8_16,96.0,0.25,0.25,3.0,0.9826279276585127,0.8010623106338636,0.90313,0,1,mild
860__1200_2417,163,t_8_16,140.0,0.0,0.0,2.0,0.9736393332053346,0.9251939373169679,0.90313,0,1,stable
860__1200_2417,164,t_8_16,239.99981689453125,0.0,0.0,3.0,0.9998496099097476,0.7105971140645863,0.90313,0,0,stable
860__1200_2417,165,t_8_16,192.0,0.0,0.0,3.0,0.9753643941138522,0.7725648124999972,0.90313,0,1,stable
860__1200_2417,166,t_8_16,192.0,0.0,0.0,3.0,0.9981913560986536,0.696002372462684,0.90313,0,0,stable
860__1200_2417,167,t_8_16,140.0,0.0,0.0,2.0,0.914766538552784,0.7041400037568327,0.90313,0,0,stable
860__1200_2417,168,t_8_16,140.0,0.25,0.0,4.0,0.8910093016718643,0.0,0.90313,1,0,mild
860__1200_2417,169,t_8_16,160.0,0.25,0.0,3.0,0.8974272755576337,0.84238394591033,0.90313,0,1,mild
860__1200_2417,170,t_8_16,160.0,0.0,0.0,3.0,0.9873103438750087,0.7951473862424236,0.90313,0,1,stable
860__1200_2417,171,t_8_16,96.0,0.0,0.0,2.0,0.9845910363157826,0.7699505699480246,0.90313,0,1,stable
860__1200_2417,172,t_8_16,160.0,0.0,0.0,2.0,0.9912530640560474,0.790842189856183,0.90313,0,1,stable
860__1200_2417,173,t_8_16,224.0,0.0,0.0,4.0,0.96619948058208,0.6229930609456827,0.90313,0,0,stable
860__1200_2417,174,t_8_16,144.0,0.0,0.0,3.0,0.4387339758173615,0.6977403703735656,0.90313,0,0,stable
860__1200_2417,175,t_8_16,140.0,0.0,0.0,3.0,0.997247015576937,0.7963655680585617,0.90313,0,1,stable
860__1200_2417,176,t_8_16,120.0,0.0,0.0,2.0,0.9808945670758624,0.63282966236153,0.90313,0,0,stable
860__1200_2417,177,t_8_16,160.0,0.25,0.0,3.0,0.7278340924036345,0.6879472852834393,0.90313,0,0,mild
860__1200_2417,178,t_8_16,140.0,0.0,0.0,1.0,,0.8521448687670626,0.90313,0,1,stable
860__1200_2417,179,t_8_16,240.0,0.0,0.0,3.0,0.922157088935621,0.8906619161132174,0.90313,0,1,stable
860__1200_2417,180,t_8_16,180.0,0.0,0.0,3.0,0.9991192521706682,0.7496413919855481,0.90313,0,0,stable
860__1200_2417,181,t_8_16,96.0,0.0,0.0,1.0,,0.8077732083333222,0.90313,0,1,stable
860__1200_2417,182,t_8_16,140.0,0.25,0.0,3.0,0.5065093896914008,0.7282222752630179,0.90313,0,0,mild
860__1200_2417,183,t_8_16,112.0,0.0,0.0,2.0,0.9921858790276145,0.8267176495182,0.90313,0,1,stable
860__1200_2417,184,t_8_16,128.0,0.25,0.0,2.0,0.7444534757732563,0.7922282028658981,0.90313,0,1,mild
860__1200_2417,185,t_8_16,72.0,0.5,0.25,3.0,0.3319554102322026,0.7514341668996025,0.90313,0,1,mild
860__1200_2417,186,t_8_16,96.0,0.25,0.25,1.0,,0.7815568652038268,0.90313,0,1,mild
860__1200_2417,187,t_8_16,79.9993896484375,0.0,0.0,2.0,0.9711068990871419,0.6927421058237226,0.90313,0,0,stable
860__1200_2417,188,s_16_32,288.0,0.0,0.0,4.0,0.9825918324302353,0.7473789892036573,0.90313,0,0,stable
860__1200_2417,189,t_8_16,96.0,0.5,0.0,2.0,0.26260959039070775,0.6260206099665627,0.90313,0,0,mild
860__1200_2417,190,t_8_16,96.0,0.0,0.0,1.0,,0.7027216761879598,0.90313,0,0,stable
860__1200_2417,191,t_8_16,112.0,0.5,0.5,1.0,,0.8226449791256165,0.90313,0,1,mild
860__1200_2417,192,s_16_32,527.9986572265625,0.0,0.0,10.0,0.9926540715895193,0.14956653517478968,0.90313,1,0,stable
860__1200_2417,193,t_8_16,160.0,0.0,0.0,3.0,0.9992088625244377,0.8344589547764903,0.90313,0,1,stable
860__1200_2417,194,t_8_16,140.0,0.0,0.0,3.0,0.9996978511124321,0.8304872589079073,0.90313,0,1,stable
860__1200_2417,195,t_8_16,112.0,0.5,0.5,1.0,,0.5763433425077865,0.90313,0,0,mild
860__1200_2417,196,t_8_16,120.0,0.25,0.0,3.0,0.5927826805925153,0.6520145333333422,0.90313,0,0,mild
860__1200_2417,197,t_8_16,160.0,0.0,0.0,2.0,0.9967844097466595,0.9019859486778518,0.90313,0,1,stable
860__1200_2417,198,t_8_16,72.0,0.0,0.0,4.0,0.9680438676321562,0.597337840604871,0.90313,0,0,stable
860__1200_2417,199,t_8_16,180.0,0.25,0.0,5.0,0.8905484092015814,0.7656817958444363,0.90313,0,1,mild
860__1200_2417,200,t_8_16,112.0,0.25,0.25,1.0,,0.8685729312807903,0.90313,0,1,mild
860__1200_2417,201,t_8_16,112.0,0.0,0.0,3.0,0.779397953517359,0.8888238495564055,0.90313,0,1,stable
860__1200_2417,202,t_8_16,128.0,0.0,0.0,3.0,0.9949881585331415,0.8417209510920673,0.90313,0,1,stable
860__1200_2417,203,t_8_16,160.0,0.0,0.0,4.0,0.930775254662691,0.7066044085936166,0.90313,0,0,stable
860__1200_2417,204,t_8_16,140.00042724609375,0.0,0.0,2.0,0.995987636050812,0.9113068404370751,0.90313,0,1,stable
860__1200_2417,205,t_8_16,160.0,0.0,0.0,2.0,0.9987491578353496,0.749904959242195,0.90313,0,0,stable
860__1200_2417,206,t_8_16,170.0,0.0,0.0,3.0,0.9404333324508793,0.556489388235294,0.90313,0,0,stable
860__1200_2417,207,t_8_16,126.0,0.0,0.0,2.0,0.9946839401831334,0.6459214610244882,0.90313,0,0,stable
860__1200_2417,208,t_8_16,120.0,0.0,0.0,3.0,0.8818805732400965,0.6857253863040366,0.90313,0,0,stable
860__1200_2417,209,t_8_16,252.0000171661377,0.0,0.0,4.0,0.9053499467338245,0.6264014999999999,0.90313,0,0,stable
860__1200_2417,210,t_8_16,100.0,0.25,0.25,1.0,,0.7022056935032492,0.90313,0,0,mild
860__1200_2417,211,t_8_16,196.0,0.0,0.0,3.0,0.7773525725457663,0.7401526734693868,0.90313,0,0,stable
860__1200_2417,212,t_8_16,167.9996337890625,0.25,0.0,2.0,0.5060384615246143,0.7457433707620359,0.90313,0,0,mild
860__1200_2417,213,t_8_16,168.0,0.0,0.0,4.0,0.9700320674877084,0.8886075118402935,0.90313,0,1,stable
860__1200_2417,214,t_8_16,140.0,0.0,0.0,1.0,,0.7989099856706143,0.90313,0,1,stable
860__1200_2417,215,t_8_16,119.99969482421875,0.0,0.0,2.0,0.9960840683428374,0.7502157485934626,0.90313,0,1,stable
860__1200_2417,216,t_8_16,224.0,0.0,0.0,4.0,0.9982808546878484,0.736806897321428,0.90313,0,0,stable
860__1200_2417,217,t_8_16,80.0,0.25,0.25,2.0,0.7829165852120887,0.7456227471008696,0.90313,0,0,mild
860__1200_2417,219,t_8_16,120.0,0.0,0.0,1.0,,0.8136426184391583,0.90313,0,1,stable
860__1200_2417,220,t_8_16,84.00004577636719,0.0,0.0,4.0,0.9744009930830408,0.706645941828142,0.90313,0,0,stable
860__1200_2417,222,t_8_16,112.0,0.25,0.25,2.0,0.9999999999904245,0.70765696499111,0.90313,0,0,mild
860__1200_2417,223,t_8_16,192.0,0.0,0.0,5.0,0.7015643238145673,0.49296300720943526,0.90313,1,0,stable
860__1200_2417,224,s_16_32,851.0,0.0,0.0,10.0,0.8770436942249863,0.7525680745299922,0.90313,0,1,stable
870__2491_2400,0,t_8_16,196.0,0.0,0.0,3.0,0.9989058853432996,0.9211344338076363,0.76048,0,1,stable
870__2491_2400,1,t_8_16,224.0,0.0,0.0,5.0,0.5838544096746757,0.8072862278466716,0.76048,0,1,stable
871__600_1200,0,t_8_16,180.0,0.0,0.0,4.0,0.9905007348192992,0.7778366562256317,0.73245,0,1,stable
88937dc1d,0,t_8_16,126.0,0.0,0.0,6.0,0.7341387396093516,0.6191613862171241,0.52341,0,0,stable
889__2175_600,0,t_8_16,128.0,0.25,0.25,3.0,0.9145367494947478,0.7440852451815522,0.78833,0,0,mild
889__2175_600,1,t_8_16,95.99951171875,0.25,0.25,2.0,0.7242235594428262,0.0,0.78833,1,0,mild
889__2175_600,2,t_8_16,252.0,0.0,0.0,4.0,0.9996042976146815,0.8528517504185743,0.78833,0,1,stable
88d0a4dce,4,t_8_16,88.0,0.25,0.25,1.0,,0.713846835910036,0.55696,0,0,mild
8ab154d14,0,t_8_16,143.0,0.0,0.0,2.0,,0.7776135384615416,0.74487,0,1,stable
8ab154d14,1,t_8_16,110.0,0.0,0.0,2.0,0.9396359382025077,0.7588224818181792,0.74487,0,1,stable
8af698914,0,t_8_16,182.000328063732,0.0,0.0,2.0,0.9852282006835016,0.8406219221812281,0.72476,0,1,stable
8af698914,1,s_16_32,270.0,0.0,0.0,3.0,0.99078062918681,0.5997594513708124,0.72476,0,0,stable
8af698914,2,t_8_16,210.00010681152344,0.0,0.0,2.0,0.9299924031594766,0.5548090430697179,0.72476,0,0,stable
8af698914,3,t_8_16,220.0,0.5,0.0,3.0,0.06959500954043624,0.3193464363636362,0.72476,1,0,mild
8af698914,4,t_8_16,240.000244140625,0.0,0.0,5.0,0.977736335972893,0.7521511499999998,0.72476,0,1,stable
8af698914,5,t_8_16,224.0,0.5,0.5,3.0,0.24534202615122783,0.2646003280711787,0.72476,1,0,mild
8af698914,7,t_8_16,98.99986267089844,0.25,0.0,2.0,0.5874959652134911,0.8054594687756356,0.72476,0,1,mild
8e052b815,0,s_16_32,306.0,0.0,0.0,5.0,0.9082664804244831,0.5789205424836662,0.72741,0,0,stable
8e052b815,1,t_8_16,156.0,0.0,0.0,3.0,0.9974304586768435,0.7478386295614154,0.72741,0,0,stable
8f77d5433,0,t_8_16,182.0,0.0,0.0,3.0,0.39486601012241185,0.7539097585031189,0.5354,0,1,stable
903__2491_2400,0,t_8_16,84.0,0.0,0.0,3.0,0.9991225528768912,0.7207140917588472,0.78736,0,0,stable
903__2491_2400,2,t_8_16,108.0,0.0,0.0,8.0,0.9967233762861668,0.713205305356016,0.78736,0,0,stable
903__2491_2400,3,t_8_16,108.0000228881836,0.0,0.0,5.0,0.7867805188073494,0.596426945336774,0.78736,0,0,stable
903__2491_2400,4,t_8_16,108.0,0.0,0.0,5.0,0.9878619933172187,0.6924959823664344,0.78736,0,0,stable
903__2491_2400,5,t_8_16,96.0,0.0,0.0,5.0,0.9789924707327791,0.6751634897841093,0.78736,0,0,stable
903__2491_2400,6,t_8_16,128.0,0.0,0.0,3.0,0.9791031537437312,0.5760095512856507,0.78736,0,0,stable
903__2491_2400,7,t_8_16,84.0,0.25,0.0,4.0,0.27886554396731184,0.6876905680618808,0.78736,0,0,mild
903__2491_2400,8,t_8_16,140.00015258789062,0.0,0.0,3.0,0.9990500059825274,0.6827235062509837,0.78736,0,0,stable
903__2491_2400,9,t_8_16,128.0,0.5,0.5,1.0,,0.7067716149601164,0.78736,0,0,mild
903__2491_2400,10,t_8_16,83.99957275390625,0.5,0.0,5.0,0.06267018776698385,0.8294865045654728,0.78736,0,1,mild
903__2491_2400,11,t_8_16,140.0,0.0,0.0,2.0,0.9997695000587403,0.7503314989474986,0.78736,0,1,stable
903__2491_2400,12,t_8_16,192.0,0.0,0.0,3.0,0.9720151859076372,0.571685307291668,0.78736,0,0,stable
903__2491_2400,13,t_8_16,112.0,0.0,0.0,3.0,0.9796085870917494,0.695030429854157,0.78736,0,0,stable
903__2491_2400,14,t_8_16,95.9996337890625,0.0,0.0,3.0,0.9909131636568607,0.7001064582054426,0.78736,0,0,stable
903__2491_2400,15,t_8_16,159.99890136905015,0.0,0.0,4.0,0.9937774779648343,0.6794097009133377,0.78736,0,0,stable
903__2491_2400,16,t_8_16,100.0,0.5,0.25,3.0,0.6588634325620465,0.728036615150542,0.78736,0,0,mild
903__2491_2400,17,t_8_16,79.99969482421875,0.0,0.0,2.0,0.999265129647927,0.6905054161409522,0.78736,0,0,stable
903__2491_2400,18,t_8_16,140.0,0.0,0.0,1.0,,0.7205110714285672,0.78736,0,0,stable
903__2491_2400,19,t_8_16,112.0,0.0,0.0,1.0,,0.8277414189214597,0.78736,0,1,stable
903__2491_2400,20,t_8_16,72.0,0.0,0.0,2.0,0.9903590771006993,0.6549692505980477,0.78736,0,0,stable
903__2491_2400,21,t_8_16,112.0,0.5,0.5,0.0,,0.7422995946486721,0.78736,0,0,mild
903__2491_2400,22,t_8_16,112.0,0.0,0.0,3.0,0.965267332867802,0.9083968260809552,0.78736,0,1,stable
903__2491_2400,23,t_8_16,196.0,0.0,0.0,3.0,0.9094313246409981,0.6577945869866921,0.78736,0,0,stable
903__2491_2400,24,t_8_16,128.0,0.5,0.5,0.0,,0.9041717895412765,0.78736,0,1,mild
903__2491_2400,26,t_8_16,96.0,0.0,0.0,6.0,0.9924468243073664,0.5394594927972453,0.78736,0,0,stable
903__2491_2400,27,t_8_16,84.0,0.0,0.0,3.0,0.9989345816750045,0.6508799578689238,0.78736,0,0,stable
903__2491_2400,28,t_8_16,84.0,0.0,0.0,4.0,0.9895333046063575,0.5747447091848875,0.78736,0,0,stable
903__2491_2400,29,t_8_16,128.0,0.0,0.0,3.0,0.9986281099873603,0.7671524466543888,0.78736,0,1,stable
903__2491_2400,30,t_8_16,200.0,0.0,0.0,3.0,0.9956548119628369,0.8185359600000063,0.78736,0,1,stable
903__2491_2400,31,t_8_16,72.0,0.5,0.0,5.0,0.36150184004703334,0.7005160452433244,0.78736,0,0,mild
903__2491_2400,32,t_8_16,84.00024413969368,0.0,0.0,4.0,0.9855427321531318,0.8191303413313296,0.78736,0,1,stable
903__2491_2400,33,t_8_16,91.0,0.0,0.0,4.0,0.9937873804816231,0.6913485246794243,0.78736,0,0,stable
903__2491_2400,34,t_8_16,144.0,0.0,0.0,3.0,0.9960857420484969,0.8715543999856415,0.78736,0,1,stable
903__2491_2400,35,t_8_16,96.0,0.0,0.0,1.0,0.9999999999877529,0.7659183771034379,0.78736,0,1,stable
903__2491_2400,36,t_8_16,96.0,0.5,0.5,1.0,0.9970941133721517,0.6162475277474613,0.78736,0,0,mild
903__2491_2400,37,t_8_16,128.0,0.5,0.5,1.0,,0.9321966781519092,0.78736,0,1,mild
903__2491_2400,38,t_8_16,108.0,0.0,0.0,4.0,0.602207717345796,0.6931102175188513,0.78736,0,0,stable
903__2491_2400,39,t_8_16,126.0,0.25,0.0,6.0,0.9291406251079992,0.7977076647426613,0.78736,0,1,mild
903__2491_2400,40,t_8_16,204.0,0.0,0.0,3.0,0.9558814846234749,0.6156713088235286,0.78736,0,0,stable
903__2491_2400,41,t_8_16,117.0,0.25,0.0,1.0,,0.7841970320452128,0.78736,0,1,mild
903__2491_2400,42,t_8_16,81.00027465820312,0.25,0.0,2.0,0.9240857058618255,0.8345830349232698,0.78736,0,1,mild
905__0_2417,0,t_8_16,120.0,0.25,0.0,3.0,0.9107273877750398,0.653078237037276,0.86747,0,0,mild
905__0_2417,1,t_8_16,160.0009765625,0.25,0.0,5.0,0.2445468916156572,0.8791602529407787,0.86747,0,1,mild
905__0_2417,2,t_8_16,120.000732421875,0.0,0.0,1.0,,0.7017232368920517,0.86747,0,0,stable
905__0_2417,3,t_8_16,140.0008544921875,0.0,0.0,2.0,0.9990652926213984,0.7143942158819488,0.86747,0,0,stable
905__0_2417,4,t_8_16,160.0,0.0,0.0,3.0,0.9993246676431005,0.7852804325775519,0.86747,0,1,stable
905__0_2417,5,t_8_16,120.0,0.0,0.0,2.0,0.9917606536940716,0.7514056554435005,0.86747,0,1,stable
905__0_2417,6,t_8_16,120.000732421875,0.0,0.0,1.0,,0.5621881169190717,0.86747,0,0,stable
905__0_2417,7,t_8_16,120.000732421875,0.0,0.0,3.0,0.9955937585086225,0.8431615603306122,0.86747,0,1,stable
905__0_2417,8,t_8_16,159.9993896484375,0.0,0.0,3.0,0.9992160742877348,0.7780641793611734,0.86747,0,1,stable
905__0_2417,9,s_16_32,432.0,0.25,0.0,7.0,0.15757982309879662,0.8538309192973637,0.86747,0,1,mild
905__0_2417,10,t_8_16,168.0,0.0,0.0,4.0,0.6412295959773521,0.7938066666844062,0.86747,0,1,stable
905__0_2417,11,t_8_16,240.0,0.0,0.0,4.0,0.23714598939529669,0.6947261522808289,0.86747,0,0,stable
905__0_2417,12,s_16_32,520.001220703125,0.0,0.0,8.0,0.6331602136064408,0.91028161425386,0.86747,0,1,stable
905__0_2417,13,t_8_16,96.0,0.0,0.0,2.0,0.9223418312053271,0.7651696617114045,0.86747,0,1,stable
905__0_2417,14,s_16_32,792.0,0.0,0.0,10.0,0.998401976457903,0.7738639211361386,0.86747,0,1,stable
905__0_2417,15,t_8_16,112.0,0.0,0.0,2.0,0.9991767846469835,0.5629570024529827,0.86747,0,0,stable
905__0_2417,16,t_8_16,140.0,0.0,0.0,3.0,0.9946259936609926,0.7896569148083851,0.86747,0,1,stable
905__0_2417,17,t_8_16,144.00006103515625,0.0,0.0,4.0,0.9983215869653144,0.6608873607943728,0.86747,0,0,stable
905__0_2417,18,t_8_16,223.99989318847656,0.0,0.0,5.0,0.9163525920109304,0.8205481424777487,0.86747,0,1,stable
905__0_2417,19,t_8_16,160.0,0.0,0.0,4.0,0.5659184568929063,0.6966792480816586,0.86747,0,0,stable
905__0_2417,20,t_8_16,83.9996337890625,0.0,0.0,5.0,0.7428347389388789,0.6759887010741911,0.86747,0,0,stable
905__0_2417,21,t_8_16,96.0,0.0,0.0,5.0,0.999728285032112,0.6491239011946953,0.86747,0,0,stable
905__0_2417,22,t_8_16,112.0,0.5,0.5,1.0,,0.9238051091210712,0.86747,0,1,mild
905__0_2417,23,t_8_16,84.0,0.25,0.25,5.0,0.4046729350705409,0.6415574852178585,0.86747,0,0,mild
905__0_2417,24,t_8_16,160.0,0.0,0.0,3.0,0.9908302821413457,0.6899965660636044,0.86747,0,0,stable
905__0_2417,25,t_8_16,140.0,0.0,0.0,2.0,0.9989033106979183,0.9541170352337078,0.86747,0,1,stable
905__0_2417,26,t_8_16,252.0,0.0,0.0,2.0,0.9958624968466254,0.7698833620823147,0.86747,0,1,stable
905__1800_1800,0,t_8_16,240.0,0.0,0.0,6.0,0.989506643823625,0.7392868473475329,0.76927,0,0,stable
905__1800_1800,1,t_8_16,140.0,0.0,0.0,3.0,0.9961630679995971,0.6584971310227067,0.76927,0,0,stable
905__1800_1800,2,t_8_16,180.0,0.0,0.0,3.0,0.9465963993258004,0.6851108669893482,0.76927,0,0,stable
905__1800_1800,3,t_8_16,112.0,0.0,0.0,2.0,0.9961751213026923,0.8200049165180557,0.76927,0,1,stable
905__1800_1800,4,t_8_16,160.0,0.0,0.0,2.0,0.9914662783905135,0.7312647009113006,0.76927,0,0,stable
905__1800_1800,5,t_8_16,196.0,0.0,0.0,2.0,0.9653401879003375,0.8230816415184148,0.76927,0,1,stable
905__1800_1800,6,t_8_16,195.99957275390625,0.0,0.0,3.0,0.9830672701092426,0.9034600089876931,0.76927,0,1,stable
905__1800_1800,7,t_8_16,192.0,0.0,0.0,3.0,0.9990261373561848,0.7992369094834033,0.76927,0,1,stable
905__1800_1800,8,t_8_16,224.0,0.0,0.0,4.0,0.982203296670012,0.9013551361672445,0.76927,0,1,stable
905__1800_1800,9,t_8_16,140.0,0.0,0.0,2.0,0.9394383383098632,0.7786785428571459,0.76927,0,1,stable
905__1800_1800,10,t_8_16,100.0,0.0,0.0,2.0,0.9902631449314183,0.741003593885014,0.76927,0,0,stable
905__1800_1800,11,t_8_16,160.0,0.0,0.0,2.0,0.9992554785100144,0.6306567831873803,0.76927,0,0,stable
905__1800_1800,12,t_8_16,95.999267578125,0.0,0.0,3.0,0.9990773804981791,0.6218422988136066,0.76927,0,0,stable
905__1800_1800,13,t_8_16,96.0,0.0,0.0,3.0,0.9758821194338447,0.7767793160543409,0.76927,0,1,stable
905__1800_1800,14,t_8_16,160.0,0.0,0.0,2.0,0.9964520434262505,0.8197684418675159,0.76927,0,1,stable
905__1800_1800,15,t_8_16,84.0008544921875,0.0,0.0,5.0,0.9308176505282402,0.757982120212427,0.76927,0,1,stable
905__1800_1800,17,t_8_16,84.0008544921875,0.0,0.0,5.0,0.9465080813694703,0.6069093157545421,0.76927,0,0,stable
905__2400_1200,0,t_8_16,199.9993896484375,0.0,0.0,4.0,0.9991029722566916,0.7990356323248285,0.79019,0,1,stable
905__2400_1200,1,t_8_16,159.998779296875,0.0,0.0,4.0,0.8748552635823718,0.6996338483451997,0.79019,0,0,stable
905__2400_1200,2,t_8_16,179.99945068359375,0.0,0.0,4.0,0.9958597898585767,0.6956162622034732,0.79019,0,0,stable
905__2400_1200,3,t_8_16,144.0,0.25,0.25,4.0,0.9921990551251819,0.6659474016236436,0.79019,0,0,mild
905__2400_1200,4,t_8_16,199.99969482421875,0.25,0.0,2.0,0.9483710472213361,0.8194016500000013,0.79019,0,1,mild
905__2400_1200,5,t_8_16,108.0010986328125,0.0,0.0,4.0,0.9951202807930346,0.6787088931582997,0.79019,0,0,stable
905__2400_1200,6,t_8_16,160.0,0.0,0.0,3.0,0.9962040774925757,0.7973257333795787,0.79019,0,1,stable
905__2400_1200,7,t_8_16,224.0,0.0,0.0,3.0,0.993501373578956,0.8058154270284075,0.79019,0,1,stable
905__2400_1200,8,t_8_16,96.0,0.0,0.0,2.0,0.9256115593915766,0.4975852456406917,0.79019,1,0,stable
905__2400_1200,9,t_8_16,128.0,0.0,0.0,3.0,0.9968299380595574,0.5246119657537518,0.79019,0,0,stable
905__2400_1200,10,t_8_16,224.0,0.0,0.0,3.0,0.9413104193933916,0.5497856651044992,0.79019,0,0,stable
905__2400_1200,11,t_8_16,128.0,0.25,0.25,3.0,0.998715995309653,0.8483998047324369,0.79019,0,1,mild
905__2400_1200,12,t_8_16,96.0,0.25,0.25,2.0,0.986290626688547,0.8138479756126576,0.79019,0,1,mild
905__2400_1200,13,t_8_16,192.0,0.0,0.0,3.0,0.9922558068984858,0.703019996338545,0.79019,0,0,stable
905__2400_1200,14,s_16_32,256.0,0.0,0.0,3.0,0.9980682496357147,0.7139524409969507,0.79019,0,0,stable
905__2400_1200,15,t_8_16,192.0,0.0,0.0,2.0,0.9932087118566623,0.6780568418799728,0.79019,0,0,stable
905__2400_1200,16,t_8_16,196.0008544921875,0.0,0.0,5.0,0.992678236848571,0.7885330639381434,0.79019,0,1,stable
905__2400_1200,17,t_8_16,120.0,0.0,0.0,1.0,,0.6559618664812596,0.79019,0,0,stable
905__2400_1200,18,t_8_16,224.0,0.0,0.0,4.0,0.996494081833079,0.747499554628046,0.79019,0,0,stable
905__2400_1200,19,t_8_16,84.0,0.25,0.0,4.0,0.5238005517250668,0.7110261190366068,0.79019,0,0,mild
905__2400_1200,20,t_8_16,84.0,0.0,0.0,2.0,0.9919924525769849,0.6588428141284887,0.79019,0,0,stable
905__2400_1200,21,t_8_16,84.0,0.0,0.0,3.0,0.9965395661027784,0.7816478028996899,0.79019,0,1,stable
905__2400_1200,22,t_8_16,120.0,0.0,0.0,2.0,0.9863620915738273,0.633900615593913,0.79019,0,0,stable
905__2400_1200,23,t_8_16,144.0,0.0,0.0,2.0,0.9692083609780163,0.7134012635186974,0.79019,0,0,stable
905__2400_1200,24,t_8_16,168.0,0.0,0.0,4.0,0.9663027235088363,0.6876138207361684,0.79019,0,0,stable
905__2400_1200,25,t_8_16,119.9993896484375,0.25,0.25,2.0,0.8839673216072759,0.5710144863698905,0.79019,0,0,mild
905__2400_1200,26,t_8_16,224.0,0.0,0.0,5.0,0.9854870914222859,0.7083345649078768,0.79019,0,0,stable
905__2400_1200,27,t_8_16,196.0008544921875,0.0,0.0,3.0,0.9995509488598024,0.7961426333498558,0.79019,0,1,stable
905__2400_1200,28,t_8_16,196.0008544921875,0.0,0.0,3.0,0.9985836047767036,0.6797511877034116,0.79019,0,0,stable
905__2400_1200,29,t_8_16,224.0,0.0,0.0,5.0,0.977125085125268,0.6870306430545055,0.79019,0,0,stable
905__2400_1200,30,t_8_16,196.0,0.25,0.0,2.0,0.29147981082266,0.744847507427269,0.79019,0,0,mild
905__2400_1200,31,t_8_16,72.0,0.0,0.0,3.0,0.9951753137016944,0.7611678789058021,0.79019,0,1,stable
905__2400_1200,32,t_8_16,84.0,0.0,0.0,5.0,0.1244526898646842,0.7868868338976905,0.79019,0,1,stable
905__2400_1200,33,t_8_16,72.000732421875,0.0,0.0,2.0,0.9999999961960263,0.7069148533639585,0.79019,0,0,stable
905__2400_1200,34,t_8_16,84.0003662109375,0.0,0.0,5.0,0.9967647876777982,0.77280369515842,0.79019,0,1,stable
905__2400_1200,35,t_8_16,112.0,0.0,0.0,1.0,,0.865352349275073,0.79019,0,1,stable
905__2400_1200,36,t_8_16,128.0,0.25,0.25,2.0,0.9805732061744329,0.8435683894373529,0.79019,0,1,mild
905__2400_1200,37,t_8_16,96.0,0.0,0.0,1.0,,0.6908229006510423,0.79019,0,0,stable
905__2400_1200,38,t_8_16,96.0,0.0,0.0,2.0,0.98336134609872,0.8334702458890069,0.79019,0,1,stable
905__2400_1200,39,t_8_16,96.0,0.0,0.0,2.0,0.9947943275569113,0.7524769906962522,0.79019,0,1,stable
905__2400_1200,40,t_8_16,144.0,0.25,0.25,3.0,0.9892630261364146,0.7414575557302184,0.79019,0,0,mild
905__2400_1200,41,t_8_16,150.0,0.25,0.0,4.0,0.6457415096770669,0.5395732598203657,0.79019,0,0,mild
905__2400_1200,42,t_8_16,144.0,0.0,0.0,4.0,0.992422326269144,0.69540787153944,0.79019,0,0,stable
9089eefac,0,t_8_16,100.0,0.25,0.0,2.0,0.9999999999948274,0.7827239161893621,0.5973,0,1,mild
90fa20220,0,t_8_16,70.0,0.0,0.0,3.0,0.9999608348478566,0.6008595504286427,0.77895,0,0,stable
936eb2018,0,t_8_16,252.0,0.0,0.0,4.0,0.9915507084959877,0.9044004389698608,0.81472,0,1,stable
9515a948d,0,s_16_32,520.0,0.0,0.0,10.0,0.8278378795847832,0.776936133873815,0.90059,0,1,stable
9515a948d,2,t_8_16,168.0,0.0,0.0,4.0,0.6247080688068879,0.6355913179058864,0.90059,0,0,stable
9515a948d,3,t_8_16,90.0,0.0,0.0,1.0,,0.5906891311196752,0.90059,0,0,stable
9515a948d,4,t_8_16,182.0008544921875,0.0,0.0,4.0,0.8186384694240176,0.6809385341180436,0.90059,0,0,stable
9515a948d,5,t_8_16,224.0,0.0,0.0,3.0,0.7565407669542745,0.6536826385242489,0.90059,0,0,stable
95eddace4,1,t_8_16,96.0,0.0,0.0,2.0,0.9218754486336118,0.6745618980028124,0.61982,0,0,stable
967f89b2c,0,t_8_16,135.0,0.25,0.0,3.0,0.7259651778897702,0.8068829569880477,0.34979,0,1,mild
9999937_00000_d_0000025__0_250,0,s_16_32,864.0,0.0,0.0,10.0,0.4077642016996665,0.7993075291663595,0.89934,0,1,stable
9999937_00000_d_0000025__0_250,1,s_16_32,704.0,0.0,0.0,10.0,0.7381529852189903,0.81078746734259,0.89934,0,1,stable
9999937_00000_d_0000025__0_250,2,s_16_32,800.0,0.0,0.0,10.0,0.9848412960627713,0.9236779579262413,0.89934,0,1,stable
9999937_00000_d_0000025__0_250,3,s_16_32,644.0,0.25,0.0,9.0,0.26811209859632634,0.7022952296815189,0.89934,0,0,mild
9999937_00000_d_0000025__0_250,4,s_16_32,756.0,0.0,0.0,10.0,0.8907417326949066,0.882149440943741,0.89934,0,1,stable
9999937_00000_d_0000025__0_250,5,s_16_32,792.0,0.0,0.0,10.0,0.9680469010014705,0.9226190246267779,0.89934,0,1,stable
9999937_00000_d_0000025__0_250,6,s_16_32,800.0,0.0,0.0,10.0,0.8279728135655745,0.92436367694677,0.89934,0,1,stable
9999937_00000_d_0000025__0_250,7,s_16_32,504.0,0.0,0.0,9.0,0.9275064023856943,0.8229796211658025,0.89934,0,1,stable
9999937_00000_d_0000025__0_250,8,s_16_32,544.0,0.0,0.0,10.0,0.858273949454706,0.8178763280771278,0.89934,0,1,stable
9999937_00000_d_0000025__0_250,9,s_16_32,640.0,0.0,0.0,8.0,0.6288862555446373,0.7429314703124976,0.89934,0,0,stable
9999937_00000_d_0000025__0_250,10,s_16_32,360.0,0.0,0.0,7.0,0.9755734502503779,0.6766594054764405,0.89934,0,0,stable
9999937_00000_d_0000025__0_250,11,s_16_32,476.0008544921875,0.0,0.0,6.0,0.8729355878395443,0.5624815378151264,0.89934,0,0,stable
9999937_00000_d_0000025__0_250,12,s_16_32,504.0,0.0,0.0,8.0,0.9924013783089232,0.9090925995027794,0.89934,0,1,stable
9999937_00000_d_0000025__0_250,13,s_16_32,476.0008544921875,0.0,0.0,8.0,0.9844432543123908,0.7714456152863423,0.89934,0,1,stable
9999937_00000_d_0000025__0_250,14,s_16_32,336.0,0.0,0.0,4.0,0.9987786631654979,0.8463157554936324,0.89934,0,1,stable
9999937_00000_d_0000025__0_250,15,t_8_16,240.0,0.25,0.25,4.0,0.7608822124531786,0.6955786959085893,0.89934,0,0,mild
9999937_00000_d_0000025__0_250,16,s_16_32,280.0,0.0,0.0,5.0,0.9946089621253889,0.8174197905777042,0.89934,0,1,stable
9999937_00000_d_0000025__0_250,17,t_8_16,208.0,0.0,0.0,4.0,0.9689614879412536,0.6695218360018163,0.89934,0,0,stable
9999937_00000_d_0000025__0_250,18,t_8_16,208.00048828125,0.0,0.0,4.0,0.9840966646976019,0.7120551823613779,0.89934,0,0,stable
9999937_00000_d_0000025__0_250,19,t_8_16,224.0,0.5,0.5,2.0,0.8693746037788949,0.8801711980947837,0.89934,0,1,mild
9999937_00000_d_0000025__0_250,20,s_16_32,260.0006103515625,0.0,0.0,4.0,0.5873285395707976,0.8635083745877096,0.89934,0,1,stable
9999937_00000_d_0000025__0_250,21,t_8_16,224.0,0.0,0.0,3.0,0.990776321785365,0.8401424363195723,0.89934,0,1,stable
9999937_00000_d_0000025__0_250,22,t_8_16,156.0,0.75,0.0,6.0,0.2352365671576558,0.6907487127843066,0.89934,0,0,high
9999937_00000_d_0000025__0_250,23,t_8_16,144.0,0.0,0.0,5.0,0.9912764207639568,0.7309101904305796,0.89934,0,0,stable
9999937_00000_d_0000025__0_250,24,t_8_16,156.0,0.0,0.0,9.0,0.9838442106162072,0.8526418879417089,0.89934,0,1,stable
9999937_00000_d_0000025__0_250,25,t_8_16,108.0,0.25,0.0,4.0,0.877935989830124,0.836609540041333,0.89934,0,1,mild
9999937_00000_d_0000025__0_250,26,t_8_16,120.0,0.25,0.25,1.0,0.9538727438900657,0.6894413200680047,0.89934,0,0,mild
9999937_00000_d_0000025__0_250,27,t_8_16,176.0,0.0,0.0,3.0,0.9318282307165524,0.6830976622750978,0.89934,0,0,stable
9999937_00000_d_0000025__0_250,28,s_16_32,360.0,0.25,0.0,3.0,0.7288229743706601,0.7044578647546172,0.89934,0,0,mild
9999937_00000_d_0000025__0_250,29,s_16_32,304.0,0.25,0.25,5.0,0.8261257374016795,0.7267047900984239,0.89934,0,0,mild
9999937_00000_d_0000025__0_250,30,s_16_32,532.0,0.0,0.0,10.0,0.9184811062684511,0.8987516066342887,0.89934,0,1,stable
9999937_00000_d_0000025__0_250,31,s_16_32,320.0,0.0,0.0,4.0,0.9896030776281487,0.8787734782875167,0.89934,0,1,stable
9999937_00000_d_0000025__0_250,32,s_16_32,336.0,0.5,0.0,5.0,0.3579015741767377,0.9075732285993826,0.89934,0,1,mild
9999937_00000_d_0000025__0_250,33,s_16_32,288.0,0.0,0.0,3.0,0.8377099751885436,0.7832250164768035,0.89934,0,1,stable
9999937_00000_d_0000025__0_250,34,s_16_32,280.0,0.25,0.0,3.0,0.5462757063065854,0,0,1,0,mild
9999937_00000_d_0000025__0_250,35,t_8_16,240.0,0.0,0.0,4.0,0.9489849139324943,0.5955975434845753,0.89934,0,0,stable
9999937_00000_d_0000025__0_250,36,s_16_32,340.0,0.25,0.25,6.0,0.7429039942756112,0.8555337045524796,0.89934,0,1,mild
9999937_00000_d_0000025__0_250,37,s_16_32,456.0,0.25,0.0,8.0,0.7936570806367879,0.8412568290397215,0.89934,0,1,mild
9999937_00000_d_0000025__0_250,38,s_16_32,272.00048828125,0.25,0.25,7.0,0.889999238024045,0.6492775534230428,0.89934,0,0,mild
9999937_00000_d_0000025__0_250,39,s_16_32,360.0,0.25,0.0,9.0,0.7280097271298882,0.7634011952387191,0.89934,0,1,mild
9999937_00000_d_0000025__0_250,40,s_16_32,380.0,0.25,0.0,10.0,0.6962540944577061,0.8401148915149362,0.89934,0,1,mild
9999937_00000_d_0000025__0_250,41,s_16_32,288.0,0.25,0.25,2.0,0.9918316492797028,0.6877836411448527,0.89934,0,0,mild
9999937_00000_d_0000025__0_250,42,t_8_16,224.0,0.0,0.0,5.0,0.9772842628698406,0.8320020712641643,0.89934,0,1,stable
9999937_00000_d_0000025__0_250,43,t_8_16,208.0,0.0,0.0,4.0,0.7013762049199965,0.8396434468452713,0.89934,0,1,stable
9999937_00000_d_0000025__0_250,44,t_8_16,156.0003662109375,0.0,0.0,6.0,0.9376593932784882,0.6389313527120464,0.89934,0,0,stable
9999937_00000_d_0000025__0_250,45,s_16_32,264.0,0.25,0.0,5.0,0.3079051223670432,0.6500625134716859,0.89934,0,0,mild
9999937_00000_d_0000025__0_250,46,t_8_16,144.0,0.0,0.0,6.0,0.8310375013982939,0.6899608045909392,0.89934,0,0,stable
9999937_00000_d_0000025__0_250,47,t_8_16,132.0,0.25,0.0,4.0,0.967410038752159,0.7103015247935408,0.89934,0,0,mild
9999937_00000_d_0000025__0_250,48,t_8_16,160.0,0.0,0.0,3.0,0.7282112425149693,0.717579234569372,0.89934,0,0,stable
9999937_00000_d_0000025__0_250,49,t_8_16,120.0,0.25,0.0,2.0,0.017649595233405223,0.9192696309294975,0.89934,0,1,mild
9999937_00000_d_0000025__0_250,50,t_8_16,108.0,0.0,0.0,4.0,0.5493732113502634,0.3971094472338207,0.89934,1,0,stable
9999937_00000_d_0000025__0_250,51,t_8_16,131.99990844726562,0.25,0.25,4.0,0.8967772305320265,0.7026346624964778,0.89934,0,0,mild
9999937_00000_d_0000025__0_250,52,t_8_16,80.0,0.5,0.0,5.0,0.2977222951857049,0.5481316578904615,0.89934,0,0,mild
9999937_00000_d_0000025__0_250,53,t_8_16,80.0,0.25,0.0,2.0,0.8705627110171612,0.5115911473266903,0.89934,0,0,mild
9999937_00000_d_0000025__0_250,54,t_8_16,72.0,0.0,0.0,1.0,0.9175866002956137,0.46859795539354265,0.89934,1,0,stable
9999937_00000_d_0000025__0_250,56,t_8_16,71.9998779296875,0.0,0.0,0.0,0.9514242307092352,0.17341304927615886,0.89934,1,0,stable
9999937_00000_d_0000025__0_250,57,t_8_16,71.9998779296875,0.0,0.0,4.0,0.4137081498746594,0.7138175523798036,0.89934,0,0,stable
9999937_00000_d_0000025__0_250,58,t_8_16,160.0,0.25,0.25,3.0,0.9794708918524571,0.8345555473121483,0.89934,0,1,mild
9999937_00000_d_0000025__0_250,59,t_8_16,176.0,0.25,0.0,1.0,0.7271263430535805,0.505790789397137,0.89934,0,0,mild
9999937_00000_d_0000025__0_250,60,t_8_16,132.0,0.0,0.0,7.0,0.9486360478019181,0.7635452804702133,0.89934,0,1,stable
9999937_00000_d_0000025__0_250,61,t_8_16,120.0,0.5,0.0,5.0,0.37408605357700164,0.7220036688004197,0.89934,0,0,mild
9999937_00000_d_0000025__0_250,62,t_8_16,120.0,0.25,0.0,4.0,0.8142658425738739,0.6261988338238986,0.89934,0,0,mild
9999937_00000_d_0000025__0_250,63,t_8_16,80.0,0.0,0.0,3.0,0.9830509532894384,0.5176946912964794,0.89934,0,0,stable
9999937_00000_d_0000025__0_250,64,t_8_16,108.0,0.75,0.5,4.0,0.002798250890124684,0.5228079183038894,0.89934,0,0,high
9999937_00000_d_0000025__0_250,66,t_8_16,79.9998779296875,0.25,0.0,6.0,0.9865714830067122,0.5888971739944507,0.89934,0,0,mild
9999937_00000_d_0000025__0_250,68,t_8_16,90.0,0.0,0.0,2.0,0.9765713229313396,0.8859877141324388,0.89934,0,1,stable
9999937_00000_d_0000025__0_250,69,t_8_16,96.0,0.25,0.0,6.0,0.5994441159750005,0.7111599864176792,0.89934,0,0,mild
9999937_00000_d_0000025__0_250,70,t_8_16,156.0003662109375,0.0,0.0,7.0,0.4572250606828579,0.6089540765624057,0.89934,0,0,stable
9999937_00000_d_0000025__0_250,71,t_8_16,224.0,0.5,0.0,3.0,0.43171913365413317,0.5782625962557446,0.89934,0,0,mild
9999937_00000_d_0000025__0_250,72,s_16_32,287.99951171875,0.0,0.0,4.0,0.6629393560247843,0.7135481584340755,0.89934,0,0,stable
9999937_00000_d_0000025__0_250,73,s_16_32,504.0,0.0,0.0,6.0,0.7526986161199081,0.7259036924603225,0.89934,0,0,stable
9999937_00000_d_0000025__0_250,74,s_16_32,408.0,0.0,0.0,8.0,0.9051736983773597,0.8234315652419698,0.89934,0,1,stable
9999937_00000_d_0000025__0_250,75,t_8_16,167.9996337890625,0.0,0.0,4.0,0.8859841219464619,0.544571520599818,0.89934,0,0,stable
9999937_00000_d_0000025__0_250,77,t_8_16,126.0,0.25,0.25,7.0,0.9252572833545306,0.729949246020738,0.89934,0,0,mild
9999937_00000_d_0000025__0_250,78,t_8_16,126.0,0.75,0.75,3.0,0.617823983513732,0.7228937171190217,0.89934,0,0,high
9999937_00000_d_0000025__0_250,79,t_8_16,133.00021362304688,0.0,0.0,4.0,0.9285394611989368,0.8084008524100136,0.89934,0,1,stable
9999937_00000_d_0000025__0_250,80,t_8_16,85.00015258789062,0.0,0.0,2.0,0.9999432044083325,0.8285840687039364,0.89934,0,1,stable
9999937_00000_d_0000025__0_250,81,t_8_16,84.0,0.25,0.25,3.0,0.5306418865608455,0.7369717378342521,0.89934,0,0,mild
9999937_00000_d_0000025__0_250,82,t_8_16,85.0,0.0,0.0,3.0,0.9994679537076591,0.7513817548587446,0.89934,0,1,stable
9999937_00000_d_0000025__0_250,83,t_8_16,75.0,0.5,0.25,2.0,0.8737508184371061,0.6773098579051344,0.89934,0,0,mild
9999937_00000_d_0000025__0_250,84,t_8_16,96.0,0.0,0.0,3.0,0.9999995462816954,0.6746422712264415,0.89934,0,0,stable
9999937_00000_d_0000025__0_250,85,t_8_16,80.0,0.0,0.0,1.0,0.9997641849629728,0.3531795208718223,0.89934,1,0,stable
9999937_00000_d_0000025__0_250,86,t_8_16,90.0,0.5,0.0,3.0,0.24330382306934406,0.6919739136058894,0.89934,0,0,mild
9999937_00000_d_0000025__0_250,87,t_8_16,70.0,0.0,0.0,1.0,0.999998807137829,0.8215738292655758,0.89934,0,1,stable
9999937_00000_d_0000025__0_250,88,t_8_16,70.0,0.0,0.0,3.0,0.9975867402856429,0.5724139653688081,0.89934,0,0,stable
9999937_00000_d_0000025__0_250,89,t_8_16,65.00015258789062,0.25,0.25,2.0,0.8752099616981625,0.4057721153262035,0.89934,1,0,mild
9999937_00000_d_0000025__0_250,92,t_8_16,119.0,0.25,0.0,3.0,0.9882908683493339,0.0,0.89934,1,0,mild
9999937_00000_d_0000025__0_250,93,t_8_16,65.00015258789062,0.0,0.0,2.0,0.999968720945739,0.0,0.89934,1,0,stable
9999937_00000_d_0000121__1200_278,1,t_8_16,100.0,0.75,0.0,2.0,0.17085822581585222,0.5974041842421817,0.37506,0,0,high
9999937_00000_d_0000121__1200_278,2,s_16_32,280.0,0.0,0.0,5.0,0.5375382086250482,0.665433625451379,0.37506,0,0,stable
9999937_00000_d_0000121__1200_278,3,t_8_16,192.0,0.5,0.0,3.0,0.6333517311665147,0.7700154056457043,0.37506,0,1,mild
9999937_00000_d_0000121__1200_278,4,s_16_32,648.0,0.0,0.0,7.0,0.36781992969908567,0.37013247530864246,0.02691,1,0,stable
9999940_00000_d_0000086__600_0,1,s_16_32,263.9999771118164,0.0,0.0,4.0,0.9990892696530264,0.7665891720780726,0.9223,0,1,stable
9999940_00000_d_0000086__600_0,2,t_8_16,180.0,0.25,0.0,0.0,0.9709353542897632,0.28769669393885106,0.9223,1,0,mild
9999940_00000_d_0000086__600_0,3,s_16_32,504.0,0.0,0.0,9.0,0.9609915885046387,0.7728944388165794,0.9223,0,1,stable
9999940_00000_d_0000086__600_0,4,s_16_32,504.0,0.3333333333333333,0.0,8.0,0.1849130073591548,0.8192363883181121,0.9223,0,1,mild
9999940_00000_d_0000086__600_0,5,t_8_16,144.0,0.25,0.25,3.0,0.6033659185122361,0.6294800622200525,0.9223,0,0,mild
9999940_00000_d_0000086__600_0,7,s_16_32,395.99932861328125,0.0,0.0,8.0,0.8352202361709123,0.7642281557179263,0.9223,0,1,stable
9999940_00000_d_0000086__600_0,8,t_8_16,215.99945068359375,0.25,0.0,4.0,0.7338704327439318,0.46200031371860656,0.9223,1,0,mild
9999940_00000_d_0000086__600_0,11,s_16_32,288.00006103515625,0.0,0.0,6.0,0.999802516813472,0.8767337352297124,0.9223,0,1,stable
9999940_00000_d_0000086__600_0,14,t_8_16,96.0,0.0,0.0,2.0,0.9990372770549303,0.0,0.36679,1,0,stable
9999940_00000_d_0000086__600_0,15,s_16_32,440.0,0.0,0.0,10.0,0.9999834342121917,0.8773447555892093,0.9223,0,1,stable
9999940_00000_d_0000086__600_0,16,t_8_16,120.0,0.0,0.0,2.0,0.9856134090891748,0.6932875260007821,0.9223,0,0,stable
9999940_00000_d_0000086__600_0,17,t_8_16,64.0,0.75,0.75,0.0,,0.7663339164974787,0.9223,0,1,high
9999940_00000_d_0000086__600_0,18,t_8_16,80.0,0.0,0.0,1.0,,0.6609099819022575,0.9223,0,0,stable
9999940_00000_d_0000086__600_0,19,s_16_32,400.00030517578125,0.0,0.0,8.0,0.9961822315854855,0.6472100134049783,0.9223,0,0,stable
9999940_00000_d_0000086__600_0,20,s_16_32,320.0,0.0,0.0,5.0,0.9992165777918336,0.9253075984722221,0.9223,0,1,stable
9999940_00000_d_0000086__600_0,22,t_8_16,223.9990234375,0.0,0.0,5.0,0.9942873984161861,0.8008676456597187,0.9223,0,1,stable
9999940_00000_d_0000086__600_0,24,s_16_32,440.0,0.0,0.0,7.0,0.5579791139962431,0.7484905446671039,0.9223,0,0,stable
9999940_00000_d_0000086__600_0,25,s_16_32,384.0,0.0,0.0,7.0,0.25870661560939073,0.7298896837389302,0.9223,0,0,stable
9999940_00000_d_0000086__600_0,27,t_8_16,95.99951171875,0.0,0.0,1.0,,0.3883065514212721,0.36679,1,0,stable
9999940_00000_d_0000086__600_0,29,t_8_16,96.0,0.0,0.0,1.0,,0.4656397372268764,0.36679,1,0,stable
9999940_00000_d_0000086__600_0,31,t_8_16,80.0,0.5,0.5,0.0,,0.6566779567678093,0.36679,0,0,mild
9999940_00000_d_0000086__600_0,32,s_16_32,260.0,0.25,0.0,2.0,0.7162224634742956,0.7125367700184885,0.9223,0,0,mild
9999940_00000_d_0000086__600_0,33,s_16_32,336.0,0.25,0.0,3.0,0.6582054582603666,0.7278126522936805,0.9223,0,0,mild
9999940_00000_d_0000086__600_0,34,t_8_16,220.0,0.75,0.5,2.0,0.37484476640979364,0.7686521034697156,0.9223,0,1,high
9999940_00000_d_0000086__600_0,35,t_8_16,199.99984741210938,0.75,0.75,0.0,,0.6412389630441554,0.9223,0,0,high
9999940_00000_d_0000086__600_0,36,t_8_16,239.99984741210938,0.5,0.0,3.0,0.17252674198203094,0.6646738027705239,0.9223,0,0,mild
9999940_00000_d_0000086__600_0,37,t_8_16,240.0,0.0,0.0,2.0,0.44764478796834023,0.7867238100021584,0.9223,0,1,stable
9999940_00000_d_0000086__600_0,38,t_8_16,207.99960327148438,0.25,0.0,4.0,0.5866554096820187,0.5859810563894797,0.9223,0,0,mild
9999940_00000_d_0000086__600_0,39,t_8_16,220.0,0.25,0.0,3.0,0.9051685926542259,0.58562906534912,0.9223,0,0,mild
9999940_00000_d_0000086__600_0,40,t_8_16,144.0,0.25,0.0,3.0,0.6948977272911038,0.39274794244857897,0.9223,1,0,mild
9999940_00000_d_0000086__600_0,41,t_8_16,127.999755859375,0.0,0.0,5.0,0.4567654834863948,0.6662664958801862,0.9223,0,0,stable
9999945_00000_d_0000056__0_0,1,t_8_16,100.0006103515625,0.25,0.25,2.0,0.9745810808775169,0.3795932271496505,0.84123,1,0,mild
9999945_00000_d_0000056__0_0,2,t_8_16,80.00048828125,0.25,0.0,1.0,,0.5370690063735184,0.84123,0,0,mild
9999945_00000_d_0000056__0_0,3,t_8_16,96.0009765625,0.0,0.0,2.0,0.9997298323798588,0.0,0.07678,1,0,stable
9999945_00000_d_0000056__0_0,4,t_8_16,176.00048828125,0.5,0.25,2.0,0.44094627061621877,0.0,0.07678,1,0,mild
9999945_00000_d_0000056__0_0,5,s_16_32,672.0,0.0,0.0,10.0,0.9963428495406058,0.8225044184778437,0.84123,0,1,stable
9999945_00000_d_0000056__0_0,6,s_16_32,360.0,0.25,0.0,8.0,0.3334957289791854,0.6265444106313751,0.84123,0,0,mild
9999945_00000_d_0000056__0_0,7,s_16_32,400.0,0.0,0.0,8.0,0.6001769277063213,0.6016926888066286,0.84123,0,0,stable
9999945_00000_d_0000056__0_0,8,t_8_16,144.0,0.0,0.0,1.0,,0.43978808330227864,0.84123,1,0,stable
9999945_00000_d_0000056__0_0,9,t_8_16,96.0,0.25,0.25,1.0,,0.6993696362949274,0.84123,0,0,mild
9999945_00000_d_0000056__0_0,10,t_8_16,72.0,0.0,0.0,3.0,0.9984434312561964,0.5531989526151093,0.84123,0,0,stable
9999945_00000_d_0000056__0_0,11,s_16_32,256.0,0.0,0.0,5.0,0.9963176521671803,0.8744924997583324,0.84123,0,1,stable
9999945_00000_d_0000056__0_0,12,t_8_16,99.99969482421875,0.0,0.0,2.0,0.9999999999937721,0.7218745676841897,0.84123,0,0,stable
9999945_00000_d_0000056__0_0,13,t_8_16,64.0,0.0,0.0,1.0,,0.007282294874154571,0.84123,1,0,stable
9999945_00000_d_0000056__0_0,15,t_8_16,168.0,0.0,0.0,2.0,0.9991702259755558,0.791028463868986,0.84123,0,1,stable
9999945_00000_d_0000056__0_0,16,s_16_32,360.0,0.0,0.0,8.0,0.9997701940802944,0.9250299744400341,0.84123,0,1,stable
9999945_00000_d_0000056__0_0,17,t_8_16,80.0,0.0,0.0,2.0,0.8329927641220239,0.7091959264618962,0.84123,0,0,stable
9999945_00000_d_0000056__0_0,22,t_8_16,112.0,0.0,0.0,2.0,0.9717110661435788,0.6795328641447345,0.84123,0,0,stable
9999945_00000_d_0000056__0_0,23,t_8_16,159.9993896484375,0.0,0.0,6.0,0.9300608526082809,0.5680996600206563,0.84123,0,0,stable
9999945_00000_d_0000056__0_0,24,t_8_16,80.0,0.0,0.0,1.0,,0.6909156520254375,0.84123,0,0,stable
9999945_00000_d_0000056__0_0,27,s_16_32,311.99920654296875,0.0,0.0,5.0,0.9994582815398642,0.3383216384235072,0.84123,1,0,stable
9999951_00000_d_0000006__600_0,0,t_8_16,207.99960327148438,0.0,0.0,8.0,0.9586025355892279,0.7193050557159868,0.72506,0,0,stable
9999951_00000_d_0000006__600_0,1,s_16_32,288.0001220703125,0.0,0.0,7.0,0.5567037663413881,0.7694530057305151,0.72506,0,1,stable
9999951_00000_d_0000006__600_0,2,t_8_16,160.0,0.0,0.0,4.0,0.9393179334518652,0.717978913691885,0.72506,0,0,stable
9999951_00000_d_0000006__600_0,3,t_8_16,144.0,0.25,0.25,3.0,0.958297092875321,0.8186719625930321,0.72506,0,1,mild
9999951_00000_d_0000006__600_0,4,t_8_16,208.0,0.0,0.0,4.0,0.9456901436266276,0.8396918124692696,0.72506,0,1,stable
9999951_00000_d_0000006__600_0,5,t_8_16,180.0,0.0,0.0,2.0,0.8201915538811027,0.6958528749609302,0.72506,0,0,stable
9999951_00000_d_0000006__600_0,6,t_8_16,108.0,0.5,0.0,3.0,0.3963280480011199,0.6343940165841417,0.72506,0,0,mild
9999951_00000_d_0000006__600_0,7,t_8_16,95.99995422363281,0.0,0.0,3.0,0.845065315717121,0.5996994131293711,0.72506,0,0,stable
9999951_00000_d_0000006__600_0,8,t_8_16,220.0,0.0,0.0,3.0,0.7578102105921998,0.7226401221556205,0.72506,0,0,stable
9999951_00000_d_0000006__600_0,9,t_8_16,176.0,0.25,0.25,4.0,0.9763963931689761,0.576889206666367,0.72506,0,0,mild
9999951_00000_d_0000006__600_0,10,t_8_16,207.99954223644454,0.25,0.25,8.0,0.49044397190241384,0.7078276923076933,0.72506,0,0,mild
9999951_00000_d_0000006__600_0,11,t_8_16,176.0,0.0,0.0,3.0,0.9553144441483467,0.7509733412499809,0.72506,0,1,stable
9999951_00000_d_0000006__600_0,12,t_8_16,171.0,0.0,0.0,4.0,0.9079248152552237,0.7271786940795458,0.72506,0,0,stable
9999951_00000_d_0000309__0_0,0,s_16_32,336.0,0.0,0.0,6.0,0.7446045849589912,0.7973817857142941,0.77536,0,1,stable
9999951_00000_d_0000309__0_0,1,s_16_32,384.0,0.0,0.0,7.0,0.9019427898702306,0.7085843966067361,0.77536,0,0,stable
9999951_00000_d_0000309__0_0,2,s_16_32,416.0,0.0,0.0,8.0,0.8366482485315839,0.7609827049304794,0.77536,0,1,stable
9999951_00000_d_0000309__0_0,3,s_16_32,364.0008544921875,0.25,0.0,8.0,0.7290627847740878,0.8665572198553658,0.77536,0,1,mild
9999951_00000_d_0000309__0_0,4,s_16_32,288.0,0.0,0.0,5.0,0.934286578643089,0.8693725295026591,0.77536,0,1,stable
9999951_00000_d_0000309__0_0,5,t_8_16,180.0,0.25,0.0,4.0,0.590339439326666,0.6999806308739749,0.77536,0,0,mild
9999951_00000_d_0000309__0_0,6,t_8_16,96.0,0.0,0.0,0.0,,0.5452994948500978,0.77536,0,0,stable
9999951_00000_d_0000309__0_0,7,t_8_16,108.0,0.25,0.25,0.0,0.3311190991033447,0.7225824330244084,0.77536,0,0,mild
9999951_00000_d_0000309__0_0,8,t_8_16,240.0,0.25,0.0,7.0,0.5184004012304028,0.8547545971975405,0.77536,0,1,mild
9999951_00000_d_0000309__0_0,9,t_8_16,84.0,0.5,0.5,3.0,0.12336674718997079,0.8063083817993504,0.77536,0,1,mild
9999951_00000_d_0000309__0_0,10,t_8_16,168.0,0.25,0.0,5.0,0.19407497748453795,0.5466725667888911,0.77536,0,0,mild
9999951_00000_d_0000309__0_0,11,s_16_32,300.0,0.5,0.5,5.0,0.4894156727572312,0.8368718231625555,0.77536,0,1,mild
9999951_00000_d_0000309__0_0,12,t_8_16,128.0,0.0,0.0,3.0,0.8833153406622377,0.564681827360581,0.77536,0,0,stable
9999951_00000_d_0000309__0_0,13,t_8_16,168.0,0.0,0.0,4.0,0.9400857203589336,0.5964949092190664,0.77536,0,0,stable
9999951_00000_d_0000309__0_0,14,t_8_16,120.0,0.25,0.0,4.0,0.2067048971185088,0.640424079875859,0.77536,0,0,mild
9999951_00000_d_0000309__0_0,15,t_8_16,128.0,0.5,0.25,2.0,0.09473082535797384,0.7120105508403265,0.77536,0,0,mild
9999951_00000_d_0000309__0_0,16,t_8_16,140.0,0.0,0.0,2.0,0.9119449391605132,0.7932003744149381,0.77536,0,1,stable
9999951_00000_d_0000309__0_0,17,s_16_32,364.0,0.0,0.0,6.0,0.4327137598987801,0.6255155154227595,0.77536,0,0,stable
9999951_00000_d_0000309__0_0,18,s_16_32,279.99908447265625,0.25,0.0,4.0,0.637559976885279,0.7707467701668507,0.77536,0,1,mild
9999955_00000_d_0000071__600_0,0,s_16_32,792.0,0.0,0.0,10.0,0.9985884832375282,0.7333398878097332,0.91812,0,0,stable
9999955_00000_d_0000071__600_0,2,s_16_32,320.0,0.0,0.0,6.0,0.9992572256104572,0.8463967723418283,0.91812,0,1,stable
9999955_00000_d_0000071__600_0,3,s_16_32,320.0,0.0,0.0,4.0,0.9874508747316855,0.7303703812499988,0.91812,0,0,stable
9999955_00000_d_0000071__600_0,4,t_8_16,252.0,0.0,0.0,5.0,0.9982500353435517,0.8910443389994355,0.91812,0,1,stable
9999955_00000_d_0000071__600_0,5,t_8_16,120.0,0.0,0.0,3.0,0.7124492626613707,0.8181032828641934,0.91812,0,1,stable
9999955_00000_d_0000071__600_0,6,t_8_16,96.0,0.75,0.75,1.0,,0.7459556090948815,0.91812,0,0,high
9999955_00000_d_0000071__600_0,7,t_8_16,96.0,0.25,0.25,1.0,,0.6580730515833894,0.91812,0,0,mild
9999955_00000_d_0000071__600_0,8,t_8_16,79.999755859375,0.0,0.0,1.0,,0.7779630590007661,0.91812,0,1,stable
9999955_00000_d_0000071__600_0,9,t_8_16,80.0,0.0,0.0,1.0,,0.7440045825214252,0.91812,0,0,stable
9999955_00000_d_0000071__600_0,10,t_8_16,72.0,0.0,0.0,3.0,0.9972488522034109,0.3961464517749614,0.91812,1,0,stable
9999955_00000_d_0000071__600_0,13,t_8_16,64.0,0.5,0.5,1.0,,0.6756126679486224,0.91812,0,0,mild
9999955_00000_d_0000071__600_0,24,t_8_16,144.0,0.5,0.25,3.0,0.11187513036334916,0.6911300704140603,0.91812,0,0,mild
9999955_00000_d_0000071__600_0,25,t_8_16,252.0,0.0,0.0,5.0,0.9370880535736015,0.4873194999999994,0.91812,1,0,stable
9999955_00000_d_0000071__600_0,26,s_16_32,720.0,0.0,0.0,10.0,0.9996392763793913,0.7412690450657228,0.91812,0,0,stable
9999955_00000_d_0000071__600_0,27,t_8_16,139.9993896484375,0.0,0.0,3.0,0.9982518326418968,0.7651434503702316,0.91812,0,1,stable
9999955_00000_d_0000071__600_0,28,t_8_16,80.0,0.25,0.25,1.0,,0.5541959919133688,0.91812,0,0,mild
9999955_00000_d_0000071__600_0,29,t_8_16,128.0,0.0,0.0,2.0,0.6919874352491291,0.6659681737488301,0.91812,0,0,stable
9999955_00000_d_0000071__600_0,30,t_8_16,192.0,0.0,0.0,5.0,0.5178369534062062,0.8466335258799597,0.91812,0,1,stable
9999955_00000_d_0000071__600_0,31,s_16_32,364.0,0.0,0.0,5.0,0.9999786516889432,0.8385305681075881,0.91812,0,1,stable
9999955_00000_d_0000071__600_0,32,s_16_32,640.0,0.0,0.0,10.0,0.8936511796894765,0.9054776897617245,0.91812,0,1,stable
9999955_00000_d_0000071__600_0,33,s_16_32,448.0,0.0,0.0,6.0,0.9994861362784098,0.835861359214423,0.91812,0,1,stable
9999955_00000_d_0000071__600_0,34,s_16_32,288.0,0.5,0.0,4.0,0.1909829737528982,0.6954931989026916,0.91812,0,0,mild
9999955_00000_d_0000071__600_0,35,t_8_16,64.0,0.5,0.5,0.0,,0.8312419218410452,0.91812,0,1,mild
9999955_00000_d_0000071__600_0,36,t_8_16,200.0,0.0,0.0,2.0,0.9801048026199201,0.4822783144006787,0.91812,1,0,stable
9999972_00000_d_0000161__1200_0,1,t_8_16,96.0,0.0,0.0,2.0,0.822130543479318,0.8414456874548741,0.25573,0,1,stable
9999972_00000_d_0000161__1200_0,2,s_16_32,832.0003967285156,0.0,0.0,10.0,0.9993872275399281,0.9001647604451684,0.8721,0,1,stable
9999972_00000_d_0000161__1200_0,3,s_16_32,896.000244140625,0.0,0.0,10.0,0.9999400873691924,0.9542207085412472,0.8721,0,1,stable
9999977_00000_d_0000036__0_0,0,s_16_32,415.9999694824219,0.0,0.0,7.0,0.993627947734199,0.9068781439528009,0.74797,0,1,stable
9999977_00000_d_0000036__0_0,1,t_8_16,72.0,0.5,0.0,4.0,0.19631331307530198,0.7420852321223566,0.56757,0,0,mild
9999977_00000_d_0000036__0_0,2,t_8_16,100.0,0.25,0.0,1.0,,0.5733620933229571,0.56757,0,0,mild
9999977_00000_d_0000036__0_0,3,s_16_32,308.0,0.0,0.0,4.0,0.5705415110296913,0.7298925017167032,0.56757,0,0,stable
9999977_00000_d_0000036__0_0,4,s_16_32,288.0,0.0,0.0,6.0,0.7704790183645921,0.8470669194857228,0.56757,0,1,stable
9999977_00000_d_0000036__0_0,5,t_8_16,72.0,0.0,0.0,3.0,0.8845294283114672,0.7361346761920414,0.56757,0,0,stable
9999982_00000_d_0000175__0_250,0,t_8_16,128.0,0.0,0.0,2.0,0.9964774052959,0.9254460879410445,0.8848,0,1,stable
9999982_00000_d_0000175__0_250,1,s_16_32,419.9997863769531,0.0,0.0,8.0,0.99870875858286,0.8047822930275838,0.8848,0,1,stable
9999982_00000_d_0000175__0_250,2,s_16_32,476.0,0.0,0.0,8.0,0.9998221637630414,0.8334869025058471,0.8848,0,1,stable
9999982_00000_d_0000175__0_250,4,s_16_32,264.0,0.0,0.0,5.0,0.9998492867002102,0.8956166964556767,0.8848,0,1,stable
9999982_00000_d_0000175__0_250,5,t_8_16,216.0,0.0,0.0,6.0,0.9966732672621776,0.7452897222222155,0.8848,0,0,stable
9999982_00000_d_0000175__0_250,6,t_8_16,215.9996337890625,0.0,0.0,4.0,0.9998767434994411,0.7334074074074015,0.8848,0,0,stable
9999982_00000_d_0000175__0_250,7,t_8_16,112.0,0.0,0.0,1.0,,0.6261136293335355,0.8848,0,0,stable
9999982_00000_d_0000175__0_250,8,t_8_16,72.0,0.0,0.0,2.0,0.9999992584500225,0.8580513888068129,0.8848,0,1,stable
9999982_00000_d_0000175__0_250,9,t_8_16,72.0,0.25,0.25,0.0,,0.37415214898510013,0.8848,1,0,mild
9999982_00000_d_0000175__0_250,10,t_8_16,84.0,0.0,0.0,2.0,0.970398232942011,0.8884445349999762,0.8848,0,1,stable
9999982_00000_d_0000175__0_250,11,t_8_16,112.0,0.25,0.25,2.0,0.9027388929341417,0.47037820753090526,0.8848,1,0,mild
9999982_00000_d_0000175__0_250,12,t_8_16,83.99989318847656,0.25,0.0,2.0,0.12645175092449953,0.7598004143587056,0.8848,0,1,mild
9999982_00000_d_0000175__0_250,13,t_8_16,72.0,0.25,0.25,0.0,,0.8483960953983704,0.8848,0,1,mild
9999982_00000_d_0000175__0_250,15,t_8_16,96.0,0.5,0.0,3.0,0.041601916316863476,0.7495799817234904,0.8848,0,0,mild
9999982_00000_d_0000175__0_250,16,t_8_16,96.0,0.0,0.0,1.0,,0.6277753481073437,0.8848,0,0,stable
9999982_00000_d_0000175__0_250,24,s_16_32,936.0,0.0,0.0,10.0,0.995392406798427,0.8544655354809592,0.8848,0,1,stable
9999982_00000_d_0000187__0_0,0,t_8_16,120.0,0.5,0.0,4.0,0.4235633106774674,0.6381720000000073,0.27839,0,0,mild
9999982_00000_d_0000187__0_0,1,t_8_16,140.0008544921875,0.0,0.0,1.0,,0.4101103802746205,0.27839,1,0,stable
9999982_00000_d_0000187__0_0,2,t_8_16,100.0,0.0,0.0,1.0,,0.6187068913771919,0.27839,0,0,stable
9999982_00000_d_0000187__0_0,4,t_8_16,84.0,0.25,0.0,4.0,0.9249261352301434,0.5862198759259941,0.27839,0,0,mild
9999984_00000_d_0000098__0_0,0,t_8_16,140.0,0.6666666666666666,0.0,2.0,0.2983108175244833,0.7583020062786544,0.16473,0,1,high
9999984_00000_d_0000103__0_250,0,t_8_16,192.0,0.25,0.0,5.0,0.7882734977394601,0.8095318461873136,0.56338,0,1,mild
9999984_00000_d_0000103__0_250,1,t_8_16,144.0,0.0,0.0,3.0,0.8455097274247069,0.6382268119922294,0.56338,0,0,stable
9999984_00000_d_0000103__0_250,2,t_8_16,180.0,0.25,0.0,3.0,0.41948064939776886,0.5881783485843184,0.56338,0,0,mild
9999984_00000_d_0000103__0_250,4,t_8_16,95.99981689453125,0.0,0.0,5.0,0.7968056894865804,0.6413877686996848,0.56338,0,0,stable
9999984_00000_d_0000103__0_250,5,t_8_16,224.0,0.75,0.0,4.0,0.040041273975619594,0.5411614806429561,0.56338,0,0,high
9999984_00000_d_0000103__0_250,6,t_8_16,192.0,0.0,0.0,3.0,0.9929573239718773,0.7636899967729354,0.56338,0,1,stable
9999984_00000_d_0000103__0_250,7,t_8_16,176.0,0.0,0.0,4.0,0.7776249450259811,0.6163961644021254,0.56338,0,0,stable
9999984_00000_d_0000103__0_250,8,t_8_16,180.0,0.0,0.0,2.0,0.9690540105649571,0.6444121069749122,0.56338,0,0,stable
9999984_00000_d_0000103__0_250,9,t_8_16,196.0,0.25,0.0,4.0,0.11474459011544527,0.663769957738502,0.56338,0,0,mild
9999984_00000_d_0000103__0_250,10,t_8_16,223.99957275390625,0.0,0.0,4.0,0.9801697364088398,0.7399414248722369,0.56338,0,0,stable
9999984_00000_d_0000103__0_250,11,t_8_16,144.0,0.5,0.0,4.0,0.08409520293581856,0.4247879334928021,0.56338,1,0,mild
9999984_00000_d_0000126__600_250,0,s_16_32,396.0,0.0,0.0,8.0,0.9990086425342197,0.877780726153242,0.90023,0,1,stable
9999984_00000_d_0000126__600_250,1,s_16_32,504.0,0.0,0.0,9.0,0.9974465665103135,0.9047844332083236,0.90023,0,1,stable
9999984_00000_d_0000126__600_250,2,t_8_16,139.9999237060547,0.25,0.0,3.0,0.9415885273255844,0.8641549079522728,0.90023,0,1,mild
9999984_00000_d_0000126__600_250,3,t_8_16,80.0,0.25,0.25,1.0,,0.763288217770388,0.90023,0,1,mild
9999984_00000_d_0000153__600_0,1,t_8_16,120.0,0.0,0.0,4.0,0.6855331801561734,0.7544868263698278,0.36211,0,1,stable
9999984_00000_d_0000153__600_0,2,t_8_16,144.0,0.3333333333333333,0.0,7.0,0.26964294259865607,0.6484732693928545,0.36211,0,0,mild
9999984_00000_d_0000153__600_0,4,t_8_16,160.0,0.25,0.25,3.0,0.7930627687207867,0.773333468444444,0.36211,0,1,mild
9999984_00000_d_0000153__600_0,6,s_16_32,1012.0,0.0,0.0,10.0,0.9987900410248163,0.7909421295409697,0.90889,0,1,stable
9999984_00000_d_0000153__600_0,7,s_16_32,440.0,0.0,0.0,8.0,0.9938545481900749,0.8136934738840578,0.90889,0,1,stable
9999994_00000_d_0000003__600_0,0,t_8_16,96.0,0.25,0.25,1.0,,0.8646425284302158,0.04585,0,1,mild
9999994_00000_d_0000003__600_0,1,t_8_16,252.0,0.0,0.0,5.0,0.9994222448101177,0.8609621547619009,0.78883,0,1,stable
9999994_00000_d_0000003__600_0,2,t_8_16,120.0,0.0,0.0,1.0,,0.7683246465094246,0.78883,0,1,stable
9999994_00000_d_0000003__600_0,3,t_8_16,80.0,0.25,0.0,1.0,,0.7387239073687937,0.78883,0,0,mild
9999994_00000_d_0000016__0_250,0,s_16_32,704.0,0.0,0.0,10.0,0.930383180655523,0.7583905481856844,0.86041,0,1,stable
9999994_00000_d_0000016__0_250,1,s_16_32,792.0,0.0,0.0,10.0,0.997076643658732,0.732375755771508,0.86041,0,0,stable
9999994_00000_d_0000016__0_250,2,s_16_32,960.0,0.0,0.0,10.0,0.9953511627351397,0.9329027377946543,0.86041,0,1,stable
9999994_00000_d_0000016__0_250,3,s_16_32,324.0010986328125,0.0,0.0,6.0,0.9770226458578999,0.9107634673931989,0.86041,0,1,stable
9999994_00000_d_0000016__0_250,4,t_8_16,140.0,0.0,0.0,2.0,0.9812308276844575,0.6999560427605146,0.86041,0,0,stable
9999994_00000_d_0000016__0_250,5,t_8_16,168.0,0.0,0.0,4.0,0.974674303889539,0.8229310846850284,0.86041,0,1,stable
9999994_00000_d_0000016__0_250,6,t_8_16,255.9990234375,0.0,0.0,5.0,0.9965836175849673,0.8179091836205011,0.86041,0,1,stable
9999994_00000_d_0000016__0_250,8,s_16_32,396.0013427734375,0.25,0.0,7.0,0.4989852304499548,0.0,0.13801,1,0,mild
9999994_00000_d_0000016__0_250,9,t_8_16,64.0,0.0,0.0,2.0,0.8014633850556268,0.7646912835300085,0.86041,0,1,stable
9999994_00000_d_0000016__0_250,10,t_8_16,196.0,0.0,0.0,2.0,0.8614216482654595,0.3201876734693889,0.86041,1,0,stable
9999994_00000_d_0000016__0_250,12,t_8_16,140.0,0.0,0.0,1.0,,0.7848035995837279,0.86041,0,1,stable
9999994_00000_d_0000016__0_250,14,t_8_16,100.0,0.0,0.0,2.0,0.996951264484192,0.8505135149701902,0.86041,0,1,stable
9999994_00000_d_0000016__0_250,15,t_8_16,64.0,0.0,0.0,1.0,,0.7929771873734487,0.86041,0,1,stable
9999994_00000_d_0000016__0_250,16,t_8_16,64.0,0.25,0.25,1.0,,0.7100280912238853,0.86041,0,0,mild
9999994_00000_d_0000016__0_250,17,t_8_16,95.999267578125,0.5,0.5,2.0,0.9999963802566088,0.6773426194394042,0.86041,0,0,mild
9999994_00000_d_0000016__0_250,18,t_8_16,96.0,0.25,0.25,0.0,,0.5761858292591849,0.86041,0,0,mild
9999994_00000_d_0000016__0_250,19,t_8_16,95.99951171875,0.0,0.0,0.0,0.9999557977515743,0.34248608053698554,0.86041,1,0,stable
9999994_00000_d_0000016__0_250,20,t_8_16,96.0,0.5,0.5,2.0,0.9999999996222594,0.44246475000000257,0.86041,1,0,mild
9999994_00000_d_0000016__0_250,21,t_8_16,80.0,0.25,0.25,0.0,,0.42433669756505565,0.86041,1,0,mild
9999994_00000_d_0000016__0_250,22,t_8_16,80.0,0.5,0.25,2.0,0.4680080264364398,0.32010885407567063,0.86041,1,0,mild
9999994_00000_d_0000016__0_250,23,t_8_16,100.0,0.5,0.0,1.0,0.8796487907238243,0.24165026452980082,0.86041,1,0,mild
9999994_00000_d_0000016__0_250,24,t_8_16,120.0,0.25,0.0,1.0,0.9995059268353368,0.4277121581808067,0.86041,1,0,mild
9999994_00000_d_0000016__0_250,26,t_8_16,80.0,0.25,0.25,0.0,0.8619103412458475,0.3399000146626767,0.86041,1,0,mild
9999994_00000_d_0000016__0_250,27,t_8_16,64.0,0.25,0.0,1.0,,0.0,0.86041,1,0,mild
9999994_00000_d_0000016__0_250,28,t_8_16,80.0,0.5,0.5,0.0,,0.09693634446361457,0.86041,1,0,mild
9999994_00000_d_0000016__0_250,31,t_8_16,120.0,0.0,0.0,1.0,,0.47276083333333135,0.86041,1,0,stable
9999994_00000_d_0000016__0_250,32,t_8_16,120.000732421875,0.0,0.0,2.0,0.9156822836719994,0.7251262111567561,0.86041,0,0,stable
9999994_00000_d_0000016__0_250,44,t_8_16,80.00048828125,0.5,0.0,2.0,0.6702002883507899,0.32891738509750257,0.86041,1,0,mild
9999994_00000_d_0000016__0_250,46,t_8_16,64.0,0.5,0.5,1.0,,0.7137774243296898,0.86041,0,0,mild
9999994_00000_d_0000027__0_0,8,t_8_16,128.0,0.25,0.25,2.0,0.9984519586899487,0.29213296695960517,0.84536,1,0,mild
9999994_00000_d_0000027__0_0,12,t_8_16,192.0,0.0,0.0,2.0,0.9759526512057598,0.7576604739583371,0.84536,0,1,stable
9999994_00000_d_0000027__0_0,13,t_8_16,80.0,0.0,0.0,1.0,,0.7478952326449817,0.84536,0,0,stable
9999994_00000_d_0000027__0_0,15,t_8_16,80.0,0.0,0.0,1.0,,0.787722088477166,0.84536,0,1,stable
9999994_00000_d_0000027__0_0,16,t_8_16,120.0,0.0,0.0,2.0,0.9953606958505405,0.709912657911382,0.84536,0,0,stable
9999994_00000_d_0000027__0_0,17,t_8_16,140.0,0.0,0.0,4.0,0.9941584128799217,0.7498915838386427,0.84536,0,0,stable
9999994_00000_d_0000027__0_0,18,t_8_16,216.0,0.25,0.0,5.0,0.2822016662496499,0.48322175981728166,0.84536,1,0,mild
9999994_00000_d_0000027__0_0,19,s_16_32,280.0,0.25,0.0,8.0,0.9289495885593437,0.5595683221603891,0.84536,0,0,mild
9999994_00000_d_0000027__0_0,20,s_16_32,320.0,0.0,0.0,6.0,0.9974797537882245,0.8527661130552082,0.84536,0,1,stable
9999994_00000_d_0000027__0_0,21,s_16_32,384.0,0.0,0.0,8.0,0.9479243416261975,0.8346817684660002,0.84536,0,1,stable
9999994_00000_d_0000027__0_0,22,s_16_32,364.0008544921875,0.25,0.0,2.0,0.13458189721221991,0.7792584460158499,0.84536,0,1,mild
9999994_00000_d_0000027__0_0,23,s_16_32,300.0,0.25,0.0,4.0,0.7333685369288827,0.7730140035996746,0.84536,0,1,mild
9999994_00000_d_0000027__0_0,25,t_8_16,80.0,0.0,0.0,2.0,0.9244256893995684,0.6158739468801132,0.84536,0,0,stable
9999994_00000_d_0000027__0_0,26,t_8_16,84.0,0.0,0.0,4.0,0.8231347358901427,0.44005712474448994,0.84536,1,0,stable
9999994_00000_d_0000027__0_0,27,s_16_32,320.0,0.0,0.0,3.0,0.901411748841449,0.9322733737691898,0.84536,0,1,stable
9999994_00000_d_0000027__0_0,28,t_8_16,192.0,0.0,0.0,3.0,0.07061585265327595,0.6390879448121997,0.84536,0,0,stable
9999994_00000_d_0000027__0_0,29,t_8_16,240.0,0.5,0.5,2.0,0.5406982224915974,0.8293124622312807,0.84536,0,1,mild
9999994_00000_d_0000027__0_0,30,t_8_16,240.0,0.5,0.0,3.0,0.05857759286620137,0.6972408556593862,0.84536,0,0,mild
9999994_00000_d_0000027__0_0,31,t_8_16,176.0,0.0,0.0,1.0,0.9726844043481251,0.8340196747091536,0.84536,0,1,stable
9999994_00000_d_0000027__0_0,32,s_16_32,511.9990234375,0.0,0.0,8.0,0.3383919676186199,0.4978475742187488,0.84536,1,0,stable
9999994_00000_d_0000027__0_0,33,t_8_16,240.0,0.5,0.0,4.0,0.15912143441166446,0.7123713595266921,0.84536,0,0,mild
9999994_00000_d_0000027__0_0,34,t_8_16,159.99951171875,0.25,0.25,3.0,0.7657896233918807,0.6208744262453644,0.84536,0,0,mild
9999994_00000_d_0000027__0_0,35,t_8_16,144.0,0.25,0.25,1.0,0.9955990586564237,0.8019728377405333,0.84536,0,1,mild
9999994_00000_d_0000027__0_0,36,t_8_16,180.0,0.5,0.5,1.0,,0.6631916461665576,0.84536,0,0,mild
9999994_00000_d_0000027__0_0,37,t_8_16,159.99951171875,0.25,0.25,4.0,0.5351252161941116,0.5802840677383786,0.84536,0,0,mild
9999994_00000_d_0000027__0_0,38,t_8_16,120.000732421875,0.0,0.0,1.0,,0.307197579352324,0.84536,1,0,stable
9999994_00000_d_0000027__0_0,39,t_8_16,64.0,0.0,0.0,1.0,,0.644441469353122,0.84536,0,0,stable
9999994_00000_d_0000027__0_0,40,t_8_16,64.0,0.25,0.0,0.0,,0.2544183329995563,0.84536,1,0,mild
9999994_00000_d_0000027__0_0,41,t_8_16,160.0,0.5,0.0,3.0,0.06500798774035278,0.3443660496873264,0.84536,1,0,mild
9999994_00000_d_0000027__0_0,43,t_8_16,72.0,0.0,0.0,2.0,0.9916625220451536,0.7149472439689489,0.84536,0,0,stable
9999994_00000_d_0000027__0_0,44,t_8_16,84.0,0.0,0.0,3.0,0.890816494051004,0.7432492758574558,0.84536,0,0,stable
9999994_00000_d_0000027__0_0,45,t_8_16,240.0,0.25,0.0,5.0,0.275289762699361,0.5367069999999974,0.84536,0,0,mild
9999994_00000_d_0000027__0_0,46,t_8_16,72.0,0.25,0.0,3.0,0.4970116952080411,0.6354094137485053,0.84536,0,0,mild
9999994_00000_d_0000027__0_0,47,t_8_16,72.0,0.25,0.0,2.0,0.7300296023969619,0.6795297110775574,0.84536,0,0,mild
9999994_00000_d_0000027__0_0,48,t_8_16,84.0,0.0,0.0,2.0,0.994730500788864,0.7384600575049036,0.84536,0,0,stable
9999994_00000_d_0000027__0_0,50,t_8_16,200.0,0.0,0.0,4.0,0.9896605380407043,0.7915276003412182,0.84536,0,1,stable
9999994_00000_d_0000027__0_0,51,s_16_32,676.0,0.0,0.0,10.0,0.9966460782343431,0.9132977708490679,0.84536,0,1,stable
9999994_00000_d_0000027__0_0,52,t_8_16,160.0,0.25,0.0,1.0,0.9827113629754762,0.722177543964058,0.84536,0,0,mild
9999994_00000_d_0000027__0_0,53,t_8_16,96.0,0.5,0.0,3.0,0.8520748821522883,0.6364090537882449,0.84536,0,0,mild
9999994_00000_d_0000027__0_0,54,t_8_16,200.0,0.25,0.0,5.0,0.36706952957786454,0.7244240012639338,0.84536,0,0,mild
9999994_00000_d_0000027__0_0,55,t_8_16,160.0,0.0,0.0,2.0,0.9529585581072159,0.8812265405396204,0.84536,0,1,stable
9999994_00000_d_0000027__0_0,56,t_8_16,200.0,0.25,0.0,5.0,0.2725873870233802,0.849114651426553,0.84536,0,1,mild
9999994_00000_d_0000027__0_0,57,t_8_16,192.0,0.0,0.0,3.0,0.9872251480497891,0.7621010461669949,0.84536,0,1,stable
9999994_00000_d_0000027__0_0,58,t_8_16,128.0,0.25,0.0,2.0,0.887355229287458,0.6896473899407067,0.84536,0,0,mild
9999994_00000_d_0000027__0_0,59,t_8_16,112.0,0.25,0.25,2.0,0.6121430288288,0.7540932179872346,0.84536,0,1,mild
9999997_00000_d_0000030__600_250,0,t_8_16,255.9990234375,0.0,0.0,5.0,0.9964710812349423,0.666009558121586,0.80222,0,0,stable
9999997_00000_d_0000030__600_250,1,t_8_16,167.9991455078125,0.0,0.0,2.0,0.9995473579617836,0.7323727111278522,0.80222,0,0,stable
9999997_00000_d_0000030__600_250,2,t_8_16,224.0,0.0,0.0,4.0,0.9933292360936659,0.8630617499999955,0.80222,0,1,stable
9999997_00000_d_0000030__600_250,3,t_8_16,100.0,0.25,0.0,2.0,0.9941409531932733,0.7558006699999966,0.80222,0,1,mild
9999997_00000_d_0000041__600_0,1,t_8_16,240.00146484375,0.0,0.0,7.0,0.9598172852934219,0.8739254017063988,0.71734,0,1,stable
9999997_00000_d_0000041__600_0,2,t_8_16,96.0009765625,0.5,0.0,4.0,0.0501269822766491,0.7481238672973126,0.71734,0,0,mild
9999997_00000_d_0000041__600_0,3,t_8_16,96.0009765625,0.0,0.0,5.0,0.9719387159163425,0.7183707685888021,0.71734,0,0,stable
9999997_00000_d_0000041__600_0,4,t_8_16,96.0,0.0,0.0,6.0,0.7519141896130553,0.7566537114307702,0.71734,0,1,stable
9999997_00000_d_0000041__600_0,6,t_8_16,72.0,0.0,0.0,2.0,0.9998496751570256,0.7057460277777771,0.71734,0,0,stable
9999998_00046_d_0000036__0_0,0,t_8_16,108.0,0.75,0.75,4.0,0.1758390866079659,0.49450501715825573,0.01173,1,0,high
9999998_00046_d_0000036__0_0,2,t_8_16,96.0,0.0,0.0,1.0,,0.4530375516597304,0.01173,1,0,stable
9999998_00048_d_0000038__600_0,0,t_8_16,96.0,0.0,0.0,5.0,0.9301068872465684,0.8880575228785548,0.4752,0,1,stable
9999998_00048_d_0000038__600_0,1,t_8_16,104.0,0.0,0.0,2.0,0.9875308585586409,0.844298381614949,0.4752,0,1,stable
9999998_00048_d_0000038__600_0,2,t_8_16,114.0,0.3333333333333333,0.0,5.0,0.35395178105375863,0.6635754849552905,0.4752,0,0,mild
9999998_00048_d_0000038__600_0,3,t_8_16,120.0,0.0,0.0,2.0,0.9320852525859882,0.7813447836563084,0.4752,0,1,stable
9999998_00048_d_0000038__600_0,4,s_16_32,560.0,0.0,0.0,10.0,0.18469656774886112,0.8412366338109769,0.5465,0,1,stable
9999998_00048_d_0000038__600_0,5,t_8_16,140.0,0.0,0.0,3.0,0.6451991328102763,0.7273409516991509,0.4752,0,0,stable
9999998_00048_d_0000038__600_0,6,t_8_16,168.0,0.0,0.0,4.0,0.725302759274308,0.8113064017730779,0.5465,0,1,stable
9999998_00048_d_0000038__600_0,7,t_8_16,128.0,0.25,0.25,3.0,0.9045431774957756,0.7480086992916278,0.4752,0,0,mild
9999998_00126_d_0000104__1200_0,0,s_16_32,884.0,0.0,0.0,10.0,0.998535656065361,0.8496476539156856,0.87452,0,1,stable
9999998_00126_d_0000104__1200_0,1,s_16_32,832.0,0.0,0.0,10.0,0.9981944085526371,0.8876812280505865,0.87452,0,1,stable
9999998_00126_d_0000104__1200_0,3,s_16_32,832.0,0.0,0.0,10.0,0.997914065763814,0.9033873458591724,0.87452,0,1,stable
9999998_00126_d_0000104__1200_0,4,s_16_32,870.0,0.0,0.0,10.0,0.9967846390169504,0.7349817658721073,0.87452,0,0,stable
9999998_00126_d_0000104__1200_0,5,s_16_32,960.0,0.0,0.0,10.0,0.9996314237799777,0.9495218747538303,0.87452,0,1,stable
9999998_00126_d_0000104__1200_0,6,s_16_32,783.998291015625,0.0,0.0,10.0,0.11680067751603253,0.8179695424595065,0.87452,0,1,stable
9999998_00126_d_0000104__1200_0,7,s_16_32,727.9985351487994,0.0,0.0,10.0,0.9941182823586537,0.8286622098804789,0.87452,0,1,stable
9999998_00126_d_0000104__1200_0,8,s_16_32,783.99658203125,0.0,0.0,10.0,0.9770205461690786,0.8379051288861434,0.87452,0,1,stable
9999998_00126_d_0000104__1200_0,9,s_16_32,616.0,0.0,0.0,9.0,0.9819965895573856,0.8607123026548655,0.87452,0,1,stable
9999998_00126_d_0000104__1200_0,10,s_16_32,480.0,0.0,0.0,8.0,0.9995870257340825,0.8770397830722307,0.87452,0,1,stable
9999998_00126_d_0000104__1200_0,11,s_16_32,624.0,0.0,0.0,8.0,0.9998761862916818,0.906313756255475,0.87452,0,1,stable
9999998_00126_d_0000104__1200_0,12,s_16_32,727.9985351487994,0.0,0.0,10.0,0.9979005889274125,0.822024527924279,0.87452,0,1,stable
9999998_00126_d_0000104__1200_0,13,s_16_32,520.0,0.0,0.0,10.0,0.999397926444231,0.8563907239983508,0.87452,0,1,stable
9999998_00126_d_0000104__1200_0,14,s_16_32,480.0,0.0,0.0,10.0,0.9984082595721485,0.9371323554448406,0.87452,0,1,stable
9999998_00126_d_0000104__1200_0,15,s_16_32,576.0,0.0,0.0,10.0,0.9999583738806623,0.9229572756040302,0.87452,0,1,stable
9999998_00126_d_0000104__1200_0,16,s_16_32,396.0,0.0,0.0,8.0,0.9972397448048805,0.9030908057052561,0.87452,0,1,stable
9999998_00126_d_0000104__1200_0,17,s_16_32,440.0,0.0,0.0,10.0,0.9966693430264233,0.8707073590909143,0.87452,0,1,stable
9999998_00126_d_0000104__1200_0,18,s_16_32,440.0,0.0,0.0,8.0,0.9904120092758159,0.9369931794663712,0.87452,0,1,stable
9999998_00126_d_0000104__1200_0,19,s_16_32,431.9989013671875,0.0,0.0,8.0,0.633381526287875,0.8595239138968915,0.87452,0,1,stable
9999998_00126_d_0000104__1200_0,20,s_16_32,396.0,0.0,0.0,5.0,0.9976466961479616,0.8118822718758759,0.87452,0,1,stable
9999998_00126_d_0000104__1200_0,21,s_16_32,360.0,0.0,0.0,5.0,0.998948955331377,0.8794731299639379,0.87452,0,1,stable
9999998_00126_d_0000104__1200_0,22,s_16_32,360.0,0.0,0.0,6.0,0.9866294856005967,0.7293262847250099,0.87452,0,0,stable
9999998_00126_d_0000104__1200_0,23,s_16_32,400.0,0.0,0.0,10.0,0.9978355775600954,0.9399595850000003,0.87452,0,1,stable
9999998_00126_d_0000104__1200_0,24,s_16_32,323.99945068359375,0.0,0.0,5.0,0.9969140090848009,0.8688665995609424,0.87452,0,1,stable
9999998_00126_d_0000104__1200_0,25,s_16_32,360.0,0.0,0.0,5.0,0.9132392873765565,0.8425697739648209,0.87452,0,1,stable
9999998_00126_d_0000104__1200_0,26,s_16_32,256.0,0.0,0.0,3.0,0.9999206572322149,0.9249136874999994,0.87452,0,1,stable
9999998_00126_d_0000104__1200_0,27,t_8_16,224.0,0.0,0.0,4.0,0.9634020698502214,0.8272781823926746,0.87452,0,1,stable
9999998_00126_d_0000104__1200_0,28,s_16_32,256.0,0.0,0.0,3.0,0.9997278610154692,0.8228429592440338,0.87452,0,1,stable
9999998_00126_d_0000104__1200_0,29,t_8_16,196.0,0.0,0.0,4.0,0.9870925514100851,0.7646209859255255,0.87452,0,1,stable
9999998_00126_d_0000104__1200_0,30,s_16_32,440.0,0.0,0.0,7.0,0.8972319530668962,0.6440457094428599,0.87452,0,0,stable
9999998_00126_d_0000104__1200_0,31,s_16_32,399.998779296875,0.0,0.0,6.0,0.7691614267759705,0.6603694203194765,0.87452,0,0,stable
9999998_00126_d_0000104__1200_0,32,s_16_32,360.0,0.0,0.0,6.0,0.9892169857662964,0.7427136013588188,0.87452,0,0,stable
9999998_00126_d_0000104__1200_0,33,s_16_32,288.0,0.0,0.0,4.0,0.9841338235039282,0.7470577514221217,0.87452,0,0,stable
9999998_00126_d_0000104__1200_0,34,s_16_32,287.9998779259622,0.0,0.0,5.0,0.8448464145513286,0.7052155664168409,0.87452,0,0,stable
9999998_00126_d_0000104__1200_0,35,t_8_16,224.0,0.0,0.0,5.0,0.7973955152237533,0.6738200483591905,0.87452,0,0,stable
9999998_00126_d_0000104__1200_0,36,t_8_16,127.9990234375,0.25,0.0,5.0,0.665132609169391,0.7838695260296542,0.5301,0,1,mild
9999998_00126_d_0000104__1200_0,37,t_8_16,96.0,0.0,0.0,3.0,0.7416073432760122,0.6915890539695998,0.5301,0,0,stable
9999998_00126_d_0000104__1200_0,38,t_8_16,112.0,0.0,0.0,3.0,0.8218464855915892,0.8334721207756067,0.5301,0,1,stable
9999998_00126_d_0000104__1200_0,39,t_8_16,196.0,0.0,0.0,4.0,0.9949600803747923,0.7689578515233892,0.87452,0,1,stable
9999998_00126_d_0000104__1200_0,40,t_8_16,252.0,0.0,0.0,5.0,0.9972908472382352,0.826741587057969,0.87452,0,1,stable
9999998_00126_d_0000104__1200_0,41,t_8_16,224.0,0.0,0.0,5.0,0.9990377869056594,0.8510663897340894,0.87452,0,1,stable
9999998_00126_d_0000104__1200_0,42,t_8_16,196.0,0.0,0.0,4.0,0.3242613246510823,0.7917644971125996,0.87452,0,1,stable
9999998_00126_d_0000104__1200_0,43,t_8_16,252.0,0.0,0.0,3.0,0.9998910627137495,0.7576851799987585,0.87452,0,1,stable
9999998_00126_d_0000104__1200_0,44,t_8_16,223.9990234375,0.0,0.0,5.0,0.9936177360507765,0.8358227204635109,0.87452,0,1,stable
9999998_00126_d_0000104__1200_0,45,t_8_16,196.0,0.0,0.0,5.0,0.9933905628270479,0.7329494783630391,0.87452,0,0,stable
9999998_00126_d_0000104__1200_0,46,t_8_16,144.0,0.25,0.0,3.0,0.5207921707374251,0.6286614224937949,0.87452,0,0,mild
9999998_00126_d_0000104__1200_0,47,t_8_16,196.0,0.0,0.0,5.0,0.9854902154597294,0.902631951654531,0.87452,0,1,stable
9999998_00126_d_0000104__1200_0,48,s_16_32,540.0,0.0,0.0,10.0,0.6823037473479031,0.7180010224939276,0.87452,0,0,stable
9999998_00126_d_0000104__1200_0,49,t_8_16,168.0,0.0,0.0,5.0,0.9856945333003695,0.7614852384357811,0.87452,0,1,stable
9999998_00126_d_0000104__1200_0,50,t_8_16,196.0,0.0,0.0,3.0,0.46062452410386406,0.5719414969262959,0.87452,0,0,stable
9999998_00126_d_0000104__1200_0,51,t_8_16,167.999267578125,0.0,0.0,5.0,0.9127501536075769,0.7021561694952995,0.87452,0,0,stable
9999998_00126_d_0000104__1200_0,52,t_8_16,144.0,0.0,0.0,2.0,0.8854245445408344,0.7522105540368409,0.87452,0,1,stable
9999998_00126_d_0000104__1200_0,53,s_16_32,816.0,0.0,0.0,10.0,0.96497012378291,0.8585267437240945,0.87452,0,1,stable
9999998_00126_d_0000104__1200_0,54,s_16_32,324.0,0.0,0.0,6.0,0.9840090160781282,0.8175659163309392,0.87452,0,1,stable
9999998_00126_d_0000104__1200_0,55,t_8_16,255.9990234375,0.0,0.0,5.0,0.8177235427013859,0.7890715818251867,0.87452,0,1,stable
9999998_00126_d_0000104__1200_0,56,s_16_32,308.0,0.0,0.0,7.0,0.5290472015425829,0.7279491489354729,0.87452,0,0,stable
9999998_00126_d_0000104__1200_0,57,s_16_32,324.0010986328125,0.25,0.0,5.0,0.23274191908417372,0.7979413121303145,0.87452,0,1,mild
9999998_00126_d_0000104__1200_0,58,s_16_32,324.0,0.25,0.0,6.0,0.2068093937400257,0.8163856070454363,0.87452,0,1,mild
9999998_00126_d_0000104__1200_0,59,s_16_32,360.0,0.0,0.0,5.0,0.7900076612792428,0.8152937972836969,0.87452,0,1,stable
9999998_00126_d_0000104__1200_0,60,s_16_32,256.0,0.5,0.0,5.0,0.2104299191105611,0.8149930057542024,0.87452,0,1,mild
9999998_00126_d_0000104__1200_0,61,t_8_16,192.0,0.0,0.0,3.0,0.9909983614488266,0.7644377863572231,0.87452,0,1,stable
9999998_00126_d_0000104__1200_0,62,t_8_16,144.0,0.5,0.0,3.0,0.39703971713618436,0.47219362416016347,0.87452,1,0,mild
9999998_00126_d_0000104__1200_0,63,t_8_16,120.0,0.0,0.0,1.0,,0.648663992150015,0.87452,0,0,stable
9999998_00126_d_0000104__1200_0,64,t_8_16,120.0,0.0,0.0,3.0,0.8971588156297454,0.8232366516312453,0.87452,0,1,stable
9999998_00126_d_0000104__1200_0,65,t_8_16,120.0,0.0,0.0,2.0,0.9900779988684679,0.7981635856542021,0.87452,0,1,stable
9999998_00126_d_0000104__1200_0,66,t_8_16,100.0,0.0,0.0,1.0,,0.6782113029942514,0.87452,0,0,stable
9999998_00126_d_0000104__1200_0,67,t_8_16,128.0,0.0,0.0,3.0,0.8044471830940658,0.7448215807996265,0.5301,0,0,stable
9999998_00126_d_0000104__1200_0,68,t_8_16,179.99972534179688,0.0,0.0,3.0,0.7524451063234743,0.7529898039695337,0.5301,0,1,stable
9999998_00126_d_0000104__1200_0,69,t_8_16,224.0,0.0,0.0,4.0,0.9962514174712246,0.6648187633262297,0.87452,0,0,stable
9999998_00126_d_0000104__1200_0,70,t_8_16,195.9991455078125,0.25,0.0,4.0,0.21487195960423752,0.7322186627506132,0.87452,0,0,mild
9999998_00126_d_0000104__1200_0,71,t_8_16,100.0,0.25,0.0,3.0,0.7103217399418166,0.6288928152423,0.87452,0,0,mild
9999998_00126_d_0000104__1200_0,72,t_8_16,80.0,0.5,0.5,0.0,,0.803889380365643,0.87452,0,1,mild
9999998_00126_d_0000104__1200_0,73,t_8_16,80.0,0.25,0.25,2.0,0.8727009086899237,0.7816874811390184,0.87452,0,1,mild
9999998_00126_d_0000104__1200_0,74,t_8_16,100.0,0.0,0.0,1.0,,0.643730993161231,0.87452,0,0,stable
9999998_00126_d_0000104__1200_0,75,t_8_16,224.0,0.0,0.0,2.0,0.9990991122564701,0.033332873954152895,0.87452,1,0,stable
9999998_00126_d_0000104__1200_0,76,t_8_16,224.0,0.0,0.0,4.0,0.9018684940363271,0.6912088479017581,0.87452,0,0,stable
9999998_00126_d_0000104__1200_0,77,t_8_16,144.0,0.0,0.0,1.0,,0.6447361233843253,0.87452,0,0,stable
9999998_00126_d_0000104__1200_0,78,t_8_16,120.0,0.5,0.25,5.0,0.48444496693693395,0.5784402566476036,0.87452,0,0,mild
9999998_00126_d_0000104__1200_0,79,t_8_16,95.999267578125,0.25,0.0,4.0,0.5706498772320083,0.7997182736327673,0.5301,0,1,mild
9999998_00126_d_0000104__1200_0,80,t_8_16,84.0008544921875,0.0,0.0,3.0,0.975904345602907,0.4604880585970098,0.5301,1,0,stable
9999998_00126_d_0000104__1200_0,81,t_8_16,210.0,0.0,0.0,4.0,0.9658615816994536,0.6293543991941428,0.87452,0,0,stable
9999998_00126_d_0000104__1200_0,82,t_8_16,120.0,0.25,0.0,2.0,0.29468474461681016,0.6402379841861012,0.87452,0,0,mild
9999998_00126_d_0000104__1200_0,83,t_8_16,167.999267578125,0.0,0.0,3.0,0.9713065803198266,0.7264107142857098,0.87452,0,0,stable
9999998_00126_d_0000104__1200_0,84,t_8_16,120.0,0.0,0.0,1.0,,0.7553583116657459,0.87452,0,1,stable
9999998_00126_d_0000104__1200_0,85,t_8_16,143.0,0.0,0.0,3.0,0.9665615614640436,0.7371646272134714,0.87452,0,0,stable
9999998_00126_d_0000104__1200_0,86,t_8_16,110.0,0.0,0.0,2.0,0.9311266289542758,0.6258910151437341,0.87452,0,0,stable
9999998_00126_d_0000104__1200_0,87,t_8_16,121.00033569335938,0.25,0.0,2.0,0.6003123310595412,0.8870760682492462,0.87452,0,1,mild
9999998_00126_d_0000104__1200_0,88,t_8_16,140.0,0.0,0.0,2.0,0.791471674896863,0.5822225714285701,0.87452,0,0,stable
9999998_00126_d_0000104__1200_0,89,t_8_16,110.00030517578125,0.0,0.0,2.0,0.8711216933619584,0.7163391566477327,0.87452,0,0,stable
9999998_00126_d_0000104__1200_0,90,t_8_16,120.0,0.0,0.0,1.0,,0.6975843767516989,0.87452,0,0,stable
9999998_00126_d_0000104__1200_0,91,t_8_16,77.0,0.0,0.0,4.0,0.9816598627417966,0.6355131424320353,0.87452,0,0,stable
9999998_00126_d_0000104__1200_0,92,t_8_16,99.00027465820312,0.0,0.0,1.0,,0.7099269073412819,0.87452,0,0,stable
9999998_00126_d_0000104__1200_0,93,t_8_16,132.0,0.0,0.0,1.0,,0.6437877297883207,0.87452,0,0,stable
99__1200_1800,0,t_8_16,216.0,0.0,0.0,4.0,0.9954618124928467,0.618643270912878,0.74901,0,0,stable
99__1200_1800,1,t_8_16,168.0,0.0,0.0,5.0,0.9607609334917948,0.8464616546908625,0.74901,0,1,stable
99__1200_1800,2,s_16_32,384.0,0.0,0.0,6.0,0.9854312084810106,0.8036281768653083,0.74901,0,1,stable
99__1200_1800,3,t_8_16,224.0,0.0,0.0,3.0,0.9985749820824544,0.757708972037257,0.74901,0,1,stable
99__1200_1800,4,t_8_16,160.0,0.25,0.25,4.0,0.8480841620676978,0.671586572917272,0.74901,0,0,mild
99__1200_1800,5,t_8_16,179.99945068359375,0.0,0.0,3.0,0.99950064166135,0.7730761500000025,0.74901,0,1,stable
99__1200_1800,6,s_16_32,307.9986572265625,0.0,0.0,5.0,0.9855214701833468,0.7181729893650186,0.74901,0,0,stable
99__1200_1800,7,t_8_16,70.0,0.0,0.0,3.0,0.7202298761326794,0.7313371247330713,0.74901,0,0,stable
99__1200_1800,8,t_8_16,100.0,0.25,0.0,2.0,0.7667829764614137,0.8754196334285103,0.74901,0,1,mild
99__1200_1800,9,t_8_16,83.99981689453125,0.0,0.0,4.0,0.9989844156122341,0.6060773356183362,0.74901,0,0,stable
99__1200_1800,10,t_8_16,90.0,0.5,0.0,1.0,,0.6673132192591404,0.74901,0,0,mild
99__1200_1800,11,t_8_16,96.0,0.0,0.0,1.0,,0.74232477933932,0.74901,0,0,stable
99__1200_1800,12,t_8_16,120.0,0.25,0.0,2.0,0.3586501472553507,0.5823607245988374,0.74901,0,0,mild
99__1200_1800,13,t_8_16,110.0,0.0,0.0,1.0,,0.7603261364752396,0.74901,0,1,stable
99__1200_1800,14,t_8_16,224.0,0.25,0.0,4.0,0.6861609459521801,0.6248741520296971,0.74901,0,0,mild
99__1200_1800,15,t_8_16,96.0,0.0,0.0,2.0,0.9286382953356659,0.7161134980815096,0.74901,0,0,stable
99__1200_1800,16,t_8_16,120.0,0.0,0.0,2.0,0.9901211242898975,0.7064157065369763,0.74901,0,0,stable
99__1200_1800,17,t_8_16,160.0,0.0,0.0,3.0,0.98954199829156,0.818957439172782,0.74901,0,1,stable
99__1200_1800,18,t_8_16,203.99996757507324,0.0,0.0,3.0,0.9766236017611593,0.4516976969070252,0.74901,1,0,stable
9ca7e6f4e,0,t_8_16,70.0,0.5,0.0,5.0,0.22852297989899764,0.8020360891053214,0.48709,0,1,mild
9ca7e6f4e,1,t_8_16,77.0,0.25,0.0,2.0,0.950129427000876,0.8174105876789263,0.48709,0,1,mild
9ca7e6f4e,2,t_8_16,66.0,0.0,0.0,4.0,0.9845770224708335,0.8280964983133504,0.48709,0,1,stable
9d82ae2bc,0,t_8_16,110.0,0.25,0.0,1.0,,0.6980425612482164,0.49764,0,0,mild
P0823__1.0__0___0,0,t_8_16,180.0010986328125,0.0,0.0,5.0,0.9838190569768025,0.8534929886400465,0.84912,0,1,stable
P0823__1.0__0___0,1,t_8_16,190.00115966796875,0.0,0.0,3.0,0.9995090013984381,0.840411768421056,0.84912,0,1,stable
P0823__1.0__0___0,2,t_8_16,180.0,0.0,0.0,3.0,0.9969703868640446,0.7702918006897211,0.84912,0,1,stable
P0823__1.0__0___0,3,t_8_16,210.0,0.0,0.0,4.0,0.9995801392100937,0.7641518572443989,0.84912,0,1,stable
P0823__1.0__0___0,4,t_8_16,180.0,0.0,0.0,4.0,0.9991318456594235,0.7608832640376069,0.84912,0,1,stable
P0823__1.0__0___0,5,s_16_32,450.0,0.0,0.0,4.0,0.8779992491897348,0.05170620128301,0.88431,1,0,stable
P0823__1.0__0___0,6,t_8_16,180.0,0.0,0.0,2.0,0.9309753895531965,0.8427528147574453,0.84912,0,1,stable
P0823__1.0__0___0,7,t_8_16,247.0001983642578,0.0,0.0,6.0,0.6268104717916398,0.7168377744859579,0.84912,0,0,stable
P0823__1.0__0___0,8,t_8_16,209.0,0.5,0.0,4.0,0.06633526026352465,0.8516297827984747,0.84912,0,1,mild
P0823__1.0__0___0,9,t_8_16,220.0,0.0,0.0,4.0,0.9995680716483382,0.8135961158788638,0.84912,0,1,stable
P0823__1.0__0___0,10,s_16_32,315.0,0.0,0.0,7.0,0.9933241131993261,0.782913406848713,0.84912,0,1,stable
P0823__1.0__0___0,11,t_8_16,171.0,0.0,0.0,4.0,0.9599731536495361,0.7388508870318002,0.84912,0,0,stable
P0823__1.0__0___0,12,s_16_32,340.0,0.0,0.0,5.0,0.9159992354686647,0.8209074809403809,0.84912,0,1,stable
P0823__1.0__0___0,13,t_8_16,252.99932861328125,0.0,0.0,4.0,0.9913674971081075,0.8718031150956488,0.84912,0,1,stable
P0823__1.0__0___0,14,s_16_32,315.0,0.0,0.0,5.0,0.9510479892641175,0.7826409523809558,0.84912,0,1,stable
P0823__1.0__0___0,15,s_16_32,374.0,0.0,0.0,6.0,0.9957347360170195,0.6385745454545457,0.84912,0,0,stable
P0823__1.0__0___0,16,t_8_16,240.0,0.0,0.0,4.0,0.963258547263491,0.8380552356831928,0.84912,0,1,stable
P0823__1.0__0___0,17,s_16_32,314.99975967407227,0.0,0.0,6.0,0.9996265921185853,0.8289475898405042,0.84912,0,1,stable
P0823__1.0__0___0,18,s_16_32,351.9998321533203,0.0,0.0,6.0,0.9993482011793594,0.9409033076067973,0.84912,0,1,stable
P0823__1.0__0___0,19,t_8_16,220.0,0.0,0.0,4.0,0.998854134770717,0.8620970983300535,0.84912,0,1,stable
P0823__1.0__0___0,20,t_8_16,175.9990234375,0.0,0.0,5.0,0.9151030971588262,0.8021950576459927,0.84912,0,1,stable
P0823__1.0__0___0,21,t_8_16,119.9996337890625,0.0,0.0,5.0,0.9965332582179903,0.7293945452615678,0.84912,0,0,stable
P0823__1.0__0___0,22,s_16_32,339.99896240234375,0.0,0.0,6.0,0.9971522722806102,0.6768274355863144,0.84912,0,0,stable
P0823__1.0__0___0,23,s_16_32,504.0,0.0,0.0,3.0,0.4781147238890737,0.7274820654761897,0.84912,0,0,stable
P0823__1.0__0___0,24,s_16_32,378.0,0.0,0.0,6.0,0.996858738395042,0.6119019841269856,0.84912,0,0,stable
P0823__1.0__0___0,25,t_8_16,209.99969482421875,0.0,0.0,4.0,0.9989196353663361,0.8018779999999962,0.84912,0,1,stable
P0823__1.0__0___0,26,s_16_32,266.0,0.0,0.0,3.0,0.6221074083630146,0.8359270514294279,0.84912,0,1,stable
P0823__1.0__0___0,27,t_8_16,247.0,0.0,0.0,5.0,0.6414915085979527,0.8500186305354496,0.84912,0,1,stable
P0823__1.0__0___0,28,s_16_32,260.0,0.0,0.0,3.0,0.997636737856741,0.7305154567355581,0.84912,0,0,stable
P0823__1.0__0___0,29,t_8_16,242.0,0.0,0.0,4.0,0.9851514220932039,0.8872204818345245,0.84912,0,1,stable
P0823__1.0__0___0,30,t_8_16,190.0,0.0,0.0,3.0,0.9885539906631217,0.6821778724735789,0.84912,0,0,stable
P0823__1.0__0___0,31,t_8_16,184.0,0.0,0.0,3.0,0.9957328919951888,0.7187381263505908,0.84912,0,0,stable
P0823__1.0__0___0,32,t_8_16,190.0,0.0,0.0,3.0,0.9921594626944701,0.7724906180010844,0.84912,0,1,stable
P0823__1.0__0___0,33,t_8_16,144.0,0.0,0.0,3.0,0.9901387459034641,0.7768135912115138,0.84912,0,1,stable
P0823__1.0__0___0,34,t_8_16,200.0,0.0,0.0,2.0,0.9985396068591578,0.7372812299999973,0.84912,0,0,stable
P0823__1.0__0___0,35,t_8_16,168.0,0.5,0.5,1.0,,0.8361485841833985,0.84912,0,1,mild
P0823__1.0__0___0,36,s_16_32,285.0,0.0,0.0,5.0,0.9734555984616471,0.8926067077021919,0.84912,0,1,stable
P0823__1.0__0___0,37,s_16_32,357.0006408691406,0.0,0.0,6.0,0.9958293281979248,0.9041413010678278,0.84912,0,1,stable
P0823__1.0__0___0,38,s_16_32,352.0,0.0,0.0,5.0,0.9826683891234643,0.8153046875000006,0.84912,0,1,stable
P0823__1.0__0___0,39,s_16_32,285.0,0.0,0.0,3.0,0.9872812328184186,0.6921116077288167,0.84912,0,0,stable
P0823__1.0__0___0,40,s_16_32,374.99847412109375,0.0,0.0,9.0,0.9999356850074693,0.9106838974538106,0.84912,0,1,stable
P0823__1.0__0___0,41,s_16_32,531.9976806640625,0.0,0.0,9.0,0.9820484294233096,0.8029632592682846,0.88431,0,1,stable
P0823__1.0__0___0,42,s_16_32,660.0,0.0,0.0,9.0,0.9893557311466227,0.8252877746706054,0.88431,0,1,stable
P0823__1.0__0___0,44,s_16_32,962.0,0.0,0.0,10.0,0.911951254903641,0.8615016911155702,0.88431,0,1,stable
P0823__1.0__0___0,45,s_16_32,300.0,0.0,0.0,3.0,0.9992511603414531,0.7438904648685875,0.88431,0,0,stable
P0823__1.0__0___0,46,s_16_32,330.0,0.0,0.0,4.0,0.9796379795010174,0.8128610613042866,0.88431,0,1,stable
P0823__1.0__0___0,47,t_8_16,240.0,0.0,0.0,3.0,0.9989419012261528,0.7399210666666701,0.84912,0,0,stable
P0823__1.0__0___0,49,s_16_32,544.0,0.0,0.0,10.0,0.9668572698898317,0.8961067029833238,0.88431,0,1,stable
P0823__1.0__0___0,50,s_16_32,595.0,0.0,0.0,10.0,0.9147305226891821,0.9217467535655073,0.88431,0,1,stable
P0823__1.0__0___0,51,s_16_32,570.0,0.0,0.0,10.0,0.9919307492361511,0.8407876014367315,0.88431,0,1,stable
P0823__1.0__0___0,52,s_16_32,639.998779296875,0.0,0.0,10.0,0.9883198633932627,0.8536400249999947,0.88431,0,1,stable
P0823__1.0__0___0,53,s_16_32,518.0,0.0,0.0,8.0,0.9412916559171403,0.8572727067691951,0.88431,0,1,stable
P0823__1.0__0___0,54,s_16_32,910.0,0.0,0.0,10.0,0.993703399714357,0.7084001508451302,0.88431,0,0,stable
P0823__1.0__0___0,56,s_16_32,364.0,0.0,0.0,8.0,0.9922194920781178,0.9063540319940196,0.88431,0,1,stable
P0823__1.0__0___0,57,s_16_32,880.0,0.25,0.0,10.0,0.21123614612184768,0.0,0.88431,1,0,mild
P0823__1.0__0___0,59,s_16_32,504.0,0.0,0.0,7.0,0.9948726697529042,0.892177449626442,0.88431,0,1,stable
P0823__1.0__0___0,60,t_8_16,234.0,0.0,0.0,5.0,0.7412055958439266,0.7452941056890225,0.84912,0,0,stable
P0823__1.0__0___0,61,t_8_16,209.0,0.0,0.0,5.0,0.9425493862633743,0.8109328557708859,0.84912,0,1,stable
P0823__1.0__0___0,62,s_16_32,946.0,0.0,0.0,10.0,0.9406256352683566,0.45745744404246824,0.88431,1,0,stable
P0823__1.0__0___0,63,s_16_32,264.0,0.0,0.0,5.0,0.9858125969294934,0.7740687300225171,0.84912,0,1,stable
P0823__1.0__0___0,64,s_16_32,416.0,0.0,0.0,8.0,0.9969363230364099,0.8081548310879711,0.88431,0,1,stable
P0823__1.0__0___0,65,s_16_32,522.0,0.0,0.0,10.0,0.9776400795730278,0.7460880145007232,0.88431,0,0,stable
P0823__1.0__0___0,66,t_8_16,128.0,0.0,0.0,2.0,0.9941477144072393,0.6126959390484226,0.84912,0,0,stable
P0823__1.0__0___0,67,t_8_16,251.99871826171875,0.0,0.0,2.0,0.9983732013448613,0.9017989694253467,0.84912,0,1,stable
P0823__1.0__0___0,68,t_8_16,230.0,0.25,0.0,4.0,0.4142947341276475,0.872304291304338,0.84912,0,1,mild
P0823__1.0__0___0,69,t_8_16,153.0,0.25,0.0,2.0,0.9969120443572567,0.9151524157416114,0.84912,0,1,mild
P0823__1.0__0___0,70,t_8_16,171.0,0.0,0.0,3.0,0.9986592922165253,0.8499521052397522,0.84912,0,1,stable
P0823__1.0__0___0,71,s_16_32,275.0,0.0,0.0,5.0,0.9995184851048966,0.8820684858350417,0.84912,0,1,stable
P0823__1.0__0___0,72,t_8_16,240.00146484375,0.0,0.0,3.0,0.9999704965436751,0.9335628455293304,0.84912,0,1,stable
P0823__1.0__0___0,73,t_8_16,162.0,0.25,0.0,3.0,0.986677350205471,0.8402173906216174,0.84912,0,1,mild
P0823__1.0__0___0,74,t_8_16,180.0010986328125,0.0,0.0,2.0,0.9945584217393323,0.841468107215972,0.84912,0,1,stable
P0823__1.0__0___0,75,t_8_16,151.99884033203125,0.0,0.0,3.0,0.9968947634671433,0.8119367935296081,0.84912,0,1,stable
P0823__1.0__0___0,76,t_8_16,230.99871826171875,0.0,0.0,4.0,0.9873295157789086,0.7327360000000033,0.84912,0,0,stable
P0823__1.0__0___0,77,t_8_16,209.0,0.0,0.0,2.0,0.9765575609810564,0.7630653260338626,0.84912,0,1,stable
P0823__1.0__0___0,78,t_8_16,210.0,0.25,0.25,3.0,0.9965540716004665,0.746149003658237,0.84912,0,0,mild
P0823__1.0__0___0,79,t_8_16,242.0,0.0,0.0,3.0,0.9964317267176899,0.8738239776095481,0.84912,0,1,stable
P0823__1.0__0___0,80,t_8_16,220.0006103515625,0.0,0.0,3.0,0.9846485703232625,0.758579682158475,0.84912,0,1,stable
P0823__1.0__0___0,81,t_8_16,189.00128173828125,0.0,0.0,3.0,0.9752271935351784,0.7983273454631314,0.84912,0,1,stable
P0823__1.0__0___0,82,s_16_32,263.9986572265625,0.0,0.0,2.0,0.8895243806942423,0.6284360568181829,0.84912,0,0,stable
P0823__1.0__0___0,83,t_8_16,242.0,0.0,0.0,5.0,0.9749261518568464,0.8143373514846886,0.84912,0,1,stable
P0823__1.0__0___0,84,t_8_16,171.00115966796875,0.0,0.0,2.0,0.9978895970683958,0.8674703880079853,0.84912,0,1,stable
P0823__1.0__0___0,85,s_16_32,297.0,0.0,0.0,5.0,0.9998846008454402,0.9753544760846142,0.84912,0,1,stable
P0823__1.0__0___0,86,s_16_32,442.0001983642578,0.0,0.0,9.0,0.9995450433777349,0.8256687056253393,0.84912,0,1,stable
P0823__1.0__0___0,87,s_16_32,442.0,0.0,0.0,8.0,0.9994940344131485,0.843193591603936,0.84912,0,1,stable
P0823__1.0__0___0,88,t_8_16,183.99929809570312,0.0,0.0,8.0,0.991318650804785,0.7392973964699064,0.84912,0,0,stable
P0823__1.0__0___0,89,t_8_16,234.0,0.0,0.0,4.0,0.9978145963598514,0.717881793506334,0.84912,0,0,stable
P0823__1.0__0___0,90,s_16_32,264.0,0.0,0.0,4.0,0.9966469488956671,0.926736446969696,0.84912,0,1,stable
P0823__1.0__0___0,91,t_8_16,160.0,0.0,0.0,2.0,0.9993503739060582,0.7937190892844544,0.84912,0,1,stable
P0823__1.0__0___0,92,t_8_16,144.0,0.5,0.5,1.0,,0.8589978963321797,0.84912,0,1,mild
P0823__1.0__0___0,93,t_8_16,136.0,0.25,0.25,3.0,0.9979760718686326,0.8966802332861451,0.84912,0,1,mild
P0823__1.0__0___0,94,t_8_16,153.0,0.0,0.0,3.0,0.9984389744958156,0.7960447084222592,0.84912,0,1,stable
P0823__1.0__0___0,95,t_8_16,160.0,0.0,0.0,3.0,0.9979406762892636,0.7952645689224963,0.84912,0,1,stable
P0823__1.0__0___0,96,t_8_16,170.0,0.0,0.0,3.0,0.9786054198179832,0.8221173850616436,0.84912,0,1,stable
P0823__1.0__0___0,97,t_8_16,144.0,0.25,0.25,3.0,0.9954894665949993,0.8903263292712357,0.84912,0,1,mild
P0823__1.0__0___0,98,t_8_16,200.0,0.0,0.0,4.0,0.9969673888415372,0.7348981393495304,0.84912,0,0,stable
P0823__1.0__0___0,99,s_16_32,378.0,0.0,0.0,5.0,0.9961896332115385,0.6330646560846556,0.84912,0,0,stable
P0823__1.0__0___0,100,s_16_32,575.0,0.0,0.0,10.0,0.9906953984616117,0.7400488747826083,0.84912,0,0,stable
P0823__1.0__0___0,101,s_16_32,540.0,0.0,0.0,10.0,0.9940176125206603,0.7525250944444444,0.84912,0,1,stable
P0823__1.0__0___0,102,s_16_32,499.9992370605469,0.0,0.0,8.0,0.9988227994479358,0.7815027999999999,0.84912,0,1,stable
P0823__1.0__0___0,103,s_16_32,540.0,0.0,0.0,8.0,0.9911416469324212,0.7551179999999995,0.84912,0,1,stable
P0823__1.0__0___0,104,s_16_32,442.00103759765625,0.0,0.0,7.0,0.9998542124841862,0.7784648131350339,0.84912,0,1,stable
P0823__1.0__0___0,105,s_16_32,330.0,0.0,0.0,6.0,0.9990427088129757,0.7643067046792329,0.84912,0,1,stable
P0823__1.0__0___0,106,t_8_16,252.0,0.0,0.0,5.0,0.9893403277672389,0.8584466287623257,0.84912,0,1,stable
P0823__1.0__0___0,107,t_8_16,234.0,0.0,0.0,3.0,0.9977418067099181,0.8483977051282087,0.84912,0,1,stable
P0823__1.0__0___0,108,s_16_32,329.9986572265625,0.25,0.0,5.0,0.1639950018000815,0.0,0.84912,1,0,mild
P0823__1.0__0___0,109,s_16_32,336.0,0.0,0.0,6.0,0.9949669578403345,0.8031895563039645,0.84912,0,1,stable
P0823__1.0__0___0,110,t_8_16,128.0,0.0,0.0,2.0,0.9953251182559891,0.8156902713921336,0.84912,0,1,stable
P0823__1.0__0___0,111,t_8_16,147.0,0.0,0.0,6.0,0.7560013764278877,0.7138404249472473,0.84912,0,0,stable
P0823__1.0__0___0,112,t_8_16,250.0,0.0,0.0,4.0,0.9893516163268297,0.7725254198295242,0.84912,0,1,stable
P0823__1.0__0___0,113,t_8_16,219.998779296875,0.0,0.0,2.0,0.9960899735328662,0.7669144783476651,0.84912,0,1,stable
P0823__1.0__0___0,114,t_8_16,210.00128173828125,0.0,0.0,2.0,0.9974562546036483,0.8346500089528339,0.84912,0,1,stable
P0823__1.0__0___0,115,t_8_16,180.001220703125,0.0,0.0,3.0,0.9999291618662238,0.927507777714638,0.84912,0,1,stable
P0823__1.0__0___0,116,t_8_16,170.0,0.0,0.0,2.0,0.9917839480600614,0.7673407643128298,0.84912,0,1,stable
P0823__1.0__0___0,117,t_8_16,118.99896240234375,0.0,0.0,5.0,0.9957975373984864,0.6849155934787796,0.84912,0,0,stable
P0823__1.0__0___0,118,t_8_16,180.0,0.0,0.0,3.0,0.9980367083876841,0.8989640778061221,0.84912,0,1,stable
P0823__1.0__0___0,119,t_8_16,247.0,0.0,0.0,6.0,0.9982788882191944,0.8340966606399328,0.84912,0,1,stable
P0823__1.0__0___0,120,t_8_16,162.0,0.0,0.0,2.0,0.9996733728366054,0.7754714542266083,0.84912,0,1,stable
P0823__1.0__0___0,121,t_8_16,234.0,0.0,0.0,4.0,0.9998398220278643,0.7749030404504005,0.84912,0,1,stable
P0823__1.0__0___0,122,t_8_16,190.0,0.0,0.0,2.0,0.9863182273635204,0.7842742053864057,0.84912,0,1,stable
P0823__1.0__0___0,123,s_16_32,360.0,0.0,0.0,4.0,0.9955419753766713,0.7593716556124872,0.84912,0,1,stable
P0823__1.0__0___0,124,s_16_32,418.0001678466797,0.0,0.0,7.0,0.996550554350096,0.8858127504016604,0.84912,0,1,stable
P0823__1.0__0___0,125,s_16_32,266.0001449584961,0.0,0.0,6.0,0.9950741203210137,0.8364611457044696,0.84912,0,1,stable
P0823__1.0__0___0,126,s_16_32,420.0,0.0,0.0,8.0,0.9846235613532189,0.5155505142857136,0.84912,0,0,stable
P0823__1.0__0___0,127,s_16_32,300.0,0.0,0.0,5.0,0.9992531108784826,0.7099735500000027,0.84912,0,0,stable
P0823__1.0__0___0,128,t_8_16,239.9993896484375,0.0,0.0,5.0,0.996509007451628,0.8506969820239626,0.84912,0,1,stable
P0823__1.0__0___0,129,t_8_16,153.0,0.25,0.0,3.0,0.996237786086185,0.7568363144393087,0.84912,0,1,mild
P0823__1.0__0___0,130,s_16_32,320.0,0.0,0.0,5.0,0.9926029034668259,0.6147874687500018,0.84912,0,0,stable
P0823__1.0__0___0,131,s_16_32,285.0,0.0,0.0,5.0,0.770705265500628,0.6666692596491206,0.84912,0,0,stable
P0823__1.0__0___0,132,t_8_16,225.0,0.0,0.0,4.0,0.9753729657062056,0.7331665021034147,0.84912,0,0,stable
P0823__1.0__0___0,133,s_16_32,294.0,0.0,0.0,7.0,0.22507085365061744,0.7082747551020429,0.84912,0,0,stable
P0823__1.0__0___0,134,t_8_16,143.9989013671875,0.0,0.0,5.0,0.966662195028991,0.8303563162113357,0.84912,0,1,stable
P0823__1.0__0___0,135,t_8_16,189.00128173828125,0.0,0.0,4.0,0.9951599638077888,0.8120525415991324,0.84912,0,1,stable
P0823__1.0__0___0,136,t_8_16,180.0,0.25,0.0,2.0,0.9957271688701643,0.8568119613184519,0.84912,0,1,mild
P0823__1.0__0___0,137,s_16_32,360.0,0.0,0.0,4.0,0.9844918133633308,0.7937494222222227,0.84912,0,1,stable
P0823__1.0__0___0,138,s_16_32,285.0,0.0,0.0,4.0,0.9995788588974819,0.9324966345636889,0.84912,0,1,stable
P0823__1.0__0___0,139,s_16_32,285.0,0.0,0.0,5.0,0.8530378091060029,0.8889057059820362,0.84912,0,1,stable
P0823__1.0__0___0,140,t_8_16,198.0,0.0,0.0,3.0,0.977217334383919,0.7293171183888177,0.84912,0,0,stable
P0823__1.0__0___0,141,t_8_16,180.0,0.25,0.0,2.0,0.9646678499588632,0.8391214683979556,0.84912,0,1,mild
P0823__1.0__0___0,142,s_16_32,380.0,0.0,0.0,6.0,0.9982329637856094,0.8198534210526314,0.84912,0,1,stable
P0823__1.0__0___0,143,t_8_16,144.00048828125,0.25,0.25,3.0,0.9873548282837987,0.8228864481948421,0.84912,0,1,mild
P0823__1.0__0___0,144,t_8_16,200.0,0.25,0.0,7.0,0.8296298090994174,0.8071065600000028,0.84912,0,1,mild
P0823__1.0__0___0,145,t_8_16,200.0,0.25,0.0,4.0,0.8441375912210652,0.876028630331618,0.84912,0,1,mild
P0823__1.0__0___0,146,t_8_16,96.0,0.0,0.0,2.0,0.9803804560958971,0.5823155882333865,0.84912,0,0,stable
P0823__1.0__0___0,147,t_8_16,198.0,0.0,0.0,4.0,0.9952798377323212,0.8438688563383705,0.84912,0,1,stable
P0823__1.0__0___0,148,t_8_16,162.0,0.0,0.0,2.0,0.9916283421028986,0.9001047922001406,0.84912,0,1,stable
P0823__1.0__0___0,149,t_8_16,171.0,0.25,0.0,3.0,0.9941665049008155,0.7990477078992558,0.84912,0,1,mild
P0823__1.0__0___0,150,t_8_16,199.99847412109375,0.0,0.0,7.0,0.9858340922741156,0.7949441179816312,0.84912,0,1,stable
P0823__1.0__0___0,151,t_8_16,180.0,0.25,0.0,2.0,0.9919029765759105,0.9198644361330387,0.84912,0,1,mild
P0823__1.0__0___0,152,t_8_16,204.0,0.0,0.0,4.0,0.9792324850704555,0.7640994776113634,0.84912,0,1,stable
P0823__1.0__0___0,153,t_8_16,171.0,0.0,0.0,3.0,0.9832442104582626,0.8513357288076012,0.84912,0,1,stable
P0823__1.0__0___0,154,t_8_16,136.0,0.0,0.0,3.0,0.984948436911024,0.7389671591855614,0.84912,0,0,stable
P0823__1.0__0___0,155,t_8_16,171.0,0.0,0.0,3.0,0.998361305614605,0.8932797515586813,0.84912,0,1,stable
P1305__1.0__4400___2400,0,t_8_16,72.0,0.25,0.0,2.0,0.9598492184534512,0.6740001356695055,0.74729,0,0,mild
P1305__1.0__4400___2400,11,t_8_16,64.0,0.5,0.5,0.0,,0.6813218817372915,0.74729,0,0,mild
P1305__1.0__4400___2400,33,s_16_32,544.0,0.5,0.0,10.0,0.12730573714707347,0.8492419987578222,0.40174,0,1,mild
P1305__1.0__4400___2400,37,t_8_16,64.0,0.5,0.5,2.0,0.7894451263989039,0.45815754587210916,0.74729,1,0,mild
P1305__1.0__4400___2400,43,t_8_16,66.0,0.0,0.0,1.0,,0.5720595511511695,0.74729,0,0,stable
P1338__1.0__1800___3000,0,t_8_16,142.9998016357422,0.25,0.0,5.0,0.5853503677916222,0.8731203489550643,0.65446,0,1,mild
P1338__1.0__1800___3000,1,t_8_16,84.0,0.0,0.0,3.0,0.9021666891666349,0.5153275667603232,0.65446,0,0,stable
P1352__1.0__3000___3000,0,t_8_16,220.0,0.25,0.0,7.0,0.2967815235720694,0.5072831425933835,0.52326,0,0,mild
P1354__1.0__3200___2400,0,t_8_16,231.0,0.25,0.0,5.0,0.1710667291207142,0.6083357270483458,0.79475,0,0,mild
P1354__1.0__3200___2400,1,s_16_32,279.998779296875,0.0,0.0,7.0,0.784654709740892,0.6661139003925254,0.79475,0,0,stable
P1354__1.0__3200___2400,2,t_8_16,154.0,0.25,0.0,3.0,0.7000057505081323,0.6512044244020966,0.79475,0,0,mild
P1354__1.0__3200___2400,3,t_8_16,150.00011444091797,0.0,0.0,3.0,0.8463155744091996,0.0,0.00231,1,0,stable
P1357__1.0__1800___2400,1,t_8_16,187.0,0.0,0.0,3.0,0.9991541170357932,0.8393171120567275,0.75334,0,1,stable
P1357__1.0__3200___1200,0,s_16_32,540.0,0.0,0.0,8.0,0.8069493645136356,0.6440046516814196,0.76721,0,0,stable
P1357__1.0__3200___1200,1,t_8_16,128.0,0.0,0.0,3.0,0.8841859351692255,0.686710749999994,0.76721,0,0,stable
P1357__1.0__3200___1200,2,s_16_32,323.0,0.0,0.0,7.0,0.912989247749737,0.734587825215782,0.76721,0,0,stable
P1357__1.0__3200___1200,3,t_8_16,152.0,0.0,0.0,3.0,0.6644622015240711,0.7682335458726354,0.76721,0,1,stable
P1357__1.0__3200___1200,4,t_8_16,180.0,0.0,0.0,1.0,,0.8269457800423625,0.76721,0,1,stable
P1374__1.0__1200___600,0,t_8_16,234.0,0.0,0.0,5.0,0.9895604374863132,0.8870169439960494,0.74593,0,1,stable
P1374__1.0__1200___600,1,t_8_16,187.0,0.0,0.0,3.0,0.9519093983621663,0.7095926281527902,0.74593,0,0,stable
P1374__1.0__1200___600,2,s_16_32,315.0,0.0,0.0,6.0,0.9286292398598467,0.6820343684826188,0.74593,0,0,stable
P1374__1.0__1200___600,3,t_8_16,144.0,0.0,0.0,3.0,0.9640006849585648,0.7116695942645124,0.74593,0,0,stable
P1374__1.0__1200___600,4,t_8_16,152.0,0.25,0.25,3.0,0.9702481960818936,0.6153561786779097,0.74593,0,0,mild
P1374__1.0__1200___600,5,s_16_32,330.0,0.0,0.0,6.0,0.9578732684026683,0.6980172540550267,0.74593,0,0,stable
P1384__1.0__4200___1800,0,s_16_32,600.0,0.0,0.0,9.0,0.31716916211805624,0.0,0.57862,1,0,stable
P1384__1.0__4200___1800,1,s_16_32,529.0,0.0,0.0,10.0,0.9719952323121765,0.0,0.57862,1,0,stable
P1384__1.0__4200___1800,2,t_8_16,238.0,0.0,0.0,3.0,0.9929046411848839,0.0,0.57862,1,0,stable
P1384__1.0__4200___1800,3,t_8_16,238.0,0.0,0.0,5.0,0.7988602218263594,0.7199402248488577,0.57862,0,0,stable
P1384__1.0__4200___1800,6,t_8_16,66.0,0.0,0.0,1.0,0.9999999999924345,0.749716363636362,0.7677,0,0,stable
P1384__1.0__4200___1800,7,t_8_16,65.99991607666016,0.25,0.25,2.0,0.6682768023987742,0.8278007869672663,0.7677,0,1,mild
P1384__1.0__4200___1800,10,t_8_16,77.0,0.0,0.0,1.0,,0.7370138312142525,0.7677,0,0,stable
P1384__1.0__4200___1800,11,t_8_16,66.0,0.0,0.0,1.0,,0.9078245833133166,0.7677,0,1,stable
P1384__1.0__4200___1800,12,t_8_16,84.0,0.0,0.0,5.0,0.9722025411159568,0.7115127380952376,0.7677,0,0,stable
P1384__1.0__4200___1800,13,t_8_16,66.0,0.25,0.0,2.0,0.6108784993636273,0.747555831217365,0.7677,0,0,mild
P1384__1.0__4200___1800,17,t_8_16,72.0,0.5,0.0,3.0,0.5863659041383612,0.1616449164899702,0.7677,1,0,mild
P1384__1.0__4200___1800,19,t_8_16,70.0,0.0,0.0,3.0,0.9935747928313456,0.8254811376783062,0.7677,0,1,stable
P1384__1.0__4200___1800,20,t_8_16,91.00042724609375,0.25,0.0,5.0,0.7312908814506985,0.6828330986474943,0.7677,0,0,mild
P1384__1.0__4200___1800,22,t_8_16,77.0,0.0,0.0,1.0,,0.09136636409897626,0.7677,1,0,stable
P1384__1.0__4200___1800,23,t_8_16,176.00048828125,0.0,0.0,3.0,0.9936803660958944,0.882125382567783,0.7677,0,1,stable
P1384__1.0__4200___1800,24,t_8_16,70.0,0.0,0.0,3.0,0.9653297837813094,0.7006914154091294,0.7677,0,0,stable
P1384__1.0__4200___1800,25,t_8_16,77.0,0.0,0.0,2.0,0.9923939027490097,0.6628076072376582,0.7677,0,0,stable
P1384__1.0__4200___1800,26,t_8_16,192.0,0.0,0.0,4.0,0.9255667392039546,0.0,0.7677,1,0,stable
P1384__1.0__4200___1800,28,t_8_16,72.0,0.0,0.0,3.0,0.9517494175676042,0.8693951807901039,0.7677,0,1,stable
P1384__1.0__4200___1800,30,t_8_16,91.0,0.0,0.0,4.0,0.9484574891786947,0.0,0.7677,1,0,stable
P1384__1.0__4200___1800,31,t_8_16,84.0,0.25,0.0,5.0,0.9133377608311626,0.0,0.7677,1,0,mild
P1384__1.0__4200___1800,32,t_8_16,70.0008544921875,0.0,0.0,2.0,0.9927312167546521,0.0,0.7677,1,0,stable
P1384__1.0__4200___1800,33,t_8_16,136.0,0.5,0.5,0.0,,0.0,0.7677,1,0,mild
P1384__1.0__4200___1800,35,t_8_16,72.0,0.0,0.0,3.0,,0.720463512949617,0.7677,0,0,stable
P1384__1.0__4200___1800,36,t_8_16,77.0,0.0,0.0,2.0,0.7949092841535206,0.8461008300342117,0.7677,0,1,stable
P1384__1.0__4200___1800,39,t_8_16,66.0,0.0,0.0,1.0,,0.7877545105946351,0.7677,0,1,stable
P1384__1.0__4200___1800,40,t_8_16,98.0,0.0,0.0,2.0,0.557641873343162,0.6327857368306629,0.7677,0,0,stable
P1384__1.0__4200___1800,41,t_8_16,83.999267578125,0.0,0.0,2.0,0.9999997231277393,0.7522063297818554,0.7677,0,1,stable
P1384__1.0__4200___1800,42,t_8_16,78.0,0.0,0.0,1.0,,0.710190631623358,0.7677,0,0,stable
P1384__1.0__4200___1800,44,t_8_16,90.99920654296875,0.0,0.0,3.0,0.999507088933451,0.07409783639325346,0.7677,1,0,stable
P1384__1.0__4200___1800,53,t_8_16,66.00067138671875,0.0,0.0,2.0,0.9974353218876771,0.6096509671336721,0.7677,0,0,stable
P1384__1.0__4200___1800,54,t_8_16,78.0,0.25,0.25,3.0,0.275262691725387,0.6437732068493603,0.7677,0,0,mild
P1384__1.0__4200___1800,57,t_8_16,65.00079345703125,0.0,0.0,2.0,0.9827415235986359,0.739062340842048,0.7677,0,0,stable
P1410__1.0__4200___1200,0,t_8_16,160.0,0.25,0.25,3.0,0.9916197292170348,0.6055012751825765,0.80124,0,0,mild
P1410__1.0__4200___1200,1,t_8_16,231.0,0.25,0.0,5.0,0.7458845430995863,0.7146113506493443,0.80124,0,0,mild
P1410__1.0__4200___1200,2,t_8_16,230.0,0.0,0.0,4.0,0.9949596206867962,0.8610837859861022,0.80124,0,1,stable
P1410__1.0__4200___1200,3,t_8_16,184.0,0.5,0.5,0.0,,0.7785910702357505,0.80124,0,1,mild
P1410__1.0__4200___1200,4,t_8_16,207.0,0.0,0.0,5.0,0.998419334419372,0.8710172362727082,0.80124,0,1,stable
P1410__1.0__4200___1200,5,t_8_16,192.0,0.0,0.0,3.0,0.9977319253471031,0.7818453271318184,0.80124,0,1,stable
P1410__1.0__4200___1200,6,t_8_16,250.0,0.0,0.0,4.0,0.9770784814295028,0.7180690160000021,0.80124,0,0,stable
P1410__1.0__4200___1200,7,t_8_16,250.0,0.25,0.0,6.0,0.9853298061227874,0.7334429950574946,0.80124,0,0,mild
P1410__1.0__4200___1200,9,t_8_16,192.0,0.0,0.0,5.0,0.9982899502612023,0.7166760114096623,0.80124,0,0,stable
P1410__1.0__4200___1200,10,t_8_16,207.0,0.25,0.0,5.0,0.997047374101451,0.672156796637628,0.80124,0,0,mild
P1410__1.0__4200___1200,11,t_8_16,168.0,0.0,0.0,2.0,0.9994910121128765,0.798825386574482,0.80124,0,1,stable
P1410__1.0__4200___1200,12,t_8_16,151.99992752075195,0.0,0.0,5.0,0.986062600243437,0.887634082548022,0.80124,0,1,stable
P1410__1.0__4200___1200,13,t_8_16,198.0,0.25,0.0,5.0,0.9795603354171115,0.7189778915596975,0.80124,0,0,mild
P1410__1.0__4200___1200,14,t_8_16,240.0,0.25,0.0,8.0,0.0793404422067046,0.5480213253491869,0.80124,0,0,mild
P1410__1.0__4200___1200,15,s_16_32,330.0,0.0,0.0,9.0,0.9915784455249277,0.7370785125674219,0.80124,0,0,stable
P1459__1.0__1200___3630,0,t_8_16,91.0,0.0,0.0,3.0,0.9935319411900367,0.7915264161541845,0.72019,0,1,stable
P1459__1.0__1200___3630,1,t_8_16,98.0,0.0,0.0,4.0,0.7633904233353619,0.7215827142857038,0.72019,0,0,stable
P1459__1.0__1200___3630,2,t_8_16,153.0,0.0,0.0,2.0,0.8389034655331378,0.6325165359477153,0.72019,0,0,stable
P1459__1.0__1200___3630,3,t_8_16,112.0,0.5,0.5,1.0,,0.7698847937447596,0.72019,0,1,mild
P1459__1.0__1200___3630,4,t_8_16,149.9993896484375,0.0,0.0,2.0,0.9936486982502386,0.515287846666661,0.72019,0,0,stable
P1459__1.0__1200___3630,5,t_8_16,84.0,0.0,0.0,2.0,0.9999648318031864,0.7692914460387578,0.72019,0,1,stable
P1459__1.0__1200___3630,6,t_8_16,91.0,0.25,0.0,5.0,0.5161371248795441,0.8486793442901821,0.72019,0,1,mild
P1459__1.0__1200___3630,7,t_8_16,96.0,0.25,0.25,2.0,,0.7887355940394228,0.72019,0,1,mild
P1459__1.0__1200___3630,8,t_8_16,104.0,0.0,0.0,3.0,0.9336903713110433,0.6760372522411455,0.72019,0,0,stable
P1459__1.0__1200___3630,9,t_8_16,104.0,0.0,0.0,1.0,,0.8110922884615296,0.72019,0,1,stable
P1459__1.0__1200___3630,10,t_8_16,104.0,0.0,0.0,1.0,,0.7840613358668762,0.72019,0,1,stable
P1459__1.0__1200___3630,11,t_8_16,209.0,0.0,0.0,5.0,0.8822666984858695,0.7858525406698567,0.72019,0,1,stable
P1459__1.0__1200___3630,12,t_8_16,117.0,0.0,0.0,1.0,,0.8233389258203413,0.72019,0,1,stable
P1459__1.0__1200___3630,13,t_8_16,153.0,0.25,0.0,3.0,0.9786552234323754,0.8050178238546656,0.72019,0,1,mild
P1459__1.0__1200___3630,14,t_8_16,160.0,0.25,0.0,2.0,0.6418192379822747,0.6935188548347948,0.72019,0,0,mild
P1459__1.0__1200___3630,15,t_8_16,216.0,0.25,0.0,4.0,0.05824305955446423,0.7250034088700262,0.72019,0,0,mild
P1459__1.0__1200___3630,16,t_8_16,203.99948120117188,0.0,0.0,5.0,0.7248992160733658,0.568881250000001,0.72019,0,0,stable
P1459__1.0__1200___3630,17,t_8_16,234.00054931640625,0.0,0.0,5.0,0.9932809505314371,0.6611208387748552,0.72019,0,0,stable
P1459__1.0__1200___3630,18,t_8_16,134.99945068359375,0.5,0.5,2.0,0.9996555621124106,0.648678470819923,0.72019,0,0,mild
P1459__1.0__1200___3630,19,t_8_16,72.0,0.5,0.0,4.0,0.1385313114605809,0.8088701219586841,0.72019,0,1,mild
P1459__1.0__1200___3630,20,t_8_16,91.0,0.0,0.0,3.0,0.9999423118229347,0.8036605640630912,0.72019,0,1,stable
P1459__1.0__1200___3630,22,t_8_16,65.9996337890625,0.25,0.25,4.0,0.8312147000975209,0.715989687580466,0.72019,0,0,mild
P1459__1.0__1200___3630,23,t_8_16,170.0006103515625,0.0,0.0,3.0,0.9936747399549489,0.6914776895942147,0.72019,0,0,stable
P1459__1.0__1200___3630,24,t_8_16,70.0,0.25,0.0,3.0,0.8248125809018779,0.9475950474900148,0.72019,0,1,mild
P1459__1.0__1200___3630,25,t_8_16,84.0,0.25,0.0,2.0,0.626653993834343,0.783956708769735,0.72019,0,1,mild
P1581__1.0__600___1800,0,t_8_16,240.0,0.0,0.0,5.0,0.9466270425562742,0.8383558796196479,0.07618,0,1,stable
P1727__1.0__2400___3000,0,t_8_16,238.0,0.0,0.0,5.0,0.9392708120039476,0.8875914551658133,0.30817,0,1,stable
P2116__1.0__506___0,0,t_8_16,168.0,0.75,0.75,0.0,,0.8106004147217583,0.79725,0,1,high
P2116__1.0__506___0,1,t_8_16,200.0,0.0,0.0,4.0,0.9969441804909547,0.7845951041163897,0.79725,0,1,stable
P2116__1.0__506___0,2,s_16_32,286.0,0.0,0.0,7.0,0.9414244958159343,0,0,1,0,stable
P2116__1.0__506___0,3,t_8_16,200.0,0.0,0.0,3.0,0.9923535421892038,0,0,1,0,stable
P2116__1.0__506___0,4,s_16_32,264.0000228881836,0.0,0.0,4.0,0.9997644310185432,0.6602697361821243,0.79725,0,0,stable
P2163__1.0__0___0,0,t_8_16,80.0,0.0,0.0,1.0,,0.7316589672994402,0.7351,0,0,stable
P2163__1.0__0___0,1,t_8_16,120.0,0.0,0.0,2.0,0.9999999999920175,0.6762943166666696,0.7351,0,0,stable
P2163__1.0__0___0,2,t_8_16,90.0,0.0,0.0,1.0,,0.833465294081579,0.7351,0,1,stable
P2163__1.0__0___0,3,t_8_16,99.0,0.25,0.25,2.0,0.9273834141674275,0.7935992396266685,0.7351,0,1,mild
P2163__1.0__0___0,5,t_8_16,84.0,0.0,0.0,1.0,,0.7797169845291756,0.7351,0,1,stable
P2163__1.0__0___0,6,t_8_16,78.0,0.0,0.0,3.0,0.9999999980132197,0.8518412307692165,0.7351,0,1,stable
P2163__1.0__0___0,7,t_8_16,78.0,0.0,0.0,2.0,0.7828274405191056,0.7192884814262583,0.7351,0,0,stable
P2163__1.0__0___0,8,t_8_16,91.0,0.0,0.0,3.0,0.9968148219266075,0.6634044541631371,0.7351,0,0,stable
P2163__1.0__0___0,10,t_8_16,66.0,0.0,0.0,1.0,,0.6559093760032788,0.7351,0,0,stable
P2163__1.0__0___0,11,t_8_16,105.0,0.0,0.0,4.0,0.9746659527200341,0.7701937940221054,0.7351,0,1,stable
P2163__1.0__0___0,12,t_8_16,77.0,0.0,0.0,1.0,,0.6704340169475185,0.7351,0,0,stable
P2163__1.0__0___0,13,t_8_16,80.0,0.5,0.5,0.0,,0.7340977210655226,0.7351,0,0,mild
P2163__1.0__0___0,14,t_8_16,104.0,0.5,0.5,2.0,0.6038587331761114,0.6663953846153943,0.7351,0,0,mild
P2163__1.0__0___0,15,t_8_16,143.0,0.0,0.0,2.0,0.9995680807114802,0.4192501737704442,0.7351,1,0,stable
P2163__1.0__0___0,16,t_8_16,120.0,0.0,0.0,2.0,0.9934241642599065,0.4930741666666642,0.7351,1,0,stable
P2163__1.0__0___0,18,t_8_16,80.0,0.0,0.0,2.0,0.7568575463774141,0.9243246100198219,0.7351,0,1,stable
P2163__1.0__0___0,19,t_8_16,80.0,0.25,0.25,1.0,,0.7473620947178631,0.7351,0,0,mild
P2163__1.0__0___0,20,t_8_16,88.0,0.0,0.0,3.0,0.9999999909246264,0.7290422571333773,0.7351,0,0,stable
P2163__1.0__0___0,21,t_8_16,88.0,0.25,0.25,1.0,,0.7941513886243586,0.7351,0,1,mild
P2163__1.0__0___0,23,t_8_16,70.0,0.5,0.0,4.0,0.8696946944730292,0.8502028705765089,0.7351,0,1,mild
P2163__1.0__0___0,25,t_8_16,88.0,0.0,0.0,1.0,,0.791542646553806,0.7351,0,1,stable
P2163__1.0__0___0,26,t_8_16,77.0,0.0,0.0,2.0,0.9335691161842464,0.8052286837196402,0.7351,0,1,stable
P2163__1.0__0___0,27,t_8_16,88.0,0.25,0.25,2.0,0.9997197427341051,0.6054650597396656,0.7351,0,0,mild
P2163__1.0__0___0,28,t_8_16,77.0,0.0,0.0,1.0,,0.7507118150747104,0.7351,0,1,stable
P2203__1.0__670___600,0,t_8_16,220.0,0.0,0.0,3.0,0.9983087973573179,0.662374449653408,0.78763,0,0,stable
P2203__1.0__670___600,1,t_8_16,252.0,0.0,0.0,3.0,0.9991163963665588,0.6881396825396784,0.78763,0,0,stable
P2205__1.0__0___1200,0,t_8_16,121.0,0.0,0.0,1.0,,0.6975565190233906,0.79364,0,0,stable
P2205__1.0__0___1200,1,t_8_16,99.00067138671875,0.0,0.0,1.0,,0.6928652512431144,0.79364,0,0,stable
P2205__1.0__0___1200,2,t_8_16,72.0,0.0,0.0,1.0,,0.37832270096634363,0.79364,1,0,stable
P2205__1.0__0___1200,3,t_8_16,80.0,0.25,0.25,1.0,,0.6325455164982423,0.79364,0,0,mild
P2205__1.0__0___1200,4,t_8_16,80.0,0.0,0.0,1.0,,0.6475325256127531,0.79364,0,0,stable
P2205__1.0__0___1200,5,t_8_16,87.99932861328125,0.0,0.0,1.0,0.9999999623362333,0.8572129850859054,0.79364,0,1,stable
P2205__1.0__0___1200,6,t_8_16,104.0,0.5,0.0,2.0,0.01182174864030359,0.782978122700933,0.79364,0,1,mild
P2205__1.0__0___1200,7,t_8_16,88.0,0.0,0.0,1.0,,0.5243951694105097,0.79364,0,0,stable
P2205__1.0__0___1200,8,t_8_16,87.99993896484375,0.5,0.5,0.0,,0.7646536072533935,0.79364,0,1,mild
P2205__1.0__0___1200,9,t_8_16,99.00067138671875,0.5,0.5,1.0,0.11655098072198444,0.34075251091396563,0.79364,1,0,mild
P2205__1.0__0___1200,11,t_8_16,120.0,0.0,0.0,2.0,0.8790462592855399,0.7418365953855518,0.79364,0,0,stable
P2205__1.0__0___1200,12,t_8_16,120.0,0.5,0.5,1.0,,0.630026648605693,0.79364,0,0,mild
P2205__1.0__0___1200,13,t_8_16,110.0,0.25,0.25,1.0,0.9984346065660596,0.5612827094665861,0.79364,0,0,mild
P2205__1.0__0___1200,14,t_8_16,110.00067138671875,0.0,0.0,1.0,0.8639056623317992,0.8094776849985642,0.79364,0,1,stable
P2205__1.0__0___1200,15,t_8_16,110.0,0.0,0.0,2.0,0.9475895430268577,0.7054665336911423,0.79364,0,0,stable
P2205__1.0__0___1200,16,t_8_16,81.0,0.25,0.25,1.0,,0.47993720470309886,0.79364,1,0,mild
P2205__1.0__0___1200,17,t_8_16,99.0,0.0,0.0,1.0,,0.7734438526824903,0.79364,0,1,stable
P2205__1.0__0___1200,18,t_8_16,132.0,0.5,0.0,2.0,0.677870374029185,0.5337256417627616,0.79364,0,0,mild
P2205__1.0__0___1200,19,t_8_16,110.0,0.25,0.0,2.0,0.9513563903249783,0.7679583780382606,0.79364,0,1,mild
P2205__1.0__0___1200,20,t_8_16,90.0,0.5,0.5,0.0,,0.34729158027438944,0.79364,1,0,mild
P2205__1.0__0___1200,21,t_8_16,72.0,0.25,0.0,1.0,,0.7577407690183683,0.79364,0,1,mild
P2205__1.0__0___1200,22,t_8_16,90.0006103515625,0.0,0.0,2.0,0.032045261304188465,0.7635858209675426,0.79364,0,1,stable
P2205__1.0__0___1200,24,t_8_16,110.00067138671875,0.5,0.25,1.0,0.9999996123801389,0.9105759922555672,0.79364,0,1,mild
P2205__1.0__0___1200,25,t_8_16,110.0,0.0,0.0,2.0,0.9425466810583678,0.8086328149203234,0.79364,0,1,stable
P2205__1.0__0___1200,27,t_8_16,120.99932861328125,0.0,0.0,1.0,,0.6387580923439891,0.79364,0,0,stable
P2205__1.0__0___1200,28,t_8_16,80.99999141693115,0.0,0.0,0.0,,0.37391816559304025,0.79364,1,0,stable
P2205__1.0__0___1200,29,t_8_16,110.0,0.5,0.0,2.0,0.9505341317522256,0.5467312861074315,0.79364,0,0,mild
P2205__1.0__0___1200,30,t_8_16,110.0,0.5,0.0,2.0,0.7423902184758048,0.46306314936751547,0.79364,1,0,mild
P2205__1.0__0___1200,31,t_8_16,90.0,0.0,0.0,1.0,,0.5359686112188207,0.79364,0,0,stable
P2205__1.0__0___1200,32,t_8_16,110.0,0.25,0.25,1.0,0.9839762068504422,0.6088961457432291,0.79364,0,0,mild
P2205__1.0__0___1200,33,t_8_16,110.0,0.0,0.0,1.0,,0.6807756082680401,0.79364,0,0,stable
P2205__1.0__0___1200,34,t_8_16,120.000732421875,0.25,0.25,4.0,0.6863288222683905,0.28822466341277925,0.79364,1,0,mild
P2205__1.0__0___1200,35,t_8_16,121.0,0.0,0.0,1.0,,0.7091331740146766,0.79364,0,0,stable
P2205__1.0__0___1200,36,t_8_16,110.0,0.0,0.0,1.0,,0.8828098277339096,0.79364,0,1,stable
P2205__1.0__0___1200,37,t_8_16,99.0006628035917,0.0,0.0,1.0,,0.7327758787722216,0.79364,0,0,stable
P2205__1.0__0___1200,38,t_8_16,90.0,0.0,0.0,2.0,0.9999999999874521,0.7165471510158254,0.79364,0,0,stable
P2205__1.0__0___1200,39,t_8_16,99.00000858306885,0.0,0.0,1.0,,0.8530139606512543,0.79364,0,1,stable
P2205__1.0__0___1200,40,t_8_16,110.00067138671875,0.0,0.0,1.0,,0.674819461627382,0.79364,0,0,stable
P2205__1.0__0___1200,41,t_8_16,108.0,0.0,0.0,2.0,0.948732223389804,0.8270971802482179,0.79364,0,1,stable
P2205__1.0__0___1200,42,t_8_16,90.0006103515625,0.25,0.25,0.0,,0.49175665993886325,0.79364,1,0,mild
P2205__1.0__0___1200,43,t_8_16,81.0,0.0,0.0,1.0,,0.7911183498782823,0.79364,0,1,stable
P2205__1.0__0___1200,44,t_8_16,72.00006103515625,0.0,0.0,2.0,0.9816025955186068,0.7026675939570866,0.79364,0,0,stable
P2205__1.0__0___1200,45,t_8_16,110.0,0.5,0.5,0.0,,0.6598104115459111,0.79364,0,0,mild
P2205__1.0__0___1200,46,t_8_16,100.0,0.25,0.25,0.0,,0.6635053592325915,0.79364,0,0,mild
P2205__1.0__0___1200,47,t_8_16,81.0,0.0,0.0,1.0,,0.866074561382771,0.79364,0,1,stable
P2205__1.0__0___1200,48,t_8_16,90.0,0.0,0.0,1.0,,0.32069030591484976,0.79364,1,0,stable
P2205__1.0__0___1200,49,t_8_16,90.0,0.0,0.0,1.0,,0.6421634157124616,0.79364,0,0,stable
P2205__1.0__0___1200,50,t_8_16,121.0,0.0,0.0,1.0,,0.7121747376494316,0.79364,0,0,stable
P2205__1.0__0___1200,51,t_8_16,110.00067138671875,0.0,0.0,2.0,0.6934506088247949,0.0,0.79364,1,0,stable
P2205__1.0__0___1200,52,t_8_16,79.9998779296875,0.0,0.0,1.0,,0.0,0.79364,1,0,stable
P2205__1.0__0___1200,53,t_8_16,110.00008392333984,0.0,0.0,2.0,0.8860024115167634,0.8433613588274935,0.79364,0,1,stable
P2205__1.0__0___1200,54,t_8_16,120.0,0.25,0.0,2.0,0.7763533714372747,0.751675916728649,0.79364,0,1,mild
P2205__1.0__0___1200,56,t_8_16,90.0,0.25,0.0,2.0,0.9999999999435363,0.5301992905978818,0.79364,0,0,mild
P2205__1.0__0___1200,57,t_8_16,156.0,0.25,0.0,2.0,0.2641306154898536,0.8590232554399853,0.79364,0,1,mild
P2205__1.0__0___1200,58,t_8_16,195.0,0.0,0.0,1.0,0.9999647882615319,0.7867382974358987,0.79364,0,1,stable
P2205__1.0__0___1200,59,t_8_16,223.99938964750618,0.0,0.0,2.0,0.9886247784764304,0.755982857142856,0.79364,0,1,stable
P2205__1.0__0___1200,60,t_8_16,153.99978637695312,0.0,0.0,4.0,0.894503407301464,0.7368337850938043,0.79364,0,0,stable
P2205__1.0__0___1200,62,t_8_16,80.0,0.0,0.0,2.0,,0.14489968759929706,0.79364,1,0,stable
P2205__1.0__0___1200,63,t_8_16,72.0,0.0,0.0,1.0,,0.8302290145046837,0.79364,0,1,stable
P2205__1.0__0___1200,64,t_8_16,80.0,0.0,0.0,1.0,,0.6699055334693355,0.79364,0,0,stable
P2205__1.0__0___1200,65,t_8_16,81.00061798142269,0.5,0.5,1.0,,0.5885562527224907,0.79364,0,0,mild
P2205__1.0__0___1200,66,t_8_16,81.0,0.75,0.75,0.0,0.9808140359267281,0.5701001516479166,0.79364,0,0,high
P2205__1.0__0___1200,67,t_8_16,90.0,0.25,0.25,1.0,0.9999984604282263,0.903557770964857,0.79364,0,1,mild
P2205__1.0__0___1200,68,t_8_16,81.00054931640625,0.0,0.0,1.0,,0.7396426014725106,0.79364,0,0,stable
P2205__1.0__0___1200,69,t_8_16,72.00048828125,0.0,0.0,0.0,,0.3449826662053925,0.79364,1,0,stable
P2205__1.0__0___1200,70,t_8_16,90.0006103515625,0.25,0.0,2.0,0.9982049411420922,0.7335118727565545,0.79364,0,0,mild
P2205__1.0__0___1200,71,t_8_16,90.0,0.25,0.25,1.0,0.972674408835845,0.716641834128238,0.79364,0,0,mild
P2205__1.0__0___1200,72,t_8_16,90.0,0.25,0.0,2.0,0.004591664060183236,0.7231130894910716,0.79364,0,0,mild
P2205__1.0__0___1200,73,t_8_16,81.0000171661377,0.5,0.5,0.0,,0.7535284257793355,0.79364,0,1,mild
P2205__1.0__0___1200,75,t_8_16,90.0,0.0,0.0,2.0,0.8724985242023445,0.7796688236200748,0.79364,0,1,stable
P2205__1.0__0___1200,76,t_8_16,120.000732421875,0.5,0.0,4.0,0.22158208240868643,0.7263017345608677,0.79364,0,0,mild
P2205__1.0__0___1200,77,t_8_16,80.0,0.5,0.0,2.0,0.5146889986918595,0.7876133373759897,0.79364,0,1,mild
P2205__1.0__0___1200,78,t_8_16,100.0,0.25,0.25,3.0,0.21996003022611882,0.5751899232998791,0.79364,0,0,mild
P2205__1.0__0___1200,79,t_8_16,80.0,0.25,0.0,1.0,0.9935671180576902,0.6174659025168755,0.79364,0,0,mild
P2205__1.0__0___1200,80,t_8_16,64.0,0.0,0.0,0.0,,0.43849340549392213,0.79364,1,0,stable
P2205__1.0__0___1200,82,t_8_16,72.0,0.25,0.25,1.0,,0.8384038132841171,0.79364,0,1,mild
P2205__1.0__0___1200,83,t_8_16,80.0,0.0,0.0,1.0,,0.8460138404805384,0.79364,0,1,stable
P2205__1.0__0___1200,84,t_8_16,108.0,0.0,0.0,2.0,0.9495252623846073,0.6639550960889175,0.79364,0,0,stable
P2205__1.0__0___1200,85,t_8_16,100.0,0.0,0.0,2.0,0.9588910182811649,0.7387043226315353,0.79364,0,0,stable
P2205__1.0__0___1200,86,t_8_16,143.0,0.0,0.0,3.0,0.36513047227224654,0.6678808212212468,0.79364,0,0,stable
P2205__1.0__0___1200,87,t_8_16,81.00054931640625,0.5,0.0,2.0,0.0813603143907299,0.7523917330692244,0.79364,0,1,mild
P2205__1.0__0___1200,88,t_8_16,70.0,0.0,0.0,1.0,0.9998931526042436,0.6601775417264216,0.79364,0,0,stable
P2205__1.0__0___1200,89,t_8_16,70.0,0.0,0.0,2.0,0.9652467726426754,0.6571260047459516,0.79364,0,0,stable
P2205__1.0__0___1200,90,t_8_16,72.0,0.75,0.75,0.0,0.8331827107563325,0.7417877022689192,0.79364,0,0,high
P2205__1.0__0___1200,91,t_8_16,64.0,0.0,0.0,1.0,0.9910184367782753,0.5586768910871341,0.79364,0,0,stable
P2205__1.0__0___1200,92,t_8_16,64.0,0.5,0.5,2.0,0.8728685546033446,0.7642442364093065,0.79364,0,1,mild
P2205__1.0__0___1200,94,t_8_16,80.0,0.25,0.0,2.0,0.7718669862878967,0.7480031509851713,0.79364,0,0,mild
P2205__1.0__0___1200,95,t_8_16,90.0,0.0,0.0,1.0,,0.8716533420819836,0.79364,0,1,stable
P2205__1.0__0___1200,96,t_8_16,130.0,0.0,0.0,2.0,0.9954632642315587,0.7007348076923093,0.79364,0,0,stable
P2205__1.0__0___1200,97,t_8_16,99.0,0.0,0.0,1.0,,0.6629758933367773,0.79364,0,0,stable
P2205__1.0__0___1200,98,t_8_16,99.00067138671875,0.0,0.0,1.0,,0.8017205863933837,0.79364,0,1,stable
P2205__1.0__0___1200,100,t_8_16,108.0,0.0,0.0,2.0,0.9520195116461686,0.7479088728994259,0.79364,0,0,stable
P2205__1.0__0___1200,102,t_8_16,90.0,0.0,0.0,2.0,0.9231376458458329,0.8227244958178913,0.79364,0,1,stable
P2205__1.0__0___1200,103,t_8_16,81.0,0.0,0.0,1.0,,0.5434856501143915,0.79364,0,0,stable
P2205__1.0__0___1200,104,t_8_16,99.0,0.0,0.0,1.0,,0.6659499518359782,0.79364,0,0,stable
P2205__1.0__0___1200,105,t_8_16,99.0,0.25,0.0,1.0,0.9999999999850774,0.6431644033145897,0.79364,0,0,mild
P2205__1.0__0___1200,106,t_8_16,64.0,0.5,0.5,2.0,0.9999999999558272,0.5721090982945847,0.79364,0,0,mild
P2205__1.0__0___1200,107,t_8_16,233.99972534179688,0.5,0.0,4.0,0.02647454236763901,0.8273421203637578,0.79364,0,1,mild
P2205__1.0__0___1200,108,t_8_16,90.0006103515625,0.0,0.0,0.0,,0.39015546362238573,0.79364,1,0,stable
P2205__1.0__0___1200,109,t_8_16,72.0,0.25,0.0,1.0,,0.8427364538621429,0.79364,0,1,mild
P2205__1.0__0___1200,111,t_8_16,136.0,0.0,0.0,2.0,0.9688268062545337,0.6987749582061922,0.79364,0,0,stable
P2205__1.0__0___1200,112,t_8_16,78.0,0.0,0.0,3.0,0.9818395481581621,0.0012189325897825427,0.79364,1,0,stable
P2205__1.0__0___1200,113,t_8_16,144.0,0.0,0.0,3.0,0.9941136612806691,0.7253158660603897,0.79364,0,0,stable
P2205__1.0__0___1200,114,t_8_16,216.0,0.0,0.0,4.0,0.8324939264894442,0.715877137498243,0.79364,0,0,stable
P2205__1.0__0___1200,115,t_8_16,240.0,0.0,0.0,4.0,0.9430473788164115,0.7222332333333291,0.79364,0,0,stable
P2205__1.0__0___1200,118,t_8_16,77.0,0.75,0.0,4.0,0.65011037072817,0.8012749035638967,0.79364,0,1,high
P2205__1.0__0___1200,119,t_8_16,77.0,0.0,0.0,0.0,0.9999818262700475,0.47668991776178876,0.79364,1,0,stable
P2205__1.0__0___1200,120,t_8_16,66.0,0.0,0.0,1.0,,0.7830968267043107,0.79364,0,1,stable
P2205__1.0__0___1200,123,t_8_16,80.0,0.0,0.0,0.0,,0.3401371010662159,0.79364,1,0,stable
P2205__1.0__0___1200,124,t_8_16,77.0,0.0,0.0,3.0,0.8721877640810327,0.6333242552982233,0.79364,0,0,stable
P2205__1.0__0___1200,125,t_8_16,70.0,0.5,0.0,1.0,0.9775541985527632,0.4002461591676801,0.79364,1,0,mild
P2205__1.0__0___1200,126,t_8_16,80.00003051757812,0.0,0.0,1.0,,0.6046727344452838,0.79364,0,0,stable
P2205__1.0__0___1200,127,t_8_16,84.0,0.0,0.0,3.0,0.8774500925305105,0.803088000000009,0.79364,0,1,stable
P2205__1.0__0___1200,129,t_8_16,99.0,0.0,0.0,2.0,0.8029577149866363,0.7948674587243207,0.79364,0,1,stable
P2205__1.0__0___1200,130,t_8_16,81.0,0.25,0.25,2.0,0.9111872875108413,0.7719243525774648,0.79364,0,1,mild
P2205__1.0__0___1200,131,t_8_16,72.0,0.0,0.0,0.0,,0.3834775423080177,0.79364,1,0,stable
P2205__1.0__0___1200,132,t_8_16,108.0,0.0,0.0,1.0,,0.697424700229291,0.79364,0,0,stable
P2205__1.0__0___1200,134,t_8_16,80.0,0.5,0.5,0.0,,0.6569889737189761,0.79364,0,0,mild
P2205__1.0__0___1200,135,t_8_16,110.0,0.0,0.0,1.0,,0.5956392000000048,0.79364,0,0,stable
P2205__1.0__0___1200,136,t_8_16,90.0,0.0,0.0,1.0,,0.8465496373829381,0.79364,0,1,stable
P2205__1.0__0___1200,137,t_8_16,81.0,0.0,0.0,1.0,,0.8181306928807318,0.79364,0,1,stable
P2205__1.0__0___1200,138,t_8_16,90.0,0.0,0.0,0.0,,0.245696062304934,0.79364,1,0,stable
P2205__1.0__0___1200,139,t_8_16,90.0,0.0,0.0,1.0,0.9999999930701493,0.4874866815423919,0.79364,1,0,stable
P2205__1.0__0___1200,140,t_8_16,72.0,0.5,0.5,2.0,0.9722091914519814,0.6654318289031389,0.79364,0,0,mild
P2205__1.0__0___1200,141,t_8_16,72.0,0.25,0.25,1.0,,0.5441733236809514,0.79364,0,0,mild
P2205__1.0__0___1200,142,t_8_16,90.0,0.25,0.25,0.0,,0.6151987404894552,0.79364,0,0,mild
P2205__1.0__0___1200,143,t_8_16,70.0,0.0,0.0,1.0,0.9972085879741359,0.46180939132555193,0.79364,1,0,stable
P2205__1.0__0___1200,144,t_8_16,80.0,0.25,0.25,2.0,0.5892407334076422,0.6633270687166896,0.79364,0,0,mild
P2205__1.0__0___1200,145,t_8_16,77.0,0.0,0.0,1.0,0.9975855158172915,0.7182575052092066,0.79364,0,0,stable
P2205__1.0__0___1200,146,t_8_16,72.0,0.0,0.0,1.0,,0.7223794143104252,0.79364,0,0,stable
P2205__1.0__0___1200,147,t_8_16,64.0,0.25,0.25,1.0,,0.588944769991221,0.79364,0,0,mild
P2205__1.0__0___1200,148,t_8_16,72.0,0.25,0.25,1.0,,0.10460681041312317,0.79364,1,0,mild
P2205__1.0__0___1200,149,t_8_16,64.0,0.25,0.25,2.0,0.5865149356904662,0.6303728149779765,0.79364,0,0,mild
P2205__1.0__0___1200,150,t_8_16,90.0,0.25,0.25,1.0,0.9970460206653073,0.7059274712366969,0.79364,0,0,mild
P2205__1.0__0___1200,152,t_8_16,90.0,0.25,0.25,0.0,,0.4619593237237511,0.79364,1,0,mild
P2205__1.0__0___1200,153,t_8_16,120.0,0.0,0.0,3.0,0.9890352939617009,0.8965479137080581,0.79364,0,1,stable
P2205__1.0__0___1200,154,t_8_16,72.0,0.25,0.25,1.0,0.9949941791231107,0.3033108842002256,0.79364,1,0,mild
P2205__1.0__0___1200,155,t_8_16,72.0,0.25,0.0,1.0,,0.704021968063214,0.79364,0,0,mild
P2205__1.0__0___1200,156,t_8_16,70.0,0.25,0.0,3.0,0.8289595386596418,0.6092598630948801,0.79364,0,0,mild
P2205__1.0__0___1200,157,t_8_16,90.0,0.0,0.0,1.0,,0.604895912147709,0.79364,0,0,stable
P2205__1.0__0___1200,158,t_8_16,90.0,0.0,0.0,0.0,,0.2983008990874153,0.79364,1,0,stable
P2205__1.0__0___1200,159,t_8_16,80.0,0.0,0.0,1.0,,0.6682093194981793,0.79364,0,0,stable
P2205__1.0__0___1200,160,t_8_16,80.0,0.5,0.25,2.0,0.9985307406009084,0.7571076129895733,0.79364,0,1,mild
P2205__1.0__0___1200,161,t_8_16,99.0,0.0,0.0,2.0,0.5190823228114356,0.5802481818531999,0.79364,0,0,stable
P2205__1.0__0___1200,162,t_8_16,70.0,0.0,0.0,2.0,0.9480986163583073,0.17755407549437868,0.79364,1,0,stable
P2205__1.0__0___1200,163,t_8_16,88.0,0.25,0.0,2.0,0.6800977672820604,0.5999665478365824,0.79364,0,0,mild
P2205__1.0__0___1200,165,t_8_16,70.0,0.0,0.0,0.0,,0.5407425018785097,0.79364,0,0,stable
P2205__1.0__0___1200,166,t_8_16,72.0,0.25,0.25,1.0,,0.8549073862798929,0.79364,0,1,mild
P2205__1.0__0___1200,167,t_8_16,80.0,0.0,0.0,1.0,,0.47492203329407995,0.79364,1,0,stable
P2205__1.0__0___1200,168,t_8_16,81.0,0.0,0.0,1.0,,0.6875454241482513,0.79364,0,0,stable
P2205__1.0__0___1200,169,t_8_16,90.0,0.0,0.0,1.0,,0.8220262864464267,0.79364,0,1,stable
P2205__1.0__0___1200,171,t_8_16,100.0,0.0,0.0,1.0,0.9843673017635867,0.5953589426982341,0.79364,0,0,stable
P2205__1.0__0___1200,172,t_8_16,80.0,0.0,0.0,1.0,,0.42134774017149323,0.79364,1,0,stable
P2205__1.0__0___1200,173,t_8_16,72.0,0.0,0.0,1.0,,0.794738710250732,0.79364,0,1,stable
P2205__1.0__0___1200,175,t_8_16,90.0,0.5,0.5,1.0,0.9997802140645213,0.5849415060469805,0.79364,0,0,mild
P2205__1.0__0___1200,176,t_8_16,72.0,0.25,0.25,0.0,,0.7510112346682978,0.79364,0,1,mild
P2205__1.0__0___1200,177,t_8_16,72.0,0.25,0.25,0.0,,0.3208752060855773,0.79364,1,0,mild
P2205__1.0__0___1200,178,t_8_16,81.0,0.5,0.5,2.0,0.26164235600807506,0.6089680798746872,0.79364,0,0,mild
P2205__1.0__0___1200,179,t_8_16,72.0,0.25,0.25,0.0,,0.6414633673637935,0.79364,0,0,mild
P2205__1.0__0___1200,180,t_8_16,88.0,0.0,0.0,0.0,,0.3282675325169127,0.79364,1,0,stable
P2205__1.0__0___1200,181,t_8_16,64.0,0.0,0.0,0.0,,0.2999460384166974,0.79364,1,0,stable
P2205__1.0__0___1200,182,t_8_16,72.0,0.0,0.0,1.0,0.9996780380317367,0.7795035164395486,0.79364,0,1,stable
P2205__1.0__0___1200,185,t_8_16,70.0,0.0,0.0,1.0,0.9974115916980966,0.22494293309607863,0.79364,1,0,stable
P2205__1.0__0___1200,186,t_8_16,88.0,0.25,0.25,2.0,0.8958594496152301,0.8124634293662862,0.79364,0,1,mild
P2205__1.0__0___1200,187,t_8_16,99.0,0.25,0.25,0.0,,0.7503775064124633,0.79364,0,1,mild
P2205__1.0__0___1200,188,t_8_16,99.0,0.0,0.0,1.0,,0.7101769522211077,0.79364,0,0,stable
P2205__1.0__0___1200,189,t_8_16,64.0,0.0,0.0,0.0,,0.4284886027596353,0.79364,1,0,stable
P2205__1.0__0___1200,190,t_8_16,80.0,0.5,0.0,2.0,0.5099203385758306,0.6020018730171178,0.79364,0,0,mild
P2205__1.0__0___1200,192,t_8_16,72.0,0.0,0.0,1.0,,0.694059563773994,0.79364,0,0,stable
P2205__1.0__0___1200,193,t_8_16,90.0,0.25,0.25,2.0,0.8831063065661978,0.8887893803673832,0.79364,0,1,mild
P2205__1.0__0___1200,194,t_8_16,64.0,0.0,0.0,1.0,,0.6663906220844157,0.79364,0,0,stable
P2205__1.0__0___1200,195,t_8_16,72.0,0.25,0.25,0.0,,0.853046326554563,0.79364,0,1,mild
P2205__1.0__0___1200,196,t_8_16,80.0,0.25,0.25,2.0,0.5718991415079107,0.5931298667264888,0.79364,0,0,mild
P2205__1.0__0___1200,197,t_8_16,90.0,0.0,0.0,2.0,0.9234494750076141,0.8346124999999908,0.79364,0,1,stable
P2205__1.0__0___1200,198,t_8_16,81.0,0.0,0.0,2.0,0.9999999999909125,0.741742415800115,0.79364,0,0,stable
P2205__1.0__0___1200,199,t_8_16,90.0,0.25,0.25,1.0,,0.8451860666666736,0.79364,0,1,mild
P2205__1.0__0___1200,200,t_8_16,72.0,0.25,0.25,2.0,0.532397039771566,0.6768588823835404,0.79364,0,0,mild
P2205__1.0__0___1200,202,t_8_16,72.0,0.0,0.0,2.0,0.8988931251092998,0.7303208185634357,0.79364,0,0,stable
P2205__1.0__0___1200,204,t_8_16,70.0,0.25,0.0,1.0,0.9998981792468795,0.5426714286037512,0.79364,0,0,mild
P2205__1.0__0___1200,205,t_8_16,100.0,0.0,0.0,1.0,,0.5158594813691866,0.79364,0,0,stable
P2205__1.0__0___1200,206,t_8_16,88.0,0.5,0.25,1.0,,0.399639268699748,0.79364,1,0,mild
P2205__1.0__0___1200,208,t_8_16,80.0,0.5,0.5,2.0,0.022309313182959138,0.7199719253933143,0.79364,0,0,mild
P2205__1.0__0___1200,210,t_8_16,87.99966430664062,0.0,0.0,3.0,0.9604932777741674,0.7841949180881734,0.79364,0,1,stable
P2205__1.0__0___1200,211,t_8_16,99.00033569335938,0.0,0.0,1.0,,0.8736861885652212,0.79364,0,1,stable
P2205__1.0__0___1200,212,t_8_16,80.0,0.25,0.0,0.0,,0.6340640633940248,0.79364,0,0,mild
P2205__1.0__0___1200,214,t_8_16,99.0,0.0,0.0,1.0,,0.8364001606149073,0.79364,0,1,stable
P2205__1.0__0___1200,215,t_8_16,100.0,0.25,0.25,2.0,0.9958588540265986,0.3131223528293033,0.79364,1,0,mild
P2205__1.0__0___1200,217,t_8_16,80.0,0.25,0.25,1.0,0.9982474067547988,0.8787276950392888,0.79364,0,1,mild
P2205__1.0__0___1200,218,t_8_16,72.0,0.0,0.0,1.0,,0.5950557130734819,0.79364,0,0,stable
P2205__1.0__0___1200,219,t_8_16,81.0,0.25,0.25,1.0,,0.5847988520357267,0.79364,0,0,mild
P2205__1.0__0___1200,220,t_8_16,72.0,0.25,0.25,1.0,,0.6350722308522427,0.79364,0,0,mild
P2205__1.0__0___1200,221,t_8_16,80.0,0.5,0.5,1.0,,0.7312622551591387,0.79364,0,0,mild
P2205__1.0__0___1200,222,t_8_16,80.0,0.0,0.0,2.0,0.9976358691626146,0.3280800809965695,0.79364,1,0,stable
P2205__1.0__0___1200,223,t_8_16,90.0,0.5,0.0,2.0,0.4214838908645923,0.6354668417992073,0.79364,0,0,mild
P2205__1.0__0___1200,224,t_8_16,87.99966430664062,0.0,0.0,2.0,0.995294879520287,0.8014078810767077,0.79364,0,1,stable
P2205__1.0__0___1200,225,t_8_16,80.0,0.0,0.0,1.0,,0.8415347904434346,0.79364,0,1,stable
P2205__1.0__0___1200,226,t_8_16,117.0,0.0,0.0,2.0,0.975920922180911,0.668159841759994,0.79364,0,0,stable
P2205__1.0__0___1200,227,t_8_16,99.0,0.0,0.0,1.0,,0.7150039824088847,0.79364,0,0,stable
P2205__1.0__0___1200,228,t_8_16,99.0,0.0,0.0,2.0,0.9999399481675942,0.852450412061237,0.79364,0,1,stable
P2205__1.0__0___1200,229,t_8_16,99.0,0.0,0.0,2.0,0.9060503502999965,0.6726394306262149,0.79364,0,0,stable
P2205__1.0__0___1200,230,t_8_16,80.0,0.25,0.0,2.0,0.9551941611851332,0.3415148000119242,0.79364,1,0,mild
P2205__1.0__0___1200,232,t_8_16,72.0,0.0,0.0,1.0,,0.7061042075815556,0.79364,0,0,stable
P2205__1.0__0___1200,233,t_8_16,80.0,0.0,0.0,2.0,0.9999999999894297,0.74157193012093,0.79364,0,0,stable
P2205__1.0__0___1200,234,t_8_16,90.0,0.25,0.25,1.0,,0.5940427111111133,0.79364,0,0,mild
P2205__1.0__0___1200,235,t_8_16,88.0,0.0,0.0,1.0,,0.4877295298072036,0.79364,1,0,stable
P2205__1.0__0___1200,236,t_8_16,80.0,0.5,0.0,2.0,0.2579471789517392,0.7966001367795469,0.79364,0,1,mild
P2205__1.0__0___1200,237,t_8_16,72.0,0.25,0.0,1.0,,0.0,0.79364,1,0,mild
P2205__1.0__0___1200,238,t_8_16,90.0,0.0,0.0,2.0,0.9999999999941657,0.7967517164136175,0.79364,0,1,stable
P2205__1.0__0___1200,239,t_8_16,77.0,0.5,0.5,2.0,0.19101216340611696,0.0,0.79364,1,0,mild
P2205__1.0__0___1200,240,t_8_16,72.0,0.25,0.25,2.0,0.7107462853136028,0.5811806026367698,0.79364,0,0,mild
P2205__1.0__0___1200,241,t_8_16,80.0,0.0,0.0,1.0,,0.0,0.79364,1,0,stable
P2205__1.0__0___1200,242,t_8_16,72.0,0.0,0.0,1.0,,0.6844905615065162,0.79364,0,0,stable
P2205__1.0__0___1200,243,t_8_16,70.00030517578125,0.5,0.0,4.0,0.6346333120297588,0.7863551639742254,0.79364,0,1,mild
P2205__1.0__0___1200,244,t_8_16,77.0,0.0,0.0,1.0,,0.0,0.79364,1,0,stable
P2205__1.0__0___1200,245,t_8_16,90.0,0.0,0.0,1.0,,0.7853879209816595,0.79364,0,1,stable
P2205__1.0__0___1200,246,t_8_16,72.0,0.25,0.25,1.0,,0.6057878989975035,0.79364,0,0,mild
P2205__1.0__0___1200,247,t_8_16,80.0,0.0,0.0,1.0,,0.7286528251597224,0.79364,0,0,stable
P2205__1.0__0___1200,249,t_8_16,90.0,0.5,0.25,1.0,,0.5305512897237102,0.79364,0,0,mild
P2205__1.0__0___1200,250,t_8_16,90.0,0.0,0.0,1.0,,0.6486389803391799,0.79364,0,0,stable
P2205__1.0__0___1200,251,t_8_16,81.0,0.5,0.5,1.0,,0.6792889684490461,0.79364,0,0,mild
P2205__1.0__0___1200,252,t_8_16,81.0,0.0,0.0,1.0,,0.5880399851995187,0.79364,0,0,stable
P2205__1.0__0___1200,253,t_8_16,80.0,0.5,0.5,2.0,0.8702073887643527,0.3880127949694185,0.79364,1,0,mild
P2205__1.0__0___1200,255,t_8_16,90.0,1.0,1.0,1.0,,0.45645737638126804,0.79364,1,0,high
P2205__1.0__0___1200,256,t_8_16,72.0,0.25,0.25,1.0,0.9999261179874376,0.37217320839155693,0.79364,1,0,mild
P2205__1.0__0___1200,257,t_8_16,72.0,0.0,0.0,1.0,,0.773199753298142,0.79364,0,1,stable
P2205__1.0__0___1200,258,t_8_16,80.0,0.25,0.25,1.0,0.9999956064000759,0.7327428041233375,0.79364,0,0,mild
P2205__1.0__0___1200,259,t_8_16,80.0,0.0,0.0,1.0,,0.5710006102782452,0.79364,0,0,stable
P2205__1.0__0___1200,260,t_8_16,90.0,0.5,0.5,2.0,0.09230958983947771,0.7143053333333441,0.79364,0,0,mild
P2205__1.0__0___1200,262,t_8_16,100.0,0.5,0.5,1.0,0.9554743232941575,0.20804727228415712,0.79364,1,0,mild
P2205__1.0__0___1200,263,t_8_16,70.0,0.75,0.0,2.0,0.11737706702338777,0.7395573902359968,0.79364,0,0,high
P2205__1.0__0___1200,264,t_8_16,80.0,0.0,0.0,1.0,,0.7463175155551726,0.79364,0,0,stable
P2205__1.0__0___1200,265,t_8_16,72.0,0.0,0.0,0.0,,0.37838516823119184,0.79364,1,0,stable
P2205__1.0__0___1200,266,t_8_16,80.0,0.0,0.0,1.0,,0.802327189690816,0.79364,0,1,stable
P2205__1.0__0___1200,267,t_8_16,90.0,0.25,0.0,2.0,0.9999999999393017,0.6727696833610112,0.79364,0,0,mild
P2205__1.0__0___1200,268,t_8_16,81.0,0.0,0.0,1.0,0.9999999999856066,0.6556047266274403,0.79364,0,0,stable
P2205__1.0__0___1200,269,t_8_16,72.0,0.0,0.0,1.0,0.9965352186772408,0.3414978832916121,0.79364,1,0,stable
P2205__1.0__0___1200,270,t_8_16,90.0,0.25,0.25,1.0,0.9988959202181995,0.5751177485803772,0.79364,0,0,mild
P2205__1.0__0___1200,271,t_8_16,90.0,0.75,0.75,0.0,,0.4335701714002266,0.79364,1,0,high
P2205__1.0__0___1200,272,t_8_16,72.0,0.0,0.0,1.0,0.9764090701229678,0.584936930954524,0.79364,0,0,stable
P2205__1.0__0___1200,273,t_8_16,90.00030517578125,0.0,0.0,1.0,,0.5462329328828712,0.79364,0,0,stable
P2205__1.0__0___1200,274,t_8_16,90.0,0.25,0.0,2.0,0.7002328203542184,0.7159369248359924,0.79364,0,0,mild
P2205__1.0__0___1200,275,t_8_16,99.0,0.0,0.0,1.0,,0.7990056860452383,0.79364,0,1,stable
P2205__1.0__0___1200,277,t_8_16,72.0,0.25,0.25,0.0,,0.3951836286069794,0.79364,1,0,mild
P2205__1.0__0___1200,278,t_8_16,72.0,0.0,0.0,1.0,,0.8527010965262379,0.79364,0,1,stable
P2205__1.0__0___1200,279,t_8_16,80.0,0.25,0.25,1.0,0.9822674319286625,0.6356207531711013,0.79364,0,0,mild
P2205__1.0__0___1200,280,t_8_16,72.0,0.25,0.25,1.0,,0.8928987542512451,0.79364,0,1,mild
P2205__1.0__0___1200,281,t_8_16,80.0,0.25,0.25,1.0,,0.33198518373417474,0.79364,1,0,mild
P2205__1.0__0___1200,282,t_8_16,80.0,0.5,0.5,0.0,,0.6325671784675194,0.79364,0,0,mild
P2205__1.0__0___1200,283,t_8_16,81.0,0.25,0.25,2.0,0.6729615185047443,0.6759367714893716,0.79364,0,0,mild
P2205__1.0__0___1200,284,t_8_16,99.00033569335938,0.25,0.0,2.0,0.21781067745247373,0.7784782180690082,0.79364,0,1,mild
P2205__1.0__0___1200,285,t_8_16,100.0,0.0,0.0,0.0,,0.40307538828183287,0.79364,1,0,stable
P2205__1.0__0___1200,286,t_8_16,90.0,0.0,0.0,1.0,,0.6066443196868387,0.79364,0,0,stable
P2205__1.0__0___1200,287,t_8_16,168.0,0.0,0.0,1.0,,0.6987378557850927,0.79364,0,0,stable
P2240__1.0__0___797,0,t_8_16,200.001220703125,0.0,0.0,3.0,0.9994195340856666,0.7226558899999979,0.84081,0,0,stable
P2240__1.0__0___797,1,t_8_16,176.0,0.0,0.0,3.0,0.9995518260445858,0.7133802468068083,0.84081,0,0,stable
P2240__1.0__0___797,2,t_8_16,171.0,0.0,0.0,2.0,0.9989152830168724,0.7063570326275848,0.84081,0,0,stable
P2240__1.0__0___797,3,t_8_16,189.0,0.0,0.0,3.0,0.9998590143407482,0.9210742027227257,0.84081,0,1,stable
P2240__1.0__0___797,4,t_8_16,210.0,0.0,0.0,4.0,0.9992310555023275,0.9042416142275231,0.84081,0,1,stable
P2240__1.0__0___797,5,t_8_16,180.0010986328125,0.0,0.0,4.0,0.9997513646179521,0.8344467804893204,0.84081,0,1,stable
P2240__1.0__0___797,6,t_8_16,153.0,0.0,0.0,2.0,0.9986513713410835,0.8758701260016415,0.84081,0,1,stable
P2240__1.0__0___797,7,t_8_16,207.0,0.25,0.0,3.0,0.996297466445408,0.7439190373345865,0.84081,0,0,mild
P2240__1.0__0___797,8,t_8_16,210.0,0.0,0.0,4.0,0.9994055589024654,0.8196066442797806,0.84081,0,1,stable
P2240__1.0__0___797,9,t_8_16,171.0,0.25,0.0,3.0,0.9886779944145845,0.8770688986387748,0.84081,0,1,mild
P2240__1.0__0___797,10,t_8_16,180.0,0.0,0.0,3.0,0.9974670365975703,0.8596226608544796,0.84081,0,1,stable
P2240__1.0__0___797,11,t_8_16,144.0,0.0,0.0,2.0,0.9637986423666663,0.6702333453012398,0.84081,0,0,stable
P2240__1.0__0___797,12,t_8_16,128.0,0.0,0.0,3.0,0.994574093395382,0.6996737374168914,0.84081,0,0,stable
P2240__1.0__0___797,13,t_8_16,168.0,0.0,0.0,3.0,0.9677116201379188,0.7813204478014969,0.84081,0,1,stable
P2240__1.0__0___797,14,t_8_16,179.99972534179688,0.0,0.0,3.0,0.999396064950176,0.8949523085933764,0.84081,0,1,stable
P2240__1.0__0___797,15,t_8_16,171.0,0.0,0.0,4.0,0.8766032823564437,0.7599020068123288,0.84081,0,1,stable
P2240__1.0__0___797,16,t_8_16,200.0,0.0,0.0,2.0,0.9950152142986086,0.7213753148921805,0.84081,0,0,stable
P2240__1.0__0___797,17,t_8_16,199.99969482421875,0.0,0.0,4.0,0.9983209146738878,0.8042587366119739,0.84081,0,1,stable
P2240__1.0__0___797,18,t_8_16,162.0,0.25,0.0,3.0,0.9626506626316014,0.7352934178497824,0.84081,0,0,mild
P2240__1.0__0___797,19,t_8_16,144.0001220703125,0.0,0.0,3.0,0.617389457627884,0.6731726044733681,0.84081,0,0,stable
P2240__1.0__0___797,20,t_8_16,170.0,0.25,0.0,4.0,0.7476349238066637,0.8324376445910252,0.84081,0,1,mild
P2240__1.0__0___797,21,t_8_16,176.0,0.0,0.0,4.0,0.9854799512378771,0.822553708430986,0.84081,0,1,stable
P2240__1.0__0___797,22,t_8_16,189.0,0.0,0.0,2.0,0.9990629391770237,0.7528068898510936,0.84081,0,1,stable
P2240__1.0__0___797,23,t_8_16,144.0,0.0,0.0,2.0,0.9993770185950532,0.8389282263437989,0.84081,0,1,stable
P2240__1.0__0___797,24,t_8_16,208.99884033203125,0.0,0.0,3.0,0.9978732287670165,0.7368882631578927,0.84081,0,0,stable
P2240__1.0__0___797,25,t_8_16,144.0,0.0,0.0,2.0,0.999238604232312,0.8640328306489707,0.84081,0,1,stable
P2240__1.0__0___797,26,t_8_16,225.0,0.0,0.0,3.0,0.995403328500864,0.7994591621659407,0.84081,0,1,stable
P2240__1.0__0___797,27,t_8_16,210.0,0.0,0.0,3.0,0.9989136665387153,0.7561227285714271,0.84081,0,1,stable
P2240__1.0__0___797,28,t_8_16,190.0,0.0,0.0,3.0,0.9951234916377567,0.8693530674034252,0.84081,0,1,stable
P2240__1.0__0___797,29,t_8_16,210.0,0.25,0.25,3.0,0.8941700173060687,0.7811161477061682,0.84081,0,1,mild
P2240__1.0__0___797,30,t_8_16,153.0,0.25,0.0,2.0,0.996756232938207,0.8919300553584775,0.84081,0,1,mild
P2240__1.0__0___797,31,t_8_16,153.0,0.0,0.0,3.0,0.7637086908430603,0.8909880693362247,0.84081,0,1,stable
P2240__1.0__0___797,32,t_8_16,140.0,0.0,0.0,3.0,0.916591447656935,0.6688251904910427,0.84081,0,0,stable
P2240__1.0__0___797,33,t_8_16,187.0,0.0,0.0,3.0,0.9630139001227763,0.7646875745488612,0.84081,0,1,stable
P2240__1.0__0___797,34,t_8_16,133.0,0.0,0.0,5.0,0.9886648515496193,0.6884718617160293,0.84081,0,0,stable
P2240__1.0__0___797,35,t_8_16,231.0,0.0,0.0,3.0,0.9960201998634741,0.8258040000000001,0.84081,0,1,stable
P2240__1.0__0___797,36,t_8_16,231.0,0.25,0.0,4.0,0.884956514185896,0.7754669913419914,0.84081,0,1,mild
P2240__1.0__0___797,37,t_8_16,168.0,0.0,0.0,2.0,0.9906709893233826,0.8614476389844798,0.84081,0,1,stable
P2240__1.0__0___797,38,t_8_16,190.00115966796875,0.0,0.0,3.0,0.9951860973292846,0.8621208486156258,0.84081,0,1,stable
P2240__1.0__0___797,39,t_8_16,189.0,0.25,0.0,3.0,0.9922935098136159,0.8051460071668363,0.84081,0,1,mild
P2240__1.0__0___797,40,t_8_16,171.0,0.25,0.0,2.0,0.9920176350984496,0.8092208152857133,0.84081,0,1,mild
P2240__1.0__0___797,41,t_8_16,198.00106811337173,0.0,0.0,4.0,0.9984780229051603,0.8746922057781539,0.84081,0,1,stable
P2240__1.0__0___797,42,t_8_16,159.999755859375,0.0,0.0,3.0,0.9880758576404215,0.8998778381574166,0.84081,0,1,stable
P2240__1.0__0___797,43,t_8_16,143.999755859375,0.0,0.0,3.0,0.9995433523237589,0.8515658226703241,0.84081,0,1,stable
P2240__1.0__0___797,44,t_8_16,180.0,0.25,0.0,4.0,0.9980620713998433,0.9040970111111081,0.84081,0,1,mild
P2240__1.0__0___797,45,t_8_16,190.0,0.0,0.0,3.0,0.9881105715032695,0.790150824861352,0.84081,0,1,stable
P2240__1.0__0___797,46,t_8_16,231.0,0.0,0.0,3.0,0.9971156682687301,0.7857856038059733,0.84081,0,1,stable
P2240__1.0__0___797,47,t_8_16,168.0,0.25,0.25,3.0,0.9989019904660316,0.7989794323999291,0.84081,0,1,mild
P2240__1.0__0___797,48,t_8_16,228.0,0.0,0.0,3.0,0.9953749916376968,0.732164720793748,0.84081,0,0,stable
P2240__1.0__0___797,49,t_8_16,119.0,0.0,0.0,5.0,0.7988997157088181,0.7254961827078872,0.84081,0,0,stable
P2240__1.0__0___797,50,t_8_16,200.0,0.0,0.0,3.0,0.9989524047581492,0.8547720300000011,0.84081,0,1,stable
P2240__1.0__0___797,51,t_8_16,180.0,0.0,0.0,2.0,0.9988472849188912,0.790393739816665,0.84081,0,1,stable
P2240__1.0__0___797,52,s_16_32,264.0,0.0,0.0,4.0,0.997834655601591,0.7242260227272725,0.84081,0,0,stable
P2240__1.0__0___797,53,t_8_16,162.0,0.25,0.0,3.0,0.9955667293561807,0.950730516053577,0.84081,0,1,mild
P2240__1.0__0___797,54,t_8_16,216.0,0.0,0.0,2.0,0.9989970856923657,0.7277346803315574,0.84081,0,0,stable
P2240__1.0__0___797,56,t_8_16,195.99994659423828,0.0,0.0,5.0,0.9864844718062502,0.921000612244899,0.84081,0,1,stable
P2271__1.0__2400___1800,0,t_8_16,81.0000171661377,0.25,0.25,1.0,,0.6723745351978023,0.6981,0,0,mild
P2271__1.0__2400___1800,12,t_8_16,77.0,0.0,0.0,1.0,0.9999999999892026,0.7263169338184947,0.6981,0,0,stable
P2271__1.0__2400___1800,15,t_8_16,90.00001907348633,0.5,0.5,2.0,0.4973692632340457,0.8526528000000035,0.6981,0,1,mild
P2271__1.0__2400___1800,16,t_8_16,81.0,0.0,0.0,1.0,,0.8996284444082939,0.6981,0,1,stable
P2271__1.0__2400___1800,17,t_8_16,110.0,0.25,0.0,2.0,0.9495720699091863,0.7326265575944089,0.6981,0,0,mild
P2271__1.0__2400___1800,18,t_8_16,81.0,0.25,0.25,2.0,0.6095465284273952,0.6954885652494515,0.6981,0,0,mild
P2271__1.0__2400___1800,19,t_8_16,100.0,0.25,0.0,3.0,0.7376169287957209,0.7886881528596488,0.6981,0,1,mild
P2271__1.0__2400___1800,20,t_8_16,70.0,0.25,0.0,3.0,0.9921097480501322,0.7559271690211892,0.6981,0,1,mild
P2271__1.0__2400___1800,21,t_8_16,110.0,0.5,0.0,3.0,0.24739957955613745,0.774916992062796,0.6981,0,1,mild
P2481__1.0__1200___0,0,t_8_16,88.0,0.0,0.0,1.0,,0.9134730789627936,0.74781,0,1,stable
P2481__1.0__1200___0,1,t_8_16,112.0,0.0,0.0,3.0,0.9400578267971093,0.688686830357141,0.74781,0,0,stable
P2481__1.0__1200___0,3,t_8_16,112.00048828125,0.0,0.0,5.0,0.53325247184661,0.7358986607142859,0.74781,0,0,stable
P2481__1.0__1200___0,4,t_8_16,110.0,0.0,0.0,1.0,,0.6433864529588518,0.74781,0,0,stable
P2481__1.0__1200___0,5,t_8_16,112.0,0.0,0.0,2.0,0.9474911662654908,0.6062159884348378,0.74781,0,0,stable
P2481__1.0__1200___0,6,t_8_16,84.0,0.0,0.0,2.0,0.9045146038681265,0.7529410467846387,0.74781,0,1,stable
P2481__1.0__1200___0,8,t_8_16,70.00042724609375,0.0,0.0,1.0,0.9999998742758258,0.748399996590779,0.74781,0,0,stable
P2481__1.0__1200___0,9,t_8_16,89.99984741210938,0.0,0.0,2.0,0.9589666871277537,0.7013213018320541,0.74781,0,0,stable
P2481__1.0__1200___0,12,t_8_16,70.0,0.25,0.0,2.0,0.5907250147618753,0.772190342857136,0.74781,0,1,mild
P2481__1.0__1200___0,13,t_8_16,66.0,0.0,0.0,1.0,,0.8384035471749031,0.74781,0,1,stable
P2481__1.0__1200___0,15,t_8_16,117.0,0.0,0.0,3.0,0.9810888849771953,0.6606916097905674,0.74781,0,0,stable
P2481__1.0__1200___0,16,t_8_16,78.00009155273438,0.0,0.0,5.0,0.9185399115750876,0.7454256878656484,0.74781,0,0,stable
P2481__1.0__1200___0,19,t_8_16,136.0,0.25,0.25,2.0,0.8655850580014507,0.6284423222380382,0.74781,0,0,mild
P2481__1.0__1200___0,21,t_8_16,80.0,0.0,0.0,1.0,,0.6347904961326004,0.74781,0,0,stable
P2481__1.0__1200___0,22,t_8_16,162.0,0.0,0.0,3.0,0.9992109245079072,0.8126403692471164,0.74781,0,1,stable
P2481__1.0__1200___0,25,t_8_16,72.0,0.0,0.0,1.0,,0.7462287517080031,0.74781,0,0,stable
P2481__1.0__1200___0,26,t_8_16,195.00039672851562,0.0,0.0,4.0,0.9373997161514179,0.8295098312501654,0.74781,0,1,stable
P2481__1.0__1200___0,28,t_8_16,70.0,0.5,0.5,5.0,0.23924670361261444,0.631826786884714,0.74781,0,0,mild
P2481__1.0__1200___0,29,t_8_16,72.0,0.0,0.0,1.0,,0.6421027291529144,0.74781,0,0,stable
P2481__1.0__1200___0,31,t_8_16,126.0,0.0,0.0,5.0,0.9833434821683745,0.6921950904718028,0.74781,0,0,stable
P2481__1.0__1200___0,32,t_8_16,84.0,0.0,0.0,1.0,,0.7994717563218136,0.74781,0,1,stable
P2481__1.0__1200___0,33,t_8_16,84.0,0.0,0.0,3.0,0.9885665377811903,0.7402131017564787,0.74781,0,0,stable
P2481__1.0__1200___0,36,t_8_16,119.99969482421875,0.0,0.0,2.0,0.885486669223809,0.6360301364189415,0.74781,0,0,stable
P2481__1.0__1200___0,37,t_8_16,121.0,0.0,0.0,2.0,0.947790634253525,0.7055476459538924,0.74781,0,0,stable
P2481__1.0__1200___0,38,t_8_16,110.00097656436265,0.0,0.0,0.0,,0.6055875326779864,0.74781,0,0,stable
P2481__1.0__1200___0,39,t_8_16,70.0,0.0,0.0,3.0,0.9996955025453891,0.7533772535413373,0.74781,0,1,stable
P2523__1.0__991___0,0,t_8_16,130.0,0.5,0.0,3.0,0.006271474705587626,0.667304384615386,0.80553,0,0,mild
P2523__1.0__991___0,1,t_8_16,240.0,0.0,0.0,5.0,0.7768221266421084,0.5836080333333327,0.80553,0,0,stable
P2523__1.0__991___0,2,t_8_16,240.0,0.0,0.0,3.0,0.9933295350611769,0.5160714124999997,0.80553,0,0,stable
P2523__1.0__991___0,3,s_16_32,260.0,0.0,0.0,5.0,0.7880211122308758,0.5615735730769215,0.80553,0,0,stable
P2523__1.0__991___0,4,s_16_32,286.0,0.0,0.0,3.0,0.9523044830926898,0.4543868531468532,0.80553,1,0,stable
P2523__1.0__991___0,5,t_8_16,210.00030517578125,0.0,0.0,3.0,0.437782109933245,0.6545487619047624,0.80553,0,0,stable
P2523__1.0__991___0,6,s_16_32,260.0,0.0,0.0,4.0,0.9841748631317746,0.6335326153846152,0.80553,0,0,stable
P2523__1.0__991___0,7,t_8_16,219.99969482421875,0.5,0.0,7.0,0.10186547674357276,0.65341810079925,0.80553,0,0,mild
P2523__1.0__991___0,8,t_8_16,150.0,0.0,0.0,3.0,0.6654731956038317,0.5158532133333348,0.80553,0,0,stable
P2523__1.0__991___0,9,t_8_16,228.0,0.0,0.0,3.0,0.9864657175499786,0.6622961535087725,0.80553,0,0,stable
P2523__1.0__991___0,10,t_8_16,140.0,0.25,0.0,3.0,0.36794403011834065,0.5977291857142867,0.80553,0,0,mild
P2523__1.0__991___0,11,t_8_16,228.0,0.0,0.0,4.0,0.9826055072774074,0.5905700877192982,0.80553,0,0,stable
P2523__1.0__991___0,12,t_8_16,198.0,0.0,0.0,3.0,0.9726063169348833,0.0,0.80553,1,0,stable
P2523__1.0__991___0,13,t_8_16,130.0,0.0,0.0,2.0,0.6822753007586356,0.3817795692307682,0.80553,1,0,stable
P2523__1.0__991___0,14,t_8_16,180.0,0.0,0.0,3.0,0.9656768302156696,0.08894951250392137,0.80553,1,0,stable
P2523__1.0__991___0,15,t_8_16,240.0,0.0,0.0,4.0,0.9854164830113806,0.689027244535263,0.80553,0,0,stable
P2523__1.0__991___0,16,t_8_16,209.00007247924805,0.0,0.0,3.0,0.6155172817828254,0.43859965550239227,0.80553,1,0,stable
P2523__1.0__991___0,17,t_8_16,188.9999599456787,0.25,0.0,3.0,0.921173679496113,0.2995560423280424,0.80553,1,0,mild
P2523__1.0__991___0,18,t_8_16,162.0,0.25,0.0,3.0,0.9238465882915876,0.6419749382716051,0.80553,0,0,mild
P2523__1.0__991___0,19,t_8_16,208.99997901916504,0.0,0.0,2.0,0.937819924631315,0.38610399999999967,0.80553,1,0,stable
P2523__1.0__991___0,20,t_8_16,159.999755859375,0.0,0.0,3.0,0.9519876677920683,0.5062836187499996,0.80553,0,0,stable
P2523__1.0__991___0,21,t_8_16,230.0,0.0,0.0,4.0,0.2600509165678705,0.5226715070620436,0.80553,0,0,stable
P2523__1.0__991___0,22,t_8_16,131.99932861328125,0.0,0.0,1.0,,0.4462293333333332,0.80553,1,0,stable
P2523__1.0__991___0,23,t_8_16,171.0,0.0,0.0,2.0,0.9986503296037936,0.5947760797398922,0.80553,0,0,stable
P2523__1.0__991___0,24,t_8_16,176.0,0.5,0.25,4.0,0.7373986065151751,0.5610667143151316,0.80553,0,0,mild
P2523__1.0__991___0,25,t_8_16,188.9999656677246,0.0,0.0,3.0,0.9918038510104652,0.6073281382113657,0.80553,0,0,stable
P2523__1.0__991___0,26,t_8_16,180.0,0.0,0.0,2.0,0.9997493493159096,0.6926538666666615,0.80553,0,0,stable
P2523__1.0__991___0,27,t_8_16,247.00115966796875,0.0,0.0,6.0,0.988073496371333,0.583197376518219,0.80553,0,0,stable
P2523__1.0__991___0,28,t_8_16,198.0,0.0,0.0,2.0,0.9521304303088229,0.4537749513229144,0.80553,1,0,stable
P2523__1.0__991___0,29,t_8_16,198.0,0.0,0.0,4.0,0.9092166438745379,0.8574510399905357,0.80553,0,1,stable
P2523__1.0__991___0,30,t_8_16,208.99884033203125,0.0,0.0,3.0,0.29103546746452535,0.0028921676526976873,0.80553,1,0,stable
P2523__1.0__991___0,31,s_16_32,276.0,0.0,0.0,6.0,0.6444262172700493,0.5529279420289857,0.80553,0,0,stable
P2523__1.0__991___0,32,t_8_16,180.0,0.0,0.0,2.0,0.8293381863454807,0.4921522420454693,0.80553,1,0,stable
P2523__1.0__991___0,33,t_8_16,143.0,0.0,0.0,2.0,0.9679893259043312,0.3727542587412581,0.80553,1,0,stable
P2523__1.0__991___0,34,s_16_32,340.0,0.0,0.0,6.0,0.5515190953709188,0.6024177176470574,0.80553,0,0,stable
P2523__1.0__991___0,35,t_8_16,104.000244140625,0.75,0.75,0.0,,0.49973278857953585,0.80553,1,0,high
P2523__1.0__991___0,36,t_8_16,84.0,0.0,0.0,2.0,0.9953007735362196,0.6179737976190441,0.80553,0,0,stable
P2523__1.0__991___0,37,t_8_16,77.0,0.25,0.0,2.0,0.9192394114802788,0.14197574709390695,0.80553,1,0,mild
P2523__1.0__991___0,38,t_8_16,147.00016021728516,0.25,0.0,6.0,0.7648617940234647,0.47107443537414934,0.80553,1,0,mild
P2523__1.0__991___0,39,t_8_16,220.0,0.0,0.0,4.0,0.9710499805558221,0.5780172545454549,0.80553,0,0,stable
P2523__1.0__991___0,40,t_8_16,184.0,0.25,0.25,1.0,0.9999985731427564,0.2045991029585811,0.80553,1,0,mild
P2523__1.0__991___0,41,t_8_16,189.0000400543213,0.25,0.0,3.0,0.39644264859679385,0.307539594198471,0.80553,1,0,mild
P2523__1.0__991___0,42,t_8_16,220.00004577635264,0.0,0.0,4.0,0.9997452811875961,0.5051825181818184,0.80553,0,0,stable
P2523__1.0__991___0,43,t_8_16,176.0,0.0,0.0,4.0,0.9858852664351778,0.6369163125000004,0.80553,0,0,stable
P2523__1.0__991___0,44,t_8_16,198.0,0.0,0.0,3.0,0.7859603145076193,0.4256563636363634,0.80553,1,0,stable
P2523__1.0__991___0,45,t_8_16,99.0,0.25,0.0,1.0,,0.5719711818181809,0.80553,0,0,mild
P2523__1.0__991___0,46,t_8_16,204.0,0.0,0.0,5.0,0.8482901530120419,0.6272481176470577,0.80553,0,0,stable
P2523__1.0__991___0,47,t_8_16,224.0,0.0,0.0,4.0,0.9931999446953891,0.6988527901785695,0.80553,0,0,stable
P2523__1.0__991___0,48,t_8_16,252.0,0.0,0.0,7.0,0.8278280407913083,0.7156344087282098,0.80553,0,0,stable
P2523__1.0__991___0,49,t_8_16,169.99948120117188,0.0,0.0,3.0,0.9745500879090665,0.0,0.80553,1,0,stable
P2523__1.0__991___0,50,s_16_32,273.0,0.0,0.0,4.0,0.9810157630536198,0.5451967252747252,0.80553,0,0,stable
P2523__1.0__991___0,51,t_8_16,239.9993896484375,0.0,0.0,5.0,0.934556296110671,0.3915280000000003,0.80553,1,0,stable
P2523__1.0__991___0,52,t_8_16,162.0,0.0,0.0,3.0,0.5145762092773871,0.6868740370370391,0.80553,0,0,stable
P2523__1.0__991___0,53,t_8_16,179.99969482421875,0.25,0.0,5.0,0.4061146941498182,0.6569031166666651,0.80553,0,0,mild
P2523__1.0__991___0,54,t_8_16,219.99966430664062,0.25,0.0,0.0,0.976314702686275,0.5767218766642125,0.80553,0,0,mild
P2523__1.0__991___0,55,t_8_16,179.99969482421875,0.25,0.25,3.0,,0.46143549989477617,0.80553,1,0,mild
P2523__1.0__991___0,56,s_16_32,286.0,0.0,0.0,7.0,0.43303150893348064,0.4601738321678294,0.80553,1,0,stable
P2523__1.0__991___0,57,t_8_16,152.0,0.5,0.5,1.0,,0.7673619347980563,0.80553,0,1,mild
P2523__1.0__991___0,58,t_8_16,242.0,0.0,0.0,4.0,0.9995164308894142,0.5185723925619833,0.80553,0,0,stable
P2523__1.0__991___0,59,t_8_16,140.0008544921875,0.25,0.0,5.0,0.5635659841797414,0.0,0.80553,1,0,mild
P2523__1.0__991___0,60,t_8_16,108.000732421875,0.25,0.25,1.0,,0.4588897827835801,0.80553,1,0,mild
P2644__1.0__3000___1800,0,t_8_16,128.0,0.5,0.5,0.0,,0.8284248245929955,0.77691,0,1,mild
P2644__1.0__3000___1800,1,t_8_16,119.99951171875,0.25,0.25,2.0,0.9909829628122041,0.8508133433836867,0.77691,0,1,mild
P2644__1.0__3000___1800,2,t_8_16,143.99993133544922,0.0,0.0,2.0,0.9960935484780652,0.7809167994481008,0.77691,0,1,stable
P2644__1.0__3000___1800,3,s_16_32,910.0,0.0,0.0,10.0,0.971490175475067,0.6563836384615382,0.78463,0,0,stable
P2644__1.0__3000___1800,4,s_16_32,928.0,0.0,0.0,10.0,0.9953747215743489,0.7738647778375735,0.78463,0,1,stable
P2644__1.0__3000___1800,5,t_8_16,130.0,0.0,0.0,2.0,0.9976164396373509,0.7434806862452212,0.77691,0,0,stable
P2644__1.0__3000___1800,6,t_8_16,117.0,0.0,0.0,2.0,0.9125986767457575,0.7675803333333274,0.77691,0,1,stable
P2644__1.0__3000___1800,7,t_8_16,126.0,0.0,0.0,1.0,,0.8323455238095183,0.77691,0,1,stable
P2644__1.0__3000___1800,8,t_8_16,175.9990234375,0.25,0.0,2.0,0.8781665987023275,0.727758777722521,0.77691,0,0,mild
P2644__1.0__3000___1800,9,t_8_16,140.0008544921875,0.25,0.25,2.0,0.642140763266677,0.6907728297208862,0.77691,0,0,mild
P2644__1.0__3000___1800,10,t_8_16,154.0,0.0,0.0,1.0,0.9999911724043425,0.767913545454539,0.77691,0,1,stable
P2644__1.0__3000___1800,11,t_8_16,140.0,0.0,0.0,3.0,0.9402965816776842,0.765904226673301,0.77691,0,1,stable
P2644__1.0__3000___1800,12,t_8_16,135.0,0.0,0.0,1.0,0.9999999995296872,0.7414193185185105,0.77691,0,0,stable
P2644__1.0__3000___1800,13,t_8_16,130.0,0.0,0.0,1.0,,0.795169999999996,0.77691,0,1,stable
P2644__1.0__3000___1800,14,t_8_16,150.0,0.25,0.0,2.0,0.7197165713321496,0.741985140000003,0.77691,0,0,mild
P2644__1.0__3000___1800,15,t_8_16,108.000732421875,0.25,0.25,1.0,0.999592855259665,0.5348361107987818,0.77691,0,0,mild
P2644__1.0__3000___1800,16,t_8_16,110.0,0.25,0.0,2.0,0.7409187609657348,0.7794782939136115,0.77691,0,1,mild
P2644__1.0__3000___1800,17,t_8_16,99.0,0.0,0.0,2.0,,0.7699165481206742,0.77691,0,1,stable
P2644__1.0__3000___1800,18,t_8_16,103.99920654296875,0.0,0.0,4.0,0.9979974085196799,0.7536973863937978,0.77691,0,1,stable
P2644__1.0__3000___1800,19,t_8_16,84.0,0.0,0.0,1.0,0.9847255188929385,0.7337872932635545,0.77691,0,0,stable
P2644__1.0__3000___1800,20,t_8_16,72.0,0.25,0.0,3.0,0.3766768346314613,0.7262195509201004,0.77691,0,0,mild
P2644__1.0__3000___1800,21,t_8_16,84.0,0.0,0.0,1.0,0.99999654388798,0.7489296296369375,0.77691,0,0,stable
P2644__1.0__3000___1800,22,t_8_16,108.0,0.0,0.0,1.0,0.9999999977560015,0.7998786939380594,0.77691,0,1,stable
P2644__1.0__3000___1800,23,t_8_16,165.0,0.0,0.0,1.0,0.999898473089857,0.6704919573935008,0.77691,0,0,stable
P2644__1.0__3000___1800,24,t_8_16,120.0,0.0,0.0,2.0,0.9924526092462073,0.793260202138037,0.77691,0,1,stable
P2644__1.0__3000___1800,25,t_8_16,117.0,0.25,0.25,1.0,0.9999996487001692,0.7550860687282095,0.77691,0,1,mild
P2644__1.0__3000___1800,26,t_8_16,104.0,0.25,0.25,1.0,,0.8335776505745568,0.77691,0,1,mild
P2644__1.0__3000___1800,27,t_8_16,84.0,0.0,0.0,3.0,0.7128272321430208,0.6484894457416293,0.77691,0,0,stable
P2644__1.0__3000___1800,28,t_8_16,104.0,0.25,0.25,3.0,0.8121761576768852,0.8720096271377669,0.77691,0,1,mild
P2644__1.0__3000___1800,29,t_8_16,112.0,0.25,0.25,2.0,0.9788361374296206,0.8374342632721828,0.77691,0,1,mild
P2644__1.0__3000___1800,30,t_8_16,84.0,0.0,0.0,1.0,0.9999350830242666,0.614915240792449,0.77691,0,0,stable
P2644__1.0__3000___1800,33,t_8_16,99.0,0.0,0.0,2.0,0.9794031576320256,0.6835589090909039,0.77691,0,0,stable
P2644__1.0__3000___1800,34,t_8_16,90.0,0.0,0.0,1.0,,0.7828739847898832,0.77691,0,1,stable
P2644__1.0__3000___1800,35,t_8_16,70.0,0.3333333333333333,0.3333333333333333,2.0,0.45864517425888907,0.7981526824577603,0.77691,0,1,mild
P2644__1.0__3000___1800,36,t_8_16,88.0,0.5,0.5,1.0,,0.8607019841039394,0.77691,0,1,mild
P2644__1.0__3000___1800,37,t_8_16,130.0,0.0,0.0,3.0,0.9726777833876332,0.7043523923076968,0.77691,0,0,stable
P2644__1.0__3000___1800,38,t_8_16,167.9991455078125,0.0,0.0,1.0,0.9999400950651326,0.5352906071428604,0.77691,0,0,stable
P2644__1.0__3000___1800,39,t_8_16,117.0,0.25,0.0,3.0,0.3774061804202706,0.8412255811732207,0.77691,0,1,mild
P2644__1.0__3000___1800,40,t_8_16,66.0,0.0,0.0,1.0,0.9999999906981357,0.6269865856220006,0.77691,0,0,stable
P2644__1.0__3000___1800,41,t_8_16,66.0,0.0,0.0,2.0,0.9999982408513975,0.5983783203224519,0.77691,0,0,stable
P2644__1.0__3000___1800,42,t_8_16,96.0,0.25,0.25,1.0,0.9999917881539673,0.9007103480103628,0.77691,0,1,mild
P2644__1.0__3000___1800,43,t_8_16,99.0,0.0,0.0,1.0,,0.7411718531609378,0.77691,0,0,stable
P2644__1.0__3000___1800,44,t_8_16,96.0,0.0,0.0,2.0,,0.7727507606697613,0.77691,0,1,stable
P2644__1.0__3000___1800,45,t_8_16,70.0,0.0,0.0,2.0,0.9653480627678434,0.48721019772723595,0.77691,1,0,stable
P2644__1.0__3000___1800,46,t_8_16,108.0,0.0,0.0,1.0,0.9998047312665757,0.6748194949626111,0.77691,0,0,stable
P2644__1.0__3000___1800,47,t_8_16,90.0,0.0,0.0,1.0,0.9999778513753981,0.6309847746497886,0.77691,0,0,stable
P2644__1.0__3000___1800,49,t_8_16,88.0,0.25,0.25,0.0,,0.4368145972926706,0.77691,1,0,mild
P2644__1.0__3000___1800,51,t_8_16,103.99993896484375,0.0,0.0,2.0,0.9201789709870974,0.8148824523250948,0.77691,0,1,stable
P2644__1.0__3000___1800,52,t_8_16,99.0,0.0,0.0,1.0,,0.7139840753038207,0.77691,0,0,stable
P2644__1.0__3000___1800,53,t_8_16,108.0,0.25,0.25,1.0,,0.6655330590182398,0.77691,0,0,mild
P2644__1.0__3000___1800,54,t_8_16,70.0,0.25,0.0,1.0,0.9998786639363116,0.5820802310120106,0.77691,0,0,mild
P2644__1.0__3000___1800,55,t_8_16,87.9998779296875,0.25,0.25,2.0,0.4421449320578941,0.7211445177925401,0.77691,0,0,mild
P2644__1.0__3000___1800,56,t_8_16,126.0,0.0,0.0,3.0,0.9719856643821839,0.9011685079365095,0.77691,0,1,stable
P2644__1.0__3000___1800,57,t_8_16,95.9996337890625,0.0,0.0,2.0,0.9962068258067416,0.8502592442233685,0.77691,0,1,stable
P2644__1.0__3000___1800,58,t_8_16,150.0,0.0,0.0,2.0,0.9474143469693147,0.7221798525101536,0.77691,0,0,stable
P2644__1.0__3000___1800,59,t_8_16,140.0,0.0,0.0,1.0,,0.739275663790521,0.77691,0,0,stable
P2644__1.0__3000___1800,60,t_8_16,140.0,0.0,0.0,1.0,,0.8423521295161958,0.77691,0,1,stable
P2644__1.0__3000___1800,61,t_8_16,96.0,0.0,0.0,2.0,0.5568229052557243,0.7227731033180209,0.77691,0,0,stable
P2644__1.0__3000___1800,62,t_8_16,130.0,0.0,0.0,2.0,0.9915764526781177,0.8850148676657269,0.77691,0,1,stable
P2644__1.0__3000___1800,63,t_8_16,96.0,0.25,0.25,1.0,,0.7115555013445445,0.77691,0,0,mild
P2644__1.0__3000___1800,64,t_8_16,96.0,0.0,0.0,1.0,0.9998179090091922,0.6737032605054775,0.77691,0,0,stable
P2644__1.0__3000___1800,65,t_8_16,110.0,0.5,0.0,2.0,0.7494757189880145,0.7386753524386931,0.77691,0,0,mild
P2644__1.0__3000___1800,66,t_8_16,108.0,0.0,0.0,1.0,,0.850316553363219,0.77691,0,1,stable
P2644__1.0__3000___1800,67,t_8_16,130.0,0.0,0.0,1.0,0.9998908761562167,0.8143627629691716,0.77691,0,1,stable
P2644__1.0__3000___1800,68,t_8_16,140.0,0.25,0.0,3.0,0.3839956893334654,0.8388359648579068,0.77691,0,1,mild
P2644__1.0__3000___1800,69,t_8_16,88.0,0.5,0.0,2.0,0.3338311259840799,0.681491428502837,0.77691,0,0,mild
P2644__1.0__3000___1800,70,t_8_16,104.0,0.5,0.5,0.0,,0.7258834821270161,0.77691,0,0,mild
P2644__1.0__3000___1800,71,t_8_16,160.0,0.0,0.0,2.0,0.9860186918659675,0.7971798937500002,0.77691,0,1,stable
P2644__1.0__3000___1800,72,t_8_16,180.0,0.0,0.0,3.0,0.9748382044635298,0.8064667298936584,0.77691,0,1,stable
P2644__1.0__3000___1800,73,t_8_16,105.0,0.0,0.0,1.0,0.8168485490532129,0.6854671635248875,0.77691,0,0,stable
P2644__1.0__3000___1800,74,t_8_16,149.99954223632812,0.0,0.0,2.0,0.970966838232525,0.7586888188406883,0.77691,0,1,stable
P2644__1.0__3000___1800,75,t_8_16,117.0,0.0,0.0,0.0,,0.7820227400240376,0.77691,0,1,stable
P2644__1.0__3000___1800,76,t_8_16,77.0,0.0,0.0,3.0,0.9999994067360226,0.6574056369340253,0.77691,0,0,stable
P2644__1.0__3000___1800,77,t_8_16,88.0,0.5,0.5,0.0,,0.7840672031063654,0.77691,0,1,mild
P2644__1.0__3000___1800,78,t_8_16,96.0,0.0,0.0,1.0,,0.6223692331162852,0.77691,0,0,stable
P2644__1.0__3000___1800,79,t_8_16,126.00042724609375,0.0,0.0,2.0,0.9236977954819973,0.8139059602612159,0.77691,0,1,stable
P2644__1.0__3000___1800,80,t_8_16,108.0,0.0,0.0,1.0,,0.6925598185932447,0.77691,0,0,stable
P2644__1.0__3000___1800,82,t_8_16,84.0,0.25,0.0,3.0,0.45443764139935666,0.6595398449305591,0.77691,0,0,mild
P2644__1.0__3000___1800,83,t_8_16,95.99993896484375,0.0,0.0,1.0,,0.587698648281984,0.77691,0,0,stable
P2644__1.0__3000___1800,84,t_8_16,96.0,0.25,0.25,1.0,,0.7950040887347359,0.77691,0,1,mild
P2644__1.0__3000___1800,85,t_8_16,104.00018310546875,0.0,0.0,2.0,0.9760076527123563,0.608352681423541,0.77691,0,0,stable
P2644__1.0__3000___1800,86,t_8_16,88.0,0.5,0.0,2.0,0.136694148682085,0.750901331758846,0.77691,0,1,mild
P2644__1.0__3000___1800,87,t_8_16,117.0,0.5,0.5,2.0,0.19393856883448468,0.8743606157672499,0.77691,0,1,mild
P2644__1.0__3000___1800,89,t_8_16,126.0,0.0,0.0,2.0,0.9724101050425362,0.7087936341395366,0.77691,0,0,stable
P2644__1.0__3000___1800,90,t_8_16,88.0,0.0,0.0,2.0,0.9885357832398006,0.6209039198438357,0.77691,0,0,stable
P2644__1.0__3000___1800,91,t_8_16,104.0,0.25,0.25,1.0,,0.5996135651173138,0.77691,0,0,mild
P2644__1.0__3000___1800,92,t_8_16,112.0,0.0,0.0,2.0,0.9830577659784144,0.7867614841946168,0.77691,0,1,stable
P2644__1.0__3000___1800,93,t_8_16,117.0,0.0,0.0,1.0,,0.8956333355116479,0.77691,0,1,stable
P2644__1.0__3000___1800,94,t_8_16,117.0,0.0,0.0,2.0,0.9999593816976399,0.785468636285833,0.77691,0,1,stable
P2644__1.0__3000___1800,95,t_8_16,99.00033569335938,0.25,0.25,2.0,0.018233767822513097,0.704152071810993,0.77691,0,0,mild
P2644__1.0__3000___1800,96,t_8_16,126.0,0.25,0.25,1.0,0.9999999177188535,0.7778797740221072,0.77691,0,1,mild
P2644__1.0__3000___1800,97,t_8_16,130.00030517578125,0.0,0.0,2.0,0.9544123944369906,0.6697895435603907,0.77691,0,0,stable
P2644__1.0__3000___1800,98,t_8_16,96.0,0.0,0.0,0.0,,0.5140605062811112,0.77691,0,0,stable
P2644__1.0__3000___1800,99,t_8_16,99.0,0.0,0.0,2.0,0.7429199322476137,0.8253181949667312,0.77691,0,1,stable
P2644__1.0__3000___1800,100,t_8_16,104.0,0.0,0.0,2.0,0.985331886977038,0.7492447848246088,0.77691,0,0,stable
P2644__1.0__3000___1800,101,t_8_16,80.00006103515625,0.0,0.0,1.0,0.9999999575136016,0.7645152732221697,0.77691,0,1,stable
P2644__1.0__3000___1800,102,t_8_16,95.99993896484375,0.25,0.25,1.0,,0.790166437085559,0.77691,0,1,mild
P2644__1.0__3000___1800,103,t_8_16,88.0,0.0,0.0,1.0,,0.7616713952411424,0.77691,0,1,stable
P2644__1.0__3000___1800,104,t_8_16,88.0,0.5,0.25,1.0,,0.6879403106879728,0.77691,0,0,mild
P2644__1.0__3000___1800,105,t_8_16,104.0,0.0,0.0,3.0,0.6000163590926327,0.6937152418919544,0.77691,0,0,stable
P2644__1.0__3000___1800,106,t_8_16,88.0,0.25,0.0,1.0,,0.6129549000757315,0.77691,0,0,mild
P2644__1.0__3000___1800,107,t_8_16,120.000732421875,0.0,0.0,2.0,0.9210707532096395,0.851785586276938,0.77691,0,1,stable
P2644__1.0__3000___1800,108,t_8_16,126.00056457566097,0.0,0.0,2.0,0.9781549457141641,0.7339658743869099,0.77691,0,0,stable
P2644__1.0__3000___1800,109,t_8_16,95.9996337890625,0.0,0.0,1.0,0.9999920334391954,0.7557248876122947,0.77691,0,1,stable
P2644__1.0__3000___1800,110,t_8_16,140.0,0.0,0.0,3.0,0.8832853788165181,0.6555204417720601,0.77691,0,0,stable
P2644__1.0__3000___1800,111,t_8_16,140.00015258789062,0.0,0.0,1.0,,0.7278050980610713,0.77691,0,0,stable
P2644__1.0__3000___1800,112,t_8_16,95.9998779296875,0.0,0.0,1.0,,0.737741950637829,0.77691,0,0,stable
P2644__1.0__3000___1800,113,t_8_16,130.0,0.25,0.25,3.0,0.6366922208954687,0.8659751227796395,0.77691,0,1,mild
P2644__1.0__3000___1800,114,t_8_16,126.0,0.0,0.0,1.0,0.9999916531078364,0.7400168942067086,0.77691,0,0,stable
P2644__1.0__3000___1800,115,t_8_16,96.0,0.0,0.0,1.0,,0.7624129101093498,0.77691,0,1,stable
P2644__1.0__3000___1800,116,t_8_16,96.0,0.25,0.25,2.0,0.9991348820904741,0.7348044393761308,0.77691,0,0,mild
P2644__1.0__3000___1800,117,t_8_16,126.0,0.25,0.0,1.0,0.9999914334933123,0.8551720238095182,0.77691,0,1,mild
P2644__1.0__3000___1800,118,t_8_16,120.0,0.0,0.0,2.0,0.9988203225572013,0.7309035219206471,0.77691,0,0,stable
P2644__1.0__3000___1800,119,t_8_16,140.0,0.0,0.0,3.0,0.9722346894741442,0.885891195296723,0.77691,0,1,stable
P2644__1.0__3000___1800,120,t_8_16,88.0,0.25,0.25,1.0,,0.725547315793183,0.77691,0,0,mild
P2644__1.0__3000___1800,121,t_8_16,240.0,0.0,0.0,5.0,0.9866691421587805,0.7871237499999985,0.77691,0,1,stable
P2644__1.0__3000___1800,122,t_8_16,128.0,0.0,0.0,2.0,0.9488449814885397,0.661250055745112,0.77691,0,0,stable
P2644__1.0__3000___1800,123,t_8_16,135.0,0.0,0.0,2.0,0.9531165387214918,0.8608257843282958,0.77691,0,1,stable
P2644__1.0__3000___1800,124,t_8_16,130.0,0.0,0.0,2.0,0.9755261596909602,0.6478605438412955,0.77691,0,0,stable
P2644__1.0__3000___1800,125,t_8_16,135.00006866455078,0.0,0.0,2.0,0.9993711631412433,0.6577904624278794,0.77691,0,0,stable
P2644__1.0__3000___1800,126,t_8_16,91.0,0.0,0.0,1.0,0.99999855721295,0.8533709038328097,0.77691,0,1,stable
P2644__1.0__3000___1800,127,t_8_16,140.0008544921875,0.25,0.0,5.0,0.6162240464562457,0.772818928571432,0.77691,0,1,mild
P2644__1.0__3000___1800,128,t_8_16,120.0,0.0,0.0,2.0,0.8901951713995155,0.4876579181108097,0.77691,1,0,stable
P2644__1.0__3000___1800,129,t_8_16,104.00003051757812,0.0,0.0,1.0,,0.7943665995726195,0.77691,0,1,stable
P2644__1.0__3000___1800,130,t_8_16,140.0,0.0,0.0,3.0,0.9994631606889346,0.7558704029351339,0.77691,0,1,stable
P2644__1.0__3000___1800,131,t_8_16,117.0,0.25,0.0,2.0,0.9999998519493005,0.7461988701195101,0.77691,0,0,mild
P2644__1.0__3000___1800,132,t_8_16,104.0,0.0,0.0,2.0,0.9549558085136772,0.8401438672589558,0.77691,0,1,stable
P2644__1.0__3000___1800,133,t_8_16,117.0,0.25,0.0,3.0,0.9876874310434856,0.9017924921173428,0.77691,0,1,mild
P2644__1.0__3000___1800,134,t_8_16,130.0,0.5,0.0,4.0,0.22610947156862643,0.8135450307692351,0.77691,0,1,mild
P2644__1.0__3000___1800,135,t_8_16,72.0,0.25,0.25,2.0,0.8993821623881056,0.5665215414810485,0.77691,0,0,mild
P2644__1.0__3000___1800,136,t_8_16,150.0,0.0,0.0,3.0,0.9668609492848441,0.8086041599999985,0.77691,0,1,stable
P2644__1.0__3000___1800,137,s_16_32,360.0,0.0,0.0,6.0,0.9993881538111112,0.8010199044521217,0.77691,0,1,stable
P2644__1.0__3000___1800,138,t_8_16,97.99997329711914,0.0,0.0,1.0,,0.8208572084320835,0.77691,0,1,stable
P2644__1.0__3000___1800,139,t_8_16,78.00018310546875,0.0,0.0,2.0,0.9921611328982314,0.7231541350890907,0.77691,0,0,stable
P2644__1.0__3000___1800,140,t_8_16,80.0,0.0,0.0,2.0,0.9465091289204212,0.7465829686337949,0.77691,0,0,stable
P2644__1.0__3000___1800,141,t_8_16,105.00019931790303,0.25,0.0,4.0,0.23457397790580872,0.855292434113166,0.77691,0,1,mild
P2680__1.0__1046___0,0,t_8_16,72.0,0.0,0.0,3.0,0.9992214332481015,0.7065074008976279,0.78252,0,0,stable
P2680__1.0__1046___0,1,t_8_16,76.99983215332031,0.25,0.0,3.0,0.8426580577535514,0.8391616957835453,0.78252,0,1,mild
P2680__1.0__1046___0,2,t_8_16,65.0,0.25,0.0,4.0,0.5259491638973254,0.782326238573867,0.78252,0,1,mild
P2680__1.0__1046___0,3,t_8_16,72.0,0.25,0.0,2.0,0.20656641532538636,0.7290958449673394,0.78252,0,0,mild
P2680__1.0__1046___0,4,t_8_16,84.0,0.0,0.0,2.0,0.9453388813106933,0.7204851428571362,0.78252,0,0,stable
P2680__1.0__1046___0,5,t_8_16,90.0,0.25,0.0,4.0,0.27254381662715726,0.6192810746950013,0.78252,0,0,mild
P2680__1.0__1046___0,6,t_8_16,88.0,0.0,0.0,2.0,0.9930726973123034,0.6138108808063675,0.78252,0,0,stable
P2680__1.0__1046___0,7,t_8_16,112.0,0.25,0.25,2.0,0.9711152770411366,0.6347055803571396,0.78252,0,0,mild
P2680__1.0__1046___0,8,t_8_16,84.0,0.5,0.25,3.0,0.530279725861171,0.6130354285714217,0.78252,0,0,mild
P2680__1.0__1046___0,9,t_8_16,84.00004577636719,0.0,0.0,5.0,0.9758172452061801,0.7491195168141275,0.78252,0,0,stable
P2680__1.0__1046___0,11,t_8_16,117.0,0.0,0.0,3.0,0.9866852133504947,0.8403215645210564,0.78252,0,1,stable
P2680__1.0__1046___0,12,t_8_16,84.0,0.0,0.0,2.0,0.9999994937248754,0.832008306612208,0.78252,0,1,stable
P2680__1.0__1046___0,15,t_8_16,65.0,0.0,0.0,2.0,0.9646008741689774,0.6928921617728528,0.78252,0,0,stable
P2680__1.0__1046___0,16,t_8_16,72.0,0.25,0.0,2.0,0.4074944199482746,0.7441355644966743,0.78252,0,0,mild
P2680__1.0__1046___0,17,t_8_16,72.0,0.75,0.75,1.0,,0.091259760225168,0.78252,1,0,high
P2680__1.0__1046___0,18,t_8_16,72.0,0.0,0.0,1.0,0.9999999999926497,0.7404197427103936,0.78252,0,0,stable
P2680__1.0__1046___0,21,t_8_16,77.0,0.0,0.0,2.0,0.9993359474793697,0.7946039999999961,0.78252,0,1,stable
P2680__1.0__1046___0,22,t_8_16,70.0,0.0,0.0,5.0,0.985012032509152,0.7445742490960979,0.78252,0,0,stable
P2680__1.0__1046___0,24,t_8_16,91.0,0.25,0.0,4.0,0.9053258856672213,0.6103304716459697,0.78252,0,0,mild
P2680__1.0__1046___0,25,t_8_16,78.0,0.0,0.0,4.0,0.9863738595559269,0.8121754424356115,0.78252,0,1,stable
P2680__1.0__1046___0,29,t_8_16,90.0,0.0,0.0,2.0,0.8590290757548309,0.6809352474696158,0.78252,0,0,stable
P2680__1.0__1046___0,31,t_8_16,65.0,0.0,0.0,1.0,,0.0,0.78252,1,0,stable
P2680__1.0__1046___0,33,t_8_16,84.0,0.5,0.5,3.0,0.5767651201771042,0.0,0.78252,1,0,mild
P2680__1.0__1046___0,34,t_8_16,78.0,0.0,0.0,1.0,0.9999997499194105,0.0,0.78252,1,0,stable
P2680__1.0__1046___0,37,t_8_16,84.0,0.0,0.0,4.0,0.9896307672207378,0.7168958089547616,0.78252,0,0,stable
P2680__1.0__1046___0,38,t_8_16,80.0,0.0,0.0,1.0,,0.6023493208615377,0.78252,0,0,stable
P2680__1.0__1046___0,39,t_8_16,77.0,0.0,0.0,3.0,0.9992946197364454,0.6628676310406926,0.78252,0,0,stable
P2680__1.0__1046___0,42,t_8_16,66.0,0.5,0.5,4.0,0.3534300519054623,0.3716337139612694,0.78252,1,0,mild
P2680__1.0__1046___0,43,t_8_16,66.00067138671875,0.25,0.0,3.0,0.9989466678584719,0.6048156442266659,0.78252,0,0,mild
P2680__1.0__1046___0,45,t_8_16,66.0,0.0,0.0,5.0,0.8702954414909511,0.0,0.78252,1,0,stable
P2680__1.0__1046___0,46,t_8_16,120.0,0.5,0.0,4.0,0.11205228640933644,0.29704054263531393,0.78252,1,0,mild
P2680__1.0__1046___0,47,t_8_16,78.0,0.0,0.0,2.0,0.9840485192564506,0.5888369513885551,0.78252,0,0,stable
P2680__1.0__1046___0,48,t_8_16,88.0,0.0,0.0,1.0,,0.666712904535299,0.78252,0,0,stable
P2680__1.0__1046___0,49,t_8_16,72.0,0.5,0.0,5.0,0.1034724655687057,0.0,0.78252,1,0,mild
P2680__1.0__1046___0,50,t_8_16,72.0,0.25,0.25,2.0,0.8451075501665758,0.7506986233442324,0.78252,0,1,mild
P2680__1.0__1046___0,51,t_8_16,78.0003662109375,0.0,0.0,2.0,0.9999398521566203,0.6074937896326297,0.78252,0,0,stable
P2680__1.0__1046___0,53,t_8_16,72.0,0.0,0.0,3.0,0.9995970652280223,0.7197185833333273,0.78252,0,0,stable
P2680__1.0__1046___0,54,t_8_16,84.0,0.5,0.0,3.0,0.9737278879901416,0.42972223140937654,0.78252,1,0,mild
P2680__1.0__1046___0,55,t_8_16,108.0,0.25,0.0,1.0,0.9999999999703862,0.6552443518518515,0.78252,0,0,mild
P2680__1.0__1046___0,56,t_8_16,130.0,0.0,0.0,1.0,,0.5235929538461535,0.78252,0,0,stable
P2680__1.0__1046___0,57,t_8_16,156.0,0.0,0.0,3.0,0.9703804552043148,0.694532663333639,0.78252,0,0,stable
P2680__1.0__1046___0,59,t_8_16,72.0,0.0,0.0,3.0,0.9931224769577097,0.7139655098560355,0.78252,0,0,stable
P2680__1.0__1046___0,60,t_8_16,77.0,0.0,0.0,4.0,0.9543276714147151,0.6578387012987171,0.78252,0,0,stable
P2680__1.0__1046___0,61,t_8_16,72.0,0.0,0.0,4.0,0.9982565028236718,0.759008499999996,0.78252,0,1,stable
P2680__1.0__1046___0,62,t_8_16,112.0,0.5,0.5,0.0,,0.6194389445696631,0.78252,0,0,mild
P2680__1.0__1046___0,63,t_8_16,66.0,0.0,0.0,2.0,0.9906938617152974,0.8795896433328455,0.78252,0,1,stable
P2680__1.0__1046___0,64,t_8_16,66.0,0.0,0.0,3.0,0.9990689988108306,0.6942505474071188,0.78252,0,0,stable
P2680__1.0__1046___0,67,t_8_16,70.0,0.0,0.0,1.0,0.9999999999818974,0.7018451934094672,0.78252,0,0,stable
P2680__1.0__1046___0,68,t_8_16,66.0,0.0,0.0,2.0,0.999631434390411,0.6905915446943098,0.78252,0,0,stable
P2680__1.0__1046___0,69,t_8_16,72.0,0.5,0.0,4.0,0.12706261765357366,0.8039622222222291,0.78252,0,1,mild
P2680__1.0__1046___0,70,t_8_16,72.0,0.0,0.0,3.0,0.9995946423791616,0.8220665321106161,0.78252,0,1,stable
P2680__1.0__1046___0,71,t_8_16,98.0,0.0,0.0,5.0,0.996815850606279,0.6547686734693815,0.78252,0,0,stable
P2680__1.0__1046___0,72,t_8_16,104.0,0.5,0.5,2.0,0.7486027812212039,0.46662054358347477,0.78252,1,0,mild
P2680__1.0__1046___0,73,t_8_16,91.0,0.0,0.0,2.0,0.9999922983070745,0.6201933552751148,0.78252,0,0,stable
P2680__1.0__1046___0,74,t_8_16,65.0,0.0,0.0,4.0,0.9981360372037975,0.7674513035012119,0.78252,0,1,stable
P2680__1.0__1046___0,76,t_8_16,96.0,0.0,0.0,1.0,,0.6044774791666584,0.78252,0,0,stable
P2680__1.0__1046___0,77,t_8_16,98.0,0.25,0.0,5.0,0.6740196170839775,0.6556157773079729,0.78252,0,0,mild
P2680__1.0__1046___0,79,t_8_16,71.9996337890625,0.0,0.0,2.0,0.3344278089779306,0.5901465760107011,0.78252,0,0,stable
P2680__1.0__1046___0,80,t_8_16,104.0,0.0,0.0,2.0,0.9908299775643018,0.5652289615384642,0.78252,0,0,stable
P2680__1.0__1046___0,82,t_8_16,77.0,0.0,0.0,4.0,0.8280534533943176,0.6157720374149999,0.78252,0,0,stable
P2680__1.0__1046___0,83,t_8_16,72.0,0.25,0.0,3.0,0.42872024469203257,0.5502158147331584,0.78252,0,0,mild
P2680__1.0__1046___0,86,t_8_16,66.0,0.0,0.0,3.0,0.9830390781611124,0.8710414329178982,0.78252,0,1,stable
P2680__1.0__1046___0,88,t_8_16,84.0,0.25,0.0,4.0,0.18201432704189102,0.5735197746620659,0.78252,0,0,mild
P2680__1.0__1046___0,89,t_8_16,100.0,0.0,0.0,1.0,,0.6842032500000071,0.78252,0,0,stable
P2680__1.0__1046___0,90,t_8_16,110.0,0.0,0.0,2.0,0.9929609895759267,0.8053695725791106,0.78252,0,1,stable
P2680__1.0__1046___0,91,t_8_16,72.0,0.25,0.0,2.0,0.6362262017844559,0.6437643707841167,0.78252,0,0,mild
P2680__1.0__1046___0,93,t_8_16,190.0,0.0,0.0,3.0,0.4517070606469693,0.44770306842105356,0.78252,1,0,stable
P2680__1.0__1046___0,94,t_8_16,75.0,0.25,0.0,3.0,0.49220518428147886,0.6865366662855462,0.78252,0,0,mild
P2680__1.0__1046___0,95,t_8_16,65.0,0.0,0.0,4.0,0.9998546699586865,0.7757957736708507,0.78252,0,1,stable
P2680__1.0__1046___0,96,t_8_16,65.0,0.0,0.0,3.0,0.9992213516096482,0.6593275815170132,0.78252,0,0,stable
P2680__1.0__1046___0,97,t_8_16,84.0,0.25,0.0,2.0,0.7087859690952972,0.6358423040554344,0.78252,0,0,mild
P2680__1.0__1046___0,103,t_8_16,84.0,0.0,0.0,3.0,0.9776028720805892,0.5715276743585364,0.78252,0,0,stable
P2680__1.0__1046___0,104,t_8_16,84.0,0.25,0.0,5.0,0.5243277095018549,0.6473122499999929,0.78252,0,0,mild
P2680__1.0__1046___0,105,t_8_16,78.0,0.25,0.0,0.0,0.9999999043507122,0.599558988591856,0.78252,0,0,mild
P2680__1.0__1046___0,106,t_8_16,78.0,0.0,0.0,4.0,0.9993962388286265,0.6173809230769225,0.78252,0,0,stable
P2680__1.0__1046___0,107,t_8_16,88.0,0.25,0.25,1.0,,0.6425253236541109,0.78252,0,0,mild
P2680__1.0__1046___0,108,t_8_16,70.0008544921875,0.0,0.0,2.0,0.9925008547063123,0.611594886281758,0.78252,0,0,stable
P2680__1.0__1046___0,109,t_8_16,88.0,0.0,0.0,2.0,0.9999999999891123,0.7245588158846348,0.78252,0,0,stable
P2680__1.0__1046___0,110,t_8_16,84.0,0.25,0.0,3.0,0.9291057940285175,0.7916494724756528,0.78252,0,1,mild
P2680__1.0__1046___0,111,t_8_16,65.00030517578125,0.5,0.5,3.0,0.22259713450193805,0.5118436180330603,0.78252,0,0,mild
P2680__1.0__1046___0,112,t_8_16,84.0,0.25,0.0,3.0,0.7219145102908351,0.5017597333184243,0.78252,0,0,mild
P2680__1.0__1046___0,114,t_8_16,91.0,0.0,0.0,4.0,0.9978484378714453,0.783929846153852,0.78252,0,1,stable
P2680__1.0__1046___0,115,t_8_16,117.0,0.0,0.0,2.0,0.9997433267853513,0.5970565384615393,0.78252,0,0,stable
P2680__1.0__1046___0,116,t_8_16,117.00039672851562,0.0,0.0,2.0,0.9649629415503469,0.5664344957264962,0.78252,0,0,stable
P2680__1.0__1046___0,117,t_8_16,78.00097656436265,0.0,0.0,2.0,0.8722908524762061,0.7615046281100237,0.78252,0,1,stable
P2680__1.0__1046___0,119,t_8_16,91.00042724609375,0.25,0.0,3.0,0.8104928846594506,0.3325165158052873,0.78252,1,0,mild
P2680__1.0__1046___0,120,t_8_16,71.99981689453125,0.5,0.0,2.0,0.008393877229207498,0.6329835069195406,0.78252,0,0,mild
P2680__1.0__1046___0,122,t_8_16,65.0,0.0,0.0,3.0,0.9695668249982353,0.6021039766744585,0.78252,0,0,stable
P2680__1.0__1046___0,126,t_8_16,156.0,0.0,0.0,4.0,0.8578744777455788,0.5608120064102491,0.78252,0,0,stable
P2680__1.0__1046___0,127,t_8_16,100.0,0.75,0.75,1.0,0.44109932173864336,0.48828617060748275,0.78252,1,0,high
P2680__1.0__1046___0,130,t_8_16,66.0,0.0,0.0,4.0,0.955253391056935,0.7737993925421086,0.78252,0,1,stable
P2680__1.0__1046___0,131,t_8_16,65.00030517578125,0.0,0.0,3.0,0.6908136393482428,0.6643725503108412,0.78252,0,0,stable
P2680__1.0__1046___0,132,t_8_16,65.00030517578125,0.25,0.0,2.0,0.621326503598656,0.6125143231357094,0.78252,0,0,mild
P2680__1.0__1046___0,134,t_8_16,65.00030517578125,0.0,0.0,2.0,0.9999999984591568,0.0,0.78252,1,0,stable
P2680__1.0__1046___0,138,t_8_16,65.00015258789062,0.0,0.0,3.0,0.36690108907279223,0.0,0.78252,1,0,stable
P2680__1.0__1046___0,139,t_8_16,90.0,0.0,0.0,4.0,0.9457273303959247,0.5612861914631708,0.78252,0,0,stable
P2680__1.0__1046___0,140,t_8_16,78.00013732910156,0.0,0.0,5.0,0.9733949518864665,0.8165546948204526,0.78252,0,1,stable
P2680__1.0__1046___0,141,t_8_16,156.0,0.0,0.0,2.0,0.9628095803340128,0.5721662692307689,0.78252,0,0,stable
P2680__1.0__1046___0,142,t_8_16,84.0,0.0,0.0,3.0,0.9808679341080995,0.8035067229523545,0.78252,0,1,stable
P2680__1.0__1046___0,147,t_8_16,112.0,0.5,0.0,3.0,0.42162008297762077,0.5627323035714257,0.78252,0,0,mild
P2680__1.0__1046___0,148,t_8_16,78.0,0.0,0.0,2.0,0.9582796254210312,0.0,0.78252,1,0,stable
P2680__1.0__1046___0,150,t_8_16,77.0,0.0,0.0,4.0,0.9983238462389684,0.6795981466274428,0.78252,0,0,stable
P2680__1.0__1046___0,158,t_8_16,77.0,0.0,0.0,4.0,0.9909912942172071,0.6440811605638103,0.78252,0,0,stable
P2680__1.0__1046___0,159,t_8_16,72.0,0.0,0.0,4.0,0.9325161371970828,0.5449113357806119,0.78252,0,0,stable
P2680__1.0__1046___0,160,t_8_16,66.0,0.0,0.0,2.0,0.9989484727921917,0.7144061790967084,0.78252,0,0,stable
P2680__1.0__1046___0,161,t_8_16,84.0,0.25,0.0,3.0,0.9442670772810692,0.7080362972912336,0.78252,0,0,mild
P2680__1.0__1046___0,162,t_8_16,66.0,0.0,0.0,5.0,0.9583162100610318,0.7263818181818343,0.78252,0,0,stable
P2680__1.0__1046___0,163,t_8_16,108.0,0.0,0.0,2.0,0.8632005520686459,0.5920868518518483,0.78252,0,0,stable
P2680__1.0__1046___0,169,t_8_16,70.0,0.0,0.0,3.0,0.9059167503062485,0.8018365701291622,0.78252,0,1,stable
P2680__1.0__1046___0,171,t_8_16,72.0,0.0,0.0,2.0,,0.5974952477800323,0.78252,0,0,stable
P2680__1.0__1046___0,172,t_8_16,84.0,0.0,0.0,2.0,0.8527379094191876,0.677309964285706,0.78252,0,0,stable
P2680__1.0__1046___0,173,t_8_16,72.0,0.0,0.0,3.0,0.9997437669583001,0.781432670547239,0.78252,0,1,stable
P2680__1.0__1046___0,174,t_8_16,120.0,0.0,0.0,2.0,0.9961014808786455,0.5933332999999991,0.78252,0,0,stable
P2680__1.0__1046___0,175,t_8_16,91.00021362304688,0.0,0.0,4.0,0.9994656454865145,0.7629774781885018,0.78252,0,1,stable
P2680__1.0__1046___0,176,t_8_16,66.00018310546875,0.5,0.0,2.0,0.040117338410059426,0.5987997088538631,0.78252,0,0,mild
P2680__1.0__1046___0,177,t_8_16,65.00015258789062,0.0,0.0,2.0,0.9993579391403592,0.7389476801545062,0.78252,0,0,stable
P2680__1.0__1046___0,178,t_8_16,72.0,0.25,0.0,3.0,0.29452292400421387,0.7095065637406454,0.78252,0,0,mild
P2680__1.0__1046___0,179,t_8_16,83.9996337890625,0.0,0.0,2.0,0.9994538311068099,0.6155331862531148,0.78252,0,0,stable
P2680__1.0__1046___0,182,t_8_16,72.0,0.0,0.0,1.0,,0.7191241666666658,0.78252,0,0,stable
P2705__1.0__668___1200,0,s_16_32,306.0,0.0,0.0,5.0,0.9847906766119562,0.831228109491078,0.85055,0,1,stable
P2705__1.0__668___1200,1,s_16_32,306.00103759765625,0.0,0.0,7.0,0.9990247426524893,0.7034466981597792,0.85055,0,0,stable
P2705__1.0__668___1200,2,t_8_16,209.99988555908203,0.0,0.0,5.0,0.9762928582001199,0.8088534141310031,0.85055,0,1,stable
P2705__1.0__668___1200,3,t_8_16,224.99905586254317,0.0,0.0,3.0,0.974918223831222,0.7862942970685833,0.85055,0,1,stable
P2705__1.0__668___1200,4,t_8_16,209.99998569488525,0.0,0.0,5.0,0.9994428261085314,0.8952258312686721,0.85055,0,1,stable
P2705__1.0__668___1200,5,t_8_16,225.0,0.0,0.0,6.0,0.9999528367152305,0.909442297912355,0.85055,0,1,stable
P2705__1.0__668___1200,7,t_8_16,125.99945068359375,0.25,0.0,2.0,,0.5090473507309228,0.71958,0,0,mild
P2705__1.0__668___1200,8,t_8_16,110.0,0.0,0.0,2.0,0.9609715236059574,0.480845963636367,0.71958,1,0,stable
P2705__1.0__668___1200,9,t_8_16,72.00048828125,0.0,0.0,1.0,,0.6794906487210556,0.71958,0,0,stable
P2705__1.0__668___1200,10,t_8_16,84.0,0.0,0.0,5.0,0.8625109997092341,0.5832508333333287,0.71958,0,0,stable
P2705__1.0__668___1200,12,t_8_16,66.00067138671875,0.0,0.0,2.0,0.9934599285003675,0.5795383271334631,0.71958,0,0,stable
P2705__1.0__668___1200,13,t_8_16,91.0,0.0,0.0,3.0,0.9722218514293673,0.5912503296703415,0.71958,0,0,stable
P2705__1.0__668___1200,15,t_8_16,90.0,0.0,0.0,1.0,,0.5887068576616167,0.71958,0,0,stable
P2705__1.0__668___1200,16,t_8_16,200.0,0.0,0.0,4.0,0.6375594194849749,0.750692191223664,0.71958,0,1,stable
P2705__1.0__668___1200,17,t_8_16,76.99932861328125,0.0,0.0,3.0,0.9762630311024459,0.7426953434752374,0.71958,0,0,stable
P2705__1.0__668___1200,18,s_16_32,341.0,0.0,0.0,5.0,0.8181676406266508,0.0,0.71958,1,0,stable
P2735__1.0__1800___1800,0,t_8_16,210.0,0.0,0.0,3.0,0.7979469284024107,0.7771406617682396,0.8447,0,1,stable
P2735__1.0__1800___1800,1,s_16_32,272.0,0.0,0.0,5.0,0.9544911124211721,0.8895269169559441,0.8447,0,1,stable
P2735__1.0__1800___1800,2,t_8_16,80.99986267089844,0.0,0.0,1.0,,0.7764655836988799,0.8447,0,1,stable
P2735__1.0__1800___1800,3,t_8_16,66.0,0.0,0.0,3.0,0.9246244948239569,0.6416986538722209,0.42825,0,0,stable
P2735__1.0__1800___1800,4,t_8_16,100.0,0.0,0.0,7.0,0.8303726017657947,0.7747218722548036,0.42825,0,1,stable
P2790__1.0__1200___0,0,t_8_16,230.00140380859375,0.0,0.0,4.0,0.9983281582734552,0.7894072366909372,0.81902,0,1,stable
P2790__1.0__1200___0,1,s_16_32,321.99859619140625,0.0,0.0,6.0,0.9786425491995749,0.6957273520920598,0.81902,0,0,stable
P2790__1.0__1200___0,2,t_8_16,209.0,0.0,0.0,4.0,0.9557060085119873,0.6908452324222503,0.81902,0,0,stable
P2790__1.0__1200___0,3,t_8_16,200.0,0.0,0.0,3.0,0.9942394536588505,0.8148541249999989,0.81902,0,1,stable
P2790__1.0__1200___0,4,s_16_32,286.0,0.5,0.0,5.0,0.2961678602480488,0.4888287370718007,0.81902,1,0,mild
P2790__1.0__1200___0,5,s_16_32,293.99871826171875,0.0,0.0,4.0,0.9814084732729882,0.39895632550300386,0.81902,1,0,stable
P2790__1.0__1200___0,6,t_8_16,231.0,0.25,0.0,5.0,0.5024231338035011,0.8639588321479004,0.81902,0,1,mild
P2790__1.0__1200___0,7,t_8_16,230.00140380859375,0.0,0.0,6.0,0.7734022117779896,0.7835689769542112,0.81902,0,1,stable
P2790__1.0__1200___0,8,t_8_16,209.0,0.0,0.0,4.0,0.7169677399353267,0.4793162137453644,0.81902,1,0,stable
P2790__1.0__1200___0,9,t_8_16,128.0,0.0,0.0,2.0,0.9996976547587657,0.7735486585809763,0.81902,0,1,stable
P2790__1.0__1200___0,10,t_8_16,240.0,0.0,0.0,3.0,0.9948602749085155,0.7944010040881477,0.81902,0,1,stable
P2790__1.0__1200___0,11,s_16_32,264.0,0.0,0.0,4.0,0.9994872083349036,0.7898612419389889,0.81902,0,1,stable
a05b88cb4,0,s_16_32,391.0,0.0,0.0,7.0,0.7848705042970827,0.7906458419476152,0.26223,0,1,stable
a05b88cb4,1,t_8_16,144.0,0.0,0.0,3.0,0.9261474070624192,0.7261433333333327,0.26223,0,0,stable
a0c26d000,0,s_16_32,256.0,0.0,0.0,4.0,0.9928207905961153,0.8146684574978296,0.83286,0,1,stable
a0c26d000,1,t_8_16,156.0,0.0,0.0,2.0,0.9966822748528006,0.8284826207229237,0.83286,0,1,stable
a0c26d000,2,t_8_16,240.0,0.0,0.0,3.0,0.977947775758768,0.8757513878471193,0.83286,0,1,stable
a0c26d000,3,s_16_32,379.9999237060547,0.0,0.0,4.0,0.9511892540535769,0.7809434596252569,0.83286,0,1,stable
a0c26d000,4,t_8_16,182.0,0.5,0.0,3.0,0.4414388097728806,0.9502027237603479,0.83286,0,1,mild
a0c26d000,5,t_8_16,181.9999008178711,0.0,0.0,2.0,0.9976958562377867,0.875885124906344,0.83286,0,1,stable
a0c26d000,6,t_8_16,180.0,0.0,0.0,3.0,0.9558918527928496,0.7133416233052758,0.83286,0,0,stable
a0c26d000,7,s_16_32,399.0,0.0,0.0,8.0,0.44018905539948455,0.9453926456952143,0.83286,0,1,stable
a0c26d000,8,t_8_16,195.99989318847656,0.0,0.0,5.0,0.8976081127699261,0.8460226831866967,0.83286,0,1,stable
a0c26d000,9,t_8_16,196.0,0.0,0.0,3.0,0.7143743087134493,0.7677742244898005,0.83286,0,1,stable
a0c26d000,10,t_8_16,144.0,0.0,0.0,1.0,,0.8091423135356245,0.83286,0,1,stable
a0c26d000,11,s_16_32,380.0,0.0,0.0,6.0,0.6482651550603238,0.8984818100196247,0.83286,0,1,stable
a0febd5c1,0,t_8_16,209.9991455078125,0.0,0.0,5.0,0.6866349748503641,0.8758119394437142,0.87169,0,1,stable
a0febd5c1,1,t_8_16,150.0,0.0,0.0,2.0,0.8604718607990537,0.8068832677898481,0.87169,0,1,stable
a25ade42c,0,s_16_32,467.9999656677246,0.0,0.0,8.0,0.9792573507966781,0.920547828551041,0.84218,0,1,stable
a4a363ae3,0,t_8_16,156.0,0.0,0.0,3.0,0.8749659402154449,0.8695210778091973,0.92731,0,1,stable
a562df41c,0,t_8_16,99.0,0.25,0.25,2.0,0.624673545347717,0.711470468087504,0.48678,0,0,mild
a6881b8ef,0,t_8_16,156.0003662109375,0.5,0.0,3.0,0.7154805116995895,0.5954152872126556,0.48389,0,0,mild
a7e07a4e2,0,t_8_16,240.0,0.0,0.0,6.0,0.6987634120626456,0.788167610964857,0.28313,0,1,stable
a8419c552,0,t_8_16,80.0,0.25,0.0,1.0,,0.3905340758718966,0.34604,1,0,mild
a9487f190,0,t_8_16,72.0,0.5,0.5,1.0,,0.8395479552840838,0.7308,0,1,mild
b111f21e0,0,t_8_16,108.0,0.0,0.0,1.0,,0.842180881558101,0.78522,0,1,stable
b27e7e33e,0,s_16_32,364.0008544921875,0.0,0.0,8.0,0.8481012936646888,0.7738639480929331,0.70047,0,1,stable
b27e7e33e,1,t_8_16,77.0,0.0,0.0,3.0,0.901018027685492,0.7065464043126453,0.70047,0,0,stable
b5bcba7d1,0,t_8_16,135.0000286102295,0.0,0.0,2.0,0.8306226229007594,0.7871512106747125,0.45141,0,1,stable
b7c82af82,0,t_8_16,108.0,0.25,0.0,3.0,0.45260870147796356,0.5287164982673525,0.34467,0,0,mild
baf1c4609,0,t_8_16,132.0,0.0,0.0,1.0,,0.7291415886409183,0.60473,0,0,stable
bbccadff1,0,t_8_16,196.0,0.25,0.0,5.0,0.12255732229704137,0.5596657906686184,0.72017,0,0,mild
bbccadff1,1,t_8_16,132.0,0.75,0.0,4.0,0.11468913463347397,0.7161491910584099,0.72017,0,0,high
bbccadff1,2,t_8_16,195.0,0.0,0.0,2.0,0.9952115508254881,0.6448618904571078,0.72017,0,0,stable
bf93651ea,0,t_8_16,112.0,0.0,0.0,1.0,,0.7290657957968789,0.51066,0,0,stable
c211906b9,0,t_8_16,104.99999809264409,0.0,0.0,5.0,0.9031574330259563,0.8860539716392533,0.67382,0,1,stable
c47428cd8,0,t_8_16,110.0,0.0,0.0,2.0,0.9972635267385191,0.7983875454545436,0.7392,0,1,stable
c47428cd8,1,t_8_16,108.0,0.0,0.0,2.0,0.9379229302596784,0.7055480833333347,0.7392,0,0,stable
c78b4450e,0,t_8_16,255.00001621246338,0.0,0.0,5.0,0.9276189265969195,0.7168419448239571,0.01593,0,0,stable
ceb74a7cd,0,t_8_16,144.0001220703125,0.0,0.0,3.0,0.8240894675998782,0.7884173333333314,0.31921,0,1,stable
d29acb51d,0,s_16_32,323.0,0.0,0.0,7.0,0.40742493272148567,0.8375752953402037,0.54915,0,1,stable
d29acb51d,1,t_8_16,255.0,0.25,0.0,5.0,0.5933086305461033,0.826113100866222,0.54915,0,1,mild
d29acb51d,2,s_16_32,644.0,0.0,0.0,10.0,0.5254424600464388,0.6430098149571496,0.54915,0,0,stable
d29acb51d,3,t_8_16,252.0008544921875,0.25,0.0,4.0,0.5157158340981312,0.7261104702698538,0.54915,0,0,mild
d67d144f8,0,t_8_16,72.0,0.75,0.75,0.0,,0.843913281232625,0.0868,0,1,high
d7f2e8027,0,t_8_16,189.99942016601562,0.0,0.0,3.0,0.9671574991381042,0.8388121193584327,0.7529,0,1,stable
d7f2e8027,1,t_8_16,225.0,0.0,0.0,4.0,0.616658079145006,0.6250796195294115,0.7529,0,0,stable
d89781c4f,0,t_8_16,228.0,0.0,0.0,7.0,0.9069809430354407,0.7314758719709947,0.5189,0,0,stable
d89781c4f,1,t_8_16,98.0,0.25,0.0,5.0,0.22637550612767926,0.623563610695338,0.5189,0,0,mild
dce1c718f,0,t_8_16,196.0,0.25,0.0,4.0,0.21253394549483134,0.8242782433727732,0.49853,0,1,mild
ded177da3,0,t_8_16,180.0,0.0,0.0,3.0,0.7568060016849883,0.6829625787501383,0.54066,0,0,stable
e3332d6b3,0,t_8_16,136.0,0.0,0.0,3.0,0.9307527066335587,0.7154676468045218,0.52781,0,0,stable
e4fbf6655,0,t_8_16,181.99960327148438,0.5,0.0,4.0,0.9126274179002163,0.8194148354209659,0.67735,0,1,mild
e4fbf6655,1,t_8_16,120.0,0.0,0.0,1.0,,0.7742638525052984,0.67735,0,1,stable
e4fbf6655,3,t_8_16,88.0,0.0,0.0,1.0,,0.6606003892595319,0.67735,0,0,stable
e5d4d71d8,0,t_8_16,195.0,0.0,0.0,4.0,0.35684429728460404,0.6397651846153891,0.31194,0,0,stable
ecf96de51,0,t_8_16,154.0,0.0,0.0,3.0,0.7600825202788212,0.7157318191355284,0.49186,0,0,stable
eefabbd8e,0,t_8_16,144.0,0.5,0.0,3.0,0.050473699799816724,0.7914881545818665,0.4497,0,1,mild
f2962b9a9,0,s_16_32,270.0000171661377,0.0,0.0,5.0,0.855309023818411,0.0,0.09422,1,0,stable
f2962b9a9,1,t_8_16,247.0,0.25,0.0,5.0,0.5279270772377185,0.5794573123121827,0.09422,0,0,mild
f38f57e36,0,t_8_16,223.9990234375,0.25,0.0,4.0,0.5332264086504199,0.8312509571919567,0.77354,0,1,mild
f38f57e36,1,t_8_16,221.0,0.0,0.0,3.0,0.9738216099049564,0.6721268630987166,0.77354,0,0,stable
f38f57e36,2,t_8_16,146.99871826171875,0.0,0.0,5.0,0.8329369660093919,0.6974754185200256,0.77354,0,0,stable
f38f57e36,3,t_8_16,231.0,0.0,0.0,4.0,0.9715454342262432,0.7614472315138036,0.77354,0,1,stable
f38f57e36,4,t_8_16,144.0,0.25,0.0,7.0,0.6365186342470373,0.6617894909656135,0.77354,0,0,mild
f38f57e36,5,t_8_16,180.0,0.0,0.0,4.0,0.9844784743239393,0.862592704452946,0.77354,0,1,stable
f397255f3,0,t_8_16,117.0,0.25,0.0,2.0,0.7637545676294941,0.8147957792273368,0.79641,0,1,mild
f397255f3,1,t_8_16,120.0,0.0,0.0,7.0,0.9688207941765452,0.8487803705187853,0.79641,0,1,stable
f6ca92775,0,t_8_16,66.0,0.0,0.0,2.0,0.9994097613295899,0.6684939916165181,0.76821,0,0,stable
f897c2524,0,t_8_16,189.0,0.25,0.0,3.0,0.833210080279882,0.8282814814814833,0.4419,0,1,mild
