image_id,gt_id,size_bin,area,o2o_flip_rate,stride_flip_rate,o2m_positive_count,o2o_margin_0,max_iou,best_prediction_score,fn_at_iou50,success_iou75,stability_group
0000126_00054_d_0000124__1200_0,0,s_16_32,447.998291015625,0.0,0.0,8.0,0.977890271503381,0.7351718464191004,0.82476,0,0,stable
0000126_00054_d_0000124__1200_0,1,s_16_32,308.0,0.0,0.0,4.0,0.5448655914060875,0.7959504690320471,0.82476,0,1,stable
0000126_00054_d_0000124__1200_0,2,t_8_16,159.99951171875,0.0,0.0,3.0,0.9099815473668157,0.7629613078617145,0.82476,0,1,stable
0000126_00054_d_0000124__1200_0,3,t_8_16,144.0,0.5,0.5,0.0,,0.7623142174079068,0.82476,0,1,mild
0000126_00054_d_0000124__1200_0,4,t_8_16,95.9996337890625,0.0,0.0,3.0,0.9263231671331791,0.715945791161673,0.82476,0,0,stable
0000126_00054_d_0000124__1200_0,5,t_8_16,128.0,0.25,0.0,2.0,0.16751707537458896,0.760202805736027,0.82476,0,1,mild
0000126_00054_d_0000124__1200_0,6,t_8_16,112.0,0.0,0.0,2.0,0.9655310784232608,0.719350055801107,0.82476,0,0,stable
0000126_00054_d_0000124__1200_0,7,t_8_16,128.0,0.25,0.25,2.0,0.886366674812856,0.6754590937500026,0.82476,0,0,mild
0000126_00054_d_0000124__1200_0,8,t_8_16,111.99951171875,0.0,0.0,1.0,,0.7077060451778873,0.82476,0,0,stable
0000126_00054_d_0000124__1200_0,9,t_8_16,84.0,0.25,0.0,5.0,0.48427109812840746,0.7597492387402126,0.82476,0,1,mild
0000126_00054_d_0000124__1200_0,10,t_8_16,144.0,0.25,0.25,2.0,0.7244244557811785,0.7800921950694855,0.82476,0,1,mild
0000126_00054_d_0000124__1200_0,11,t_8_16,96.0,0.25,0.25,2.0,0.5865040365859141,0.6030427706014853,0.82476,0,0,mild
0000170_00401_d_0000001__160_0,0,s_16_32,320.0,0.0,0.0,5.0,0.9109333145260183,0.8459794971356006,0.75507,0,1,stable
0000170_00401_d_0000001__160_0,1,t_8_16,112.0,0.0,0.0,0.0,,0.3483942617349841,0.75507,1,0,stable
0000170_00401_d_0000001__160_0,2,s_16_32,416.0009765625,0.0,0.0,1.0,0.46502336379761544,0.5917681752468835,0.75507,0,0,stable
0000170_00401_d_0000001__160_0,3,s_16_32,576.0,0.0,0.0,10.0,0.8457549381531199,0.8622907273310162,0.75507,0,1,stable
0000170_00401_d_0000001__160_0,4,s_16_32,576.0,0.0,0.0,4.0,0.24173699907085758,0.4634736568691415,0.75507,1,0,stable
0000170_00401_d_0000001__160_0,6,t_8_16,180.0000343322754,0.0,0.0,2.0,0.9559869375352407,0.8378972203966429,0.75507,0,1,stable
0000170_00401_d_0000001__160_0,8,t_8_16,140.0,0.25,0.25,3.0,0.3721048517513263,0.5246024529158344,0.75507,0,0,mild
0000170_00401_d_0000001__160_0,9,t_8_16,180.0,0.25,0.0,3.0,0.9149512605455243,0.6619930338774718,0.75507,0,0,mild
0000170_00401_d_0000001__160_0,10,t_8_16,219.9998321533203,0.0,0.0,2.0,0.7926650387260746,0.766092174558345,0.75507,0,1,stable
0000170_00401_d_0000001__160_0,11,t_8_16,192.0,0.75,0.0,3.0,0.4851826763493005,0.6942077122960987,0.75507,0,0,high
0000170_00401_d_0000001__160_0,12,s_16_32,780.0,0.0,0.0,10.0,0.9518313418090201,0.6266496282051283,0.88288,0,0,stable
0000170_00401_d_0000001__160_0,14,t_8_16,216.0,0.0,0.0,3.0,0.950996835689608,0.8234027747135211,0.75507,0,1,stable
0000170_00401_d_0000001__160_0,15,t_8_16,128.0,0.5,0.5,0.0,,0.8874427638730306,0.75507,0,1,mild
0000170_00401_d_0000001__160_0,16,t_8_16,108.0,0.0,0.0,0.0,0.5790289203620649,0.5923840457638384,0.75507,0,0,stable
0000170_00401_d_0000001__160_0,17,t_8_16,96.0,0.25,0.25,1.0,,0.773500353027637,0.75507,0,1,mild
0000170_00401_d_0000001__160_0,18,t_8_16,182.0,0.25,0.25,1.0,0.055061123673223786,0.5826886349269363,0.75507,0,0,mild
0000170_00401_d_0000001__160_0,19,t_8_16,140.0,0.0,0.0,2.0,0.9153750455000756,0.8665941467504013,0.75507,0,1,stable
0000170_00401_d_0000001__160_0,20,t_8_16,216.0,0.0,0.0,3.0,0.5166677080857942,0.6870295972222211,0.75507,0,0,stable
0000170_00401_d_0000001__160_0,21,t_8_16,80.0,0.25,0.25,2.0,0.5352750468555504,0.4982656642073158,0.75507,1,0,mild
0000170_00401_d_0000001__160_0,22,t_8_16,64.0,0.25,0.25,0.0,,0.6015729127107942,0.75507,0,0,mild
0000170_00401_d_0000001__160_0,24,s_16_32,680.0,0.0,0.0,10.0,0.9534025605503379,0.8882179877255244,0.75507,0,1,stable
0000170_00401_d_0000001__160_0,25,s_16_32,336.0,0.25,0.0,1.0,0.438406541080748,0.5179374813851765,0.75507,0,0,mild
0000170_00401_d_0000001__160_0,26,s_16_32,280.0,0.25,0.0,6.0,0.3595079323784953,0.9367232799905755,0.75507,0,1,mild
0000170_00401_d_0000001__160_0,27,s_16_32,320.0,0.0,0.0,7.0,0.9251200974984464,0.9032760101399915,0.75507,0,1,stable
0000170_00401_d_0000001__160_0,28,s_16_32,468.0,0.25,0.25,7.0,0.12373681396768842,0.8434842822900545,0.75507,0,1,mild
0000170_00401_d_0000001__160_0,29,t_8_16,238.0,0.0,0.0,3.0,0.6268819076679165,0.6537828056123485,0.75507,0,0,stable
0000170_00401_d_0000001__160_0,30,t_8_16,168.0,0.0,0.0,2.0,0.46903966343107234,0.016573019105250626,0.75507,1,0,stable
0000170_00401_d_0000001__160_0,31,s_16_32,434.0,0.0,0.0,3.0,0.5233598258530363,0.46140997649549687,0.75507,1,0,stable
0000170_00401_d_0000001__160_0,32,s_16_32,594.0,0.0,0.0,8.0,0.8604409281781442,0.6747844655434183,0.75507,0,0,stable
0000170_00401_d_0000001__160_0,33,s_16_32,351.998046875,0.25,0.25,5.0,0.5592136915735607,0.8665062705197801,0.75507,0,1,mild
0000170_00401_d_0000001__160_0,34,s_16_32,448.0,0.0,0.0,5.0,0.653443334167087,0.9008061429683483,0.75507,0,1,stable
0000170_00401_d_0000001__160_0,35,s_16_32,260.0006103515625,0.0,0.0,4.0,0.9127545258481892,0.6798047336863631,0.75507,0,0,stable
0000170_00401_d_0000001__160_0,36,s_16_32,260.0006103515625,0.0,0.0,6.0,0.928265890911418,0.826306019012274,0.75507,0,1,stable
0000170_00401_d_0000001__160_0,37,t_8_16,160.0,0.0,0.0,2.0,0.7666708720023608,0.5621596411040743,0.75507,0,0,stable
0000170_00401_d_0000001__160_0,38,s_16_32,260.0006103515625,0.0,0.0,4.0,0.8696834550767676,0.8665744670202735,0.75507,0,1,stable
0000170_00401_d_0000001__160_0,39,t_8_16,154.0,0.0,0.0,0.0,,0.2611084979933955,0.75507,1,0,stable
0000170_00401_d_0000001__160_0,40,s_16_32,275.0,0.0,0.0,1.0,0.9990866983507716,0.4367986042301657,0.75507,1,0,stable
0000170_00401_d_0000001__160_0,41,t_8_16,108.0010986328125,0.25,0.0,1.0,0.6624630887270708,0.09150379906892053,0.75507,1,0,mild
0000170_00401_d_0000001__160_0,42,t_8_16,241.9986572265625,0.25,0.0,1.0,0.9999998075932378,0.6233900485044501,0.75507,0,0,mild
0000170_00401_d_0000001__160_0,45,t_8_16,220.0,0.25,0.25,2.0,0.5233014258181944,0.7954031082342244,0.75507,0,1,mild
0000170_00401_d_0000001__160_0,46,t_8_16,220.0,0.25,0.0,5.0,0.9081233933740812,0.8278990856532533,0.75507,0,1,mild
0000170_00401_d_0000001__160_0,47,t_8_16,220.0,0.0,0.0,3.0,0.6878000979286604,0.5446698901926301,0.75507,0,0,stable
0000170_00401_d_0000001__160_0,48,t_8_16,176.0,0.25,0.25,3.0,0.8660006410511591,0.6430866591731181,0.75507,0,0,mild
0000170_00401_d_0000001__160_0,49,t_8_16,144.0009765625,0.25,0.0,2.0,0.9924648245500072,0.4775399288123882,0.75507,1,0,mild
0000170_00401_d_0000001__160_0,54,s_16_32,950.0,0.0,0.0,10.0,0.9418569925193115,0.7725432828300793,0.88288,0,1,stable
0000170_00401_d_0000001__160_0,55,s_16_32,560.0,0.0,0.0,10.0,0.855607261095198,0.7452194693385527,0.88288,0,0,stable
0000170_00401_d_0000001__160_0,56,s_16_32,910.0,0.5,0.0,10.0,0.14417512041516797,0.8013137852358498,0.88288,0,1,mild
0000170_00401_d_0000001__160_0,57,s_16_32,480.0,0.25,0.0,5.0,0.6867008261562528,0.5772023649041069,0.88288,0,0,mild
0000170_00401_d_0000001__160_0,58,t_8_16,160.0,0.25,0.25,3.0,0.9365214990768355,0.763975226359854,0.75507,0,1,mild
0000170_00401_d_0000001__160_0,59,t_8_16,96.0,0.25,0.0,1.0,0.9621665958071016,0.5658220456769703,0.75507,0,0,mild
0000170_00401_d_0000001__160_0,61,t_8_16,195.99850464146584,0.0,0.0,2.0,0.9764969922819958,0.706147836332187,0.88288,0,0,stable
0000170_00401_d_0000001__160_0,63,s_16_32,280.0,0.0,0.0,1.0,0.3603272717952934,0.436735434104636,0.88288,1,0,stable
0000170_00401_d_0000001__160_0,66,t_8_16,104.000244140625,0.25,0.25,2.0,0.7996260828832858,0.7399480183003767,0.88288,0,0,mild
0000170_00401_d_0000001__160_0,72,s_16_32,528.0,0.0,0.0,10.0,0.9964167018975628,0.9128559153873703,0.88288,0,1,stable
0000170_00401_d_0000001__160_0,73,s_16_32,260.0006103515625,0.0,0.0,6.0,0.9393603391829278,0.6914395108185534,0.88288,0,0,stable
0000170_00401_d_0000001__160_0,74,t_8_16,121.0,0.0,0.0,2.0,0.997818727973799,0.7356919242802051,0.88288,0,0,stable
0000174_01601_d_0000001__0_0,2,s_16_32,784.0,0.0,0.0,10.0,0.9957906690018355,0.8556015191326525,0.93048,0,1,stable
0000174_01601_d_0000001__0_0,3,s_16_32,528.0,0.0,0.0,10.0,0.9872291887558914,0.7206260965909069,0.93048,0,0,stable
0000174_01601_d_0000001__0_0,5,t_8_16,195.99957275390625,0.0,0.0,3.0,0.9587017251571638,0.8012138093721941,0.93048,0,1,stable
0000174_01601_d_0000001__0_0,6,s_16_32,396.0,0.0,0.0,7.0,0.9964526052772055,0.8805209721433632,0.93048,0,1,stable
0000174_01601_d_0000001__0_0,8,t_8_16,224.0,0.0,0.0,3.0,0.9182048490065916,0.6683852995199162,0.93048,0,0,stable
0000174_01601_d_0000001__0_0,9,s_16_32,576.0,0.0,0.0,10.0,0.3607272051027229,0.8369978110333645,0.71554,0,1,stable
0000174_01601_d_0000001__0_0,14,t_8_16,72.0,0.0,0.0,2.0,0.899698450250654,0.7831003310992626,0.71554,0,1,stable
0000174_01601_d_0000001__0_0,16,t_8_16,84.0008544921875,0.25,0.0,4.0,0.23660358411524687,0.7468713642854435,0.71554,0,0,mild
0000174_01601_d_0000001__0_0,17,t_8_16,84.0008544921875,0.5,0.25,3.0,0.4550809863470373,0.8163764068497543,0.71554,0,1,mild
0000174_01601_d_0000001__0_0,18,t_8_16,112.0,0.5,0.5,3.0,0.5856329226482876,0.7579908529318465,0.71554,0,1,mild
0000181_00889_d_0000030__0_0,1,s_16_32,748.0,0.0,0.0,3.0,0.021414449294610144,0.8381773254373399,0.78087,0,1,stable
0000181_00889_d_0000030__0_0,2,s_16_32,600.0,0.0,0.0,9.0,0.8649734975653696,0.7672478535057589,0.78087,0,1,stable
0000181_00889_d_0000030__0_0,5,t_8_16,95.999755859375,0.25,0.25,0.0,,0.0,0.78087,1,0,mild
0000181_00889_d_0000030__0_0,6,s_16_32,468.0,0.0,0.0,10.0,0.9086910018109207,0.9065354307613039,0.92043,0,1,stable
0000181_00889_d_0000030__0_0,7,s_16_32,416.0,0.0,0.0,10.0,0.9881329889996532,0.8162504561674951,0.92043,0,1,stable
0000181_00889_d_0000030__0_0,8,t_8_16,71.99981689453125,0.0,0.0,2.0,0.17318008563104256,0.4411352168769609,0.78087,1,0,stable
0000181_00889_d_0000030__0_0,9,t_8_16,219.99969482421875,0.0,0.0,4.0,0.9055133374108848,0.799696922162512,0.78087,0,1,stable
0000181_00889_d_0000030__0_0,10,t_8_16,128.0,0.25,0.0,3.0,0.5108195733505746,0.8260553645750597,0.78087,0,1,mild
0000181_00889_d_0000030__0_0,11,s_16_32,527.999267578125,0.0,0.0,6.0,0.8419655504939708,0.5903304370631227,0.92043,0,0,stable
0000181_00889_d_0000030__0_0,12,s_16_32,324.0,0.0,0.0,5.0,0.44845614536509826,0.863508896549102,0.92043,0,1,stable
0000181_00889_d_0000030__0_0,13,t_8_16,128.0,0.0,0.0,2.0,0.9944795717742168,0.0,0.78087,1,0,stable
0000181_00889_d_0000030__0_0,14,s_16_32,312.0,0.0,0.0,6.0,0.8222588070565886,0.0,0.92043,1,0,stable
0000181_00889_d_0000030__0_0,15,t_8_16,108.0,0.25,0.0,3.0,0.9305405594181045,0.5230309488959313,0.78087,0,0,mild
0000181_00889_d_0000030__0_0,16,t_8_16,96.0,0.0,0.0,0.0,0.9651302999501633,0.44898522324153306,0.78087,1,0,stable
0000181_00889_d_0000030__0_0,17,t_8_16,108.0,0.25,0.0,4.0,0.550168146293707,0.6706927316375417,0.78087,0,0,mild
0000181_00889_d_0000030__0_0,18,t_8_16,224.0,0.25,0.0,3.0,0.23621942510549765,0.6803596789516511,0.92043,0,0,mild
0000181_00889_d_0000030__0_0,19,t_8_16,96.0,0.0,0.0,1.0,,0.6818446839134035,0.78087,0,0,stable
0000181_00889_d_0000030__0_0,22,t_8_16,240.0,0.0,0.0,3.0,0.9520791288030299,0.690349829704813,0.92043,0,0,stable
0000181_00889_d_0000030__0_0,23,t_8_16,144.0,0.0,0.0,2.0,0.9727164705947031,0.6349062725502508,0.92043,0,0,stable
0000181_00889_d_0000030__0_0,27,t_8_16,95.99993896484375,0.0,0.0,2.0,0.9999788327713943,0.6355951072851618,0.92043,0,0,stable
0000181_00889_d_0000030__0_0,34,s_16_32,383.999267578125,0.0,0.0,7.0,0.9573248157345218,0.9510930545782031,0.92043,0,1,stable
0000181_00889_d_0000030__0_0,37,t_8_16,120.0,0.5,0.5,2.0,0.9475612844198106,0.6025629519658203,0.92043,0,0,mild
0000181_00889_d_0000030__0_0,38,t_8_16,143.99990844726562,0.5,0.25,1.0,0.6983902421725187,0.7107415108469289,0.92043,0,0,mild
0000181_00889_d_0000030__0_0,39,t_8_16,140.0,0.0,0.0,1.0,,0.6829176945653139,0.92043,0,0,stable
0000181_00889_d_0000030__0_0,40,t_8_16,80.0,0.0,0.0,1.0,,0.6846574999999963,0.92043,0,0,stable
0000243_00001_d_0000001__160_0,2,t_8_16,72.0,0.25,0.0,2.0,0.32205278681106386,0.714196913723566,0.9244,0,0,mild
0000243_00001_d_0000001__160_0,10,t_8_16,144.0,0.0,0.0,4.0,0.9294165035754902,0.9345182083333384,0.9244,0,1,stable
0000243_00001_d_0000001__160_0,11,t_8_16,144.0,0.0,0.0,4.0,0.6654610556416511,0.9210955851462854,0.9244,0,1,stable
0000243_00001_d_0000001__160_0,14,t_8_16,72.0,0.0,0.0,2.0,0.9878483228738162,0.4972025579817304,0.9244,1,0,stable
0000243_00001_d_0000001__160_0,19,t_8_16,80.0,0.0,0.0,1.0,,0.6594878392856276,0.9244,0,0,stable
0000243_00001_d_0000001__160_0,20,t_8_16,120.0,0.0,0.0,1.0,,0.7413033459450465,0.9244,0,0,stable
0000243_00001_d_0000001__160_0,21,t_8_16,144.0,0.0,0.0,1.0,,0.7370430405445381,0.9244,0,0,stable
0000243_00001_d_0000001__160_0,22,s_16_32,256.0,0.0,0.0,5.0,0.9824780528350785,0.8555962659232548,0.9244,0,1,stable
0000243_00001_d_0000001__160_0,26,t_8_16,255.999755859375,0.0,0.0,5.0,0.9948293884380575,0.7361596041872275,0.9244,0,0,stable
0000243_00001_d_0000001__160_0,28,s_16_32,359.99945068359375,0.0,0.0,6.0,0.9853327742501584,0.873850755555555,0.9244,0,1,stable
0000243_00001_d_0000001__160_0,29,s_16_32,527.9993286132812,0.0,0.0,10.0,0.9976837439126309,0.9148196711622473,0.9244,0,1,stable
0000243_00001_d_0000001__160_0,31,s_16_32,256.0,0.0,0.0,3.0,0.9242911152038725,0.7026550169423651,0.9244,0,0,stable
0000243_00001_d_0000001__160_0,32,s_16_32,400.0,0.0,0.0,8.0,0.9631677739265614,0.6205938854076021,0.9244,0,0,stable
0000243_00001_d_0000001__160_0,33,t_8_16,96.0,0.0,0.0,5.0,0.797546721737901,0.8439787485400996,0.42688,0,1,stable
0000243_00001_d_0000001__160_0,34,t_8_16,96.0,0.25,0.25,1.0,0.6147534346544248,0.3107410706008643,0.42688,1,0,mild
0000313_00201_d_0000437__0_0,2,s_16_32,432.0,0.0,0.0,8.0,0.9826543585190318,0.8179483233692426,0.92613,0,1,stable
0000313_00201_d_0000437__0_0,3,t_8_16,156.0,0.0,0.0,8.0,0.9060407556896799,0.5328698400210198,0.80508,0,0,stable
0000313_00201_d_0000437__0_0,4,s_16_32,888.0,0.0,0.0,10.0,0.995442622900126,0.9541728805838882,0.92613,0,1,stable
0000313_00201_d_0000437__0_0,5,t_8_16,220.0,0.0,0.0,4.0,0.9905431682831087,0.9126699480349679,0.80508,0,1,stable
0000313_00201_d_0000437__0_0,6,t_8_16,176.0,0.5,0.5,1.0,,0.8543733444951267,0.80508,0,1,mild
0000313_00201_d_0000437__0_0,7,t_8_16,120.0,0.0,0.0,6.0,0.9432616566270804,0.7395241128720731,0.80508,0,0,stable
0000313_00201_d_0000437__0_0,9,t_8_16,96.0,0.0,0.0,1.0,0.9999996908592698,0.6221894664120486,0.80508,0,0,stable
0000313_00201_d_0000437__0_0,10,s_16_32,360.0,0.0,0.0,7.0,0.994889758707473,0.8076088900205284,0.92613,0,1,stable
0000313_00201_d_0000437__0_0,12,t_8_16,96.0,0.0,0.0,2.0,0.8892984189274563,0.7394945146846605,0.80508,0,0,stable
0000313_00201_d_0000437__0_0,13,s_16_32,308.0,0.0,0.0,5.0,0.9852238484377276,0.8813160471940745,0.92613,0,1,stable
0000313_00201_d_0000437__0_0,14,s_16_32,384.0,0.25,0.0,9.0,0.7953888087881725,0.6925570325948155,0.92613,0,0,mild
0000313_00201_d_0000437__0_0,15,s_16_32,484.0,0.0,0.0,10.0,0.9918616725606438,0.6930056776859517,0.92613,0,0,stable
0000313_00201_d_0000437__0_0,16,s_16_32,288.0,0.5,0.0,5.0,0.18429331353597533,0.7794858548785987,0.92613,0,1,mild
0000313_00201_d_0000437__0_0,22,t_8_16,100.0,0.0,0.0,1.0,,0.90603728375175,0.92613,0,1,stable
0000313_00201_d_0000437__0_0,23,t_8_16,168.0,0.0,0.0,2.0,0.915388653269354,0.7788031433911323,0.92613,0,1,stable
0000313_00201_d_0000437__0_0,24,t_8_16,80.0,0.0,0.0,2.0,0.9830201037722837,0.9286703449648469,0.92613,0,1,stable
0000313_00201_d_0000437__0_0,25,t_8_16,100.0,0.0,0.0,1.0,,0.8901444767062634,0.92613,0,1,stable
0000313_00201_d_0000437__0_0,26,t_8_16,80.0,0.25,0.25,1.0,,0.8313793508937648,0.92613,0,1,mild
0000313_00201_d_0000437__0_0,27,t_8_16,224.0001220703125,0.0,0.0,4.0,0.9901462132856463,0.8253730000000054,0.92613,0,1,stable
0000313_00201_d_0000437__0_0,28,t_8_16,100.0,0.25,0.0,2.0,0.8955937698617055,0.6889135787161351,0.92613,0,0,mild
0000313_00201_d_0000437__0_0,32,t_8_16,100.0,0.0,0.0,2.0,0.9653828769950531,0.7224417930022852,0.92613,0,0,stable
0000313_00201_d_0000437__0_0,33,t_8_16,100.0,0.25,0.0,2.0,0.9999996407119772,0.802229962628734,0.92613,0,1,mild
0000313_00201_d_0000437__0_0,34,t_8_16,72.0,0.5,0.25,3.0,0.07928513966047689,0.6617453715682443,0.80508,0,0,mild
0000313_00201_d_0000437__0_0,35,t_8_16,84.0,0.5,0.5,2.0,0.2721129033950364,0.9330959888734234,0.80508,0,1,mild
0000313_00201_d_0000437__0_0,36,t_8_16,192.0,0.0,0.0,3.0,0.9916045350342273,0.7252586709721673,0.92613,0,0,stable
0000313_00201_d_0000437__0_0,37,s_16_32,288.0,0.0,0.0,5.0,0.9875496207544047,0.940472103052648,0.92613,0,1,stable
0000313_00201_d_0000437__0_0,38,s_16_32,780.0,0.0,0.0,10.0,0.9985719879163382,0.8873329878805403,0.92613,0,1,stable
0000313_00201_d_0000437__0_0,42,t_8_16,192.0,0.5,0.25,2.0,0.8903831462780005,0.5996513063171725,0.80508,0,0,mild
0000313_00201_d_0000437__0_0,43,t_8_16,192.0,0.0,0.0,4.0,0.2483929427202882,0.5406388228772032,0.80508,0,0,stable
0000313_00201_d_0000437__0_0,44,s_16_32,288.0,0.5,0.25,7.0,0.04343598584346564,0.8074021912162256,0.80508,0,1,mild
0000313_00201_d_0000437__0_0,45,t_8_16,156.0,0.0,0.0,6.0,0.8420298368326392,0.6047295431290759,0.80508,0,0,stable
0000313_00201_d_0000437__0_0,46,t_8_16,240.0,0.0,0.0,3.0,0.9527888898186466,0.783009896719965,0.80508,0,1,stable
0000313_00201_d_0000437__0_0,47,t_8_16,220.0,0.25,0.25,3.0,0.8676927395916567,0.0,0.80508,1,0,mild
0000313_00201_d_0000437__0_0,48,t_8_16,220.0,0.0,0.0,4.0,0.5187511108366892,0.726856245454545,0.80508,0,0,stable
0000313_00201_d_0000437__0_0,49,s_16_32,280.0,0.0,0.0,4.0,0.33202178367332635,0.6071936576947943,0.80508,0,0,stable
0000313_00201_d_0000437__0_0,50,t_8_16,192.0,0.0,0.0,2.0,0.9351055591636617,0.4042201682086595,0.80508,1,0,stable
0000313_00201_d_0000437__0_0,51,s_16_32,272.0,0.0,0.0,5.0,0.579223094496364,0.0,0.80508,1,0,stable
0000313_00201_d_0000437__0_0,53,s_16_32,828.0,0.5,0.0,10.0,0.28152978983863114,0.8584449136852736,0.92613,0,1,mild
0000313_00201_d_0000437__0_0,54,s_16_32,863.9989013671875,0.0,0.0,10.0,0.9862959434436261,0.7993800288373863,0.92613,0,1,stable
0000313_00201_d_0000437__0_0,55,s_16_32,672.0,0.0,0.0,10.0,0.9527055707276939,0.9317515166310789,0.92613,0,1,stable
0000313_00201_d_0000437__0_0,56,s_16_32,640.0,0.0,0.0,10.0,0.956112960837022,0.8029696589760102,0.92613,0,1,stable
0000313_00201_d_0000437__0_0,57,s_16_32,640.0,0.5,0.0,10.0,0.13760148332342778,0.8698756192545347,0.92613,0,1,mild
0000313_00201_d_0000437__0_0,58,s_16_32,300.0,0.0,0.0,5.0,0.9505740853534853,0.737466014563975,0.92613,0,0,stable
0000313_00201_d_0000437__0_0,59,s_16_32,260.0,0.0,0.0,4.0,0.9940029083134042,0.7860126342144019,0.92613,0,1,stable
0000313_00201_d_0000437__0_0,60,t_8_16,110.0,0.0,0.0,1.0,,0.6261496161250414,0.92613,0,0,stable
0000313_00201_d_0000437__0_0,62,t_8_16,72.0,0.5,0.5,0.0,,0.646803169726408,0.92613,0,0,mild
00e0b6dc0,0,t_8_16,143.0,0.0,0.0,2.0,0.9682077694899662,0.757025629012037,0.78394,0,1,stable
014773cfa,0,t_8_16,175.99932861328125,0.0,0.0,3.0,0.9966095868007734,0.9048847217615258,0.82131,0,1,stable
03592,0,t_8_16,97.9991455078125,0.0,0.0,4.0,0.9853775579398745,0.8582199731466236,0.85313,0,1,stable
03592,1,t_8_16,98.0,0.0,0.0,4.0,0.9608390738915005,0.8681406371152466,0.85313,0,1,stable
03592,2,t_8_16,96.0,0.0,0.0,5.0,0.9920039052729066,0.8294542358054556,0.85313,0,1,stable
03592,3,t_8_16,105.0,0.0,0.0,5.0,0.9875158102646246,0.9069420470179563,0.85313,0,1,stable
03592,4,t_8_16,143.0,0.0,0.0,2.0,0.9975623119863589,0.8160040591064344,0.85313,0,1,stable
03592,5,t_8_16,154.0,0.0,0.0,3.0,0.8735845299629191,0.6540833246753299,0.85313,0,0,stable
03592,6,t_8_16,70.0,0.0,0.0,5.0,0.49344578477679185,0.6772498608671015,0.85313,0,0,stable
04065,0,t_8_16,105.0,0.0,0.0,5.0,0.9878566875498365,0.7556420666666678,0.35766,0,1,stable
04ef6825b,0,t_8_16,77.0,0.0,0.0,3.0,0.8853873799997215,0.6114152603017782,0.74688,0,0,stable
04ef6825b,1,t_8_16,77.0,0.0,0.0,3.0,0.9974824754673259,0.8293358055126113,0.74688,0,1,stable
057836607,1,t_8_16,70.0,0.0,0.0,3.0,0.9859447165945991,0.8305244749460617,0.9204,0,1,stable
06914,0,t_8_16,252.99859619140625,0.0,0.0,4.0,0.9940191085228772,0.8714537997787528,0.87161,0,1,stable
06914,1,s_16_32,294.0,0.0,0.0,5.0,0.9694440246007869,0.8501774278962472,0.87161,0,1,stable
06914,2,s_16_32,288.0,0.0,0.0,6.0,0.9570219474724655,0.7969902329199712,0.87161,0,1,stable
06914,3,t_8_16,162.0,0.0,0.0,2.0,0.9847485481424799,0.8310835252486457,0.87161,0,1,stable
06914,4,t_8_16,190.0,0.0,0.0,3.0,0.9399437691412676,0.8114607976022492,0.87161,0,1,stable
06914,5,s_16_32,322.0,0.0,0.0,4.0,0.9929406810178687,0.6803702618914595,0.87161,0,0,stable
06914,6,t_8_16,208.0,0.0,0.0,4.0,0.9504271941134278,0.8663879592934428,0.87161,0,1,stable
06914,7,t_8_16,224.0,0.0,0.0,4.0,0.9501494543863905,0.7913356769775678,0.87161,0,1,stable
06914,8,t_8_16,192.0,0.25,0.0,3.0,0.7222673975978348,0.8517221968044083,0.87161,0,1,mild
06914,9,t_8_16,195.0,0.0,0.0,4.0,0.8876748391353492,0.8127171377012653,0.87161,0,1,stable
06914,10,t_8_16,180.0,0.0,0.0,4.0,0.90491859823049,0.7551686620186848,0.87161,0,1,stable
06914,11,t_8_16,144.0,0.0,0.0,3.0,0.9683658761874601,0.8262062278536547,0.87161,0,1,stable
06914,12,s_16_32,390.00170898623765,0.0,0.0,10.0,0.9424172959631385,0.6116786821722402,0.87161,0,0,stable
06914,13,s_16_32,680.0,0.0,0.0,10.0,0.9930833889512831,0.9122092880426557,0.87161,0,1,stable
06914,14,s_16_32,375.0000476837158,0.0,0.0,4.0,0.9968350476583989,0.9380949724650107,0.87161,0,1,stable
06914,15,s_16_32,420.00042724609375,0.0,0.0,10.0,0.989695284351037,0.8132110285714281,0.87161,0,1,stable
06914,16,s_16_32,312.0,0.0,0.0,6.0,0.9886049928237867,0.8302339734117373,0.87161,0,1,stable
06914,17,t_8_16,220.0,0.0,0.0,3.0,0.9834842200550395,0.6879278552159941,0.87161,0,0,stable
06914,18,t_8_16,191.99990844726562,0.0,0.0,3.0,0.997512788827522,0.9044179571026463,0.87161,0,1,stable
06914,19,t_8_16,191.999755859375,0.0,0.0,4.0,0.9892817833550135,0.7526454726326651,0.87161,0,1,stable
06914,20,s_16_32,455.9999542236328,0.0,0.0,8.0,0.9889701054390404,0.8481657075804442,0.87161,0,1,stable
06914,21,s_16_32,293.9993591308594,0.0,0.0,5.0,0.8779475972757956,0.42975346128587133,0.87161,1,0,stable
06914,22,t_8_16,77.99960327148438,0.0,0.0,4.0,0.9612557449523768,0.5469479620035251,0.87161,0,0,stable
06914,23,t_8_16,230.0,0.0,0.0,4.0,0.9911673950058734,0.7030654104302028,0.87161,0,0,stable
06914,24,t_8_16,180.0,0.0,0.0,3.0,0.9914071639646652,0.843465307243931,0.87161,0,1,stable
06914,25,t_8_16,198.0,0.0,0.0,3.0,0.9947442665301295,0.790616259039721,0.87161,0,1,stable
06914,26,t_8_16,243.0,0.0,0.0,5.0,0.6560329149620937,0.6570877123024033,0.87161,0,0,stable
06914,27,t_8_16,126.0,0.0,0.0,5.0,0.5585669087592458,0.5527075639355034,0.87161,0,0,stable
06914,28,s_16_32,363.0,0.0,0.0,10.0,0.9832443521650658,0.9071892731993918,0.87161,0,1,stable
06914,29,s_16_32,462.0,0.0,0.0,8.0,0.9940097932213819,0.7883939822277382,0.87161,0,1,stable
06914,30,t_8_16,220.0010375957936,0.0,0.0,6.0,0.9608215850941726,0.8686610336752963,0.87161,0,1,stable
06914,31,t_8_16,161.99972534179688,0.25,0.0,4.0,0.977167700931298,0.7393748243483831,0.87161,0,0,mild
06914,32,t_8_16,128.0,0.0,0.0,2.0,0.9916024843746517,0.8340674798968253,0.87161,0,1,stable
06914,33,t_8_16,152.0,0.0,0.0,3.0,0.984851258794597,0.8552382763157902,0.87161,0,1,stable
06914,34,s_16_32,296.99835205078125,0.0,0.0,3.0,0.9338912449747777,0.7492296416273112,0.87161,0,0,stable
06914,35,t_8_16,153.0,0.0,0.0,3.0,0.998202866618467,0.7469231328836275,0.87161,0,0,stable
06914,36,t_8_16,162.0,0.0,0.0,3.0,0.9979621703500626,0.8302944869131145,0.87161,0,1,stable
06914,37,t_8_16,240.0,0.0,0.0,5.0,0.9935386221865603,0.8665304668054966,0.87161,0,1,stable
06914,38,t_8_16,126.0,0.0,0.0,4.0,0.9772411935524824,0.8598523423124539,0.87161,0,1,stable
06914,39,t_8_16,168.0,0.0,0.0,6.0,0.9877216737975305,0.8183813018384262,0.87161,0,1,stable
06914,40,t_8_16,189.0,0.0,0.0,3.0,0.9986213886724468,0.7035506455026468,0.87161,0,0,stable
06914,41,t_8_16,234.0,0.0,0.0,6.0,0.9968537358179935,0.8169600964873129,0.87161,0,1,stable
06914,42,s_16_32,560.0,0.0,0.0,7.0,0.9842240132848818,0.7012194692496526,0.87161,0,0,stable
06914,43,s_16_32,578.0,0.0,0.0,10.0,0.9893398088394676,0.7738474567474025,0.87161,0,1,stable
06914,44,t_8_16,159.999755859375,0.0,0.0,4.0,0.9134738025298759,0.7950001767692382,0.87161,0,1,stable
06914,45,t_8_16,207.0,0.0,0.0,4.0,0.9949000783202727,0.7847506086956471,0.87161,0,1,stable
06914,46,t_8_16,105.0,0.0,0.0,3.0,0.9711163764373256,0.7936418017678676,0.87161,0,1,stable
06914,47,t_8_16,189.0,0.0,0.0,4.0,0.9958373272916725,0.8084812944244316,0.87161,0,1,stable
06914,48,t_8_16,220.0,0.0,0.0,3.0,0.9898065858682118,0.6780186506969016,0.87161,0,0,stable
06914,49,t_8_16,119.0,0.0,0.0,4.0,0.979628186493687,0.8480493262565332,0.87161,0,1,stable
06914,50,t_8_16,230.0,0.5,0.0,8.0,0.05666850266319112,0.8369303839530909,0.87161,0,1,mild
06914,51,t_8_16,207.0,0.0,0.0,5.0,0.9952362633152466,0.8978556213827702,0.87161,0,1,stable
06914,52,t_8_16,228.0,0.0,0.0,5.0,0.9790966625901193,0.6520503927394149,0.87161,0,0,stable
06914,53,t_8_16,108.0,0.0,0.0,1.0,,0.6291775922894665,0.87161,0,0,stable
06914,54,t_8_16,150.0,0.0,0.0,2.0,0.9734305358678789,0.635689703473519,0.87161,0,0,stable
06914,55,t_8_16,126.0,0.0,0.0,2.0,0.9977894267235471,0.7262352090222087,0.87161,0,0,stable
06914,56,t_8_16,168.0,0.5,0.5,0.0,,0.872281900941849,0.87161,0,1,mild
06914,57,t_8_16,119.00021362304688,0.0,0.0,5.0,0.7111891383741477,0.7766503946861446,0.87161,0,1,stable
06914,58,t_8_16,210.0,0.25,0.0,2.0,0.9894227420820174,0.38357750192146034,0.87161,1,0,mild
06914,59,t_8_16,152.0,0.25,0.25,3.0,0.95424311918925,0.7382238065411656,0.87161,0,0,mild
06914,60,s_16_32,795.0,0.0,0.0,10.0,0.5660904058188216,0.2347668566037757,0.87161,1,0,stable
06914,61,t_8_16,120.0,0.0,0.0,2.0,0.9896315393044313,0.7046097798737334,0.87161,0,0,stable
06914,62,t_8_16,180.0,0.25,0.0,4.0,0.978446184780327,0.7096659927097875,0.87161,0,0,mild
06914,63,t_8_16,133.0,0.0,0.0,6.0,0.8980671407387705,0.7431228497262592,0.87161,0,0,stable
06914,64,t_8_16,152.0,0.25,0.25,4.0,0.9872447532290343,0.8670654239143646,0.87161,0,1,mild
06914,65,s_16_32,319.9990234375,0.0,0.0,4.0,0.7638074695267463,0.8298531070335489,0.87161,0,1,stable
06914,66,t_8_16,255.0,0.0,0.0,6.0,0.9946333030677192,0.896741943890708,0.87161,0,1,stable
06914,67,t_8_16,209.9991455078125,0.0,0.0,3.0,0.9896764164813294,0.6606719269192745,0.87161,0,0,stable
06914,68,t_8_16,181.99920654296875,0.0,0.0,3.0,0.8896318116445932,0.6203863499633291,0.87161,0,0,stable
06914,69,t_8_16,130.00079345703125,0.0,0.0,5.0,0.8768643568385441,0.8451310033216651,0.87161,0,1,stable
06914,70,t_8_16,154.0,0.0,0.0,2.0,0.9960484717862589,0.8654071679685305,0.87161,0,1,stable
06914,71,t_8_16,81.00027465820312,0.25,0.0,1.0,,0.7139185663291552,0.87161,0,0,mild
06914,72,t_8_16,200.0,0.0,0.0,4.0,0.9913784504309552,0.6466715195300838,0.87161,0,0,stable
06914,73,t_8_16,189.0,0.0,0.0,3.0,0.9916209892456079,0.7465081547839867,0.87161,0,0,stable
06914,74,t_8_16,168.0,0.0,0.0,2.0,0.9763710184314509,0.7820357451781212,0.87161,0,1,stable
06914,75,t_8_16,168.0,0.0,0.0,4.0,0.9800352569882047,0.7490424279129094,0.87161,0,0,stable
06914,76,t_8_16,147.0,0.0,0.0,4.0,0.9885177204869602,0.8412387266011935,0.87161,0,1,stable
06914,77,t_8_16,243.0,0.0,0.0,6.0,0.9875954088038872,0.9605943746308199,0.87161,0,1,stable
06914,78,s_16_32,260.0,0.0,0.0,4.0,0.8691060802447178,0.6807226651636875,0.87161,0,0,stable
06914,79,t_8_16,240.0,0.0,0.0,6.0,0.8676179814268601,0.7235344471632632,0.87161,0,0,stable
06914,80,t_8_16,126.0,0.0,0.0,6.0,0.947537732890721,0.9515722044490411,0.87161,0,1,stable
06914,81,t_8_16,136.0,0.0,0.0,2.0,0.9964333187587084,0.8068347123665449,0.87161,0,1,stable
06914,82,t_8_16,98.0,0.0,0.0,2.0,0.9941716347488159,0.8291737124428582,0.87161,0,1,stable
06914,83,t_8_16,119.00021362304688,0.0,0.0,3.0,0.9939095903702716,0.850163482296101,0.87161,0,1,stable
06914,84,t_8_16,133.0,0.0,0.0,3.0,0.994854850313751,0.759537637023004,0.87161,0,1,stable
06914,85,t_8_16,135.0,0.0,0.0,2.0,0.9884559730694059,0.7492459885074298,0.87161,0,0,stable
06914,86,s_16_32,324.0,0.5,0.0,5.0,0.33522798248974073,0.44419317873037145,0.87161,1,0,mild
06914,87,s_16_32,264.0,0.0,0.0,5.0,0.9983803698864444,0.8606889283187591,0.87161,0,1,stable
06914,88,s_16_32,335.99957275390625,0.0,0.0,5.0,0.9272597453219367,0.7219383624856979,0.87161,0,0,stable
06914,89,s_16_32,296.99835205078125,0.0,0.0,4.0,0.7819952878793035,0.6442083808113898,0.87161,0,0,stable
06914,90,t_8_16,181.9999008178711,0.0,0.0,2.0,0.9956024468682385,0.8027410169609915,0.87161,0,1,stable
06914,91,t_8_16,231.0,0.0,0.0,4.0,0.9471352661390848,0.760975190476191,0.87161,0,1,stable
06914,92,t_8_16,227.9997100830078,0.0,0.0,2.0,0.913051472350666,0.7837590526803961,0.87161,0,1,stable
06914,93,t_8_16,160.0,0.0,0.0,2.0,0.9828532844932166,0.8651335777156969,0.87161,0,1,stable
06914,94,s_16_32,280.0,0.0,0.0,4.0,0.9821111046523202,0.9129242066906801,0.87161,0,1,stable
06914,95,s_16_32,405.0,0.25,0.0,8.0,0.20264960250638303,0.8526621847269023,0.87161,0,1,mild
06914,96,s_16_32,420.0004577636719,0.0,0.0,6.0,0.9940900511688685,0.8773758167175766,0.87161,0,1,stable
06914,97,t_8_16,192.0,0.0,0.0,3.0,0.9953622979498703,0.8715419891669973,0.87161,0,1,stable
06914,98,t_8_16,111.99978637695312,0.0,0.0,5.0,0.9698308405966151,0.7766735172062399,0.87161,0,1,stable
06914,99,t_8_16,225.0,0.0,0.0,4.0,0.9938086250502275,0.8708315796511595,0.87161,0,1,stable
06914,100,t_8_16,225.0,0.25,0.0,4.0,0.8451854208159748,0.9410527356567914,0.87161,0,1,mild
06914,101,t_8_16,161.99972534179688,0.0,0.0,3.0,0.9644536643560219,0.7899444455266414,0.87161,0,1,stable
06914,102,t_8_16,152.0,0.25,0.25,3.0,0.6580925029816748,0.8538327833987674,0.87161,0,1,mild
06914,103,t_8_16,96.0,0.0,0.0,3.0,0.8944116363913107,0.690568920076302,0.87161,0,0,stable
06914,105,t_8_16,189.0,0.0,0.0,4.0,0.9902475594427876,0.8101695097032086,0.87161,0,1,stable
06914,106,t_8_16,152.0,0.25,0.25,3.0,0.9889681867706406,0.8013224013157799,0.87161,0,1,mild
06914,107,t_8_16,112.0,0.0,0.0,2.0,0.9913365534980668,0.9027163571428475,0.87161,0,1,stable
06914,108,t_8_16,105.0,0.0,0.0,2.0,0.9990303451312873,0.7097059747502475,0.87161,0,0,stable
06914,109,t_8_16,160.0,0.0,0.0,2.0,0.9831809202343291,0.7954863083484346,0.87161,0,1,stable
06914,110,t_8_16,171.0,0.0,0.0,3.0,0.9966764317301602,0.7598889064327461,0.87161,0,1,stable
06914,111,t_8_16,112.0,0.0,0.0,3.0,0.9848964845683618,0.8732374356239088,0.87161,0,1,stable
06914,112,t_8_16,208.0,0.25,0.25,5.0,0.1372326616912794,0.8032857739638932,0.87161,0,1,mild
06914,113,t_8_16,207.0,0.25,0.0,3.0,0.9184672587434195,0.8657157443648629,0.87161,0,1,mild
06914,114,t_8_16,119.0,0.0,0.0,6.0,0.992981017867939,0.8356628655360469,0.87161,0,1,stable
06914,115,t_8_16,162.0,0.0,0.0,3.0,0.9944203254371351,0.8669746296296259,0.87161,0,1,stable
06914,116,t_8_16,230.0,0.0,0.0,5.0,0.9961104486133158,0.8724784043478289,0.87161,0,1,stable
06914,117,t_8_16,180.0,0.0,0.0,2.0,0.9914320018181259,0.6984681239995376,0.87161,0,0,stable
06914,118,t_8_16,171.0,0.0,0.0,2.0,0.9929230629981767,0.7691559955416802,0.87161,0,1,stable
06914,119,t_8_16,144.0,0.0,0.0,3.0,0.9915204591176179,0.7874086055564515,0.87161,0,1,stable
06914,120,t_8_16,105.00021362304688,0.0,0.0,2.0,0.7313371625040627,0.9179959593230873,0.87161,0,1,stable
06914,121,t_8_16,207.0,0.25,0.25,4.0,0.9541961568075007,0.7455585101941091,0.87161,0,0,mild
06914,122,t_8_16,189.0,0.25,0.0,4.0,0.9929569986627771,0.858996666666667,0.87161,0,1,mild
06914,123,s_16_32,688.0,0.0,0.0,10.0,0.9947810748177188,0.8647441351744244,0.87161,0,1,stable
06914,124,s_16_32,429.0,0.0,0.0,8.0,0.9921603188941912,0.8768568524114515,0.87161,0,1,stable
06914,125,s_16_32,396.0,0.0,0.0,5.0,0.9988100863884659,0.7995112878787888,0.87161,0,1,stable
06914,126,t_8_16,108.000732421875,0.0,0.0,2.0,0.9868571393863655,0.8281046353017172,0.84516,0,1,stable
06914,127,t_8_16,90.0,0.25,0.0,2.0,0.9928542243244239,0.0,0.84516,1,0,mild
06914,128,t_8_16,195.99957275390625,0.25,0.0,1.0,0.9792181452727369,0.0,0.84516,1,0,mild
06914,129,t_8_16,195.0,0.0,0.0,4.0,0.9702166756603098,0.6118870307160365,0.87161,0,0,stable
06914,130,t_8_16,154.0,0.0,0.0,2.0,0.9973515002060854,0.8848005739942633,0.87161,0,1,stable
06914,131,s_16_32,352.0,0.0,0.0,7.0,0.951590766749784,0.8544958512518555,0.87161,0,1,stable
06914,132,t_8_16,224.0,0.0,0.0,5.0,0.9921905995755143,0.9010369261665886,0.87161,0,1,stable
06914,133,s_16_32,288.0,0.0,0.0,4.0,0.7434069905442047,0.8201735309729863,0.87161,0,1,stable
06914,134,t_8_16,252.0,0.0,0.0,3.0,0.41695537749904377,0.857530018004396,0.87161,0,1,stable
06914,135,t_8_16,132.0,0.0,0.0,1.0,,0.8685087588708735,0.87161,0,1,stable
06914,136,t_8_16,238.0,0.0,0.0,4.0,0.8944321390804953,0.8202199990127597,0.87161,0,1,stable
06914,137,t_8_16,204.0,0.0,0.0,4.0,0.993101388604755,0.7992307153173308,0.87161,0,1,stable
06914,139,t_8_16,70.0,0.0,0.0,3.0,0.9964359599691024,0.66089304834832,0.84516,0,0,stable
06914,140,t_8_16,179.99954223632812,0.0,0.0,2.0,0.9986119645371203,0.7882053649811221,0.84516,0,1,stable
06914,141,t_8_16,104.0,0.25,0.25,1.0,,0.7615718987996355,0.84516,0,1,mild
06914,142,t_8_16,136.0,0.0,0.0,3.0,0.9944429689552363,0.8412202126112839,0.84516,0,1,stable
06914,143,t_8_16,72.0,0.0,0.0,2.0,0.9994129818407196,0.7866209412653742,0.84516,0,1,stable
06914,144,t_8_16,104.0,0.0,0.0,1.0,,0.9026148141462439,0.84516,0,1,stable
06914,145,t_8_16,84.0,0.0,0.0,4.0,0.9855798213830813,0.8800712287616822,0.84516,0,1,stable
06914,146,t_8_16,66.0,0.0,0.0,2.0,0.7638351373353314,0.7349033649403769,0.84516,0,0,stable
06914,147,t_8_16,84.0,0.0,0.0,3.0,0.8489963371872519,0.8215611555785208,0.84516,0,1,stable
06914,148,t_8_16,192.0,0.0,0.0,5.0,0.9876978247281925,0.8640162966766114,0.84516,0,1,stable
06914,149,t_8_16,112.0,0.5,0.5,0.0,,0.8412396845316633,0.84516,0,1,mild
06914,150,t_8_16,90.99980163574219,0.0,0.0,2.0,0.9881691141320369,0.7562895899400943,0.84516,0,1,stable
06914,151,t_8_16,112.0,0.0,0.0,1.0,,0.9219417161597403,0.84516,0,1,stable
06914,152,t_8_16,65.0,0.0,0.0,2.0,0.9829433973294648,0.6028750304624524,0.84516,0,0,stable
06914,153,t_8_16,130.0,0.0,0.0,2.0,0.9969587981831713,0.8648869714477789,0.84516,0,1,stable
06914,154,t_8_16,98.0,0.0,0.0,3.0,0.9734718936836557,0.8715901437177405,0.84516,0,1,stable
06914,155,t_8_16,89.99977111816406,0.0,0.0,2.0,0.9802619447931594,0.7956233592996468,0.84516,0,1,stable
06914,156,t_8_16,105.0,0.0,0.0,5.0,0.994094237493535,0.8691276511978557,0.84516,0,1,stable
06914,157,t_8_16,144.0,0.0,0.0,3.0,0.9950550086955408,0.8621233102864708,0.84516,0,1,stable
06914,158,t_8_16,176.0,0.25,0.25,3.0,0.9935698539305471,0.7532927739817267,0.87161,0,1,mild
06914,159,t_8_16,198.0,0.0,0.0,4.0,0.9860303351545933,0.7434222222222188,0.87161,0,0,stable
06914,160,s_16_32,322.0,0.0,0.0,4.0,0.9163382482550112,0.7948058766544664,0.87161,0,1,stable
06914,161,t_8_16,107.99945068359375,0.0,0.0,1.0,,0.5567608400060441,0.87161,0,0,stable
06914,162,t_8_16,210.0,0.0,0.0,4.0,0.9847301122598132,0.8529536859291945,0.87161,0,1,stable
06914,163,t_8_16,196.0,0.0,0.0,2.0,0.9943570045099878,0.8807901451244888,0.87161,0,1,stable
06914,164,t_8_16,210.0,0.0,0.0,2.0,0.8442072891185353,0.8201737424810417,0.87161,0,1,stable
06914,165,t_8_16,251.99957275390625,0.0,0.0,4.0,0.9551402424774179,0.9129075976376557,0.87161,0,1,stable
06914,166,s_16_32,336.0,0.0,0.0,6.0,0.9711498051216423,0.857961003503086,0.87161,0,1,stable
06914,167,t_8_16,156.0,0.0,0.0,3.0,0.9788847760022362,0.6639878078558722,0.87161,0,0,stable
06914,168,s_16_32,280.0,0.0,0.0,7.0,0.9558944732337017,0.8868295095001242,0.87161,0,1,stable
06914,169,t_8_16,252.0,0.0,0.0,7.0,0.9434291587375957,0.6126118756912485,0.87161,0,0,stable
06914,170,t_8_16,252.0,0.0,0.0,3.0,0.994499258622768,0.7557441487535906,0.87161,0,1,stable
06914,171,s_16_32,259.9996032714844,0.0,0.0,4.0,0.9304652714287481,0.7544190597902374,0.87161,0,1,stable
06914,172,t_8_16,190.0,0.0,0.0,3.0,0.9839366114335154,0.0,0.87161,1,0,stable
06914,175,t_8_16,104.000244140625,0.25,0.25,0.0,,0.0,0.87161,1,0,mild
06914,176,t_8_16,253.0,0.0,0.0,2.0,0.9802908643162159,0.7536342065359887,0.87161,0,1,stable
06914,177,s_16_32,364.0,0.0,0.0,6.0,0.9523737270364075,0.7822196633269911,0.87161,0,1,stable
06914,178,s_16_32,377.0000247955322,0.0,0.0,6.0,0.9493542411911262,0.6516995595379749,0.87161,0,0,stable
06914,179,t_8_16,112.00000762939453,0.25,0.25,1.0,,0.6045772291304339,0.87161,0,0,mild
06914,180,t_8_16,135.99948120117188,0.0,0.0,6.0,0.9702688724724675,0.5791300263930932,0.87161,0,0,stable
06914,181,t_8_16,247.00057983398438,0.0,0.0,3.0,0.44032898852916635,0.0,0.87161,1,0,stable
06914,182,s_16_32,312.0000915527344,0.0,0.0,5.0,0.975534451964768,0.7203118993640651,0.87161,0,0,stable
06914,183,t_8_16,143.0,0.0,0.0,1.0,,0.8293223757972193,0.87161,0,1,stable
08275,0,t_8_16,171.00057983398438,0.25,0.0,3.0,0.8849380104836487,0.5844006866067681,0.76639,0,0,mild
08a9596cc,0,t_8_16,231.0,0.0,0.0,4.0,0.9885424959962185,0.814997236206775,0.77169,0,1,stable
08c59eea4,0,t_8_16,81.0,0.25,0.0,1.0,,0.5064445027121786,0.40476,0,0,mild
09032,0,t_8_16,143.99945068359375,0.25,0.25,3.0,0.21718457588662304,0.0,0.20949,1,0,mild
09032,1,t_8_16,171.0,0.0,0.0,2.0,0.9688118532065669,0.6239378983982357,0.20949,0,0,stable
09032,2,t_8_16,180.0,0.0,0.0,4.0,0.9379038410488184,0.6532881809811397,0.0128,0,0,stable
0b48cbbcd,0,t_8_16,210.0,0.0,0.0,4.0,0.9607041970569078,0.8472500163607525,0.76534,0,1,stable
0efd60e89,0,t_8_16,90.0,0.5,0.0,4.0,0.13198786630568166,0.8153578611085418,0.53649,0,1,mild
0efd60e89,1,t_8_16,210.0,0.0,0.0,3.0,0.9030265851390543,0.7500337225161479,0.53649,0,1,stable
0fd1536b1,2,t_8_16,72.0,0.25,0.25,1.0,,0.0,0.03006,1,0,mild
0fd1536b1,3,t_8_16,125.99972534179688,0.0,0.0,3.0,0.9255656856326347,0.0,0.03006,1,0,stable
1056__2400_2415,0,t_8_16,216.0,0.0,0.0,3.0,0.9968177334659709,0.9292439725004366,0.86052,0,1,stable
1056__2400_2415,1,s_16_32,420.0,0.0,0.0,9.0,0.9974948830174245,0.8573780569625221,0.86052,0,1,stable
105__1800_1914,0,t_8_16,139.99957275390625,0.0,0.0,2.0,0.9833554554622957,0.8926275666484503,0.82585,0,1,stable
105__1800_1914,1,t_8_16,180.0,0.0,0.0,2.0,0.9895072088996447,0.8178436054610466,0.82585,0,1,stable
105__1800_1914,2,t_8_16,216.0,0.0,0.0,4.0,0.9864066233471992,0.8898729670100562,0.82585,0,1,stable
105__1800_1914,3,t_8_16,128.0,0.25,0.25,3.0,0.9851668706374853,0.8272695084450843,0.82585,0,1,mild
105__1800_1914,4,t_8_16,144.0,0.25,0.25,3.0,0.9799141336523686,0.7750881694174103,0.82585,0,1,mild
105__1800_1914,5,t_8_16,120.0,0.25,0.0,1.0,,0.6018410278242605,0.82585,0,0,mild
105__1800_1914,6,t_8_16,128.0,0.25,0.25,2.0,0.9518495280018591,0.7159380992837939,0.82585,0,0,mild
105__1800_1914,7,t_8_16,139.9993896484375,0.0,0.0,2.0,0.8669062937551893,0.7606022477550166,0.82585,0,1,stable
105__1800_1914,8,t_8_16,140.0,0.0,0.0,2.0,0.9901687738827686,0.7810319428991863,0.82585,0,1,stable
105__1800_1914,9,t_8_16,108.0,0.0,0.0,4.0,0.9145350484436506,0.585413902676552,0.82585,0,0,stable
105__1800_1914,11,t_8_16,224.0,0.0,0.0,3.0,0.9508273034788042,0.7548714642857156,0.82585,0,1,stable
105__1800_1914,12,t_8_16,120.0,0.25,0.25,2.0,0.6939573751649109,0.5929883952436804,0.82585,0,0,mild
105__1800_1914,13,t_8_16,167.99957275390625,0.5,0.0,4.0,0.30159283396448194,0.7812455357142912,0.82585,0,1,mild
105__1800_1914,14,t_8_16,136.00048828125,0.0,0.0,4.0,0.9763300127770627,0.6257732858457317,0.82585,0,0,stable
105__1800_1914,15,t_8_16,140.0,0.25,0.0,3.0,0.09977263351427114,0.8679130591659933,0.82585,0,1,mild
105__1800_1914,16,t_8_16,224.0,0.0,0.0,3.0,0.8464872864868279,0.5708312578645051,0.82585,0,0,stable
105__1800_1914,17,t_8_16,191.999267578125,0.0,0.0,5.0,0.9412799646378825,0.8024663911466747,0.82585,0,1,stable
105__1800_1914,18,t_8_16,216.0,0.0,0.0,3.0,0.9724804012685634,0.5569309351851859,0.82585,0,0,stable
105__1800_1914,19,t_8_16,120.0,0.0,0.0,2.0,0.9298053016748462,0.7955663008074841,0.82585,0,1,stable
105__1800_1914,20,t_8_16,180.0,0.25,0.0,5.0,0.8945295759154374,0.7679871833333305,0.82585,0,1,mild
105__1800_1914,21,t_8_16,111.9990234375,0.0,0.0,5.0,0.8648370850625567,0.6575281349164721,0.82585,0,0,stable
105__1800_1914,22,t_8_16,160.0,0.25,0.0,4.0,0.9731650392010055,0.7731625979510505,0.82585,0,1,mild
105__1800_1914,23,t_8_16,160.0,0.0,0.0,2.0,0.9807658426835472,0.8241822327763012,0.82585,0,1,stable
105__1800_1914,24,t_8_16,110.0,0.0,0.0,1.0,,0.8073936583740309,0.82585,0,1,stable
105__1800_1914,25,t_8_16,216.0,0.0,0.0,4.0,0.975622010209232,0.8751014888839022,0.82585,0,1,stable
105__1800_1914,26,t_8_16,240.0,0.0,0.0,4.0,0.9864602502810079,0.7034279292768801,0.82585,0,0,stable
105__1800_1914,27,t_8_16,160.0,0.0,0.0,2.0,0.9982866391712126,0.8132362722297063,0.82585,0,1,stable
105__1800_1914,28,t_8_16,128.0,0.0,0.0,2.0,0.9990422386112027,0.819082205523393,0.82585,0,1,stable
105__1800_1914,29,t_8_16,224.0,0.0,0.0,4.0,0.9912663992862848,0.7570302142857128,0.82585,0,1,stable
105__1800_1914,30,t_8_16,120.0,0.25,0.0,3.0,0.09790703471716336,0.855641043986486,0.82585,0,1,mild
105__1800_1914,31,t_8_16,196.0,0.0,0.0,3.0,0.9421925910475749,0.7050900088091543,0.82585,0,0,stable
105__1800_1914,32,t_8_16,168.0,0.0,0.0,4.0,0.9109314106972329,0.7412118118322324,0.82585,0,0,stable
105__1800_1914,33,t_8_16,192.0,0.0,0.0,5.0,0.8522984235840522,0.7699346822916684,0.82585,0,1,stable
105__1800_1914,34,t_8_16,168.0,0.0,0.0,2.0,0.9893996219121322,0.7529087306049719,0.82585,0,1,stable
105__1800_1914,35,t_8_16,120.0,0.25,0.0,2.0,0.9871535746763012,0.7480804712449617,0.82585,0,0,mild
105__1800_1914,36,t_8_16,132.0,0.0,0.0,2.0,0.9589311859111266,0.7518869989535837,0.82585,0,1,stable
105__1800_1914,37,t_8_16,216.0,0.0,0.0,3.0,0.993564102967295,0.8428559854803391,0.82585,0,1,stable
105__1800_1914,38,t_8_16,98.0,0.0,0.0,4.0,0.9737316123161399,0.6992822218829222,0.82585,0,0,stable
105__1800_1914,39,t_8_16,111.9991455078125,0.0,0.0,5.0,0.9441352450731869,0.7319707382677618,0.82585,0,0,stable
105__1800_1914,40,t_8_16,190.0,0.25,0.0,3.0,0.965707100540211,0.6987799621251641,0.82585,0,0,mild
105__1800_1914,41,t_8_16,144.0,0.0,0.0,3.0,0.9764427738969452,0.6714925492083552,0.82585,0,0,stable
105__1800_1914,42,t_8_16,110.0,0.25,0.0,2.0,0.1078638669099799,0.906083504296502,0.82585,0,1,mild
105__1800_1914,43,t_8_16,100.0,0.25,0.25,1.0,0.9999999999887164,0.7826773316045343,0.82585,0,1,mild
105__1800_1914,44,t_8_16,120.0,0.0,0.0,1.0,0.9999999963063299,0.8851666268998949,0.82585,0,1,stable
105__1800_1914,45,t_8_16,80.0,0.0,0.0,1.0,,0.6371800044185246,0.82585,0,0,stable
105__1800_1914,46,t_8_16,199.99969482421875,0.0,0.0,4.0,0.9666998057419851,0.730400736186942,0.82585,0,0,stable
105__1800_1914,47,t_8_16,96.0,0.0,0.0,1.0,,0.6711824286565589,0.82585,0,0,stable
105__1800_1914,48,t_8_16,154.0,0.0,0.0,2.0,0.9706906230597206,0.782287806709248,0.82585,0,1,stable
105__1800_1914,49,t_8_16,120.000732421875,0.25,0.0,2.0,0.6745924795531612,0.8345822997922699,0.82585,0,1,mild
105__1800_1914,50,t_8_16,154.0,0.75,0.0,4.0,0.12613430262842432,0.6166314850043897,0.82585,0,0,high
105__1800_1914,51,t_8_16,112.0,0.25,0.25,3.0,0.9854657532102898,0.8371333681439599,0.82585,0,1,mild
105__1800_1914,52,t_8_16,98.0,0.0,0.0,4.0,0.9870303574766531,0.6510753567907885,0.82585,0,0,stable
105__1800_1914,53,t_8_16,108.0,0.0,0.0,2.0,0.997744084211322,0.8147033948007951,0.82585,0,1,stable
105__1800_1914,54,t_8_16,111.99951171875,0.0,0.0,2.0,0.9935719742207344,0.6798816135329793,0.82585,0,0,stable
105__1800_1914,55,t_8_16,100.0,0.0,0.0,2.0,0.7148922270469209,0.6511115293298523,0.82585,0,0,stable
105__1800_1914,56,t_8_16,128.0,0.0,0.0,3.0,0.9369627142486249,0.7596653849786148,0.82585,0,1,stable
105__1800_1914,57,t_8_16,96.0,0.0,0.0,2.0,0.9983373714766532,0.6162863103610465,0.82585,0,0,stable
105__1800_1914,58,t_8_16,170.0,0.0,0.0,3.0,0.9555098275206942,0.609482951323796,0.82585,0,0,stable
105__1800_1914,59,t_8_16,153.0,0.0,0.0,4.0,0.9886101722031351,0.8211735489567157,0.82585,0,1,stable
105__1800_1914,60,t_8_16,96.0,0.0,0.0,2.0,0.9989906711474589,0.9039870874094232,0.82585,0,1,stable
105__1800_1914,61,t_8_16,120.0,0.5,0.0,3.0,0.06406771652118391,0.9110127513398806,0.82585,0,1,mild
105__1800_1914,62,t_8_16,72.0,0.0,0.0,2.0,0.9893310226336878,0.681156627889882,0.82585,0,0,stable
105__1800_1914,63,t_8_16,140.0,0.0,0.0,2.0,0.9960523752401033,0.8405916968888807,0.82585,0,1,stable
105__1800_1914,64,t_8_16,88.0,0.0,0.0,2.0,0.9938287999291832,0.7732004171083033,0.82585,0,1,stable
105__1800_1914,65,t_8_16,126.0,0.0,0.0,1.0,0.9999999998682915,0.823275349234488,0.82585,0,1,stable
105__1800_1914,66,t_8_16,108.0,0.0,0.0,2.0,0.9999681859286047,0.7298474172993258,0.82585,0,0,stable
105__1800_1914,67,t_8_16,139.99957275390625,0.0,0.0,3.0,0.932749967538276,0.8696746222158074,0.82585,0,1,stable
105__1800_1914,68,t_8_16,240.0,0.0,0.0,3.0,0.9971300839633023,0.8686109050978763,0.82585,0,1,stable
105__1800_1914,69,t_8_16,120.0,0.0,0.0,2.0,0.9434571220951539,0.8390217592727635,0.82585,0,1,stable
105__1800_1914,70,t_8_16,154.0,0.0,0.0,2.0,0.9988810479353473,0.8726892032394693,0.82585,0,1,stable
105__1800_1914,71,t_8_16,224.0,0.0,0.0,4.0,0.9939353553401257,0.8361984034076756,0.82585,0,1,stable
105__1800_1914,72,t_8_16,160.0,0.0,0.0,3.0,0.9890023319215108,0.8234386875000015,0.82585,0,1,stable
105__1800_1914,73,t_8_16,120.0003662109375,0.0,0.0,2.0,0.9610024544620386,0.6722036357234172,0.82585,0,0,stable
105__1800_1914,74,s_16_32,270.0,0.0,0.0,4.0,0.9836988702072864,0.8838721626571765,0.82585,0,1,stable
105__1800_1914,75,t_8_16,96.0,0.0,0.0,2.0,0.882183582612315,0.8846821007244671,0.82585,0,1,stable
105__1800_1914,76,t_8_16,204.00018310546875,0.0,0.0,2.0,0.9688583858544585,0.8631184384979985,0.82585,0,1,stable
105__1800_1914,77,t_8_16,143.0,0.0,0.0,2.0,0.9791117424233943,0.7356464873779089,0.82585,0,0,stable
105__1800_1914,78,t_8_16,132.0,0.0,0.0,2.0,0.9937333123270944,0.7857752493973575,0.82585,0,1,stable
10660,0,s_16_32,374.0,0.0,0.0,6.0,0.9726990297152007,0.9388067097206825,0.86134,0,1,stable
10660,3,t_8_16,195.9991455078125,0.0,0.0,5.0,0.982817192470736,0.8312018272157097,0.86134,0,1,stable
10660,4,s_16_32,280.0,0.0,0.0,4.0,0.9836935822370975,0.8962178911198391,0.86134,0,1,stable
10660,5,t_8_16,210.0,0.0,0.0,4.0,0.8158168907275714,0.7487097904761906,0.86134,0,0,stable
10660,6,t_8_16,210.0,0.0,0.0,3.0,0.9680131662841911,0.733502171428575,0.86134,0,0,stable
10660,7,t_8_16,250.0,0.0,0.0,4.0,0.9793946688649917,0.817240908000002,0.86134,0,1,stable
10660,8,t_8_16,154.0,0.0,0.0,3.0,0.7961958505150066,0.6395140137251066,0.86134,0,0,stable
106__2400_1914,0,t_8_16,128.0,0.0,0.0,1.0,,0.815596509478035,0.85072,0,1,stable
106__2400_1914,1,t_8_16,160.0,0.0,0.0,3.0,0.9664290657712379,0.7561582687241813,0.85072,0,1,stable
106__2400_1914,2,t_8_16,96.0,0.0,0.0,2.0,0.9603535603576158,0.7263172239502015,0.85072,0,0,stable
106__2400_1914,3,t_8_16,160.0,0.25,0.0,4.0,0.8386469295158155,0.7855135184866893,0.85072,0,1,mild
106__2400_1914,4,t_8_16,180.0,0.0,0.0,2.0,0.8347490607700182,0.8611640000000036,0.85072,0,1,stable
106__2400_1914,5,t_8_16,128.0,0.25,0.25,3.0,0.8905422510968907,0.73111570856964,0.85072,0,0,mild
106__2400_1914,6,t_8_16,192.0,0.0,0.0,2.0,0.9918640401801397,0.8238539359712664,0.85072,0,1,stable
106__2400_1914,7,s_16_32,352.0,0.0,0.0,6.0,0.9950529538553459,0.8948814657591921,0.85072,0,1,stable
106__2400_1914,8,t_8_16,168.0,0.25,0.0,2.0,0.8932361732702995,0.6602365538469173,0.85072,0,0,mild
106__2400_1914,9,t_8_16,160.0,0.25,0.0,5.0,0.3316971471988732,0.9093834702425206,0.85072,0,1,mild
106__2400_1914,10,t_8_16,240.0,0.0,0.0,7.0,0.9832064532774654,0.7060437196445174,0.85072,0,0,stable
106__2400_1914,11,t_8_16,140.0,0.0,0.0,2.0,0.9827344766812254,0.647158615881146,0.85072,0,0,stable
106__2400_1914,13,t_8_16,140.0,0.0,0.0,2.0,0.998804316162597,0.7265224145044197,0.85072,0,0,stable
106__2400_1914,14,t_8_16,120.0,0.0,0.0,2.0,0.9156692244828093,0.8909514589703302,0.85072,0,1,stable
106__2400_1914,15,t_8_16,140.0,0.0,0.0,3.0,0.990010570735576,0.8666596353377048,0.85072,0,1,stable
106__2400_1914,16,t_8_16,139.9993896484375,0.0,0.0,3.0,0.9840660792745864,0.9134022857142909,0.85072,0,1,stable
1080__0_600,0,t_8_16,128.0,0.75,0.75,1.0,,0.8488266741394837,0.88491,0,1,high
1080__0_600,1,t_8_16,96.0,0.0,0.0,5.0,0.9890908385145157,0.8988537473428089,0.88491,0,1,stable
1080__0_600,2,t_8_16,112.0,0.0,0.0,2.0,0.9590259044944006,0.7162284863050218,0.88491,0,0,stable
1080__0_600,3,t_8_16,160.0,0.0,0.0,1.0,,0.7522327500000092,0.88491,0,1,stable
1080__0_600,4,t_8_16,96.0,0.75,0.75,1.0,,0.7471370990506269,0.88491,0,0,high
1080__0_600,5,t_8_16,96.0,0.0,0.0,2.0,0.9644582421098475,0.6039134158630026,0.88491,0,0,stable
1080__0_600,6,t_8_16,112.0,0.0,0.0,1.0,,0.736805381331783,0.88491,0,0,stable
1080__0_600,7,t_8_16,140.0,0.0,0.0,2.0,0.9724065058784802,0.7892656970800782,0.88491,0,1,stable
1080__0_600,8,t_8_16,159.9993896484375,0.0,0.0,2.0,0.9928033183242648,0.6946931851465895,0.88491,0,0,stable
1080__0_600,9,s_16_32,800.0,0.0,0.0,10.0,0.9962305171925295,0.8900380405260306,0.88491,0,1,stable
1080__0_600,10,t_8_16,144.0,0.0,0.0,2.0,0.990867928930146,0.6901630237043656,0.88491,0,0,stable
1080__0_600,11,t_8_16,96.0,0.25,0.25,2.0,0.9674298993798987,0.6586286067997057,0.88491,0,0,mild
1080__0_600,12,t_8_16,112.0,0.5,0.5,1.0,,0.7365985926618451,0.88491,0,0,mild
1080__0_600,13,t_8_16,143.9989013671875,0.0,0.0,5.0,0.8046299393630779,0.8012636173402022,0.88491,0,1,stable
1080__0_600,14,t_8_16,83.9999771118164,0.0,0.0,5.0,0.979571520154857,0.7149368730321767,0.88491,0,0,stable
1080__0_600,15,t_8_16,84.0,0.0,0.0,2.0,0.9968161870779281,0.8339167031563317,0.88491,0,1,stable
1080__0_600,16,t_8_16,112.0,0.0,0.0,1.0,,0.6768009442663113,0.88491,0,0,stable
1080__0_600,19,t_8_16,96.0,0.0,0.0,1.0,,0.6865700570911817,0.88491,0,0,stable
1080__0_600,20,s_16_32,312.0,0.0,0.0,4.0,0.2944213631015394,0.6313971219865562,0.88491,0,0,stable
1080__0_600,21,t_8_16,96.0,0.0,0.0,2.0,0.9484107302732407,0.788506869204686,0.88491,0,1,stable
1080__0_600,22,t_8_16,72.0,0.0,0.0,3.0,0.990123491862938,0.670473621034121,0.88491,0,0,stable
1080__0_600,24,t_8_16,128.0,0.25,0.25,3.0,0.9698677301414227,0.5922881450357844,0.88491,0,0,mild
1080__0_600,25,t_8_16,100.0,0.25,0.0,1.0,,0.5018475987132569,0.88491,0,0,mild
1080__0_600,27,t_8_16,80.0,0.5,0.5,0.0,,0.7213132827788439,0.88491,0,0,mild
1080__0_600,28,t_8_16,133.0,0.0,0.0,6.0,0.9316197633300094,0.6176454057349647,0.88491,0,0,stable
1080__0_600,29,s_16_32,968.0,0.0,0.0,10.0,0.6291160294664652,0.7105913438227421,0.88491,0,0,stable
1080__0_600,30,t_8_16,168.0,0.25,0.0,4.0,0.8943550393443981,0.6564695664469392,0.88491,0,0,mild
1080__0_600,31,t_8_16,72.0,0.0,0.0,2.0,0.7744047465811686,0.7689091297740651,0.88491,0,1,stable
1080__0_600,32,t_8_16,191.999267578125,0.0,0.0,2.0,0.9979719635366504,0.6403373290115292,0.88491,0,0,stable
1080__0_600,33,t_8_16,165.0,0.0,0.0,2.0,0.9742679727829558,0.6267983630323111,0.88491,0,0,stable
1080__0_600,34,t_8_16,71.9996337890625,0.0,0.0,5.0,0.9718688656911643,0.6933695010273281,0.88491,0,0,stable
1080__0_600,35,t_8_16,72.0,0.0,0.0,4.0,0.9562856531678919,0.6366976502018835,0.88491,0,0,stable
1080__0_600,36,t_8_16,160.0,0.25,0.0,4.0,0.46562377205876965,0.5842474157412555,0.88491,0,0,mild
1080__0_600,37,t_8_16,64.0,0.0,0.0,2.0,0.9984440599140079,0.5251790483539309,0.88491,0,0,stable
1080__0_600,38,t_8_16,111.9991455078125,0.0,0.0,2.0,0.8064195968451577,0.7933474550073116,0.88491,0,1,stable
1080__0_600,39,t_8_16,143.0,0.0,0.0,2.0,0.9517751383369614,0.8018283874984712,0.88491,0,1,stable
1080__0_600,40,t_8_16,140.0,0.0,0.0,2.0,0.9857489957600383,0.7249584049529981,0.88491,0,0,stable
1091__0_0,0,s_16_32,324.0,0.0,0.0,5.0,0.9931735972753198,0.7801356104200513,0.84582,0,1,stable
1091__0_0,1,t_8_16,216.0,0.0,0.0,5.0,0.9556210913265294,0.8188112770466249,0.84582,0,1,stable
1091__0_0,2,t_8_16,196.0,0.0,0.0,4.0,0.5521472313397382,0.6962930782365213,0.84582,0,0,stable
1091__0_0,3,t_8_16,167.999267578125,0.0,0.0,2.0,0.9787253811241753,0.8323786371509165,0.84582,0,1,stable
1091__0_0,4,t_8_16,84.00009155273438,0.0,0.0,3.0,0.9940550480048881,0.4738334640226767,0.84582,1,0,stable
1091__0_0,5,t_8_16,224.0,0.0,0.0,4.0,0.8542652400481212,0.8704998696414064,0.84582,0,1,stable
1091__0_0,6,t_8_16,192.0,0.0,0.0,4.0,0.99383015979659,0.8965252816682694,0.84582,0,1,stable
1091__0_0,7,t_8_16,223.99957275390625,0.0,0.0,5.0,0.9766368973608831,0.8202641406695494,0.84582,0,1,stable
1091__0_0,8,t_8_16,180.0,0.0,0.0,3.0,0.9951011321566707,0.7520643988047853,0.84582,0,1,stable
1091__0_0,9,s_16_32,300.0,0.0,0.0,6.0,0.9846923205850951,0.8171386673951275,0.84582,0,1,stable
1091__0_0,10,s_16_32,263.9996337890625,0.0,0.0,4.0,0.9512447183419435,0.8718217592924612,0.84582,0,1,stable
1091__0_0,11,t_8_16,139.9993896484375,0.0,0.0,3.0,0.9763444814182629,0.709500013226664,0.84582,0,0,stable
1091__0_0,12,t_8_16,100.0,0.0,0.0,1.0,,0.5997516188645635,0.84582,0,0,stable
1091__600_2216,0,t_8_16,108.0,0.0,0.0,5.0,0.4145390951422202,0.6954758298094905,0.56293,0,0,stable
1114__2400_2400,0,s_16_32,335.99853515625,0.0,0.0,6.0,0.9825658567116704,0.7684875000000019,0.88593,0,1,stable
1114__2400_2400,1,t_8_16,180.0,0.0,0.0,3.0,0.959784038253517,0.9535499894741095,0.88593,0,1,stable
1114__2400_2400,2,t_8_16,180.0,0.0,0.0,3.0,0.9776909362994228,0.8458500410248472,0.88593,0,1,stable
1114__2400_2400,3,t_8_16,160.0,0.0,0.0,3.0,0.9837135636137996,0.8751568124999982,0.88593,0,1,stable
1114__2400_2400,4,t_8_16,159.99951171875,0.0,0.0,3.0,0.987694535275212,0.7788065086071864,0.88593,0,1,stable
1114__2400_2400,6,t_8_16,84.0,0.0,0.0,3.0,0.9633934492594611,0.8137370404605091,0.88593,0,1,stable
1114__2400_2400,7,t_8_16,96.0,0.0,0.0,4.0,0.993635499372375,0.8834711504599344,0.88593,0,1,stable
1114__2400_2400,8,t_8_16,144.0,0.25,0.25,1.0,,0.7803092997059358,0.88593,0,1,mild
1114__2400_2400,9,t_8_16,216.0,0.0,0.0,5.0,0.9641802202426467,0.8079412509965361,0.88593,0,1,stable
1114__2400_2400,10,s_16_32,308.0008544921875,0.0,0.0,4.0,0.9949141883935726,0.7955469080779978,0.88593,0,1,stable
1114__2400_2400,11,s_16_32,288.0,0.0,0.0,4.0,0.9890347223785213,0.8461879291188986,0.88593,0,1,stable
1114__2400_2400,12,s_16_32,360.0,0.0,0.0,5.0,0.9871818742179208,0.8814989290633883,0.88593,0,1,stable
1114__2400_2400,13,t_8_16,223.9990234375,0.0,0.0,4.0,0.9541747728806782,0.817324816364744,0.88593,0,1,stable
1114__2400_2400,14,t_8_16,224.0,0.0,0.0,4.0,0.9911125997040534,0.828625043608426,0.88593,0,1,stable
1114__2400_2400,15,t_8_16,196.0,0.0,0.0,4.0,0.9430605380613529,0.8515697148942533,0.88593,0,1,stable
1114__2400_2400,16,t_8_16,128.0,0.0,0.0,2.0,0.9939017838305912,0.8054310974129257,0.88593,0,1,stable
1114__2400_2400,17,t_8_16,160.0,0.0,0.0,2.0,0.8265070461526649,0.8895464917566138,0.88593,0,1,stable
1114__2400_2400,18,t_8_16,179.99969482421875,0.0,0.0,2.0,0.9960342190130367,0.9111953111111081,0.88593,0,1,stable
1114__2400_2400,19,s_16_32,264.0,0.0,0.0,4.0,0.9957381782417243,0.7675099999999963,0.88593,0,1,stable
1114__2400_2400,20,t_8_16,160.0,0.0,0.0,3.0,0.938672410690688,0.8535040995699673,0.88593,0,1,stable
1114__2400_2400,21,s_16_32,648.0,0.0,0.0,10.0,0.7344354175375447,0.9046847232937892,0.88593,0,1,stable
1121__0_0,0,s_16_32,968.0,0.0,0.0,10.0,0.5150350809353896,0.0,0.86745,1,0,stable
1121__0_0,1,s_16_32,988.0,0.0,0.0,10.0,0.9911595468360207,0.5269434785319038,0.86745,0,0,stable
1121__0_0,3,t_8_16,127.999755859375,0.0,0.0,6.0,0.9919539868908278,0.814358525208926,0.86745,0,1,stable
1121__0_0,4,t_8_16,108.0,0.0,0.0,6.0,0.9935134481810544,0.6053992837601989,0.86745,0,0,stable
1121__0_0,5,t_8_16,180.0,0.0,0.0,3.0,0.8732380702204481,0.8457942579362672,0.86745,0,1,stable
1121__0_0,6,t_8_16,199.9993896484375,0.0,0.0,4.0,0.9960284122521145,0.6333465314742793,0.86745,0,0,stable
1121__0_0,7,t_8_16,200.0,0.0,0.0,3.0,0.9899161390423092,0.777789292813657,0.86745,0,1,stable
1121__0_0,8,t_8_16,160.0,0.0,0.0,1.0,,0.7559298858044129,0.86745,0,1,stable
1121__0_0,9,s_16_32,256.0,0.0,0.0,5.0,0.9909567596388719,0.6081268799531312,0.86745,0,0,stable
1121__0_0,10,t_8_16,140.0,0.0,0.0,2.0,0.9969901913487573,0.7425435422560452,0.86745,0,0,stable
1121__0_0,11,t_8_16,200.0,0.0,0.0,4.0,0.9948372992848613,0.8497417628126375,0.86745,0,1,stable
1121__0_0,12,t_8_16,168.0,0.0,0.0,3.0,0.9550766474738693,0.8432745986444459,0.86745,0,1,stable
1121__0_0,13,t_8_16,112.0,0.0,0.0,3.0,0.9538493582857852,0.6520990671531283,0.86745,0,0,stable
1121__0_0,14,t_8_16,112.0,0.0,0.0,2.0,0.9782598138485832,0.6384510504288259,0.86745,0,0,stable
1121__0_0,15,t_8_16,72.0,0.0,0.0,4.0,0.9519998548695369,0.5614613492818716,0.86745,0,0,stable
1121__0_0,16,t_8_16,84.0,0.0,0.0,2.0,0.9936451266627532,0.5012113379109909,0.86745,0,0,stable
1121__0_0,17,t_8_16,144.0,0.0,0.0,3.0,0.9876615775344563,0.8441781592864491,0.86745,0,1,stable
1121__0_0,18,t_8_16,144.0,0.0,0.0,1.0,,0.7234112840937635,0.86745,0,0,stable
1121__0_0,19,t_8_16,140.0,0.0,0.0,2.0,0.9951096603857137,0.8104061172959451,0.86745,0,1,stable
1121__0_0,20,t_8_16,144.0,0.0,0.0,3.0,0.9878035806291792,0.7175175105995962,0.86745,0,0,stable
1121__0_0,21,t_8_16,120.0,0.0,0.0,2.0,0.9979105092961017,0.785570638511815,0.86745,0,1,stable
1121__0_0,22,t_8_16,96.0,0.0,0.0,3.0,0.9355852598004244,0.5183045193439304,0.86745,0,0,stable
1121__0_0,23,t_8_16,100.0,0.25,0.0,3.0,0.8626539231032784,0.7287316657805087,0.86745,0,0,mild
1121__0_0,24,t_8_16,120.0,0.0,0.0,2.0,0.9935012558190918,0.7230101811737315,0.86745,0,0,stable
1121__0_0,25,t_8_16,112.0,0.5,0.5,0.0,,0.7759259958744517,0.86745,0,1,mild
1121__0_0,26,t_8_16,108.0,0.0,0.0,4.0,0.9254369560381229,0.6115658453312041,0.86745,0,0,stable
1121__0_0,27,t_8_16,144.0,0.0,0.0,4.0,0.9811701509632818,0.822281902001335,0.86745,0,1,stable
1121__0_0,28,t_8_16,112.0,0.25,0.25,2.0,0.9729710220329033,0.8208853119776762,0.86745,0,1,mild
1121__0_0,29,t_8_16,140.0,0.0,0.0,2.0,0.9904637666891805,0.6895983191756686,0.86745,0,0,stable
1121__0_0,30,t_8_16,119.9993896484375,0.0,0.0,1.0,,0.732248894064105,0.86745,0,0,stable
1121__0_0,31,t_8_16,108.0,0.0,0.0,5.0,0.9922882824575133,0.8291416648644112,0.86745,0,1,stable
1121__0_0,32,t_8_16,112.0,0.0,0.0,1.0,,0.5549003031542417,0.86745,0,0,stable
1121__0_0,33,t_8_16,112.0,0.25,0.25,1.0,,0.7040595122314596,0.86745,0,0,mild
1121__0_0,34,t_8_16,104.0,0.3333333333333333,0.0,2.0,0.7906564908164463,0.7818651666954777,0.86745,0,1,mild
1121__0_0,35,t_8_16,80.0,0.0,0.0,1.0,,0.732975315110461,0.86745,0,0,stable
1121__0_0,36,t_8_16,96.0,0.0,0.0,2.0,0.9919719300021411,0.6464830353154287,0.86745,0,0,stable
1121__0_0,37,t_8_16,144.0,0.0,0.0,2.0,0.9990367226171835,0.8348852484461203,0.86745,0,1,stable
1121__0_0,38,t_8_16,72.0,0.0,0.0,4.0,0.9777385373614443,0.6289878325548078,0.86745,0,0,stable
1121__0_0,39,t_8_16,192.0,0.25,0.0,2.0,0.03947170438075667,0.7057585152452839,0.86745,0,0,mild
1121__0_0,40,t_8_16,84.0,0.0,0.0,5.0,0.8333823351678993,0.5713836303569102,0.86745,0,0,stable
1121__0_0,41,t_8_16,108.0,0.0,0.0,8.0,0.9088835136342351,0.6634021270355708,0.86745,0,0,stable
1121__0_0,42,t_8_16,96.0,0.0,0.0,5.0,0.9921701267627459,0.659230534476305,0.86745,0,0,stable
1121__0_0,43,t_8_16,96.0,0.0,0.0,6.0,0.9409864559605426,0.6898686748743793,0.86745,0,0,stable
1121__0_0,44,t_8_16,96.0,0.0,0.0,3.0,0.9657740922177662,0.6024410118315338,0.86745,0,0,stable
1121__0_0,45,t_8_16,72.0,0.0,0.0,4.0,0.6267505179949191,0.5196383568195075,0.86745,0,0,stable
1121__0_0,46,t_8_16,180.0,0.0,0.0,5.0,0.9902665124144425,0.7807104870745569,0.86745,0,1,stable
1121__0_0,47,t_8_16,140.0,0.0,0.0,2.0,0.40231725218890035,0.7853042440595717,0.86745,0,1,stable
1121__0_0,48,t_8_16,144.0,0.0,0.0,2.0,0.9987322049619631,0.802649749999999,0.86745,0,1,stable
1121__0_0,49,t_8_16,120.0,0.25,0.0,1.0,,0.7706833416551783,0.86745,0,1,mild
1121__0_0,50,t_8_16,108.0,0.0,0.0,3.0,0.9859088481297871,0.7177322338854806,0.86745,0,0,stable
1121__0_0,51,t_8_16,160.0,0.0,0.0,2.0,0.9594919208477439,0.8049565348012586,0.86745,0,1,stable
1121__0_0,52,t_8_16,140.0,0.0,0.0,3.0,0.9934581554344302,0.8574642443737719,0.86745,0,1,stable
1121__0_0,53,t_8_16,84.0,0.25,0.0,4.0,0.9518475930396759,0.6040604792455009,0.86745,0,0,mild
1121__0_0,54,t_8_16,80.0,0.25,0.0,2.0,0.9467770611518814,0.6791016368481148,0.86745,0,0,mild
1121__0_0,55,t_8_16,96.0,0.0,0.0,4.0,0.9779020425146928,0.6606358595374202,0.86745,0,0,stable
1121__0_0,56,t_8_16,96.0,0.0,0.0,2.0,0.9868005706291465,0.7640193978158276,0.86745,0,1,stable
1121__0_0,57,t_8_16,132.0,0.0,0.0,2.0,0.9620225744375364,0.645787987919422,0.86745,0,0,stable
1121__0_0,58,t_8_16,128.0,0.0,0.0,3.0,0.9983414400147645,0.713631440266754,0.86745,0,0,stable
1121__0_0,59,t_8_16,180.0,0.0,0.0,2.0,0.9986438663040932,0.7683750666666646,0.86745,0,1,stable
1121__0_0,60,t_8_16,96.0,0.0,0.0,2.0,0.9930907097715718,0.7182769359693912,0.86745,0,0,stable
1121__0_0,61,t_8_16,216.0,0.0,0.0,4.0,0.9697700509984478,0.7474914999999952,0.86745,0,0,stable
1121__0_0,62,t_8_16,160.0,0.0,0.0,3.0,0.9862994189148806,0.7357938797506112,0.86745,0,0,stable
1121__0_0,63,t_8_16,96.0,0.0,0.0,2.0,0.9036666876156388,0.6167764211743564,0.86745,0,0,stable
1121__0_0,64,t_8_16,160.0,0.0,0.0,3.0,0.9905655142001953,0.7202000420765359,0.86745,0,0,stable
11252,0,t_8_16,144.0,0.0,0.0,3.0,0.9445759889085837,0.49056926174104826,0.75173,1,0,stable
11252,1,t_8_16,133.0,0.0,0.0,5.0,0.9687821729611781,0.7659152275577717,0.75173,0,1,stable
11252,2,t_8_16,144.0,0.0,0.0,2.0,0.9919597946371447,0.7504855695706685,0.75173,0,1,stable
1129__3000_0,0,t_8_16,240.0,0.0,0.0,4.0,0.9987507129243597,0.8579387940213246,0.86533,0,1,stable
1129__3000_0,1,s_16_32,364.0,0.0,0.0,9.0,0.9806994778021669,0.8398301700169102,0.86533,0,1,stable
1129__3000_0,2,t_8_16,200.0,0.0,0.0,4.0,0.9881254411646775,0.8164197196874533,0.86533,0,1,stable
1129__3000_0,3,t_8_16,144.0,0.0,0.0,3.0,0.9951885700246488,0.6879277879184476,0.86533,0,0,stable
1129__3000_0,4,t_8_16,128.0001220703125,0.0,0.0,3.0,0.9914233843561264,0.8326505278682157,0.86533,0,1,stable
1129__3000_0,5,s_16_32,260.0,0.0,0.0,3.0,0.9986094846105457,0.7976564967452767,0.86533,0,1,stable
1129__3000_0,6,t_8_16,111.999755859375,0.0,0.0,2.0,0.992318987475991,0.821682670917468,0.86533,0,1,stable
1129__3000_0,7,t_8_16,160.0,0.0,0.0,4.0,0.9974985205171465,0.8288194416266852,0.86533,0,1,stable
1129__3000_0,8,t_8_16,180.0,0.0,0.0,3.0,0.9919190304762776,0.7602354504801988,0.86533,0,1,stable
1129__3000_0,9,t_8_16,176.0,0.0,0.0,3.0,0.9967336198513667,0.8144873704385908,0.86533,0,1,stable
1129__3000_0,10,t_8_16,200.0,0.0,0.0,4.0,0.983395911518945,0.7529356799999927,0.86533,0,1,stable
1129__3000_0,11,s_16_32,380.0006103515625,0.0,0.0,8.0,0.9844063780618248,0.6597811838111863,0.86533,0,0,stable
1129__3000_0,12,t_8_16,144.0,0.5,0.5,0.0,,0.9078340299396019,0.86533,0,1,mild
1129__3000_0,13,t_8_16,144.0,0.0,0.0,2.0,0.9695539541423163,0.7860048750000002,0.86533,0,1,stable
1129__3000_0,14,t_8_16,220.0,0.0,0.0,4.0,0.9971229192883266,0.6679344545454591,0.86533,0,0,stable
1129__3000_0,15,s_16_32,260.0,0.0,0.0,3.0,0.996041488376037,0.7088983520136068,0.86533,0,0,stable
1129__3000_0,16,t_8_16,200.0,0.0,0.0,2.0,0.9961227798087086,0.6673496524604527,0.86533,0,0,stable
1129__3000_0,17,t_8_16,160.0,0.5,0.5,0.0,,0.8092663303843108,0.86533,0,1,mild
1129__3000_0,18,s_16_32,384.0,0.0,0.0,8.0,0.9871714678461148,0.7546265609120126,0.86533,0,1,stable
1129__3000_0,19,t_8_16,128.0,0.25,0.25,3.0,0.9882940852205141,0.656220470719658,0.86533,0,0,mild
1129__3000_0,20,t_8_16,160.0,0.5,0.5,0.0,,0.937811276235524,0.86533,0,1,mild
1129__3000_0,21,t_8_16,230.0,0.3333333333333333,0.0,7.0,0.782269352469531,0.8808852626102974,0.86533,0,1,mild
1129__3000_0,22,t_8_16,144.0,0.0,0.0,4.0,0.9710141936231772,0.772243866787727,0.86533,0,1,stable
1129__3000_0,23,t_8_16,128.0,0.0,0.0,2.0,0.989131644643089,0.6994592200205263,0.86533,0,0,stable
1129__3000_0,24,t_8_16,160.0,0.0,0.0,3.0,0.9819334850079414,0.8082773839852389,0.86533,0,1,stable
1129__3000_0,25,t_8_16,128.0,0.0,0.0,3.0,0.9512239064037598,0.7954112420573789,0.86533,0,1,stable
1129__3000_0,26,t_8_16,180.0,0.0,0.0,3.0,0.9831334846482531,0.7233311971204736,0.86533,0,0,stable
1129__3000_0,27,s_16_32,308.00002670288086,0.0,0.0,7.0,0.9831164345760246,0.780007575271794,0.86533,0,1,stable
1129__3000_0,28,t_8_16,128.0,0.0,0.0,2.0,0.9842088992287428,0.7116483727858158,0.86533,0,0,stable
1129__3000_0,29,t_8_16,180.0,0.0,0.0,2.0,0.9798840124244472,0.8621767450971608,0.86533,0,1,stable
1129__3000_0,30,t_8_16,168.00018310546875,0.0,0.0,5.0,0.9580600059770005,0.6392271131954627,0.86533,0,0,stable
1129__3000_0,31,t_8_16,160.00015258789062,0.0,0.0,4.0,0.9924280501300413,0.7408350798926348,0.86533,0,0,stable
1129__3000_0,32,t_8_16,160.0,0.0,0.0,2.0,0.9948224656799293,0.7532782687028354,0.86533,0,1,stable
1129__3000_0,33,t_8_16,192.0,0.0,0.0,3.0,0.9863250660599114,0.7830687812500012,0.86533,0,1,stable
1129__3000_0,34,s_16_32,320.0,0.0,0.0,8.0,0.9911399005240824,0.7520007723399534,0.86533,0,1,stable
1129__3000_0,35,t_8_16,224.0,0.25,0.25,4.0,0.9765747233598858,0.6917347774711016,0.86533,0,0,mild
1129__3000_0,36,s_16_32,280.0,0.25,0.0,10.0,0.9071312379992532,0.7238947918016128,0.86533,0,0,mild
1129__3000_0,37,s_16_32,699.9997863769531,0.0,0.0,10.0,0.9969541493170002,0.8453651978802282,0.86533,0,1,stable
1129__3000_0,38,t_8_16,200.0,0.0,0.0,3.0,0.9893926837067726,0.7270048521498156,0.86533,0,0,stable
1129__3000_0,39,t_8_16,179.99914550874382,0.0,0.0,4.0,0.9742666059224577,0.7978485966488612,0.86533,0,1,stable
1129__3000_0,40,t_8_16,200.0,0.0,0.0,2.0,0.9874708296379566,0.7330616100932794,0.86533,0,0,stable
1129__3000_0,41,t_8_16,223.9990234375,0.0,0.0,5.0,0.9757434630995471,0.741263659938681,0.86533,0,0,stable
1129__3000_0,42,s_16_32,256.0,0.0,0.0,4.0,0.9843149416349255,0.710713703313179,0.86533,0,0,stable
1129__3000_0,43,s_16_32,320.0,0.0,0.0,5.0,0.9872089149441267,0.6589381312499993,0.86533,0,0,stable
1129__3000_0,44,s_16_32,256.0,0.0,0.0,6.0,0.9486224233107352,0.7167834843749976,0.86533,0,0,stable
1129__3000_0,45,t_8_16,255.99951171875,0.0,0.0,5.0,0.9848975625959814,0.7061906675187659,0.86533,0,0,stable
1129__3000_0,46,t_8_16,196.0,0.0,0.0,2.0,0.996852446731206,0.831490911506066,0.86533,0,1,stable
1129__3000_0,47,t_8_16,168.0,0.0,0.0,3.0,0.9704675121025532,0.704149776828992,0.86533,0,0,stable
1129__3000_0,48,t_8_16,112.0,0.0,0.0,2.0,0.999661095063951,0.8271490672959295,0.86533,0,1,stable
1129__3000_0,49,t_8_16,180.0,0.0,0.0,3.0,0.9810823620233383,0.7843668221072903,0.86533,0,1,stable
1129__3000_0,50,t_8_16,192.0,0.0,0.0,2.0,0.9803239104274951,0.6512235729010264,0.86533,0,0,stable
1129__3000_0,51,s_16_32,799.998779296875,0.0,0.0,10.0,0.9947792811569972,0.7219484875000001,0.86533,0,0,stable
1129__3000_0,52,t_8_16,210.00128173828125,0.25,0.0,7.0,0.5650941207781037,0.6859890190476159,0.86533,0,0,mild
1129__3000_0,53,t_8_16,215.99945068359375,0.0,0.0,5.0,0.9839747534205859,0.6089629722222207,0.86533,0,0,stable
1133__1800_1200,0,t_8_16,240.0,0.0,0.0,3.0,0.9949364259625858,0.8233841000000081,0.81609,0,1,stable
1140__2400_2400,0,t_8_16,179.99945068359375,0.0,0.0,3.0,0.9978924529634197,0.7490970178520279,0.82309,0,0,stable
1150__1800_1200,0,t_8_16,120.0,0.0,0.0,2.0,0.9693869286198299,0.9426178790252125,0.81248,0,1,stable
1150__1800_1200,1,t_8_16,127.999755859375,0.25,0.25,3.0,0.9905784714286882,0.7403839682160565,0.81248,0,0,mild
1150__1800_1200,3,t_8_16,72.0,0.25,0.0,4.0,0.6574457563918681,0.9149232517366414,0.81248,0,1,mild
1150__1800_1200,4,t_8_16,80.0,0.25,0.0,1.0,,0.5518405061339797,0.81248,0,0,mild
1150__1800_1200,5,t_8_16,140.0,0.25,0.0,2.0,0.9979099275612217,0.8601827732249081,0.81248,0,1,mild
1150__1800_1200,6,t_8_16,240.0,0.0,0.0,3.0,0.9971316531895491,0.8360050881270382,0.81248,0,1,stable
1150__1800_1200,7,t_8_16,100.0,0.0,0.0,2.0,0.9973356665242501,0.8904313998947468,0.81248,0,1,stable
1150__1800_1200,8,t_8_16,112.0,0.0,0.0,1.0,,0.7829111250000018,0.81248,0,1,stable
1150__1800_1200,9,t_8_16,96.0,0.0,0.0,1.0,,0.7898818771214653,0.81248,0,1,stable
1150__1800_1200,10,t_8_16,120.0,0.0,0.0,2.0,0.9969734731663211,0.7685719320918764,0.81248,0,1,stable
1150__1800_1200,11,t_8_16,204.0,0.25,0.0,2.0,0.1714362243094218,0.4615627941176453,0.81248,1,0,mild
1158__2033_0,0,t_8_16,128.0,0.5,0.25,3.0,0.29879858823713673,0.718182054791275,0.82775,0,0,mild
1158__2033_0,1,t_8_16,84.0,0.0,0.0,3.0,0.8681971943657835,0.6694649444084911,0.82775,0,0,stable
1158__2033_0,2,t_8_16,84.0,0.5,0.0,5.0,0.022299008224661264,0.685174457264423,0.82775,0,0,mild
1158__2033_0,3,t_8_16,220.0,0.25,0.25,2.0,0.9998938954964417,0.09754762521267325,0.82775,1,0,mild
1158__2033_0,4,t_8_16,240.0,0.0,0.0,5.0,0.9984468486161627,0.7651592576832569,0.82775,0,1,stable
1158__2033_0,5,t_8_16,140.00015258789062,0.0,0.0,2.0,0.29360682657470805,0.7282017523754301,0.82775,0,0,stable
1158__2033_0,6,t_8_16,160.0,0.25,0.0,5.0,0.824010114927437,0.7748345312500038,0.82775,0,1,mild
1158__2033_0,7,t_8_16,160.0,0.0,0.0,1.0,,0.7358218375000044,0.82775,0,0,stable
1158__2033_0,8,t_8_16,160.0,0.0,0.0,3.0,0.9847100438133163,0.9051599396802066,0.82775,0,1,stable
1158__2033_0,9,t_8_16,128.0,0.0,0.0,2.0,0.9897363687344756,0.6616179062500056,0.82775,0,0,stable
1158__2033_0,10,t_8_16,96.0,0.0,0.0,5.0,0.9702302336794719,0.7636416868748734,0.82775,0,1,stable
1158__2033_0,11,t_8_16,96.0,0.0,0.0,2.0,0.9966427786065384,0.8069749583613772,0.82775,0,1,stable
1158__2033_0,12,t_8_16,120.0,0.0,0.0,1.0,,0.8206281012262542,0.82775,0,1,stable
1158__2033_0,13,t_8_16,128.0,0.0,0.0,3.0,0.9959283436502295,0.8295194973434806,0.82775,0,1,stable
1158__2033_0,14,t_8_16,72.0,0.0,0.0,3.0,0.9852385375234315,0.7691447148294507,0.82775,0,1,stable
1158__2033_0,15,t_8_16,72.0,0.25,0.25,1.0,,0.7466937635168426,0.82775,0,0,mild
1158__2033_0,16,t_8_16,72.0,0.0,0.0,2.0,0.9748501553552714,0.7885034189315755,0.82775,0,1,stable
1158__2033_0,17,s_16_32,288.0,0.0,0.0,5.0,0.9952970850279006,0.5417620839060383,0.82775,0,0,stable
1158__2033_0,18,t_8_16,96.0,0.0,0.0,1.0,,0.5962272656716989,0.82775,0,0,stable
1158__2033_0,19,t_8_16,95.9998779296875,0.5,0.5,1.0,,0.7592894677646936,0.82775,0,1,mild
1158__2033_0,20,t_8_16,196.0,0.0,0.0,3.0,0.9669299606626176,0.8083944992758695,0.82775,0,1,stable
1158__2033_0,21,t_8_16,96.0,0.0,0.0,1.0,,0.7788019852987595,0.82775,0,1,stable
1158__2033_0,22,t_8_16,168.0,0.0,0.0,3.0,0.9053520853612602,0.5491959999999978,0.82775,0,0,stable
1158__2033_0,23,t_8_16,168.0,0.0,0.0,3.0,0.9918228180117121,0.6366900870702217,0.82775,0,0,stable
1158__2033_0,24,t_8_16,191.999267578125,0.0,0.0,4.0,0.8476668889948078,0.6274063892987753,0.82775,0,0,stable
1158__2033_0,26,t_8_16,191.999267578125,0.0,0.0,4.0,0.8807813509996969,0.5096584687500009,0.82775,0,0,stable
1158__2033_0,28,t_8_16,112.0,0.0,0.0,3.0,0.9242846809379371,0.6309999368932193,0.82775,0,0,stable
1158__2033_0,29,t_8_16,112.0,0.25,0.25,3.0,0.8834099968659422,0.7306738214285791,0.82775,0,0,mild
1158__2033_0,30,t_8_16,144.0,0.0,0.0,3.0,0.9538348648982479,0.45628301787860776,0.82775,1,0,stable
1158__2033_0,31,t_8_16,112.0,0.0,0.0,2.0,0.9591174674163049,0.574258641074078,0.82775,0,0,stable
1158__2033_0,32,t_8_16,64.0,0.0,0.0,1.0,,0.6631050552302107,0.82775,0,0,stable
1158__2033_0,34,t_8_16,80.0,0.5,0.5,0.0,,0.4925845490745885,0.82775,1,0,mild
1158__2033_0,37,t_8_16,80.0,0.0,0.0,1.0,,0.8140906494318585,0.82775,0,1,stable
1158__2033_0,38,t_8_16,196.0,0.0,0.0,5.0,0.9475198720109632,0.5607261632050119,0.82775,0,0,stable
1158__2033_0,39,t_8_16,80.0,0.25,0.0,2.0,0.7343113364552223,0.8755777622992653,0.82775,0,1,mild
1158__2033_0,40,t_8_16,215.9996337890625,0.0,0.0,3.0,0.9857704566644293,0.7801717331025894,0.82775,0,1,stable
1158__2033_0,41,t_8_16,84.0,0.0,0.0,5.0,0.9179641526070246,0.8374000098300669,0.82775,0,1,stable
1180__0_1800,0,t_8_16,72.0,0.0,0.0,2.0,0.9853861738398735,0.7936093548554458,0.76174,0,1,stable
1180__0_1800,1,t_8_16,84.0,0.0,0.0,3.0,0.864223897528797,0.7896770574032859,0.76174,0,1,stable
1180__0_1800,2,t_8_16,120.0,0.0,0.0,2.0,0.8983408069460768,0.7341424486149335,0.76174,0,0,stable
1180__0_1800,3,t_8_16,80.0,0.75,0.75,1.0,,0.7037580930537107,0.76174,0,0,high
1180__0_1800,4,t_8_16,84.0,0.25,0.0,3.0,0.5014607727337933,0.0,0.76174,1,0,mild
1180__0_1800,5,t_8_16,84.0,0.0,0.0,2.0,0.9615986875369413,0.8756042587066303,0.76174,0,1,stable
1180__0_1800,6,t_8_16,112.0,0.0,0.0,2.0,0.9941732816417742,0.8093682375285176,0.76174,0,1,stable
1180__0_1800,7,t_8_16,84.0,0.0,0.0,2.0,0.9266662608552787,0.6078591830418157,0.76174,0,0,stable
1180__0_1800,8,t_8_16,112.0,0.0,0.0,1.0,0.9999924030778395,0.6590605510783433,0.76174,0,0,stable
1180__0_1800,9,t_8_16,120.0,0.25,0.0,4.0,0.884219922804735,0.7567080161691945,0.76174,0,1,mild
1180__0_1800,10,t_8_16,144.0,0.75,0.5,1.0,,0.642688555942322,0.76174,0,0,high
1180__0_1800,11,t_8_16,112.0,0.5,0.25,3.0,0.24183215102280703,0.7982659418854064,0.76174,0,1,mild
1180__0_1800,12,t_8_16,72.0,0.25,0.0,3.0,0.25268031046360395,0.6451999843574178,0.76174,0,0,mild
1180__0_1800,13,t_8_16,80.0,0.25,0.25,1.0,,0.6669159223625211,0.76174,0,0,mild
1180__0_1800,14,t_8_16,84.0,0.0,0.0,2.0,0.9967041498240362,0.6409480453741507,0.76174,0,0,stable
1180__0_1800,15,t_8_16,144.0,0.25,0.0,4.0,0.5402895831342768,0.8024756708650158,0.76174,0,1,mild
1180__0_1800,16,t_8_16,112.0,0.25,0.25,1.0,0.9668738102622244,0.33728749227706123,0.76174,1,0,mild
1180__0_1800,17,t_8_16,72.0,0.0,0.0,5.0,0.9108673581728054,0.6610247715442069,0.76174,0,0,stable
1180__0_1800,19,t_8_16,160.0,0.0,0.0,3.0,0.9942128221569536,0.597620487379369,0.76174,0,0,stable
1180__0_1800,20,s_16_32,320.0,0.0,0.0,5.0,0.9742916650071832,0.6982079562499994,0.76174,0,0,stable
1180__0_1800,21,t_8_16,84.0,0.0,0.0,4.0,0.8864351364492419,0.8713830965486068,0.76174,0,1,stable
1180__0_1800,22,t_8_16,100.0,0.0,0.0,1.0,,0.6944520402430943,0.76174,0,0,stable
1180__0_1800,23,t_8_16,120.0,0.25,0.0,5.0,0.2971634231018532,0.6316815775021313,0.76174,0,0,mild
1180__0_1800,24,t_8_16,159.9994506840594,0.0,0.0,3.0,0.9808738579368542,0.5928083182680344,0.76174,0,0,stable
1180__0_1800,25,t_8_16,72.0,0.25,0.0,3.0,0.30691047195163074,0.7484508704218547,0.76174,0,0,mild
1180__0_1800,26,t_8_16,72.0,0.0,0.0,3.0,0.8950329140944173,0.6013214428364408,0.76174,0,0,stable
1180__0_1800,27,t_8_16,112.0,0.25,0.25,3.0,0.9286785919650067,0.7485738438146204,0.76174,0,0,mild
1180__0_1800,28,t_8_16,112.0,0.0,0.0,2.0,0.9548691386914933,0.7027968556453003,0.76174,0,0,stable
1180__0_1800,29,t_8_16,168.0,0.0,0.0,2.0,0.9626603383018458,0.7476444642857131,0.76174,0,0,stable
1180__0_1800,30,t_8_16,112.0,0.5,0.5,0.0,,0.8326624700874624,0.76174,0,1,mild
1180__0_1800,31,t_8_16,100.0,0.0,0.0,1.0,,0.45534084145229886,0.76174,1,0,stable
1180__0_1800,32,t_8_16,111.9991455078125,0.0,0.0,3.0,0.9834104997101095,0.7060125134159562,0.76174,0,0,stable
1180__0_1800,33,t_8_16,100.0,0.0,0.0,1.0,,0.6568620418110332,0.76174,0,0,stable
1180__0_1800,34,t_8_16,144.0,0.0,0.0,3.0,0.9697336987194631,0.721550715049903,0.76174,0,0,stable
1180__0_1800,35,t_8_16,140.0,0.0,0.0,2.0,0.9898638838842475,0.8174079005698159,0.76174,0,1,stable
1180__0_1800,36,t_8_16,80.0,0.0,0.0,1.0,,0.5630017148664609,0.76174,0,0,stable
1180__0_1800,37,t_8_16,112.0,0.0,0.0,3.0,0.9432879599109494,0.7279451744649126,0.76174,0,0,stable
1180__0_1800,38,t_8_16,80.0,0.0,0.0,1.0,,0.7287862174865695,0.76174,0,0,stable
1180__0_1800,39,t_8_16,96.0,0.25,0.0,2.0,0.5532440176900887,0.8426781863301922,0.76174,0,1,mild
1180__0_1800,40,s_16_32,308.0,0.0,0.0,5.0,0.8756166658194713,0.7110754164178191,0.76174,0,0,stable
1180__0_1800,41,t_8_16,112.0,0.0,0.0,2.0,0.9808136299621858,0.7952257298724328,0.76174,0,1,stable
1180__0_1800,42,t_8_16,83.99978637695312,0.25,0.25,4.0,0.8218056600504737,0.7293550628930544,0.76174,0,0,mild
1180__0_1800,43,t_8_16,112.0,0.25,0.25,2.0,0.9871289605527452,0.7946299831138909,0.76174,0,1,mild
1180__0_1800,44,t_8_16,120.0,0.0,0.0,7.0,0.9837254396173577,0.5044067083359169,0.76174,0,0,stable
1180__0_1800,45,t_8_16,111.99969482375309,0.0,0.0,4.0,0.978672783561564,0.695071501116856,0.76174,0,0,stable
1180__0_1800,46,t_8_16,144.0,0.25,0.25,4.0,0.9675215498046384,0.6754386028710756,0.76174,0,0,mild
1180__0_1800,47,t_8_16,128.0,0.0,0.0,2.0,0.9456318348272065,0.5922181511736645,0.76174,0,0,stable
1180__0_1800,48,t_8_16,80.0,0.0,0.0,1.0,,0.6164607096738915,0.76174,0,0,stable
1180__0_1800,49,t_8_16,200.0,0.25,0.0,4.0,0.8824399202162706,0.5391813690087094,0.76174,0,0,mild
1180__0_1800,50,t_8_16,80.0,0.0,0.0,1.0,,0.7766782114253721,0.76174,0,1,stable
1180__0_1800,51,t_8_16,84.0,0.0,0.0,2.0,0.9005541869704194,0.7589735099212944,0.76174,0,1,stable
1180__0_1800,52,s_16_32,256.0,0.0,0.0,5.0,0.9854569303748338,0.4492322656250031,0.76174,1,0,stable
1180__0_1800,54,t_8_16,64.0,0.0,0.0,3.0,0.07045764269356221,0.496344376002612,0.76174,1,0,stable
1180__0_1800,55,t_8_16,140.0,0.0,0.0,2.0,0.985914830822906,0.6381573795756398,0.76174,0,0,stable
1180__0_1800,56,t_8_16,80.0,0.0,0.0,1.0,,0.5461121842963852,0.76174,0,0,stable
1180__0_1800,57,t_8_16,88.0,0.0,0.0,9.0,0.8034840968034036,0.3770025947103226,0.76174,1,0,stable
1180__0_1800,58,t_8_16,144.0,0.5,0.25,2.0,0.13565475052639245,0.44522433527189426,0.76174,1,0,mild
1180__0_1800,59,t_8_16,110.0,0.0,0.0,2.0,0.9857375955314899,0.6655370871547395,0.76174,0,0,stable
1180__0_1800,60,t_8_16,72.0,0.25,0.0,5.0,0.8445686880790227,0.6650468961482341,0.76174,0,0,mild
1180__0_1800,61,t_8_16,102.0,0.25,0.0,5.0,0.5369487071848102,0.6188930426169449,0.76174,0,0,mild
1180__0_1800,62,t_8_16,88.0,0.25,0.25,2.0,0.9739847095548324,0.5322451122618775,0.76174,0,0,mild
1180__0_1800,63,t_8_16,110.0,0.25,0.0,2.0,0.7980925912576197,0.7109509663281796,0.76174,0,0,mild
1182__600_1800,0,t_8_16,196.00001335144043,0.0,0.0,2.0,0.9814622431361876,0.46780653340120254,0.74994,1,0,stable
1182__600_1800,1,t_8_16,179.9999656677246,0.0,0.0,3.0,0.9877732717906618,0.6778051206492557,0.74994,0,0,stable
1182__600_1800,2,t_8_16,240.0,0.0,0.0,2.0,0.9961533041894521,0.5871788125000031,0.74994,0,0,stable
1182__600_1800,3,t_8_16,112.0,0.0,0.0,3.0,0.7257934620125214,0.48705164751409885,0.74994,1,0,stable
1182__600_1800,4,t_8_16,240.0,0.5,0.5,7.0,0.18628505357127728,0.4481010212794106,0.74994,1,0,mild
1182__600_1800,5,t_8_16,168.0,0.0,0.0,5.0,0.7941776305809913,0.46480768086602214,0.74994,1,0,stable
1182__600_1800,6,t_8_16,168.0,0.0,0.0,2.0,0.7842431223286045,0.6766711862066221,0.74994,0,0,stable
1182__600_1800,7,t_8_16,252.0,0.0,0.0,3.0,0.9736746746464623,0.31771649206349245,0.74994,1,0,stable
1182__600_1800,8,t_8_16,239.99996185302734,0.0,0.0,2.0,0.9590407310939941,0.5368908764889987,0.74994,0,0,stable
1182__600_1800,9,t_8_16,100.0,0.0,0.0,2.0,0.9889435460991546,0.7477529586045011,0.74994,0,0,stable
1182__600_1800,10,t_8_16,144.0,0.0,0.0,2.0,0.9972811740775316,0.7814089861111105,0.74994,0,1,stable
1182__600_1800,11,t_8_16,160.0,0.25,0.0,3.0,0.4568091295527293,0.7261959535046764,0.74994,0,0,mild
1182__600_1800,12,t_8_16,140.0,0.0,0.0,3.0,0.9922622769402033,0.6925030973310754,0.74994,0,0,stable
1182__600_1800,13,t_8_16,120.0,0.25,0.0,4.0,0.4707553373198334,0.7877020353958862,0.74994,0,1,mild
1182__600_1800,14,t_8_16,192.0,0.0,0.0,5.0,0.4465082282501014,0.697510022135401,0.74994,0,0,stable
1182__600_1800,15,t_8_16,191.999755859375,0.0,0.0,4.0,0.8613443500470849,0.7604264185923221,0.74994,0,1,stable
1182__600_1800,16,t_8_16,224.0,0.0,0.0,3.0,0.9241934920147588,0.7861027187355756,0.74994,0,1,stable
1182__600_1800,17,t_8_16,160.0,0.0,0.0,4.0,0.9549424661760604,0.48406883232585024,0.74994,1,0,stable
1182__600_1800,18,t_8_16,140.0008544921875,0.0,0.0,2.0,0.46366082978315737,0.0,0.74994,1,0,stable
1182__600_1800,19,t_8_16,150.0,0.0,0.0,3.0,0.9458638908263087,0.6167860676440408,0.74994,0,0,stable
118__0_0,2,t_8_16,120.0,0.0,0.0,1.0,,0.6299182906785129,0.76883,0,0,stable
118__0_0,3,t_8_16,80.0,0.0,0.0,1.0,,0.5057983717566276,0.76883,0,0,stable
118__0_0,5,t_8_16,112.0,0.0,0.0,2.0,0.9134309738443716,0.5417836785983875,0.76883,0,0,stable
118__0_0,6,t_8_16,84.0,0.0,0.0,5.0,0.27639363081320334,0.6414590036267118,0.76883,0,0,stable
118__0_0,7,t_8_16,98.0,0.0,0.0,5.0,0.912807247553796,0.0,0.76883,1,0,stable
118__0_0,8,t_8_16,69.9993896484375,0.0,0.0,3.0,0.8537075311516777,0.0,0.76883,1,0,stable
118__0_0,9,t_8_16,98.0,0.0,0.0,3.0,0.9953528714620516,0.0,0.76883,1,0,stable
118__0_0,10,t_8_16,70.0,0.0,0.0,3.0,0.9704600225445961,0.8194922486179855,0.76883,0,1,stable
1197__1800_1200,0,t_8_16,72.0,0.0,0.0,5.0,0.9829653549360471,0.868280860076202,0.77741,0,1,stable
12093,0,t_8_16,187.00080108689144,0.0,0.0,4.0,0.9091636242083383,0.6697578502673793,0.47951,0,0,stable
12093,1,t_8_16,187.0,0.0,0.0,2.0,0.9350185579565348,0.5328972673796797,0.47951,0,0,stable
12093,2,t_8_16,223.99951171875,0.25,0.0,4.0,0.41756653906957175,0.7184318214241222,0.47951,0,0,mild
12093,3,t_8_16,187.0,0.25,0.0,3.0,0.41279692028276016,0.7156343015272032,0.47951,0,0,mild
12093,4,t_8_16,216.0,0.0,0.0,3.0,0.9145496519378494,0.5466472546296259,0.47951,0,0,stable
12093,5,t_8_16,98.0,0.5,0.0,5.0,0.22740281678407798,0.6792583367893291,0.47951,0,0,mild
12093,6,t_8_16,200.0,0.25,0.0,4.0,0.4328879406646627,0.7058302177762487,0.47951,0,0,mild
12093,7,t_8_16,168.0,0.25,0.0,3.0,0.2099878896112751,0.5753286130952433,0.47951,0,0,mild
12093,8,t_8_16,180.0,0.0,0.0,3.0,0.911311041677824,0.5637391352701513,0.47951,0,0,stable
12093,9,s_16_32,315.0004577636719,0.0,0.0,7.0,0.7212867064687198,0.32359200000000105,0.47951,1,0,stable
12093,10,t_8_16,220.00008392333984,0.0,0.0,4.0,0.7926048383251606,0.5394262636363649,0.47951,0,0,stable
12093,11,t_8_16,187.0,0.5,0.0,4.0,0.008624195317176798,0.6478700483083805,0.47951,0,0,mild
1216__2093_1200,1,t_8_16,80.0,0.25,0.0,2.0,0.9264508926291609,0.5458687134159641,0.89612,0,0,mild
1216__2093_1200,2,t_8_16,72.0,0.0,0.0,3.0,0.9975508557096403,0.71382676191852,0.89612,0,0,stable
1216__2093_1200,4,t_8_16,112.0,0.25,0.25,2.0,0.9746358151206925,0.7916661530261266,0.89612,0,1,mild
1216__2093_1200,5,t_8_16,96.0,0.5,0.0,2.0,0.41462144696772907,0.6511833286741967,0.89612,0,0,mild
1216__2093_1200,6,t_8_16,96.0,0.0,0.0,3.0,0.9672089392167478,0.6558725440698867,0.89612,0,0,stable
1216__2093_1200,7,t_8_16,96.00006103515625,0.25,0.25,1.0,,0.6366271155881676,0.89612,0,0,mild
1216__2093_1200,8,t_8_16,95.99996948236367,0.0,0.0,3.0,0.9451067497701605,0.7099939277769327,0.89612,0,0,stable
1216__2093_1200,9,t_8_16,120.0,0.25,0.0,3.0,0.3440950173011344,0.744259766306899,0.89612,0,0,mild
1216__2093_1200,10,t_8_16,96.0,0.25,0.25,2.0,0.4986692741156051,0.6063289066017773,0.89612,0,0,mild
1216__2093_1200,11,t_8_16,96.0,0.0,0.0,1.0,,0.6272646186739763,0.89612,0,0,stable
1216__2093_1200,12,t_8_16,80.0,0.0,0.0,2.0,0.9951388043532237,0.7328378304574096,0.89612,0,0,stable
1216__2093_1200,14,t_8_16,80.0,0.0,0.0,1.0,,0.5472560751409954,0.89612,0,0,stable
1216__2093_1200,15,t_8_16,80.0,0.0,0.0,1.0,,0.11117847803984864,0.89612,1,0,stable
1216__2093_1200,16,t_8_16,120.0,0.0,0.0,2.0,0.9007600914491178,0.8198909143337388,0.89612,0,1,stable
1216__2093_1200,17,t_8_16,80.0,0.0,0.0,1.0,,0.6377977303585085,0.89612,0,0,stable
1216__2093_1200,18,t_8_16,71.99981689453125,0.0,0.0,3.0,0.9983334650198704,0.5335906103384042,0.89612,0,0,stable
1216__2093_1200,19,t_8_16,139.99957275390625,0.0,0.0,3.0,0.9246209666641914,0.6806352201267647,0.89612,0,0,stable
1216__2093_1200,20,t_8_16,112.0,0.0,0.0,2.0,0.9935006359582313,0.6940472650525293,0.89612,0,0,stable
1216__2093_1200,22,t_8_16,96.0,0.25,0.25,2.0,0.9214870447649202,0.7479067783749579,0.89612,0,0,mild
1216__2093_1200,23,t_8_16,96.0,0.0,0.0,2.0,0.9845741679513356,0.5977490377688164,0.89612,0,0,stable
1216__2093_1200,24,t_8_16,96.0,0.25,0.25,2.0,0.9974030640762208,0.7327497644995666,0.89612,0,0,mild
1216__2093_1200,25,t_8_16,80.0,0.5,0.5,0.0,,0.7175248809452839,0.89612,0,0,mild
1216__2093_1200,26,t_8_16,80.0,0.25,0.25,1.0,,0.0,0.89612,1,0,mild
1216__2093_1200,27,t_8_16,112.0,0.25,0.25,1.0,,0.6512289346032761,0.89612,0,0,mild
1216__2093_1200,28,t_8_16,112.0,0.0,0.0,1.0,,0.6913378247818539,0.89612,0,0,stable
1216__2093_1200,30,t_8_16,96.0,0.0,0.0,1.0,,0.6616259590268275,0.89612,0,0,stable
1216__2093_1200,31,t_8_16,111.99951171875,0.25,0.25,3.0,0.9567832245878073,0.6873800101482576,0.89612,0,0,mild
1216__2093_1200,32,t_8_16,112.0,0.5,0.5,1.0,,0.0,0.89612,1,0,mild
1216__2093_1200,33,t_8_16,72.0,0.5,0.0,3.0,0.020862747518033457,0.5362237581309117,0.89612,0,0,mild
1216__2093_1200,34,t_8_16,72.0,0.0,0.0,2.0,0.9213261431923102,0.45615481966538274,0.89612,1,0,stable
1216__2093_1200,35,t_8_16,96.0,0.0,0.0,1.0,,0.6083421540190773,0.89612,0,0,stable
1216__2093_1200,36,t_8_16,72.0,0.0,0.0,1.0,,0.49078780051218207,0.89612,1,0,stable
1216__2093_1200,37,t_8_16,96.0,0.0,0.0,2.0,0.9830961763042926,0.6189044998380018,0.89612,0,0,stable
1216__2093_1200,38,t_8_16,83.99957275390625,0.0,0.0,3.0,0.989013671290004,0.5804535912018451,0.89612,0,0,stable
1216__2093_1200,39,t_8_16,80.0,0.25,0.25,1.0,,0.6381194823054691,0.89612,0,0,mild
1216__2093_1200,40,t_8_16,96.0,0.0,0.0,2.0,0.9402477843148889,0.668399771574378,0.89612,0,0,stable
1216__2093_1200,41,t_8_16,112.0,0.25,0.25,2.0,0.9532684236744224,0.8929874896303895,0.89612,0,1,mild
1216__2093_1200,42,t_8_16,96.0,0.0,0.0,2.0,0.9801498716492574,0.6322336419423799,0.89612,0,0,stable
1216__2093_1200,43,t_8_16,96.0,0.0,0.0,2.0,0.9465394621770681,0.7412180400997808,0.89612,0,0,stable
1216__2093_1200,44,t_8_16,80.0,0.25,0.0,2.0,0.7737597279929935,0.5688846493076446,0.89612,0,0,mild
1216__2093_1200,51,t_8_16,96.0,0.5,0.5,0.0,,0.8174709161783855,0.89612,0,1,mild
1216__2093_1200,54,t_8_16,72.0,0.25,0.0,4.0,0.3761731578217143,0.0629232889581895,0.89612,1,0,mild
1216__2093_1200,55,t_8_16,72.0,0.0,0.0,2.0,0.6619237476678902,0.5413517793147277,0.89612,0,0,stable
1216__2093_1200,56,t_8_16,72.0,0.0,0.0,2.0,0.8626559879794959,0.6539151397975206,0.89612,0,0,stable
1216__2093_1200,57,t_8_16,84.0,0.0,0.0,4.0,0.9647658699161883,0.7043751139067996,0.89612,0,0,stable
1216__2093_1200,58,t_8_16,83.99989318847656,0.0,0.0,4.0,0.9818801955274037,0.6295458926706337,0.89612,0,0,stable
1216__2093_1200,59,t_8_16,96.00009155273438,0.5,0.5,3.0,0.7912847368898416,0.5474533299172908,0.89612,0,0,mild
1216__2093_1200,60,t_8_16,72.0,0.0,0.0,1.0,0.9999978658062004,0.6199955220823419,0.89612,0,0,stable
1216__2093_1200,61,t_8_16,120.0,0.25,0.0,3.0,0.9231459738147244,0.5515157451732775,0.89612,0,0,mild
1216__2093_1200,62,t_8_16,72.0,0.0,0.0,1.0,,0.6329979177006001,0.89612,0,0,stable
1216__2093_1200,63,t_8_16,72.0,0.0,0.0,2.0,0.9762908382617728,0.02223058954921478,0.89612,1,0,stable
1216__2093_1200,64,t_8_16,83.99989318847656,0.0,0.0,2.0,0.9503251618739842,0.6698988976607831,0.89612,0,0,stable
1216__2093_1200,65,t_8_16,120.0,0.25,0.0,3.0,0.9279424298254213,0.6301648860956403,0.89612,0,0,mild
1216__2093_1200,66,t_8_16,80.0,0.0,0.0,1.0,,0.6355153608504698,0.89612,0,0,stable
1216__2093_1200,67,t_8_16,112.0,0.0,0.0,2.0,0.9896596425338232,0.6915157372342194,0.89612,0,0,stable
1216__2093_1200,68,t_8_16,112.0,0.25,0.25,2.0,0.992926133868889,0.6879011684529555,0.89612,0,0,mild
1216__2093_1200,69,t_8_16,72.0,0.0,0.0,2.0,0.9945814638551496,0.5042727449910378,0.89612,0,0,stable
1216__2093_1200,70,t_8_16,72.0,0.0,0.0,1.0,,0.4806010204120866,0.89612,1,0,stable
1216__2093_1200,73,t_8_16,72.0,0.0,0.0,3.0,0.9727754115537827,0.4991063500801814,0.89612,1,0,stable
1216__2093_1200,74,t_8_16,96.0,0.25,0.0,2.0,0.42959135706895174,0.6749273260082517,0.89612,0,0,mild
1216__2093_1200,75,t_8_16,80.0,0.0,0.0,0.0,,0.20164584892450124,0.89612,1,0,stable
1216__2093_1200,78,t_8_16,96.0,0.0,0.0,1.0,,0.5599585210725514,0.89612,0,0,stable
1216__2093_1200,79,t_8_16,111.99957275390625,0.0,0.0,4.0,0.8459887105026183,0.6821978733594327,0.89612,0,0,stable
1216__2093_1200,81,t_8_16,96.0,0.0,0.0,2.0,0.9923490715312432,0.5792426373554446,0.89612,0,0,stable
1216__2093_1200,82,t_8_16,96.0,0.0,0.0,2.0,0.9880461777734987,0.6314164947048787,0.89612,0,0,stable
1216__2093_1200,83,t_8_16,80.0,0.25,0.25,2.0,0.949645134868185,0.6296480856209669,0.89612,0,0,mild
1216__2093_1200,85,t_8_16,72.0,0.0,0.0,2.0,0.9724040957367973,0.6040260449990343,0.89612,0,0,stable
1216__2093_1200,86,t_8_16,72.0,0.0,0.0,3.0,0.5420631655484813,0.45690865881887965,0.89612,1,0,stable
1216__2093_1200,87,t_8_16,112.0,0.0,0.0,2.0,0.9846188568105271,0.6966910137782343,0.89612,0,0,stable
1216__2093_1200,88,t_8_16,128.0,0.0,0.0,3.0,0.9929543220535534,0.7761575464985717,0.89612,0,1,stable
1216__2093_1200,90,t_8_16,84.0,0.0,0.0,1.0,,0.6430835519668225,0.89612,0,0,stable
1216__2093_1200,91,t_8_16,64.0,0.25,0.25,1.0,,0.5077625629899294,0.89612,0,0,mild
1216__2093_1200,92,t_8_16,112.0,0.0,0.0,1.0,,0.7794258954844989,0.89612,0,1,stable
1216__2093_1200,93,t_8_16,72.0,0.0,0.0,2.0,0.9980567449247687,0.5703919881093552,0.89612,0,0,stable
1216__2093_1200,94,t_8_16,112.0,0.0,0.0,2.0,0.945816766286894,0.7846158881342133,0.89612,0,1,stable
1216__2093_1200,97,t_8_16,72.000732421875,0.0,0.0,4.0,0.7991918255772091,0.5913358943105355,0.89612,0,0,stable
1216__2093_1200,98,t_8_16,72.0,0.0,0.0,4.0,0.8730614000938363,0.6080070885519765,0.89612,0,0,stable
1216__2093_1200,99,t_8_16,72.000732421875,0.0,0.0,5.0,0.9410257325897644,0.6093377517239228,0.89612,0,0,stable
1216__2093_1200,100,t_8_16,100.0,0.25,0.0,3.0,0.7490732261668424,0.6512276975480739,0.89612,0,0,mild
1216__2093_1200,103,t_8_16,80.0,0.25,0.25,0.0,,0.6286102032193829,0.89612,0,0,mild
1216__2093_1200,106,t_8_16,72.0,0.0,0.0,2.0,0.4658246713990424,0.6936543079056299,0.89612,0,0,stable
1216__2093_1200,107,t_8_16,100.0,0.0,0.0,2.0,0.9040935077671829,0.5804200188196879,0.89612,0,0,stable
1216__2093_1200,108,t_8_16,80.0,0.0,0.0,1.0,0.9999999707173625,0.735963682252979,0.89612,0,0,stable
1216__2093_1200,109,t_8_16,64.0,0.25,0.25,1.0,,0.5039261091777121,0.89612,0,0,mild
1216__2093_1200,110,t_8_16,80.0,0.0,0.0,2.0,0.9923870417915334,0.5366581020058523,0.89612,0,0,stable
1216__2093_1200,113,t_8_16,112.0,0.25,0.25,3.0,0.7897602762970722,0.6553780144316578,0.89612,0,0,mild
1216__2093_1200,114,t_8_16,96.0,0.5,0.5,0.0,,0.5872206365871745,0.89612,0,0,mild
1216__2093_1200,115,t_8_16,120.0,0.0,0.0,1.0,,0.7151289983809491,0.89612,0,0,stable
1216__2093_1200,116,t_8_16,80.0,0.0,0.0,2.0,0.9875352604301788,0.5479902082369641,0.89612,0,0,stable
1216__2093_1200,117,t_8_16,112.0,0.25,0.25,2.0,0.9618570801247754,0.6618816543260955,0.89612,0,0,mild
1216__2093_1200,118,t_8_16,96.0,0.0,0.0,1.0,,0.5560400891466639,0.89612,0,0,stable
1216__2093_1200,119,t_8_16,112.0,0.0,0.0,2.0,0.9643559349239709,0.5589152098529245,0.89612,0,0,stable
1216__2093_1200,120,t_8_16,84.0,0.0,0.0,4.0,0.2941852019496622,0.5628937994969606,0.89612,0,0,stable
1216__2093_1200,121,t_8_16,72.0,0.0,0.0,3.0,0.8674833917283733,0.548023171576632,0.89612,0,0,stable
1216__2093_1200,122,t_8_16,72.0,0.0,0.0,1.0,,0.4723695408325974,0.89612,1,0,stable
1216__2093_1200,125,t_8_16,72.0,0.0,0.0,2.0,0.963687026028256,0.5765216641553788,0.89612,0,0,stable
1216__2093_1200,127,t_8_16,72.0,0.5,0.0,3.0,0.4682825112196874,0.02394215239584243,0.89612,1,0,mild
1216__2093_1200,128,t_8_16,72.0,0.0,0.0,1.0,,0.5407636664497604,0.89612,0,0,stable
1216__2093_1200,129,t_8_16,95.999755859375,0.25,0.25,3.0,0.8509228087027191,0.6179579467644292,0.89612,0,0,mild
1216__2093_1200,130,t_8_16,95.999755859375,0.5,0.5,0.0,,0.638473871426924,0.89612,0,0,mild
1216__2093_1200,131,t_8_16,96.0,0.25,0.25,3.0,0.9556286945236038,0.7620113829853747,0.89612,0,1,mild
1216__2093_1200,135,t_8_16,80.0,0.0,0.0,1.0,,0.541013867944617,0.89612,0,0,stable
1216__2093_1200,136,t_8_16,96.0,0.0,0.0,1.0,,0.5804754365923553,0.89612,0,0,stable
1216__2093_1200,137,t_8_16,128.0,0.0,0.0,2.0,0.9279343068997641,0.7124252665895349,0.89612,0,0,stable
1216__2093_1200,139,t_8_16,72.0,0.0,0.0,2.0,0.9512092028715018,0.15157245986547005,0.89612,1,0,stable
1216__2093_1200,140,t_8_16,72.0,0.0,0.0,1.0,,0.4774042322468683,0.89612,1,0,stable
1216__2093_1200,141,t_8_16,80.0,0.0,0.0,1.0,,0.5926114244667452,0.89612,0,0,stable
1216__2093_1200,144,t_8_16,112.0,0.5,0.5,1.0,,0.602312651467606,0.89612,0,0,mild
1216__2093_1200,146,t_8_16,96.0,0.25,0.25,1.0,0.9999999962150788,0.6550571166817623,0.89612,0,0,mild
1216__2093_1200,148,t_8_16,80.0,0.5,0.5,0.0,,0.6849037178191889,0.89612,0,0,mild
1216__2093_1200,150,t_8_16,80.0,0.0,0.0,2.0,0.9917136675986654,0.5955524207423273,0.89612,0,0,stable
1216__2093_1200,156,t_8_16,96.0,0.5,0.0,2.0,0.3032482356618803,0.5490854702077596,0.89612,0,0,mild
1216__2093_1200,157,t_8_16,80.0,0.25,0.25,2.0,0.9798008959431614,0.5547986568510558,0.89612,0,0,mild
1216__2093_1200,158,t_8_16,80.0,0.25,0.25,0.0,,0.599990582469196,0.89612,0,0,mild
1216__2093_1200,159,t_8_16,112.0,0.25,0.25,2.0,0.9899093597104337,0.6887891085369381,0.89612,0,0,mild
1216__2093_1200,160,t_8_16,72.0,0.0,0.0,3.0,0.7864810345820916,0.6073617098122929,0.89612,0,0,stable
1216__2093_1200,161,t_8_16,84.0,0.0,0.0,3.0,0.9941067097755318,0.5766673140780151,0.89612,0,0,stable
1216__2093_1200,163,t_8_16,96.0,0.25,0.25,2.0,0.4447770162419881,0.03170731700206232,0.89612,1,0,mild
1216__2093_1200,165,t_8_16,96.0,0.75,0.75,0.0,,0.6199255433342148,0.89612,0,0,high
1216__2093_1200,166,t_8_16,140.0,0.0,0.0,2.0,0.9775643133508816,0.6169653032140686,0.89612,0,0,stable
1216__2093_1200,167,t_8_16,160.0,0.0,0.0,3.0,0.9676434113103459,0.5908013965511927,0.89612,0,0,stable
1216__2093_1200,168,t_8_16,72.0,0.0,0.0,2.0,0.9939084496795209,0.5062465297057211,0.89612,0,0,stable
1216__2093_1200,170,t_8_16,72.0,0.0,0.0,2.0,0.9969344276971721,0.5345574417889736,0.89612,0,0,stable
1216__2093_1200,172,t_8_16,80.0,0.0,0.0,2.0,0.9655669711346713,0.5882773559485974,0.89612,0,0,stable
1216__2093_1200,173,t_8_16,80.0,0.0,0.0,1.0,,0.7115560622475027,0.89612,0,0,stable
1216__2093_1200,174,t_8_16,112.0,0.5,0.5,0.0,,0.7372790310217591,0.89612,0,0,mild
1216__2093_1200,175,t_8_16,112.0,0.0,0.0,2.0,0.9943292885909036,0.6516655650108106,0.89612,0,0,stable
1216__2093_1200,176,t_8_16,72.0,0.0,0.0,2.0,0.7808899720809949,0.6279555775851676,0.89612,0,0,stable
1216__2093_1200,177,t_8_16,72.0,0.0,0.0,2.0,0.9615242336023607,0.5571659072455197,0.89612,0,0,stable
1216__2093_1200,178,t_8_16,70.0,0.0,0.0,3.0,0.9611557583133352,0.730095727668084,0.89612,0,0,stable
1216__2093_1200,179,t_8_16,112.0,0.0,0.0,3.0,0.7379860707011826,0.7268198679087714,0.89612,0,0,stable
1216__2093_1200,180,t_8_16,72.0,0.0,0.0,3.0,0.15721314392591748,0.5216652807759041,0.89612,0,0,stable
1216__2093_1200,183,t_8_16,72.0,0.25,0.0,2.0,0.8160687971667453,0.6575554357697604,0.89612,0,0,mild
1216__2093_1200,184,t_8_16,84.0,0.5,0.0,3.0,0.03914633327583117,0.0,0.89612,1,0,mild
1216__2093_1200,188,t_8_16,72.0,0.5,0.0,5.0,0.07527269126724516,0.703475858584469,0.89612,0,0,mild
1216__2093_1200,189,t_8_16,84.0,0.0,0.0,4.0,0.9843300391102725,0.52560926256774,0.89612,0,0,stable
1216__2093_1200,190,t_8_16,128.0,0.0,0.0,2.0,0.9929521224954125,0.6665225299680706,0.89612,0,0,stable
1216__2093_1200,191,t_8_16,128.0,0.0,0.0,2.0,0.9979814395557562,0.7991852660550046,0.89612,0,1,stable
1216__2093_1200,193,t_8_16,96.0,0.25,0.25,2.0,0.9821330409060632,0.6663237320525703,0.89612,0,0,mild
1216__2093_1200,194,t_8_16,80.0,0.5,0.5,1.0,,0.10877662419086699,0.89612,1,0,mild
1216__2093_1200,195,t_8_16,96.0,0.0,0.0,2.0,0.9202148540092614,0.6697856906896723,0.89612,0,0,stable
1216__2093_1200,196,t_8_16,72.000732421875,0.0,0.0,3.0,0.9429458968049056,0.5628202095229554,0.89612,0,0,stable
1216__2093_1200,198,t_8_16,96.0,0.25,0.0,1.0,,0.6650927523803566,0.89612,0,0,mild
1216__2093_1200,199,t_8_16,96.0,0.5,0.5,0.0,,0.699110994634694,0.89612,0,0,mild
1216__2093_1200,202,t_8_16,112.0,0.0,0.0,1.0,,0.719790084018847,0.89612,0,0,stable
1216__2093_1200,203,t_8_16,84.0,0.0,0.0,2.0,0.9720463920541522,0.7760471925384169,0.89612,0,1,stable
1216__2093_1200,204,t_8_16,72.0,0.0,0.0,2.0,0.5932361756522974,0.7244926150529925,0.89612,0,0,stable
1216__2093_1200,205,t_8_16,84.0,0.0,0.0,3.0,0.9947192061766575,0.7331946548014824,0.89612,0,0,stable
1216__2093_1200,206,t_8_16,72.0,0.0,0.0,2.0,0.8937041926058571,0.6966448692937481,0.89612,0,0,stable
1216__2093_1200,207,t_8_16,112.0,0.25,0.25,3.0,0.9905961984861137,0.6766321982023104,0.89612,0,0,mild
1216__2093_1200,208,t_8_16,100.0,0.0,0.0,1.0,,0.7731396682377277,0.89612,0,1,stable
1216__2093_1200,209,t_8_16,96.0,0.0,0.0,3.0,0.9580784590298346,0.6734795389128971,0.89612,0,0,stable
1216__2093_1200,210,t_8_16,96.0,0.0,0.0,1.0,,0.7256194745032687,0.89612,0,0,stable
1216__2093_1200,211,t_8_16,100.0,0.0,0.0,1.0,,0.6389099024022206,0.89612,0,0,stable
1216__2093_1200,212,t_8_16,96.0,0.0,0.0,1.0,,0.17871210861911113,0.89612,1,0,stable
1216__2093_1200,213,t_8_16,120.0,0.0,0.0,2.0,0.966239764951946,0.7991684473450377,0.89612,0,1,stable
1216__2093_1200,214,t_8_16,96.0,0.25,0.25,2.0,0.6444184222439155,0.17615191173978267,0.89612,1,0,mild
1216__2093_1200,215,t_8_16,176.0,0.0,0.0,2.0,0.9703715465385995,0.7084289961532992,0.89612,0,0,stable
1216__2093_1200,216,t_8_16,240.0,0.0,0.0,3.0,0.999516873313527,0.9207907059990089,0.89612,0,1,stable
1216__2093_1200,217,t_8_16,180.0,0.0,0.0,3.0,0.9956700508987346,0.782236926099273,0.89612,0,1,stable
1216__2093_1200,218,s_16_32,336.0,0.0,0.0,8.0,0.9558794609411273,0.8435485774038936,0.89612,0,1,stable
1216__2093_1200,219,s_16_32,336.0,0.0,0.0,5.0,0.9975625856596919,0.9352528487079981,0.89612,0,1,stable
1216__2093_1200,220,t_8_16,216.0,0.0,0.0,3.0,0.8173451106598696,0.016930255038649398,0.89612,1,0,stable
1216__2093_1200,221,t_8_16,168.0,0.0,0.0,3.0,0.9827745088451396,0.7704950306002198,0.89612,0,1,stable
1216__2093_1200,222,s_16_32,312.0,0.0,0.0,5.0,0.9978762705700449,0.752173152781752,0.89612,0,1,stable
1216__2093_1200,223,t_8_16,140.0,0.0,0.0,3.0,0.9434371891011895,0.7455609283234947,0.89612,0,0,stable
1216__2093_1200,224,s_16_32,476.0,0.0,0.0,10.0,0.9978430939990274,0.7797300786679928,0.89612,0,1,stable
1216__2093_1200,225,t_8_16,140.0008544921875,0.0,0.0,3.0,0.9553626106641435,0.8160248628805158,0.89612,0,1,stable
1216__2093_1200,226,s_16_32,280.0,0.0,0.0,7.0,0.9566745649121736,0.7891521251987734,0.89612,0,1,stable
1216__2093_1200,227,t_8_16,140.0008544921875,0.0,0.0,2.0,0.9869902251848458,0.0,0.89612,1,0,stable
1216__2093_1200,228,t_8_16,140.0008544921875,0.0,0.0,4.0,0.9500514857520362,0.8165411499999928,0.89612,0,1,stable
1216__2093_1200,229,t_8_16,252.0,0.0,0.0,4.0,0.8782033009272742,0.0,0.89612,1,0,stable
1216__2093_1200,230,t_8_16,168.0,0.0,0.0,2.0,0.9318358786717937,0.7417846810157106,0.89612,0,0,stable
1216__2093_1200,231,t_8_16,192.0,0.0,0.0,4.0,0.8940230249579882,0.6632130312499955,0.89612,0,0,stable
1216__2093_1200,232,t_8_16,168.0,0.0,0.0,3.0,0.9434428089751165,0.7461765700725125,0.89612,0,0,stable
1216__2093_1200,233,t_8_16,100.0,0.5,0.0,2.0,0.7867003050137705,0.03435971026665459,0.89612,1,0,mild
1216__2093_1200,234,t_8_16,119.9993896484375,0.0,0.0,1.0,,0.8107305333333437,0.89612,0,1,stable
1216__2093_1200,235,t_8_16,120.0,0.25,0.0,2.0,0.8827455863895449,0.6259524327919473,0.89612,0,0,mild
1216__2093_1200,236,t_8_16,100.0,0.0,0.0,2.0,0.9999919477017469,0.6548247529942015,0.89612,0,0,stable
1216__2093_1200,237,t_8_16,120.0,0.0,0.0,2.0,0.9891927761839148,0.7885161325571614,0.89612,0,1,stable
1216__2093_1200,238,t_8_16,80.0,0.0,0.0,1.0,,0.0118701813959182,0.89612,1,0,stable
1216__2093_1200,239,t_8_16,160.0,0.0,0.0,3.0,0.9948447334228956,0.7404288745363622,0.89612,0,0,stable
1216__2093_1200,240,t_8_16,80.0,0.0,0.0,1.0,,0.8583247162409947,0.89612,0,1,stable
1216__2093_1200,241,t_8_16,112.0,0.25,0.25,3.0,0.9419535138896609,0.7404758524008263,0.89612,0,0,mild
1216__2093_1200,242,s_16_32,264.0,0.0,0.0,4.0,0.9976412608339478,0.7491344878950552,0.89612,0,0,stable
1216__2093_1200,243,s_16_32,540.0,0.0,0.0,8.0,0.9827244862470342,0.7498349757991564,0.89612,0,0,stable
1216__2093_1200,244,t_8_16,95.9996337890625,0.0,0.0,5.0,0.8925218824908204,0.6784060434662712,0.89612,0,0,stable
1216__2093_1200,245,t_8_16,252.0,0.0,0.0,3.0,0.9640496275879411,0.6019101111111094,0.89612,0,0,stable
1216__2093_1200,246,t_8_16,252.0,0.0,0.0,5.0,0.7559913309693295,0.4885913809523791,0.89612,1,0,stable
1216__2093_1200,247,t_8_16,252.0,0.0,0.0,5.0,0.9042331741579946,0.0,0.89612,1,0,stable
1216__2093_1200,248,t_8_16,200.0,0.25,0.0,7.0,0.9470957491820747,0.7961917896444617,0.89612,0,1,mild
1216__2093_1200,249,s_16_32,640.0,0.0,0.0,10.0,0.9896294405844758,0.878604798536514,0.89612,0,1,stable
1216__2093_1200,250,t_8_16,168.0,0.0,0.0,2.0,0.7486968584298143,0.2101122288217486,0.89612,1,0,stable
1216__2093_1200,251,t_8_16,140.0,0.5,0.0,3.0,0.1983779099536653,0.10389371640904628,0.89612,1,0,mild
1216__2093_1200,252,t_8_16,80.0,0.0,0.0,1.0,,0.030921844447605054,0.89612,1,0,stable
1216__2093_1200,253,t_8_16,80.0,0.25,0.0,3.0,0.4229566121432782,0.03715226167645859,0.89612,1,0,mild
1216__2093_1200,254,t_8_16,120.0,0.0,0.0,2.0,0.8873024199635396,0.7018734198361496,0.89612,0,0,stable
1216__2093_1200,255,t_8_16,112.0,0.0,0.0,1.0,,0.7401586576419241,0.89612,0,0,stable
1216__2093_1200,256,t_8_16,140.0,0.0,0.0,2.0,0.9416987758018126,0.7407884875932216,0.89612,0,0,stable
1216__2093_1200,257,t_8_16,224.0,0.0,0.0,5.0,0.9755603151210976,0.6911091370761224,0.89612,0,0,stable
1216__2093_1200,258,t_8_16,111.9991455078125,0.0,0.0,4.0,0.9887861101051594,0.7754466749053164,0.89612,0,1,stable
1216__2093_1200,259,t_8_16,140.0,0.0,0.0,3.0,0.9819723564002413,0.7977593447250327,0.89612,0,1,stable
1216__2093_1200,260,t_8_16,144.0,0.0,0.0,4.0,0.5888875868632427,0.0,0.89612,1,0,stable
1216__2093_1200,261,t_8_16,120.0,0.0,0.0,2.0,0.9769950006809907,0.0,0.89612,1,0,stable
1216__2093_1200,262,t_8_16,100.0006103515625,0.0,0.0,1.0,,0.0,0.89612,1,0,stable
1216__2093_1200,263,t_8_16,64.0,0.0,0.0,1.0,,0.0,0.89612,1,0,stable
1216__2093_1200,264,t_8_16,140.0,0.0,0.0,2.0,0.9850476910000802,0.8163846307764621,0.89612,0,1,stable
1216__2093_1200,265,t_8_16,95.99951171875,0.25,0.25,2.0,0.9743265534774329,0.8402236142054793,0.89612,0,1,mild
1216__2093_1200,266,t_8_16,111.99951171875,0.0,0.0,2.0,0.9911994568952123,0.6492955676440991,0.89612,0,0,stable
1216__2093_1200,267,t_8_16,139.9993896484375,0.25,0.0,3.0,0.8176048250300809,0.8935148030814944,0.89612,0,1,mild
1216__2093_1200,268,t_8_16,96.0,0.0,0.0,1.0,,0.7324379686077085,0.89612,0,0,stable
1216__2093_1200,269,t_8_16,72.0,0.0,0.0,2.0,0.9901596627621758,0.0,0.89612,1,0,stable
1216__2093_1200,270,t_8_16,112.0,0.25,0.25,2.0,0.8596075886605444,0.0,0.89612,1,0,mild
1216__2093_1200,271,t_8_16,160.0,0.0,0.0,3.0,0.992817025889919,0.8684294103337731,0.89612,0,1,stable
1216__2093_1200,272,t_8_16,120.0,0.0,0.0,2.0,0.9361278224582701,0.7591855178837903,0.89612,0,1,stable
1216__2093_1200,273,t_8_16,127.9990234375,0.0,0.0,5.0,0.7142921848428634,0.8020729765798186,0.89612,0,1,stable
1216__2093_1200,274,t_8_16,160.0,0.0,0.0,2.0,0.9448449586739683,0.6966370592434572,0.89612,0,0,stable
1216__2093_1200,275,t_8_16,100.0,0.0,0.0,2.0,0.9814740851365721,0.7669335576523743,0.89612,0,1,stable
1216__2093_1200,276,t_8_16,84.0008544921875,0.0,0.0,3.0,0.9279016750194572,0.6179866509249697,0.89612,0,0,stable
1216__2093_1200,277,t_8_16,100.0,0.0,0.0,1.0,,0.672224525104929,0.89612,0,0,stable
1216__2093_1200,278,t_8_16,72.000732421875,0.25,0.0,4.0,0.7261177693460381,0.006079131734990615,0.89612,1,0,mild
1216__2093_1200,279,t_8_16,80.0,0.0,0.0,1.0,,0.7803580446584082,0.89612,0,1,stable
1216__2093_1200,280,t_8_16,160.0,0.0,0.0,3.0,0.99416315794742,0.7266287418043049,0.89612,0,0,stable
1216__2093_1200,281,t_8_16,100.0,0.25,0.0,2.0,0.7359625008145939,0.7420275286944943,0.89612,0,0,mild
1216__2093_1200,282,t_8_16,140.0,0.0,0.0,1.0,,0.823543816109048,0.89612,0,1,stable
1216__2093_1200,283,t_8_16,100.0,0.0,0.0,1.0,,0.7288057455534562,0.89612,0,0,stable
1216__2093_1200,284,t_8_16,192.0,0.0,0.0,3.0,0.843247042670253,0.7375257643785995,0.89612,0,0,stable
1216__2093_1200,285,t_8_16,96.0,0.0,0.0,1.0,,0.7090773315058255,0.89612,0,0,stable
1216__2093_1200,286,t_8_16,100.0,0.25,0.0,2.0,0.8321132317236137,0.5800322816425432,0.89612,0,0,mild
1216__2093_1200,287,t_8_16,80.0,0.0,0.0,1.0,,0.0,0.89612,1,0,stable
1216__2093_1200,288,t_8_16,112.0,0.25,0.25,3.0,0.9556597633882301,0.0,0.89612,1,0,mild
1216__2093_1200,289,t_8_16,80.0,0.25,0.0,2.0,0.48080716903086673,0.0,0.89612,1,0,mild
1216__2093_1200,291,t_8_16,111.9990844745189,0.0,0.0,3.0,0.9872582848091159,0.8490265274093355,0.89612,0,1,stable
1216__2093_1200,292,t_8_16,139.9993896484375,0.0,0.0,2.0,0.9992805509371726,0.0,0.89612,1,0,stable
1216__2093_1200,293,t_8_16,111.99957275390625,0.0,0.0,3.0,0.9776407028817411,0.7718631911619293,0.89612,0,1,stable
1216__2093_1200,294,t_8_16,80.0,0.0,0.0,1.0,,0.7016651502609861,0.89612,0,0,stable
1216__2093_1200,295,t_8_16,96.0,0.5,0.0,2.0,0.4786520704271453,0.6829081022610856,0.89612,0,0,mild
1216__2093_1200,296,t_8_16,144.0,0.0,0.0,2.0,0.9994528824209818,0.24901306236654908,0.89612,1,0,stable
1216__2093_1200,297,t_8_16,216.0,0.0,0.0,4.0,0.987175745030293,0.8178692500000018,0.89612,0,1,stable
1216__2093_1200,298,t_8_16,140.0,0.0,0.0,2.0,0.9270394041793861,0.7626549305281332,0.89612,0,1,stable
1216__2093_1200,299,t_8_16,160.0,0.0,0.0,2.0,0.8083153389041959,0.7861007848741137,0.89612,0,1,stable
1216__2093_1200,300,t_8_16,120.0,0.0,0.0,1.0,,0.7390793855199794,0.89612,0,0,stable
1216__2093_1200,301,t_8_16,96.0,0.0,0.0,2.0,0.9539331131659985,0.7956136298787053,0.89612,0,1,stable
1216__2093_1200,303,t_8_16,160.0,0.0,0.0,3.0,0.9820929273189445,0.8357535976420246,0.89612,0,1,stable
1216__2093_1200,304,t_8_16,160.0009765625,0.0,0.0,5.0,0.8969479976513608,0.6706061999999988,0.89612,0,0,stable
1216__2093_1200,305,t_8_16,140.0,0.0,0.0,1.0,,0.9027232142857169,0.89612,0,1,stable
1216__2093_1200,306,t_8_16,120.0,0.0,0.0,2.0,0.9218536749550844,0.8638833876160337,0.89612,0,1,stable
1216__2093_1200,307,t_8_16,140.0,0.0,0.0,3.0,0.8678477325010173,0.7789898209512308,0.89612,0,1,stable
1216__2093_1200,308,t_8_16,167.999267578125,0.0,0.0,1.0,0.9999880767043366,0.7061880742887554,0.89612,0,0,stable
1216__2093_1200,309,t_8_16,120.0,0.25,0.0,2.0,0.32264211289866,0.6630972499207736,0.89612,0,0,mild
1216__2093_1200,310,t_8_16,252.0,0.0,0.0,4.0,0.9114618305994747,0.7059715829024137,0.89612,0,0,stable
1216__2093_1200,311,t_8_16,192.0,0.25,0.0,3.0,0.5536712534125958,0.5830163162924914,0.89612,0,0,mild
1216__2093_1200,312,t_8_16,140.0,0.0,0.0,0.0,,0.31400874202843576,0.89612,1,0,stable
1216__2093_1200,313,t_8_16,140.0,0.0,0.0,3.0,0.9739436163253717,0.7141361243415033,0.89612,0,0,stable
1216__2093_1200,314,t_8_16,140.0,0.0,0.0,2.0,0.6756481835477564,0.0,0.89612,1,0,stable
1216__2093_1200,315,t_8_16,112.0,0.0,0.0,2.0,0.9986623813457017,0.6910257111194477,0.89612,0,0,stable
1216__2093_1200,316,t_8_16,140.0,0.5,0.0,4.0,0.027543394081793515,0.0,0.89612,1,0,mild
1216__2093_1200,317,t_8_16,160.0,0.0,0.0,1.0,,0.8755521133933616,0.89612,0,1,stable
1216__2093_1200,318,t_8_16,252.0,0.0,0.0,3.0,0.9681809448061864,0.4547736111111095,0.89612,1,0,stable
1216__2093_1200,319,t_8_16,96.0,0.5,0.5,0.0,,0.29182986438133496,0.89612,1,0,mild
1216__2093_1200,320,t_8_16,160.0,0.5,0.5,3.0,0.21339373075801857,0.5951726154075008,0.89612,0,0,mild
1216__2093_1200,321,t_8_16,112.0,0.0,0.0,2.0,0.9950027209381332,0.7065461739917802,0.89612,0,0,stable
1216__2093_1200,322,t_8_16,140.0,0.75,0.75,0.0,,0.0,0.89612,1,0,high
1216__2093_1200,323,t_8_16,80.0,0.3333333333333333,0.3333333333333333,1.0,,0.041490576325744155,0.89612,1,0,mild
1216__2093_1200,324,t_8_16,168.0,0.0,0.0,3.0,0.5108749211149879,0.7565081472962848,0.89612,0,1,stable
1216__2093_1200,325,t_8_16,96.0,0.0,0.0,2.0,0.9927884183572736,0.0,0.89612,1,0,stable
1216__2093_1200,326,t_8_16,140.0,0.0,0.0,2.0,0.9902294911259185,0.8904021440351593,0.89612,0,1,stable
1216__2093_1200,327,t_8_16,112.0,0.5,0.5,1.0,,0.9307579623425037,0.89612,0,1,mild
1216__2093_1200,328,t_8_16,96.0,0.0,0.0,2.0,0.9501795909731809,0.8755003011318592,0.89612,0,1,stable
1216__2093_1200,329,t_8_16,80.0,0.25,0.25,1.0,,0.6256767034805208,0.89612,0,0,mild
1216__2093_1200,330,t_8_16,112.0,0.25,0.25,3.0,0.936280596951913,0.6661897756174215,0.89612,0,0,mild
1216__2093_1200,331,t_8_16,112.0,0.5,0.25,3.0,0.04866919169750142,0.0,0.89612,1,0,mild
1216__2093_1200,332,t_8_16,156.0,0.0,0.0,2.0,0.9970517622970495,0.0,0.89612,1,0,stable
1216__2093_1200,333,t_8_16,192.0,0.25,0.0,5.0,0.5812898824297439,0.45233107353436075,0.89612,1,0,mild
1216__2093_1200,334,t_8_16,165.0,0.0,0.0,1.0,0.9999979127990912,0.611227224242422,0.89612,0,0,stable
1216__2093_1200,335,t_8_16,90.0,0.25,0.25,1.0,0.9999999997545612,0.037469006235134834,0.89612,1,0,mild
1216__2093_1200,336,t_8_16,108.0,0.0,0.0,2.0,0.8171585466850878,0.460774804482813,0.89612,1,0,stable
1216__2093_1200,337,t_8_16,253.0,0.0,0.0,3.0,0.9490340562280444,0.7214169426314906,0.89612,0,0,stable
1216__2093_1200,338,t_8_16,170.0,0.0,0.0,2.0,0.999861850060698,0.08432549521658639,0.89612,1,0,stable
1216__2093_1200,339,t_8_16,120.0,0.0,0.0,3.0,0.903943853040447,0.5876497446136872,0.89612,0,0,stable
1216__2093_1200,340,t_8_16,90.00009155273438,0.0,0.0,5.0,0.9476286025725887,0.6432852801520988,0.89612,0,0,stable
1216__2093_1200,341,t_8_16,95.99981689453125,0.25,0.25,5.0,0.6830128982097023,0.0,0.89612,1,0,mild
1216__2093_1200,342,t_8_16,187.00033569335938,0.0,0.0,2.0,0.9842200419690655,0.38340805441196996,0.89612,1,0,stable
1216__2093_1200,343,t_8_16,120.0,0.25,0.0,2.0,0.3243324616654343,0.0,0.89612,1,0,mild
1216__2093_1200,344,t_8_16,168.0,0.25,0.0,3.0,0.8282104758100413,0.6644850510672149,0.89612,0,0,mild
1216__2093_1200,345,t_8_16,130.00079345703125,0.0,0.0,1.0,0.9999952900604335,0.08691181826582911,0.89612,1,0,stable
1216__2093_1200,346,t_8_16,120.0,0.0,0.0,2.0,0.7188775102548332,0.0,0.89612,1,0,stable
1216__2093_1200,347,t_8_16,88.0,0.0,0.0,1.0,,0.0,0.89612,1,0,stable
121a03fea,0,t_8_16,117.00003433227539,0.25,0.0,1.0,,0.7773817161893368,0.74104,0,1,mild
121a03fea,1,t_8_16,179.9996032710187,0.0,0.0,4.0,0.9894910386022097,0.8203244974911358,0.74104,0,1,stable
1224__600_1200,0,t_8_16,168.0,0.0,0.0,2.0,0.8736037551933112,0.6389995039426548,0.78877,0,0,stable
1224__600_1200,1,t_8_16,154.0,0.0,0.0,3.0,0.9849617586046736,0.7645149755114005,0.78877,0,1,stable
1224__600_1200,2,t_8_16,182.00021362304688,0.0,0.0,4.0,0.9672213374780079,0.8652808893295687,0.78877,0,1,stable
1233__0_1928,0,t_8_16,112.0,0.0,0.0,3.0,0.9982904949703969,0.8336151217793085,0.81237,0,1,stable
1233__0_1928,1,s_16_32,279.998779296875,0.0,0.0,3.0,0.9969003487156282,0.6663851315489591,0.81237,0,0,stable
1233__0_1928,2,t_8_16,128.0,0.0,0.0,2.0,0.9960622220308776,0.5850399843750013,0.81237,0,0,stable
1233__0_1928,3,t_8_16,95.99938964936882,0.0,0.0,4.0,0.9696983147909436,0.5888184770592205,0.81237,0,0,stable
1233__0_1928,4,t_8_16,199.99969482421875,0.25,0.0,4.0,0.4708873521998723,0.6251427600000051,0.81237,0,0,mild
1233__0_1928,5,t_8_16,112.00000762939453,0.0,0.0,1.0,,0.5852167316311888,0.81237,0,0,stable
1233__0_1928,6,t_8_16,72.0,0.0,0.0,3.0,0.9954114205849607,0.6729008756402015,0.81237,0,0,stable
1233__0_1928,7,t_8_16,72.0,0.0,0.0,4.0,0.9360400256755468,0.5247680182720904,0.81237,0,0,stable
1233__0_1928,8,t_8_16,84.0,0.0,0.0,5.0,0.9814599815008022,0.6796652376264993,0.81237,0,0,stable
1233__0_1928,9,t_8_16,84.0,0.0,0.0,4.0,0.98651983370664,0.6751651888514315,0.81237,0,0,stable
1233__0_1928,10,t_8_16,168.0,0.0,0.0,4.0,0.9789659555111813,0.7657981826520527,0.81237,0,1,stable
1233__0_1928,11,t_8_16,140.0,0.25,0.0,3.0,0.9397262194570061,0.5860940668904426,0.81237,0,0,mild
1233__0_1928,12,t_8_16,84.0,0.0,0.0,5.0,0.9498442071013896,0.691577160377712,0.81237,0,0,stable
1233__0_1928,13,t_8_16,80.0,0.0,0.0,1.0,,0.6286675560835913,0.81237,0,0,stable
1233__0_1928,14,t_8_16,120.0,0.0,0.0,1.0,,0.6648545523680306,0.81237,0,0,stable
1233__0_1928,15,t_8_16,84.0,0.0,0.0,3.0,0.96370711869441,0.6343500794580114,0.81237,0,0,stable
1233__0_1928,17,t_8_16,96.0,0.0,0.0,4.0,0.9918762981335538,0.701815525299091,0.81237,0,0,stable
1233__0_1928,18,t_8_16,84.0,0.0,0.0,5.0,0.9653039196354081,0.5830540993509364,0.81237,0,0,stable
1233__0_1928,19,t_8_16,98.0,0.75,0.25,3.0,0.10553130260055818,0.6978729513144765,0.81237,0,0,high
1233__0_1928,20,t_8_16,180.0,0.75,0.25,4.0,0.44600970550623553,0.0,0.81237,1,0,high
1233__0_1928,21,t_8_16,130.0,0.0,0.0,2.0,0.9918608356612025,0.5161680000000011,0.81237,0,0,stable
1233__0_1928,22,t_8_16,189.0,0.5,0.5,3.0,0.14272272084214124,0.5944335263801706,0.81237,0,0,mild
1233__0_1928,23,t_8_16,152.0,0.0,0.0,2.0,0.6361349763894394,0.41452379893207514,0.81237,1,0,stable
1233__0_1928,24,t_8_16,180.0,0.0,0.0,4.0,0.732629922596073,0.5065287752061705,0.81237,0,0,stable
1233__0_1928,25,t_8_16,105.00002861022949,0.25,0.0,5.0,0.25699116740757877,0.40696622402793475,0.81237,1,0,mild
1233__0_1928,26,t_8_16,126.0,0.0,0.0,5.0,0.9201785424190888,0.7371799679030493,0.81237,0,0,stable
1233__0_1928,27,t_8_16,240.0,0.0,0.0,4.0,0.936699263250622,0.0,0.81237,1,0,stable
1233__0_1928,28,t_8_16,140.0,0.0,0.0,3.0,0.7968923684563272,0.3684577039746327,0.81237,1,0,stable
1233__0_1928,29,t_8_16,210.0,0.0,0.0,3.0,0.9902164716063766,0.8177337650097679,0.81237,0,1,stable
1233__0_1928,30,t_8_16,140.0,0.5,0.0,2.0,0.1882989569994248,0.12159986218421887,0.81237,1,0,mild
1233__0_1928,31,t_8_16,110.0,0.25,0.0,3.0,0.9706208928278256,0.6533488343048571,0.81237,0,0,mild
1233__0_1928,32,t_8_16,143.0,0.0,0.0,3.0,0.5162618266276322,0.6488034633641047,0.81237,0,0,stable
1233__0_1928,33,t_8_16,90.0,0.0,0.0,3.0,0.9936449424774273,0.6905725026585255,0.81237,0,0,stable
1233__0_1928,34,t_8_16,119.0,0.0,0.0,5.0,0.9501202512829559,0.61711106722689,0.81237,0,0,stable
128__1800_1800,0,t_8_16,100.0006103515625,0.5,0.0,5.0,0.6994303848983183,0.8154146976732013,0.78436,0,1,mild
128__1800_1800,1,t_8_16,87.99951171875,0.25,0.25,1.0,,0.7698939009215139,0.78436,0,1,mild
128__1800_1800,2,t_8_16,120.0,0.0,0.0,2.0,0.9994043248458497,0.7606055719117598,0.78436,0,1,stable
128__1800_1800,3,t_8_16,108.0,0.6666666666666666,0.6666666666666666,2.0,0.9577753833662707,0.0,0.78436,1,0,high
128__1800_1800,4,t_8_16,84.0008544921875,0.0,0.0,5.0,0.9241538799415785,0.5063990024807763,0.78436,0,0,stable
128__1800_1800,6,t_8_16,216.0,0.0,0.0,6.0,0.25802566952764827,0.5984245331713912,0.78436,0,0,stable
128__1800_1800,8,t_8_16,128.0,0.0,0.0,2.0,0.8786869810733116,0.635455764953539,0.78436,0,0,stable
128__1800_1800,9,t_8_16,140.0008544921875,0.0,0.0,2.0,0.8547767457597171,0.825155412007416,0.78436,0,1,stable
128__1800_1800,10,t_8_16,168.0,0.0,0.0,4.0,0.9500216747454818,0.7567070337194702,0.78436,0,1,stable
128__1800_1800,11,t_8_16,100.0,0.0,0.0,1.0,,0.802139363436319,0.78436,0,1,stable
128__1800_1800,13,t_8_16,168.0,0.0,0.0,2.0,0.9392839390273806,0.4818672291607427,0.78436,1,0,stable
128__1800_1800,14,t_8_16,144.0,0.0,0.0,2.0,0.9993613144935211,0.8762501474375001,0.78436,0,1,stable
128__1800_1800,15,t_8_16,72.0,0.25,0.0,2.0,0.9095370130556109,0.5216824333830734,0.78436,0,0,mild
128__1800_1800,16,t_8_16,100.0,0.25,0.0,2.0,0.9997474630075982,0.6764108245537238,0.78436,0,0,mild
128__1800_1800,17,t_8_16,112.0,0.25,0.25,2.0,0.8996904927441755,0.5922351339193914,0.78436,0,0,mild
128__1800_1800,18,t_8_16,144.0,0.25,0.0,3.0,0.9046254143108857,0.6811909075455079,0.78436,0,0,mild
128__1800_1800,19,t_8_16,96.0,0.25,0.25,1.0,,0.7076509649704438,0.78436,0,0,mild
128__1800_1800,20,t_8_16,112.0001220703125,0.0,0.0,5.0,0.9659626954111582,0.7297461802541252,0.78436,0,0,stable
128__1800_1800,21,t_8_16,96.0,0.0,0.0,3.0,0.9394347033432723,0.7233131293886003,0.78436,0,0,stable
128__1800_1800,22,t_8_16,176.0,0.0,0.0,2.0,0.9496580368251943,0.7512277205407457,0.78436,0,1,stable
128__1800_1800,23,t_8_16,140.0,0.0,0.0,2.0,0.46443250720651885,0.49972441113585603,0.78436,1,0,stable
128__1800_1800,24,t_8_16,112.0,0.0,0.0,2.0,0.9747513264862713,0.8369388356833639,0.78436,0,1,stable
128__1800_1800,25,t_8_16,72.0,0.0,0.0,5.0,0.7703326890298079,0.41310368822013066,0.78436,1,0,stable
128__1800_1800,26,t_8_16,144.0,0.0,0.0,3.0,0.9967903891067241,0.8753730451831805,0.78436,0,1,stable
128__1800_1800,27,t_8_16,120.000732421875,0.0,0.0,4.0,0.812240033585959,0.7885462226227019,0.78436,0,1,stable
128__1800_1800,28,t_8_16,84.0,0.0,0.0,3.0,0.3531792291092126,0.7899189281005673,0.78436,0,1,stable
128__1800_1800,29,t_8_16,140.0,0.0,0.0,2.0,0.9668794166594337,0.800098436700218,0.78436,0,1,stable
128__1800_1800,30,t_8_16,84.0,0.0,0.0,3.0,0.9970832302986414,0.7343438568313504,0.78436,0,0,stable
128__1800_1800,31,t_8_16,156.0,0.0,0.0,2.0,0.9940632130608491,0.6998884901194746,0.78436,0,0,stable
128__1800_1800,32,t_8_16,143.99981689453125,0.0,0.0,3.0,0.9786305788839204,0.8904645119466611,0.78436,0,1,stable
128__1800_1800,33,t_8_16,144.0,0.0,0.0,2.0,0.968557369234727,0.7819079722222164,0.78436,0,1,stable
128__1800_1800,34,t_8_16,120.0,0.0,0.0,3.0,0.9326685729876943,0.7303382969005537,0.78436,0,0,stable
128__1800_1800,35,t_8_16,95.9996337890625,0.0,0.0,5.0,0.8695559059635701,0.71358709737858,0.78436,0,0,stable
128__1800_1800,37,t_8_16,104.0,0.0,0.0,1.0,,0.7494121746096979,0.78436,0,0,stable
128__1800_1800,38,t_8_16,132.0,0.0,0.0,2.0,0.9996064809693741,0.7791595869055153,0.78436,0,1,stable
128__1800_1800,39,t_8_16,131.99981689453125,0.25,0.0,2.0,0.5385484888490356,0.849951613636363,0.78436,0,1,mild
128__1800_1800,40,t_8_16,140.0,0.0,0.0,2.0,0.9755154431773586,0.781895487482637,0.78436,0,1,stable
128__1800_1800,41,t_8_16,168.0,0.0,0.0,5.0,0.9095665216341676,0.7292714874795827,0.78436,0,0,stable
128__1800_1800,42,t_8_16,180.0,0.0,0.0,4.0,0.9927887052261661,0.8561736501746019,0.78436,0,1,stable
128__1800_1800,43,t_8_16,139.99969482421875,0.0,0.0,3.0,0.9856814294202547,0.8561428234676467,0.78436,0,1,stable
128__1800_1800,44,t_8_16,156.0,0.0,0.0,4.0,0.9344412264849696,0.7774739965034679,0.78436,0,1,stable
128__1800_1800,45,t_8_16,119.9993896484375,0.0,0.0,2.0,0.9959989852934837,0.8117307569474191,0.78436,0,1,stable
128__1800_1800,46,t_8_16,130.00030517578125,0.25,0.0,5.0,0.9009132177553361,0.748492305345638,0.78436,0,0,mild
128__1800_1800,47,t_8_16,96.0,0.0,0.0,2.0,0.9985296692998249,0.8814532604494525,0.78436,0,1,stable
128__1800_1800,48,t_8_16,120.0,0.0,0.0,3.0,0.8647262033998205,0.6225416153404263,0.78436,0,0,stable
128__1800_1800,49,t_8_16,162.0010986328125,0.0,0.0,3.0,0.9893717507325157,0.7278734711252922,0.78436,0,0,stable
128__1800_1800,50,t_8_16,216.0,0.0,0.0,3.0,0.9897764549941017,0.5509464166666673,0.78436,0,0,stable
128__1800_1800,51,t_8_16,192.0,0.0,0.0,4.0,0.9496014845264646,0.7009507812499923,0.78436,0,0,stable
128__1800_1800,52,t_8_16,84.0,0.0,0.0,1.0,0.9999900598166204,0.7452974227389891,0.78436,0,0,stable
128__1800_1800,53,t_8_16,96.0,0.0,0.0,3.0,0.8381367158030095,0.6725271683813389,0.78436,0,0,stable
128__1800_1800,54,t_8_16,112.0,0.0,0.0,3.0,0.957503626971139,0.8138146452774536,0.78436,0,1,stable
128__1800_1800,55,t_8_16,144.0,0.0,0.0,3.0,0.8344697172258083,0.5763395024656062,0.78436,0,0,stable
128__1800_1800,56,t_8_16,136.0,0.0,0.0,2.0,0.9928594053882656,0.6971179609249207,0.78436,0,0,stable
128__1800_1800,58,t_8_16,160.0,0.5,0.5,0.0,,0.5279780582438021,0.78436,0,0,mild
128__1800_1800,59,t_8_16,160.0,0.0,0.0,2.0,0.9733938307616882,0.6522273012091818,0.78436,0,0,stable
128__1800_1800,60,t_8_16,84.0,0.25,0.0,2.0,0.1353818177736857,0.65820713213244,0.78436,0,0,mild
128__1800_1800,61,t_8_16,140.0,0.0,0.0,2.0,0.9329615509905503,0.6082937754897322,0.78436,0,0,stable
128__1800_1800,62,t_8_16,175.99835205450654,0.0,0.0,3.0,0.9435863988809693,0.6540412958337698,0.78436,0,0,stable
128__1800_1800,63,t_8_16,80.0,0.0,0.0,1.0,,0.7965715349776897,0.78436,0,1,stable
128__1800_1800,64,t_8_16,119.9993896484375,0.25,0.0,2.0,0.45825976163069765,0.7207519380142788,0.78436,0,0,mild
128__1800_1800,65,t_8_16,80.0,0.0,0.0,1.0,,0.5865008136893123,0.78436,0,0,stable
128__1800_1800,66,t_8_16,108.0,0.5,0.5,2.0,0.2520277397157715,0.6003789194499299,0.78436,0,0,mild
128__1800_1800,67,t_8_16,168.0,0.0,0.0,2.0,0.8704610057822048,0.7175024911474247,0.78436,0,0,stable
128__1800_1800,68,t_8_16,108.0003662109375,0.0,0.0,1.0,,0.865392865392869,0.78436,0,1,stable
128__1800_1800,69,t_8_16,160.0,0.0,0.0,3.0,0.9912458846941162,0.8748401023781928,0.78436,0,1,stable
128__1800_1800,70,t_8_16,159.99996948242188,0.0,0.0,3.0,0.9432142065183245,0.6807972711111919,0.78436,0,0,stable
128__1800_1800,71,t_8_16,180.0,0.0,0.0,3.0,0.9668044394847327,0.6839173881230667,0.78436,0,0,stable
128__1800_1800,72,t_8_16,143.9996337890625,0.0,0.0,5.0,0.2814975961636399,0.6794814912590925,0.78436,0,0,stable
128__1800_1800,73,t_8_16,84.0,0.0,0.0,3.0,0.9316182761866763,0.5426382238100055,0.78436,0,0,stable
128__1800_1800,74,t_8_16,143.00023651099764,0.0,0.0,4.0,0.923717941805294,0.7502199998791048,0.78436,0,1,stable
128__1800_1800,75,t_8_16,180.0,0.0,0.0,3.0,0.9478736980935589,0.74813370190925,0.78436,0,0,stable
128__1800_1800,76,t_8_16,144.0,0.0,0.0,3.0,0.9555636738289152,0.6804062729450174,0.78436,0,0,stable
128__1800_1800,77,t_8_16,196.0,0.0,0.0,4.0,0.9799268260905369,0.6943081981188483,0.78436,0,0,stable
128__1800_1800,78,t_8_16,120.0,0.0,0.0,2.0,0.9970398333862167,0.8059674094816452,0.78436,0,1,stable
128__1800_1800,79,t_8_16,132.0,0.0,0.0,2.0,0.9945034460435526,0.8375623458510871,0.78436,0,1,stable
128__1800_1800,80,t_8_16,139.99957275390625,0.0,0.0,2.0,0.9872409571822721,0.7297898455874557,0.78436,0,0,stable
128__1800_1800,81,t_8_16,144.0,0.25,0.25,2.0,0.9974230088950455,0.6306810147661521,0.78436,0,0,mild
128__1800_1800,82,t_8_16,144.0,0.0,0.0,3.0,0.983972260281449,0.823896156348068,0.78436,0,1,stable
128__1800_1800,83,t_8_16,87.99966430664062,0.0,0.0,2.0,0.9918352270610059,0.6161426187305558,0.78436,0,0,stable
128__1800_1800,84,t_8_16,96.0,0.0,0.0,2.0,0.7903581184832915,0.0,0.78436,1,0,stable
128__1800_1800,85,t_8_16,192.0,0.0,0.0,5.0,0.8617010958299659,0.616086651321668,0.78436,0,0,stable
128__1800_1800,86,t_8_16,132.0,0.0,0.0,2.0,0.9941105320352266,0.8849669911320207,0.78436,0,1,stable
128__1800_1800,87,t_8_16,126.00042724609375,0.0,0.0,2.0,0.9670636696016324,0.6359381721668813,0.78436,0,0,stable
128__1800_1800,88,t_8_16,72.0,0.0,0.0,2.0,0.9988649829055664,0.8819439306524234,0.78436,0,1,stable
128__1800_1800,89,t_8_16,139.99996185302734,0.0,0.0,2.0,0.9927873749576005,0.8070003591835846,0.78436,0,1,stable
128__1800_1800,90,t_8_16,120.0,0.0,0.0,1.0,,0.836985446308196,0.78436,0,1,stable
128__1800_1800,91,t_8_16,120.0,0.0,0.0,5.0,0.9943987719638651,0.52694014207976,0.78436,0,0,stable
128__1800_1800,93,t_8_16,100.0,0.0,0.0,1.0,,0.8959436410568135,0.78436,0,1,stable
128__1800_1800,94,t_8_16,224.0,0.0,0.0,3.0,0.9517126375672567,0.6806163805976215,0.78436,0,0,stable
128__1800_1800,95,t_8_16,72.0,0.0,0.0,2.0,0.9856482877143413,0.605297438175005,0.78436,0,0,stable
128__1800_1800,96,t_8_16,96.0,0.25,0.25,1.0,,0.49204742524014317,0.78436,1,0,mild
128__1800_1800,97,t_8_16,120.0,0.5,0.25,2.0,0.721877632638281,0.8118343610818507,0.78436,0,1,mild
128__1800_1800,98,t_8_16,216.0,0.0,0.0,5.0,0.17121378718600644,0.46727558333333385,0.78436,1,0,stable
128__1800_1800,99,t_8_16,96.0,0.25,0.25,1.0,0.9999999981580125,0.6173024243527616,0.78436,0,0,mild
128__1800_1800,100,t_8_16,160.0,0.0,0.0,3.0,0.9572344094266095,0.7510035508577996,0.78436,0,1,stable
128__1800_1800,101,t_8_16,192.0,0.0,0.0,4.0,0.6747033893255375,0.5021802208522886,0.78436,0,0,stable
128__1800_1800,102,t_8_16,180.0,0.0,0.0,3.0,0.978598046943536,0.754565821529567,0.78436,0,1,stable
128__1800_1800,103,t_8_16,132.0,0.0,0.0,2.0,0.7290860561367262,0.798695197368993,0.78436,0,1,stable
128__1800_1800,104,t_8_16,200.0,0.0,0.0,2.0,0.9866589426976295,0.7384623500000053,0.78436,0,0,stable
128__1800_1800,105,t_8_16,112.0,0.0,0.0,3.0,0.9757797346679732,0.6729412935145567,0.78436,0,0,stable
128__1800_1800,106,t_8_16,126.0,0.0,0.0,1.0,,0.8643276567496294,0.78436,0,1,stable
128__1800_1800,107,t_8_16,168.0,0.0,0.0,2.0,0.9892141093060806,0.7346079999999998,0.78436,0,0,stable
128__1800_1800,108,t_8_16,120.0,0.25,0.25,2.0,0.8086648040772032,0.6881882434640917,0.78436,0,0,mild
128__1800_1800,109,t_8_16,128.0,0.25,0.0,2.0,0.03414238293817415,0.7291186507467496,0.78436,0,0,mild
128__1800_1800,110,t_8_16,167.999267578125,0.0,0.0,3.0,0.9866433767841658,0.7297802023809526,0.78436,0,0,stable
128__1800_1800,111,t_8_16,196.0,0.0,0.0,2.0,0.9538913257688786,0.6061944489795945,0.78436,0,0,stable
128__1800_1800,112,t_8_16,220.0,0.0,0.0,2.0,0.7733340078536561,0.49316293636363834,0.78436,1,0,stable
128__1800_1800,113,t_8_16,224.0009765625,0.0,0.0,4.0,0.9485493872034826,0.5712586450266599,0.78436,0,0,stable
128__1800_1800,114,t_8_16,167.9991455078125,0.0,0.0,2.0,0.9965677476190484,0.7473622449991593,0.78436,0,0,stable
128__1800_1800,115,t_8_16,196.0,0.0,0.0,5.0,0.9663910889822878,0.6819189999999958,0.78436,0,0,stable
128__1800_1800,116,t_8_16,156.0,0.25,0.0,2.0,0.5785201671323992,0.46043178625606057,0.78436,1,0,mild
128__1800_1800,117,t_8_16,209.9991455078125,0.0,0.0,3.0,0.9500554811063713,0.6450657285714279,0.78436,0,0,stable
128__1800_1800,118,t_8_16,128.0,0.0,0.0,2.0,0.9871984075954184,0.7327022319557074,0.78436,0,0,stable
128__1800_1800,120,t_8_16,64.0,0.5,0.5,0.0,,0.579592200014805,0.78436,0,0,mild
128__1800_1800,121,t_8_16,126.0008544921875,0.0,0.0,3.0,0.9795911869166267,0.6817166977862938,0.78436,0,0,stable
128__1800_1800,124,t_8_16,168.0,0.0,0.0,2.0,0.9227567822862623,0.6901576972173902,0.78436,0,0,stable
128__1800_1800,125,t_8_16,224.0,0.0,0.0,3.0,0.9720169480578063,0.65341375561562,0.78436,0,0,stable
128__1800_1800,126,t_8_16,128.0,0.0,0.0,2.0,0.9866445058279898,0.8845121836623346,0.78436,0,1,stable
128__1800_1800,127,t_8_16,164.99932861328125,0.0,0.0,3.0,0.9169694096127727,0.6073324874894712,0.78436,0,0,stable
128__1800_1800,128,t_8_16,160.0,0.5,0.0,2.0,0.47716690435925657,0.7320730542644943,0.78436,0,0,mild
128__1800_1800,129,t_8_16,72.0,0.0,0.0,3.0,0.9946169845088958,0.7971207936384559,0.78436,0,1,stable
128__1800_1800,130,t_8_16,144.0,0.0,0.0,2.0,0.9953065706582142,0.7727218506773432,0.78436,0,1,stable
128__1800_1800,131,t_8_16,168.0,0.0,0.0,4.0,0.9383157268235472,0.7932341439800203,0.78436,0,1,stable
128__1800_1800,132,t_8_16,99.0,0.25,0.0,1.0,,0.8256716421662162,0.78436,0,1,mild
128__1800_1800,133,t_8_16,140.0,0.0,0.0,1.0,0.9999999075706524,0.7519574813440115,0.78436,0,1,stable
128__1800_1800,134,t_8_16,84.0,0.0,0.0,3.0,0.5224040953846502,0.7168063614175221,0.78436,0,0,stable
128__1800_1800,135,t_8_16,80.0,0.25,0.0,2.0,0.8101063617632281,0.7769633500584165,0.78436,0,1,mild
128__1800_1800,136,t_8_16,96.0,0.25,0.25,1.0,0.9999791317215561,0.5799138714262633,0.78436,0,0,mild
128__1800_1800,137,t_8_16,104.0,0.25,0.25,2.0,0.9935307714851727,0.8500963978141383,0.78436,0,1,mild
128__1800_1800,138,t_8_16,72.0,0.0,0.0,3.0,0.8771521862290735,0.5019323081935908,0.78436,0,0,stable
128__1800_1800,139,t_8_16,160.0,0.0,0.0,3.0,0.9860766815241898,0.7886845620311586,0.78436,0,1,stable
128__1800_1800,140,t_8_16,160.0,0.0,0.0,3.0,0.9730663011598548,0.6484389473137017,0.78436,0,0,stable
128__1800_1800,141,t_8_16,95.9996337890625,0.0,0.0,5.0,0.963821728258026,0.6902614917609238,0.78436,0,0,stable
128__1800_1800,142,t_8_16,120.0,0.25,0.0,3.0,0.845031671125148,0.8582495999999988,0.78436,0,1,mild
128__1800_1800,143,t_8_16,90.0,0.25,0.0,4.0,0.29298215934124877,0.6597535985136035,0.78436,0,0,mild
128__1800_1800,144,t_8_16,108.0,0.0,0.0,2.0,0.9932401336044359,0.6074482955406091,0.78436,0,0,stable
128__1800_1800,145,t_8_16,120.0,0.0,0.0,1.0,,0.7872970082900679,0.78436,0,1,stable
128__1800_1800,146,t_8_16,144.0,0.0,0.0,3.0,0.9105676135586773,0.9234867390960676,0.78436,0,1,stable
128__1800_1800,147,t_8_16,120.0,0.0,0.0,2.0,0.9978208870936255,0.8517670893392163,0.78436,0,1,stable
128__1800_1800,148,t_8_16,144.0,0.0,0.0,3.0,0.8691166394694793,0.6836688718613176,0.78436,0,0,stable
128__1800_1800,149,t_8_16,139.99996185302734,0.0,0.0,1.0,,0.7453291122505061,0.78436,0,0,stable
128__1800_1800,150,t_8_16,196.0,0.0,0.0,4.0,0.8856175493622434,0.6283250008730323,0.78436,0,0,stable
128__1800_1800,151,t_8_16,140.0,0.0,0.0,1.0,,0.8775262058625306,0.78436,0,1,stable
128__1800_1800,152,t_8_16,128.0,0.25,0.25,2.0,0.9945359837261485,0.7682664216186084,0.78436,0,1,mild
128__1800_1800,153,t_8_16,96.0,0.5,0.5,0.0,,0.6162522480592793,0.78436,0,0,mild
128__1800_1800,154,t_8_16,120.0,0.25,0.0,5.0,0.31786507714205586,0.746053322024801,0.78436,0,0,mild
128__1800_1800,155,t_8_16,100.0,0.0,0.0,2.0,0.9888008832720129,0.7890075989823327,0.78436,0,1,stable
128__1800_1800,156,t_8_16,160.0,0.0,0.0,3.0,0.9931686705594264,0.8045974262227251,0.78436,0,1,stable
128__1800_1800,157,t_8_16,120.0,0.25,0.0,2.0,0.993742605850659,0.7667914965902837,0.78436,0,1,mild
128__1800_1800,158,t_8_16,168.0,0.0,0.0,2.0,0.9949872504207917,0.7697183313158215,0.78436,0,1,stable
128__1800_1800,159,t_8_16,196.0,0.0,0.0,3.0,0.9983494769006688,0.7806299693877538,0.78436,0,1,stable
128__1800_1800,160,t_8_16,80.0,0.25,0.0,3.0,0.6895737335489257,0.7459163598624129,0.78436,0,0,mild
128__1800_1800,161,t_8_16,160.0,0.25,0.0,3.0,0.49201371133724703,0.0,0.78436,1,0,mild
128__1800_1800,162,t_8_16,192.0,0.0,0.0,2.0,0.9351468918346681,0.7445310682230751,0.78436,0,0,stable
128__1800_1800,163,t_8_16,144.0009765625,0.0,0.0,3.0,0.9664003498944509,0.7160124363047518,0.78436,0,0,stable
128__1800_1800,164,t_8_16,96.0,0.25,0.25,2.0,0.8657091217977428,0.6692138024043041,0.78436,0,0,mild
128__1800_1800,165,t_8_16,102.00009155273438,0.0,0.0,5.0,0.9830022534237642,0.57016074121342,0.78436,0,0,stable
128__1800_1800,166,t_8_16,72.0,0.25,0.0,2.0,0.5838338693388719,0.8265606795803212,0.78436,0,1,mild
128__1800_1800,167,t_8_16,140.0,0.0,0.0,2.0,0.9802643469088523,0.7417813817768371,0.78436,0,0,stable
128__1800_1800,168,t_8_16,96.0,0.0,0.0,3.0,0.054627432937249504,0.6609007458317264,0.78436,0,0,stable
128__1800_1800,169,t_8_16,90.0,0.5,0.0,2.0,0.17241147721642994,0.5118233612611959,0.78436,0,0,mild
128__1800_1800,170,t_8_16,144.0,0.5,0.0,3.0,0.057425863860266387,0.7323454521801888,0.78436,0,0,mild
128__1800_1800,171,t_8_16,195.9991455078125,0.0,0.0,3.0,0.9449714884446508,0.8181409591836712,0.78436,0,1,stable
128__1800_1800,172,t_8_16,120.0,0.0,0.0,2.0,0.9293685388569556,0.7096981499999941,0.78436,0,0,stable
128__1800_1800,173,t_8_16,140.0,0.0,0.0,2.0,0.9988302766605041,0.8634563419001966,0.78436,0,1,stable
128__1800_1800,174,t_8_16,150.0,0.0,0.0,2.0,0.9800917712983312,0.816951203069558,0.78436,0,1,stable
128__1800_1800,175,t_8_16,120.0,0.0,0.0,1.0,,0.8330696962831051,0.78436,0,1,stable
128__1800_1800,176,t_8_16,88.0,0.0,0.0,1.0,,0.7462858877581843,0.78436,0,0,stable
136__600_1200,0,t_8_16,80.0,0.5,0.5,0.0,,0.5064920266857408,0.82602,0,0,mild
136__600_1200,1,s_16_32,392.0002136230469,0.0,0.0,10.0,0.9736858091195814,0.7075470357142848,0.82602,0,0,stable
136__600_1200,2,t_8_16,240.0,0.0,0.0,3.0,0.9857880216597296,0.7499094741568791,0.82602,0,0,stable
136__600_1200,3,t_8_16,180.0,0.0,0.0,3.0,0.9461268813557874,0.6917017990035277,0.82602,0,0,stable
136__600_1200,4,t_8_16,200.0,0.0,0.0,2.0,0.9274914381924866,0.8164889300095691,0.82602,0,1,stable
136__600_1200,5,s_16_32,264.0,0.0,0.0,5.0,0.9434697482017079,0.7897718263066323,0.82602,0,1,stable
136__600_1200,6,t_8_16,175.9998779296875,0.0,0.0,3.0,0.9941442407280393,0.6645927663893043,0.82602,0,0,stable
136__600_1200,7,t_8_16,159.9993896484375,0.0,0.0,2.0,0.988466260136412,0.8550446758825412,0.82602,0,1,stable
136__600_1200,8,t_8_16,144.0,0.0,0.0,3.0,0.9668179016933839,0.8590760599343606,0.82602,0,1,stable
136__600_1200,9,t_8_16,128.0,0.25,0.25,3.0,0.9975918502621292,0.693112542119925,0.82602,0,0,mild
136__600_1200,10,t_8_16,240.0,0.0,0.0,4.0,0.9822353917446663,0.7897435085035172,0.82602,0,1,stable
136__600_1200,11,t_8_16,96.0,0.0,0.0,2.0,0.9664059007279427,0.7040570849484475,0.82602,0,0,stable
136__600_1200,12,t_8_16,112.0,0.25,0.25,2.0,0.9977834277239169,0.8191476371677617,0.82602,0,1,mild
136__600_1200,13,t_8_16,140.0,0.0,0.0,2.0,0.9901672938800936,0.7213789924426026,0.82602,0,0,stable
136__600_1200,14,t_8_16,120.0,0.0,0.0,2.0,0.9990122129019375,0.8329904372229467,0.82602,0,1,stable
136__600_1200,15,t_8_16,168.0,0.0,0.0,3.0,0.7626495706736307,0.7205456315268457,0.82602,0,0,stable
136__600_1200,16,t_8_16,120.0,0.0,0.0,2.0,0.9961205232929592,0.47973896468627236,0.82602,1,0,stable
136__600_1200,17,t_8_16,96.0,0.0,0.0,4.0,0.9926396153889734,0.6868983432518493,0.82602,0,0,stable
136__600_1200,18,t_8_16,240.0,0.0,0.0,4.0,0.8092086037186311,0.5597799658756547,0.82602,0,0,stable
136__600_1200,19,s_16_32,264.0,0.0,0.0,5.0,0.7221517444425903,0.7065003409090882,0.82602,0,0,stable
136__600_1200,20,t_8_16,180.0,0.25,0.0,4.0,0.5916976653350794,0.682206114029033,0.82602,0,0,mild
136__600_1200,21,t_8_16,112.0,0.5,0.5,2.0,0.0025268497195928712,0.743383765860908,0.82602,0,0,mild
136__600_1200,22,t_8_16,140.0,0.25,0.0,3.0,0.9649617028892181,0.6355685732627676,0.82602,0,0,mild
136__600_1200,23,t_8_16,216.0,0.0,0.0,3.0,0.9956485923738406,0.5960349103671034,0.82602,0,0,stable
136__600_1200,24,t_8_16,153.0,0.5,0.0,2.0,0.10859931158196438,0.6012639030821983,0.82602,0,0,mild
136__600_1200,25,t_8_16,127.99951171875,0.25,0.25,2.0,0.9843549331956699,0.8416204904210518,0.82602,0,1,mild
136__600_1200,26,t_8_16,112.0,0.25,0.25,3.0,0.8155152090487637,0.6515650554810855,0.82602,0,0,mild
136__600_1200,27,t_8_16,143.99945068359375,0.0,0.0,3.0,0.9833347473428504,0.6506439305555589,0.82602,0,0,stable
136__600_1200,28,t_8_16,126.0,0.0,0.0,1.0,,0.8925242578976996,0.82602,0,1,stable
136__600_1200,29,t_8_16,96.0,0.25,0.25,2.0,0.9952875442617833,0.8371068096587709,0.82602,0,1,mild
136__600_1200,30,t_8_16,128.0,0.0,0.0,2.0,0.9879662687362444,0.829587070312506,0.82602,0,1,stable
136__600_1200,31,t_8_16,84.0,0.0,0.0,3.0,0.9704525901719178,0.7471084180643927,0.82602,0,0,stable
136__600_1200,32,t_8_16,144.0,0.0,0.0,2.0,0.9837563560125988,0.6116819499157674,0.82602,0,0,stable
136__600_1200,33,t_8_16,149.9993896484375,0.0,0.0,2.0,0.9857792653197219,0.7057668601496657,0.82602,0,0,stable
136__600_1200,34,t_8_16,128.0,0.0,0.0,2.0,0.9989111050712863,0.7438247121191974,0.82602,0,0,stable
136__600_1200,35,t_8_16,84.0,0.0,0.0,3.0,0.9994459887124212,0.6504908185544143,0.82602,0,0,stable
136__600_1200,36,t_8_16,88.0,0.0,0.0,1.0,,0.5876733589662206,0.82602,0,0,stable
136__600_1200,37,t_8_16,168.0,0.0,0.0,5.0,0.9247086451548701,0.6060881540291133,0.82602,0,0,stable
136__600_1200,38,t_8_16,112.0,0.0,0.0,2.0,0.995633990366543,0.6508045594026036,0.82602,0,0,stable
136__600_1200,39,t_8_16,112.0,0.0,0.0,1.0,,0.8364808664412212,0.82602,0,1,stable
136__600_1200,41,t_8_16,80.0,0.25,0.25,1.0,,0.6768296012981225,0.82602,0,0,mild
136__600_1200,42,s_16_32,456.0,0.0,0.0,8.0,0.8894409361204105,0.14705343301600904,0.82602,1,0,stable
136__600_1200,43,t_8_16,156.0,0.0,0.0,5.0,0.3135761890009239,0.797925075434007,0.82602,0,1,stable
136__600_1200,44,t_8_16,84.0,0.0,0.0,3.0,0.9929364095715488,0.8233081205411505,0.82602,0,1,stable
136__600_1200,45,t_8_16,224.0,0.25,0.0,5.0,0.5801257910203543,0.3764011607142838,0.82602,1,0,mild
136__600_1200,46,t_8_16,252.0,0.0,0.0,3.0,0.9799211946772844,0.6087800460777034,0.82602,0,0,stable
136__600_1200,47,t_8_16,168.0,0.0,0.0,3.0,0.9923667210419734,0.6376868341956643,0.82602,0,0,stable
136__600_1200,48,s_16_32,312.0,0.0,0.0,5.0,0.9952236627298435,0.737035,0.82602,0,0,stable
136__600_1200,49,t_8_16,108.0,0.0,0.0,6.0,0.584800013286412,0.6710012720788602,0.82602,0,0,stable
136__600_1200,50,t_8_16,96.0,0.0,0.0,5.0,0.9955367745464787,0.7768239457305848,0.82602,0,1,stable
136__600_1200,51,t_8_16,128.0,0.0,0.0,2.0,0.9450126408340555,0.7269912890846038,0.82602,0,0,stable
136__600_1200,52,t_8_16,96.0,0.0,0.0,2.0,0.9908483182168245,0.6456938947073749,0.82602,0,0,stable
136__600_1200,53,t_8_16,96.00004577636719,0.0,0.0,3.0,0.9959218402148472,0.7172010297452852,0.82602,0,0,stable
136__600_1200,54,t_8_16,80.0,0.25,0.0,2.0,0.8978409963280983,0.738413883583925,0.82602,0,0,mild
136__600_1200,55,t_8_16,128.0,0.0,0.0,2.0,0.9979873654315295,0.7489060538968445,0.82602,0,0,stable
136__600_1200,56,t_8_16,98.0,0.0,0.0,5.0,0.9564118953049433,0.6929866589453946,0.82602,0,0,stable
136__600_1200,58,t_8_16,96.0,0.0,0.0,2.0,0.98238569926082,0.739473325755635,0.82602,0,0,stable
136__600_1200,59,t_8_16,83.9996337890625,0.0,0.0,4.0,0.8040520019248025,0.5601125678708646,0.82602,0,0,stable
136__600_1200,60,s_16_32,532.0,0.0,0.0,8.0,0.9973686494771254,0.8652176029238059,0.82602,0,1,stable
136__600_1200,61,t_8_16,72.0,0.0,0.0,3.0,0.9598601513859125,0.6714844118857405,0.82602,0,0,stable
136__600_1200,62,t_8_16,84.0,0.25,0.0,5.0,0.9594242079233968,0.5285659044035741,0.82602,0,0,mild
136__600_1200,63,t_8_16,160.0,0.0,0.0,2.0,0.9837866855352262,0.8706611381865975,0.82602,0,1,stable
136__600_1200,64,t_8_16,72.0,0.0,0.0,5.0,0.8894087469596325,0.7448285475375802,0.82602,0,0,stable
136__600_1200,65,t_8_16,126.0000171661377,0.0,0.0,3.0,0.9955792125681173,0.698272584784081,0.82602,0,0,stable
136__600_1200,66,s_16_32,288.0,0.0,0.0,6.0,0.9955241466706709,0.7740595247458367,0.82602,0,1,stable
136__600_1200,67,t_8_16,72.0,0.0,0.0,3.0,0.9940451715117223,0.9124767128662697,0.82602,0,1,stable
136__600_1200,68,t_8_16,128.0,0.0,0.0,3.0,0.9981775813341031,0.8839908885655772,0.82602,0,1,stable
136__600_1200,69,t_8_16,111.99951171875,0.0,0.0,2.0,0.993249298227655,0.8088816785714312,0.82602,0,1,stable
136__600_1200,70,t_8_16,96.0,0.0,0.0,2.0,0.7411026893130388,0.727180624999995,0.82602,0,0,stable
136__600_1200,71,t_8_16,112.0,0.0,0.0,3.0,0.9852075193921161,0.8683109999535735,0.82602,0,1,stable
136__600_1200,72,s_16_32,576.0,0.0,0.0,9.0,0.992678510559936,0.7807387959012492,0.82602,0,1,stable
136__600_1200,73,s_16_32,476.0,0.0,0.0,6.0,0.9893880981214804,0.788968644820543,0.82602,0,1,stable
136__600_1200,74,t_8_16,180.0,0.25,0.0,5.0,0.9593166723287055,0.6597941000000024,0.82602,0,0,mild
136__600_1200,75,t_8_16,191.99853515625,0.0,0.0,7.0,0.6941108503891804,0.6910257155449129,0.82602,0,0,stable
136__600_1200,76,s_16_32,527.9999542236328,0.0,0.0,10.0,0.9717345237376716,0.7846217375523088,0.82602,0,1,stable
136__600_1200,77,t_8_16,65.9996337890625,0.25,0.0,4.0,0.8402589322825641,0.8170669889554474,0.82602,0,1,mild
1384__3000_2400,0,s_16_32,880.0,0.0,0.0,10.0,0.9743132175780513,0.9455768849573818,0.9063,0,1,stable
1384__3000_2400,1,s_16_32,648.0001373291016,0.0,0.0,8.0,0.9785380319595162,0.9170502756351924,0.9063,0,1,stable
1384__3000_2400,2,s_16_32,720.0,0.0,0.0,10.0,0.9908818279466239,0.9644178083102102,0.9063,0,1,stable
1384__3000_2400,3,t_8_16,96.0,0.25,0.25,1.0,,0.8687926875,0.9063,0,1,mild
1384__3000_2400,4,t_8_16,96.0,0.0,0.0,2.0,0.9628233928073413,0.9135782178513882,0.9063,0,1,stable
1384__3000_2400,5,t_8_16,140.0,0.0,0.0,3.0,0.9974930153256537,0.823161785714288,0.9063,0,1,stable
1384__3000_2400,6,t_8_16,96.0,0.25,0.25,1.0,,0.9365863878334227,0.9063,0,1,mild
1384__3000_2400,7,t_8_16,112.0,0.0,0.0,2.0,0.9974352941416429,0.8489562738402111,0.9063,0,1,stable
1384__3000_2400,8,t_8_16,112.0,0.25,0.25,2.0,0.7690152440853144,0.7873751880317206,0.9063,0,1,mild
1384__3000_2400,9,t_8_16,128.0,0.25,0.25,2.0,0.9870125446652579,0.9029536718750014,0.9063,0,1,mild
1384__3000_2400,10,t_8_16,240.0,0.0,0.0,4.0,0.998463067884412,0.9090688016700872,0.9063,0,1,stable
1384__3000_2400,11,t_8_16,160.0,0.0,0.0,2.0,0.9038702489645843,0.6558608526126705,0.9063,0,0,stable
1384__3000_2400,12,s_16_32,672.0,0.0,0.0,8.0,0.995466923514425,0.945129075365389,0.9063,0,1,stable
1384__3000_2400,13,s_16_32,755.9993591308594,0.0,0.0,10.0,0.9988540727221686,0.9383294646658653,0.9063,0,1,stable
1384__3000_2400,14,t_8_16,96.0,0.0,0.0,4.0,0.8028798289641591,0.7025991313420704,0.9063,0,0,stable
1384__3000_2400,15,t_8_16,180.0,0.0,0.0,2.0,0.9922578309614022,0.8391025166347528,0.9063,0,1,stable
1384__3000_2400,16,t_8_16,96.0,0.25,0.0,4.0,0.21862295252244424,0.7616241245240495,0.9063,0,1,mild
1384__3000_2400,17,t_8_16,160.0,0.0,0.0,2.0,0.9875989886166425,0.8124885312499905,0.9063,0,1,stable
1384__3000_2400,18,s_16_32,792.0,0.0,0.0,10.0,0.9937188331272371,0.9130819488442492,0.9063,0,1,stable
1384__3000_2400,19,t_8_16,96.0,0.0,0.0,3.0,0.9104093825154385,0.7777145002657855,0.9063,0,1,stable
1384__3000_2400,20,t_8_16,96.0,0.0,0.0,2.0,0.9964347954589338,0.8204994890023147,0.9063,0,1,stable
1384__3000_2400,21,t_8_16,140.0,0.0,0.0,2.0,0.9792757961942264,0.7214549550941659,0.9063,0,0,stable
1384__3000_2400,22,s_16_32,960.0,0.0,0.0,10.0,0.9714706559136128,0.0,0.9063,1,0,stable
1385__2897_2400,0,t_8_16,168.0,0.0,0.0,4.0,0.9573418126693402,0.7675186626838923,0.78694,0,1,stable
1397__1200_1200,0,t_8_16,159.99999046325684,0.25,0.0,5.0,0.9419631921149256,0.8182151213004987,0.79157,0,1,mild
1397__1200_1200,1,s_16_32,288.0,0.0,0.0,6.0,0.9863753859569089,0.636517180555555,0.79157,0,0,stable
1397__1200_1200,2,s_16_32,396.0,0.0,0.0,10.0,0.9138534900085774,0.8087853186775743,0.79157,0,1,stable
1397__1200_1200,3,s_16_32,320.00030517578125,0.0,0.0,5.0,0.9733790815384136,0.8249901362146835,0.79157,0,1,stable
1397__1200_1200,4,t_8_16,120.0,0.0,0.0,1.0,,0.5838529732433192,0.79157,0,0,stable
1397__1200_1200,5,t_8_16,120.0,0.0,0.0,2.0,0.9879827822280428,0.800251649448483,0.79157,0,1,stable
1397__1200_1200,6,t_8_16,96.0,0.0,0.0,1.0,,0.6622708477003318,0.79157,0,0,stable
1397__1200_1200,7,t_8_16,96.0,0.0,0.0,1.0,,0.7321012909377587,0.79157,0,0,stable
1397__1200_1200,8,t_8_16,112.0,0.25,0.25,2.0,0.6437118941986971,0.7948840345559581,0.79157,0,1,mild
1397__1200_1200,9,t_8_16,84.0,0.0,0.0,1.0,0.995467881577262,0.7116237275060283,0.79157,0,0,stable
1397__1200_1200,11,t_8_16,140.0008544921875,0.0,0.0,4.0,0.697181475034508,0.9412710235250785,0.79157,0,1,stable
1397__1200_1200,12,t_8_16,120.000732421875,0.0,0.0,2.0,0.9766648257500795,0.8004901537250246,0.79157,0,1,stable
1397__1200_1200,13,t_8_16,140.0008544921875,0.0,0.0,2.0,0.9905579074577836,0.6657875904714435,0.79157,0,0,stable
1397__1200_1200,14,t_8_16,196.0,0.0,0.0,5.0,0.93069955267644,0.6275264234693873,0.79157,0,0,stable
1397__1200_1200,15,t_8_16,140.0008544921875,0.0,0.0,3.0,0.973744807267623,0.8533811616041276,0.79157,0,1,stable
1397__1200_1200,16,t_8_16,160.0009765625,0.0,0.0,3.0,0.9930408918555427,0.7994189550306168,0.79157,0,1,stable
1397__1200_1200,17,t_8_16,168.0,0.0,0.0,4.0,0.9749271825296586,0.8340341176937865,0.79157,0,1,stable
1397__1200_1200,18,t_8_16,160.0009765625,0.0,0.0,3.0,0.984187094144214,0.8191868399025285,0.79157,0,1,stable
1397__1200_1200,19,t_8_16,160.0,0.0,0.0,2.0,0.9358841194199412,0.6511587746893848,0.79157,0,0,stable
1397__1200_1200,20,t_8_16,140.0008544921875,0.0,0.0,5.0,0.9183364732150103,0.8885998059348348,0.79157,0,1,stable
1397__1200_1200,21,t_8_16,120.0,0.0,0.0,2.0,0.9988436601425641,0.8388388880771986,0.79157,0,1,stable
1397__1200_1200,22,t_8_16,224.0,0.0,0.0,5.0,0.9228290485392121,0.5240675714285681,0.79157,0,0,stable
1397__1200_1200,23,t_8_16,196.0,0.0,0.0,3.0,0.9978852072084304,0.6723538020021409,0.79157,0,0,stable
1397__1200_1200,24,t_8_16,168.0,0.0,0.0,3.0,0.8568741548528958,0.8122275027226272,0.79157,0,1,stable
1397__1200_1200,25,t_8_16,144.0,0.0,0.0,2.0,0.9978858499668865,0.7118618415878907,0.79157,0,0,stable
1397__1200_1200,26,t_8_16,96.0,0.25,0.25,2.0,0.976369663864436,0.7104856482274987,0.79157,0,0,mild
1397__1200_1200,27,t_8_16,224.0,0.0,0.0,4.0,0.9774455420901791,0.7138382351094366,0.79157,0,0,stable
1397__1200_1200,28,t_8_16,140.0,0.0,0.0,2.0,0.8731907077550388,0.7934494750717735,0.79157,0,1,stable
1397__1200_1200,29,t_8_16,200.0,0.0,0.0,2.0,0.9942996800705446,0.7130801629705631,0.79157,0,0,stable
1397__1200_1200,30,t_8_16,160.0,0.25,0.0,4.0,0.30334714246565503,0.7873205236406322,0.79157,0,1,mild
1397__1200_1200,31,t_8_16,160.0006713848561,0.0,0.0,2.0,0.9988662974105337,0.8391784827022737,0.79157,0,1,stable
1397__1200_1200,32,t_8_16,164.99977111816406,0.0,0.0,3.0,0.9534853372894262,0.7884558646712716,0.79157,0,1,stable
1397__1200_1200,33,t_8_16,186.99974060058594,0.25,0.0,5.0,0.6449044875057686,0.6270037647058873,0.79157,0,0,mild
1397__1200_1200,34,t_8_16,204.0,0.0,0.0,3.0,0.9656871297544134,0.5965853115424479,0.79157,0,0,stable
1397__1200_1200,35,s_16_32,272.0,0.0,0.0,5.0,0.9882648336463425,0.6737350487217042,0.79157,0,0,stable
1397__1200_1200,36,t_8_16,254.99896240234375,0.0,0.0,5.0,0.9296597894816854,0.5769166980392166,0.79157,0,0,stable
1397__1200_1200,37,t_8_16,150.0,0.0,0.0,2.0,0.9868336429110666,0.6493625610816872,0.79157,0,0,stable
1397__1200_1200,38,t_8_16,195.0,0.0,0.0,4.0,0.9345986776818277,0.6646013683297353,0.79157,0,0,stable
1397__1200_1200,39,t_8_16,153.99932861328125,0.0,0.0,2.0,0.9288426541203904,0.7816983763401234,0.79157,0,1,stable
1397__1200_1200,40,s_16_32,285.0,0.0,0.0,6.0,0.929609413594926,0.5779154222491125,0.79157,0,0,stable
1397__1200_1200,41,t_8_16,130.0,0.0,0.0,2.0,0.9958789459450387,0.6976859597532556,0.79157,0,0,stable
1397__1200_1200,42,t_8_16,135.0,0.25,0.0,3.0,0.9372142228322187,0.7571237208411861,0.79157,0,1,mild
1397__1200_1200,43,s_16_32,299.9995422363281,0.5,0.0,7.0,0.0463258395632817,0.21103578185500368,0.79157,1,0,mild
1397__1200_1200,44,t_8_16,143.99945068359375,0.0,0.0,2.0,0.9882476350454804,0.6337134039705012,0.79157,0,0,stable
1397__1200_1200,45,t_8_16,210.0,0.0,0.0,5.0,0.5448807277529334,0.6159407714285757,0.79157,0,0,stable
1397__1200_1200,46,t_8_16,150.00091552734375,0.0,0.0,5.0,0.9641920197396726,0.6106717995476136,0.79157,0,0,stable
1406__1800_600,0,s_16_32,384.0,0.0,0.0,7.0,0.9636588217637515,0.8828598071270848,0.82786,0,1,stable
1406__1800_600,1,t_8_16,100.0,0.0,0.0,2.0,0.9986487160752293,0.9176019442001787,0.82786,0,1,stable
1406__1800_600,2,t_8_16,140.00015258789062,0.25,0.0,2.0,0.9249678942832035,0.7301142742854327,0.82786,0,0,mild
1406__1800_600,3,t_8_16,96.0,0.25,0.25,2.0,0.9932741060970536,0.9016448777944744,0.82786,0,1,mild
1406__1800_600,4,t_8_16,160.0,0.25,0.0,3.0,0.939126505412207,0.8479792350896813,0.82786,0,1,mild
1406__1800_600,5,t_8_16,220.0,0.0,0.0,3.0,0.9351629573144757,0.8134503272727307,0.82786,0,1,stable
1406__1800_600,6,t_8_16,112.0,0.0,0.0,2.0,0.9692146125803373,0.7930419642857215,0.82786,0,1,stable
1406__1800_600,7,t_8_16,168.0,0.0,0.0,3.0,0.9439592408183267,0.8444028511904754,0.82786,0,1,stable
1406__1800_600,8,t_8_16,111.99951171898283,0.0,0.0,5.0,0.9751747499996972,0.8944732558007108,0.82786,0,1,stable
1406__1800_600,9,t_8_16,140.0,0.0,0.0,2.0,0.9853752662919631,0.6667372786833274,0.82786,0,0,stable
1406__1800_600,10,t_8_16,128.0,0.0,0.0,2.0,0.962129626784152,0.5600431978853071,0.82786,0,0,stable
1406__1800_600,11,t_8_16,110.00030517578125,0.0,0.0,1.0,,0.7645337994568043,0.82786,0,1,stable
1406__1800_600,12,t_8_16,120.0,0.5,0.0,5.0,0.3865594306279674,0.0,0.82786,1,0,mild
1406__1800_600,13,t_8_16,239.9996337890625,0.0,0.0,5.0,0.9859731205064437,0.7821761403712562,0.82786,0,1,stable
1406__600_1800,0,t_8_16,79.99984741210938,0.0,0.0,3.0,0.9652106940582502,0.4256546035288282,0.80384,1,0,stable
1406__600_1800,1,t_8_16,104.0,0.0,0.0,3.0,0.975070555719618,0.7884273330442826,0.80384,0,1,stable
1406__600_1800,2,s_16_32,352.0,0.0,0.0,4.0,0.9988785431584509,0.9180537933515887,0.80384,0,1,stable
1406__600_1800,3,t_8_16,190.0,0.0,0.0,3.0,0.9856889783336582,0.8068245994928632,0.80384,0,1,stable
1420__1800_0,0,t_8_16,180.0,0.0,0.0,3.0,0.9997734633897942,0.5661487624054784,0.81752,0,0,stable
1420__1800_0,1,t_8_16,120.0,0.0,0.0,4.0,0.9353743255001763,0.6877925274193035,0.81752,0,0,stable
1420__1800_0,2,t_8_16,180.0,0.25,0.0,3.0,0.4904729126527499,0.6770973333333316,0.81752,0,0,mild
1420__1800_0,3,t_8_16,72.0,0.0,0.0,4.0,0.7533541079748803,0.4179117299706427,0.81752,1,0,stable
1420__1800_0,4,t_8_16,119.99998092651367,0.0,0.0,1.0,,0.2727608322416261,0.81752,1,0,stable
1420__1800_0,5,t_8_16,200.0,0.0,0.0,3.0,0.9745655507101205,0.6545412499999927,0.81752,0,0,stable
1420__1800_0,6,t_8_16,216.0,0.0,0.0,4.0,0.9484108915812256,0.7073871005108724,0.81752,0,0,stable
1420__1800_0,7,t_8_16,70.0,0.0,0.0,0.0,,0.8171511329713506,0.81752,0,1,stable
1420__1800_0,8,t_8_16,144.0,0.0,0.0,3.0,0.8454983794398861,0.8130614695421573,0.81752,0,1,stable
1420__1800_0,10,t_8_16,168.0,0.0,0.0,3.0,0.9909102071551822,0.6609041464058285,0.81752,0,0,stable
1420__1800_0,11,t_8_16,180.0,0.0,0.0,3.0,0.9728445870967585,0.721031323833516,0.81752,0,0,stable
1420__1800_0,12,s_16_32,264.0,0.0,0.0,3.0,0.9799264125304631,0.5003102424242387,0.81752,0,0,stable
1420__1800_0,13,t_8_16,192.0,0.0,0.0,3.0,0.9798082926382129,0.6948803690425672,0.81752,0,0,stable
1420__1800_0,15,t_8_16,192.0,0.0,0.0,2.0,0.9499201552442629,0.5083320508942264,0.81752,0,0,stable
1420__1800_0,16,t_8_16,200.0,0.25,0.25,5.0,0.6584941956016097,0.5618775899999952,0.81752,0,0,mild
1420__1800_0,17,t_8_16,180.0,0.0,0.0,2.0,0.9747568825894395,0.5605161838893226,0.81752,0,0,stable
1420__1800_0,18,s_16_32,308.0,0.0,0.0,5.0,0.9034747424277335,0.38662167672584796,0.81752,1,0,stable
1420__1800_0,19,s_16_32,360.0,0.0,0.0,6.0,0.6869405139551219,0.4225738277777773,0.81752,1,0,stable
1420__1800_0,20,t_8_16,128.0,0.0,0.0,3.0,0.9767291171355139,0.7276920304102757,0.81752,0,0,stable
1420__1800_0,21,t_8_16,251.9989013671875,0.0,0.0,6.0,0.9889252180931352,0.48272078245813066,0.81752,1,0,stable
1420__1800_0,22,t_8_16,216.0,0.0,0.0,4.0,0.9716964465549169,0.6567981525360799,0.81752,0,0,stable
1420__1800_0,23,t_8_16,252.0,0.0,0.0,4.0,0.9319638776159757,0.0,0.81752,1,0,stable
1420__1800_0,24,t_8_16,220.0,0.25,0.0,3.0,0.35361757957367135,0.593418636363637,0.81752,0,0,mild
1420__1800_0,25,t_8_16,180.0,0.0,0.0,3.0,0.9937153183051077,0.8201831552438755,0.81752,0,1,stable
1420__1800_0,26,s_16_32,280.0,0.0,0.0,3.0,0.9951497773510891,0.43888522142857334,0.81752,1,0,stable
1420__1800_0,27,t_8_16,216.0,0.0,0.0,3.0,0.9660066455407277,0.5631078240740766,0.81752,0,0,stable
1420__1800_0,28,t_8_16,144.0,0.25,0.25,0.0,,0.45995483205386567,0.81752,1,0,mild
1420__1800_0,29,t_8_16,128.0,0.0,0.0,1.0,0.9999848016698266,0.8011694619175721,0.81752,0,1,stable
1420__1800_0,30,t_8_16,128.0,0.0,0.0,3.0,0.9900654378602287,0.6739679865206427,0.81752,0,0,stable
1420__1800_0,31,t_8_16,200.0,0.0,0.0,3.0,0.9452036190731692,0.48842456088392816,0.81752,1,0,stable
1420__1800_0,32,t_8_16,168.0,0.25,0.25,2.0,0.6972454886311973,0.6116686551102988,0.81752,0,0,mild
1420__1800_0,33,t_8_16,100.0,0.0,0.0,1.0,,0.6223208900060019,0.81752,0,0,stable
1420__1800_0,34,s_16_32,760.0,0.3333333333333333,0.0,10.0,0.009889699904838177,0.7729490526315755,0.81752,0,1,mild
1420__1800_0,35,t_8_16,160.0,0.25,0.0,5.0,0.8714188903997538,0.7067752124999968,0.81752,0,0,mild
1420__1800_0,36,t_8_16,96.0,0.0,0.0,1.0,,0.711354474035191,0.81752,0,0,stable
1420__1800_0,37,t_8_16,140.0,0.0,0.0,1.0,,0.7768700217880801,0.81752,0,1,stable
1420__1800_0,38,t_8_16,159.9993896484375,0.0,0.0,3.0,0.9907477299913257,0.8477762404818332,0.81752,0,1,stable
1420__1800_0,39,t_8_16,140.0,0.0,0.0,3.0,0.9610541693604772,0.6832550524870946,0.81752,0,0,stable
1420__1800_0,40,t_8_16,255.9990234375,0.0,0.0,5.0,0.9701608041263604,0.5859441611232657,0.81752,0,0,stable
1420__1800_0,41,t_8_16,64.0,0.0,0.0,4.0,0.9497713624890187,0.3351535993359838,0.81752,1,0,stable
1420__1800_0,42,t_8_16,108.0,0.0,0.0,2.0,0.9883012910470179,0.5706909311322292,0.81752,0,0,stable
1420__1800_0,43,t_8_16,144.0,0.0,0.0,3.0,0.9275872506983707,0.6538078649246782,0.81752,0,0,stable
1420__1800_0,44,t_8_16,160.0,0.25,0.0,5.0,0.5489237903624395,0.8572996874999975,0.81752,0,1,mild
1420__1800_0,45,t_8_16,196.0,0.0,0.0,3.0,0.9687672301408121,0.7335553068947711,0.81752,0,0,stable
1420__1800_0,46,t_8_16,143.9998779296875,0.0,0.0,2.0,0.9769526181741304,0.7830431419871222,0.81752,0,1,stable
1420__1800_0,47,t_8_16,160.0,0.0,0.0,4.0,0.886208203118229,0.715960095074547,0.81752,0,0,stable
1420__1800_0,48,t_8_16,180.0000762939453,0.0,0.0,2.0,0.9694949770092702,0.6334477912860608,0.81752,0,0,stable
1420__1800_0,49,t_8_16,200.0,0.0,0.0,3.0,0.9631634589646829,0.6421288195882319,0.81752,0,0,stable
1420__1800_0,50,t_8_16,199.9993896484375,0.0,0.0,3.0,0.9615056785477017,0.6734865017750251,0.81752,0,0,stable
1420__1800_0,51,t_8_16,120.0,0.0,0.0,2.0,0.9860296454177543,0.5658925327709047,0.81752,0,0,stable
1420__1800_0,52,t_8_16,175.99996948242188,0.0,0.0,4.0,0.9229411004785032,0.5448797251686687,0.81752,0,0,stable
1420__1800_0,53,t_8_16,143.0,0.0,0.0,2.0,0.9943461655741603,0.7461004409726476,0.81752,0,0,stable
1420__1800_0,54,s_16_32,285.0,0.0,0.0,8.0,0.8286245877768583,0.4269916215716473,0.81752,1,0,stable
1420__1800_0,55,t_8_16,168.0,0.0,0.0,2.0,0.9577642572668109,0.7907398727237089,0.81752,0,1,stable
1420__1800_0,56,t_8_16,240.0,0.25,0.0,3.0,0.503607220064254,0.48354895833333117,0.81752,1,0,mild
1420__1800_0,57,t_8_16,224.0,0.0,0.0,5.0,0.9484307571266162,0.5996380554236547,0.81752,0,0,stable
1420__1800_0,58,t_8_16,237.99994659423828,0.0,0.0,5.0,0.20293391919126097,0.5655852941176449,0.81752,0,0,stable
1420__1800_0,59,s_16_32,357.0,0.0,0.0,4.0,0.8747706740818186,0.4012527030812338,0.81752,1,0,stable
1420__1800_0,60,t_8_16,132.0,0.0,0.0,1.0,,0.7090793427496201,0.81752,0,0,stable
1420__1800_0,61,t_8_16,160.0000762939453,0.0,0.0,3.0,0.8133301176436741,0.8062355077512321,0.81752,0,1,stable
1420__1800_0,62,t_8_16,195.0001983642578,0.0,0.0,4.0,0.9670129612379001,0.6976394352285119,0.81752,0,0,stable
1430__1200_600,1,t_8_16,96.0,0.0,0.0,1.0,,0.6984401988648709,0.80038,0,0,stable
1430__1200_600,2,t_8_16,84.0,0.0,0.0,4.0,0.9884437663618758,0.7992554787439093,0.80038,0,1,stable
1430__1200_600,3,t_8_16,112.0,0.0,0.0,2.0,0.9891026528989916,0.6980424560636401,0.80038,0,0,stable
1430__1200_600,4,t_8_16,112.0,0.0,0.0,3.0,0.9869987930074011,0.7336742218923994,0.80038,0,0,stable
1430__1200_600,5,t_8_16,72.0,0.25,0.0,5.0,0.909075706217518,0.6573756959622797,0.80038,0,0,mild
1430__1200_600,6,t_8_16,66.0,0.0,0.0,2.0,0.976090211444026,0.6476053421111274,0.80038,0,0,stable
1430__1200_600,7,t_8_16,168.0,0.0,0.0,3.0,0.9561637094976221,0.6527586250000061,0.80038,0,0,stable
1430__1200_600,9,t_8_16,72.0003662109375,0.25,0.0,2.0,0.206805924180397,0.7056295023694947,0.80038,0,0,mild
1430__1200_600,10,t_8_16,128.0,0.0,0.0,2.0,0.9831982890515291,0.7808765865183149,0.80038,0,1,stable
1430__1200_600,11,t_8_16,231.99826049781404,0.25,0.0,9.0,0.3012161305281373,0.6797067464586578,0.80038,0,0,mild
1430__1200_600,12,t_8_16,128.0,0.0,0.0,3.0,0.9621369780190303,0.6975792771620816,0.80038,0,0,stable
1430__1200_600,13,t_8_16,112.0,0.0,0.0,1.0,0.9991724575007825,0.024337202348933527,0.80038,1,0,stable
1430__1200_600,15,t_8_16,111.99957275390625,0.0,0.0,4.0,0.9832193633928815,0.7105626725919588,0.80038,0,0,stable
1430__1200_600,16,t_8_16,99.99969482421875,0.25,0.25,1.0,,0.047632158153412416,0.80038,1,0,mild
1430__1200_600,17,t_8_16,96.0,0.0,0.0,1.0,,0.684797732016696,0.80038,0,0,stable
1430__1200_600,18,t_8_16,112.0001220703125,0.25,0.25,2.0,0.9851141042457452,0.8662123580305103,0.80038,0,1,mild
1430__1200_600,19,t_8_16,83.99957275390625,0.5,0.5,5.0,0.15729221154957856,0.0,0.80038,1,0,mild
1430__1200_600,22,t_8_16,80.0,0.25,0.25,1.0,,0.650260640736871,0.80038,0,0,mild
1430__1200_600,23,t_8_16,96.0,0.75,0.75,0.0,,0.05701067212125216,0.80038,1,0,high
1430__1200_600,24,t_8_16,80.0,0.25,0.25,0.0,,0.5869636690868411,0.80038,0,0,mild
1430__1200_600,27,t_8_16,119.99951171921566,0.0,0.0,1.0,,0.08852744956904533,0.80038,1,0,stable
1430__1200_600,28,t_8_16,95.99957275437191,0.25,0.0,3.0,0.3941281626397596,0.6634882108558613,0.80038,0,0,mild
1430__1200_600,29,t_8_16,96.0,0.0,0.0,1.0,,0.6977519294055758,0.80038,0,0,stable
1430__1200_600,30,t_8_16,140.0,0.0,0.0,1.0,0.9999999820865059,0.7957511588398785,0.80038,0,1,stable
1430__1200_600,31,t_8_16,112.0,0.0,0.0,2.0,0.8190007722163848,0.72369814733188,0.80038,0,0,stable
1430__1200_600,32,t_8_16,72.0,0.25,0.0,2.0,0.4742118248121137,0.5206903498757646,0.80038,0,0,mild
1430__1200_600,33,t_8_16,84.0,0.0,0.0,3.0,0.9505896678339496,0.707082081481756,0.80038,0,0,stable
1430__1200_600,35,t_8_16,108.0010986328125,0.25,0.0,5.0,0.2564926135653365,0.5930512468878388,0.80038,0,0,mild
1430__1200_600,36,t_8_16,96.0009765625,0.0,0.0,4.0,0.9851053719950698,0.6410018431473831,0.80038,0,0,stable
1430__1200_600,38,t_8_16,96.0009765625,0.0,0.0,4.0,0.9828529674489599,0.6377284228282142,0.80038,0,0,stable
1430__1200_600,39,t_8_16,112.0,0.0,0.0,1.0,,0.7279289803667703,0.80038,0,0,stable
1430__1200_600,40,t_8_16,128.0,0.25,0.25,3.0,0.9541394594853153,0.7235837815518253,0.80038,0,0,mild
1430__1200_600,41,t_8_16,96.0,0.0,0.0,5.0,0.9959569926016946,0.7283340396702627,0.80038,0,0,stable
1430__1200_600,42,t_8_16,112.0,0.25,0.25,2.0,0.9930550978201889,0.912848942944582,0.80038,0,1,mild
1430__1200_600,43,t_8_16,95.99951171875,0.5,0.0,5.0,0.045365948842448454,0.8501439826643553,0.80038,0,1,mild
1430__1200_600,44,t_8_16,84.0,0.0,0.0,4.0,0.9698351409885738,0.6718725743095312,0.80038,0,0,stable
1430__1200_600,45,t_8_16,180.0,0.25,0.25,2.0,0.909992558243234,0.5697899943208072,0.80038,0,0,mild
1430__1200_600,46,t_8_16,132.0,0.0,0.0,8.0,0.9225330496586521,0.4759762525013164,0.80038,1,0,stable
1430__1200_600,47,t_8_16,128.0,0.0,0.0,3.0,0.9946098360350779,0.8501021392100997,0.80038,0,1,stable
1430__1200_600,48,t_8_16,160.0,0.0,0.0,3.0,0.46224709428850647,0.8435670149681977,0.80038,0,1,stable
1430__1200_600,49,t_8_16,71.99990844726562,0.0,0.0,5.0,0.9524862797374889,0.7537703909023932,0.80038,0,1,stable
1430__1200_600,50,t_8_16,128.0,0.5,0.5,0.0,,0.7774920922843662,0.80038,0,1,mild
1430__1200_600,51,t_8_16,144.0,0.25,0.25,1.0,,0.7441079999999916,0.80038,0,0,mild
1430__1200_600,52,t_8_16,128.0,0.25,0.25,3.0,0.9733125627313268,0.6342943284260819,0.80038,0,0,mild
1430__1200_600,53,t_8_16,128.0,0.0,0.0,2.0,0.886380880108156,0.5871589687500001,0.80038,0,0,stable
1430__1200_600,54,t_8_16,140.0,0.0,0.0,1.0,,0.5274068141394803,0.80038,0,0,stable
1430__1200_600,55,t_8_16,96.0,0.0,0.0,4.0,0.9731438408720826,0.7090186800560188,0.80038,0,0,stable
1430__1200_600,56,t_8_16,120.0,0.25,0.0,5.0,0.33756960413182885,0.5248772662240749,0.80038,0,0,mild
1430__1200_600,57,t_8_16,84.0,0.0,0.0,3.0,0.9822874439009636,0.7837298833940561,0.80038,0,1,stable
1430__1200_600,58,t_8_16,112.0,0.0,0.0,2.0,0.9908001381062966,0.6622906198747945,0.80038,0,0,stable
1430__1200_600,60,t_8_16,84.0,0.0,0.0,4.0,0.9123759625202404,0.8117469965786841,0.80038,0,1,stable
1430__1200_600,61,t_8_16,168.0,0.25,0.0,2.0,0.7853337253774584,0.5506668992140595,0.80038,0,0,mild
1430__1200_600,62,t_8_16,72.0,0.0,0.0,5.0,0.5883997139466259,0.8366424159263103,0.80038,0,1,stable
1430__1200_600,64,t_8_16,72.0,0.25,0.0,4.0,0.917329649274293,0.5196395006737847,0.80038,0,0,mild
1430__1200_600,65,t_8_16,84.0,0.0,0.0,5.0,0.9785518876622336,0.7962361610618639,0.80038,0,1,stable
1430__1200_600,66,t_8_16,216.00013732910156,0.25,0.0,7.0,0.3391358998667522,0.5744306944444434,0.80038,0,0,mild
1430__1200_600,67,t_8_16,120.000732421875,0.0,0.0,3.0,0.9442974769826123,0.5342956798082854,0.80038,0,0,stable
1430__1200_600,68,t_8_16,95.99951171875,0.0,0.0,6.0,0.9425010345641212,0.6605645929525402,0.80038,0,0,stable
1430__1200_600,69,s_16_32,352.0,0.0,0.0,5.0,0.7088118808240602,0.35845000000000093,0.80038,1,0,stable
1430__1200_600,70,t_8_16,84.0,0.0,0.0,5.0,0.8559976939999052,0.7992400122260979,0.80038,0,1,stable
1430__1200_600,71,t_8_16,144.0,0.0,0.0,2.0,0.9841357508338114,0.6992115631958266,0.80038,0,0,stable
1430__1200_600,72,t_8_16,144.0,0.0,0.0,2.0,0.994607594901057,0.6724427541829526,0.80038,0,0,stable
1430__1200_600,73,t_8_16,139.9993896484375,0.0,0.0,3.0,0.9752484960306643,0.42126913864028037,0.80038,1,0,stable
1430__1200_600,74,t_8_16,88.0,0.0,0.0,5.0,0.9719053703572514,0.4052989922245825,0.80038,1,0,stable
1430__1200_600,75,t_8_16,160.0,0.0,0.0,2.0,0.8713085726971295,0.7518639761183408,0.80038,0,1,stable
1430__1200_600,76,t_8_16,132.0,0.0,0.0,9.0,0.9406943309035165,0.46728135012768823,0.80038,1,0,stable
1430__1200_600,77,t_8_16,96.0009765625,0.0,0.0,2.0,0.9680138451621947,0.7917469687500048,0.80038,0,1,stable
1430__1200_600,78,t_8_16,96.0,0.0,0.0,5.0,0.9909282317301235,0.6272910937841383,0.80038,0,0,stable
1430__1200_600,79,t_8_16,200.0,0.0,0.0,3.0,0.9830968191265487,0.6047215866413804,0.80038,0,0,stable
1430__1200_600,80,t_8_16,139.99957275390625,0.0,0.0,2.0,0.9150838665579066,0.5874815825249728,0.80038,0,0,stable
1430__1200_600,81,t_8_16,84.0,0.0,0.0,6.0,0.979022405031632,0.8054568371046752,0.80038,0,1,stable
1430__1200_600,82,t_8_16,144.0,0.0,0.0,2.0,0.9449371813845556,0.6618861022080885,0.80038,0,0,stable
1430__1200_600,83,t_8_16,96.0,0.0,0.0,4.0,0.9618258475341812,0.4783899913675335,0.80038,1,0,stable
1430__1200_600,84,t_8_16,84.0,0.0,0.0,4.0,0.9263881528484698,0.631554275770552,0.80038,0,0,stable
1430__1200_600,85,t_8_16,140.0,0.25,0.0,5.0,0.6570188334949042,0.6044894013753213,0.80038,0,0,mild
1430__1200_600,86,t_8_16,252.0,0.0,0.0,3.0,0.989697530870648,0.5697537738095249,0.80038,0,0,stable
1430__1200_600,87,t_8_16,143.9999828338623,0.25,0.0,4.0,0.8534772213890448,0.7385517975093479,0.80038,0,0,mild
1430__1200_600,88,t_8_16,127.9990234375,0.0,0.0,6.0,0.9792494660473563,0.6297486404071554,0.80038,0,0,stable
1430__1200_600,89,t_8_16,96.0,0.0,0.0,2.0,0.9701835337673598,0.8516072502993585,0.80038,0,1,stable
1430__1200_600,90,t_8_16,84.0,0.0,0.0,3.0,0.7625445196340606,0.4692087636509699,0.80038,1,0,stable
1430__1200_600,91,t_8_16,96.0,0.0,0.0,5.0,0.9917713557110044,0.7223929646647652,0.80038,0,0,stable
1430__1200_600,92,t_8_16,128.0001220703125,0.0,0.0,3.0,0.9126697446965389,0.7725700901225988,0.80038,0,1,stable
1430__1200_600,93,t_8_16,128.0,0.5,0.5,1.0,,0.6994009785466412,0.80038,0,0,mild
1430__1200_600,94,t_8_16,96.0,0.0,0.0,5.0,0.9969088301338346,0.7883469702998347,0.80038,0,1,stable
1430__1200_600,95,t_8_16,112.0,0.0,0.0,2.0,0.9220501224198334,0.6337353937854686,0.80038,0,0,stable
1430__1200_600,96,t_8_16,72.0,0.25,0.0,3.0,0.8516470897857857,0.45698725609931423,0.80038,1,0,mild
1430__1200_600,97,t_8_16,72.0,0.0,0.0,5.0,0.9678971099209853,0.766154967532945,0.80038,0,1,stable
1430__1200_600,98,t_8_16,96.0,0.0,0.0,6.0,0.9736159578592734,0.7473833454567345,0.80038,0,0,stable
1430__1200_600,99,t_8_16,96.0,0.0,0.0,4.0,0.5913878657888976,0.766040416510937,0.80038,0,1,stable
1430__1200_600,100,t_8_16,165.0,0.25,0.0,4.0,0.3981682363512934,0.45084537109513667,0.80038,1,0,mild
1430__1200_600,101,t_8_16,130.0,0.0,0.0,2.0,0.9686522654562121,0.6189992659957047,0.80038,0,0,stable
1430__1200_600,102,t_8_16,160.0001220703125,0.0,0.0,3.0,0.9946195559192228,0.6682324544873556,0.80038,0,0,stable
1430__1200_600,103,t_8_16,164.99932861328125,0.0,0.0,3.0,0.9779459302149994,0.6565358181818243,0.80038,0,0,stable
1430__1200_600,104,t_8_16,144.0,0.25,0.0,6.0,0.08002774533185021,0.0,0.80038,1,0,mild
1430__1200_600,105,t_8_16,84.0,0.0,0.0,5.0,0.9703050915227065,0.4545909490364715,0.80038,1,0,stable
14364,0,t_8_16,84.0,0.0,0.0,5.0,0.9547319763844916,0.7446496236944772,0.78602,0,0,stable
14364,1,t_8_16,78.0,0.0,0.0,3.0,0.9985797972021441,0.9022748416395292,0.78602,0,1,stable
14364,2,t_8_16,91.0,0.0,0.0,4.0,0.969905751334492,0.8829689124654353,0.78602,0,1,stable
14364,3,t_8_16,97.99893188662827,0.0,0.0,3.0,0.9993397938303512,0.8299951478730562,0.78602,0,1,stable
14364,4,t_8_16,66.0,0.0,0.0,3.0,0.9837103190347001,0.7622818404359573,0.78602,0,1,stable
14364,5,t_8_16,66.0,0.0,0.0,3.0,0.9893852556904205,0.8917995735498416,0.78602,0,1,stable
14364,7,t_8_16,66.0,0.25,0.0,5.0,0.8454231107350247,0.8032137702579334,0.78602,0,1,mild
14364,8,t_8_16,77.0,0.0,0.0,2.0,0.9962341307925213,0.8350922817251452,0.78602,0,1,stable
14364,10,t_8_16,84.0,0.0,0.0,3.0,0.952182041999509,0.8597702008254303,0.78602,0,1,stable
14364,12,t_8_16,66.0,0.0,0.0,1.0,,0.0,0.78602,1,0,stable
14364,13,t_8_16,72.0,0.25,0.25,2.0,0.8311119710536424,0.0,0.78602,1,0,mild
14364,14,t_8_16,105.0,0.0,0.0,4.0,0.987167966308382,0.7165396213483902,0.78602,0,0,stable
14364,15,t_8_16,84.0,0.0,0.0,5.0,0.993039146178566,0.8909900860011453,0.78602,0,1,stable
14364,16,t_8_16,84.0,0.0,0.0,6.0,0.9867682567356368,0.7078999718258102,0.78602,0,0,stable
14364,18,t_8_16,150.0,0.0,0.0,2.0,0.9366818020207576,0.7132593924274668,0.78602,0,0,stable
14364,19,t_8_16,130.0,0.0,0.0,2.0,0.9999608754502628,0.6453813071787468,0.78602,0,0,stable
14364,21,t_8_16,84.0008544921875,0.0,0.0,6.0,0.970597548391454,0.7843077298052175,0.78602,0,1,stable
14364,22,t_8_16,91.0,0.0,0.0,4.0,0.9197465068811514,0.6294800585200965,0.78602,0,0,stable
14364,23,t_8_16,84.0,0.0,0.0,3.0,0.9418952140499323,0.0,0.78602,1,0,stable
1436__2400_1800,0,t_8_16,84.0,0.0,0.0,4.0,0.9651564774395552,0.554739809280725,0.83305,0,0,stable
1436__2400_1800,1,t_8_16,84.0,0.0,0.0,2.0,0.8205014916541142,0.6826182068520189,0.83305,0,0,stable
1436__2400_1800,2,t_8_16,72.0,0.0,0.0,3.0,0.9956259141271268,0.7959426600535374,0.83305,0,1,stable
1436__2400_1800,3,t_8_16,72.0,0.0,0.0,3.0,0.9036973792783431,0.5969269853895904,0.83305,0,0,stable
1436__2400_1800,4,t_8_16,84.0,0.0,0.0,4.0,0.9337821429102181,0.7550025463304161,0.83305,0,1,stable
1436__2400_1800,5,t_8_16,72.0,0.25,0.0,5.0,0.03682080881584772,0.4920592570561297,0.83305,1,0,mild
1436__2400_1800,6,t_8_16,96.0,0.5,0.5,0.0,,0.7900810070056483,0.83305,0,1,mild
1436__2400_1800,7,t_8_16,72.0,0.0,0.0,1.0,,0.7799841108933965,0.83305,0,1,stable
1436__2400_1800,9,t_8_16,72.0,0.0,0.0,2.0,0.9865873510131976,0.8302297577843466,0.83305,0,1,stable
1436__2400_1800,13,t_8_16,84.0,0.0,0.0,2.0,0.9936700965701862,0.7135864885962828,0.83305,0,0,stable
1436__2400_1800,14,t_8_16,84.0,0.5,0.0,4.0,0.09938279602864004,0.7474040588329068,0.83305,0,0,mild
1436__2400_1800,15,t_8_16,180.0010986328125,0.0,0.0,4.0,0.9878701207056333,0.8511695557659388,0.83305,0,1,stable
1436__2400_1800,16,t_8_16,128.0,0.0,0.0,2.0,0.9953517604227732,0.7953196724068945,0.83305,0,1,stable
1436__2400_1800,17,t_8_16,108.00009155273438,0.25,0.0,5.0,0.874915184632147,0.6804693432336454,0.83305,0,0,mild
1436__2400_1800,18,t_8_16,128.0001220703125,0.0,0.0,2.0,0.9863568729677611,0.8042996953030216,0.83305,0,1,stable
1436__2400_1800,19,t_8_16,84.0,0.0,0.0,4.0,0.9088039072111679,0.7762610068959146,0.83305,0,1,stable
1436__2400_1800,20,t_8_16,84.0,0.0,0.0,5.0,0.9870502801785029,0.8351938270108366,0.83305,0,1,stable
1436__2400_1800,21,t_8_16,72.0,0.0,0.0,5.0,0.950519679964425,0.5530682179212567,0.83305,0,0,stable
1436__2400_1800,22,t_8_16,127.9990234375,0.0,0.0,4.0,0.9714002118780455,0.8824110335969669,0.83305,0,1,stable
1436__2400_1800,23,t_8_16,127.9998779296875,0.0,0.0,2.0,0.9930654692832106,0.6754237930939625,0.83305,0,0,stable
1436__2400_1800,24,t_8_16,160.0009765625,0.0,0.0,5.0,0.6311255395373295,0.85650896619322,0.83305,0,1,stable
1436__2400_1800,25,t_8_16,140.0008544921875,0.0,0.0,2.0,0.9748470588909105,0.7392398743887867,0.83305,0,0,stable
1436__2400_1800,26,t_8_16,140.0,0.0,0.0,2.0,0.9842106369981292,0.8538774506178977,0.83305,0,1,stable
1436__2400_1800,27,t_8_16,140.0,0.0,0.0,2.0,0.9962501745355902,0.8209714404515573,0.83305,0,1,stable
1436__2400_1800,28,t_8_16,144.0,0.0,0.0,3.0,0.9621406792908427,0.9084505714526824,0.83305,0,1,stable
1436__2400_1800,29,t_8_16,96.0,0.0,0.0,1.0,,0.7664343774339806,0.83305,0,1,stable
1436__2400_1800,30,t_8_16,112.0,0.25,0.25,1.0,,0.7541798797340524,0.83305,0,1,mild
1436__2400_1800,31,t_8_16,96.0009765625,0.0,0.0,4.0,0.9136126902183553,0.8563962890302486,0.83305,0,1,stable
1436__2400_1800,32,t_8_16,96.0,0.0,0.0,1.0,,0.7064334121509298,0.83305,0,0,stable
1436__2400_1800,33,t_8_16,72.0,0.25,0.0,5.0,0.6276067786400342,0.751238522735877,0.83305,0,1,mild
1436__2400_1800,34,t_8_16,111.9991455078125,0.0,0.0,5.0,0.8904373112361961,0.6112049597557049,0.83305,0,0,stable
1436__2400_1800,35,t_8_16,220.0,0.0,0.0,3.0,0.9806624622218075,0.8235129810514145,0.83305,0,1,stable
1436__2400_1800,36,t_8_16,112.0001220703125,0.0,0.0,2.0,0.87995620799433,0.8125803864163694,0.83305,0,1,stable
1436__2400_1800,38,t_8_16,96.0,0.5,0.0,5.0,0.15127832142157763,0.7222501314065072,0.83305,0,0,mild
1436__2400_1800,39,t_8_16,96.0,0.0,0.0,5.0,0.857386924359483,0.7015567801152522,0.83305,0,0,stable
1436__2400_1800,40,t_8_16,112.0,0.0,0.0,2.0,0.9359319130731032,0.7063575321594552,0.83305,0,0,stable
1436__2400_1800,41,t_8_16,72.0,0.0,0.0,1.0,,0.7973301460130211,0.83305,0,1,stable
1436__2400_1800,42,t_8_16,84.0,0.0,0.0,2.0,0.9962914436780516,0.6725994852211447,0.83305,0,0,stable
1436__2400_1800,43,s_16_32,324.0,0.0,0.0,6.0,0.9869341980766704,0.44087520038850986,0.83305,1,0,stable
1436__2400_1800,44,t_8_16,240.0,0.0,0.0,4.0,0.9978519750884947,0.5987172624999952,0.83305,0,0,stable
1436__2400_1800,46,t_8_16,112.0,0.0,0.0,2.0,0.9458101307749947,0.5758336180652095,0.83305,0,0,stable
1436__2400_1800,48,t_8_16,84.0008544921875,0.0,0.0,5.0,0.9564635071296372,0.578063535746865,0.83305,0,0,stable
1436__2400_1800,49,t_8_16,84.0,0.0,0.0,1.0,,0.8403433835902469,0.83305,0,1,stable
1436__2400_1800,51,t_8_16,128.0,0.0,0.0,2.0,0.9898380461689987,0.6980968609597888,0.83305,0,0,stable
1436__2400_1800,54,t_8_16,84.0,0.0,0.0,1.0,0.9999999309359761,0.6070663127888817,0.83305,0,0,stable
1436__2400_1800,55,t_8_16,88.0,0.0,0.0,7.0,0.9294313028303336,0.4488985255462806,0.83305,1,0,stable
1436__2400_1800,56,t_8_16,180.0,0.0,0.0,3.0,0.9711792148837581,0.6932856924191774,0.83305,0,0,stable
1436__2400_1800,57,t_8_16,180.0,0.0,0.0,1.0,0.9999987160868683,0.44264333483475743,0.83305,1,0,stable
1436__2400_1800,59,s_16_32,260.0,0.0,0.0,5.0,0.9889270802244798,0.42956192847141844,0.83305,1,0,stable
1436__2400_1800,60,t_8_16,144.0,0.75,0.5,1.0,,0.740504839726561,0.83305,0,0,high
1436__2400_1800,61,t_8_16,180.0,0.0,0.0,3.0,0.986600115745206,0.7543960361017852,0.83305,0,1,stable
1436__2400_1800,62,t_8_16,84.0,0.25,0.0,4.0,0.9366733681454148,0.5921330652796093,0.83305,0,0,mild
1436__2400_1800,64,t_8_16,108.0,0.0,0.0,5.0,0.2647709223085531,0.7066817561567289,0.83305,0,0,stable
1436__2400_1800,65,t_8_16,128.0,0.0,0.0,3.0,0.9457969276614224,0.5746811191264318,0.83305,0,0,stable
1436__2400_1800,66,t_8_16,108.0,0.0,0.0,6.0,0.176353968626667,0.26858432438433233,0.83305,1,0,stable
1436__2400_1800,67,t_8_16,180.0,0.0,0.0,4.0,0.9977155150606917,0.7118153497425128,0.83305,0,0,stable
1436__2400_1800,68,t_8_16,108.0,0.0,0.0,3.0,0.949421064947173,0.6225990503756802,0.83305,0,0,stable
1436__2400_1800,69,s_16_32,832.001953125,0.0,0.0,8.0,0.11749469662240394,0.3569518268536825,0.83305,1,0,stable
1436__2400_1800,70,t_8_16,111.99998474121094,0.5,0.5,1.0,,0.6965527389931006,0.83305,0,0,mild
1436__2400_1800,71,t_8_16,108.0,0.0,0.0,5.0,0.990670153893179,0.6550713137399703,0.83305,0,0,stable
1436__2400_1800,72,t_8_16,84.0,0.0,0.0,2.0,0.8904212900313085,0.6203225924634157,0.83305,0,0,stable
1436__2400_1800,73,t_8_16,112.0,0.0,0.0,1.0,,0.6696095150081235,0.83305,0,0,stable
1436__2400_1800,74,s_16_32,263.9986572265625,0.0,0.0,7.0,0.994608728248389,0.5712367754358262,0.83305,0,0,stable
1436__2400_1800,76,t_8_16,128.0,0.0,0.0,2.0,0.9988113888758793,0.907142131582602,0.83305,0,1,stable
1436__2400_1800,77,t_8_16,128.0,0.5,0.5,1.0,,0.8652926085507843,0.83305,0,1,mild
1436__2400_1800,78,t_8_16,84.0,0.25,0.0,3.0,0.7536409454892298,0.7212663323662066,0.83305,0,0,mild
1436__2400_1800,79,s_16_32,960.001953125,0.5,0.0,10.0,0.09492035687292241,0.5483522825942171,0.83305,0,0,mild
1436__2400_1800,80,t_8_16,130.0,0.5,0.0,2.0,0.4269732235776164,0.3971857061514175,0.83305,1,0,mild
1436__2400_1800,81,t_8_16,96.0,0.0,0.0,4.0,0.9531263040915698,0.7552903216757955,0.83305,0,1,stable
1436__2400_1800,82,t_8_16,64.0,0.0,0.0,1.0,,0.5859685540612297,0.83305,0,0,stable
1436__2400_1800,83,t_8_16,198.0,0.25,0.0,5.0,0.290583622964347,0.6241187777777778,0.83305,0,0,mild
1436__2400_1800,84,t_8_16,144.0,0.0,0.0,3.0,0.46935531149104326,0.6420815450081941,0.83305,0,0,stable
1436__2400_1800,85,t_8_16,143.0,0.0,0.0,2.0,0.9564621955308406,0.6461141732968525,0.83305,0,0,stable
1436__2400_1800,86,t_8_16,119.0,0.0,0.0,5.0,0.9028744671261572,0.5809623703526253,0.83305,0,0,stable
1436__2400_1800,87,t_8_16,144.0,0.0,0.0,2.0,0.964562469488284,0.6710310000000033,0.83305,0,0,stable
1436__2400_1800,88,t_8_16,104.0,0.0,0.0,3.0,0.9890676728543933,0.8241312665003704,0.83305,0,1,stable
1436__2400_1800,89,t_8_16,135.0,0.0,0.0,2.0,0.9634349736126632,0.7347338985532206,0.83305,0,0,stable
1436__2400_1800,90,t_8_16,136.0,0.0,0.0,2.0,0.9979301979453494,0.8187636493797668,0.83305,0,1,stable
1436__2400_1800,91,t_8_16,143.0,0.25,0.25,1.0,0.6745541960267892,0.47180414466373694,0.83305,1,0,mild
1436__2400_1800,92,t_8_16,135.0,0.0,0.0,2.0,0.9767969263917267,0.4361883777777691,0.83305,1,0,stable
1436__2400_1800,93,t_8_16,187.0,0.0,0.0,3.0,0.9945493601478124,0.6601572941176486,0.83305,0,0,stable
1450__1200_2400,1,s_16_32,279.998779296875,0.0,0.0,5.0,0.7367673239708012,0.6741520738752995,0.82333,0,0,stable
1450__1200_2400,2,s_16_32,840.0,0.0,0.0,10.0,0.9914250532983052,0.9248441310631499,0.82333,0,1,stable
1450__1200_2400,5,s_16_32,360.0,0.0,0.0,5.0,0.9948504574128119,0.7777726250000009,0.82333,0,1,stable
1450__1200_2400,6,t_8_16,84.0,0.0,0.0,1.0,0.9999778525692127,0.7684977750137196,0.82333,0,1,stable
1450__1200_2400,7,t_8_16,140.0,0.25,0.0,2.0,0.6985297501056685,0.738201740770398,0.82333,0,0,mild
1450__1200_2400,8,t_8_16,224.0,0.0,0.0,5.0,0.9951164472825571,0.8481492430104284,0.82333,0,1,stable
1450__1200_2400,9,s_16_32,288.0,0.0,0.0,4.0,0.9164275597980707,0.8581361724688124,0.82333,0,1,stable
1450__1200_2400,10,t_8_16,120.0,0.0,0.0,1.0,,0.855034950338538,0.82333,0,1,stable
1450__1200_2400,11,t_8_16,192.0,0.0,0.0,4.0,0.9772243982739062,0.5809746203516463,0.82333,0,0,stable
1450__1200_2400,12,t_8_16,192.0,0.0,0.0,2.0,0.999997155754489,0.6176781631510827,0.82333,0,0,stable
1450__1200_2400,13,t_8_16,144.0,0.25,0.25,2.0,0.7814151374774777,0.626285922580772,0.82333,0,0,mild
1450__1200_2400,14,t_8_16,140.0008544921875,0.0,0.0,2.0,0.9053041859766081,0.6381771267017379,0.82333,0,0,stable
1450__1200_2400,15,t_8_16,200.0,0.0,0.0,3.0,0.8796336739816046,0.5101533197584696,0.82333,0,0,stable
1450__1200_2400,16,s_16_32,288.0,0.0,0.0,5.0,0.8878664380309834,0.5259353888888876,0.82333,0,0,stable
1450__1200_2400,17,s_16_32,352.0,0.0,0.0,7.0,0.9856213839385418,0.7208358749999976,0.82333,0,0,stable
1450__1200_2400,18,t_8_16,252.0,0.0,0.0,5.0,0.9877786876852996,0.746004471908229,0.82333,0,0,stable
1450__1200_2400,19,t_8_16,140.0,0.0,0.0,2.0,0.9419293618405923,0.6416195974529975,0.82333,0,0,stable
1450__1200_2400,20,s_16_32,320.0,0.0,0.0,5.0,0.9727375131891421,0.6071405999999994,0.82333,0,0,stable
1450__1200_2400,21,t_8_16,120.0,0.0,0.0,1.0,,0.7972050855275112,0.82333,0,1,stable
1450__1200_2400,22,s_16_32,576.0,0.0,0.0,10.0,0.9665612811667883,0.7332361966156455,0.80302,0,0,stable
1450__1200_2400,23,t_8_16,112.0,0.5,0.5,2.0,0.24312898593485482,0.6816317439125218,0.82333,0,0,mild
1450__1200_2400,24,t_8_16,168.0,0.0,0.0,2.0,0.9496659338266711,0.7724357916666669,0.82333,0,1,stable
1450__1200_2400,25,s_16_32,320.0,0.0,0.0,5.0,0.9678226644741874,0.7517577538084642,0.82333,0,1,stable
1450__1200_2400,26,t_8_16,224.0,0.0,0.0,5.0,0.9535281067823952,0.7842127900849356,0.82333,0,1,stable
1450__1200_2400,27,t_8_16,96.0,0.0,0.0,2.0,0.9328859064122553,0.47430890376675333,0.82333,1,0,stable
1450__1200_2400,28,s_16_32,572.0,0.0,0.0,9.0,0.9958304270743119,0.7852849962404324,0.80302,0,1,stable
1450__1200_2400,29,s_16_32,279.9991455078125,0.0,0.0,5.0,0.8674220327422701,0.692548858511215,0.82333,0,0,stable
1450__1200_2400,30,t_8_16,96.0,0.25,0.25,2.0,0.9673961103028601,0.41170506579062033,0.82333,1,0,mild
1450__1200_2400,31,t_8_16,192.0,0.0,0.0,4.0,0.9790511365942823,0.7640296563415175,0.82333,0,1,stable
1450__1200_2400,32,t_8_16,224.0,0.0,0.0,3.0,0.9959647343119967,0.9244281696428467,0.82333,0,1,stable
1450__1200_2400,33,t_8_16,223.99908447288908,0.0,0.0,3.0,0.894442612429875,0.7252947605644696,0.82333,0,0,stable
1450__1200_2400,34,t_8_16,80.00048828125,0.0,0.0,1.0,0.9998906100685229,0.6311801303901877,0.82333,0,0,stable
1450__1200_2400,35,t_8_16,192.0,0.0,0.0,3.0,0.9773800457019478,0.8530426729764128,0.82333,0,1,stable
1450__1200_2400,36,t_8_16,191.999267578125,0.0,0.0,3.0,0.9711318725979651,0.708957322870919,0.82333,0,0,stable
1450__1200_2400,37,t_8_16,144.0,0.0,0.0,2.0,0.9985107152680909,0.6973805805651091,0.82333,0,0,stable
1450__1200_2400,38,t_8_16,140.0,0.5,0.0,4.0,0.0674648870149396,0.42738848780062355,0.82333,1,0,mild
1450__1200_2400,39,t_8_16,168.0,0.0,0.0,2.0,0.9972705538820975,0.5663742624827047,0.82333,0,0,stable
1450__1200_2400,40,s_16_32,528.0,0.0,0.0,7.0,0.9991481062004015,0.8637465253377463,0.80302,0,1,stable
1450__1200_2400,41,s_16_32,288.0,0.0,0.0,5.0,0.9933664552272712,0.8738833541666685,0.82333,0,1,stable
1450__1200_2400,42,t_8_16,180.0,0.0,0.0,4.0,0.9898081087821908,0.6441058162371653,0.82333,0,0,stable
1450__1200_2400,43,t_8_16,140.0,0.0,0.0,3.0,0.922958547023614,0.6304490212335675,0.82333,0,0,stable
1450__1200_2400,44,t_8_16,255.9990234375,0.0,0.0,5.0,0.8433963725023991,0.8487455745560772,0.82333,0,1,stable
1450__1200_2400,45,t_8_16,112.0,0.5,0.5,2.0,0.8537022339693967,0.39778564037293274,0.82333,1,0,mild
1450__1200_2400,46,t_8_16,120.0,0.0,0.0,1.0,,0.6496933470971455,0.82333,0,0,stable
1450__1200_2400,47,s_16_32,280.0,0.0,0.0,4.0,0.9790290464004188,0.7359855519907623,0.82333,0,0,stable
1450__1200_2400,48,t_8_16,195.0,0.25,0.0,4.0,0.28520202982431125,0.7025472098134673,0.82333,0,0,mild
1450__1200_2400,49,t_8_16,168.0,0.0,0.0,2.0,0.9725146408756429,0.9353027684925995,0.82333,0,1,stable
1450__1200_2400,50,t_8_16,143.0,0.0,0.0,2.0,0.8956574623504008,0.7390318504434401,0.82333,0,0,stable
1450__1200_2400,51,t_8_16,195.00022888183594,0.0,0.0,4.0,0.9150125161393646,0.6602512000353379,0.82333,0,0,stable
1450__1200_2400,52,t_8_16,156.00018310546875,0.0,0.0,2.0,0.9019210852081714,0.7228289890672256,0.82333,0,0,stable
1450__1200_2400,53,t_8_16,110.0,0.0,0.0,1.0,,0.7817845729640004,0.82333,0,1,stable
1450__1200_2400,54,t_8_16,210.0,0.0,0.0,2.0,0.9750564861524151,0.8231762529815796,0.82333,0,1,stable
1450__1200_2400,55,t_8_16,167.99978637695312,0.5,0.0,1.0,0.3444628639450098,0.5437592555350373,0.82333,0,0,mild
1450__1200_2400,57,s_16_32,330.0,0.0,0.0,6.0,0.9326596238778152,0.635568599999999,0.82333,0,0,stable
1450__1200_2400,58,s_16_32,340.0,0.0,0.0,7.0,0.9816668734699493,0.7245906654725913,0.82333,0,0,stable
1450__1200_2400,59,s_16_32,352.0,0.0,0.0,8.0,0.9904491482257769,0.9296150454545478,0.82333,0,1,stable
1450__1200_2400,60,t_8_16,238.0,0.0,0.0,5.0,0.9906289722862094,0.7799447238902197,0.82333,0,1,stable
1450__1200_2400,61,t_8_16,238.0,0.0,0.0,3.0,0.982847977980699,0.7672880012258272,0.82333,0,1,stable
1450__1200_2400,62,s_16_32,256.0,0.0,0.0,5.0,0.991694764167713,0.7692398437500001,0.82333,0,1,stable
1450__1200_2400,63,s_16_32,269.9989013671875,0.0,0.0,5.0,0.8467645587159962,0.14775285491825388,0.82333,1,0,stable
1450__1200_2400,64,t_8_16,160.0,0.0,0.0,2.0,0.9899128891243102,0.765525600000007,0.82333,0,1,stable
1476__1800_1800,0,t_8_16,84.0,0.0,0.0,5.0,0.5440068556125868,0.6684817537905301,0.81784,0,0,stable
1476__1800_1800,1,t_8_16,84.0,0.0,0.0,3.0,0.9911247578377519,0.750520998565447,0.81784,0,1,stable
1476__1800_1800,2,t_8_16,96.0,0.5,0.5,1.0,,0.5582918910254167,0.81784,0,0,mild
1476__1800_1800,3,t_8_16,112.0,0.25,0.25,2.0,0.9950832632889922,0.8274797126351219,0.81784,0,1,mild
1476__1800_1800,4,t_8_16,84.0,0.0,0.0,3.0,0.9461576573373318,0.7407274490515082,0.81784,0,0,stable
1476__1800_1800,5,t_8_16,192.0,0.0,0.0,3.0,0.9898857305526153,0.7716117916131259,0.81784,0,1,stable
1476__1800_1800,6,t_8_16,180.0006103515625,0.0,0.0,2.0,0.9913464286317231,0.6235413333333283,0.81784,0,0,stable
1476__1800_1800,7,t_8_16,72.0,0.0,0.0,4.0,0.6477963462129909,0.7324429589453684,0.81784,0,0,stable
1496__2438_2419,0,s_16_32,480.0,0.0,0.0,10.0,0.9812696398677712,0.8826024472930949,0.86087,0,1,stable
1496__2438_2419,1,t_8_16,191.999755859375,0.25,0.0,4.0,0.3162721490634762,0.9387091512249908,0.86087,0,1,mild
1496__2438_2419,2,t_8_16,252.0,0.0,0.0,3.0,0.9960681409791076,0.8560346471744208,0.86087,0,1,stable
1496__2438_2419,3,t_8_16,192.0,0.0,0.0,5.0,0.982426075924539,0.8255769518728885,0.86087,0,1,stable
1496__2438_2419,4,t_8_16,140.00015258789062,0.0,0.0,1.0,,0.7948391231988831,0.86087,0,1,stable
1496__2438_2419,5,t_8_16,240.0,0.0,0.0,5.0,0.3809020537134459,0.8480617166666703,0.86087,0,1,stable
1496__2438_2419,6,t_8_16,224.0,0.0,0.0,3.0,0.9588856001562797,0.5560808343648579,0.86087,0,0,stable
1496__2438_2419,7,t_8_16,96.0,0.5,0.5,0.0,,0.5381534116560426,0.86087,0,0,mild
1496__2438_2419,8,s_16_32,504.0,0.0,0.0,8.0,0.952911470879066,0.4623037678571417,0.86087,1,0,stable
1496__2438_2419,9,t_8_16,223.9991455078125,0.0,0.0,3.0,0.9972665299592032,0.8953273373587172,0.86087,0,1,stable
1496__2438_2419,10,s_16_32,468.0010986328125,0.0,0.0,8.0,0.9955101908859351,0.9739176717077355,0.86087,0,1,stable
1496__2438_2419,11,t_8_16,223.99957275390625,0.0,0.0,3.0,0.9979916574156997,0.6618257150697816,0.86087,0,0,stable
1496__2438_2419,12,s_16_32,660.0,0.0,0.0,10.0,0.9966731179093937,0.884265756048116,0.86087,0,1,stable
1496__2438_2419,13,t_8_16,179.99969482421875,0.0,0.0,3.0,0.9927808481690883,0.8488472582597505,0.86087,0,1,stable
1496__2438_2419,14,t_8_16,140.0,0.0,0.0,2.0,0.9978812326629395,0.9114927991548013,0.86087,0,1,stable
1496__2438_2419,15,t_8_16,159.99951171875,0.0,0.0,3.0,0.9871969758381233,0.8112109560063426,0.86087,0,1,stable
1496__2438_2419,16,s_16_32,360.0,0.0,0.0,5.0,0.9955458389495816,0.6939625688349569,0.86087,0,0,stable
1496__2438_2419,17,s_16_32,520.001220703125,0.0,0.0,10.0,0.9988182972722618,0.875096629071818,0.86087,0,1,stable
1496__2438_2419,18,t_8_16,112.0,0.25,0.25,3.0,0.24148552747628074,0.7732325942448406,0.86087,0,1,mild
1496__2438_2419,19,t_8_16,192.0,0.0,0.0,3.0,0.9731111012160306,0.598238846410921,0.86087,0,0,stable
1496__2438_2419,20,s_16_32,900.0018310546875,0.0,0.0,10.0,0.959200986248745,0.7190076410556389,0.86087,0,0,stable
1496__2438_2419,21,t_8_16,215.99945068359375,0.0,0.0,3.0,0.9848187472730198,0.5656823257161832,0.86087,0,0,stable
1496__2438_2419,22,t_8_16,195.99957275390625,0.0,0.0,2.0,0.9853642824246664,0.8086244271719062,0.86087,0,1,stable
1496__2438_2419,23,t_8_16,224.0,0.0,0.0,3.0,0.9801518429398539,0.7296393555836984,0.86087,0,0,stable
1496__2438_2419,24,s_16_32,572.0,0.0,0.0,8.0,0.9939391527143621,0.8966963923126315,0.86087,0,1,stable
1496__2438_2419,25,t_8_16,140.00015258789062,0.0,0.0,3.0,0.9862236516165781,0.8968405829324897,0.86087,0,1,stable
1496__2438_2419,26,t_8_16,112.0,0.0,0.0,2.0,0.9962568548655001,0.6200180021240704,0.86087,0,0,stable
1496__2438_2419,27,s_16_32,616.0,0.0,0.0,10.0,0.993553830839547,0.8857957322371831,0.86087,0,1,stable
1496__2438_2419,28,t_8_16,168.0,0.0,0.0,4.0,0.9792621058835579,0.8790867866311315,0.86087,0,1,stable
1496__2438_2419,29,s_16_32,483.0,0.0,0.0,10.0,0.9969878127515667,0.8012770598703692,0.86087,0,1,stable
1496__2438_2419,30,s_16_32,340.0,0.0,0.0,6.0,0.9297759919456343,0.7765257121593185,0.86087,0,1,stable
1496__2438_2419,31,t_8_16,208.0,0.25,0.0,5.0,0.06460625757577859,0.9374413125000045,0.86087,0,1,mild
1529__0_1200,0,t_8_16,192.0,0.0,0.0,4.0,0.8379661562636198,0.63797153172054,0.83082,0,0,stable
1529__0_1200,2,s_16_32,312.000732421875,0.0,0.0,7.0,0.9886329860264838,0.7525299527387226,0.83082,0,1,stable
1529__0_1200,3,t_8_16,160.0,0.0,0.0,2.0,0.9907785084448535,0.8073643620836191,0.83082,0,1,stable
1529__0_1200,4,s_16_32,264.0,0.0,0.0,4.0,0.9959210760485949,0.5679679090909094,0.83082,0,0,stable
1529__0_1200,5,t_8_16,160.0,0.25,0.0,5.0,0.9537008663320038,0.6339274571397868,0.83082,0,0,mild
1529__0_1200,6,t_8_16,160.0,0.0,0.0,3.0,0.9810944649783944,0.6261785791308047,0.83082,0,0,stable
1529__0_1200,7,t_8_16,120.0,0.0,0.0,4.0,0.9948575633453365,0.6216562719126145,0.83082,0,0,stable
1529__0_1200,8,t_8_16,112.0,0.0,0.0,3.0,0.960073841310377,0.6383474522465356,0.83082,0,0,stable
1529__0_1200,9,t_8_16,180.0,0.0,0.0,3.0,0.9963910930075426,0.92129075789109,0.83082,0,1,stable
1529__0_1200,10,s_16_32,648.0,0.0,0.0,10.0,0.9544060710873474,0.3897692469135802,0.83082,1,0,stable
1529__0_1200,11,s_16_32,420.0,0.0,0.0,7.0,0.9271563140480232,0.3312446999999998,0.83082,1,0,stable
1529__0_1200,12,t_8_16,160.0,0.0,0.0,3.0,0.9955158448488994,0.9262680755073386,0.83082,0,1,stable
1529__0_1200,13,t_8_16,160.0,0.25,0.0,5.0,0.8354837815651678,0.5506126205658732,0.83082,0,0,mild
1529__0_1200,14,t_8_16,144.0,0.0,0.0,2.0,0.9704710820701498,0.5806973844360956,0.83082,0,0,stable
1529__0_1200,15,t_8_16,144.0,0.5,0.5,0.0,,0.6940860980074215,0.83082,0,0,mild
1529__0_1200,16,t_8_16,128.0,0.5,0.5,0.0,,0.8158617640289931,0.83082,0,1,mild
1529__0_1200,17,t_8_16,160.0,0.0,0.0,3.0,0.9855129393576604,0.7316545562499975,0.83082,0,0,stable
1529__0_1200,18,t_8_16,240.0,0.0,0.0,4.0,0.9974082520848456,0.7052061599088406,0.83082,0,0,stable
1529__0_1200,19,s_16_32,256.0,0.0,0.0,5.0,0.8600687382159034,0.4873057668259991,0.83082,1,0,stable
1529__0_1200,20,s_16_32,263.99981689453125,0.0,0.0,2.0,0.9938900112417991,0.649255816605909,0.83082,0,0,stable
1529__0_1200,21,t_8_16,128.0,0.0,0.0,3.0,0.9984539056841174,0.6638102531507544,0.83082,0,0,stable
1529__0_1200,22,t_8_16,112.0,0.25,0.25,2.0,0.857250117981603,0.7071374163228834,0.83082,0,0,mild
1529__0_1200,23,t_8_16,160.0,0.5,0.5,1.0,,0.7986160865718205,0.83082,0,1,mild
1529__0_1200,24,t_8_16,200.0,0.0,0.0,3.0,0.9679013509293765,0.7282898000000032,0.83082,0,0,stable
1529__0_1200,25,t_8_16,108.0,0.0,0.0,4.0,0.8428396739850559,0.7494884444444365,0.83082,0,0,stable
1529__0_1200,26,t_8_16,144.0,0.0,0.0,3.0,0.9513991357145558,0.8237507205922461,0.83082,0,1,stable
1529__0_1200,27,t_8_16,128.0,0.0,0.0,2.0,0.9852792160008338,0.6550422252530366,0.83082,0,0,stable
1529__0_1200,28,t_8_16,72.0,0.0,0.0,2.0,0.9127481007168055,0.4855416041540658,0.83082,1,0,stable
1529__0_1200,29,t_8_16,160.0,0.0,0.0,1.0,,0.808164000000001,0.83082,0,1,stable
1529__0_1200,30,t_8_16,180.0,0.25,0.0,5.0,0.8050029868403733,0.8644453991769281,0.83082,0,1,mild
1529__0_1200,31,s_16_32,288.0,0.0,0.0,5.0,0.9819573954411145,0.653569992751871,0.83082,0,0,stable
1529__0_1200,32,t_8_16,180.0,0.0,0.0,3.0,0.5760891491764866,0.5864296588131427,0.83082,0,0,stable
1529__0_1200,33,t_8_16,160.0009765625,0.0,0.0,3.0,0.9990731129066456,0.8537875023322545,0.83082,0,1,stable
1529__0_1200,34,t_8_16,80.0,0.0,0.0,2.0,0.26093300346586523,0.0,0.83082,1,0,stable
1529__0_1200,35,t_8_16,112.0,0.0,0.0,2.0,0.879712941267214,0.5771038387958187,0.83082,0,0,stable
1529__0_1200,36,t_8_16,179.99969482421875,0.0,0.0,3.0,0.9929950666151374,0.7670806304996508,0.83082,0,1,stable
1529__0_1200,37,t_8_16,180.0,0.0,0.0,2.0,0.9969823346409219,0.8556389444444495,0.83082,0,1,stable
1529__0_1200,38,t_8_16,195.00091552734375,0.0,0.0,4.0,0.8321334194572761,0.7444716610838636,0.83082,0,0,stable
1529__0_1200,39,t_8_16,113.9992370614782,0.25,0.25,3.0,0.08655696943533549,0.5475040054304561,0.83082,0,0,mild
1530__0_0,0,t_8_16,162.0,0.0,0.0,3.0,0.9934841726342203,0.6629867314610495,0.82328,0,0,stable
1530__0_0,1,t_8_16,160.0,0.0,0.0,2.0,0.9776847496081871,0.7735748657660307,0.82328,0,1,stable
1530__0_0,2,t_8_16,112.0,0.0,0.0,2.0,0.9790635161015704,0.6713990701146648,0.82328,0,0,stable
1530__0_0,3,t_8_16,224.0,0.0,0.0,3.0,0.992539771587049,0.8370344514191735,0.82328,0,1,stable
1530__0_0,4,t_8_16,160.0,0.0,0.0,2.0,0.9824328372848127,0.5697266450546591,0.82328,0,0,stable
1530__0_0,6,t_8_16,96.0,0.25,0.25,2.0,0.9825191474724637,0.7105283498989532,0.82328,0,0,mild
1530__0_0,7,t_8_16,180.00003814697266,0.0,0.0,4.0,0.9932404370221637,0.8309073891627683,0.82328,0,1,stable
1530__0_0,8,t_8_16,180.0,0.0,0.0,3.0,0.9956145041541605,0.646793490855826,0.82328,0,0,stable
1530__0_0,9,t_8_16,152.0,0.25,0.25,4.0,0.9493274549731241,0.6036769211175925,0.82328,0,0,mild
1530__0_0,10,t_8_16,175.9986572265625,0.0,0.0,7.0,0.9917809383036058,0.7948070464493336,0.82328,0,1,stable
1530__0_0,11,t_8_16,112.0,0.25,0.25,3.0,0.9784511210036604,0.7736711602103401,0.82328,0,1,mild
1530__0_0,12,s_16_32,357.0,0.0,0.0,8.0,0.9894162933171528,0.7369698771304004,0.82328,0,0,stable
1565__600_1800,0,t_8_16,84.0,0.0,0.0,5.0,0.6764848588338319,0.6626778799235707,0.8028,0,0,stable
1565__600_1800,1,t_8_16,192.0,0.0,0.0,3.0,0.9009847401514048,0.8855037103466641,0.8028,0,1,stable
1565__600_1800,2,t_8_16,144.0,0.0,0.0,1.0,0.9999501841348881,0.7437119083906769,0.8028,0,0,stable
1565__600_1800,3,t_8_16,84.0,0.25,0.0,3.0,0.4218513657491131,0.7579888470940366,0.8028,0,1,mild
1565__600_1800,4,t_8_16,168.0,0.5,0.0,3.0,0.3098736263132365,0.6366064792847899,0.8028,0,0,mild
1565__600_1800,5,t_8_16,112.0,0.0,0.0,2.0,0.9612059614724507,0.7847538035714218,0.8028,0,1,stable
1565__600_1800,6,t_8_16,96.0,0.0,0.0,2.0,0.87319424516165,0.6593978934076047,0.8028,0,0,stable
1565__600_1800,7,t_8_16,96.0,0.0,0.0,5.0,0.9824236086453637,0.6998977733466482,0.8028,0,0,stable
1565__600_1800,8,t_8_16,84.0,0.0,0.0,5.0,0.9722020068355286,0.8216395042243206,0.8028,0,1,stable
1565__600_1800,9,t_8_16,140.0,0.0,0.0,2.0,0.990239826173605,0.526765031615026,0.8028,0,0,stable
1565__600_1800,10,t_8_16,96.0,0.0,0.0,2.0,0.9865142177215019,0.6452944097237041,0.8028,0,0,stable
1565__600_1800,11,t_8_16,72.0,0.0,0.0,4.0,0.9644725088551844,0.7967608601358085,0.8028,0,1,stable
1565__600_1800,12,t_8_16,96.0,0.0,0.0,1.0,,0.8022242889537814,0.8028,0,1,stable
1565__600_1800,13,t_8_16,112.0,0.25,0.25,2.0,0.9962594068783223,0.6962783919947878,0.8028,0,0,mild
1565__600_1800,14,t_8_16,96.0,0.0,0.0,5.0,0.9935809714808562,0.6384848665846148,0.8028,0,0,stable
1565__600_1800,15,t_8_16,80.0,0.0,0.0,1.0,,0.638862559106378,0.8028,0,0,stable
1565__600_1800,16,t_8_16,160.0,0.0,0.0,3.0,0.9297084555347002,0.6214240463953947,0.8028,0,0,stable
1565__600_1800,17,t_8_16,240.0,0.0,0.0,5.0,0.9913758557420963,0.6238161312049372,0.8028,0,0,stable
1565__600_1800,18,t_8_16,139.99989318847656,0.0,0.0,2.0,0.9809362334894126,0.7489242342276294,0.8028,0,0,stable
1565__600_1800,19,t_8_16,84.0,0.0,0.0,5.0,0.9893956646744791,0.7338690344310383,0.8028,0,0,stable
1565__600_1800,20,t_8_16,96.0,0.75,0.75,1.0,,0.8440559619938237,0.8028,0,1,high
1565__600_1800,21,t_8_16,80.0,0.25,0.25,1.0,,0.6459570297363946,0.8028,0,0,mild
1565__600_1800,22,t_8_16,255.0,0.0,0.0,5.0,0.9880180105429467,0.4873406117647039,0.8028,1,0,stable
1565__600_1800,23,t_8_16,156.0,0.0,0.0,3.0,0.9470696486486208,0.7729282877993102,0.8028,0,1,stable
1565__600_1800,24,t_8_16,140.0,0.0,0.0,3.0,0.9198796269953006,0.668818941547235,0.8028,0,0,stable
1565__600_1800,25,t_8_16,153.00103759765625,0.0,0.0,2.0,0.8778611098355903,0.515928000000001,0.8028,0,0,stable
1565__600_1800,26,t_8_16,162.0,0.0,0.0,3.0,0.8791717441796737,0.6403982037037065,0.8028,0,0,stable
1565__600_1800,27,t_8_16,208.00095176685136,0.0,0.0,4.0,0.979839475714616,0.3875070480769226,0.8028,1,0,stable
1565__600_1800,28,t_8_16,196.0,0.0,0.0,3.0,0.8771062494701299,0.5241387755102054,0.8028,0,0,stable
1565__600_1800,30,t_8_16,84.0,0.0,0.0,5.0,0.9875220109127366,0.6235009112495775,0.8028,0,0,stable
1565__600_1800,31,t_8_16,99.0,0.0,0.0,2.0,0.9896187626980318,0.7061805899529924,0.8028,0,0,stable
1565__600_1800,32,s_16_32,266.0,0.0,0.0,5.0,0.8976891677169657,0.33794481203007365,0.8028,1,0,stable
1565__600_1800,33,t_8_16,144.0,0.25,0.0,2.0,0.8726136703163575,0.7065390742093448,0.8028,0,0,mild
1565__600_1800,34,t_8_16,168.0,0.0,0.0,2.0,0.8930845336749671,0.4355011309523776,0.8028,1,0,stable
1565__600_1800,35,t_8_16,135.0,0.0,0.0,2.0,0.8358857812914613,0.5016816883393231,0.8028,0,0,stable
1565__600_1800,36,t_8_16,228.0,0.0,0.0,3.0,0.9423020758733895,0.497427741643387,0.8028,1,0,stable
1565__600_1800,37,t_8_16,126.0,0.25,0.0,2.0,0.9858432966058961,0.6079160714285761,0.8028,0,0,mild
1565__600_1800,38,t_8_16,120.0,0.25,0.25,2.0,0.9796316588380605,0.5824777727044829,0.8028,0,0,mild
1565__600_1800,39,t_8_16,144.0,0.0,0.0,2.0,0.9569163600404927,0.689460794249279,0.8028,0,0,stable
1565__600_1800,40,t_8_16,90.0,0.0,0.0,4.0,0.2879899794840875,0.58429352590587,0.8028,0,0,stable
1565__600_1800,41,t_8_16,100.0,0.0,0.0,2.0,0.9951498385176276,0.7416518056618026,0.8028,0,0,stable
1565__600_1800,42,t_8_16,132.0,0.0,0.0,2.0,0.9218424459613479,0.6645488787878753,0.8028,0,0,stable
1565__600_1800,43,t_8_16,110.0,0.0,0.0,2.0,0.9816587647862575,0.6205073907384185,0.8028,0,0,stable
1565__600_1800,44,t_8_16,120.0,0.25,0.25,2.0,0.9425755601050758,0.5113843606294343,0.8028,0,0,mild
1565__600_1800,45,t_8_16,210.0,0.0,0.0,5.0,0.9216799685446772,0.5022188096945471,0.8028,0,0,stable
1565__600_1800,46,t_8_16,240.0,0.0,0.0,5.0,0.9886297428524861,0.5551332292843684,0.8028,0,0,stable
1565__600_1800,47,t_8_16,255.0,0.0,0.0,5.0,0.9629173850971106,0.47462193628864124,0.8028,1,0,stable
1565__600_1800,48,t_8_16,169.99948120117188,0.0,0.0,4.0,0.96932038515437,0.6019247058823539,0.8028,0,0,stable
1565__600_1800,49,t_8_16,156.0,0.0,0.0,2.0,0.9842246716696529,0.6560257774121502,0.8028,0,0,stable
1565__600_1800,50,t_8_16,72.0,0.5,0.0,4.0,0.790742768009202,0.5598148867300018,0.8028,0,0,mild
1565__600_1800,51,t_8_16,108.0,0.5,0.25,2.0,0.327993414378731,0.39826915194842233,0.8028,1,0,mild
1565__600_1800,52,t_8_16,90.0006103515625,0.0,0.0,1.0,,0.640938833961206,0.8028,0,0,stable
1565__600_1800,53,t_8_16,104.0,0.25,0.25,3.0,0.6006931415238551,0.0,0.8028,1,0,mild
1565__600_1800,54,t_8_16,72.0,0.0,0.0,3.0,0.8849606713148638,0.5601359292825169,0.8028,0,0,stable
1579__2400_1200,0,t_8_16,220.0,0.0,0.0,4.0,0.9973483181911871,0.871275274898082,0.81317,0,1,stable
1584__1800_600,0,t_8_16,96.0,0.0,0.0,1.0,,0.7131624515868558,0.78789,0,0,stable
1584__1800_600,1,t_8_16,240.0,0.0,0.0,2.0,0.9757403430305023,0.5721520916666695,0.78789,0,0,stable
1584__1800_600,2,t_8_16,112.0,0.0,0.0,1.0,,0.8095923325620439,0.78789,0,1,stable
1584__1800_600,3,t_8_16,128.0,0.0,0.0,2.0,0.9957966896153545,0.6532275000000062,0.78789,0,0,stable
1584__1800_600,4,t_8_16,120.00009155273438,0.0,0.0,5.0,0.7810005569162276,0.4707827054756128,0.78789,1,0,stable
1584__1800_600,11,t_8_16,64.0,0.0,0.0,0.0,,0.647630283999334,0.78789,0,0,stable
1584__1800_600,13,t_8_16,112.0,0.0,0.0,2.0,0.9992997771628218,0.6473263896872211,0.78789,0,0,stable
1584__1800_600,14,t_8_16,72.0,0.0,0.0,4.0,0.9782905655589641,0.6157525156835405,0.78789,0,0,stable
1584__1800_600,15,t_8_16,160.0,0.0,0.0,3.0,0.9781809806122004,0.7631010749999942,0.78789,0,1,stable
1584__1800_600,16,t_8_16,168.0,0.0,0.0,3.0,0.6741948459116311,0.6446703084562213,0.78789,0,0,stable
1584__1800_600,17,t_8_16,191.9996337890625,0.0,0.0,5.0,0.8404316825100254,0.5899396562500024,0.78789,0,0,stable
1584__1800_600,18,t_8_16,160.0,0.25,0.0,1.0,,0.039594413044011886,0.78789,1,0,mild
1584__1800_600,19,t_8_16,120.0,0.0,0.0,2.0,0.5704698685824657,0.5710953889396603,0.78789,0,0,stable
1584__1800_600,20,t_8_16,144.0,0.0,0.0,2.0,0.9843410465819573,0.7900003400290835,0.78789,0,1,stable
1584__1800_600,21,t_8_16,96.0,0.25,0.0,2.0,0.9242423235460009,0.6450135573498574,0.78789,0,0,mild
1584__1800_600,29,t_8_16,216.000732421875,0.0,0.0,3.0,0.8072618395783604,0.4654395337624665,0.78789,1,0,stable
1584__1800_600,30,t_8_16,220.0,0.0,0.0,5.0,0.9522239290730278,0.39859582215184647,0.78789,1,0,stable
1584__1800_600,31,t_8_16,192.0,0.0,0.0,4.0,0.767918350301575,0.7095916352995961,0.78789,0,0,stable
1584__1800_600,32,t_8_16,224.0,0.0,0.0,2.0,0.9990661204867,0.5771626734992648,0.78789,0,0,stable
1584__1800_600,33,t_8_16,224.0,0.0,0.0,4.0,0.9880328416329042,0.8683107499999982,0.78789,0,1,stable
1584__1800_600,34,t_8_16,112.0,0.25,0.25,1.0,,0.7188251099239445,0.78789,0,0,mild
1584__1800_600,35,t_8_16,224.0,0.0,0.0,5.0,0.7739485175603976,0.6234153367338519,0.78789,0,0,stable
1584__1800_600,36,t_8_16,144.0,0.0,0.0,2.0,0.9952573679951332,0.6216956950874555,0.78789,0,0,stable
1584__1800_600,37,t_8_16,110.00067138671875,0.0,0.0,2.0,0.9817302350978998,0.6274596757787617,0.78789,0,0,stable
1584__1800_600,38,s_16_32,288.0,0.0,0.0,3.0,0.9605038373105791,0.6074592222222233,0.78789,0,0,stable
1584__1800_600,39,t_8_16,216.0,0.0,0.0,5.0,0.8109551047257163,0.7478810370370322,0.78789,0,0,stable
1584__1800_600,40,t_8_16,200.0,0.0,0.0,3.0,0.9366879487764571,0.6747245173717219,0.78789,0,0,stable
1584__1800_600,41,t_8_16,180.0,0.0,0.0,2.0,0.9880121694146343,0.8063620444444463,0.78789,0,1,stable
1584__1800_600,42,t_8_16,224.0,0.0,0.0,4.0,0.5996681453106095,0.9441434077210787,0.78789,0,1,stable
1584__1800_600,43,t_8_16,180.00107955920976,0.25,0.0,4.0,0.9115529945420366,0.6381810796696367,0.78789,0,0,mild
1584__1800_600,44,s_16_32,288.0,0.0,0.0,5.0,0.9650516107367327,0.471424972222224,0.78789,1,0,stable
1584__1800_600,45,t_8_16,100.0,0.0,0.0,2.0,0.9990157523117714,0.611622581762978,0.78789,0,0,stable
1584__1800_600,46,t_8_16,180.0,0.25,0.0,5.0,0.8321345443900104,0.6324705676251569,0.78789,0,0,mild
1584__1800_600,47,t_8_16,130.0,0.5,0.5,2.0,0.265016513693583,0.6450290789567101,0.78789,0,0,mild
1584__1800_600,48,t_8_16,112.0,0.0,0.0,1.0,,0.7826882588564897,0.78789,0,1,stable
1584__1800_600,49,t_8_16,72.0,0.0,0.0,4.0,0.7506186184447666,0.36375657092978,0.78789,1,0,stable
1584__1800_600,50,t_8_16,135.00091552734375,0.0,0.0,1.0,,0.7115674116953191,0.78789,0,0,stable
1584__1800_600,51,t_8_16,143.0,0.0,0.0,4.0,0.9221555725173736,0.7001300821580136,0.78789,0,0,stable
1584__1800_600,52,t_8_16,150.0,0.25,0.0,3.0,0.7426438560886923,0.5543519476155349,0.78789,0,0,mild
1584__1800_600,53,t_8_16,126.0,0.0,0.0,1.0,,0.5957551898112541,0.78789,0,0,stable
1584__1800_600,54,t_8_16,154.0,0.0,0.0,3.0,0.9782298974312128,0.662448291971852,0.78789,0,0,stable
158__1800_0,0,t_8_16,127.99998474121094,0.5,0.5,0.0,,0.7076570666946319,0.89022,0,0,mild
158__1800_0,1,t_8_16,128.0,0.5,0.5,1.0,,0.8087847069451632,0.89022,0,1,mild
158__1800_0,2,t_8_16,160.0,0.0,0.0,3.0,0.9976853913175968,0.8460376836878419,0.89022,0,1,stable
158__1800_0,3,t_8_16,160.0,0.0,0.0,3.0,0.9902247395859035,0.7584140227466639,0.89022,0,1,stable
158__1800_0,4,t_8_16,112.0,0.0,0.0,1.0,,0.7462695209065168,0.89022,0,0,stable
158__1800_0,5,t_8_16,168.0,0.0,0.0,3.0,0.9945898095822346,0.7629979925319349,0.89022,0,1,stable
158__1800_0,6,t_8_16,112.0,0.0,0.0,2.0,0.9866624414179213,0.7683277519352874,0.89022,0,1,stable
158__1800_0,7,t_8_16,240.0,0.0,0.0,3.0,0.9951835270263648,0.5093409666666655,0.89022,0,0,stable
158__1800_0,8,t_8_16,216.0,0.0,0.0,3.0,0.9987215220848676,0.8175877698648651,0.89022,0,1,stable
158__1800_0,9,t_8_16,64.0,0.0,0.0,1.0,,0.6347450113313123,0.89022,0,0,stable
158__1800_0,10,t_8_16,160.0,0.0,0.0,3.0,0.9913516531711767,0.9554400346153602,0.89022,0,1,stable
158__1800_0,11,t_8_16,189.99998092651367,0.0,0.0,2.0,0.9904069389589489,0.8405399746688859,0.89022,0,1,stable
158__1800_0,12,t_8_16,120.0,0.0,0.0,2.0,0.9776018275192492,0.6334108978393014,0.89022,0,0,stable
158__1800_0,13,t_8_16,88.00006103515625,0.0,0.0,1.0,,0.7541065228840439,0.89022,0,1,stable
158__1800_0,14,t_8_16,130.00003814697266,0.25,0.0,1.0,,0.8014919525599127,0.89022,0,1,mild
158__1800_0,15,t_8_16,150.0,0.0,0.0,2.0,0.9955414901800821,0.9052174289070447,0.89022,0,1,stable
158__1800_0,16,t_8_16,180.0,0.25,0.0,4.0,0.8620117864857867,0.8782787581040341,0.89022,0,1,mild
158__1800_0,17,t_8_16,160.0,0.0,0.0,2.0,0.992567716322832,0.9147816006231966,0.89022,0,1,stable
158__1800_0,18,t_8_16,170.0,0.0,0.0,2.0,0.9953924764181022,0.7695636443751183,0.89022,0,1,stable
158__1800_0,19,t_8_16,112.0,0.25,0.25,1.0,,0.9077907052217487,0.89022,0,1,mild
158__1800_0,20,t_8_16,160.0,0.25,0.0,4.0,0.20241477092137816,0.8459889719282324,0.89022,0,1,mild
158__1800_0,21,t_8_16,204.0,0.0,0.0,3.0,0.9958164015679201,0.8374707398540958,0.89022,0,1,stable
158__1800_0,22,t_8_16,127.99951171875,0.0,0.0,3.0,0.9927086306151889,0.7145287222587638,0.89022,0,0,stable
158__1800_0,23,t_8_16,126.0008544921875,0.0,0.0,3.0,0.9958041936224593,0.6694433834011627,0.89022,0,0,stable
158__1800_0,24,t_8_16,144.0009765625,0.25,0.0,4.0,0.6121306697163109,0.8882039707076291,0.89022,0,1,mild
158__1800_0,25,t_8_16,192.0,0.0,0.0,4.0,0.9799008187197614,0.5828166814564739,0.89022,0,0,stable
158__1800_0,26,s_16_32,416.0,0.0,0.0,8.0,0.9944424860608986,0.8660152812463079,0.89022,0,1,stable
158__1800_0,27,t_8_16,198.0,0.0,0.0,4.0,0.9854937838304689,0.5077068329624517,0.89022,0,0,stable
158__1800_0,28,t_8_16,160.0009765625,0.0,0.0,3.0,0.8115679551513137,0.8186493899095855,0.89022,0,1,stable
158__1800_0,29,t_8_16,160.0,0.0,0.0,3.0,0.9887098655794205,0.6696072501800758,0.89022,0,0,stable
158__1800_0,30,t_8_16,96.0,0.5,0.5,1.0,,0.7187266577194329,0.89022,0,0,mild
158__1800_0,31,t_8_16,77.0,0.25,0.0,3.0,0.49637188643686453,0.8371800137972584,0.89022,0,1,mild
158__1800_0,32,s_16_32,392.0,0.0,0.0,9.0,0.9875230379785072,0.8357404974489796,0.89022,0,1,stable
158__1800_0,33,s_16_32,312.0,0.0,0.0,4.0,0.9866218198618392,0.7444227863935183,0.89022,0,0,stable
158__1800_0,34,t_8_16,160.0,0.0,0.0,2.0,0.9627188309469786,0.7891871367175276,0.89022,0,1,stable
158__1800_0,35,s_16_32,335.99853515625,0.0,0.0,5.0,0.9932043426322981,0.7744618839171851,0.89022,0,1,stable
158__1800_0,36,t_8_16,84.0,0.0,0.0,2.0,0.9638530510449466,0.6150073875560239,0.89022,0,0,stable
158__1800_0,38,t_8_16,144.0,0.0,0.0,2.0,0.9969041168880849,0.6439601939091651,0.89022,0,0,stable
158__1800_2475,0,s_16_32,264.0,0.0,0.0,7.0,0.9936180501851649,0.8300242904331291,0.84513,0,1,stable
158__1800_2475,1,t_8_16,128.0,0.5,0.5,0.0,,0.9308623775348837,0.84513,0,1,mild
158__1800_2475,2,t_8_16,192.0,0.0,0.0,5.0,0.9760975114670665,0.8724303633971248,0.84513,0,1,stable
158__1800_2475,3,t_8_16,90.0,0.0,0.0,6.0,0.9984754266033186,0.6618137530887687,0.84513,0,0,stable
158__1800_2475,4,t_8_16,234.00054931640625,0.0,0.0,5.0,0.7423454466497436,0.6896293677177627,0.84513,0,0,stable
158__1800_2475,5,t_8_16,160.0,0.0,0.0,2.0,0.9795569092827172,0.8557931226895091,0.84513,0,1,stable
158__1800_2475,6,t_8_16,128.0,0.0,0.0,2.0,0.9984336474588328,0.9325572883238388,0.84513,0,1,stable
158__1800_2475,7,t_8_16,176.0,0.0,0.0,2.0,0.8057545482347187,0.8641497897727175,0.84513,0,1,stable
158__1800_2475,8,t_8_16,180.0,0.0,0.0,3.0,0.9756128131887495,0.7199816849956469,0.84513,0,0,stable
158__1800_2475,9,t_8_16,195.9991455078125,0.0,0.0,4.0,0.9513208035196045,0.7537996845012135,0.84513,0,1,stable
158__1800_2475,10,t_8_16,153.99949645996094,0.0,0.0,2.0,0.9884301415308252,0.8096690854793243,0.84513,0,1,stable
158__1800_2475,11,t_8_16,128.0,0.0,0.0,3.0,0.9893745521110809,0.8112493134160689,0.84513,0,1,stable
158__1800_2475,12,t_8_16,176.0,0.0,0.0,2.0,0.9922981880100168,0.7946994889358386,0.84513,0,1,stable
158__1800_2475,13,t_8_16,88.0,0.25,0.25,1.0,,0.6522368503216087,0.84513,0,0,mild
1602__0_2050,0,s_16_32,520.001220703125,0.25,0.0,9.0,0.21545832863523567,0.7969757096029023,0.82353,0,1,mild
1602__0_2050,1,s_16_32,952.0,0.0,0.0,10.0,0.7879559809428203,0.8214591460249333,0.82353,0,1,stable
1602__0_2050,2,s_16_32,896.0,0.0,0.0,10.0,0.9371871445169555,0.6486853053770757,0.82353,0,0,stable
1602__0_2050,3,s_16_32,288.0,0.0,0.0,3.0,0.996032973287223,0.9068964596126042,0.82353,0,1,stable
1602__0_2050,4,s_16_32,324.0,0.0,0.0,6.0,0.991675589522848,0.8728680252968277,0.82353,0,1,stable
1602__0_2050,5,s_16_32,378.0,0.0,0.0,6.0,0.9943550655144405,0.9091593047189707,0.82353,0,1,stable
1602__0_2050,6,s_16_32,616.0003356933594,0.0,0.0,10.0,0.9852462690634799,0.6128910330020086,0.82353,0,0,stable
1602__0_2050,7,s_16_32,311.9996032714844,0.0,0.0,5.0,0.994141767013953,0.7802826746004065,0.82353,0,1,stable
1602__0_2050,8,t_8_16,252.0,0.0,0.0,4.0,0.9831331262972933,0.6914166696213134,0.82353,0,0,stable
1602__0_2050,9,s_16_32,384.0,0.0,0.0,7.0,0.989164160651923,0.7980240612181853,0.82353,0,1,stable
1602__0_2050,10,s_16_32,335.99981689453125,0.0,0.0,9.0,0.9614067007951441,0.7967827120197354,0.82353,0,1,stable
1602__0_2050,11,t_8_16,223.9981689490378,0.0,0.0,2.0,0.6832789717422094,0.7319215624999971,0.82353,0,0,stable
1602__0_2050,12,t_8_16,224.000244140625,0.0,0.0,4.0,0.9869691327900034,0.8373251145619758,0.82353,0,1,stable
1602__0_2050,13,s_16_32,448.00042724609375,0.0,0.0,9.0,0.9100436958906626,0.7383045190744327,0.82353,0,0,stable
1602__0_2050,14,t_8_16,208.0,0.0,0.0,5.0,0.9905430264030045,0.6873440645982872,0.82353,0,0,stable
1602__0_2050,15,t_8_16,191.99914550827816,0.0,0.0,3.0,0.7363851307316904,0.7929219202137695,0.82353,0,1,stable
1602__0_2050,16,s_16_32,392.0,0.0,0.0,5.0,0.9912164013933139,0.8209768597825826,0.82353,0,1,stable
1602__0_2050,17,t_8_16,96.0,0.0,0.0,2.0,0.9942048725681517,0.5697235386591174,0.82353,0,0,stable
1602__0_2050,18,t_8_16,160.0009765625,0.5,0.25,2.0,0.34337048209850385,0.5772756958838852,0.82353,0,0,mild
1602__0_2050,19,s_16_32,260.0,0.0,0.0,5.0,0.9241173031851876,0.8803974509439744,0.82353,0,1,stable
1602__0_2050,20,t_8_16,168.000732421875,0.0,0.0,4.0,0.9619990984690572,0.8178318299710099,0.82353,0,1,stable
1602__0_2050,21,t_8_16,240.0,0.0,0.0,3.0,0.9977985613930642,0.8203481041666703,0.82353,0,1,stable
1602__0_2050,22,t_8_16,216.0,0.0,0.0,6.0,0.9863537090186419,0.872917775945473,0.82353,0,1,stable
1602__0_2050,23,t_8_16,168.0,0.0,0.0,4.0,0.9685005875286054,0.8067659542001273,0.82353,0,1,stable
1602__0_2050,24,s_16_32,260.0001983642578,0.0,0.0,5.0,0.9738049311452043,0.6352459818988824,0.82353,0,0,stable
1602__0_2050,25,s_16_32,263.9996643066406,0.0,0.0,5.0,0.9400235832996727,0.9496301486379393,0.82353,0,1,stable
1602__0_2050,26,t_8_16,168.0,0.0,0.0,3.0,0.9034129985184448,0.8582717218746022,0.82353,0,1,stable
1602__0_2050,27,s_16_32,288.0,0.0,0.0,7.0,0.9917904042398603,0.6873200632339717,0.82353,0,0,stable
1602__0_2050,28,t_8_16,168.0,0.0,0.0,2.0,0.9737128791776032,0.7276271389106863,0.82353,0,0,stable
1602__0_2050,29,t_8_16,240.0,0.0,0.0,7.0,0.8817254190069492,0.8521745637837358,0.82353,0,1,stable
1602__0_2050,30,t_8_16,192.0,0.25,0.0,5.0,0.39884744899346763,0.8648873702385531,0.82353,0,1,mild
1602__0_2050,31,t_8_16,220.0,0.0,0.0,4.0,0.9844889033899314,0.6675538644740996,0.82353,0,0,stable
1602__0_2050,32,t_8_16,187.0,0.25,0.0,4.0,0.975656421204474,0.629352563080934,0.82353,0,0,mild
16555,0,s_16_32,450.0,0.0,0.0,8.0,0.9978692651588039,0.866243951040146,0.79688,0,1,stable
16555,1,t_8_16,190.0,0.25,0.0,3.0,0.9278209549538413,0.7590605993071693,0.79688,0,1,mild
16555,2,t_8_16,198.0013427734375,0.0,0.0,4.0,0.9978531462869793,0.7432013683971747,0.79688,0,0,stable
16555,3,t_8_16,230.00140380859375,0.0,0.0,3.0,0.9946562982952745,0.8580722432770576,0.79688,0,1,stable
16555,4,s_16_32,792.0,0.0,0.0,10.0,0.9978593630211536,0.9104418987441688,0.79688,0,1,stable
16555,5,s_16_32,792.0,0.0,0.0,10.0,0.9953931521950604,0.8549365931557127,0.79688,0,1,stable
16555,6,t_8_16,199.99969482421875,0.25,0.0,3.0,0.2879493145260557,0.0,0.79688,1,0,mild
16555,7,s_16_32,336.0,0.0,0.0,7.0,0.9630251840586296,0.6849343660714294,0.79688,0,0,stable
1675__2428_0,0,t_8_16,140.0,0.0,0.0,2.0,0.9951652645009716,0.828863784849874,0.84145,0,1,stable
1675__2428_0,1,t_8_16,159.99969482421875,0.0,0.0,2.0,0.996401136497302,0.9370311415970917,0.84145,0,1,stable
1675__2428_0,2,t_8_16,112.0,0.5,0.5,0.0,,0.843224653544286,0.84145,0,1,mild
1675__2428_0,3,t_8_16,128.0,0.0,0.0,2.0,0.9914206411576517,0.6929835542910362,0.84145,0,0,stable
1675__2428_0,4,t_8_16,128.0,0.0,0.0,2.0,0.9921841596504625,0.8197774916006169,0.84145,0,1,stable
1675__2428_0,5,t_8_16,127.99993896484375,0.25,0.25,3.0,0.0917428838937591,0.7481271374590565,0.84145,0,0,mild
1675__2428_0,6,t_8_16,128.0,0.5,0.5,0.0,,0.6933044796099483,0.84145,0,0,mild
1675__2428_0,7,t_8_16,160.0,0.0,0.0,4.0,0.9973462127970655,0.8205131216215794,0.84145,0,1,stable
1675__2428_0,8,t_8_16,112.0,0.25,0.25,1.0,,0.7774029005744195,0.84145,0,1,mild
1681c6e5f,0,t_8_16,144.0,0.0,0.0,3.0,0.993868806158213,0.918505502758496,0.847,0,1,stable
1681c6e5f,1,t_8_16,196.0,0.0,0.0,4.0,0.9910400310428515,0.8188613947717567,0.847,0,1,stable
1681c6e5f,2,t_8_16,240.0,0.0,0.0,5.0,0.9799630639019222,0.6902394041666632,0.847,0,0,stable
1681c6e5f,3,t_8_16,126.0,0.0,0.0,2.0,0.9813030735236051,0.83843927459241,0.847,0,1,stable
1681c6e5f,4,t_8_16,132.0,0.0,0.0,2.0,0.990137342786464,0.8468631036957469,0.847,0,1,stable
1681c6e5f,5,s_16_32,341.9989013671875,0.0,0.0,7.0,0.6908030905706208,0.948509862763297,0.847,0,1,stable
1681c6e5f,6,s_16_32,300.0,0.0,0.0,6.0,0.7742529590855658,0.7510822118265547,0.847,0,1,stable
1681c6e5f,7,t_8_16,195.0,0.0,0.0,3.0,0.9776899233384708,0.8146015003807044,0.847,0,1,stable
1681c6e5f,8,t_8_16,80.0,0.25,0.25,2.0,0.9790671096564706,0.0,0.847,1,0,mild
1681c6e5f,9,t_8_16,120.0,0.0,0.0,2.0,0.9818112074573369,0.7104223880538205,0.847,0,0,stable
1681c6e5f,10,t_8_16,170.0,0.0,0.0,3.0,0.9934542060444594,0.7702079306681582,0.847,0,1,stable
1681c6e5f,11,s_16_32,400.0,0.0,0.0,10.0,0.984430711967894,0.44482412445236075,0.847,1,0,stable
16995,0,t_8_16,208.0009765625,0.25,0.0,5.0,0.5117029644427467,0.59264233059403,0.46252,0,0,mild
16995,1,t_8_16,140.0008544921875,0.0,0.0,2.0,0.9844173129716939,0.5792391340490871,0.46252,0,0,stable
16995,2,t_8_16,132.0,0.25,0.0,2.0,0.7338176803312499,0.8634882284247685,0.46252,0,1,mild
16995,3,t_8_16,84.0,0.25,0.0,3.0,0.1277066080056584,0.37176550319746454,0.46252,1,0,mild
16995,4,t_8_16,168.0,0.0,0.0,3.0,0.8826444468761911,0.6454814044388052,0.46252,0,0,stable
16995,5,t_8_16,110.0,0.25,0.0,2.0,0.9752641553221262,0.5881267707589046,0.46252,0,0,mild
16995,6,t_8_16,156.0,0.25,0.0,4.0,0.697976153197708,0.7357514084281889,0.46252,0,0,mild
16995,7,t_8_16,144.0,0.25,0.0,3.0,0.5600155787812219,0.7410935214035171,0.46252,0,0,mild
16995,8,t_8_16,80.0,0.0,0.0,1.0,,0.5956341788683455,0.46252,0,0,stable
17992,0,t_8_16,190.0,0.0,0.0,4.0,0.9981490755432612,0.7709708075603171,0.8273,0,1,stable
17992,1,t_8_16,105.0,0.0,0.0,5.0,0.9943386919124267,0.8829151333034297,0.8273,0,1,stable
17992,2,t_8_16,119.0,0.0,0.0,5.0,0.9605205658528749,0.781534079672034,0.8273,0,1,stable
17992,3,t_8_16,144.0,0.0,0.0,3.0,0.9964576634550765,0.8173445277777778,0.8273,0,1,stable
17992,4,t_8_16,105.0,0.0,0.0,3.0,0.6034390874849096,0.8363018065074793,0.8273,0,1,stable
17992,5,t_8_16,120.0,0.0,0.0,2.0,0.9924501929841011,0.871815000000005,0.8273,0,1,stable
17e4b69db,0,t_8_16,109.99983215332031,0.0,0.0,2.0,0.9980434945208078,0.6732143859198167,0.71561,0,0,stable
1809__600_2356,0,t_8_16,132.0,0.0,0.0,7.0,0.5100041181856427,0.0,0.81676,1,0,stable
1809__600_2356,1,t_8_16,200.0,0.0,0.0,3.0,0.9961214297069593,0.9211981381826009,0.81676,0,1,stable
1809__600_2356,2,t_8_16,168.0,0.0,0.0,3.0,0.9168042174812043,0.7587889505154555,0.81676,0,1,stable
1809__600_2356,3,t_8_16,220.0,0.0,0.0,4.0,0.9889113104503536,0.867160936986108,0.81676,0,1,stable
1809__600_2356,4,t_8_16,112.0,0.25,0.25,2.0,0.9547334326617857,0.6073119952860725,0.81676,0,0,mild
1809__600_2356,5,t_8_16,160.0,0.0,0.0,3.0,0.9902789427111728,0.7492844765523257,0.81676,0,0,stable
1809__600_2356,6,s_16_32,280.0,0.0,0.0,4.0,0.9976615076703672,0.8222386285714302,0.81676,0,1,stable
1809__600_2356,7,t_8_16,200.0,0.25,0.0,5.0,0.8482390527384047,0.8420027464524887,0.81676,0,1,mild
1809__600_2356,8,t_8_16,128.0,0.0,0.0,1.0,,0.8231321772158617,0.81676,0,1,stable
1809__600_2356,9,t_8_16,240.0,0.0,0.0,4.0,0.988355080015364,0.7849583999999998,0.81676,0,1,stable
1809__600_2356,10,t_8_16,220.0013427734375,0.25,0.0,5.0,0.1566002257446876,0.8594266947109374,0.81676,0,1,mild
1809__600_2356,11,t_8_16,140.0,0.0,0.0,2.0,0.9982909784516562,0.5928765956945083,0.81676,0,0,stable
1809__600_2356,12,t_8_16,160.0,0.0,0.0,2.0,0.9941475828982822,0.7090692281453822,0.81676,0,0,stable
1809__600_2356,13,t_8_16,128.0,0.0,0.0,2.0,0.9972356717731714,0.7545509005506951,0.81676,0,1,stable
1809__600_2356,14,t_8_16,160.0,0.0,0.0,3.0,0.9933846012483809,0.8853103000952289,0.81676,0,1,stable
1809__600_2356,15,t_8_16,112.0,0.0,0.0,2.0,0.9975202341869774,0.589601544968753,0.81676,0,0,stable
1809__600_2356,16,t_8_16,180.0,0.0,0.0,4.0,0.8689985855626797,0.6904502496539568,0.81676,0,0,stable
1809__600_2356,17,t_8_16,128.0,0.0,0.0,3.0,0.9902804563642373,0.6861499149436774,0.81676,0,0,stable
1809__600_2356,18,t_8_16,96.0,0.25,0.25,2.0,0.9972305619907335,0.4962212903806666,0.81676,1,0,mild
1809__600_2356,19,s_16_32,364.0,0.0,0.0,5.0,0.9884927730942895,0.7337193901098833,0.81676,0,0,stable
1809__600_2356,21,s_16_32,308.0,0.0,0.0,4.0,0.894242058299495,0.493950357142857,0.81676,1,0,stable
1809__600_2356,22,s_16_32,308.0,0.0,0.0,7.0,0.9932443946645764,0.7795642207792289,0.81676,0,1,stable
1809__600_2356,23,s_16_32,336.0,0.0,0.0,4.0,0.909445061608269,0.4827436428571416,0.81676,1,0,stable
1809__600_2356,24,t_8_16,180.0,0.0,0.0,2.0,0.9769892317794622,0.7787633694090784,0.81676,0,1,stable
1809__600_2356,25,s_16_32,285.0,0.0,0.0,6.0,0.8720498727579689,0.5028430947368447,0.81676,0,0,stable
1809__600_2356,26,t_8_16,126.0,0.0,0.0,1.0,,0.6395242281443466,0.81676,0,0,stable
1809__600_2356,27,t_8_16,150.00091552734375,0.0,0.0,2.0,0.9991039801541503,0.1832697371360961,0.81676,1,0,stable
1809__600_2356,28,s_16_32,325.0,0.0,0.0,7.0,0.9491329245353392,0.7443451199999951,0.81676,0,0,stable
1809__600_2356,29,s_16_32,260.0,0.0,0.0,6.0,0.9020252148379857,0.4511023441615438,0.81676,1,0,stable
1809__600_2356,30,t_8_16,154.0,0.25,0.25,5.0,0.4666795198953067,0.5860472707984375,0.81676,0,0,mild
1809__600_2356,31,t_8_16,135.0,0.0,0.0,2.0,0.9855547586287008,0.881343113490223,0.81676,0,1,stable
1809__600_2356,32,s_16_32,468.0,0.0,0.0,8.0,0.9211301098517586,0.3728622756410269,0.81676,1,0,stable
1809__600_2356,33,t_8_16,120.0,0.0,0.0,2.0,0.9041532924894298,0.49846496056988476,0.81676,1,0,stable
1815__1200_600,0,t_8_16,128.0,0.0,0.0,2.0,0.9917326992593022,0.709793478098454,0.83495,0,0,stable
1815__1200_600,1,t_8_16,180.0,0.0,0.0,2.0,0.9968365884862969,0.8201222666666647,0.83495,0,1,stable
1815__1200_600,2,t_8_16,192.0,0.0,0.0,4.0,0.9713273320788786,0.684258976270147,0.83495,0,0,stable
1815__1200_600,3,t_8_16,192.0,0.0,0.0,2.0,0.9777576731116504,0.8050393867780441,0.83495,0,1,stable
1815__1200_600,4,t_8_16,180.0,0.0,0.0,3.0,0.9959999817944292,0.5528475074145437,0.83495,0,0,stable
1815__1200_600,5,t_8_16,224.0,0.0,0.0,5.0,0.988793944488405,0.6472461599330355,0.83495,0,0,stable
1815__1200_600,6,t_8_16,160.0,0.5,0.0,4.0,0.42522160041830437,0.698256456070799,0.83495,0,0,mild
1815__1200_600,7,t_8_16,192.0,0.0,0.0,5.0,0.8696511580853559,0.8631250663181343,0.83495,0,1,stable
1815__1200_600,8,t_8_16,192.0,0.0,0.0,3.0,0.8144696576805224,0.7670895384700518,0.83495,0,1,stable
1815__1200_600,9,t_8_16,215.9989013671875,0.0,0.0,5.0,0.907112774831721,0.6759732407407438,0.83495,0,0,stable
1815__1200_600,10,s_16_32,480.0,0.0,0.0,8.0,0.9853112438864476,0.7127116646403924,0.83495,0,0,stable
1815__1200_600,11,t_8_16,252.0,0.0,0.0,4.0,0.9850860720418194,0.5514269986693328,0.83495,0,0,stable
1815__1200_600,12,t_8_16,128.0,0.0,0.0,2.0,0.9902383972287466,0.6270674714421434,0.83495,0,0,stable
1815__1200_600,13,t_8_16,140.0,0.25,0.0,3.0,0.9405958336974103,0.7702971967895732,0.83495,0,1,mild
1815__1200_600,14,t_8_16,140.0,0.0,0.0,1.0,,0.6738332199680107,0.83495,0,0,stable
1815__1200_600,15,t_8_16,144.0,0.25,0.25,2.0,0.9985635900542135,0.6578864400332478,0.83495,0,0,mild
1815__1200_600,16,t_8_16,96.0,0.0,0.0,1.0,,0.6562815803465543,0.83495,0,0,stable
1815__1200_600,17,t_8_16,203.99896240234375,0.25,0.0,5.0,0.7808732910984718,0.7543908358502736,0.83495,0,1,mild
1815__1200_600,18,t_8_16,180.0,0.0,0.0,2.0,0.8590730857118374,0.32498453367409275,0.83495,1,0,stable
1831__0_2108,0,t_8_16,220.0,0.0,0.0,3.0,0.9498376204095472,0.0,0.63239,1,0,stable
1831__0_2108,1,t_8_16,71.99999141693115,0.0,0.0,4.0,0.9847487235839062,0.584118430207621,0.63239,0,0,stable
1834__1800_1800,0,s_16_32,336.0,0.0,0.0,8.0,0.42998504220143824,0.6506294612103192,0.78348,0,0,stable
1834__1800_1800,1,t_8_16,160.0,0.25,0.0,4.0,0.9009921673952698,0.7859700000000012,0.78348,0,1,mild
1834__1800_1800,2,t_8_16,112.0,0.0,0.0,3.0,0.9960955707473957,0.7264919160025848,0.78348,0,0,stable
1834__1800_1800,3,t_8_16,107.99945068359375,0.0,0.0,7.0,0.6971561462243805,0.7734696417094372,0.78348,0,1,stable
1834__1800_1800,5,t_8_16,96.0,0.0,0.0,2.0,0.9987241708792776,0.6188245978549013,0.78348,0,0,stable
1834__1800_1800,6,t_8_16,112.0,0.0,0.0,2.0,0.9318803630804202,0.7756545544682546,0.78348,0,1,stable
1834__1800_1800,7,t_8_16,144.0,0.0,0.0,2.0,0.987454558175227,0.6367373305247397,0.78348,0,0,stable
1834__1800_1800,8,t_8_16,72.0,0.0,0.0,2.0,0.9250935686233112,0.6903327444867825,0.78348,0,0,stable
1834__1800_1800,10,t_8_16,96.0,0.0,0.0,2.0,0.8818659567027282,0.6173978077238891,0.78348,0,0,stable
1834__1800_1800,11,t_8_16,112.0,0.0,0.0,2.0,0.9512607474658019,0.7569251316836844,0.78348,0,1,stable
1834__1800_1800,12,t_8_16,96.0,0.25,0.25,2.0,0.9768773037543689,0.6846883285267047,0.78348,0,0,mild
1834__1800_1800,14,s_16_32,350.0,0.0,0.0,7.0,0.683824780825403,0.0,0.78348,1,0,stable
1834__1800_1800,15,t_8_16,192.0,0.0,0.0,2.0,0.37854156918471826,0.0,0.78348,1,0,stable
1834__1800_1800,16,s_16_32,280.001708984375,0.25,0.0,6.0,0.6679060887747897,0.0,0.78348,1,0,mild
1834__1800_1800,17,s_16_32,504.002197265625,0.0,0.0,7.0,0.9833869021572668,0.0,0.78348,1,0,stable
1834__1800_1800,18,t_8_16,140.0,0.0,0.0,2.0,0.9607571888219147,0.6820710473720908,0.78348,0,0,stable
1834__1800_1800,19,t_8_16,96.0,0.0,0.0,5.0,0.9910798264133662,0.8646574031072793,0.78348,0,1,stable
1834__1800_1800,20,t_8_16,108.0,0.0,0.0,5.0,0.9596546935423514,0.6654081564537028,0.78348,0,0,stable
1834__1800_1800,21,t_8_16,140.0,0.0,0.0,2.0,0.9958417850958181,0.87127363188224,0.78348,0,1,stable
1834__1800_1800,22,t_8_16,126.0,0.25,0.25,5.0,0.8640002772580948,0.0,0.78348,1,0,mild
1834__1800_1800,23,t_8_16,136.0,0.0,0.0,2.0,0.9697190020352063,0.8408453774609264,0.78348,0,1,stable
1834__1800_1800,24,s_16_32,405.0,0.0,0.0,6.0,0.9955803115819899,0.0,0.78348,1,0,stable
1834__1800_1800,25,t_8_16,154.0,0.0,0.0,2.0,0.9627584164765475,0.6907637389872574,0.78348,0,0,stable
1834__1800_1800,26,s_16_32,352.0,0.0,0.0,8.0,0.821899873102442,0.6525481513298496,0.78348,0,0,stable
1834__1800_1800,27,s_16_32,276.0,0.5,0.25,3.0,0.506835481050083,0.7127243347959624,0.78348,0,0,mild
1834__1800_1800,28,t_8_16,140.0,0.0,0.0,2.0,0.9932103103502034,0.7404900314027749,0.78348,0,0,stable
1834__1800_1800,29,t_8_16,231.0,0.5,0.5,4.0,0.6445894486138397,0.6218872804595553,0.78348,0,0,mild
1834__1800_1800,30,t_8_16,108.0,0.0,0.0,2.0,0.9943257275850375,0.782372490342283,0.78348,0,1,stable
1834__1800_1800,31,t_8_16,119.99977111816406,0.0,0.0,6.0,0.9287870712479688,0.7244307583333325,0.78348,0,0,stable
1834__1800_1800,32,t_8_16,180.0,0.25,0.0,1.0,,0.6525660002166995,0.78348,0,0,mild
1838__0_600,0,t_8_16,252.0,0.0,0.0,7.0,0.9144809808669847,0.6537560476190515,0.82459,0,0,stable
1838__0_600,1,t_8_16,216.0,0.0,0.0,3.0,0.9935619694342934,0.7475393647314995,0.82459,0,0,stable
1838__0_600,2,t_8_16,128.0,0.25,0.25,3.0,0.9790827858366764,0.720199206612642,0.82459,0,0,mild
1838__0_600,3,t_8_16,112.0,0.0,0.0,3.0,0.971118579851817,0.7029271810984197,0.82459,0,0,stable
1838__0_600,4,t_8_16,128.0,0.0,0.0,2.0,0.9857371567809294,0.7761155267391311,0.82459,0,1,stable
1838__0_600,5,t_8_16,144.00048828125,0.0,0.0,4.0,0.9964423861565428,0.8201948075560542,0.82459,0,1,stable
1838__0_600,6,t_8_16,108.0003662109375,0.0,0.0,3.0,0.8631496466840369,0.631289736638295,0.82459,0,0,stable
1838__0_600,7,s_16_32,263.9986572265625,0.0,0.0,5.0,0.9881354741981615,0.5776293343566195,0.82459,0,0,stable
1838__0_600,8,t_8_16,240.0,0.0,0.0,4.0,0.9934000173591016,0.7812625500000016,0.82459,0,1,stable
1838__0_600,9,t_8_16,160.0,0.0,0.0,3.0,0.9949514369302437,0.8325239965994722,0.82459,0,1,stable
1838__0_600,10,t_8_16,128.0,0.75,0.75,1.0,,0.8231764316041791,0.82459,0,1,high
1838__0_600,11,t_8_16,160.0,0.25,0.25,3.0,0.9878568007984188,0.857320829429871,0.82459,0,1,mild
1838__0_600,12,t_8_16,96.0,0.0,0.0,2.0,0.9845415299763315,0.5829393685370012,0.82459,0,0,stable
1838__0_600,13,t_8_16,120.0,0.0,0.0,4.0,0.9843188730657243,0.6166204453139031,0.82459,0,0,stable
1838__0_600,14,t_8_16,160.0,0.0,0.0,3.0,0.9899279972253691,0.8308199324342924,0.82459,0,1,stable
1838__0_600,15,t_8_16,144.0,0.25,0.25,2.0,0.47420603650646026,0.7874860848545048,0.82459,0,1,mild
1838__0_600,16,t_8_16,196.0,0.0,0.0,5.0,0.9834486395376886,0.8492015714285758,0.82459,0,1,stable
1838__0_600,17,t_8_16,84.0,0.0,0.0,2.0,0.9846017040879331,0.5824414871261735,0.82459,0,0,stable
1838__0_600,18,t_8_16,160.0,0.0,0.0,2.0,0.9923447207165335,0.8041091828746464,0.82459,0,1,stable
1838__0_600,19,t_8_16,140.0,0.0,0.0,2.0,0.9669099416661346,0.7381197984038771,0.82459,0,0,stable
1838__0_600,20,t_8_16,96.0,0.0,0.0,5.0,0.6309176107711556,0.626047202524379,0.82459,0,0,stable
1838__0_600,21,t_8_16,168.0,0.0,0.0,2.0,0.9924333656757333,0.7352001697481156,0.82459,0,0,stable
1838__0_600,22,t_8_16,84.0,0.0,0.0,2.0,0.9387991541065404,0.6480682029303723,0.82459,0,0,stable
1838__0_600,23,t_8_16,96.0,0.0,0.0,1.0,,0.7990370211988196,0.82459,0,1,stable
1838__0_600,25,t_8_16,128.0,0.0,0.0,1.0,,0.665352682373148,0.82459,0,0,stable
1838__0_600,26,t_8_16,84.0,0.0,0.0,3.0,0.9702659527582063,0.43321901766504695,0.82459,1,0,stable
1838__0_600,27,t_8_16,96.0,0.0,0.0,3.0,0.9188873817352196,0.6072438190507209,0.82459,0,0,stable
1838__0_600,28,t_8_16,84.0,0.0,0.0,2.0,0.9605655895837288,0.5916564405586647,0.82459,0,0,stable
1838__0_600,29,t_8_16,80.0,0.25,0.25,1.0,0.9999583885250168,0.5230108393925456,0.82459,0,0,mild
1838__0_600,30,t_8_16,96.0,0.0,0.0,2.0,0.9971553659028027,0.698078920784447,0.82459,0,0,stable
1838__0_600,31,t_8_16,128.0,0.25,0.25,2.0,0.9473106040066901,0.7039045538116934,0.82459,0,0,mild
1838__0_600,32,t_8_16,100.0006103515625,0.25,0.25,1.0,0.9994226349974091,0.1665007424319019,0.82459,1,0,mild
1838__0_600,33,t_8_16,84.0,0.0,0.0,3.0,0.9646750082461781,0.5677855780475924,0.82459,0,0,stable
1838__0_600,35,t_8_16,112.0,0.0,0.0,1.0,,0.7144017398701704,0.82459,0,0,stable
1838__0_600,36,t_8_16,95.9996337890625,0.0,0.0,3.0,0.80112652974912,0.6156364061341751,0.82459,0,0,stable
1838__0_600,37,t_8_16,112.0,0.0,0.0,3.0,0.8419343381045167,0.0,0.82459,1,0,stable
1838__0_600,38,s_16_32,392.0,0.0,0.0,8.0,0.6664696778000878,0.6503248374634871,0.82459,0,0,stable
1838__0_600,39,t_8_16,160.0,0.5,0.5,1.0,,0.2698641511665721,0.82459,1,0,mild
1838__0_600,40,s_16_32,256.0,0.0,0.0,4.0,0.8686261868353671,0.34547179687500174,0.82459,1,0,stable
1838__0_600,41,t_8_16,160.0,0.25,0.25,2.0,0.9332528794654383,0.5454806478993647,0.82459,0,0,mild
1838__0_600,42,t_8_16,159.9993896484375,0.0,0.0,2.0,0.9994341892883342,0.49939492778605066,0.82459,1,0,stable
1838__0_600,43,t_8_16,191.9996337890625,0.0,0.0,3.0,0.9918734816662268,0.793915937499999,0.82459,0,1,stable
1838__0_600,44,t_8_16,143.9998779296875,0.0,0.0,2.0,0.9850845845327135,0.7345511355043822,0.82459,0,0,stable
1838__0_600,45,s_16_32,271.99896240234375,0.0,0.0,6.0,0.9607659281381603,0.5541109999999964,0.82459,0,0,stable
1838__0_600,46,s_16_32,320.0,0.0,0.0,5.0,0.9165021873333867,0.38183668124999937,0.82459,1,0,stable
1838__0_600,47,s_16_32,288.0,0.0,0.0,4.0,0.9885873433152205,0.5884193367394819,0.82459,0,0,stable
1838__0_600,48,t_8_16,168.0,0.0,0.0,1.0,0.9981152129617473,0.2194205397222365,0.82459,1,0,stable
1838__0_600,49,t_8_16,200.0,0.0,0.0,4.0,0.9896351108967023,0.6717412499999998,0.82459,0,0,stable
1838__0_600,50,s_16_32,288.0,0.0,0.0,5.0,0.987855315473555,0.4854873958333358,0.82459,1,0,stable
1838__0_600,51,t_8_16,128.0,0.25,0.25,3.0,0.19412736360146346,0.3949497284891983,0.82459,1,0,mild
1838__0_600,52,s_16_32,312.000732421875,0.0,0.0,5.0,0.913594528038247,0.41144272435897294,0.82459,1,0,stable
1838__0_600,53,s_16_32,448.0,0.0,0.0,5.0,0.8335053025386555,0.7445820278656344,0.82459,0,0,stable
1838__0_600,54,s_16_32,264.000732421875,0.0,0.0,5.0,0.9765318010895613,0.5244483716452746,0.82459,0,0,stable
1838__0_600,55,s_16_32,352.0,0.0,0.0,3.0,0.9920136068551507,0.47248391106920584,0.82459,1,0,stable
1838__0_600,56,t_8_16,140.0,0.0,0.0,1.0,0.9999997526357343,0.6669480562694166,0.82459,0,0,stable
1838__0_600,57,t_8_16,176.0,0.0,0.0,3.0,0.9863366620966841,0.5542603396586954,0.82459,0,0,stable
1838__0_600,58,t_8_16,223.99994659423828,0.0,0.0,5.0,0.9532953630538481,0.4557709553571424,0.82459,1,0,stable
1838__0_600,59,s_16_32,264.0,0.0,0.0,3.0,0.9218672574478242,0.5197874360713804,0.82459,0,0,stable
1838__0_600,60,s_16_32,308.0,0.0,0.0,5.0,0.870932356003777,0.4432193668831147,0.82459,1,0,stable
1838__0_600,61,s_16_32,384.0,0.0,0.0,7.0,0.9341997297556367,0.37644457812499893,0.82459,1,0,stable
1838__0_600,62,s_16_32,364.0,0.0,0.0,5.0,0.9937057151208644,0.38581729120879105,0.82459,1,0,stable
1838__0_600,63,t_8_16,144.0,0.0,0.0,2.0,0.8997478058535864,0.6105489930555474,0.82459,0,0,stable
1838__0_600,64,t_8_16,84.0,0.0,0.0,4.0,0.11241509543313022,0.0,0.82459,1,0,stable
1838__0_600,65,s_16_32,323.9997253417969,0.0,0.0,5.0,0.9419850753960051,0.8187720367014785,0.82459,0,1,stable
1838__0_600,66,t_8_16,168.0,0.0,0.0,2.0,0.9901872477891887,0.6271553001782346,0.82459,0,0,stable
1838__0_600,67,t_8_16,196.0,0.0,0.0,3.0,0.9876073328882157,0.5356259514555545,0.82459,0,0,stable
1838__0_600,68,t_8_16,240.0,0.0,0.0,3.0,0.7680683053053796,0.43646646390236393,0.82459,1,0,stable
1838__0_600,69,t_8_16,220.0,0.0,0.0,4.0,0.9746380348122614,0.5831050842574942,0.82459,0,0,stable
1838__0_600,70,t_8_16,144.0,0.0,0.0,3.0,0.9907892873634891,0.35433867316410406,0.82459,1,0,stable
1838__0_600,71,t_8_16,224.0,0.0,0.0,2.0,0.9640908240552074,0.6055029910714287,0.82459,0,0,stable
1838__0_600,72,t_8_16,192.0,0.0,0.0,4.0,0.9330832092534889,0.6581367896289525,0.82459,0,0,stable
1838__0_600,73,s_16_32,288.0,0.0,0.0,4.0,0.6683195234972823,0.48654449999999877,0.82459,1,0,stable
1838__0_600,74,t_8_16,192.0,0.0,0.0,4.0,0.9502391395532392,0.5655786225952012,0.82459,0,0,stable
1838__0_600,75,t_8_16,252.0,0.0,0.0,3.0,0.32499805432794426,0.476198357142852,0.82459,1,0,stable
1838__0_600,76,s_16_32,320.0,0.0,0.0,5.0,0.9270713691044126,0.4232532374999987,0.82459,1,0,stable
1838__0_600,77,t_8_16,179.99969482421875,0.0,0.0,3.0,0.9766863927843424,0.678935269918564,0.82459,0,0,stable
1838__0_600,78,s_16_32,520.0,0.0,0.0,9.0,0.987328629179353,0.37224211538461255,0.82459,1,0,stable
1838__0_600,79,t_8_16,192.0,0.0,0.0,3.0,0.9933340586588781,0.7095505527651143,0.82459,0,0,stable
1838__0_600,80,t_8_16,200.0,0.0,0.0,4.0,0.7746736464663437,0.3966787037858556,0.82459,1,0,stable
1838__0_600,81,t_8_16,240.0,0.0,0.0,4.0,0.9508715395346038,0.4960393950688521,0.82459,1,0,stable
1838__0_600,82,t_8_16,144.0,0.0,0.0,3.0,0.6776606750868573,0.1559731843838476,0.82459,1,0,stable
1838__0_600,83,t_8_16,220.0013427734375,0.0,0.0,4.0,0.9613460346680156,0.6174553500000026,0.82459,0,0,stable
1838__0_600,84,t_8_16,192.0,0.25,0.0,2.0,0.45061736003017294,0.7619674564361784,0.82459,0,1,mild
1838__0_600,85,t_8_16,128.0,0.25,0.25,3.0,0.9998755845290643,0.47278364138238504,0.82459,1,0,mild
1838__0_600,86,s_16_32,352.0,0.0,0.0,6.0,0.9741397326910713,0.47884149147727173,0.82459,1,0,stable
1838__0_600,87,t_8_16,180.0,0.0,0.0,3.0,0.9947890192387334,0.7644112895023595,0.82459,0,1,stable
1838__0_600,88,t_8_16,140.0,0.25,0.0,3.0,0.9333856762055724,0.563076963231389,0.82459,0,0,mild
1838__0_600,89,t_8_16,240.0,0.0,0.0,3.0,0.9904444903500151,0.5012363015854038,0.82459,0,0,stable
1838__0_600,90,s_16_32,447.9991455078125,0.0,0.0,6.0,0.9729836090941322,0.717300162824024,0.82459,0,0,stable
1838__0_600,91,s_16_32,308.0,0.0,0.0,4.0,0.9911010315499331,0.5142826980519454,0.82459,0,0,stable
1838__0_600,92,t_8_16,192.0,0.0,0.0,3.0,0.7941587847836903,0.537110789509068,0.82459,0,0,stable
1838__0_600,93,t_8_16,220.0,0.0,0.0,3.0,0.8830575093039614,0.0,0.82459,1,0,stable
1838__0_600,94,t_8_16,160.0,0.25,0.25,2.0,0.8985976929384257,0.5490682555778152,0.82459,0,0,mild
1838__0_600,95,s_16_32,288.0,0.0,0.0,7.0,0.9830835902059505,0.5509054687499967,0.82459,0,0,stable
1838__0_600,96,s_16_32,288.0,0.25,0.25,3.0,0.9006477597162569,0.11794726058698994,0.82459,1,0,mild
1838__0_600,97,t_8_16,120.0,0.5,0.25,2.0,0.8302159103853614,0.710539950585322,0.82459,0,0,mild
1838__0_600,98,t_8_16,168.0,0.0,0.0,2.0,0.9831138560044065,0.6243916620915883,0.82459,0,0,stable
1838__0_600,99,t_8_16,192.0,0.5,0.0,4.0,0.006567624548628407,0.5752220214872407,0.82459,0,0,mild
1838__0_600,100,t_8_16,216.0,0.0,0.0,3.0,0.9356607338698055,0.5981773534125022,0.82459,0,0,stable
1838__0_600,101,t_8_16,176.0,0.0,0.0,3.0,0.9938161775323957,0.727614007015805,0.82459,0,0,stable
1838__0_600,102,t_8_16,216.0,0.0,0.0,5.0,0.9937629717735984,0.7938054401055405,0.82459,0,1,stable
1838__0_600,103,t_8_16,240.0,0.25,0.0,2.0,0.8921037710701427,0.4667059432365315,0.82459,1,0,mild
1838__0_600,104,s_16_32,336.0,0.0,0.0,3.0,0.9847438053910406,0.5238714583333358,0.82459,0,0,stable
1838__0_600,105,t_8_16,167.999267578125,0.0,0.0,2.0,0.976279505162663,0.7019415343064553,0.82459,0,0,stable
1838__0_600,106,s_16_32,260.0,0.25,0.0,2.0,0.9850944632521618,0.4384808735580245,0.82459,1,0,mild
1838__0_600,107,s_16_32,308.0,0.0,0.0,4.0,0.7452624417246659,0.3695338636363603,0.82459,1,0,stable
1838__0_600,108,s_16_32,263.9998321533203,0.0,0.0,6.0,0.8854959646049118,0.6884868795979702,0.82459,0,0,stable
1838__0_600,109,s_16_32,780.0,0.0,0.0,10.0,0.8727978682950597,0.5045176846153842,0.82459,0,0,stable
1838__0_600,110,t_8_16,216.0,0.0,0.0,3.0,0.9859375185687199,0.5553299502680789,0.82459,0,0,stable
1838__0_600,111,t_8_16,224.0,0.0,0.0,2.0,0.996350245013545,0.5439008504017997,0.82459,0,0,stable
1838__0_600,112,t_8_16,96.0,0.0,0.0,1.0,,0.6228175100681005,0.82459,0,0,stable
1838__0_600,113,t_8_16,160.0,0.25,0.25,4.0,0.8912469658457591,0.6481810737407742,0.82459,0,0,mild
1838__0_600,114,s_16_32,320.0,0.0,0.0,5.0,0.6570735952059837,0.03640329951150419,0.82459,1,0,stable
1838__0_600,115,s_16_32,288.0,0.0,0.0,7.0,0.8508324596196316,0.4608975356501875,0.82459,1,0,stable
1838__0_600,116,t_8_16,120.0,0.0,0.0,2.0,0.6528375151566886,0.6825982714120284,0.82459,0,0,stable
1838__0_600,117,s_16_32,312.0,0.0,0.0,6.0,0.9948453404765688,0.4224553846153873,0.82459,1,0,stable
1838__0_600,118,s_16_32,260.0,0.25,0.0,5.0,0.8568055552517682,0.4131737884615425,0.82459,1,0,mild
1838__0_600,119,t_8_16,223.9991455078125,0.0,0.0,5.0,0.8849612541205254,0.6247910480312221,0.82459,0,0,stable
1838__0_600,120,s_16_32,288.0,0.0,0.0,6.0,0.9725070745231149,0.3965677230985278,0.82459,1,0,stable
1838__0_600,121,s_16_32,324.0,0.0,0.0,5.0,0.9761339312472412,0.33099232407407436,0.82459,1,0,stable
1838__0_600,122,s_16_32,264.0,0.0,0.0,4.0,0.8153720936786544,0.465788371212115,0.82459,1,0,stable
1838__0_600,123,t_8_16,96.0,0.0,0.0,3.0,0.933245623087043,0.0,0.82459,1,0,stable
1838__0_600,124,t_8_16,160.0,0.0,0.0,3.0,0.8265060363759219,0.6497746203078719,0.82459,0,0,stable
1838__0_600,125,t_8_16,220.0,0.0,0.0,3.0,0.9835693198705304,0.4689986769704434,0.82459,1,0,stable
1838__0_600,126,s_16_32,264.0,0.0,0.0,4.0,0.9117166820454241,0.4888814393939441,0.82459,1,0,stable
1838__0_600,127,t_8_16,180.0,0.0,0.0,3.0,0.9831853697472008,0.832782375078676,0.82459,0,1,stable
1838__0_600,128,s_16_32,364.0008544921875,0.0,0.0,6.0,0.9743018798984855,0.4945413987133671,0.82459,1,0,stable
1838__0_600,129,t_8_16,144.0,0.0,0.0,2.0,0.9263682880302821,0.5933591087455867,0.82459,0,0,stable
1838__0_600,130,t_8_16,252.0,0.0,0.0,5.0,0.6666333508611701,0.47472512301587144,0.82459,1,0,stable
1838__0_600,131,s_16_32,336.0,0.0,0.0,5.0,0.9268720684322241,0.9243170904382262,0.82459,0,1,stable
1838__0_600,132,s_16_32,720.0,0.25,0.0,9.0,0.07358061155235202,0.0631931123910605,0.82459,1,0,mild
1838__0_600,133,s_16_32,352.0,0.0,0.0,7.0,0.9936492289718808,0.481214633522727,0.82459,1,0,stable
1838__0_600,134,t_8_16,132.0,0.0,0.0,4.0,0.9827329036264365,0.6358570293231322,0.82459,0,0,stable
1838__0_600,135,t_8_16,144.0,0.5,0.5,2.0,0.985932638907118,0.737613366279928,0.82459,0,0,mild
1838__0_600,136,t_8_16,144.0,0.25,0.25,2.0,0.9346282865458481,0.024736176244389566,0.82459,1,0,mild
1838__0_600,137,t_8_16,96.0000114440918,0.0,0.0,2.0,0.9617537961174227,0.09396655063317214,0.82459,1,0,stable
1838__0_600,138,t_8_16,252.0,0.0,0.0,6.0,0.9594724011389,0.7739901937893968,0.82459,0,1,stable
1838__0_600,139,s_16_32,288.0,0.5,0.0,4.0,0.43225278116473986,0.42294915093461755,0.82459,1,0,mild
1838__0_600,140,t_8_16,167.9991455078125,0.0,0.0,2.0,0.9983145869168496,0.5732589042169334,0.82459,0,0,stable
1838__0_600,141,s_16_32,280.0,0.0,0.0,3.0,0.9759566119336316,0.5553247857142883,0.82459,0,0,stable
1838__0_600,142,t_8_16,240.0,0.0,0.0,4.0,0.9712807248985335,0.4876156625000049,0.82459,1,0,stable
1838__0_600,143,t_8_16,160.0,0.0,0.0,4.0,0.9854509786643156,0.4886379078329028,0.82459,1,0,stable
1838__0_600,144,t_8_16,168.0,0.0,0.0,3.0,0.9108053013130651,0.7076042222930309,0.82459,0,0,stable
1838__0_600,145,s_16_32,467.99920654296875,0.0,0.0,8.0,0.9711137780031694,0.6711649136733474,0.82459,0,0,stable
1838__0_600,146,t_8_16,112.0,0.5,0.5,0.0,,0.3616699413301969,0.82459,1,0,mild
1838__0_600,147,t_8_16,200.0,0.75,0.0,3.0,0.835573534289113,0.43888464545450084,0.82459,1,0,high
1838__0_600,148,s_16_32,480.0,0.0,0.0,4.0,0.4652020167107691,0.3374465437500028,0.82459,1,0,stable
1838__0_600,149,s_16_32,264.0,0.0,0.0,4.0,0.6364384462965942,0.49979632983845285,0.82459,1,0,stable
1838__0_600,150,t_8_16,216.0,0.0,0.0,2.0,0.5990136397315389,0.7350160714479547,0.82459,0,0,stable
1838__0_600,151,s_16_32,320.0,0.0,0.0,8.0,0.9537627089487237,0.4880921570534601,0.82459,1,0,stable
1838__0_600,152,t_8_16,224.0,0.0,0.0,1.0,0.999971450959157,0.4616533015737547,0.82459,1,0,stable
1838__0_600,153,t_8_16,216.000732421875,0.0,0.0,3.0,0.9287243485712203,0.46546458348870035,0.82459,1,0,stable
1838__0_600,154,s_16_32,308.0,0.0,0.0,5.0,0.9445232430348456,0.7538035194043722,0.82459,0,1,stable
1838__0_600,155,s_16_32,440.0,0.0,0.0,9.0,0.9856241038659395,0.5570573863636363,0.82459,0,0,stable
1838__0_600,156,t_8_16,255.9990234375,0.0,0.0,4.0,0.656652015394447,0.2767239386703684,0.82459,1,0,stable
1838__0_600,157,t_8_16,180.0,0.0,0.0,3.0,0.9678511985995624,0.6906451855130548,0.82459,0,0,stable
1838__0_600,158,s_16_32,264.0,0.0,0.0,6.0,0.9859669063539778,0.524070657212562,0.82459,0,0,stable
1838__0_600,159,t_8_16,192.0,0.0,0.0,2.0,0.949820377898532,0.4797068718206385,0.82459,1,0,stable
1838__0_600,160,t_8_16,140.0,0.0,0.0,1.0,,0.785825851018364,0.82459,0,1,stable
1838__0_600,161,s_16_32,336.0,0.0,0.0,8.0,0.8390015240832945,0.49446305945970936,0.82459,1,0,stable
1838__0_600,162,t_8_16,144.0,0.0,0.0,5.0,0.5726843793078228,0.0,0.82459,1,0,stable
1838__0_600,163,t_8_16,128.0,0.25,0.25,1.0,,0.11802754761666452,0.82459,1,0,mild
1838__0_600,164,t_8_16,192.0,0.0,0.0,2.0,0.853139231412138,0.4595317637850763,0.82459,1,0,stable
1838__0_600,165,t_8_16,180.0,0.0,0.0,2.0,0.9897169663565439,0.6398962114577904,0.82459,0,0,stable
1838__0_600,166,s_16_32,360.0,0.0,0.0,7.0,0.9909517976730642,0.5491381555555542,0.82459,0,0,stable
1838__0_600,167,t_8_16,160.0,0.0,0.0,2.0,0.9955911095341,0.7680360988188721,0.82459,0,1,stable
1838__0_600,168,t_8_16,120.0,0.25,0.25,3.0,0.9649270107896806,0.20354669121829497,0.82459,1,0,mild
1838__0_600,169,t_8_16,220.0,0.0,0.0,3.0,0.9328855347002947,0.5580656727272745,0.82459,0,0,stable
1838__0_600,170,t_8_16,220.0,0.0,0.0,3.0,0.9478751103976875,0.5253002590909156,0.82459,0,0,stable
1838__0_600,171,t_8_16,196.0,0.0,0.0,4.0,0.9730038486662484,0.1495140093460485,0.82459,1,0,stable
1838__0_600,172,s_16_32,308.0,0.0,0.0,5.0,0.9574023310100149,0.4215242337662306,0.82459,1,0,stable
1838__0_600,173,s_16_32,288.0,0.0,0.0,6.0,0.6964560019708342,0.4254642777777754,0.82459,1,0,stable
1838__0_600,174,s_16_32,308.0,0.0,0.0,5.0,0.9819157159114233,0.7454625038005879,0.82459,0,0,stable
1838__0_600,175,t_8_16,220.0,0.0,0.0,3.0,0.5362632897987056,0.5728322842486034,0.82459,0,0,stable
1838__0_600,176,s_16_32,351.9986572265625,0.0,0.0,6.0,0.9625229322600949,0.3419392840909095,0.82459,1,0,stable
1838__0_600,177,t_8_16,220.0,0.0,0.0,4.0,0.916130827547009,0.6102344318181808,0.82459,0,0,stable
1838__0_600,178,t_8_16,96.0,0.0,0.0,1.0,,0.6206576718903466,0.82459,0,0,stable
1838__0_600,179,t_8_16,220.0,0.0,0.0,4.0,0.9860047545452608,0.5963015886050282,0.82459,0,0,stable
1838__0_600,180,t_8_16,216.0,0.0,0.0,4.0,0.9751789952062792,0.5813810879629578,0.82459,0,0,stable
1838__0_600,181,t_8_16,216.0,0.0,0.0,4.0,0.9849628441067633,0.5984189166666719,0.82459,0,0,stable
1838__0_600,183,s_16_32,360.0,0.0,0.0,5.0,0.9840690476367097,0.31536041666666587,0.82459,1,0,stable
1838__0_600,184,s_16_32,312.0,0.25,0.0,4.0,0.23588073834570022,0.4661770589462634,0.82459,1,0,mild
1838__0_600,185,t_8_16,108.0,0.0,0.0,5.0,0.9977964688323165,0.45769700311982675,0.82459,1,0,stable
1838__0_600,186,s_16_32,360.0,0.0,0.0,6.0,0.824126451651494,0.30656827499999806,0.82459,1,0,stable
1838__0_600,187,t_8_16,140.0,0.0,0.0,2.0,0.984167634040556,0.7127243783667869,0.82459,0,0,stable
1838__0_600,188,t_8_16,216.0,0.0,0.0,5.0,0.8757710216898085,0.5731698282524508,0.82459,0,0,stable
1838__0_600,189,t_8_16,216.0,0.0,0.0,5.0,0.9575111210905767,0.8747172563384384,0.82459,0,1,stable
1838__0_600,190,t_8_16,192.0,0.0,0.0,3.0,0.9814943637475825,0.7293624471395268,0.82459,0,0,stable
1838__0_600,191,s_16_32,280.0,0.0,0.0,5.0,0.9377379038637722,0.5593881172242394,0.82459,0,0,stable
1838__0_600,192,s_16_32,480.0,0.0,0.0,7.0,0.8920053731805856,0.3125868354166672,0.82459,1,0,stable
1838__0_600,193,s_16_32,319.9990234375,0.0,0.0,5.0,0.9533487840741361,0.4285648500000025,0.82459,1,0,stable
1838__0_600,194,t_8_16,220.0,0.25,0.0,4.0,0.7496821985118888,0.47996892755211495,0.82459,1,0,mild
1838__0_600,195,t_8_16,140.0,0.0,0.0,2.0,0.9938992286908687,0.6683237569931822,0.82459,0,0,stable
1838__0_600,196,t_8_16,220.0013427734375,0.0,0.0,3.0,0.9553983228116865,0.5668665545454545,0.82459,0,0,stable
1838__0_600,197,t_8_16,167.99978637695312,0.0,0.0,4.0,0.8953769451256655,0.712852075009979,0.82459,0,0,stable
1838__0_600,198,s_16_32,256.0,0.25,0.0,4.0,0.1362389109337186,0.39337731108620533,0.82459,1,0,mild
1838__0_600,199,t_8_16,252.0008544921875,0.0,0.0,3.0,0.9835054067039819,0.5979803640104056,0.82459,0,0,stable
1838__0_600,200,t_8_16,220.0,0.0,0.0,4.0,0.9457485558923179,0.4866356073321257,0.82459,1,0,stable
1838__0_600,201,t_8_16,196.0,0.0,0.0,3.0,0.8327743102866804,0.4398601582403708,0.82459,1,0,stable
1838__0_600,202,s_16_32,288.0,0.0,0.0,2.0,0.85335437377273,0.6447575579223341,0.82459,0,0,stable
1838__0_600,203,s_16_32,308.0,0.0,0.0,5.0,0.9546853218157977,0.5471799025974038,0.82459,0,0,stable
1838__0_600,204,s_16_32,288.0,0.0,0.0,3.0,0.8907118441337664,0.33091180508507445,0.82459,1,0,stable
1838__0_600,205,t_8_16,224.0,0.0,0.0,2.0,0.9924240437388507,0.6896613497771783,0.82459,0,0,stable
1838__0_600,206,s_16_32,780.0,0.0,0.0,8.0,0.655441791827491,0.03243660898154136,0.82459,1,0,stable
1838__0_600,207,t_8_16,160.0,0.0,0.0,2.0,0.9928898601067041,0.8439348117409976,0.82459,0,1,stable
1838__0_600,208,t_8_16,216.0,0.0,0.0,3.0,0.9936107288164064,0.7678814814814782,0.82459,0,1,stable
1838__0_600,209,s_16_32,264.0,0.0,0.0,7.0,0.7320533926894406,0.5215266477272665,0.82459,0,0,stable
1838__0_600,210,t_8_16,252.0,0.0,0.0,3.0,0.909612669532252,0.37729250751330257,0.82459,1,0,stable
1838__0_600,211,t_8_16,216.00018310546875,0.0,0.0,5.0,0.8816093845756714,0.7376034398148139,0.82459,0,0,stable
1838__0_600,212,s_16_32,352.0,0.0,0.0,7.0,0.9595827357027501,0.6320564346590896,0.82459,0,0,stable
1838__0_600,213,s_16_32,312.0,0.0,0.0,5.0,0.543723289071634,0.5489493635127923,0.82459,0,0,stable
1838__0_600,214,s_16_32,264.0,0.0,0.0,5.0,0.936412430363069,0.7521145596000973,0.82459,0,1,stable
1838__0_600,215,t_8_16,127.99951171875,0.25,0.25,3.0,0.923021630167977,0.7068355442807924,0.82459,0,0,mild
1838__0_600,216,t_8_16,200.0,0.0,0.0,3.0,0.9958004599375996,0.565108802070413,0.82459,0,0,stable
1838__0_600,217,t_8_16,144.0,0.0,0.0,2.0,0.9674541666723384,0.5505463835328164,0.82459,0,0,stable
1838__0_600,218,t_8_16,240.0,0.0,0.0,5.0,0.9526338400757328,0.6354719023234614,0.82459,0,0,stable
1838__0_600,219,t_8_16,180.0,0.25,0.0,4.0,0.7654937651543182,0.0,0.82459,1,0,mild
1838__0_600,221,t_8_16,252.0,0.0,0.0,4.0,0.9728657859048556,0.5522760856304988,0.82459,0,0,stable
1838__0_600,222,s_16_32,308.0,0.0,0.0,4.0,0.9581414770497511,0.533475785714291,0.82459,0,0,stable
1838__0_600,223,t_8_16,192.0,0.0,0.0,2.0,0.9915586956105137,0.6824563054414994,0.82459,0,0,stable
1838__0_600,224,s_16_32,336.0,0.0,0.0,7.0,0.9474495150059667,0.4451170714285739,0.82459,1,0,stable
1838__0_600,225,t_8_16,200.0,0.0,0.0,4.0,0.9529365602406884,0.6500802507575543,0.82459,0,0,stable
1838__0_600,226,s_16_32,288.0,0.0,0.0,4.0,0.9796983386719459,0.749305666666668,0.82459,0,0,stable
1838__0_600,227,s_16_32,364.0,0.0,0.0,8.0,0.9046940824768531,0.5425439999999967,0.82459,0,0,stable
1838__0_600,228,s_16_32,280.0,0.25,0.25,5.0,0.41233021232547584,0.4446107294037309,0.82459,1,0,mild
1838__0_600,229,t_8_16,192.0,0.0,0.0,3.0,0.9398750703983345,0.6325581063673799,0.82459,0,0,stable
1838__0_600,230,s_16_32,560.0,0.0,0.0,10.0,0.9133625739622341,0.7492872308805915,0.82459,0,0,stable
1838__0_600,231,s_16_32,280.0,0.0,0.0,6.0,0.9847171771956179,0.5146411000113689,0.82459,0,0,stable
1838__0_600,232,t_8_16,160.0,0.25,0.25,2.0,0.9906307609661684,0.6414500486755876,0.82459,0,0,mild
1838__0_600,233,t_8_16,223.9990234375,0.0,0.0,3.0,0.8707689402411157,0.39662337469482856,0.82459,1,0,stable
1838__0_600,234,s_16_32,320.0,0.25,0.25,5.0,0.6806434136283858,0.3300665896775248,0.82459,1,0,mild
1838__0_600,235,s_16_32,364.0,0.0,0.0,7.0,0.4885804763352384,0.04622859483260174,0.82459,1,0,stable
1838__0_600,236,s_16_32,312.0,0.0,0.0,6.0,0.6458312118336259,0.5056878750000026,0.82459,0,0,stable
1838__0_600,237,s_16_32,288.0,0.0,0.0,4.0,0.9883075535434882,0.41011058839830533,0.82459,1,0,stable
1838__0_600,238,s_16_32,312.0,0.0,0.0,4.0,0.9904698579957312,0.028368555706988707,0.82459,1,0,stable
1838__0_600,239,t_8_16,180.0010986328125,0.0,0.0,2.0,0.9998782247587815,0.6668410436634197,0.82459,0,0,stable
1838__0_600,240,s_16_32,416.0,0.0,0.0,5.0,0.9956467889780616,0.798442164318485,0.82459,0,1,stable
1838__0_600,241,s_16_32,638.0000839233398,0.0,0.0,10.0,0.9728723591250091,0.5943285517241382,0.82459,0,0,stable
1838__0_600,242,s_16_32,308.0,0.0,0.0,6.0,0.9561485323960832,0.47626757416220117,0.82459,1,0,stable
1838__0_600,243,t_8_16,239.998779296875,0.0,0.0,2.0,0.8279650428927048,0.49911533287139337,0.82459,1,0,stable
1838__0_600,244,t_8_16,252.0,0.5,0.0,2.0,0.47653451206412767,0.3244861106595003,0.82459,1,0,mild
1838__0_600,245,t_8_16,224.0,0.0,0.0,4.0,0.9742062843453915,0.0,0.82459,1,0,stable
1838__0_600,246,t_8_16,96.0,0.0,0.0,5.0,0.3759825105267096,0.6615533458914579,0.82459,0,0,stable
1838__0_600,247,t_8_16,200.0,0.0,0.0,3.0,0.9629348343826429,0.6545958600000015,0.82459,0,0,stable
1838__0_600,248,t_8_16,128.0,0.0,0.0,3.0,0.954473656311499,0.5621386963166399,0.82459,0,0,stable
1838__0_600,249,s_16_32,264.0,0.0,0.0,4.0,0.9935493407526649,0.6601034019771705,0.82459,0,0,stable
1838__0_600,250,s_16_32,288.0,0.0,0.0,5.0,0.9777555296538135,0.6605611774504851,0.82459,0,0,stable
1838__0_600,251,s_16_32,288.0,0.0,0.0,5.0,0.8974832716783154,0.4819285624999982,0.82459,1,0,stable
1838__0_600,252,t_8_16,252.0,0.0,0.0,4.0,0.9328132291087682,0.4313153925768833,0.82459,1,0,stable
1838__0_600,253,t_8_16,252.0,0.0,0.0,3.0,0.9393967233534509,0.5208696428571439,0.82459,0,0,stable
1838__0_600,254,t_8_16,191.99951171875,0.0,0.0,3.0,0.9973107034856671,0.8232421426296855,0.82459,0,1,stable
1838__0_600,255,t_8_16,140.0,0.25,0.0,5.0,0.7052787920304464,0.7050318107995062,0.82459,0,0,mild
1838__0_600,256,t_8_16,126.0,0.0,0.0,2.0,0.8823924176736743,0.5668709534558485,0.82459,0,0,stable
1838__0_600,257,t_8_16,204.0,0.0,0.0,4.0,0.7534913221505196,0.6780295647754544,0.82459,0,0,stable
1838__0_600,258,t_8_16,98.99945068359375,0.0,0.0,2.0,0.8835099797269973,0.41178884067215915,0.82459,1,0,stable
1838__0_600,260,t_8_16,104.0,0.0,0.0,2.0,0.955936643650738,0.7127521240156133,0.82459,0,0,stable
1838__0_600,261,t_8_16,144.0,0.5,0.0,3.0,0.011788241229675821,0.6631956193227393,0.82459,0,0,mild
1838__0_600,262,t_8_16,223.9991455078125,0.0,0.0,3.0,0.8639039765309068,0.4773882053571439,0.82459,1,0,stable
1838__0_600,263,t_8_16,227.99884033203125,0.0,0.0,5.0,0.9686620057317986,0.8494404444527234,0.82459,0,1,stable
1838__0_600,264,t_8_16,208.0,0.0,0.0,4.0,0.8618552440765027,0.6490679999999953,0.82459,0,0,stable
1838__0_600,265,t_8_16,171.0,0.0,0.0,2.0,0.9924873236153666,0.5397786620039232,0.82459,0,0,stable
1838__0_600,266,t_8_16,140.0,0.0,0.0,4.0,0.9484009703390293,0.6182057810711515,0.82459,0,0,stable
1838__0_600,267,t_8_16,210.0,0.0,0.0,3.0,0.9879676008545083,0.7348727857142827,0.82459,0,0,stable
1838__0_600,268,t_8_16,144.0,0.0,0.0,2.0,0.9525917505563052,0.0,0.82459,1,0,stable
1838__0_600,269,t_8_16,200.0,0.0,0.0,4.0,0.6027517651349538,0.0,0.82459,1,0,stable
1838__0_600,270,t_8_16,240.0,0.0,0.0,5.0,0.8392234661964255,0.5280502583333345,0.82459,0,0,stable
1838__0_600,271,t_8_16,187.0,0.0,0.0,2.0,0.8318202002693488,0.0,0.82459,1,0,stable
1838__0_600,272,t_8_16,127.9990234375,0.0,0.0,2.0,0.981402590376219,0.7055718353622171,0.82459,0,0,stable
1838__0_600,273,t_8_16,120.0,0.25,0.25,2.0,0.2661411664058297,0.5042048563728795,0.82459,0,0,mild
1838__0_600,274,s_16_32,260.0015869140625,0.0,0.0,4.0,0.9566848165564074,0.5446626749126471,0.82459,0,0,stable
1838__0_600,275,s_16_32,312.0,0.0,0.0,6.0,0.9680387860688093,0.0,0.82459,1,0,stable
1838__0_600,276,t_8_16,228.0,0.0,0.0,6.0,0.9758275141637176,0.0,0.82459,1,0,stable
1838__0_600,277,t_8_16,228.0,0.0,0.0,4.0,0.8971419354675241,0.7908081315789526,0.82459,0,1,stable
1838__0_600,278,t_8_16,153.0,0.0,0.0,2.0,0.9999573801210652,0.5840774120956548,0.82459,0,0,stable
1838__0_600,279,t_8_16,167.99957275390625,0.0,0.0,3.0,0.6431161929050473,0.0,0.82459,1,0,stable
1838__0_600,280,t_8_16,204.0,0.0,0.0,4.0,0.9311717751180251,0.7974793287597827,0.82459,0,1,stable
1838__0_600,281,t_8_16,162.0,0.25,0.25,0.0,,0.8562640246913595,0.82459,0,1,mild
1838__0_600,282,s_16_32,431.99945068359375,0.0,0.0,8.0,0.9728838304953451,0.4425785300925931,0.82459,1,0,stable
1838__0_600,283,t_8_16,209.0,0.0,0.0,4.0,0.9630554918105168,0.6681621131986225,0.82459,0,0,stable
1838__0_600,284,t_8_16,210.00091552734375,0.0,0.0,2.0,0.9972104201756288,0.6231787439657244,0.82459,0,0,stable
1838__0_600,285,t_8_16,192.0,0.0,0.0,4.0,0.9513132006819638,0.003180002495417739,0.82459,1,0,stable
1838__0_600,286,t_8_16,231.0,0.0,0.0,4.0,0.7609802416900662,0.0,0.82459,1,0,stable
1838__0_600,287,t_8_16,252.0,0.5,0.5,7.0,0.14946088576683667,0.0,0.82459,1,0,mild
1838__0_600,288,t_8_16,168.0,0.0,0.0,2.0,0.9867602158270666,0.6949847523236422,0.82459,0,0,stable
1838__0_600,289,t_8_16,210.0,0.0,0.0,5.0,0.9194534147080782,0.6021093056251049,0.82459,0,0,stable
1838__0_600,290,t_8_16,95.9999885559082,0.0,0.0,3.0,0.9724227751807627,0.0,0.82459,1,0,stable
1838__0_600,291,s_16_32,304.0,0.0,0.0,4.0,0.9855491556225552,0.5173813223684219,0.82459,0,0,stable
1838__0_600,292,s_16_32,460.0,0.0,0.0,9.0,0.7666272766163743,0.0,0.82459,1,0,stable
1838__0_600,293,s_16_32,390.0,0.0,0.0,9.0,0.851509922114121,0.33345492307692326,0.82459,1,0,stable
1838__0_600,294,t_8_16,247.0,0.0,0.0,4.0,0.5527377347609104,0.0,0.82459,1,0,stable
1838__0_600,295,t_8_16,105.0,0.0,0.0,3.0,0.9756563798642613,0.5144609523273991,0.82459,0,0,stable
1838__0_600,296,t_8_16,160.0,0.25,0.0,3.0,0.9130866124360878,0.6194269280343201,0.82459,0,0,mild
1838__0_600,297,s_16_32,468.0,0.0,0.0,6.0,0.8205868616459597,0.0,0.82459,1,0,stable
1847__2400_1200,0,t_8_16,112.0,0.0,0.0,2.0,0.9414605354145503,0.6872370121899647,0.76735,0,0,stable
1847__2400_1200,1,t_8_16,128.0,0.25,0.25,3.0,0.9508576542779557,0.7073724372229744,0.76735,0,0,mild
1847__2400_1200,2,t_8_16,72.0,0.0,0.0,2.0,0.9973540077049404,0.4075129379556402,0.76735,1,0,stable
1847__2400_1200,3,t_8_16,84.0,0.0,0.0,4.0,0.5337144681978079,0.5077156857679199,0.76735,0,0,stable
1847__2400_1200,4,t_8_16,216.0,0.0,0.0,3.0,0.9500145319537511,0.746615885942331,0.76735,0,0,stable
1847__2400_1200,5,s_16_32,420.0,0.0,0.0,7.0,0.3643101744149409,0.658890373809528,0.76735,0,0,stable
1847__2400_1200,6,t_8_16,180.0,0.5,0.25,4.0,0.409251507328956,0.8680800989499807,0.76735,0,1,mild
1847__2400_1200,7,s_16_32,275.99981689453125,0.0,0.0,3.0,0.9875455677210435,0.907482608119944,0.76735,0,1,stable
1847__2400_1200,8,t_8_16,90.0,0.0,0.0,2.0,0.7157928243759568,0.5949984824233151,0.76735,0,0,stable
1847__3014_1200,0,s_16_32,800.0,0.0,0.0,10.0,0.7777904919886204,0.0,0.77999,1,0,stable
1847__3014_1200,1,t_8_16,84.0,0.0,0.0,3.0,0.8983171385486443,0.5459961736588149,0.77999,0,0,stable
1847__3014_1200,2,t_8_16,216.0,0.0,0.0,5.0,0.9377840543828323,0.6348007876674668,0.77999,0,0,stable
1847__3014_1200,3,t_8_16,139.99969482421875,0.0,0.0,2.0,0.9588360887271509,0.6839287952926144,0.77999,0,0,stable
1847__3014_1200,4,t_8_16,160.0,0.0,0.0,2.0,0.9680305279523456,0.6011550299705575,0.77999,0,0,stable
1847__3014_1200,5,t_8_16,112.0,0.5,0.5,1.0,,0.85437054439584,0.77999,0,1,mild
1847__3014_1200,6,t_8_16,140.0,0.25,0.0,2.0,0.8983027224306381,0.6987816736859066,0.77999,0,0,mild
1847__3014_1200,7,t_8_16,140.0,0.0,0.0,1.0,,0.6793694602197204,0.77999,0,0,stable
1847__3014_1200,8,t_8_16,128.0,0.0,0.0,2.0,0.9952942488654453,0.7566975689623961,0.77999,0,1,stable
1847__3014_1200,9,t_8_16,80.0,0.0,0.0,1.0,,0.6176795953642992,0.77999,0,0,stable
1847__3014_1200,10,s_16_32,256.0,0.0,0.0,5.0,0.9192456050876943,0.7268465156250007,0.77999,0,0,stable
1847__3014_1200,11,t_8_16,180.0,0.0,0.0,2.0,0.865801534344391,0.7699976987784948,0.77999,0,1,stable
1847__3014_1200,12,t_8_16,112.0,0.0,0.0,1.0,,0.689154910154359,0.77999,0,0,stable
1847__3014_1200,13,t_8_16,160.0,0.0,0.0,3.0,0.8467457821041063,0.8526362959272614,0.77999,0,1,stable
1847__3014_1200,14,t_8_16,102.0,0.5,0.0,3.0,0.9271963534652448,0.5779576867234342,0.77999,0,0,mild
1891__2400_2477,0,t_8_16,216.0,0.0,0.0,4.0,0.9580278864032992,0.9016200986146982,0.86172,0,1,stable
1891__2400_2477,1,t_8_16,160.0,0.0,0.0,3.0,0.9980751380861597,0.7583997416587118,0.86172,0,1,stable
1891__2400_2477,2,t_8_16,192.0,0.0,0.0,4.0,0.9223743932691573,0.8295184168600729,0.86172,0,1,stable
1891__2400_2477,3,t_8_16,160.0,0.25,0.0,2.0,0.9721049595199093,0.6886790085090037,0.86172,0,0,mild
1891__2400_2477,4,t_8_16,160.0,0.0,0.0,2.0,0.9883268709851875,0.8099613911653867,0.86172,0,1,stable
1891__2400_2477,5,s_16_32,448.0,0.0,0.0,10.0,0.6000146592288127,0.8284831077942313,0.86172,0,1,stable
1891__2400_2477,6,t_8_16,216.0,0.0,0.0,4.0,0.9377100983187956,0.7392455574802149,0.86172,0,0,stable
1891__2400_2477,7,t_8_16,140.0,0.25,0.0,5.0,0.9697345674769527,0.7286903622954003,0.86172,0,0,mild
1891__2400_2477,8,t_8_16,112.0,0.5,0.5,0.0,,0.7124690928629007,0.86172,0,0,mild
1891__2400_2477,9,t_8_16,140.0000762939453,0.0,0.0,3.0,0.9336944648149454,0.7739065597975459,0.86172,0,1,stable
1891__2400_2477,10,t_8_16,140.00015258789062,0.0,0.0,2.0,0.9690339712705478,0.8247602978278974,0.86172,0,1,stable
1891__2400_2477,11,t_8_16,168.0,0.0,0.0,2.0,0.9950094863020242,0.8600003844759443,0.86172,0,1,stable
1891__2400_2477,12,t_8_16,112.0001220703125,0.0,0.0,3.0,0.9610738930560507,0.6902736128952517,0.86172,0,0,stable
1891__2400_2477,13,t_8_16,140.00015258789062,0.0,0.0,1.0,0.9999990376257807,0.8052729731678566,0.86172,0,1,stable
1891__2400_2477,14,t_8_16,140.0,0.0,0.0,3.0,0.9206024808207123,0.8361905664165286,0.86172,0,1,stable
1891__2400_2477,15,t_8_16,140.0,0.0,0.0,1.0,,0.8578619884839485,0.86172,0,1,stable
1891__2400_2477,16,t_8_16,168.0,0.0,0.0,2.0,0.6677777555877525,0.9494100855021357,0.86172,0,1,stable
1891__2400_2477,17,t_8_16,120.0,0.25,0.0,2.0,0.10438663729229243,0.8103569780507923,0.86172,0,1,mild
1891__2400_2477,18,t_8_16,80.0,0.5,0.5,1.0,,0.5938701833184463,0.86172,0,0,mild
1891__2400_2477,19,t_8_16,192.0,0.0,0.0,1.0,0.9999999989329331,0.8878399610538169,0.86172,0,1,stable
1891__2400_2477,20,t_8_16,112.0,0.25,0.25,2.0,0.6959132999432492,0.7092818450598208,0.86172,0,0,mild
1891__2400_2477,21,t_8_16,96.0,0.0,0.0,2.0,0.9616144248010344,0.6180409633687765,0.86172,0,0,stable
1891__2400_2477,22,t_8_16,168.0,0.0,0.0,3.0,0.9660725728553854,0.8893257319303496,0.86172,0,1,stable
1891__2400_2477,23,t_8_16,192.0,0.0,0.0,1.0,0.9999977133538961,0.8099147083333293,0.86172,0,1,stable
1891__2400_2477,24,t_8_16,192.0,0.0,0.0,3.0,0.9866303403063474,0.7515435916788583,0.86172,0,1,stable
1891__2400_2477,25,t_8_16,139.99996185302734,0.0,0.0,1.0,,0.7265928871897741,0.86172,0,0,stable
1891__2400_2477,26,t_8_16,192.0,0.0,0.0,3.0,0.9570633366167589,0.8051266458333363,0.86172,0,1,stable
1891__2400_2477,27,t_8_16,168.0,0.0,0.0,2.0,0.6609115710987713,0.8754239266668469,0.86172,0,1,stable
1891__2400_2477,28,t_8_16,192.0,0.0,0.0,4.0,0.9959657794722377,0.9245236998038151,0.86172,0,1,stable
1891__2400_2477,29,t_8_16,168.0,0.0,0.0,2.0,0.9431430437244557,0.9367910253763239,0.86172,0,1,stable
1891__2400_2477,30,t_8_16,140.0,0.0,0.0,2.0,0.9726718969226535,0.8450964119939423,0.86172,0,1,stable
1891__2400_2477,31,t_8_16,140.00015258789062,0.0,0.0,2.0,0.9795795678753908,0.8932726445833127,0.86172,0,1,stable
1891__2400_2477,32,t_8_16,192.0,0.25,0.0,2.0,0.6617473600653023,0.9208858182886077,0.86172,0,1,mild
1891__2400_2477,33,t_8_16,119.99984741210938,0.25,0.25,2.0,0.6418291847557654,0.8017804229167231,0.86172,0,1,mild
1891__2400_2477,34,t_8_16,216.00018310546875,0.0,0.0,5.0,0.6879693560832112,0.7502996944338313,0.86172,0,1,stable
1891__2400_2477,35,t_8_16,216.0,0.0,0.0,3.0,0.9293380025663616,0.6547178733651312,0.86172,0,0,stable
1891__2400_2477,36,t_8_16,192.0,0.0,0.0,4.0,0.9664809229485297,0.7717514856087211,0.86172,0,1,stable
1891__2400_2477,37,t_8_16,160.0,0.0,0.0,2.0,0.7742071785039296,0.791220029598855,0.86172,0,1,stable
1891__2400_2477,38,t_8_16,128.0,0.25,0.25,3.0,0.9627196900160752,0.7078006333809703,0.86172,0,0,mild
1891__2400_2477,39,t_8_16,96.0,0.25,0.25,2.0,0.7865164707453521,0.8078622654591521,0.86172,0,1,mild
1891__2400_2477,40,t_8_16,154.0,0.0,0.0,6.0,0.9434064233404956,0.6464064411639764,0.86172,0,0,stable
1891__2400_2477,41,t_8_16,120.0,0.0,0.0,2.0,0.7067040926418642,0.7455111839724037,0.86172,0,0,stable
1891__2400_2477,42,t_8_16,140.0,0.0,0.0,2.0,0.9926904037951091,0.8012778825458148,0.86172,0,1,stable
1891__2400_2477,43,t_8_16,224.0,0.0,0.0,5.0,0.9245122380653249,0.6098674591694525,0.86172,0,0,stable
1891__2400_2477,44,t_8_16,224.0,0.0,0.0,2.0,0.9968125429910851,0.8311561071428571,0.86172,0,1,stable
1891__2400_2477,45,t_8_16,192.0,0.0,0.0,3.0,0.9426973862175964,0.9362363593749946,0.86172,0,1,stable
1891__2400_2477,46,t_8_16,140.0,0.0,0.0,2.0,0.9228837621014511,0.721469497228847,0.86172,0,0,stable
1891__2400_2477,47,t_8_16,160.0,0.0,0.0,2.0,0.9633812096286781,0.8123420926339292,0.86172,0,1,stable
1891__2400_2477,48,t_8_16,140.0,0.0,0.0,5.0,0.9512153267095439,0.8363768751398822,0.86172,0,1,stable
1891__2400_2477,49,t_8_16,81.0,0.0,0.0,1.0,,0.5226141830499692,0.86172,0,0,stable
1891__2400_2477,50,t_8_16,164.99908447265625,0.0,0.0,2.0,0.9965679438753987,0.8204944363636328,0.86172,0,1,stable
1891__2400_2477,51,t_8_16,154.0,0.25,0.0,2.0,0.9044348088011291,0.5142231854767352,0.86172,0,0,mild
1891__2586_1200,0,s_16_32,320.0,0.0,0.0,7.0,0.9903111061261342,0.8604362867177131,0.88055,0,1,stable
1891__2586_1200,1,t_8_16,252.0,0.0,0.0,4.0,0.9895028125714836,0.8123181676412509,0.88055,0,1,stable
1891__2586_1200,2,t_8_16,240.0,0.0,0.0,5.0,0.9967295539949943,0.8329403529209007,0.88055,0,1,stable
1891__2586_1200,3,t_8_16,192.0,0.0,0.0,2.0,0.6413334951631509,0.9045729330563587,0.88055,0,1,stable
1891__2586_1200,4,t_8_16,224.0,0.0,0.0,2.0,0.9988903991614559,0.8901433191612295,0.88055,0,1,stable
1891__2586_1200,5,t_8_16,252.0,0.0,0.0,5.0,0.93965003383318,0.7230525665496961,0.88055,0,0,stable
1891__2586_1200,6,t_8_16,216.0,0.0,0.0,3.0,0.9973432601723311,0.9057455448950318,0.88055,0,1,stable
1891__2586_1200,7,t_8_16,192.0,0.5,0.0,4.0,0.15471428336094006,0.8496115692176703,0.88055,0,1,mild
1891__2586_1200,8,t_8_16,252.0,0.0,0.0,6.0,0.997236660390665,0.8264897382495044,0.88055,0,1,stable
1891__2586_1200,9,t_8_16,252.0,0.0,0.0,6.0,0.9964507683357573,0.7390551381333645,0.88055,0,0,stable
1891__2586_1200,10,t_8_16,216.0,0.0,0.0,5.0,0.9837475763547812,0.8328237569860675,0.88055,0,1,stable
1891__2586_1200,11,t_8_16,216.0,0.25,0.0,5.0,0.929267883554248,0.8062122573950379,0.88055,0,1,mild
1891__2586_1200,12,s_16_32,280.0,0.0,0.0,5.0,0.9957031996130845,0.8650493225411358,0.88055,0,1,stable
1891__2586_1200,13,s_16_32,308.0,0.0,0.0,6.0,0.9958002700757538,0.8181824221312614,0.88055,0,1,stable
1891__2586_1200,14,t_8_16,224.0,0.0,0.0,3.0,0.977079162195865,0.8240995775400256,0.88055,0,1,stable
1891__2586_1200,15,t_8_16,216.0,0.0,0.0,4.0,0.997043132667311,0.8918856536665368,0.88055,0,1,stable
1891__2586_1200,16,t_8_16,224.0,0.0,0.0,4.0,0.9392889868014344,0.7970425318679032,0.88055,0,1,stable
1891__2586_1200,17,s_16_32,320.0,0.0,0.0,4.0,0.99582112180818,0.8780530292586362,0.88055,0,1,stable
1891__2586_1200,18,t_8_16,196.0,0.0,0.0,5.0,0.9962421237121397,0.8644676138271568,0.88055,0,1,stable
1891__2586_1200,19,t_8_16,168.0,0.0,0.0,4.0,0.9635792440574149,0.7478360617100716,0.88055,0,0,stable
1891__2586_1200,20,t_8_16,224.0,0.0,0.0,5.0,0.9802525315288918,0.8195788174482028,0.88055,0,1,stable
1891__2586_1200,21,t_8_16,196.0,0.0,0.0,4.0,0.9858931201699828,0.8399220387117475,0.88055,0,1,stable
1891__2586_1200,22,s_16_32,780.0,0.0,0.0,10.0,0.9981555579841338,0.9314786953380361,0.88055,0,1,stable
1891__2586_1200,23,t_8_16,143.999267578125,0.0,0.0,4.0,0.881497396623004,0.8868353114919595,0.88055,0,1,stable
1891__2586_1200,24,t_8_16,224.0,0.0,0.0,5.0,0.9899739633842097,0.9181417795938619,0.88055,0,1,stable
1891__2586_1200,25,t_8_16,170.0,0.0,0.0,3.0,0.9844600389166347,0.7696597339837158,0.88055,0,1,stable
1891__2586_1200,26,t_8_16,84.0,0.0,0.0,2.0,0.9725679055082442,0.5803368606760425,0.88055,0,0,stable
18bfe8b16,0,t_8_16,221.0,0.0,0.0,3.0,0.9726197304615156,0.7666671795445905,0.71474,0,1,stable
18bfe8b16,1,t_8_16,170.0,0.25,0.0,5.0,0.9209013040898595,0.6796627888782387,0.71474,0,0,mild
18bfe8b16,2,t_8_16,96.0,0.0,0.0,1.0,,0.7305104380810222,0.71474,0,0,stable
18bfe8b16,3,t_8_16,135.0,0.0,0.0,2.0,0.7893412477941063,0.7082674485960895,0.71474,0,0,stable
18cdb26a2,0,t_8_16,143.0,0.25,0.0,4.0,0.3945315093456155,0.9629286670508799,0.70763,0,1,mild
1945__600_2400,0,t_8_16,240.0,0.0,0.0,3.0,0.9933759614965425,0.7244895693237939,0.86836,0,0,stable
1945__600_2400,2,t_8_16,200.0,0.0,0.0,3.0,0.9753625549428051,0.6943159959851872,0.86836,0,0,stable
1945__600_2400,3,t_8_16,220.0,0.0,0.0,4.0,0.9333304895350936,0.9325143442545278,0.86836,0,1,stable
1945__600_2400,4,s_16_32,312.0,0.0,0.0,5.0,0.9962946537562741,0.6372206444115752,0.86836,0,0,stable
1945__600_2400,5,s_16_32,260.0,0.0,0.0,3.0,0.9906230622342561,0.7729571018665238,0.86836,0,1,stable
1945__600_2400,6,t_8_16,240.0,0.0,0.0,5.0,0.9904978556189211,0.7589023207910717,0.86836,0,1,stable
1945__600_2400,7,t_8_16,180.0,0.0,0.0,2.0,0.993715285002791,0.5052086916297422,0.86836,0,0,stable
1945__600_2400,8,t_8_16,240.0,0.0,0.0,4.0,0.9580981126323217,0.8605790205979701,0.86836,0,1,stable
1945__600_2400,9,t_8_16,220.0,0.0,0.0,4.0,0.9856992382761317,0.8617722585442907,0.86836,0,1,stable
1945__600_2400,10,t_8_16,220.0,0.0,0.0,5.0,0.9561974381346636,0.703454457517617,0.86836,0,0,stable
1945__600_2400,11,s_16_32,360.0,0.0,0.0,6.0,0.9960090209159606,0.8453720787945738,0.86836,0,1,stable
1945__600_2400,12,s_16_32,720.0,0.0,0.0,10.0,0.9933822946104651,0.9364114043830826,0.86836,0,1,stable
1945__600_2400,13,s_16_32,720.0,0.0,0.0,10.0,0.9886427625858863,0.6588484874999997,0.86836,0,0,stable
1945__600_2400,14,s_16_32,308.0,0.0,0.0,6.0,0.9832330086838381,0.8064143489567062,0.86836,0,1,stable
1945__600_2400,15,s_16_32,308.0,0.0,0.0,8.0,0.9915625988370752,0.8315683329122788,0.86836,0,1,stable
1945__600_2400,16,s_16_32,312.0,0.0,0.0,5.0,0.9945288003274637,0.753102121401376,0.86836,0,1,stable
1945__600_2400,17,s_16_32,392.0,0.0,0.0,7.0,0.9966971190926744,0.9234295286516607,0.86836,0,1,stable
1945__600_2400,18,s_16_32,720.0,0.0,0.0,10.0,0.9940918007785596,0.8671614317004034,0.86836,0,1,stable
1945__600_2400,19,t_8_16,220.0,0.0,0.0,4.0,0.9979511729735195,0.745656263098568,0.86836,0,0,stable
1945__600_2400,20,t_8_16,240.0,0.0,0.0,4.0,0.9971550307722764,0.7561138301016951,0.86836,0,1,stable
1945__600_2400,21,s_16_32,335.999267578125,0.0,0.0,5.0,0.978801335113463,0.6798521243322724,0.86836,0,0,stable
1945__600_2400,22,s_16_32,468.0,0.0,0.0,8.0,0.9970388571490011,0.8378726195678301,0.86836,0,1,stable
1945__600_2400,23,s_16_32,364.0,0.0,0.0,4.0,0.9994107021044641,0.899599285530911,0.86836,0,1,stable
1945__600_2400,24,t_8_16,240.0,0.0,0.0,3.0,0.9973205691526942,0.6537021778852001,0.86836,0,0,stable
1945__600_2400,25,t_8_16,190.0,0.0,0.0,3.0,0.9969603056673442,0.5764926947846993,0.86836,0,0,stable
1945__600_2400,26,t_8_16,159.998779296875,0.0,0.0,3.0,0.9671019341846318,0.8137468610152981,0.86836,0,1,stable
1945__600_2400,27,s_16_32,288.0,0.0,0.0,7.0,0.9684779989769569,0.7879054731163311,0.86836,0,1,stable
1945__600_2400,28,t_8_16,176.0,0.0,0.0,2.0,0.9962121523563422,0.6915391504810635,0.86836,0,0,stable
1945__600_2400,29,s_16_32,280.0,0.0,0.0,5.0,0.9919206847138217,0.6980215178571479,0.86836,0,0,stable
1945__600_2400,30,t_8_16,192.0,0.0,0.0,3.0,0.9984872890854378,0.8647876635749989,0.86836,0,1,stable
1945__600_2400,31,t_8_16,192.0,0.0,0.0,4.0,0.7112255384605822,0.8913298493176284,0.86836,0,1,stable
1945__600_2400,32,t_8_16,220.0,0.5,0.0,6.0,0.01486256133384309,0.8656657504827299,0.86836,0,1,mild
1945__600_2400,33,t_8_16,208.0,0.25,0.25,3.0,0.9890218473861998,0.8238795005325676,0.86836,0,1,mild
1945__600_2400,34,t_8_16,176.0,0.0,0.0,3.0,0.9981641368960928,0.8630967059130428,0.86836,0,1,stable
1945__600_2400,35,t_8_16,240.0,0.0,0.0,4.0,0.5319501518498976,0.6740269660590947,0.86836,0,0,stable
1945__600_2400,36,t_8_16,160.0,0.0,0.0,3.0,0.9841185578064496,0.8000197775912521,0.86836,0,1,stable
1945__600_2400,37,t_8_16,160.0,0.5,0.5,1.0,,0.7982312423407248,0.86836,0,1,mild
1945__600_2400,38,s_16_32,335.99853515625,0.0,0.0,4.0,0.9983663945263712,0.7481339999999929,0.86836,0,0,stable
1945__600_2400,39,t_8_16,160.0,0.0,0.0,3.0,0.9832154903761418,0.6326297647703778,0.86836,0,0,stable
1945__600_2400,40,t_8_16,240.0,0.0,0.0,5.0,0.9943122720277074,0.8586882329394376,0.86836,0,1,stable
1945__600_2400,41,t_8_16,160.0,0.5,0.5,0.0,,0.7834200275728597,0.86836,0,1,mild
1945__600_2400,42,t_8_16,176.0,0.0,0.0,3.0,0.5871954837481388,0.8521301715770873,0.86836,0,1,stable
1945__600_2400,43,t_8_16,120.0,0.0,0.0,3.0,0.9256469404463266,0.714488296619145,0.86836,0,0,stable
1945__600_2400,44,t_8_16,252.0,0.0,0.0,4.0,0.9979406624413824,0.8927925208352818,0.86836,0,1,stable
1945__600_2400,45,s_16_32,320.0,0.0,0.0,6.0,0.9885354158336079,0.9194718185800802,0.86836,0,1,stable
1945__600_2400,46,s_16_32,288.0,0.0,0.0,4.0,0.990291188303669,0.8870205069444448,0.86836,0,1,stable
1945__600_2400,47,s_16_32,360.0,0.0,0.0,5.0,0.9955796677168326,0.7992358482458977,0.86836,0,1,stable
1945__600_2400,48,t_8_16,196.0,0.0,0.0,3.0,0.9924489446469849,0.6717741656480889,0.86836,0,0,stable
1945__600_2400,49,t_8_16,252.0,0.0,0.0,3.0,0.9901362644882115,0.8668477276116962,0.86836,0,1,stable
1945__600_2400,50,s_16_32,288.0,0.0,0.0,3.0,0.9539862293932502,0.8119779832727819,0.86836,0,1,stable
1945__600_2400,51,t_8_16,192.0,0.25,0.25,2.0,0.9743074784603359,0.7918443028986875,0.86836,0,1,mild
1945__600_2400,52,t_8_16,192.0,0.25,0.25,4.0,0.7028005434970634,0.8392613241318165,0.86836,0,1,mild
1945__600_2400,53,t_8_16,192.0,0.25,0.25,2.0,0.9951926382868458,0.8369056641134386,0.86836,0,1,mild
1945__600_2400,54,t_8_16,220.0,0.0,0.0,5.0,0.7596575160521911,0.7181013144425832,0.86836,0,0,stable
1945__600_2400,55,t_8_16,192.0,0.25,0.25,4.0,0.9802745690431737,0.8812400940438774,0.86836,0,1,mild
1945__600_2400,56,s_16_32,336.0,0.0,0.0,6.0,0.9955554416840056,0.8294870886298753,0.86836,0,1,stable
1945__600_2400,57,t_8_16,224.0,0.0,0.0,5.0,0.991585732485376,0.9398492253362678,0.86836,0,1,stable
1945__600_2400,58,t_8_16,176.0,0.0,0.0,3.0,0.9960682279363727,0.6814753902969117,0.86836,0,0,stable
1945__600_2400,59,t_8_16,192.0,0.25,0.25,5.0,0.9351704847637147,0.6278340591164984,0.86836,0,0,mild
1945__600_2400,60,s_16_32,312.000732421875,0.0,0.0,3.0,0.9996871056685641,0.8374067123392257,0.86836,0,1,stable
1945__600_2400,61,s_16_32,260.0,0.0,0.0,5.0,0.996140986898608,0.7745374507029252,0.86836,0,1,stable
1945__600_2400,62,s_16_32,312.000732421875,0.0,0.0,9.0,0.9163937023348695,0.9827265255379413,0.86836,0,1,stable
1945__600_2400,63,s_16_32,300.0,0.0,0.0,3.0,0.9924537431524805,0.6971780777677541,0.86836,0,0,stable
1945__600_2400,64,s_16_32,288.0,0.0,0.0,5.0,0.8933087430715155,0.902806154720087,0.86836,0,1,stable
1945__600_2400,65,t_8_16,200.0,0.0,0.0,2.0,0.9987262923149666,0.755654997066396,0.86836,0,1,stable
1945__600_2400,66,t_8_16,192.0,0.0,0.0,5.0,0.9725741315129833,0.7594288761878756,0.86836,0,1,stable
1945__600_2400,67,t_8_16,200.0,0.25,0.0,4.0,0.9524789021511859,0.7474541625095781,0.86836,0,0,mild
1945__600_2400,68,s_16_32,280.0,0.0,0.0,5.0,0.9818684353548417,0.6957335571428623,0.86836,0,0,stable
1945__600_2400,69,t_8_16,192.0,0.0,0.0,4.0,0.9601666120928802,0.8008525458961322,0.86836,0,1,stable
1945__600_2400,71,s_16_32,336.0,0.0,0.0,6.0,0.9485378287493437,0.8681226677637811,0.86836,0,1,stable
1945__600_2400,72,s_16_32,528.0,0.0,0.0,8.0,0.9894277512021573,0.9296430000000024,0.86836,0,1,stable
1945__600_2400,73,t_8_16,120.0,0.0,0.0,4.0,0.9934628868171118,0.7664371549316304,0.86836,0,1,stable
1945__600_2400,74,t_8_16,120.0,0.0,0.0,8.0,0.9392017006346336,0.6928364869336973,0.86836,0,0,stable
1945__600_2400,75,s_16_32,480.0,0.0,0.0,10.0,0.9390764808237744,0.6765149424877299,0.86836,0,0,stable
1945__600_2400,76,s_16_32,312.0,0.0,0.0,6.0,0.9648836116132149,0.7838996180409963,0.86836,0,1,stable
1945__600_2400,77,s_16_32,311.9984130859375,0.0,0.0,5.0,0.9973794399249417,0.8482734953187614,0.86836,0,1,stable
1945__600_2400,78,t_8_16,181.99978637695312,0.0,0.0,3.0,0.7113400953348621,0.0,0.86836,1,0,stable
1945__600_2400,79,t_8_16,208.0,0.0,0.0,5.0,0.9596440080697222,0.5656062826633818,0.86836,0,0,stable
1945__600_2400,80,t_8_16,209.0,0.0,0.0,3.0,0.8934902613675494,0.6685532711223237,0.86836,0,0,stable
1945__600_2400,81,t_8_16,162.0,0.0,0.0,2.0,0.9957673046116482,0.6688779635131922,0.86836,0,0,stable
1945__600_2400,82,t_8_16,198.0,0.0,0.0,4.0,0.9753187783119059,0.7464905196346914,0.86836,0,0,stable
1945__600_2400,83,t_8_16,144.0,0.0,0.0,3.0,0.9510925432524372,0.6050379042830868,0.86836,0,0,stable
1945__600_2400,84,t_8_16,136.0,0.0,0.0,3.0,0.9794168038055601,0.8695633902394724,0.86836,0,1,stable
1980__0_1800,0,t_8_16,220.0,0.25,0.0,4.0,0.9957038018855165,0.7915623797425232,0.83874,0,1,mild
1980__0_1800,1,t_8_16,220.0,0.0,0.0,4.0,0.9510485108365071,0.6117025709032876,0.83874,0,0,stable
1980__0_1800,2,t_8_16,160.0,0.25,0.25,4.0,0.9955819558281299,0.8179021021689159,0.83874,0,1,mild
1980__0_1800,3,t_8_16,219.99969482421875,0.0,0.0,2.0,0.9989283939496011,0.8538719085200175,0.83874,0,1,stable
1980__0_1800,4,t_8_16,200.0,0.0,0.0,3.0,0.9932516918033679,0.8025727368553547,0.83874,0,1,stable
1980__0_1800,5,t_8_16,220.0,0.25,0.0,4.0,0.9521932443273061,0.7521235441332248,0.83874,0,1,mild
1980__0_1800,6,t_8_16,219.99932861328125,0.0,0.0,4.0,0.9951856477835885,0.8369762713912905,0.83874,0,1,stable
1980__0_1800,7,t_8_16,192.0,0.0,0.0,5.0,0.998888959099984,0.8148741513691478,0.83874,0,1,stable
1980__0_1800,8,t_8_16,176.0,0.0,0.0,3.0,0.9978813820480366,0.6442637324608851,0.83874,0,0,stable
1980__0_1800,9,t_8_16,200.0,0.0,0.0,4.0,0.9978249080184147,0.8038126818205025,0.83874,0,1,stable
1980__0_1800,10,t_8_16,199.9993896484375,0.0,0.0,3.0,0.9899997981333658,0.7189162259174329,0.83874,0,0,stable
1980__0_1800,11,s_16_32,312.0,0.0,0.0,6.0,0.9866577631499861,0.7067172263081817,0.83874,0,0,stable
1980__0_1800,12,s_16_32,312.0,0.0,0.0,7.0,0.9495433237148242,0.8358451469026441,0.83874,0,1,stable
1980__0_1800,13,s_16_32,312.0,0.0,0.0,3.0,0.99597773144689,0.6973536666666701,0.83874,0,0,stable
1980__0_1800,14,t_8_16,220.0,0.0,0.0,3.0,0.9848615576346843,0.6598566545195117,0.83874,0,0,stable
1980__0_1800,15,t_8_16,176.0,0.0,0.0,4.0,0.997964948580636,0.8134632902880122,0.83874,0,1,stable
1980__0_1800,16,s_16_32,260.0,0.0,0.0,4.0,0.9858976176725093,0.8199882656261841,0.83874,0,1,stable
1980__0_1800,17,t_8_16,220.0,0.0,0.0,5.0,0.9969362961004933,0.8917101950945174,0.83874,0,1,stable
1980__0_1800,18,t_8_16,169.00039672851562,0.0,0.0,3.0,0.9504764669096254,0.6926845132883298,0.83874,0,0,stable
1980__0_1800,19,t_8_16,240.0,0.0,0.0,3.0,0.9981074597563246,0.7110847000736226,0.83874,0,0,stable
1980__0_1800,20,t_8_16,135.0,0.0,0.0,2.0,0.9880527067871742,0.6077197970576005,0.83874,0,0,stable
1980__0_1800,21,t_8_16,152.0,0.0,0.0,4.0,0.9362650816604811,0.8169241927026142,0.83874,0,1,stable
1980__0_1800,22,t_8_16,221.0,0.0,0.0,4.0,0.9919052932618687,0.8068327351073122,0.83874,0,1,stable
1980__0_1800,23,t_8_16,126.0,0.0,0.0,2.0,0.9909007855771823,0.746787090787049,0.83874,0,0,stable
1980__0_1800,24,t_8_16,196.0,0.0,0.0,3.0,0.9043551811136212,0.627166427909157,0.83874,0,0,stable
1980__0_1800,25,t_8_16,143.0,0.25,0.0,2.0,0.9817904289787993,0.45160492054212004,0.83874,1,0,mild
1980__4200_1800,0,s_16_32,359.99908447265625,0.0,0.0,5.0,0.9992671321246397,0.8196152204628028,0.89275,0,1,stable
1980__4200_1800,1,t_8_16,239.999267578125,0.0,0.0,3.0,0.999098137594857,0.8175962750039895,0.89275,0,1,stable
1980__4200_1800,2,t_8_16,219.99932861328125,0.0,0.0,3.0,0.9811128164439008,0.7647458005717772,0.89275,0,1,stable
1980__4200_1800,3,s_16_32,288.0,0.0,0.0,4.0,0.9914093514827725,0.7978100841471625,0.89275,0,1,stable
1980__4200_1800,4,t_8_16,240.0,0.0,0.0,4.0,0.9937123467173749,0.8792038882059288,0.89275,0,1,stable
1980__4200_1800,5,s_16_32,264.0,0.0,0.0,4.0,0.9983574381415489,0.800078229994024,0.89275,0,1,stable
1980__4200_1800,6,s_16_32,320.0,0.0,0.0,5.0,0.9719999338534067,0.7779534637432644,0.89275,0,1,stable
1980__4200_1800,7,t_8_16,144.0,0.0,0.0,2.0,0.9949654010623125,0.6861782206117872,0.89275,0,0,stable
1980__4200_1800,8,s_16_32,280.0,0.25,0.0,9.0,0.9164128170795734,0.9218041030401347,0.89275,0,1,mild
1980__4200_1800,9,t_8_16,240.0,0.0,0.0,3.0,0.9962105285181498,0.7116950092778899,0.89275,0,0,stable
1980__4200_1800,10,s_16_32,576.0,0.0,0.0,10.0,0.874240840296094,0.7454265161293392,0.89275,0,0,stable
1980__4200_1800,11,t_8_16,159.9993896484375,0.0,0.0,7.0,0.9991097816509682,0.880038183394887,0.89275,0,1,stable
1980__4200_1800,12,t_8_16,240.0,0.0,0.0,3.0,0.9981485954499931,0.8404749579174708,0.89275,0,1,stable
1980__4200_1800,13,t_8_16,240.0,0.25,0.0,3.0,0.9912708183509209,0.8109248999999956,0.89275,0,1,mild
1980__4200_1800,14,t_8_16,160.0,0.5,0.5,0.0,,0.7708081837090268,0.89275,0,1,mild
1980__4200_1800,15,t_8_16,240.0,0.0,0.0,3.0,0.9994126651500274,0.7088005912262874,0.89275,0,0,stable
1980__4200_1800,16,t_8_16,192.0,0.0,0.0,4.0,0.9167368695555442,0.7007362955825915,0.89275,0,0,stable
1980__4200_1800,17,t_8_16,144.0,0.0,0.0,3.0,0.8337869193847123,0.5853123230941697,0.89275,0,0,stable
1980__4200_1800,18,s_16_32,256.0,0.0,0.0,3.0,0.9966341661545682,0.8298451105247052,0.89275,0,1,stable
1980__4200_1800,19,t_8_16,144.0,0.0,0.0,3.0,0.9858864637877641,0.5234692341863215,0.89275,0,0,stable
1980__4200_1800,20,t_8_16,223.9990234375,0.0,0.0,5.0,0.9513755699995515,0.8903091826531088,0.89275,0,1,stable
1980__4200_1800,21,t_8_16,168.0,0.0,0.0,2.0,0.9939029933168596,0.5843771920355225,0.89275,0,0,stable
1980__4200_1800,22,t_8_16,140.0,0.0,0.0,2.0,0.9882456206292805,0.5238415241751068,0.89275,0,0,stable
1980__4200_1800,23,t_8_16,120.000732421875,0.0,0.0,5.0,0.9581069545365306,0.5916838159235557,0.89275,0,0,stable
1980__4200_1800,24,t_8_16,215.9989013671875,0.0,0.0,4.0,0.984016233331536,0.6707667942979424,0.89275,0,0,stable
1980__4200_1800,25,t_8_16,224.0,0.0,0.0,4.0,0.9880156195991652,0.7642293976001024,0.89275,0,1,stable
1980__4200_1800,26,t_8_16,223.99957275390625,0.0,0.0,5.0,0.9914402659036117,0.8074033237144804,0.89275,0,1,stable
1980__4200_1800,27,t_8_16,195.99957275390625,0.0,0.0,3.0,0.8834090027932607,0.749670241258312,0.89275,0,0,stable
1980__4200_1800,28,t_8_16,223.99951171875,0.0,0.0,5.0,0.9837366039479305,0.7522710151626439,0.89275,0,1,stable
1980__4200_1800,29,s_16_32,280.0,0.25,0.0,10.0,0.921528591271871,0.8308772237847353,0.89275,0,1,mild
1980__4200_1800,30,t_8_16,192.0,0.0,0.0,3.0,0.9976028718066606,0.734659760040119,0.89275,0,0,stable
1980__4200_1800,31,t_8_16,119.9996337890625,0.0,0.0,6.0,0.9963059237402546,0.5726676059688,0.89275,0,0,stable
1980__4200_1800,32,t_8_16,160.0,0.5,0.5,1.0,,0.8962630880780685,0.89275,0,1,mild
1980__4200_1800,33,t_8_16,220.0,0.0,0.0,4.0,0.9582322164587472,0.7895146384513427,0.89275,0,1,stable
1980__4200_1800,34,s_16_32,503.99835205078125,0.0,0.0,10.0,0.9944636491923526,0.7814259554383656,0.89275,0,1,stable
1980__4200_1800,35,s_16_32,900.0,0.0,0.0,10.0,0.9923110586742521,0.8493004681638187,0.89275,0,1,stable
1980__4200_1800,36,t_8_16,208.0,0.0,0.0,4.0,0.9958551711390383,0.7209356087737379,0.89275,0,0,stable
1980__4200_1800,37,t_8_16,240.0,0.0,0.0,3.0,0.9963127785424339,0.8501464395754376,0.89275,0,1,stable
1980__4200_1800,38,t_8_16,176.0,0.0,0.0,3.0,0.9987908030419809,0.8211771711042783,0.89275,0,1,stable
1980__4200_1800,39,t_8_16,220.0,0.0,0.0,2.0,0.9496642499124169,0.9073076322288381,0.89275,0,1,stable
1980__4200_1800,40,s_16_32,308.0,0.0,0.0,5.0,0.8751899287889763,0.542005834223698,0.89275,0,0,stable
1980__4200_1800,41,t_8_16,195.99957275390625,0.0,0.0,4.0,0.8794135538340812,0.7799878582472364,0.89275,0,1,stable
1980__4200_1800,42,s_16_32,264.0,0.0,0.0,3.0,0.9927473843180121,0.80724502941485,0.89275,0,1,stable
1980__4200_1800,43,t_8_16,240.0,0.0,0.0,4.0,0.9990817368693135,0.9161656373113097,0.89275,0,1,stable
1980__4200_1800,44,t_8_16,220.0,0.0,0.0,3.0,0.9980160449393832,0.7175193363144435,0.89275,0,0,stable
1980__4200_1800,45,t_8_16,220.0006103515625,0.0,0.0,4.0,0.9900279001636106,0.7294310416439647,0.89275,0,0,stable
1980__4200_1800,46,s_16_32,308.0,0.0,0.0,6.0,0.8612464894954622,0.8712995864806572,0.89275,0,1,stable
1980__4200_1800,47,t_8_16,176.0,0.0,0.0,4.0,0.9897843302559978,0.7101588945671553,0.89275,0,0,stable
1980__4200_1800,48,s_16_32,264.0,0.0,0.0,3.0,0.9959943064941991,0.8066240220925661,0.89275,0,1,stable
1980__4200_1800,49,s_16_32,288.0,0.0,0.0,6.0,0.9861653283951956,0.7878988030496776,0.89275,0,1,stable
1980__4200_1800,50,s_16_32,264.0,0.0,0.0,5.0,0.9983094825480064,0.8198487908181331,0.89275,0,1,stable
1980__4200_1800,51,t_8_16,192.0,0.0,0.0,4.0,0.9856285912804285,0.7492610400113762,0.89275,0,0,stable
1980__4200_1800,52,t_8_16,176.0,0.0,0.0,4.0,0.9920080254148669,0.7862681250820314,0.89275,0,1,stable
1980__4200_1800,53,s_16_32,504.0,0.25,0.0,10.0,0.4676798216898456,0.673649763448764,0.89275,0,0,mild
1980__4200_1800,54,t_8_16,175.9986572265625,0.25,0.0,5.0,0.5261514156960305,0.5928078420111296,0.89275,0,0,mild
1980__4200_1800,55,t_8_16,144.0,0.0,0.0,4.0,0.992648901136997,0.6979915431513636,0.89275,0,0,stable
1980__4200_1800,56,t_8_16,200.001220703125,0.0,0.0,4.0,0.9848875433704006,0.7687645968977196,0.89275,0,1,stable
1980__4200_1800,57,t_8_16,200.0,0.0,0.0,3.0,0.9887268861646674,0.5754307043643881,0.89275,0,0,stable
1980__4200_1800,58,t_8_16,220.0,0.0,0.0,4.0,0.9985060781542274,0.8665714508841662,0.89275,0,1,stable
1980__4200_1800,59,s_16_32,260.0,0.0,0.0,5.0,0.9979963655474012,0.7020980518066575,0.89275,0,0,stable
1980__4200_1800,60,t_8_16,220.0,0.0,0.0,3.0,0.9977767229587299,0.9358260510534359,0.89275,0,1,stable
1980__4200_1800,61,t_8_16,160.0,0.0,0.0,2.0,0.989069866976278,0.7391024054850298,0.89275,0,0,stable
1980__4200_1800,62,t_8_16,200.0,0.0,0.0,2.0,0.9931600814557812,0.7377458556691058,0.89275,0,0,stable
1980__4200_1800,63,s_16_32,260.0,0.0,0.0,4.0,0.9924835541196014,0.7336020182685564,0.89275,0,0,stable
1980__4200_1800,64,t_8_16,120.0,0.0,0.0,2.0,0.9973346795040177,0.5491227653998183,0.89275,0,0,stable
1980__4200_1800,65,s_16_32,288.0,0.0,0.0,6.0,0.9946983976953472,0.8296456137600426,0.89275,0,1,stable
1980__4200_1800,66,t_8_16,223.99992370604014,0.0,0.0,3.0,0.9569973510004182,0.6445967786913903,0.89275,0,0,stable
1980__4200_1800,67,t_8_16,252.0,0.0,0.0,4.0,0.9825104784494577,0.8380656353417925,0.89275,0,1,stable
1980__4200_1800,68,t_8_16,216.0,0.0,0.0,5.0,0.9410303084475542,0.7448205984361164,0.89275,0,0,stable
1980__4200_1800,69,t_8_16,168.0000228881836,0.0,0.0,5.0,0.910980889575531,0.8123822142066659,0.89275,0,1,stable
1980__4200_1800,70,t_8_16,168.0,0.0,0.0,4.0,0.9563425915369382,0.8209945087027086,0.89275,0,1,stable
1980__4200_1800,71,t_8_16,191.99990844726562,0.0,0.0,5.0,0.982559885279744,0.6790720597526322,0.89275,0,0,stable
1980__4200_1800,72,t_8_16,251.99950408923905,0.0,0.0,5.0,0.9482301137618947,0.8027269656953802,0.89275,0,1,stable
1980__4200_1800,73,t_8_16,168.0,0.0,0.0,4.0,0.8161218322646014,0.6773073240216477,0.89275,0,0,stable
1980__4200_1800,74,t_8_16,216.0,0.0,0.0,5.0,0.9051289377970844,0.8043529362364984,0.89275,0,1,stable
1980__4200_1800,75,t_8_16,159.9999237060547,0.0,0.0,6.0,0.9671806817139773,0.7242347993119118,0.89275,0,0,stable
1980__4200_1800,76,t_8_16,196.0,0.0,0.0,2.0,0.97423213971513,0.837071750596317,0.89275,0,1,stable
1980__4200_1800,77,t_8_16,168.0,0.0,0.0,4.0,0.9354305794337391,0.6340522356425499,0.89275,0,0,stable
1980__4200_1800,78,t_8_16,167.9999885559082,0.25,0.0,2.0,0.8073141336534192,0.0,0.89275,1,0,mild
1980__4200_1800,79,s_16_32,288.0,0.0,0.0,5.0,0.9922858816502339,0.8579269207905853,0.89275,0,1,stable
1980__4200_1800,80,t_8_16,208.0,0.25,0.25,5.0,0.9945135669728006,0.6698222072113834,0.89275,0,0,mild
1980__4200_1800,81,t_8_16,231.0,0.0,0.0,3.0,0.9602381781228628,0.5897005238346702,0.89275,0,0,stable
1980__4200_1800,82,t_8_16,156.0,0.0,0.0,2.0,0.9812366256191665,0.6606806834429562,0.89275,0,0,stable
1980__4200_1800,83,t_8_16,207.0,0.25,0.0,4.0,0.8601434745688398,0.695033516630723,0.89275,0,0,mild
1980__4200_1800,84,s_16_32,384.0,0.0,0.0,7.0,0.9807575899671784,0.7623053616994366,0.89275,0,1,stable
1980__4200_1800,85,t_8_16,88.0,0.0,0.0,1.0,,0.5388775392100602,0.89275,0,0,stable
1980__4200_1800,86,t_8_16,144.0,0.0,0.0,1.0,,0.5169453233137457,0.89275,0,0,stable
1980__4200_1800,87,t_8_16,131.999267578125,0.0,0.0,2.0,0.9881507910279123,0.6626778250792724,0.89275,0,0,stable
1980__4200_1800,88,t_8_16,224.99908447265625,0.0,0.0,4.0,0.5580462157340844,0.6854060161567718,0.89275,0,0,stable
1980__4200_1800,89,t_8_16,80.0,0.0,0.0,1.0,,0.36269120026006413,0.89275,1,0,stable
1980__4200_1800,90,t_8_16,110.0,0.25,0.0,2.0,0.9810508860631227,0.39844371988159355,0.89275,1,0,mild
1980__4200_1800,91,t_8_16,150.0,0.0,0.0,3.0,0.595501216725087,0.8933728250372504,0.89275,0,1,stable
1980__4200_1800,92,s_16_32,320.0,0.0,0.0,7.0,0.9855204949100863,0.6846160574834131,0.89275,0,0,stable
1980__4200_1800,93,t_8_16,210.0,0.0,0.0,3.0,0.995870816646058,0.7859949660113021,0.89275,0,1,stable
1980__4200_1800,94,t_8_16,160.0,0.0,0.0,3.0,0.959031172474876,0.6505946676418033,0.89275,0,0,stable
1980__4200_1800,95,s_16_32,360.0,0.0,0.0,6.0,0.9351429048758076,0.5880380815529307,0.89275,0,0,stable
1980__4200_1800,96,t_8_16,208.0,0.25,0.25,3.0,0.4369959641396891,0.37434032119232036,0.89275,1,0,mild
1980__4200_1800,97,t_8_16,228.0,0.0,0.0,5.0,0.9674129582511153,0.811575336457762,0.89275,0,1,stable
1980__4200_1800,98,t_8_16,121.0,0.0,0.0,1.0,,0.691885648114042,0.89275,0,0,stable
1980__600_2400,0,t_8_16,120.0,0.0,0.0,4.0,0.815545447618869,0.6220178621189456,0.83751,0,0,stable
1980__600_2400,1,s_16_32,312.0,0.0,0.0,6.0,0.9975674451777297,0.8738884021012069,0.83751,0,1,stable
1980__600_2400,2,t_8_16,176.0,0.0,0.0,2.0,0.9974634694546559,0.770019382831652,0.83751,0,1,stable
1980__600_2400,3,t_8_16,192.0,0.25,0.25,3.0,0.9890473327095589,0.8278683671306614,0.83751,0,1,mild
1980__600_2400,4,t_8_16,239.999267578125,0.0,0.0,3.0,0.9890612704376026,0.7381160070050429,0.83751,0,0,stable
1980__600_2400,5,t_8_16,176.0,0.0,0.0,2.0,0.9987768897571415,0.6180240616353854,0.83751,0,0,stable
1980__600_2400,6,s_16_32,259.99920654296875,0.25,0.0,4.0,0.8841567993180693,0.8231037560397116,0.83751,0,1,mild
1980__600_2400,7,t_8_16,192.0,0.0,0.0,4.0,0.9938954992077329,0.7753532428469486,0.83751,0,1,stable
1980__600_2400,8,s_16_32,260.0,0.0,0.0,3.0,0.9997820185871243,0.7810924233560183,0.83751,0,1,stable
1980__600_2400,9,t_8_16,180.0,0.0,0.0,3.0,0.969807523616324,0.9027822468395145,0.83751,0,1,stable
1980__600_2400,10,t_8_16,176.0,0.5,0.5,1.0,,0.7917179236307781,0.83751,0,1,mild
1980__600_2400,11,t_8_16,120.0,0.0,0.0,4.0,0.7171941862503156,0.6670007043249521,0.83751,0,0,stable
1980__600_2400,12,s_16_32,307.99957275390625,0.0,0.0,5.0,0.979857773522603,0.8137754333228507,0.83751,0,1,stable
1980__600_2400,13,s_16_32,288.0,0.0,0.0,7.0,0.9973673937097763,0.8758279809349413,0.83751,0,1,stable
1980__600_2400,14,t_8_16,224.0,0.0,0.0,2.0,0.9798559030568439,0.7531527504896369,0.83751,0,1,stable
1980__600_2400,15,t_8_16,196.0,0.0,0.0,3.0,0.9923337289035067,0.795600841818558,0.83751,0,1,stable
1980__600_2400,16,t_8_16,168.0,0.0,0.0,3.0,0.9808074135104797,0.5879315471382877,0.83751,0,0,stable
1980__600_2400,17,t_8_16,168.0,0.5,0.0,2.0,0.1651289989631201,0.828295674044915,0.83751,0,1,mild
1980__600_2400,18,t_8_16,208.0,0.0,0.0,5.0,0.9978164499732837,0.8462303258841387,0.83751,0,1,stable
1980__600_2400,19,t_8_16,252.0,0.0,0.0,7.0,0.9219560335009057,0.7101596018989367,0.83751,0,0,stable
1980__600_2400,20,t_8_16,200.0,0.0,0.0,4.0,0.9975367190010415,0.7853296303451764,0.83751,0,1,stable
1980__600_2400,21,t_8_16,192.0,0.0,0.0,5.0,0.9942400850557608,0.7107094578247112,0.83751,0,0,stable
1980__600_2400,22,t_8_16,220.0,0.0,0.0,4.0,0.9947503141478319,0.7914417152042337,0.83751,0,1,stable
1980__600_2400,23,t_8_16,159.998779296875,0.0,0.0,7.0,0.9313676513636721,0.8405687504352779,0.83751,0,1,stable
1980__600_2400,24,s_16_32,256.0,0.0,0.0,5.0,0.980050986589447,0.7354001539048772,0.83751,0,0,stable
1980__600_2400,25,s_16_32,359.99853515625,0.0,0.0,4.0,0.9843322460950482,0.5971795557667396,0.83751,0,0,stable
1980__600_2400,26,t_8_16,187.0,0.0,0.0,2.0,0.9920848653958031,0.7653485676663087,0.83751,0,1,stable
1980__600_2400,27,t_8_16,195.0,0.0,0.0,3.0,0.408915171615589,0.5060992799009254,0.83751,0,0,stable
1980__600_2400,28,t_8_16,224.0,0.25,0.0,5.0,0.21087564773887948,0.6604789866071424,0.83751,0,0,mild
1980__600_2400,29,t_8_16,224.0,0.0,0.0,2.0,0.9875646945854385,0.4838261565091669,0.83751,1,0,stable
1980__600_2400,30,t_8_16,130.0,0.0,0.0,1.0,,0.626563773649018,0.83751,0,0,stable
1980__600_2400,31,t_8_16,171.0,0.25,0.0,2.0,0.9920104411253872,0.7770079141048203,0.83751,0,1,mild
1980__600_2400,32,t_8_16,88.0,0.5,0.5,1.0,,0.657907052793966,0.83751,0,0,mild
1980__600_2400,33,t_8_16,252.0,0.25,0.0,5.0,0.5392795726290621,0.2608582804338146,0.83751,1,0,mild
19815,0,t_8_16,153.0,0.0,0.0,2.0,0.9267314637184179,0.6245985359477164,0.37575,0,0,stable
19815,1,t_8_16,194.99920654296875,0.25,0.0,2.0,0.37374006651538666,0.5347294410256415,0.37575,0,0,mild
19815,2,t_8_16,96.0,0.0,0.0,5.0,0.660753866663063,0.4783489656188033,0.37575,1,0,stable
19815,3,t_8_16,153.00103759765625,0.0,0.0,3.0,0.8240723485451795,0.46353391503268127,0.37575,1,0,stable
1987__1800_600,0,t_8_16,239.99990844726562,0.0,0.0,4.0,0.9991565760864596,0.7617494999999982,0.83811,0,1,stable
1987__1800_600,1,t_8_16,176.0,0.0,0.0,3.0,0.9991720699751541,0.8574044618009953,0.83811,0,1,stable
1987__1800_600,2,s_16_32,260.00030517578125,0.0,0.0,4.0,0.9989733836053813,0.6846152692307684,0.83811,0,0,stable
1987__1800_600,3,t_8_16,176.0,0.0,0.0,2.0,0.996086559029653,0.8217861505459834,0.83811,0,1,stable
1987__1800_600,4,t_8_16,131.99966430664062,0.0,0.0,6.0,0.9695431267324586,0.6776990110540885,0.83811,0,0,stable
1987__1800_600,5,t_8_16,144.0,0.0,0.0,4.0,0.9394822450465927,0.7243887605893378,0.83811,0,0,stable
1987__1800_600,6,t_8_16,191.9996337890625,0.0,0.0,7.0,0.9742454550062624,0.864782026268414,0.83811,0,1,stable
1987__1800_600,7,t_8_16,144.0,0.0,0.0,4.0,0.932516910017217,0.7144471927232019,0.83811,0,0,stable
1987__1800_600,8,t_8_16,160.0,0.0,0.0,2.0,0.9978184782797098,0.8936909285656529,0.83811,0,1,stable
1987__1800_600,9,t_8_16,180.0,0.0,0.0,3.0,0.9676367225239341,0.6741427565372832,0.83811,0,0,stable
1987__1800_600,10,t_8_16,160.0009765625,0.0,0.0,4.0,0.9622429837805692,0.7220198493643787,0.83811,0,0,stable
1987__1800_600,11,t_8_16,128.0,0.5,0.5,1.0,,0.7700010479233014,0.83811,0,1,mild
1987__1800_600,12,t_8_16,112.0,0.0,0.0,2.0,0.947369684480574,0.656443312298545,0.83811,0,0,stable
1987__1800_600,13,t_8_16,140.0,0.0,0.0,2.0,0.976039082922479,0.6863289569365395,0.83811,0,0,stable
1987__1800_600,14,t_8_16,200.0,0.0,0.0,6.0,0.9689792325866248,0.847172216535843,0.83811,0,1,stable
1987__1800_600,15,t_8_16,144.0,0.0,0.0,2.0,0.9967157740557365,0.7986057351364821,0.83811,0,1,stable
1987__1800_600,16,t_8_16,127.9998779296875,0.0,0.0,1.0,0.9999996917407807,0.6032016057948492,0.83811,0,0,stable
1987__1800_600,17,t_8_16,83.99972534179688,0.25,0.0,2.0,0.2811363376089577,0.5902182750118526,0.83811,0,0,mild
1987__1800_600,18,t_8_16,120.0,0.0,0.0,4.0,0.9968458001556593,0.7194471652687259,0.83811,0,0,stable
1987__1800_600,19,t_8_16,107.99990844726562,0.0,0.0,2.0,0.9869715475914884,0.6690351502147437,0.83811,0,0,stable
1987__1800_600,20,t_8_16,143.9998779296875,0.0,0.0,3.0,0.9884499774927236,0.6955909892445744,0.83811,0,0,stable
1987__1800_600,21,t_8_16,140.0,0.0,0.0,3.0,0.9777837721327234,0.806849093610188,0.83811,0,1,stable
1987__1800_600,22,t_8_16,159.9998779296875,0.0,0.0,3.0,0.9989132732454232,0.8505937685559057,0.83811,0,1,stable
1987__1800_600,23,t_8_16,128.0,0.25,0.25,2.0,0.9973912712951177,0.7556515161990118,0.83811,0,1,mild
1987__1800_600,24,t_8_16,216.0,0.25,0.0,5.0,0.19994467289562975,0.7730013200639865,0.83811,0,1,mild
1987__1800_600,25,t_8_16,140.0,0.25,0.0,2.0,0.784275579333618,0.8070001939197408,0.83811,0,1,mild
1987__1800_600,26,t_8_16,192.0,0.0,0.0,3.0,0.9925860558888645,0.8539544972113785,0.83811,0,1,stable
1987__1800_600,27,s_16_32,280.0,0.0,0.0,5.0,0.9455734733645513,0.7105833000000013,0.83811,0,0,stable
1987__1800_600,28,t_8_16,112.0,0.25,0.25,3.0,0.9666786365569229,0.6881858490125777,0.83811,0,0,mild
1987__1800_600,29,t_8_16,140.0,0.0,0.0,2.0,0.9855629840719615,0.7439445801380729,0.83811,0,0,stable
1987__1800_600,30,t_8_16,96.0,0.25,0.25,1.0,,0.7483343713874353,0.83811,0,0,mild
1987__1800_600,31,t_8_16,111.9991455078125,0.0,0.0,3.0,0.9771616185122656,0.6485049878306398,0.83811,0,0,stable
1987__1800_600,32,t_8_16,215.9989013671875,0.25,0.25,3.0,0.11761217915759949,0.8005763333333333,0.83811,0,1,mild
1987__1800_600,33,t_8_16,160.0,0.0,0.0,3.0,0.8965399265296354,0.6321432487281381,0.83811,0,0,stable
1987__1800_600,34,t_8_16,180.0,0.25,0.0,5.0,0.18705945568287768,0.8016573358825716,0.83811,0,1,mild
1987__1800_600,35,t_8_16,216.0,0.0,0.0,6.0,0.987793467811103,0.8171246527777768,0.83811,0,1,stable
1987__1800_600,36,t_8_16,192.0,0.0,0.0,3.0,0.971116564109167,0.8294762956622521,0.83811,0,1,stable
1987__1800_600,37,t_8_16,191.9990234375,0.25,0.0,4.0,0.7169598798672835,0.8927355333784748,0.83811,0,1,mild
1987__1800_600,38,t_8_16,143.99972534179688,0.0,0.0,5.0,0.662230853802692,0.6692446300970485,0.83811,0,0,stable
1987__1800_600,39,t_8_16,132.0,0.0,0.0,7.0,0.9532065557554104,0.6816281990825285,0.83811,0,0,stable
1987__1800_600,40,t_8_16,160.0,0.5,0.25,4.0,0.05143237451741059,0.6787672585637372,0.83811,0,0,mild
1987__1800_600,41,t_8_16,176.0,0.0,0.0,4.0,0.968159990001845,0.7506141222664585,0.83811,0,1,stable
1987__1800_600,42,t_8_16,132.0,0.0,0.0,4.0,0.9719662218479304,0.7619755181476802,0.83811,0,1,stable
1987__1800_600,43,t_8_16,176.0,0.0,0.0,1.0,0.9999971693009829,0.8711882766185721,0.83811,0,1,stable
1987__1800_600,44,t_8_16,176.0,0.5,0.5,0.0,,0.6457792277136738,0.83811,0,0,mild
1987__1800_600,45,t_8_16,176.0,0.5,0.5,1.0,,0.7641964481473351,0.83811,0,1,mild
1987__1800_600,46,t_8_16,160.0,0.25,0.25,4.0,0.9490025862435005,0.8560317467811761,0.83811,0,1,mild
1987__1800_600,47,t_8_16,176.0,0.0,0.0,2.0,0.9882801317252503,0.9040877918559772,0.83811,0,1,stable
1987__1800_600,48,t_8_16,240.0,0.0,0.0,4.0,0.9890874700530334,0.6815207661995395,0.83811,0,0,stable
1987__1800_600,49,t_8_16,180.0,0.0,0.0,2.0,0.9997663740508272,0.7463799377391932,0.83811,0,0,stable
1987__1800_600,50,t_8_16,160.0009765625,0.0,0.0,3.0,0.9871796344439326,0.693041662436916,0.83811,0,0,stable
1987__1800_600,51,t_8_16,140.0,0.0,0.0,2.0,0.7948550112234906,0.7138454555234645,0.83811,0,0,stable
1987__1800_600,52,t_8_16,240.0,0.25,0.0,6.0,0.7307620336650247,0.7868470294964475,0.83811,0,1,mild
1987__1800_600,53,t_8_16,216.0,0.0,0.0,4.0,0.9222699853641825,0.7877884104070848,0.83811,0,1,stable
1987__1800_600,54,t_8_16,160.0,0.0,0.0,1.0,,0.8196677920016453,0.83811,0,1,stable
1987__1800_600,55,t_8_16,216.0,0.0,0.0,3.0,0.9402472932888117,0.7302700370370392,0.83811,0,0,stable
1987__1800_600,56,t_8_16,216.0,0.0,0.0,4.0,0.994252132615818,0.7195881388888827,0.83811,0,0,stable
1987__1800_600,57,t_8_16,180.0,0.0,0.0,4.0,0.9617391464966234,0.6790264105392106,0.83811,0,0,stable
1987__1800_600,58,t_8_16,160.0,0.0,0.0,2.0,0.9615255300869338,0.6956971671722267,0.83811,0,0,stable
1987__1800_600,59,t_8_16,180.0,0.0,0.0,2.0,0.9993494002072567,0.8751133245894718,0.83811,0,1,stable
1987__1800_600,60,t_8_16,180.0,0.0,0.0,3.0,0.97141228145737,0.747494183414141,0.83811,0,0,stable
1987__1800_600,61,t_8_16,112.0,0.25,0.25,3.0,0.9835034419143264,0.6461434246059573,0.83811,0,0,mild
1987__1800_600,62,t_8_16,96.0,0.0,0.0,3.0,0.9148862611000155,0.5521761025231817,0.83811,0,0,stable
1987__1800_600,63,t_8_16,208.0,0.5,0.5,1.0,,0.790549056953147,0.83811,0,1,mild
1987__1800_600,64,t_8_16,220.0,0.0,0.0,5.0,0.99002617151456,0.7481903339362979,0.83811,0,0,stable
1987__1800_600,65,t_8_16,120.0,0.0,0.0,4.0,0.9946430315100474,0.7467922350297346,0.83811,0,0,stable
1987__1800_600,66,t_8_16,192.0,0.5,0.5,2.0,0.6500022896003292,0.8939672477817187,0.83811,0,1,mild
1987__1800_600,67,t_8_16,160.0,0.25,0.25,3.0,0.37991417704372055,0.786406951438027,0.83811,0,1,mild
1987__1800_600,68,t_8_16,132.0,0.0,0.0,5.0,0.9376231798454481,0.668685114470226,0.83811,0,0,stable
1987__1800_600,69,t_8_16,119.99992370605469,0.0,0.0,6.0,0.6701987378847147,0.7659962709771824,0.83811,0,1,stable
1987__1800_600,70,t_8_16,176.0,0.25,0.25,4.0,0.9854390367856924,0.8762081146376994,0.83811,0,1,mild
1987__1800_600,71,t_8_16,176.0,0.0,0.0,4.0,0.9959337148406953,0.8725968630288263,0.83811,0,1,stable
1987__1800_600,72,t_8_16,159.99969482421875,0.0,0.0,7.0,0.9966599177418847,0.8771792477433203,0.83811,0,1,stable
1987__1800_600,73,t_8_16,132.0003662109375,0.0,0.0,3.0,0.2288443819292131,0.6177409579130162,0.83811,0,0,stable
1987__1800_600,74,t_8_16,159.99951171875,0.0,0.0,3.0,0.9788533146996691,0.44975085426963757,0.83811,1,0,stable
1987__1800_600,75,t_8_16,120.0,0.25,0.25,3.0,0.36460157121368386,0.6003293226565297,0.83811,0,0,mild
1987__1800_600,76,t_8_16,220.0,0.0,0.0,3.0,0.9894298029535236,0.7563842950574213,0.83811,0,1,stable
1987__1800_600,77,t_8_16,192.0,0.0,0.0,3.0,0.9981919415924599,0.835363059100957,0.83811,0,1,stable
1987__1800_600,78,t_8_16,144.0,0.0,0.0,3.0,0.9805469646567218,0.8033693093349715,0.83811,0,1,stable
1987__1800_600,79,t_8_16,119.9996337890625,0.0,0.0,5.0,0.9940005358207263,0.6730499550362629,0.83811,0,0,stable
1987__1800_600,80,t_8_16,176.0001678466797,0.0,0.0,3.0,0.9538187688088637,0.8894136574533865,0.83811,0,1,stable
1987__1800_600,81,t_8_16,200.0,0.0,0.0,3.0,0.9557754662123519,0.6935524785333622,0.83811,0,0,stable
1987__1800_600,82,t_8_16,200.0,0.0,0.0,3.0,0.9739101143277135,0.662959697094676,0.83811,0,0,stable
1987__1800_600,83,t_8_16,120.0,0.0,0.0,7.0,0.9264719426444081,0.735511124976582,0.83811,0,0,stable
1987__1800_600,84,t_8_16,208.0,0.0,0.0,3.0,0.8491739067027555,0.5469691616036818,0.83811,0,0,stable
1987__1800_600,85,t_8_16,176.0,0.0,0.0,3.0,0.9232611611524061,0.6290438159487689,0.83811,0,0,stable
1987__1800_600,86,t_8_16,176.0,0.0,0.0,4.0,0.992598192686155,0.744983930514752,0.83811,0,0,stable
1987__1800_600,87,t_8_16,132.0,0.0,0.0,2.0,0.9753529133540083,0.7374648572854656,0.83811,0,0,stable
1987__1800_600,88,t_8_16,176.0001678466797,0.0,0.0,5.0,0.9971741834455294,0.8826227058596695,0.83811,0,1,stable
1987__1800_600,89,t_8_16,176.0,0.0,0.0,4.0,0.9950411466638279,0.8463054696033385,0.83811,0,1,stable
1987__1800_600,90,t_8_16,160.0,0.0,0.0,2.0,0.9768832379607834,0.8403535390050815,0.83811,0,1,stable
1987__1800_600,91,t_8_16,160.0,0.5,0.25,2.0,0.044131168390703385,0.5391576065506145,0.83811,0,0,mild
1987__1800_600,92,t_8_16,132.0,0.0,0.0,3.0,0.9656354742529126,0.6709041424852241,0.83811,0,0,stable
1987__1800_600,93,t_8_16,131.99966430664062,0.0,0.0,4.0,0.9482161295455082,0.7639574063187682,0.83811,0,1,stable
1987__1800_600,94,t_8_16,132.0,0.0,0.0,4.0,0.9967572184519911,0.6939863457727754,0.83811,0,0,stable
1987__1800_600,95,t_8_16,160.0,0.0,0.0,3.0,0.7546306583494043,0.8212499844759623,0.83811,0,1,stable
1987__1800_600,96,t_8_16,176.0,0.0,0.0,4.0,0.8173757140874627,0.8659561080197842,0.83811,0,1,stable
1987__1800_600,97,s_16_32,320.0,0.0,0.0,4.0,0.9943404140150056,0.8943128664858716,0.83811,0,1,stable
1987__1800_600,98,t_8_16,112.0,0.5,0.5,0.0,,0.856037700118903,0.83811,0,1,mild
1987__1800_600,99,t_8_16,160.0000762939453,0.0,0.0,3.0,0.9852954396542107,0.7597421952514347,0.83811,0,1,stable
1987__1800_600,100,t_8_16,160.0,0.0,0.0,2.0,0.9928248738059946,0.7621975814497645,0.83811,0,1,stable
1987__1800_600,101,t_8_16,160.0,0.0,0.0,3.0,0.9949155546801925,0.808125560269956,0.83811,0,1,stable
1987__1800_600,102,t_8_16,160.0,0.5,0.5,0.0,,0.631237383596686,0.83811,0,0,mild
1987__1800_600,103,t_8_16,160.0,0.0,0.0,2.0,0.9866740144824172,0.7798583379334354,0.83811,0,1,stable
1987__1800_600,104,t_8_16,140.0,0.0,0.0,2.0,0.9947155410467664,0.7672875107594123,0.83811,0,1,stable
1987__1800_600,105,s_16_32,364.0,0.0,0.0,5.0,0.992372239716687,0.819835927492962,0.83811,0,1,stable
1987__1800_600,106,t_8_16,140.0,0.25,0.0,5.0,0.7619280885493314,0.7393276911196545,0.83811,0,0,mild
1987__1800_600,107,t_8_16,132.0003662109375,0.0,0.0,7.0,0.9694389451393796,0.6067179871791774,0.83811,0,0,stable
1987__1800_600,108,t_8_16,144.0,0.0,0.0,3.0,0.8490006633125631,0.6726188478838736,0.83811,0,0,stable
1987__1800_600,109,t_8_16,144.0,0.0,0.0,6.0,0.11027340545452854,0.6565602966305335,0.83811,0,0,stable
1987__1800_600,110,t_8_16,168.0,0.0,0.0,2.0,0.9964497249517976,0.7749141987378529,0.83811,0,1,stable
1987__1800_600,111,t_8_16,208.00048828125,0.5,0.5,0.0,,0.5582703391386131,0.83811,0,0,mild
1987__1800_600,112,t_8_16,168.0,0.0,0.0,1.0,0.9999999843031392,0.7435799540349661,0.83811,0,0,stable
1987__1800_600,113,t_8_16,140.0,0.0,0.0,2.0,0.9950456440486567,0.8471980518459581,0.83811,0,1,stable
1987__1800_600,114,t_8_16,80.0,0.5,0.5,0.0,,0.6139699059273775,0.83811,0,0,mild
1ee79129f,0,t_8_16,168.0,0.25,0.25,3.0,0.9030159326945559,0.6819406387628436,0.60987,0,0,mild
2020__2400_0,0,s_16_32,319.998779296875,0.0,0.0,6.0,0.9950218808043761,0.7677341972664109,0.83638,0,1,stable
2020__2400_0,1,s_16_32,308.0,0.0,0.0,7.0,0.9672709826093969,0.7282350665362377,0.83638,0,0,stable
2020__2400_0,2,s_16_32,448.0,0.0,0.0,8.0,0.9962435818862798,0.8095134584675396,0.83638,0,1,stable
2020__2400_0,3,s_16_32,416.0,0.0,0.0,7.0,0.9949359290066745,0.6299458152734497,0.83638,0,0,stable
2020__2400_0,4,t_8_16,240.0,0.0,0.0,7.0,0.954968689821848,0.6776745070080217,0.83638,0,0,stable
2020__2400_0,5,t_8_16,199.99984741210938,0.0,0.0,3.0,0.9961188577789203,0.7924233455843399,0.83638,0,1,stable
2020__2400_0,6,t_8_16,216.0,0.0,0.0,5.0,0.9845188677138665,0.853072318459007,0.83638,0,1,stable
2020__2400_0,7,t_8_16,216.00018310546875,0.0,0.0,5.0,0.972557680305627,0.7780533151140662,0.83638,0,1,stable
2020__2400_0,8,t_8_16,215.99945068359375,0.0,0.0,4.0,0.9214264024730144,0.4560314750514478,0.83638,1,0,stable
2020__2400_0,9,t_8_16,180.0,0.0,0.0,2.0,0.8533303356902153,0.6733676222102378,0.83638,0,0,stable
2020__2400_0,10,t_8_16,117.0,0.25,0.0,2.0,0.990556394481526,0.4619105591924759,0.83638,1,0,mild
2020__2400_0,11,t_8_16,180.0,0.0,0.0,4.0,0.8650586537503061,0.5525230366705346,0.83638,0,0,stable
2020__2400_0,12,s_16_32,323.0,0.0,0.0,6.0,0.9830373846719948,0.591587607946712,0.83638,0,0,stable
2021__4200_2384,0,t_8_16,192.0,0.0,0.0,4.0,0.8949733869664158,0.7548006086677065,0.87152,0,1,stable
2021__4200_2384,1,t_8_16,192.0,0.25,0.25,3.0,0.996965242590839,0.9146891932188012,0.87152,0,1,mild
2021__4200_2384,2,t_8_16,160.0,0.0,0.0,2.0,0.9976860833245181,0.9259127421574719,0.87152,0,1,stable
2021__4200_2384,3,s_16_32,360.0,0.0,0.0,6.0,0.5977086777410454,0.9033330320910948,0.87152,0,1,stable
2021__4200_2384,4,t_8_16,120.0,0.0,0.0,2.0,0.9855099699948883,0.8650564049267581,0.87152,0,1,stable
2021__4200_2384,5,t_8_16,168.0,0.0,0.0,2.0,0.9981720439521252,0.8206267605094666,0.87152,0,1,stable
2021__4200_2384,6,t_8_16,224.0,0.0,0.0,5.0,0.8515663919627562,0.8820286301001056,0.87152,0,1,stable
2021__4200_2384,7,t_8_16,167.9991455078125,0.0,0.0,2.0,0.9534430451296229,0.7479929913719974,0.87152,0,0,stable
2021__4200_2384,8,t_8_16,168.0,0.0,0.0,3.0,0.9767635567604098,0.8757513358693709,0.87152,0,1,stable
2021__4200_2384,9,t_8_16,215.9989013671875,0.0,0.0,4.0,0.9887639775039768,0.8735716543170319,0.87152,0,1,stable
2021__4200_2384,10,t_8_16,159.999755859375,0.0,0.0,3.0,0.994673944217819,0.8587830289621013,0.87152,0,1,stable
2021__4200_2384,11,s_16_32,280.0,0.0,0.0,6.0,0.9938759478551498,0.9117131126971929,0.87152,0,1,stable
2021__4200_2384,12,t_8_16,168.0,0.0,0.0,3.0,0.9893723234813155,0.8508245662919165,0.87152,0,1,stable
2021__4200_2384,13,t_8_16,192.0,0.0,0.0,3.0,0.996091936833107,0.9235249857185045,0.87152,0,1,stable
2021__4200_2384,14,t_8_16,140.00000953674316,0.0,0.0,2.0,0.9988560400647413,0.837032900532817,0.87152,0,1,stable
2021__4200_2384,15,t_8_16,160.0,0.0,0.0,2.0,0.9879586434245516,0.6301732040080286,0.87152,0,0,stable
2021__4200_2384,16,t_8_16,160.0,0.0,0.0,3.0,0.9973813198521619,0.8166816214470157,0.87152,0,1,stable
2021__4200_2384,17,s_16_32,308.0,0.0,0.0,7.0,0.9475013673759691,0.7618816708962042,0.87152,0,1,stable
2021__4200_2384,18,t_8_16,208.00046348565957,0.0,0.0,10.0,0.9826914886393131,0.6898138607464499,0.87152,0,0,stable
2021__4200_2384,19,t_8_16,216.0,0.0,0.0,3.0,0.9970824058672533,0.7967080864448809,0.87152,0,1,stable
2021__4200_2384,20,t_8_16,168.0,0.0,0.0,4.0,0.9755557319826375,0.9057957074649051,0.87152,0,1,stable
2021__4200_2384,21,t_8_16,195.9991455078125,0.0,0.0,5.0,0.9953001939886571,0.9032420664988979,0.87152,0,1,stable
2021__4200_2384,22,t_8_16,120.0,0.0,0.0,1.0,,0.8737838659080084,0.87152,0,1,stable
2021__4200_2384,23,t_8_16,167.99932861234993,0.0,0.0,4.0,0.9278085712571923,0.7478827321428532,0.87152,0,0,stable
2021__4200_2384,24,t_8_16,120.0,0.0,0.0,3.0,0.981607805613745,0.7475874750431513,0.87152,0,0,stable
2021__4200_2384,25,t_8_16,108.0,0.0,0.0,4.0,0.97651078517289,0.6767075638061697,0.87152,0,0,stable
2021__600_600,0,t_8_16,168.0,0.0,0.0,2.0,0.9728301283310324,0.8679706855772278,0.78281,0,1,stable
2064__2400_0,0,s_16_32,320.0,0.0,0.0,7.0,0.9856040701341088,0.493172234798772,0.76394,1,0,stable
2064__2400_0,1,t_8_16,143.99945068359375,0.0,0.0,4.0,0.9889128469149279,0.7708991845822535,0.76394,0,1,stable
2064__2400_0,2,t_8_16,112.0,0.5,0.5,0.0,,0.8281266250000056,0.76394,0,1,mild
2064__2400_0,3,t_8_16,200.0,0.0,0.0,2.0,0.9927550692363396,0.5644135513963432,0.76394,0,0,stable
2064__2400_0,4,t_8_16,83.9996337890625,0.0,0.0,3.0,0.9776075631550729,0.6561235219392162,0.76394,0,0,stable
2064__2400_2151,0,t_8_16,170.0,0.0,0.0,3.0,0.9954290881097876,0.615653729051214,0.79539,0,0,stable
2064__2400_2151,1,t_8_16,120.0,0.0,0.0,2.0,0.99841391251379,0.6015488307832911,0.79539,0,0,stable
2064__2400_2151,2,t_8_16,84.0,0.0,0.0,5.0,0.6368072299970632,0.502167390325745,0.79539,0,0,stable
2064__2400_2151,3,t_8_16,80.0,0.5,0.25,2.0,0.9136460852609313,0.8282326268681333,0.79539,0,1,mild
2064__2400_2151,4,t_8_16,72.0,0.0,0.0,4.0,0.9671539992601172,0.6253428924337769,0.79539,0,0,stable
2064__2400_2151,6,t_8_16,80.0,0.25,0.25,1.0,,0.7403680357627103,0.79539,0,0,mild
2064__2400_2151,10,t_8_16,79.999755859375,0.0,0.0,1.0,,0.6624061366364348,0.79539,0,0,stable
2064__2400_2151,12,t_8_16,120.0,0.0,0.0,6.0,0.9342084164781516,0.5905738668363311,0.79539,0,0,stable
2064__2400_2151,13,t_8_16,160.0,0.5,0.5,1.0,,0.8242533261567734,0.79539,0,1,mild
2064__2400_2151,14,s_16_32,256.0,0.0,0.0,3.0,0.9752210846852973,0.877187293564112,0.79539,0,1,stable
2064__2400_2151,15,t_8_16,72.0,0.0,0.0,3.0,0.9846770101210066,0.44571705743764417,0.79539,1,0,stable
2064__2400_2151,16,s_16_32,288.0,0.0,0.0,3.0,0.8538136266260045,0.6159758238108833,0.79539,0,0,stable
2064__2400_2151,17,t_8_16,192.0,0.0,0.0,2.0,0.9728746072771653,0.5032462873642594,0.79539,0,0,stable
2064__2400_2151,18,t_8_16,215.9989013671875,0.0,0.0,3.0,0.9847099698359127,0.6783138965920368,0.79539,0,0,stable
2064__2400_2151,19,t_8_16,200.0,0.25,0.0,4.0,0.8515894238761413,0.5643581249999973,0.79539,0,0,mild
2064__2400_2151,20,t_8_16,127.9990234375,0.0,0.0,3.0,0.9893107695178497,0.589669911030912,0.79539,0,0,stable
2064__2400_2151,21,t_8_16,120.0,0.0,0.0,2.0,0.9202879624367919,0.6152312606305582,0.79539,0,0,stable
2064__2400_2151,22,s_16_32,287.99951171875,0.0,0.0,6.0,0.98546171848105,0.576835368055555,0.79539,0,0,stable
2064__2400_2151,23,t_8_16,140.0,0.0,0.0,2.0,0.8934552535632325,0.578284611676431,0.79539,0,0,stable
2064__2400_2151,24,t_8_16,144.0,0.0,0.0,3.0,0.9819864137460568,0.7371997501275994,0.79539,0,0,stable
2064__2400_2151,25,t_8_16,90.0,0.0,0.0,5.0,0.9437202246587229,0.5845131146038496,0.79539,0,0,stable
2064__2400_2151,26,t_8_16,117.0,0.0,0.0,2.0,0.9982633122572246,0.7238183977137846,0.79539,0,0,stable
2064__2400_2151,27,t_8_16,111.99951171875,0.25,0.25,1.0,,0.8745098837006591,0.79539,0,1,mild
2064__2400_2151,28,t_8_16,120.000732421875,0.0,0.0,2.0,0.8752235985400832,0.6869900207840001,0.79539,0,0,stable
2064__2400_2151,29,t_8_16,144.0,0.0,0.0,7.0,0.8437032278806195,0.5406463451281054,0.79539,0,0,stable
2064__2400_2151,30,t_8_16,150.0,0.0,0.0,3.0,0.9653876763192406,0.6047819452964236,0.79539,0,0,stable
2064__2400_2151,31,t_8_16,176.0,0.0,0.0,3.0,0.9899277192745912,0.5991088490601201,0.79539,0,0,stable
2064__2400_2151,32,t_8_16,215.9989013671875,0.0,0.0,4.0,0.990719832208562,0.6094493055555531,0.79539,0,0,stable
2064__2400_2151,33,t_8_16,111.99951171875,0.0,0.0,2.0,0.992146017476049,0.754033368254335,0.79539,0,1,stable
2064__2400_2151,34,t_8_16,120.000732421875,0.0,0.0,1.0,,0.5852716795773054,0.79539,0,0,stable
2064__2400_2151,35,t_8_16,196.0,0.0,0.0,2.0,0.9874289131230672,0.5406916582618162,0.79539,0,0,stable
2064__2400_2151,36,t_8_16,195.99957275390625,0.0,0.0,6.0,0.9870102776383041,0.6916145506273225,0.79539,0,0,stable
2064__2400_2151,37,t_8_16,98.0,0.0,0.0,5.0,0.9901005161730463,0.8191667073970056,0.79539,0,1,stable
2064__2400_2151,38,t_8_16,135.0,0.0,0.0,3.0,0.970694133069061,0.6808343847308194,0.79539,0,0,stable
2064__2400_2151,39,t_8_16,135.0,0.0,0.0,3.0,0.9359413256950688,0.8092524853388768,0.79539,0,1,stable
2064__2400_2151,40,t_8_16,78.00079345703125,0.0,0.0,5.0,0.7652645314012727,0.5991106542944059,0.79539,0,0,stable
2130__1200_2010,0,t_8_16,121.0,0.0,0.0,2.0,0.9913759038882612,0.7918167449063682,0.7866,0,1,stable
2130__1200_2010,1,t_8_16,120.0,0.0,0.0,2.0,0.9632675027797459,0.7682649818998754,0.7866,0,1,stable
2130__1200_2010,2,t_8_16,160.0,0.25,0.0,2.0,0.9273830873792069,0.5771091470369863,0.7866,0,0,mild
2130__1200_2010,3,t_8_16,99.99969482421875,0.0,0.0,1.0,,0.7441575441570342,0.7866,0,0,stable
2130__1200_2010,4,t_8_16,100.0,0.0,0.0,1.0,,0.9364262548073458,0.7866,0,1,stable
2130__1200_2010,5,t_8_16,119.99969482421875,0.25,0.0,2.0,0.7766503977912009,0.7818993306512194,0.7866,0,1,mild
2130__1200_2010,6,t_8_16,168.0,0.0,0.0,3.0,0.9718244658620117,0.6970012089614314,0.7866,0,0,stable
2130__1200_2010,7,t_8_16,120.0,0.25,0.0,2.0,0.8407504763120427,0.7491855306684827,0.7866,0,0,mild
2130__1200_2010,8,t_8_16,144.0,0.0,0.0,2.0,0.9629361911357857,0.7772326913290521,0.7866,0,1,stable
2130__1200_2010,9,t_8_16,168.0,0.0,0.0,2.0,0.9838714663262231,0.7538086666666672,0.7866,0,1,stable
2130__1200_2010,10,t_8_16,144.0,0.0,0.0,2.0,0.918985618700581,0.8333358402777734,0.7866,0,1,stable
2130__1200_2010,11,s_16_32,256.0,0.0,0.0,5.0,0.960515951694385,0.5869146539976855,0.7866,0,0,stable
2130__1200_2010,12,t_8_16,120.0,0.0,0.0,2.0,0.7160314630253942,0.8398323366300582,0.7866,0,1,stable
2130__1200_2010,13,t_8_16,96.0,0.25,0.25,2.0,0.9661309337368392,0.6817285492730446,0.7866,0,0,mild
2130__1200_2010,14,t_8_16,80.0,0.0,0.0,1.0,,0.5821694248594738,0.7866,0,0,stable
2130__1200_2010,15,t_8_16,119.99992370605469,0.0,0.0,2.0,0.9000836155022992,0.7863512314065321,0.7866,0,1,stable
2130__1200_2010,16,t_8_16,120.0,0.0,0.0,1.0,,0.6344892368157411,0.7866,0,0,stable
2130__1200_2010,17,t_8_16,144.0,0.25,0.0,3.0,0.5256626214714558,0.6593711443489508,0.7866,0,0,mild
2130__1200_2010,18,t_8_16,144.0,0.25,0.0,3.0,0.45513390640558365,0.805320105795015,0.7866,0,1,mild
2130__1200_2010,19,t_8_16,167.999267578125,0.0,0.0,2.0,0.9889389001899247,0.8417053329389282,0.7866,0,1,stable
2130__1200_2010,20,t_8_16,120.0,0.0,0.0,1.0,,0.8215260541358043,0.7866,0,1,stable
2130__1200_2010,21,t_8_16,120.0,0.0,0.0,2.0,0.9174233760350873,0.6779005551986655,0.7866,0,0,stable
2130__1200_2010,22,t_8_16,99.99969482421875,0.5,0.0,2.0,0.29897649765189954,0.833022005242574,0.7866,0,1,mild
2130__1200_2010,23,t_8_16,96.0,0.0,0.0,1.0,0.9999622376614314,0.7301053454497898,0.7866,0,0,stable
2130__1200_2010,24,t_8_16,224.0,0.0,0.0,5.0,0.984882838233929,0.7815796071428602,0.7866,0,1,stable
2130__1200_2010,25,t_8_16,120.0,0.0,0.0,2.0,0.9869093274996863,0.8210068617427315,0.7866,0,1,stable
2130__1200_2010,26,t_8_16,120.0,0.0,0.0,2.0,0.9957566685077276,0.860861581417433,0.7866,0,1,stable
2130__1200_2010,27,t_8_16,120.0,0.0,0.0,1.0,,0.7412065978460358,0.7866,0,0,stable
2130__1200_2010,28,t_8_16,144.0,0.0,0.0,2.0,0.9650362237075705,0.7042066465381389,0.7866,0,0,stable
2130__1200_2010,29,t_8_16,196.0,0.0,0.0,3.0,0.9789665180675038,0.8485164081632669,0.7866,0,1,stable
2130__1200_2010,30,t_8_16,120.00012206658721,0.0,0.0,2.0,0.9954942540228268,0.7621575004363892,0.7866,0,1,stable
2130__1200_2010,31,t_8_16,167.9984130896628,0.0,0.0,1.0,0.9999992359872668,0.7990722041249458,0.7866,0,1,stable
2130__1200_2010,32,t_8_16,168.0,0.0,0.0,3.0,0.9580982420238962,0.8777956376908752,0.7866,0,1,stable
2130__1200_2010,33,t_8_16,168.0,0.0,0.0,4.0,0.8776024768609901,0.7946681529659234,0.7866,0,1,stable
2130__1200_2010,34,t_8_16,167.9991455078125,0.0,0.0,2.0,0.9949155609259357,0.7950674901920639,0.7866,0,1,stable
2130__1200_2010,35,t_8_16,120.000732421875,0.0,0.0,2.0,0.8972512472140369,0.7928932741911553,0.7866,0,1,stable
2130__1200_2010,36,t_8_16,168.0,0.0,0.0,2.0,0.9999079845252886,0.8511214082311697,0.7866,0,1,stable
2130__1200_2010,37,t_8_16,100.0,0.0,0.0,2.0,0.9637921211100542,0.8098270386996121,0.7866,0,1,stable
2130__1200_2010,38,t_8_16,119.9993896484375,0.0,0.0,1.0,,0.7562378868368407,0.7866,0,1,stable
2130__1200_2010,39,t_8_16,144.0,0.0,0.0,2.0,0.9210106310986124,0.612406253873432,0.7866,0,0,stable
2130__1200_2010,40,t_8_16,196.0,0.0,0.0,2.0,0.9879057416333835,0.7173927295918333,0.7866,0,0,stable
2130__1200_2010,41,t_8_16,80.0,0.0,0.0,2.0,0.964611971003352,0.6852663955981226,0.7866,0,0,stable
2130__1200_2010,42,t_8_16,80.0,0.25,0.0,2.0,0.8951367587502072,0.7717228403722175,0.7866,0,1,mild
2130__1200_2010,43,t_8_16,80.0,0.0,0.0,1.0,,0.6730738050125495,0.7866,0,0,stable
2130__1200_2010,44,t_8_16,100.0,0.0,0.0,1.0,,0.8094796733148721,0.7866,0,1,stable
2130__1200_2010,45,t_8_16,224.0,0.0,0.0,4.0,0.9839069022895518,0.8807508759216588,0.7866,0,1,stable
2130__1200_2010,46,t_8_16,120.000732421875,0.0,0.0,3.0,0.9447700970072586,0.7232056123743626,0.7866,0,0,stable
2130__1200_2010,47,t_8_16,80.000244140625,0.0,0.0,1.0,,0.7503613458856279,0.7866,0,1,stable
2130__1200_2010,48,t_8_16,100.0006103515625,0.0,0.0,2.0,0.838839876356259,0.5815166086077931,0.7866,0,0,stable
2130__1200_2010,49,t_8_16,100.0006103515625,0.25,0.0,1.0,,0.7244275026930954,0.7866,0,0,mild
2130__1200_2010,50,t_8_16,144.0,0.5,0.0,3.0,0.5170843463720187,0.8088286623268832,0.7866,0,1,mild
2130__1200_2010,51,t_8_16,80.0,0.0,0.0,1.0,,0.5398631667930643,0.7866,0,0,stable
2130__1200_2010,52,t_8_16,100.0,0.0,0.0,1.0,,0.687545668502166,0.7866,0,0,stable
2130__1200_2010,53,t_8_16,96.0,0.25,0.25,1.0,,0.6022571922706246,0.7866,0,0,mild
2130__1200_2010,54,t_8_16,120.000732421875,0.0,0.0,2.0,0.9922891643936536,0.7460743989867117,0.7866,0,0,stable
2130__1200_2010,55,t_8_16,196.0,0.25,0.0,3.0,0.8363065181781659,0.5739016440750963,0.7866,0,0,mild
2130__1200_2010,56,t_8_16,100.0,0.0,0.0,2.0,0.9913476547241293,0.703083057757737,0.7866,0,0,stable
2130__1200_2010,57,t_8_16,121.0,0.25,0.0,2.0,0.21641725406234055,0.5675866683939204,0.7866,0,0,mild
2130__1200_2010,58,t_8_16,119.9993896484375,0.0,0.0,2.0,0.8814578566215392,0.6418620331976224,0.7866,0,0,stable
2130__1200_2010,59,t_8_16,130.0,0.25,0.25,3.0,0.7067967076657109,0.5053565704220654,0.7866,0,0,mild
2130__1200_2010,61,t_8_16,80.0,0.0,0.0,1.0,,0.5196706794507706,0.7866,0,0,stable
2130__1200_2010,62,t_8_16,132.0,0.0,0.0,1.0,,0.7915050283794746,0.7866,0,1,stable
2130__1200_2010,63,t_8_16,100.0,0.0,0.0,2.0,0.841912636420385,0.7467192697705801,0.7866,0,0,stable
2130__1200_2010,65,t_8_16,120.0,0.5,0.0,2.0,0.23636918691218478,0.7582065289216918,0.7866,0,1,mild
2130__1200_2010,67,t_8_16,132.0,0.5,0.0,4.0,0.43053032517488693,0.7262144763472778,0.7866,0,0,mild
2130__1200_2010,68,t_8_16,144.0,0.0,0.0,4.0,0.8446080335590803,0.7558474164636554,0.7866,0,1,stable
2130__1200_2010,69,t_8_16,119.99969482421875,0.25,0.0,3.0,0.4877122066616086,0.7075667404195206,0.7866,0,0,mild
2130__1200_2010,70,t_8_16,110.0,0.0,0.0,2.0,0.9977209415397341,0.787577585613572,0.7866,0,1,stable
2130__1200_2010,71,t_8_16,99.99969482421875,0.0,0.0,1.0,,0.5492075401461416,0.7866,0,0,stable
2130__1200_2010,72,t_8_16,143.9996337890625,0.0,0.0,4.0,0.8258584352814495,0.7431840101813226,0.7866,0,0,stable
2130__1200_2010,73,t_8_16,110.0,0.0,0.0,2.0,0.9933809297896404,0.900979044783655,0.7866,0,1,stable
2130__1200_2010,74,t_8_16,150.0,0.5,0.0,4.0,0.04370439692831507,0.6874164965762696,0.7866,0,0,mild
2130__1200_2010,75,t_8_16,143.0,0.0,0.0,3.0,0.7563850536496772,0.6983410974460109,0.7866,0,0,stable
2139__600_600,0,t_8_16,84.0,0.0,0.0,4.0,0.7782236370840557,0.6928127811619263,0.75689,0,0,stable
2139__600_600,1,t_8_16,128.0,0.0,0.0,2.0,0.9938392174528179,0.6703690539792866,0.75689,0,0,stable
2139__600_600,2,t_8_16,96.0,0.0,0.0,2.0,0.8870003472183122,0.707165506467074,0.75689,0,0,stable
2139__600_600,3,t_8_16,152.0,0.0,0.0,3.0,0.9271336628216172,0.7935673916487487,0.75689,0,1,stable
2139__600_600,4,t_8_16,128.0,0.0,0.0,2.0,0.9881653460556201,0.6729539350834145,0.75689,0,0,stable
2139__600_600,5,t_8_16,135.0,0.0,0.0,1.0,,0.6890436466174226,0.75689,0,0,stable
2148__1200_1200,0,t_8_16,139.99978637695312,0.0,0.0,3.0,0.9906912131136072,0.9115435046896514,0.79258,0,1,stable
2148__1200_1200,1,t_8_16,96.0,0.25,0.25,1.0,,0.7249591482886634,0.79258,0,0,mild
2148__1200_1200,2,t_8_16,96.0,0.25,0.25,1.0,,0.7832422339713457,0.79258,0,1,mild
2148__1200_1200,3,t_8_16,128.0,0.0,0.0,1.0,0.999986822874781,0.6272654215870027,0.79258,0,0,stable
2148__1200_1200,4,t_8_16,119.9996337890625,0.5,0.0,2.0,0.2368568548581203,0.5582814442906623,0.79258,0,0,mild
2148__1200_1200,5,t_8_16,139.99969482421875,0.0,0.0,2.0,0.9354616653051425,0.7431286777286695,0.79258,0,0,stable
2148__1200_1200,6,t_8_16,120.0,0.0,0.0,2.0,0.99679390760573,0.8324083657817672,0.79258,0,1,stable
2148__1200_1200,7,t_8_16,192.0,0.5,0.0,3.0,0.2016701074197642,0.5513978387618733,0.79258,0,0,mild
2148__1200_1200,8,t_8_16,192.0,0.25,0.0,3.0,0.44109326143095806,0.7150671835193123,0.79258,0,0,mild
2148__1200_1200,9,t_8_16,191.99981689453125,0.0,0.0,1.0,0.9988464577461958,0.6364836246838949,0.79258,0,0,stable
2148__1200_1200,10,t_8_16,112.0,0.0,0.0,2.0,0.9715198930286606,0.806133182169926,0.79258,0,1,stable
2148__1200_1200,11,t_8_16,112.0,0.5,0.5,0.0,,0.7049360733257986,0.79258,0,0,mild
2148__1200_1200,12,t_8_16,96.0,0.0,0.0,1.0,,0.6780877731551105,0.79258,0,0,stable
2148__1200_1200,13,t_8_16,112.0,0.0,0.0,2.0,0.9867181889285473,0.7018056719763608,0.79258,0,0,stable
2148__1200_1200,14,t_8_16,96.0,0.25,0.25,0.0,,0.39297667570443917,0.79258,1,0,mild
2148__1200_1200,15,t_8_16,96.0,0.5,0.25,2.0,0.7500873855042927,0.6940214951343033,0.79258,0,0,mild
2148__1200_1200,16,t_8_16,159.99951171875,0.0,0.0,3.0,0.9867442851127521,0.8314187203959899,0.79258,0,1,stable
2148__1200_1200,17,t_8_16,112.0,0.0,0.0,2.0,0.9568211830907664,0.7451409138796006,0.79258,0,0,stable
2148__1200_1200,18,t_8_16,139.99969482421875,0.0,0.0,2.0,0.9714723233287368,0.7967126647497746,0.79258,0,1,stable
2148__1200_1200,19,t_8_16,168.0,0.0,0.0,3.0,0.8642396276972444,0.6146932748894695,0.79258,0,0,stable
2148__1200_1200,20,t_8_16,128.0,0.0,0.0,2.0,0.999860215931519,0.6335821339770281,0.79258,0,0,stable
2148__1200_1200,21,t_8_16,96.0,0.25,0.25,2.0,0.9653663525020423,0.8986945008205334,0.79258,0,1,mild
2148__1200_1200,22,t_8_16,112.0,0.0,0.0,2.0,0.9999073498337825,0.7179893398723138,0.79258,0,0,stable
2148__1200_1200,23,t_8_16,96.0,0.0,0.0,1.0,,0.717755252327227,0.79258,0,0,stable
2148__1200_1200,24,t_8_16,112.0,0.0,0.0,1.0,,0.43418451994222423,0.79258,1,0,stable
2148__1200_1200,25,t_8_16,112.0,0.0,0.0,2.0,0.9999807387024148,0.5867668923101105,0.79258,0,0,stable
2148__1200_1200,26,t_8_16,111.99957275390625,0.0,0.0,2.0,0.9999854544827262,0.7449301382125647,0.79258,0,0,stable
2148__1200_1200,27,t_8_16,120.0,0.0,0.0,1.0,,0.7379150088993706,0.79258,0,0,stable
2148__1200_1200,28,t_8_16,80.0,0.25,0.25,2.0,0.9438607120362213,0.8539405228338373,0.79258,0,1,mild
2148__1200_1200,29,t_8_16,96.0,0.0,0.0,0.0,0.9999985241311677,0.2846923913341073,0.79258,1,0,stable
2148__1200_1200,30,t_8_16,160.0,0.0,0.0,3.0,0.9516750379157606,0.7512746187500026,0.79258,0,1,stable
2148__1200_1200,31,t_8_16,140.0,0.25,0.25,1.0,0.9995513815859451,0.7877925651604584,0.79258,0,1,mild
2148__1200_1200,32,t_8_16,160.0,0.0,0.0,3.0,0.8408618906112232,0.7385040494985138,0.79258,0,0,stable
2148__1200_1200,33,t_8_16,80.0,0.25,0.25,0.0,,0.70321142140972,0.79258,0,0,mild
2148__1200_1200,36,t_8_16,112.0,0.0,0.0,3.0,0.9557153594840326,0.852548670946568,0.79258,0,1,stable
2148__1200_1200,37,t_8_16,112.0,0.25,0.25,2.0,0.6327670737975591,0.5544488088626205,0.79258,0,0,mild
2148__1200_1200,38,t_8_16,140.0,0.25,0.25,2.0,0.695443204323035,0.8753360206709249,0.79258,0,1,mild
2148__1200_1200,39,t_8_16,100.0,0.0,0.0,1.0,,0.6877220927564771,0.79258,0,0,stable
2148__1200_1200,40,t_8_16,96.0,0.5,0.5,1.0,0.9999995820272078,0.7228531051550618,0.79258,0,0,mild
2148__1200_1200,41,t_8_16,72.0,0.5,0.0,3.0,0.09415138714324804,0.48165583415665997,0.79258,1,0,mild
2148__1200_1200,42,t_8_16,140.0,0.0,0.0,2.0,0.9965390393451663,0.8177956324073113,0.79258,0,1,stable
2148__1200_1200,43,t_8_16,84.0,0.0,0.0,2.0,0.9802184684068084,0.7511577451863626,0.79258,0,1,stable
2148__1200_1200,44,t_8_16,96.0,0.0,0.0,1.0,,0.83129465861663,0.79258,0,1,stable
2148__1200_1200,45,t_8_16,96.0,0.5,0.5,1.0,,0.6479984945824118,0.79258,0,0,mild
2148__1200_1200,46,t_8_16,112.0,0.25,0.25,2.0,0.8674323186219997,0.7995330357142877,0.79258,0,1,mild
2148__1200_1200,47,t_8_16,72.0,0.0,0.0,2.0,0.9992138175548168,0.3701181437100441,0.79258,1,0,stable
2148__1200_1200,48,t_8_16,96.0,0.0,0.0,1.0,,0.8338536742012036,0.79258,0,1,stable
2148__1200_1200,49,t_8_16,159.999755859375,0.0,0.0,3.0,0.9528001635452823,0.6820587112440651,0.79258,0,0,stable
2148__1200_1200,50,t_8_16,119.99974060070235,0.0,0.0,2.0,0.9773694747483365,0.7870240261477892,0.79258,0,1,stable
2148__1200_1200,51,t_8_16,111.99951171875,0.25,0.25,1.0,,0.5751272354377781,0.79258,0,0,mild
2148__1200_1200,52,t_8_16,120.0,0.0,0.0,2.0,0.9958075682439765,0.8107968314268938,0.79258,0,1,stable
2148__1200_1200,53,t_8_16,119.99990844726562,0.0,0.0,1.0,,0.8048954710445212,0.79258,0,1,stable
2148__1200_1200,54,t_8_16,192.0,0.75,0.0,3.0,0.34507696633315105,0.8204913750000007,0.79258,0,1,high
2148__1200_1200,55,t_8_16,168.0,0.0,0.0,2.0,0.06990465328875926,0.2359968759210468,0.79258,1,0,stable
2148__1200_1200,56,t_8_16,144.0,0.5,0.5,0.0,,0.010379605169792009,0.79258,1,0,mild
2148__1200_1200,57,t_8_16,140.0,0.0,0.0,3.0,0.8754384286241251,0.0,0.79258,1,0,stable
2148__1200_1200,58,t_8_16,144.0,0.0,0.0,7.0,0.5898110633642508,0.6418102239132846,0.79258,0,0,stable
2148__1200_1200,59,t_8_16,84.0,0.0,0.0,3.0,0.9416352546857231,0.0,0.79258,1,0,stable
2148__1200_1200,60,t_8_16,72.0,0.0,0.0,3.0,0.8045589551131012,0.5612454101271741,0.79258,0,0,stable
2148__1200_1200,61,t_8_16,84.0,0.0,0.0,2.0,0.9975220478335911,0.7181931245935794,0.79258,0,0,stable
2148__1200_1200,62,t_8_16,83.9996337890625,0.0,0.0,4.0,0.897783286248007,0.8032130776950173,0.79258,0,1,stable
2148__1200_1200,64,t_8_16,72.0,0.0,0.0,2.0,0.9956067128232947,0.6928095758131635,0.79258,0,0,stable
2148__1200_1200,66,t_8_16,84.0,0.25,0.0,4.0,0.9004175839301153,0.8373131984497797,0.79258,0,1,mild
2148__1200_1200,67,t_8_16,95.99981689453125,0.0,0.0,4.0,0.7671178770277676,0.0,0.79258,1,0,stable
2148__1200_1200,68,t_8_16,160.0,0.0,0.0,3.0,0.9817459262683156,0.8309762186041457,0.79258,0,1,stable
2148__1200_1200,69,t_8_16,143.99890136905015,0.0,0.0,1.0,,0.8326868036150464,0.79258,0,1,stable
2148__1200_1200,71,t_8_16,72.0,0.0,0.0,1.0,,0.6521224091225808,0.79258,0,0,stable
2148__1200_1200,72,t_8_16,84.0000057220459,0.0,0.0,2.0,0.875691580061454,0.6081689394719821,0.79258,0,0,stable
2148__1200_1200,73,t_8_16,90.0,0.5,0.5,3.0,0.010238514413080478,0.14616416365543006,0.79258,1,0,mild
2148__1200_1200,74,t_8_16,167.99990844726562,0.0,0.0,4.0,0.6828651569403448,0.7167178146943209,0.79258,0,0,stable
2148__1200_1200,75,t_8_16,100.0,0.0,0.0,1.0,,0.8629607473888125,0.79258,0,1,stable
2148__1200_1200,76,t_8_16,140.0,0.0,0.0,2.0,0.9271172780328298,0.811781120875151,0.79258,0,1,stable
2148__1200_1200,77,t_8_16,192.0,0.5,0.0,3.0,0.10375296316794468,0.7722184614277869,0.79258,0,1,mild
2148__1200_1200,78,t_8_16,192.0,0.0,0.0,2.0,0.9386804891304934,0.8442975119338714,0.79258,0,1,stable
2148__1200_1200,79,t_8_16,111.99997329711914,0.0,0.0,3.0,0.7727234508993973,0.7633258905870478,0.79258,0,1,stable
2148__1200_1200,80,t_8_16,196.0,0.0,0.0,2.0,0.4475833872175181,0.8735521889808128,0.79258,0,1,stable
2148__1200_1200,81,t_8_16,196.00010681152344,0.0,0.0,1.0,0.999999217482395,0.7646096581632641,0.79258,0,1,stable
2148__1200_1200,82,t_8_16,167.9991455078125,0.25,0.25,3.0,0.9572161445312305,0.4609589617619243,0.79258,1,0,mild
2148__1200_1200,83,t_8_16,119.99984741210938,0.0,0.0,3.0,0.3914715749605321,0.7205975064102291,0.79258,0,0,stable
2148__1200_1200,84,t_8_16,144.0,0.0,0.0,3.0,0.9010980012619304,0.0,0.79258,1,0,stable
2148__1200_1200,85,t_8_16,168.00009155273438,0.0,0.0,3.0,0.8756932190542409,0.585296699589544,0.79258,0,0,stable
2148__1200_1200,86,t_8_16,80.0,0.0,0.0,1.0,,0.6396370537657535,0.79258,0,0,stable
2148__1200_1200,87,t_8_16,95.9998779296875,0.0,0.0,2.0,0.9348791373584471,0.8378790384977491,0.79258,0,1,stable
2148__1200_1200,88,t_8_16,139.99986267078202,0.0,0.0,3.0,0.9918063105149038,0.7193546410413918,0.79258,0,0,stable
2148__1200_1200,89,t_8_16,64.0,0.0,0.0,0.0,,0.4319157036599902,0.79258,1,0,stable
2148__1200_1200,90,t_8_16,120.0,0.0,0.0,3.0,0.9386988967866982,0.8487940881851843,0.79258,0,1,stable
2148__1200_1200,91,t_8_16,96.0,0.0,0.0,1.0,,0.8721422273927995,0.79258,0,1,stable
2148__1200_1200,92,t_8_16,112.0,0.0,0.0,2.0,0.9862935451082301,0.8314490892182007,0.79258,0,1,stable
2148__1200_1200,93,t_8_16,196.0,0.0,0.0,4.0,0.964871915271593,0.6923877602040828,0.79258,0,0,stable
2148__1200_1200,95,t_8_16,95.99993896484375,0.5,0.5,1.0,,0.6659400703218582,0.79258,0,0,mild
2148__1200_1200,96,t_8_16,160.0,0.25,0.0,3.0,0.663171491996617,0.6660342138516342,0.79258,0,0,mild
2148__1200_1200,97,t_8_16,143.999267578125,0.0,0.0,3.0,0.9425032408034976,0.4108062596364726,0.79258,1,0,stable
2148__1200_1200,98,t_8_16,112.0,0.25,0.25,2.0,0.07265709480783578,0.8240392923803355,0.79258,0,1,mild
2148__1200_1200,99,t_8_16,160.0,0.0,0.0,3.0,0.9355402378335076,0.7133739774652742,0.79258,0,0,stable
2148__1200_1200,100,t_8_16,64.0,0.0,0.0,4.0,0.357591837786077,0.6789298225212842,0.79258,0,0,stable
2148__1200_1200,102,s_16_32,780.0,0.0,0.0,10.0,0.543508586389963,0.427784199958764,0.79258,1,0,stable
2148__1200_1200,103,t_8_16,96.0,0.0,0.0,2.0,0.9484908241315642,0.7346824063366574,0.79258,0,0,stable
2148__1200_1200,104,t_8_16,119.99969482421875,0.0,0.0,2.0,0.9825842019091221,0.8187370757652577,0.79258,0,1,stable
2148__1200_1200,105,t_8_16,120.0,0.0,0.0,1.0,,0.5658584857258506,0.79258,0,0,stable
2148__1200_1200,106,t_8_16,144.0,0.25,0.0,2.0,0.9948305039040636,0.0,0.79258,1,0,mild
2148__1200_1200,107,t_8_16,120.0,0.25,0.0,3.0,0.8807922285028417,0.7236447285094464,0.79258,0,0,mild
2148__1200_1200,108,t_8_16,168.0,0.0,0.0,2.0,0.935939744509154,0.6667155428363595,0.79258,0,0,stable
2148__1200_1200,109,t_8_16,191.9990234375,0.0,0.0,3.0,0.9082734378849047,0.766486048759043,0.79258,0,1,stable
2148__1200_1200,110,t_8_16,140.0,0.0,0.0,1.0,,0.7329372517241372,0.79258,0,0,stable
2148__1200_1200,111,t_8_16,144.0,0.0,0.0,3.0,0.8524013714433607,0.7084488088386277,0.79258,0,0,stable
2148__1200_1200,112,t_8_16,127.99951171875,0.0,0.0,5.0,0.9727432495897788,0.6869337100184639,0.79258,0,0,stable
2148__1200_1200,113,t_8_16,192.0,0.0,0.0,2.0,0.7174173455944793,0.6565865624999999,0.79258,0,0,stable
2148__1200_1200,114,t_8_16,120.000732421875,0.0,0.0,2.0,0.9533240929487823,0.8656431763425952,0.79258,0,1,stable
2148__1200_1200,115,t_8_16,144.0,0.0,0.0,2.0,0.9828243368576082,0.6848315704310272,0.79258,0,0,stable
2148__1200_1200,117,t_8_16,120.0,0.0,0.0,2.0,0.9986060559931971,0.7671278647064649,0.79258,0,1,stable
2148__1200_1200,118,t_8_16,96.0,0.0,0.0,1.0,,0.6625359335361569,0.79258,0,0,stable
2148__1200_1200,119,t_8_16,144.0,0.0,0.0,3.0,0.8273397383069618,0.7029601676449417,0.79258,0,0,stable
2148__1200_1200,120,t_8_16,111.99951171875,0.0,0.0,2.0,0.9654374989115252,0.7996098206216433,0.79258,0,1,stable
2148__1200_1200,121,t_8_16,128.0,0.0,0.0,2.0,0.9999999965998818,0.7329085317986922,0.79258,0,0,stable
2148__1200_1200,122,t_8_16,240.0,0.25,0.0,4.0,0.1948616265808113,0.4604660500000011,0.79258,1,0,mild
2148__1200_1200,123,t_8_16,100.0,0.0,0.0,1.0,,0.0,0.79258,1,0,stable
2148__1200_1200,124,t_8_16,120.0,0.0,0.0,2.0,0.9995676327615505,0.7490563217949084,0.79258,0,0,stable
2148__1200_1200,125,t_8_16,140.0008544921875,0.0,0.0,3.0,0.9947483070195626,0.8540928179314482,0.79258,0,1,stable
2148__1200_1200,126,t_8_16,143.999267578125,0.25,0.0,3.0,0.7776964642449398,0.5961778456168874,0.79258,0,0,mild
2148__1200_1200,127,t_8_16,112.0,0.0,0.0,1.0,0.9997544693184417,0.5792839411513241,0.79258,0,0,stable
2148__1200_1200,128,t_8_16,96.0,0.0,0.0,2.0,0.9729434150014187,0.5481823393099676,0.79258,0,0,stable
2148__1200_1200,129,t_8_16,140.0,0.0,0.0,2.0,0.9875318278941719,0.7947061871323731,0.79258,0,1,stable
2148__1200_1200,130,t_8_16,96.0,0.0,0.0,2.0,0.9846077986516976,0.6465556820517486,0.79258,0,0,stable
2148__1200_1200,131,t_8_16,112.0,0.0,0.0,2.0,0.874954714719993,0.7482771410445671,0.79258,0,0,stable
2148__1200_1200,132,t_8_16,180.0,0.25,0.0,5.0,0.3242538032845126,0.6246513290378172,0.79258,0,0,mild
2148__1200_1200,133,t_8_16,200.0,0.0,0.0,3.0,0.9709016507114523,0.6864748976278778,0.79258,0,0,stable
2148__1200_1200,134,t_8_16,140.0,0.25,0.0,3.0,0.6275436773068439,0.5020282764913485,0.79258,0,0,mild
2148__1200_1200,136,t_8_16,95.9998779296875,0.5,0.5,3.0,0.3174163273617165,0.31391129062479334,0.79258,1,0,mild
2148__1200_1200,137,t_8_16,100.0,0.0,0.0,1.0,,0.6451508846631507,0.79258,0,0,stable
2148__1200_1200,138,t_8_16,112.0,0.5,0.5,1.0,,0.6615816399186454,0.79258,0,0,mild
2148__1200_1200,139,t_8_16,112.0,0.0,0.0,2.0,0.9678163101239325,0.8409637325906579,0.79258,0,1,stable
2148__1200_1200,140,t_8_16,128.0,0.25,0.25,2.0,0.9566564300908708,0.7366519134345031,0.79258,0,0,mild
2148__1200_1200,141,t_8_16,168.0000228881836,0.0,0.0,3.0,0.8361864591225501,0.8807381558699073,0.79258,0,1,stable
2148__1200_1200,142,t_8_16,140.0,0.25,0.25,3.0,0.9726171291112075,0.5999246583396671,0.79258,0,0,mild
2148__1200_1200,143,t_8_16,120.0,0.0,0.0,1.0,,0.653433006024376,0.79258,0,0,stable
2148__1200_1200,145,t_8_16,84.0,0.0,0.0,2.0,0.9767995201942413,0.9145885539337104,0.79258,0,1,stable
2148__1200_1200,146,t_8_16,72.0,0.0,0.0,4.0,0.9037560632847286,0.7405991597050405,0.79258,0,0,stable
2148__1200_1200,147,t_8_16,160.00015258789062,0.25,0.0,2.0,0.6066632487031779,0.6590500000000008,0.79258,0,0,mild
2148__1200_1200,148,t_8_16,160.0,0.25,0.0,2.0,0.6999640979574965,0.6769815939415892,0.79258,0,0,mild
2148__1200_1200,149,t_8_16,127.999755859375,0.0,0.0,3.0,0.8164896012117253,0.6496041980749904,0.79258,0,0,stable
2148__1200_1200,150,t_8_16,112.0,0.0,0.0,1.0,,0.77546816819831,0.79258,0,1,stable
2148__1200_1200,151,t_8_16,95.99981689453125,0.0,0.0,3.0,0.5326862401328847,0.6556192275360148,0.79258,0,0,stable
2148__1200_1200,152,t_8_16,112.0,0.0,0.0,3.0,0.9832093642114494,0.5840433356516156,0.79258,0,0,stable
2148__1200_1200,153,t_8_16,96.0,0.0,0.0,1.0,,0.621181456848333,0.79258,0,0,stable
2148__1200_1200,154,t_8_16,119.9996337890625,0.25,0.0,3.0,0.8523706222522969,0.6734778534507825,0.79258,0,0,mild
2148__1200_1200,155,t_8_16,96.0,0.25,0.25,1.0,0.9999999926972799,0.5280119903534979,0.79258,0,0,mild
2148__1200_1200,156,t_8_16,196.0,0.0,0.0,5.0,0.3964959192404348,0.6337155598442874,0.79258,0,0,stable
2148__1200_1200,157,t_8_16,72.0003662109375,0.0,0.0,3.0,0.7928749581108694,0.5298927769994428,0.79258,0,0,stable
2148__1200_1200,158,t_8_16,120.000732421875,0.25,0.0,2.0,0.902529314969481,0.7028633265213936,0.79258,0,0,mild
2148__1200_1200,159,t_8_16,140.0,0.0,0.0,1.0,,0.8454575218004303,0.79258,0,1,stable
2148__1200_1200,160,t_8_16,100.0,0.25,0.0,2.0,0.9999976416010133,0.6811657294666732,0.79258,0,0,mild
2148__1200_1200,161,t_8_16,119.99992370605469,0.0,0.0,1.0,,0.8365619521546263,0.79258,0,1,stable
2148__1200_1200,162,t_8_16,120.0,0.0,0.0,3.0,0.9640301038709648,0.6588481267192665,0.79258,0,0,stable
2148__1200_1200,163,t_8_16,96.0,0.25,0.0,3.0,0.863734550212764,0.7236194759581522,0.79258,0,0,mild
2148__1200_1200,165,t_8_16,140.0005035402719,0.25,0.0,2.0,0.8233713079238303,0.6358266884580894,0.79258,0,0,mild
2148__1200_1200,166,t_8_16,72.000732421875,0.0,0.0,3.0,0.9569069990184808,0.6446824787537121,0.79258,0,0,stable
2148__1200_1200,167,t_8_16,143.999267578125,0.0,0.0,2.0,0.9655267665232906,0.7158313855911842,0.79258,0,0,stable
2148__1200_1200,168,t_8_16,160.0,0.0,0.0,3.0,0.9252471486365613,0.584483852366037,0.79258,0,0,stable
2148__1200_1200,169,t_8_16,144.0,0.25,0.0,1.0,0.999999239481867,0.78129338981468,0.79258,0,1,mild
2148__1200_1200,170,t_8_16,120.0,0.0,0.0,2.0,0.9957949691793169,0.6999547324485821,0.79258,0,0,stable
2148__1200_1200,171,t_8_16,119.9993896484375,0.25,0.0,3.0,0.9061063757918488,0.7455179776999684,0.79258,0,0,mild
2148__1200_1200,172,t_8_16,96.0,0.0,0.0,1.0,,0.7666034337083203,0.79258,0,1,stable
2148__1200_1200,173,t_8_16,96.0,0.25,0.25,1.0,,0.9001735351234849,0.79258,0,1,mild
2148__1200_1200,174,t_8_16,251.99923706101254,0.0,0.0,3.0,0.9647309233346043,0.5787717142857135,0.79258,0,0,stable
2148__1200_1200,175,t_8_16,120.0,0.5,0.5,2.0,0.9935322204483648,0.7286341072751044,0.79258,0,0,mild
2148__1200_1200,176,t_8_16,140.0008544921875,0.5,0.0,5.0,0.542108028647267,0.4809908789382035,0.79258,1,0,mild
2148__1200_1200,178,t_8_16,140.0,0.0,0.0,2.0,0.95301415725911,0.6215416093582699,0.79258,0,0,stable
2148__1200_1200,179,t_8_16,120.0,0.5,0.5,0.0,,0.6701659069227857,0.79258,0,0,mild
2148__1200_1200,180,t_8_16,192.0,0.0,0.0,4.0,0.734700592744235,0.6376732977825701,0.79258,0,0,stable
2148__1200_1200,181,t_8_16,143.999267578125,0.5,0.0,3.0,0.1582526819140318,0.6981861544898653,0.79258,0,0,mild
2148__1200_1200,182,t_8_16,139.99969482421875,0.0,0.0,3.0,0.9921213264432921,0.7571590578743396,0.79258,0,1,stable
2148__1200_1200,183,t_8_16,72.0,0.0,0.0,2.0,0.9905924775371087,0.5799501962788565,0.79258,0,0,stable
2148__1200_1200,184,t_8_16,96.0,0.25,0.25,1.0,,0.7479415102736445,0.79258,0,0,mild
2148__1200_1200,185,t_8_16,95.99951171875,0.0,0.0,2.0,0.8905028685769845,0.6201202663120393,0.79258,0,0,stable
2148__1200_1200,186,t_8_16,79.99969482421875,0.0,0.0,3.0,0.951292156542986,0.7533392720210333,0.79258,0,1,stable
2148__1200_1200,187,t_8_16,128.0,0.5,0.25,3.0,0.3835840860721313,0.5490380845048249,0.79258,0,0,mild
2148__1200_1200,188,t_8_16,191.9990234375,0.0,0.0,3.0,0.869806989179426,0.7191034166626066,0.79258,0,0,stable
2148__1200_1200,189,t_8_16,180.0010986328125,0.25,0.0,2.0,0.4877724969869629,0.37530434481011926,0.79258,1,0,mild
2148__1200_1200,190,t_8_16,160.0,0.0,0.0,2.0,0.9856425057232455,0.7252652398687787,0.79258,0,0,stable
2148__1200_1200,191,t_8_16,128.0,0.0,0.0,2.0,0.9999880155959457,0.7857170792060806,0.79258,0,1,stable
2148__1200_1200,193,t_8_16,120.0,0.0,0.0,2.0,0.881691374375468,0.6273536788590777,0.79258,0,0,stable
2148__1200_1200,194,t_8_16,168.0,0.0,0.0,2.0,0.9836692134619855,0.7915039371589174,0.79258,0,1,stable
2148__1200_1200,195,t_8_16,140.0,0.0,0.0,2.0,0.9254383286033753,0.6322962553325692,0.79258,0,0,stable
2148__1200_1200,196,t_8_16,111.99926757719368,0.5,0.0,3.0,0.25709479063213825,0.6859069366421133,0.79258,0,0,mild
2148__1200_1200,197,t_8_16,64.0,0.0,0.0,1.0,,0.5958267214613995,0.79258,0,0,stable
2148__1200_1200,198,t_8_16,160.0,0.0,0.0,1.0,,0.843972717272487,0.79258,0,1,stable
2148__1200_1200,199,t_8_16,192.0,0.0,0.0,3.0,0.7057899104005665,0.5559984371910843,0.79258,0,0,stable
2148__1200_1200,200,t_8_16,71.9996337890625,0.0,0.0,4.0,0.976188174459727,0.6942045528553358,0.79258,0,0,stable
2148__1200_1200,201,t_8_16,96.0,0.0,0.0,3.0,0.9114998304339293,0.6893528109055205,0.79258,0,0,stable
2148__1200_1200,202,t_8_16,96.0,0.0,0.0,2.0,0.9283237188744468,0.8476634292517005,0.79258,0,1,stable
2148__1200_1200,203,t_8_16,112.0001220703125,0.0,0.0,1.0,,0.5724448039429596,0.79258,0,0,stable
2148__1200_1200,204,t_8_16,80.0,0.0,0.0,1.0,,0.5622365509248377,0.79258,0,0,stable
2148__1200_1200,205,t_8_16,140.0,0.0,0.0,3.0,0.7462872628374676,0.6604850855050596,0.79258,0,0,stable
2148__1200_1200,206,t_8_16,112.0,0.0,0.0,1.0,,0.6656092318223684,0.79258,0,0,stable
2148__1200_1200,207,s_16_32,300.0006103515625,0.0,0.0,4.0,0.9437810530422348,0.5691793424085516,0.79258,0,0,stable
2148__1200_1200,208,t_8_16,225.0,0.0,0.0,2.0,0.9791586383874318,0.5520330533333331,0.79258,0,0,stable
2148__1200_1200,209,t_8_16,194.99920654296875,0.0,0.0,4.0,0.3072831978432263,0.5856322051282032,0.79258,0,0,stable
2148__1200_1200,210,t_8_16,143.00067138671875,0.0,0.0,3.0,0.731905785740141,0.0,0.79258,1,0,stable
2148__1200_1200,211,s_16_32,270.0,0.0,0.0,5.0,0.9317527428486829,0.5922524621497943,0.79258,0,0,stable
2148__1200_1200,212,t_8_16,110.0,0.5,0.0,2.0,0.24126719864906448,0.0,0.79258,1,0,mild
2148__1200_1200,213,t_8_16,108.0,0.0,0.0,2.0,0.9766500982975961,0.8216010808620657,0.79258,0,1,stable
2148__1200_1200,214,t_8_16,96.0,0.5,0.0,2.0,0.4483947824442412,0.0,0.79258,1,0,mild
2148__1200_1200,215,t_8_16,153.9991455078125,0.0,0.0,2.0,0.9410595731081186,0.6717144438040074,0.79258,0,0,stable
2148__1200_1200,216,t_8_16,110.0,0.0,0.0,2.0,0.9734568261878263,0.7169822109555786,0.79258,0,0,stable
2148__1200_1200,217,t_8_16,153.9991455078125,0.0,0.0,2.0,0.8852303851224435,0.0,0.79258,1,0,stable
2148__1200_1200,218,t_8_16,180.0,0.25,0.0,3.0,0.7954232411357303,0.664399112029527,0.79258,0,0,mild
2148__1200_1200,219,t_8_16,121.0,0.0,0.0,1.0,,0.6290716960850683,0.79258,0,0,stable
2148__1200_1200,220,t_8_16,132.0,0.0,0.0,1.0,,0.7068608414448255,0.79258,0,0,stable
2148__1200_1200,221,t_8_16,221.0,0.0,0.0,5.0,0.745264714955006,0.7498757285067877,0.79258,0,0,stable
2148__1200_1200,222,t_8_16,110.0,0.0,0.0,3.0,0.9268602687959138,0.7016681789924062,0.79258,0,0,stable
2148__1200_1200,223,t_8_16,210.0,0.0,0.0,3.0,0.6964914750186625,0.0,0.79258,1,0,stable
2148__1800_600,0,s_16_32,320.0,0.0,0.0,5.0,0.9600691369528547,0.6333777468749971,0.82804,0,0,stable
2148__1800_600,1,t_8_16,168.0,0.0,0.0,2.0,0.997552237111249,0.7998608696127256,0.82804,0,1,stable
2148__1800_600,2,t_8_16,120.0,0.0,0.0,1.0,,0.7902070847636109,0.82804,0,1,stable
2148__1800_600,3,t_8_16,119.99992370605469,0.0,0.0,1.0,,0.6361292872980281,0.82804,0,0,stable
2148__1800_600,4,t_8_16,140.0,0.0,0.0,2.0,0.9197969307029265,0.757592196670501,0.82804,0,1,stable
2148__1800_600,5,t_8_16,96.0,0.0,0.0,1.0,,0.6610455217966014,0.82804,0,0,stable
2148__1800_600,6,t_8_16,120.0,0.0,0.0,2.0,0.9765702213550781,0.9059301087529396,0.82804,0,1,stable
2148__1800_600,7,t_8_16,96.0,0.0,0.0,1.0,,0.939140694081826,0.82804,0,1,stable
2148__1800_600,8,t_8_16,96.0,0.0,0.0,2.0,0.8129829084720979,0.7114963351290039,0.82804,0,0,stable
2148__1800_600,9,t_8_16,120.0,0.0,0.0,2.0,0.9689452945875409,0.8093841028358874,0.82804,0,1,stable
2148__1800_600,10,t_8_16,120.0,0.0,0.0,2.0,0.9984304930654316,0.7864295451444048,0.82804,0,1,stable
2148__1800_600,11,t_8_16,96.0,0.0,0.0,3.0,0.937309827818349,0.6828386896638747,0.82804,0,0,stable
2148__1800_600,12,t_8_16,112.0,0.0,0.0,2.0,0.9100658681478963,0.7501925808828085,0.82804,0,1,stable
2148__1800_600,13,t_8_16,100.0,0.0,0.0,2.0,0.9934331160272145,0.5688871056680095,0.82804,0,0,stable
2148__1800_600,14,t_8_16,120.0,0.0,0.0,2.0,0.9973441496984946,0.7511044996049573,0.82804,0,1,stable
2148__1800_600,15,t_8_16,112.0,0.0,0.0,1.0,,0.6237748021151762,0.82804,0,0,stable
2148__1800_600,16,t_8_16,80.0,0.25,0.25,1.0,,0.735575732652398,0.82804,0,0,mild
2148__1800_600,17,t_8_16,120.0,0.0,0.0,1.0,,0.8400954400088568,0.82804,0,1,stable
2148__1800_600,18,t_8_16,96.0,0.0,0.0,2.0,0.9893062363324617,0.6993395175344086,0.82804,0,0,stable
2148__1800_600,19,t_8_16,100.0,0.0,0.0,1.0,,0.671792953382061,0.82804,0,0,stable
2148__1800_600,20,t_8_16,140.0,0.0,0.0,3.0,0.982424255563565,0.839169437084662,0.82804,0,1,stable
2148__1800_600,21,t_8_16,144.0,0.0,0.0,3.0,0.7671686545426153,0.7994284366384823,0.82804,0,1,stable
2148__1800_600,22,t_8_16,96.0,0.5,0.0,2.0,0.18541166364297734,0.7646313354480098,0.82804,0,1,mild
2148__1800_600,23,t_8_16,80.0,0.25,0.0,2.0,0.8337621484942713,0.6641912425106107,0.82804,0,0,mild
2148__1800_600,24,t_8_16,168.0,0.0,0.0,2.0,0.8104842658786507,0.7088612738095224,0.82804,0,0,stable
2148__1800_600,25,t_8_16,96.0,0.0,0.0,1.0,,0.754295207028778,0.82804,0,1,stable
2148__1800_600,26,t_8_16,96.0,0.75,0.5,1.0,,0.7126351526485654,0.82804,0,0,high
2148__1800_600,28,t_8_16,80.0,0.75,0.75,1.0,,0.7177335167145704,0.82804,0,0,high
2148__1800_600,29,t_8_16,84.0,0.0,0.0,2.0,0.8154653424375595,0.6624785941705335,0.82804,0,0,stable
2148__1800_600,30,t_8_16,167.99945068359375,0.0,0.0,2.0,0.9966534166345951,0.862049719367673,0.82804,0,1,stable
2148__1800_600,31,t_8_16,119.99981689453125,0.0,0.0,3.0,0.9910373288740321,0.7723652342602573,0.82804,0,1,stable
2148__1800_600,32,t_8_16,143.999267578125,0.0,0.0,5.0,0.9609590808664039,0.8200856090540454,0.82804,0,1,stable
2148__1800_600,33,t_8_16,120.0,0.0,0.0,3.0,0.9458517466567531,0.6182844555044098,0.82804,0,0,stable
2148__1800_600,34,t_8_16,144.0,0.0,0.0,3.0,0.9825302957004427,0.6612505140921663,0.82804,0,0,stable
2148__1800_600,36,t_8_16,140.0,0.0,0.0,2.0,0.9913460546305466,0.7169572155646549,0.82804,0,0,stable
2148__1800_600,37,t_8_16,80.0,0.25,0.25,1.0,,0.4613324417222966,0.82804,1,0,mild
2148__1800_600,38,t_8_16,100.0,0.0,0.0,1.0,,0.6488891622289737,0.82804,0,0,stable
2148__1800_600,39,t_8_16,120.000732421875,0.0,0.0,3.0,0.9885250968796487,0.8620058235608347,0.82804,0,1,stable
2148__1800_600,41,t_8_16,144.0,0.25,0.0,2.0,0.8430791675281942,0.6345633262194659,0.82804,0,0,mild
2148__1800_600,42,t_8_16,120.0,0.25,0.0,2.0,0.995764679640475,0.7485601296194744,0.82804,0,0,mild
2148__1800_600,43,s_16_32,431.99945068359375,0.0,0.0,8.0,0.9934024024790861,0.9072022557933807,0.82804,0,1,stable
2148__1800_600,44,t_8_16,144.0,0.0,0.0,3.0,0.9541144522113595,0.5671174633858082,0.82804,0,0,stable
2148__1800_600,45,t_8_16,96.0,0.25,0.25,2.0,0.9754194080241021,0.893175498142015,0.82804,0,1,mild
2148__1800_600,46,t_8_16,112.0,0.0,0.0,2.0,0.9561769943164449,0.6514809307390695,0.82804,0,0,stable
2148__1800_600,47,s_16_32,624.0,0.0,0.0,10.0,0.9801201364255157,0.761923683797314,0.82804,0,1,stable
2148__1800_600,48,t_8_16,140.0,0.0,0.0,3.0,0.9862163447065795,0.710922977844882,0.82804,0,0,stable
2148__1800_600,49,t_8_16,80.0,0.5,0.25,2.0,0.1102106652671666,0.7598751363230466,0.82804,0,1,mild
2148__1800_600,50,t_8_16,144.0,0.0,0.0,2.0,0.9787760198183365,0.7701279099980809,0.82804,0,1,stable
2148__1800_600,51,t_8_16,96.0,0.25,0.25,2.0,0.7868455571958651,0.601309782785464,0.82804,0,0,mild
2148__1800_600,52,t_8_16,120.0,0.0,0.0,3.0,0.9636331155351452,0.5821398835038594,0.82804,0,0,stable
2148__1800_600,53,t_8_16,72.0,0.0,0.0,3.0,0.28638836746451923,0.682424979046838,0.82804,0,0,stable
2148__1800_600,54,t_8_16,144.0,0.0,0.0,1.0,0.9999999992775213,0.8047783336315046,0.82804,0,1,stable
2148__1800_600,55,t_8_16,120.0,0.0,0.0,2.0,0.8054638436778294,0.9151688676902275,0.82804,0,1,stable
2148__1800_600,56,t_8_16,84.0,0.0,0.0,2.0,0.7044743144512275,0.6414568698405272,0.82804,0,0,stable
2148__1800_600,57,t_8_16,119.99920654390007,0.0,0.0,2.0,0.9992373377316042,0.7648151379397917,0.82804,0,1,stable
2148__1800_600,58,t_8_16,100.0,0.25,0.0,3.0,0.8706528231842497,0.7174788621403515,0.82804,0,0,mild
2148__1800_600,59,t_8_16,100.0,0.0,0.0,1.0,,0.6229193326316353,0.82804,0,0,stable
2148__1800_600,60,t_8_16,120.0,0.0,0.0,1.0,,0.8166495764833807,0.82804,0,1,stable
2148__1800_600,61,t_8_16,112.0,0.0,0.0,2.0,0.9968689780915756,0.7156009150509757,0.82804,0,0,stable
2148__1800_600,62,t_8_16,96.0,0.75,0.75,1.0,,0.8146987945235313,0.82804,0,1,high
2148__1800_600,63,t_8_16,112.0,0.0,0.0,1.0,,0.7275485389107585,0.82804,0,0,stable
2148__1800_600,64,t_8_16,196.0,0.0,0.0,2.0,0.955730616913514,0.7047862993740063,0.82804,0,0,stable
2148__1800_600,65,t_8_16,139.99969482421875,0.25,0.0,5.0,0.9242564142806768,0.8970507024040407,0.82804,0,1,mild
2148__1800_600,66,t_8_16,72.0,0.25,0.0,2.0,0.41474693437623167,0.6143035223667348,0.82804,0,0,mild
2148__1800_600,67,t_8_16,144.0009765625,0.25,0.0,3.0,0.18730845350039754,0.7672524744505865,0.82804,0,1,mild
2148__1800_600,68,t_8_16,210.0,0.0,0.0,2.0,0.9999222356005687,0.6670887012094258,0.82804,0,0,stable
2148__1800_600,69,t_8_16,156.0,0.0,0.0,3.0,0.957480543176395,0.7998902186406293,0.82804,0,1,stable
2148__1800_600,70,t_8_16,144.0,0.25,0.0,3.0,0.9084287208655063,0.6233673602535518,0.82804,0,0,mild
2148__1800_600,71,t_8_16,169.0,0.0,0.0,2.0,0.9882324814823213,0.7803741923317052,0.82804,0,1,stable
2148__1800_600,72,t_8_16,119.9993896484375,0.0,0.0,2.0,0.997099903741755,0.7655548945689823,0.82804,0,1,stable
2148__1800_600,73,t_8_16,132.0,0.0,0.0,1.0,0.9999994131853142,0.5886355524136327,0.82804,0,0,stable
2148__1800_600,74,t_8_16,135.0,0.0,0.0,3.0,0.9767380471296052,0.6823619484731206,0.82804,0,0,stable
2148__1800_600,75,t_8_16,247.0,0.0,0.0,4.0,0.9288596350529793,0.6127862794700104,0.82804,0,0,stable
2148__1800_600,76,t_8_16,156.00027465820312,0.0,0.0,1.0,0.9999586156795456,0.8672249208909987,0.82804,0,1,stable
2148__1800_600,77,t_8_16,143.0000991821289,0.5,0.25,3.0,0.2633474768903938,0.702573453239322,0.82804,0,0,mild
2148__1800_600,78,t_8_16,89.9999828338623,0.0,0.0,1.0,,0.6163493823316301,0.82804,0,0,stable
2148__1800_600,79,t_8_16,130.00001907348633,0.0,0.0,3.0,0.8854356837522855,0.7250663215636673,0.82804,0,0,stable
2148__1800_600,80,t_8_16,143.99981689453125,0.0,0.0,2.0,0.9999949266730851,0.7512175972222216,0.82804,0,1,stable
2148__1800_600,81,t_8_16,72.0,0.0,0.0,1.0,,0.46501630657181714,0.82804,1,0,stable
2148__1800_600,82,t_8_16,169.00004959106445,0.0,0.0,2.0,0.9650618676569549,0.7790430142973043,0.82804,0,1,stable
2148__1800_600,83,t_8_16,130.0,0.0,0.0,2.0,0.9999897234183008,0.7298850826062225,0.82804,0,0,stable
2148__1800_600,84,t_8_16,81.0,0.5,0.0,1.0,,0.3837417565758607,0.82804,1,0,mild
2148__1800_600,85,t_8_16,155.9998016357422,0.0,0.0,3.0,0.8643350290256057,0.5726638135674452,0.82804,0,0,stable
2148__1800_600,86,s_16_32,288.0,0.0,0.0,3.0,0.8765344698169673,0.6650688359077939,0.82804,0,0,stable
2148__1800_600,87,t_8_16,154.0,0.0,0.0,3.0,0.9456138065680972,0.7262475127997945,0.82804,0,0,stable
2197__600_0,0,t_8_16,196.0,0.0,0.0,1.0,0.9988627833008644,0.6466195332695769,0.86751,0,0,stable
2197__600_0,1,t_8_16,144.0,0.25,0.0,3.0,0.3298211993490604,0.8405255556160045,0.86751,0,1,mild
2197__600_0,2,t_8_16,96.0,0.25,0.25,0.0,,0.6349162186445306,0.86751,0,0,mild
2197__600_0,3,t_8_16,168.0,0.0,0.0,2.0,0.9210623865953879,0.7591230301681384,0.86751,0,1,stable
2197__600_0,4,t_8_16,84.0,0.0,0.0,3.0,0.9962040339691914,0.7999921829335266,0.86751,0,1,stable
2197__600_0,5,t_8_16,96.0,0.0,0.0,3.0,0.8836671689385036,0.8617360195052336,0.86751,0,1,stable
2197__600_0,6,t_8_16,131.99981689453125,0.0,0.0,7.0,0.876931400614887,0.0,0.86751,1,0,stable
2197__600_0,7,t_8_16,139.99969482421875,0.0,0.0,3.0,0.9854469969098171,0.8383975424094097,0.86751,0,1,stable
2197__600_0,8,t_8_16,252.0,0.0,0.0,5.0,0.9747692959259029,0.48539761904761264,0.86751,1,0,stable
2197__600_0,9,t_8_16,84.0,0.0,0.0,4.0,0.6164341584697631,0.6686223552165098,0.86751,0,0,stable
2197__600_0,10,t_8_16,96.0,0.0,0.0,5.0,0.9861398888212998,0.37969771732251273,0.86751,1,0,stable
2197__600_0,11,t_8_16,80.00048828125,0.0,0.0,2.0,0.9584877673687299,0.6464575929838744,0.86751,0,0,stable
2197__600_0,12,t_8_16,84.0,0.0,0.0,3.0,0.9977096524112163,0.759908228192147,0.86751,0,1,stable
2197__600_0,13,t_8_16,112.00000762939453,0.75,0.75,0.0,,0.8610950490131212,0.86751,0,1,high
2197__600_0,14,t_8_16,83.99994659423828,0.25,0.0,4.0,0.23206150215144056,0.7863505944310398,0.86751,0,1,mild
2197__600_0,15,t_8_16,160.0,0.25,0.0,3.0,0.7310868667562579,0.7548990240738259,0.86751,0,1,mild
2197__600_0,16,t_8_16,112.0,0.5,0.5,1.0,,0.852590370507337,0.86751,0,1,mild
2197__600_0,17,t_8_16,112.0,0.0,0.0,1.0,,0.8033532590809892,0.86751,0,1,stable
2197__600_0,18,t_8_16,95.99951171875,0.0,0.0,2.0,0.22777527114460874,0.5595471772870219,0.86751,0,0,stable
2197__600_0,19,t_8_16,100.0,0.0,0.0,1.0,,0.7098453696105421,0.86751,0,0,stable
2197__600_0,20,t_8_16,120.0,0.0,0.0,2.0,0.9900775359019814,0.6317673845415384,0.86751,0,0,stable
2197__600_0,21,t_8_16,112.0,0.0,0.0,2.0,0.9760844068702983,0.7296652205182754,0.86751,0,0,stable
2197__600_0,22,t_8_16,128.0,0.0,0.0,3.0,0.8183207710037582,0.5007804221480665,0.86751,0,0,stable
2197__600_0,23,t_8_16,180.0,0.0,0.0,2.0,0.9852372235633,0.8308534583579479,0.86751,0,1,stable
2197__600_0,24,t_8_16,80.0,0.25,0.25,2.0,0.998061994105657,0.6373423233017402,0.86751,0,0,mild
2197__600_0,25,t_8_16,112.0,0.0,0.0,3.0,0.9963949382582471,0.7122259109904758,0.86751,0,0,stable
2197__600_0,26,t_8_16,96.00006103515625,0.0,0.0,2.0,0.9984360606423418,0.8212099130088761,0.86751,0,1,stable
2197__600_0,27,t_8_16,80.00048828125,0.0,0.0,2.0,0.9937517247130933,0.7713726096642742,0.86751,0,1,stable
2197__600_0,28,t_8_16,96.0,0.0,0.0,2.0,0.9972501453318017,0.8668284210867161,0.86751,0,1,stable
2197__600_0,29,t_8_16,120.0,0.25,0.0,3.0,0.9182249706906728,0.6540043271353785,0.86751,0,0,mild
2197__600_0,30,t_8_16,120.0,0.25,0.25,2.0,0.8618635782405661,0.8474415209296602,0.86751,0,1,mild
2197__600_0,31,t_8_16,120.0,0.0,0.0,2.0,0.9965511531165491,0.7363991602815243,0.86751,0,0,stable
2197__600_0,32,t_8_16,96.0,0.5,0.5,0.0,,0.6500196322856545,0.86751,0,0,mild
2197__600_0,33,t_8_16,72.0,0.0,0.0,5.0,0.9797384698844951,0.6345333385348235,0.86751,0,0,stable
2197__600_0,35,t_8_16,96.00009155273438,0.0,0.0,3.0,0.9768490011249696,0.8232273387802176,0.86751,0,1,stable
2197__600_0,36,t_8_16,180.0010986328125,0.0,0.0,3.0,0.9522788454016131,0.5317992,0.86751,0,0,stable
2197__600_0,37,t_8_16,83.9996337890625,0.0,0.0,2.0,0.8699631150095541,0.7245137285497362,0.86751,0,0,stable
2197__600_0,38,t_8_16,112.0,0.0,0.0,1.0,,0.7622362902437462,0.86751,0,1,stable
2197__600_0,39,t_8_16,159.99993896484375,0.0,0.0,2.0,0.9992464081872823,0.829039685144742,0.86751,0,1,stable
2197__600_0,40,t_8_16,80.0,0.25,0.0,2.0,0.6387102063885232,0.634899980812246,0.86751,0,0,mild
2197__600_0,43,t_8_16,72.0,0.0,0.0,3.0,0.8267852196125445,0.6761519304366086,0.86751,0,0,stable
2197__600_0,44,t_8_16,72.0,0.0,0.0,3.0,0.9025550949102342,0.6339415934653128,0.86751,0,0,stable
2197__600_0,45,t_8_16,84.0,0.0,0.0,3.0,0.9931889573490161,0.7150768836193472,0.86751,0,0,stable
2197__600_0,46,t_8_16,96.00006103515625,0.0,0.0,2.0,0.9772189190177593,0.6605286022289664,0.86751,0,0,stable
2197__600_0,47,t_8_16,72.0,0.0,0.0,2.0,0.9645634592321899,0.720041438384779,0.86751,0,0,stable
2197__600_0,48,t_8_16,83.99981689453125,0.0,0.0,2.0,0.9681587022153109,0.546312448059275,0.86751,0,0,stable
2197__600_0,49,s_16_32,680.0006103515625,0.0,0.0,10.0,0.9890527874852394,0.6763399176470594,0.86751,0,0,stable
2197__600_0,50,t_8_16,112.0,0.5,0.5,0.0,,0.8521311126472889,0.86751,0,1,mild
2197__600_0,51,t_8_16,83.9996337890625,0.0,0.0,5.0,0.8749780009598339,0.5737797693681708,0.86751,0,0,stable
2197__600_0,52,t_8_16,84.0,0.0,0.0,5.0,0.9345527049856376,0.7321894674974437,0.86751,0,0,stable
2197__600_0,53,t_8_16,96.0,0.75,0.75,0.0,,0.768501068338904,0.86751,0,1,high
2197__600_0,54,t_8_16,84.0,0.0,0.0,2.0,0.9306522701695763,0.6947833387526078,0.86751,0,0,stable
2197__600_0,56,t_8_16,159.99951171875,0.75,0.5,2.0,0.5589011355035448,0.7130981567749317,0.86751,0,0,high
2197__600_0,57,t_8_16,112.0,0.0,0.0,2.0,0.9484679988655709,0.659917709590837,0.86751,0,0,stable
2197__600_0,59,t_8_16,72.0,0.0,0.0,1.0,,0.6811711015241535,0.86751,0,0,stable
2197__600_0,60,t_8_16,96.0,0.0,0.0,2.0,0.9973924091663346,0.911105489219108,0.86751,0,1,stable
2197__600_0,61,t_8_16,96.0,0.0,0.0,6.0,0.9366566587299174,0.7627829350817787,0.86751,0,1,stable
2197__600_0,62,t_8_16,80.0,0.25,0.25,1.0,,0.7418397626112759,0.86751,0,0,mild
2197__600_0,63,t_8_16,96.0,0.0,0.0,4.0,0.7986455972391029,0.8262418456320887,0.86751,0,1,stable
2197__600_0,64,t_8_16,112.0,0.0,0.0,3.0,0.9847938084904185,0.7431676890015769,0.86751,0,0,stable
2197__600_0,65,t_8_16,84.00042724609375,0.0,0.0,2.0,0.7511694441512011,0.7070360129479176,0.86751,0,0,stable
2197__600_0,66,t_8_16,96.0,0.25,0.25,1.0,,0.7455305443864035,0.86751,0,0,mild
2197__600_0,67,t_8_16,72.0,0.0,0.0,3.0,0.9933703670152148,0.7686687787335996,0.86751,0,1,stable
2197__600_0,68,t_8_16,140.0,0.0,0.0,1.0,,0.7118793082528521,0.86751,0,0,stable
2197__600_0,69,t_8_16,112.0,0.0,0.0,2.0,0.9982734697427288,0.5895217906856526,0.86751,0,0,stable
2197__600_0,70,t_8_16,96.0,0.0,0.0,2.0,0.9907723558458678,0.1077921839514346,0.86751,1,0,stable
2197__600_0,71,t_8_16,160.0,0.0,0.0,3.0,0.99438623731623,0.8642908633573753,0.86751,0,1,stable
2197__600_0,72,t_8_16,80.0,0.75,0.25,2.0,0.9551106997406165,0.7370968194621907,0.86751,0,0,high
2197__600_0,73,t_8_16,112.0,0.0,0.0,2.0,0.9967866266885133,0.8287701623653105,0.86751,0,1,stable
2197__600_0,74,t_8_16,140.0,0.0,0.0,2.0,0.9919157090683661,0.6668288394404185,0.86751,0,0,stable
2197__600_0,75,t_8_16,112.0,0.0,0.0,3.0,0.8946580890186183,0.8902837706394475,0.86751,0,1,stable
2197__600_0,76,t_8_16,72.0,0.0,0.0,3.0,0.947806711029012,0.6820772549118799,0.86751,0,0,stable
2197__600_0,77,t_8_16,96.0,0.0,0.0,3.0,0.8638511714895696,0.8244146198047447,0.86751,0,1,stable
2197__600_0,78,t_8_16,72.000732421875,0.0,0.0,3.0,0.9920895751266967,0.6066992417254691,0.86751,0,0,stable
2197__600_0,79,t_8_16,72.0,0.0,0.0,4.0,0.9319611420034998,0.618234377706323,0.86751,0,0,stable
2197__600_0,80,t_8_16,112.0,0.0,0.0,2.0,0.8862665923287091,0.8090990183452422,0.86751,0,1,stable
2197__600_0,81,t_8_16,132.0,0.0,0.0,3.0,0.9937839612257146,0.6469140855876858,0.86751,0,0,stable
2197__600_0,83,t_8_16,72.0,0.0,0.0,3.0,0.9712405535359754,0.7234755181225837,0.86751,0,0,stable
2197__600_0,84,t_8_16,96.0,0.5,0.5,1.0,,0.7341100503152912,0.86751,0,0,mild
2197__600_0,85,t_8_16,72.0,0.0,0.0,5.0,0.8117615557547292,0.5936779237895649,0.86751,0,0,stable
2197__600_0,86,t_8_16,120.0,0.25,0.25,5.0,0.7918980682992492,0.4339302515436573,0.86751,1,0,mild
2197__600_0,88,t_8_16,84.0,0.0,0.0,4.0,0.9716957066283677,0.7115706813435657,0.86751,0,0,stable
2197__600_0,89,t_8_16,112.0,0.25,0.25,2.0,0.9328412466129989,0.7887279270112711,0.86751,0,1,mild
2197__600_0,90,t_8_16,220.0006103515625,0.0,0.0,2.0,0.9952208811072585,0.5926567090909068,0.86751,0,0,stable
2197__600_0,91,t_8_16,112.0,0.5,0.5,0.0,,0.6674039266054088,0.86751,0,0,mild
2197__600_0,92,t_8_16,108.0,0.0,0.0,2.0,0.7305805586051098,0.4630124499522436,0.86751,1,0,stable
2197__600_0,93,t_8_16,84.0,0.0,0.0,6.0,0.9539049591738307,0.6416914115999715,0.86751,0,0,stable
2197__600_0,94,t_8_16,112.0,0.25,0.25,1.0,,0.6936359358031728,0.86751,0,0,mild
2197__600_0,95,t_8_16,112.0,0.0,0.0,2.0,0.9477806652914802,0.7250173445548005,0.86751,0,0,stable
2197__600_0,96,t_8_16,160.0,0.0,0.0,2.0,0.9961395940440101,0.8501331539712216,0.86751,0,1,stable
2197__600_0,97,t_8_16,96.0,0.0,0.0,1.0,,0.8293887409898795,0.86751,0,1,stable
2197__600_0,98,t_8_16,100.0006103515625,0.0,0.0,1.0,,0.07210086955323855,0.86751,1,0,stable
2197__600_0,99,t_8_16,95.99984741187654,0.0,0.0,1.0,,0.7590291648785971,0.86751,0,1,stable
2197__600_0,100,t_8_16,72.0,0.0,0.0,2.0,0.99757594747606,0.6844072763976313,0.86751,0,0,stable
2197__600_0,101,t_8_16,112.0,0.5,0.5,1.0,,0.8655136573676955,0.86751,0,1,mild
2197__600_0,102,t_8_16,128.0,0.25,0.25,1.0,,0.751758841330372,0.86751,0,1,mild
2197__600_0,103,t_8_16,127.99951171875,0.0,0.0,3.0,0.3043449707018504,0.4879117887875114,0.86751,1,0,stable
2197__600_0,105,t_8_16,96.0,0.0,0.0,2.0,0.9144340465531173,0.7605339831115216,0.86751,0,1,stable
2197__600_0,106,t_8_16,84.0,0.0,0.0,3.0,0.9908319705792443,0.5611723685578531,0.86751,0,0,stable
2197__600_0,107,t_8_16,251.99957275390625,0.0,0.0,5.0,0.9917574134408981,0.6847784523809526,0.86751,0,0,stable
2197__600_0,108,t_8_16,96.0,0.0,0.0,3.0,0.9781988863457602,0.8519020644201394,0.86751,0,1,stable
2197__600_0,109,t_8_16,160.0,0.25,0.0,4.0,0.23072360973961156,0.5245087812499991,0.86751,0,0,mild
2197__600_0,110,t_8_16,140.0008544921875,0.0,0.0,2.0,0.8256716547987432,0.6554426250249558,0.86751,0,0,stable
2197__600_0,111,t_8_16,128.0,0.0,0.0,3.0,0.9815617483068271,0.6584673978498821,0.86751,0,0,stable
2197__600_0,112,t_8_16,112.0,0.0,0.0,1.0,,0.6951357532029082,0.86751,0,0,stable
2197__600_0,113,t_8_16,140.0,0.0,0.0,2.0,0.5943290227019371,0.6523879888983974,0.86751,0,0,stable
2197__600_0,115,t_8_16,104.0,0.25,0.25,0.0,,0.7177152438972672,0.86751,0,0,mild
2197__600_0,116,t_8_16,120.0,0.0,0.0,1.0,,0.535233101291201,0.86751,0,0,stable
2197__600_0,117,t_8_16,104.0,0.0,0.0,1.0,,0.832439760459973,0.86751,0,1,stable
2197__600_0,118,t_8_16,175.99991607666016,0.0,0.0,2.0,0.9895805266034152,0.0,0.86751,1,0,stable
2197__600_0,119,t_8_16,108.0,0.0,0.0,1.0,,0.575107082378725,0.86751,0,0,stable
22092,0,t_8_16,130.0,0.0,0.0,3.0,0.996028162994667,0.6684510362371464,0.32972,0,0,stable
22092,1,t_8_16,100.0,0.25,0.0,1.0,,0.8107359409303893,0.32972,0,1,mild
22092,2,t_8_16,110.0,0.0,0.0,2.0,0.8181860114468162,0.7478231700323434,0.32972,0,0,stable
22092,3,t_8_16,99.0,0.25,0.0,2.0,0.9970320692411322,0.5664290387372709,0.32972,0,0,mild
22092,4,t_8_16,99.0,0.0,0.0,1.0,,0.6659339027427731,0.32972,0,0,stable
22092,5,t_8_16,108.0,0.25,0.0,2.0,0.6631777330027456,0.0,0.32972,1,0,mild
22092,6,t_8_16,99.0,0.0,0.0,2.0,0.9284791195612319,0.0,0.32972,1,0,stable
22092,7,t_8_16,90.0,0.5,0.0,2.0,0.644638365563626,0.0,0.32972,1,0,mild
22092,8,t_8_16,99.0,0.0,0.0,1.0,,0.7693809090909047,0.32972,0,1,stable
22092,9,t_8_16,168.0,0.0,0.0,2.0,0.9826555464212959,0.0,0.32972,1,0,stable
22092,10,t_8_16,90.0,0.0,0.0,1.0,0.9999997093706815,0.0,0.32972,1,0,stable
22092,11,t_8_16,72.0,0.0,0.0,1.0,,0.0,0.32972,1,0,stable
22092,12,t_8_16,89.99972534179688,0.25,0.0,1.0,,0.0,0.32972,1,0,mild
22178,0,t_8_16,199.9993896484375,0.0,0.0,5.0,0.998276289023908,0.86735455128559,0.81932,0,1,stable
22178,1,s_16_32,338.0,0.0,0.0,8.0,0.9875217548793094,0.7653900236686398,0.81932,0,1,stable
22178,2,t_8_16,135.0,0.25,0.0,2.0,0.9938503805383871,0.84900323152373,0.81932,0,1,mild
2225__1200_1200,0,t_8_16,208.0,0.0,0.0,5.0,0.9928925421149067,0.6164369721459688,0.81737,0,0,stable
2225__1200_1200,1,t_8_16,120.0,0.0,0.0,3.0,0.984622823879931,0.7697216282558517,0.81737,0,1,stable
2225__1200_1200,2,s_16_32,756.0,0.0,0.0,10.0,0.3922220735678571,0.7167283440093597,0.81737,0,0,stable
2225__1200_1200,3,t_8_16,150.0,0.5,0.0,4.0,0.5123688786868884,0.0,0.81737,1,0,mild
22327,0,s_16_32,275.0,0.0,0.0,5.0,0.9952765206440135,0.8550497454545444,0.81616,0,1,stable
22327,1,t_8_16,126.0,0.25,0.0,7.0,0.27811676812300806,0.805162579365072,0.81616,0,1,mild
22327,2,t_8_16,140.0,0.0,0.0,6.0,0.9806086985287302,0.6522916128824734,0.81616,0,0,stable
22327,3,t_8_16,136.0,0.0,0.0,3.0,0.983532363321955,0.792668330899244,0.81616,0,1,stable
22327,4,t_8_16,144.0,0.5,0.5,0.0,,0.8597649299604508,0.81616,0,1,mild
22327,5,t_8_16,179.99945068359375,0.0,0.0,3.0,0.9596051609883948,0.842011271588815,0.81616,0,1,stable
22327,6,t_8_16,242.00067138671875,0.0,0.0,3.0,0.9968443293888569,0.5701500000000038,0.81616,0,0,stable
22327,7,t_8_16,189.0,0.25,0.0,4.0,0.9831326283889252,0.6687416190476178,0.81616,0,0,mild
22327,8,t_8_16,189.0,0.0,0.0,2.0,0.9009290357838613,0.9017850653798425,0.81616,0,1,stable
22327,9,t_8_16,200.0,0.0,0.0,2.0,0.9749288326211901,0.6925051499999948,0.81616,0,0,stable
22327,10,t_8_16,136.0,0.0,0.0,3.0,0.9923202135173145,0.7337592353637642,0.81616,0,0,stable
22327,11,t_8_16,208.00048828125,0.0,0.0,3.0,0.9733945246356333,0.0,0.81616,1,0,stable
22327,12,t_8_16,247.00057983398438,0.0,0.0,8.0,0.9923180322252457,0.575683699470699,0.81616,0,0,stable
22327,13,t_8_16,96.0,0.0,0.0,2.0,0.998894494722518,0.6788908731984665,0.81616,0,0,stable
2250__600_1849,0,s_16_32,972.0,0.0,0.0,10.0,0.5019273117433841,0.6404611939179822,0.84051,0,0,stable
2250__600_1849,1,t_8_16,167.99945068359375,0.0,0.0,2.0,0.9683143185093079,0.7117050535714254,0.84051,0,0,stable
2250__600_1849,2,t_8_16,120.00009155273438,0.0,0.0,2.0,0.9983946823213787,0.5772123330927439,0.84051,0,0,stable
2250__600_1849,3,t_8_16,140.0,0.0,0.0,2.0,0.9983668817955638,0.5963261939295914,0.84051,0,0,stable
2250__600_1849,4,t_8_16,196.00021362304688,0.0,0.0,3.0,0.9781769997997849,0.624471484380117,0.84051,0,0,stable
2250__600_1849,5,t_8_16,96.0,0.25,0.25,2.0,0.9225252909739848,0.011200345918118932,0.84051,1,0,mild
2250__600_1849,6,t_8_16,168.0,0.0,0.0,2.0,0.9758794489140129,0.7196213591970309,0.84051,0,0,stable
2250__600_1849,7,t_8_16,120.0,0.0,0.0,2.0,0.9945086737045994,0.7630638825890899,0.84051,0,1,stable
2250__600_1849,8,t_8_16,224.0,0.0,0.0,5.0,0.994826537471114,0.7091131473214312,0.84051,0,0,stable
2250__600_1849,9,t_8_16,144.0,0.0,0.0,2.0,0.9888127535253352,0.8230557124571956,0.84051,0,1,stable
2250__600_1849,10,t_8_16,167.9999542236328,0.0,0.0,3.0,0.9983088602162834,0.7912676204030469,0.84051,0,1,stable
2250__600_1849,11,t_8_16,223.99951171875,0.0,0.0,5.0,0.9207494037839351,0.4583701835974489,0.84051,1,0,stable
2250__600_1849,12,t_8_16,168.0,0.25,0.0,5.0,0.3399097175171898,0.7111031381188332,0.84051,0,0,mild
2250__600_1849,13,t_8_16,195.0003433227539,0.0,0.0,2.0,0.9634586725606655,0.7630283888558221,0.84051,0,1,stable
2301__1200_600,0,t_8_16,240.0,0.0,0.0,6.0,0.9440266124007332,0.49828018333333196,0.78772,1,0,stable
2301__1200_600,1,t_8_16,128.0,0.25,0.25,3.0,0.9922005519115165,0.7174973979626634,0.78772,0,0,mild
2301__1200_600,2,t_8_16,72.0,0.0,0.0,3.0,0.9947623832284713,0.5484229971038009,0.78772,0,0,stable
2301__1200_600,3,t_8_16,96.0,0.0,0.0,4.0,0.3949680099782984,0.6557850385689032,0.78772,0,0,stable
2301__1200_600,4,t_8_16,216.0,0.0,0.0,3.0,0.9847503342795306,0.4975534773447986,0.78772,1,0,stable
2301__1200_600,5,t_8_16,84.00018310546875,0.25,0.0,3.0,0.9256265990000653,0.4960620032652176,0.78772,1,0,mild
2301__1200_600,6,t_8_16,128.0,0.0,0.0,3.0,0.8439031920907345,0.743636241352512,0.78772,0,0,stable
2301__1200_600,7,t_8_16,108.0,0.0,0.0,5.0,0.9637514358906853,0.7306153775200949,0.78772,0,0,stable
2301__1200_600,8,t_8_16,112.0,0.0,0.0,2.0,0.9827799596319529,0.7851450666889737,0.78772,0,1,stable
2301__1200_600,9,t_8_16,167.9991455078125,0.0,0.0,3.0,0.8823972959125036,0.5566070187271215,0.78772,0,0,stable
2301__1200_600,10,t_8_16,108.0,0.0,0.0,5.0,0.936793030197581,0.7005014321798065,0.78772,0,0,stable
2301__1200_600,12,t_8_16,96.0,0.25,0.25,3.0,0.8703281924353988,0.47095527701149514,0.78772,1,0,mild
2301__1200_600,13,t_8_16,112.0,0.0,0.0,3.0,0.8736257544043972,0.6614522243024497,0.78772,0,0,stable
2301__1200_600,14,t_8_16,128.0,0.0,0.0,3.0,0.8762233200576416,0.7487200967186031,0.78772,0,0,stable
2301__1200_600,15,t_8_16,108.00054931640625,0.0,0.0,3.0,0.9941830771946104,0.8065218080460725,0.78772,0,1,stable
2301__1200_600,16,t_8_16,96.0,0.25,0.25,6.0,0.9263532787154336,0.796106580124761,0.78772,0,1,mild
2301__1200_600,17,t_8_16,128.0,0.0,0.0,2.0,0.9726572283543771,0.7614827788023443,0.78772,0,1,stable
2301__1200_600,18,t_8_16,96.0,0.0,0.0,4.0,0.966427364780284,0.6921036726695454,0.78772,0,0,stable
2301__1200_600,19,t_8_16,96.0,0.3333333333333333,0.3333333333333333,3.0,0.5444058852919006,0.8013211888636591,0.78772,0,1,mild
2301__1200_600,20,t_8_16,96.0,0.0,0.0,4.0,0.9321999898209137,0.747002697976992,0.78772,0,0,stable
2301__1200_600,21,t_8_16,136.0,0.0,0.0,2.0,0.9786811060422402,0.7467960802054392,0.78772,0,0,stable
2301__1200_600,22,t_8_16,96.0,0.0,0.0,3.0,0.9603925375815341,0.7601518364845476,0.78772,0,1,stable
2301__1200_600,23,t_8_16,108.0,0.0,0.0,5.0,0.851890690746932,0.7024315151441441,0.78772,0,0,stable
2301__1200_600,24,t_8_16,128.0,0.5,0.5,1.0,,0.8525263165940652,0.78772,0,1,mild
2301__1200_600,25,t_8_16,144.0,0.0,0.0,4.0,0.9272497322913535,0.7984749335080981,0.78772,0,1,stable
2301__1200_600,26,t_8_16,84.0,0.0,0.0,4.0,0.9292117580142288,0.8065989811109151,0.78772,0,1,stable
2301__1200_600,28,t_8_16,84.0,0.0,0.0,5.0,0.9885980867398969,0.8144943112377321,0.78772,0,1,stable
2301__1200_600,29,t_8_16,96.0009765625,0.25,0.0,5.0,0.9441284653045262,0.6085615901554933,0.78772,0,0,mild
2301__1200_600,30,t_8_16,96.00061034783721,0.0,0.0,3.0,0.9743068943751202,0.6082372198145745,0.78772,0,0,stable
2301__1200_600,31,t_8_16,112.0,0.25,0.25,3.0,0.06121546224030353,0.5491992460637799,0.78772,0,0,mild
2301__1200_600,32,t_8_16,128.0,0.0,0.0,2.0,0.9286213180477443,0.6578066435910429,0.78772,0,0,stable
2301__1200_600,33,t_8_16,112.0,0.0,0.0,2.0,0.6534252334446105,0.7616748407541586,0.78772,0,1,stable
2301__1200_600,34,t_8_16,160.0,0.5,0.0,2.0,0.4473284827606916,0.8451037874999962,0.78772,0,1,mild
2301__1200_600,35,t_8_16,144.0,0.0,0.0,4.0,0.977814976983788,0.844795770304674,0.78772,0,1,stable
2301__1200_600,36,t_8_16,108.0,0.25,0.0,5.0,0.4731366927168841,0.8180503900563479,0.78772,0,1,mild
2301__1200_600,37,t_8_16,144.0,0.0,0.0,2.0,0.9857042685086075,0.7706815624999981,0.78772,0,1,stable
2301__1200_600,38,t_8_16,108.0,0.25,0.25,3.0,0.9814169894236241,0.8738918314404331,0.78772,0,1,mild
2301__1200_600,39,t_8_16,108.0,0.25,0.0,6.0,0.48658838357471057,0.552965912412615,0.78772,0,0,mild
2301__1200_600,40,t_8_16,160.0,0.0,0.0,4.0,0.9773998749533598,0.830293024547702,0.78772,0,1,stable
2301__1200_600,41,t_8_16,144.0,0.25,0.0,2.0,0.8868788602717753,0.7111056210326699,0.78772,0,0,mild
2301__1200_600,42,t_8_16,108.0,0.0,0.0,3.0,0.8666624301263058,0.7169806727117696,0.78772,0,0,stable
2301__1200_600,43,t_8_16,159.9993896484375,0.0,0.0,7.0,0.9638726880761903,0.8521907704820872,0.78772,0,1,stable
2301__1200_600,44,t_8_16,144.0,0.0,0.0,3.0,0.9872833227820957,0.6712484108972891,0.78772,0,0,stable
2301__1200_600,45,t_8_16,143.99945068359375,0.0,0.0,3.0,0.8168366974998261,0.8700906609848008,0.78772,0,1,stable
2301__1200_600,46,t_8_16,160.0,0.0,0.0,3.0,0.9718599198798044,0.6903544861330101,0.78772,0,0,stable
2301__1200_600,47,t_8_16,96.0,0.0,0.0,2.0,0.9826091682146545,0.5795578563100532,0.78772,0,0,stable
2301__1200_600,48,t_8_16,144.0,0.5,0.0,3.0,0.0554719398361686,0.48544674960823986,0.78772,1,0,mild
2301__1200_600,49,t_8_16,108.0,0.0,0.0,5.0,0.7602656374004119,0.7086576377310846,0.78772,0,0,stable
2301__1200_600,50,t_8_16,127.999755859375,0.0,0.0,5.0,0.9819550582722413,0.8558808863980618,0.78772,0,1,stable
2301__1200_600,51,t_8_16,143.99986267089844,0.25,0.0,5.0,0.8606800359310036,0.8353018124999945,0.78772,0,1,mild
2301__1200_600,52,t_8_16,95.9996337890625,0.25,0.0,3.0,0.7889329334666367,0.7856069716069727,0.78772,0,1,mild
2301__1200_600,54,t_8_16,108.0,0.25,0.25,3.0,0.7551112533199581,0.646958037665369,0.78772,0,0,mild
2301__1200_600,55,t_8_16,96.0,0.0,0.0,3.0,0.9922962115298012,0.8127401282540188,0.78772,0,1,stable
2301__1200_600,56,t_8_16,96.0,0.25,0.0,2.0,0.8414526057147549,0.8305895297074909,0.78772,0,1,mild
2301__1200_600,57,t_8_16,64.0,0.25,0.25,2.0,0.8119792781214965,0.6196717663677049,0.78772,0,0,mild
2301__1200_600,58,t_8_16,108.0,0.0,0.0,4.0,0.9514319056316175,0.8648692960135598,0.78772,0,1,stable
2301__1200_600,59,t_8_16,107.99993133544922,0.0,0.0,2.0,0.8863512909141559,0.8396502237647089,0.78772,0,1,stable
2301__1200_600,60,t_8_16,83.99994659423828,0.25,0.0,4.0,0.5532532804348378,0.7869774346868453,0.78772,0,1,mild
2301__1200_600,61,t_8_16,84.0,0.0,0.0,1.0,0.9999999999004351,0.7785330341159004,0.78772,0,1,stable
2301__1200_600,62,t_8_16,95.99969482398592,0.25,0.0,3.0,0.7300638502092441,0.4881010456557854,0.78772,1,0,mild
2301__1200_600,63,t_8_16,108.0,0.0,0.0,0.0,0.973082935999853,0.6484557152056367,0.78772,0,0,stable
2301__1200_600,64,t_8_16,108.0003662109375,0.0,0.0,4.0,0.8728546017903245,0.8658626300258367,0.78772,0,1,stable
2301__1200_600,65,t_8_16,96.0,0.25,0.25,4.0,0.7160126173474022,0.9708600433738679,0.78772,0,1,mild
2301__1200_600,67,t_8_16,180.0,0.0,0.0,2.0,0.860017403306542,0.39866761111111154,0.78772,1,0,stable
2301__1200_600,68,t_8_16,84.0,0.5,0.5,3.0,0.10112448967178979,0.5653595815982442,0.78772,0,0,mild
2301__1200_600,69,t_8_16,96.0,0.0,0.0,2.0,0.9494827737039709,0.9322504522343725,0.78772,0,1,stable
2301__1200_600,70,t_8_16,96.0,0.0,0.0,2.0,0.9511505486856162,0.7424995210067034,0.78772,0,0,stable
2301__1200_600,71,t_8_16,144.0,0.0,0.0,4.0,0.9951654423500754,0.8584307448391751,0.78772,0,1,stable
2301__1200_600,72,t_8_16,160.0,0.0,0.0,2.0,0.7671113766875199,0.5894444062500035,0.78772,0,0,stable
2301__1200_600,73,t_8_16,144.0,0.5,0.5,1.0,,0.9365248749999957,0.78772,0,1,mild
2301__1200_600,74,t_8_16,144.0,0.0,0.0,3.0,0.9525176072230777,0.7435177134346337,0.78772,0,0,stable
2301__1200_600,75,t_8_16,144.0,0.0,0.0,3.0,0.9408388229100553,0.7150062564814977,0.78772,0,0,stable
2301__1200_600,76,t_8_16,120.0,0.0,0.0,2.0,0.9892293941148291,0.8395825077762026,0.78772,0,1,stable
2301__1200_600,77,t_8_16,80.0,0.0,0.0,1.0,,0.6827965625366702,0.78772,0,0,stable
2301__1200_600,79,t_8_16,72.0,0.0,0.0,2.0,0.6964337821835764,0.5914808350727596,0.78772,0,0,stable
2301__1200_600,80,t_8_16,96.0,0.0,0.0,2.0,0.9902383329605913,0.8070109003343156,0.78772,0,1,stable
2301__1200_600,81,t_8_16,140.0,0.0,0.0,1.0,,0.7922464934640886,0.78772,0,1,stable
2301__1200_600,82,t_8_16,140.0,0.0,0.0,2.0,0.7803466270907227,0.6868442390882232,0.78772,0,0,stable
2301__1200_600,83,t_8_16,112.0,0.0,0.0,2.0,0.8930576546843183,0.7626245728144649,0.78772,0,1,stable
2301__1200_600,84,t_8_16,120.0,0.0,0.0,2.0,0.9527716432837803,0.7968234137741188,0.78772,0,1,stable
2301__1200_600,85,t_8_16,140.0,0.25,0.0,3.0,0.6908714172118662,0.727923080725394,0.78772,0,0,mild
2301__1200_600,86,t_8_16,112.0,0.0,0.0,2.0,0.8560147199993738,0.8534485637884279,0.78772,0,1,stable
2301__1200_600,87,t_8_16,108.0,0.0,0.0,4.0,0.729835791735313,0.7430108753881275,0.78772,0,0,stable
2301__1200_600,88,t_8_16,83.99981689453125,0.0,0.0,3.0,0.9929185461529128,0.6244955777809306,0.78772,0,0,stable
2301__1200_600,89,t_8_16,160.0,0.25,0.25,4.0,0.853082603596525,0.6070451521789262,0.78772,0,0,mild
2301__1200_600,90,t_8_16,143.9996337890625,0.0,0.0,5.0,0.6618300176071467,0.6092547353024466,0.78772,0,0,stable
2301__1200_600,91,t_8_16,144.0,0.0,0.0,4.0,0.9768566346306904,0.5877991051472521,0.78772,0,0,stable
2301__1200_600,92,t_8_16,96.0,0.25,0.0,3.0,0.8935692887043868,0.8312158745368556,0.78772,0,1,mild
2301__1200_600,93,t_8_16,144.0,0.5,0.5,1.0,,0.7447136910708548,0.78772,0,0,mild
2301__1200_600,94,t_8_16,84.0,0.0,0.0,3.0,0.870209882967944,0.8398469686955623,0.78772,0,1,stable
2301__1200_600,95,t_8_16,160.0,0.25,0.25,4.0,0.9107721712207442,0.6087309259213876,0.78772,0,0,mild
2301__1200_600,96,t_8_16,96.0,0.0,0.0,3.0,0.9869306335072643,0.7280368012557844,0.78772,0,0,stable
2301__1200_600,97,t_8_16,119.99984741210938,0.0,0.0,5.0,0.9671809118380411,0.7568530484225743,0.78772,0,1,stable
2301__1200_600,98,t_8_16,144.0,0.3333333333333333,0.3333333333333333,2.0,0.9555151022626291,0.7301336553057697,0.78772,0,0,mild
2301__1200_600,99,t_8_16,112.0,0.25,0.25,2.0,0.96336166345648,0.44215045133814,0.78772,1,0,mild
2301__1200_600,100,t_8_16,120.0,0.0,0.0,4.0,0.45580019068560407,0.5453775062845972,0.78772,0,0,stable
2301__1200_600,101,t_8_16,128.0,0.0,0.0,3.0,0.9535036289788315,0.5723650986240008,0.78772,0,0,stable
2301__1200_600,102,t_8_16,84.0,0.0,0.0,4.0,0.8787393474236447,0.7319834594206971,0.78772,0,0,stable
2301__1200_600,103,t_8_16,128.0,0.0,0.0,3.0,0.985693584557527,0.7762969650653809,0.78772,0,1,stable
2301__1200_600,104,t_8_16,80.0,0.0,0.0,8.0,0.9912151951131073,0.5672908923103783,0.78772,0,0,stable
2301__1200_600,105,t_8_16,120.0,0.0,0.0,4.0,0.994217596523928,0.8582088487731898,0.78772,0,1,stable
2301__1200_600,107,t_8_16,220.0,0.0,0.0,2.0,0.998263671879832,0.5699720363636334,0.78772,0,0,stable
2301__1200_600,108,t_8_16,108.0,0.0,0.0,4.0,0.7277074513017939,0.6928894086950483,0.78772,0,0,stable
2301__1200_600,109,t_8_16,112.0,0.0,0.0,2.0,0.9918832129515257,0.7407888550816477,0.78772,0,0,stable
2301__1200_600,110,t_8_16,144.00048828125,0.0,0.0,3.0,0.9907068258893309,0.6354875963197157,0.78772,0,0,stable
2301__1200_600,111,t_8_16,96.0,0.0,0.0,5.0,0.9915946912131401,0.803918667081145,0.78772,0,1,stable
2301__1200_600,112,t_8_16,132.0,0.0,0.0,6.0,0.9762119766951918,0.6113395407301072,0.78772,0,0,stable
2301__1200_600,113,t_8_16,128.0,0.0,0.0,3.0,0.9834138038235607,0.814837363911227,0.78772,0,1,stable
2301__1200_600,114,t_8_16,176.0,0.0,0.0,4.0,0.9828323052102438,0.7736495260758912,0.78772,0,1,stable
2301__1200_600,116,t_8_16,120.0,0.0,0.0,4.0,0.9679026774442083,0.6375638796590679,0.78772,0,0,stable
2301__1200_600,117,t_8_16,112.0,0.0,0.0,2.0,0.9935198932590186,0.6411065933909039,0.78772,0,0,stable
2301__1200_600,118,t_8_16,96.00061034783721,0.0,0.0,4.0,0.9813954981592413,0.7148960161147659,0.78772,0,0,stable
2301__1200_600,119,t_8_16,108.0,0.25,0.0,5.0,0.5688177447985239,0.696769278540512,0.78772,0,0,mild
2301__1200_600,120,t_8_16,176.0,0.25,0.25,5.0,0.9867198944659555,0.0,0.78772,1,0,mild
2301__1200_600,121,t_8_16,84.0,0.0,0.0,3.0,0.34618820585656923,0.839168166320307,0.78772,0,1,stable
2301__1200_600,122,t_8_16,176.0,0.0,0.0,3.0,0.6137361961732226,0.5199244478902747,0.78772,0,0,stable
2301__1200_600,123,t_8_16,144.0,0.75,0.5,1.0,,0.8101964102896891,0.78772,0,1,high
2301__1200_600,124,t_8_16,96.0,0.25,0.0,4.0,0.39671773604722904,0.6990798782135167,0.78772,0,0,mild
2301__1200_600,125,t_8_16,84.0008544921875,0.0,0.0,3.0,0.9939445347015663,0.7690530882210311,0.78772,0,1,stable
2301__1200_600,126,t_8_16,144.0,0.0,0.0,3.0,0.9913689789701784,0.7355911416378881,0.78772,0,0,stable
2301__1200_600,127,t_8_16,96.0,0.0,0.0,5.0,0.96693995599775,0.8190113696693982,0.78772,0,1,stable
2301__1200_600,128,t_8_16,96.0,0.0,0.0,5.0,0.9664573627722867,0.6905426240959747,0.78772,0,0,stable
2301__1200_600,129,t_8_16,120.0,0.0,0.0,5.0,0.6355207555627905,0.7153997349715854,0.78772,0,0,stable
2301__1200_600,130,t_8_16,144.0,0.0,0.0,2.0,0.9930055253032539,0.45773779356494754,0.78772,1,0,stable
2301__1200_600,131,t_8_16,144.00048828125,0.25,0.25,4.0,0.8749526777387,0.6521628276177645,0.78772,0,0,mild
2301__1200_600,132,t_8_16,88.0,0.0,0.0,4.0,0.9626943350450711,0.5525969136294938,0.78772,0,0,stable
2301__1200_600,133,t_8_16,108.0,0.0,0.0,4.0,0.9878274580675241,0.7297540638173113,0.78772,0,0,stable
2301__1200_600,134,t_8_16,200.0,0.0,0.0,3.0,0.9969516023251189,0.6392508524678644,0.78772,0,0,stable
2301__1200_600,136,t_8_16,128.0,0.25,0.25,2.0,0.9245418264533712,0.79733919941279,0.78772,0,1,mild
2301__1200_600,137,t_8_16,108.0,0.25,0.0,5.0,0.618697042124451,0.8411730538754958,0.78772,0,1,mild
2301__1200_600,138,t_8_16,180.0,0.0,0.0,2.0,0.9973665818641744,0.6307438893309967,0.78772,0,0,stable
2301__1200_600,139,t_8_16,128.0,0.5,0.25,3.0,0.3834159735329085,0.5317787179469494,0.78772,0,0,mild
2301__1200_600,140,t_8_16,120.0,0.3333333333333333,0.3333333333333333,2.0,0.3780093321474631,0.6459626996689634,0.78772,0,0,mild
2301__1200_600,141,t_8_16,143.0,0.0,0.0,3.0,0.9357789516094316,0.686375316347792,0.78772,0,0,stable
2301__1200_600,142,t_8_16,144.0,0.25,0.0,2.0,0.9406939132304217,0.6158815210912647,0.78772,0,0,mild
2301__1200_600,143,t_8_16,160.0,0.0,0.0,1.0,0.9999998824301407,0.10593023434898248,0.78772,1,0,stable
2303__2400_0,0,t_8_16,108.0,0.0,0.0,3.0,0.9690952490618715,0.8076135371926574,0.73991,0,1,stable
2303__2400_0,1,t_8_16,108.0,0.0,0.0,4.0,0.963056535200819,0.8472304386431452,0.73991,0,1,stable
2303__2400_0,2,t_8_16,108.0,0.0,0.0,4.0,0.5534932172955904,0.9401595165109784,0.73991,0,1,stable
2303__2400_0,3,t_8_16,120.0,0.0,0.0,3.0,0.8288454751253541,0.7667890720377755,0.73991,0,1,stable
2303__2400_0,4,t_8_16,108.0,0.0,0.0,3.0,0.9734792512661178,0.8707826666666597,0.73991,0,1,stable
2303__2400_0,5,t_8_16,84.0,0.0,0.0,5.0,0.9695795184420549,0.8193961556508434,0.73991,0,1,stable
2303__2400_0,6,t_8_16,160.0,0.0,0.0,3.0,0.9859934729215024,0.6933180886087346,0.73991,0,0,stable
2303__2400_0,7,t_8_16,96.0,0.0,0.0,2.0,0.6404511113434216,0.7589209203716469,0.73991,0,1,stable
2303__2400_0,8,t_8_16,96.0,0.0,0.0,4.0,0.9066764750956411,0.7447413464430154,0.73991,0,0,stable
2303__2400_0,9,t_8_16,64.0,0.0,0.0,1.0,,0.780474689096039,0.73991,0,1,stable
2303__2400_0,10,t_8_16,144.0,0.0,0.0,3.0,0.9873301617613043,0.7834810135668456,0.73991,0,1,stable
2303__2400_0,11,t_8_16,120.0,0.0,0.0,2.0,0.8639639655816785,0.8160955153893762,0.73991,0,1,stable
2303__2400_0,12,t_8_16,95.9996337890625,0.0,0.0,2.0,0.755673989979794,0.8458551318718107,0.73991,0,1,stable
2303__2400_0,13,t_8_16,96.0,0.0,0.0,2.0,0.7527852565380627,0.8107214193986021,0.73991,0,1,stable
2303__2400_0,14,t_8_16,108.0,0.0,0.0,3.0,0.8926409783306626,0.8277593343155675,0.73991,0,1,stable
2303__2400_0,15,t_8_16,108.0,0.0,0.0,0.0,,0.46768726309842773,0.73991,1,0,stable
2303__2400_0,16,t_8_16,120.0,0.25,0.0,2.0,0.787794682621828,0.6045231051846337,0.73991,0,0,mild
2303__2400_0,17,t_8_16,84.0,0.0,0.0,4.0,0.9941398775214657,0.7657304343255926,0.73991,0,1,stable
2303__2400_0,18,t_8_16,78.0,0.0,0.0,1.0,0.9997199988430765,0.3760649518657727,0.73991,1,0,stable
2303__2400_0,19,t_8_16,130.0,0.0,0.0,2.0,0.9998858254329153,0.08284132487267,0.73991,1,0,stable
2325__2676_2397,0,t_8_16,84.0,0.0,0.0,4.0,0.9836223782865865,0.7796774842752727,0.74482,0,1,stable
2325__2676_2397,14,t_8_16,72.0,0.0,0.0,3.0,0.9960234321050978,0.578209819444443,0.74482,0,0,stable
2325__2676_2397,20,t_8_16,72.0,0.0,0.0,4.0,0.9254499775898044,0.5421374676433559,0.74482,0,0,stable
2325__2676_2397,22,t_8_16,79.9999542235164,0.0,0.0,2.0,0.8349333951257448,0.4876837010363503,0.74482,1,0,stable
2353__0_600,0,t_8_16,112.0,0.0,0.0,3.0,0.9781857702234794,0.6619381117652714,0.80696,0,0,stable
2353__0_600,1,t_8_16,139.99969482421875,0.0,0.0,3.0,0.9891595052684765,0.8238176476365029,0.80696,0,1,stable
2353__0_600,2,t_8_16,112.0,0.25,0.25,2.0,0.9784284460036088,0.8531228313684275,0.80696,0,1,mild
2353__0_600,3,t_8_16,192.0,0.0,0.0,4.0,0.9902390574850674,0.8466068247713006,0.80696,0,1,stable
2353__0_600,4,t_8_16,128.0,0.5,0.5,0.0,,0.9038766377637075,0.80696,0,1,mild
2353__0_600,5,t_8_16,140.0,0.25,0.0,3.0,0.7118268315898258,0.6230205148170405,0.80696,0,0,mild
2353__0_600,6,t_8_16,140.0,0.0,0.0,2.0,0.9970399491605839,0.6332691740693863,0.80696,0,0,stable
2353__0_600,7,t_8_16,112.0,0.25,0.25,3.0,0.985440579085352,0.7909563754301137,0.80696,0,1,mild
2353__0_600,8,t_8_16,160.0,0.0,0.0,3.0,0.9877690845851622,0.8270152732000192,0.80696,0,1,stable
2353__0_600,9,t_8_16,80.0,0.0,0.0,2.0,0.9970478422579682,0.6569701100088315,0.80696,0,0,stable
2353__0_600,10,t_8_16,128.0,0.25,0.25,3.0,0.978430692844589,0.6406109678335227,0.80696,0,0,mild
2353__0_600,11,t_8_16,64.0,0.0,0.0,5.0,0.9229154106016587,0.736441225452661,0.80696,0,0,stable
2353__0_600,12,t_8_16,83.9996337890625,0.0,0.0,3.0,0.9980872514729263,0.6166290842761791,0.80696,0,0,stable
2353__0_600,13,t_8_16,159.9993896484375,0.0,0.0,3.0,0.9943536032038135,0.7136619930498624,0.80696,0,0,stable
2353__0_600,14,t_8_16,112.0,0.75,0.75,0.0,,0.9234929092383157,0.80696,0,1,high
2353__0_600,15,t_8_16,112.0,0.25,0.25,2.0,0.8879248814819317,0.7860415306446362,0.80696,0,1,mild
2353__0_600,16,t_8_16,112.0,0.25,0.25,2.0,0.9877019080992676,0.8192399403909769,0.80696,0,1,mild
2353__0_600,17,t_8_16,128.0,0.0,0.0,3.0,0.9855594028850889,0.8326747449214779,0.80696,0,1,stable
2353__0_600,18,t_8_16,191.999267578125,0.5,0.25,9.0,0.41485243665530436,0.3907496249999997,0.80696,1,0,mild
2353__0_600,19,t_8_16,160.0,0.25,0.25,4.0,0.9554059725625647,0.5665274729123828,0.80696,0,0,mild
2353__0_600,20,t_8_16,180.0,0.0,0.0,3.0,0.9955797172645813,0.5670902499999965,0.80696,0,0,stable
2353__0_600,21,t_8_16,112.0,0.0,0.0,2.0,0.998974253793026,0.8955665081411525,0.80696,0,1,stable
2353__2676_600,0,t_8_16,72.0,0.0,0.0,1.0,,0.8418325075084964,0.83485,0,1,stable
2353__2676_600,1,t_8_16,84.0008602142916,0.0,0.0,3.0,0.9905572748911162,0.8033273073580082,0.83485,0,1,stable
2353__2676_600,2,t_8_16,128.0,0.0,0.0,2.0,0.9995475724670243,0.7578613281250004,0.83485,0,1,stable
2353__2676_600,3,t_8_16,72.000732421875,0.0,0.0,3.0,0.9994801717340205,0.8527803732711918,0.83485,0,1,stable
2353__2676_600,4,t_8_16,112.0,0.0,0.0,2.0,0.9925632837458189,0.903791622761295,0.83485,0,1,stable
2353__2676_600,5,t_8_16,96.0,0.25,0.25,2.0,0.9432307942407434,0.7886971749814113,0.83485,0,1,mild
2353__2676_600,6,t_8_16,112.0,0.5,0.5,0.0,,0.878082370379371,0.83485,0,1,mild
2353__2676_600,7,t_8_16,128.0,0.25,0.25,2.0,0.9410607420254463,0.8995077187499941,0.83485,0,1,mild
2353__2676_600,8,t_8_16,112.0,0.0,0.0,3.0,0.9771365406925112,0.8985517857142884,0.83485,0,1,stable
2353__2676_600,9,t_8_16,80.0,0.25,0.25,1.0,,0.7882797214153767,0.83485,0,1,mild
2353__2676_600,10,t_8_16,160.0,0.0,0.0,3.0,0.9454036407017445,0.8365174175394252,0.83485,0,1,stable
2353__2676_600,11,t_8_16,95.9996337890625,0.0,0.0,2.0,0.9823604418929627,0.8307911880456674,0.83485,0,1,stable
2353__2676_600,12,t_8_16,83.99981689453125,0.0,0.0,3.0,0.9523302744509519,0.776424594357861,0.83485,0,1,stable
2353__2676_600,13,t_8_16,111.999755859375,0.0,0.0,3.0,0.9693402857503389,0.8316803616921437,0.83485,0,1,stable
2353__2676_600,14,t_8_16,111.999755859375,0.25,0.25,2.0,0.9697080064051078,0.8120000638133473,0.83485,0,1,mild
2353__2676_600,15,t_8_16,72.0,0.0,0.0,4.0,0.9968891682928287,0.6055406144593984,0.83485,0,0,stable
2353__2676_600,17,t_8_16,127.99951171875,0.0,0.0,6.0,0.9766421444807772,0.8161866347872818,0.83485,0,1,stable
2353__2676_600,18,t_8_16,95.99995422363281,0.0,0.0,3.0,0.9949871081487959,0.8526849735765328,0.83485,0,1,stable
2353__2676_600,19,t_8_16,95.99981689453125,0.0,0.0,4.0,0.916785440986641,0.9350848203387151,0.83485,0,1,stable
2353__2676_600,20,t_8_16,127.999755859375,0.25,0.25,2.0,0.9983781707866217,0.7508133179468467,0.83485,0,1,mild
2353__2676_600,21,t_8_16,95.99938964936882,0.0,0.0,3.0,0.993998655251026,0.8934191744233922,0.83485,0,1,stable
2353__2676_600,22,t_8_16,144.0,0.5,0.5,1.0,,0.5766476924978582,0.83485,0,0,mild
2353__2676_600,23,t_8_16,96.0,0.0,0.0,2.0,0.8947047072831644,0.8811502859619785,0.83485,0,1,stable
2353__2676_600,24,t_8_16,84.0,0.0,0.0,5.0,0.9969756164766951,0.8346885484695732,0.83485,0,1,stable
2353__2676_600,25,t_8_16,84.0,0.0,0.0,5.0,0.8639816711723071,0.6809958792939343,0.83485,0,0,stable
2353__2676_600,26,t_8_16,180.0,0.25,0.0,4.0,0.7575096687448064,0.9145019786540124,0.83485,0,1,mild
2353__2676_600,27,t_8_16,72.0,0.0,0.0,3.0,0.991968743785215,0.7070648148639166,0.83485,0,0,stable
2353__2676_600,28,t_8_16,84.0,0.0,0.0,3.0,0.9932832972827992,0.7440948644282326,0.83485,0,0,stable
2353__2676_600,29,t_8_16,160.0,0.0,0.0,2.0,0.9943580964606271,0.8417434545942074,0.83485,0,1,stable
2353__2676_600,30,t_8_16,160.0,0.0,0.0,2.0,0.9845293836494384,0.6681734921828177,0.83485,0,0,stable
2353__2676_600,31,t_8_16,96.0,0.0,0.0,4.0,0.9932452893239528,0.7423978580060175,0.83485,0,0,stable
2353__2676_600,32,t_8_16,96.0009765625,0.0,0.0,5.0,0.9989931512625425,0.7989603680576877,0.83485,0,1,stable
2353__2676_600,33,t_8_16,96.0,0.0,0.0,4.0,0.9853840558563172,0.751169407672975,0.83485,0,1,stable
2353__2676_600,34,t_8_16,128.0,0.25,0.0,3.0,0.5322688583177388,0.658768945312495,0.83485,0,0,mild
2353__2676_600,35,t_8_16,84.0,0.0,0.0,5.0,0.573946763182598,0.7484018234918765,0.83485,0,0,stable
2353__2676_600,37,t_8_16,112.0,0.5,0.5,1.0,,0.8276268749999989,0.83485,0,1,mild
2353__2676_600,38,t_8_16,112.0,0.5,0.5,0.0,,0.7938813367468162,0.83485,0,1,mild
2353__2676_600,39,t_8_16,84.0,0.0,0.0,1.0,,0.8104784744254284,0.83485,0,1,stable
2353__2676_600,40,t_8_16,160.0,0.0,0.0,2.0,0.9959980749966711,0.732803481433051,0.83485,0,0,stable
2353__2676_600,41,t_8_16,112.0,0.0,0.0,1.0,,0.9320917601630848,0.83485,0,1,stable
2353__2676_600,42,t_8_16,144.0,0.0,0.0,3.0,0.9970551300267205,0.7558991458333346,0.83485,0,1,stable
2353__2676_600,43,t_8_16,112.0,0.0,0.0,2.0,0.9898729762644755,0.894978895516392,0.83485,0,1,stable
2353__2676_600,44,t_8_16,112.0,0.0,0.0,2.0,0.9934239940801011,0.7567325443671458,0.83485,0,1,stable
2353__2676_600,45,t_8_16,128.0,0.0,0.0,2.0,0.9972884731162627,0.8098389136839572,0.83485,0,1,stable
2353__2676_600,46,t_8_16,112.00006103515625,0.0,0.0,1.0,,0.750098348840875,0.83485,0,1,stable
2353__2676_600,47,t_8_16,96.0,0.0,0.0,5.0,0.6389846284786594,0.6275642527511283,0.83485,0,0,stable
2353__2676_600,48,t_8_16,128.0,0.5,0.5,1.0,,0.7742560211065291,0.83485,0,1,mild
2353__2676_600,49,t_8_16,96.0,0.0,0.0,5.0,0.9656529624590421,0.6836686342597278,0.83485,0,0,stable
2353__2676_600,50,t_8_16,112.0,0.25,0.25,3.0,0.968271230481235,0.8045245673822231,0.83485,0,1,mild
2353__2676_600,51,t_8_16,112.0,0.0,0.0,2.0,0.9965293585498397,0.6326123911173066,0.83485,0,0,stable
2353__2676_600,52,t_8_16,95.999755859375,0.0,0.0,2.0,0.8860440315560442,0.7642877658395056,0.83485,0,1,stable
2353__2676_600,53,t_8_16,112.0,0.0,0.0,1.0,,0.6614426726660587,0.83485,0,0,stable
2353__2676_600,55,t_8_16,128.0,0.0,0.0,3.0,0.9661015278619015,0.6621803059258248,0.83485,0,0,stable
2353__2676_600,56,t_8_16,112.0,0.5,0.5,1.0,,0.8892034827988442,0.83485,0,1,mild
2353__2676_600,57,t_8_16,112.0,0.0,0.0,3.0,0.9864161125555279,0.8354034861209202,0.83485,0,1,stable
2353__2676_600,58,t_8_16,96.0,0.0,0.0,3.0,0.9624020970142246,0.673355600898427,0.83485,0,0,stable
2353__2676_600,59,t_8_16,140.0,0.0,0.0,3.0,0.9873570702686414,0.6666671146542074,0.83485,0,0,stable
2353__2676_600,60,t_8_16,72.0,0.0,0.0,5.0,0.8846704934856804,0.6790346029243304,0.83485,0,0,stable
2353__2676_600,61,t_8_16,144.0,0.5,0.5,0.0,,0.7672199999999986,0.83485,0,1,mild
2353__2676_600,62,t_8_16,84.0,0.0,0.0,3.0,0.9769131232218501,0.8050497462383398,0.83485,0,1,stable
2353__2676_600,63,t_8_16,140.0,0.25,0.0,5.0,0.9375864383509057,0.6335066973586748,0.83485,0,0,mild
2353__2676_600,64,t_8_16,72.0,0.0,0.0,5.0,0.9181538262201085,0.7985382955144977,0.83485,0,1,stable
2353__2676_600,65,t_8_16,128.0,0.0,0.0,3.0,0.967923512147329,0.8107336365935124,0.83485,0,1,stable
2353__2676_600,66,t_8_16,140.0,0.0,0.0,2.0,0.9979811472167514,0.6476653685013399,0.83485,0,0,stable
2353__2676_600,67,t_8_16,96.0,0.25,0.25,2.0,0.9936137742299763,0.6340892352576734,0.83485,0,0,mild
2353__2676_600,68,t_8_16,112.0,0.0,0.0,2.0,0.9989442509583998,0.8533704325687879,0.83485,0,1,stable
2353__2676_600,69,t_8_16,111.99920654250309,0.0,0.0,5.0,0.9855019687283821,0.7511834419044844,0.83485,0,1,stable
2353__2676_600,70,t_8_16,84.0,0.0,0.0,6.0,0.9692785716882063,0.7733293921825796,0.83485,0,1,stable
2353__2676_600,71,t_8_16,96.0,0.25,0.25,3.0,0.9925483544264547,0.7229059917234795,0.83485,0,0,mild
2353__2676_600,72,t_8_16,108.0,0.0,0.0,3.0,0.38856604191906896,0.5862175936519252,0.83485,0,0,stable
2353__2676_600,76,t_8_16,96.0,0.0,0.0,1.0,,0.6964589012998089,0.83485,0,0,stable
2353__2676_600,77,t_8_16,180.0,0.0,0.0,3.0,0.9941480572230198,0.8970223165359772,0.83485,0,1,stable
2353__2676_600,78,t_8_16,127.99951171875,0.5,0.5,1.0,,0.8396842265625039,0.83485,0,1,mild
2353__2676_600,79,t_8_16,84.0,0.0,0.0,2.0,0.9923081851119934,0.545607047873715,0.83485,0,0,stable
2353__2676_600,80,t_8_16,84.0,0.0,0.0,2.0,0.871765830405037,0.5179742130092785,0.83485,0,0,stable
2353__2676_600,81,t_8_16,203.99974060058594,0.0,0.0,5.0,0.9216949475743862,0.716408435551168,0.83485,0,0,stable
2353__2676_600,82,t_8_16,128.0,0.5,0.5,1.0,,0.9355179139721271,0.83485,0,1,mild
2353__2676_600,83,t_8_16,140.0,0.25,0.0,2.0,0.03142495427280239,0.7384263895471497,0.83485,0,0,mild
2353__2676_600,84,t_8_16,182.0008544921875,0.0,0.0,4.0,0.8517056516785725,0.6917350182027121,0.83485,0,0,stable
2353__2676_600,85,t_8_16,143.99993133544922,0.0,0.0,2.0,0.8342950534977707,0.6160016527777779,0.83485,0,0,stable
2353__2676_600,86,t_8_16,135.0,0.25,0.25,3.0,0.5527264662893188,0.0,0.83485,1,0,mild
2353__2676_600,87,t_8_16,117.0,0.25,0.0,1.0,,0.8066273676952365,0.83485,0,1,mild
2353__2676_600,88,t_8_16,128.0,0.0,0.0,3.0,0.9806333038977196,0.7142937812500012,0.83485,0,0,stable
2353__2676_600,89,t_8_16,120.0,0.0,0.0,2.0,0.9571957544704426,0.880521268486849,0.83485,0,1,stable
2353__2676_600,90,t_8_16,84.0,0.0,0.0,3.0,0.9604365436551501,0.5520419975318773,0.83485,0,0,stable
2353__2676_600,91,t_8_16,160.0,0.0,0.0,2.0,0.997317009201473,0.7781929062500033,0.83485,0,1,stable
2353__2676_600,92,t_8_16,112.0,0.5,0.5,1.0,,0.6764898214285794,0.83485,0,0,mild
2353__2676_600,93,t_8_16,176.0,0.0,0.0,3.0,0.6749815893013974,0.6484750909090946,0.83485,0,0,stable
2353__2676_600,94,t_8_16,119.0,0.25,0.0,5.0,0.7506619384338951,0.6140463188558556,0.83485,0,0,mild
2355__600_1200,0,t_8_16,80.0,0.0,0.0,1.0,,0.6605432201357666,0.78054,0,0,stable
2355__600_1200,1,t_8_16,96.0,0.0,0.0,5.0,0.9649865132764471,0.6228032130659665,0.78054,0,0,stable
2355__600_1200,2,t_8_16,144.0,0.0,0.0,5.0,0.910965603249385,0.8724402414772887,0.78054,0,1,stable
2355__600_1200,3,t_8_16,84.0,0.0,0.0,3.0,0.9903154996078184,0.6073009741543798,0.78054,0,0,stable
2355__600_1200,5,t_8_16,72.0,0.0,0.0,2.0,0.9830655188111891,0.6755695853843674,0.78054,0,0,stable
2355__600_1200,7,t_8_16,128.0,0.25,0.25,3.0,0.6040516329995923,0.5946987656250007,0.78054,0,0,mild
2355__600_1200,8,s_16_32,352.0,0.0,0.0,5.0,0.9892668551385302,0.7831918050332307,0.78054,0,1,stable
2355__600_1200,11,s_16_32,384.0,0.0,0.0,7.0,0.7339484169705234,0.2902707187500002,0.78054,1,0,stable
2355__600_1200,12,t_8_16,95.9996337890625,0.0,0.0,3.0,0.6199331235398948,0.9099316467351481,0.78054,0,1,stable
2355__600_1200,13,t_8_16,80.0,0.25,0.25,0.0,,0.6211622139478098,0.78054,0,0,mild
2355__600_1200,14,t_8_16,140.0,0.25,0.25,0.0,,0.711325967268808,0.78054,0,0,mild
2355__600_1200,17,t_8_16,128.0,0.0,0.0,3.0,0.9837448956499834,0.8133514982147303,0.78054,0,1,stable
2355__600_1200,18,t_8_16,95.99951171875,0.0,0.0,1.0,,0.4630144563876818,0.78054,1,0,stable
2355__600_1200,19,t_8_16,191.9996337890625,0.0,0.0,4.0,0.6616264218898075,0.7118479843749991,0.78054,0,0,stable
2355__600_1200,20,t_8_16,200.0,0.0,0.0,3.0,0.9673037517365917,0.692076430382917,0.78054,0,0,stable
2355__600_1200,21,t_8_16,96.0,0.0,0.0,1.0,,0.48528681077241376,0.78054,1,0,stable
2355__600_1200,22,t_8_16,120.0,0.0,0.0,3.0,0.6854468912940633,0.5436245380946008,0.78054,0,0,stable
2355__600_1200,24,t_8_16,112.0,0.0,0.0,1.0,,0.8708787334323981,0.78054,0,1,stable
2355__600_1200,25,t_8_16,140.0,0.0,0.0,3.0,0.9907362864380229,0.645707965837315,0.78054,0,0,stable
2355__600_1200,26,t_8_16,72.0,0.0,0.0,4.0,0.9651110589742865,0.6164743786193456,0.78054,0,0,stable
2355__600_1200,27,t_8_16,112.0,0.0,0.0,1.0,,0.878955122810847,0.78054,0,1,stable
2355__600_1200,28,t_8_16,143.99981689453125,0.0,0.0,2.0,0.9965118368345735,0.7433082515904001,0.78054,0,0,stable
2355__600_1200,29,t_8_16,96.0,0.0,0.0,2.0,0.9972316693228671,0.6383956461578673,0.78054,0,0,stable
2355__600_1200,30,t_8_16,160.0,0.0,0.0,2.0,0.9888042446514963,0.2779262108777636,0.78054,1,0,stable
2355__600_1200,31,t_8_16,96.0,0.0,0.0,3.0,0.9829093190586035,0.47336300706226153,0.78054,1,0,stable
2355__600_1200,32,t_8_16,120.000732421875,0.0,0.0,3.0,0.5689807015983278,0.7598952355376217,0.78054,0,1,stable
2355__600_1200,33,t_8_16,84.0,0.0,0.0,3.0,0.9440056931644075,0.7618947612098292,0.78054,0,1,stable
2355__600_1200,34,t_8_16,72.0,0.0,0.0,5.0,0.9586696423269868,0.7629916010520383,0.78054,0,1,stable
2355__600_1200,35,t_8_16,80.0,0.0,0.0,1.0,,0.6456150851186827,0.78054,0,0,stable
2355__600_1200,36,t_8_16,64.0,0.5,0.5,1.0,,0.6049741708552616,0.78054,0,0,mild
2355__600_1200,38,t_8_16,80.0,0.0,0.0,1.0,,0.42369718710489773,0.78054,1,0,stable
2355__600_1200,39,t_8_16,112.0,0.5,0.5,0.0,,0.651950515191677,0.78054,0,0,mild
2355__600_1200,40,t_8_16,140.0,0.0,0.0,2.0,0.9721100547073536,0.7564442088889102,0.78054,0,1,stable
2355__600_1200,41,t_8_16,104.0,0.25,0.25,2.0,0.9765286007728301,0.8110302754068098,0.78054,0,1,mild
2355__600_1200,42,t_8_16,66.0,0.0,0.0,3.0,0.8928534404258277,0.6461092262729662,0.78054,0,0,stable
2355__600_1200,44,t_8_16,150.0,0.25,0.0,2.0,0.9812458722368509,0.7755045596193818,0.78054,0,1,mild
2355__600_1200,45,t_8_16,150.0,0.0,0.0,2.0,0.9971498963542674,0.6905071217979111,0.78054,0,0,stable
2355__600_1200,46,t_8_16,84.0,0.0,0.0,4.0,0.9658464815525492,0.7207564627842808,0.78054,0,0,stable
2355__600_1200,47,t_8_16,154.0,0.0,0.0,2.0,0.9921354809019849,0.6707878973740138,0.78054,0,0,stable
2355__600_1200,48,t_8_16,108.0,0.0,0.0,1.0,,0.7395431689827796,0.78054,0,0,stable
2355__600_1200,49,t_8_16,159.99951171875,0.0,0.0,3.0,0.9693518845083108,0.6419016712817842,0.78054,0,0,stable
2355__600_1200,50,t_8_16,70.00042724609375,0.0,0.0,3.0,0.9942857055420872,0.6503809057977518,0.78054,0,0,stable
2355__600_1200,52,t_8_16,80.00048828125,0.0,0.0,2.0,0.901770399607319,0.6872852108928283,0.78054,0,0,stable
2355__600_1200,53,t_8_16,139.99957275390625,0.0,0.0,2.0,0.9842176226571911,0.8116918970912217,0.78054,0,1,stable
2355__600_1200,54,t_8_16,180.0,0.0,0.0,2.0,0.9238483512339495,0.48845307222222334,0.78054,1,0,stable
2355__600_1200,55,t_8_16,96.0,0.25,0.25,1.0,,0.6587959032456245,0.78054,0,0,mild
2355__600_1200,56,t_8_16,108.0,0.0,0.0,2.0,0.9563830084777712,0.7096842911419394,0.78054,0,0,stable
2355__600_1200,57,t_8_16,87.99951171875,0.25,0.25,1.0,,0.5694626681439975,0.78054,0,0,mild
2355__600_1200,58,t_8_16,98.99978637509048,0.25,0.0,2.0,0.07847747314761852,0.7337127272727259,0.78054,0,0,mild
2361__2400_0,0,t_8_16,180.0,0.0,0.0,3.0,0.97874780215319,0.6679355362503169,0.85067,0,0,stable
2361__2400_0,1,s_16_32,288.0,0.0,0.0,3.0,0.9952144728339709,0.8512335232639117,0.85067,0,1,stable
2366023ab,0,t_8_16,195.0,0.25,0.0,5.0,0.3418213731259844,0.8532013837582109,0.3839,0,1,mild
2371__1200_600,1,t_8_16,140.0,0.25,0.0,4.0,0.8561829800505389,0.7506583680824532,0.83124,0,1,mild
2371__1200_600,2,t_8_16,95.999755859375,0.0,0.0,2.0,0.8882565310877995,0.8295009036664122,0.83124,0,1,stable
2371__1200_600,3,t_8_16,160.0,0.0,0.0,2.0,0.9999968554383807,0.6267764826920766,0.83124,0,0,stable
2371__1200_600,4,t_8_16,112.0,0.0,0.0,1.0,0.9999532896136479,0.7485418397561101,0.83124,0,0,stable
2371__1200_600,5,t_8_16,80.0,0.0,0.0,1.0,,0.5643098777373389,0.83124,0,0,stable
2371__1200_600,6,t_8_16,112.0,0.25,0.25,1.0,,0.8472785635647159,0.83124,0,1,mild
2371__1200_600,7,t_8_16,111.99998664855957,0.25,0.25,4.0,0.836235330399952,0.8697288601492672,0.83124,0,1,mild
2371__1200_600,8,t_8_16,128.0,0.0,0.0,2.0,0.9899275146905129,0.821363378738966,0.83124,0,1,stable
2371__1200_600,9,t_8_16,111.99994659423828,0.0,0.0,3.0,0.9918658466375858,0.8768429813042438,0.83124,0,1,stable
2371__1200_600,10,t_8_16,112.0,0.0,0.0,2.0,0.8624220517363638,0.653050476265217,0.83124,0,0,stable
2371__1200_600,11,t_8_16,140.0,0.0,0.0,1.0,,0.6201869766706528,0.83124,0,0,stable
2371__1200_600,12,s_16_32,1008.0008544921875,0.0,0.0,10.0,0.8268027213136425,0.0,0.30196,1,0,stable
2371__1200_600,13,s_16_32,728.001708984375,0.0,0.0,10.0,0.4532937496331213,0.0,0.30196,1,0,stable
2371__1200_600,14,t_8_16,71.99995422363281,0.0,0.0,1.0,0.9999899876097587,0.8048042415017261,0.83124,0,1,stable
2371__1200_600,15,t_8_16,80.0,0.0,0.0,1.0,,0.754177338118815,0.83124,0,1,stable
2371__1200_600,16,t_8_16,96.0,0.0,0.0,2.0,0.8554356576950287,0.8877604861916417,0.83124,0,1,stable
2371__1200_600,17,t_8_16,96.0,0.5,0.5,1.0,,0.8936623762054845,0.83124,0,1,mild
2371__1200_600,18,t_8_16,96.0,0.0,0.0,1.0,,0.8066891081624951,0.83124,0,1,stable
2371__1200_600,19,t_8_16,112.0,0.0,0.0,1.0,,0.641637963080161,0.83124,0,0,stable
2371__1200_600,20,t_8_16,72.0,0.0,0.0,2.0,0.992302011334165,0.6820622851045494,0.83124,0,0,stable
2371__1200_600,21,t_8_16,96.0,0.0,0.0,2.0,0.999971124817315,0.8724302537269142,0.83124,0,1,stable
2371__1200_600,22,t_8_16,72.0,0.0,0.0,2.0,0.9261936328517067,0.8058470831738056,0.83124,0,1,stable
2371__1200_600,23,t_8_16,112.0,0.25,0.25,2.0,0.9634868881375346,0.8722476927202981,0.83124,0,1,mild
2371__1200_600,24,t_8_16,72.0,0.0,0.0,1.0,,0.6043479912032066,0.83124,0,0,stable
2371__1200_600,25,t_8_16,120.0,0.0,0.0,1.0,0.9999999328606339,0.732622059543205,0.83124,0,0,stable
2371__1200_600,26,t_8_16,96.0,0.5,0.5,1.0,0.9999994648033792,0.6320017291807024,0.83124,0,0,mild
2371__1200_600,27,t_8_16,72.0,0.0,0.0,3.0,0.8368522204517953,0.6491866337418788,0.83124,0,0,stable
2371__1200_600,28,t_8_16,80.0,0.0,0.0,1.0,,0.834757847600263,0.83124,0,1,stable
2371__1200_600,29,t_8_16,96.0,0.25,0.25,1.0,0.999982227259691,0.8049975637630489,0.83124,0,1,mild
2371__1200_600,30,t_8_16,112.0,0.5,0.0,2.0,0.18023715025833809,0.747208549873899,0.83124,0,0,mild
2371__1200_600,31,t_8_16,120.0,0.0,0.0,1.0,,0.8863148580050567,0.83124,0,1,stable
2371__1200_600,32,t_8_16,120.0,0.0,0.0,3.0,0.8480705391330339,0.7583706083333376,0.83124,0,1,stable
2371__1200_600,33,t_8_16,84.0,0.0,0.0,1.0,,0.6367521460473877,0.83124,0,0,stable
2371__1200_600,34,t_8_16,191.99990844726562,0.0,0.0,5.0,0.9110635768125973,0.7400316354166723,0.83124,0,0,stable
2371__1200_600,36,t_8_16,98.0,0.0,0.0,2.0,0.5878395481639723,0.7154317915864065,0.83124,0,0,stable
2371__1200_600,37,t_8_16,120.0,0.0,0.0,1.0,0.999967192334217,0.7389919153797422,0.83124,0,0,stable
2371__1200_600,38,t_8_16,70.0,0.0,0.0,1.0,0.9999999772164562,0.7790523021819512,0.83124,0,1,stable
2371__1200_600,39,t_8_16,140.0,0.25,0.25,3.0,0.671866598859645,0.5977842827491948,0.83124,0,0,mild
2371__1200_600,40,s_16_32,384.0,0.0,0.0,8.0,0.9952275446435997,0.9005085131876175,0.83124,0,1,stable
2371__1200_600,43,t_8_16,72.0,0.25,0.0,3.0,0.7080392246793195,0.7770347953846594,0.83124,0,1,mild
2371__1200_600,44,t_8_16,140.0,0.0,0.0,2.0,0.9329836712548493,0.8927350287465133,0.83124,0,1,stable
2371__1200_600,45,t_8_16,95.999755859375,0.0,0.0,1.0,,0.6508809925935095,0.83124,0,0,stable
2371__1200_600,46,t_8_16,72.0,0.0,0.0,4.0,0.9585560850829068,0.5660638551758763,0.83124,0,0,stable
2371__1200_600,47,t_8_16,100.0,0.0,0.0,1.0,,0.6065334927778951,0.83124,0,0,stable
2371__1200_600,48,t_8_16,160.0,0.25,0.0,5.0,0.869728616469098,0.5060117582433311,0.83124,0,0,mild
2371__1200_600,49,t_8_16,192.0,0.25,0.0,3.0,0.10964827733681003,0.6457073170731706,0.83124,0,0,mild
2371__1200_600,50,t_8_16,84.0,0.0,0.0,4.0,0.9869599047971939,0.5464831055201116,0.83124,0,0,stable
2371__1200_600,51,t_8_16,120.0,0.0,0.0,1.0,,0.6713616776987562,0.83124,0,0,stable
2371__1200_600,53,t_8_16,168.00009155273438,0.0,0.0,2.0,0.9972109369425461,0.7083904285714276,0.83124,0,0,stable
2371__1200_600,54,t_8_16,111.99999237060547,0.3333333333333333,0.3333333333333333,1.0,,0.6237377645010903,0.83124,0,0,mild
2371__1200_600,55,t_8_16,96.0,0.0,0.0,2.0,0.9062472773787171,0.8385958718441018,0.83124,0,1,stable
2371__1200_600,57,t_8_16,140.0,0.0,0.0,1.0,,0.7587309857142865,0.83124,0,1,stable
2371__1200_600,58,t_8_16,192.0,0.0,0.0,4.0,0.8343409998688905,0.5561202381396082,0.83124,0,0,stable
2371__1200_600,59,t_8_16,216.0,0.0,0.0,5.0,0.9830369514608287,0.43807137663522067,0.83124,1,0,stable
2371__1200_600,60,t_8_16,72.0,0.0,0.0,2.0,0.9999987026513246,0.7496484597896335,0.83124,0,0,stable
2371__1200_600,61,t_8_16,71.99990844726562,0.25,0.25,3.0,0.7836592585610559,0.5372632986055209,0.83124,0,0,mild
2371__1200_600,62,t_8_16,112.0,0.5,0.5,1.0,,0.7338544752420793,0.83124,0,0,mild
2371__1200_600,63,t_8_16,160.0,0.25,0.0,3.0,0.7879056856974692,0.8300276562499999,0.83124,0,1,mild
2371__1200_600,64,t_8_16,140.0,0.0,0.0,1.0,0.9999999988677658,0.7149847571428527,0.83124,0,0,stable
2371__1200_600,65,t_8_16,140.0,0.5,0.5,3.0,0.030539089807935443,0.648839785714284,0.83124,0,0,mild
2371__1200_600,66,t_8_16,144.0,0.0,0.0,2.0,0.7006895244871134,0.0,0.83124,1,0,stable
2371__1200_600,67,t_8_16,168.0,0.0,0.0,3.0,0.9974986200555448,0.6675337936437217,0.83124,0,0,stable
2371__1200_600,68,t_8_16,216.0,0.0,0.0,3.0,0.9970777471922829,0.6331969907407369,0.83124,0,0,stable
2371__1200_600,69,t_8_16,120.0,0.0,0.0,2.0,0.9840523937730365,0.6441251282423153,0.83124,0,0,stable
2371__1200_600,70,t_8_16,140.0,0.0,0.0,1.0,0.9973912106959962,0.760473036682274,0.83124,0,1,stable
2371__1200_600,71,t_8_16,72.0,0.0,0.0,2.0,,0.5412002036907545,0.83124,0,0,stable
2371__1200_600,72,t_8_16,140.0,0.0,0.0,2.0,0.9794171191974825,0.7463733687812396,0.83124,0,0,stable
2371__1200_600,73,t_8_16,72.0,0.0,0.0,3.0,0.917388349548718,0.48072119769503646,0.83124,1,0,stable
2371__1200_600,74,t_8_16,96.0,0.25,0.25,2.0,0.7776779644372104,0.5857980123940942,0.83124,0,0,mild
2371__1200_600,75,t_8_16,120.0,0.0,0.0,1.0,,0.6392877798310069,0.83124,0,0,stable
2371__1200_600,76,t_8_16,196.0,0.0,0.0,3.0,0.509090868035964,0.8206716275510201,0.83124,0,1,stable
2371__1200_600,77,t_8_16,140.0,0.25,0.25,2.0,0.8427123563108417,0.8352307730907804,0.83124,0,1,mild
2371__1200_600,78,t_8_16,120.0,0.25,0.25,1.0,0.4885808234490721,0.6757093573814315,0.83124,0,0,mild
2371__1200_600,80,t_8_16,160.0,0.25,0.0,2.0,0.6050122086267331,0.46590475249184016,0.83124,1,0,mild
2371__1200_600,81,t_8_16,252.0,0.0,0.0,4.0,0.8255830212036576,0.4496981666666664,0.83124,1,0,stable
2371__1200_600,82,s_16_32,719.998779296875,0.0,0.0,10.0,0.9744110358468288,0.7060162180555581,0.83124,0,0,stable
2371__1200_600,83,t_8_16,192.0,0.0,0.0,4.0,0.9363937286583979,0.74977359375,0.83124,0,0,stable
2371__1200_600,84,t_8_16,140.0,0.0,0.0,2.0,0.9381824726652425,0.8552728674545449,0.83124,0,1,stable
2371__1200_600,85,t_8_16,180.00015258789062,0.0,0.0,4.0,0.992158471936354,0.5097038119334836,0.83124,0,0,stable
2371__1200_600,86,s_16_32,503.997802734375,0.0,0.0,10.0,0.9558417910337395,0.6316298809523803,0.83124,0,0,stable
2371__1200_600,87,t_8_16,128.0,0.25,0.25,3.0,0.7918486718186707,0.6902804879573272,0.83124,0,0,mild
2371__1200_600,89,t_8_16,96.0,0.0,0.0,1.0,,0.4396761853907097,0.83124,1,0,stable
2371__1200_600,90,t_8_16,90.0,0.0,0.0,4.0,0.5509406780308934,0.524457458058338,0.83124,0,0,stable
2371__1200_600,91,t_8_16,120.0,0.0,0.0,3.0,0.8909920439559197,0.7872487396115887,0.83124,0,1,stable
2371__1200_600,92,t_8_16,64.0,0.5,0.5,0.0,,0.5584358961937391,0.83124,0,0,mild
2371__1200_600,93,t_8_16,96.0,0.0,0.0,2.0,0.7807752796806413,0.4842986113147103,0.83124,1,0,stable
2371__1200_600,94,t_8_16,140.0,0.0,0.0,2.0,0.7591027932132677,0.6451596133039085,0.83124,0,0,stable
2371__1200_600,95,t_8_16,216.0,0.0,0.0,3.0,0.98892400674055,0.8120309814814776,0.83124,0,1,stable
2371__1200_600,96,t_8_16,112.00006103515625,0.0,0.0,2.0,0.9973932760593708,0.9016065622218913,0.83124,0,1,stable
2371__1200_600,97,t_8_16,140.0,0.0,0.0,2.0,0.5766122783957197,0.8789184285714319,0.83124,0,1,stable
2371__1200_600,98,t_8_16,144.0,0.0,0.0,2.0,0.8799151232527403,0.7535312627332611,0.83124,0,1,stable
2371__1200_600,99,t_8_16,96.0,0.0,0.0,1.0,,0.5537780007900898,0.83124,0,0,stable
2371__1200_600,100,t_8_16,84.0,0.0,0.0,2.0,0.5416334410689364,0.7309776129403922,0.83124,0,0,stable
2371__1200_600,102,t_8_16,168.0,0.5,0.0,3.0,0.09437266663916136,0.8074917723234211,0.83124,0,1,mild
2371__1200_600,103,t_8_16,96.0,0.25,0.25,2.0,0.994588695290972,0.5214849580004907,0.83124,0,0,mild
2371__1200_600,104,t_8_16,180.0,0.0,0.0,2.0,0.9378042626334958,0.7045849298388294,0.83124,0,0,stable
2371__1200_600,105,t_8_16,160.0,0.0,0.0,2.0,0.976963991899999,0.8964105067363096,0.83124,0,1,stable
2371__1200_600,107,t_8_16,119.99981689453125,0.0,0.0,3.0,0.9784847267680079,0.793090676417019,0.83124,0,1,stable
2371__1200_600,109,t_8_16,144.0,0.0,0.0,2.0,0.9864021058540756,0.7156624699674659,0.83124,0,0,stable
2371__1200_600,110,t_8_16,144.0,0.0,0.0,2.0,0.9582608602340607,0.7225477431154956,0.83124,0,0,stable
2371__1200_600,111,t_8_16,120.0,0.25,0.0,3.0,0.806553765370966,0.795519517883291,0.83124,0,1,mild
2371__1200_600,112,t_8_16,108.0,0.0,0.0,2.0,0.09160257160743625,0.6032801622860706,0.83124,0,0,stable
2371__1200_600,113,t_8_16,95.999755859375,0.0,0.0,1.0,,0.6923975712345352,0.83124,0,0,stable
2371__1200_600,114,t_8_16,100.0,0.25,0.25,2.0,0.9693766054357111,0.62095668158143,0.83124,0,0,mild
2371__1200_600,116,t_8_16,119.99969482421875,0.0,0.0,2.0,0.9906119224988923,0.6918865574218872,0.83124,0,0,stable
2371__1200_600,117,t_8_16,80.0,0.5,0.5,0.0,,0.42822903080220254,0.83124,1,0,mild
2371__1200_600,118,t_8_16,96.0,0.5,0.5,1.0,,0.7282915309801523,0.83124,0,0,mild
2371__1200_600,119,t_8_16,140.0,0.0,0.0,2.0,0.7847851475351374,0.772880312683003,0.83124,0,1,stable
2371__1200_600,120,t_8_16,168.0,0.0,0.0,3.0,0.9821334364265307,0.857204436649285,0.83124,0,1,stable
2371__1200_600,121,t_8_16,160.0,0.0,0.0,2.0,0.9619482336769479,0.6106841124999985,0.83124,0,0,stable
2371__1200_600,122,t_8_16,140.0,0.0,0.0,2.0,0.9971179839259369,0.7767429409107979,0.83124,0,1,stable
2371__1200_600,123,t_8_16,240.0,0.0,0.0,3.0,0.986559338395445,0.6612767666666668,0.83124,0,0,stable
2371__1200_600,124,t_8_16,140.0,0.0,0.0,2.0,0.8788986868701351,0.8311899421666251,0.83124,0,1,stable
2371__1200_600,125,t_8_16,120.0,0.0,0.0,1.0,0.999335261972022,0.527378785236459,0.83124,0,0,stable
2371__1200_600,126,t_8_16,72.0,0.25,0.25,2.0,0.9999646781063409,0.700780267560027,0.83124,0,0,mild
2371__1200_600,127,t_8_16,160.0,0.0,0.0,3.0,0.9472706559908258,0.7287815999999988,0.83124,0,0,stable
2371__1200_600,128,t_8_16,168.0,0.0,0.0,2.0,0.9018842394356203,0.7247836100325921,0.83124,0,0,stable
2371__1200_600,129,t_8_16,79.99969482421875,0.0,0.0,3.0,0.9742455034095644,0.4758844766904549,0.83124,1,0,stable
2371__1200_600,130,t_8_16,140.0,0.0,0.0,3.0,0.9893823969350254,0.8084131707202719,0.83124,0,1,stable
2371__1200_600,131,t_8_16,191.99998474121094,0.25,0.0,4.0,0.6380897164099918,0.7052525921450389,0.83124,0,0,mild
2371__1200_600,132,t_8_16,96.0,0.0,0.0,2.0,0.9834400487800913,0.6797794470572976,0.83124,0,0,stable
2371__1200_600,133,t_8_16,72.0,0.0,0.0,5.0,0.9673629823919154,0.5195717441092519,0.83124,0,0,stable
2371__1200_600,134,t_8_16,140.0,0.0,0.0,2.0,0.8040489648868647,0.8232070447258154,0.83124,0,1,stable
2371__1200_600,135,t_8_16,120.0,0.0,0.0,1.0,0.9987166106313508,0.5864192798658221,0.83124,0,0,stable
2371__1200_600,137,t_8_16,192.0,0.0,0.0,3.0,0.9934852039579177,0.5676577812500045,0.83124,0,0,stable
2371__1200_600,138,t_8_16,192.0,0.25,0.0,5.0,0.31257611451605044,0.7199630520833329,0.83124,0,0,mild
2371__1200_600,139,t_8_16,140.0,0.0,0.0,3.0,0.9932089058921625,0.7982201087002547,0.83124,0,1,stable
2371__1200_600,140,t_8_16,112.0,0.0,0.0,2.0,0.9564539257698428,0.6014245534885097,0.83124,0,0,stable
2371__1200_600,141,t_8_16,128.0,0.0,0.0,2.0,0.9949593483428495,0.6551601324227063,0.83124,0,0,stable
2371__1200_600,142,t_8_16,252.0,0.0,0.0,4.0,0.9726242042890793,0.6213943719955825,0.83124,0,0,stable
2371__1200_600,143,t_8_16,180.0,0.0,0.0,2.0,0.9937837844164565,0.6645705782800272,0.83124,0,0,stable
2371__1200_600,144,t_8_16,96.0,0.5,0.0,2.0,0.7003055221195903,0.8816435176949555,0.83124,0,1,mild
2371__1200_600,145,t_8_16,196.0,0.0,0.0,2.0,0.9760553605877008,0.60827111542902,0.83124,0,0,stable
2371__1200_600,146,t_8_16,216.0,0.0,0.0,2.0,0.9323321395088663,0.5514682962962969,0.83124,0,0,stable
2371__1200_600,147,t_8_16,96.0,0.0,0.0,3.0,0.5042808926498494,0.6027116949022204,0.83124,0,0,stable
2371__1200_600,148,t_8_16,140.0,0.0,0.0,2.0,0.8172550030926103,0.8143424900329568,0.83124,0,1,stable
2371__1200_600,149,t_8_16,160.0,0.0,0.0,3.0,0.9816222986167847,0.8642574992191854,0.83124,0,1,stable
2371__1200_600,150,t_8_16,120.0,0.0,0.0,1.0,0.9999888628126994,0.8079381482893645,0.83124,0,1,stable
2371__1200_600,151,t_8_16,84.0,0.0,0.0,4.0,0.9398978112657456,0.5672122787200465,0.83124,0,0,stable
2371__1200_600,152,t_8_16,216.0,0.0,0.0,3.0,0.9711571315015275,0.5975187037037039,0.83124,0,0,stable
2371__1200_600,153,t_8_16,192.0,0.0,0.0,2.0,0.9353899776630055,0.758864916666669,0.83124,0,1,stable
2371__1200_600,154,t_8_16,117.00027465820312,0.0,0.0,3.0,0.9804691212235026,0.7942831341692537,0.83124,0,1,stable
2371__1200_600,155,t_8_16,108.0,0.0,0.0,4.0,0.728144135526936,0.0,0.83124,1,0,stable
2371__1200_600,156,t_8_16,121.0,0.0,0.0,2.0,0.9354218956369471,0.7654230294711568,0.83124,0,1,stable
2371__1200_600,157,t_8_16,112.0,0.0,0.0,2.0,0.5973876795112911,0.3149475940737036,0.83124,1,0,stable
2371__1200_600,158,t_8_16,77.0,0.0,0.0,4.0,0.9578651438730532,0.5316674471094796,0.83124,0,0,stable
2371__1200_600,160,t_8_16,168.0,0.0,0.0,4.0,0.9346920261393752,0.6884601961055413,0.83124,0,0,stable
2371__1200_600,161,t_8_16,120.0,0.0,0.0,2.0,0.9536645410038093,0.8097152801883025,0.83124,0,1,stable
2371__1200_600,162,t_8_16,120.0,0.0,0.0,2.0,0.9991687064751203,0.0,0.83124,1,0,stable
2371__1200_600,163,t_8_16,91.0,0.0,0.0,4.0,0.9150811738332733,0.6995675849529649,0.83124,0,0,stable
2371__1200_600,164,t_8_16,70.0,0.0,0.0,2.0,0.9974760929392118,0.7115635980583748,0.83124,0,0,stable
2371__1200_600,165,t_8_16,120.0,0.0,0.0,2.0,0.998264032488611,0.5265922467520285,0.83124,0,0,stable
2371__1200_600,166,t_8_16,70.0,0.0,0.0,2.0,0.9963508494849016,0.5593457529306715,0.83124,0,0,stable
2371__1200_600,167,t_8_16,120.0,0.0,0.0,3.0,0.8629797631565956,0.4872281188556841,0.83124,1,0,stable
2371__1200_600,168,t_8_16,129.9999237060547,0.5,0.0,2.0,0.2643835257223566,0.5920728626341971,0.83124,0,0,mild
2371__1200_600,169,t_8_16,108.0,0.5,0.25,1.0,,0.502316564474244,0.83124,0,0,mild
2371__1200_600,170,t_8_16,150.0,0.0,0.0,2.0,0.9206071722363581,0.7744732398677693,0.83124,0,1,stable
2371__1200_600,171,t_8_16,72.0,0.0,0.0,1.0,,0.6009418073313331,0.83124,0,0,stable
2421__1800_1929,0,s_16_32,648.0,0.0,0.0,10.0,0.9949611125525373,0.8999259685126678,0.88594,0,1,stable
2421__1800_1929,1,s_16_32,503.9995117112994,0.0,0.0,8.0,0.9907085418340955,0.7432169016877157,0.88594,0,0,stable
2421__1800_1929,2,s_16_32,432.0,0.0,0.0,7.0,0.9581329676825004,0.8095228541666675,0.88594,0,1,stable
2421__1800_1929,3,t_8_16,112.0,0.25,0.25,2.0,0.9916727249920996,0.6116803373010468,0.88594,0,0,mild
2421__1800_1929,4,t_8_16,140.0,0.0,0.0,2.0,0.9946752896838355,0.8257993223482798,0.88594,0,1,stable
2421__1800_1929,5,t_8_16,140.0,0.0,0.0,3.0,0.9736819106307524,0.6935829984819015,0.88594,0,0,stable
2421__1800_1929,6,t_8_16,167.9991455078125,0.0,0.0,4.0,0.988184712751644,0.9001514643991944,0.88594,0,1,stable
2421__1800_1929,7,t_8_16,140.0008544921875,0.0,0.0,1.0,,0.8285472283002625,0.88594,0,1,stable
2421__1800_1929,8,t_8_16,168.0,0.0,0.0,2.0,0.9994065268748915,0.8951883468346028,0.88594,0,1,stable
2421__1800_1929,9,t_8_16,160.0009765625,0.0,0.0,3.0,0.9915787567544828,0.826512456723457,0.88594,0,1,stable
2421__1800_1929,10,t_8_16,111.9991455078125,0.0,0.0,3.0,0.9796894528339476,0.7757777331213898,0.88594,0,1,stable
2421__1800_1929,11,t_8_16,168.0,0.0,0.0,2.0,0.9756387972124111,0.7630499439332664,0.88594,0,1,stable
2421__1800_1929,12,t_8_16,84.0,0.0,0.0,2.0,0.9057361944284043,0.6505475118224063,0.88594,0,0,stable
2421__1800_1929,13,t_8_16,112.0,0.0,0.0,2.0,0.9950548554980976,0.8314627406993164,0.88594,0,1,stable
2421__1800_1929,14,t_8_16,140.0,0.0,0.0,2.0,0.998659684887908,0.9239281635771507,0.88594,0,1,stable
2421__1800_1929,15,t_8_16,120.0,0.75,0.0,3.0,0.23531420570553563,0.7867079333333237,0.88594,0,1,high
2421__1800_1929,16,t_8_16,96.0,0.0,0.0,1.0,,0.9384861160505159,0.88594,0,1,stable
2421__1800_1929,17,t_8_16,112.0,0.0,0.0,2.0,0.977743017442471,0.7722780550521574,0.88594,0,1,stable
2421__1800_1929,18,t_8_16,140.0,0.0,0.0,1.0,,0.854782534092423,0.88594,0,1,stable
2421__1800_1929,19,t_8_16,240.0,0.0,0.0,2.0,0.6896992279124876,0.9210203795483003,0.88594,0,1,stable
2421__1800_1929,20,t_8_16,111.99951171875,0.0,0.0,3.0,0.971121480449939,0.8517570884250705,0.88594,0,1,stable
2421__1800_1929,21,t_8_16,140.0,0.25,0.0,4.0,0.7954977258611273,0.7581080568297328,0.88594,0,1,mild
2421__1800_1929,22,t_8_16,120.0,0.0,0.0,2.0,0.9694774623291514,0.7181328010518471,0.88594,0,0,stable
2421__1800_1929,23,t_8_16,140.0,0.0,0.0,2.0,0.9612825739045432,0.8515710561177796,0.88594,0,1,stable
2421__1800_1929,24,t_8_16,176.0,0.0,0.0,3.0,0.9958100460961501,0.8011420831340841,0.88594,0,1,stable
2421__1800_1929,25,t_8_16,112.0,0.25,0.25,2.0,0.9959277220250186,0.830858081975432,0.88594,0,1,mild
2421__1800_1929,26,t_8_16,119.99969482421875,0.0,0.0,1.0,,0.8409174792477325,0.88594,0,1,stable
2421__1800_1929,27,t_8_16,216.0,0.0,0.0,3.0,0.9829979086479979,0.8133509144824058,0.88594,0,1,stable
2421__1800_1929,28,t_8_16,128.0,0.0,0.0,2.0,0.9810608123774124,0.8258127461335465,0.88594,0,1,stable
2421__1800_1929,29,s_16_32,684.0,0.0,0.0,10.0,0.9118710309175008,0.9033386922448912,0.88594,0,1,stable
2421__1800_1929,31,t_8_16,95.999267578125,0.0,0.0,3.0,0.6025200633228228,0.805248894129046,0.88594,0,1,stable
2421__1800_1929,32,t_8_16,168.0,0.0,0.0,2.0,0.9686216937839106,0.744044666036469,0.88594,0,0,stable
2421__1800_1929,33,t_8_16,191.999267578125,0.0,0.0,4.0,0.9648452482210643,0.7448087690394645,0.88594,0,0,stable
2421__1800_1929,34,t_8_16,200.0,0.0,0.0,3.0,0.9945003155340231,0.8514634700000031,0.88594,0,1,stable
2421__1800_1929,35,t_8_16,96.0,0.25,0.0,4.0,0.792599446753282,0.720743066599696,0.88594,0,0,mild
2421__1800_1929,36,t_8_16,144.0,0.0,0.0,2.0,0.9747687529016791,0.9351507566191619,0.88594,0,1,stable
2421__1800_1929,37,t_8_16,144.0,0.0,0.0,2.0,0.9208587717857865,0.8676516038579437,0.88594,0,1,stable
2421__1800_1929,38,t_8_16,127.999755859375,0.0,0.0,3.0,0.9349468704007668,0.7056358196908745,0.88594,0,0,stable
2421__1800_1929,39,t_8_16,144.0,0.0,0.0,3.0,0.9772332661203749,0.698572371646424,0.88594,0,0,stable
2421__1800_1929,40,t_8_16,168.0,0.0,0.0,2.0,0.993669660889981,0.7936928121126128,0.88594,0,1,stable
2421__1800_1929,41,t_8_16,120.0,0.0,0.0,1.0,,0.9128425524323746,0.88594,0,1,stable
2421__1800_1929,42,t_8_16,168.00018310546875,0.0,0.0,2.0,0.5546356100542047,0.7599809006658258,0.88594,0,1,stable
2421__1800_1929,43,t_8_16,140.0,0.0,0.0,3.0,0.9940714080181878,0.881151724824534,0.88594,0,1,stable
2421__1800_1929,44,t_8_16,144.0,0.0,0.0,2.0,0.9920185050484062,0.8239872752078214,0.88594,0,1,stable
2421__1800_1929,45,t_8_16,128.0001220703125,0.25,0.0,2.0,0.2617728899621008,0.7480051309399559,0.88594,0,0,mild
2421__1800_1929,46,t_8_16,128.0,0.0,0.0,2.0,0.8885799040433175,0.791863002325447,0.88594,0,1,stable
2421__1800_1929,47,t_8_16,111.99993896484375,0.0,0.0,3.0,0.9902511653391332,0.8090258751895844,0.88594,0,1,stable
2421__1800_1929,48,t_8_16,252.0,0.0,0.0,4.0,0.9966458631685781,0.8730784351960877,0.88594,0,1,stable
2421__1800_1929,49,t_8_16,128.0,0.25,0.25,2.0,0.16790118046853494,0.8790180517699098,0.88594,0,1,mild
2421__1800_1929,50,t_8_16,84.0,0.0,0.0,1.0,,0.672194043598953,0.88594,0,0,stable
2421__1800_1929,51,t_8_16,96.0,0.0,0.0,5.0,0.9888979135602923,0.7643159968949663,0.88594,0,1,stable
2421__1800_1929,52,t_8_16,110.0,0.0,0.0,1.0,,0.8961657905873455,0.88594,0,1,stable
2421__1800_1929,53,t_8_16,80.0,0.0,0.0,1.0,,0.82775157984174,0.88594,0,1,stable
2421__1800_1929,54,t_8_16,216.0,0.0,0.0,4.0,0.9939356195868267,0.6553967261042107,0.88594,0,0,stable
2421__1800_1929,55,t_8_16,112.0,0.0,0.0,3.0,0.9984102442516234,0.7910619996336284,0.88594,0,1,stable
2421__1800_1929,56,t_8_16,140.0,0.0,0.0,1.0,,0.8183231868864665,0.88594,0,1,stable
2421__1800_1929,57,t_8_16,144.0,0.0,0.0,2.0,0.916538901329507,0.8201373749999913,0.88594,0,1,stable
2421__1800_1929,58,t_8_16,144.0,0.0,0.0,2.0,0.8028316231959752,0.6020738750000034,0.88594,0,0,stable
2421__1800_1929,59,t_8_16,119.99984741210938,0.25,0.0,3.0,0.8185830252743138,0.7672718637891115,0.88594,0,1,mild
2421__1800_1929,60,t_8_16,140.0,0.0,0.0,3.0,0.9662644796509328,0.8271642585916117,0.88594,0,1,stable
2421__1800_1929,61,t_8_16,196.0,0.0,0.0,3.0,0.9840872268086478,0.7669712249148928,0.88594,0,1,stable
2421__1800_1929,62,t_8_16,168.0,0.0,0.0,4.0,0.9370104523020579,0.7257347551129649,0.88594,0,0,stable
2421__1800_1929,63,t_8_16,168.0,0.0,0.0,2.0,0.9904485756564096,0.8043365714285646,0.88594,0,1,stable
2421__1800_1929,64,t_8_16,139.99996185302734,0.0,0.0,2.0,0.9754508195672636,0.8578616623836568,0.88594,0,1,stable
2421__1800_1929,65,t_8_16,143.9999885559082,0.5,0.0,4.0,0.48057260763206,0.8536922001541954,0.88594,0,1,mild
2421__1800_1929,66,t_8_16,98.0,0.0,0.0,2.0,0.9937711660963429,0.6829727173999506,0.88594,0,0,stable
2421__1800_1929,67,s_16_32,600.0,0.0,0.0,10.0,0.9980982879378334,0.8656994403504543,0.88594,0,1,stable
2421__1800_1929,68,s_16_32,660.0,0.0,0.0,10.0,0.9963160587652209,0.6020492651515136,0.88594,0,0,stable
2421__1800_1929,69,t_8_16,150.00030517578125,0.0,0.0,2.0,0.9690685823730387,0.678601714283916,0.88594,0,0,stable
2421__1800_1929,70,t_8_16,135.0,0.25,0.0,2.0,0.9505115517269316,0.7829140343002357,0.88594,0,1,mild
2421__1800_1929,71,t_8_16,117.0,0.0,0.0,2.0,0.9362920540059011,0.579649669468399,0.88594,0,0,stable
2423__1200_1200,0,t_8_16,168.0,0.0,0.0,3.0,0.9823274715663446,0.8357209434904569,0.84144,0,1,stable
2423__1200_1200,1,t_8_16,168.0,0.0,0.0,3.0,0.9799812797379911,0.5817546695235019,0.84144,0,0,stable
2423__1200_1200,2,t_8_16,72.0,0.0,0.0,3.0,0.392354211055239,0.646877614510683,0.84144,0,0,stable
2423__1200_1200,3,t_8_16,100.0,0.3333333333333333,0.0,2.0,0.7499246978028743,0.0,0.84144,1,0,mild
2423__1200_1200,4,t_8_16,144.0,0.0,0.0,3.0,0.9939183031003994,0.7122977749643211,0.84144,0,0,stable
2423__1200_1200,5,t_8_16,140.0,0.25,0.0,4.0,0.6608322281061941,0.9251669463754733,0.84144,0,1,mild
2423__1200_1200,6,t_8_16,95.9998779296875,0.0,0.0,1.0,,0.7622042367503256,0.84144,0,1,stable
2423__1200_1200,7,t_8_16,140.00015258789062,0.0,0.0,2.0,0.9900963628814137,0.8485984285714225,0.84144,0,1,stable
2423__1200_1200,8,t_8_16,168.00018310546875,0.0,0.0,5.0,0.6100609849159911,0.6953907619047602,0.84144,0,0,stable
2423__1200_1200,9,t_8_16,140.0000762939453,0.0,0.0,2.0,0.9615443163232062,0.6785826997707535,0.84144,0,0,stable
2423__1200_1200,10,s_16_32,440.0,0.0,0.0,5.0,0.9757439940394129,0.7433008678399394,0.84144,0,0,stable
2423__1200_1200,11,s_16_32,288.0,0.0,0.0,4.0,0.9702652825114811,0.8570106974626218,0.84144,0,1,stable
2423__1200_1200,12,t_8_16,84.0,0.0,0.0,2.0,0.9964656374832169,0.7355292944932693,0.84144,0,0,stable
2423__1200_1200,13,t_8_16,240.0,0.0,0.0,4.0,0.9930034090486936,0.7746330049668374,0.84144,0,1,stable
2423__1200_1200,14,t_8_16,140.0,0.0,0.0,2.0,0.7753186874852238,0.8262327746043563,0.84144,0,1,stable
2423__1200_1200,15,t_8_16,96.0,0.25,0.25,1.0,,0.6285401720416741,0.84144,0,0,mild
2423__1200_1200,16,t_8_16,180.0,0.0,0.0,3.0,0.9664802246546175,0.7528857485280164,0.84144,0,1,stable
2423__1200_1200,17,t_8_16,216.0,0.0,0.0,3.0,0.7999367026805979,0.0,0.84144,1,0,stable
2423__1200_1200,18,t_8_16,216.0,0.5,0.0,4.0,0.5241124010769427,0.030696026139204198,0.84144,1,0,mild
2423__1200_1200,19,t_8_16,168.0,0.0,0.0,3.0,0.979969088096871,0.7934315344474601,0.84144,0,1,stable
2423__1200_1200,20,t_8_16,160.0,0.5,0.5,1.0,,0.6571093374999936,0.84144,0,0,mild
2423__1200_1200,21,s_16_32,280.0,0.0,0.0,5.0,0.9777387459389987,0.7919693915212453,0.84144,0,1,stable
2423__1200_1200,22,t_8_16,191.99951171875,0.25,0.25,3.0,0.9597817438164684,0.7364237196081158,0.84144,0,0,mild
2423__1200_1200,23,t_8_16,144.0,0.0,0.0,3.0,0.9890376829983826,0.8357612083333404,0.84144,0,1,stable
2423__1200_1200,24,t_8_16,128.0,0.5,0.25,2.0,0.17064214180277504,0.5251840608177968,0.84144,0,0,mild
2423__1200_1200,25,t_8_16,128.0,0.0,0.0,2.0,0.7277937330536987,0.5859456788714605,0.84144,0,0,stable
2423__1200_1200,26,t_8_16,192.0,0.5,0.0,5.0,0.24760839753070238,0.0,0.84144,1,0,mild
2423__1200_1200,27,t_8_16,144.0,0.0,0.0,2.0,0.9981587959107643,0.5961620748859893,0.84144,0,0,stable
2423__1200_1200,28,t_8_16,160.0,0.0,0.0,4.0,0.9950081234020303,0.7892235143675305,0.84144,0,1,stable
2423__1200_1200,29,s_16_32,260.0,0.25,0.0,8.0,0.4156056706257093,0.8421192280176436,0.84144,0,1,mild
2423__1200_1200,30,t_8_16,220.0,0.0,0.0,4.0,0.9550742440076218,0.7782691651008675,0.84144,0,1,stable
2423__1200_1200,31,t_8_16,200.0,0.0,0.0,3.0,0.9236981584082083,0.0,0.84144,1,0,stable
2423__1200_1200,32,t_8_16,192.0,0.25,0.0,5.0,0.3922649762834844,0.7193320312499991,0.84144,0,0,mild
2423__1200_1200,33,t_8_16,112.0,0.25,0.25,3.0,0.9674416023941097,0.7707057537108023,0.84144,0,1,mild
2423__1200_1200,34,t_8_16,80.0,0.5,0.5,1.0,,0.7265296777307584,0.84144,0,0,mild
2423__1200_1200,35,t_8_16,80.0,0.25,0.0,1.0,,0.8153441276573475,0.84144,0,1,mild
2423__1200_1200,38,t_8_16,120.0,0.0,0.0,3.0,0.9408266462598247,0.8164761884626213,0.84144,0,1,stable
2423__1200_1200,39,t_8_16,96.0,0.0,0.0,0.0,0.32200389788099937,0.48159598163179207,0.84144,1,0,stable
2423__1200_1200,40,t_8_16,140.0,0.0,0.0,3.0,0.9851180634010513,0.678524214212469,0.84144,0,0,stable
2423__1200_1200,41,t_8_16,140.0,0.0,0.0,2.0,0.996529492690117,0.7501173238263558,0.84144,0,1,stable
2423__1200_1200,42,s_16_32,320.0,0.0,0.0,7.0,0.9871597067352507,0.8342916156249963,0.84144,0,1,stable
2423__1200_1200,43,t_8_16,90.0,0.0,0.0,3.0,0.949337879368923,0.8284092223236909,0.84144,0,1,stable
2423__1200_1200,44,t_8_16,176.0,0.0,0.0,3.0,0.9461354744263567,0.822192494318185,0.84144,0,1,stable
2423__1200_1200,45,t_8_16,192.0,0.0,0.0,4.0,0.9787535801584384,0.882974259503216,0.84144,0,1,stable
2423__1200_1200,46,t_8_16,160.0,0.0,0.0,2.0,0.9819525187663375,0.8171537033984894,0.84144,0,1,stable
2423__1200_1200,47,t_8_16,144.0,0.0,0.0,1.0,,0.8438268222790184,0.84144,0,1,stable
2423__1200_1200,48,t_8_16,120.0,0.0,0.0,2.0,0.922533889192302,0.5636439887686725,0.84144,0,0,stable
2423__1200_1200,49,t_8_16,168.0,0.0,0.0,2.0,0.9958894558300863,0.7318983368724097,0.84144,0,0,stable
2423__1200_1200,50,t_8_16,100.0,0.25,0.0,2.0,0.4323806444867054,0.5865566679060236,0.84144,0,0,mild
2423__1200_1200,51,t_8_16,144.0,0.0,0.0,3.0,0.9594466489314359,0.6899870598189514,0.84144,0,0,stable
2423__1200_1200,52,t_8_16,144.0,0.5,0.5,1.0,,0.7753050164885004,0.84144,0,1,mild
2423__1200_1200,53,t_8_16,160.0,0.0,0.0,2.0,0.9922197802540328,0.6852471562500124,0.84144,0,0,stable
2423__1200_1200,54,t_8_16,96.0,0.25,0.25,2.0,0.9175266582901245,0.7197198266037187,0.84144,0,0,mild
2423__1200_1200,55,t_8_16,84.0,0.25,0.0,5.0,0.5015836445789943,0.6458015866743803,0.84144,0,0,mild
2423__1200_1200,56,t_8_16,72.0,0.0,0.0,5.0,0.8800544274324122,0.788739931255029,0.84144,0,1,stable
2423__1200_1200,57,t_8_16,72.0,0.0,0.0,3.0,0.9844134560233607,0.7212431939387177,0.84144,0,0,stable
2423__1200_1200,58,t_8_16,100.0,0.0,0.0,4.0,0.8746747959815295,0.0,0.84144,1,0,stable
2423__1200_1200,59,t_8_16,78.0,0.5,0.5,3.0,0.7987040995692106,0.8019122307692329,0.84144,0,1,mild
2423__1200_1200,60,s_16_32,324.0,0.0,0.0,6.0,0.9851469930831951,0.724169978228923,0.84144,0,0,stable
2423__1200_1200,61,t_8_16,160.0,0.0,0.0,2.0,0.9931771479796847,0.7390021049260547,0.84144,0,0,stable
2423__1200_1200,62,t_8_16,128.0,0.0,0.0,2.0,0.9954561416381418,0.8248651783267543,0.84144,0,1,stable
2423__1200_1200,63,s_16_32,288.0,0.0,0.0,5.0,0.9108379279602195,0.8140328082357939,0.84144,0,1,stable
2423__1200_1200,64,s_16_32,308.0,0.0,0.0,4.0,0.9550953825849818,0.6166760876623426,0.84144,0,0,stable
2423__1200_1200,65,t_8_16,128.0,0.0,0.0,2.0,0.9850503712760217,0.7720478520084465,0.84144,0,1,stable
2423__1200_1200,66,t_8_16,120.0,0.0,0.0,2.0,0.9995851232256567,0.7976229455093429,0.84144,0,1,stable
2423__1200_1200,67,t_8_16,64.0,0.25,0.25,1.0,,0.0,0.84144,1,0,mild
2423__1200_1200,69,s_16_32,288.0,0.0,0.0,3.0,0.8723666034732737,0.6507173221405317,0.84144,0,0,stable
2423__1200_1200,70,t_8_16,112.0,0.25,0.25,3.0,0.9389404622645255,0.8113448207306537,0.84144,0,1,mild
2423__1200_1200,71,t_8_16,216.0,0.0,0.0,3.0,0.9949022309945641,0.6977470370848805,0.84144,0,0,stable
2423__1200_1200,72,s_16_32,288.0,0.0,0.0,4.0,0.7751904206653277,0.7286970072729795,0.84144,0,0,stable
2423__1200_1200,73,t_8_16,112.0,0.25,0.25,2.0,0.9373123838353905,0.8188563588089556,0.84144,0,1,mild
2423__1200_1200,74,t_8_16,112.0,0.25,0.25,0.0,,0.6378388950857922,0.84144,0,0,mild
2423__1200_1200,75,t_8_16,160.0,0.0,0.0,2.0,0.9803930461764545,0.7292377993295134,0.84144,0,0,stable
2423__1200_1200,76,t_8_16,112.0,0.0,0.0,2.0,0.9979575918356098,0.7735558404998361,0.84144,0,1,stable
2423__1200_1200,77,t_8_16,140.0,0.0,0.0,2.0,0.9979156596470334,0.794745802778904,0.84144,0,1,stable
2423__1200_1200,78,t_8_16,140.0,0.0,0.0,3.0,0.660692813421362,0.7855369510939327,0.84144,0,1,stable
2423__1200_1200,79,t_8_16,168.0,0.0,0.0,2.0,0.9883664158753062,0.8080300178571491,0.84144,0,1,stable
2423__1200_1200,80,t_8_16,140.0,0.25,0.0,1.0,,0.6905891138796174,0.84144,0,0,mild
2423__1200_1200,81,t_8_16,140.0,0.0,0.0,3.0,0.9824157621066001,0.816970821428566,0.84144,0,1,stable
2423__1200_1200,82,t_8_16,96.0,0.0,0.0,2.0,0.3147121474331701,0.5946443267315085,0.84144,0,0,stable
2423__1200_1200,83,t_8_16,100.0,0.0,0.0,1.0,,0.7759089863646678,0.84144,0,1,stable
2423__1200_1200,84,t_8_16,100.0,0.0,0.0,1.0,,0.7872664398770036,0.84144,0,1,stable
2423__1200_1200,85,s_16_32,288.0,0.0,0.0,4.0,0.9916180803773451,0.7788381048707542,0.84144,0,1,stable
2423__1200_1200,86,t_8_16,128.0,0.0,0.0,2.0,0.8082712204739333,0.7596169467670335,0.84144,0,1,stable
2423__1200_1200,87,t_8_16,144.0,0.0,0.0,2.0,0.96699427899774,0.7151538125000064,0.84144,0,0,stable
2423__1200_1200,88,t_8_16,154.0,0.0,0.0,3.0,0.9733585329400606,0.9541380543064409,0.84144,0,1,stable
2423__1200_1200,89,t_8_16,96.0,0.0,0.0,5.0,0.9853293137609985,0.8477702545412475,0.84144,0,1,stable
2423__1200_1200,90,t_8_16,111.99995422362917,0.0,0.0,4.0,0.9947804535569562,0.7884409285714281,0.84144,0,1,stable
2423__1200_1200,91,t_8_16,96.0,0.0,0.0,5.0,0.9923509736203898,0.7267005965190563,0.84144,0,0,stable
2423__1200_1200,92,t_8_16,128.0,0.0,0.0,2.0,0.9876210351652122,0.7115375222008058,0.84144,0,0,stable
2423__1200_1200,93,t_8_16,108.0,0.0,0.0,5.0,0.9348764848542633,0.7991411177111543,0.84144,0,1,stable
2423__1200_1200,94,t_8_16,96.0,0.25,0.0,5.0,0.5541153983556457,0.8475018024495797,0.84144,0,1,mild
2423__1200_1200,95,t_8_16,95.999755859375,0.0,0.0,3.0,0.9280352642514,0.7782281624033305,0.84144,0,1,stable
2423__1200_1200,96,t_8_16,96.0,0.0,0.0,5.0,0.9643254341874374,0.6918698518181758,0.84144,0,0,stable
2423__1200_1200,97,t_8_16,159.99984741210938,0.25,0.0,5.0,0.12664158399906444,0.5252155244355684,0.84144,0,0,mild
2423__1200_1200,98,t_8_16,120.0,0.0,0.0,5.0,0.9607117406532852,0.6945920866759487,0.84144,0,0,stable
2423__1200_1200,99,t_8_16,160.0,0.25,0.25,3.0,0.9867867946301886,0.7199825197677496,0.84144,0,0,mild
2423__1200_1200,100,t_8_16,176.0,0.0,0.0,2.0,0.9921934968795553,0.9087746831915245,0.84144,0,1,stable
2423__1200_1200,101,t_8_16,84.0,0.0,0.0,6.0,0.9892176517186555,0.6949428427113573,0.84144,0,0,stable
2423__1200_1200,102,t_8_16,108.0,0.25,0.0,5.0,0.33699669560770595,0.6439388329075323,0.84144,0,0,mild
2423__1200_1200,103,t_8_16,72.0,0.0,0.0,2.0,0.793904748379433,0.7460590700063134,0.84144,0,0,stable
2423__1200_1200,104,t_8_16,83.99995422363281,0.0,0.0,2.0,0.961199035744077,0.6524744432036464,0.84144,0,0,stable
2423__1200_1200,105,t_8_16,95.9999885559082,0.25,0.0,4.0,0.30593337388381653,0.8911018969692728,0.84144,0,1,mild
2423__1200_1200,107,t_8_16,84.0,0.0,0.0,5.0,0.9876057829460281,0.5948515092005965,0.84144,0,0,stable
2423__1200_1200,108,t_8_16,98.0,0.0,0.0,3.0,0.6068291651316908,0.0,0.84144,1,0,stable
2423__1200_1200,109,t_8_16,140.0,0.0,0.0,2.0,0.9989785404055693,0.7992583307636945,0.84144,0,1,stable
2423__1200_1200,110,t_8_16,240.00009155273438,0.0,0.0,4.0,0.9920335339143515,0.8283364636296731,0.84144,0,1,stable
2423__1200_1200,111,s_16_32,608.0,0.0,0.0,10.0,0.9802839478991986,0.876317097143526,0.84144,0,1,stable
2423__1200_1200,112,t_8_16,120.0013122567907,0.0,0.0,5.0,0.9310107173073379,0.6589398620540262,0.84144,0,0,stable
2423__1200_1200,113,t_8_16,96.00009155273438,0.0,0.0,3.0,0.9754071059720306,0.7989350069447976,0.84144,0,1,stable
2423__1200_1200,114,t_8_16,180.0010986328125,0.0,0.0,3.0,0.9753681370519584,0.7808773729696893,0.84144,0,1,stable
2423__1200_1200,115,t_8_16,140.0,0.0,0.0,2.0,0.9974044008814992,0.7525479599599264,0.84144,0,1,stable
2423__1200_1200,116,t_8_16,112.0,0.0,0.0,2.0,0.9983770514665286,0.8916616720422842,0.84144,0,1,stable
2423__1200_1200,117,s_16_32,263.9996337890625,0.0,0.0,4.0,0.9946061074070061,0.8025140029732294,0.84144,0,1,stable
2423__1200_1200,118,t_8_16,96.0009765625,0.0,0.0,3.0,0.9913192259994743,0.6619782501465798,0.84144,0,0,stable
2423__1200_1200,119,t_8_16,84.00042724609375,0.0,0.0,1.0,0.9999999989832234,0.6054546415286362,0.84144,0,0,stable
2423__1200_1200,120,t_8_16,96.0,0.0,0.0,2.0,0.9570407890911008,0.9134025298724195,0.84144,0,1,stable
2423__1200_1200,121,t_8_16,96.0,0.25,0.25,3.0,0.8566718603553231,0.6737754421127718,0.84144,0,0,mild
2423__1200_1200,122,t_8_16,96.0,0.0,0.0,2.0,0.966099276752548,0.7902334362873686,0.84144,0,1,stable
2423__1200_1200,123,t_8_16,96.0,0.25,0.25,3.0,0.3020930877548003,0.8767827596452407,0.84144,0,1,mild
2423__1200_1200,124,t_8_16,108.0,0.0,0.0,2.0,0.9386599391781277,0.7996522213303674,0.84144,0,1,stable
2423__1200_1200,125,t_8_16,96.0,0.0,0.0,5.0,0.979199981391325,0.8121634839262266,0.84144,0,1,stable
2423__1200_1200,126,t_8_16,96.0,0.0,0.0,2.0,0.8132884790239415,0.8021797386802028,0.84144,0,1,stable
2423__1200_1200,127,t_8_16,64.0,0.0,0.0,3.0,0.42936984128736616,0.6269089367216265,0.84144,0,0,stable
2423__1200_1200,128,t_8_16,144.0,0.25,0.25,3.0,0.4549508398496006,0.5961673705104795,0.84144,0,0,mild
2423__1200_1200,129,t_8_16,108.0,0.0,0.0,3.0,0.9757612624217481,0.5789283063131453,0.84144,0,0,stable
2423__1200_1200,130,t_8_16,96.0,0.0,0.0,3.0,0.9812115751208634,0.7744079003313616,0.84144,0,1,stable
2423__1200_1200,131,t_8_16,108.0,0.0,0.0,3.0,0.9859227610162589,0.7383505971018852,0.84144,0,0,stable
2423__1200_1200,132,t_8_16,84.0,0.0,0.0,3.0,0.9929607558049045,0.6482559654424452,0.84144,0,0,stable
2423__1200_1200,133,t_8_16,112.0,0.0,0.0,2.0,0.966478339971986,0.7922770679035402,0.84144,0,1,stable
2423__1200_1200,135,t_8_16,72.0,0.0,0.0,4.0,0.9803319620460116,0.7181258710081367,0.84144,0,0,stable
2423__1200_1200,136,t_8_16,128.0,0.0,0.0,2.0,0.8907639000062412,0.6483118406202909,0.84144,0,0,stable
2423__1200_1200,137,t_8_16,80.0,0.0,0.0,1.0,,0.574600446570162,0.84144,0,0,stable
2423__1200_1200,139,t_8_16,100.0,0.25,0.0,1.0,,0.6539834568072951,0.84144,0,0,mild
2423__1200_1200,140,t_8_16,96.0,0.5,0.5,1.0,,0.8258424872065412,0.84144,0,1,mild
2423__1200_1200,141,t_8_16,159.99951171875,0.5,0.25,2.0,0.45522949510972316,0.4330068100933194,0.84144,1,0,mild
2423__1200_1200,142,t_8_16,159.99951171875,0.0,0.0,3.0,0.9867307559208224,0.7899039295072349,0.84144,0,1,stable
2423__1200_1200,143,t_8_16,144.00048828125,0.0,0.0,3.0,0.9824150591203649,0.7443198965411367,0.84144,0,0,stable
2423__1200_1200,144,t_8_16,112.0,0.25,0.25,1.0,,0.7904390603014162,0.84144,0,1,mild
2423__1200_1200,145,t_8_16,96.0,0.0,0.0,5.0,0.9842088390461716,0.7971223563822286,0.84144,0,1,stable
2423__1200_1200,146,t_8_16,96.0,0.0,0.0,5.0,0.95143426946462,0.5972614340103951,0.84144,0,0,stable
2423__1200_1200,147,t_8_16,96.0,0.0,0.0,1.0,,0.7803073311453258,0.84144,0,1,stable
2423__1200_1200,148,t_8_16,216.0,0.0,0.0,4.0,0.9955384629499926,0.7965793639860509,0.84144,0,1,stable
2423__1200_1200,150,t_8_16,112.0,0.0,0.0,2.0,0.9632772474236446,0.8929909351377575,0.84144,0,1,stable
2423__1200_1200,151,t_8_16,180.0,0.25,0.25,3.0,0.4239826817519702,0.0,0.84144,1,0,mild
2423__1200_1200,152,t_8_16,191.9990234375,0.0,0.0,3.0,0.9331014058108845,0.6292870833333345,0.84144,0,0,stable
2423__1200_1200,153,t_8_16,96.0,0.0,0.0,1.0,,0.8094709214246765,0.84144,0,1,stable
2423__1200_1200,154,t_8_16,84.0,0.0,0.0,5.0,0.9843232963265915,0.7405022816296224,0.84144,0,0,stable
2423__1200_1200,155,t_8_16,96.0,0.0,0.0,5.0,0.9878580484086024,0.7184280698155039,0.84144,0,0,stable
2423__1200_1200,156,t_8_16,111.99957275390625,0.0,0.0,4.0,0.9744058896068246,0.713957758027241,0.84144,0,0,stable
2423__1200_1200,157,t_8_16,128.0,0.5,0.5,0.0,,0.8153296947347584,0.84144,0,1,mild
2423__1200_1200,158,t_8_16,220.0,0.0,0.0,3.0,0.9943948728388681,0.715652887872872,0.84144,0,0,stable
2423__1200_1200,159,t_8_16,180.0,0.0,0.0,3.0,0.9437637772939791,0.5713821840939597,0.84144,0,0,stable
2423__1200_1200,160,t_8_16,140.0,0.25,0.0,4.0,0.8767054035514391,0.8461486610272533,0.84144,0,1,mild
2423__1200_1200,161,t_8_16,120.0,0.0,0.0,2.0,0.9927440833855319,0.6635328537071696,0.84144,0,0,stable
2423__1200_1200,162,t_8_16,100.0,0.0,0.0,1.0,,0.6840585548513934,0.84144,0,0,stable
2423__1200_1200,163,t_8_16,96.0,0.0,0.0,2.0,0.9791018340702574,0.6406002277520368,0.84144,0,0,stable
2423__1200_1200,164,t_8_16,84.0,0.0,0.0,3.0,0.9829955506992177,0.6705420679895235,0.84144,0,0,stable
2423__1200_1200,165,s_16_32,307.99932861328125,0.0,0.0,7.0,0.9938990296240319,0.6837404927098676,0.84144,0,0,stable
2423__1200_1200,166,t_8_16,72.0,0.0,0.0,3.0,0.9914657267906559,0.5886017034869007,0.84144,0,0,stable
2423__1200_1200,167,t_8_16,140.0,0.25,0.0,5.0,0.8192063656653187,0.8502310357142896,0.84144,0,1,mild
2423__1200_1200,168,t_8_16,140.0,0.0,0.0,3.0,0.9873490977740669,0.744432297761139,0.84144,0,0,stable
2423__1200_1200,169,s_16_32,320.0,0.0,0.0,7.0,0.8524403470210294,0.0,0.84144,1,0,stable
2423__1200_1200,170,t_8_16,112.0,0.0,0.0,1.0,,0.5769624797073167,0.84144,0,0,stable
2423__1200_1200,171,t_8_16,140.0,0.0,0.0,2.0,0.868973851788362,0.4377134059671783,0.84144,1,0,stable
2423__1200_1200,172,t_8_16,120.0,0.0,0.0,1.0,,0.6998001500000057,0.84144,0,0,stable
2423__1200_1200,173,t_8_16,120.0,0.0,0.0,2.0,0.9925291298195127,0.7547851869285853,0.84144,0,1,stable
2423__1200_1200,174,t_8_16,120.0,0.0,0.0,1.0,,0.8460330890309383,0.84144,0,1,stable
2423__1200_1200,176,t_8_16,120.000732421875,0.0,0.0,1.0,,0.808332127117429,0.84144,0,1,stable
2423__1200_1200,177,t_8_16,80.0,0.5,0.5,0.0,,0.6473212954770089,0.84144,0,0,mild
2423__1200_1200,178,t_8_16,159.9993896484375,0.0,0.0,2.0,0.9902993411317846,0.7060592000000037,0.84144,0,0,stable
2423__1200_1200,179,t_8_16,160.0,0.0,0.0,3.0,0.9702054510402238,0.7631011827659588,0.84144,0,1,stable
2423__1200_1200,180,t_8_16,160.0,0.0,0.0,2.0,0.9940956495040223,0.7862347330320849,0.84144,0,1,stable
2423__1200_1200,181,t_8_16,144.00048828125,0.0,0.0,3.0,0.9734422413456633,0.7400870456210452,0.84144,0,0,stable
2423__1200_1200,182,t_8_16,160.0,0.0,0.0,2.0,0.9934756195379207,0.7646649064271522,0.84144,0,1,stable
2423__1200_1200,183,t_8_16,159.99951171875,0.0,0.0,4.0,0.9907990867675214,0.6810432778782943,0.84144,0,0,stable
2423__1200_1200,184,t_8_16,144.00048828125,0.25,0.25,3.0,0.9793854359522243,0.7351363002780894,0.84144,0,0,mild
2423__1200_1200,185,t_8_16,128.0,0.5,0.5,0.0,,0.5919805283614067,0.84144,0,0,mild
2423__1200_1200,186,t_8_16,112.0,0.0,0.0,2.0,0.2797092903841751,0.8832644829971639,0.84144,0,1,stable
2423__1200_1200,187,t_8_16,96.0,0.0,0.0,3.0,0.9747404631882777,0.7825050639100416,0.84144,0,1,stable
2423__1200_1200,188,t_8_16,96.0,0.0,0.0,5.0,0.9678822536310137,0.7787273479094529,0.84144,0,1,stable
2423__1200_1200,189,t_8_16,128.0,0.25,0.25,3.0,0.9617545799860296,0.6712437199035922,0.84144,0,0,mild
2423__1200_1200,190,t_8_16,84.0,0.0,0.0,3.0,0.7317040740435726,0.8155050331686188,0.84144,0,1,stable
2423__1200_1200,191,t_8_16,127.99951171875,0.0,0.0,2.0,0.986493509092883,0.8006491680535772,0.84144,0,1,stable
2423__1200_1200,192,t_8_16,84.0,0.25,0.0,3.0,0.33694572383273735,0.7163043645444829,0.84144,0,0,mild
2423__1200_1200,193,t_8_16,128.0,0.0,0.0,3.0,0.9825394548852807,0.7695730734696042,0.84144,0,1,stable
2423__1200_1200,194,t_8_16,112.0,0.25,0.25,2.0,0.9717713366670165,0.589935158200733,0.84144,0,0,mild
2423__1200_1200,195,t_8_16,72.0,0.5,0.0,3.0,0.12068735078949039,0.010934965790611564,0.84144,1,0,mild
2423__1200_1200,196,t_8_16,128.0,0.5,0.5,0.0,,0.7258142751767617,0.84144,0,0,mild
2423__1200_1200,197,t_8_16,119.9993896484375,0.0,0.0,6.0,0.9415330501011003,0.6993527551640484,0.84144,0,0,stable
2423__1200_1200,198,t_8_16,95.99951171875,0.25,0.0,3.0,0.7607745503392406,0.08944987968042732,0.84144,1,0,mild
2423__1200_1200,199,t_8_16,96.0,0.0,0.0,5.0,0.9678349166803435,0.7961763696197044,0.84144,0,1,stable
2423__1200_1200,200,t_8_16,111.99957275390625,0.5,0.0,4.0,0.2648773071348297,0.451843977161851,0.84144,1,0,mild
2423__1200_1200,201,t_8_16,95.99951171875,0.0,0.0,6.0,0.8773062699394019,0.6127433474166886,0.84144,0,0,stable
2423__1200_1200,202,t_8_16,72.0,0.25,0.0,3.0,0.8281271073812847,0.6733056599719635,0.84144,0,0,mild
2423__1200_1200,203,t_8_16,83.99957275390625,0.25,0.25,2.0,0.6958620422488633,0.664773903790198,0.84144,0,0,mild
2423__1200_1200,204,t_8_16,128.0,0.0,0.0,3.0,0.9289406865940002,0.8185862131879293,0.84144,0,1,stable
2423__1200_1200,205,t_8_16,96.0,0.0,0.0,3.0,0.9772557473687071,0.689470709642242,0.84144,0,0,stable
2423__1200_1200,207,t_8_16,100.0,0.0,0.0,1.0,,0.7300873407535502,0.84144,0,0,stable
2423__1200_1200,208,t_8_16,144.0,0.0,0.0,2.0,0.9358624308644199,0.8262434343925371,0.84144,0,1,stable
2423__1200_1200,209,t_8_16,120.0,0.0,0.0,1.0,,0.4475046501075395,0.84144,1,0,stable
2423__1200_1200,210,t_8_16,96.0,0.25,0.0,3.0,0.09870606890416565,0.5076351681362354,0.84144,0,0,mild
2423__1200_1200,211,t_8_16,100.0,0.25,0.0,2.0,0.7504654074822801,0.6145444439609786,0.84144,0,0,mild
2423__1200_1200,212,t_8_16,120.0,0.0,0.0,1.0,,0.9138222937524801,0.84144,0,1,stable
2423__1200_1200,213,t_8_16,80.0,0.0,0.0,2.0,0.9977276834179831,0.7331977650665724,0.84144,0,0,stable
2423__1200_1200,214,t_8_16,144.0,0.0,0.0,3.0,0.9872505625331035,0.6760570355712847,0.84144,0,0,stable
2423__1200_1200,216,t_8_16,84.0,0.0,0.0,3.0,0.9624976228570897,0.6252851985720638,0.84144,0,0,stable
2423__1200_1200,217,s_16_32,288.0,0.0,0.0,4.0,0.9941358915970829,0.804146031522145,0.84144,0,1,stable
2423__1200_1200,218,t_8_16,144.0,0.0,0.0,3.0,0.9567450493252978,0.7853341491399073,0.84144,0,1,stable
2423__1200_1200,219,t_8_16,108.0010986328125,0.0,0.0,4.0,0.7742856419990253,0.7493688234505955,0.84144,0,0,stable
2423__1200_1200,220,t_8_16,100.0,0.25,0.0,3.0,0.9156682004098782,0.6836050798665576,0.84144,0,0,mild
2423__1200_1200,221,t_8_16,140.0,0.0,0.0,1.0,,0.7813706270777587,0.84144,0,1,stable
2423__1200_1200,222,t_8_16,168.0,0.0,0.0,2.0,0.8586984116265801,0.7129073095604331,0.84144,0,0,stable
2423__1200_1200,223,t_8_16,128.0,0.5,0.5,1.0,,0.0,0.84144,1,0,mild
2423__1200_1200,224,t_8_16,176.0,0.0,0.0,3.0,0.9650667776325365,0.0,0.84144,1,0,stable
2423__1200_1200,225,t_8_16,128.0,0.0,0.0,2.0,0.9559125166594094,0.6892340604515704,0.84144,0,0,stable
2423__1200_1200,226,t_8_16,200.0,0.0,0.0,4.0,0.8932747629560379,0.6168371410656679,0.84144,0,0,stable
2423__1200_1200,227,t_8_16,96.0,0.25,0.25,3.0,0.8270712755962624,0.6758615614490524,0.84144,0,0,mild
2423__1200_1200,228,t_8_16,128.0,0.0,0.0,2.0,0.9494053755339549,0.6913520753514492,0.84144,0,0,stable
2423__1200_1200,229,t_8_16,96.0,0.0,0.0,3.0,0.9799294413057485,0.7052033341065727,0.84144,0,0,stable
2423__1200_1200,230,t_8_16,192.0,0.0,0.0,3.0,0.987385013641905,0.7799409457399059,0.84144,0,1,stable
2423__1200_1200,231,t_8_16,160.0,0.0,0.0,2.0,0.9960705630744985,0.5327252831034448,0.84144,0,0,stable
2423__1200_1200,232,t_8_16,96.0,0.0,0.0,1.0,,0.0,0.84144,1,0,stable
2423__1200_1200,233,t_8_16,128.0,0.0,0.0,2.0,0.9523951152887284,0.8966328802278811,0.84144,0,1,stable
2423__1200_1200,234,s_16_32,288.0,0.0,0.0,5.0,0.9955376399911017,0.7261535735847919,0.84144,0,0,stable
2423__1200_1200,235,t_8_16,180.0,0.25,0.0,5.0,0.9179096355912759,0.6888483618558459,0.84144,0,0,mild
2423__1200_1200,236,t_8_16,240.0,0.0,0.0,5.0,0.9205946292767737,0.8827974832407326,0.84144,0,1,stable
2423__1200_1200,237,t_8_16,127.99951171875,0.5,0.25,3.0,0.2696137019721081,0.7857338715960195,0.84144,0,1,mild
2423__1200_1200,238,t_8_16,144.00048828125,0.0,0.0,2.0,0.9706248077708036,0.7933805484416017,0.84144,0,1,stable
2423__1200_1200,239,s_16_32,480.0,0.0,0.0,10.0,0.9061249524727153,0.6349731152247653,0.84144,0,0,stable
2423__1200_1200,240,s_16_32,360.0,0.0,0.0,8.0,0.984660539812799,0.7477329505484087,0.84144,0,0,stable
2423__1200_1200,241,s_16_32,527.9989929199219,0.0,0.0,7.0,0.8941583056513653,0.6448089812971333,0.84144,0,0,stable
2423__1200_1200,242,s_16_32,640.0,0.0,0.0,9.0,0.8071956746104678,0.6026528999999978,0.84144,0,0,stable
2423__1200_1200,243,s_16_32,272.00048828125,0.0,0.0,3.0,0.5251446431593187,0.19255638884656842,0.84144,1,0,stable
2423__1200_1200,244,s_16_32,308.0,0.0,0.0,5.0,0.5053997037733411,0.026249203114320562,0.84144,1,0,stable
2423__1200_1200,245,s_16_32,285.0,0.0,0.0,5.0,0.9400502707919896,0.0,0.84144,1,0,stable
2423__1200_1200,246,t_8_16,198.0,0.25,0.0,3.0,0.9884650413853036,0.5937060047281785,0.84144,0,0,mild
2423__1200_1200,247,t_8_16,221.0,0.0,0.0,4.0,0.9747083551989374,0.44774996510650117,0.84144,1,0,stable
2423__1200_1200,248,t_8_16,240.0,0.5,0.25,4.0,0.5857898894518649,0.0,0.84144,1,0,mild
2423__1200_1200,249,t_8_16,117.00079345703125,0.25,0.25,0.0,,0.5445688331705597,0.84144,0,0,mild
2423__1200_1200,250,t_8_16,192.0,0.0,0.0,4.0,0.9602029618445251,0.5497532044032405,0.84144,0,0,stable
2423__1200_1200,251,t_8_16,170.0,0.0,0.0,2.0,0.9586090806462307,0.7154879469141698,0.84144,0,0,stable
2423__1200_1200,252,t_8_16,176.0,0.25,0.0,2.0,0.32367651263865727,0.0,0.84144,1,0,mild
2423__1200_1200,253,t_8_16,150.0,0.25,0.0,2.0,0.7419541257209277,0.14662846840687477,0.84144,1,0,mild
2423__1200_1200,254,t_8_16,198.0,0.25,0.25,3.0,0.8440472632258744,0.03053334959575037,0.84144,1,0,mild
2423__1200_1200,255,t_8_16,84.0,0.0,0.0,4.0,0.947932858143198,0.6323612997943081,0.84144,0,0,stable
2423__1200_1200,256,t_8_16,126.00013732910156,0.25,0.25,2.0,0.32565856625727924,0.394477868665958,0.84144,1,0,mild
2482__600_600,0,t_8_16,139.9993896484375,0.0,0.0,2.0,0.997992814283386,0.8516489669881272,0.80803,0,1,stable
2482__600_600,1,t_8_16,111.99951171875,0.25,0.25,2.0,0.9985132793099891,0.7438900740639669,0.80803,0,0,mild
2482__600_600,2,t_8_16,144.0,0.25,0.25,2.0,0.9059440681350504,0.7326045168150455,0.80803,0,0,mild
2482__600_600,3,t_8_16,216.0,0.0,0.0,5.0,0.9914274141636434,0.8925086203714488,0.80803,0,1,stable
2482__600_600,4,s_16_32,280.0,0.0,0.0,4.0,0.9951257714764454,0.8834736274957762,0.80803,0,1,stable
2482__600_600,5,t_8_16,112.0,0.0,0.0,1.0,,0.7713036995193485,0.80803,0,1,stable
2482__600_600,6,t_8_16,112.0,0.25,0.25,1.0,,0.8493535054790884,0.80803,0,1,mild
2482__600_600,7,t_8_16,128.0,0.0,0.0,2.0,0.9796565477804378,0.540572997748657,0.80803,0,0,stable
2482__600_600,8,t_8_16,140.0,0.0,0.0,2.0,0.9935855146414521,0.8541749575856737,0.80803,0,1,stable
2482__600_600,9,s_16_32,511.99951171875,0.0,0.0,10.0,0.9438868553270073,0.29222621875000004,0.80803,1,0,stable
2482__600_600,10,s_16_32,308.0,0.0,0.0,5.0,0.9859232120609785,0.5773850649350615,0.80803,0,0,stable
2482__600_600,11,t_8_16,186.99974060058594,0.25,0.0,5.0,0.81784696091178,0.7433127330050416,0.80803,0,0,mild
2482__600_600,12,t_8_16,80.99986267089844,0.5,0.0,1.0,,0.6001547510139468,0.80803,0,0,mild
2497__1800_600,0,t_8_16,168.0,0.0,0.0,3.0,0.9912843055049325,0.749633328406239,0.79321,0,0,stable
2497__1800_600,1,t_8_16,195.99935913085938,0.0,0.0,3.0,0.9920595698953294,0.8166373036135272,0.79321,0,1,stable
2497__1800_600,2,t_8_16,144.0,0.0,0.0,3.0,0.9722102258118966,0.7029797216189603,0.79321,0,0,stable
2497__1800_600,3,t_8_16,224.0,0.0,0.0,5.0,0.910065060793513,0.7934372812418015,0.79321,0,1,stable
2497__1800_600,4,t_8_16,140.0,0.0,0.0,2.0,0.9443755286389094,0.7418099150229153,0.79321,0,0,stable
2497__1800_600,5,t_8_16,168.0,0.0,0.0,1.0,,0.6801739165837623,0.79321,0,0,stable
2497__1800_600,6,t_8_16,195.99925231887028,0.0,0.0,5.0,0.9388563733547072,0.8078110728063461,0.79321,0,1,stable
2497__1800_600,7,t_8_16,140.0,0.0,0.0,2.0,0.9730703196274789,0.5384758204971467,0.79321,0,0,stable
2497__1800_600,8,t_8_16,224.0,0.0,0.0,3.0,0.9891468203019614,0.7937273676363029,0.79321,0,1,stable
2497__1800_600,9,t_8_16,216.0,0.0,0.0,4.0,0.9795875332941314,0.6581606199587875,0.79321,0,0,stable
2497__1800_600,11,t_8_16,140.00005340576172,0.0,0.0,2.0,0.8554114123920558,0.7157046638291572,0.79321,0,0,stable
2497__1800_600,12,s_16_32,324.0,0.0,0.0,5.0,0.023347059412774773,0.8032240544100074,0.79321,0,1,stable
2497__1800_600,13,t_8_16,195.9991455078125,0.25,0.0,3.0,0.21375972990000672,0.7083435767755754,0.79321,0,0,mild
2497__1800_600,14,t_8_16,128.0,0.25,0.25,2.0,0.9943906261598154,0.6799036610455088,0.79321,0,0,mild
2497__1800_600,15,t_8_16,196.0,0.0,0.0,3.0,0.9716987739129104,0.9003532554085925,0.79321,0,1,stable
2505__1800_600,0,t_8_16,251.9989013671875,0.0,0.0,3.0,0.971639945312265,0.6665691428571378,0.78738,0,0,stable
2505__1800_600,1,t_8_16,120.0,0.0,0.0,2.0,0.9970998728890519,0.5456664373410455,0.78738,0,0,stable
2505__1800_600,2,t_8_16,84.0,0.25,0.0,1.0,0.9998431160262432,0.5144300854146852,0.78738,0,0,mild
2505__1800_600,3,t_8_16,160.0,0.0,0.0,2.0,0.973419044016206,0.8752941967392613,0.78738,0,1,stable
2505__1800_600,4,t_8_16,140.0,0.0,0.0,3.0,0.9364486910377493,0.7109100298961853,0.78738,0,0,stable
2505__1800_600,5,t_8_16,160.0,0.0,0.0,2.0,0.9878287538613967,0.7872058984749039,0.78738,0,1,stable
2505__1800_600,6,s_16_32,320.0,0.0,0.0,7.0,0.9906015808547457,0.7441457568126757,0.78738,0,0,stable
2505__1800_600,7,t_8_16,83.9996337890625,0.0,0.0,5.0,0.10690017732108979,0.5655423756054535,0.78738,0,0,stable
2505__1800_600,8,t_8_16,216.0,0.0,0.0,2.0,0.9962013859442002,0.7706982091505064,0.78738,0,1,stable
2505__1800_600,9,t_8_16,180.0,0.0,0.0,3.0,0.9557227693944296,0.8105057628816743,0.78738,0,1,stable
2505__1800_600,10,t_8_16,196.0,0.0,0.0,2.0,0.9962089686899791,0.7969831284834672,0.78738,0,1,stable
2505__1800_600,11,t_8_16,196.0,0.0,0.0,2.0,0.9642113015890592,0.7870357934722302,0.78738,0,1,stable
2505__1800_600,12,t_8_16,196.0,0.0,0.0,3.0,0.8572246902939993,0.6791634738102315,0.78738,0,0,stable
2505__1800_600,13,t_8_16,100.0006103515625,0.0,0.0,1.0,,0.5231800574811651,0.78738,0,0,stable
2505__1800_600,14,t_8_16,196.0,0.0,0.0,3.0,0.9754652757084761,0.8369508424014981,0.78738,0,1,stable
2505__1800_600,15,t_8_16,220.0,0.0,0.0,4.0,0.976634592848563,0.6214223108894129,0.78738,0,0,stable
2505__1800_600,16,s_16_32,280.0,0.0,0.0,5.0,0.8687748649237996,0.6838421000000025,0.78738,0,0,stable
2505__1800_600,17,t_8_16,160.0,0.0,0.0,3.0,0.9989437831088982,0.7965738362647445,0.78738,0,1,stable
2505__1800_600,18,s_16_32,320.0,0.0,0.0,4.0,0.9941036927079224,0.8077815321116362,0.78738,0,1,stable
2505__1800_600,19,t_8_16,168.0,0.0,0.0,2.0,0.9011453229807257,0.6719722973227299,0.78738,0,0,stable
2505__1800_600,20,t_8_16,192.0,0.0,0.0,2.0,0.9798347147210424,0.8244325874524284,0.78738,0,1,stable
2505__1800_600,21,t_8_16,168.0,0.0,0.0,1.0,,0.7081655739671859,0.78738,0,0,stable
2505__1800_600,22,t_8_16,192.0,0.0,0.0,4.0,0.9926015464401816,0.7210524553456359,0.78738,0,0,stable
2505__1800_600,23,t_8_16,196.0,0.0,0.0,3.0,0.9912963140385378,0.8990889572880495,0.78738,0,1,stable
2505__1800_600,24,t_8_16,168.0,0.0,0.0,3.0,0.9741339012587202,0.5952035041060898,0.78738,0,0,stable
2505__1800_600,25,s_16_32,256.0,0.0,0.0,5.0,0.9869178270246692,0.9013812066002734,0.78738,0,1,stable
2505__1800_600,26,t_8_16,224.0,0.0,0.0,4.0,0.9878312206002824,0.8042111861783636,0.78738,0,1,stable
2505__1800_600,27,t_8_16,192.0,0.0,0.0,3.0,0.9759842228560903,0.781526308687539,0.78738,0,1,stable
2505__1800_600,28,t_8_16,191.9990234375,0.25,0.0,4.0,0.6636594230927693,0.7224644882146933,0.78738,0,0,mild
2505__1800_600,29,s_16_32,288.0009765625,0.0,0.0,4.0,0.9695064757443483,0.7638012291666659,0.78738,0,1,stable
2505__1800_600,30,s_16_32,287.9998779259622,0.0,0.0,6.0,0.9947973331312597,0.8381525416666658,0.78738,0,1,stable
2505__1800_600,31,t_8_16,180.0,0.0,0.0,3.0,0.9569644210854762,0.6494589731421989,0.78738,0,0,stable
2505__1800_600,32,s_16_32,396.0,0.0,0.0,5.0,0.572381654264218,0.47773494444444364,0.78738,1,0,stable
2505__1800_600,33,t_8_16,223.9991455078125,0.0,0.0,3.0,0.31650617005818577,0.8418278930136847,0.78738,0,1,stable
2505__1800_600,34,t_8_16,223.9991455078125,0.0,0.0,3.0,0.9333961257461784,0.7451450896551165,0.78738,0,0,stable
2505__1800_600,35,t_8_16,120.0,0.25,0.0,1.0,,0.6454366627516629,0.78738,0,0,mild
2505__1800_600,36,t_8_16,252.0,0.0,0.0,6.0,0.9607435170732661,0.744018055823897,0.78738,0,0,stable
2505__1800_600,37,t_8_16,192.0,0.25,0.25,3.0,0.5372954400125715,0.7589501745442158,0.78738,0,1,mild
2505__1800_600,38,t_8_16,160.0,0.0,0.0,2.0,0.988018389594257,0.6754967756622136,0.78738,0,0,stable
2505__1800_600,39,t_8_16,112.0,0.5,0.5,3.0,0.027103390030695864,0.6770632632437488,0.78738,0,0,mild
2505__1800_600,40,t_8_16,80.0,0.0,0.0,1.0,,0.5357594521495285,0.78738,0,0,stable
2505__1800_600,41,t_8_16,160.0,0.0,0.0,2.0,0.9353872811023096,0.7907814517882993,0.78738,0,1,stable
2505__1800_600,42,t_8_16,140.0,0.0,0.0,2.0,0.992864193786788,0.7798305391471202,0.78738,0,1,stable
2505__1800_600,43,t_8_16,168.0,0.0,0.0,2.0,0.9999976093150402,0.782597003933663,0.78738,0,1,stable
2505__1800_600,44,t_8_16,80.0,0.25,0.0,1.0,,0.4922577516228107,0.78738,1,0,mild
2505__1800_600,45,t_8_16,120.0,0.25,0.0,4.0,0.9388381988815059,0.6189049586776872,0.78738,0,0,mild
2505__1800_600,46,t_8_16,120.000732421875,0.25,0.0,2.0,0.571108391258809,0.6883334914098238,0.78738,0,0,mild
2505__1800_600,48,t_8_16,168.0,0.25,0.0,3.0,0.07239030879027475,0.5616428241294643,0.78738,0,0,mild
2505__1800_600,49,t_8_16,120.0,0.0,0.0,2.0,0.996189508911485,0.617877054248755,0.78738,0,0,stable
2505__1800_600,50,t_8_16,144.0,0.25,0.25,3.0,0.9907094986215563,0.7089053880382818,0.78738,0,0,mild
2505__1800_600,51,t_8_16,96.0,0.0,0.0,1.0,,0.5816830198364819,0.78738,0,0,stable
2505__1800_600,52,t_8_16,180.0,0.0,0.0,3.0,0.8989718193207373,0.6439396977634076,0.78738,0,0,stable
2505__1800_600,53,t_8_16,96.0,0.25,0.25,2.0,0.989243660746899,0.6261509489842231,0.78738,0,0,mild
2505__1800_600,54,t_8_16,127.9990234375,0.0,0.0,5.0,0.7965299089961723,0.7505680107744275,0.78738,0,1,stable
2505__1800_600,55,t_8_16,160.0,0.0,0.0,2.0,0.9217440896552136,0.7938127521283878,0.78738,0,1,stable
2505__1800_600,56,t_8_16,112.0,0.0,0.0,2.0,0.8139753061632079,0.4364333290602914,0.78738,1,0,stable
2505__1800_600,57,t_8_16,160.0,0.0,0.0,1.0,,0.770283931025448,0.78738,0,1,stable
2505__1800_600,58,t_8_16,80.0,0.0,0.0,2.0,0.9980893859131515,0.502464509911034,0.78738,0,0,stable
2505__1800_600,59,t_8_16,192.0,0.0,0.0,5.0,0.9746724776683325,0.6672620978962818,0.78738,0,0,stable
2505__1800_600,60,t_8_16,144.0,0.25,0.25,2.0,0.96274834293484,0.5374077418647148,0.78738,0,0,mild
2505__1800_600,61,t_8_16,240.0,0.0,0.0,4.0,0.9689137198279034,0.0,0.0362,1,0,stable
2505__1800_600,62,t_8_16,112.0,0.0,0.0,2.0,0.9942352121913884,0.5806189006600097,0.0362,0,0,stable
2505__1800_600,63,t_8_16,144.0,0.0,0.0,2.0,0.9832379087517602,0.753704457408161,0.0362,0,1,stable
2505__1800_600,64,t_8_16,95.9996337890625,0.0,0.0,4.0,0.9718401214695918,0.6688613354093861,0.78738,0,0,stable
2505__1800_600,65,t_8_16,95.99951171875,0.0,0.0,2.0,0.8679854693067273,0.7821986733933234,0.78738,0,1,stable
2505__1800_600,66,t_8_16,72.0,0.0,0.0,2.0,0.841261963384365,0.6035077675482753,0.78738,0,0,stable
2505__1800_600,67,t_8_16,130.0,0.0,0.0,1.0,,0.5828018041737593,0.78738,0,0,stable
2505__1800_600,68,s_16_32,322.9995422344655,0.0,0.0,7.0,0.8797162803665028,0.5941002699030183,0.78738,0,0,stable
2505__1800_600,69,t_8_16,154.0,0.0,0.0,3.0,0.921506406689367,0.7980889232129313,0.78738,0,1,stable
2505__1800_600,70,t_8_16,210.0,0.0,0.0,5.0,0.9065407312883866,0.7294446095238087,0.78738,0,0,stable
2505__1800_600,71,t_8_16,132.0,0.25,0.0,1.0,,0.677694320857761,0.78738,0,0,mild
2505__1800_600,72,t_8_16,84.0,0.0,0.0,5.0,0.9448342622503966,0.4517451233610958,0.78738,1,0,stable
2505__1800_600,73,t_8_16,125.99945068359375,0.0,0.0,2.0,0.9919399353224702,0.6306072471959265,0.78738,0,0,stable
2505__1800_600,74,t_8_16,195.0,0.0,0.0,4.0,0.7884171826870134,0.7118736731193193,0.78738,0,0,stable
2505__1800_600,75,t_8_16,182.0,0.25,0.0,2.0,0.3594426464168827,0.6962523189766371,0.78738,0,0,mild
2505__1800_600,76,t_8_16,176.0,0.0,0.0,3.0,0.9730281604523017,0.7834909273095741,0.78738,0,1,stable
2505__1800_600,77,t_8_16,150.0,0.0,0.0,2.0,0.8405124027794038,0.8190594394460596,0.78738,0,1,stable
2505__1800_600,78,t_8_16,130.0,0.0,0.0,2.0,0.9980264803523385,0.7063903428485091,0.78738,0,0,stable
2505__1800_600,79,t_8_16,139.9993896484375,0.25,0.0,2.0,0.9238653216998012,0.7229032530457741,0.78738,0,0,mild
2505__1800_600,80,t_8_16,144.0,0.5,0.0,3.0,0.3423612216399609,0.6776347792226082,0.78738,0,0,mild
2505__1800_600,81,t_8_16,182.0,0.0,0.0,2.0,0.9348427385987875,0.6032207843434242,0.78738,0,0,stable
2505__1800_600,82,t_8_16,120.0,0.25,0.0,2.0,0.467359869126669,0.712837974022068,0.78738,0,0,mild
2505__1800_600,83,t_8_16,100.0,0.0,0.0,1.0,,0.5437735305563979,0.78738,0,0,stable
2505__1800_600,84,t_8_16,121.0,0.0,0.0,2.0,0.965970261913155,0.5328946974947507,0.78738,0,0,stable
2505__1800_600,85,t_8_16,169.00079345703125,0.0,0.0,2.0,0.9726323873715006,0.6420397685641555,0.78738,0,0,stable
2505__1800_600,86,t_8_16,98.99945068359375,0.0,0.0,1.0,,0.4890074280189749,0.78738,1,0,stable
2505__1800_600,88,t_8_16,108.0,0.5,0.0,1.0,,0.6356023174244995,0.78738,0,0,mild
2505__1800_600,89,t_8_16,143.0,0.0,0.0,1.0,,0.6391695394432149,0.78738,0,0,stable
2505__1800_600,90,t_8_16,210.0,0.0,0.0,4.0,0.8958477431198074,0.0,0.0362,1,0,stable
2505__1800_600,91,t_8_16,144.0,0.0,0.0,3.0,0.9756879981789378,0.0,0.0362,1,0,stable
2505__1800_600,92,s_16_32,266.0,0.0,0.0,4.0,0.9767404019903018,0.7231340141411063,0.78738,0,0,stable
2505__1800_600,93,t_8_16,194.9999008178711,0.0,0.0,2.0,,0.0,0.78738,1,0,stable
25112a9ec,0,t_8_16,70.0,0.0,0.0,3.0,0.9873046927642602,0.8388035475684434,0.91939,0,1,stable
2514__2113_0,0,t_8_16,112.0,0.0,0.0,2.0,0.9942344070799936,0.823012336109861,0.79148,0,1,stable
2514__2113_0,1,t_8_16,72.000732421875,0.0,0.0,4.0,0.9891740697571344,0.5473205061829847,0.79148,0,0,stable
2514__2113_0,2,t_8_16,112.0,0.5,0.5,0.0,,0.9233793768767973,0.79148,0,1,mild
2514__2113_0,3,t_8_16,128.0,0.0,0.0,3.0,0.9787848387238252,0.7238266534787022,0.79148,0,0,stable
2514__2113_0,4,t_8_16,128.0,0.0,0.0,2.0,0.997858291430706,0.8397821142170313,0.79148,0,1,stable
2514__2113_0,5,t_8_16,128.0,0.0,0.0,2.0,0.9987427311877446,0.7609847856549612,0.79148,0,1,stable
2514__2113_0,6,t_8_16,96.0,0.0,0.0,3.0,0.9881144718190963,0.6423942842813274,0.79148,0,0,stable
2514__2113_0,7,t_8_16,96.0009765625,0.0,0.0,5.0,0.9939177853923173,0.6631723420623743,0.79148,0,0,stable
2514__2113_0,8,t_8_16,84.0008544921875,0.0,0.0,6.0,0.88523103851284,0.6962578248534993,0.79148,0,0,stable
2514__2113_0,9,t_8_16,72.000732421875,0.0,0.0,3.0,0.828614995139897,0.5716210444002358,0.79148,0,0,stable
2514__2113_0,10,t_8_16,128.0,0.0,0.0,3.0,0.9777255339881271,0.7564864417470225,0.79148,0,1,stable
2514__2113_0,12,t_8_16,196.0,0.0,0.0,5.0,0.960310967574225,0.6209766673797117,0.79148,0,0,stable
2514__2113_0,13,t_8_16,200.0,0.0,0.0,3.0,0.7753170855988557,0.0,0.79148,1,0,stable
2514__2113_0,14,t_8_16,160.0,0.25,0.25,3.0,0.8602470742403084,0.6468288151775189,0.79148,0,0,mild
2514__2113_0,15,t_8_16,112.0,0.25,0.25,1.0,,0.6134818892171676,0.79148,0,0,mild
2514__2113_0,16,t_8_16,160.0,0.0,0.0,3.0,0.9062899475243453,0.6986681648658961,0.79148,0,0,stable
2514__2113_0,17,t_8_16,159.99969482421875,0.0,0.0,3.0,0.993101646166588,0.6550936158881551,0.79148,0,0,stable
2514__2113_0,18,t_8_16,96.0,0.0,0.0,2.0,0.9951081134644278,0.4891291996262079,0.79148,1,0,stable
2514__2113_0,19,t_8_16,128.0,0.0,0.0,3.0,0.8545983381979622,0.6583902954840949,0.79148,0,0,stable
2514__2113_0,20,t_8_16,128.0,0.25,0.25,2.0,0.9794240335862121,0.739547985221642,0.79148,0,0,mild
2514__2113_0,21,t_8_16,180.00013732910156,0.0,0.0,3.0,0.9964157197575522,0.6491793000000008,0.79148,0,0,stable
2514__2113_0,22,t_8_16,160.0,0.25,0.0,3.0,0.18710104946182224,0.7269782435717688,0.79148,0,0,mild
2514__2113_0,23,t_8_16,144.0,0.5,0.5,1.0,,0.3670553148818203,0.79148,1,0,mild
2514__2113_0,24,t_8_16,120.0,0.0,0.0,2.0,0.9954275388154272,0.7405230349414604,0.79148,0,0,stable
2514__2113_0,25,t_8_16,120.0,0.0,0.0,1.0,,0.7241419638665927,0.79148,0,0,stable
2514__2113_0,26,t_8_16,168.0,0.25,0.25,2.0,0.6427469691228368,0.7645112670150034,0.79148,0,1,mild
2514__2113_0,27,t_8_16,220.0,0.0,0.0,4.0,0.974155653109951,0.5268699999999991,0.79148,0,0,stable
2514__2113_0,28,s_16_32,320.0,0.25,0.0,9.0,0.932035360192131,0.684318310671003,0.79148,0,0,mild
2514__2113_0,29,t_8_16,88.0,0.0,0.0,1.0,,0.7728052384716009,0.79148,0,1,stable
2514__2113_0,30,t_8_16,130.0,0.0,0.0,1.0,,0.6985976969836171,0.79148,0,0,stable
2514__2113_0,31,t_8_16,69.9993896484375,0.0,0.0,3.0,0.9720269044628677,0.5805237531743037,0.79148,0,0,stable
2515__1800_0,0,t_8_16,160.0,0.0,0.0,2.0,0.9649493144995989,0.7624801373790654,0.74965,0,1,stable
2515__1800_0,1,t_8_16,160.00004577630898,0.0,0.0,3.0,0.9192030018417738,0.7448419125580413,0.74965,0,0,stable
2515__1800_0,2,s_16_32,264.0,0.0,0.0,4.0,0.8176439598521088,0.5938560007323024,0.74965,0,0,stable
2515__1800_0,4,t_8_16,140.0,0.0,0.0,1.0,,0.5475774691678096,0.74965,0,0,stable
2515__1800_0,5,t_8_16,96.0,0.0,0.0,5.0,0.9170636189857715,0.6775833782108417,0.74965,0,0,stable
2515__1800_0,6,t_8_16,162.0,0.5,0.5,3.0,0.07701489633101433,0.6593038849403022,0.74965,0,0,mild
2515__1800_0,7,t_8_16,134.99977111816406,0.0,0.0,3.0,0.9471082662222183,0.8087241208589685,0.74965,0,1,stable
2515__1800_0,8,t_8_16,180.0,0.25,0.0,3.0,0.03506449360067867,0.5905328777777762,0.74965,0,0,mild
2545__3335_2400,0,s_16_32,288.0,0.0,0.0,7.0,0.9987912947329589,0.9381193021822454,0.84063,0,1,stable
2545__3335_2400,1,t_8_16,224.0,0.0,0.0,4.0,0.9938292788302061,0.9233787812502053,0.84063,0,1,stable
2545__3335_2400,2,t_8_16,168.0,0.0,0.0,2.0,0.9825492246275088,0.8391525171985988,0.84063,0,1,stable
2545__3335_2400,4,t_8_16,220.0,0.0,0.0,4.0,0.5657129105022661,0.0,0.79956,1,0,stable
2545__3335_2400,5,s_16_32,307.9986572265625,0.0,0.0,4.0,0.974516715593266,0.7493268377958039,0.79956,0,0,stable
2545__3335_2400,6,t_8_16,224.0,0.0,0.0,5.0,0.5028379218009019,0.9419364535622732,0.84063,0,1,stable
2545__3335_2400,7,t_8_16,96.0,0.5,0.5,0.0,,0.0,0.84063,1,0,mild
2545__3335_2400,8,t_8_16,90.0,0.25,0.0,1.0,,0.0,0.84063,1,0,mild
2545__3335_2400,9,t_8_16,156.0,0.3333333333333333,0.3333333333333333,3.0,0.4852201242352498,0.0,0.84063,1,0,mild
2560__3000_1800,0,s_16_32,504.0,0.25,0.0,9.0,0.03425399205926517,0.7026129073427534,0.85113,0,0,mild
2560__3000_1800,1,t_8_16,220.0,0.0,0.0,0.0,,0.4958341935053512,0.85113,1,0,stable
2560__3000_1800,2,t_8_16,179.99972534179688,0.25,0.0,5.0,0.7952056537555601,0.7956162444444449,0.85113,0,1,mild
2560__3000_1800,3,t_8_16,200.0,0.0,0.0,4.0,0.9759963095666334,0.5873630190370751,0.85113,0,0,stable
2560__3000_1800,4,s_16_32,560.0,0.0,0.0,8.0,0.9900819786400962,0.6490205881258502,0.85113,0,0,stable
2560__3000_1800,5,s_16_32,264.0,0.0,0.0,4.0,0.9852460906343616,0.45519283286086115,0.85113,1,0,stable
2560__3000_1800,6,s_16_32,264.0,0.0,0.0,4.0,0.9800870323556601,0.6522969983253332,0.85113,0,0,stable
2560__3000_1800,7,s_16_32,792.0,0.0,0.0,10.0,0.8291394396568343,0.44734115656565604,0.85113,1,0,stable
2560__3000_1800,8,t_8_16,168.0,0.0,0.0,3.0,0.9663015887706747,0.6969958065550368,0.85113,0,0,stable
2560__3000_1800,9,s_16_32,288.0,0.0,0.0,6.0,0.9670836557044066,0.6777771385324862,0.85113,0,0,stable
2560__3000_1800,10,t_8_16,160.0,0.0,0.0,3.0,0.9188070590869343,0.6959856504504636,0.85113,0,0,stable
2560__3000_1800,11,t_8_16,140.0,0.0,0.0,2.0,0.9422759176906971,0.7324924242573733,0.85113,0,0,stable
2560__3000_1800,12,t_8_16,144.0,0.0,0.0,1.0,,0.7281362669124083,0.85113,0,0,stable
2560__3000_1800,13,t_8_16,168.0,0.0,0.0,2.0,0.9989070910684407,0.7064130886823842,0.85113,0,0,stable
2560__3000_1800,14,t_8_16,144.0,0.25,0.0,2.0,0.9890542668379391,0.5557764682107819,0.85113,0,0,mild
2560__3000_1800,15,t_8_16,192.0,0.5,0.5,3.0,0.09653436273239073,0.0,0.85113,1,0,mild
2560__3000_1800,16,t_8_16,180.0,0.0,0.0,4.0,0.9980035380236246,0.6861494046205012,0.85113,0,0,stable
2560__3000_1800,17,t_8_16,192.0,0.0,0.0,2.0,0.3216781240138342,0.8414503682158837,0.85113,0,1,stable
2560__3000_1800,18,t_8_16,192.0,0.0,0.0,2.0,0.9767305787503143,0.7286912330036407,0.85113,0,0,stable
2560__3000_1800,19,t_8_16,140.0,0.0,0.0,3.0,0.9874683868818571,0.7990485250335345,0.85113,0,1,stable
2560__3000_1800,20,t_8_16,119.99969482421875,0.0,0.0,2.0,0.9984813940166846,0.8005447469963048,0.85113,0,1,stable
2560__3000_1800,21,t_8_16,168.0,0.0,0.0,2.0,0.6610784672651275,0.713456293799565,0.85113,0,0,stable
2560__3000_1800,22,t_8_16,180.0,0.0,0.0,3.0,0.9943903211501512,0.8701513297517577,0.85113,0,1,stable
2560__3000_1800,23,t_8_16,160.0,0.0,0.0,1.0,,0.8546186924330739,0.85113,0,1,stable
2560__3000_1800,24,t_8_16,143.99945068359375,0.0,0.0,5.0,0.989916547749202,0.8427334634969763,0.85113,0,1,stable
2560__3000_1800,25,t_8_16,128.0,0.0,0.0,3.0,0.9941306916779459,0.8571859053644892,0.85113,0,1,stable
2560__3000_1800,26,t_8_16,160.0,0.0,0.0,1.0,,0.7842982355575678,0.85113,0,1,stable
2560__3000_1800,27,t_8_16,216.0,0.0,0.0,5.0,0.9015809852229711,0.743602981481474,0.85113,0,0,stable
2560__3000_1800,28,t_8_16,168.0,0.0,0.0,3.0,0.9741512154719252,0.6569626754283747,0.85113,0,0,stable
2560__3000_1800,29,t_8_16,224.0,0.0,0.0,5.0,0.960994432924053,0.8335711150131698,0.85113,0,1,stable
2560__3000_1800,30,t_8_16,140.0,0.0,0.0,2.0,0.9940386479957448,0.7671844816684911,0.85113,0,1,stable
2560__3000_1800,31,t_8_16,192.0,0.0,0.0,3.0,0.9695556552282004,0.8110136716305375,0.85113,0,1,stable
2560__3000_1800,32,t_8_16,168.0,0.0,0.0,2.0,0.9044433556311225,0.6828683178148255,0.85113,0,0,stable
2560__3000_1800,33,t_8_16,192.0,0.0,0.0,2.0,0.9979395924246147,0.8450451041666717,0.85113,0,1,stable
2560__3000_1800,34,t_8_16,192.0,0.0,0.0,2.0,0.996779770252258,0.8305432500000047,0.85113,0,1,stable
2560__3000_1800,35,t_8_16,128.0,0.75,0.75,1.0,,0.6951588066665991,0.85113,0,0,high
2560__3000_1800,36,s_16_32,288.0,0.0,0.0,5.0,0.994355838086561,0.7930669295430385,0.85113,0,1,stable
2560__3000_1800,37,s_16_32,264.0,0.0,0.0,6.0,0.6745481639685097,0.7415712503913703,0.85113,0,0,stable
2560__3000_1800,38,t_8_16,180.0,0.0,0.0,4.0,0.9780647506184786,0.8075457028679072,0.85113,0,1,stable
2560__3000_1800,39,s_16_32,264.0,0.0,0.0,3.0,0.9576130065604613,0.5634450378787863,0.85113,0,0,stable
2560__3000_1800,40,t_8_16,240.0,0.0,0.0,4.0,0.9790068115984976,0.6198684958333338,0.85113,0,0,stable
2560__3000_1800,41,t_8_16,200.0,0.0,0.0,3.0,0.9931646267926312,0.7696142699999994,0.85113,0,1,stable
2560__3000_1800,42,t_8_16,220.0,0.0,0.0,4.0,0.9848685006948267,0.7185693242503379,0.85113,0,0,stable
2560__3000_1800,43,t_8_16,180.0,0.0,0.0,3.0,0.9822296726648743,0.7570378672881487,0.85113,0,1,stable
2560__3000_1800,44,t_8_16,180.0,0.0,0.0,2.0,0.989634578357262,0.8320374632968609,0.85113,0,1,stable
2560__3000_1800,45,t_8_16,180.0,0.0,0.0,3.0,0.9961526173901571,0.8588967969227776,0.85113,0,1,stable
2560__3000_1800,46,s_16_32,352.0,0.0,0.0,6.0,0.9749683905185391,0,0,1,0,stable
2560__3000_1800,47,s_16_32,280.0,0.0,0.0,5.0,0.9752255672011813,0.6391899321428584,0.85113,0,0,stable
2560__3000_1800,48,t_8_16,112.0,0.25,0.0,2.0,0.43227744886383723,0.7055815379993001,0.85113,0,0,mild
2560__3000_1800,49,t_8_16,159.99998092651367,0.25,0.0,6.0,0.3706649872811876,0.7521258085264114,0.85113,0,1,mild
2560__3000_1800,50,t_8_16,144.0,0.25,0.25,3.0,0.9852626667707545,0.8648420133641718,0.85113,0,1,mild
2560__3000_1800,52,s_16_32,324.0,0.0,0.0,5.0,0.9857892391721541,0.6561995679661365,0.85113,0,0,stable
2560__3000_1800,53,t_8_16,180.0,0.0,0.0,2.0,0.9862535060481274,0.5972525392548756,0.85113,0,0,stable
2560__3000_1800,54,t_8_16,96.0,0.25,0.25,1.0,,0.4651165314585829,0.85113,1,0,mild
2560__3000_1800,55,t_8_16,160.0,0.0,0.0,2.0,0.9980076969045493,0.6117876335542178,0.85113,0,0,stable
2560__3000_1800,56,t_8_16,96.0,0.0,0.0,6.0,0.9789118870133486,0.6039851848474008,0.85113,0,0,stable
2560__3000_1800,57,t_8_16,112.0,0.0,0.0,1.0,,0.633364350278874,0.85113,0,0,stable
2560__3000_1800,58,t_8_16,112.0,0.0,0.0,2.0,0.9996151684705159,0.4857477332616866,0.85113,1,0,stable
2560__3000_1800,59,s_16_32,256.0,0.0,0.0,3.0,0.9843064516187259,0.6299818124999973,0.85113,0,0,stable
2560__3000_1800,60,t_8_16,127.99993896484375,0.0,0.0,4.0,0.9473215320803764,0.6986678187204712,0.85113,0,0,stable
2560__3000_1800,62,t_8_16,108.0,0.0,0.0,5.0,0.8717366758152568,0.7040893529025513,0.85113,0,0,stable
2560__3000_1800,63,t_8_16,144.0,0.5,0.5,1.0,,0.5954018322738748,0.85113,0,0,mild
2560__3000_1800,64,t_8_16,140.0,0.0,0.0,3.0,0.9788699356239805,0.49795776421544125,0.85113,1,0,stable
2560__3000_1800,65,t_8_16,160.0,0.25,0.0,5.0,0.9019665037587664,0.7034455984797513,0.85113,0,0,mild
2560__3000_1800,66,s_16_32,480.0,0.0,0.0,5.0,0.7483390134395478,0.6521348250000012,0.85113,0,0,stable
2560__3000_1800,67,t_8_16,98.0,0.0,0.0,2.0,0.9498249646179205,0.7725114611610755,0.85113,0,1,stable
2560__3000_1800,68,t_8_16,96.0,0.0,0.0,1.0,,0.5575674447520357,0.85113,0,0,stable
2560__3000_1800,69,t_8_16,180.0,0.0,0.0,2.0,0.9934336769548734,0.755732757456418,0.85113,0,1,stable
2560__3000_1800,70,t_8_16,180.0,0.0,0.0,3.0,0.8855262099881175,0.5713090984224536,0.85113,0,0,stable
2560__3000_1800,71,t_8_16,112.0,0.0,0.0,2.0,0.9506446578572986,0.8226021011908283,0.85113,0,1,stable
2560__3000_1800,72,t_8_16,120.0,0.25,0.0,5.0,0.9007311861043075,0.6426199379209531,0.85113,0,0,mild
2560__3000_1800,73,t_8_16,120.0,0.0,0.0,7.0,0.8997921924787604,0.6533357788196683,0.85113,0,0,stable
2560__3000_1800,74,t_8_16,180.0006103515625,0.0,0.0,3.0,0.9840461454736228,0.711431476789687,0.85113,0,0,stable
2560__3000_1800,75,t_8_16,220.0,0.0,0.0,3.0,0.9952922965543523,0.6950095107394939,0.85113,0,0,stable
2560__3000_1800,76,t_8_16,84.0,0.0,0.0,4.0,0.876955485748391,0.4567228967998926,0.85113,1,0,stable
2560__3000_1800,77,t_8_16,140.0,0.0,0.0,2.0,0.9712341783975915,0.8473860301803311,0.85113,0,1,stable
2560__3000_1800,78,t_8_16,144.0,0.0,0.0,2.0,0.9956226197958941,0.7448928273638264,0.85113,0,0,stable
2560__3000_1800,79,t_8_16,252.0,0.0,0.0,3.0,0.9829315141265066,0.7262875289454837,0.85113,0,0,stable
2560__3000_1800,80,t_8_16,127.99998474121094,0.0,0.0,6.0,0.9935399376238876,0.8022638039179489,0.85113,0,1,stable
2560__3000_1800,81,t_8_16,144.0,0.0,0.0,3.0,0.9239688302809475,0.5814708521947396,0.85113,0,0,stable
2560__3000_1800,82,t_8_16,84.0,0.0,0.0,5.0,0.8198850041592253,0.6863603048420268,0.85113,0,0,stable
2560__3000_1800,83,t_8_16,128.0,0.25,0.25,2.0,0.9694615971355817,0.655757286060968,0.85113,0,0,mild
2560__3000_1800,84,t_8_16,176.0,0.0,0.0,4.0,0.9830250233613668,0.6637859243675244,0.85113,0,0,stable
2560__3000_1800,85,t_8_16,200.0,0.0,0.0,3.0,0.9914936274157642,0.550580266115927,0.85113,0,0,stable
2560__3000_1800,86,s_16_32,528.0,0.0,0.0,9.0,0.9848977998423282,0.7145012581413801,0.85113,0,0,stable
2560__3000_1800,87,t_8_16,192.0,0.0,0.0,3.0,0.9876644517184746,0.7595546986623213,0.85113,0,1,stable
2560__3000_1800,88,t_8_16,100.0,0.0,0.0,1.0,,0.6170479412065861,0.85113,0,0,stable
2560__3000_1800,89,t_8_16,111.99951171875,0.0,0.0,3.0,0.9919271140709454,0.7498047434296957,0.85113,0,0,stable
2560__3000_1800,90,t_8_16,199.99969482421875,0.0,0.0,2.0,0.9971427605742714,0.7519151943405639,0.85113,0,1,stable
2560__3000_1800,91,t_8_16,120.0,0.0,0.0,1.0,,0.678743074614724,0.85113,0,0,stable
2560__3000_1800,93,t_8_16,111.99998664855957,0.0,0.0,3.0,0.9876473953362518,0.7373252423275535,0.85113,0,0,stable
2560__3000_1800,94,s_16_32,324.0,0.0,0.0,7.0,0.968709810034735,0.6734029632849622,0.85113,0,0,stable
2560__3000_1800,95,s_16_32,560.0,0.0,0.0,10.0,0.9926868658711253,0.8484378749999953,0.85113,0,1,stable
2560__3000_1800,96,t_8_16,96.0,0.0,0.0,1.0,,0.5245537490118719,0.85113,0,0,stable
2560__3000_1800,97,t_8_16,160.0,0.0,0.0,2.0,0.9917060931414795,0.6926995501919951,0.85113,0,0,stable
2560__3000_1800,98,t_8_16,140.0,0.0,0.0,1.0,,0.7449971399240459,0.85113,0,0,stable
2560__3000_1800,99,t_8_16,112.0,0.5,0.5,1.0,,0.5841161546693218,0.85113,0,0,mild
2560__3000_1800,100,t_8_16,96.0,0.0,0.0,3.0,0.9581467727835213,0.5645093069753707,0.85113,0,0,stable
2560__3000_1800,101,t_8_16,143.99993133544922,0.0,0.0,4.0,0.9953976298200962,0.8608337088154544,0.85113,0,1,stable
2560__3000_1800,102,t_8_16,144.0,0.0,0.0,2.0,0.9964497151962657,0.7920073147592361,0.85113,0,1,stable
2560__3000_1800,103,s_16_32,288.0,0.0,0.0,5.0,0.9795844027542989,0.736899993047696,0.85113,0,0,stable
2560__3000_1800,104,t_8_16,140.0,0.0,0.0,2.0,0.910923273177845,0.7681605275560871,0.85113,0,1,stable
2560__3000_1800,105,t_8_16,160.0009765625,0.0,0.0,3.0,0.9028512332747618,0.5861282328780174,0.85113,0,0,stable
2560__3000_1800,106,t_8_16,112.0,0.25,0.25,3.0,0.9949982992907824,0.7762226588043443,0.85113,0,1,mild
2560__3000_1800,107,t_8_16,132.0,0.0,0.0,7.0,0.41285693373985866,0.512061014620504,0.85113,0,0,stable
2560__3000_1800,108,s_16_32,360.0000762939453,0.0,0.0,6.0,0.8240528895622024,0.6163573464489366,0.85113,0,0,stable
2560__3000_1800,109,t_8_16,168.0,0.0,0.0,2.0,0.9978868585609533,0.617040417129424,0.85113,0,0,stable
2560__3000_1800,110,t_8_16,168.0,0.0,0.0,3.0,0.8381660595422304,0.612359892914653,0.85113,0,0,stable
2560__3000_1800,111,s_16_32,280.0,0.0,0.0,7.0,0.888567935149564,0.5051905012668338,0.85113,0,0,stable
2560__3000_1800,112,t_8_16,180.0,0.25,0.0,5.0,0.9344302908205362,0.7131434927223659,0.85113,0,0,mild
2560__3000_1800,113,t_8_16,160.0,0.0,0.0,2.0,0.9769410745740563,0.7444347171599238,0.85113,0,0,stable
2560__3000_1800,114,t_8_16,112.0,0.5,0.5,1.0,,0.8086688258413128,0.85113,0,1,mild
2560__3000_1800,115,t_8_16,140.0,0.0,0.0,4.0,0.7273746876176334,0.6583896335966708,0.85113,0,0,stable
2560__3000_1800,116,t_8_16,192.0,0.5,0.5,0.0,,0.6686706533845392,0.85113,0,0,mild
2560__3000_1800,117,t_8_16,112.0001220703125,0.5,0.5,1.0,,0.7453098969243415,0.85113,0,0,mild
2560__3000_1800,118,s_16_32,352.0,0.0,0.0,7.0,0.9911269277180553,0.4876484485008406,0.85113,1,0,stable
2560__3000_1800,119,t_8_16,128.0,0.75,0.75,1.0,,0.4844593862734108,0.85113,1,0,high
2560__3000_1800,120,t_8_16,176.0,0.0,0.0,4.0,0.9772489740590058,0.7450715005503727,0.85113,0,0,stable
2560__3000_1800,121,t_8_16,120.0,0.0,0.0,7.0,0.5843140255703311,0.4832578354100149,0.85113,1,0,stable
2560__3000_1800,122,t_8_16,110.0,0.0,0.0,1.0,,0.7159025064455307,0.85113,0,0,stable
2560__3000_1800,123,t_8_16,112.0,0.25,0.25,3.0,0.9900917087414001,0.663543385897699,0.85113,0,0,mild
2560__3000_1800,124,t_8_16,120.0,0.0,0.0,2.0,0.9593840799955916,0.6509276100520934,0.85113,0,0,stable
2560__3000_1800,125,t_8_16,140.0,0.0,0.0,2.0,0.9939780568340683,0.815793413687054,0.85113,0,1,stable
2560__3000_1800,126,t_8_16,168.0,0.0,0.0,2.0,0.9832438487582764,0.6718849898550924,0.85113,0,0,stable
2560__3000_1800,127,t_8_16,120.0,0.0,0.0,3.0,0.9730825067755166,0.6617554955248793,0.85113,0,0,stable
2560__3000_1800,128,s_16_32,256.0,0.0,0.0,5.0,0.9961731665951016,0.6724196065537228,0.85113,0,0,stable
2560__3000_1800,129,t_8_16,96.0,0.25,0.25,1.0,,0.5419189232939432,0.85113,0,0,mild
2560__3000_1800,130,t_8_16,144.0,0.0,0.0,4.0,0.981970477767476,0.5690376161843622,0.85113,0,0,stable
2560__3000_1800,131,t_8_16,120.0,0.0,0.0,1.0,,0.7393737024209257,0.85113,0,0,stable
2560__3000_1800,132,t_8_16,140.0,0.0,0.0,1.0,,0.7629398397903719,0.85113,0,1,stable
2560__3000_1800,133,t_8_16,96.0,0.0,0.0,3.0,0.9711485657267829,0.5459242990860951,0.85113,0,0,stable
2560__3000_1800,134,t_8_16,180.0,0.25,0.0,5.0,0.11774296979887933,0.8942133867348016,0.85113,0,1,mild
2560__3000_1800,135,t_8_16,200.0,0.0,0.0,2.0,0.9831414388008342,0.6469302375244205,0.85113,0,0,stable
2560__3000_1800,136,t_8_16,160.0,0.0,0.0,2.0,0.9774543227813854,0.7822741916141241,0.85113,0,1,stable
2560__3000_1800,137,t_8_16,144.0,0.0,0.0,4.0,0.9851349423688238,0.676869683485448,0.85113,0,0,stable
2560__3000_1800,138,t_8_16,108.0,0.0,0.0,3.0,0.9654349599674988,0.662840364778825,0.85113,0,0,stable
2560__3000_1800,139,t_8_16,119.9996337890625,0.0,0.0,4.0,0.9810327089856211,0.6626917136597122,0.85113,0,0,stable
2560__3000_1800,140,t_8_16,160.0,0.0,0.0,3.0,0.9714396798551282,0.63570994047723,0.85113,0,0,stable
2560__3000_1800,141,s_16_32,480.0,0.0,0.0,9.0,0.9878829882684194,0.7143173355115865,0.85113,0,0,stable
2560__3000_1800,142,t_8_16,216.0,0.25,0.0,6.0,0.9255914933334235,0.6138695006453112,0.85113,0,0,mild
2560__3000_1800,143,t_8_16,139.99957275390625,0.0,0.0,2.0,0.9947540195143997,0.6100731627583338,0.85113,0,0,stable
2560__3000_1800,144,t_8_16,96.0,0.0,0.0,1.0,,0.5860065303102722,0.85113,0,0,stable
2560__3000_1800,145,t_8_16,120.0,0.0,0.0,2.0,0.9985078256437605,0.7021075666404494,0.85113,0,0,stable
2560__3000_1800,146,t_8_16,160.0,0.0,0.0,3.0,0.9773946296380073,0.6652332831741198,0.85113,0,0,stable
2560__3000_1800,147,t_8_16,208.0,0.0,0.0,3.0,0.9932334287430169,0.45381673334367295,0.85113,1,0,stable
2560__3000_1800,150,t_8_16,240.0,0.0,0.0,5.0,0.9844189784392327,0.7511373149060345,0.85113,0,1,stable
2560__3000_1800,151,t_8_16,252.0,0.0,0.0,3.0,0.989859097932458,0.7431410825860881,0.85113,0,0,stable
2560__3000_1800,152,t_8_16,112.0,0.0,0.0,2.0,0.9266908967986732,0.6570719045246748,0.85113,0,0,stable
2560__3000_1800,153,t_8_16,120.0,0.0,0.0,1.0,,0.7030080837142024,0.85113,0,0,stable
2560__3000_1800,154,t_8_16,160.0,0.0,0.0,3.0,0.921090200596194,0.6897551694725542,0.85113,0,0,stable
2560__3000_1800,155,s_16_32,264.0,0.0,0.0,7.0,0.9841766718324552,0.8179851565205444,0.85113,0,1,stable
2560__3000_1800,156,t_8_16,192.0,0.0,0.0,2.0,0.9925763318957973,0.8409547185533324,0.85113,0,1,stable
2560__3000_1800,157,t_8_16,140.0,0.0,0.0,2.0,0.9975557740104827,0.7983579040960695,0.85113,0,1,stable
2560__3000_1800,158,t_8_16,180.0,0.0,0.0,3.0,0.9882879325568289,0.6683624303329013,0.85113,0,0,stable
2560__3000_1800,159,t_8_16,160.0,0.0,0.0,3.0,0.9514755452129797,0.6996238102287161,0.85113,0,0,stable
2560__3000_1800,160,t_8_16,84.0,0.0,0.0,2.0,0.9680844387434275,0.8507118488371737,0.85113,0,1,stable
2560__3000_1800,161,t_8_16,84.0,0.0,0.0,4.0,0.6669448578988821,0.6355556381105338,0.85113,0,0,stable
2560__3000_1800,162,t_8_16,143.9999656677246,0.0,0.0,4.0,0.9812540666372512,0.7843636304245074,0.85113,0,1,stable
2560__3000_1800,163,t_8_16,160.0,0.0,0.0,3.0,0.9464780312859629,0.58478051664668,0.85113,0,0,stable
2560__3000_1800,164,t_8_16,180.0,0.0,0.0,3.0,0.9958439680278312,0.8953736125404019,0.85113,0,1,stable
2560__3000_1800,165,t_8_16,112.0,0.5,0.5,1.0,,0.7392167748174048,0.85113,0,0,mild
2560__3000_1800,166,t_8_16,160.0,0.0,0.0,3.0,0.9849090126688198,0.7578664131708994,0.85113,0,1,stable
2560__3000_1800,167,t_8_16,108.0,0.0,0.0,3.0,0.9913330114026813,0.5764815081012465,0.85113,0,0,stable
2560__3000_1800,168,s_16_32,528.0,0.0,0.0,10.0,0.9926767093789002,0.4633746363636339,0.85113,1,0,stable
2560__3000_1800,169,t_8_16,160.0,0.25,0.25,3.0,0.828741701141182,0.6733031135571946,0.85113,0,0,mild
2560__3000_1800,170,t_8_16,95.9996337890625,0.0,0.0,4.0,0.9701381600114243,0.5182271417092928,0.85113,0,0,stable
2560__3000_1800,171,t_8_16,200.0,0.0,0.0,2.0,0.9966374962119904,0.7250670837640959,0.85113,0,0,stable
2560__3000_1800,172,t_8_16,167.99997329711914,0.0,0.0,2.0,0.9927531845742273,0.8123639522307081,0.85113,0,1,stable
2560__3000_1800,173,t_8_16,176.0,0.5,0.5,2.0,0.9209300267626798,0.6803071226787555,0.85113,0,0,mild
2560__3000_1800,174,t_8_16,108.0003662109375,0.0,0.0,5.0,0.16475571788116372,0.6869499446191822,0.85113,0,0,stable
2560__3000_1800,175,t_8_16,96.0,0.0,0.0,5.0,0.9859955460143823,0.5670002180770046,0.85113,0,0,stable
2560__3000_1800,176,t_8_16,112.0001220703125,0.0,0.0,2.0,0.9949889802091344,0.7584426417629262,0.85113,0,1,stable
2560__3000_1800,177,t_8_16,72.0,0.0,0.0,3.0,0.9862542109232602,0.6673618909165289,0.85113,0,0,stable
2560__3000_1800,178,t_8_16,128.0,0.25,0.25,3.0,0.9580015674756421,0.7583466667211334,0.85113,0,1,mild
2560__3000_1800,179,t_8_16,111.99994659423828,0.0,0.0,5.0,0.988638158890803,0.7715346584677114,0.85113,0,1,stable
2560__3000_1800,180,t_8_16,128.0,0.0,0.0,2.0,0.9840196134303314,0.552444541748401,0.85113,0,0,stable
2560__3000_1800,181,s_16_32,308.0,0.0,0.0,4.0,0.9968617839687869,0.5481808428955415,0.85113,0,0,stable
2560__3000_1800,182,s_16_32,628.999870300293,0.0,0.0,10.0,0.9044689740189698,0.0,0.85113,1,0,stable
2560__3000_1800,183,s_16_32,340.0,0.0,0.0,7.0,0.9979066870790243,0.7485657540803449,0.85113,0,0,stable
2560__3000_1800,184,t_8_16,108.0,0.0,0.0,3.0,0.5640535275879759,0.6992986028334679,0.85113,0,0,stable
2591__1800_1200,0,t_8_16,252.0,0.0,0.0,3.0,0.9946599171824488,0.8937041457827216,0.83288,0,1,stable
2591__1800_1200,1,t_8_16,240.0,0.0,0.0,4.0,0.9881221689864464,0.7324647292480263,0.83288,0,0,stable
2591__1800_1200,2,t_8_16,216.0,0.0,0.0,2.0,0.9932154771657372,0.6367908973177074,0.83288,0,0,stable
2591__1800_1200,3,t_8_16,120.0,0.0,0.0,2.0,0.9444951227889234,0.6517542258277557,0.83288,0,0,stable
2591__1800_1200,4,s_16_32,384.0,0.0,0.0,6.0,0.9896141808692306,0.7972690681845228,0.83288,0,1,stable
2591__1800_1200,5,t_8_16,96.0,0.25,0.0,2.0,0.7387363225774357,0.7881416020353096,0.83288,0,1,mild
2591__1800_1200,6,t_8_16,168.0,0.0,0.0,2.0,0.9413614499729056,0.7457088599414833,0.83288,0,0,stable
2591__1800_1200,7,t_8_16,192.0,0.0,0.0,2.0,0.9690673389305454,0.6196949687500009,0.83288,0,0,stable
2591__1800_1200,8,s_16_32,640.0,0.25,0.25,10.0,0.3268237297915149,0.0,0.83288,1,0,mild
2591__1800_1200,9,t_8_16,224.0,0.0,0.0,3.0,0.9767399338924411,0.6951211964285711,0.83288,0,0,stable
2591__1800_1200,10,t_8_16,120.0,0.0,0.0,2.0,0.9983837871119601,0.7337725727280574,0.83288,0,0,stable
2591__1800_1200,11,t_8_16,64.0,0.0,0.0,1.0,,0.4140995031672983,0.83288,1,0,stable
2591__1800_1200,12,t_8_16,180.0,0.0,0.0,4.0,0.9926261362689953,0.7403262129250875,0.83288,0,0,stable
2591__1800_1200,13,t_8_16,112.0,0.0,0.0,2.0,0.7952233865002983,0.703434218946272,0.83288,0,0,stable
2591__1800_1200,14,t_8_16,72.0,0.0,0.0,2.0,0.9522726583512545,0.48742435839797094,0.83288,1,0,stable
2591__1800_1200,15,t_8_16,100.0,0.25,0.0,2.0,0.8773311186663226,0.6214562307675504,0.83288,0,0,mild
2591__1800_1200,16,t_8_16,80.0,0.25,0.0,3.0,0.8865143487400177,0.4656305013315721,0.83288,1,0,mild
2591__1800_1200,18,t_8_16,119.99981689453125,0.0,0.0,2.0,0.8563446584219333,0.7353500647488936,0.83288,0,0,stable
2591__1800_1200,19,t_8_16,112.0,0.25,0.25,2.0,0.9965278093722361,0.580155721612705,0.83288,0,0,mild
2591__1800_1200,20,t_8_16,160.0000762939453,0.0,0.0,3.0,0.9532932763700707,0.6926118882904012,0.83288,0,0,stable
2591__1800_1200,21,t_8_16,96.0,0.5,0.5,1.0,,0.5164135594708311,0.83288,0,0,mild
2591__1800_1200,23,t_8_16,100.0,0.0,0.0,1.0,,0.521942170580555,0.83288,0,0,stable
2591__1800_1200,24,t_8_16,252.0,0.0,0.0,3.0,0.8807368297612704,0.7289086138951395,0.83288,0,0,stable
2591__1800_1200,25,t_8_16,72.0,0.0,0.0,2.0,0.9690174452777985,0.823194625652777,0.83288,0,1,stable
2591__1800_1200,26,t_8_16,79.99984741210938,0.0,0.0,2.0,0.987183452829331,0.5318310595029342,0.83288,0,0,stable
2591__1800_1200,27,t_8_16,128.0,0.0,0.0,2.0,0.9928933574372922,0.7531251455383253,0.83288,0,1,stable
2591__1800_1200,28,t_8_16,100.0,0.0,0.0,2.0,0.967392079443478,0.6272398198912776,0.83288,0,0,stable
2591__1800_1200,29,t_8_16,160.0,0.0,0.0,3.0,0.9833306717491838,0.5400293669911234,0.83288,0,0,stable
2591__1800_1200,30,t_8_16,224.0,0.0,0.0,2.0,0.9943327260317879,0.7351759642857194,0.83288,0,0,stable
2591__1800_1200,31,s_16_32,264.0,0.0,0.0,5.0,0.9557804141761576,0.0,0.83288,1,0,stable
2591__1800_1200,32,t_8_16,192.0,0.0,0.0,3.0,0.9297509129792393,0.5887137844385587,0.83288,0,0,stable
2591__1800_1200,33,t_8_16,140.0,0.0,0.0,2.0,0.9985868944276698,0.7009177481196927,0.83288,0,0,stable
2591__1800_1200,34,t_8_16,72.0,0.0,0.0,1.0,,0.707026793644489,0.83288,0,0,stable
2591__1800_1200,36,t_8_16,80.0,0.25,0.0,3.0,0.6479886224720707,0.5657486488394862,0.83288,0,0,mild
2591__1800_1200,37,t_8_16,100.0,0.0,0.0,1.0,,0.6451212193306788,0.83288,0,0,stable
2591__1800_1200,38,t_8_16,64.0,0.0,0.0,1.0,,0.4654872080422004,0.83288,1,0,stable
2591__1800_1200,39,t_8_16,119.99969482421875,0.0,0.0,2.0,0.9881119390944074,0.7093510477961369,0.83288,0,0,stable
2591__1800_1200,40,t_8_16,144.0,0.0,0.0,2.0,0.9384378082637519,0.3863375817894147,0.83288,1,0,stable
2591__1800_1200,41,t_8_16,240.0,0.0,0.0,7.0,0.7134062326430158,0.6550634999999949,0.83288,0,0,stable
2591__1800_1200,42,t_8_16,120.0,0.0,0.0,1.0,,0.7141965781518318,0.83288,0,0,stable
2591__1800_1200,43,t_8_16,240.0,0.0,0.0,2.0,0.9820448923852663,0.6799802038521761,0.83288,0,0,stable
2591__1800_1200,44,t_8_16,119.99981689453125,0.5,0.5,0.0,,0.7140540808038249,0.83288,0,0,mild
2591__1800_1200,45,t_8_16,139.99969482421875,0.0,0.0,2.0,0.9923163210694479,0.802669997220685,0.83288,0,1,stable
2591__1800_1200,46,t_8_16,139.99989318847656,0.0,0.0,2.0,0.9932695887617111,0.7006325191200604,0.83288,0,0,stable
2591__1800_1200,47,t_8_16,100.0,0.25,0.0,3.0,0.9485256183190387,0.6547799769797373,0.83288,0,0,mild
2591__1800_1200,48,t_8_16,144.0,0.0,0.0,3.0,0.9910281860450724,0.6332334348073599,0.83288,0,0,stable
2591__1800_1200,49,s_16_32,352.0,0.0,0.0,7.0,0.9869476344444058,0.6083331306818184,0.83288,0,0,stable
2591__1800_1200,50,t_8_16,111.999755859375,0.0,0.0,2.0,0.975563866189554,0.6856774407495625,0.83288,0,0,stable
2591__1800_1200,51,t_8_16,140.0,0.0,0.0,3.0,0.9604127111427309,0.8048966334538756,0.83288,0,1,stable
2591__1800_1200,52,t_8_16,192.0,0.0,0.0,5.0,0.9712066341363049,0.5935547789644833,0.83288,0,0,stable
2591__1800_1200,53,t_8_16,160.0,0.0,0.0,2.0,0.8671802188183838,0.4442808777005583,0.83288,1,0,stable
2591__1800_1200,56,t_8_16,80.0,0.5,0.5,0.0,,0.5975785388728775,0.83288,0,0,mild
2591__1800_1200,57,t_8_16,234.0,0.0,0.0,7.0,0.9591944241790554,0.6686625128205067,0.83288,0,0,stable
2591__1800_1200,59,t_8_16,64.0,0.0,0.0,1.0,,0.4050922372870821,0.83288,1,0,stable
2591__1800_1200,60,t_8_16,120.0,0.0,0.0,2.0,0.9746110101180298,0.6303246590682064,0.83288,0,0,stable
2591__1800_1200,61,t_8_16,80.0,0.25,0.25,2.0,0.9941630519926123,0.6737562329399659,0.83288,0,0,mild
2591__1800_1200,62,t_8_16,80.0,0.0,0.0,1.0,,0.6058400435671693,0.83288,0,0,stable
2591__1800_1200,63,t_8_16,96.0,0.5,0.5,0.0,,0.6691830645213293,0.83288,0,0,mild
2591__1800_1200,64,t_8_16,169.0,0.0,0.0,2.0,0.9887208435349556,0.6958445555992847,0.83288,0,0,stable
2591__1800_1200,65,t_8_16,156.0,0.25,0.0,3.0,0.3346078499183897,0.7432435791834131,0.83288,0,0,mild
2591__1800_1200,66,t_8_16,135.0,0.0,0.0,2.0,0.9941305910597047,0.7629339988905809,0.83288,0,1,stable
2591__1800_1200,67,t_8_16,182.0,0.25,0.0,2.0,0.8320659244644939,0.5746540116559473,0.83288,0,0,mild
2591__1800_1200,68,t_8_16,209.0,0.0,0.0,5.0,0.9802325905426235,0.6764858797765428,0.83288,0,0,stable
2591__1800_1200,69,s_16_32,260.0,0.0,0.0,4.0,0.9117787299746128,0.8255211010594965,0.83288,0,1,stable
2591__1800_1800,1,t_8_16,72.0,0.0,0.0,2.0,0.9696491643793871,0.560533976086537,0.8365,0,0,stable
2591__1800_1800,2,t_8_16,100.0,0.25,0.0,1.0,,0.6450423767476279,0.8365,0,0,mild
2591__1800_1800,3,s_16_32,364.0,0.0,0.0,7.0,0.9782048152168666,0.5462540170400969,0.8365,0,0,stable
2591__1800_1800,4,t_8_16,180.0,0.0,0.0,3.0,0.9920071348672131,0.6940107928660514,0.8365,0,0,stable
2591__1800_1800,5,s_16_32,336.0,0.0,0.0,5.0,0.9374935353860688,0.5372778120933075,0.8365,0,0,stable
2591__1800_1800,6,t_8_16,239.9993896484375,0.0,0.0,3.0,0.9868951043323935,0.5415402836643994,0.8365,0,0,stable
2591__1800_1800,7,t_8_16,100.0,0.0,0.0,1.0,,0.676940721207211,0.8365,0,0,stable
2591__1800_1800,8,t_8_16,200.0,0.0,0.0,2.0,0.9885675242168988,0.46902674976571535,0.8365,1,0,stable
2591__1800_1800,9,t_8_16,100.0,0.0,0.0,1.0,,0.649577400634161,0.8365,0,0,stable
2591__1800_1800,10,t_8_16,240.0,0.0,0.0,7.0,0.3917214059808354,0.6917011583333352,0.8365,0,0,stable
2591__1800_1800,11,t_8_16,120.0,0.0,0.0,2.0,0.9952023926245458,0.7250984658735654,0.8365,0,0,stable
2591__1800_1800,12,t_8_16,128.0,0.5,0.5,1.0,,0.5511711527690797,0.8365,0,0,mild
2591__1800_1800,13,t_8_16,144.0,0.0,0.0,2.0,0.8665886717522708,0.718017049160266,0.8365,0,0,stable
2591__1800_1800,14,t_8_16,100.0,0.25,0.0,2.0,0.9061441384877131,0.614775886275019,0.8365,0,0,mild
2591__1800_1800,15,t_8_16,216.0,0.0,0.0,6.0,0.9885931482266601,0.6415873378784921,0.8365,0,0,stable
2591__1800_1800,16,t_8_16,112.0,0.0,0.0,2.0,0.995482628554755,0.7221204155792331,0.8365,0,0,stable
2591__1800_1800,17,t_8_16,160.0,0.0,0.0,3.0,0.9928965276574295,0.7869986744578618,0.8365,0,1,stable
2591__1800_1800,18,t_8_16,192.0,0.0,0.0,4.0,0.9728064561895776,0.5941455393097488,0.8365,0,0,stable
2591__1800_1800,19,t_8_16,160.0,0.0,0.0,3.0,0.9031852743407198,0.43939234669319005,0.8365,1,0,stable
2591__1800_1800,20,s_16_32,816.0,0.0,0.0,10.0,0.9841260113233212,0.658942538523049,0.8365,0,0,stable
2591__1800_1800,22,t_8_16,84.0008544921875,0.0,0.0,3.0,0.9833213532157665,0.46409197719558104,0.8365,1,0,stable
2591__1800_1800,23,s_16_32,288.0,0.0,0.0,7.0,0.9912827037370893,0.6219443611111108,0.8365,0,0,stable
2591__1800_1800,24,s_16_32,504.0,0.0,0.0,8.0,0.9968338598875351,0.9597722924628254,0.8365,0,1,stable
2591__1800_1800,25,t_8_16,80.0,0.0,0.0,1.0,,0.6308897451482232,0.8365,0,0,stable
2591__1800_1800,26,t_8_16,150.0,0.0,0.0,2.0,0.9963396798046367,0.7133461626579908,0.8365,0,0,stable
2591__1800_1800,27,t_8_16,231.0,0.0,0.0,3.0,0.9869692923902993,0.7397817643795048,0.8365,0,0,stable
2591__1800_1800,28,s_16_32,338.00079345703125,0.0,0.0,6.0,0.9908159862506305,0.7300757140050155,0.8365,0,0,stable
2591__1800_1800,29,t_8_16,107.99972534179688,0.0,0.0,1.0,,0.5452586351284764,0.8365,0,0,stable
2591__1800_1800,30,s_16_32,345.0,0.5,0.0,6.0,0.03214644199955491,0.7080103018546119,0.8365,0,0,mild
2591__1800_1800,31,t_8_16,153.0,0.0,0.0,3.0,0.994314777694652,0.8206879069438954,0.8365,0,1,stable
2591__1800_1800,32,t_8_16,171.0,0.0,0.0,2.0,0.9954622697586619,0.7770492518607071,0.8365,0,1,stable
2591__1800_1800,33,t_8_16,102.00009155273438,0.25,0.0,3.0,0.6922782470298608,0.0,0.8365,1,0,mild
2591__1800_1800,34,t_8_16,176.0,0.0,0.0,3.0,0.8597407089988482,0.7078233498657487,0.8365,0,0,stable
2591__1800_1800,35,t_8_16,120.0,0.5,0.5,3.0,0.6273547730739899,0.5762327961984004,0.8365,0,0,mild
2591__1800_1800,36,t_8_16,204.0,0.0,0.0,5.0,0.8809900912763721,0.5925705512261131,0.8365,0,0,stable
2591__1800_1800,37,t_8_16,238.0,0.0,0.0,5.0,0.7778452179706423,0.6217568860941312,0.8365,0,0,stable
2591__1800_1800,38,t_8_16,144.0,0.25,0.25,3.0,0.7358620530954358,0.6041588567475783,0.8365,0,0,mild
2608__2400_1800,0,t_8_16,192.0,0.0,0.0,3.0,0.9910305025855436,0.90101155172804,0.83218,0,1,stable
26f12ebc3,0,t_8_16,132.0,0.25,0.0,4.0,0.4434846187135768,0.7549302490113405,0.69532,0,1,mild
26f12ebc3,1,s_16_32,272.0,0.0,0.0,5.0,0.806468426707406,0.7289990772058844,0.69532,0,0,stable
287a0b8c8,0,t_8_16,189.0,0.0,0.0,4.0,0.9962832526555552,0.9034057169492139,0.74555,0,1,stable
2a5abe21e,0,s_16_32,594.0,0.0,0.0,10.0,0.5728676496500985,0.5159970067340064,0.73346,0,0,stable
2a5abe21e,1,t_8_16,220.0,0.0,0.0,2.0,0.9681881823599431,0.8559444505211474,0.73346,0,1,stable
2cb1bdce5,0,t_8_16,221.0,0.0,0.0,3.0,0.987499430641131,0.5047740319489984,0.66634,0,0,stable
2df38466c,0,t_8_16,210.0,0.0,0.0,4.0,0.9288321533913259,0.7650776687289933,0.76362,0,1,stable
2fc371d2c,1,t_8_16,140.0,0.25,0.0,6.0,0.4011138481271758,0.6988593930395783,0.86064,0,0,mild
311__3963_2400,0,s_16_32,416.0,0.0,0.0,8.0,0.9975481354370795,0.8515296792220605,0.87549,0,1,stable
311__3963_2400,1,s_16_32,308.0,0.0,0.0,7.0,0.9729489559763389,0.8404629155844145,0.87549,0,1,stable
311__3963_2400,2,t_8_16,176.0,0.75,0.25,4.0,0.009772297366168393,0.5037029071103636,0.87549,0,0,high
311__3963_2400,3,t_8_16,234.0,0.0,0.0,5.0,0.993901525715549,0.9267249889327999,0.87549,0,1,stable
311__3963_2400,4,t_8_16,168.0,0.0,0.0,3.0,0.9672518637484107,0.8212498395996406,0.87549,0,1,stable
311__3963_2400,5,t_8_16,237.99948120117188,0.0,0.0,2.0,0.9991819858509009,0.8911915316526607,0.87549,0,1,stable
311__3963_2400,6,s_16_32,256.0,0.0,0.0,4.0,0.9883035096266605,0.8496959629027921,0.87549,0,1,stable
311__3963_2400,7,t_8_16,191.9996337890625,0.0,0.0,3.0,0.9940487530426387,0.7664137352355349,0.87549,0,1,stable
311__3963_2400,8,t_8_16,181.99920654296875,0.0,0.0,3.0,0.9751274435280838,0.765254846598611,0.87549,0,1,stable
311__3963_2400,9,t_8_16,224.0,0.0,0.0,4.0,0.9777078467526594,0.8807491605486835,0.87549,0,1,stable
311__3963_2400,10,s_16_32,319.9993896484375,0.0,0.0,5.0,0.9786289101567319,0.8301014060447635,0.87549,0,1,stable
311__3963_2400,11,t_8_16,234.00054931640625,0.0,0.0,4.0,0.9100361212674725,0.9052653055484222,0.87549,0,1,stable
311__3963_2400,12,s_16_32,288.0,0.0,0.0,4.0,0.9389696734921088,0.8165262296707254,0.87549,0,1,stable
311__3963_2400,13,s_16_32,288.0,0.0,0.0,4.0,0.9945135872384553,0.7560512726243641,0.87549,0,1,stable
311__3963_2400,14,s_16_32,363.9984130859375,0.0,0.0,8.0,0.9654660839827698,0.9047077670996975,0.87549,0,1,stable
311__3963_2400,15,t_8_16,252.0,0.0,0.0,4.0,0.9707067074253422,0.7786309568903312,0.87549,0,1,stable
311__3963_2400,16,t_8_16,180.0,0.0,0.0,4.0,0.9928707596192389,0.9228424852037957,0.87549,0,1,stable
311__3963_2400,17,t_8_16,159.99969482421875,0.0,0.0,3.0,0.9686175976417405,0.8165507383008563,0.87549,0,1,stable
311__3963_2400,18,t_8_16,160.0,0.25,0.25,2.0,0.8818808797201637,0.7483435735853482,0.87549,0,0,mild
311__3963_2400,19,t_8_16,160.0,0.25,0.25,3.0,0.9786584031925575,0.7491889070183239,0.87549,0,0,mild
311__3963_2400,20,t_8_16,210.0,0.0,0.0,3.0,0.9903598727223161,0.8035358133733207,0.87549,0,1,stable
311__3963_2400,21,t_8_16,180.0,0.0,0.0,4.0,0.9439971062772904,0.7581601731976131,0.87549,0,1,stable
311__3963_2400,22,t_8_16,219.99984741210938,0.0,0.0,2.0,0.9882046536781163,0.8618402894768957,0.87549,0,1,stable
311__3963_2400,23,t_8_16,127.9998779296875,0.0,0.0,3.0,0.9644436286336622,0.8605014827852309,0.87549,0,1,stable
311__3963_2400,24,t_8_16,167.999267578125,0.0,0.0,3.0,0.989135845964588,0.8152123376865309,0.87549,0,1,stable
311__3963_2400,25,s_16_32,270.0,0.0,0.0,4.0,0.7663121276977416,0.7661850370370357,0.87549,0,1,stable
311__3963_2400,26,t_8_16,167.999267578125,0.0,0.0,3.0,0.9850437816753557,0.8075797163389743,0.87549,0,1,stable
311__3963_2400,27,t_8_16,140.0,0.0,0.0,2.0,0.9954653138820378,0.893362625602469,0.87549,0,1,stable
311__3963_2400,28,t_8_16,168.0,0.0,0.0,2.0,0.9904211770639804,0.8206318458700501,0.87549,0,1,stable
311__3963_2400,29,t_8_16,191.999267578125,0.0,0.0,3.0,0.9798847141547956,0.8807971971514972,0.87549,0,1,stable
311__3963_2400,30,t_8_16,216.0,0.0,0.0,2.0,0.5853357760578368,0.7795494583333338,0.87549,0,1,stable
311__3963_2400,31,t_8_16,238.0008544921875,0.0,0.0,3.0,0.9935397528673173,0.8819109644273497,0.87549,0,1,stable
311__3963_2400,32,t_8_16,252.0,0.0,0.0,5.0,0.9918976068331431,0.8587281198271622,0.87549,0,1,stable
311__3963_2400,33,t_8_16,199.99984741210938,0.0,0.0,3.0,0.9950203738508906,0.8251432736764086,0.87549,0,1,stable
311__3963_2400,34,t_8_16,200.0,0.5,0.0,2.0,0.12007642440915496,0.8814464566413226,0.87549,0,1,mild
311__3963_2400,35,s_16_32,264.0,0.0,0.0,5.0,0.9897281289020244,0.7580883409090886,0.87549,0,1,stable
311__3963_2400,36,s_16_32,300.0,0.0,0.0,3.0,0.9964566730666086,0.8574700799999987,0.87549,0,1,stable
311__3963_2400,37,t_8_16,168.9998016357422,0.5,0.0,2.0,0.16349991304977254,0.6371221407144231,0.87549,0,0,mild
311__3963_2400,38,t_8_16,128.0,0.5,0.5,1.0,,0.74477278710151,0.87549,0,0,mild
311__3963_2400,39,t_8_16,242.0,0.0,0.0,4.0,0.6761768744736701,0.8030768677685977,0.87549,0,1,stable
311__3963_2400,40,t_8_16,196.00021362304688,0.0,0.0,2.0,0.968122975108727,0.6021699780495201,0.87549,0,0,stable
311__3963_2400,41,t_8_16,120.0,0.0,0.0,5.0,0.9967440871732605,0.8433765636128112,0.87549,0,1,stable
311__3963_2400,42,t_8_16,160.0,0.0,0.0,2.0,0.992034512415797,0.8782970918928896,0.87549,0,1,stable
311__3963_2400,43,t_8_16,120.0,0.0,0.0,2.0,0.9803861773604594,0.7086930902078991,0.87549,0,0,stable
311__3963_2400,44,t_8_16,143.999755859375,0.25,0.0,3.0,0.9646573920653589,0.44102143114574127,0.87549,1,0,mild
311__3963_2400,45,t_8_16,191.9996337890625,0.0,0.0,3.0,0.9686537798807863,0.8294942819575422,0.87549,0,1,stable
311__3963_2400,46,t_8_16,252.00027465820312,0.5,0.0,6.0,0.548790462415303,0.7608385404281124,0.87549,0,1,mild
311__3963_2400,47,s_16_32,528.0000610351562,0.0,0.0,10.0,0.9992727511152829,0.9431288854784475,0.87549,0,1,stable
311__3963_2400,48,t_8_16,223.9990234375,0.0,0.0,3.0,0.686088962593202,0.8606193001145309,0.87549,0,1,stable
311__3963_2400,49,t_8_16,224.0,0.0,0.0,4.0,0.9796013688615697,0.7200959196908743,0.87549,0,0,stable
311__3963_2400,50,t_8_16,110.0,0.0,0.0,7.0,0.97583029071895,0.619074538072987,0.87549,0,0,stable
311__3963_2400,51,s_16_32,287.9996337890625,0.0,0.0,5.0,0.9806676119726634,0.6895856511736677,0.87549,0,0,stable
311__3963_2400,52,t_8_16,220.0,0.0,0.0,3.0,0.991518109310412,0.8653847619836885,0.87549,0,1,stable
311__3963_2400,53,t_8_16,200.0,0.0,0.0,4.0,0.9801996277811328,0.8455295682589944,0.87549,0,1,stable
311__3963_2400,54,t_8_16,112.0,0.0,0.0,1.0,,0.7553545693982088,0.87549,0,1,stable
311__3963_2400,55,t_8_16,200.0,0.0,0.0,3.0,0.9978985483646388,0.9089075606191064,0.87549,0,1,stable
311__3963_2400,56,s_16_32,308.0,0.0,0.0,5.0,0.8616165659151328,0.8365994901696612,0.87549,0,1,stable
311__3963_2400,57,t_8_16,220.0,0.0,0.0,4.0,0.9709797946522635,0.8184511605243869,0.87549,0,1,stable
311__3963_2400,58,s_16_32,324.0,0.25,0.0,4.0,0.9684886991096431,0.756101364483233,0.87549,0,1,mild
311__3963_2400,59,s_16_32,320.0,0.0,0.0,7.0,0.9776829695866448,0.7391241161248684,0.87549,0,0,stable
311__3963_2400,60,s_16_32,374.0,0.0,0.0,6.0,0.8602654060035044,0.8151258315842327,0.87549,0,1,stable
311__3963_2400,61,s_16_32,279.9991455078125,0.0,0.0,7.0,0.9740507483262174,0.8858509359598957,0.87549,0,1,stable
311__3963_2400,62,t_8_16,144.0,0.25,0.25,3.0,0.6448419834268522,0.49910370566717444,0.87549,1,0,mild
31da537ca,0,s_16_32,364.0,0.0,0.0,8.0,0.980739706826584,0.8849519034313245,0.73705,0,1,stable
362__0_1200,0,s_16_32,572.0,0.0,0.0,10.0,0.818208632042155,0.587777223776226,0.90025,0,0,stable
362__0_1200,1,t_8_16,224.0,0.0,0.0,3.0,0.992701711245535,0.868740078625061,0.90025,0,1,stable
362__0_1200,2,t_8_16,192.0,0.0,0.0,5.0,0.9016911986775268,0.9422745345124538,0.90025,0,1,stable
362__0_1200,3,t_8_16,139.99978637695312,0.0,0.0,2.0,0.9980102884681856,0.6835054282829391,0.90025,0,0,stable
362__0_1200,4,t_8_16,192.0,0.0,0.0,4.0,0.993129995592987,0.8411615640701147,0.90025,0,1,stable
362__0_1200,5,t_8_16,252.0,0.0,0.0,7.0,0.9757659857371483,0.7621066280664804,0.90025,0,1,stable
362__0_1200,6,t_8_16,192.0,0.0,0.0,4.0,0.981898295672926,0.77923819350805,0.90025,0,1,stable
362__0_1200,7,t_8_16,224.0,0.0,0.0,4.0,0.9512903072252163,0.7420267410639726,0.90025,0,0,stable
362__0_1200,8,t_8_16,192.0,0.0,0.0,3.0,0.9946332676826206,0.826488100880425,0.90025,0,1,stable
362__0_1200,9,t_8_16,140.0,0.0,0.0,2.0,0.4198825291872371,0.7409936636705302,0.90025,0,0,stable
362__0_1200,10,t_8_16,252.0,0.0,0.0,6.0,0.9912951743330104,0.877920243175546,0.90025,0,1,stable
362__0_1200,11,t_8_16,159.99969482421875,0.0,0.0,3.0,0.975456085331115,0.7550739337791668,0.90025,0,1,stable
362__0_1200,12,t_8_16,252.0,0.0,0.0,4.0,0.8460740496677625,0.6876142063492019,0.90025,0,0,stable
362__0_1200,13,t_8_16,140.0,0.0,0.0,3.0,0.7038028805100881,0.6128866538424166,0.90025,0,0,stable
362__0_1200,14,t_8_16,252.0,0.0,0.0,6.0,0.9915895273171657,0.916943550449753,0.90025,0,1,stable
362__0_1200,15,t_8_16,192.0,0.0,0.0,4.0,0.9952109646154784,0.9218935686413943,0.90025,0,1,stable
362__0_1200,16,t_8_16,192.0,0.0,0.0,2.0,0.9205160332166432,0.8571853200490376,0.90025,0,1,stable
362__0_1200,17,t_8_16,140.0,0.0,0.0,2.0,0.28374348537725297,0.6620362965371792,0.90025,0,0,stable
362__0_1200,18,t_8_16,192.0,0.0,0.0,5.0,0.8955911373432788,0.8572822681818085,0.90025,0,1,stable
362__0_1200,20,t_8_16,224.0,0.0,0.0,2.0,0.9252766509806981,0.5986038362908855,0.90025,0,0,stable
362__0_1200,21,s_16_32,320.0,0.0,0.0,5.0,0.9773150194474508,0.7775073417083627,0.90025,0,1,stable
362__0_1200,22,s_16_32,560.0,0.0,0.0,10.0,0.9862573350318766,0.7822831692830814,0.90025,0,1,stable
362__0_1200,23,t_8_16,240.0,0.0,0.0,3.0,0.9814781643852958,0.6410357609704667,0.90025,0,0,stable
362__0_1200,24,s_16_32,671.9991455078125,0.0,0.0,10.0,0.9887375366905382,0.8473215081152339,0.90025,0,1,stable
362__0_1200,25,s_16_32,359.9993896484375,0.0,0.0,6.0,0.9502178615834344,0.6921634032934653,0.90025,0,0,stable
362__0_1200,26,s_16_32,360.0,0.25,0.0,7.0,0.24262141185738098,0.0,0.90025,1,0,mild
362__0_1200,27,s_16_32,360.0,0.0,0.0,8.0,0.6416563212242172,0.0,0.90025,1,0,stable
362__0_1200,28,s_16_32,320.0,0.0,0.0,3.0,0.9896147551204683,0.7136234816648717,0.90025,0,0,stable
362__0_1200,29,s_16_32,288.0,0.0,0.0,5.0,0.8346392223677273,0.6636797007231185,0.90025,0,0,stable
362__0_1200,31,s_16_32,599.9981689453125,0.0,0.0,8.0,0.8728988668879725,0.5292019333333344,0.90025,0,0,stable
362__0_1200,32,s_16_32,572.0,0.0,0.0,8.0,0.9632460504677464,0.5967644230769263,0.90025,0,0,stable
362__0_1200,33,s_16_32,912.0,0.0,0.0,10.0,0.9660223670334301,0.7053064602818772,0.90025,0,0,stable
362__0_1200,34,t_8_16,192.0,0.0,0.0,3.0,0.9108760611101556,0.8743158855952802,0.90025,0,1,stable
362__0_1200,35,t_8_16,240.0,0.0,0.0,7.0,0.9664115575110936,0.8072207910041214,0.90025,0,1,stable
362__0_1200,36,s_16_32,280.0,0.0,0.0,5.0,0.9913258268549269,0.8524795332028026,0.90025,0,1,stable
362__0_1200,37,t_8_16,192.0,0.0,0.0,2.0,0.9980899579927185,0.895045900886162,0.90025,0,1,stable
362__0_1200,38,t_8_16,224.0,0.0,0.0,5.0,0.9885806921125208,0.7255429217474794,0.90025,0,0,stable
362__0_1200,39,s_16_32,256.0,0.0,0.0,6.0,0.9952735895023748,0.7799177962233748,0.90025,0,1,stable
362__0_1200,40,t_8_16,192.0,0.0,0.0,3.0,0.9262244524274073,0.6792005319785102,0.90025,0,0,stable
362__0_1200,41,s_16_32,288.0,0.0,0.0,6.0,0.988718227327984,0.7491133824401119,0.90025,0,0,stable
362__0_1200,42,t_8_16,196.0,0.0,0.0,2.0,0.8298090841480302,0.7547818585119446,0.90025,0,1,stable
362__0_1200,43,s_16_32,440.0,0.0,0.0,8.0,0.9771117238275242,0.7604199379071351,0.90025,0,1,stable
362__0_1200,44,t_8_16,140.0,0.0,0.0,2.0,0.9859452832471155,0.6791684591792071,0.90025,0,0,stable
362__0_1200,45,t_8_16,252.0,0.0,0.0,3.0,0.9882954274360471,0.8421026067005489,0.90025,0,1,stable
362__0_1200,46,t_8_16,140.0,0.0,0.0,2.0,0.9873655753123574,0.7611905476033881,0.90025,0,1,stable
362__0_1200,47,s_16_32,280.0,0.0,0.0,4.0,0.9214874485296294,0.4552743722107794,0.90025,1,0,stable
362__0_1200,48,t_8_16,216.0,0.0,0.0,3.0,0.9714599794736137,0.7984593045443974,0.90025,0,1,stable
362__0_1200,49,t_8_16,160.0009765625,0.0,0.0,3.0,0.9965483280529012,0.7666192402465057,0.90025,0,1,stable
362__0_1200,50,t_8_16,139.9993896484375,0.5,0.0,3.0,0.1299703674001917,0.8232416742717534,0.90025,0,1,mild
362__0_1200,51,s_16_32,576.0,0.0,0.0,10.0,0.9827354333177223,0.8680015103411458,0.90025,0,1,stable
362__0_1200,52,s_16_32,864.0,0.0,0.0,10.0,0.9742679812883188,0.3716802233796278,0.90025,1,0,stable
362__0_1200,53,t_8_16,224.0,0.0,0.0,3.0,0.9912293482170437,0.831838811779464,0.90025,0,1,stable
362__0_1200,54,t_8_16,192.0,0.0,0.0,3.0,0.9963054377014796,0.75956141086977,0.90025,0,1,stable
362__0_1200,55,t_8_16,252.0,0.0,0.0,5.0,0.9882155332569008,0.6887320115445837,0.90025,0,0,stable
362__0_1200,56,t_8_16,216.0,0.0,0.0,3.0,0.9791951069962369,0.7705150869601781,0.90025,0,1,stable
362__0_1200,57,t_8_16,252.0,0.0,0.0,3.0,0.983838094499604,0.8441032059382112,0.90025,0,1,stable
362__0_1200,58,t_8_16,195.99935913085938,0.25,0.0,5.0,0.9288308920734988,0.6635666708558543,0.90025,0,0,mild
362__0_1200,59,t_8_16,140.0008544921875,0.0,0.0,2.0,0.9882474967116431,0.6332057928516647,0.90025,0,0,stable
362__0_1200,60,s_16_32,432.0,0.0,0.0,9.0,0.9947068078178462,0.7790302222222213,0.90025,0,1,stable
362__0_1200,61,t_8_16,192.00018310546875,0.0,0.0,3.0,0.9976643182542698,0.7974245678410509,0.90025,0,1,stable
362__0_1200,62,t_8_16,167.9991455078125,0.0,0.0,1.0,,0.7044439206396149,0.90025,0,0,stable
362__0_1200,63,t_8_16,192.0,0.0,0.0,3.0,0.994630089240046,0.7115354603183789,0.90025,0,0,stable
362__0_1200,64,t_8_16,168.0,0.0,0.0,2.0,0.9903223895222426,0.6953739437124925,0.90025,0,0,stable
362__0_1200,65,s_16_32,280.0,0.0,0.0,6.0,0.7852100606152794,0.788257264937413,0.90025,0,1,stable
362__0_1200,66,t_8_16,168.0,0.0,0.0,3.0,0.746360258553644,0.7865868513242975,0.90025,0,1,stable
362__0_1200,67,s_16_32,432.0,0.0,0.0,8.0,0.9938436891677714,0.8682238101851925,0.90025,0,1,stable
362__0_1200,68,s_16_32,308.0,0.0,0.0,6.0,0.9604509386241883,0.8077454757346181,0.90025,0,1,stable
362__0_1200,69,s_16_32,280.0,0.0,0.0,4.0,0.9081821333028517,0.6893952000000028,0.90025,0,0,stable
362__0_1200,70,t_8_16,160.0,0.0,0.0,2.0,0.9925090778890041,0.7226156435404153,0.90025,0,0,stable
362__0_1200,71,s_16_32,352.000244140625,0.0,0.0,5.0,0.9893270624885852,0.9272762295994629,0.90025,0,1,stable
362__0_1200,72,t_8_16,200.0,0.0,0.0,4.0,0.9819290575948211,0.6876660855340883,0.90025,0,0,stable
362__0_1200,73,s_16_32,432.0,0.0,0.0,8.0,0.9879326194918998,0.6642108611111093,0.90025,0,0,stable
362__0_1200,74,s_16_32,352.0,0.0,0.0,7.0,0.9923316679586625,0.5174699999999992,0.90025,0,0,stable
362__0_1200,75,t_8_16,192.0,0.25,0.0,5.0,0.6462106057505183,0.7709414705152632,0.90025,0,1,mild
362__0_1200,76,s_16_32,340.0,0.0,0.0,6.0,0.9962703828136429,0.467442718615492,0.90025,1,0,stable
362__1800_2342,0,t_8_16,149.9993896484375,0.0,0.0,2.0,0.9978439149083635,0.4759358197949499,0.85612,1,0,stable
362__1800_2342,1,t_8_16,192.0,0.0,0.0,3.0,0.9778490698249299,0.7190857830557584,0.85612,0,0,stable
362__1800_2342,2,t_8_16,112.0,0.5,0.5,0.0,,0.5362047172542974,0.85612,0,0,mild
362__1800_2342,3,t_8_16,96.0,0.0,0.0,1.0,,0.5177620593606218,0.85612,0,0,stable
362__1800_2342,4,t_8_16,144.0,0.0,0.0,2.0,0.9830628559988693,0.539466540216003,0.85612,0,0,stable
362__1800_2342,5,t_8_16,156.0,0.0,0.0,2.0,0.9933322693452339,0.5858206439199315,0.85612,0,0,stable
362__1800_2342,6,t_8_16,110.0,0.25,0.0,3.0,0.7490704658466192,0.64890691041026,0.85612,0,0,mild
362__1800_2342,7,t_8_16,140.0,0.0,0.0,2.0,0.9711107940664009,0.6087806697178753,0.85612,0,0,stable
362__1800_2342,8,t_8_16,144.0,0.0,0.0,3.0,0.9796892659630773,0.6267456934954108,0.85612,0,0,stable
362__1800_2342,9,t_8_16,110.0,0.25,0.0,2.0,0.9821851495629184,0.494968501194521,0.85612,1,0,mild
362__1800_2342,10,t_8_16,96.0,0.0,0.0,1.0,,0.41679478040949913,0.85612,1,0,stable
362__1800_2342,11,t_8_16,96.0,0.25,0.25,2.0,0.9590276771894197,0.4662258629849586,0.85612,1,0,mild
362__1800_2342,12,t_8_16,120.0,0.0,0.0,1.0,,0.5823769785293283,0.85612,0,0,stable
362__1800_2342,13,t_8_16,88.0,0.0,0.0,1.0,,0.5784208152092072,0.85612,0,0,stable
362__1800_2342,14,t_8_16,88.0,0.25,0.25,1.0,,0.4477495552752982,0.85612,1,0,mild
362__1800_2342,15,t_8_16,119.9993896484375,0.0,0.0,1.0,,0.6329847799126163,0.85612,0,0,stable
362__1800_2342,16,t_8_16,144.0,0.0,0.0,4.0,0.9283328733859026,0.6978904738638516,0.85612,0,0,stable
362__1800_2342,17,t_8_16,168.0,0.0,0.0,1.0,,0.7426280677252629,0.85612,0,0,stable
362__1800_2342,18,t_8_16,120.0,0.0,0.0,2.0,0.9753723581311874,0.5571799828410854,0.85612,0,0,stable
362__1800_2342,19,t_8_16,144.0,0.0,0.0,4.0,0.8833269440153102,0.7069387330828096,0.85612,0,0,stable
362__1800_2342,20,t_8_16,168.0,0.0,0.0,3.0,0.9906112326894069,0.664361332841706,0.85612,0,0,stable
362__1800_2342,21,s_16_32,256.0,0.0,0.0,3.0,0.9965913630953053,0.7917006640466043,0.85612,0,1,stable
362__1800_2342,22,s_16_32,440.0,0.0,0.0,10.0,0.9596778086820289,0.5190840227272714,0.85612,0,0,stable
362__1800_2342,23,s_16_32,520.0,0.0,0.0,10.0,0.9912346011999053,0.8472545122628894,0.85612,0,1,stable
362__1800_2342,24,s_16_32,624.0,0.0,0.0,10.0,0.9531653887635133,0.7958303006505969,0.85612,0,1,stable
362__1800_2342,25,s_16_32,432.0,0.0,0.0,6.0,0.9866600867620108,0.695681828767306,0.85612,0,0,stable
362__1800_2342,26,s_16_32,440.0,0.0,0.0,5.0,0.9848292566063583,0.8189875293677175,0.85612,0,1,stable
362__1800_2342,27,s_16_32,352.0,0.0,0.0,6.0,0.9834165968210908,0.6650564228722036,0.85612,0,0,stable
362__1800_2342,28,s_16_32,361.0,0.0,0.0,8.0,0.9822622306076292,0.7620514125565381,0.85612,0,1,stable
362__1800_2342,29,t_8_16,224.0,0.0,0.0,5.0,0.8911240956287868,0.8520978045330582,0.85612,0,1,stable
362__1800_2342,30,t_8_16,224.0,0.0,0.0,6.0,0.9871001443938276,0.7559451361867565,0.85612,0,1,stable
362__1800_2342,31,t_8_16,224.0,0.0,0.0,3.0,0.9934830671729016,0.9058914660152042,0.85612,0,1,stable
362__1800_2342,32,s_16_32,308.0,0.25,0.0,8.0,0.7274991750653684,0.6410862872666906,0.85612,0,0,mild
362__1800_2342,33,s_16_32,280.0,0.0,0.0,6.0,0.9688314793543866,0.6060368250000022,0.85612,0,0,stable
362__1800_2342,34,s_16_32,256.000244140625,0.0,0.0,5.0,0.9307521420671288,0.6822610703125014,0.85612,0,0,stable
362__1800_2342,35,s_16_32,368.0,0.0,0.0,8.0,0.9139524154384593,0.5430717391304327,0.85612,0,0,stable
362__1800_2342,36,s_16_32,324.0,0.0,0.0,6.0,0.9931877050817993,0.7366818425925873,0.85612,0,0,stable
362__1800_2342,37,t_8_16,182.0,0.25,0.0,4.0,0.48844045569840877,0.9402643329796038,0.85612,0,1,mild
362__1800_2342,38,s_16_32,378.0,0.0,0.0,7.0,0.9851830905261816,0.7485580636173169,0.85612,0,0,stable
362__1800_2342,39,t_8_16,240.0,0.0,0.0,4.0,0.7655092546574033,0.8303705949346437,0.85612,0,1,stable
362__1800_2342,40,s_16_32,256.0,0.0,0.0,3.0,0.9884014489784064,0.7402510423072893,0.85612,0,0,stable
362__1800_2342,41,s_16_32,299.99977111816406,0.0,0.0,7.0,0.9671673926498672,0.7328004742805395,0.85612,0,0,stable
362__1800_2342,42,t_8_16,252.0,0.0,0.0,3.0,0.9900279093283517,0.7037096487820735,0.85612,0,0,stable
362__1800_2342,43,s_16_32,360.0,0.0,0.0,8.0,0.8787753567745091,0.6273666597780851,0.85612,0,0,stable
362__1800_2342,44,s_16_32,306.0,0.0,0.0,5.0,0.9729150402506137,0.5517002884323533,0.85612,0,0,stable
362__1800_2342,45,t_8_16,195.99957275390625,0.0,0.0,3.0,0.9533893740996463,0.7321066026039258,0.85612,0,0,stable
362__1800_2342,46,s_16_32,324.0,0.0,0.0,5.0,0.9758661077664135,0.7368790273441407,0.85612,0,0,stable
362__1800_2342,47,s_16_32,280.0,0.0,0.0,7.0,0.9913323653271413,0.7934695836997403,0.85612,0,1,stable
362__1800_2342,48,t_8_16,196.0,0.0,0.0,5.0,0.934136803538423,0.7468538463808742,0.85612,0,0,stable
362__1800_2342,49,t_8_16,168.0,0.25,0.0,3.0,0.7771269740831174,0.4928562769790166,0.85612,1,0,mild
362__1800_2342,50,t_8_16,238.0008544921875,0.0,0.0,3.0,0.9894056400145331,0.7674657221009461,0.85612,0,1,stable
362__1800_2342,51,s_16_32,280.0,0.0,0.0,4.0,0.9593485497160141,0.6980844580461582,0.85612,0,0,stable
362__1800_2342,52,s_16_32,441.00064086937346,0.0,0.0,10.0,0.9911414768062071,0.8117431684329542,0.85612,0,1,stable
362__1800_2342,53,s_16_32,624.0,0.0,0.0,10.0,0.9975957624121072,0.8980319033803902,0.85612,0,1,stable
362__1800_2342,54,s_16_32,420.0,0.0,0.0,10.0,0.9827417197992776,0.7327218247918618,0.85612,0,0,stable
362__1800_2342,55,s_16_32,288.0,0.0,0.0,7.0,0.9324916169568962,0.6285986737447451,0.85612,0,0,stable
362__1800_2342,56,s_16_32,440.0,0.0,0.0,7.0,0.997935873131716,0.836885906868005,0.85612,0,1,stable
362__1800_2342,57,s_16_32,324.0,0.0,0.0,8.0,0.9774835410856493,0.8222644830039623,0.85612,0,1,stable
362__1800_2342,58,s_16_32,520.0,0.0,0.0,9.0,0.9735564214491665,0.6269214593063678,0.85612,0,0,stable
362__1800_2342,59,t_8_16,81.0,0.0,0.0,2.0,0.9187067038848762,0.3912242999323704,0.85612,1,0,stable
38af45d7f,0,t_8_16,90.00091552734375,0.5,0.0,4.0,0.2902857849099871,0.7387920923139951,0.37983,0,0,mild
395e9eb84,0,t_8_16,210.0,0.0,0.0,2.0,0.9986934944985835,0.926416461904763,0.83268,0,1,stable
395e9eb84,1,t_8_16,180.0,0.0,0.0,2.0,0.9989340804224204,0.8997209069876426,0.83268,0,1,stable
395e9eb84,2,t_8_16,65.0,0.0,0.0,3.0,0.9944915248210617,0.7525861116554817,0.83268,0,1,stable
395e9eb84,3,t_8_16,95.99998474121094,0.0,0.0,1.0,0.9999999918060155,0.7135911587424164,0.83268,0,0,stable
395e9eb84,4,t_8_16,143.0,0.0,0.0,4.0,0.8826268889181376,0.7922812698802689,0.83268,0,1,stable
395e9eb84,5,t_8_16,181.9999876022339,0.0,0.0,3.0,0.9969708395411182,0.8024282998916807,0.83268,0,1,stable
3af35da77,0,t_8_16,64.0,0.25,0.25,1.0,,0.740168653150899,0.50131,0,0,mild
3af35da77,1,t_8_16,88.0,0.0,0.0,1.0,,0.5213349090909135,0.50131,0,0,stable
3d4e85911,0,t_8_16,128.0,0.5,0.5,0.0,,0.6834417656249999,0.73764,0,0,mild
3e12064c9,0,t_8_16,120.0,0.0,0.0,7.0,0.9678555758509766,0.7470516903950829,0.69389,0,0,stable
3e12064c9,1,t_8_16,126.0,0.25,0.0,3.0,0.7655044034946773,0.7654416563495209,0.69389,0,1,mild
3e571b7c7,0,t_8_16,128.0,0.0,0.0,2.0,0.5654497947309449,0.8205044359362205,0.19305,0,1,stable
40d6b6c63,0,t_8_16,169.00079345703125,0.0,0.0,2.0,0.9517177823567717,0.9026413882782647,0.76283,0,1,stable
40d6b6c63,1,t_8_16,169.00039672851562,0.0,0.0,2.0,0.9970333287610528,0.8286485030812665,0.76283,0,1,stable
42__1800_1200,0,t_8_16,168.0,0.0,0.0,3.0,0.9836527053445691,0.7854335007529761,0.83484,0,1,stable
42__1800_1200,1,t_8_16,120.0,0.0,0.0,2.0,0.9943998760414318,0.8679896544084446,0.83484,0,1,stable
42__1800_1200,2,t_8_16,210.0,0.6666666666666666,0.0,3.0,0.3073354838470159,0.711060444063545,0.83484,0,0,high
42__1800_1200,3,t_8_16,140.0,0.0,0.0,2.0,0.9560318352838847,0.8331711632857168,0.83484,0,1,stable
42__1800_1200,4,t_8_16,216.0,0.0,0.0,5.0,0.8742947195267459,0.8384982966812268,0.83484,0,1,stable
42__1800_1200,5,t_8_16,140.0,0.0,0.0,3.0,0.9934506573675638,0.7698440560490053,0.83484,0,1,stable
42__1800_1200,6,t_8_16,98.0,0.0,0.0,3.0,0.9971535147722489,0.81916944877937,0.83484,0,1,stable
42__1800_1200,7,t_8_16,153.99989318847656,0.0,0.0,2.0,0.9989667335057313,0.8415945322657366,0.83484,0,1,stable
42__1800_1200,8,t_8_16,120.0,0.0,0.0,1.0,,0.6226409211170698,0.83484,0,0,stable
42__1800_1200,9,t_8_16,168.0,0.0,0.0,2.0,0.9818191987713126,0.865412489412875,0.83484,0,1,stable
42__1800_1200,10,t_8_16,80.0,0.6666666666666666,0.6666666666666666,0.0,,0.7543859649122883,0.83484,0,1,high
42__1800_1200,11,t_8_16,168.0,0.0,0.0,2.0,0.9980784022648586,0.8642881492434437,0.83484,0,1,stable
42__1800_1200,12,t_8_16,176.0,0.0,0.0,2.0,0.9939759467386009,0.8157313240350357,0.83484,0,1,stable
42__1800_1200,13,t_8_16,140.0,0.0,0.0,2.0,0.9961205166696427,0.7992956350691849,0.83484,0,1,stable
42__1800_1200,14,t_8_16,104.000244140625,0.0,0.0,2.0,0.9205456772129483,0.47305472914961144,0.83484,1,0,stable
42__1800_1200,15,t_8_16,100.0,0.0,0.0,2.0,0.9974388777940049,0.6666899865034613,0.83484,0,0,stable
42__1800_1200,16,t_8_16,90.0,0.5,0.0,2.0,0.8959318814181364,0.0,0.83484,1,0,mild
42__1800_1200,17,t_8_16,72.00048828125,0.0,0.0,1.0,,0.0,0.83484,1,0,stable
42__1800_1200,18,t_8_16,80.0,0.0,0.0,1.0,,0.5823270420760104,0.83484,0,0,stable
42__1800_1200,19,t_8_16,84.0,0.0,0.0,4.0,0.8065044902988715,0.6635484298242202,0.83484,0,0,stable
42__1800_1200,20,t_8_16,64.0,0.25,0.25,2.0,0.36634591737928407,0.0,0.83484,1,0,mild
42__1800_1200,23,t_8_16,144.0,0.0,0.0,2.0,0.987734440325147,0.7018533562628796,0.83484,0,0,stable
42__1800_1200,24,t_8_16,144.0,0.0,0.0,2.0,0.9975617649258498,0.759375770858909,0.83484,0,1,stable
45e192ef3,0,t_8_16,77.0,0.0,0.0,2.0,0.9991117153541204,0.6762726715798464,0.58851,0,0,stable
45e192ef3,1,t_8_16,76.99966430664062,0.0,0.0,3.0,0.9406872471624547,0.7398369537381635,0.58851,0,0,stable
46__1200_1200,0,t_8_16,77.0,0.0,0.0,3.0,0.9846189973135542,0.7251931207822915,0.78568,0,0,stable
46__1200_1200,1,t_8_16,140.0,0.0,0.0,2.0,0.9934280706528953,0.5887266834179742,0.78568,0,0,stable
46__1200_1200,2,s_16_32,288.0,0.0,0.0,3.0,0.993677196671158,0.5692917646570578,0.78568,0,0,stable
46__1200_1200,3,t_8_16,180.0,0.0,0.0,3.0,0.9914059460612759,0.6618619936362585,0.78568,0,0,stable
46__1200_1200,5,t_8_16,167.9999885559082,0.0,0.0,2.0,0.9917885833174351,0.7192721852831859,0.78568,0,0,stable
46__1200_1200,6,s_16_32,256.0,0.0,0.0,5.0,0.32989014562717495,0.6315805640686912,0.78568,0,0,stable
46__1200_1200,7,t_8_16,144.0,0.0,0.0,2.0,0.9964118773396252,0.7831723659098341,0.78568,0,1,stable
46__1200_1200,8,t_8_16,252.0,0.0,0.0,7.0,0.9778948316300594,0.695540383631063,0.78568,0,0,stable
46__1200_1200,9,t_8_16,240.0,0.0,0.0,5.0,0.9948637912688143,0.6157853641708039,0.78568,0,0,stable
46__1200_1200,10,t_8_16,120.0,0.0,0.0,2.0,0.9980281945195003,0.7427914265795106,0.78568,0,0,stable
46__1200_1200,11,t_8_16,80.0,0.5,0.5,1.0,,0.7615905201845512,0.78568,0,1,mild
46__1200_1200,12,t_8_16,112.0,0.25,0.25,1.0,,0.8087417582943398,0.78568,0,1,mild
46__1200_1200,13,t_8_16,168.0,0.0,0.0,2.0,0.9926630198941043,0.7580731523886417,0.78568,0,1,stable
46__1200_1200,14,t_8_16,90.0006103515625,0.0,0.0,1.0,,0.6976152344309344,0.78568,0,0,stable
46__1200_1200,15,t_8_16,88.0,0.0,0.0,1.0,,0.6104490790848437,0.78568,0,0,stable
46__1200_1200,16,s_16_32,256.0,0.0,0.0,6.0,0.9513503233851107,0.4617858984375026,0.78568,1,0,stable
46__1200_1200,17,t_8_16,196.0,0.25,0.0,1.0,0.6792485814608391,0.4634816638158385,0.78568,1,0,mild
46__1200_1200,18,s_16_32,256.0,0.0,0.0,5.0,0.4926678233983585,0.4789403320312497,0.78568,1,0,stable
46__1200_1200,19,t_8_16,196.0,0.0,0.0,3.0,0.9965079790032594,0.7662661632653063,0.78568,0,1,stable
46__1200_1200,20,t_8_16,224.0,0.0,0.0,5.0,0.7904098850680819,0.7002610609586156,0.78568,0,0,stable
46__1200_1200,21,t_8_16,112.0,0.5,0.5,1.0,,0.8202902096575306,0.78568,0,1,mild
46__1200_1200,22,t_8_16,88.0,0.25,0.25,2.0,0.9976770528578044,0.7395268510704119,0.78568,0,0,mild
46__1200_1200,23,t_8_16,224.0,0.0,0.0,5.0,0.9266069777439572,0.7104218984718637,0.78568,0,0,stable
46__1200_1200,24,t_8_16,238.0,0.0,0.0,5.0,0.8478113499149866,0.7688148314342782,0.78568,0,1,stable
46__1200_1200,25,t_8_16,192.0,0.0,0.0,2.0,0.9875558009320277,0.7925930200791057,0.78568,0,1,stable
46__1200_1200,26,t_8_16,132.0,0.0,0.0,2.0,0.9974465542935689,0.7504474414952739,0.78568,0,1,stable
46__1200_1200,27,t_8_16,139.9993896484375,0.0,0.0,2.0,0.9928553965761383,0.8384781725024738,0.78568,0,1,stable
46__1200_1200,28,t_8_16,72.0,0.0,0.0,1.0,,0.6252086633914067,0.78568,0,0,stable
46__1200_1200,29,t_8_16,192.0,0.0,0.0,3.0,0.5149690693381512,0.7563321368242485,0.78568,0,1,stable
46__1200_1200,30,t_8_16,140.0,0.25,0.0,2.0,0.9766336049883453,0.8056472650692292,0.78568,0,1,mild
46__1200_1200,31,t_8_16,120.0,0.0,0.0,2.0,0.8885348049955646,0.7516029489578724,0.78568,0,1,stable
46__1200_1200,32,t_8_16,110.0,0.0,0.0,2.0,0.9927362877673389,0.7892836784997619,0.78568,0,1,stable
46__1200_1200,33,t_8_16,160.0,0.0,0.0,3.0,0.9862805838964841,0.6818630527941256,0.78568,0,0,stable
46__1200_1200,34,t_8_16,120.0,0.0,0.0,1.0,,0.5904267428005607,0.78568,0,0,stable
46__1200_1200,35,t_8_16,119.9999771118164,0.0,0.0,2.0,0.43264005834151237,0.8299070966094155,0.78568,0,1,stable
46__1200_1200,36,t_8_16,150.00015258789062,0.0,0.0,3.0,0.9024065222049429,0.6325442060333424,0.78568,0,0,stable
46__1200_1200,37,t_8_16,144.0,0.0,0.0,1.0,,0.801435423170295,0.78568,0,1,stable
46__1200_1200,38,t_8_16,66.0,0.0,0.0,2.0,0.9899607338331844,0.7979052520880101,0.78568,0,1,stable
46__1200_1200,39,s_16_32,459.99737549200654,0.0,0.0,10.0,0.8468608077339248,0.5722079913043465,0.78568,0,0,stable
46__1200_1200,40,t_8_16,168.0,0.0,0.0,4.0,0.93589516854723,0.621187871200101,0.78568,0,0,stable
46__1200_1200,41,t_8_16,180.0,0.0,0.0,3.0,0.993903819171079,0.7492569333333391,0.78568,0,0,stable
46__1200_1200,42,t_8_16,195.0,0.0,0.0,2.0,0.9806544040415363,0.7294616717948693,0.78568,0,0,stable
46__1200_1200,43,t_8_16,168.0,0.0,0.0,3.0,0.9501093827746734,0.5992166947253903,0.78568,0,0,stable
46__1200_1200,44,t_8_16,165.0,0.0,0.0,2.0,0.9881996466924472,0.7570431393939422,0.78568,0,1,stable
46__1200_1200,45,t_8_16,130.00022888183594,0.0,0.0,2.0,0.996832989416465,0.7520104628185196,0.78568,0,1,stable
46__1200_1200,46,t_8_16,156.0,0.0,0.0,2.0,0.5223644069708459,0.6097598238888821,0.78568,0,0,stable
46__1200_1200,47,t_8_16,167.99932861234993,0.0,0.0,4.0,0.9192053243710635,0.7951199258750012,0.78568,0,1,stable
46__1200_1200,48,t_8_16,179.99990844726562,0.0,0.0,3.0,0.9958016013936524,0.8011758908930197,0.78568,0,1,stable
46__1200_1200,49,t_8_16,143.0,0.0,0.0,2.0,0.9985228697506842,0.7045166765477693,0.78568,0,0,stable
46__1200_1200,50,t_8_16,126.0,0.25,0.0,3.0,0.8338302263522717,0.6425574917835849,0.78568,0,0,mild
46__1200_600,0,t_8_16,210.00002670288086,0.0,0.0,2.0,0.997981722543943,0.7648715117796497,0.86456,0,1,stable
46__1200_600,1,t_8_16,168.0,0.0,0.0,5.0,0.7619506157321936,0.7611844700476046,0.86456,0,1,stable
46__1200_600,2,s_16_32,324.0,0.0,0.0,5.0,0.9497009471555501,0.7571507020731845,0.86456,0,1,stable
46__1200_600,3,t_8_16,144.0,0.0,0.0,2.0,0.996439313695961,0.6070739232551033,0.86456,0,0,stable
46__1200_600,5,s_16_32,456.0,0.0,0.0,8.0,0.9864125139002503,0.8910873238823485,0.86456,0,1,stable
46__1200_600,6,t_8_16,140.0,0.0,0.0,2.0,0.9799233814375459,0.8483168905435786,0.86456,0,1,stable
46__1200_600,7,t_8_16,160.0,0.0,0.0,2.0,0.9990498917819443,0.7112633775837922,0.86456,0,0,stable
46__1200_600,8,t_8_16,170.00015258789062,0.0,0.0,2.0,0.9711082186128528,0.6463628560820494,0.86456,0,0,stable
46__1200_600,9,t_8_16,240.0,0.0,0.0,3.0,0.9150897550934671,0.6986453211600457,0.86456,0,0,stable
46__1200_600,10,t_8_16,132.0,0.0,0.0,2.0,0.9989488524837009,0.5808365085949152,0.86456,0,0,stable
46__1200_600,11,t_8_16,154.0,0.25,0.0,2.0,0.8853787240738755,0.617834137312355,0.86456,0,0,mild
46__1200_600,12,t_8_16,196.0008544921875,0.0,0.0,2.0,0.9970388576929498,0.8059972794014778,0.86456,0,1,stable
46__1200_600,14,t_8_16,224.00010681152344,0.0,0.0,3.0,0.9941642164881278,0.7168452285517547,0.86456,0,0,stable
46__1200_600,15,t_8_16,192.0,0.25,0.0,5.0,0.7459891494542725,0.7590349232043355,0.86456,0,1,mild
46__1200_600,16,t_8_16,196.0,0.0,0.0,2.0,0.9566517339754022,0.79103946845777,0.86456,0,1,stable
46__1200_600,17,t_8_16,224.0,0.0,0.0,3.0,0.9859318368882553,0.7642257134318146,0.86456,0,1,stable
46__1200_600,18,t_8_16,238.0,0.0,0.0,5.0,0.9657228613023333,0.7683320040432858,0.86456,0,1,stable
46__1200_600,19,t_8_16,132.0,0.25,0.0,3.0,0.9130109739983016,0.8413528763034397,0.86456,0,1,mild
46__1200_600,20,s_16_32,256.0,0.0,0.0,4.0,0.9126433727415069,0.5885805612917714,0.86456,0,0,stable
46__1200_600,21,t_8_16,144.0,0.0,0.0,3.0,0.9783887996972114,0.7164151944380917,0.86456,0,0,stable
46__1200_600,22,t_8_16,252.0,0.0,0.0,5.0,0.9948916871783146,0.765660625745583,0.86456,0,1,stable
46__1200_600,23,t_8_16,168.0,0.0,0.0,2.0,0.9980949892124474,0.8285950994367131,0.86456,0,1,stable
46__1200_600,24,t_8_16,196.0,0.0,0.0,2.0,0.6388083242288267,0.9480423872538709,0.86456,0,1,stable
46__1200_600,25,t_8_16,195.9991455078125,0.0,0.0,5.0,0.9843758896563404,0.7643381939510646,0.86456,0,1,stable
46__1200_600,26,t_8_16,196.0,0.0,0.0,3.0,0.9150428530211768,0.8122260816326528,0.86456,0,1,stable
46__1200_600,27,t_8_16,144.0,0.0,0.0,2.0,0.9845881086011851,0.86798572019262,0.86456,0,1,stable
46__1200_600,28,t_8_16,120.0,0.0,0.0,1.0,,0.7814525417782704,0.86456,0,1,stable
46__1200_600,29,t_8_16,120.0,0.0,0.0,2.0,0.8993602241676486,0.6782529014347094,0.86456,0,0,stable
46__1200_600,30,t_8_16,144.0,0.0,0.0,2.0,0.9674319788678007,0.7019195271180234,0.86456,0,0,stable
46__1200_600,31,t_8_16,120.0,0.0,0.0,1.0,,0.636064963203631,0.86456,0,0,stable
46__1200_600,32,t_8_16,144.0,0.0,0.0,2.0,0.9989291455288836,0.8494902205730626,0.86456,0,1,stable
46__1200_600,33,t_8_16,180.0,0.0,0.0,4.0,0.9737242883886061,0.7900124776981127,0.86456,0,1,stable
46__1200_600,34,t_8_16,209.9991455078125,0.0,0.0,4.0,0.9843749954358268,0.7765781975764701,0.86456,0,1,stable
46__1200_600,35,t_8_16,210.0,0.0,0.0,4.0,0.8071686891650763,0.8308663337448612,0.86456,0,1,stable
46__1200_600,36,t_8_16,121.0,0.0,0.0,1.0,,0.7209914516948384,0.86456,0,0,stable
46__1200_600,37,t_8_16,144.0,0.0,0.0,3.0,0.9646619901236517,0.8704517838074685,0.86456,0,1,stable
46__1200_600,38,t_8_16,168.0,0.0,0.0,2.0,0.9982804239267036,0.9070622311793582,0.86456,0,1,stable
46__1200_600,39,t_8_16,110.0,0.0,0.0,2.0,0.7449138991176829,0.6472201812444327,0.86456,0,0,stable
46__1200_600,40,t_8_16,160.0,0.0,0.0,3.0,0.977317529417443,0.6900478534937599,0.86456,0,0,stable
46__1200_600,41,t_8_16,120.0,0.0,0.0,2.0,0.9943832470372822,0.6499926866693638,0.86456,0,0,stable
46__1200_600,42,t_8_16,144.0,0.0,0.0,3.0,0.9706653689741661,0.7983809246485124,0.86456,0,1,stable
46__1200_600,43,t_8_16,95.999267578125,0.0,0.0,3.0,0.9535063136891195,0.6916820204017418,0.86456,0,0,stable
46__1200_600,44,t_8_16,120.0,0.25,0.0,2.0,0.8454445375693463,0.8393985425885628,0.86456,0,1,mild
46__1200_600,45,t_8_16,131.99932861328125,0.25,0.0,2.0,0.9346550721802988,0.6373659957911537,0.86456,0,0,mild
46__1200_600,46,t_8_16,100.0,0.0,0.0,1.0,,0.6940984797334523,0.86456,0,0,stable
46__1200_600,47,t_8_16,216.0,0.0,0.0,3.0,0.9831593999216671,0.7896494130515356,0.86456,0,1,stable
46__1200_600,48,t_8_16,237.99981689080596,0.0,0.0,3.0,0.9686652841039207,0.715980196925362,0.86456,0,0,stable
46__1200_600,49,t_8_16,109.9993896484375,0.0,0.0,1.0,,0.7327914549671525,0.86456,0,0,stable
46__1200_600,50,t_8_16,108.0,0.25,0.0,1.0,,0.6921679180373224,0.86456,0,0,mild
46__1200_600,51,t_8_16,100.0,0.0,0.0,1.0,,0.7275103895831925,0.86456,0,0,stable
46__1200_600,52,t_8_16,144.0,0.0,0.0,2.0,0.9354715963705601,0.7864048272340883,0.86456,0,1,stable
46__1200_600,53,t_8_16,96.0,0.25,0.25,2.0,0.9844605242996929,0.6324425226682883,0.86456,0,0,mild
46__1200_600,54,t_8_16,209.99994277954102,0.0,0.0,2.0,0.9990957388169448,0.7654555885651503,0.86456,0,1,stable
46__1200_600,55,s_16_32,280.0,0.0,0.0,4.0,0.9794024032098714,0.6289333771107799,0.86456,0,0,stable
46__1200_600,56,t_8_16,156.0,0.0,0.0,3.0,0.8685969976776146,0.6701439723240902,0.86456,0,0,stable
46__1200_600,57,t_8_16,120.0,0.0,0.0,1.0,,0.9043970912948641,0.86456,0,1,stable
46__1200_600,58,t_8_16,120.0,0.5,0.0,2.0,0.18229090527639846,0.7059552407434444,0.86456,0,0,mild
46__1200_600,59,s_16_32,270.0,0.0,0.0,7.0,0.9825002240150239,0.5689706296296286,0.86456,0,0,stable
46__1200_600,60,t_8_16,195.9991455078125,0.0,0.0,2.0,0.9804881248293446,0.7689942244897986,0.86456,0,1,stable
46__1200_600,61,t_8_16,167.9999542236328,0.0,0.0,2.0,0.9348112537463168,0.709043646196104,0.86456,0,0,stable
46__1200_600,62,t_8_16,64.0,0.0,0.0,1.0,,0.42470471774078006,0.86456,1,0,stable
46__1200_600,63,t_8_16,144.0,0.0,0.0,2.0,0.9993718734597591,0.7171124177696154,0.86456,0,0,stable
46__1200_600,64,t_8_16,181.99963378719985,0.25,0.0,5.0,0.410036596881492,0.7100621244334109,0.86456,0,0,mild
46__1200_600,65,t_8_16,144.0,0.0,0.0,3.0,0.9846369005858704,0.7449394925842282,0.86456,0,0,stable
46__1200_600,67,t_8_16,132.0,0.5,0.0,3.0,0.21826933114339828,0.8026054275186529,0.86456,0,1,mild
46__1200_600,68,t_8_16,168.0,0.0,0.0,4.0,0.9475384475659637,0.6670383280572283,0.86456,0,0,stable
46__1200_600,69,t_8_16,182.0,0.0,0.0,3.0,0.9328415290975923,0.7750226557459943,0.86456,0,1,stable
46__1200_600,70,t_8_16,221.0,0.0,0.0,4.0,0.9761192897865287,0.8599604462736669,0.86456,0,1,stable
46__1200_600,71,t_8_16,143.0,0.0,0.0,2.0,0.9785115476800729,0.6784176900823595,0.86456,0,0,stable
46__1200_600,72,t_8_16,112.0,0.25,0.0,2.0,0.5382589213859399,0.5655213459798653,0.86456,0,0,mild
46__1200_600,74,t_8_16,120.0,0.25,0.0,4.0,0.9144660474515294,0.6546637488678595,0.86456,0,0,mild
46__1200_600,75,t_8_16,155.99960327148438,0.0,0.0,3.0,0.9829916163663163,0.8340581326797749,0.86456,0,1,stable
46__1200_600,76,s_16_32,272.0,0.0,0.0,3.0,0.9957209199404029,0.6520926221612906,0.86456,0,0,stable
46__1200_600,77,t_8_16,191.9996337890625,0.0,0.0,4.0,0.9835380922029349,0.7852036481793028,0.86456,0,1,stable
46__1200_600,78,t_8_16,143.0,0.0,0.0,2.0,0.991537803896254,0.8920624893875065,0.86456,0,1,stable
46__1200_600,79,t_8_16,180.0,0.0,0.0,2.0,0.9780048665067561,0.7599205294881833,0.86456,0,1,stable
46__1200_600,80,s_16_32,525.0,0.0,0.0,8.0,0.9583315877911148,0.19263607847397723,0.86456,1,0,stable
46__1200_600,81,t_8_16,156.0,0.0,0.0,3.0,0.9918832072999045,0.9555577932504487,0.86456,0,1,stable
46__1200_600,82,t_8_16,195.0,0.0,0.0,3.0,0.9585706327877266,0.7420921518617379,0.86456,0,0,stable
46__1200_600,83,t_8_16,100.0,0.25,0.0,2.0,0.7622859141858477,0.7300097645317684,0.86456,0,0,mild
46__1200_600,84,t_8_16,181.99920654296875,0.0,0.0,4.0,0.6204786520750192,0.5495029369560988,0.86456,0,0,stable
46__1200_600,85,t_8_16,210.0,0.0,0.0,5.0,0.9830259344374318,0.6297471013266231,0.86456,0,0,stable
46__1200_600,86,t_8_16,143.0,0.0,0.0,3.0,0.7816942529229183,0.4670639061097621,0.86456,1,0,stable
46__1200_600,87,s_16_32,294.0,0.0,0.0,5.0,0.7542677193844689,0.7896710958885096,0.86456,0,1,stable
46__1200_600,88,s_16_32,396.0,0.0,0.0,8.0,0.9458393237416953,0.7094837440416566,0.86456,0,0,stable
46adb7e21,0,s_16_32,475.0,0.0,0.0,8.0,0.9975512705122487,0.8693208629973521,0.89046,0,1,stable
46adb7e21,1,t_8_16,255.0,0.0,0.0,5.0,0.9839825013697053,0.7984721252263253,0.89046,0,1,stable
46adb7e21,2,t_8_16,121.0,0.0,0.0,2.0,0.9920985530262856,0.7367385849247317,0.89046,0,0,stable
4b3cd2574,0,t_8_16,100.0,0.25,0.0,2.0,0.7449063106552128,0.5145753840263113,0.81645,0,0,mild
4b3cd2574,1,t_8_16,168.0,0.0,0.0,3.0,0.9978775646943149,0.975897496079254,0.81645,0,1,stable
4ebc412fe,0,t_8_16,239.999267578125,0.0,0.0,3.0,0.993700583134356,0.8150299802515698,0.7094,0,1,stable
53208bafb,0,t_8_16,80.0,0.25,0.25,1.0,,0.4105156793282223,0.7929,1,0,mild
53208bafb,1,t_8_16,171.0,0.25,0.0,4.0,0.9956703868474468,0.7857304178338947,0.7929,0,1,mild
53__600_1200,0,t_8_16,180.00009155273438,0.0,0.0,3.0,0.995095566607332,0.830022080458373,0.79257,0,1,stable
53__600_1200,1,t_8_16,176.0,0.25,0.0,5.0,0.9454886622320985,0.604019471399485,0.79257,0,0,mild
53__600_1200,3,t_8_16,140.0,0.0,0.0,2.0,0.9432393207925772,0.7229696622354383,0.79257,0,0,stable
53__600_1200,4,t_8_16,168.0,0.0,0.0,3.0,0.975743603769498,0.6883288560006207,0.79257,0,0,stable
53__600_1200,5,t_8_16,168.0,0.0,0.0,2.0,0.8732750437540041,0.6542343059233691,0.79257,0,0,stable
53__600_1200,6,t_8_16,144.0,0.0,0.0,2.0,0.966067823705534,0.692979196594623,0.79257,0,0,stable
53__600_1200,7,t_8_16,180.0,0.0,0.0,3.0,0.9879836700531721,0.8199162040814529,0.79257,0,1,stable
53__600_1200,8,t_8_16,111.99954223644454,0.0,0.0,3.0,0.9992642076069955,0.9479556120361937,0.79257,0,1,stable
53__600_1200,9,t_8_16,112.0,0.0,0.0,2.0,0.9454567916240119,0.737709260076743,0.79257,0,0,stable
53__600_1200,10,t_8_16,111.9990234375,0.0,0.0,5.0,0.993182889603418,0.7212993171763608,0.79257,0,0,stable
53__600_1200,11,t_8_16,112.0,0.0,0.0,2.0,0.9940980459063289,0.690955294642867,0.79257,0,0,stable
53__600_1200,12,t_8_16,100.0,0.0,0.0,2.0,0.9800589951490398,0.568760052249915,0.79257,0,0,stable
53__600_1200,13,t_8_16,64.0,0.0,0.0,1.0,,0.41391115019467156,0.79257,1,0,stable
53__600_1200,14,t_8_16,120.0,0.0,0.0,2.0,0.9817886539771579,0.6996623365125276,0.79257,0,0,stable
53__600_1200,15,t_8_16,140.0,0.0,0.0,2.0,0.8556252202405361,0.6643985571428639,0.79257,0,0,stable
53__600_1200,16,t_8_16,112.0,0.0,0.0,2.0,0.9612662207245364,0.5693418703364083,0.79257,0,0,stable
53__600_1200,17,t_8_16,80.0,0.5,0.5,0.0,,0.4386510514583583,0.79257,1,0,mild
53__600_1200,18,t_8_16,100.0,0.0,0.0,1.0,,0.6511233106965665,0.79257,0,0,stable
53__600_1200,19,t_8_16,224.0,0.0,0.0,5.0,0.8739463574166966,0.746963800350846,0.79257,0,0,stable
53__600_1200,20,t_8_16,216.0,0.0,0.0,3.0,0.9816485074471841,0.6413799966332295,0.79257,0,0,stable
53__600_1200,21,t_8_16,167.99978637695312,0.0,0.0,4.0,0.9326490906809312,0.6961015882427588,0.79257,0,0,stable
53__600_1200,22,t_8_16,168.0,0.0,0.0,3.0,0.9945589286905304,0.8497338630864224,0.79257,0,1,stable
53__600_1200,23,s_16_32,288.0,0.0,0.0,6.0,0.9591841049746234,0.557472499999998,0.79257,0,0,stable
53__600_1200,24,s_16_32,288.0,0.0,0.0,7.0,0.9920480002416772,0.5974120659722235,0.79257,0,0,stable
53__600_1200,25,t_8_16,195.0,0.0,0.0,4.0,0.9754371605824519,0.8405647913935788,0.79257,0,1,stable
53__600_1200,26,s_16_32,380.0,0.0,0.0,6.0,0.8529471088762809,0.7320770421052685,0.79257,0,0,stable
53__600_1200,27,t_8_16,195.0,0.0,0.0,4.0,0.9486295676014791,0.6977472263879743,0.79257,0,0,stable
53__600_1200,28,t_8_16,144.0,0.0,0.0,3.0,0.8981601057334696,0.7527049030457937,0.79257,0,1,stable
53__600_1200,29,t_8_16,238.0,0.0,0.0,5.0,0.6517346549059423,0.6569343300312153,0.79257,0,0,stable
53__600_1200,30,t_8_16,121.0,0.0,0.0,2.0,0.9955016180888968,0.7788531558245392,0.79257,0,1,stable
53__600_1200,31,t_8_16,165.0,0.0,0.0,2.0,0.466599380615671,0.7994744859440274,0.79257,0,1,stable
53__600_1200,32,t_8_16,182.0,0.0,0.0,4.0,0.9105441050045567,0.8382260057527744,0.79257,0,1,stable
53__600_1200,33,t_8_16,126.0,0.0,0.0,3.0,0.9907971606979341,0.8057953494335617,0.79257,0,1,stable
53__600_1200,34,t_8_16,143.0,0.0,0.0,2.0,0.9721521575403147,0.8067443572827716,0.79257,0,1,stable
53__600_1200,35,t_8_16,104.0,0.0,0.0,2.0,0.9965555988064625,0.5888698017542344,0.79257,0,0,stable
53__600_1200,36,t_8_16,83.99972534179688,0.0,0.0,3.0,0.9930597288466866,0.7746736201230976,0.79257,0,1,stable
53__600_1200,37,t_8_16,144.0,0.25,0.0,2.0,0.1315756009122727,0.6641696489041433,0.79257,0,0,mild
53__600_1200,38,t_8_16,80.0,0.0,0.0,2.0,0.990282293532366,0.5570205104945896,0.79257,0,0,stable
557bf583e,2,t_8_16,90.0000305166468,0.0,0.0,2.0,0.9547400761643575,0.547866666666668,0.78567,0,0,stable
557bf583e,6,t_8_16,81.0,0.0,0.0,1.0,,0.9150617283950672,0.78567,0,1,stable
557bf583e,7,t_8_16,100.0,0.0,0.0,2.0,0.9801352568545495,0.7926941471453203,0.78567,0,1,stable
557bf583e,8,t_8_16,175.99932861328125,0.0,0.0,3.0,0.998129385943449,0.8693066157125301,0.78567,0,1,stable
557bf583e,11,t_8_16,84.0003662109375,0.0,0.0,3.0,0.9976522105903182,0.8629622152613609,0.78567,0,1,stable
557bf583e,12,t_8_16,170.0,0.0,0.0,2.0,0.9904421206601247,0.5726244705882289,0.78567,0,0,stable
557bf583e,13,t_8_16,239.998779296875,0.0,0.0,5.0,0.8333856020498241,0.5477336625000006,0.78567,0,0,stable
557bf583e,14,t_8_16,88.0,0.25,0.0,2.0,0.6115034884294621,0.6512768181818157,0.78567,0,0,mild
56435f779,0,t_8_16,88.0,0.25,0.25,1.0,,0.5940937272727239,0.61932,0,0,mild
56435f779,1,t_8_16,72.0,0.0,0.0,1.0,,0.7392691400567578,0.61932,0,0,stable
567261abb,0,t_8_16,81.0,0.0,0.0,1.0,,0.7582765721872652,0.75791,0,1,stable
567261abb,6,t_8_16,72.0,0.0,0.0,1.0,,0.8615249494490405,0.75791,0,1,stable
567261abb,7,t_8_16,84.0,0.0,0.0,3.0,0.9966651345992062,0.8118534756126924,0.75791,0,1,stable
568__2400_2400,0,t_8_16,192.0,0.0,0.0,5.0,0.9227052164031991,0.8037212328819264,0.85067,0,1,stable
568__2400_2400,1,s_16_32,540.0,0.0,0.0,10.0,0.998331179670503,0.8922749178247665,0.85067,0,1,stable
568__2400_2400,2,t_8_16,216.0,0.0,0.0,2.0,0.9973606977959113,0.8300579192184279,0.85067,0,1,stable
568__2400_2400,3,t_8_16,140.0,0.0,0.0,2.0,0.8318720230434332,0.6322942204846872,0.85067,0,0,stable
568__2400_2400,4,t_8_16,112.0,0.0,0.0,2.0,0.9603976898996655,0.5296228811219686,0.85067,0,0,stable
568__2400_2400,5,t_8_16,168.0,0.0,0.0,3.0,0.9871039887669973,0.7138406662817731,0.85067,0,0,stable
568__2400_2400,6,t_8_16,240.0,0.0,0.0,4.0,0.974996987348306,0.8114516103317152,0.85067,0,1,stable
568__2400_2400,7,s_16_32,504.0,0.0,0.0,7.0,0.9932952927488045,0.9069086946014627,0.85067,0,1,stable
568__2400_2400,8,t_8_16,240.0,0.0,0.0,6.0,0.9757365822908747,0.67333619230764,0.85067,0,0,stable
568__2400_2400,9,s_16_32,840.0,0.0,0.0,10.0,0.9908143237684648,0.33143124999999946,0.85067,1,0,stable
568__2400_2400,10,t_8_16,180.0,0.25,0.0,4.0,0.5430377738527932,0.8616004740872879,0.85067,0,1,mild
568__2400_2400,11,s_16_32,308.0,0.0,0.0,9.0,0.9875349265035649,0.7952148993239203,0.85067,0,1,stable
568__2400_2400,12,t_8_16,179.99972534179688,0.0,0.0,4.0,0.9931466974475955,0.6859866416666851,0.85067,0,0,stable
568__2400_2400,13,t_8_16,191.999267578125,0.0,0.0,2.0,0.9985577529409653,0.7421548808388491,0.85067,0,0,stable
568__2400_2400,14,s_16_32,720.0,0.0,0.0,10.0,0.9897506973117666,0.7868177706165062,0.85067,0,1,stable
568__2400_2400,15,t_8_16,96.0,0.0,0.0,6.0,0.9861542452492269,0.576909409590654,0.85067,0,0,stable
568__2400_2400,16,t_8_16,180.0,0.0,0.0,3.0,0.9916524144297637,0.7971837456431529,0.85067,0,1,stable
568__2400_2400,17,s_16_32,575.9989013671875,0.0,0.0,9.0,0.9391608588295292,0.746860031249998,0.85067,0,0,stable
568__2400_2400,18,s_16_32,280.0,0.0,0.0,4.0,0.9934134773566395,0.6551589109430224,0.85067,0,0,stable
568__2400_2400,19,t_8_16,252.0,0.0,0.0,5.0,0.9924307964626091,0.8127316825396727,0.85067,0,1,stable
568__2400_2400,20,t_8_16,180.0,0.25,0.0,3.0,0.9585119468901343,0.6679166718469343,0.85067,0,0,mild
568__2400_2400,21,t_8_16,168.0,0.0,0.0,2.0,0.921172903454749,0.7963108195520459,0.85067,0,1,stable
568__2400_2400,22,s_16_32,280.0,0.0,0.0,6.0,0.26981364790793405,0.6488702499999999,0.85067,0,0,stable
568__2400_2400,23,t_8_16,240.0,0.0,0.0,6.0,0.988545325034839,0.6724652875000001,0.85067,0,0,stable
568__2400_2400,24,t_8_16,96.0,0.25,0.25,1.0,,0.6611943376474013,0.85067,0,0,mild
568__2400_2400,25,s_16_32,748.0001831052359,0.0,0.0,10.0,0.9988463141901036,0.8436369331550797,0.85067,0,1,stable
568__2400_2400,26,s_16_32,540.0,0.0,0.0,9.0,0.9978825150142183,0.923927704805252,0.85067,0,1,stable
568__2400_2400,27,t_8_16,144.0,0.0,0.0,4.0,0.9786377076243403,0.6262545569598897,0.85067,0,0,stable
568__2400_2400,28,t_8_16,224.0001220703125,0.0,0.0,5.0,0.9532127253899441,0.7083306974118388,0.85067,0,0,stable
568__2400_2400,29,t_8_16,128.0,0.0,0.0,2.0,0.9992993342650102,0.7451851144615979,0.85067,0,0,stable
568__2400_2400,30,t_8_16,160.0,0.0,0.0,2.0,0.9796001079916947,0.7078819112575485,0.85067,0,0,stable
568__2400_2400,31,t_8_16,200.0,0.0,0.0,3.0,0.9961758146762175,0.8173545762623176,0.85067,0,1,stable
568__2400_2400,32,t_8_16,128.0,0.0,0.0,2.0,0.9879717756702433,0.8173041808998056,0.85067,0,1,stable
568__2400_2400,33,t_8_16,160.0,0.0,0.0,3.0,0.9915718204826918,0.8706861059124007,0.85067,0,1,stable
5716a88a1,0,t_8_16,238.0,0.0,0.0,5.0,0.9972422152052893,0.8961069728661115,0.86374,0,1,stable
5787d635c,0,s_16_32,400.0,0.0,0.0,8.0,0.9960968234478148,0.8817206850000008,0.81854,0,1,stable
5787d635c,1,t_8_16,195.0,0.0,0.0,4.0,0.9876454564441184,0.8431342130516933,0.81854,0,1,stable
5787d635c,2,t_8_16,133.00021362304688,0.0,0.0,7.0,0.9148713439970765,0.8530469340305975,0.81854,0,1,stable
5787d635c,3,t_8_16,182.0,0.0,0.0,4.0,0.9716968128204695,0.6429566879440853,0.81854,0,0,stable
5787d635c,4,t_8_16,72.0,0.0,0.0,2.0,0.4271228570629809,0.6822128291362617,0.81854,0,0,stable
59f0da06d,0,t_8_16,110.00003814697266,0.0,0.0,1.0,,0.7188394219903692,0.80145,0,0,stable
59f0da06d,1,t_8_16,135.0009841923602,0.0,0.0,2.0,0.9983627157646879,0.8636802073565975,0.80145,0,1,stable
5aa473f77,0,t_8_16,234.0,0.0,0.0,5.0,0.8452222408634521,0.7855082302237599,0.7364,0,1,stable
5aa473f77,2,t_8_16,110.0,0.0,0.0,1.0,,0.5698914778972383,0.7364,0,0,stable
5aa473f77,3,t_8_16,150.0,0.25,0.0,3.0,0.9995975767082862,0.0,0.7364,1,0,mild
5aa473f77,4,s_16_32,456.0,0.0,0.0,10.0,0.818291477012567,0.8079519056185324,0.7364,0,1,stable
5aa473f77,5,t_8_16,234.00079345703125,0.0,0.0,5.0,0.9696167824444096,0.8489911729262115,0.7364,0,1,stable
5aa473f77,6,s_16_32,900.0,0.0,0.0,10.0,0.9836011562261691,0.8252441999999983,0.7364,0,1,stable
5aa473f77,7,s_16_32,811.9995727539062,0.0,0.0,10.0,0.6963664880980557,0.8446227704363303,0.7364,0,1,stable
5aa473f77,8,s_16_32,425.0,0.0,0.0,9.0,0.8352649682662542,0.7981711251472791,0.7364,0,1,stable
5aa473f77,9,s_16_32,374.0,0.0,0.0,7.0,0.9801783454537597,0.7916717732362524,0.7364,0,1,stable
5aa6ab87c,0,t_8_16,180.0,0.0,0.0,4.0,0.9789320050634788,0.8700194996090382,0.76536,0,1,stable
5b6999ae6,0,t_8_16,153.0,0.0,0.0,3.0,0.8044834202021425,0.7794819463182079,0.49439,0,1,stable
5bb210460,0,s_16_32,460.0,0.0,0.0,8.0,0.996792914662508,0.9510531021915795,0.90703,0,1,stable
5bb210460,1,s_16_32,650.0,0.0,0.0,10.0,0.9981470990460702,0.8989343584274181,0.90703,0,1,stable
5bb210460,2,s_16_32,699.9969482421875,0.0,0.0,10.0,0.9990771959785191,0.9515745326702527,0.90703,0,1,stable
5bb210460,3,s_16_32,256.0,0.0,0.0,5.0,0.9951807096527545,0.8935311332516426,0.90703,0,1,stable
5bb210460,4,t_8_16,254.99896240234375,0.0,0.0,6.0,0.9957873306588432,0.8952847926810068,0.90703,0,1,stable
5bb210460,5,t_8_16,81.0,0.0,0.0,2.0,0.21877111357229148,0.40282396112614655,0.90703,1,0,stable
5f0b17585,1,t_8_16,144.0,0.25,0.0,3.0,0.7225437663346266,0.8396896587721909,0.67202,0,1,mild
5f55ef176,0,t_8_16,169.0,0.0,0.0,3.0,0.9785996563836321,0.0,0.01369,1,0,stable
600__600_2342,0,s_16_32,528.0,0.0,0.0,10.0,0.9902281619616744,0.48129562499999906,0.85047,1,0,stable
600__600_2342,1,t_8_16,192.0,0.0,0.0,4.0,0.9584117101005774,0.8020335089892424,0.85047,0,1,stable
600__600_2342,2,t_8_16,179.99969482421875,0.0,0.0,3.0,0.9015794002520983,0.7202527392337694,0.85047,0,0,stable
600__600_2342,3,t_8_16,180.0,0.0,0.0,2.0,0.6526292142820042,0.707392393748109,0.85047,0,0,stable
600__600_2342,4,t_8_16,160.0,0.0,0.0,3.0,0.8374099593763924,0.6793786499421293,0.85047,0,0,stable
600__600_2342,5,t_8_16,216.0,0.0,0.0,5.0,0.8924117878031625,0.7274009213653513,0.85047,0,0,stable
600__600_2342,6,t_8_16,180.0,0.0,0.0,2.0,0.9877057637011403,0.7170554468489637,0.85047,0,0,stable
600__600_2342,7,t_8_16,140.0,0.0,0.0,2.0,0.9942403861623645,0.8686464389896654,0.85047,0,1,stable
600__600_2342,8,t_8_16,160.0,0.0,0.0,3.0,0.9960574724283688,0.8310416817928963,0.85047,0,1,stable
600__600_2342,9,t_8_16,119.99981689453125,0.0,0.0,2.0,0.9975079153202574,0.7762601180897348,0.85047,0,1,stable
600__600_2342,10,t_8_16,192.0,0.0,0.0,2.0,0.9279013646174094,0.7447932516017283,0.85047,0,0,stable
600__600_2342,11,t_8_16,139.9993896484375,0.0,0.0,2.0,0.8550137772151803,0.7807925305192556,0.85047,0,1,stable
600__600_2342,12,t_8_16,139.9993896484375,0.0,0.0,3.0,0.9564397978560895,0.7429674006565771,0.85047,0,0,stable
600__600_2342,13,t_8_16,96.0,0.0,0.0,1.0,,0.6690255671883769,0.85047,0,0,stable
600__600_2342,14,t_8_16,139.9993896484375,0.25,0.0,3.0,0.4870920182664789,0.7837445995798455,0.85047,0,1,mild
600__600_2342,15,s_16_32,264.0,0.0,0.0,5.0,0.9961319116876183,0.8883045378027782,0.85047,0,1,stable
600__600_2342,16,t_8_16,144.0,0.0,0.0,2.0,0.980131867633027,0.6913053831562952,0.85047,0,0,stable
600__600_2342,17,s_16_32,468.0,0.0,0.0,9.0,0.9941558304332877,0.9274019145299159,0.85047,0,1,stable
600__600_2342,18,t_8_16,160.0,0.0,0.0,3.0,0.9965510606465208,0.8041446212631183,0.85047,0,1,stable
600__600_2342,19,t_8_16,199.99969482421875,0.25,0.0,4.0,0.7124712189684996,0.7678181840865191,0.85047,0,1,mild
600__600_2342,20,t_8_16,140.0,0.25,0.0,4.0,0.5967704076392841,0.8756937725098901,0.85047,0,1,mild
600__600_2342,21,t_8_16,160.0,0.0,0.0,2.0,0.9865776636685474,0.8225565223630887,0.85047,0,1,stable
600__600_2342,22,t_8_16,192.0,0.0,0.0,2.0,0.8673461227045314,0.40620801806337203,0.85047,1,0,stable
600__600_2342,23,t_8_16,96.0,0.0,0.0,2.0,0.978947804171547,0.6913233008737409,0.85047,0,0,stable
600__600_2342,24,t_8_16,180.0,0.0,0.0,3.0,0.9937373808718069,0.8459512668476361,0.85047,0,1,stable
600__600_2342,25,t_8_16,112.0,0.0,0.0,3.0,0.9309484784558396,0.5921066891667208,0.85047,0,0,stable
600__600_2342,26,t_8_16,192.0,0.0,0.0,4.0,0.6312343188351534,0.9385881257959471,0.85047,0,1,stable
600__600_2342,27,t_8_16,168.0,0.0,0.0,2.0,0.9946238311647955,0.7687376900053629,0.85047,0,1,stable
600__600_2342,28,t_8_16,140.0,0.0,0.0,3.0,0.979871024148797,0.8200467581749641,0.85047,0,1,stable
600__600_2342,29,t_8_16,112.0,0.25,0.25,1.0,,0.5198750572479723,0.85047,0,0,mild
600__600_2342,30,t_8_16,252.0008544921875,0.0,0.0,6.0,0.9537690667422576,0.7504496076029818,0.85047,0,1,stable
600__600_2342,31,t_8_16,160.00095748889726,0.0,0.0,2.0,0.9966807359141873,0.8469904889694074,0.85047,0,1,stable
600__600_2342,33,s_16_32,280.0,0.0,0.0,7.0,0.9498202443930414,0.8996038734628475,0.85047,0,1,stable
600__600_2342,34,t_8_16,191.9990234375,0.0,0.0,3.0,0.9878527591383611,0.8275949090576175,0.85047,0,1,stable
600__600_2342,35,s_16_32,336.0,0.0,0.0,7.0,0.8345641605223468,0.5861919150555953,0.85047,0,0,stable
600__600_2342,36,t_8_16,216.0,0.0,0.0,5.0,0.9617597167696876,0.7804750097776829,0.85047,0,1,stable
600__600_2342,37,t_8_16,180.0006103515625,0.0,0.0,3.0,0.8723342481446175,0.6084594122362132,0.85047,0,0,stable
600__600_2342,38,t_8_16,240.0,0.0,0.0,7.0,0.9883893645720793,0.8005457313682877,0.85047,0,1,stable
600__600_2342,39,t_8_16,216.0,0.0,0.0,6.0,0.9726470754979661,0.8540350520545346,0.85047,0,1,stable
600__600_2342,40,t_8_16,191.999267578125,0.0,0.0,2.0,0.96525315698302,0.8633336867590092,0.85047,0,1,stable
600__600_2342,41,t_8_16,100.0,0.0,0.0,2.0,0.9936833751530743,0.6897127199533427,0.85047,0,0,stable
600__600_2342,42,t_8_16,216.0,0.0,0.0,3.0,0.9913533613591532,0.9023298350922924,0.85047,0,1,stable
600__600_2342,43,t_8_16,192.0,0.0,0.0,4.0,0.7371660293159774,0.9153359573851474,0.85047,0,1,stable
600__600_2342,44,t_8_16,251.9989013671875,0.0,0.0,6.0,0.9883434163859574,0.6950145714285746,0.85047,0,0,stable
600__600_2342,45,t_8_16,160.0,0.0,0.0,3.0,0.9831795561574704,0.8518533771127826,0.85047,0,1,stable
600__600_2342,46,t_8_16,180.0,0.25,0.0,5.0,0.5665528135865259,0.8724562602974777,0.85047,0,1,mild
600__600_2342,47,t_8_16,240.0,0.0,0.0,5.0,0.9831150621940694,0.806899781560382,0.85047,0,1,stable
600__600_2342,48,s_16_32,416.0,0.0,0.0,8.0,0.9444343068396669,0.151178970386146,0.85047,1,0,stable
600__600_2342,49,t_8_16,224.0,0.0,0.0,4.0,0.8797658373394781,0.5130682561966423,0.85047,0,0,stable
600__600_2342,50,t_8_16,128.0,0.75,0.75,2.0,0.7059597596170561,0.5706524886149011,0.85047,0,0,high
600__600_2342,51,t_8_16,144.0,0.0,0.0,1.0,,0.6835012791164591,0.85047,0,0,stable
600__600_2342,52,t_8_16,200.0,0.0,0.0,2.0,0.9830894867753256,0.6537486467057828,0.85047,0,0,stable
600__600_2342,53,t_8_16,252.0,0.0,0.0,5.0,0.9079493649696383,0.5631635872908752,0.85047,0,0,stable
600__600_2342,54,s_16_32,288.0,0.0,0.0,3.0,0.9941176039966886,0.7040084915008095,0.85047,0,0,stable
600__600_2342,55,t_8_16,196.0,0.0,0.0,4.0,0.9129431237146185,0.452305444364764,0.85047,1,0,stable
600__600_2342,56,s_16_32,287.999755859375,0.0,0.0,3.0,0.9830766952304704,0.4759413007099938,0.85047,1,0,stable
600__600_2342,57,t_8_16,192.0,0.0,0.0,5.0,0.990289633484613,0.7380524947116355,0.85047,0,0,stable
600__600_2342,58,s_16_32,440.0,0.0,0.0,9.0,0.9925829570855941,0.4093437386363681,0.85047,1,0,stable
600__600_2342,59,t_8_16,140.0,0.5,0.5,3.0,0.34485887199230203,0.6313842670400834,0.85047,0,0,mild
600__600_2342,60,s_16_32,288.0,0.0,0.0,5.0,0.912512942327837,0.6110838770775027,0.85047,0,0,stable
600__600_2342,61,t_8_16,200.001220703125,0.25,0.25,4.0,0.030377268207903062,0.46961382082213116,0.85047,1,0,mild
600__600_2342,62,s_16_32,256.0,0.0,0.0,3.0,0.9701179254460062,0.668194051510915,0.85047,0,0,stable
600__600_2342,63,s_16_32,280.0,0.0,0.0,6.0,0.8913558150355227,0.7495616083908525,0.85047,0,0,stable
600__600_2342,64,s_16_32,280.0,0.0,0.0,4.0,0.6906295148967693,0.4491452514531113,0.85047,1,0,stable
600__600_2342,65,t_8_16,112.0,0.25,0.0,2.0,0.9855396574815101,0.5016872401941297,0.85047,0,0,mild
600__600_2342,66,t_8_16,224.0,0.5,0.5,2.0,0.8888502934026407,0.49588432215749334,0.85047,1,0,mild
600__600_2342,67,t_8_16,95.9996337890625,0.0,0.0,1.0,,0.613864704877741,0.85047,0,0,stable
600__600_2342,68,s_16_32,288.0,0.0,0.0,8.0,0.9877519685601688,0.6400656844342333,0.85047,0,0,stable
600__600_2342,69,s_16_32,320.0,0.0,0.0,4.0,0.9860232438255916,0.47923439999999745,0.85047,1,0,stable
600__600_2342,70,t_8_16,140.0,0.25,0.0,4.0,0.8171111036871572,0.6422785051050086,0.85047,0,0,mild
600__600_2342,71,t_8_16,84.0,0.0,0.0,1.0,0.9961692277243691,0.4679180415539422,0.85047,1,0,stable
600__600_2342,72,s_16_32,287.9989013671875,0.25,0.0,3.0,0.5988488320995184,0.37100566979294464,0.85047,1,0,mild
600__600_2342,73,t_8_16,160.0,0.5,0.5,0.0,,0.7341605475460551,0.85047,0,0,mild
600__600_2342,74,s_16_32,264.0,0.0,0.0,6.0,0.8453149397730025,0.6240113181818174,0.85047,0,0,stable
600__600_2342,75,s_16_32,352.0,0.0,0.0,7.0,0.9309006117735903,0.6000694886363666,0.85047,0,0,stable
600__600_2342,76,t_8_16,196.0,0.0,0.0,2.0,0.9857361161926682,0.6483523221672819,0.85047,0,0,stable
600__600_2342,77,t_8_16,140.0,0.0,0.0,3.0,0.9801585193798185,0.7337000096920723,0.85047,0,0,stable
600__600_2342,78,s_16_32,336.0,0.0,0.0,3.0,0.9868667731486641,0.5066735301351479,0.85047,0,0,stable
600__600_2342,79,t_8_16,96.0,0.25,0.25,2.0,0.9596922474013393,0.7152774965615455,0.85047,0,0,mild
600__600_2342,80,t_8_16,168.0,0.0,0.0,3.0,0.9412853839456574,0.7615000512269127,0.85047,0,1,stable
600__600_2342,81,t_8_16,128.0,0.0,0.0,2.0,0.9280969659799869,0.5843502395107661,0.85047,0,0,stable
600__600_2342,82,s_16_32,308.0,0.0,0.0,4.0,0.9953443367872302,0.7360314415584416,0.85047,0,0,stable
600__600_2342,83,t_8_16,139.99957275390625,0.5,0.0,3.0,0.17336069749728764,0.8567597358475227,0.85047,0,1,mild
600__600_2342,84,t_8_16,196.0,0.25,0.0,4.0,0.848290502919024,0.46620877445216174,0.85047,1,0,mild
600__600_2342,85,t_8_16,160.0009765625,0.0,0.0,3.0,0.3677959797352909,0.618763771517427,0.85047,0,0,stable
600__600_2342,86,t_8_16,140.0,0.0,0.0,2.0,0.9641314350916966,0.7468763153832426,0.85047,0,0,stable
600__600_2342,87,s_16_32,320.0,0.0,0.0,6.0,0.9730133564879712,0.497140654029154,0.85047,1,0,stable
600__600_2342,88,t_8_16,168.0,0.0,0.0,3.0,0.9702479994522547,0.7366846411546989,0.85047,0,0,stable
600__600_2342,89,s_16_32,287.9989013671875,0.25,0.0,5.0,0.8745537979235132,0.49403172774005494,0.85047,1,0,mild
600__600_2342,90,t_8_16,112.0,0.25,0.25,1.0,,0.7758906755361876,0.85047,0,1,mild
600__600_2342,91,s_16_32,260.0,0.0,0.0,4.0,0.9204565582767588,0.4241760000627372,0.85047,1,0,stable
600__600_2342,92,s_16_32,264.0,0.0,0.0,5.0,0.9687925419593598,0.5421573619523384,0.85047,0,0,stable
600__600_2342,93,t_8_16,192.0,0.0,0.0,4.0,0.8617652121239989,0.798428941560785,0.85047,0,1,stable
600__600_2342,94,t_8_16,140.0,0.25,0.0,3.0,0.9708117471764743,0.7266551873832477,0.85047,0,0,mild
600__600_2342,95,t_8_16,96.0,0.0,0.0,4.0,0.35526913698254187,0.5820021809874064,0.85047,0,0,stable
600__600_2342,96,t_8_16,160.0,0.0,0.0,2.0,0.9806829423540108,0.7193309714634649,0.85047,0,0,stable
600__600_2342,97,t_8_16,180.0,0.0,0.0,2.0,0.9365763626718001,0.727492514323311,0.85047,0,0,stable
600__600_2342,98,t_8_16,80.0,0.25,0.0,2.0,0.8655056799676205,0.36376277119935546,0.85047,1,0,mild
600__600_2342,99,t_8_16,192.0,0.0,0.0,3.0,0.9869802289320101,0.7524048750000069,0.85047,0,1,stable
600__600_2342,100,s_16_32,480.0,0.0,0.0,8.0,0.9600888749291941,0.6241572666666648,0.85047,0,0,stable
600__600_2342,101,t_8_16,252.0,0.0,0.0,4.0,0.9930311731189678,0.7658080856307095,0.85047,0,1,stable
600__600_2342,102,t_8_16,160.0,0.0,0.0,3.0,0.5599413652503569,0.64242893877228,0.85047,0,0,stable
600__600_2342,103,t_8_16,239.99954223632812,0.0,0.0,10.0,0.9806669909481274,0.4245114533348902,0.85047,1,0,stable
600__600_2342,104,t_8_16,239.9993896484375,0.0,0.0,4.0,0.9742611569810963,0.5565685662718407,0.85047,0,0,stable
600__600_2342,105,t_8_16,140.0,0.0,0.0,2.0,0.9258520156892436,0.6711462335315811,0.85047,0,0,stable
600__600_2342,106,s_16_32,336.0,0.0,0.0,4.0,0.9477128155629065,0.43956734560668054,0.85047,1,0,stable
600__600_2342,107,t_8_16,216.0,0.0,0.0,4.0,0.9931318255545848,0.8122335338830816,0.85047,0,1,stable
600__600_2342,108,s_16_32,280.0,0.0,0.0,5.0,0.9544349608952407,0.8074504560553308,0.85047,0,1,stable
600__600_2342,109,s_16_32,287.9989013671875,0.0,0.0,5.0,0.9751597358077467,0.5709527013888865,0.85047,0,0,stable
600__600_2342,110,t_8_16,140.0,0.25,0.0,1.0,0.9999451809189553,0.7193832777323309,0.85047,0,0,mild
600__600_2342,111,t_8_16,168.0,0.25,0.0,1.0,,0.49229519693016144,0.85047,1,0,mild
600__600_2342,112,s_16_32,360.0,0.0,0.0,6.0,0.41948801471349473,0.3618722730973803,0.85047,1,0,stable
600__600_2342,113,s_16_32,384.0,0.0,0.0,8.0,0.9830514623837966,0.6089602499999984,0.85047,0,0,stable
600__600_2342,114,t_8_16,192.0,0.0,0.0,3.0,0.93150760402614,0.6921774583333304,0.85047,0,0,stable
600__600_2342,115,s_16_32,360.0,0.0,0.0,5.0,0.9807984778689223,0.49717816544572335,0.85047,1,0,stable
600__600_2342,116,s_16_32,256.0,0.0,0.0,4.0,0.05701515150805715,0.4759167048571541,0.85047,1,0,stable
600__600_2342,117,t_8_16,252.0,0.0,0.0,4.0,0.8121657881026041,0.5089269483143275,0.85047,0,0,stable
600__600_2342,118,t_8_16,128.0,0.0,0.0,2.0,0.9904265152220193,0.6124093343669933,0.85047,0,0,stable
600__600_2342,119,s_16_32,416.0,0.0,0.0,9.0,0.9932726625532593,0.6972631293577638,0.85047,0,0,stable
600__600_2342,120,t_8_16,144.0,0.0,0.0,3.0,0.9389862923451178,0.4555969591670882,0.85047,1,0,stable
600__600_2342,121,s_16_32,319.9993896484375,0.0,0.0,6.0,0.9932957174857853,0.6942220460211903,0.85047,0,0,stable
600__600_2342,122,t_8_16,216.0,0.0,0.0,5.0,0.9726270039777019,0.7683233585705954,0.85047,0,1,stable
600__600_2342,123,t_8_16,140.0,0.0,0.0,3.0,0.6459122080747497,0.8052044139378521,0.85047,0,1,stable
600__600_2342,124,t_8_16,139.99957275390625,0.0,0.0,2.0,0.13141834218842965,0.6494344335611013,0.85047,0,0,stable
600__600_2342,125,s_16_32,364.0,0.0,0.0,6.0,0.9161565388109552,0.5799405906593402,0.85047,0,0,stable
600__600_2342,126,s_16_32,959.9993896484375,0.0,0.0,10.0,0.9921299934597836,0.547091003124999,0.85047,0,0,stable
600__600_2342,127,s_16_32,263.99829101748765,0.0,0.0,4.0,0.9914763049491727,0.8305988047527559,0.85047,0,1,stable
600__600_2342,128,t_8_16,111.99951171875,0.0,0.0,2.0,0.9780611866294535,0.4155306200953139,0.85047,1,0,stable
600__600_2342,129,t_8_16,112.0,0.25,0.25,1.0,,0.5931280505616292,0.85047,0,0,mild
600__600_2342,130,s_16_32,288.0,0.0,0.0,4.0,0.994418846734789,0.7449760416666718,0.85047,0,0,stable
623d22ecf,0,t_8_16,135.0,0.0,0.0,2.0,0.9495477007905494,0.9056885033289549,0.67085,0,1,stable
623d22ecf,1,t_8_16,96.0,0.5,0.5,2.0,0.4282881405948362,0.4462234132887006,0.67085,1,0,mild
633dd398c,0,t_8_16,182.00002670288086,0.0,0.0,3.0,0.9343087946077481,0.7335995589596889,0.76591,0,0,stable
67c4dc2e3,0,t_8_16,167.99957275390625,0.25,0.0,3.0,0.5264209863534507,0.826056800515175,0.68612,0,1,mild
6bae2e78b,0,t_8_16,225.0,0.0,0.0,2.0,0.9885838527672429,0.872019360000005,0.82122,0,1,stable
6e67ac5f3,0,t_8_16,189.00054931640625,0.0,0.0,3.0,0.9876199902967763,0.947050818155679,0.7619,0,1,stable
6e67ac5f3,1,s_16_32,288.0,0.25,0.0,6.0,0.6038233271137845,0.7853278583743559,0.7619,0,1,mild
71ec72775,2,t_8_16,88.0,0.0,0.0,2.0,0.9682932211801508,0.5697831590909122,0.54629,0,0,stable
724__0_600,0,s_16_32,312.0,0.0,0.0,5.0,0.9925952353645681,0.5335409204381999,0.82366,0,0,stable
724__0_600,1,t_8_16,216.0,0.0,0.0,4.0,0.997100533963499,0.6647131955721727,0.82366,0,0,stable
72__1200_1200,0,s_16_32,280.0,0.0,0.0,5.0,0.9953980983104094,0.8679185142857143,0.83657,0,1,stable
72__1200_1200,1,t_8_16,110.0,0.0,0.0,1.0,,0.7261002602400675,0.83657,0,0,stable
72__1200_1200,2,t_8_16,160.0,0.0,0.0,2.0,0.7935954437100577,0.8439858277202148,0.83657,0,1,stable
72__1200_1200,3,t_8_16,144.0,0.0,0.0,4.0,0.9674757200078576,0.7900264507687921,0.83657,0,1,stable
72__1200_1200,4,t_8_16,196.0,0.0,0.0,3.0,0.996887541819721,0.8351171887755066,0.83657,0,1,stable
72__1200_1200,5,t_8_16,168.0,0.0,0.0,2.0,0.9829147170836967,0.8349770471992682,0.83657,0,1,stable
72__1200_1200,6,t_8_16,144.0,0.0,0.0,2.0,0.9979304480720871,0.8200017154338546,0.83657,0,1,stable
72__1200_1200,7,t_8_16,80.0,0.5,0.5,0.0,,0.6113926573724796,0.83657,0,0,mild
72__1200_1200,8,t_8_16,132.0,0.0,0.0,1.0,,0.7406222929371546,0.83657,0,0,stable
72__1200_1200,9,t_8_16,110.0,0.25,0.0,2.0,0.8930192771142211,0.6522701259118469,0.83657,0,0,mild
72__1200_1200,10,t_8_16,144.0,0.0,0.0,2.0,0.9318699626922298,0.8202027429042238,0.83657,0,1,stable
72__1200_1200,11,t_8_16,196.0,0.0,0.0,5.0,0.9450609187283906,0.8407292615270751,0.83657,0,1,stable
72__1200_1200,12,t_8_16,88.0,0.0,0.0,2.0,0.9994735234816867,0.9076254204853339,0.83657,0,1,stable
72__1200_1200,13,t_8_16,159.9993896484375,0.0,0.0,2.0,0.9929553429244427,0.7691184828979719,0.83657,0,1,stable
72__1200_1200,14,t_8_16,84.0,0.0,0.0,4.0,0.5808254510401486,0.7352380641430583,0.83657,0,0,stable
72__1200_1200,15,t_8_16,126.0008544921875,0.0,0.0,2.0,0.993194873359036,0.7660624174378439,0.83657,0,1,stable
72__1200_1200,16,t_8_16,110.0,0.0,0.0,1.0,,0.6621317680091606,0.83657,0,0,stable
72__1200_1200,17,t_8_16,216.0,0.0,0.0,5.0,0.9779913026233822,0.8440510150445568,0.83657,0,1,stable
72__1200_1200,18,t_8_16,120.0,0.0,0.0,1.0,,0.8051842270184881,0.83657,0,1,stable
72__1200_1200,20,t_8_16,112.0,0.5,0.5,1.0,,0.6832007726955142,0.83657,0,0,mild
72__1200_1200,21,s_16_32,256.0,0.0,0.0,5.0,0.9087959026903676,0.4977344575844834,0.83657,1,0,stable
72__1200_1200,22,t_8_16,96.0,0.5,0.5,1.0,,0.769039363900814,0.83657,0,1,mild
72__1200_1200,23,t_8_16,144.0,0.25,0.25,2.0,0.9955989856398956,0.8153918540107169,0.83657,0,1,mild
72__1200_1200,24,t_8_16,154.0,0.25,0.0,4.0,0.7546981483930414,0.49053258371693537,0.83657,1,0,mild
72__1200_1200,25,t_8_16,160.0,0.0,0.0,3.0,0.987074527783559,0.6636181635283127,0.83657,0,0,stable
72__1200_1200,26,t_8_16,96.0,0.0,0.0,2.0,0.999096697562773,0.7738127826632859,0.83657,0,1,stable
72__1200_1200,27,t_8_16,70.00007629394531,0.0,0.0,3.0,0.9896454087060065,0.6977853935845298,0.83657,0,0,stable
72__1200_1200,28,t_8_16,80.0,0.0,0.0,1.0,,0.7560442096095525,0.83657,0,1,stable
72__1200_1200,29,t_8_16,80.0,0.0,0.0,1.0,,0.7906181351166425,0.83657,0,1,stable
72__1200_1200,30,t_8_16,78.00018310546875,0.0,0.0,3.0,0.9681322643881695,0.0,0.83657,1,0,stable
72__1200_1200,31,t_8_16,84.0,0.0,0.0,3.0,0.9907616880102825,0.6073998286286024,0.83657,0,0,stable
72__1200_1200,32,s_16_32,448.0,0.5,0.5,10.0,0.11098635673255722,0.0,0.83657,1,0,mild
72__1200_1200,33,t_8_16,112.0,0.5,0.0,2.0,0.3138177773932595,0.451048902013763,0.83657,1,0,mild
72__1200_1200,35,t_8_16,120.0,0.0,0.0,1.0,,0.8233860568918878,0.83657,0,1,stable
72__1200_1200,37,t_8_16,140.0,0.0,0.0,2.0,0.9500566030503527,0.6780086032078907,0.83657,0,0,stable
72__1200_1200,38,t_8_16,140.0,0.0,0.0,3.0,0.9847038240394475,0.8388569863637194,0.83657,0,1,stable
72__1200_1200,39,t_8_16,150.0,0.25,0.0,5.0,0.993806997124529,0.5744012457522005,0.83657,0,0,mild
72__1200_1200,40,t_8_16,112.0,0.0,0.0,3.0,0.9482387295175385,0.6933260285047854,0.83657,0,0,stable
72__1200_1200,41,s_16_32,266.0,0.0,0.0,5.0,0.5966487455900066,0.8109053146639609,0.83657,0,1,stable
72__1200_1200,42,t_8_16,180.0,0.25,0.0,3.0,0.06479862799455581,0.0,0.83657,1,0,mild
72__1200_1200,43,t_8_16,135.0,0.0,0.0,3.0,0.9901574406269483,0.7241395083771405,0.83657,0,0,stable
72__1200_1200,44,t_8_16,195.0,0.0,0.0,2.0,0.9977632343031736,0.667951565000423,0.83657,0,0,stable
72__1200_1200,45,t_8_16,159.9993896484375,0.0,0.0,3.0,0.81692137845068,0.49781257500000003,0.83657,1,0,stable
72__1200_1200,46,t_8_16,208.99932861328125,0.0,0.0,6.0,0.9624679493582426,0.6685885216628176,0.83657,0,0,stable
72__1200_1200,47,t_8_16,96.0,0.0,0.0,2.0,0.6004010624921956,0.9198490048694985,0.83657,0,1,stable
74f8dd4e7,0,t_8_16,90.0,0.0,0.0,1.0,,0.6956709444444477,0.72883,0,0,stable
74f8dd4e7,1,t_8_16,156.0,0.0,0.0,1.0,,0.45768615384615446,0.72883,1,0,stable
74f8dd4e7,18,t_8_16,70.0,0.25,0.0,3.0,0.6652858446668234,0.6408423000000051,0.72883,0,0,mild
765__1200_1800,0,t_8_16,160.0,0.0,0.0,3.0,0.9931691920460142,0.8896435165651057,0.82047,0,1,stable
77dc7bf31,0,t_8_16,84.0,0.0,0.0,5.0,0.9603198051618225,0.7220295177013013,0.47218,0,0,stable
79e8dd9d9,0,s_16_32,408.0,0.0,0.0,7.0,0.7459808659873438,0.6133330833333348,0.06057,0,0,stable
79e8dd9d9,1,t_8_16,189.0,0.25,0.0,3.0,0.2757349095284715,0.6992663167962763,0.06057,0,0,mild
79e8dd9d9,2,t_8_16,240.0,0.25,0.0,0.0,0.5772517368874474,0.2884036644789711,0.06057,1,0,mild
79e8dd9d9,3,s_16_32,308.0,0.25,0.25,5.0,0.25079569600076473,0.549937207792208,0.06057,0,0,mild
79e8dd9d9,4,t_8_16,209.0,0.75,0.5,4.0,0.1547774948742941,0.6772128899521599,0.06057,0,0,high
7a310295a,0,t_8_16,131.99859619513154,0.0,0.0,2.0,0.9827554761496753,0.5554809909738773,0.4853,0,0,stable
7a310295a,1,t_8_16,139.9993896484375,0.0,0.0,1.0,,0.6709110373523333,0.4853,0,0,stable
7a310295a,2,t_8_16,130.0,0.25,0.0,2.0,0.17497142509022232,0.5091063368211213,0.4853,0,0,mild
7a310295a,3,t_8_16,120.0,0.0,0.0,1.0,,0.6893987636184694,0.4853,0,0,stable
7a310295a,4,t_8_16,168.0,0.0,0.0,2.0,0.9785863306615554,0.6376452458022406,0.4853,0,0,stable
7a310295a,5,t_8_16,165.0,0.0,0.0,2.0,0.7018187925617961,0.5542679679687751,0.4853,0,0,stable
7a310295a,6,t_8_16,87.99966430664062,0.0,0.0,2.0,0.7074794974976859,0.3971724773287931,0.4853,1,0,stable
7a310295a,7,t_8_16,143.0,0.0,0.0,2.0,0.9508365650280058,0.7505411890247848,0.4853,0,1,stable
7a310295a,8,t_8_16,121.0,0.0,0.0,2.0,0.9534358390797391,0.5199769729160644,0.4853,0,0,stable
7a310295a,9,t_8_16,87.99932861328125,0.0,0.0,3.0,0.9842116072964788,0.49231107438630056,0.4853,1,0,stable
7a310295a,10,t_8_16,90.00027465820312,0.5,0.0,1.0,,0.6543963884580253,0.4853,0,0,mild
7a310295a,11,t_8_16,150.0,0.0,0.0,1.0,,0.5770294765756324,0.4853,0,0,stable
7a310295a,12,t_8_16,125.99978637695312,0.0,0.0,2.0,0.9672924966471025,0.5137524130080473,0.4853,0,0,stable
7a4e44e30,0,t_8_16,136.0,0.0,0.0,2.0,0.9977364411952709,0.6261578449937467,0.8198,0,0,stable
7a4e44e30,1,t_8_16,110.0,0.0,0.0,3.0,0.9887458676265558,0.8274042174405433,0.8198,0,1,stable
7a4e44e30,2,t_8_16,112.0,0.0,0.0,1.0,,0.6767520949575576,0.8198,0,0,stable
7bf3b18dc,0,t_8_16,78.00079345703125,0.0,0.0,4.0,0.9008987054832273,0.7646193938910238,0.6773,0,1,stable
7bf3b18dc,1,t_8_16,90.0,0.0,0.0,1.0,,0.47759625276768297,0.6773,1,0,stable
7bf3b18dc,2,t_8_16,77.0,0.5,0.0,4.0,0.43442107254382983,0.5190014666345033,0.6773,0,0,mild
7f5c1c971,0,t_8_16,247.00057983398438,0.0,0.0,5.0,0.9979414599673134,0.9055906251001579,0.81876,0,1,stable
8048444f1,0,s_16_32,284.99884033203125,0.0,0.0,6.0,0.9931380735010515,0.8984898104710263,0.85365,0,1,stable
8048444f1,1,t_8_16,154.0,0.0,0.0,5.0,0.9384488526495316,0.8053260473869399,0.85365,0,1,stable
8048444f1,2,t_8_16,144.0,0.25,0.25,3.0,0.9914648759128291,0.9148333093003534,0.85365,0,1,mild
807__0_2417,0,t_8_16,160.0,0.0,0.0,1.0,,0.8102713384238132,0.82385,0,1,stable
807__0_2417,1,t_8_16,84.0,0.0,0.0,4.0,0.974805434446746,0.7790403278743622,0.82385,0,1,stable
807__0_2417,2,t_8_16,112.0,0.0,0.0,2.0,0.9875606693293904,0.9051215058377966,0.82385,0,1,stable
819__2490_2417,0,t_8_16,112.0,0.5,0.5,0.0,,0.8173568965288066,0.74673,0,1,mild
819__2490_2417,1,t_8_16,140.0,0.0,0.0,2.0,0.966705058065227,0.7891830376278465,0.74673,0,1,stable
819__2490_2417,2,t_8_16,112.0,0.0,0.0,2.0,0.9900797022793695,0.959374768346432,0.74673,0,1,stable
822ceb9ee,0,t_8_16,150.0,0.0,0.0,2.0,0.9908083912582855,0.540970030316801,0.10993,0,0,stable
8242a22a8,0,t_8_16,99.0,0.25,0.0,3.0,0.5969864659630387,0.7105753535353616,0.66447,0,0,mild
82c0910d5,0,t_8_16,78.00018310546875,0.25,0.0,3.0,0.8199273384115665,0.8117560158728252,0.58422,0,1,mild
832ce9077,0,t_8_16,251.9989013671875,0.0,0.0,3.0,0.9049641396967673,0.9172403191032314,0.5396,0,1,stable
84264d266,0,t_8_16,152.00003051757812,0.0,0.0,2.0,0.9952561212012521,0.7887115759751204,0.83389,0,1,stable
860__1200_2417,0,t_8_16,84.0,0.0,0.0,1.0,0.9999999999202539,0.5952573182162723,0.86574,0,0,stable
860__1200_2417,1,t_8_16,112.0,0.0,0.0,2.0,0.9781745418133527,0.5688517812873983,0.86574,0,0,stable
860__1200_2417,2,t_8_16,168.0,0.0,0.0,4.0,0.9946489822773775,0.8714373666115331,0.86574,0,1,stable
860__1200_2417,3,t_8_16,192.0,0.0,0.0,4.0,0.8473182395128929,0.741912890625001,0.86574,0,0,stable
860__1200_2417,4,t_8_16,159.9999237060547,0.0,0.0,3.0,0.9782884798503719,0.7301067193151436,0.86574,0,0,stable
860__1200_2417,6,t_8_16,120.0,0.25,0.0,3.0,0.8364144514257569,0.7158640251639947,0.86574,0,0,mild
860__1200_2417,7,t_8_16,140.0,0.0,0.0,2.0,0.9112418807416561,0.7461278502809101,0.86574,0,0,stable
860__1200_2417,8,t_8_16,160.00015258789062,0.0,0.0,3.0,0.9968696398676127,0.8602918271324071,0.86574,0,1,stable
860__1200_2417,9,t_8_16,216.0,0.0,0.0,4.0,0.9904395370973,0.8320988767686025,0.86574,0,1,stable
860__1200_2417,10,s_16_32,540.0,0.0,0.0,8.0,0.9752786030294509,0.7924212120715862,0.86574,0,1,stable
860__1200_2417,11,t_8_16,192.00009155273438,0.0,0.0,3.0,0.960260018175861,0.6956753788830732,0.86574,0,0,stable
860__1200_2417,12,t_8_16,192.0,0.0,0.0,4.0,0.9931090981014157,0.9087279760305432,0.86574,0,1,stable
860__1200_2417,13,t_8_16,216.0,0.0,0.0,5.0,0.9826820698238078,0.7523896316774071,0.86574,0,1,stable
860__1200_2417,15,t_8_16,160.0,0.0,0.0,2.0,0.7981049557098522,0.7737517632905337,0.86574,0,1,stable
860__1200_2417,16,t_8_16,224.0,0.0,0.0,4.0,0.9477375891756593,0.7130098270301111,0.86574,0,0,stable
860__1200_2417,17,t_8_16,144.0,0.5,0.5,1.0,,0.805803607543734,0.86574,0,1,mild
860__1200_2417,18,t_8_16,140.0,0.0,0.0,3.0,0.9895372773123179,0.7775560231197395,0.86574,0,1,stable
860__1200_2417,19,t_8_16,160.0,0.0,0.0,1.0,,0.7934110091607524,0.86574,0,1,stable
860__1200_2417,20,t_8_16,140.0,0.0,0.0,2.0,0.9820720459650195,0.8816304701925494,0.86574,0,1,stable
860__1200_2417,21,t_8_16,191.9996337890625,0.0,0.0,2.0,0.9850098266866029,0.8059029384337261,0.86574,0,1,stable
860__1200_2417,22,s_16_32,703.99951171875,0.0,0.0,10.0,0.9712530183242345,0.8933568006288352,0.86574,0,1,stable
860__1200_2417,23,t_8_16,139.99969482421875,0.0,0.0,2.0,0.9825862331202304,0.8189480286163137,0.86574,0,1,stable
860__1200_2417,24,t_8_16,168.0,0.0,0.0,3.0,0.9829981458505562,0.5937200282907154,0.86574,0,0,stable
860__1200_2417,25,t_8_16,159.99920654390007,0.0,0.0,3.0,0.9237501576448633,0.7025059535367205,0.86574,0,0,stable
860__1200_2417,26,t_8_16,168.0,0.0,0.0,2.0,0.9612864216527699,0.7649557371542262,0.86574,0,1,stable
860__1200_2417,27,t_8_16,139.9993896484375,0.0,0.0,2.0,0.9723289359650816,0.6499398100008779,0.86574,0,0,stable
860__1200_2417,28,t_8_16,140.0,0.0,0.0,3.0,0.991549681448331,0.6938731927730093,0.86574,0,0,stable
860__1200_2417,30,t_8_16,160.0,0.0,0.0,3.0,0.9683745587377512,0.7703880762498638,0.86574,0,1,stable
860__1200_2417,31,t_8_16,140.0,0.0,0.0,1.0,,0.3570758416590029,0.86574,1,0,stable
860__1200_2417,32,t_8_16,111.99957275390625,0.0,0.0,5.0,0.916804246237539,0.7745322124602148,0.86574,0,1,stable
860__1200_2417,33,t_8_16,180.0,0.0,0.0,3.0,0.9929281436140883,0.8018368430367103,0.86574,0,1,stable
860__1200_2417,34,t_8_16,160.0,0.0,0.0,3.0,0.9796489717335485,0.7799816731543971,0.86574,0,1,stable
860__1200_2417,35,t_8_16,112.0,0.25,0.25,2.0,0.9960519976304495,0.7286376358956357,0.86574,0,0,mild
860__1200_2417,36,t_8_16,180.0,0.0,0.0,2.0,0.9865737579377706,0.7940051040548853,0.86574,0,1,stable
860__1200_2417,37,t_8_16,216.0,0.0,0.0,6.0,0.9633434045850272,0.7673487921257548,0.86574,0,1,stable
860__1200_2417,38,s_16_32,600.0,0.0,0.0,10.0,0.9957572081390313,0.9115732398705025,0.86574,0,1,stable
860__1200_2417,39,t_8_16,120.0,0.0,0.0,1.0,,0.7242936682284022,0.86574,0,0,stable
860__1200_2417,40,t_8_16,72.0,0.0,0.0,2.0,0.9761940065468805,0.6001316488793758,0.86574,0,0,stable
860__1200_2417,41,t_8_16,119.9996337890625,0.0,0.0,1.0,,0.7243106263177426,0.86574,0,0,stable
860__1200_2417,42,t_8_16,119.9996337890625,0.0,0.0,3.0,0.9057363288593128,0.8766416140712052,0.86574,0,1,stable
860__1200_2417,43,t_8_16,79.999755859375,0.25,0.0,2.0,0.7245290370632117,0.6621932091612428,0.86574,0,0,mild
860__1200_2417,44,t_8_16,80.0,0.0,0.0,1.0,,0.6188327783818829,0.86574,0,0,stable
860__1200_2417,45,t_8_16,80.0,0.0,0.0,1.0,,0.046267665432691805,0.86574,1,0,stable
860__1200_2417,46,t_8_16,144.0,0.0,0.0,2.0,0.5262068632556864,0.0,0.86574,1,0,stable
860__1200_2417,47,t_8_16,120.0,0.25,0.0,3.0,0.907016642157587,0.592558635455637,0.86574,0,0,mild
860__1200_2417,48,t_8_16,111.9991455078125,0.0,0.0,5.0,0.9327869121587385,0.7856065745505167,0.86574,0,1,stable
860__1200_2417,49,t_8_16,100.0006103515625,0.0,0.0,2.0,0.9490302396634916,0.5518658873844294,0.86574,0,0,stable
860__1200_2417,50,t_8_16,192.0,0.0,0.0,2.0,0.9906712370962392,0.875875989079317,0.86574,0,1,stable
860__1200_2417,51,t_8_16,180.0,0.0,0.0,2.0,0.8486329219301447,0.8278896690240197,0.86574,0,1,stable
860__1200_2417,52,t_8_16,160.0,0.0,0.0,2.0,0.7454414489328628,0.851020729455406,0.86574,0,1,stable
860__1200_2417,53,t_8_16,191.999267578125,0.0,0.0,3.0,0.9893543248200215,0.7337792014700009,0.86574,0,0,stable
860__1200_2417,54,t_8_16,192.0,0.0,0.0,3.0,0.8594392545222931,0.6110352333225958,0.86574,0,0,stable
860__1200_2417,56,t_8_16,168.0,0.0,0.0,1.0,0.9999999422987591,0.7283274424466584,0.86574,0,0,stable
860__1200_2417,57,t_8_16,168.0,0.0,0.0,4.0,0.7922833597160275,0.741135296395037,0.86574,0,0,stable
860__1200_2417,58,t_8_16,160.0,0.0,0.0,3.0,0.9905094169022387,0.8883166817848844,0.86574,0,1,stable
860__1200_2417,59,t_8_16,191.99914550827816,0.0,0.0,2.0,0.9870574953323656,0.8531667309766857,0.86574,0,1,stable
860__1200_2417,60,t_8_16,191.999755859375,0.0,0.0,4.0,0.9943796573301448,0.7819972828129548,0.86574,0,1,stable
860__1200_2417,61,t_8_16,140.0,0.25,0.0,4.0,0.8137602473306127,0.7792357368785822,0.86574,0,1,mild
860__1200_2417,62,t_8_16,159.9993896484375,0.0,0.0,2.0,0.924369527665215,0.66628557883238,0.86574,0,0,stable
860__1200_2417,63,t_8_16,160.0,0.0,0.0,5.0,0.5787963012292532,0.7713206588476446,0.86574,0,1,stable
860__1200_2417,64,t_8_16,159.999755859375,0.0,0.0,2.0,0.9892921886920256,0.8298809365254985,0.86574,0,1,stable
860__1200_2417,65,t_8_16,159.9998779296875,0.0,0.0,2.0,0.777848615266451,0.8361016877951044,0.86574,0,1,stable
860__1200_2417,66,t_8_16,140.0,0.0,0.0,2.0,0.9902310755967895,0.9176279967105284,0.86574,0,1,stable
860__1200_2417,67,t_8_16,140.0,0.0,0.0,1.0,0.9999999849051187,0.6862522848098931,0.86574,0,0,stable
860__1200_2417,68,t_8_16,140.0,0.0,0.0,2.0,0.9747915806482224,0.8182964062467576,0.86574,0,1,stable
860__1200_2417,69,t_8_16,159.999755859375,0.25,0.0,4.0,0.9748331164512806,0.8847812080755437,0.86574,0,1,mild
860__1200_2417,70,t_8_16,95.99990844726562,0.0,0.0,4.0,0.9703837904897159,0.7038382617212605,0.86574,0,0,stable
860__1200_2417,71,t_8_16,140.0,0.0,0.0,2.0,0.99188696452334,0.7647886921508329,0.86574,0,1,stable
860__1200_2417,72,t_8_16,160.0,0.0,0.0,2.0,0.9555655593764789,0.8006405118509018,0.86574,0,1,stable
860__1200_2417,73,t_8_16,140.0,0.0,0.0,3.0,0.95887481910691,0.8810893637002952,0.86574,0,1,stable
860__1200_2417,74,t_8_16,160.0,0.0,0.0,3.0,0.9970752868826089,0.7256171128205391,0.86574,0,0,stable
860__1200_2417,75,t_8_16,160.0,0.0,0.0,3.0,0.9852736623205994,0.828307270213393,0.86574,0,1,stable
860__1200_2417,76,t_8_16,192.0,0.0,0.0,3.0,0.9905905636492186,0.8368173020194446,0.86574,0,1,stable
860__1200_2417,77,t_8_16,216.0,0.0,0.0,5.0,0.9729938217362628,0.8346163980848942,0.86574,0,1,stable
860__1200_2417,78,t_8_16,140.0,0.0,0.0,3.0,0.7989775160894438,0.854820772203727,0.86574,0,1,stable
860__1200_2417,79,s_16_32,264.0,0.0,0.0,5.0,0.9904305596471819,0.683645582879172,0.86574,0,0,stable
860__1200_2417,80,t_8_16,112.0,0.0,0.0,3.0,0.9698309472630564,0.7302324234640796,0.86574,0,0,stable
860__1200_2417,81,t_8_16,223.99993896484375,0.0,0.0,3.0,0.9935683161548001,0.7957045446428558,0.86574,0,1,stable
860__1200_2417,82,t_8_16,167.99989318847656,0.0,0.0,3.0,0.9972389419788991,0.8718676774102901,0.86574,0,1,stable
860__1200_2417,83,t_8_16,140.0,0.0,0.0,3.0,0.9862800882900985,0.7429357109084993,0.86574,0,0,stable
860__1200_2417,84,t_8_16,80.0,0.0,0.0,1.0,,0.8399527207412548,0.86574,0,1,stable
860__1200_2417,85,t_8_16,140.0,0.0,0.0,1.0,,0.8411356997663337,0.86574,0,1,stable
860__1200_2417,86,t_8_16,160.0,0.0,0.0,2.0,0.9631423289414314,0.8864183194857982,0.86574,0,1,stable
860__1200_2417,87,t_8_16,112.0,0.0,0.0,3.0,0.92722179956176,0.6954403857264468,0.86574,0,0,stable
860__1200_2417,88,s_16_32,468.0,0.0,0.0,10.0,0.973898604866273,0.755663786769382,0.86574,0,1,stable
860__1200_2417,89,s_16_32,308.0,0.0,0.0,6.0,0.8557269418201988,0.8872518114867828,0.86574,0,1,stable
860__1200_2417,90,s_16_32,468.0,0.0,0.0,8.0,0.9918573200374142,0.8964813908618398,0.86574,0,1,stable
860__1200_2417,91,t_8_16,120.0,0.0,0.0,1.0,,0.6075620576036878,0.86574,0,0,stable
860__1200_2417,92,t_8_16,160.0,0.0,0.0,3.0,0.9841658960930929,0.7659831896264151,0.86574,0,1,stable
860__1200_2417,93,t_8_16,140.0,0.0,0.0,1.0,,0.7595577100228963,0.86574,0,1,stable
860__1200_2417,94,t_8_16,160.0,0.0,0.0,3.0,0.9573814613098002,0.6308322641619004,0.86574,0,0,stable
860__1200_2417,95,s_16_32,280.0,0.0,0.0,7.0,0.9969881102989189,0.8900334034925292,0.86574,0,1,stable
860__1200_2417,96,t_8_16,140.0,0.0,0.0,2.0,0.9718347851500633,0.6146150863053319,0.86574,0,0,stable
860__1200_2417,97,t_8_16,140.0,0.0,0.0,2.0,0.17621982008042036,0.6825087992973282,0.86574,0,0,stable
860__1200_2417,98,t_8_16,140.0,0.25,0.0,2.0,0.9606716776036769,0.7553939684660039,0.86574,0,1,mild
860__1200_2417,99,t_8_16,140.0,0.0,0.0,3.0,0.9897512298486051,0.8174150748797459,0.86574,0,1,stable
860__1200_2417,100,t_8_16,216.00013732910156,0.0,0.0,3.0,0.9965405527794201,0.7190247252747255,0.86574,0,0,stable
860__1200_2417,101,t_8_16,140.0,0.0,0.0,3.0,0.990083534680611,0.7693943015867848,0.86574,0,1,stable
860__1200_2417,102,t_8_16,160.0,0.0,0.0,2.0,0.951590634072825,0.7662995188188604,0.86574,0,1,stable
860__1200_2417,103,t_8_16,180.0,0.0,0.0,2.0,0.9923150517127575,0.6884600288123346,0.86574,0,0,stable
860__1200_2417,104,t_8_16,140.0,0.25,0.0,5.0,0.9060411340575072,0.7281710014892864,0.86574,0,0,mild
860__1200_2417,105,t_8_16,192.0,0.0,0.0,2.0,0.9714222029691204,0.7054434160387466,0.86574,0,0,stable
860__1200_2417,106,t_8_16,216.0,0.0,0.0,4.0,0.9981224447478992,0.7350951644746092,0.86574,0,0,stable
860__1200_2417,107,t_8_16,240.0,0.0,0.0,4.0,0.9935503378433117,0.8349821283409994,0.86574,0,1,stable
860__1200_2417,108,t_8_16,252.00013732910156,0.0,0.0,5.0,0.9813568390791383,0.7506346801342328,0.86574,0,1,stable
860__1200_2417,109,t_8_16,216.0,0.0,0.0,4.0,0.9882201292958229,0.7827705289820271,0.86574,0,1,stable
860__1200_2417,110,s_16_32,560.0,0.0,0.0,10.0,0.8451964977443441,0.814143703460443,0.86574,0,1,stable
860__1200_2417,111,t_8_16,168.0,0.25,0.0,5.0,0.7668865312711708,0.6090312171544358,0.86574,0,0,mild
860__1200_2417,112,t_8_16,252.0,0.0,0.0,6.0,0.9154424522918028,0.7447241899059498,0.86574,0,0,stable
860__1200_2417,113,t_8_16,252.0,0.0,0.0,4.0,0.9340869885946791,0.7494721075255942,0.86574,0,0,stable
860__1200_2417,114,t_8_16,160.0,0.0,0.0,4.0,0.9790399479409131,0.7402189536829294,0.86574,0,0,stable
860__1200_2417,115,t_8_16,168.0,0.25,0.0,5.0,0.9382967450496142,0.7010925028708966,0.86574,0,0,mild
860__1200_2417,116,t_8_16,216.0,0.0,0.0,5.0,0.9612969612178957,0.8345077911923539,0.86574,0,1,stable
860__1200_2417,118,t_8_16,168.0,0.0,0.0,2.0,0.9968960273562004,0.8179264946328575,0.86574,0,1,stable
860__1200_2417,119,t_8_16,140.0,0.0,0.0,2.0,0.9844682175137168,0.8618848703055345,0.86574,0,1,stable
860__1200_2417,120,t_8_16,191.99951171875,0.0,0.0,3.0,0.9976470707506259,0.8336508532216409,0.86574,0,1,stable
860__1200_2417,121,t_8_16,192.0,0.0,0.0,3.0,0.9937769422959776,0.908580458744396,0.86574,0,1,stable
860__1200_2417,122,t_8_16,167.99957275390625,0.0,0.0,1.0,,0.705895769978474,0.86574,0,0,stable
860__1200_2417,123,t_8_16,168.0,0.0,0.0,2.0,0.9986791372096187,0.8212266698566587,0.86574,0,1,stable
860__1200_2417,124,t_8_16,168.0000228881836,0.0,0.0,3.0,0.9833729564285261,0.7358604859410175,0.86574,0,0,stable
860__1200_2417,125,t_8_16,140.0,0.0,0.0,1.0,,0.840964635014399,0.86574,0,1,stable
860__1200_2417,126,t_8_16,96.0,0.0,0.0,2.0,0.99768063823248,0.6829383702718631,0.86574,0,0,stable
860__1200_2417,127,t_8_16,160.0,0.25,0.0,4.0,0.8266061442386611,0.9363368410278605,0.86574,0,1,mild
860__1200_2417,128,t_8_16,160.0,0.25,0.0,3.0,0.9605028316506885,0.8085290216768263,0.86574,0,1,mild
860__1200_2417,129,t_8_16,140.0,0.0,0.0,3.0,0.989041549231495,0.8695297665006998,0.86574,0,1,stable
860__1200_2417,130,t_8_16,160.0,0.25,0.0,5.0,0.5798884876054771,0.8363440085402158,0.86574,0,1,mild
860__1200_2417,131,t_8_16,180.0,0.0,0.0,3.0,0.9862862618121191,0.6774292361392211,0.86574,0,0,stable
860__1200_2417,132,t_8_16,128.0,0.0,0.0,3.0,0.9821852042139854,0.7507458368814601,0.86574,0,1,stable
860__1200_2417,133,t_8_16,168.0,0.0,0.0,3.0,0.9711072254147762,0.8304353675081483,0.86574,0,1,stable
860__1200_2417,134,t_8_16,144.0,0.0,0.0,2.0,0.99804363780989,0.8722979813259621,0.86574,0,1,stable
860__1200_2417,135,t_8_16,100.0,0.0,0.0,2.0,0.989139416750189,0.7428995922239188,0.86574,0,0,stable
860__1200_2417,136,t_8_16,80.0,0.0,0.0,1.0,,0.6604454132209115,0.86574,0,0,stable
860__1200_2417,137,t_8_16,168.0,0.0,0.0,5.0,0.9686599279643597,0.6253481748573443,0.86574,0,0,stable
860__1200_2417,138,t_8_16,168.0,0.0,0.0,2.0,0.9810909617984056,0.8003580119047562,0.86574,0,1,stable
860__1200_2417,139,t_8_16,96.0,0.0,0.0,3.0,0.968045328021231,0.6829215383410234,0.86574,0,0,stable
860__1200_2417,140,t_8_16,140.0,0.0,0.0,2.0,0.9475357256394215,0.7354359648859233,0.86574,0,0,stable
860__1200_2417,141,t_8_16,120.0,0.0,0.0,2.0,0.9973581925178264,0.8963778683330802,0.86574,0,1,stable
860__1200_2417,142,t_8_16,96.0,0.0,0.0,2.0,0.9022602424409472,0.555408250577364,0.86574,0,0,stable
860__1200_2417,143,t_8_16,119.99984741210938,0.0,0.0,2.0,0.9732810459114511,0.8684033637703823,0.86574,0,1,stable
860__1200_2417,144,t_8_16,140.0000762939453,0.0,0.0,3.0,0.7329976552781993,0.6834777480429968,0.86574,0,0,stable
860__1200_2417,145,t_8_16,72.0,0.0,0.0,2.0,0.5564762874349946,0.6630968389380102,0.86574,0,0,stable
860__1200_2417,146,t_8_16,120.0,0.0,0.0,2.0,0.997970184796122,0.8208353980106953,0.86574,0,1,stable
860__1200_2417,147,t_8_16,96.0,0.25,0.0,2.0,0.5119252618928672,0.68638945165828,0.86574,0,0,mild
860__1200_2417,148,t_8_16,140.0,0.0,0.0,2.0,0.9805554937679881,0.8387556829724299,0.86574,0,1,stable
860__1200_2417,149,t_8_16,216.0,0.0,0.0,3.0,0.9604430570224586,0.815533574074073,0.86574,0,1,stable
860__1200_2417,150,t_8_16,96.0,0.25,0.25,1.0,,0.8133938319169429,0.86574,0,1,mild
860__1200_2417,151,t_8_16,239.9996337890625,0.0,0.0,7.0,0.9815939271398813,0.7772258446928423,0.86574,0,1,stable
860__1200_2417,152,s_16_32,352.0,0.0,0.0,7.0,0.9959323871064234,0.7864790257259253,0.86574,0,1,stable
860__1200_2417,153,t_8_16,160.0,0.0,0.0,3.0,0.9942011808785053,0.7748315117423502,0.86574,0,1,stable
860__1200_2417,154,t_8_16,120.0,0.25,0.0,4.0,0.9055360408781056,0.7409647723461568,0.86574,0,0,mild
860__1200_2417,155,t_8_16,140.0,0.0,0.0,3.0,0.9928376999654855,0.7735885640039487,0.86574,0,1,stable
860__1200_2417,156,t_8_16,112.0,0.0,0.0,2.0,0.9929435878947589,0.7971818988188284,0.86574,0,1,stable
860__1200_2417,157,s_16_32,288.0,0.0,0.0,5.0,0.9936516113239167,0.8054243923611107,0.86574,0,1,stable
860__1200_2417,158,t_8_16,240.0,0.0,0.0,4.0,0.994564678622,0.7888548540697448,0.86574,0,1,stable
860__1200_2417,159,t_8_16,120.0,0.25,0.0,3.0,0.8928432295320808,0.795807121416953,0.86574,0,1,mild
860__1200_2417,160,t_8_16,160.0,0.0,0.0,2.0,0.9725065334201531,0.7716086058806979,0.86574,0,1,stable
860__1200_2417,161,t_8_16,120.0,0.0,0.0,1.0,,0.7870463504188502,0.86574,0,1,stable
860__1200_2417,162,t_8_16,96.0,0.25,0.25,3.0,0.959457888779564,0.6972686509217346,0.86574,0,0,mild
860__1200_2417,163,t_8_16,140.0,0.0,0.0,2.0,0.9116121693463186,0.905847525183945,0.86574,0,1,stable
860__1200_2417,164,t_8_16,239.99981689453125,0.0,0.0,3.0,0.9232919511679404,0.6375378198927523,0.86574,0,0,stable
860__1200_2417,165,t_8_16,192.0,0.0,0.0,3.0,0.9842050424372811,0.7037039745371236,0.86574,0,0,stable
860__1200_2417,166,t_8_16,192.0,0.0,0.0,3.0,0.9758713227936973,0.7526424374999945,0.86574,0,1,stable
860__1200_2417,167,t_8_16,140.0,0.0,0.0,2.0,0.923488925968192,0.7424338581392179,0.86574,0,0,stable
860__1200_2417,168,t_8_16,140.0,0.25,0.0,4.0,0.8569654432934127,0.0,0.86574,1,0,mild
860__1200_2417,169,t_8_16,160.0,0.25,0.0,3.0,0.7777717873851194,0.8308502791018372,0.86574,0,1,mild
860__1200_2417,170,t_8_16,160.0,0.0,0.0,3.0,0.9866136701448082,0.725828780364793,0.86574,0,0,stable
860__1200_2417,171,t_8_16,96.0,0.0,0.0,2.0,0.9915034337256943,0.7996892093792035,0.86574,0,1,stable
860__1200_2417,172,t_8_16,160.0,0.0,0.0,2.0,0.917319943738594,0.7138577806374184,0.86574,0,0,stable
860__1200_2417,173,t_8_16,224.0,0.0,0.0,4.0,0.9279586833129043,0.5982577451749085,0.86574,0,0,stable
860__1200_2417,174,t_8_16,144.0,0.0,0.0,3.0,0.8331976403498493,0.7543316282951337,0.86574,0,1,stable
860__1200_2417,175,t_8_16,140.0,0.0,0.0,3.0,0.9938237332215762,0.8526066807919218,0.86574,0,1,stable
860__1200_2417,176,t_8_16,120.0,0.0,0.0,2.0,0.986027022120096,0.7572144421121183,0.86574,0,1,stable
860__1200_2417,177,t_8_16,160.0,0.0,0.0,3.0,0.9123044411278436,0.7582856879311765,0.86574,0,1,stable
860__1200_2417,178,t_8_16,140.0,0.0,0.0,1.0,,0.828146749470513,0.86574,0,1,stable
860__1200_2417,179,t_8_16,240.0,0.0,0.0,3.0,0.9857536151865268,0.7736782711712876,0.86574,0,1,stable
860__1200_2417,180,t_8_16,180.0,0.0,0.0,3.0,0.9885732100331249,0.7376622219095504,0.86574,0,0,stable
860__1200_2417,181,t_8_16,96.0,0.0,0.0,1.0,,0.0,0.86574,1,0,stable
860__1200_2417,182,t_8_16,140.0,0.0,0.0,3.0,0.5189173536270743,0.0,0.86574,1,0,stable
860__1200_2417,183,t_8_16,112.0,0.0,0.0,2.0,0.8009024769934818,0.0,0.86574,1,0,stable
860__1200_2417,184,t_8_16,128.0,0.5,0.0,2.0,0.0013105552415388039,0.8507257745394649,0.86574,0,1,mild
860__1200_2417,185,t_8_16,72.0,0.0,0.0,3.0,0.9243560608113724,0.6938317155711194,0.86574,0,0,stable
860__1200_2417,186,t_8_16,96.0,0.25,0.25,1.0,,0.7941304345528578,0.86574,0,1,mild
860__1200_2417,187,t_8_16,79.9993896484375,0.25,0.0,2.0,0.7867765523242454,0.6745795602354331,0.86574,0,0,mild
860__1200_2417,188,s_16_32,288.0,0.0,0.0,4.0,0.976926276598131,0.7164615258610376,0.86574,0,0,stable
860__1200_2417,189,t_8_16,96.0,0.0,0.0,2.0,0.8628195651782332,0.651545626007407,0.86574,0,0,stable
860__1200_2417,190,t_8_16,96.0,0.0,0.0,1.0,,0.6802664396344592,0.86574,0,0,stable
860__1200_2417,191,t_8_16,112.0,0.5,0.5,1.0,,0.790814994302253,0.86574,0,1,mild
860__1200_2417,192,s_16_32,527.9986572265625,0.0,0.0,8.0,0.9449437034201414,0.1842810125167196,0.86574,1,0,stable
860__1200_2417,193,t_8_16,160.0,0.0,0.0,3.0,0.9879339926662155,0.8341876522897482,0.86574,0,1,stable
860__1200_2417,194,t_8_16,140.0,0.0,0.0,3.0,0.9966202082126566,0.8018859300449955,0.86574,0,1,stable
860__1200_2417,195,t_8_16,112.0,0.5,0.5,1.0,,0.5920546828255663,0.86574,0,0,mild
860__1200_2417,196,t_8_16,120.0,0.0,0.0,3.0,0.9343602146886488,0.7361472250000077,0.86574,0,0,stable
860__1200_2417,197,t_8_16,160.0,0.0,0.0,2.0,0.9797453029765218,0.8143365507197886,0.86574,0,1,stable
860__1200_2417,198,t_8_16,72.0,0.0,0.0,4.0,0.9556655580707553,0.5292856377581164,0.86574,0,0,stable
860__1200_2417,199,t_8_16,180.0,0.25,0.0,5.0,0.9249209327360279,0.7646914073542921,0.86574,0,1,mild
860__1200_2417,200,t_8_16,112.0,0.25,0.25,1.0,,0.8164734482251441,0.86574,0,1,mild
860__1200_2417,201,t_8_16,112.0,0.0,0.0,2.0,0.4815127027371948,0.0677753798684103,0.86574,1,0,stable
860__1200_2417,202,t_8_16,128.0,0.0,0.0,3.0,0.9969944532587588,0.7926896838529816,0.86574,0,1,stable
860__1200_2417,203,t_8_16,160.0,0.0,0.0,4.0,0.8497885242276697,0.7247852456778874,0.86574,0,0,stable
860__1200_2417,204,t_8_16,140.00042724609375,0.0,0.0,2.0,0.9905905352988442,0.7748368586528575,0.86574,0,1,stable
860__1200_2417,205,t_8_16,160.0,0.0,0.0,2.0,0.9983716632381467,0.7963189343714817,0.86574,0,1,stable
860__1200_2417,206,t_8_16,170.0,0.0,0.0,3.0,0.9607063599866097,0.5450168235294137,0.86574,0,0,stable
860__1200_2417,207,t_8_16,126.0,0.0,0.0,2.0,0.9486010506685193,0.6467859200952863,0.86574,0,0,stable
860__1200_2417,208,t_8_16,120.0,0.0,0.0,3.0,0.9601658255837481,0.8596892699266956,0.86574,0,1,stable
860__1200_2417,209,t_8_16,252.0000171661377,0.0,0.0,4.0,0.930061084822625,0.6884595173979016,0.86574,0,0,stable
860__1200_2417,210,t_8_16,100.0,0.25,0.25,1.0,,0.6854709996092729,0.86574,0,0,mild
860__1200_2417,211,t_8_16,196.0,0.0,0.0,3.0,0.8737286081799892,0.7978804584518222,0.86574,0,1,stable
860__1200_2417,212,t_8_16,167.9996337890625,0.0,0.0,2.0,0.5805322401867069,0.8266586070596581,0.86574,0,1,stable
860__1200_2417,213,t_8_16,168.0,0.0,0.0,4.0,0.9443803938492927,0.8308097964400571,0.86574,0,1,stable
860__1200_2417,214,t_8_16,140.0,0.0,0.0,1.0,,0.7668806420679138,0.86574,0,1,stable
860__1200_2417,215,t_8_16,119.99969482421875,0.0,0.0,2.0,0.9735099026382649,0.7000548333011892,0.86574,0,0,stable
860__1200_2417,216,t_8_16,224.0,0.0,0.0,4.0,0.9965520111413988,0.7416655089285715,0.86574,0,0,stable
860__1200_2417,217,t_8_16,80.0,0.25,0.25,2.0,0.9980482010167717,0.8368651133278553,0.86574,0,1,mild
860__1200_2417,219,t_8_16,120.0,0.0,0.0,1.0,,0.7239205500000017,0.86574,0,0,stable
860__1200_2417,220,t_8_16,84.00004577636719,0.0,0.0,4.0,0.9552000458772777,0.7382615291467004,0.86574,0,0,stable
860__1200_2417,222,t_8_16,112.0,0.25,0.25,2.0,0.9645184406237379,0.7208685623170475,0.86574,0,0,mild
860__1200_2417,223,t_8_16,192.0,0.0,0.0,5.0,0.41126818054972797,0.4409148368569359,0.86574,1,0,stable
860__1200_2417,224,s_16_32,851.0,0.5,0.5,10.0,0.040646283438640324,0.4802642397179785,0.86574,1,0,mild
870__2491_2400,0,t_8_16,196.0,0.0,0.0,3.0,0.9951657647567956,0.8804701154889883,0.80427,0,1,stable
870__2491_2400,1,t_8_16,224.0,0.0,0.0,5.0,0.9745931042524796,0.8574729345085478,0.80427,0,1,stable
871__600_1200,0,t_8_16,180.0,0.0,0.0,4.0,0.7400513911898828,0.770198370593476,0.79611,0,1,stable
88937dc1d,0,t_8_16,126.0,0.0,0.0,6.0,0.9488496769206869,0.8806017555394562,0.81225,0,1,stable
889__2175_600,0,t_8_16,128.0,0.25,0.25,3.0,0.9515715013569304,0.6896236667962126,0.81841,0,0,mild
889__2175_600,1,t_8_16,95.99951171875,0.0,0.0,2.0,0.9999997824591619,0.0,0.81841,1,0,stable
889__2175_600,2,t_8_16,252.0,0.0,0.0,4.0,0.9945908793046402,0.8375147208712275,0.81841,0,1,stable
88d0a4dce,4,t_8_16,88.0,0.25,0.25,1.0,,0.7981195765860474,0.73978,0,1,mild
8ab154d14,0,t_8_16,143.0,0.0,0.0,2.0,0.9970422120498665,0.7586627972027945,0.77711,0,1,stable
8ab154d14,1,t_8_16,110.0,0.25,0.0,2.0,0.5963515462848284,0.7294008999999999,0.77711,0,0,mild
8af698914,0,t_8_16,182.000328063732,0.0,0.0,2.0,0.9818113070719255,0.7390256395568616,0.80821,0,0,stable
8af698914,1,s_16_32,270.0,0.0,0.0,3.0,0.9853722399412782,0.6175723888888883,0.80821,0,0,stable
8af698914,2,t_8_16,210.00010681152344,0.0,0.0,2.0,0.8969053169239104,0.6013261450028995,0.80821,0,0,stable
8af698914,3,t_8_16,220.0,0.0,0.0,3.0,0.9704175464929888,0.6524870454545452,0.80821,0,0,stable
8af698914,4,t_8_16,240.000244140625,0.0,0.0,5.0,0.9886159278529612,0.8162970891841804,0.80821,0,1,stable
8af698914,5,t_8_16,224.0,0.0,0.0,3.0,0.8776951552943333,0.15458932923010793,0.80821,1,0,stable
8af698914,7,t_8_16,98.99986267089844,0.25,0.0,2.0,0.6639615930080597,0.713761497054791,0.80821,0,0,mild
8e052b815,0,s_16_32,306.0,0.0,0.0,5.0,0.9888032142784163,0.8910987058823459,0.82768,0,1,stable
8e052b815,1,t_8_16,156.0,0.0,0.0,3.0,0.9953520141533196,0.8620066230631371,0.82768,0,1,stable
8f77d5433,0,t_8_16,182.0,0.0,0.0,3.0,0.9775881472991259,0.7200656842380752,0.66358,0,0,stable
903__2491_2400,0,t_8_16,84.0,0.0,0.0,3.0,0.991098038450721,0.8021186933990672,0.81838,0,1,stable
903__2491_2400,2,t_8_16,108.0,0.0,0.0,8.0,0.9941520898272737,0.7470178979234159,0.81838,0,0,stable
903__2491_2400,3,t_8_16,108.0000228881836,0.0,0.0,5.0,0.9736726976622221,0.6828266357165793,0.81838,0,0,stable
903__2491_2400,4,t_8_16,108.0,0.0,0.0,5.0,0.9825015069932705,0.7433763342944717,0.81838,0,0,stable
903__2491_2400,5,t_8_16,96.0,0.0,0.0,5.0,0.978421416462882,0.7797247704291753,0.81838,0,1,stable
903__2491_2400,6,t_8_16,128.0,0.0,0.0,3.0,0.9897950132106309,0.5734673655838407,0.81838,0,0,stable
903__2491_2400,7,t_8_16,84.0,0.25,0.0,4.0,0.4282640705197812,0.7919690043696597,0.81838,0,1,mild
903__2491_2400,8,t_8_16,140.00015258789062,0.0,0.0,3.0,0.994305699396338,0.7402770403635665,0.81838,0,0,stable
903__2491_2400,9,t_8_16,128.0,0.5,0.5,1.0,,0.7399857379751676,0.81838,0,0,mild
903__2491_2400,10,t_8_16,83.99957275390625,0.0,0.0,5.0,0.8396077218294915,0.6241303968889774,0.81838,0,0,stable
903__2491_2400,11,t_8_16,140.0,0.0,0.0,2.0,0.9988404438116297,0.7767589834681685,0.81838,0,1,stable
903__2491_2400,12,t_8_16,192.0,0.0,0.0,3.0,0.8783719395053049,0.6033154857512611,0.81838,0,0,stable
903__2491_2400,13,t_8_16,112.0,0.0,0.0,3.0,0.9925126231413476,0.693188595411291,0.81838,0,0,stable
903__2491_2400,14,t_8_16,95.9996337890625,0.0,0.0,5.0,0.9879741422681555,0.6625556589513583,0.81838,0,0,stable
903__2491_2400,15,t_8_16,159.99890136905015,0.0,0.0,3.0,0.9926360417881522,0.7557680858827392,0.81838,0,1,stable
903__2491_2400,16,t_8_16,100.0,0.25,0.0,2.0,0.3721282892720943,0.6860004883357724,0.81838,0,0,mild
903__2491_2400,17,t_8_16,79.99969482421875,0.0,0.0,3.0,0.9931248057148382,0.7828802870352285,0.81838,0,1,stable
903__2491_2400,18,t_8_16,140.0,0.0,0.0,1.0,,0.6342292849893434,0.81838,0,0,stable
903__2491_2400,19,t_8_16,112.0,0.0,0.0,1.0,,0.7432716653536245,0.81838,0,0,stable
903__2491_2400,20,t_8_16,72.0,0.0,0.0,2.0,0.9847045823558432,0.6714729545449093,0.81838,0,0,stable
903__2491_2400,21,t_8_16,112.0,0.5,0.5,0.0,,0.7429637826134159,0.81838,0,0,mild
903__2491_2400,22,t_8_16,112.0,0.0,0.0,3.0,0.9716025896013617,0.8956440985171387,0.81838,0,1,stable
903__2491_2400,23,t_8_16,196.0,0.0,0.0,3.0,0.9500438358677614,0.6359811975499851,0.81838,0,0,stable
903__2491_2400,24,t_8_16,128.0,0.5,0.5,0.0,,0.6270781198127314,0.81838,0,0,mild
903__2491_2400,26,t_8_16,96.0,0.0,0.0,6.0,0.8544900243510054,0.5361892670755134,0.81838,0,0,stable
903__2491_2400,27,t_8_16,84.0,0.0,0.0,3.0,0.9987841668683143,0.670779972125936,0.81838,0,0,stable
903__2491_2400,28,t_8_16,84.0,0.0,0.0,4.0,0.9949473020349581,0.6168114106060867,0.81838,0,0,stable
903__2491_2400,29,t_8_16,128.0,0.0,0.0,3.0,0.9963162695552985,0.8120136609118243,0.81838,0,1,stable
903__2491_2400,30,t_8_16,200.0,0.0,0.0,3.0,0.9895523741910449,0.6694921449999953,0.81838,0,0,stable
903__2491_2400,31,t_8_16,72.0,0.25,0.0,5.0,0.9077252741133144,0.5628578822708036,0.81838,0,0,mild
903__2491_2400,32,t_8_16,84.00024413969368,0.0,0.0,4.0,0.9332179146124383,0.7090560267289242,0.81838,0,0,stable
903__2491_2400,33,t_8_16,91.0,0.0,0.0,5.0,0.9778773689474478,0.5818850871193507,0.81838,0,0,stable
903__2491_2400,34,t_8_16,144.0,0.0,0.0,3.0,0.9800994473312225,0.8394386570148915,0.81838,0,1,stable
903__2491_2400,35,t_8_16,96.0,0.0,0.0,1.0,,0.7513792158511335,0.81838,0,1,stable
903__2491_2400,36,t_8_16,96.0,0.25,0.25,1.0,0.9999997255487801,0.6514799692049907,0.81838,0,0,mild
903__2491_2400,37,t_8_16,128.0,0.5,0.5,1.0,,0.7873669669252034,0.81838,0,1,mild
903__2491_2400,38,t_8_16,108.0,0.25,0.0,4.0,0.8259809533926817,0.6831633326673615,0.81838,0,0,mild
903__2491_2400,39,t_8_16,126.0,0.0,0.0,6.0,0.9180561812305457,0.6752559047619063,0.81838,0,0,stable
903__2491_2400,40,t_8_16,204.0,0.0,0.0,3.0,0.9680882011031906,0.6619116421568625,0.81838,0,0,stable
903__2491_2400,41,t_8_16,117.0,0.25,0.0,1.0,,0.8093247859434056,0.81838,0,1,mild
903__2491_2400,42,t_8_16,81.00027465820312,0.25,0.0,2.0,0.9363309480924442,0.6857917008149583,0.81838,0,0,mild
905__0_2417,0,t_8_16,120.0,0.25,0.0,3.0,0.956885023504579,0.7233980494873712,0.86402,0,0,mild
905__0_2417,1,t_8_16,160.0009765625,0.0,0.0,5.0,0.4574455263450262,0.8488749065043872,0.86402,0,1,stable
905__0_2417,2,t_8_16,120.000732421875,0.0,0.0,1.0,,0.7580054017365716,0.86402,0,1,stable
905__0_2417,3,t_8_16,140.0008544921875,0.0,0.0,2.0,0.9882317914903167,0.7389604322583391,0.86402,0,0,stable
905__0_2417,4,t_8_16,160.0,0.0,0.0,3.0,0.9843760802775959,0.8093910856345203,0.86402,0,1,stable
905__0_2417,5,t_8_16,120.0,0.0,0.0,2.0,0.9945586575633802,0.7636175624529611,0.86402,0,1,stable
905__0_2417,6,t_8_16,120.000732421875,0.0,0.0,1.0,,0.501718398640541,0.86402,0,0,stable
905__0_2417,7,t_8_16,120.000732421875,0.0,0.0,3.0,0.9781648128932466,0.9036845274064563,0.86402,0,1,stable
905__0_2417,8,t_8_16,159.9993896484375,0.0,0.0,3.0,0.9960414456917068,0.8068619645736268,0.86402,0,1,stable
905__0_2417,9,s_16_32,432.0,0.0,0.0,7.0,0.9532049963910464,0.9178100506722418,0.86402,0,1,stable
905__0_2417,10,t_8_16,168.0,0.0,0.0,4.0,0.8404025415038102,0.7737276781889698,0.86402,0,1,stable
905__0_2417,11,t_8_16,240.0,0.0,0.0,4.0,0.9865127965756818,0.7779448627443927,0.86402,0,1,stable
905__0_2417,12,s_16_32,520.001220703125,0.0,0.0,8.0,0.5818211290315389,0.8511269230769218,0.86402,0,1,stable
905__0_2417,13,t_8_16,96.0,0.0,0.0,2.0,0.9487606615325315,0.7908027753705424,0.86402,0,1,stable
905__0_2417,14,s_16_32,792.0,0.0,0.0,10.0,0.994655682834635,0.81530466854476,0.86402,0,1,stable
905__0_2417,15,t_8_16,112.0,0.0,0.0,2.0,0.9981368562698956,0.6293844607148427,0.86402,0,0,stable
905__0_2417,16,t_8_16,140.0,0.0,0.0,3.0,0.9924733590230518,0.8692465429172774,0.86402,0,1,stable
905__0_2417,17,t_8_16,144.00006103515625,0.0,0.0,4.0,0.9961046841464444,0.6869621144265046,0.86402,0,0,stable
905__0_2417,18,t_8_16,223.99989318847656,0.0,0.0,5.0,0.9856056587838667,0.8649355896455941,0.86402,0,1,stable
905__0_2417,19,t_8_16,160.0,0.0,0.0,4.0,0.7462154206580633,0.6993703654347875,0.86402,0,0,stable
905__0_2417,20,t_8_16,83.9996337890625,0.0,0.0,5.0,0.8749473657158497,0.7351154313487259,0.86402,0,0,stable
905__0_2417,21,t_8_16,96.0,0.0,0.0,5.0,0.9846079468026687,0.6623488137142776,0.86402,0,0,stable
905__0_2417,22,t_8_16,112.0,0.5,0.5,1.0,,0.897818263884324,0.86402,0,1,mild
905__0_2417,23,t_8_16,84.0,0.0,0.0,5.0,0.08738769976885094,0.0,0.86402,1,0,stable
905__0_2417,24,t_8_16,160.0,0.0,0.0,3.0,0.9944803739658473,0.6976797047556488,0.86402,0,0,stable
905__0_2417,25,t_8_16,140.0,0.0,0.0,2.0,0.9997266864040826,0.8930690285714233,0.86402,0,1,stable
905__0_2417,26,t_8_16,252.0,0.0,0.0,2.0,0.996707675669446,0.7648983378905513,0.86402,0,1,stable
905__1800_1800,0,t_8_16,240.0,0.0,0.0,6.0,0.9931100989049572,0.782936407118223,0.84622,0,1,stable
905__1800_1800,1,t_8_16,140.0,0.0,0.0,3.0,0.9965058306051889,0.6868097674050901,0.84622,0,0,stable
905__1800_1800,2,t_8_16,180.0,0.25,0.0,3.0,0.8930591119356042,0.7100829888888935,0.84622,0,0,mild
905__1800_1800,3,t_8_16,112.0,0.0,0.0,2.0,0.9991674428585217,0.8732972332586242,0.84622,0,1,stable
905__1800_1800,4,t_8_16,160.0,0.0,0.0,2.0,0.9156425154565925,0.7659533267651719,0.84622,0,1,stable
905__1800_1800,5,t_8_16,196.0,0.0,0.0,2.0,0.9456590288527846,0.8034891182682043,0.84622,0,1,stable
905__1800_1800,6,t_8_16,195.99957275390625,0.0,0.0,3.0,0.9466535370899752,0.7571527388690761,0.84622,0,1,stable
905__1800_1800,7,t_8_16,192.0,0.0,0.0,2.0,0.998946455537995,0.8575583828609803,0.84622,0,1,stable
905__1800_1800,8,t_8_16,224.0,0.0,0.0,5.0,0.9855927825044705,0.8433617164451992,0.84622,0,1,stable
905__1800_1800,9,t_8_16,140.0,0.0,0.0,2.0,0.9795663073728486,0.8415884285714321,0.84622,0,1,stable
905__1800_1800,10,t_8_16,100.0,0.0,0.0,2.0,0.9902880667697092,0.7905620836318409,0.84622,0,1,stable
905__1800_1800,11,t_8_16,160.0,0.0,0.0,2.0,0.9814690815840746,0.7034894966370258,0.84622,0,0,stable
905__1800_1800,12,t_8_16,95.999267578125,0.0,0.0,3.0,0.9990197562480705,0.5444357326207142,0.84622,0,0,stable
905__1800_1800,13,t_8_16,96.0,0.0,0.0,3.0,0.9843973932830562,0.8287262164638228,0.84622,0,1,stable
905__1800_1800,14,t_8_16,160.0,0.0,0.0,2.0,0.9956334430790328,0.8428955661168275,0.84622,0,1,stable
905__1800_1800,15,t_8_16,84.0008544921875,0.0,0.0,5.0,0.978889477522056,0.8054025685480466,0.84622,0,1,stable
905__1800_1800,17,t_8_16,84.0008544921875,0.0,0.0,5.0,0.9847293491585398,0.6290203731303112,0.84622,0,0,stable
905__2400_1200,0,t_8_16,199.9993896484375,0.0,0.0,4.0,0.9947525472023755,0.8394167701601825,0.84624,0,1,stable
905__2400_1200,1,t_8_16,159.998779296875,0.0,0.0,4.0,0.32175242199424986,0.7987772945527988,0.84624,0,1,stable
905__2400_1200,2,t_8_16,179.99945068359375,0.0,0.0,4.0,0.9931089236892561,0.6775984040490566,0.84624,0,0,stable
905__2400_1200,3,t_8_16,144.0,0.25,0.25,4.0,0.982993916417739,0.7235263792785944,0.84624,0,0,mild
905__2400_1200,4,t_8_16,199.99969482421875,0.25,0.0,2.0,0.4633356133509494,0.7710689536493516,0.84624,0,1,mild
905__2400_1200,5,t_8_16,108.0010986328125,0.0,0.0,4.0,0.9944098500658267,0.6874080861903339,0.84624,0,0,stable
905__2400_1200,6,t_8_16,160.0,0.0,0.0,3.0,0.9880564490699032,0.7488234339760188,0.84624,0,0,stable
905__2400_1200,7,t_8_16,224.0,0.0,0.0,3.0,0.9912216195049951,0.8480221788742298,0.84624,0,1,stable
905__2400_1200,8,t_8_16,96.0,0.0,0.0,2.0,0.9856352477696939,0.5646281040621989,0.84624,0,0,stable
905__2400_1200,9,t_8_16,128.0,0.0,0.0,3.0,0.8924414364995682,0.5448384610406617,0.84624,0,0,stable
905__2400_1200,10,t_8_16,224.0,0.0,0.0,3.0,0.9865959959608062,0.6676254470498422,0.84624,0,0,stable
905__2400_1200,11,t_8_16,128.0,0.25,0.25,3.0,0.9904924466543311,0.7708155672535814,0.84624,0,1,mild
905__2400_1200,12,t_8_16,96.0,0.25,0.25,2.0,0.9976250786048108,0.8718219587076108,0.84624,0,1,mild
905__2400_1200,13,t_8_16,192.0,0.0,0.0,3.0,0.9856623004423806,0.8011260030971564,0.84624,0,1,stable
905__2400_1200,14,s_16_32,256.0,0.0,0.0,3.0,0.9770184001531741,0.8641050811081764,0.84624,0,1,stable
905__2400_1200,15,t_8_16,192.0,0.0,0.0,2.0,0.9872233447941459,0.8194830359959439,0.84624,0,1,stable
905__2400_1200,16,t_8_16,196.0008544921875,0.0,0.0,5.0,0.9904767834572487,0.8729713370476813,0.84624,0,1,stable
905__2400_1200,17,t_8_16,120.0,0.0,0.0,1.0,,0.6808331400523697,0.84624,0,0,stable
905__2400_1200,18,t_8_16,224.0,0.0,0.0,4.0,0.9879247454832801,0.8480118280043734,0.84624,0,1,stable
905__2400_1200,19,t_8_16,84.0,0.0,0.0,4.0,0.934855749531694,0.898837202431179,0.84624,0,1,stable
905__2400_1200,20,t_8_16,84.0,0.0,0.0,2.0,0.9957728263893398,0.8189141081937621,0.84624,0,1,stable
905__2400_1200,21,t_8_16,84.0,0.0,0.0,3.0,0.9952922332875984,0.9223131565860255,0.84624,0,1,stable
905__2400_1200,22,t_8_16,120.0,0.0,0.0,2.0,0.994430477603112,0.7455121936533528,0.84624,0,0,stable
905__2400_1200,23,t_8_16,144.0,0.0,0.0,2.0,0.9867986696820773,0.6832042169827028,0.84624,0,0,stable
905__2400_1200,24,t_8_16,168.0,0.0,0.0,4.0,0.8615344538037353,0.8452219816397674,0.84624,0,1,stable
905__2400_1200,25,t_8_16,119.9993896484375,0.25,0.25,2.0,0.9811755635792337,0.7302277889480459,0.84624,0,0,mild
905__2400_1200,26,t_8_16,224.0,0.0,0.0,5.0,0.9759246315171103,0.7982296875000002,0.84624,0,1,stable
905__2400_1200,27,t_8_16,196.0008544921875,0.0,0.0,3.0,0.9959007642355517,0.8737043174597057,0.84624,0,1,stable
905__2400_1200,28,t_8_16,196.0008544921875,0.0,0.0,3.0,0.9907891921044515,0.8616806652983576,0.84624,0,1,stable
905__2400_1200,29,t_8_16,224.0,0.0,0.0,5.0,0.9965072295430257,0.8640503905609729,0.84624,0,1,stable
905__2400_1200,30,t_8_16,196.0,0.0,0.0,2.0,0.5611024989937768,0.8496528054433512,0.84624,0,1,stable
905__2400_1200,31,t_8_16,72.0,0.0,0.0,3.0,0.9943383743044715,0.8728244589185428,0.84624,0,1,stable
905__2400_1200,32,t_8_16,84.0,0.0,0.0,5.0,0.9650591984300796,0.7715949203912389,0.84624,0,1,stable
905__2400_1200,33,t_8_16,72.000732421875,0.0,0.0,3.0,0.9719149844459689,0.7450975540259999,0.84624,0,0,stable
905__2400_1200,34,t_8_16,84.0003662109375,0.0,0.0,5.0,0.9861634167362735,0.935941834935635,0.84624,0,1,stable
905__2400_1200,35,t_8_16,112.0,0.0,0.0,1.0,,0.8935609821428495,0.84624,0,1,stable
905__2400_1200,36,t_8_16,128.0,0.25,0.25,2.0,0.9662171083325682,0.8224710637706852,0.84624,0,1,mild
905__2400_1200,37,t_8_16,96.0,0.0,0.0,1.0,,0.6658044368072399,0.84624,0,0,stable
905__2400_1200,38,t_8_16,96.0,0.0,0.0,2.0,0.9890407644371018,0.862933095229389,0.84624,0,1,stable
905__2400_1200,39,t_8_16,96.0,0.0,0.0,2.0,0.9744342316752511,0.7510659856062898,0.84624,0,1,stable
905__2400_1200,40,t_8_16,144.0,0.25,0.25,3.0,0.9701845152203493,0.7982675747873509,0.84624,0,1,mild
905__2400_1200,41,t_8_16,150.0,0.25,0.0,4.0,0.498619063532736,0.49911018691640674,0.84624,1,0,mild
905__2400_1200,42,t_8_16,144.0,0.0,0.0,4.0,0.9913602705120936,0.6461359164832657,0.84624,0,0,stable
9089eefac,0,t_8_16,100.0,0.0,0.0,2.0,0.9893598358188282,0.7346216499999966,0.64551,0,0,stable
90fa20220,0,t_8_16,70.0,0.0,0.0,3.0,0.9811791614059366,0.750679965913124,0.74966,0,1,stable
936eb2018,0,t_8_16,252.0,0.0,0.0,4.0,0.9951004297299135,0.909388989657648,0.8704,0,1,stable
9515a948d,0,s_16_32,520.0,0.0,0.0,9.0,0.8563856006875556,0.9357542363146368,0.82068,0,1,stable
9515a948d,2,t_8_16,168.0,0.25,0.0,2.0,0.070253442975146,0.7264866053401305,0.82068,0,0,mild
9515a948d,3,t_8_16,90.0,0.0,0.0,1.0,,0.5689796744626042,0.82068,0,0,stable
9515a948d,4,t_8_16,182.0008544921875,0.0,0.0,4.0,0.9212735623738737,0.7536681275156027,0.82068,0,1,stable
9515a948d,5,t_8_16,224.0,0.5,0.0,5.0,0.8363723937253739,0.5578036893666382,0.82068,0,0,mild
95eddace4,1,t_8_16,96.0,0.5,0.0,2.0,0.42792000519148027,0.0,0.71345,1,0,mild
967f89b2c,0,t_8_16,135.0,0.0,0.0,3.0,0.9673391496809656,0.8158088460621558,0.63556,0,1,stable
9999937_00000_d_0000025__0_250,0,s_16_32,864.0,0.25,0.0,10.0,0.24424609792879487,0.0,0.87374,1,0,mild
9999937_00000_d_0000025__0_250,1,s_16_32,704.0,0.25,0.0,10.0,0.12513275430137472,0.9389390863819099,0.87374,0,1,mild
9999937_00000_d_0000025__0_250,2,s_16_32,800.0,0.0,0.0,10.0,0.986560145325625,0.9362004161450239,0.87374,0,1,stable
9999937_00000_d_0000025__0_250,3,s_16_32,644.0,0.0,0.0,9.0,0.8646818583766425,0.6226987446945286,0.87374,0,0,stable
9999937_00000_d_0000025__0_250,4,s_16_32,756.0,0.0,0.0,10.0,0.9598858509564936,0.8561954379813035,0.87374,0,1,stable
9999937_00000_d_0000025__0_250,5,s_16_32,792.0,0.0,0.0,10.0,0.96246726353796,0.9011828927468755,0.87374,0,1,stable
9999937_00000_d_0000025__0_250,6,s_16_32,800.0,0.0,0.0,10.0,0.9787636211404315,0.8688789377692655,0.87374,0,1,stable
9999937_00000_d_0000025__0_250,7,s_16_32,504.0,0.0,0.0,9.0,0.7760213894789564,0.7413956904761893,0.87374,0,0,stable
9999937_00000_d_0000025__0_250,8,s_16_32,544.0,0.0,0.0,10.0,0.8323227828966222,0.7272463354377022,0.87374,0,0,stable
9999937_00000_d_0000025__0_250,9,s_16_32,640.0,0.0,0.0,8.0,0.9725183581013751,0.6952483828125054,0.87374,0,0,stable
9999937_00000_d_0000025__0_250,10,s_16_32,360.0,0.0,0.0,7.0,0.7925525130496058,0.7041554273405256,0.87374,0,0,stable
9999937_00000_d_0000025__0_250,11,s_16_32,476.0008544921875,0.25,0.25,6.0,0.3544161402478128,0.6766449006593328,0.87374,0,0,mild
9999937_00000_d_0000025__0_250,12,s_16_32,504.0,0.0,0.0,8.0,0.8408637055363807,0.9120626010076877,0.87374,0,1,stable
9999937_00000_d_0000025__0_250,13,s_16_32,476.0008544921875,0.0,0.0,8.0,0.9366987445763628,0.8180291606452188,0.87374,0,1,stable
9999937_00000_d_0000025__0_250,14,s_16_32,336.0,0.0,0.0,4.0,0.9795973753839512,0.8481814070260851,0.87374,0,1,stable
9999937_00000_d_0000025__0_250,15,t_8_16,240.0,0.25,0.25,4.0,0.9664005314470934,0.8142306257866733,0.87374,0,1,mild
9999937_00000_d_0000025__0_250,16,s_16_32,280.0,0.0,0.0,5.0,0.9335576192200039,0.9064629194929351,0.87374,0,1,stable
9999937_00000_d_0000025__0_250,17,t_8_16,208.0,0.0,0.0,4.0,0.9136007271451355,0.6694102400481305,0.87374,0,0,stable
9999937_00000_d_0000025__0_250,18,t_8_16,208.00048828125,0.0,0.0,4.0,0.9729403370700181,0.7550932580255802,0.87374,0,1,stable
9999937_00000_d_0000025__0_250,19,t_8_16,224.0,0.5,0.5,2.0,0.9528438524149022,0.8584487904819523,0.87374,0,1,mild
9999937_00000_d_0000025__0_250,20,s_16_32,260.0006103515625,0.0,0.0,4.0,0.961288016208814,0.8293897338954423,0.87374,0,1,stable
9999937_00000_d_0000025__0_250,21,t_8_16,224.0,0.0,0.0,3.0,0.9717979342791642,0.8543472321428676,0.87374,0,1,stable
9999937_00000_d_0000025__0_250,22,t_8_16,156.0,0.25,0.0,8.0,0.6335941597064223,0.8034648984668771,0.87374,0,1,mild
9999937_00000_d_0000025__0_250,23,t_8_16,144.0,0.0,0.0,5.0,0.8859506180606033,0.6501716924886368,0.87374,0,0,stable
9999937_00000_d_0000025__0_250,24,t_8_16,156.0,0.0,0.0,10.0,0.9581336660113244,0.842440596124211,0.87374,0,1,stable
9999937_00000_d_0000025__0_250,25,t_8_16,108.0,0.25,0.0,4.0,0.6852307181187692,0.8177841212374477,0.87374,0,1,mild
9999937_00000_d_0000025__0_250,26,t_8_16,120.0,0.0,0.0,1.0,0.9902530111722625,0.7566767392403632,0.87374,0,1,stable
9999937_00000_d_0000025__0_250,27,t_8_16,176.0,0.25,0.0,3.0,0.7754825252300726,0.7313167148465075,0.87374,0,0,mild
9999937_00000_d_0000025__0_250,28,s_16_32,360.0,0.25,0.0,4.0,0.1812996928544216,0.6723035781534379,0.87374,0,0,mild
9999937_00000_d_0000025__0_250,29,s_16_32,304.0,0.75,0.5,4.0,0.32893374713350054,0.7555999760250645,0.87374,0,1,high
9999937_00000_d_0000025__0_250,30,s_16_32,532.0,0.0,0.0,9.0,0.6222605621525257,0.9481468159703307,0.87374,0,1,stable
9999937_00000_d_0000025__0_250,31,s_16_32,320.0,0.0,0.0,4.0,0.42562974054795666,0.8236285280511163,0.87374,0,1,stable
9999937_00000_d_0000025__0_250,32,s_16_32,336.0,0.0,0.0,5.0,0.31516117115843667,0.8579117901698782,0.87374,0,1,stable
9999937_00000_d_0000025__0_250,33,s_16_32,288.0,0.0,0.0,3.0,0.8831689024424211,0.7470898712140676,0.87374,0,0,stable
9999937_00000_d_0000025__0_250,34,s_16_32,280.0,0.25,0.25,3.0,0.8908265786563052,0,0,1,0,mild
9999937_00000_d_0000025__0_250,35,t_8_16,240.0,0.0,0.0,5.0,0.8745346133482498,0.7251900955905698,0.87374,0,0,stable
9999937_00000_d_0000025__0_250,36,s_16_32,340.0,0.25,0.0,5.0,0.753172201685849,0.8437245823959894,0.87374,0,1,mild
9999937_00000_d_0000025__0_250,37,s_16_32,456.0,0.25,0.0,8.0,0.6359879986327984,0.9544795915001324,0.87374,0,1,mild
9999937_00000_d_0000025__0_250,38,s_16_32,272.00048828125,0.25,0.25,7.0,0.9831462366936639,0.7646374486165484,0.87374,0,1,mild
9999937_00000_d_0000025__0_250,39,s_16_32,360.0,0.25,0.0,10.0,0.19312501203235455,0.7355632212553354,0.87374,0,0,mild
9999937_00000_d_0000025__0_250,40,s_16_32,380.0,0.25,0.0,10.0,0.9135757555795688,0.9252636788879112,0.87374,0,1,mild
9999937_00000_d_0000025__0_250,41,s_16_32,288.0,0.25,0.25,2.0,0.8022546217544746,0.8123334530574049,0.87374,0,1,mild
9999937_00000_d_0000025__0_250,42,t_8_16,224.0,0.0,0.0,5.0,0.9501779704827821,0.777754474056302,0.87374,0,1,stable
9999937_00000_d_0000025__0_250,43,t_8_16,208.0,0.0,0.0,4.0,0.1976511024338958,0.8696134262166983,0.87374,0,1,stable
9999937_00000_d_0000025__0_250,44,t_8_16,156.0003662109375,0.0,0.0,6.0,0.8509461715866378,0.6956913003827049,0.87374,0,0,stable
9999937_00000_d_0000025__0_250,45,s_16_32,264.0,0.25,0.0,5.0,0.2615131808209703,0.5867775795515595,0.87374,0,0,mild
9999937_00000_d_0000025__0_250,46,t_8_16,144.0,0.0,0.0,6.0,0.8680744951541539,0.7250331985904448,0.87374,0,0,stable
9999937_00000_d_0000025__0_250,47,t_8_16,132.0,0.0,0.0,4.0,0.9579527523543651,0.8231376255337202,0.87374,0,1,stable
9999937_00000_d_0000025__0_250,48,t_8_16,160.0,0.0,0.0,3.0,0.9063571633574802,0.6646800914026099,0.87374,0,0,stable
9999937_00000_d_0000025__0_250,49,t_8_16,120.0,0.0,0.0,3.0,0.9034179599081847,0.8225030738986832,0.87374,0,1,stable
9999937_00000_d_0000025__0_250,50,t_8_16,108.0,0.25,0.0,3.0,0.4687672572204878,0.48939469409150776,0.87374,1,0,mild
9999937_00000_d_0000025__0_250,51,t_8_16,131.99990844726562,0.5,0.5,6.0,0.43298709431056875,0.8746685589718878,0.87374,0,1,mild
9999937_00000_d_0000025__0_250,52,t_8_16,80.0,0.25,0.0,5.0,0.6120517538543766,0.653716992139897,0.87374,0,0,mild
9999937_00000_d_0000025__0_250,53,t_8_16,80.0,0.25,0.0,2.0,0.8274082689603969,0.6909198416218266,0.87374,0,0,mild
9999937_00000_d_0000025__0_250,54,t_8_16,72.0,0.0,0.0,0.0,0.9893982008588351,0.4659948401962182,0.87374,1,0,stable
9999937_00000_d_0000025__0_250,56,t_8_16,71.9998779296875,0.0,0.0,0.0,,0.1453067984112127,0.87374,1,0,stable
9999937_00000_d_0000025__0_250,57,t_8_16,71.9998779296875,0.25,0.0,5.0,0.41979807522951096,0.6955044984844571,0.87374,0,0,mild
9999937_00000_d_0000025__0_250,58,t_8_16,160.0,0.25,0.25,3.0,0.7997743143708785,0.7113072319533382,0.87374,0,0,mild
9999937_00000_d_0000025__0_250,59,t_8_16,176.0,0.0,0.0,2.0,0.9679174289348024,0.7150633860796475,0.87374,0,0,stable
9999937_00000_d_0000025__0_250,60,t_8_16,132.0,0.0,0.0,7.0,0.8662744335374045,0.751185544601751,0.87374,0,1,stable
9999937_00000_d_0000025__0_250,61,t_8_16,120.0,0.0,0.0,4.0,0.8643515779952531,0.7592939594939755,0.87374,0,1,stable
9999937_00000_d_0000025__0_250,62,t_8_16,120.0,0.0,0.0,4.0,0.6603021844214885,0.7418083036290621,0.87374,0,0,stable
9999937_00000_d_0000025__0_250,63,t_8_16,80.0,0.25,0.0,3.0,0.7182335738248986,0.34431759374890747,0.87374,1,0,mild
9999937_00000_d_0000025__0_250,64,t_8_16,108.0,0.5,0.5,5.0,0.3054253015723194,0.653462044640729,0.87374,0,0,mild
9999937_00000_d_0000025__0_250,66,t_8_16,79.9998779296875,0.5,0.25,5.0,0.49039309754526844,0.6926429924775205,0.87374,0,0,mild
9999937_00000_d_0000025__0_250,68,t_8_16,90.0,0.0,0.0,3.0,0.9356437691302832,0.7415649298606687,0.87374,0,0,stable
9999937_00000_d_0000025__0_250,69,t_8_16,96.0,0.5,0.25,6.0,0.24083453713726613,0.6233908137599106,0.87374,0,0,mild
9999937_00000_d_0000025__0_250,70,t_8_16,156.0003662109375,0.5,0.0,7.0,0.017823808327599326,0.7586262928798606,0.87374,0,1,mild
9999937_00000_d_0000025__0_250,71,t_8_16,224.0,0.0,0.0,3.0,0.8852825112814847,0.6192960612871606,0.87374,0,0,stable
9999937_00000_d_0000025__0_250,72,s_16_32,287.99951171875,0.25,0.25,4.0,0.9447467087446149,0.8200907737144119,0.87374,0,1,mild
9999937_00000_d_0000025__0_250,73,s_16_32,504.0,0.0,0.0,6.0,0.9618045910536381,0.8587608170208836,0.87374,0,1,stable
9999937_00000_d_0000025__0_250,74,s_16_32,408.0,0.25,0.0,8.0,0.7202256670444449,0.7925708591792646,0.87374,0,1,mild
9999937_00000_d_0000025__0_250,75,t_8_16,167.9996337890625,0.0,0.0,4.0,0.949185612703235,0.6242901046460818,0.87374,0,0,stable
9999937_00000_d_0000025__0_250,77,t_8_16,126.0,0.75,0.25,7.0,0.20474145007892258,0.6389860978411467,0.87374,0,0,high
9999937_00000_d_0000025__0_250,78,t_8_16,126.0,0.5,0.0,4.0,0.049322040600266605,0.7112431666666776,0.87374,0,0,mild
9999937_00000_d_0000025__0_250,79,t_8_16,133.00021362304688,0.25,0.0,3.0,0.39245929639107024,0.7734728140643397,0.87374,0,1,mild
9999937_00000_d_0000025__0_250,80,t_8_16,85.00015258789062,0.0,0.0,1.0,0.9999952988924988,0.7136984722677209,0.87374,0,0,stable
9999937_00000_d_0000025__0_250,81,t_8_16,84.0,0.5,0.5,4.0,0.6935613270797666,0.6828321275385028,0.87374,0,0,mild
9999937_00000_d_0000025__0_250,82,t_8_16,85.0,0.0,0.0,1.0,,1.2002528463157035e-05,0.87374,1,0,stable
9999937_00000_d_0000025__0_250,83,t_8_16,75.0,0.5,0.0,3.0,0.4539446730231394,0.6900251687433936,0.87374,0,0,mild
9999937_00000_d_0000025__0_250,84,t_8_16,96.0,0.0,0.0,2.0,0.999993184331746,0.7711064256982612,0.87374,0,1,stable
9999937_00000_d_0000025__0_250,85,t_8_16,80.0,0.0,0.0,0.0,,0.010377146005513085,0.87374,1,0,stable
9999937_00000_d_0000025__0_250,86,t_8_16,90.0,0.25,0.0,3.0,0.9170790459039334,0.0,0.87374,1,0,mild
9999937_00000_d_0000025__0_250,87,t_8_16,70.0,0.0,0.0,1.0,,0.0020379420054794104,0.87374,1,0,stable
9999937_00000_d_0000025__0_250,88,t_8_16,70.0,0.5,0.0,3.0,0.4899704741473317,0.0,0.87374,1,0,mild
9999937_00000_d_0000025__0_250,89,t_8_16,65.00015258789062,0.0,0.0,3.0,0.3727551514722043,0.032509400061000254,0.87374,1,0,stable
9999937_00000_d_0000025__0_250,92,t_8_16,119.0,0.0,0.0,1.0,0.9999999200005639,0.0,0.87374,1,0,stable
9999937_00000_d_0000025__0_250,93,t_8_16,65.00015258789062,0.0,0.0,3.0,0.9809848886291446,0.0,0.87374,1,0,stable
9999937_00000_d_0000121__1200_278,1,t_8_16,100.0,0.25,0.0,2.0,0.522564284799618,0.8950407242659613,0.65856,0,1,mild
9999937_00000_d_0000121__1200_278,2,s_16_32,280.0,0.25,0.0,6.0,0.2874762702030876,0.7617258285714308,0.65856,0,1,mild
9999937_00000_d_0000121__1200_278,3,t_8_16,192.0,0.0,0.0,0.0,0.8909859642544308,0.7446919775859676,0.65856,0,0,stable
9999937_00000_d_0000121__1200_278,4,s_16_32,648.0,0.25,0.25,7.0,0.34499200949875314,0.3793219120370369,0.00173,1,0,mild
9999940_00000_d_0000086__600_0,1,s_16_32,263.9999771118164,0.0,0.0,4.0,0.9808945711382984,0.8062712762322154,0.89852,0,1,stable
9999940_00000_d_0000086__600_0,2,t_8_16,180.0,0.25,0.0,0.0,0.9744224982946093,0.23429502429459156,0.89852,1,0,mild
9999940_00000_d_0000086__600_0,3,s_16_32,504.0,0.0,0.0,9.0,0.9729656463633477,0.7731675670564048,0.89852,0,1,stable
9999940_00000_d_0000086__600_0,4,s_16_32,504.0,0.0,0.0,8.0,0.9500161963068565,0.7967827642207422,0.89852,0,1,stable
9999940_00000_d_0000086__600_0,5,t_8_16,144.0,0.25,0.25,3.0,0.49050772941037335,0.7092218378003453,0.89852,0,0,mild
9999940_00000_d_0000086__600_0,7,s_16_32,395.99932861328125,0.5,0.0,8.0,0.03973806187144897,0.6210146617384745,0.89852,0,0,mild
9999940_00000_d_0000086__600_0,8,t_8_16,215.99945068359375,0.0,0.0,4.0,0.7836116436290996,0.549983857596981,0.89852,0,0,stable
9999940_00000_d_0000086__600_0,11,s_16_32,288.00006103515625,0.0,0.0,6.0,0.9983771423325634,0.8645065740438533,0.89852,0,1,stable
9999940_00000_d_0000086__600_0,14,t_8_16,96.0,0.0,0.0,2.0,0.9895327190316158,0.0,0.17338,1,0,stable
9999940_00000_d_0000086__600_0,15,s_16_32,440.0,0.0,0.0,10.0,0.9960889350144464,0.8848909988826604,0.89852,0,1,stable
9999940_00000_d_0000086__600_0,16,t_8_16,120.0,0.0,0.0,2.0,0.9815383202909661,0.7439138557972707,0.89852,0,0,stable
9999940_00000_d_0000086__600_0,17,t_8_16,64.0,0.75,0.75,0.0,,0.7495982329158656,0.89852,0,0,high
9999940_00000_d_0000086__600_0,18,t_8_16,80.0,0.0,0.0,1.0,,0.6430212310516271,0.89852,0,0,stable
9999940_00000_d_0000086__600_0,19,s_16_32,400.00030517578125,0.0,0.0,8.0,0.9968481841122817,0.7365902465891124,0.89852,0,0,stable
9999940_00000_d_0000086__600_0,20,s_16_32,320.0,0.0,0.0,5.0,0.8309899631666264,0.691069671875,0.89852,0,0,stable
9999940_00000_d_0000086__600_0,22,t_8_16,223.9990234375,0.0,0.0,5.0,0.9812642780182071,0.8331029285716651,0.89852,0,1,stable
9999940_00000_d_0000086__600_0,24,s_16_32,440.0,0.0,0.0,7.0,0.9928190310415455,0.7867706190944743,0.89852,0,1,stable
9999940_00000_d_0000086__600_0,25,s_16_32,384.0,0.0,0.0,7.0,0.9954819703407859,0.6959320149821896,0.89852,0,0,stable
9999940_00000_d_0000086__600_0,27,t_8_16,95.99951171875,0.0,0.0,1.0,,0.0,0.17338,1,0,stable
9999940_00000_d_0000086__600_0,29,t_8_16,96.0,0.25,0.25,1.0,,0.1982620532649581,0.17338,1,0,mild
9999940_00000_d_0000086__600_0,31,t_8_16,80.0,0.5,0.5,0.0,,0.6328687664123187,0.17338,0,0,mild
9999940_00000_d_0000086__600_0,32,s_16_32,260.0,0.25,0.0,3.0,0.8374599261697296,0.7171410251563382,0.89852,0,0,mild
9999940_00000_d_0000086__600_0,33,s_16_32,336.0,0.5,0.25,2.0,0.4356731979220319,0.6535593452380946,0.89852,0,0,mild
9999940_00000_d_0000086__600_0,34,t_8_16,220.0,0.25,0.25,2.0,0.29062011448514613,0.8379440261890965,0.89852,0,1,mild
9999940_00000_d_0000086__600_0,35,t_8_16,199.99984741210938,0.75,0.75,0.0,,0.7426307090440553,0.89852,0,0,high
9999940_00000_d_0000086__600_0,36,t_8_16,239.99984741210938,0.75,0.25,3.0,0.3842584078856693,0.704333689352101,0.89852,0,0,high
9999940_00000_d_0000086__600_0,37,t_8_16,240.0,0.25,0.0,2.0,0.6633909872881195,0.7652830575398755,0.89852,0,1,mild
9999940_00000_d_0000086__600_0,38,t_8_16,207.99960327148438,0.0,0.0,5.0,0.41054628723262904,0.577969228465052,0.89852,0,0,stable
9999940_00000_d_0000086__600_0,39,t_8_16,220.0,0.5,0.25,2.0,0.34484858003912666,0.6099219440940088,0.89852,0,0,mild
9999940_00000_d_0000086__600_0,40,t_8_16,144.0,0.25,0.0,3.0,0.9162522764195262,0.4610325033907191,0.89852,1,0,mild
9999940_00000_d_0000086__600_0,41,t_8_16,127.999755859375,0.0,0.0,5.0,0.2520862271741213,0.7290690849341972,0.89852,0,0,stable
9999945_00000_d_0000056__0_0,1,t_8_16,100.0006103515625,0.0,0.0,2.0,0.9510432032376402,0.38563066581275396,0.8887,1,0,stable
9999945_00000_d_0000056__0_0,2,t_8_16,80.00048828125,0.25,0.0,1.0,,0.5219605744778987,0.8887,0,0,mild
9999945_00000_d_0000056__0_0,3,t_8_16,96.0009765625,0.25,0.0,3.0,0.9905485373025822,0.0,0.41382,1,0,mild
9999945_00000_d_0000056__0_0,4,t_8_16,176.00048828125,0.5,0.5,2.0,0.8653328028920508,0.0,0.41382,1,0,mild
9999945_00000_d_0000056__0_0,5,s_16_32,672.0,0.0,0.0,10.0,0.9885506501586737,0.8403031776989999,0.8887,0,1,stable
9999945_00000_d_0000056__0_0,6,s_16_32,360.0,0.0,0.0,9.0,0.9839171186256161,0.810430007770486,0.8887,0,1,stable
9999945_00000_d_0000056__0_0,7,s_16_32,400.0,0.0,0.0,7.0,0.712251257335957,0.5743248622475802,0.8887,0,0,stable
9999945_00000_d_0000056__0_0,8,t_8_16,144.0,0.0,0.0,1.0,,0.7528995977744608,0.8887,0,1,stable
9999945_00000_d_0000056__0_0,9,t_8_16,96.0,0.25,0.25,1.0,,0.7191356940779919,0.8887,0,0,mild
9999945_00000_d_0000056__0_0,10,t_8_16,72.0,0.25,0.25,3.0,0.4154658928772188,0.5488195551452345,0.8887,0,0,mild
9999945_00000_d_0000056__0_0,11,s_16_32,256.0,0.0,0.0,5.0,0.9666684613152404,0.8422991474562265,0.8887,0,1,stable
9999945_00000_d_0000056__0_0,12,t_8_16,99.99969482421875,0.0,0.0,2.0,0.9716469967756394,0.7970893221384175,0.8887,0,1,stable
9999945_00000_d_0000056__0_0,13,t_8_16,64.0,0.0,0.0,1.0,,0.0,0.8887,1,0,stable
9999945_00000_d_0000056__0_0,15,t_8_16,168.0,0.0,0.0,2.0,0.998304515633577,0.7607258998708416,0.8887,0,1,stable
9999945_00000_d_0000056__0_0,16,s_16_32,360.0,0.0,0.0,8.0,0.9964017203201648,0.9242305618831974,0.8887,0,1,stable
9999945_00000_d_0000056__0_0,17,t_8_16,80.0,0.0,0.0,2.0,0.9209710189267822,0.6284439587224973,0.8887,0,0,stable
9999945_00000_d_0000056__0_0,22,t_8_16,112.0,0.0,0.0,2.0,0.9136605225295827,0.6349026868605735,0.8887,0,0,stable
9999945_00000_d_0000056__0_0,23,t_8_16,159.9993896484375,0.0,0.0,6.0,0.8733856271910078,0.7057414894920169,0.8887,0,0,stable
9999945_00000_d_0000056__0_0,24,t_8_16,80.0,0.0,0.0,1.0,,0.7624603186220191,0.8887,0,1,stable
9999945_00000_d_0000056__0_0,27,s_16_32,311.99920654296875,0.0,0.0,1.0,,0.0976244366166595,0.8887,1,0,stable
9999951_00000_d_0000006__600_0,0,t_8_16,207.99960327148438,0.0,0.0,9.0,0.9385129005804623,0.6796371008492429,0.81102,0,0,stable
9999951_00000_d_0000006__600_0,1,s_16_32,288.0001220703125,0.0,0.0,7.0,0.8610325853598496,0.5034860696111629,0.81102,0,0,stable
9999951_00000_d_0000006__600_0,2,t_8_16,160.0,0.0,0.0,4.0,0.9378719405129466,0.7338119025985665,0.81102,0,0,stable
9999951_00000_d_0000006__600_0,3,t_8_16,144.0,0.25,0.25,3.0,0.9831880182333284,0.788605606775554,0.81102,0,1,mild
9999951_00000_d_0000006__600_0,4,t_8_16,208.0,0.0,0.0,4.0,0.9132613785970778,0.8108347295816158,0.81102,0,1,stable
9999951_00000_d_0000006__600_0,5,t_8_16,180.0,0.0,0.0,2.0,0.6996500558083532,0.8244644915470586,0.81102,0,1,stable
9999951_00000_d_0000006__600_0,6,t_8_16,108.0,0.25,0.0,3.0,0.07358925610034087,0.5640350790314338,0.81102,0,0,mild
9999951_00000_d_0000006__600_0,7,t_8_16,95.99995422363281,0.25,0.0,3.0,0.5404369549917712,0.707889913492828,0.81102,0,0,mild
9999951_00000_d_0000006__600_0,8,t_8_16,220.0,0.0,0.0,3.0,0.8964994041409545,0.7708176499189174,0.81102,0,1,stable
9999951_00000_d_0000006__600_0,9,t_8_16,176.0,0.25,0.25,4.0,0.46944961574619803,0.5598142695422462,0.81102,0,0,mild
9999951_00000_d_0000006__600_0,10,t_8_16,207.99954223644454,0.25,0.0,8.0,0.4579343289469045,0.8439671629961459,0.81102,0,1,mild
9999951_00000_d_0000006__600_0,11,t_8_16,176.0,0.25,0.0,3.0,0.5130455768818277,0.8217174573674285,0.81102,0,1,mild
9999951_00000_d_0000006__600_0,12,t_8_16,171.0,0.0,0.0,4.0,0.8020060652273991,0.733830443493552,0.81102,0,0,stable
9999951_00000_d_0000309__0_0,0,s_16_32,336.0,0.0,0.0,6.0,0.499849901137321,0.7415285119047654,0.78494,0,0,stable
9999951_00000_d_0000309__0_0,1,s_16_32,384.0,0.0,0.0,7.0,0.7383825468149826,0.606218788388792,0.78494,0,0,stable
9999951_00000_d_0000309__0_0,2,s_16_32,416.0,0.0,0.0,8.0,0.8656209334541343,0.9046163401613733,0.78494,0,1,stable
9999951_00000_d_0000309__0_0,3,s_16_32,364.0008544921875,0.25,0.0,8.0,0.7165243353618028,0.90216604113737,0.78494,0,1,mild
9999951_00000_d_0000309__0_0,4,s_16_32,288.0,0.0,0.0,5.0,0.9861035327313081,0.9081357234789137,0.78494,0,1,stable
9999951_00000_d_0000309__0_0,5,t_8_16,180.0,0.25,0.0,4.0,0.6313498320025017,0.6045403204085904,0.78494,0,0,mild
9999951_00000_d_0000309__0_0,6,t_8_16,96.0,0.0,0.0,0.0,,0.6691373621905945,0.78494,0,0,stable
9999951_00000_d_0000309__0_0,7,t_8_16,108.0,0.0,0.0,0.0,,0.6245386497829225,0.78494,0,0,stable
9999951_00000_d_0000309__0_0,8,t_8_16,240.0,0.25,0.0,7.0,0.16108221476439766,0.7778865416666658,0.78494,0,1,mild
9999951_00000_d_0000309__0_0,9,t_8_16,84.0,0.25,0.0,3.0,0.9296273476107155,0.5952431394941791,0.78494,0,0,mild
9999951_00000_d_0000309__0_0,10,t_8_16,168.0,0.5,0.0,5.0,0.045155585178896916,0.5820127537241545,0.78494,0,0,mild
9999951_00000_d_0000309__0_0,11,s_16_32,300.0,0.25,0.25,5.0,0.35364155780160084,0.5110391631024717,0.78494,0,0,mild
9999951_00000_d_0000309__0_0,12,t_8_16,128.0,0.0,0.0,3.0,0.9024130144034603,0.676749240315463,0.78494,0,0,stable
9999951_00000_d_0000309__0_0,13,t_8_16,168.0,0.0,0.0,4.0,0.8314567769066701,0.6211090355585526,0.78494,0,0,stable
9999951_00000_d_0000309__0_0,14,t_8_16,120.0,0.0,0.0,3.0,0.7934986131238339,0.6507963499309776,0.78494,0,0,stable
9999951_00000_d_0000309__0_0,15,t_8_16,128.0,0.5,0.0,3.0,0.03864980220770227,0.7504853425789458,0.78494,0,1,mild
9999951_00000_d_0000309__0_0,16,t_8_16,140.0,0.25,0.0,2.0,0.9183407584874986,0.731495123697826,0.78494,0,0,mild
9999951_00000_d_0000309__0_0,17,s_16_32,364.0,0.5,0.0,5.0,0.18740214496325164,0.7923586540957552,0.78494,0,1,mild
9999951_00000_d_0000309__0_0,18,s_16_32,279.99908447265625,0.5,0.0,5.0,0.21327160839678583,0.6572083864522034,0.78494,0,0,mild
9999955_00000_d_0000071__600_0,0,s_16_32,792.0,0.0,0.0,10.0,0.9973897863400338,0.7394340257377601,0.90541,0,0,stable
9999955_00000_d_0000071__600_0,2,s_16_32,320.0,0.0,0.0,6.0,0.9913422978260364,0.9144436064472051,0.90541,0,1,stable
9999955_00000_d_0000071__600_0,3,s_16_32,320.0,0.0,0.0,4.0,0.40021742520928544,0.7564218125000017,0.90541,0,1,stable
9999955_00000_d_0000071__600_0,4,t_8_16,252.0,0.0,0.0,5.0,0.9882213308091027,0.8895795021170798,0.90541,0,1,stable
9999955_00000_d_0000071__600_0,5,t_8_16,120.0,0.0,0.0,3.0,0.9667269428000121,0.7636719229780864,0.90541,0,1,stable
9999955_00000_d_0000071__600_0,6,t_8_16,96.0,0.75,0.75,1.0,,0.7732461155523828,0.90541,0,1,high
9999955_00000_d_0000071__600_0,7,t_8_16,96.0,0.25,0.25,1.0,,0.6858792707642792,0.90541,0,0,mild
9999955_00000_d_0000071__600_0,8,t_8_16,79.999755859375,0.0,0.0,1.0,,0.7341803100536933,0.90541,0,0,stable
9999955_00000_d_0000071__600_0,9,t_8_16,80.0,0.0,0.0,1.0,,0.7579857964410063,0.90541,0,1,stable
9999955_00000_d_0000071__600_0,10,t_8_16,72.0,0.0,0.0,3.0,0.8389986146855416,0.3919308526638406,0.90541,1,0,stable
9999955_00000_d_0000071__600_0,13,t_8_16,64.0,0.5,0.5,1.0,,0.6781513437594222,0.90541,0,0,mild
9999955_00000_d_0000071__600_0,24,t_8_16,144.0,0.25,0.25,3.0,0.5453280410804712,0.585606910603502,0.90541,0,0,mild
9999955_00000_d_0000071__600_0,25,t_8_16,252.0,0.0,0.0,4.0,0.8886370823364989,0.3537597857142852,0.90541,1,0,stable
9999955_00000_d_0000071__600_0,26,s_16_32,720.0,0.0,0.0,10.0,0.9942841442770306,0.7979088143238962,0.90541,0,1,stable
9999955_00000_d_0000071__600_0,27,t_8_16,139.9993896484375,0.0,0.0,3.0,0.9870676115301537,0.756948033975642,0.90541,0,1,stable
9999955_00000_d_0000071__600_0,28,t_8_16,80.0,0.25,0.25,1.0,,0.5411152488089848,0.90541,0,0,mild
9999955_00000_d_0000071__600_0,29,t_8_16,128.0,0.0,0.0,2.0,0.8957143571749422,0.6387643434610363,0.90541,0,0,stable
9999955_00000_d_0000071__600_0,30,t_8_16,192.0,0.0,0.0,5.0,0.8574510485801033,0.8676903270690272,0.90541,0,1,stable
9999955_00000_d_0000071__600_0,31,s_16_32,364.0,0.0,0.0,5.0,0.9968561793512116,0.8135503714689966,0.90541,0,1,stable
9999955_00000_d_0000071__600_0,32,s_16_32,640.0,0.0,0.0,10.0,0.9973432260408113,0.8944162990209125,0.90541,0,1,stable
9999955_00000_d_0000071__600_0,33,s_16_32,448.0,0.0,0.0,6.0,0.9169086583974277,0.7794879009449682,0.90541,0,1,stable
9999955_00000_d_0000071__600_0,34,s_16_32,288.0,0.0,0.0,4.0,0.9770583813853697,0.7600220594166165,0.90541,0,1,stable
9999955_00000_d_0000071__600_0,35,t_8_16,64.0,0.5,0.5,0.0,,0.6990179999999998,0.90541,0,0,mild
9999955_00000_d_0000071__600_0,36,t_8_16,200.0,0.25,0.0,2.0,0.7610878358181087,0.3540291514748647,0.90541,1,0,mild
9999972_00000_d_0000161__1200_0,1,t_8_16,96.0,0.0,0.0,2.0,0.7684964622418166,0.6352559422566083,0.1614,0,0,stable
9999972_00000_d_0000161__1200_0,2,s_16_32,832.0003967285156,0.0,0.0,10.0,0.9957573688437811,0.883174859758407,0.89025,0,1,stable
9999972_00000_d_0000161__1200_0,3,s_16_32,896.000244140625,0.0,0.0,10.0,0.8644956012606673,0.9231802132764467,0.89025,0,1,stable
9999977_00000_d_0000036__0_0,0,s_16_32,415.9999694824219,0.0,0.0,7.0,0.9773228481270652,0.8350775312678423,0.82951,0,1,stable
9999977_00000_d_0000036__0_0,1,t_8_16,72.0,0.5,0.0,4.0,0.5260899843715151,0.8318847549360402,0.7299,0,1,mild
9999977_00000_d_0000036__0_0,2,t_8_16,100.0,0.25,0.25,1.0,,0.48854953116846184,0.7299,1,0,mild
9999977_00000_d_0000036__0_0,3,s_16_32,308.0,0.0,0.0,4.0,0.3831055251854533,0.6829682662337714,0.7299,0,0,stable
9999977_00000_d_0000036__0_0,4,s_16_32,288.0,0.0,0.0,6.0,0.8800878576779966,0.691173072916665,0.7299,0,0,stable
9999977_00000_d_0000036__0_0,5,t_8_16,72.0,0.25,0.0,3.0,0.5178199434309703,0.44728815216990886,0.7299,1,0,mild
9999982_00000_d_0000175__0_250,0,t_8_16,128.0,0.0,0.0,2.0,0.9826612745384643,0.9241348612682362,0.88261,0,1,stable
9999982_00000_d_0000175__0_250,1,s_16_32,419.9997863769531,0.0,0.0,8.0,0.9261272299201492,0.8705328952380955,0.88261,0,1,stable
9999982_00000_d_0000175__0_250,2,s_16_32,476.0,0.0,0.0,8.0,0.9974952258733475,0.8660970885600444,0.88261,0,1,stable
9999982_00000_d_0000175__0_250,4,s_16_32,264.0,0.0,0.0,5.0,0.9983212895442136,0.9642078281514181,0.88261,0,1,stable
9999982_00000_d_0000175__0_250,5,t_8_16,216.0,0.0,0.0,6.0,0.9962412170913746,0.9182789953703634,0.88261,0,1,stable
9999982_00000_d_0000175__0_250,6,t_8_16,215.9996337890625,0.0,0.0,4.0,0.9953812478295465,0.8350935972222199,0.88261,0,1,stable
9999982_00000_d_0000175__0_250,7,t_8_16,112.0,0.0,0.0,1.0,,0.6572562896322598,0.88261,0,0,stable
9999982_00000_d_0000175__0_250,8,t_8_16,72.0,0.25,0.0,2.0,0.7848721123975927,0.8951357749140578,0.88261,0,1,mild
9999982_00000_d_0000175__0_250,9,t_8_16,72.0,0.25,0.25,0.0,,0.3963789258483505,0.88261,1,0,mild
9999982_00000_d_0000175__0_250,10,t_8_16,84.0,0.0,0.0,2.0,0.9438995746614122,0.7790237254306241,0.88261,0,1,stable
9999982_00000_d_0000175__0_250,11,t_8_16,112.0,0.25,0.25,2.0,0.9573990567640976,0.5751532685012338,0.88261,0,0,mild
9999982_00000_d_0000175__0_250,12,t_8_16,83.99989318847656,0.25,0.0,2.0,0.8548733533570986,0.7263096370742699,0.88261,0,0,mild
9999982_00000_d_0000175__0_250,13,t_8_16,72.0,0.25,0.0,1.0,,0.7770925565594716,0.88261,0,1,mild
9999982_00000_d_0000175__0_250,15,t_8_16,96.0,0.25,0.0,3.0,0.4796951354951395,0.7233534918522613,0.88261,0,0,mild
9999982_00000_d_0000175__0_250,16,t_8_16,96.0,0.0,0.0,1.0,,0.6520776925807346,0.88261,0,0,stable
9999982_00000_d_0000175__0_250,24,s_16_32,936.0,0.0,0.0,10.0,0.9951076366324706,0.8741611050677184,0.88261,0,1,stable
9999982_00000_d_0000187__0_0,0,t_8_16,120.0,0.25,0.0,4.0,0.29609402492594256,0.613382249999992,0.60917,0,0,mild
9999982_00000_d_0000187__0_0,1,t_8_16,140.0008544921875,0.25,0.0,1.0,,0.514497504496976,0.60917,0,0,mild
9999982_00000_d_0000187__0_0,2,t_8_16,100.0,0.0,0.0,1.0,,0.4722124078978556,0.60917,1,0,stable
9999982_00000_d_0000187__0_0,4,t_8_16,84.0,0.25,0.0,5.0,0.5902490646004322,0.7816608681668957,0.60917,0,1,mild
9999984_00000_d_0000098__0_0,0,t_8_16,140.0,0.0,0.0,2.0,0.9374546409949238,0.8053484728024002,0.36288,0,1,stable
9999984_00000_d_0000103__0_250,0,t_8_16,192.0,0.25,0.0,5.0,0.6393730976167368,0.7917663541666621,0.76759,0,1,mild
9999984_00000_d_0000103__0_250,1,t_8_16,144.0,0.0,0.0,3.0,0.8916783953202809,0.6079313259085067,0.76759,0,0,stable
9999984_00000_d_0000103__0_250,2,t_8_16,180.0,0.0,0.0,3.0,0.2879557021802106,0.7507868600291646,0.76759,0,1,stable
9999984_00000_d_0000103__0_250,4,t_8_16,95.99981689453125,0.0,0.0,5.0,0.6410830773036367,0.5025348727924516,0.76759,0,0,stable
9999984_00000_d_0000103__0_250,5,t_8_16,224.0,0.5,0.0,4.0,0.1611010613937272,0.6164004908659285,0.76759,0,0,mild
9999984_00000_d_0000103__0_250,6,t_8_16,192.0,0.0,0.0,3.0,0.9679625021201453,0.805099270833337,0.76759,0,1,stable
9999984_00000_d_0000103__0_250,7,t_8_16,176.0,0.25,0.0,4.0,0.5091829499691193,0.6235570355948905,0.76759,0,0,mild
9999984_00000_d_0000103__0_250,8,t_8_16,180.0,0.0,0.0,2.0,0.8985747989897573,0.6334866388888921,0.76759,0,0,stable
9999984_00000_d_0000103__0_250,9,t_8_16,196.0,0.5,0.0,4.0,0.16263805044145274,0.4529303379662487,0.76759,1,0,mild
9999984_00000_d_0000103__0_250,10,t_8_16,223.99957275390625,0.0,0.0,4.0,0.9286207892057681,0.8253744728833002,0.76759,0,1,stable
9999984_00000_d_0000103__0_250,11,t_8_16,144.0,0.5,0.0,4.0,0.4432834501832116,0.5794353360728324,0.76759,0,0,mild
9999984_00000_d_0000126__600_250,0,s_16_32,396.0,0.0,0.0,8.0,0.9822359995754567,0.9272956759657649,0.90164,0,1,stable
9999984_00000_d_0000126__600_250,1,s_16_32,504.0,0.0,0.0,9.0,0.9974842243815203,0.8547300696325735,0.90164,0,1,stable
9999984_00000_d_0000126__600_250,2,t_8_16,139.9999237060547,0.25,0.0,3.0,0.9517716018590672,0.8903201818040345,0.90164,0,1,mild
9999984_00000_d_0000126__600_250,3,t_8_16,80.0,0.25,0.25,1.0,,0.7883284472216638,0.90164,0,1,mild
9999984_00000_d_0000153__600_0,1,t_8_16,120.0,0.5,0.5,4.0,0.176856889220355,0.7200377783773672,0.6615,0,0,mild
9999984_00000_d_0000153__600_0,2,t_8_16,144.0,0.3333333333333333,0.0,7.0,0.33975959276434137,0.7060602951523481,0.6615,0,0,mild
9999984_00000_d_0000153__600_0,4,t_8_16,160.0,0.25,0.25,3.0,0.8771585901971607,0.9246638185707802,0.6615,0,1,mild
9999984_00000_d_0000153__600_0,6,s_16_32,1012.0,0.0,0.0,10.0,0.9955021177146489,0.866640873655679,0.88019,0,1,stable
9999984_00000_d_0000153__600_0,7,s_16_32,440.0,0.0,0.0,8.0,0.9939759200034632,0.9039357724382838,0.88019,0,1,stable
9999994_00000_d_0000003__600_0,0,t_8_16,96.0,0.25,0.25,1.0,,0.7492523861722268,0.16019,0,0,mild
9999994_00000_d_0000003__600_0,1,t_8_16,252.0,0.0,0.0,5.0,0.9920865885590782,0.8521493695058612,0.83975,0,1,stable
9999994_00000_d_0000003__600_0,2,t_8_16,120.0,0.0,0.0,1.0,,0.8073631519457455,0.83975,0,1,stable
9999994_00000_d_0000003__600_0,3,t_8_16,80.0,0.0,0.0,1.0,,0.6883888840117001,0.83975,0,0,stable
9999994_00000_d_0000016__0_250,0,s_16_32,704.0,0.0,0.0,10.0,0.9978082562011211,0.8983017658740777,0.87955,0,1,stable
9999994_00000_d_0000016__0_250,1,s_16_32,792.0,0.0,0.0,10.0,0.9980485442466508,0.9059824682183353,0.87955,0,1,stable
9999994_00000_d_0000016__0_250,2,s_16_32,960.0,0.0,0.0,10.0,0.9949262594580204,0.8930206081101527,0.87955,0,1,stable
9999994_00000_d_0000016__0_250,3,s_16_32,324.0010986328125,0.0,0.0,6.0,0.20398058843657355,0.8981634501677133,0.87955,0,1,stable
9999994_00000_d_0000016__0_250,4,t_8_16,140.0,0.0,0.0,2.0,0.9705843436116827,0.7534762230559912,0.87955,0,1,stable
9999994_00000_d_0000016__0_250,5,t_8_16,168.0,0.0,0.0,4.0,0.9473256800124606,0.7729429936168546,0.87955,0,1,stable
9999994_00000_d_0000016__0_250,6,t_8_16,255.9990234375,0.0,0.0,5.0,0.9878810462417579,0.8287579600595143,0.87955,0,1,stable
9999994_00000_d_0000016__0_250,8,s_16_32,396.0013427734375,0.5,0.0,7.0,0.035775563507291074,0.0,0.17384,1,0,mild
9999994_00000_d_0000016__0_250,9,t_8_16,64.0,0.0,0.0,2.0,0.9959547921790031,0.6714030656054163,0.87955,0,0,stable
9999994_00000_d_0000016__0_250,10,t_8_16,196.0,0.0,0.0,2.0,0.43380370363493986,0.0,0.87955,1,0,stable
9999994_00000_d_0000016__0_250,12,t_8_16,140.0,0.0,0.0,1.0,,0.7326983431594886,0.87955,0,0,stable
9999994_00000_d_0000016__0_250,14,t_8_16,100.0,0.0,0.0,2.0,0.9953896407675419,0.7983108439923587,0.87955,0,1,stable
9999994_00000_d_0000016__0_250,15,t_8_16,64.0,0.0,0.0,1.0,,0.7563824612647043,0.87955,0,1,stable
9999994_00000_d_0000016__0_250,16,t_8_16,64.0,0.25,0.25,1.0,,0.6334064101738222,0.87955,0,0,mild
9999994_00000_d_0000016__0_250,17,t_8_16,95.999267578125,0.5,0.0,2.0,0.9982729183915883,0.5460895939299681,0.87955,0,0,mild
9999994_00000_d_0000016__0_250,18,t_8_16,96.0,0.75,0.75,0.0,,0.6558585418069741,0.87955,0,0,high
9999994_00000_d_0000016__0_250,19,t_8_16,95.99951171875,0.0,0.0,0.0,0.9999993591171188,0.38083434695172574,0.87955,1,0,stable
9999994_00000_d_0000016__0_250,20,t_8_16,96.0,0.5,0.5,1.0,0.6729379049085213,0.4149873136512877,0.87955,1,0,mild
9999994_00000_d_0000016__0_250,21,t_8_16,80.0,0.25,0.25,1.0,0.9825772518100473,0.6351411090353513,0.87955,0,0,mild
9999994_00000_d_0000016__0_250,22,t_8_16,80.0,0.5,0.25,2.0,0.0848076236392528,0.43789973528750525,0.87955,1,0,mild
9999994_00000_d_0000016__0_250,23,t_8_16,100.0,0.25,0.25,1.0,0.9997189322504242,0.2319407088951078,0.87955,1,0,mild
9999994_00000_d_0000016__0_250,24,t_8_16,120.0,0.75,0.75,0.0,,0.25891653342083637,0.87955,1,0,high
9999994_00000_d_0000016__0_250,26,t_8_16,80.0,0.0,0.0,0.0,,0.23016806277583227,0.87955,1,0,stable
9999994_00000_d_0000016__0_250,27,t_8_16,64.0,0.25,0.25,1.0,,0.0,0.87955,1,0,mild
9999994_00000_d_0000016__0_250,28,t_8_16,80.0,0.5,0.5,0.0,,0.14948858083108058,0.87955,1,0,mild
9999994_00000_d_0000016__0_250,31,t_8_16,120.0,0.25,0.0,1.0,,0.30531421087314875,0.87955,1,0,mild
9999994_00000_d_0000016__0_250,32,t_8_16,120.000732421875,0.25,0.0,1.0,0.022847071273546453,0.6074963494343674,0.87955,0,0,mild
9999994_00000_d_0000016__0_250,44,t_8_16,80.00048828125,0.5,0.0,2.0,0.07245959691083635,0.5318353124999989,0.87955,0,0,mild
9999994_00000_d_0000016__0_250,46,t_8_16,64.0,0.5,0.5,1.0,,0.34470032277027096,0.87955,1,0,mild
9999994_00000_d_0000027__0_0,8,t_8_16,128.0,0.25,0.25,2.0,0.9987410329631151,0.4490444745908183,0.88305,1,0,mild
9999994_00000_d_0000027__0_0,12,t_8_16,192.0,0.0,0.0,2.0,0.9966594975327266,0.7997866666666663,0.88305,0,1,stable
9999994_00000_d_0000027__0_0,13,t_8_16,80.0,0.0,0.0,1.0,,0.7135739690450511,0.88305,0,0,stable
9999994_00000_d_0000027__0_0,15,t_8_16,80.0,0.0,0.0,1.0,,0.7365584641789648,0.88305,0,0,stable
9999994_00000_d_0000027__0_0,16,t_8_16,120.0,0.0,0.0,2.0,0.97767950917737,0.7446852604584027,0.88305,0,0,stable
9999994_00000_d_0000027__0_0,17,t_8_16,140.0,0.0,0.0,4.0,0.9888421925796048,0.8893878890945883,0.88305,0,1,stable
9999994_00000_d_0000027__0_0,18,t_8_16,216.0,0.0,0.0,4.0,0.6905742855836746,0.6740008888888899,0.88305,0,0,stable
9999994_00000_d_0000027__0_0,19,s_16_32,280.0,0.25,0.0,8.0,0.9280749346191123,0.563676717384307,0.88305,0,0,mild
9999994_00000_d_0000027__0_0,20,s_16_32,320.0,0.0,0.0,6.0,0.9752423669045072,0.7988959499246342,0.88305,0,1,stable
9999994_00000_d_0000027__0_0,21,s_16_32,384.0,0.0,0.0,7.0,0.9623112395864918,0.8464819243341033,0.88305,0,1,stable
9999994_00000_d_0000027__0_0,22,s_16_32,364.0008544921875,0.0,0.0,3.0,0.826461551511556,0.7110794347579069,0.88305,0,0,stable
9999994_00000_d_0000027__0_0,23,s_16_32,300.0,0.25,0.0,4.0,0.42356481911041094,0.7664579162489416,0.88305,0,1,mild
9999994_00000_d_0000027__0_0,25,t_8_16,80.0,0.0,0.0,2.0,0.9953427391266394,0.6588147766938184,0.88305,0,0,stable
9999994_00000_d_0000027__0_0,26,t_8_16,84.0,0.5,0.0,4.0,0.3332467859820135,0.38214963683291253,0.88305,1,0,mild
9999994_00000_d_0000027__0_0,27,s_16_32,320.0,0.0,0.0,3.0,0.8039628745734646,0.7482019070392469,0.88305,0,0,stable
9999994_00000_d_0000027__0_0,28,t_8_16,192.0,0.0,0.0,2.0,0.30738109920011836,0.6896474312204649,0.88305,0,0,stable
9999994_00000_d_0000027__0_0,29,t_8_16,240.0,0.25,0.25,2.0,0.3647332018272113,0.7355693160315543,0.88305,0,0,mild
9999994_00000_d_0000027__0_0,30,t_8_16,240.0,0.5,0.0,4.0,0.3608109896170134,0.788311113318782,0.88305,0,1,mild
9999994_00000_d_0000027__0_0,31,t_8_16,176.0,0.0,0.0,1.0,0.9865826788768738,0.7901774432818536,0.88305,0,1,stable
9999994_00000_d_0000027__0_0,32,s_16_32,511.9990234375,0.25,0.25,9.0,0.293668882194928,0.5962673906273663,0.88305,0,0,mild
9999994_00000_d_0000027__0_0,33,t_8_16,240.0,0.25,0.0,2.0,0.7533445910987628,0.83838121239887,0.88305,0,1,mild
9999994_00000_d_0000027__0_0,34,t_8_16,159.99951171875,0.0,0.0,3.0,0.43172383334105796,0.8945848262262319,0.88305,0,1,stable
9999994_00000_d_0000027__0_0,35,t_8_16,144.0,0.25,0.25,0.0,,0.8977226050041786,0.88305,0,1,mild
9999994_00000_d_0000027__0_0,36,t_8_16,180.0,0.5,0.5,2.0,0.40284791230322237,0.8106037766393666,0.88305,0,1,mild
9999994_00000_d_0000027__0_0,37,t_8_16,159.99951171875,0.25,0.25,4.0,0.616184347043164,0.7611943631651124,0.88305,0,1,mild
9999994_00000_d_0000027__0_0,38,t_8_16,120.000732421875,0.0,0.0,1.0,,0.6713353797019205,0.88305,0,0,stable
9999994_00000_d_0000027__0_0,39,t_8_16,64.0,0.0,0.0,1.0,,0.7823243932159397,0.88305,0,1,stable
9999994_00000_d_0000027__0_0,40,t_8_16,64.0,0.25,0.0,1.0,,0.7611185312500043,0.88305,0,1,mild
9999994_00000_d_0000027__0_0,41,t_8_16,160.0,0.0,0.0,3.0,0.9079999207366422,0.6324567089949622,0.88305,0,0,stable
9999994_00000_d_0000027__0_0,43,t_8_16,72.0,0.0,0.0,2.0,0.8218207247278342,0.6799175322892917,0.88305,0,0,stable
9999994_00000_d_0000027__0_0,44,t_8_16,84.0,0.0,0.0,3.0,0.8245863538768279,0.7428253378981244,0.88305,0,0,stable
9999994_00000_d_0000027__0_0,45,t_8_16,240.0,0.0,0.0,5.0,0.339405512194184,0.6976889519371687,0.88305,0,0,stable
9999994_00000_d_0000027__0_0,46,t_8_16,72.0,0.5,0.0,3.0,0.2905762432398058,0.662577058592311,0.88305,0,0,mild
9999994_00000_d_0000027__0_0,47,t_8_16,72.0,0.5,0.0,2.0,0.3424280924677331,0.8112714326225766,0.88305,0,1,mild
9999994_00000_d_0000027__0_0,48,t_8_16,84.0,0.25,0.0,2.0,0.5064973164101685,0.8080468571428522,0.88305,0,1,mild
9999994_00000_d_0000027__0_0,50,t_8_16,200.0,0.0,0.0,4.0,0.9950885350243347,0.9127158233909826,0.88305,0,1,stable
9999994_00000_d_0000027__0_0,51,s_16_32,676.0,0.0,0.0,10.0,0.9900261967880183,0.8310791173988551,0.88305,0,1,stable
9999994_00000_d_0000027__0_0,52,t_8_16,160.0,0.25,0.0,0.0,0.99324987754989,0.7379721042532275,0.88305,0,0,mild
9999994_00000_d_0000027__0_0,53,t_8_16,96.0,0.75,0.5,3.0,0.08496287381368182,0.7088341206589613,0.88305,0,0,high
9999994_00000_d_0000027__0_0,54,t_8_16,200.0,0.25,0.0,6.0,0.34977142563573677,0.7014246750000045,0.88305,0,0,mild
9999994_00000_d_0000027__0_0,55,t_8_16,160.0,0.0,0.0,2.0,0.9857011653924959,0.8652265312499996,0.88305,0,1,stable
9999994_00000_d_0000027__0_0,56,t_8_16,200.0,0.25,0.0,5.0,0.8284699862287401,0.9574211670792061,0.88305,0,1,mild
9999994_00000_d_0000027__0_0,57,t_8_16,192.0,0.0,0.0,3.0,0.9925958016131174,0.8191695624369202,0.88305,0,1,stable
9999994_00000_d_0000027__0_0,58,t_8_16,128.0,0.5,0.0,2.0,0.33291533189113054,0.8128437499999897,0.88305,0,1,mild
9999994_00000_d_0000027__0_0,59,t_8_16,112.0,0.25,0.25,2.0,0.8468300296666635,0.6864368571679713,0.88305,0,0,mild
9999997_00000_d_0000030__600_250,0,t_8_16,255.9990234375,0.0,0.0,5.0,0.9873042311913902,0.6252610917910875,0.82538,0,0,stable
9999997_00000_d_0000030__600_250,1,t_8_16,167.9991455078125,0.25,0.0,2.0,0.996203281651597,0.6965104814470108,0.82538,0,0,mild
9999997_00000_d_0000030__600_250,2,t_8_16,224.0,0.0,0.0,4.0,0.9756014829991798,0.8855304340571782,0.82538,0,1,stable
9999997_00000_d_0000030__600_250,3,t_8_16,100.0,0.25,0.0,2.0,0.992721326601245,0.8433273281765367,0.82538,0,1,mild
9999997_00000_d_0000041__600_0,1,t_8_16,240.00146484375,0.0,0.0,7.0,0.9562423742846728,0.8795645509937359,0.84695,0,1,stable
9999997_00000_d_0000041__600_0,2,t_8_16,96.0009765625,0.25,0.0,4.0,0.42912905722848427,0.9056975880908488,0.84695,0,1,mild
9999997_00000_d_0000041__600_0,3,t_8_16,96.0009765625,0.0,0.0,5.0,0.9400608199735575,0.7095592239353917,0.84695,0,0,stable
9999997_00000_d_0000041__600_0,4,t_8_16,96.0,0.0,0.0,6.0,0.954557411431351,0.7772589502983097,0.84695,0,1,stable
9999997_00000_d_0000041__600_0,6,t_8_16,72.0,0.0,0.0,2.0,0.8228384276361109,0.6680706388888817,0.84695,0,0,stable
9999998_00046_d_0000036__0_0,0,t_8_16,108.0,0.25,0.0,3.0,0.6697226915836316,0,0,1,0,mild
9999998_00046_d_0000036__0_0,2,t_8_16,96.0,0.0,0.0,1.0,,0,0,1,0,stable
9999998_00048_d_0000038__600_0,0,t_8_16,96.0,0.25,0.0,5.0,0.757447276597338,0.7612803781270479,0.74304,0,1,mild
9999998_00048_d_0000038__600_0,1,t_8_16,104.0,0.0,0.0,2.0,0.970284926340201,0.7896916634615302,0.74304,0,1,stable
9999998_00048_d_0000038__600_0,2,t_8_16,114.0,0.3333333333333333,0.0,5.0,0.6750364114916968,0.6790457064568142,0.74304,0,0,mild
9999998_00048_d_0000038__600_0,3,t_8_16,120.0,0.0,0.0,2.0,0.8532524736367153,0.7745732419371126,0.74304,0,1,stable
9999998_00048_d_0000038__600_0,4,s_16_32,560.0,0.0,0.0,10.0,0.9866190253050374,0.8190340934887914,0.86859,0,1,stable
9999998_00048_d_0000038__600_0,5,t_8_16,140.0,0.0,0.0,3.0,0.691619199804965,0.6729125506987512,0.74304,0,0,stable
9999998_00048_d_0000038__600_0,6,t_8_16,168.0,0.0,0.0,4.0,0.6835322571935226,0.5916500654761927,0.86859,0,0,stable
9999998_00048_d_0000038__600_0,7,t_8_16,128.0,0.25,0.25,3.0,0.9402113816646829,0.7521156214028877,0.74304,0,1,mild
9999998_00126_d_0000104__1200_0,0,s_16_32,884.0,0.0,0.0,10.0,0.9970620931765252,0.877516273245037,0.89693,0,1,stable
9999998_00126_d_0000104__1200_0,1,s_16_32,832.0,0.0,0.0,10.0,0.9947728189314915,0.8849116268036701,0.89693,0,1,stable
9999998_00126_d_0000104__1200_0,3,s_16_32,832.0,0.0,0.0,10.0,0.9973256950394492,0.9277387612436245,0.89693,0,1,stable
9999998_00126_d_0000104__1200_0,4,s_16_32,870.0,0.0,0.0,10.0,0.9928264338373961,0.7513310733977869,0.89693,0,1,stable
9999998_00126_d_0000104__1200_0,5,s_16_32,960.0,0.0,0.0,10.0,0.9977560905065725,0.8817875137398441,0.89693,0,1,stable
9999998_00126_d_0000104__1200_0,6,s_16_32,783.998291015625,0.0,0.0,10.0,0.9907111794329383,0.7391383699713457,0.89693,0,0,stable
9999998_00126_d_0000104__1200_0,7,s_16_32,727.9985351487994,0.0,0.0,10.0,0.9979458782679934,0.9176387645853308,0.89693,0,1,stable
9999998_00126_d_0000104__1200_0,8,s_16_32,783.99658203125,0.0,0.0,10.0,0.7139248821334189,0.8408996288161981,0.89693,0,1,stable
9999998_00126_d_0000104__1200_0,9,s_16_32,616.0,0.0,0.0,9.0,0.8815693002020872,0.7818042965680301,0.89693,0,1,stable
9999998_00126_d_0000104__1200_0,10,s_16_32,480.0,0.0,0.0,8.0,0.9970411987307354,0.8787192916712638,0.89693,0,1,stable
9999998_00126_d_0000104__1200_0,11,s_16_32,624.0,0.0,0.0,8.0,0.9978423734677996,0.8792746414246168,0.89693,0,1,stable
9999998_00126_d_0000104__1200_0,12,s_16_32,727.9985351487994,0.0,0.0,10.0,0.9983297825673433,0.868727869986855,0.89693,0,1,stable
9999998_00126_d_0000104__1200_0,13,s_16_32,520.0,0.0,0.0,10.0,0.9985647407490293,0.7890796569460845,0.89693,0,1,stable
9999998_00126_d_0000104__1200_0,14,s_16_32,480.0,0.0,0.0,10.0,0.9964612634709377,0.9152131057681141,0.89693,0,1,stable
9999998_00126_d_0000104__1200_0,15,s_16_32,576.0,0.0,0.0,10.0,0.9970044805648349,0.9296919758659413,0.89693,0,1,stable
9999998_00126_d_0000104__1200_0,16,s_16_32,396.0,0.0,0.0,8.0,0.9966865400231831,0.8601731026234833,0.89693,0,1,stable
9999998_00126_d_0000104__1200_0,17,s_16_32,440.0,0.0,0.0,10.0,0.9978252580705886,0.9080507183649289,0.89693,0,1,stable
9999998_00126_d_0000104__1200_0,18,s_16_32,440.0,0.0,0.0,8.0,0.9922727312815852,0.868599280784849,0.89693,0,1,stable
9999998_00126_d_0000104__1200_0,19,s_16_32,431.9989013671875,0.0,0.0,8.0,0.9956112770139189,0.8687974412479572,0.89693,0,1,stable
9999998_00126_d_0000104__1200_0,20,s_16_32,396.0,0.0,0.0,5.0,0.9932075590048964,0.7697398247136326,0.89693,0,1,stable
9999998_00126_d_0000104__1200_0,21,s_16_32,360.0,0.0,0.0,5.0,0.9949685618228526,0.8080894006695469,0.89693,0,1,stable
9999998_00126_d_0000104__1200_0,22,s_16_32,360.0,0.0,0.0,6.0,0.9846396544466504,0.8363597349555786,0.89693,0,1,stable
9999998_00126_d_0000104__1200_0,23,s_16_32,400.0,0.0,0.0,10.0,0.9990080359889231,0.9056922978892433,0.89693,0,1,stable
9999998_00126_d_0000104__1200_0,24,s_16_32,323.99945068359375,0.0,0.0,5.0,0.9954371731787593,0.8605818132579983,0.89693,0,1,stable
9999998_00126_d_0000104__1200_0,25,s_16_32,360.0,0.0,0.0,5.0,0.990656357266666,0.7704150816881757,0.89693,0,1,stable
9999998_00126_d_0000104__1200_0,26,s_16_32,256.0,0.0,0.0,3.0,0.9991778754545664,0.9235776113532458,0.89693,0,1,stable
9999998_00126_d_0000104__1200_0,27,t_8_16,224.0,0.0,0.0,4.0,0.9729004444158322,0.8969088184324747,0.89693,0,1,stable
9999998_00126_d_0000104__1200_0,28,s_16_32,256.0,0.0,0.0,3.0,0.9928384139160599,0.8003075782722361,0.89693,0,1,stable
9999998_00126_d_0000104__1200_0,29,t_8_16,196.0,0.0,0.0,4.0,0.9700439210349321,0.7795961561141195,0.89693,0,1,stable
9999998_00126_d_0000104__1200_0,30,s_16_32,440.0,0.0,0.0,7.0,0.8207396674836377,0.6586983544860944,0.89693,0,0,stable
9999998_00126_d_0000104__1200_0,31,s_16_32,399.998779296875,0.0,0.0,6.0,0.8548494677314843,0.7281576000000023,0.89693,0,0,stable
9999998_00126_d_0000104__1200_0,32,s_16_32,360.0,0.0,0.0,6.0,0.9692846824348372,0.8078996395606779,0.89693,0,1,stable
9999998_00126_d_0000104__1200_0,33,s_16_32,288.0,0.0,0.0,5.0,0.9670495279079653,0.7154294432304501,0.89693,0,0,stable
9999998_00126_d_0000104__1200_0,34,s_16_32,287.9998779259622,0.0,0.0,4.0,0.6490862780374208,0.7210712750652762,0.89693,0,0,stable
9999998_00126_d_0000104__1200_0,35,t_8_16,224.0,0.0,0.0,5.0,0.8966192659094956,0.7290250373058719,0.89693,0,0,stable
9999998_00126_d_0000104__1200_0,36,t_8_16,127.9990234375,0.0,0.0,5.0,0.6926275623853436,0.721103254887155,0.63819,0,0,stable
9999998_00126_d_0000104__1200_0,37,t_8_16,96.0,0.0,0.0,3.0,0.8904227896399415,0.6861548161963479,0.63819,0,0,stable
9999998_00126_d_0000104__1200_0,38,t_8_16,112.0,0.0,0.0,3.0,0.8963581930273299,0.8097952486110479,0.63819,0,1,stable
9999998_00126_d_0000104__1200_0,39,t_8_16,196.0,0.0,0.0,4.0,0.9762296546053058,0.7561971104670356,0.89693,0,1,stable
9999998_00126_d_0000104__1200_0,40,t_8_16,252.0,0.0,0.0,5.0,0.9881620112600361,0.9322218503840972,0.89693,0,1,stable
9999998_00126_d_0000104__1200_0,41,t_8_16,224.0,0.0,0.0,5.0,0.9879386775724386,0.835223793808963,0.89693,0,1,stable
9999998_00126_d_0000104__1200_0,42,t_8_16,196.0,0.0,0.0,4.0,0.8117837409720559,0.7666413914335657,0.89693,0,1,stable
9999998_00126_d_0000104__1200_0,43,t_8_16,252.0,0.0,0.0,3.0,0.9977709654008375,0.7472781710270316,0.89693,0,0,stable
9999998_00126_d_0000104__1200_0,44,t_8_16,223.9990234375,0.0,0.0,4.0,0.9910276814433672,0.896945752062159,0.89693,0,1,stable
9999998_00126_d_0000104__1200_0,45,t_8_16,196.0,0.0,0.0,5.0,0.9710161164843133,0.7767513821010251,0.89693,0,1,stable
9999998_00126_d_0000104__1200_0,46,t_8_16,144.0,0.25,0.0,3.0,0.7843381601014987,0.606979996870928,0.89693,0,0,mild
9999998_00126_d_0000104__1200_0,47,t_8_16,196.0,0.0,0.0,5.0,0.9634506624288349,0.9005326004349635,0.89693,0,1,stable
9999998_00126_d_0000104__1200_0,48,s_16_32,540.0,0.0,0.0,10.0,0.971662595653103,0.829979514386837,0.89693,0,1,stable
9999998_00126_d_0000104__1200_0,49,t_8_16,168.0,0.0,0.0,4.0,0.959554377370888,0.8329482968692954,0.89693,0,1,stable
9999998_00126_d_0000104__1200_0,50,t_8_16,196.0,0.0,0.0,5.0,0.8966946226128774,0.7701970404037826,0.89693,0,1,stable
9999998_00126_d_0000104__1200_0,51,t_8_16,167.999267578125,0.0,0.0,5.0,0.9512265960853928,0.7347695458148905,0.89693,0,0,stable
9999998_00126_d_0000104__1200_0,52,t_8_16,144.0,0.0,0.0,2.0,0.915432435959491,0.8281079427237986,0.89693,0,1,stable
9999998_00126_d_0000104__1200_0,53,s_16_32,816.0,0.0,0.0,10.0,0.9911622484670671,0.9279332784287209,0.89693,0,1,stable
9999998_00126_d_0000104__1200_0,54,s_16_32,324.0,0.0,0.0,6.0,0.9661072906430391,0.8463902218602182,0.89693,0,1,stable
9999998_00126_d_0000104__1200_0,55,t_8_16,255.9990234375,0.0,0.0,5.0,0.5297307987945391,0.9142094275454231,0.89693,0,1,stable
9999998_00126_d_0000104__1200_0,56,s_16_32,308.0,0.0,0.0,7.0,0.8154490399203128,0.6843420041393218,0.89693,0,0,stable
9999998_00126_d_0000104__1200_0,57,s_16_32,324.0010986328125,0.0,0.0,5.0,0.9827226230956605,0.8863024838096794,0.89693,0,1,stable
9999998_00126_d_0000104__1200_0,58,s_16_32,324.0,0.0,0.0,6.0,0.5887768360573575,0.6913560612871352,0.89693,0,0,stable
9999998_00126_d_0000104__1200_0,59,s_16_32,360.0,0.0,0.0,5.0,0.9656947588900884,0.9062848784278144,0.89693,0,1,stable
9999998_00126_d_0000104__1200_0,60,s_16_32,256.0,0.0,0.0,5.0,0.7224324011345146,0.6787629227201343,0.89693,0,0,stable
9999998_00126_d_0000104__1200_0,61,t_8_16,192.0,0.0,0.0,3.0,0.9739696828280198,0.761600236689839,0.89693,0,1,stable
9999998_00126_d_0000104__1200_0,62,t_8_16,144.0,0.25,0.0,3.0,0.8565845866108754,0.7988993999236017,0.89693,0,1,mild
9999998_00126_d_0000104__1200_0,63,t_8_16,120.0,0.0,0.0,1.0,,0.6983496138761561,0.89693,0,0,stable
9999998_00126_d_0000104__1200_0,64,t_8_16,120.0,0.0,0.0,3.0,0.9544522599101666,0.8439142293535129,0.89693,0,1,stable
9999998_00126_d_0000104__1200_0,65,t_8_16,120.0,0.0,0.0,2.0,0.9969126834992953,0.7602752288044906,0.89693,0,1,stable
9999998_00126_d_0000104__1200_0,66,t_8_16,100.0,0.0,0.0,1.0,,0.8668814404014391,0.89693,0,1,stable
9999998_00126_d_0000104__1200_0,67,t_8_16,128.0,0.0,0.0,3.0,0.8717383548352418,0.710407538137332,0.63819,0,0,stable
9999998_00126_d_0000104__1200_0,68,t_8_16,179.99972534179688,0.0,0.0,3.0,0.6742976113385503,0.7075028673106407,0.63819,0,0,stable
9999998_00126_d_0000104__1200_0,69,t_8_16,224.0,0.0,0.0,4.0,0.9785595487239006,0.7259543873004463,0.89693,0,0,stable
9999998_00126_d_0000104__1200_0,70,t_8_16,195.9991455078125,0.0,0.0,4.0,0.12167819574320853,0.751014615853343,0.89693,0,1,stable
9999998_00126_d_0000104__1200_0,71,t_8_16,100.0,0.25,0.0,3.0,0.848677766459341,0.6815426180598396,0.89693,0,0,mild
9999998_00126_d_0000104__1200_0,72,t_8_16,80.0,0.5,0.5,0.0,,0.7766972087324902,0.89693,0,1,mild
9999998_00126_d_0000104__1200_0,73,t_8_16,80.0,0.25,0.25,2.0,0.9234296170515621,0.7308253356680766,0.89693,0,0,mild
9999998_00126_d_0000104__1200_0,74,t_8_16,100.0,0.0,0.0,1.0,,0.7357650195411207,0.89693,0,0,stable
9999998_00126_d_0000104__1200_0,75,t_8_16,224.0,0.25,0.0,2.0,0.7389650855182626,0.2492016430739835,0.89693,1,0,mild
9999998_00126_d_0000104__1200_0,76,t_8_16,224.0,0.25,0.0,4.0,0.4838773034469713,0.7160136607823243,0.89693,0,0,mild
9999998_00126_d_0000104__1200_0,77,t_8_16,144.0,0.0,0.0,1.0,,0.6823810214448081,0.89693,0,0,stable
9999998_00126_d_0000104__1200_0,78,t_8_16,120.0,0.75,0.0,5.0,0.014088328946481416,0.7413884709551755,0.89693,0,0,high
9999998_00126_d_0000104__1200_0,79,t_8_16,95.999267578125,0.25,0.0,4.0,0.7177311362690532,0.8760672886958043,0.63819,0,1,mild
9999998_00126_d_0000104__1200_0,80,t_8_16,84.0008544921875,0.0,0.0,3.0,0.9723074623965967,0.5983585057266666,0.63819,0,0,stable
9999998_00126_d_0000104__1200_0,81,t_8_16,210.0,0.5,0.5,4.0,0.032624653353539694,0.6049265519702962,0.89693,0,0,mild
9999998_00126_d_0000104__1200_0,82,t_8_16,120.0,0.0,0.0,2.0,0.8287252456929434,0.6216914598455722,0.89693,0,0,stable
9999998_00126_d_0000104__1200_0,83,t_8_16,167.999267578125,0.0,0.0,3.0,0.9633232862077152,0.6913219047619042,0.89693,0,0,stable
9999998_00126_d_0000104__1200_0,84,t_8_16,120.0,0.0,0.0,1.0,,0.7137872238869034,0.89693,0,0,stable
9999998_00126_d_0000104__1200_0,85,t_8_16,143.0,0.0,0.0,3.0,0.8329877932961568,0.7350279037717422,0.89693,0,0,stable
9999998_00126_d_0000104__1200_0,86,t_8_16,110.0,0.0,0.0,2.0,0.9708494175992362,0.6584016187818089,0.89693,0,0,stable
9999998_00126_d_0000104__1200_0,87,t_8_16,121.00033569335938,0.0,0.0,2.0,0.6872847815374331,0.8471286606979544,0.89693,0,1,stable
9999998_00126_d_0000104__1200_0,88,t_8_16,140.0,0.0,0.0,2.0,0.9483707184673491,0.6039377085650753,0.89693,0,0,stable
9999998_00126_d_0000104__1200_0,89,t_8_16,110.00030517578125,0.0,0.0,2.0,0.6625715066409084,0.6634496572980155,0.89693,0,0,stable
9999998_00126_d_0000104__1200_0,90,t_8_16,120.0,0.25,0.0,1.0,,0.6663984341712582,0.89693,0,0,mild
9999998_00126_d_0000104__1200_0,91,t_8_16,77.0,0.0,0.0,3.0,0.8822652605087616,0.6135834053996212,0.89693,0,0,stable
9999998_00126_d_0000104__1200_0,92,t_8_16,99.00027465820312,0.0,0.0,1.0,,0.6829122814860793,0.89693,0,0,stable
9999998_00126_d_0000104__1200_0,93,t_8_16,132.0,0.0,0.0,1.0,,0.6265329318181847,0.89693,0,0,stable
99__1200_1800,0,t_8_16,216.0,0.0,0.0,4.0,0.97322804345487,0.6701337209033797,0.8384,0,0,stable
99__1200_1800,1,t_8_16,168.0,0.0,0.0,5.0,0.9332161096625003,0.9462551268457946,0.8384,0,1,stable
99__1200_1800,2,s_16_32,384.0,0.0,0.0,6.0,0.9920599138194307,0.8504284828050083,0.8384,0,1,stable
99__1200_1800,3,t_8_16,224.0,0.0,0.0,3.0,0.9628764757239127,0.8222352946040955,0.8384,0,1,stable
99__1200_1800,4,t_8_16,160.0,0.25,0.25,4.0,0.9874313257645142,0.7237540203945014,0.8384,0,0,mild
99__1200_1800,5,t_8_16,179.99945068359375,0.0,0.0,3.0,0.9939681004560519,0.6929983222222192,0.8384,0,0,stable
99__1200_1800,6,s_16_32,307.9986572265625,0.0,0.0,5.0,0.9873129024071504,0.782646704545453,0.8384,0,1,stable
99__1200_1800,7,t_8_16,70.0,0.0,0.0,3.0,0.9109587087264811,0.6621970922591371,0.8384,0,0,stable
99__1200_1800,8,t_8_16,100.0,0.25,0.0,2.0,0.7887639659859137,0.8734505915000089,0.8384,0,1,mild
99__1200_1800,9,t_8_16,83.99981689453125,0.0,0.0,4.0,0.9777879138132607,0.6271931971303676,0.8384,0,0,stable
99__1200_1800,10,t_8_16,90.0,0.5,0.0,1.0,,0.5965828180446195,0.8384,0,0,mild
99__1200_1800,11,t_8_16,96.0,0.0,0.0,1.0,,0.716463090396372,0.8384,0,0,stable
99__1200_1800,12,t_8_16,120.0,0.5,0.0,2.0,0.6336495654505007,0.0,0.8384,1,0,mild
99__1200_1800,13,t_8_16,110.0,0.0,0.0,1.0,,0.7124902390705724,0.8384,0,0,stable
99__1200_1800,14,t_8_16,224.0,0.0,0.0,4.0,0.7123025930844678,0.8314712410714259,0.8384,0,1,stable
99__1200_1800,15,t_8_16,96.0,0.0,0.0,2.0,0.9567115817826818,0.7731633083740719,0.8384,0,1,stable
99__1200_1800,16,t_8_16,120.0,0.0,0.0,2.0,0.9481900022892134,0.7765924426335603,0.8384,0,1,stable
99__1200_1800,17,t_8_16,160.0,0.0,0.0,3.0,0.9629403565242858,0.7300694906654313,0.8384,0,0,stable
99__1200_1800,18,t_8_16,203.99996757507324,0.0,0.0,3.0,0.8396805456827429,0.5179898772499661,0.8384,0,0,stable
9ca7e6f4e,0,t_8_16,70.0,0.25,0.0,5.0,0.3120139861366177,0.8767164863430907,0.74679,0,1,mild
9ca7e6f4e,1,t_8_16,77.0,0.0,0.0,2.0,0.9509817608291908,0.8165852378164912,0.74679,0,1,stable
9ca7e6f4e,2,t_8_16,66.0,0.0,0.0,4.0,0.9843407816960763,0.8200779999999975,0.74679,0,1,stable
9d82ae2bc,0,t_8_16,110.0,0.25,0.0,1.0,,0.7988417776244923,0.59337,0,1,mild
P0823__1.0__0___0,0,t_8_16,180.0010986328125,0.0,0.0,5.0,0.9894474547742055,0.8877986982957808,0.88289,0,1,stable
P0823__1.0__0___0,1,t_8_16,190.00115966796875,0.0,0.0,3.0,0.9987912603149889,0.7965261526315798,0.88289,0,1,stable
P0823__1.0__0___0,2,t_8_16,180.0,0.0,0.0,3.0,0.9961873470268344,0.7601829744769737,0.88289,0,1,stable
P0823__1.0__0___0,3,t_8_16,210.0,0.0,0.0,4.0,0.9907646780502162,0.7716878528048497,0.88289,0,1,stable
P0823__1.0__0___0,4,t_8_16,180.0,0.0,0.0,4.0,0.9953920760258632,0.8084196265909056,0.88289,0,1,stable
P0823__1.0__0___0,5,s_16_32,450.0,0.0,0.0,5.0,0.8757328547360421,0.0,0.84655,1,0,stable
P0823__1.0__0___0,6,t_8_16,180.0,0.0,0.0,2.0,0.9844259352091232,0.7828439107947252,0.88289,0,1,stable
P0823__1.0__0___0,7,t_8_16,247.0001983642578,0.25,0.0,6.0,0.31432813566833306,0.715499221862695,0.88289,0,0,mild
P0823__1.0__0___0,8,t_8_16,209.0,0.25,0.0,4.0,0.5945700906204024,0.8667095533402626,0.88289,0,1,mild
P0823__1.0__0___0,9,t_8_16,220.0,0.0,0.0,4.0,0.9969915567692748,0.8512344075893817,0.88289,0,1,stable
P0823__1.0__0___0,10,s_16_32,315.0,0.0,0.0,7.0,0.9378686314848519,0.8310734484065523,0.88289,0,1,stable
P0823__1.0__0___0,11,t_8_16,171.0,0.0,0.0,4.0,0.9871185601305907,0.8232359337826951,0.88289,0,1,stable
P0823__1.0__0___0,12,s_16_32,340.0,0.0,0.0,5.0,0.9963012154765652,0.6859099123844837,0.88289,0,0,stable
P0823__1.0__0___0,13,t_8_16,252.99932861328125,0.0,0.0,4.0,0.9835982075334133,0.8537386553947225,0.88289,0,1,stable
P0823__1.0__0___0,14,s_16_32,315.0,0.0,0.0,5.0,0.9912267709275541,0.9325857940812458,0.88289,0,1,stable
P0823__1.0__0___0,15,s_16_32,374.0,0.0,0.0,6.0,0.9878557313599381,0.8115937754010693,0.88289,0,1,stable
P0823__1.0__0___0,16,t_8_16,240.0,0.0,0.0,4.0,0.9153371919782702,0.8064963633051802,0.88289,0,1,stable
P0823__1.0__0___0,17,s_16_32,314.99975967407227,0.0,0.0,5.0,0.9977818139195406,0.8658046197383404,0.88289,0,1,stable
P0823__1.0__0___0,18,s_16_32,351.9998321533203,0.0,0.0,6.0,0.9976893120224527,0.8941592156450531,0.88289,0,1,stable
P0823__1.0__0___0,19,t_8_16,220.0,0.0,0.0,4.0,0.9946778229062128,0.8140067440329254,0.88289,0,1,stable
P0823__1.0__0___0,20,t_8_16,175.9990234375,0.0,0.0,5.0,0.9433337323451505,0.8749185021827881,0.88289,0,1,stable
P0823__1.0__0___0,21,t_8_16,119.9996337890625,0.0,0.0,5.0,0.9907473529105614,0.7876082061287099,0.88289,0,1,stable
P0823__1.0__0___0,22,s_16_32,339.99896240234375,0.0,0.0,6.0,0.9911823102608758,0.7762056470588228,0.88289,0,1,stable
P0823__1.0__0___0,23,s_16_32,504.0,0.0,0.0,3.0,0.993582667303303,0.7382024007936505,0.88289,0,0,stable
P0823__1.0__0___0,24,s_16_32,378.0,0.0,0.0,6.0,0.9924690482745748,0.6921430476190492,0.88289,0,0,stable
P0823__1.0__0___0,25,t_8_16,209.99969482421875,0.0,0.0,4.0,0.9939782227768791,0.8199922278382593,0.88289,0,1,stable
P0823__1.0__0___0,26,s_16_32,266.0,0.0,0.0,3.0,0.9364333646466012,0.9125441553664205,0.88289,0,1,stable
P0823__1.0__0___0,27,t_8_16,247.0,0.0,0.0,5.0,0.6698460084715534,0.8498802345368768,0.88289,0,1,stable
P0823__1.0__0___0,28,s_16_32,260.0,0.0,0.0,4.0,0.9947917675878738,0.858627927011403,0.88289,0,1,stable
P0823__1.0__0___0,29,t_8_16,242.0,0.0,0.0,4.0,0.9965690357993774,0.8667648109523177,0.88289,0,1,stable
P0823__1.0__0___0,30,t_8_16,190.0,0.0,0.0,3.0,0.9861388323843069,0.7578211331468648,0.88289,0,1,stable
P0823__1.0__0___0,31,t_8_16,184.0,0.0,0.0,3.0,0.9917424340024533,0.8207881839983832,0.88289,0,1,stable
P0823__1.0__0___0,32,t_8_16,190.0,0.0,0.0,3.0,0.9772782368649002,0.8554677204630138,0.88289,0,1,stable
P0823__1.0__0___0,33,t_8_16,144.0,0.0,0.0,3.0,0.9974724349582775,0.8531790530940377,0.88289,0,1,stable
P0823__1.0__0___0,34,t_8_16,200.0,0.0,0.0,2.0,0.9986589639542456,0.8191660283821072,0.88289,0,1,stable
P0823__1.0__0___0,35,t_8_16,168.0,0.5,0.5,1.0,,0.8387188529086484,0.88289,0,1,mild
P0823__1.0__0___0,36,s_16_32,285.0,0.0,0.0,5.0,0.9655159075870078,0.9100508263592437,0.88289,0,1,stable
P0823__1.0__0___0,37,s_16_32,357.0006408691406,0.0,0.0,6.0,0.9960919784281855,0.8901921736694661,0.88289,0,1,stable
P0823__1.0__0___0,38,s_16_32,352.0,0.0,0.0,5.0,0.7819677928971704,0.8033610116653014,0.88289,0,1,stable
P0823__1.0__0___0,39,s_16_32,285.0,0.0,0.0,3.0,0.9903315140761031,0.809881336238905,0.88289,0,1,stable
P0823__1.0__0___0,40,s_16_32,374.99847412109375,0.0,0.0,9.0,0.997777330009266,0.8295449391071369,0.88289,0,1,stable
P0823__1.0__0___0,41,s_16_32,531.9976806640625,0.0,0.0,8.0,0.9828264077423103,0.7713685423795041,0.84655,0,1,stable
P0823__1.0__0___0,42,s_16_32,660.0,0.0,0.0,9.0,0.960640023911666,0.7645397379282225,0.84655,0,1,stable
P0823__1.0__0___0,44,s_16_32,962.0,0.0,0.0,10.0,0.9312989566516404,0.8666064585974106,0.84655,0,1,stable
P0823__1.0__0___0,45,s_16_32,300.0,0.0,0.0,3.0,0.9965526096555903,0.8237296081913171,0.84655,0,1,stable
P0823__1.0__0___0,46,s_16_32,330.0,0.0,0.0,4.0,0.9695169584962519,0.8016739477644779,0.84655,0,1,stable
P0823__1.0__0___0,47,t_8_16,240.0,0.0,0.0,3.0,0.9965681952890354,0.8059529628701069,0.88289,0,1,stable
P0823__1.0__0___0,49,s_16_32,544.0,0.0,0.0,10.0,0.9746838724579655,0.5874415661764689,0.84655,0,0,stable
P0823__1.0__0___0,50,s_16_32,595.0,0.0,0.0,10.0,0.7770975060781377,0.9080082478603062,0.84655,0,1,stable
P0823__1.0__0___0,51,s_16_32,570.0,0.0,0.0,10.0,0.8470790924489027,0.0,0.84655,1,0,stable
P0823__1.0__0___0,52,s_16_32,639.998779296875,0.0,0.0,10.0,0.962567312935844,0.7602741593749953,0.84655,0,1,stable
P0823__1.0__0___0,53,s_16_32,518.0,0.0,0.0,8.0,0.992644584610402,0.8150459675305015,0.84655,0,1,stable
P0823__1.0__0___0,54,s_16_32,910.0,0.0,0.0,10.0,0.9370773969075822,0.0,0.84655,1,0,stable
P0823__1.0__0___0,56,s_16_32,364.0,0.0,0.0,8.0,0.9823086527754502,0.8947461704421446,0.84655,0,1,stable
P0823__1.0__0___0,57,s_16_32,880.0,0.0,0.0,10.0,0.4619629634584569,0.0,0.84655,1,0,stable
P0823__1.0__0___0,59,s_16_32,504.0,0.0,0.0,7.0,0.9839269547806947,0.8793225405995005,0.84655,0,1,stable
P0823__1.0__0___0,60,t_8_16,234.0,0.0,0.0,5.0,0.822087309537558,0.8749036505106719,0.88289,0,1,stable
P0823__1.0__0___0,61,t_8_16,209.0,0.0,0.0,5.0,0.8653565366505339,0.8311502545313416,0.88289,0,1,stable
P0823__1.0__0___0,62,s_16_32,946.0,0.0,0.0,10.0,0.2848302892228358,0.6364713698664417,0.84655,0,0,stable
P0823__1.0__0___0,63,s_16_32,264.0,0.0,0.0,5.0,0.9922090091823945,0.7505266349463631,0.88289,0,1,stable
P0823__1.0__0___0,64,s_16_32,416.0,0.0,0.0,8.0,0.9944793862603839,0.7446031923076925,0.84655,0,0,stable
P0823__1.0__0___0,65,s_16_32,522.0,0.0,0.0,10.0,0.9230941186396214,0.721260262323095,0.84655,0,0,stable
P0823__1.0__0___0,66,t_8_16,128.0,0.0,0.0,2.0,0.9399378241972602,0.5784611895201566,0.88289,0,0,stable
P0823__1.0__0___0,67,t_8_16,251.99871826171875,0.0,0.0,2.0,0.9926582616856346,0.827737719910011,0.88289,0,1,stable
P0823__1.0__0___0,68,t_8_16,230.0,0.25,0.0,4.0,0.9169552114479194,0.7603893623959587,0.88289,0,1,mild
P0823__1.0__0___0,69,t_8_16,153.0,0.25,0.0,2.0,0.9949397042976159,0.8597437433188638,0.88289,0,1,mild
P0823__1.0__0___0,70,t_8_16,171.0,0.0,0.0,3.0,0.9955263141316436,0.8799823147297817,0.88289,0,1,stable
P0823__1.0__0___0,71,s_16_32,275.0,0.0,0.0,5.0,0.9962181339611218,0.8108424803527319,0.88289,0,1,stable
P0823__1.0__0___0,72,t_8_16,240.00146484375,0.0,0.0,3.0,0.9964750388260751,0.9036681135232397,0.88289,0,1,stable
P0823__1.0__0___0,73,t_8_16,162.0,0.25,0.0,3.0,0.9820782224757761,0.8248116304261799,0.88289,0,1,mild
P0823__1.0__0___0,74,t_8_16,180.0010986328125,0.0,0.0,2.0,0.9949276511342925,0.8173742216021646,0.88289,0,1,stable
P0823__1.0__0___0,75,t_8_16,151.99884033203125,0.0,0.0,3.0,0.9951164723611646,0.8084984506137817,0.88289,0,1,stable
P0823__1.0__0___0,76,t_8_16,230.99871826171875,0.0,0.0,4.0,0.9948252000641646,0.8724797459372791,0.88289,0,1,stable
P0823__1.0__0___0,77,t_8_16,209.0,0.0,0.0,2.0,0.9838332167597827,0.7238081120928855,0.88289,0,0,stable
P0823__1.0__0___0,78,t_8_16,210.0,0.25,0.25,4.0,0.979153210584916,0.7808048368861703,0.88289,0,1,mild
P0823__1.0__0___0,79,t_8_16,242.0,0.0,0.0,3.0,0.9923180099237894,0.8336008624730251,0.88289,0,1,stable
P0823__1.0__0___0,80,t_8_16,220.0006103515625,0.0,0.0,3.0,0.7586695724056498,0.7969366078957714,0.88289,0,1,stable
P0823__1.0__0___0,81,t_8_16,189.00128173828125,0.0,0.0,3.0,0.9737731714197478,0.7161567543772528,0.88289,0,0,stable
P0823__1.0__0___0,82,s_16_32,263.9986572265625,0.0,0.0,2.0,0.9401607606502932,0.7424196818181791,0.88289,0,0,stable
P0823__1.0__0___0,83,t_8_16,242.0,0.0,0.0,5.0,0.9705080096248679,0.8097375321324429,0.88289,0,1,stable
P0823__1.0__0___0,84,t_8_16,171.00115966796875,0.0,0.0,2.0,0.9922889506492197,0.8693362905978294,0.88289,0,1,stable
P0823__1.0__0___0,85,s_16_32,297.0,0.0,0.0,5.0,0.9875676515462483,0.8770622985309083,0.88289,0,1,stable
P0823__1.0__0___0,86,s_16_32,442.0001983642578,0.0,0.0,9.0,0.9957220611910123,0.8466480324310118,0.88289,0,1,stable
P0823__1.0__0___0,87,s_16_32,442.0,0.0,0.0,8.0,0.989329014371266,0.8780588296538603,0.88289,0,1,stable
P0823__1.0__0___0,88,t_8_16,183.99929809570312,0.0,0.0,8.0,0.9744415806927749,0.7033727066821843,0.88289,0,0,stable
P0823__1.0__0___0,89,t_8_16,234.0,0.0,0.0,4.0,0.9919960369440769,0.67410196772762,0.88289,0,0,stable
P0823__1.0__0___0,90,s_16_32,264.0,0.0,0.0,4.0,0.9885608351917318,0.9152213755136667,0.88289,0,1,stable
P0823__1.0__0___0,91,t_8_16,160.0,0.0,0.0,2.0,0.9987486428864865,0.8218873728723315,0.88289,0,1,stable
P0823__1.0__0___0,92,t_8_16,144.0,0.5,0.5,1.0,,0.8208809404042975,0.88289,0,1,mild
P0823__1.0__0___0,93,t_8_16,136.0,0.25,0.25,3.0,0.9954178871184234,0.7987879285946553,0.88289,0,1,mild
P0823__1.0__0___0,94,t_8_16,153.0,0.0,0.0,3.0,0.9979788447848768,0.844423291270716,0.88289,0,1,stable
P0823__1.0__0___0,95,t_8_16,160.0,0.0,0.0,3.0,0.9951705860727753,0.779377316875712,0.88289,0,1,stable
P0823__1.0__0___0,96,t_8_16,170.0,0.0,0.0,3.0,0.9875011184524716,0.8388356310550731,0.88289,0,1,stable
P0823__1.0__0___0,97,t_8_16,144.0,0.25,0.25,3.0,0.9914712244039171,0.8266034086977702,0.88289,0,1,mild
P0823__1.0__0___0,98,t_8_16,200.0,0.0,0.0,4.0,0.9980694546475111,0.6760681033492814,0.88289,0,0,stable
P0823__1.0__0___0,99,s_16_32,378.0,0.0,0.0,5.0,0.9964845799541857,0.7424111296296291,0.88289,0,0,stable
P0823__1.0__0___0,100,s_16_32,575.0,0.0,0.0,10.0,0.9694513098385998,0.8266558691652415,0.88289,0,1,stable
P0823__1.0__0___0,101,s_16_32,540.0,0.0,0.0,10.0,0.9972550800507161,0.8395318148148144,0.88289,0,1,stable
P0823__1.0__0___0,102,s_16_32,499.9992370605469,0.0,0.0,8.0,0.9953010890365017,0.8023741721301489,0.88289,0,1,stable
P0823__1.0__0___0,103,s_16_32,540.0,0.0,0.0,9.0,0.9934830562127026,0.8884048528056103,0.88289,0,1,stable
P0823__1.0__0___0,104,s_16_32,442.00103759765625,0.0,0.0,8.0,0.998098886432571,0.8887852757443667,0.88289,0,1,stable
P0823__1.0__0___0,105,s_16_32,330.0,0.0,0.0,4.0,0.9824303853670381,0.7183296952732211,0.88289,0,0,stable
P0823__1.0__0___0,106,t_8_16,252.0,0.0,0.0,5.0,0.9881984756076676,0.7801366461344813,0.88289,0,1,stable
P0823__1.0__0___0,107,t_8_16,234.0,0.0,0.0,3.0,0.9917339315143492,0.7793568874596994,0.88289,0,1,stable
P0823__1.0__0___0,108,s_16_32,329.9986572265625,0.0,0.0,5.0,0.83832327707928,0.642405886867109,0.88289,0,0,stable
P0823__1.0__0___0,109,s_16_32,336.0,0.0,0.0,6.0,0.9733310160761746,0.8173009586888779,0.88289,0,1,stable
P0823__1.0__0___0,110,t_8_16,128.0,0.0,0.0,2.0,0.9931803809979866,0.7317471684142154,0.88289,0,0,stable
P0823__1.0__0___0,111,t_8_16,147.0,0.0,0.0,6.0,0.8450248964204771,0.6806327569562288,0.88289,0,0,stable
P0823__1.0__0___0,112,t_8_16,250.0,0.0,0.0,4.0,0.9850709644074547,0.7488514827626626,0.88289,0,0,stable
P0823__1.0__0___0,113,t_8_16,219.998779296875,0.0,0.0,2.0,0.9853960034692771,0.7814173449642132,0.88289,0,1,stable
P0823__1.0__0___0,114,t_8_16,210.00128173828125,0.0,0.0,2.0,0.9978264541081809,0.823726108156292,0.88289,0,1,stable
P0823__1.0__0___0,115,t_8_16,180.001220703125,0.0,0.0,3.0,0.9941764977677069,0.9256415643121452,0.88289,0,1,stable
P0823__1.0__0___0,116,t_8_16,170.0,0.0,0.0,2.0,0.9947366326815,0.7968005817498646,0.88289,0,1,stable
P0823__1.0__0___0,117,t_8_16,118.99896240234375,0.0,0.0,5.0,0.9909596274373573,0.6853568379795133,0.88289,0,0,stable
P0823__1.0__0___0,118,t_8_16,180.0,0.0,0.0,3.0,0.9660728895416847,0.7235257603465346,0.88289,0,0,stable
P0823__1.0__0___0,119,t_8_16,247.0,0.0,0.0,6.0,0.9877807154564947,0.8431091674344905,0.88289,0,1,stable
P0823__1.0__0___0,120,t_8_16,162.0,0.0,0.0,2.0,0.9910362481333582,0.7245324819987221,0.88289,0,0,stable
P0823__1.0__0___0,121,t_8_16,234.0,0.0,0.0,4.0,0.9985914456544382,0.7838196547062928,0.88289,0,1,stable
P0823__1.0__0___0,122,t_8_16,190.0,0.0,0.0,2.0,0.9977541190417623,0.8233468480936937,0.88289,0,1,stable
P0823__1.0__0___0,123,s_16_32,360.0,0.0,0.0,4.0,0.9912564453034036,0.8501745830873608,0.88289,0,1,stable
P0823__1.0__0___0,124,s_16_32,418.0001678466797,0.0,0.0,6.0,0.9932758279101765,0.913848392293742,0.88289,0,1,stable
P0823__1.0__0___0,125,s_16_32,266.0001449584961,0.0,0.0,6.0,0.9849777336499536,0.8196577298194474,0.88289,0,1,stable
P0823__1.0__0___0,126,s_16_32,420.0,0.0,0.0,8.0,0.9523702448923308,0.65486620952381,0.88289,0,0,stable
P0823__1.0__0___0,127,s_16_32,300.0,0.0,0.0,5.0,0.9978388246041316,0.8023618933333344,0.88289,0,1,stable
P0823__1.0__0___0,128,t_8_16,239.9993896484375,0.0,0.0,5.0,0.9961370394580293,0.8888451541666611,0.88289,0,1,stable
P0823__1.0__0___0,129,t_8_16,153.0,0.25,0.0,3.0,0.9942673585410541,0.7887127229429896,0.88289,0,1,mild
P0823__1.0__0___0,130,s_16_32,320.0,0.0,0.0,5.0,0.964550555662119,0.645738843749997,0.88289,0,0,stable
P0823__1.0__0___0,131,s_16_32,285.0,0.0,0.0,5.0,0.7225059256078529,0.7714053958196244,0.88289,0,1,stable
P0823__1.0__0___0,132,t_8_16,225.0,0.0,0.0,4.0,0.9837577800169944,0.7439148215290878,0.88289,0,0,stable
P0823__1.0__0___0,133,s_16_32,294.0,0.0,0.0,7.0,0.9682216252993088,0.7608128026577748,0.88289,0,1,stable
P0823__1.0__0___0,134,t_8_16,143.9989013671875,0.0,0.0,5.0,0.99251581151491,0.7581899686317953,0.88289,0,1,stable
P0823__1.0__0___0,135,t_8_16,189.00128173828125,0.0,0.0,4.0,0.9970581371793861,0.8176205799489099,0.88289,0,1,stable
P0823__1.0__0___0,136,t_8_16,180.0,0.25,0.0,2.0,0.9858633088031434,0.9197074789245302,0.88289,0,1,mild
P0823__1.0__0___0,137,s_16_32,360.0,0.0,0.0,4.0,0.9470218104850576,0.8197586930924817,0.88289,0,1,stable
P0823__1.0__0___0,138,s_16_32,285.0,0.0,0.0,4.0,0.991411398934524,0.8166390814581153,0.88289,0,1,stable
P0823__1.0__0___0,139,s_16_32,285.0,0.0,0.0,5.0,0.8629864326930485,0.9268573220126098,0.88289,0,1,stable
P0823__1.0__0___0,140,t_8_16,198.0,0.0,0.0,5.0,0.9882141449505585,0.804500360834139,0.88289,0,1,stable
P0823__1.0__0___0,141,t_8_16,180.0,0.25,0.0,2.0,0.9885935969529686,0.783774963785306,0.88289,0,1,mild
P0823__1.0__0___0,142,s_16_32,380.0,0.0,0.0,6.0,0.9976333085184642,0.9444545617540855,0.88289,0,1,stable
P0823__1.0__0___0,143,t_8_16,144.00048828125,0.25,0.25,3.0,0.9881877258260927,0.7489997962850228,0.88289,0,0,mild
P0823__1.0__0___0,144,t_8_16,200.0,0.25,0.0,7.0,0.8210236473797377,0.8890296749999989,0.88289,0,1,mild
P0823__1.0__0___0,145,t_8_16,200.0,0.25,0.0,4.0,0.7570379452937794,0.9384205349904038,0.88289,0,1,mild
P0823__1.0__0___0,146,t_8_16,96.0,0.0,0.0,2.0,0.5947684491009156,0.6250294542581301,0.88289,0,0,stable
P0823__1.0__0___0,147,t_8_16,198.0,0.0,0.0,4.0,0.9956709413908068,0.9087928145778741,0.88289,0,1,stable
P0823__1.0__0___0,148,t_8_16,162.0,0.0,0.0,2.0,0.9920702214825343,0.9102228340118316,0.88289,0,1,stable
P0823__1.0__0___0,149,t_8_16,171.0,0.25,0.0,3.0,0.9926252783889882,0.8087898868685472,0.88289,0,1,mild
P0823__1.0__0___0,150,t_8_16,199.99847412109375,0.0,0.0,7.0,0.8806956518149641,0.6913684503316985,0.88289,0,0,stable
P0823__1.0__0___0,151,t_8_16,180.0,0.25,0.0,2.0,0.9939180015542123,0.9045477456029477,0.88289,0,1,mild
P0823__1.0__0___0,152,t_8_16,204.0,0.0,0.0,4.0,0.9856523092140671,0.7215573334450418,0.88289,0,0,stable
P0823__1.0__0___0,153,t_8_16,171.0,0.0,0.0,3.0,0.9851574472509822,0.8064338705503978,0.88289,0,1,stable
P0823__1.0__0___0,154,t_8_16,136.0,0.0,0.0,3.0,0.47744708834280664,0.6774985398910145,0.88289,0,0,stable
P0823__1.0__0___0,155,t_8_16,171.0,0.0,0.0,3.0,0.9876962527694398,0.9491605731564252,0.88289,0,1,stable
P1305__1.0__4400___2400,0,t_8_16,72.0,0.25,0.0,2.0,0.9161263457517519,0.7589791709161432,0.75735,0,1,mild
P1305__1.0__4400___2400,11,t_8_16,64.0,0.5,0.5,0.0,,0.7455147017230165,0.75735,0,0,mild
P1305__1.0__4400___2400,33,s_16_32,544.0,0.0,0.0,10.0,0.9434739738444046,0.9273728693444686,0.76673,0,1,stable
P1305__1.0__4400___2400,37,t_8_16,64.0,0.5,0.5,2.0,0.5281377791555282,0.5840167210360571,0.75735,0,0,mild
P1305__1.0__4400___2400,43,t_8_16,66.0,0.0,0.0,2.0,0.9100422653833341,0.5742079543512781,0.75735,0,0,stable
P1338__1.0__1800___3000,0,t_8_16,142.9998016357422,0.0,0.0,5.0,0.8565814852593426,0.8785112933615374,0.53453,0,1,stable
P1338__1.0__1800___3000,1,t_8_16,84.0,0.3333333333333333,0.0,3.0,0.4191423566824537,0.6265781840666629,0.53453,0,0,mild
P1352__1.0__3000___3000,0,t_8_16,220.0,0.25,0.0,7.0,0.5626495984904892,0.6038854545454511,0.63037,0,0,mild
P1354__1.0__3200___2400,0,t_8_16,231.0,0.0,0.0,5.0,0.19666514021248307,0.15909785392025247,0.72541,1,0,stable
P1354__1.0__3200___2400,1,s_16_32,279.998779296875,0.0,0.0,7.0,0.7047009192542615,0.7168960499999982,0.72541,0,0,stable
P1354__1.0__3200___2400,2,t_8_16,154.0,0.0,0.0,3.0,0.7739615585605591,0.7091098154493213,0.72541,0,0,stable
P1354__1.0__3200___2400,3,t_8_16,150.00011444091797,0.0,0.0,3.0,0.9833946789461528,0,0,1,0,stable
P1357__1.0__1800___2400,1,t_8_16,187.0,0.0,0.0,3.0,0.9989512483302136,0.8007111440007367,0.71455,0,1,stable
P1357__1.0__3200___1200,0,s_16_32,540.0,0.0,0.0,8.0,0.9331198541022246,0.8145471626337866,0.7214,0,1,stable
P1357__1.0__3200___1200,1,t_8_16,128.0,0.0,0.0,3.0,0.937431688330661,0.6853287656249999,0.7214,0,0,stable
P1357__1.0__3200___1200,2,s_16_32,323.0,0.0,0.0,7.0,0.9275207457798509,0.8379128743950193,0.7214,0,1,stable
P1357__1.0__3200___1200,3,t_8_16,152.0,0.0,0.0,3.0,0.6305924973431505,0.8098799306246307,0.7214,0,1,stable
P1357__1.0__3200___1200,4,t_8_16,180.0,0.0,0.0,1.0,,0.8887150268576304,0.7214,0,1,stable
P1374__1.0__1200___600,0,t_8_16,234.0,0.0,0.0,5.0,0.9834556955313252,0.8461163605744378,0.77201,0,1,stable
P1374__1.0__1200___600,1,t_8_16,187.0,0.0,0.0,3.0,0.918064060726812,0.6760161492553901,0.77201,0,0,stable
P1374__1.0__1200___600,2,s_16_32,315.0,0.0,0.0,6.0,0.9330683657296431,0.6852958048568221,0.77201,0,0,stable
P1374__1.0__1200___600,3,t_8_16,144.0,0.0,0.0,3.0,0.9753636330679516,0.5889348563450466,0.77201,0,0,stable
P1374__1.0__1200___600,4,t_8_16,152.0,0.25,0.25,3.0,0.9835323689212305,0.6709441798785606,0.77201,0,0,mild
P1374__1.0__1200___600,5,s_16_32,330.0,0.0,0.0,6.0,0.9889451359960867,0.8743787475607733,0.77201,0,1,stable
P1384__1.0__4200___1800,0,s_16_32,600.0,0.0,0.0,10.0,0.9189665970134473,0.0,0.78469,1,0,stable
P1384__1.0__4200___1800,1,s_16_32,529.0,0.0,0.0,10.0,0.9844607391363367,0.0,0.78469,1,0,stable
P1384__1.0__4200___1800,2,t_8_16,238.0,0.0,0.0,3.0,0.9985675683001944,0.7822597609392054,0.78469,0,1,stable
P1384__1.0__4200___1800,3,t_8_16,238.0,0.0,0.0,5.0,0.5730870017844572,0.847937758568185,0.78469,0,1,stable
P1384__1.0__4200___1800,6,t_8_16,66.0,0.0,0.0,1.0,0.9999999802900396,0.7726288939393945,0.75116,0,1,stable
P1384__1.0__4200___1800,7,t_8_16,65.99991607666016,0.0,0.0,2.0,0.8123046711368601,0.7858133608933562,0.75116,0,1,stable
P1384__1.0__4200___1800,10,t_8_16,77.0,0.0,0.0,1.0,,0.8353846546517932,0.75116,0,1,stable
P1384__1.0__4200___1800,11,t_8_16,66.0,0.0,0.0,2.0,0.9973120480016751,0.8310879009468987,0.75116,0,1,stable
P1384__1.0__4200___1800,12,t_8_16,84.0,0.0,0.0,4.0,0.8927275696020095,0.0,0.75116,1,0,stable
P1384__1.0__4200___1800,13,t_8_16,66.0,0.0,0.0,3.0,0.7578867595424299,0.8059612878787918,0.75116,0,1,stable
P1384__1.0__4200___1800,17,t_8_16,72.0,0.25,0.25,2.0,,0.09769245776152473,0.75116,1,0,mild
P1384__1.0__4200___1800,19,t_8_16,70.0,0.0,0.0,3.0,0.983215645008009,0.6985523792757115,0.75116,0,0,stable
P1384__1.0__4200___1800,20,t_8_16,91.00042724609375,0.0,0.0,5.0,0.8870953331805387,0.7197728461538482,0.75116,0,0,stable
P1384__1.0__4200___1800,22,t_8_16,77.0,0.0,0.0,1.0,0.9999999999860616,0.6606512271962854,0.75116,0,0,stable
P1384__1.0__4200___1800,23,t_8_16,176.00048828125,0.0,0.0,3.0,0.9938818486114572,0.9097441818181822,0.75116,0,1,stable
P1384__1.0__4200___1800,24,t_8_16,70.0,0.0,0.0,3.0,0.9982544011007187,0.0,0.75116,1,0,stable
P1384__1.0__4200___1800,25,t_8_16,77.0,0.0,0.0,2.0,0.9872677776837412,0.7876115060825072,0.75116,0,1,stable
P1384__1.0__4200___1800,26,t_8_16,192.0,0.5,0.5,3.0,0.4488969801890994,0.0,0.75116,1,0,mild
P1384__1.0__4200___1800,28,t_8_16,72.0,0.0,0.0,5.0,0.9726215710848696,0.7862187660801516,0.75116,0,1,stable
P1384__1.0__4200___1800,30,t_8_16,91.0,0.0,0.0,4.0,0.9895460492912611,0.7147158241758286,0.75116,0,0,stable
P1384__1.0__4200___1800,31,t_8_16,84.0,0.25,0.25,4.0,0.8002124474285967,0.0,0.75116,1,0,mild
P1384__1.0__4200___1800,32,t_8_16,70.0008544921875,0.25,0.25,4.0,0.6848113760010216,0.0,0.75116,1,0,mild
P1384__1.0__4200___1800,33,t_8_16,136.0,0.5,0.5,0.0,,0.0,0.75116,1,0,mild
P1384__1.0__4200___1800,35,t_8_16,72.0,0.25,0.25,2.0,0.13051028312975596,0.749203094157494,0.75116,0,0,mild
P1384__1.0__4200___1800,36,t_8_16,77.0,0.25,0.25,3.0,0.6022592552725886,0.7099343516585775,0.75116,0,0,mild
P1384__1.0__4200___1800,39,t_8_16,66.0,0.0,0.0,1.0,0.999999999990549,0.7108477747874729,0.75116,0,0,stable
P1384__1.0__4200___1800,40,t_8_16,98.0,0.0,0.0,3.0,0.9619539941623119,0.5611132142857156,0.75116,0,0,stable
P1384__1.0__4200___1800,41,t_8_16,83.999267578125,0.0,0.0,2.0,0.9999998877390979,0.6182544642857161,0.75116,0,0,stable
P1384__1.0__4200___1800,42,t_8_16,78.0,0.0,0.0,1.0,0.9999999999746909,0.6575225512820466,0.75116,0,0,stable
P1384__1.0__4200___1800,44,t_8_16,90.99920654296875,0.5,0.0,3.0,0.41897533302650963,0.6129081707127051,0.75116,0,0,mild
P1384__1.0__4200___1800,53,t_8_16,66.00067138671875,0.0,0.0,2.0,0.9999982368312967,0.6805006113788442,0.75116,0,0,stable
P1384__1.0__4200___1800,54,t_8_16,78.0,0.25,0.25,3.0,0.451278674399412,0.6203439398767316,0.75116,0,0,mild
P1384__1.0__4200___1800,57,t_8_16,65.00079345703125,0.0,0.0,3.0,0.9909869796927453,0.7264641710974424,0.75116,0,0,stable
P1410__1.0__4200___1200,0,t_8_16,160.0,0.25,0.25,3.0,0.9210968814053152,0.6171328040989311,0.82121,0,0,mild
P1410__1.0__4200___1200,1,t_8_16,231.0,0.25,0.0,5.0,0.6476821476306176,0.7055692043965998,0.82121,0,0,mild
P1410__1.0__4200___1200,2,t_8_16,230.0,0.0,0.0,4.0,0.9897444992992179,0.9027990977589192,0.82121,0,1,stable
P1410__1.0__4200___1200,3,t_8_16,184.0,0.5,0.5,0.0,,0.6854573435436137,0.82121,0,0,mild
P1410__1.0__4200___1200,4,t_8_16,207.0,0.0,0.0,5.0,0.9944542960001135,0.881719485014427,0.82121,0,1,stable
P1410__1.0__4200___1200,5,t_8_16,192.0,0.0,0.0,3.0,0.9844521474709832,0.8295883520809648,0.82121,0,1,stable
P1410__1.0__4200___1200,6,t_8_16,250.0,0.0,0.0,4.0,0.9610251113071248,0.856499351098368,0.82121,0,1,stable
P1410__1.0__4200___1200,7,t_8_16,250.0,0.25,0.0,7.0,0.9534844492779189,0.8117481778699464,0.82121,0,1,mild
P1410__1.0__4200___1200,9,t_8_16,192.0,0.0,0.0,5.0,0.9937285490356884,0.7767803488845758,0.82121,0,1,stable
P1410__1.0__4200___1200,10,t_8_16,207.0,0.25,0.0,5.0,0.9907322282811681,0.8272584470533869,0.82121,0,1,mild
P1410__1.0__4200___1200,11,t_8_16,168.0,0.0,0.0,2.0,0.9950522614856238,0.8563063932439201,0.82121,0,1,stable
P1410__1.0__4200___1200,12,t_8_16,151.99992752075195,0.0,0.0,5.0,0.9972665438694741,0.8795239280158227,0.82121,0,1,stable
P1410__1.0__4200___1200,13,t_8_16,198.0,0.25,0.0,5.0,0.9906316884663193,0.8587535731309062,0.82121,0,1,mild
P1410__1.0__4200___1200,14,t_8_16,240.0,0.25,0.0,8.0,0.8782941236405095,0.7496948250000001,0.82121,0,0,mild
P1410__1.0__4200___1200,15,s_16_32,330.0,0.0,0.0,9.0,0.9739620410589344,0.8506138578337592,0.82121,0,1,stable
P1459__1.0__1200___3630,0,t_8_16,91.0,0.0,0.0,3.0,0.9911877663759112,0.8115962462790105,0.80937,0,1,stable
P1459__1.0__1200___3630,1,t_8_16,98.0,0.0,0.0,5.0,0.9547063091877777,0.6549677660955587,0.80937,0,0,stable
P1459__1.0__1200___3630,2,t_8_16,153.0,0.0,0.0,2.0,0.9497529016701916,0.7479176698137115,0.80937,0,0,stable
P1459__1.0__1200___3630,3,t_8_16,112.0,0.5,0.5,1.0,,0.6493865567817796,0.80937,0,0,mild
P1459__1.0__1200___3630,4,t_8_16,149.9993896484375,0.0,0.0,2.0,0.9899650810315157,0.720101138608979,0.80937,0,0,stable
P1459__1.0__1200___3630,5,t_8_16,84.0,0.0,0.0,3.0,0.9982330895119667,0.7317659603382848,0.80937,0,0,stable
P1459__1.0__1200___3630,6,t_8_16,91.0,0.25,0.0,5.0,0.7029156085290822,0.9198542623078597,0.80937,0,1,mild
P1459__1.0__1200___3630,7,t_8_16,96.0,0.25,0.25,2.0,0.9635364324228763,0.812680170412521,0.80937,0,1,mild
P1459__1.0__1200___3630,8,t_8_16,104.0,0.0,0.0,3.0,0.9763324875028491,0.7609717171839101,0.80937,0,1,stable
P1459__1.0__1200___3630,9,t_8_16,104.0,0.0,0.0,1.0,,0.862805530139451,0.80937,0,1,stable
P1459__1.0__1200___3630,10,t_8_16,104.0,0.0,0.0,1.0,,0.7851257088930222,0.80937,0,1,stable
P1459__1.0__1200___3630,11,t_8_16,209.0,0.25,0.0,5.0,0.559319076043328,0.9012665782645953,0.80937,0,1,mild
P1459__1.0__1200___3630,12,t_8_16,117.0,0.0,0.0,1.0,,0.7800852429137285,0.80937,0,1,stable
P1459__1.0__1200___3630,13,t_8_16,153.0,0.25,0.0,3.0,0.9729820946927824,0.8362952719459663,0.80937,0,1,mild
P1459__1.0__1200___3630,14,t_8_16,160.0,0.25,0.0,2.0,0.3640642332194281,0.7805978187401567,0.80937,0,1,mild
P1459__1.0__1200___3630,15,t_8_16,216.0,0.0,0.0,4.0,0.922452957373565,0.8676330808550596,0.80937,0,1,stable
P1459__1.0__1200___3630,16,t_8_16,203.99948120117188,0.25,0.0,5.0,0.38432629856680445,0.6356593235294102,0.80937,0,0,mild
P1459__1.0__1200___3630,17,t_8_16,234.00054931640625,0.0,0.0,5.0,0.9794084457649752,0.6963956355364271,0.80937,0,0,stable
P1459__1.0__1200___3630,18,t_8_16,134.99945068359375,0.25,0.25,2.0,0.999952611865176,0.7801504592592624,0.80937,0,1,mild
P1459__1.0__1200___3630,19,t_8_16,72.0,0.25,0.0,4.0,0.3908200530666556,0.843518714315921,0.80937,0,1,mild
P1459__1.0__1200___3630,20,t_8_16,91.0,0.0,0.0,3.0,0.9857297492392245,0.4936260991032615,0.80937,1,0,stable
P1459__1.0__1200___3630,22,t_8_16,65.9996337890625,0.0,0.0,4.0,0.9777921183493881,0.6284741587280619,0.80937,0,0,stable
P1459__1.0__1200___3630,23,t_8_16,170.0006103515625,0.0,0.0,3.0,0.9951595283123494,0.6772915458260635,0.80937,0,0,stable
P1459__1.0__1200___3630,24,t_8_16,70.0,0.0,0.0,3.0,0.6554469884218216,0.7380222105464763,0.80937,0,0,stable
P1459__1.0__1200___3630,25,t_8_16,84.0,0.0,0.0,2.0,0.8542925061111527,0.8324307306399382,0.80937,0,1,stable
P1581__1.0__600___1800,0,t_8_16,240.0,0.0,0.0,5.0,0.6022674455661179,0,0,1,0,stable
P1727__1.0__2400___3000,0,t_8_16,238.0,0.0,0.0,5.0,0.9953417861907704,0.8966384827586529,0.12778,0,1,stable
P2116__1.0__506___0,0,t_8_16,168.0,0.75,0.75,0.0,,0.8199398653263933,0.8055,0,1,high
P2116__1.0__506___0,1,t_8_16,200.0,0.0,0.0,4.0,0.9926161454004501,0.7415864999999999,0.8055,0,0,stable
P2116__1.0__506___0,2,s_16_32,286.0,0.0,0.0,7.0,0.9378719891932054,0,0,1,0,stable
P2116__1.0__506___0,3,t_8_16,200.0,0.0,0.0,3.0,0.9965724977114145,0,0,1,0,stable
P2116__1.0__506___0,4,s_16_32,264.0000228881836,0.0,0.0,4.0,0.9788339961652694,0.5389718863636361,0.8055,0,0,stable
P2163__1.0__0___0,0,t_8_16,80.0,0.0,0.0,1.0,,0.7008573838888698,0.77182,0,0,stable
P2163__1.0__0___0,1,t_8_16,120.0,0.0,0.0,2.0,0.9899912435444848,0.7419715995877763,0.77182,0,0,stable
P2163__1.0__0___0,2,t_8_16,90.0,0.0,0.0,1.0,,0.80675824565477,0.77182,0,1,stable
P2163__1.0__0___0,3,t_8_16,99.0,0.25,0.0,2.0,0.9671493994738333,0.8203197982856382,0.77182,0,1,mild
P2163__1.0__0___0,5,t_8_16,84.0,0.25,0.0,2.0,0.9834932251637807,0.7799221340615531,0.77182,0,1,mild
P2163__1.0__0___0,6,t_8_16,78.0,0.0,0.0,2.0,0.9808202484507145,0.9295929756289915,0.77182,0,1,stable
P2163__1.0__0___0,7,t_8_16,78.0,0.0,0.0,2.0,0.8819292393625552,0.8329174589689508,0.77182,0,1,stable
P2163__1.0__0___0,8,t_8_16,91.0,0.0,0.0,3.0,0.891822408919733,0.7256320879120918,0.77182,0,0,stable
P2163__1.0__0___0,10,t_8_16,66.0,0.0,0.0,1.0,,0.8083250143457916,0.77182,0,1,stable
P2163__1.0__0___0,11,t_8_16,105.0,0.0,0.0,4.0,0.6607763598341627,0.7001963809523684,0.77182,0,0,stable
P2163__1.0__0___0,12,t_8_16,77.0,0.0,0.0,1.0,,0.7230389884870027,0.77182,0,0,stable
P2163__1.0__0___0,13,t_8_16,80.0,0.5,0.5,0.0,,0.6969971470255154,0.77182,0,0,mild
P2163__1.0__0___0,14,t_8_16,104.0,0.25,0.25,2.0,0.8510992943040425,0.564012852204671,0.77182,0,0,mild
P2163__1.0__0___0,15,t_8_16,143.0,0.0,0.0,2.0,0.9970770484536984,0.33172220140532394,0.77182,1,0,stable
P2163__1.0__0___0,16,t_8_16,120.0,0.0,0.0,2.0,0.9916530718735163,0.5250590249999946,0.77182,0,0,stable
P2163__1.0__0___0,18,t_8_16,80.0,0.0,0.0,2.0,0.8524395814549962,0.8321494687946442,0.77182,0,1,stable
P2163__1.0__0___0,19,t_8_16,80.0,0.25,0.25,1.0,,0.6170170435606308,0.77182,0,0,mild
P2163__1.0__0___0,20,t_8_16,88.0,0.0,0.0,3.0,0.8152413494945361,0.6646165086280431,0.77182,0,0,stable
P2163__1.0__0___0,21,t_8_16,88.0,0.25,0.25,1.0,,0.6532344306457647,0.77182,0,0,mild
P2163__1.0__0___0,23,t_8_16,70.0,0.5,0.25,4.0,0.7843298241026881,0.7971458579037666,0.77182,0,1,mild
P2163__1.0__0___0,25,t_8_16,88.0,0.0,0.0,1.0,,0.8583354519956906,0.77182,0,1,stable
P2163__1.0__0___0,26,t_8_16,77.0,0.0,0.0,2.0,0.9882151213081911,0.7065242469111864,0.77182,0,0,stable
P2163__1.0__0___0,27,t_8_16,88.0,0.5,0.25,2.0,0.7547119512739512,0.6474965811215969,0.77182,0,0,mild
P2163__1.0__0___0,28,t_8_16,77.0,0.0,0.0,1.0,,0.8658958199422786,0.77182,0,1,stable
P2203__1.0__670___600,0,t_8_16,220.0,0.0,0.0,3.0,0.9976394337006843,0.6616327867889935,0.82222,0,0,stable
P2203__1.0__670___600,1,t_8_16,252.0,0.0,0.0,3.0,0.9907301306688545,0.5704336844649066,0.82222,0,0,stable
P2205__1.0__0___1200,0,t_8_16,121.0,0.0,0.0,1.0,,0.791494235130753,0.80595,0,1,stable
P2205__1.0__0___1200,1,t_8_16,99.00067138671875,0.25,0.25,0.0,,0.32473364356086665,0.80595,1,0,mild
P2205__1.0__0___1200,2,t_8_16,72.0,0.0,0.0,0.0,,0.2996838732834455,0.80595,1,0,stable
P2205__1.0__0___1200,3,t_8_16,80.0,0.25,0.25,1.0,,0.8002885066334111,0.80595,0,1,mild
P2205__1.0__0___1200,4,t_8_16,80.0,0.0,0.0,1.0,,0.81348244190064,0.80595,0,1,stable
P2205__1.0__0___1200,5,t_8_16,87.99932861328125,0.0,0.0,1.0,0.9999899828921394,0.8652104999999978,0.80595,0,1,stable
P2205__1.0__0___1200,6,t_8_16,104.0,0.5,0.0,2.0,0.4052150203690164,0.5539538685449216,0.80595,0,0,mild
P2205__1.0__0___1200,7,t_8_16,88.0,0.0,0.0,1.0,,0.8051269446530549,0.80595,0,1,stable
P2205__1.0__0___1200,8,t_8_16,87.99993896484375,0.25,0.25,0.0,,0.8035658081294826,0.80595,0,1,mild
P2205__1.0__0___1200,9,t_8_16,99.00067138671875,0.0,0.0,1.0,0.42459932631658226,0.33220164642226896,0.80595,1,0,stable
P2205__1.0__0___1200,11,t_8_16,120.0,0.0,0.0,1.0,0.9407608508220576,0.584570513542207,0.80595,0,0,stable
P2205__1.0__0___1200,12,t_8_16,120.0,0.25,0.25,1.0,0.9180472520480161,0.5921315655523596,0.80595,0,0,mild
P2205__1.0__0___1200,13,t_8_16,110.0,0.25,0.25,1.0,0.9593877227481787,0.6696880800739843,0.80595,0,0,mild
P2205__1.0__0___1200,14,t_8_16,110.00067138671875,0.0,0.0,2.0,0.776529105987959,0.7980942230764673,0.80595,0,1,stable
P2205__1.0__0___1200,15,t_8_16,110.0,0.0,0.0,1.0,0.9901715757402939,0.7125006000000025,0.80595,0,0,stable
P2205__1.0__0___1200,16,t_8_16,81.0,0.25,0.25,1.0,,0.8702288333398469,0.80595,0,1,mild
P2205__1.0__0___1200,17,t_8_16,99.0,0.0,0.0,1.0,,0.8535997171717211,0.80595,0,1,stable
P2205__1.0__0___1200,18,t_8_16,132.0,0.5,0.0,2.0,0.5655119293644097,0.7138038122634286,0.80595,0,0,mild
P2205__1.0__0___1200,19,t_8_16,110.0,0.25,0.0,3.0,0.6729666772349241,0.7806396401540009,0.80595,0,1,mild
P2205__1.0__0___1200,20,t_8_16,90.0,0.25,0.25,1.0,0.5945473930102828,0.5657283431545749,0.80595,0,0,mild
P2205__1.0__0___1200,21,t_8_16,72.0,0.25,0.0,1.0,,0.7874217892383751,0.80595,0,1,mild
P2205__1.0__0___1200,22,t_8_16,90.0006103515625,0.5,0.5,2.0,0.38636971486512756,0.6321978780503756,0.80595,0,0,mild
P2205__1.0__0___1200,24,t_8_16,110.00067138671875,0.25,0.25,1.0,0.9999985122694351,0.7891685713257931,0.80595,0,1,mild
P2205__1.0__0___1200,25,t_8_16,110.0,0.0,0.0,2.0,0.9051909709844923,0.7935188744855759,0.80595,0,1,stable
P2205__1.0__0___1200,27,t_8_16,120.99932861328125,0.0,0.0,1.0,,0.5484667859937162,0.80595,0,0,stable
P2205__1.0__0___1200,28,t_8_16,80.99999141693115,0.0,0.0,0.0,,0.3219903000221752,0.80595,1,0,stable
P2205__1.0__0___1200,29,t_8_16,110.0,0.5,0.5,1.0,0.9993715245429142,0.5007366009522362,0.80595,0,0,mild
P2205__1.0__0___1200,30,t_8_16,110.0,0.5,0.0,2.0,0.7762327763632968,0.4956631117600551,0.80595,1,0,mild
P2205__1.0__0___1200,31,t_8_16,90.0,0.5,0.5,0.0,,0.49999803724740194,0.80595,1,0,mild
P2205__1.0__0___1200,32,t_8_16,110.0,0.25,0.25,2.0,0.9378979830529259,0.6967035090909064,0.80595,0,0,mild
P2205__1.0__0___1200,33,t_8_16,110.0,0.0,0.0,1.0,,0.08153240290106305,0.80595,1,0,stable
P2205__1.0__0___1200,34,t_8_16,120.000732421875,0.5,0.5,3.0,0.6121880556904277,0.0,0.80595,1,0,mild
P2205__1.0__0___1200,35,t_8_16,121.0,0.0,0.0,1.0,,0.6718747830527739,0.80595,0,0,stable
P2205__1.0__0___1200,36,t_8_16,110.0,0.0,0.0,1.0,,0.8259003999999969,0.80595,0,1,stable
P2205__1.0__0___1200,37,t_8_16,99.0006628035917,0.0,0.0,1.0,,0.7696739035411122,0.80595,0,1,stable
P2205__1.0__0___1200,38,t_8_16,90.0,0.25,0.25,2.0,0.9177222417719565,0.5833117860227114,0.80595,0,0,mild
P2205__1.0__0___1200,39,t_8_16,99.00000858306885,0.0,0.0,1.0,,0.7772710782543516,0.80595,0,1,stable
P2205__1.0__0___1200,40,t_8_16,110.00067138671875,0.0,0.0,1.0,,0.7725720372832517,0.80595,0,1,stable
P2205__1.0__0___1200,41,t_8_16,108.0,0.0,0.0,2.0,0.9285281596280607,0.8437124264251565,0.80595,0,1,stable
P2205__1.0__0___1200,42,t_8_16,90.0006103515625,0.25,0.25,0.0,,0.518263535614923,0.80595,0,0,mild
P2205__1.0__0___1200,43,t_8_16,81.0,0.0,0.0,1.0,,0.745613660263205,0.80595,0,0,stable
P2205__1.0__0___1200,44,t_8_16,72.00006103515625,0.0,0.0,2.0,0.9653603709138016,0.8269781150439399,0.80595,0,1,stable
P2205__1.0__0___1200,45,t_8_16,110.0,0.5,0.5,0.0,,0.504057818618337,0.80595,0,0,mild
P2205__1.0__0___1200,46,t_8_16,100.0,0.25,0.25,0.0,,0.6576911481160986,0.80595,0,0,mild
P2205__1.0__0___1200,47,t_8_16,81.0,0.0,0.0,1.0,,0.9235457437956743,0.80595,0,1,stable
P2205__1.0__0___1200,48,t_8_16,90.0,0.0,0.0,1.0,,0.4984191545885107,0.80595,1,0,stable
P2205__1.0__0___1200,49,t_8_16,90.0,0.0,0.0,1.0,,0.7243241155248467,0.80595,0,0,stable
P2205__1.0__0___1200,50,t_8_16,121.0,0.0,0.0,1.0,,0.7163825666986392,0.80595,0,0,stable
P2205__1.0__0___1200,51,t_8_16,110.00067138671875,0.0,0.0,2.0,0.4960390335094349,0.7124581530601491,0.80595,0,0,stable
P2205__1.0__0___1200,52,t_8_16,79.9998779296875,0.0,0.0,1.0,,0.1741053079478422,0.80595,1,0,stable
P2205__1.0__0___1200,53,t_8_16,110.00008392333984,0.0,0.0,2.0,0.962601302526937,0.9230126945294237,0.80595,0,1,stable
P2205__1.0__0___1200,54,t_8_16,120.0,0.25,0.0,2.0,0.8569671117007969,0.8307918028476672,0.80595,0,1,mild
P2205__1.0__0___1200,56,t_8_16,90.0,0.75,0.75,2.0,0.41066189760456445,0.0,0.80595,1,0,high
P2205__1.0__0___1200,57,t_8_16,156.0,0.0,0.0,2.0,0.9390025801568856,0.7037095505583888,0.80595,0,0,stable
P2205__1.0__0___1200,58,t_8_16,195.0,0.0,0.0,1.0,0.9998118483981102,0.7984693138516606,0.80595,0,1,stable
P2205__1.0__0___1200,59,t_8_16,223.99938964750618,0.0,0.0,2.0,0.8833968871220635,0.8314641964285733,0.80595,0,1,stable
P2205__1.0__0___1200,60,t_8_16,153.99978637695312,0.0,0.0,4.0,0.773059466304786,0.8671491787053407,0.80595,0,1,stable
P2205__1.0__0___1200,62,t_8_16,80.0,0.0,0.0,2.0,0.9394316602635756,0.8904292430828274,0.80595,0,1,stable
P2205__1.0__0___1200,63,t_8_16,72.0,0.0,0.0,1.0,,0.6512365915369664,0.80595,0,0,stable
P2205__1.0__0___1200,64,t_8_16,80.0,0.0,0.0,1.0,,0.6351128979163118,0.80595,0,0,stable
P2205__1.0__0___1200,65,t_8_16,81.00061798142269,0.0,0.0,1.0,,0.7157712281949936,0.80595,0,0,stable
P2205__1.0__0___1200,66,t_8_16,81.0,0.0,0.0,0.0,,0.4222874877646465,0.80595,1,0,stable
P2205__1.0__0___1200,67,t_8_16,90.0,0.25,0.25,1.0,0.998500774872232,0.3482117343325162,0.80595,1,0,mild
P2205__1.0__0___1200,68,t_8_16,81.00054931640625,0.0,0.0,1.0,,0.7484307654075232,0.80595,0,0,stable
P2205__1.0__0___1200,69,t_8_16,72.00048828125,0.0,0.0,0.0,,0.3281375044452217,0.80595,1,0,stable
P2205__1.0__0___1200,70,t_8_16,90.0006103515625,0.25,0.0,2.0,0.9951079947497763,0.7228612806443425,0.80595,0,0,mild
P2205__1.0__0___1200,71,t_8_16,90.0,0.0,0.0,1.0,0.9845044212628551,0.6636395104393237,0.80595,0,0,stable
P2205__1.0__0___1200,72,t_8_16,90.0,0.25,0.0,2.0,0.7414908391719796,0.8150855064471326,0.80595,0,1,mild
P2205__1.0__0___1200,73,t_8_16,81.0000171661377,0.5,0.5,0.0,,0.6807934489133357,0.80595,0,0,mild
P2205__1.0__0___1200,75,t_8_16,90.0,0.0,0.0,2.0,0.8557131557886094,0.7744007180584448,0.80595,0,1,stable
P2205__1.0__0___1200,76,t_8_16,120.000732421875,0.25,0.0,4.0,0.6608284603479676,0.746093155288862,0.80595,0,0,mild
P2205__1.0__0___1200,77,t_8_16,80.0,0.25,0.0,2.0,0.8630887915599679,0.6807426124714401,0.80595,0,0,mild
P2205__1.0__0___1200,78,t_8_16,100.0,0.0,0.0,3.0,0.9883396829339587,0.7780447800000032,0.80595,0,1,stable
P2205__1.0__0___1200,79,t_8_16,80.0,0.5,0.5,0.0,,0.5954024035130874,0.80595,0,0,mild
P2205__1.0__0___1200,80,t_8_16,64.0,0.25,0.25,1.0,,0.5291860771143103,0.80595,0,0,mild
P2205__1.0__0___1200,82,t_8_16,72.0,0.25,0.25,1.0,,0.7358224189066465,0.80595,0,0,mild
P2205__1.0__0___1200,83,t_8_16,80.0,0.0,0.0,1.0,,0.79982528407013,0.80595,0,1,stable
P2205__1.0__0___1200,84,t_8_16,108.0,0.0,0.0,2.0,0.9961020536919405,0.6418571012314254,0.80595,0,0,stable
P2205__1.0__0___1200,85,t_8_16,100.0,0.0,0.0,2.0,0.9522037384253135,0.7071330020034144,0.80595,0,0,stable
P2205__1.0__0___1200,86,t_8_16,143.0,0.25,0.0,3.0,0.7027158240937185,0.8180568466754456,0.80595,0,1,mild
P2205__1.0__0___1200,87,t_8_16,81.00054931640625,0.25,0.0,2.0,0.8955366265832272,0.8258565638009563,0.80595,0,1,mild
P2205__1.0__0___1200,88,t_8_16,70.0,0.0,0.0,1.0,0.9998376519942295,0.6481760883374256,0.80595,0,0,stable
P2205__1.0__0___1200,89,t_8_16,70.0,0.0,0.0,2.0,0.9967809812880583,0.7526611588785932,0.80595,0,1,stable
P2205__1.0__0___1200,90,t_8_16,72.0,0.25,0.25,1.0,0.9999569301176678,0.7174301079588827,0.80595,0,0,mild
P2205__1.0__0___1200,91,t_8_16,64.0,0.25,0.25,1.0,0.9922850645143811,0.6115070656756049,0.80595,0,0,mild
P2205__1.0__0___1200,92,t_8_16,64.0,0.25,0.25,1.0,0.9980781118017245,0.7424093073204838,0.80595,0,0,mild
P2205__1.0__0___1200,94,t_8_16,80.0,0.25,0.0,2.0,0.07490820744543873,0.7158510987609955,0.80595,0,0,mild
P2205__1.0__0___1200,95,t_8_16,90.0,0.0,0.0,1.0,,0.8537841408477772,0.80595,0,1,stable
P2205__1.0__0___1200,96,t_8_16,130.0,0.0,0.0,2.0,0.8668041218869137,0.7403177961003609,0.80595,0,0,stable
P2205__1.0__0___1200,97,t_8_16,99.0,0.0,0.0,1.0,,0.8911801203830588,0.80595,0,1,stable
P2205__1.0__0___1200,98,t_8_16,99.00067138671875,0.0,0.0,1.0,,0.8296255850073984,0.80595,0,1,stable
P2205__1.0__0___1200,100,t_8_16,108.0,0.0,0.0,1.0,0.9993810508260071,0.8043669744152575,0.80595,0,1,stable
P2205__1.0__0___1200,102,t_8_16,90.0,0.0,0.0,2.0,0.8956206610289954,0.7076869202847924,0.80595,0,0,stable
P2205__1.0__0___1200,103,t_8_16,81.0,0.25,0.25,1.0,,0.6086702830043969,0.80595,0,0,mild
P2205__1.0__0___1200,104,t_8_16,99.0,0.0,0.0,1.0,,0.7448363746586163,0.80595,0,0,stable
P2205__1.0__0___1200,105,t_8_16,99.0,0.25,0.25,2.0,0.6904547251221091,0.7919538695846501,0.80595,0,1,mild
P2205__1.0__0___1200,106,t_8_16,64.0,0.25,0.25,0.0,,0.48070354388654146,0.80595,1,0,mild
P2205__1.0__0___1200,107,t_8_16,233.99972534179688,0.0,0.0,4.0,0.9451918934997848,0.9150318101485597,0.80595,0,1,stable
P2205__1.0__0___1200,108,t_8_16,90.0006103515625,0.0,0.0,1.0,,0.6694585641930189,0.80595,0,0,stable
P2205__1.0__0___1200,109,t_8_16,72.0,0.25,0.0,1.0,,0.5676193224625702,0.80595,0,0,mild
P2205__1.0__0___1200,111,t_8_16,136.0,0.0,0.0,2.0,0.9802958837709979,0.8349144318129359,0.80595,0,1,stable
P2205__1.0__0___1200,112,t_8_16,78.0,0.25,0.0,3.0,0.8117377392913835,0.48379626373574447,0.80595,1,0,mild
P2205__1.0__0___1200,113,t_8_16,144.0,0.0,0.0,3.0,0.987508541595992,0.6474286654220859,0.80595,0,0,stable
P2205__1.0__0___1200,114,t_8_16,216.0,0.0,0.0,4.0,0.9528914434269597,0.0,0.80595,1,0,stable
P2205__1.0__0___1200,115,t_8_16,240.0,0.5,0.25,4.0,0.05563227421886548,0.0,0.80595,1,0,mild
P2205__1.0__0___1200,118,t_8_16,77.0,0.75,0.75,3.0,0.10164482378398115,0.6917589291364235,0.80595,0,0,high
P2205__1.0__0___1200,119,t_8_16,77.0,0.0,0.0,1.0,0.9999898151927348,0.683819107678851,0.80595,0,0,stable
P2205__1.0__0___1200,120,t_8_16,66.0,0.0,0.0,1.0,0.9999190073737007,0.7102032322832419,0.80595,0,0,stable
P2205__1.0__0___1200,123,t_8_16,80.0,0.0,0.0,0.0,,0.25720638138352264,0.80595,1,0,stable
P2205__1.0__0___1200,124,t_8_16,77.0,0.0,0.0,3.0,0.7306143955774037,0.7196794887128803,0.80595,0,0,stable
P2205__1.0__0___1200,125,t_8_16,70.0,0.25,0.25,1.0,0.9993446359260351,0.2793965151138469,0.80595,1,0,mild
P2205__1.0__0___1200,126,t_8_16,80.00003051757812,0.0,0.0,1.0,,0.6822052132947197,0.80595,0,0,stable
P2205__1.0__0___1200,127,t_8_16,84.0,0.0,0.0,3.0,0.8247486609053302,0.8391921601205359,0.80595,0,1,stable
P2205__1.0__0___1200,129,t_8_16,99.0,0.25,0.0,2.0,0.4977116177584238,0.9125610943469614,0.80595,0,1,mild
P2205__1.0__0___1200,130,t_8_16,81.0,0.25,0.25,1.0,0.9952344365827208,0.8332782744488564,0.80595,0,1,mild
P2205__1.0__0___1200,131,t_8_16,72.0,0.0,0.0,1.0,,0.5128908634713923,0.80595,0,0,stable
P2205__1.0__0___1200,132,t_8_16,108.0,0.0,0.0,1.0,,0.7467284069439464,0.80595,0,0,stable
P2205__1.0__0___1200,134,t_8_16,80.0,0.25,0.25,0.0,,0.7201698826786223,0.80595,0,0,mild
P2205__1.0__0___1200,135,t_8_16,110.0,0.0,0.0,1.0,,0.7868496323150446,0.80595,0,1,stable
P2205__1.0__0___1200,136,t_8_16,90.0,0.0,0.0,1.0,,0.8209973190720572,0.80595,0,1,stable
P2205__1.0__0___1200,137,t_8_16,81.0,0.0,0.0,1.0,,0.8746482748288394,0.80595,0,1,stable
P2205__1.0__0___1200,138,t_8_16,90.0,0.0,0.0,0.0,,0.25468574496070434,0.80595,1,0,stable
P2205__1.0__0___1200,139,t_8_16,90.0,0.0,0.0,1.0,0.9999999984470195,0.22308081572188534,0.80595,1,0,stable
P2205__1.0__0___1200,140,t_8_16,72.0,0.5,0.5,2.0,0.9144409054378833,0.708299695153429,0.80595,0,0,mild
P2205__1.0__0___1200,141,t_8_16,72.0,0.0,0.0,1.0,,0.606382425331563,0.80595,0,0,stable
P2205__1.0__0___1200,142,t_8_16,90.0,0.25,0.25,0.0,,0.8501754980041453,0.80595,0,1,mild
P2205__1.0__0___1200,143,t_8_16,70.0,0.5,0.0,2.0,0.8166628537900125,0.5620070566710396,0.80595,0,0,mild
P2205__1.0__0___1200,144,t_8_16,80.0,0.0,0.0,1.0,0.9930397631802615,0.734648675513893,0.80595,0,0,stable
P2205__1.0__0___1200,145,t_8_16,77.0,0.0,0.0,1.0,0.998920540009088,0.8129314442595715,0.80595,0,1,stable
P2205__1.0__0___1200,146,t_8_16,72.0,0.0,0.0,1.0,,0.2784013687251089,0.80595,1,0,stable
P2205__1.0__0___1200,147,t_8_16,64.0,0.25,0.25,1.0,,0.5796609970686631,0.80595,0,0,mild
P2205__1.0__0___1200,148,t_8_16,72.0,0.25,0.25,1.0,,0.8201835404801601,0.80595,0,1,mild
P2205__1.0__0___1200,149,t_8_16,64.0,0.0,0.0,2.0,0.9588325745953488,0.650897849886153,0.80595,0,0,stable
P2205__1.0__0___1200,150,t_8_16,90.0,0.5,0.5,1.0,0.9945253869174793,0.5843241761748175,0.80595,0,0,mild
P2205__1.0__0___1200,152,t_8_16,90.0,0.75,0.75,1.0,,0.5719241842249588,0.80595,0,0,high
P2205__1.0__0___1200,153,t_8_16,120.0,0.0,0.0,3.0,0.9794836020240776,0.837863064118994,0.80595,0,1,stable
P2205__1.0__0___1200,154,t_8_16,72.0,0.25,0.25,1.0,0.9879728088822162,0.32123749452315764,0.80595,1,0,mild
P2205__1.0__0___1200,155,t_8_16,72.0,0.25,0.0,1.0,,0.6128252883362056,0.80595,0,0,mild
P2205__1.0__0___1200,156,t_8_16,70.0,0.0,0.0,2.0,0.9754606609613167,0.5656527032893822,0.80595,0,0,stable
P2205__1.0__0___1200,157,t_8_16,90.0,0.0,0.0,1.0,,0.6845776859322427,0.80595,0,0,stable
P2205__1.0__0___1200,158,t_8_16,90.0,0.0,0.0,0.0,,0.30239334679958113,0.80595,1,0,stable
P2205__1.0__0___1200,159,t_8_16,80.0,0.25,0.0,1.0,,0.7470438173837217,0.80595,0,0,mild
P2205__1.0__0___1200,160,t_8_16,80.0,0.5,0.25,2.0,0.9989397059709054,0.7435745616968537,0.80595,0,0,mild
P2205__1.0__0___1200,161,t_8_16,99.0,0.25,0.25,2.0,0.8088226890281853,0.7387976354090844,0.80595,0,0,mild
P2205__1.0__0___1200,162,t_8_16,70.0,0.5,0.0,2.0,0.5995789369893447,0.1838157600809132,0.80595,1,0,mild
P2205__1.0__0___1200,163,t_8_16,88.0,0.25,0.0,2.0,0.787642239195297,0.5817503781857772,0.80595,0,0,mild
P2205__1.0__0___1200,165,t_8_16,70.0,0.25,0.25,0.0,,0.33640323771810554,0.80595,1,0,mild
P2205__1.0__0___1200,166,t_8_16,72.0,0.25,0.25,1.0,,0.7782271246784055,0.80595,0,1,mild
P2205__1.0__0___1200,167,t_8_16,80.0,0.0,0.0,1.0,,0.21877014492167815,0.80595,1,0,stable
P2205__1.0__0___1200,168,t_8_16,81.0,0.0,0.0,1.0,,0.746127397641652,0.80595,0,0,stable
P2205__1.0__0___1200,169,t_8_16,90.0,0.0,0.0,1.0,,0.7591344126679016,0.80595,0,1,stable
P2205__1.0__0___1200,171,t_8_16,100.0,0.5,0.25,2.0,0.7177686030532351,0.548506128592818,0.80595,0,0,mild
P2205__1.0__0___1200,172,t_8_16,80.0,0.25,0.25,0.0,,0.23993778636061336,0.80595,1,0,mild
P2205__1.0__0___1200,173,t_8_16,72.0,0.0,0.0,1.0,,0.547789686437488,0.80595,0,0,stable
P2205__1.0__0___1200,175,t_8_16,90.0,0.5,0.5,1.0,0.9960945925756797,0.8154352834771975,0.80595,0,1,mild
P2205__1.0__0___1200,176,t_8_16,72.0,0.25,0.25,0.0,,0.8735060519999363,0.80595,0,1,mild
P2205__1.0__0___1200,177,t_8_16,72.0,0.25,0.25,1.0,0.9935610742469958,0.6839422917045276,0.80595,0,0,mild
P2205__1.0__0___1200,178,t_8_16,81.0,0.5,0.5,2.0,0.24083396243646393,0.6603762538754522,0.80595,0,0,mild
P2205__1.0__0___1200,179,t_8_16,72.0,0.25,0.25,0.0,,0.45068099930421707,0.80595,1,0,mild
P2205__1.0__0___1200,180,t_8_16,88.0,0.0,0.0,0.0,,0.7297907251031325,0.80595,0,0,stable
P2205__1.0__0___1200,181,t_8_16,64.0,0.25,0.25,0.0,,0.25873744455057024,0.80595,1,0,mild
P2205__1.0__0___1200,182,t_8_16,72.0,0.25,0.25,2.0,0.705653601970308,0.8765882733447247,0.80595,0,1,mild
P2205__1.0__0___1200,185,t_8_16,70.0,0.0,0.0,1.0,0.9991822371121389,0.2883358340519953,0.80595,1,0,stable
P2205__1.0__0___1200,186,t_8_16,88.0,0.25,0.0,2.0,0.555540890946691,0.812450375344368,0.80595,0,1,mild
P2205__1.0__0___1200,187,t_8_16,99.0,0.25,0.25,0.0,,0.9074472144972261,0.80595,0,1,mild
P2205__1.0__0___1200,188,t_8_16,99.0,0.0,0.0,1.0,,0.8704471451212418,0.80595,0,1,stable
P2205__1.0__0___1200,189,t_8_16,64.0,0.5,0.5,1.0,,0.5315177923993417,0.80595,0,0,mild
P2205__1.0__0___1200,190,t_8_16,80.0,0.5,0.25,1.0,0.39229180881153536,0.4900727570948496,0.80595,1,0,mild
P2205__1.0__0___1200,192,t_8_16,72.0,0.0,0.0,1.0,,0.7355345529190732,0.80595,0,0,stable
P2205__1.0__0___1200,193,t_8_16,90.0,0.25,0.25,2.0,0.871605326706083,0.8826499972766741,0.80595,0,1,mild
P2205__1.0__0___1200,194,t_8_16,64.0,0.0,0.0,1.0,,0.6620111492975677,0.80595,0,0,stable
P2205__1.0__0___1200,195,t_8_16,72.0,0.25,0.25,0.0,,0.7137963732803134,0.80595,0,0,mild
P2205__1.0__0___1200,196,t_8_16,80.0,0.0,0.0,2.0,0.8128550957180868,0.6513143991629732,0.80595,0,0,stable
P2205__1.0__0___1200,197,t_8_16,90.0,0.0,0.0,2.0,0.9834549991044503,0.9092421342654889,0.80595,0,1,stable
P2205__1.0__0___1200,198,t_8_16,81.0,0.0,0.0,2.0,0.9721303319479937,0.5999745926089765,0.80595,0,0,stable
P2205__1.0__0___1200,199,t_8_16,90.0,0.25,0.25,1.0,,0.8067458167474645,0.80595,0,1,mild
P2205__1.0__0___1200,200,t_8_16,72.0,0.0,0.0,2.0,0.8837908507142925,0.895329569260053,0.80595,0,1,stable
P2205__1.0__0___1200,202,t_8_16,72.0,0.0,0.0,2.0,0.9179194497746906,0.720235279678507,0.80595,0,0,stable
P2205__1.0__0___1200,204,t_8_16,70.0,0.25,0.0,1.0,0.99838924779686,0.39135808638082287,0.80595,1,0,mild
P2205__1.0__0___1200,205,t_8_16,100.0,0.0,0.0,1.0,,0.64441036726576,0.80595,0,0,stable
P2205__1.0__0___1200,206,t_8_16,88.0,0.5,0.25,1.0,,0.7255213967441986,0.80595,0,0,mild
P2205__1.0__0___1200,208,t_8_16,80.0,0.5,0.5,2.0,0.004455696768513718,0.7820268034238131,0.80595,0,1,mild
P2205__1.0__0___1200,210,t_8_16,87.99966430664062,0.0,0.0,3.0,0.9895613855707605,0.8375772590817526,0.80595,0,1,stable
P2205__1.0__0___1200,211,t_8_16,99.00033569335938,0.0,0.0,1.0,,0.8918837617758897,0.80595,0,1,stable
P2205__1.0__0___1200,212,t_8_16,80.0,0.25,0.25,0.0,,0.8082207313492304,0.80595,0,1,mild
P2205__1.0__0___1200,214,t_8_16,99.0,0.0,0.0,1.0,,0.7961765443550789,0.80595,0,1,stable
P2205__1.0__0___1200,215,t_8_16,100.0,0.25,0.25,2.0,0.5125691274131828,0.8501108634095657,0.80595,0,1,mild
P2205__1.0__0___1200,217,t_8_16,80.0,0.25,0.25,1.0,0.9999999999727024,0.7876048913674168,0.80595,0,1,mild
P2205__1.0__0___1200,218,t_8_16,72.0,0.0,0.0,1.0,,0.811175923930561,0.80595,0,1,stable
P2205__1.0__0___1200,219,t_8_16,81.0,0.25,0.25,1.0,,0.45739800320837093,0.80595,1,0,mild
P2205__1.0__0___1200,220,t_8_16,72.0,0.25,0.0,1.0,,0.6580541094740862,0.80595,0,0,mild
P2205__1.0__0___1200,221,t_8_16,80.0,0.5,0.5,1.0,,0.7372999752287057,0.80595,0,0,mild
P2205__1.0__0___1200,222,t_8_16,80.0,0.0,0.0,1.0,0.9892379880561414,0.5526519732722263,0.80595,0,0,stable
P2205__1.0__0___1200,223,t_8_16,90.0,0.25,0.0,3.0,0.847747947424294,0.7738295652835518,0.80595,0,1,mild
P2205__1.0__0___1200,224,t_8_16,87.99966430664062,0.0,0.0,2.0,0.9965666664053217,0.7971437985957159,0.80595,0,1,stable
P2205__1.0__0___1200,225,t_8_16,80.0,0.0,0.0,1.0,,0.8829117139274224,0.80595,0,1,stable
P2205__1.0__0___1200,226,t_8_16,117.0,0.0,0.0,2.0,0.9650614003542557,0.7981424194571052,0.80595,0,1,stable
P2205__1.0__0___1200,227,t_8_16,99.0,0.0,0.0,1.0,,0.8519623962763357,0.80595,0,1,stable
P2205__1.0__0___1200,228,t_8_16,99.0,0.0,0.0,2.0,0.96822435403475,0.8562088865116055,0.80595,0,1,stable
P2205__1.0__0___1200,229,t_8_16,99.0,0.0,0.0,2.0,0.9761202331920898,0.763610556066323,0.80595,0,1,stable
P2205__1.0__0___1200,230,t_8_16,80.0,0.5,0.0,2.0,0.6752711917799025,0.4431943826615044,0.80595,1,0,mild
P2205__1.0__0___1200,232,t_8_16,72.0,0.0,0.0,1.0,,0.7967535123190317,0.80595,0,1,stable
P2205__1.0__0___1200,233,t_8_16,80.0,0.0,0.0,2.0,0.8068221892748719,0.6350594234336427,0.80595,0,0,stable
P2205__1.0__0___1200,234,t_8_16,90.0,0.25,0.25,1.0,,0.645568704355242,0.80595,0,0,mild
P2205__1.0__0___1200,235,t_8_16,88.0,0.0,0.0,1.0,,0.7264070795454572,0.80595,0,0,stable
P2205__1.0__0___1200,236,t_8_16,80.0,0.25,0.0,2.0,0.872838120691262,0.7888966893240427,0.80595,0,1,mild
P2205__1.0__0___1200,237,t_8_16,72.0,0.25,0.0,1.0,,0.820248215912953,0.80595,0,1,mild
P2205__1.0__0___1200,238,t_8_16,90.0,0.0,0.0,2.0,0.9489392855967458,0.7999003059738851,0.80595,0,1,stable
P2205__1.0__0___1200,239,t_8_16,77.0,0.25,0.0,3.0,0.9094972857646487,0.5535283132388953,0.80595,0,0,mild
P2205__1.0__0___1200,240,t_8_16,72.0,0.25,0.25,2.0,0.6882599797303345,0.8150426997474386,0.80595,0,1,mild
P2205__1.0__0___1200,241,t_8_16,80.0,0.0,0.0,1.0,,0.7035268681751412,0.80595,0,0,stable
P2205__1.0__0___1200,242,t_8_16,72.0,0.0,0.0,1.0,,0.7766375767354331,0.80595,0,1,stable
P2205__1.0__0___1200,243,t_8_16,70.00030517578125,0.25,0.0,5.0,0.8096848906496878,0.7574715177363811,0.80595,0,1,mild
P2205__1.0__0___1200,244,t_8_16,77.0,0.0,0.0,1.0,,0.6543285444444858,0.80595,0,0,stable
P2205__1.0__0___1200,245,t_8_16,90.0,0.0,0.0,1.0,,0.8174335203520631,0.80595,0,1,stable
P2205__1.0__0___1200,246,t_8_16,72.0,0.25,0.25,1.0,,0.689790917708375,0.80595,0,0,mild
P2205__1.0__0___1200,247,t_8_16,80.0,0.0,0.0,1.0,,0.0,0.80595,1,0,stable
P2205__1.0__0___1200,249,t_8_16,90.0,0.25,0.0,1.0,,0.784723976840322,0.80595,0,1,mild
P2205__1.0__0___1200,250,t_8_16,90.0,0.0,0.0,1.0,,0.6040214554769155,0.80595,0,0,stable
P2205__1.0__0___1200,251,t_8_16,81.0,0.5,0.5,1.0,,0.8178617516231779,0.80595,0,1,mild
P2205__1.0__0___1200,252,t_8_16,81.0,0.0,0.0,1.0,,0.7749867771710905,0.80595,0,1,stable
P2205__1.0__0___1200,253,t_8_16,80.0,0.5,0.5,2.0,0.9997477457693326,0.6452364824392869,0.80595,0,0,mild
P2205__1.0__0___1200,255,t_8_16,90.0,0.25,0.25,1.0,0.5532486843205726,0.4758593930087,0.80595,1,0,mild
P2205__1.0__0___1200,256,t_8_16,72.0,0.25,0.25,1.0,0.9994424668173485,0.2939191080593136,0.80595,1,0,mild
P2205__1.0__0___1200,257,t_8_16,72.0,0.0,0.0,1.0,,0.7702278934244651,0.80595,0,1,stable
P2205__1.0__0___1200,258,t_8_16,80.0,0.25,0.25,1.0,0.9995427354641498,0.6707101526134847,0.80595,0,0,mild
P2205__1.0__0___1200,259,t_8_16,80.0,0.0,0.0,1.0,,0.7541359581258672,0.80595,0,1,stable
P2205__1.0__0___1200,260,t_8_16,90.0,0.25,0.25,2.0,0.44362643723873774,0.8092861111111159,0.80595,0,1,mild
P2205__1.0__0___1200,262,t_8_16,100.0,0.5,0.5,1.0,0.5673201203851461,0.2220181206118367,0.80595,1,0,mild
P2205__1.0__0___1200,263,t_8_16,70.0,0.25,0.0,2.0,0.7733639818302283,0.7543100160444672,0.80595,0,1,mild
P2205__1.0__0___1200,264,t_8_16,80.0,0.0,0.0,1.0,,0.6721894708881205,0.80595,0,0,stable
P2205__1.0__0___1200,265,t_8_16,72.0,0.25,0.25,0.0,,0.451140591643202,0.80595,1,0,mild
P2205__1.0__0___1200,266,t_8_16,80.0,0.0,0.0,1.0,,0.8679686523453918,0.80595,0,1,stable
P2205__1.0__0___1200,267,t_8_16,90.0,0.5,0.25,2.0,0.7937720026969277,0.914069867651071,0.80595,0,1,mild
P2205__1.0__0___1200,268,t_8_16,81.0,0.0,0.0,1.0,0.9998070460621353,0.8633815190687838,0.80595,0,1,stable
P2205__1.0__0___1200,269,t_8_16,72.0,0.0,0.0,1.0,0.9983684435745273,0.6613031454200555,0.80595,0,0,stable
P2205__1.0__0___1200,270,t_8_16,90.0,0.25,0.25,1.0,0.9992936505527502,0.7590586684348046,0.80595,0,1,mild
P2205__1.0__0___1200,271,t_8_16,90.0,0.0,0.0,1.0,0.9987285302740541,0.6898015344225242,0.80595,0,0,stable
P2205__1.0__0___1200,272,t_8_16,72.0,0.5,0.5,0.0,,0.6445451066261371,0.80595,0,0,mild
P2205__1.0__0___1200,273,t_8_16,90.00030517578125,0.5,0.5,1.0,,0.5942961881853399,0.80595,0,0,mild
P2205__1.0__0___1200,274,t_8_16,90.0,0.25,0.0,2.0,0.9485241203622079,0.813388976770229,0.80595,0,1,mild
P2205__1.0__0___1200,275,t_8_16,99.0,0.0,0.0,1.0,,0.8237376231508762,0.80595,0,1,stable
P2205__1.0__0___1200,277,t_8_16,72.0,0.0,0.0,0.0,,0.3662164586337761,0.80595,1,0,stable
P2205__1.0__0___1200,278,t_8_16,72.0,0.0,0.0,1.0,,0.7536490558395921,0.80595,0,1,stable
P2205__1.0__0___1200,279,t_8_16,80.0,0.25,0.25,1.0,0.9993810747959606,0.6240646004997945,0.80595,0,0,mild
P2205__1.0__0___1200,280,t_8_16,72.0,0.25,0.25,1.0,,0.7863023745940323,0.80595,0,1,mild
P2205__1.0__0___1200,281,t_8_16,80.0,0.0,0.0,1.0,,0.33199144650519846,0.80595,1,0,stable
P2205__1.0__0___1200,282,t_8_16,80.0,0.75,0.75,0.0,,0.6527401798689373,0.80595,0,0,high
P2205__1.0__0___1200,283,t_8_16,81.0,0.0,0.0,2.0,0.804110046419932,0.2183836474456338,0.80595,1,0,stable
P2205__1.0__0___1200,284,t_8_16,99.00033569335938,0.25,0.25,1.0,0.988234130848236,0.747555616035601,0.80595,0,0,mild
P2205__1.0__0___1200,285,t_8_16,100.0,0.0,0.0,1.0,,0.7136150358352336,0.80595,0,0,stable
P2205__1.0__0___1200,286,t_8_16,90.0,0.0,0.0,1.0,,0.7363033228154543,0.80595,0,0,stable
P2205__1.0__0___1200,287,t_8_16,168.0,0.0,0.0,1.0,,0.7161410209678765,0.80595,0,0,stable
P2240__1.0__0___797,0,t_8_16,200.001220703125,0.0,0.0,3.0,0.9929216543170901,0.782726410000001,0.84776,0,1,stable
P2240__1.0__0___797,1,t_8_16,176.0,0.0,0.0,3.0,0.9992546401616849,0.6938020533860181,0.84776,0,0,stable
P2240__1.0__0___797,2,t_8_16,171.0,0.0,0.0,2.0,0.9996443195224645,0.7818080512297572,0.84776,0,1,stable
P2240__1.0__0___797,3,t_8_16,189.0,0.0,0.0,3.0,0.998977108685811,0.8595242512351446,0.84776,0,1,stable
P2240__1.0__0___797,4,t_8_16,210.0,0.0,0.0,4.0,0.9975463867791549,0.9286863273494328,0.84776,0,1,stable
P2240__1.0__0___797,5,t_8_16,180.0010986328125,0.0,0.0,4.0,0.9992500158378244,0.8116307491483863,0.84776,0,1,stable
P2240__1.0__0___797,6,t_8_16,153.0,0.0,0.0,2.0,0.9977000293681755,0.8977325651754465,0.84776,0,1,stable
P2240__1.0__0___797,7,t_8_16,207.0,0.25,0.0,3.0,0.9981445415997907,0.7163672862708161,0.84776,0,0,mild
P2240__1.0__0___797,8,t_8_16,210.0,0.0,0.0,4.0,0.9988457197104593,0.8658677180584723,0.84776,0,1,stable
P2240__1.0__0___797,9,t_8_16,171.0,0.25,0.0,3.0,0.9970556630303951,0.9191340933382607,0.84776,0,1,mild
P2240__1.0__0___797,10,t_8_16,180.0,0.0,0.0,3.0,0.9994690190437145,0.8492008025562936,0.84776,0,1,stable
P2240__1.0__0___797,11,t_8_16,144.0,0.0,0.0,2.0,0.9891261951527562,0.6870452382650193,0.84776,0,0,stable
P2240__1.0__0___797,12,t_8_16,128.0,0.0,0.0,3.0,0.9973570384911852,0.6835045594132814,0.84776,0,0,stable
P2240__1.0__0___797,13,t_8_16,168.0,0.0,0.0,3.0,0.9975440296114688,0.8073077082361169,0.84776,0,1,stable
P2240__1.0__0___797,14,t_8_16,179.99972534179688,0.0,0.0,3.0,0.999323078058499,0.8818514578410387,0.84776,0,1,stable
P2240__1.0__0___797,15,t_8_16,171.0,0.0,0.0,4.0,0.9784877417950698,0.8205135025407632,0.84776,0,1,stable
P2240__1.0__0___797,16,t_8_16,200.0,0.0,0.0,2.0,0.9986491851524262,0.7652826922583558,0.84776,0,1,stable
P2240__1.0__0___797,17,t_8_16,199.99969482421875,0.0,0.0,4.0,0.980886655148665,0.8155385592996115,0.84776,0,1,stable
P2240__1.0__0___797,18,t_8_16,162.0,0.25,0.0,3.0,0.9687786240572543,0.591601987049361,0.84776,0,0,mild
P2240__1.0__0___797,19,t_8_16,144.0001220703125,0.0,0.0,3.0,0.9705247260495206,0.8184094384881472,0.84776,0,1,stable
P2240__1.0__0___797,20,t_8_16,170.0,0.25,0.0,4.0,0.8394628761445819,0.8602109045424177,0.84776,0,1,mild
P2240__1.0__0___797,21,t_8_16,176.0,0.0,0.0,4.0,0.998347552617255,0.8323644462708377,0.84776,0,1,stable
P2240__1.0__0___797,22,t_8_16,189.0,0.0,0.0,2.0,0.9981087840930802,0.8491249287170786,0.84776,0,1,stable
P2240__1.0__0___797,23,t_8_16,144.0,0.0,0.0,2.0,0.9990260757479532,0.8696715220215685,0.84776,0,1,stable
P2240__1.0__0___797,24,t_8_16,208.99884033203125,0.0,0.0,3.0,0.9961633169250915,0.7096571819227601,0.84776,0,0,stable
P2240__1.0__0___797,25,t_8_16,144.0,0.0,0.0,2.0,0.9979085268576046,0.8181921616681224,0.84776,0,1,stable
P2240__1.0__0___797,26,t_8_16,225.0,0.0,0.0,3.0,0.9996170954229516,0.7924734852721144,0.84776,0,1,stable
P2240__1.0__0___797,27,t_8_16,210.0,0.0,0.0,3.0,0.9961790196155187,0.8296686156408146,0.84776,0,1,stable
P2240__1.0__0___797,28,t_8_16,190.0,0.0,0.0,3.0,0.9957674919032016,0.8592741241593623,0.84776,0,1,stable
P2240__1.0__0___797,29,t_8_16,210.0,0.25,0.25,3.0,0.9618540433712597,0.8051552699994742,0.84776,0,1,mild
P2240__1.0__0___797,30,t_8_16,153.0,0.25,0.0,2.0,0.9957644744302941,0.854694103411254,0.84776,0,1,mild
P2240__1.0__0___797,31,t_8_16,153.0,0.0,0.0,3.0,0.9587428471653805,0.8795521288484591,0.84776,0,1,stable
P2240__1.0__0___797,32,t_8_16,140.0,0.0,0.0,3.0,0.9871341597657138,0.6979392792602475,0.84776,0,0,stable
P2240__1.0__0___797,33,t_8_16,187.0,0.0,0.0,3.0,0.9864090184492048,0.8190668216695549,0.84776,0,1,stable
P2240__1.0__0___797,34,t_8_16,133.0,0.0,0.0,5.0,0.9952318883695932,0.7666557322306946,0.84776,0,1,stable
P2240__1.0__0___797,35,t_8_16,231.0,0.0,0.0,3.0,0.993788355473678,0.8148409696969664,0.84776,0,1,stable
P2240__1.0__0___797,36,t_8_16,231.0,0.25,0.0,4.0,0.8766052346797794,0.8070070230390455,0.84776,0,1,mild
P2240__1.0__0___797,37,t_8_16,168.0,0.0,0.0,2.0,0.9965978313149098,0.8191194340925181,0.84776,0,1,stable
P2240__1.0__0___797,38,t_8_16,190.00115966796875,0.0,0.0,3.0,0.997581484419147,0.8629155361998267,0.84776,0,1,stable
P2240__1.0__0___797,39,t_8_16,189.0,0.25,0.0,3.0,0.9867274707255909,0.8927246000237977,0.84776,0,1,mild
P2240__1.0__0___797,40,t_8_16,171.0,0.25,0.0,2.0,0.9939794543300879,0.8857253824150579,0.84776,0,1,mild
P2240__1.0__0___797,41,t_8_16,198.00106811337173,0.0,0.0,4.0,0.9873347234306163,0.8931058745817696,0.84776,0,1,stable
P2240__1.0__0___797,42,t_8_16,159.999755859375,0.0,0.0,3.0,0.9981593284430672,0.8552715259960844,0.84776,0,1,stable
P2240__1.0__0___797,43,t_8_16,143.999755859375,0.0,0.0,3.0,0.9994126569493867,0.8586250153602122,0.84776,0,1,stable
P2240__1.0__0___797,44,t_8_16,180.0,0.25,0.0,4.0,0.9762003378424412,0.8542875666666712,0.84776,0,1,mild
P2240__1.0__0___797,45,t_8_16,190.0,0.0,0.0,3.0,0.997214307820055,0.8630385526315807,0.84776,0,1,stable
P2240__1.0__0___797,46,t_8_16,231.0,0.0,0.0,3.0,0.9978514798973498,0.8118808534989556,0.84776,0,1,stable
P2240__1.0__0___797,47,t_8_16,168.0,0.25,0.25,3.0,0.9963196072504269,0.721797904432387,0.84776,0,0,mild
P2240__1.0__0___797,48,t_8_16,228.0,0.0,0.0,2.0,0.9986855863696061,0.8820611062649774,0.84776,0,1,stable
P2240__1.0__0___797,49,t_8_16,119.0,0.0,0.0,5.0,0.38879044270733604,0.7879333633498434,0.84776,0,1,stable
P2240__1.0__0___797,50,t_8_16,200.0,0.0,0.0,3.0,0.9995712944505684,0.9439066463126411,0.84776,0,1,stable
P2240__1.0__0___797,51,t_8_16,180.0,0.0,0.0,2.0,0.9993407421213317,0.8536552201389036,0.84776,0,1,stable
P2240__1.0__0___797,52,s_16_32,264.0,0.0,0.0,3.0,0.9986786837983292,0.7296473409090932,0.84776,0,0,stable
P2240__1.0__0___797,53,t_8_16,162.0,0.25,0.0,3.0,0.9812946136680423,0.936152877093373,0.84776,0,1,mild
P2240__1.0__0___797,54,t_8_16,216.0,0.0,0.0,2.0,0.9992233133856814,0.8053824961446305,0.84776,0,1,stable
P2240__1.0__0___797,56,t_8_16,195.99994659423828,0.0,0.0,5.0,0.9783626081959167,0.9207209315946117,0.84776,0,1,stable
P2271__1.0__2400___1800,0,t_8_16,81.0000171661377,0.25,0.25,1.0,,0.6589323565367416,0.68785,0,0,mild
P2271__1.0__2400___1800,12,t_8_16,77.0,0.0,0.0,1.0,,0.645432103896112,0.68785,0,0,stable
P2271__1.0__2400___1800,15,t_8_16,90.00001907348633,0.0,0.0,2.0,0.764552626388794,0.752839822222218,0.68785,0,1,stable
P2271__1.0__2400___1800,16,t_8_16,81.0,0.0,0.0,1.0,,0.7032094712744255,0.68785,0,0,stable
P2271__1.0__2400___1800,17,t_8_16,110.0,0.25,0.0,2.0,0.6254790814057294,0.8100137611040552,0.68785,0,1,mild
P2271__1.0__2400___1800,18,t_8_16,81.0,0.25,0.0,2.0,0.8071599362556245,0.897654050216242,0.68785,0,1,mild
P2271__1.0__2400___1800,19,t_8_16,100.0,0.25,0.0,3.0,0.6933303178155288,0.7803930489792815,0.68785,0,1,mild
P2271__1.0__2400___1800,20,t_8_16,70.0,0.25,0.0,3.0,0.9640252842660851,0.761987212278201,0.68785,0,1,mild
P2271__1.0__2400___1800,21,t_8_16,110.0,0.25,0.0,3.0,0.6911022737147081,0.7916311835216725,0.68785,0,1,mild
P2481__1.0__1200___0,0,t_8_16,88.0,0.0,0.0,1.0,,0.9040829040170208,0.84386,0,1,stable
P2481__1.0__1200___0,1,t_8_16,112.0,0.0,0.0,3.0,0.9599761284263721,0.7194600714285769,0.84386,0,0,stable
P2481__1.0__1200___0,3,t_8_16,112.00048828125,0.0,0.0,5.0,0.9089696857653747,0.6879218149460362,0.84386,0,0,stable
P2481__1.0__1200___0,4,t_8_16,110.0,0.0,0.0,1.0,,0.8399158864712198,0.84386,0,1,stable
P2481__1.0__1200___0,5,t_8_16,112.0,0.0,0.0,3.0,0.9444572942541979,0.9011214799109482,0.84386,0,1,stable
P2481__1.0__1200___0,6,t_8_16,84.0,0.0,0.0,2.0,0.989417437548132,0.7370481854175307,0.84386,0,0,stable
P2481__1.0__1200___0,8,t_8_16,70.00042724609375,0.0,0.0,1.0,,0.8717158541054503,0.84386,0,1,stable
P2481__1.0__1200___0,9,t_8_16,89.99984741210938,0.0,0.0,2.0,0.9843918161986133,0.7032129076917009,0.84386,0,0,stable
P2481__1.0__1200___0,12,t_8_16,70.0,0.5,0.0,2.0,0.464619232562232,0.6878247857142838,0.84386,0,0,mild
P2481__1.0__1200___0,13,t_8_16,66.0,0.0,0.0,1.0,,0.8783462956801341,0.84386,0,1,stable
P2481__1.0__1200___0,15,t_8_16,117.0,0.0,0.0,3.0,0.9971402111037929,0.7924141910318389,0.84386,0,1,stable
P2481__1.0__1200___0,16,t_8_16,78.00009155273438,0.0,0.0,5.0,0.9867402267678245,0.751402260471811,0.84386,0,1,stable
P2481__1.0__1200___0,19,t_8_16,136.0,0.25,0.25,2.0,0.7516483784446764,0.6433651081417043,0.84386,0,0,mild
P2481__1.0__1200___0,21,t_8_16,80.0,0.0,0.0,1.0,,0.7301247703473535,0.84386,0,0,stable
P2481__1.0__1200___0,22,t_8_16,162.0,0.0,0.0,3.0,0.9990316991345913,0.823327023888421,0.84386,0,1,stable
P2481__1.0__1200___0,25,t_8_16,72.0,0.0,0.0,1.0,,0.6414878510981443,0.84386,0,0,stable
P2481__1.0__1200___0,26,t_8_16,195.00039672851562,0.0,0.0,4.0,0.982742680612694,0.9076035030993969,0.84386,0,1,stable
P2481__1.0__1200___0,28,t_8_16,70.0,0.0,0.0,5.0,0.8931801573869286,0.6723742053741907,0.84386,0,0,stable
P2481__1.0__1200___0,29,t_8_16,72.0,0.0,0.0,1.0,,0.7368206261387371,0.84386,0,0,stable
P2481__1.0__1200___0,31,t_8_16,126.0,0.0,0.0,6.0,0.9877575924377135,0.7373175079663018,0.84386,0,0,stable
P2481__1.0__1200___0,32,t_8_16,84.0,0.0,0.0,1.0,,0.8356029957654946,0.84386,0,1,stable
P2481__1.0__1200___0,33,t_8_16,84.0,0.0,0.0,3.0,0.9967983870719335,0.7669745801455095,0.84386,0,1,stable
P2481__1.0__1200___0,36,t_8_16,119.99969482421875,0.0,0.0,2.0,0.8382629044300575,0.725036025083333,0.84386,0,0,stable
P2481__1.0__1200___0,37,t_8_16,121.0,0.0,0.0,2.0,0.8286514641541387,0.763448325712436,0.84386,0,1,stable
P2481__1.0__1200___0,38,t_8_16,110.00097656436265,0.0,0.0,0.0,,0.6526143151674173,0.84386,0,0,stable
P2481__1.0__1200___0,39,t_8_16,70.0,0.0,0.0,3.0,0.9833157022160061,0.7742239999999951,0.84386,0,1,stable
P2523__1.0__991___0,0,t_8_16,130.0,0.5,0.0,3.0,0.002944090177780431,0.7205004307692284,0.85302,0,0,mild
P2523__1.0__991___0,1,t_8_16,240.0,0.0,0.0,5.0,0.9912560883160634,0.6215222000000004,0.85302,0,0,stable
P2523__1.0__991___0,2,t_8_16,240.0,0.0,0.0,3.0,0.9943000133119789,0.5609211791666657,0.85302,0,0,stable
P2523__1.0__991___0,3,s_16_32,260.0,0.0,0.0,5.0,0.9548219732827169,0.5409115653846147,0.85302,0,0,stable
P2523__1.0__991___0,4,s_16_32,286.0,0.0,0.0,3.0,0.949081298001253,0.45113777622377566,0.85302,1,0,stable
P2523__1.0__991___0,5,t_8_16,210.00030517578125,0.0,0.0,4.0,0.9427918827937863,0.620478495238095,0.85302,0,0,stable
P2523__1.0__991___0,6,s_16_32,260.0,0.0,0.0,4.0,0.9557630210749677,0.6465000000000015,0.85302,0,0,stable
P2523__1.0__991___0,7,t_8_16,219.99969482421875,0.0,0.0,7.0,0.8742345567497339,0.5997950454545445,0.85302,0,0,stable
P2523__1.0__991___0,8,t_8_16,150.0,0.0,0.0,3.0,0.936853791122587,0.576199259999997,0.85302,0,0,stable
P2523__1.0__991___0,9,t_8_16,228.0,0.0,0.0,3.0,0.9887252145414439,0.6409683947368416,0.85302,0,0,stable
P2523__1.0__991___0,10,t_8_16,140.0,0.25,0.0,3.0,0.894573458574716,0.5741237000000013,0.85302,0,0,mild
P2523__1.0__991___0,11,t_8_16,228.0,0.0,0.0,4.0,0.9721186551499982,0.5913589736842096,0.85302,0,0,stable
P2523__1.0__991___0,12,t_8_16,198.0,0.0,0.0,3.0,0.6301329320925688,0.5723225454545461,0.85302,0,0,stable
P2523__1.0__991___0,13,t_8_16,130.0,0.0,0.0,2.0,0.7671174976909702,0.703289482327941,0.85302,0,0,stable
P2523__1.0__991___0,14,t_8_16,180.0,0.0,0.0,3.0,0.9839282993692464,0.11237719861136057,0.85302,1,0,stable
P2523__1.0__991___0,15,t_8_16,240.0,0.0,0.0,4.0,0.8943121999483628,0.6115422083333343,0.85302,0,0,stable
P2523__1.0__991___0,16,t_8_16,209.00007247924805,0.0,0.0,3.0,0.6604071125479066,0.35717834928229686,0.85302,1,0,stable
P2523__1.0__991___0,17,t_8_16,188.9999599456787,0.0,0.0,3.0,0.753391655832713,0.3042330317460317,0.85302,1,0,stable
P2523__1.0__991___0,18,t_8_16,162.0,0.25,0.25,3.0,0.316070310904487,0.5735774814814811,0.85302,0,0,mild
P2523__1.0__991___0,19,t_8_16,208.99997901916504,0.0,0.0,2.0,0.9721187613914192,0.4815885358851668,0.85302,1,0,stable
P2523__1.0__991___0,20,t_8_16,159.999755859375,0.0,0.0,3.0,0.7724881650215609,0.44908508060187,0.85302,1,0,stable
P2523__1.0__991___0,21,t_8_16,230.0,0.0,0.0,4.0,0.6662671323549334,0.2938501999999996,0.85302,1,0,stable
P2523__1.0__991___0,22,t_8_16,131.99932861328125,0.0,0.0,1.0,,0.0,0.85302,1,0,stable
P2523__1.0__991___0,23,t_8_16,171.0,0.0,0.0,2.0,0.9826693852683728,0.6003353309403145,0.85302,0,0,stable
P2523__1.0__991___0,24,t_8_16,176.0,0.25,0.25,4.0,0.633903822106109,0.5196405098818537,0.85302,0,0,mild
P2523__1.0__991___0,25,t_8_16,188.9999656677246,0.0,0.0,3.0,0.9950595458597523,0.6400520779220228,0.85302,0,0,stable
P2523__1.0__991___0,26,t_8_16,180.0,0.0,0.0,2.0,0.9975553362331061,0.7560479999999961,0.85302,0,1,stable
P2523__1.0__991___0,27,t_8_16,247.00115966796875,0.0,0.0,6.0,0.9968067310167892,0.611290129554655,0.85302,0,0,stable
P2523__1.0__991___0,28,t_8_16,198.0,0.0,0.0,2.0,0.9849160367335482,0.5272892575757573,0.85302,0,0,stable
P2523__1.0__991___0,29,t_8_16,198.0,0.0,0.0,4.0,0.9618994248446001,0.7450658030303053,0.85302,0,0,stable
P2523__1.0__991___0,30,t_8_16,208.99884033203125,0.0,0.0,3.0,0.9879821799164522,0.5254989473684228,0.85302,0,0,stable
P2523__1.0__991___0,31,s_16_32,276.0,0.0,0.0,6.0,0.6842258744736871,0.44707155072463944,0.85302,1,0,stable
P2523__1.0__991___0,32,t_8_16,180.0,0.0,0.0,2.0,0.8344191335985802,0.534622005555555,0.85302,0,0,stable
P2523__1.0__991___0,33,t_8_16,143.0,0.5,0.0,2.0,0.5659195350799946,0.0,0.85302,1,0,mild
P2523__1.0__991___0,34,s_16_32,340.0,0.0,0.0,6.0,0.873502941379621,0.5867948000000002,0.85302,0,0,stable
P2523__1.0__991___0,35,t_8_16,104.000244140625,0.75,0.75,0.0,,0.0,0.85302,1,0,high
P2523__1.0__991___0,36,t_8_16,84.0,0.25,0.0,3.0,0.9175820909396208,0.0,0.85302,1,0,mild
P2523__1.0__991___0,37,t_8_16,77.0,0.0,0.0,1.0,0.9855765439246769,0.0,0.85302,1,0,stable
P2523__1.0__991___0,38,t_8_16,147.00016021728516,0.25,0.0,4.0,0.8374315174672915,0.5069597619047617,0.85302,0,0,mild
P2523__1.0__991___0,39,t_8_16,220.0,0.0,0.0,3.0,0.456122982829707,0.3083635363636362,0.85302,1,0,stable
P2523__1.0__991___0,40,t_8_16,184.0,0.25,0.25,2.0,0.9907725969236456,0.28258824999999965,0.85302,1,0,mild
P2523__1.0__991___0,41,t_8_16,189.0000400543213,0.0,0.0,3.0,0.944346310800102,0.3995699788359793,0.85302,1,0,stable
P2523__1.0__991___0,42,t_8_16,220.00004577635264,0.0,0.0,4.0,0.9596067385708343,0.5782814454545452,0.85302,0,0,stable
P2523__1.0__991___0,43,t_8_16,176.0,0.0,0.0,4.0,0.9903795019214865,0.5740127840909088,0.85302,0,0,stable
P2523__1.0__991___0,44,t_8_16,198.0,0.0,0.0,4.0,0.6818868807191071,0.5527864895910621,0.85302,0,0,stable
P2523__1.0__991___0,45,t_8_16,99.0,0.25,0.25,1.0,,0.5485645454545457,0.85302,0,0,mild
P2523__1.0__991___0,46,t_8_16,204.0,0.0,0.0,5.0,0.9852875143228852,0.7104215490196072,0.85302,0,0,stable
P2523__1.0__991___0,47,t_8_16,224.0,0.0,0.0,4.0,0.9934730080647044,0.7010368973214277,0.85302,0,0,stable
P2523__1.0__991___0,48,t_8_16,252.0,0.0,0.0,7.0,0.9190132085059405,0.6777191269841275,0.85302,0,0,stable
P2523__1.0__991___0,49,t_8_16,169.99948120117188,0.0,0.0,3.0,0.9547291915167815,0.0,0.85302,1,0,stable
P2523__1.0__991___0,50,s_16_32,273.0,0.0,0.0,4.0,0.9823831969400196,0.5687776153846158,0.85302,0,0,stable
P2523__1.0__991___0,51,t_8_16,239.9993896484375,0.0,0.0,5.0,0.987656272380637,0.45426842499999964,0.85302,1,0,stable
P2523__1.0__991___0,52,t_8_16,162.0,0.25,0.25,3.0,0.5865048331999703,0.5125437327754314,0.85302,0,0,mild
P2523__1.0__991___0,53,t_8_16,179.99969482421875,0.25,0.0,5.0,0.9157543468906031,0.6908344985924667,0.85302,0,0,mild
P2523__1.0__991___0,54,t_8_16,219.99966430664062,0.0,0.0,1.0,0.9899008008872964,0.5623818338209632,0.85302,0,0,stable
P2523__1.0__991___0,55,t_8_16,179.99969482421875,0.25,0.25,2.0,0.9313291683721366,0.450993079870476,0.85302,1,0,mild
P2523__1.0__991___0,56,s_16_32,286.0,0.0,0.0,6.0,0.9744799443963951,0.4229386048951049,0.85302,1,0,stable
P2523__1.0__991___0,57,t_8_16,152.0,0.5,0.5,1.0,,0.6887638873402809,0.85302,0,0,mild
P2523__1.0__991___0,58,t_8_16,242.0,0.0,0.0,4.0,0.9949675305203215,0.5394655867768602,0.85302,0,0,stable
P2523__1.0__991___0,59,t_8_16,140.0008544921875,0.25,0.25,5.0,0.4607225358279291,0.0,0.85302,1,0,mild
P2523__1.0__991___0,60,t_8_16,108.000732421875,0.25,0.25,1.0,,0.0,0.85302,1,0,mild
P2644__1.0__3000___1800,0,t_8_16,128.0,0.5,0.5,0.0,,0.0,0.8108,1,0,mild
P2644__1.0__3000___1800,1,t_8_16,119.99951171875,0.25,0.25,2.0,0.9993380979638575,0.8385697646906589,0.8108,0,1,mild
P2644__1.0__3000___1800,2,t_8_16,143.99993133544922,0.0,0.0,2.0,0.9981259474131048,0.702785785662698,0.8108,0,0,stable
P2644__1.0__3000___1800,3,s_16_32,910.0,0.0,0.0,10.0,0.9961960124929654,0.6817940714285716,0.80273,0,0,stable
P2644__1.0__3000___1800,4,s_16_32,928.0,0.0,0.0,10.0,0.9938126439962266,0.7512022239225048,0.80273,0,1,stable
P2644__1.0__3000___1800,5,t_8_16,130.0,0.0,0.0,2.0,0.997127345419738,0.7183837853023091,0.8108,0,0,stable
P2644__1.0__3000___1800,6,t_8_16,117.0,0.0,0.0,2.0,0.9322389985859861,0.8012659052718092,0.8108,0,1,stable
P2644__1.0__3000___1800,7,t_8_16,126.0,0.0,0.0,1.0,,0.7947683307581646,0.8108,0,1,stable
P2644__1.0__3000___1800,8,t_8_16,175.9990234375,0.0,0.0,2.0,0.7063499730316141,0.7992329772727288,0.8108,0,1,stable
P2644__1.0__3000___1800,9,t_8_16,140.0008544921875,0.0,0.0,2.0,0.6458484481735997,0.768249780358678,0.8108,0,1,stable
P2644__1.0__3000___1800,10,t_8_16,154.0,0.0,0.0,1.0,0.9999897365096798,0.7959235324675391,0.8108,0,1,stable
P2644__1.0__3000___1800,11,t_8_16,140.0,0.0,0.0,3.0,0.9459715251629618,0.7145346894259376,0.8108,0,0,stable
P2644__1.0__3000___1800,12,t_8_16,135.0,0.0,0.0,1.0,0.9999993579901032,0.7543946666666711,0.8108,0,1,stable
P2644__1.0__3000___1800,13,t_8_16,130.0,0.0,0.0,1.0,,0.7952017230769199,0.8108,0,1,stable
P2644__1.0__3000___1800,14,t_8_16,150.0,0.25,0.0,2.0,0.9489344221343055,0.6689149999999966,0.8108,0,0,mild
P2644__1.0__3000___1800,15,t_8_16,108.000732421875,0.25,0.25,1.0,0.9997550297993599,0.7475630301196662,0.8108,0,0,mild
P2644__1.0__3000___1800,16,t_8_16,110.0,0.0,0.0,2.0,0.9860802102040899,0.7642050654656369,0.8108,0,1,stable
P2644__1.0__3000___1800,17,t_8_16,99.0,0.0,0.0,2.0,0.9813735828131954,0.7229559114072495,0.8108,0,0,stable
P2644__1.0__3000___1800,18,t_8_16,103.99920654296875,0.0,0.0,4.0,0.9902575128988363,0.5884880931050575,0.8108,0,0,stable
P2644__1.0__3000___1800,19,t_8_16,84.0,0.0,0.0,1.0,0.9975074543964564,0.6518046192695223,0.8108,0,0,stable
P2644__1.0__3000___1800,20,t_8_16,72.0,0.0,0.0,3.0,0.5882695988909765,0.7419861680580913,0.8108,0,0,stable
P2644__1.0__3000___1800,21,t_8_16,84.0,0.0,0.0,1.0,0.9999866052585323,0.6835714767577926,0.8108,0,0,stable
P2644__1.0__3000___1800,22,t_8_16,108.0,0.0,0.0,1.0,,0.8469710648148087,0.8108,0,1,stable
P2644__1.0__3000___1800,23,t_8_16,165.0,0.0,0.0,1.0,0.9999082898277074,0.6432608484848519,0.8108,0,0,stable
P2644__1.0__3000___1800,24,t_8_16,120.0,0.0,0.0,2.0,0.9970992673497956,0.7820621036226645,0.8108,0,1,stable
P2644__1.0__3000___1800,25,t_8_16,117.0,0.0,0.0,1.0,0.9999472095163613,0.8577295462424748,0.8108,0,1,stable
P2644__1.0__3000___1800,26,t_8_16,104.0,0.5,0.25,1.0,,0.8661244842221228,0.8108,0,1,mild
P2644__1.0__3000___1800,27,t_8_16,84.0,0.0,0.0,2.0,0.8820421589199484,0.6899164230317164,0.8108,0,0,stable
P2644__1.0__3000___1800,28,t_8_16,104.0,0.25,0.25,3.0,0.9513013775300471,0.8987263116690296,0.8108,0,1,mild
P2644__1.0__3000___1800,29,t_8_16,112.0,0.25,0.25,2.0,0.8156562681662578,0.8187194252967309,0.8108,0,1,mild
P2644__1.0__3000___1800,30,t_8_16,84.0,0.0,0.0,1.0,0.9999920788497102,0.7120526778970636,0.8108,0,0,stable
P2644__1.0__3000___1800,33,t_8_16,99.0,0.0,0.0,2.0,0.9638802129107575,0.7401056161616201,0.8108,0,0,stable
P2644__1.0__3000___1800,34,t_8_16,90.0,0.0,0.0,1.0,,0.7493098983503763,0.8108,0,0,stable
P2644__1.0__3000___1800,35,t_8_16,70.0,0.0,0.0,2.0,0.7801822901233869,0.6968187514734663,0.8108,0,0,stable
P2644__1.0__3000___1800,36,t_8_16,88.0,0.5,0.5,1.0,,0.7678814957292124,0.8108,0,1,mild
P2644__1.0__3000___1800,37,t_8_16,130.0,0.0,0.0,3.0,0.9741413084124281,0.7945853076923048,0.8108,0,1,stable
P2644__1.0__3000___1800,38,t_8_16,167.9991455078125,0.0,0.0,1.0,0.9994100435036062,0.552606632053153,0.8108,0,0,stable
P2644__1.0__3000___1800,39,t_8_16,117.0,0.0,0.0,3.0,0.9455592571120538,0.8478368594694792,0.8108,0,1,stable
P2644__1.0__3000___1800,40,t_8_16,66.0,0.0,0.0,1.0,0.9999998969231693,0.7154167541064922,0.8108,0,0,stable
P2644__1.0__3000___1800,41,t_8_16,66.0,0.0,0.0,2.0,0.9996059766852828,0.6928013505004067,0.8108,0,0,stable
P2644__1.0__3000___1800,42,t_8_16,96.0,0.25,0.25,1.0,0.9999998492951203,0.8506396273575347,0.8108,0,1,mild
P2644__1.0__3000___1800,43,t_8_16,99.0,0.0,0.0,1.0,0.9990960182476822,0.7138039890307426,0.8108,0,0,stable
P2644__1.0__3000___1800,44,t_8_16,96.0,0.0,0.0,2.0,0.9951068137626661,0.7001375614497933,0.8108,0,0,stable
P2644__1.0__3000___1800,45,t_8_16,70.0,0.0,0.0,2.0,0.9569033366043497,0.46514075667977606,0.8108,1,0,stable
P2644__1.0__3000___1800,46,t_8_16,108.0,0.0,0.0,1.0,0.999997807665166,0.7238859008261106,0.8108,0,0,stable
P2644__1.0__3000___1800,47,t_8_16,90.0,0.0,0.0,1.0,0.9999929390395096,0.8072788001190412,0.8108,0,1,stable
P2644__1.0__3000___1800,49,t_8_16,88.0,0.25,0.25,0.0,,0.7109108886615232,0.8108,0,0,mild
P2644__1.0__3000___1800,51,t_8_16,103.99993896484375,0.0,0.0,2.0,0.9733835851420432,0.8536748357095035,0.8108,0,1,stable
P2644__1.0__3000___1800,52,t_8_16,99.0,0.0,0.0,1.0,,0.796351909795289,0.8108,0,1,stable
P2644__1.0__3000___1800,53,t_8_16,108.0,0.25,0.25,1.0,,0.8303518146183202,0.8108,0,1,mild
P2644__1.0__3000___1800,54,t_8_16,70.0,0.25,0.0,1.0,0.9999861890747653,0.7008492663267949,0.8108,0,0,mild
P2644__1.0__3000___1800,55,t_8_16,87.9998779296875,0.25,0.25,2.0,0.7426786104802426,0.8639111922280837,0.8108,0,1,mild
P2644__1.0__3000___1800,56,t_8_16,126.0,0.0,0.0,3.0,0.9659165702163884,0.8401174788494775,0.8108,0,1,stable
P2644__1.0__3000___1800,57,t_8_16,95.9996337890625,0.0,0.0,3.0,0.9985185793098043,0.9541777842279417,0.8108,0,1,stable
P2644__1.0__3000___1800,58,t_8_16,150.0,0.0,0.0,2.0,0.9519511701826019,0.6674961455627529,0.8108,0,0,stable
P2644__1.0__3000___1800,59,t_8_16,140.0,0.0,0.0,1.0,,0.804942228572637,0.8108,0,1,stable
P2644__1.0__3000___1800,60,t_8_16,140.0,0.0,0.0,1.0,,0.7592794311147927,0.8108,0,1,stable
P2644__1.0__3000___1800,61,t_8_16,96.0,0.0,0.0,2.0,0.9637345032766308,0.8051486215264524,0.8108,0,1,stable
P2644__1.0__3000___1800,62,t_8_16,130.0,0.0,0.0,2.0,0.9882237781820858,0.8819010646573321,0.8108,0,1,stable
P2644__1.0__3000___1800,63,t_8_16,96.0,0.25,0.25,1.0,,0.839057136367433,0.8108,0,1,mild
P2644__1.0__3000___1800,64,t_8_16,96.0,0.0,0.0,1.0,0.999998486407272,0.7524509425854101,0.8108,0,1,stable
P2644__1.0__3000___1800,65,t_8_16,110.0,0.0,0.0,2.0,0.7695975754680131,0.6840042751397754,0.8108,0,0,stable
P2644__1.0__3000___1800,66,t_8_16,108.0,0.0,0.0,0.0,,0.8241273143019838,0.8108,0,1,stable
P2644__1.0__3000___1800,67,t_8_16,130.0,0.25,0.25,2.0,0.550445936854464,0.8082842461538505,0.8108,0,1,mild
P2644__1.0__3000___1800,68,t_8_16,140.0,0.0,0.0,2.0,0.9620758538333235,0.7311030419930761,0.8108,0,0,stable
P2644__1.0__3000___1800,69,t_8_16,88.0,0.25,0.25,3.0,0.9726284902737621,0.8004539877721228,0.8108,0,1,mild
P2644__1.0__3000___1800,70,t_8_16,104.0,0.75,0.75,0.0,,0.8843781576465588,0.8108,0,1,high
P2644__1.0__3000___1800,71,t_8_16,160.0,0.0,0.0,2.0,0.9998983409756591,0.7423505375000022,0.8108,0,0,stable
P2644__1.0__3000___1800,72,t_8_16,180.0,0.0,0.0,2.0,0.9874136276028989,0.7785498284690401,0.8108,0,1,stable
P2644__1.0__3000___1800,73,t_8_16,105.0,0.0,0.0,2.0,0.15423031961444764,0.7068159297024079,0.8108,0,0,stable
P2644__1.0__3000___1800,74,t_8_16,149.99954223632812,0.0,0.0,2.0,0.935413150930577,0.7669349400000011,0.8108,0,1,stable
P2644__1.0__3000___1800,75,t_8_16,117.0,0.0,0.0,0.0,,0.7732494247605484,0.8108,0,1,stable
P2644__1.0__3000___1800,76,t_8_16,77.0,0.0,0.0,2.0,0.994493835901434,0.6833858326197708,0.8108,0,0,stable
P2644__1.0__3000___1800,77,t_8_16,88.0,0.25,0.25,0.0,,0.7776992315277712,0.8108,0,1,mild
P2644__1.0__3000___1800,78,t_8_16,96.0,0.0,0.0,1.0,,0.6200842972774682,0.8108,0,0,stable
P2644__1.0__3000___1800,79,t_8_16,126.00042724609375,0.0,0.0,2.0,0.9455857439198693,0.7797745822447333,0.8108,0,1,stable
P2644__1.0__3000___1800,80,t_8_16,108.0,0.0,0.0,1.0,,0.7615480415733253,0.8108,0,1,stable
P2644__1.0__3000___1800,82,t_8_16,84.0,0.0,0.0,3.0,0.9212421521057613,0.7120380854153213,0.8108,0,0,stable
P2644__1.0__3000___1800,83,t_8_16,95.99993896484375,0.25,0.0,1.0,,0.7242145697318895,0.8108,0,0,mild
P2644__1.0__3000___1800,84,t_8_16,96.0,0.25,0.25,1.0,,0.8446704253298362,0.8108,0,1,mild
P2644__1.0__3000___1800,85,t_8_16,104.00018310546875,0.0,0.0,2.0,0.9307756140384861,0.6274823060698984,0.8108,0,0,stable
P2644__1.0__3000___1800,86,t_8_16,88.0,0.0,0.0,2.0,0.6286688418640399,0.887021868243259,0.8108,0,1,stable
P2644__1.0__3000___1800,87,t_8_16,117.0,0.25,0.25,2.0,0.4021911738633132,0.7756274418628594,0.8108,0,1,mild
P2644__1.0__3000___1800,89,t_8_16,126.0,0.0,0.0,2.0,0.9887744555344056,0.6807481321614373,0.8108,0,0,stable
P2644__1.0__3000___1800,90,t_8_16,88.0,0.0,0.0,2.0,0.9999999599164182,0.5491251216738183,0.8108,0,0,stable
P2644__1.0__3000___1800,91,t_8_16,104.0,0.25,0.25,1.0,,0.8403569628649554,0.8108,0,1,mild
P2644__1.0__3000___1800,92,t_8_16,112.0,0.0,0.0,2.0,0.9591904538986237,0.7548199336782925,0.8108,0,1,stable
P2644__1.0__3000___1800,93,t_8_16,117.0,0.0,0.0,1.0,,0.806491491038486,0.8108,0,1,stable
P2644__1.0__3000___1800,94,t_8_16,117.0,0.0,0.0,1.0,0.9999999445548898,0.6788925432139264,0.8108,0,0,stable
P2644__1.0__3000___1800,95,t_8_16,99.00033569335938,0.5,0.0,3.0,0.7359860415251723,0.7960659427782467,0.8108,0,1,mild
P2644__1.0__3000___1800,96,t_8_16,126.0,0.25,0.25,1.0,0.999999999990324,0.806771672939047,0.8108,0,1,mild
P2644__1.0__3000___1800,97,t_8_16,130.00030517578125,0.0,0.0,2.0,0.9240855032936165,0.6236981716261849,0.8108,0,0,stable
P2644__1.0__3000___1800,98,t_8_16,96.0,0.0,0.0,0.0,,0.8278514701405381,0.8108,0,1,stable
P2644__1.0__3000___1800,99,t_8_16,99.0,0.25,0.0,2.0,0.014519723374445043,0.8620822524354449,0.8108,0,1,mild
P2644__1.0__3000___1800,100,t_8_16,104.0,0.0,0.0,2.0,0.9776957839347414,0.7986544821848279,0.8108,0,1,stable
P2644__1.0__3000___1800,101,t_8_16,80.00006103515625,0.0,0.0,1.0,0.9999999999542584,0.8169548836111918,0.8108,0,1,stable
P2644__1.0__3000___1800,102,t_8_16,95.99993896484375,0.25,0.25,1.0,,0.7925971395445139,0.8108,0,1,mild
P2644__1.0__3000___1800,103,t_8_16,88.0,0.0,0.0,1.0,,0.8179078763122469,0.8108,0,1,stable
P2644__1.0__3000___1800,104,t_8_16,88.0,0.25,0.25,1.0,,0.7747350719997316,0.8108,0,1,mild
P2644__1.0__3000___1800,105,t_8_16,104.0,0.0,0.0,3.0,0.7817846110118406,0.7995680710839993,0.8108,0,1,stable
P2644__1.0__3000___1800,106,t_8_16,88.0,0.25,0.25,1.0,,0.5811891007760813,0.8108,0,0,mild
P2644__1.0__3000___1800,107,t_8_16,120.000732421875,0.0,0.0,2.0,0.9296102784660637,0.7659910410267898,0.8108,0,1,stable
P2644__1.0__3000___1800,108,t_8_16,126.00056457566097,0.25,0.0,2.0,0.8773426568856573,0.8438545263886553,0.8108,0,1,mild
P2644__1.0__3000___1800,109,t_8_16,95.9996337890625,0.0,0.0,2.0,0.9990845422496013,0.8749268906916755,0.8108,0,1,stable
P2644__1.0__3000___1800,110,t_8_16,140.0,0.0,0.0,3.0,0.9388405550046276,0.6900164892877741,0.8108,0,0,stable
P2644__1.0__3000___1800,111,t_8_16,140.00015258789062,0.0,0.0,1.0,,0.7932604783969083,0.8108,0,1,stable
P2644__1.0__3000___1800,112,t_8_16,95.9998779296875,0.0,0.0,1.0,,0.8394657054314895,0.8108,0,1,stable
P2644__1.0__3000___1800,113,t_8_16,130.0,0.25,0.0,3.0,0.6914730732814011,0.8875520776078601,0.8108,0,1,mild
P2644__1.0__3000___1800,114,t_8_16,126.0,0.0,0.0,1.0,0.9999998113403183,0.8649022405171545,0.8108,0,1,stable
P2644__1.0__3000___1800,115,t_8_16,96.0,0.0,0.0,1.0,,0.724484767068284,0.8108,0,0,stable
P2644__1.0__3000___1800,116,t_8_16,96.0,0.25,0.25,2.0,0.9999781646688459,0.8765803613949079,0.8108,0,1,mild
P2644__1.0__3000___1800,117,t_8_16,126.0,0.25,0.0,1.0,0.9999999999927618,0.9020314990855252,0.8108,0,1,mild
P2644__1.0__3000___1800,118,t_8_16,120.0,0.0,0.0,2.0,0.9999283633628437,0.8249046902614974,0.8108,0,1,stable
P2644__1.0__3000___1800,119,t_8_16,140.0,0.0,0.0,3.0,0.9261634210831613,0.7325581057718441,0.8108,0,0,stable
P2644__1.0__3000___1800,120,t_8_16,88.0,0.25,0.25,1.0,,0.7046350734990431,0.8108,0,0,mild
P2644__1.0__3000___1800,121,t_8_16,240.0,0.0,0.0,4.0,0.9804611576247229,0.7896725666666653,0.8108,0,1,stable
P2644__1.0__3000___1800,122,t_8_16,128.0,0.0,0.0,2.0,0.712887707873442,0.7367772967726183,0.8108,0,0,stable
P2644__1.0__3000___1800,123,t_8_16,135.0,0.0,0.0,2.0,0.9696439699878712,0.7622089307450047,0.8108,0,1,stable
P2644__1.0__3000___1800,124,t_8_16,130.0,0.0,0.0,2.0,0.9454785371058994,0.6582451960363505,0.8108,0,0,stable
P2644__1.0__3000___1800,125,t_8_16,135.00006866455078,0.0,0.0,2.0,0.9850215884362927,0.6930611179081257,0.8108,0,0,stable
P2644__1.0__3000___1800,126,t_8_16,91.0,0.0,0.0,2.0,0.9999779632723015,0.8599473560113806,0.8108,0,1,stable
P2644__1.0__3000___1800,127,t_8_16,140.0008544921875,0.0,0.0,5.0,0.6846086234003562,0.7421740428086966,0.8108,0,0,stable
P2644__1.0__3000___1800,128,t_8_16,120.0,0.0,0.0,2.0,0.9925031486214929,0.7089219785252764,0.8108,0,0,stable
P2644__1.0__3000___1800,129,t_8_16,104.00003051757812,0.0,0.0,1.0,,0.9142740598031937,0.8108,0,1,stable
P2644__1.0__3000___1800,130,t_8_16,140.0,0.0,0.0,3.0,0.978432790216863,0.6550865714285696,0.8108,0,0,stable
P2644__1.0__3000___1800,131,t_8_16,117.0,0.25,0.25,2.0,0.9999999999956861,0.7919289494481114,0.8108,0,1,mild
P2644__1.0__3000___1800,132,t_8_16,104.0,0.0,0.0,2.0,0.9474541137897454,0.7718359500950759,0.8108,0,1,stable
P2644__1.0__3000___1800,133,t_8_16,117.0,0.25,0.0,3.0,0.17035679615799723,0.7427328043196172,0.8108,0,0,mild
P2644__1.0__3000___1800,134,t_8_16,130.0,0.25,0.0,4.0,0.71429719167998,0.698050076923081,0.8108,0,0,mild
P2644__1.0__3000___1800,135,t_8_16,72.0,0.5,0.0,3.0,0.36171814777788536,0.7171866966520061,0.8108,0,0,mild
P2644__1.0__3000___1800,136,t_8_16,150.0,0.0,0.0,1.0,0.9940702850499857,0.6343501266666677,0.8108,0,0,stable
P2644__1.0__3000___1800,137,s_16_32,360.0,0.0,0.0,6.0,0.9918787587291599,0.7659336945294654,0.8108,0,1,stable
P2644__1.0__3000___1800,138,t_8_16,97.99997329711914,0.0,0.0,1.0,,0.7467749554460753,0.8108,0,0,stable
P2644__1.0__3000___1800,139,t_8_16,78.00018310546875,0.0,0.0,2.0,0.9727882143186056,0.6541150456489395,0.8108,0,0,stable
P2644__1.0__3000___1800,140,t_8_16,80.0,0.0,0.0,2.0,0.8913365299500102,0.694812116663274,0.8108,0,0,stable
P2644__1.0__3000___1800,141,t_8_16,105.00019931790303,0.25,0.0,5.0,0.6223103132885279,0.8531985891706635,0.8108,0,1,mild
P2680__1.0__1046___0,0,t_8_16,72.0,0.0,0.0,3.0,0.9937523395543573,0.8793193912409264,0.76469,0,1,stable
P2680__1.0__1046___0,1,t_8_16,76.99983215332031,0.0,0.0,3.0,0.93449198561458,0.8569747322854295,0.76469,0,1,stable
P2680__1.0__1046___0,2,t_8_16,65.0,0.0,0.0,4.0,0.8595250196329087,0.6515308192896002,0.76469,0,0,stable
P2680__1.0__1046___0,3,t_8_16,72.0,0.0,0.0,2.0,0.9555376191604404,0.7364122250264453,0.76469,0,0,stable
P2680__1.0__1046___0,4,t_8_16,84.0,0.0,0.0,3.0,0.982133022810122,0.7102666190476278,0.76469,0,0,stable
P2680__1.0__1046___0,5,t_8_16,90.0,0.5,0.0,5.0,0.15277287722574903,0.5822717552194485,0.76469,0,0,mild
P2680__1.0__1046___0,6,t_8_16,88.0,0.0,0.0,2.0,0.9781876635421367,0.6502420637612091,0.76469,0,0,stable
P2680__1.0__1046___0,7,t_8_16,112.0,0.25,0.25,2.0,0.9711833252305787,0.5335188571428553,0.76469,0,0,mild
P2680__1.0__1046___0,8,t_8_16,84.0,0.0,0.0,3.0,0.9060113240138744,0.7242275714285742,0.76469,0,0,stable
P2680__1.0__1046___0,9,t_8_16,84.00004577636719,0.0,0.0,5.0,0.9904367425895386,0.7826656619655233,0.76469,0,1,stable
P2680__1.0__1046___0,11,t_8_16,117.0,0.0,0.0,3.0,0.9878685493063415,0.8091858744528472,0.76469,0,1,stable
P2680__1.0__1046___0,12,t_8_16,84.0,0.25,0.0,3.0,0.967456525661159,0.7369027396939958,0.76469,0,0,mild
P2680__1.0__1046___0,15,t_8_16,65.0,0.5,0.5,0.0,,0.3517002755108857,0.76469,1,0,mild
P2680__1.0__1046___0,16,t_8_16,72.0,0.0,0.0,4.0,0.6930575312362804,0.6891843869618387,0.76469,0,0,stable
P2680__1.0__1046___0,17,t_8_16,72.0,0.25,0.25,0.0,,0.003841190564361351,0.76469,1,0,mild
P2680__1.0__1046___0,18,t_8_16,72.0,0.0,0.0,2.0,0.9997819895674767,0.7226388757305637,0.76469,0,0,stable
P2680__1.0__1046___0,21,t_8_16,77.0,0.0,0.0,2.0,0.9973644936029493,0.7855740676218956,0.76469,0,1,stable
P2680__1.0__1046___0,22,t_8_16,70.0,0.0,0.0,6.0,0.9701351644977825,0.7146985164807321,0.76469,0,0,stable
P2680__1.0__1046___0,24,t_8_16,91.0,0.0,0.0,4.0,0.9661868892561842,0.6197773009241173,0.76469,0,0,stable
P2680__1.0__1046___0,25,t_8_16,78.0,0.0,0.0,4.0,0.9817574883623092,0.7894743320300293,0.76469,0,1,stable
P2680__1.0__1046___0,29,t_8_16,90.0,0.0,0.0,2.0,0.8051316001662782,0.7144951947673449,0.76469,0,0,stable
P2680__1.0__1046___0,31,t_8_16,65.0,0.0,0.0,1.0,,0.0,0.76469,1,0,stable
P2680__1.0__1046___0,33,t_8_16,84.0,0.5,0.5,3.0,0.08156011079089835,0.0,0.76469,1,0,mild
P2680__1.0__1046___0,34,t_8_16,78.0,0.0,0.0,1.0,,0.0,0.76469,1,0,stable
P2680__1.0__1046___0,37,t_8_16,84.0,0.0,0.0,4.0,0.9888356806433583,0.7734068980856605,0.76469,0,1,stable
P2680__1.0__1046___0,38,t_8_16,80.0,0.0,0.0,1.0,,0.5523755833459489,0.76469,0,0,stable
P2680__1.0__1046___0,39,t_8_16,77.0,0.0,0.0,3.0,0.9957297167470092,0.718162465228808,0.76469,0,0,stable
P2680__1.0__1046___0,42,t_8_16,66.0,0.25,0.0,5.0,0.48561684610706113,0.35163633125327287,0.76469,1,0,mild
P2680__1.0__1046___0,43,t_8_16,66.00067138671875,0.0,0.0,3.0,0.9234791239083837,0.647773827196194,0.76469,0,0,stable
P2680__1.0__1046___0,45,t_8_16,66.0,0.0,0.0,4.0,0.8319738399281218,0.8371115454545378,0.76469,0,1,stable
P2680__1.0__1046___0,46,t_8_16,120.0,0.25,0.0,5.0,0.5991411649179106,0.6477570172247645,0.76469,0,0,mild
P2680__1.0__1046___0,47,t_8_16,78.0,0.0,0.0,2.0,0.9656113429429763,0.6692776794871703,0.76469,0,0,stable
P2680__1.0__1046___0,48,t_8_16,88.0,0.0,0.0,1.0,,0.6564578465509672,0.76469,0,0,stable
P2680__1.0__1046___0,49,t_8_16,72.0,0.0,0.0,5.0,0.43520614607507396,0.0,0.76469,1,0,stable
P2680__1.0__1046___0,50,t_8_16,72.0,0.0,0.0,2.0,0.984827781903166,0.7714401250000021,0.76469,0,1,stable
P2680__1.0__1046___0,51,t_8_16,78.0003662109375,0.25,0.0,2.0,0.5045412957411586,0.5741769656145368,0.76469,0,0,mild
P2680__1.0__1046___0,53,t_8_16,72.0,0.0,0.0,3.0,0.9877572664917689,0.7460757638888966,0.76469,0,0,stable
P2680__1.0__1046___0,54,t_8_16,84.0,0.0,0.0,3.0,0.9784155878899766,0.8150747113887638,0.76469,0,1,stable
P2680__1.0__1046___0,55,t_8_16,108.0,0.25,0.0,1.0,0.999563456272137,0.7336264317558169,0.76469,0,0,mild
P2680__1.0__1046___0,56,t_8_16,130.0,0.0,0.0,1.0,,0.6470464000000089,0.76469,0,0,stable
P2680__1.0__1046___0,57,t_8_16,156.0,0.0,0.0,3.0,0.9647268987819849,0.6691303083829313,0.76469,0,0,stable
P2680__1.0__1046___0,59,t_8_16,72.0,0.0,0.0,3.0,0.9903858418218181,0.7620979785265681,0.76469,0,1,stable
P2680__1.0__1046___0,60,t_8_16,77.0,0.0,0.0,5.0,0.9669182064319521,0.7295362597402714,0.76469,0,0,stable
P2680__1.0__1046___0,61,t_8_16,72.0,0.0,0.0,4.0,0.9713367218991685,0.8199193891166521,0.76469,0,1,stable
P2680__1.0__1046___0,62,t_8_16,112.0,0.5,0.5,0.0,,0.6288606517857073,0.76469,0,0,mild
P2680__1.0__1046___0,63,t_8_16,66.0,0.0,0.0,3.0,0.9807575840047881,0.746851952834322,0.76469,0,0,stable
P2680__1.0__1046___0,64,t_8_16,66.0,0.25,0.25,2.0,0.3594561938270117,0.10306839889217732,0.76469,1,0,mild
P2680__1.0__1046___0,67,t_8_16,70.0,0.0,0.0,3.0,0.5967868630759036,0.6541469655718504,0.76469,0,0,stable
P2680__1.0__1046___0,68,t_8_16,66.0,0.0,0.0,3.0,0.9958519280899543,0.6949181838047123,0.76469,0,0,stable
P2680__1.0__1046___0,69,t_8_16,72.0,0.0,0.0,4.0,0.969532259114226,0.9508380555555587,0.76469,0,1,stable
P2680__1.0__1046___0,70,t_8_16,72.0,0.0,0.0,3.0,0.9986960845386649,0.784908960038942,0.76469,0,1,stable
P2680__1.0__1046___0,71,t_8_16,98.0,0.0,0.0,5.0,0.9949193922111064,0.70686010204081,0.76469,0,0,stable
P2680__1.0__1046___0,72,t_8_16,104.0,0.25,0.25,2.0,0.9744775980317604,0.55297060496553,0.76469,0,0,mild
P2680__1.0__1046___0,73,t_8_16,91.0,0.0,0.0,3.0,0.8575708431477223,0.6188539787930093,0.76469,0,0,stable
P2680__1.0__1046___0,74,t_8_16,65.0,0.0,0.0,4.0,0.9927644959311034,0.7776599996550996,0.76469,0,1,stable
P2680__1.0__1046___0,76,t_8_16,96.0,0.0,0.0,1.0,,0.605832062499994,0.76469,0,0,stable
P2680__1.0__1046___0,77,t_8_16,98.0,0.5,0.0,5.0,0.09311416177371672,0.7479329942944057,0.76469,0,0,mild
P2680__1.0__1046___0,79,t_8_16,71.9996337890625,0.0,0.0,2.0,0.9108479971736558,0.7849441930463257,0.76469,0,1,stable
P2680__1.0__1046___0,80,t_8_16,104.0,0.0,0.0,2.0,0.9941010571712908,0.6521050000000065,0.76469,0,0,stable
P2680__1.0__1046___0,82,t_8_16,77.0,0.0,0.0,4.0,0.8989289047063088,0.7035660062468557,0.76469,0,0,stable
P2680__1.0__1046___0,83,t_8_16,72.0,0.0,0.0,3.0,0.5245442899818655,0.5622881745376773,0.76469,0,0,stable
P2680__1.0__1046___0,86,t_8_16,66.0,0.0,0.0,3.0,0.9858480795322876,0.9244950946468661,0.76469,0,1,stable
P2680__1.0__1046___0,88,t_8_16,84.0,0.0,0.0,4.0,0.7298371865907822,0.6694554039803751,0.76469,0,0,stable
P2680__1.0__1046___0,89,t_8_16,100.0,0.0,0.0,1.0,,0.7000419600000054,0.76469,0,0,stable
P2680__1.0__1046___0,90,t_8_16,110.0,0.0,0.0,2.0,0.9957480049222167,0.7127778961374703,0.76469,0,0,stable
P2680__1.0__1046___0,91,t_8_16,72.0,0.0,0.0,2.0,0.8630748390703893,0.7554422167601372,0.76469,0,1,stable
P2680__1.0__1046___0,93,t_8_16,190.0,0.0,0.0,3.0,0.8693620950877576,0.3485480421052641,0.76469,1,0,stable
P2680__1.0__1046___0,94,t_8_16,75.0,0.0,0.0,3.0,0.9394679047796435,0.7552583559963251,0.76469,0,1,stable
P2680__1.0__1046___0,95,t_8_16,65.0,0.0,0.0,4.0,0.9740454512840127,0.7389771287374786,0.76469,0,0,stable
P2680__1.0__1046___0,96,t_8_16,65.0,0.0,0.0,3.0,0.9000297610500989,0.6784972188305739,0.76469,0,0,stable
P2680__1.0__1046___0,97,t_8_16,84.0,0.0,0.0,2.0,0.3912902596959838,0.8580558623954562,0.76469,0,1,stable
P2680__1.0__1046___0,103,t_8_16,84.0,0.0,0.0,3.0,0.9460230312565371,0.6276680167644672,0.76469,0,0,stable
P2680__1.0__1046___0,104,t_8_16,84.0,0.0,0.0,4.0,0.6934439260669198,0.6928720952380987,0.76469,0,0,stable
P2680__1.0__1046___0,105,t_8_16,78.0,0.0,0.0,1.0,0.9999999603906344,0.7398274230769157,0.76469,0,0,stable
P2680__1.0__1046___0,106,t_8_16,78.0,0.25,0.0,4.0,0.87320599630068,0.6674334615384636,0.76469,0,0,mild
P2680__1.0__1046___0,107,t_8_16,88.0,0.25,0.25,1.0,,0.6991132500000007,0.76469,0,0,mild
P2680__1.0__1046___0,108,t_8_16,70.0008544921875,0.0,0.0,3.0,0.9890836023126652,0.6679542585810511,0.76469,0,0,stable
P2680__1.0__1046___0,109,t_8_16,88.0,0.0,0.0,2.0,0.9649855789810261,0.7332475629393677,0.76469,0,0,stable
P2680__1.0__1046___0,110,t_8_16,84.0,0.0,0.0,3.0,0.9748486662417365,0.8005692857142838,0.76469,0,1,stable
P2680__1.0__1046___0,111,t_8_16,65.00030517578125,0.25,0.0,3.0,0.22631449499707004,0.677855191199103,0.76469,0,0,mild
P2680__1.0__1046___0,112,t_8_16,84.0,0.0,0.0,3.0,0.7526039792756415,0.46687091792575874,0.76469,1,0,stable
P2680__1.0__1046___0,114,t_8_16,91.0,0.0,0.0,5.0,0.9858026057166697,0.8054087336653611,0.76469,0,1,stable
P2680__1.0__1046___0,115,t_8_16,117.0,0.0,0.0,2.0,0.9816273389732323,0.6992419230769207,0.76469,0,0,stable
P2680__1.0__1046___0,116,t_8_16,117.00039672851562,0.0,0.0,2.0,0.9890569037356802,0.7065683333333352,0.76469,0,0,stable
P2680__1.0__1046___0,117,t_8_16,78.00097656436265,0.0,0.0,3.0,0.7068296964690515,0.620600046263996,0.76469,0,0,stable
P2680__1.0__1046___0,119,t_8_16,91.00042724609375,0.0,0.0,3.0,0.4783858471103129,0.4447665687331015,0.76469,1,0,stable
P2680__1.0__1046___0,120,t_8_16,71.99981689453125,0.0,0.0,2.0,0.9277477534785844,0.6832195531762195,0.76469,0,0,stable
P2680__1.0__1046___0,122,t_8_16,65.0,0.0,0.0,3.0,0.9802573110063358,0.6617547519183303,0.76469,0,0,stable
P2680__1.0__1046___0,126,t_8_16,156.0,0.0,0.0,2.0,0.8193881689434547,0.5776457692307636,0.76469,0,0,stable
P2680__1.0__1046___0,127,t_8_16,100.0,0.0,0.0,2.0,0.9704761660323623,0.8081364775395097,0.76469,0,1,stable
P2680__1.0__1046___0,130,t_8_16,66.0,0.0,0.0,4.0,0.9901339391582041,0.8405776896654832,0.76469,0,1,stable
P2680__1.0__1046___0,131,t_8_16,65.00030517578125,0.0,0.0,3.0,0.7450141221513604,0.7452148830676113,0.76469,0,0,stable
P2680__1.0__1046___0,132,t_8_16,65.00030517578125,0.5,0.0,2.0,0.07020817040408825,0.0,0.76469,1,0,mild
P2680__1.0__1046___0,134,t_8_16,65.00030517578125,0.0,0.0,2.0,0.8245380914844805,0.0,0.76469,1,0,stable
P2680__1.0__1046___0,138,t_8_16,65.00015258789062,0.0,0.0,4.0,0.6275848283453619,0.5906091077873904,0.76469,0,0,stable
P2680__1.0__1046___0,139,t_8_16,90.0,0.0,0.0,4.0,0.9808248300061286,0.5955231008339085,0.76469,0,0,stable
P2680__1.0__1046___0,140,t_8_16,78.00013732910156,0.0,0.0,5.0,0.9846202678540232,0.7703148967767831,0.76469,0,1,stable
P2680__1.0__1046___0,141,t_8_16,156.0,0.0,0.0,2.0,0.9988200072270396,0.5433350470289278,0.76469,0,0,stable
P2680__1.0__1046___0,142,t_8_16,84.0,0.0,0.0,3.0,0.9636593193378411,0.6689069091588018,0.76469,0,0,stable
P2680__1.0__1046___0,147,t_8_16,112.0,0.0,0.0,3.0,0.6225286386031845,0.5364200892857188,0.76469,0,0,stable
P2680__1.0__1046___0,148,t_8_16,78.0,0.0,0.0,2.0,0.8841210700621475,0.6377450896132504,0.76469,0,0,stable
P2680__1.0__1046___0,150,t_8_16,77.0,0.0,0.0,4.0,0.9746757013311029,0.7007855148626307,0.76469,0,0,stable
P2680__1.0__1046___0,158,t_8_16,77.0,0.0,0.0,4.0,0.8062864898894762,0.6469307867252165,0.76469,0,0,stable
P2680__1.0__1046___0,159,t_8_16,72.0,0.0,0.0,5.0,0.8924125986577762,0.5522997057777635,0.76469,0,0,stable
P2680__1.0__1046___0,160,t_8_16,66.0,0.0,0.0,2.0,0.9400236735141518,0.7029653332459621,0.76469,0,0,stable
P2680__1.0__1046___0,161,t_8_16,84.0,0.0,0.0,3.0,0.9489426817034577,0.7711861709503686,0.76469,0,1,stable
P2680__1.0__1046___0,162,t_8_16,66.0,0.0,0.0,5.0,0.9408232629547469,0.788163636363646,0.76469,0,1,stable
P2680__1.0__1046___0,163,t_8_16,108.0,0.0,0.0,2.0,0.9669292796388049,0.6776172604360251,0.76469,0,0,stable
P2680__1.0__1046___0,169,t_8_16,70.0,0.0,0.0,3.0,0.9964119781660589,0.7449689116426937,0.76469,0,0,stable
P2680__1.0__1046___0,171,t_8_16,72.0,0.0,0.0,3.0,0.9437223877733855,0.6615621125425196,0.76469,0,0,stable
P2680__1.0__1046___0,172,t_8_16,84.0,0.0,0.0,2.0,0.8392797764172514,0.678660987576299,0.76469,0,0,stable
P2680__1.0__1046___0,173,t_8_16,72.0,0.0,0.0,3.0,0.9985621168032319,0.8238280773002945,0.76469,0,1,stable
P2680__1.0__1046___0,174,t_8_16,120.0,0.0,0.0,2.0,0.9944357633073884,0.6624577,0.76469,0,0,stable
P2680__1.0__1046___0,175,t_8_16,91.00021362304688,0.0,0.0,4.0,0.9872234404289767,0.8154885111489243,0.76469,0,1,stable
P2680__1.0__1046___0,176,t_8_16,66.00018310546875,0.5,0.0,2.0,0.35648120363368563,0.6859733728405454,0.76469,0,0,mild
P2680__1.0__1046___0,177,t_8_16,65.00015258789062,0.0,0.0,2.0,0.992849585191239,0.7741090711109802,0.76469,0,1,stable
P2680__1.0__1046___0,178,t_8_16,72.0,0.25,0.0,3.0,0.7476262950712803,0.8397000651966888,0.76469,0,1,mild
P2680__1.0__1046___0,179,t_8_16,83.9996337890625,0.0,0.0,3.0,0.9104344639009847,0.5690518284029753,0.76469,0,0,stable
P2680__1.0__1046___0,182,t_8_16,72.0,0.0,0.0,1.0,,0.6598308134938737,0.76469,0,0,stable
P2705__1.0__668___1200,0,s_16_32,306.0,0.0,0.0,5.0,0.9942343053347473,0.8602849213054365,0.82066,0,1,stable
P2705__1.0__668___1200,1,s_16_32,306.00103759765625,0.0,0.0,7.0,0.9956388178601155,0.7313836315343705,0.82066,0,0,stable
P2705__1.0__668___1200,2,t_8_16,209.99988555908203,0.0,0.0,5.0,0.9956799545108338,0.7768169072762285,0.82066,0,1,stable
P2705__1.0__668___1200,3,t_8_16,224.99905586254317,0.0,0.0,3.0,0.9989949939761615,0.8155508662095844,0.82066,0,1,stable
P2705__1.0__668___1200,4,t_8_16,209.99998569488525,0.0,0.0,5.0,0.9925034671229088,0.8258629139278053,0.82066,0,1,stable
P2705__1.0__668___1200,5,t_8_16,225.0,0.0,0.0,6.0,0.9970064968519178,0.845866194389119,0.82066,0,1,stable
P2705__1.0__668___1200,7,t_8_16,125.99945068359375,0.25,0.0,2.0,0.9474321536663731,0.5659680000000039,0.72217,0,0,mild
P2705__1.0__668___1200,8,t_8_16,110.0,0.0,0.0,2.0,0.9982969430877355,0.621989427272718,0.72217,0,0,stable
P2705__1.0__668___1200,9,t_8_16,72.00048828125,0.0,0.0,1.0,,0.6882483086138274,0.72217,0,0,stable
P2705__1.0__668___1200,10,t_8_16,84.0,0.0,0.0,5.0,0.9471757078113152,0.6858852312691647,0.72217,0,0,stable
P2705__1.0__668___1200,12,t_8_16,66.00067138671875,0.0,0.0,2.0,0.9981199326053837,0.7018592455487828,0.72217,0,0,stable
P2705__1.0__668___1200,13,t_8_16,91.0,0.0,0.0,3.0,0.9964400878819435,0.8135400439560552,0.72217,0,1,stable
P2705__1.0__668___1200,15,t_8_16,90.0,0.25,0.25,1.0,,0.4863302818728155,0.72217,1,0,mild
P2705__1.0__668___1200,16,t_8_16,200.0,0.0,0.0,4.0,0.9550909113929391,0.6881224748873276,0.72217,0,0,stable
P2705__1.0__668___1200,17,t_8_16,76.99932861328125,0.25,0.0,3.0,0.7601744648150104,0.7484655028594015,0.72217,0,0,mild
P2705__1.0__668___1200,18,s_16_32,341.0,0.0,0.0,4.0,0.7876876574659989,0.4522617042107599,0.72217,1,0,stable
P2735__1.0__1800___1800,0,t_8_16,210.0,0.0,0.0,3.0,0.9985233541038115,0.832374853245897,0.84026,0,1,stable
P2735__1.0__1800___1800,1,s_16_32,272.0,0.0,0.0,5.0,0.9996922705273582,0.8954257311680439,0.84026,0,1,stable
P2735__1.0__1800___1800,2,t_8_16,80.99986267089844,0.0,0.0,1.0,,0.8200236145074451,0.84026,0,1,stable
P2735__1.0__1800___1800,3,t_8_16,66.0,0.0,0.0,3.0,0.851977061643871,0.5753836858865672,0.12405,0,0,stable
P2735__1.0__1800___1800,4,t_8_16,100.0,0.25,0.0,7.0,0.634723082686132,0.0,0.12405,1,0,mild
P2790__1.0__1200___0,0,t_8_16,230.00140380859375,0.0,0.0,4.0,0.9975307233300843,0.7901471643614604,0.85368,0,1,stable
P2790__1.0__1200___0,1,s_16_32,321.99859619140625,0.0,0.0,6.0,0.9857617510270333,0.6141780778701798,0.85368,0,0,stable
P2790__1.0__1200___0,2,t_8_16,209.0,0.0,0.0,3.0,0.9513806323252962,0.6930972861803035,0.85368,0,0,stable
P2790__1.0__1200___0,3,t_8_16,200.0,0.0,0.0,3.0,0.9957210423693844,0.9147699086879975,0.85368,0,1,stable
P2790__1.0__1200___0,4,s_16_32,286.0,0.0,0.0,5.0,0.8904876288524813,0.7213791083916072,0.85368,0,0,stable
P2790__1.0__1200___0,5,s_16_32,293.99871826171875,0.5,0.5,4.0,0.18046895589176823,0.41372725826128376,0.85368,1,0,mild
P2790__1.0__1200___0,6,t_8_16,231.0,0.0,0.0,5.0,0.9348844697968832,0.9434088136755465,0.85368,0,1,stable
P2790__1.0__1200___0,7,t_8_16,230.00140380859375,0.25,0.0,6.0,0.8347619859465157,0.723134773042117,0.85368,0,0,mild
P2790__1.0__1200___0,8,t_8_16,209.0,0.0,0.0,4.0,0.7577011543656184,0.8818364544103873,0.85368,0,1,stable
P2790__1.0__1200___0,9,t_8_16,128.0,0.0,0.0,2.0,0.9855474368092654,0.7702155156882914,0.85368,0,1,stable
P2790__1.0__1200___0,10,t_8_16,240.0,0.0,0.0,3.0,0.9954500888740107,0.7511778400521305,0.85368,0,1,stable
P2790__1.0__1200___0,11,s_16_32,264.0,0.0,0.0,4.0,0.9960144638047727,0.8166333613939387,0.85368,0,1,stable
a05b88cb4,0,s_16_32,391.0,0.5,0.0,7.0,0.12879790371606756,0.9257306189258271,0.29965,0,1,mild
a05b88cb4,1,t_8_16,144.0,0.0,0.0,3.0,0.8241075350955226,0.7139877104659145,0.29965,0,0,stable
a0c26d000,0,s_16_32,256.0,0.0,0.0,4.0,0.9939753632025256,0.8939590327848184,0.8483,0,1,stable
a0c26d000,1,t_8_16,156.0,0.0,0.0,2.0,0.9885758557201785,0.7797833401697756,0.8483,0,1,stable
a0c26d000,2,t_8_16,240.0,0.0,0.0,3.0,0.9801394475330311,0.9409352869034143,0.8483,0,1,stable
a0c26d000,3,s_16_32,379.9999237060547,0.0,0.0,4.0,0.9689286193975114,0.8832667792867295,0.8483,0,1,stable
a0c26d000,4,t_8_16,182.0,0.0,0.0,3.0,0.9587602367765101,0.9312668388007735,0.8483,0,1,stable
a0c26d000,5,t_8_16,181.9999008178711,0.0,0.0,2.0,0.9990171232878164,0.9404592967491632,0.8483,0,1,stable
a0c26d000,6,t_8_16,180.0,0.0,0.0,3.0,0.6817249526498618,0.7826393480789852,0.8483,0,1,stable
a0c26d000,7,s_16_32,399.0,0.0,0.0,8.0,0.8315757235081351,0.9165966416040056,0.8483,0,1,stable
a0c26d000,8,t_8_16,195.99989318847656,0.0,0.0,5.0,0.8875367426241001,0.8531842649785559,0.8483,0,1,stable
a0c26d000,9,t_8_16,196.0,0.0,0.0,4.0,0.9727982145923614,0.9595455892747153,0.8483,0,1,stable
a0c26d000,10,t_8_16,144.0,0.0,0.0,1.0,,0.8291256311135891,0.8483,0,1,stable
a0c26d000,11,s_16_32,380.0,0.0,0.0,6.0,0.9767547147818031,0.8745156449138363,0.8483,0,1,stable
a0febd5c1,0,t_8_16,209.9991455078125,0.0,0.0,5.0,0.9884281634545962,0.8409876688702235,0.92695,0,1,stable
a0febd5c1,1,t_8_16,150.0,0.0,0.0,2.0,0.8551065352340973,0.8855637157573313,0.92695,0,1,stable
a25ade42c,0,s_16_32,467.9999656677246,0.0,0.0,8.0,0.9949556850684542,0.9064361851225662,0.83756,0,1,stable
a4a363ae3,0,t_8_16,156.0,0.0,0.0,3.0,0.9389052014701266,0.8931744470482145,0.9251,0,1,stable
a562df41c,0,t_8_16,99.0,0.0,0.0,2.0,0.8744808100297515,0.5271107992224316,0.23777,0,0,stable
a6881b8ef,0,t_8_16,156.0003662109375,0.5,0.0,3.0,0.6186519950098308,0.7704662178283427,0.29423,0,1,mild
a7e07a4e2,0,t_8_16,240.0,0.0,0.0,6.0,0.9641239396678701,0.8177747490860332,0.6754,0,1,stable
a8419c552,0,t_8_16,80.0,0.0,0.0,1.0,,0.729925736517335,0.46856,0,0,stable
a9487f190,0,t_8_16,72.0,0.5,0.5,1.0,,0.9362612890953929,0.76288,0,1,mild
b111f21e0,0,t_8_16,108.0,0.0,0.0,1.0,,0.883252544373207,0.81575,0,1,stable
b27e7e33e,0,s_16_32,364.0008544921875,0.0,0.0,8.0,0.9813376565854065,0.8832848745622953,0.73511,0,1,stable
b27e7e33e,1,t_8_16,77.0,0.25,0.0,3.0,0.9084789728041673,0.9222979090909028,0.73511,0,1,mild
b5bcba7d1,0,t_8_16,135.0000286102295,0.0,0.0,2.0,0.971852577100416,0.8862300784216233,0.67882,0,1,stable
b7c82af82,0,t_8_16,108.0,0.25,0.0,3.0,0.24736053522306997,0.643503780584714,0.56427,0,0,mild
baf1c4609,0,t_8_16,132.0,0.0,0.0,1.0,,0.7570107709576755,0.6961,0,1,stable
bbccadff1,0,t_8_16,196.0,0.5,0.0,5.0,0.679248861899715,0.5845787535783527,0.69035,0,0,mild
bbccadff1,1,t_8_16,132.0,0.5,0.0,4.0,0.18962126790371941,0.676117726346889,0.69035,0,0,mild
bbccadff1,2,t_8_16,195.0,0.0,0.0,2.0,0.9941012408400275,0.7378579552642229,0.69035,0,0,stable
bf93651ea,0,t_8_16,112.0,0.5,0.5,1.0,,0.6765060822578686,0.71753,0,0,mild
c211906b9,0,t_8_16,104.99999809264409,0.0,0.0,5.0,0.966583904521325,0.9671561484180415,0.7736,0,1,stable
c47428cd8,0,t_8_16,110.0,0.0,0.0,2.0,0.9988480302155207,0.8520947862683707,0.76977,0,1,stable
c47428cd8,1,t_8_16,108.0,0.0,0.0,2.0,0.9820948597857382,0.7887296296296292,0.76977,0,1,stable
c78b4450e,0,t_8_16,255.00001621246338,0.0,0.0,5.0,0.19940656056047767,0.6504822606912827,0.06687,0,0,stable
ceb74a7cd,0,t_8_16,144.0001220703125,0.5,0.0,3.0,0.1770521455087129,0.7762486111111201,0.24527,0,1,mild
d29acb51d,0,s_16_32,323.0,0.0,0.0,7.0,0.6445928235762786,0.6951711832282802,0.75075,0,0,stable
d29acb51d,1,t_8_16,255.0,0.25,0.25,5.0,0.5534366614443644,0.8304913411764722,0.75075,0,1,mild
d29acb51d,2,s_16_32,644.0,0.0,0.0,10.0,0.5450763499768754,0.43718980916967487,0.75075,1,0,stable
d29acb51d,3,t_8_16,252.0008544921875,0.0,0.0,4.0,0.9895993956696132,0.6671857857142865,0.75075,0,0,stable
d67d144f8,0,t_8_16,72.0,0.75,0.75,0.0,,0.8771990998004617,0.41692,0,1,high
d7f2e8027,0,t_8_16,189.99942016601562,0.0,0.0,3.0,0.9948495282405424,0.9401812455718586,0.85164,0,1,stable
d7f2e8027,1,t_8_16,225.0,0.0,0.0,4.0,0.8521240795600802,0.658050125359294,0.85164,0,0,stable
d89781c4f,0,t_8_16,228.0,0.0,0.0,7.0,0.9666345447756857,0.7709143859649088,0.6741,0,1,stable
d89781c4f,1,t_8_16,98.0,0.25,0.0,5.0,0.19425708354274637,0.7500185697046893,0.6741,0,1,mild
dce1c718f,0,t_8_16,196.0,0.0,0.0,4.0,0.9371618856318099,0.8649227497561993,0.74374,0,1,stable
ded177da3,0,t_8_16,180.0,0.0,0.0,3.0,0.904073472045757,0.8435531682851016,0.49717,0,1,stable
e3332d6b3,0,t_8_16,136.0,0.0,0.0,3.0,0.946447025108097,0.8548949465457711,0.59872,0,1,stable
e4fbf6655,0,t_8_16,181.99960327148438,0.0,0.0,4.0,0.7760480464024774,0.6736589999999999,0.69526,0,0,stable
e4fbf6655,1,t_8_16,120.0,0.0,0.0,1.0,,0.7340438166666686,0.69526,0,0,stable
e4fbf6655,3,t_8_16,88.0,0.0,0.0,1.0,,0.696786594273875,0.69526,0,0,stable
e5d4d71d8,0,t_8_16,195.0,0.5,0.0,4.0,0.1452705893986765,0.8465679561352301,0.55253,0,1,mild
ecf96de51,0,t_8_16,154.0,0.25,0.0,3.0,0.5801088710719665,0.6829276103896158,0.70916,0,0,mild
eefabbd8e,0,t_8_16,144.0,0.0,0.0,3.0,0.8949761020729868,0.8697359999999926,0.69042,0,1,stable
f2962b9a9,0,s_16_32,270.0000171661377,0.0,0.0,5.0,0.8866313022704073,0.6537991851851853,0.1394,0,0,stable
f2962b9a9,1,t_8_16,247.0,0.5,0.0,5.0,0.02667301455508875,0.8306285753806417,0.1394,0,1,mild
f38f57e36,0,t_8_16,223.9990234375,0.0,0.0,4.0,0.6466864700068293,0.9214536533412573,0.76846,0,1,stable
f38f57e36,1,t_8_16,221.0,0.0,0.0,3.0,0.868154080220732,0.7424393716707757,0.76846,0,0,stable
f38f57e36,2,t_8_16,146.99871826171875,0.0,0.0,5.0,0.9208004785809077,0.6315321824767129,0.76846,0,0,stable
f38f57e36,3,t_8_16,231.0,0.0,0.0,4.0,0.9767544569106427,0.8190598787878739,0.76846,0,1,stable
f38f57e36,4,t_8_16,144.0,0.0,0.0,7.0,0.9163161816329801,0.6808840294289886,0.76846,0,0,stable
f38f57e36,5,t_8_16,180.0,0.0,0.0,4.0,0.9833900196827573,0.897937954832009,0.76846,0,1,stable
f397255f3,0,t_8_16,117.0,0.25,0.0,2.0,0.9862784043548922,0.8852445713367169,0.75552,0,1,mild
f397255f3,1,t_8_16,120.0,0.0,0.0,7.0,0.8769648320133194,0.745221458333331,0.75552,0,0,stable
f6ca92775,0,t_8_16,66.0,0.0,0.0,2.0,0.99602773613536,0.5770057945369791,0.7861,0,0,stable
f897c2524,0,t_8_16,189.0,0.25,0.0,3.0,0.9731154119277976,0.8202555338919373,0.72966,0,1,mild
