image_id,gt_id,size_bin,area,o2o_flip_rate,stride_flip_rate,o2m_positive_count,o2o_margin_0,max_iou,best_prediction_score,fn_at_iou50,success_iou75,stability_group
0000126_00054_d_0000124__1200_0,0,s_16_32,447.998291015625,0.0,0.0,8.0,0.9469248320484512,0.6678782072230071,0.79903,0,0,stable
0000126_00054_d_0000124__1200_0,1,s_16_32,308.0,0.0,0.0,4.0,0.1032341721619819,0.7836418909595959,0.79903,0,1,stable
0000126_00054_d_0000124__1200_0,2,t_8_16,159.99951171875,0.0,0.0,3.0,0.940632970119013,0.8721483057114803,0.79903,0,1,stable
0000126_00054_d_0000124__1200_0,3,t_8_16,144.0,0.5,0.5,0.0,,0.8043959433910374,0.79903,0,1,mild
0000126_00054_d_0000124__1200_0,4,t_8_16,95.9996337890625,0.0,0.0,3.0,0.9448434761311043,0.7027327524954281,0.79903,0,0,stable
0000126_00054_d_0000124__1200_0,5,t_8_16,128.0,0.0,0.0,2.0,0.19058946318733316,0.7638376880540707,0.79903,0,1,stable
0000126_00054_d_0000124__1200_0,6,t_8_16,112.0,0.0,0.0,2.0,0.9613013064506283,0.7178966174096975,0.79903,0,0,stable
0000126_00054_d_0000124__1200_0,7,t_8_16,128.0,0.25,0.25,2.0,0.9505941960344482,0.7079322549304735,0.79903,0,0,mild
0000126_00054_d_0000124__1200_0,8,t_8_16,111.99951171875,0.25,0.25,1.0,,0.7108236640341685,0.79903,0,0,mild
0000126_00054_d_0000124__1200_0,9,t_8_16,84.0,0.25,0.0,5.0,0.6003855092740626,0.8119427028273468,0.79903,0,1,mild
0000126_00054_d_0000124__1200_0,10,t_8_16,144.0,0.5,0.5,2.0,0.050712035818165184,0.7755029720121519,0.79903,0,1,mild
0000126_00054_d_0000124__1200_0,11,t_8_16,96.0,0.25,0.0,4.0,0.3505019718207091,0.5925024639258978,0.79903,0,0,mild
0000170_00401_d_0000001__160_0,0,s_16_32,320.0,0.0,0.0,5.0,0.9301935821254312,0.6842121023874403,0.72955,0,0,stable
0000170_00401_d_0000001__160_0,1,t_8_16,112.0,0.5,0.5,0.0,0.4030191155414727,0.36840374129130143,0.72955,1,0,mild
0000170_00401_d_0000001__160_0,2,s_16_32,416.0009765625,0.0,0.0,1.0,0.10281786783100369,0.4869060437622156,0.72955,1,0,stable
0000170_00401_d_0000001__160_0,3,s_16_32,576.0,0.0,0.0,10.0,0.8026277766460482,0.7977430760313791,0.72955,0,1,stable
0000170_00401_d_0000001__160_0,4,s_16_32,576.0,0.0,0.0,4.0,0.6164002113514767,0.4018093815906631,0.72955,1,0,stable
0000170_00401_d_0000001__160_0,6,t_8_16,180.0000343322754,0.25,0.0,2.0,0.942181362540056,0.7793501640553894,0.72955,0,1,mild
0000170_00401_d_0000001__160_0,8,t_8_16,140.0,0.0,0.0,3.0,0.5408378907253603,0.5229444726945017,0.72955,0,0,stable
0000170_00401_d_0000001__160_0,9,t_8_16,180.0,0.0,0.0,3.0,0.8976238937993043,0.7018262190620952,0.72955,0,0,stable
0000170_00401_d_0000001__160_0,10,t_8_16,219.9998321533203,0.0,0.0,2.0,0.7507043517946744,0.8445058545927662,0.72955,0,1,stable
0000170_00401_d_0000001__160_0,11,t_8_16,192.0,0.5,0.5,3.0,0.6358188832977203,0.6110751382929129,0.72955,0,0,mild
0000170_00401_d_0000001__160_0,12,s_16_32,780.0,0.0,0.0,10.0,0.9689661484550145,0.830537379478893,0.88939,0,1,stable
0000170_00401_d_0000001__160_0,14,t_8_16,216.0,0.0,0.0,3.0,0.9704281570897989,0.8037593662414827,0.72955,0,1,stable
0000170_00401_d_0000001__160_0,15,t_8_16,128.0,0.5,0.5,0.0,,0.7804132027549434,0.72955,0,1,mild
0000170_00401_d_0000001__160_0,16,t_8_16,108.0,0.0,0.0,0.0,0.2132839636569232,0.5529433116783963,0.72955,0,0,stable
0000170_00401_d_0000001__160_0,17,t_8_16,96.0,0.25,0.25,1.0,,0.8374355280674661,0.72955,0,1,mild
0000170_00401_d_0000001__160_0,18,t_8_16,182.0,0.25,0.25,1.0,0.5098107858388236,0.5757516171740447,0.72955,0,0,mild
0000170_00401_d_0000001__160_0,19,t_8_16,140.0,0.0,0.0,2.0,0.9343046189307959,0.8820641236368157,0.72955,0,1,stable
0000170_00401_d_0000001__160_0,20,t_8_16,216.0,0.0,0.0,3.0,0.6530292154827646,0.6428469166666639,0.72955,0,0,stable
0000170_00401_d_0000001__160_0,21,t_8_16,80.0,0.25,0.25,2.0,0.7142347203996756,0.5455329410978347,0.72955,0,0,mild
0000170_00401_d_0000001__160_0,22,t_8_16,64.0,0.25,0.25,0.0,,0.607683023646111,0.72955,0,0,mild
0000170_00401_d_0000001__160_0,24,s_16_32,680.0,0.0,0.0,10.0,0.9463344388770966,0.9155152235294131,0.72955,0,1,stable
0000170_00401_d_0000001__160_0,25,s_16_32,336.0,0.5,0.25,1.0,0.10854036768598464,0.6096274705963269,0.72955,0,0,mild
0000170_00401_d_0000001__160_0,26,s_16_32,280.0,0.25,0.0,6.0,0.11060469828803918,0.9793055097971478,0.72955,0,1,mild
0000170_00401_d_0000001__160_0,27,s_16_32,320.0,0.0,0.0,7.0,0.9279594100543745,0.8771443355696347,0.72955,0,1,stable
0000170_00401_d_0000001__160_0,28,s_16_32,468.0,0.0,0.0,7.0,0.5036186816043102,0.7792504098854909,0.72955,0,1,stable
0000170_00401_d_0000001__160_0,29,t_8_16,238.0,0.25,0.25,3.0,0.07470688838753403,0.5246658534345938,0.72955,0,0,mild
0000170_00401_d_0000001__160_0,30,t_8_16,168.0,0.0,0.0,1.0,0.35308693883169506,0.01835100984120203,0.72955,1,0,stable
0000170_00401_d_0000001__160_0,31,s_16_32,434.0,0.0,0.0,3.0,0.9319344213462419,0.5163971857989704,0.72955,0,0,stable
0000170_00401_d_0000001__160_0,32,s_16_32,594.0,0.0,0.0,7.0,0.8266504480744205,0.679811390366679,0.72955,0,0,stable
0000170_00401_d_0000001__160_0,33,s_16_32,351.998046875,0.25,0.25,5.0,0.3506608318823628,0.841923922748266,0.72955,0,1,mild
0000170_00401_d_0000001__160_0,34,s_16_32,448.0,0.25,0.25,5.0,0.5268406719702222,0.8002433647226869,0.72955,0,1,mild
0000170_00401_d_0000001__160_0,35,s_16_32,260.0006103515625,0.0,0.0,4.0,0.959162551936286,0.6610797018988516,0.72955,0,0,stable
0000170_00401_d_0000001__160_0,36,s_16_32,260.0006103515625,0.0,0.0,6.0,0.9396106451967778,0.7918303932541055,0.72955,0,1,stable
0000170_00401_d_0000001__160_0,37,t_8_16,160.0,0.0,0.0,2.0,0.6787609029872681,0.4796353248082408,0.72955,1,0,stable
0000170_00401_d_0000001__160_0,38,s_16_32,260.0006103515625,0.5,0.0,4.0,0.03983948132497548,0.8703133062344328,0.72955,0,1,mild
0000170_00401_d_0000001__160_0,39,t_8_16,154.0,0.0,0.0,0.0,,0.28626564939885124,0.72955,1,0,stable
0000170_00401_d_0000001__160_0,40,s_16_32,275.0,0.0,0.0,1.0,0.9982812813992064,0.3426871944812208,0.72955,1,0,stable
0000170_00401_d_0000001__160_0,41,t_8_16,108.0010986328125,0.0,0.0,1.0,0.9256615283134916,0.07164126140619638,0.72955,1,0,stable
0000170_00401_d_0000001__160_0,42,t_8_16,241.9986572265625,0.25,0.0,1.0,0.9999998887459811,0.3339768183223632,0.72955,1,0,mild
0000170_00401_d_0000001__160_0,45,t_8_16,220.0,0.5,0.5,2.0,0.0564119033568678,0.7641665759011338,0.72955,0,1,mild
0000170_00401_d_0000001__160_0,46,t_8_16,220.0,0.25,0.0,5.0,0.6050700518863996,0.7733340181818235,0.72955,0,1,mild
0000170_00401_d_0000001__160_0,47,t_8_16,220.0,0.25,0.0,3.0,0.6661157572403302,0.5323243371716732,0.72955,0,0,mild
0000170_00401_d_0000001__160_0,48,t_8_16,176.0,0.25,0.25,3.0,0.49169040046093293,0.5770455852272782,0.72955,0,0,mild
0000170_00401_d_0000001__160_0,49,t_8_16,144.0009765625,0.0,0.0,1.0,0.9997065400117046,0.25583572844728786,0.72955,1,0,stable
0000170_00401_d_0000001__160_0,54,s_16_32,950.0,0.0,0.0,10.0,0.6336958051286116,0.755835385964498,0.88939,0,1,stable
0000170_00401_d_0000001__160_0,55,s_16_32,560.0,0.0,0.0,10.0,0.8134154752802382,0.9174609199605602,0.88939,0,1,stable
0000170_00401_d_0000001__160_0,56,s_16_32,910.0,0.25,0.0,10.0,0.1750577802550536,0.7070278926114556,0.88939,0,0,mild
0000170_00401_d_0000001__160_0,57,s_16_32,480.0,0.0,0.0,4.0,0.6017939479422552,0.6303631251653943,0.88939,0,0,stable
0000170_00401_d_0000001__160_0,58,t_8_16,160.0,0.25,0.25,3.0,0.9704850891589217,0.7372434997683662,0.72955,0,0,mild
0000170_00401_d_0000001__160_0,59,t_8_16,96.0,0.0,0.0,2.0,0.5877905862300684,0.5506470545657285,0.72955,0,0,stable
0000170_00401_d_0000001__160_0,61,t_8_16,195.99850464146584,0.0,0.0,2.0,0.9860031505362187,0.7051788907109103,0.88939,0,0,stable
0000170_00401_d_0000001__160_0,63,s_16_32,280.0,0.0,0.0,2.0,0.4890181678454949,0.3489644035714269,0.88939,1,0,stable
0000170_00401_d_0000001__160_0,66,t_8_16,104.000244140625,0.25,0.25,2.0,0.6720294509642573,0.7063791346153868,0.88939,0,0,mild
0000170_00401_d_0000001__160_0,72,s_16_32,528.0,0.0,0.0,10.0,0.9957079121901558,0.9047019894592487,0.88939,0,1,stable
0000170_00401_d_0000001__160_0,73,s_16_32,260.0006103515625,0.0,0.0,6.0,0.9266261556233996,0.678857818478062,0.88939,0,0,stable
0000170_00401_d_0000001__160_0,74,t_8_16,121.0,0.0,0.0,2.0,0.9978901980543956,0.6811704380410295,0.88939,0,0,stable
0000174_01601_d_0000001__0_0,2,s_16_32,784.0,0.0,0.0,10.0,0.9964899702102884,0.8871471328721148,0.92576,0,1,stable
0000174_01601_d_0000001__0_0,3,s_16_32,528.0,0.0,0.0,10.0,0.9875876206897327,0.7447519166666697,0.92576,0,0,stable
0000174_01601_d_0000001__0_0,5,t_8_16,195.99957275390625,0.0,0.0,3.0,0.7514972695925948,0.8315754130920556,0.92576,0,1,stable
0000174_01601_d_0000001__0_0,6,s_16_32,396.0,0.0,0.0,7.0,0.9966554677721746,0.8848154633578901,0.92576,0,1,stable
0000174_01601_d_0000001__0_0,8,t_8_16,224.0,0.0,0.0,3.0,0.9254779930523624,0.711995178047746,0.92576,0,0,stable
0000174_01601_d_0000001__0_0,9,s_16_32,576.0,0.0,0.0,10.0,0.9385971947965754,0.8742757859086028,0.77043,0,1,stable
0000174_01601_d_0000001__0_0,14,t_8_16,72.0,0.0,0.0,3.0,0.8972183754233676,0.7450934341872338,0.77043,0,0,stable
0000174_01601_d_0000001__0_0,16,t_8_16,84.0008544921875,0.5,0.0,4.0,0.005716979061699572,0.775892699516841,0.77043,0,1,mild
0000174_01601_d_0000001__0_0,17,t_8_16,84.0008544921875,0.5,0.25,3.0,0.22891348947628318,0.7905629831915723,0.77043,0,1,mild
0000174_01601_d_0000001__0_0,18,t_8_16,112.0,0.25,0.25,3.0,0.8468836309685486,0.7719883802734417,0.77043,0,1,mild
0000181_00889_d_0000030__0_0,1,s_16_32,748.0,0.25,0.25,5.0,0.45991847135313957,0.9114894864262663,0.64768,0,1,mild
0000181_00889_d_0000030__0_0,2,s_16_32,600.0,0.5,0.0,7.0,0.8704594470887222,0.8002523645048077,0.64768,0,1,mild
0000181_00889_d_0000030__0_0,5,t_8_16,95.999755859375,0.25,0.25,0.0,,0.0,0.64768,1,0,mild
0000181_00889_d_0000030__0_0,6,s_16_32,468.0,0.0,0.0,10.0,0.7766024428108366,0.8007814075848433,0.92431,0,1,stable
0000181_00889_d_0000030__0_0,7,s_16_32,416.0,0.0,0.0,10.0,0.9580391364342988,0.8401597901668417,0.92431,0,1,stable
0000181_00889_d_0000030__0_0,8,t_8_16,71.99981689453125,0.25,0.0,2.0,0.03433596323749091,0.438694018873165,0.64768,1,0,mild
0000181_00889_d_0000030__0_0,9,t_8_16,219.99969482421875,0.0,0.0,4.0,0.9452080257125935,0.8575772634336823,0.64768,0,1,stable
0000181_00889_d_0000030__0_0,10,t_8_16,128.0,0.25,0.0,3.0,0.08716077076267162,0.8630519589238129,0.64768,0,1,mild
0000181_00889_d_0000030__0_0,11,s_16_32,527.999267578125,0.0,0.0,6.0,0.9805572765755647,0.5444834348303935,0.92431,0,0,stable
0000181_00889_d_0000030__0_0,12,s_16_32,324.0,0.0,0.0,5.0,0.9088569808610414,0.8126835250043406,0.92431,0,1,stable
0000181_00889_d_0000030__0_0,13,t_8_16,128.0,0.0,0.0,2.0,0.9797254565649811,0.0,0.64768,1,0,stable
0000181_00889_d_0000030__0_0,14,s_16_32,312.0,0.0,0.0,6.0,0.11221858318264955,0.0,0.92431,1,0,stable
0000181_00889_d_0000030__0_0,15,t_8_16,108.0,0.25,0.0,3.0,0.9606219484915937,0.5980237268699964,0.64768,0,0,mild
0000181_00889_d_0000030__0_0,16,t_8_16,96.0,0.25,0.25,1.0,0.8741579146610975,0.5310379103741437,0.64768,0,0,mild
0000181_00889_d_0000030__0_0,17,t_8_16,108.0,0.25,0.0,3.0,0.2913305671433807,0.6962664887992059,0.64768,0,0,mild
0000181_00889_d_0000030__0_0,18,t_8_16,224.0,0.25,0.0,2.0,0.1963677686561749,0.3105769308138362,0.92431,1,0,mild
0000181_00889_d_0000030__0_0,19,t_8_16,96.0,0.0,0.0,1.0,,0.7278695890293851,0.64768,0,0,stable
0000181_00889_d_0000030__0_0,22,t_8_16,240.0,0.25,0.25,3.0,0.9293173978904861,0.6402289200428878,0.92431,0,0,mild
0000181_00889_d_0000030__0_0,23,t_8_16,144.0,0.0,0.0,2.0,0.9463131517454709,0.5725946230900508,0.92431,0,0,stable
0000181_00889_d_0000030__0_0,27,t_8_16,95.99993896484375,0.0,0.0,2.0,0.997097893331592,0.6958336897513656,0.92431,0,0,stable
0000181_00889_d_0000030__0_0,34,s_16_32,383.999267578125,0.0,0.0,7.0,0.724957314165717,0.9744392041839198,0.92431,0,1,stable
0000181_00889_d_0000030__0_0,37,t_8_16,120.0,0.25,0.25,1.0,0.7822579766426483,0.5604974271296748,0.92431,0,0,mild
0000181_00889_d_0000030__0_0,38,t_8_16,143.99990844726562,0.5,0.0,4.0,0.4746471065977607,0.8236249670407694,0.92431,0,1,mild
0000181_00889_d_0000030__0_0,39,t_8_16,140.0,0.0,0.0,0.0,,0.6345594735889384,0.92431,0,0,stable
0000181_00889_d_0000030__0_0,40,t_8_16,80.0,0.0,0.0,1.0,,0.6392417624518035,0.92431,0,0,stable
0000243_00001_d_0000001__160_0,2,t_8_16,72.0,0.0,0.0,1.0,,0.6373450416666697,0.92373,0,0,stable
0000243_00001_d_0000001__160_0,10,t_8_16,144.0,0.0,0.0,4.0,0.9078953456977821,0.9017256666666679,0.92373,0,1,stable
0000243_00001_d_0000001__160_0,11,t_8_16,144.0,0.0,0.0,4.0,0.9229868740317562,0.8722477436286562,0.92373,0,1,stable
0000243_00001_d_0000001__160_0,14,t_8_16,72.0,0.0,0.0,2.0,0.9785971924263248,0.5306211079241088,0.92373,0,0,stable
0000243_00001_d_0000001__160_0,19,t_8_16,80.0,0.25,0.0,1.0,,0.7558354546215286,0.92373,0,1,mild
0000243_00001_d_0000001__160_0,20,t_8_16,120.0,0.0,0.0,1.0,,0.7582064387832839,0.92373,0,1,stable
0000243_00001_d_0000001__160_0,21,t_8_16,144.0,0.0,0.0,1.0,,0.7418154802610782,0.92373,0,0,stable
0000243_00001_d_0000001__160_0,22,s_16_32,256.0,0.0,0.0,5.0,0.7115726111320417,0.818163210452181,0.92373,0,1,stable
0000243_00001_d_0000001__160_0,26,t_8_16,255.999755859375,0.0,0.0,5.0,0.9917399875332134,0.6966884525500102,0.92373,0,0,stable
0000243_00001_d_0000001__160_0,28,s_16_32,359.99945068359375,0.0,0.0,6.0,0.991657374594061,0.8845258472222237,0.92373,0,1,stable
0000243_00001_d_0000001__160_0,29,s_16_32,527.9993286132812,0.0,0.0,10.0,0.9960170692662924,0.8981086546138441,0.92373,0,1,stable
0000243_00001_d_0000001__160_0,31,s_16_32,256.0,0.0,0.0,3.0,0.9845359608970796,0.6401036356733544,0.92373,0,0,stable
0000243_00001_d_0000001__160_0,32,s_16_32,400.0,0.0,0.0,8.0,0.9144644010690586,0.6864825785354756,0.92373,0,0,stable
0000243_00001_d_0000001__160_0,33,t_8_16,96.0,0.25,0.0,5.0,0.7373948435210657,0.7964692213507539,0.48378,0,1,mild
0000243_00001_d_0000001__160_0,34,t_8_16,96.0,0.25,0.25,1.0,0.46644100525150584,0.27287552999140796,0.48378,1,0,mild
0000313_00201_d_0000437__0_0,2,s_16_32,432.0,0.0,0.0,8.0,0.9395973649839613,0.8241914834802236,0.91732,0,1,stable
0000313_00201_d_0000437__0_0,3,t_8_16,156.0,0.0,0.0,8.0,0.9660086968185947,0.5433341743403357,0.82467,0,0,stable
0000313_00201_d_0000437__0_0,4,s_16_32,888.0,0.0,0.0,10.0,0.9869833963761682,0.9793698725081322,0.91732,0,1,stable
0000313_00201_d_0000437__0_0,5,t_8_16,220.0,0.0,0.0,4.0,0.9870491524425553,0.822451426930882,0.82467,0,1,stable
0000313_00201_d_0000437__0_0,6,t_8_16,176.0,0.5,0.5,1.0,,0.8427229999999953,0.82467,0,1,mild
0000313_00201_d_0000437__0_0,7,t_8_16,120.0,0.0,0.0,6.0,0.9668575347186427,0.7308333031178701,0.82467,0,0,stable
0000313_00201_d_0000437__0_0,9,t_8_16,96.0,0.0,0.0,1.0,0.9999999736925743,0.5062204852118621,0.82467,0,0,stable
0000313_00201_d_0000437__0_0,10,s_16_32,360.0,0.0,0.0,7.0,0.9929059316358279,0.7406397770260527,0.91732,0,0,stable
0000313_00201_d_0000437__0_0,12,t_8_16,96.0,0.0,0.0,2.0,0.9634950215221674,0.7984313458790577,0.82467,0,1,stable
0000313_00201_d_0000437__0_0,13,s_16_32,308.0,0.0,0.0,5.0,0.9615422160843047,0.8796958172239736,0.91732,0,1,stable
0000313_00201_d_0000437__0_0,14,s_16_32,384.0,0.5,0.0,9.0,0.15209114685673428,0.6686414275437675,0.91732,0,0,mild
0000313_00201_d_0000437__0_0,15,s_16_32,484.0,0.0,0.0,10.0,0.9891810509576624,0.6728001033057832,0.91732,0,0,stable
0000313_00201_d_0000437__0_0,16,s_16_32,288.0,0.0,0.0,4.0,0.8741702448749673,0.6690581458333331,0.91732,0,0,stable
0000313_00201_d_0000437__0_0,22,t_8_16,100.0,0.0,0.0,1.0,,0.8648554219243623,0.91732,0,1,stable
0000313_00201_d_0000437__0_0,23,t_8_16,168.0,0.0,0.0,2.0,0.8955365281079724,0.803209320367169,0.91732,0,1,stable
0000313_00201_d_0000437__0_0,24,t_8_16,80.0,0.0,0.0,2.0,0.897756332176849,0.8616085214546699,0.91732,0,1,stable
0000313_00201_d_0000437__0_0,25,t_8_16,100.0,0.0,0.0,1.0,,0.9367854467869612,0.91732,0,1,stable
0000313_00201_d_0000437__0_0,26,t_8_16,80.0,0.25,0.25,1.0,,0.7717715500000071,0.91732,0,1,mild
0000313_00201_d_0000437__0_0,27,t_8_16,224.0001220703125,0.0,0.0,4.0,0.9642665471553982,0.8506715535714244,0.91732,0,1,stable
0000313_00201_d_0000437__0_0,28,t_8_16,100.0,0.25,0.0,2.0,0.8541857187806202,0.7665129323597065,0.91732,0,1,mild
0000313_00201_d_0000437__0_0,32,t_8_16,100.0,0.0,0.0,2.0,0.9762635230682063,0.7686219584610189,0.91732,0,1,stable
0000313_00201_d_0000437__0_0,33,t_8_16,100.0,0.25,0.0,2.0,0.9999984884191171,0.7594081435568881,0.91732,0,1,mild
0000313_00201_d_0000437__0_0,34,t_8_16,72.0,0.5,0.25,3.0,0.6898751526168119,0.6596097252892772,0.82467,0,0,mild
0000313_00201_d_0000437__0_0,35,t_8_16,84.0,0.5,0.5,2.0,0.3864974735437563,0.8198186666666695,0.82467,0,1,mild
0000313_00201_d_0000437__0_0,36,t_8_16,192.0,0.0,0.0,3.0,0.9909407967518089,0.7629181482896782,0.91732,0,1,stable
0000313_00201_d_0000437__0_0,37,s_16_32,288.0,0.0,0.0,5.0,0.9839792195592575,0.889739637724899,0.91732,0,1,stable
0000313_00201_d_0000437__0_0,38,s_16_32,780.0,0.0,0.0,10.0,0.9975039924740887,0.9269568999999978,0.91732,0,1,stable
0000313_00201_d_0000437__0_0,42,t_8_16,192.0,0.25,0.25,2.0,0.9602615280945715,0.6864770014002594,0.82467,0,0,mild
0000313_00201_d_0000437__0_0,43,t_8_16,192.0,0.25,0.25,4.0,0.5612443544088408,0.6073851156428414,0.82467,0,0,mild
0000313_00201_d_0000437__0_0,44,s_16_32,288.0,0.25,0.0,6.0,0.5758989096263376,0.8895352916666718,0.82467,0,1,mild
0000313_00201_d_0000437__0_0,45,t_8_16,156.0,0.0,0.0,6.0,0.820447999593449,0.6218521284255483,0.82467,0,0,stable
0000313_00201_d_0000437__0_0,46,t_8_16,240.0,0.0,0.0,4.0,0.8625430205180546,0.7491633663044445,0.82467,0,0,stable
0000313_00201_d_0000437__0_0,47,t_8_16,220.0,0.0,0.0,3.0,0.7024899814644094,0.0,0.82467,1,0,stable
0000313_00201_d_0000437__0_0,48,t_8_16,220.0,0.0,0.0,4.0,0.7751397732219286,0.830636842245235,0.82467,0,1,stable
0000313_00201_d_0000437__0_0,49,s_16_32,280.0,0.0,0.0,4.0,0.8381928102080052,0.620155763445116,0.82467,0,0,stable
0000313_00201_d_0000437__0_0,50,t_8_16,192.0,0.0,0.0,2.0,0.9949429510688014,0.014920245131012573,0.82467,1,0,stable
0000313_00201_d_0000437__0_0,51,s_16_32,272.0,0.0,0.0,5.0,0.5807214368044462,0.0,0.82467,1,0,stable
0000313_00201_d_0000437__0_0,53,s_16_32,828.0,0.25,0.25,10.0,0.4677337737467287,0.8753155423958451,0.91732,0,1,mild
0000313_00201_d_0000437__0_0,54,s_16_32,863.9989013671875,0.0,0.0,10.0,0.9644612299435354,0.8796994936285822,0.91732,0,1,stable
0000313_00201_d_0000437__0_0,55,s_16_32,672.0,0.0,0.0,10.0,0.9746275426095377,0.9685617616639571,0.91732,0,1,stable
0000313_00201_d_0000437__0_0,56,s_16_32,640.0,0.0,0.0,10.0,0.9643994593035273,0.7803879357602956,0.91732,0,1,stable
0000313_00201_d_0000437__0_0,57,s_16_32,640.0,0.0,0.0,10.0,0.4375072725786174,0.8494817548584838,0.91732,0,1,stable
0000313_00201_d_0000437__0_0,58,s_16_32,300.0,0.0,0.0,5.0,0.9720781469635891,0.7410989322372972,0.91732,0,0,stable
0000313_00201_d_0000437__0_0,59,s_16_32,260.0,0.0,0.0,4.0,0.9914783027015743,0.7753362150335508,0.91732,0,1,stable
0000313_00201_d_0000437__0_0,60,t_8_16,110.0,0.0,0.0,1.0,,0.5688797176117556,0.91732,0,0,stable
0000313_00201_d_0000437__0_0,62,t_8_16,72.0,0.5,0.5,1.0,,0.6961887222222228,0.91732,0,0,mild
00e0b6dc0,0,t_8_16,143.0,0.0,0.0,2.0,0.9627151795329847,0.7637305837574321,0.78203,0,1,stable
014773cfa,0,t_8_16,175.99932861328125,0.0,0.0,3.0,0.9974615661254346,0.9043929756614902,0.83376,0,1,stable
03592,0,t_8_16,97.9991455078125,0.0,0.0,4.0,0.9552975782443399,0.8117965408721133,0.83931,0,1,stable
03592,1,t_8_16,98.0,0.0,0.0,4.0,0.9655607035720948,0.7788375778914787,0.83931,0,1,stable
03592,2,t_8_16,96.0,0.0,0.0,5.0,0.9894916416093515,0.8194054990858516,0.83931,0,1,stable
03592,3,t_8_16,105.0,0.0,0.0,5.0,0.9705041282832011,0.8319995252688698,0.83931,0,1,stable
03592,4,t_8_16,143.0,0.0,0.0,2.0,0.9952420898236284,0.8616878753578605,0.83931,0,1,stable
03592,5,t_8_16,154.0,0.0,0.0,3.0,0.922211623133249,0.7232722618184828,0.83931,0,0,stable
03592,6,t_8_16,70.0,0.0,0.0,5.0,0.736146942661171,0.7394878839347143,0.83931,0,0,stable
04065,0,t_8_16,105.0,0.0,0.0,5.0,0.9592342500334948,0.6580775809523847,0.07034,0,0,stable
04ef6825b,0,t_8_16,77.0,0.0,0.0,3.0,0.9468318015297965,0.5491855814125268,0.79997,0,0,stable
04ef6825b,1,t_8_16,77.0,0.0,0.0,3.0,0.9944117433547192,0.7891178646285266,0.79997,0,1,stable
057836607,1,t_8_16,70.0,0.0,0.0,3.0,0.9926775313595595,0.8119919999999982,0.92281,0,1,stable
06914,0,t_8_16,252.99859619140625,0.0,0.0,4.0,0.9872490691417126,0.7755293133391048,0.88292,0,1,stable
06914,1,s_16_32,294.0,0.0,0.0,5.0,0.48389629828719666,0.8465704855587882,0.88292,0,1,stable
06914,2,s_16_32,288.0,0.0,0.0,6.0,0.9920287912793053,0.8077464437664216,0.88292,0,1,stable
06914,3,t_8_16,162.0,0.0,0.0,2.0,0.9922151896849318,0.848016231524789,0.88292,0,1,stable
06914,4,t_8_16,190.0,0.0,0.0,3.0,0.8508206423184438,0.7887282978444533,0.88292,0,1,stable
06914,5,s_16_32,322.0,0.0,0.0,4.0,0.9726886980612515,0.7598030004229136,0.88292,0,1,stable
06914,6,t_8_16,208.0,0.0,0.0,4.0,0.9185164633807208,0.8028752789262167,0.88292,0,1,stable
06914,7,t_8_16,224.0,0.0,0.0,4.0,0.6513314836945991,0.7846500178061258,0.88292,0,1,stable
06914,8,t_8_16,192.0,0.0,0.0,3.0,0.9253611213168986,0.8316100136958938,0.88292,0,1,stable
06914,9,t_8_16,195.0,0.0,0.0,4.0,0.9623981138747135,0.8683318306063633,0.88292,0,1,stable
06914,10,t_8_16,180.0,0.0,0.0,5.0,0.9652525356745986,0.8268413294401512,0.88292,0,1,stable
06914,11,t_8_16,144.0,0.0,0.0,3.0,0.969325566702837,0.7981811733694021,0.88292,0,1,stable
06914,12,s_16_32,390.00170898623765,0.0,0.0,10.0,0.7250190524854837,0.7546989401283233,0.88292,0,1,stable
06914,13,s_16_32,680.0,0.0,0.0,10.0,0.9867809704941197,0.902312788235295,0.88292,0,1,stable
06914,14,s_16_32,375.0000476837158,0.0,0.0,4.0,0.9858221362352414,0.8422243429043428,0.88292,0,1,stable
06914,15,s_16_32,420.00042724609375,0.0,0.0,10.0,0.9870325674092859,0.9180901219126368,0.88292,0,1,stable
06914,16,s_16_32,312.0,0.0,0.0,6.0,0.9917281541261779,0.8207378834969822,0.88292,0,1,stable
06914,17,t_8_16,220.0,0.0,0.0,3.0,0.9943176474445307,0.7360708505607293,0.88292,0,0,stable
06914,18,t_8_16,191.99990844726562,0.0,0.0,3.0,0.9983458894310342,0.8172723043923547,0.88292,0,1,stable
06914,19,t_8_16,191.999755859375,0.0,0.0,4.0,0.9948429595878214,0.8432441315223732,0.88292,0,1,stable
06914,20,s_16_32,455.9999542236328,0.0,0.0,8.0,0.9878176331180185,0.8888631110108046,0.88292,0,1,stable
06914,21,s_16_32,293.9993591308594,0.0,0.0,5.0,0.9367891805405111,0.43421671752492474,0.88292,1,0,stable
06914,22,t_8_16,77.99960327148438,0.0,0.0,4.0,0.9856218467564264,0.6284382825265152,0.88292,0,0,stable
06914,23,t_8_16,230.0,0.0,0.0,4.0,0.9967280856396337,0.7440868646229284,0.88292,0,0,stable
06914,24,t_8_16,180.0,0.0,0.0,3.0,0.7432101687503593,0.7447063060646776,0.88292,0,0,stable
06914,25,t_8_16,198.0,0.0,0.0,3.0,0.9933123992332934,0.8914027041837386,0.88292,0,1,stable
06914,26,t_8_16,243.0,0.0,0.0,5.0,0.6753142191211334,0.6909703428739064,0.88292,0,0,stable
06914,27,t_8_16,126.0,0.0,0.0,5.0,0.8869898493832601,0.6153483662484073,0.88292,0,0,stable
06914,28,s_16_32,363.0,0.0,0.0,10.0,0.9915370853494226,0.9172585287755627,0.88292,0,1,stable
06914,29,s_16_32,462.0,0.0,0.0,8.0,0.6819921976872122,0.7589449264069285,0.88292,0,1,stable
06914,30,t_8_16,220.0010375957936,0.0,0.0,6.0,0.9768654902095653,0.8283648645323112,0.88292,0,1,stable
06914,31,t_8_16,161.99972534179688,0.25,0.0,4.0,0.9846001189571784,0.7185154657613941,0.88292,0,0,mild
06914,32,t_8_16,128.0,0.0,0.0,2.0,0.9891609167657736,0.8458492859822744,0.88292,0,1,stable
06914,33,t_8_16,152.0,0.0,0.0,3.0,0.9927455219043645,0.7294649605263218,0.88292,0,0,stable
06914,34,s_16_32,296.99835205078125,0.0,0.0,3.0,0.996621228206723,0.7788358365974176,0.88292,0,1,stable
06914,35,t_8_16,153.0,0.0,0.0,3.0,0.9909779953997818,0.7181724671752169,0.88292,0,0,stable
06914,36,t_8_16,162.0,0.0,0.0,3.0,0.9982869309974829,0.825149679641056,0.88292,0,1,stable
06914,37,t_8_16,240.0,0.0,0.0,5.0,0.997522732168625,0.841080753492805,0.88292,0,1,stable
06914,38,t_8_16,126.0,0.0,0.0,4.0,0.9942728235243344,0.8017209486952762,0.88292,0,1,stable
06914,39,t_8_16,168.0,0.0,0.0,8.0,0.9855100622165945,0.7720828285839652,0.88292,0,1,stable
06914,40,t_8_16,189.0,0.0,0.0,3.0,0.9993302368890343,0.7059839682539688,0.88292,0,0,stable
06914,41,t_8_16,234.0,0.0,0.0,6.0,0.9900521229356926,0.8230805712190586,0.88292,0,1,stable
06914,42,s_16_32,560.0,0.0,0.0,7.0,0.977834725142924,0.7501043298305002,0.88292,0,1,stable
06914,43,s_16_32,578.0,0.0,0.0,10.0,0.992010599184006,0.8089639662353608,0.88292,0,1,stable
06914,44,t_8_16,159.999755859375,0.0,0.0,4.0,0.987469368798761,0.8460757163906556,0.88292,0,1,stable
06914,45,t_8_16,207.0,0.0,0.0,4.0,0.994365648797982,0.7807482222222243,0.88292,0,1,stable
06914,46,t_8_16,105.0,0.0,0.0,3.0,0.9783220212835944,0.8202891901514602,0.88292,0,1,stable
06914,47,t_8_16,189.0,0.0,0.0,4.0,0.9988046289465143,0.8104705834087171,0.88292,0,1,stable
06914,48,t_8_16,220.0,0.0,0.0,3.0,0.9966469976892152,0.6841013725125957,0.88292,0,0,stable
06914,49,t_8_16,119.0,0.0,0.0,4.0,0.9897777671929591,0.8852071323833373,0.88292,0,1,stable
06914,50,t_8_16,230.0,0.25,0.0,8.0,0.1857301365384266,0.8354754782608665,0.88292,0,1,mild
06914,51,t_8_16,207.0,0.0,0.0,5.0,0.9939665094257565,0.8906138943385652,0.88292,0,1,stable
06914,52,t_8_16,228.0,0.0,0.0,5.0,0.9926461890265705,0.6462901895781458,0.88292,0,0,stable
06914,53,t_8_16,108.0,0.0,0.0,1.0,,0.5958251199021476,0.88292,0,0,stable
06914,54,t_8_16,150.0,0.0,0.0,2.0,0.9923298610474148,0.6272925055904012,0.88292,0,0,stable
06914,55,t_8_16,126.0,0.0,0.0,2.0,0.9987995768136302,0.7158586098006645,0.88292,0,0,stable
06914,56,t_8_16,168.0,0.5,0.5,0.0,,0.8827819949692222,0.88292,0,1,mild
06914,57,t_8_16,119.00021362304688,0.0,0.0,5.0,0.667937513697228,0.7066188657400171,0.88292,0,0,stable
06914,58,t_8_16,210.0,0.25,0.0,2.0,0.981406934217157,0.3871438325357037,0.88292,1,0,mild
06914,59,t_8_16,152.0,0.25,0.25,3.0,0.9884336496665547,0.7445076350335975,0.88292,0,0,mild
06914,60,s_16_32,795.0,0.0,0.0,10.0,0.6858989097796178,0.23416924528301938,0.88292,1,0,stable
06914,61,t_8_16,120.0,0.0,0.0,2.0,0.9925250360519985,0.6962138004692318,0.88292,0,0,stable
06914,62,t_8_16,180.0,0.25,0.0,4.0,0.989090469928776,0.7677658109162053,0.88292,0,1,mild
06914,63,t_8_16,133.0,0.0,0.0,6.0,0.8758204103908841,0.7311041095752917,0.88292,0,0,stable
06914,64,t_8_16,152.0,0.25,0.25,4.0,0.9984228086560555,0.8453517367920881,0.88292,0,1,mild
06914,65,s_16_32,319.9990234375,0.0,0.0,5.0,0.9816391869715992,0.8145934981013846,0.88292,0,1,stable
06914,66,t_8_16,255.0,0.0,0.0,6.0,0.9981828090342134,0.7947239330496714,0.88292,0,1,stable
06914,67,t_8_16,209.9991455078125,0.0,0.0,3.0,0.9950700416708602,0.8401317374724533,0.88292,0,1,stable
06914,68,t_8_16,181.99920654296875,0.0,0.0,3.0,0.9830502901242171,0.6829070133023665,0.88292,0,0,stable
06914,69,t_8_16,130.00079345703125,0.0,0.0,5.0,0.9870015045082204,0.903228212893745,0.88292,0,1,stable
06914,70,t_8_16,154.0,0.0,0.0,2.0,0.9965737333713104,0.8651414963635629,0.88292,0,1,stable
06914,71,t_8_16,81.00027465820312,0.25,0.0,1.0,,0.743939619876612,0.88292,0,0,mild
06914,72,t_8_16,200.0,0.0,0.0,4.0,0.9835943192480052,0.684392180267779,0.88292,0,0,stable
06914,73,t_8_16,189.0,0.0,0.0,3.0,0.9939789548690167,0.7773918309416549,0.88292,0,1,stable
06914,74,t_8_16,168.0,0.0,0.0,2.0,0.9887899264538271,0.8428113978243065,0.88292,0,1,stable
06914,75,t_8_16,168.0,0.0,0.0,4.0,0.9871943648545327,0.7512659004228465,0.88292,0,1,stable
06914,76,t_8_16,147.0,0.0,0.0,4.0,0.9937245849263416,0.8263379024299206,0.88292,0,1,stable
06914,77,t_8_16,243.0,0.0,0.0,6.0,0.6384060669448859,0.9481645582530549,0.88292,0,1,stable
06914,78,s_16_32,260.0,0.0,0.0,4.0,0.9945793359715207,0.7029550973982872,0.88292,0,0,stable
06914,79,t_8_16,240.0,0.0,0.0,6.0,0.9263600290018015,0.7248441823802434,0.88292,0,0,stable
06914,80,t_8_16,126.0,0.0,0.0,6.0,0.6633665251640906,0.8834425228889871,0.88292,0,1,stable
06914,81,t_8_16,136.0,0.0,0.0,2.0,0.9985000097265581,0.7635583951613287,0.88292,0,1,stable
06914,82,t_8_16,98.0,0.0,0.0,2.0,0.9955645250284246,0.8089397587070633,0.88292,0,1,stable
06914,83,t_8_16,119.00021362304688,0.0,0.0,3.0,0.9965449764697734,0.8064977148841038,0.88292,0,1,stable
06914,84,t_8_16,133.0,0.0,0.0,3.0,0.9963033341863395,0.7055882211833086,0.88292,0,0,stable
06914,85,t_8_16,135.0,0.0,0.0,2.0,0.9926061255947366,0.7496557495111525,0.88292,0,0,stable
06914,86,s_16_32,324.0,0.25,0.0,5.0,0.6883393937897508,0.4774789277476037,0.88292,1,0,mild
06914,87,s_16_32,264.0,0.0,0.0,5.0,0.9978185163568362,0.804470425394107,0.88292,0,1,stable
06914,88,s_16_32,335.99957275390625,0.0,0.0,5.0,0.9853599212583032,0.7183057395487421,0.88292,0,0,stable
06914,89,s_16_32,296.99835205078125,0.0,0.0,4.0,0.984633795136258,0.6512586498316523,0.88292,0,0,stable
06914,90,t_8_16,181.9999008178711,0.0,0.0,2.0,0.9964488984849798,0.842693418702386,0.88292,0,1,stable
06914,91,t_8_16,231.0,0.0,0.0,4.0,0.9933247850715031,0.8608069748340925,0.88292,0,1,stable
06914,92,t_8_16,227.9997100830078,0.0,0.0,2.0,0.8892375849301898,0.8331754895721396,0.88292,0,1,stable
06914,93,t_8_16,160.0,0.0,0.0,2.0,0.9894551235506236,0.8742206782394627,0.88292,0,1,stable
06914,94,s_16_32,280.0,0.0,0.0,4.0,0.99569861494168,0.9077446260310298,0.88292,0,1,stable
06914,95,s_16_32,405.0,0.5,0.0,8.0,0.1390585660388779,0.8555653785872334,0.88292,0,1,mild
06914,96,s_16_32,420.0004577636719,0.0,0.0,6.0,0.9984905111689985,0.8845935268646066,0.88292,0,1,stable
06914,97,t_8_16,192.0,0.0,0.0,3.0,0.9965246120055891,0.8298061145833356,0.88292,0,1,stable
06914,98,t_8_16,111.99978637695312,0.0,0.0,5.0,0.9929298628957903,0.8055718155645405,0.88292,0,1,stable
06914,99,t_8_16,225.0,0.0,0.0,4.0,0.9965761352775526,0.8955666520107951,0.88292,0,1,stable
06914,100,t_8_16,225.0,0.25,0.0,4.0,0.940685639810284,0.9243557536191136,0.88292,0,1,mild
06914,101,t_8_16,161.99972534179688,0.0,0.0,3.0,0.526009819727516,0.8162667113962896,0.88292,0,1,stable
06914,102,t_8_16,152.0,0.25,0.25,3.0,0.6296997050862913,0.8585250526315776,0.88292,0,1,mild
06914,103,t_8_16,96.0,0.0,0.0,3.0,0.8944646126907823,0.6807880250256585,0.88292,0,0,stable
06914,105,t_8_16,189.0,0.0,0.0,4.0,0.9903362382718188,0.7407035915541602,0.88292,0,0,stable
06914,106,t_8_16,152.0,0.25,0.25,3.0,0.9950982879427364,0.8501548782272118,0.88292,0,1,mild
06914,107,t_8_16,112.0,0.0,0.0,2.0,0.9915743945606351,0.8589809381058011,0.88292,0,1,stable
06914,108,t_8_16,105.0,0.0,0.0,2.0,0.999251020472819,0.7472159366043021,0.88292,0,0,stable
06914,109,t_8_16,160.0,0.0,0.0,2.0,0.9588731174185098,0.8554882594639005,0.88292,0,1,stable
06914,110,t_8_16,171.0,0.0,0.0,3.0,0.9991680597773746,0.7168389473684167,0.88292,0,0,stable
06914,111,t_8_16,112.0,0.0,0.0,3.0,0.9958393909303451,0.9165547967614164,0.88292,0,1,stable
06914,112,t_8_16,208.0,0.25,0.25,5.0,0.9819020171776287,0.8040533583886812,0.88292,0,1,mild
06914,113,t_8_16,207.0,0.25,0.0,3.0,0.9765940291209857,0.8791502172208115,0.88292,0,1,mild
06914,114,t_8_16,119.0,0.0,0.0,6.0,0.9968254277031323,0.8473737205777727,0.88292,0,1,stable
06914,115,t_8_16,162.0,0.0,0.0,3.0,0.9987139761337048,0.8723486222802511,0.88292,0,1,stable
06914,116,t_8_16,230.0,0.0,0.0,5.0,0.9968729466754286,0.872224199999999,0.88292,0,1,stable
06914,117,t_8_16,180.0,0.0,0.0,2.0,0.996329293922473,0.6972463831565652,0.88292,0,0,stable
06914,118,t_8_16,171.0,0.0,0.0,2.0,0.8916119486893687,0.7741444112995138,0.88292,0,1,stable
06914,119,t_8_16,144.0,0.0,0.0,3.0,0.9877975396319526,0.7736648902054086,0.88292,0,1,stable
06914,120,t_8_16,105.00021362304688,0.0,0.0,2.0,0.726617912947841,0.7511987604853368,0.88292,0,1,stable
06914,121,t_8_16,207.0,0.25,0.0,4.0,0.9912174314947988,0.787844646566574,0.88292,0,1,mild
06914,122,t_8_16,189.0,0.25,0.0,4.0,0.995558036029257,0.8972061817708578,0.88292,0,1,mild
06914,123,s_16_32,688.0,0.0,0.0,10.0,0.9920085362269351,0.8133047674418553,0.88292,0,1,stable
06914,124,s_16_32,429.0,0.0,0.0,8.0,0.9986156161642508,0.9365826360778737,0.88292,0,1,stable
06914,125,s_16_32,396.0,0.0,0.0,5.0,0.9980786064562467,0.7785903636363608,0.88292,0,1,stable
06914,126,t_8_16,108.000732421875,0.0,0.0,2.0,0.9917802354824209,0.8040255524800233,0.8455,0,1,stable
06914,127,t_8_16,90.0,0.25,0.0,2.0,0.9940886254136375,0.7806535849534121,0.8455,0,1,mild
06914,128,t_8_16,195.99957275390625,0.0,0.0,2.0,0.986875209211445,0.0,0.8455,1,0,stable
06914,129,t_8_16,195.0,0.0,0.0,4.0,0.9843803282288088,0.7190194717948676,0.88292,0,0,stable
06914,130,t_8_16,154.0,0.0,0.0,2.0,0.9983743480478564,0.9321691386662155,0.88292,0,1,stable
06914,131,s_16_32,352.0,0.0,0.0,6.0,0.9679811310323608,0.834284349263342,0.88292,0,1,stable
06914,132,t_8_16,224.0,0.0,0.0,5.0,0.6965714139893413,0.9597579403116169,0.88292,0,1,stable
06914,133,s_16_32,288.0,0.5,0.0,4.0,0.05770978657090635,0.8776837361111107,0.88292,0,1,mild
06914,134,t_8_16,252.0,0.25,0.0,3.0,0.4850927268809048,0.8757551748186043,0.88292,0,1,mild
06914,135,t_8_16,132.0,0.0,0.0,1.0,,0.8688955153142833,0.88292,0,1,stable
06914,136,t_8_16,238.0,0.0,0.0,4.0,0.978162710701205,0.7648672142857124,0.88292,0,1,stable
06914,137,t_8_16,204.0,0.0,0.0,4.0,0.9904678506929979,0.775603890498642,0.88292,0,1,stable
06914,139,t_8_16,70.0,0.0,0.0,3.0,0.9941258465304389,0.887137149480855,0.8455,0,1,stable
06914,140,t_8_16,179.99954223632812,0.0,0.0,2.0,0.998926644037526,0.8109884931858614,0.8455,0,1,stable
06914,141,t_8_16,104.0,0.25,0.25,1.0,,0.7964061256503435,0.8455,0,1,mild
06914,142,t_8_16,136.0,0.0,0.0,3.0,0.9958122038457147,0.8220918689187423,0.8455,0,1,stable
06914,143,t_8_16,72.0,0.0,0.0,2.0,0.9999186645581186,0.7918319302385513,0.8455,0,1,stable
06914,144,t_8_16,104.0,0.0,0.0,1.0,,0.8343234301444776,0.8455,0,1,stable
06914,145,t_8_16,84.0,0.0,0.0,4.0,0.9903627871444562,0.8018899475350941,0.8455,0,1,stable
06914,146,t_8_16,66.0,0.0,0.0,2.0,0.4660560127574235,0.7316577385427459,0.8455,0,0,stable
06914,147,t_8_16,84.0,0.0,0.0,3.0,0.8291089610723723,0.8361794645891095,0.8455,0,1,stable
06914,148,t_8_16,192.0,0.0,0.0,5.0,0.9926708908887171,0.9047843837575812,0.8455,0,1,stable
06914,149,t_8_16,112.0,0.5,0.5,0.0,,0.8866894487325362,0.8455,0,1,mild
06914,150,t_8_16,90.99980163574219,0.0,0.0,2.0,0.9855763427204404,0.7262425213941103,0.8455,0,0,stable
06914,151,t_8_16,112.0,0.0,0.0,1.0,,0.8304176447141174,0.8455,0,1,stable
06914,152,t_8_16,65.0,0.0,0.0,2.0,0.9876945817535409,0.5480582306890208,0.8455,0,0,stable
06914,153,t_8_16,130.0,0.0,0.0,2.0,0.9992323444390716,0.9057836256064792,0.8455,0,1,stable
06914,154,t_8_16,98.0,0.0,0.0,3.0,0.9772256400777477,0.8555144042826741,0.8455,0,1,stable
06914,155,t_8_16,89.99977111816406,0.0,0.0,2.0,0.9690954801651284,0.8100444818790665,0.8455,0,1,stable
06914,156,t_8_16,105.0,0.0,0.0,5.0,0.9889407349592724,0.8924923210940978,0.8455,0,1,stable
06914,157,t_8_16,144.0,0.0,0.0,3.0,0.9947971446996666,0.805006628940144,0.8455,0,1,stable
06914,158,t_8_16,176.0,0.25,0.25,3.0,0.9986345173753742,0.8030778106104485,0.88292,0,1,mild
06914,159,t_8_16,198.0,0.0,0.0,4.0,0.9960189150808639,0.7581502323232298,0.88292,0,1,stable
06914,160,s_16_32,322.0,0.0,0.0,4.0,0.9788119963618057,0.720842612898045,0.88292,0,0,stable
06914,161,t_8_16,107.99945068359375,0.0,0.0,1.0,,0.47171745700357015,0.88292,1,0,stable
06914,162,t_8_16,210.0,0.0,0.0,4.0,0.9934345770242493,0.8141350341613347,0.88292,0,1,stable
06914,163,t_8_16,196.0,0.0,0.0,2.0,0.9824988065053429,0.8728642839799505,0.88292,0,1,stable
06914,164,t_8_16,210.0,0.0,0.0,2.0,0.8105748407718004,0.8276348556046152,0.88292,0,1,stable
06914,165,t_8_16,251.99957275390625,0.0,0.0,4.0,0.960105728772422,0.9106006365907608,0.88292,0,1,stable
06914,166,s_16_32,336.0,0.0,0.0,6.0,0.9578780372626953,0.9263298568804075,0.88292,0,1,stable
06914,167,t_8_16,156.0,0.0,0.0,3.0,0.9899163563158438,0.6549928935175812,0.88292,0,0,stable
06914,168,s_16_32,280.0,0.0,0.0,7.0,0.9876001357150759,0.8889839007078898,0.88292,0,1,stable
06914,169,t_8_16,252.0,0.0,0.0,6.0,0.9608639305246798,0.6673632137797157,0.88292,0,0,stable
06914,170,t_8_16,252.0,0.0,0.0,3.0,0.9962814449387939,0.7239615620917632,0.88292,0,0,stable
06914,171,s_16_32,259.9996032714844,0.0,0.0,4.0,0.9882231574716182,0.7450871324169561,0.88292,0,0,stable
06914,172,t_8_16,190.0,0.0,0.0,3.0,0.9921825674979587,0.0,0.88292,1,0,stable
06914,175,t_8_16,104.000244140625,0.25,0.25,0.0,,0.0,0.88292,1,0,mild
06914,176,t_8_16,253.0,0.0,0.0,2.0,0.8551603953693528,0.7418478949998633,0.88292,0,0,stable
06914,177,s_16_32,364.0,0.0,0.0,6.0,0.9446416782333534,0.8120947337047723,0.88292,0,1,stable
06914,178,s_16_32,377.0000247955322,0.0,0.0,6.0,0.9935448028222513,0.789532249336872,0.88292,0,1,stable
06914,179,t_8_16,112.00000762939453,0.25,0.25,1.0,,0.678113305871129,0.88292,0,0,mild
06914,180,t_8_16,135.99948120117188,0.0,0.0,6.0,0.9241345753961349,0.5614004513979454,0.88292,0,0,stable
06914,181,t_8_16,247.00057983398438,0.0,0.0,3.0,0.918270852181353,0.7919052293626928,0.88292,0,1,stable
06914,182,s_16_32,312.0000915527344,0.0,0.0,5.0,0.9846556373326523,0.6205815032051277,0.88292,0,0,stable
06914,183,t_8_16,143.0,0.0,0.0,1.0,,0.786577411818137,0.88292,0,1,stable
08275,0,t_8_16,171.00057983398438,0.25,0.0,3.0,0.6189826301211983,0.546590228070177,0.789,0,0,mild
08a9596cc,0,t_8_16,231.0,0.0,0.0,4.0,0.9946819205386073,0.8593347175164684,0.82871,0,1,stable
08c59eea4,0,t_8_16,81.0,0.25,0.0,1.0,,0.5100575764487477,0.27472,0,0,mild
09032,0,t_8_16,143.99945068359375,0.0,0.0,3.0,0.966591437142051,0.0,0.16862,1,0,stable
09032,1,t_8_16,171.0,0.0,0.0,2.0,0.9822267886479153,0.0,0.16862,1,0,stable
09032,2,t_8_16,180.0,0.0,0.0,4.0,0.8059416166542271,0,0,1,0,stable
0b48cbbcd,0,t_8_16,210.0,0.0,0.0,4.0,0.9622171783230041,0.8673622343432604,0.76418,0,1,stable
0efd60e89,0,t_8_16,90.0,0.0,0.0,4.0,0.8902556798276426,0.8304093077754445,0.70153,0,1,stable
0efd60e89,1,t_8_16,210.0,0.0,0.0,3.0,0.9475536411024477,0.811187111644867,0.70153,0,1,stable
0fd1536b1,2,t_8_16,72.0,0.25,0.25,1.0,,0.0,0.00207,1,0,mild
0fd1536b1,3,t_8_16,125.99972534179688,0.25,0.25,3.0,0.507228059647022,0.0,0.00207,1,0,mild
1056__2400_2415,0,t_8_16,216.0,0.0,0.0,3.0,0.9958418583725301,0.846303933695911,0.84579,0,1,stable
1056__2400_2415,1,s_16_32,420.0,0.0,0.0,9.0,0.9862841509611492,0.882823425367589,0.84579,0,1,stable
105__1800_1914,0,t_8_16,139.99957275390625,0.0,0.0,2.0,0.9448380279322358,0.7862216367908815,0.79707,0,1,stable
105__1800_1914,1,t_8_16,180.0,0.0,0.0,2.0,0.9924063042026087,0.9298538170404643,0.79707,0,1,stable
105__1800_1914,2,t_8_16,216.0,0.0,0.0,4.0,0.9910078343877561,0.9045520934032392,0.79707,0,1,stable
105__1800_1914,3,t_8_16,128.0,0.25,0.25,3.0,0.992977192546255,0.9019464596077567,0.79707,0,1,mild
105__1800_1914,4,t_8_16,144.0,0.25,0.25,3.0,0.9925545618976324,0.8131899553538393,0.79707,0,1,mild
105__1800_1914,5,t_8_16,120.0,0.25,0.0,1.0,,0.6058303217794136,0.79707,0,0,mild
105__1800_1914,6,t_8_16,128.0,0.25,0.25,2.0,0.9557315233299912,0.8348334113861704,0.79707,0,1,mild
105__1800_1914,7,t_8_16,139.9993896484375,0.0,0.0,2.0,0.7899999047349109,0.7492635997858681,0.79707,0,0,stable
105__1800_1914,8,t_8_16,140.0,0.0,0.0,2.0,0.9940607180791365,0.7767976340751968,0.79707,0,1,stable
105__1800_1914,9,t_8_16,108.0,0.0,0.0,4.0,0.8845540895620171,0.5921003205260531,0.79707,0,0,stable
105__1800_1914,11,t_8_16,224.0,0.0,0.0,3.0,0.9266101924239974,0.7191417455357192,0.79707,0,0,stable
105__1800_1914,12,t_8_16,120.0,0.25,0.25,2.0,0.8067542507444835,0.8495572497946406,0.79707,0,1,mild
105__1800_1914,13,t_8_16,167.99957275390625,0.0,0.0,4.0,0.868591936121714,0.7240926785714322,0.79707,0,0,stable
105__1800_1914,14,t_8_16,136.00048828125,0.0,0.0,4.0,0.9829808799150223,0.6026324893151738,0.79707,0,0,stable
105__1800_1914,15,t_8_16,140.0,0.0,0.0,3.0,0.869977568473173,0.8177902255195987,0.79707,0,1,stable
105__1800_1914,16,t_8_16,224.0,0.0,0.0,3.0,0.9596374160994038,0.5878368181940358,0.79707,0,0,stable
105__1800_1914,17,t_8_16,191.999267578125,0.25,0.0,5.0,0.49033403976307705,0.701475300044872,0.79707,0,0,mild
105__1800_1914,18,t_8_16,216.0,0.0,0.0,3.0,0.9583887471058907,0.5732037037037038,0.79707,0,0,stable
105__1800_1914,19,t_8_16,120.0,0.0,0.0,2.0,0.9642593460629054,0.7571158803112181,0.79707,0,1,stable
105__1800_1914,20,t_8_16,180.0,0.25,0.0,5.0,0.5813954077405606,0.8212592499999977,0.79707,0,1,mild
105__1800_1914,21,t_8_16,111.9990234375,0.0,0.0,5.0,0.8685054709194494,0.7201353740683099,0.79707,0,0,stable
105__1800_1914,22,t_8_16,160.0,0.25,0.0,4.0,0.955980385241918,0.7442149669755639,0.79707,0,0,mild
105__1800_1914,23,t_8_16,160.0,0.0,0.0,2.0,0.9834374639035538,0.8373649111638436,0.79707,0,1,stable
105__1800_1914,24,t_8_16,110.0,0.0,0.0,1.0,,0.8223087700394736,0.79707,0,1,stable
105__1800_1914,25,t_8_16,216.0,0.0,0.0,4.0,0.5101657922178292,0.9133914121874142,0.79707,0,1,stable
105__1800_1914,26,t_8_16,240.0,0.0,0.0,4.0,0.7887694750816588,0.7178369476223716,0.79707,0,0,stable
105__1800_1914,27,t_8_16,160.0,0.0,0.0,2.0,0.9988361920750104,0.8200963510179826,0.79707,0,1,stable
105__1800_1914,28,t_8_16,128.0,0.0,0.0,2.0,0.9993953863730477,0.8581575500217428,0.79707,0,1,stable
105__1800_1914,29,t_8_16,224.0,0.0,0.0,4.0,0.9937684111794973,0.789728652120944,0.79707,0,1,stable
105__1800_1914,30,t_8_16,120.0,0.25,0.0,3.0,0.016461747492057966,0.8843803982448554,0.79707,0,1,mild
105__1800_1914,31,t_8_16,196.0,0.0,0.0,3.0,0.9309837910767785,0.6240703346818627,0.79707,0,0,stable
105__1800_1914,32,t_8_16,168.0,0.0,0.0,4.0,0.9170375421042162,0.7347141898979406,0.79707,0,0,stable
105__1800_1914,33,t_8_16,192.0,0.0,0.0,5.0,0.8792673069727359,0.8294004687499992,0.79707,0,1,stable
105__1800_1914,34,t_8_16,168.0,0.0,0.0,2.0,0.9639718604453427,0.7837837698141243,0.79707,0,1,stable
105__1800_1914,35,t_8_16,120.0,0.25,0.0,2.0,0.9876438642137726,0.8525202576966165,0.79707,0,1,mild
105__1800_1914,36,t_8_16,132.0,0.0,0.0,2.0,0.9712068303705845,0.6672567845229183,0.79707,0,0,stable
105__1800_1914,37,t_8_16,216.0,0.0,0.0,3.0,0.992087680991747,0.864599564601253,0.79707,0,1,stable
105__1800_1914,38,t_8_16,98.0,0.0,0.0,4.0,0.9807767526709087,0.7045880196826496,0.79707,0,0,stable
105__1800_1914,39,t_8_16,111.9991455078125,0.0,0.0,5.0,0.9526432967807351,0.7728790984357189,0.79707,0,1,stable
105__1800_1914,40,t_8_16,190.0,0.25,0.0,3.0,0.9626900852680306,0.6978458354095589,0.79707,0,0,mild
105__1800_1914,41,t_8_16,144.0,0.0,0.0,3.0,0.9814131479662825,0.6929871535655691,0.79707,0,0,stable
105__1800_1914,42,t_8_16,110.0,0.5,0.0,2.0,0.19482012294164072,0.8221465853462101,0.79707,0,1,mild
105__1800_1914,43,t_8_16,100.0,0.25,0.25,1.0,0.9999999997089858,0.7804109624968552,0.79707,0,1,mild
105__1800_1914,44,t_8_16,120.0,0.0,0.0,1.0,0.9999999538488692,0.871443250820268,0.79707,0,1,stable
105__1800_1914,45,t_8_16,80.0,0.0,0.0,1.0,,0.6485560053105086,0.79707,0,0,stable
105__1800_1914,46,t_8_16,199.99969482421875,0.0,0.0,4.0,0.9666516364312977,0.7238266249645608,0.79707,0,0,stable
105__1800_1914,47,t_8_16,96.0,0.0,0.0,1.0,,0.6326444624198078,0.79707,0,0,stable
105__1800_1914,48,t_8_16,154.0,0.0,0.0,2.0,0.9741467988978219,0.8277845319172648,0.79707,0,1,stable
105__1800_1914,49,t_8_16,120.000732421875,0.25,0.0,2.0,0.5239822004980147,0.8187778977398252,0.79707,0,1,mild
105__1800_1914,50,t_8_16,154.0,0.25,0.0,4.0,0.5955687217443045,0.7949467270009155,0.79707,0,1,mild
105__1800_1914,51,t_8_16,112.0,0.25,0.25,3.0,0.9812652983867273,0.8364014983617484,0.79707,0,1,mild
105__1800_1914,52,t_8_16,98.0,0.0,0.0,4.0,0.9789468405213516,0.6487314531936696,0.79707,0,0,stable
105__1800_1914,53,t_8_16,108.0,0.0,0.0,2.0,0.9971191613715673,0.7363610528910541,0.79707,0,0,stable
105__1800_1914,54,t_8_16,111.99951171875,0.0,0.0,2.0,0.994241469340345,0.7918549087010216,0.79707,0,1,stable
105__1800_1914,55,t_8_16,100.0,0.0,0.0,2.0,0.8307445300509189,0.5193893106399534,0.79707,0,0,stable
105__1800_1914,56,t_8_16,128.0,0.0,0.0,3.0,0.9820796746454785,0.6746468662416993,0.79707,0,0,stable
105__1800_1914,57,t_8_16,96.0,0.0,0.0,2.0,0.9964809954584231,0.6359295590177175,0.79707,0,0,stable
105__1800_1914,58,t_8_16,170.0,0.0,0.0,3.0,0.9584583793766994,0.6139902271840371,0.79707,0,0,stable
105__1800_1914,59,t_8_16,153.0,0.0,0.0,4.0,0.95069231285808,0.876063158951264,0.79707,0,1,stable
105__1800_1914,60,t_8_16,96.0,0.0,0.0,2.0,0.9986785625284407,0.8905893814490204,0.79707,0,1,stable
105__1800_1914,61,t_8_16,120.0,0.25,0.0,3.0,0.05746626508351423,0.8518860155296326,0.79707,0,1,mild
105__1800_1914,62,t_8_16,72.0,0.0,0.0,2.0,0.9902684187857703,0.7226896415149293,0.79707,0,0,stable
105__1800_1914,63,t_8_16,140.0,0.0,0.0,2.0,0.99861588183843,0.7962625445705844,0.79707,0,1,stable
105__1800_1914,64,t_8_16,88.0,0.0,0.0,2.0,0.9921939314080478,0.6978397801691457,0.79707,0,0,stable
105__1800_1914,65,t_8_16,126.0,0.0,0.0,1.0,0.9999999990636794,0.7717109842802057,0.79707,0,1,stable
105__1800_1914,66,t_8_16,108.0,0.0,0.0,2.0,0.9999945380635653,0.6884137227213635,0.79707,0,0,stable
105__1800_1914,67,t_8_16,139.99957275390625,0.0,0.0,3.0,0.9159687656090081,0.875215379258185,0.79707,0,1,stable
105__1800_1914,68,t_8_16,240.0,0.0,0.0,3.0,0.9965469585512332,0.8900117613369093,0.79707,0,1,stable
105__1800_1914,69,t_8_16,120.0,0.0,0.0,2.0,0.9796065995033946,0.8425022853457832,0.79707,0,1,stable
105__1800_1914,70,t_8_16,154.0,0.0,0.0,2.0,0.9990115245743567,0.8059273618208961,0.79707,0,1,stable
105__1800_1914,71,t_8_16,224.0,0.0,0.0,4.0,0.9979820320010763,0.8523695451139265,0.79707,0,1,stable
105__1800_1914,72,t_8_16,160.0,0.0,0.0,3.0,0.9881705525783083,0.8744931823422477,0.79707,0,1,stable
105__1800_1914,73,t_8_16,120.0003662109375,0.0,0.0,2.0,0.9133426087246274,0.6899968239446126,0.79707,0,0,stable
105__1800_1914,74,s_16_32,270.0,0.0,0.0,4.0,0.9595201668731205,0.8492667643143854,0.79707,0,1,stable
105__1800_1914,75,t_8_16,96.0,0.0,0.0,2.0,0.6714151451421365,0.8552896207326531,0.79707,0,1,stable
105__1800_1914,76,t_8_16,204.00018310546875,0.0,0.0,2.0,0.972102924280383,0.89992173804227,0.79707,0,1,stable
105__1800_1914,77,t_8_16,143.0,0.0,0.0,2.0,0.9818449117704164,0.7295958884847267,0.79707,0,0,stable
105__1800_1914,78,t_8_16,132.0,0.0,0.0,2.0,0.9932336287246853,0.8482962008528319,0.79707,0,1,stable
10660,0,s_16_32,374.0,0.0,0.0,6.0,0.9440470042815803,0.8772592614101259,0.88062,0,1,stable
10660,3,t_8_16,195.9991455078125,0.0,0.0,5.0,0.9929497428585949,0.9414307676520621,0.88062,0,1,stable
10660,4,s_16_32,280.0,0.0,0.0,4.0,0.9828941038133455,0.953975411460232,0.88062,0,1,stable
10660,5,t_8_16,210.0,0.0,0.0,4.0,0.9871932930469253,0.7571117428571446,0.88062,0,1,stable
10660,6,t_8_16,210.0,0.0,0.0,3.0,0.9824465385758028,0.7770254991567724,0.88062,0,1,stable
10660,7,t_8_16,250.0,0.0,0.0,4.0,0.9969699359059552,0.9067629479999948,0.88062,0,1,stable
10660,8,t_8_16,154.0,0.0,0.0,3.0,0.4654860963062477,0.6491514327265288,0.88062,0,0,stable
106__2400_1914,0,t_8_16,128.0,0.0,0.0,1.0,,0.8423638367260825,0.83323,0,1,stable
106__2400_1914,1,t_8_16,160.0,0.0,0.0,3.0,0.970522520833393,0.7183315951295637,0.83323,0,0,stable
106__2400_1914,2,t_8_16,96.0,0.0,0.0,2.0,0.953069408043465,0.7905255366015185,0.83323,0,1,stable
106__2400_1914,3,t_8_16,160.0,0.25,0.25,4.0,0.9119380669268842,0.8488180883110583,0.83323,0,1,mild
106__2400_1914,4,t_8_16,180.0,0.0,0.0,2.0,0.9394355309666992,0.8207383388888901,0.83323,0,1,stable
106__2400_1914,5,t_8_16,128.0,0.25,0.25,3.0,0.7964509315606579,0.7168731956755362,0.83323,0,0,mild
106__2400_1914,6,t_8_16,192.0,0.0,0.0,2.0,0.9930392014953873,0.822932149200255,0.83323,0,1,stable
106__2400_1914,7,s_16_32,352.0,0.0,0.0,6.0,0.9912671968785813,0.8233903866154714,0.83323,0,1,stable
106__2400_1914,8,t_8_16,168.0,0.75,0.25,2.0,0.6472438572053378,0.645295230154072,0.83323,0,0,high
106__2400_1914,9,t_8_16,160.0,0.25,0.0,5.0,0.7611596529331329,0.9230860977819085,0.83323,0,1,mild
106__2400_1914,10,t_8_16,240.0,0.0,0.0,7.0,0.9862534599901708,0.6544202191237526,0.83323,0,0,stable
106__2400_1914,11,t_8_16,140.0,0.0,0.0,2.0,0.990661233670753,0.6356212170230782,0.83323,0,0,stable
106__2400_1914,13,t_8_16,140.0,0.0,0.0,2.0,0.9978145806619142,0.6895074538150502,0.83323,0,0,stable
106__2400_1914,14,t_8_16,120.0,0.0,0.0,2.0,0.894549371589987,0.8962547333333308,0.83323,0,1,stable
106__2400_1914,15,t_8_16,140.0,0.0,0.0,3.0,0.994383972809753,0.8475454285714359,0.83323,0,1,stable
106__2400_1914,16,t_8_16,139.9993896484375,0.0,0.0,3.0,0.962243412123661,0.7115652000000072,0.83323,0,0,stable
1080__0_600,0,t_8_16,128.0,0.75,0.75,1.0,,0.7886350240268181,0.84939,0,1,high
1080__0_600,1,t_8_16,96.0,0.0,0.0,5.0,0.9422605637273449,0.7389109406992352,0.84939,0,0,stable
1080__0_600,2,t_8_16,112.0,0.0,0.0,2.0,0.9576790357414274,0.6867280165169442,0.84939,0,0,stable
1080__0_600,3,t_8_16,160.0,0.0,0.0,1.0,,0.7311783687499983,0.84939,0,0,stable
1080__0_600,4,t_8_16,96.0,0.75,0.75,1.0,,0.8046438679767164,0.84939,0,1,high
1080__0_600,5,t_8_16,96.0,0.0,0.0,2.0,0.9691871363630404,0.6078287173952414,0.84939,0,0,stable
1080__0_600,6,t_8_16,112.0,0.0,0.0,1.0,,0.7700565688935826,0.84939,0,1,stable
1080__0_600,7,t_8_16,140.0,0.0,0.0,2.0,0.7102532959551446,0.792567097840057,0.84939,0,1,stable
1080__0_600,8,t_8_16,159.9993896484375,0.0,0.0,2.0,0.9901057178223719,0.6705830677230291,0.84939,0,0,stable
1080__0_600,9,s_16_32,800.0,0.0,0.0,10.0,0.6956392227355024,0.9098445487500018,0.84939,0,1,stable
1080__0_600,10,t_8_16,144.0,0.0,0.0,2.0,0.989457060573161,0.6777742408338469,0.84939,0,0,stable
1080__0_600,11,t_8_16,96.0,0.25,0.25,2.0,0.9846702784699961,0.5879374316546866,0.84939,0,0,mild
1080__0_600,12,t_8_16,112.0,0.5,0.5,1.0,,0.8649320403813326,0.84939,0,1,mild
1080__0_600,13,t_8_16,143.9989013671875,0.0,0.0,5.0,0.8523053912396602,0.812812995584011,0.84939,0,1,stable
1080__0_600,14,t_8_16,83.9999771118164,0.0,0.0,5.0,0.9901714141027076,0.7084207183288742,0.84939,0,0,stable
1080__0_600,15,t_8_16,84.0,0.0,0.0,2.0,0.998875441352906,0.7785236099454315,0.84939,0,1,stable
1080__0_600,16,t_8_16,112.0,0.0,0.0,1.0,,0.7594010381855668,0.84939,0,1,stable
1080__0_600,19,t_8_16,96.0,0.0,0.0,1.0,,0.7086821508692334,0.84939,0,0,stable
1080__0_600,20,s_16_32,312.0,0.0,0.0,4.0,0.17502651563011973,0.620651101788617,0.84939,0,0,stable
1080__0_600,21,t_8_16,96.0,0.0,0.0,2.0,0.9105493818438046,0.7317491027706511,0.84939,0,0,stable
1080__0_600,22,t_8_16,72.0,0.0,0.0,3.0,0.9797933528297061,0.7061417843883426,0.84939,0,0,stable
1080__0_600,24,t_8_16,128.0,0.25,0.25,3.0,0.9875047719774248,0.611167339630611,0.84939,0,0,mild
1080__0_600,25,t_8_16,100.0,0.25,0.0,1.0,,0.4961030982791786,0.84939,1,0,mild
1080__0_600,27,t_8_16,80.0,0.5,0.5,0.0,,0.7051669427164478,0.84939,0,0,mild
1080__0_600,28,t_8_16,133.0,0.0,0.0,6.0,0.9784635197690696,0.6159618986278071,0.84939,0,0,stable
1080__0_600,29,s_16_32,968.0,0.0,0.0,10.0,0.6850685478828547,0.7371005364993874,0.84939,0,0,stable
1080__0_600,30,t_8_16,168.0,0.25,0.0,4.0,0.8140934406277603,0.718316653578723,0.84939,0,0,mild
1080__0_600,31,t_8_16,72.0,0.0,0.0,2.0,0.6531019684366832,0.7467794049109914,0.84939,0,0,stable
1080__0_600,32,t_8_16,191.999267578125,0.0,0.0,2.0,0.9970535099375806,0.6910391663858351,0.84939,0,0,stable
1080__0_600,33,t_8_16,165.0,0.0,0.0,2.0,0.9807771052954198,0.717749646429122,0.84939,0,0,stable
1080__0_600,34,t_8_16,71.9996337890625,0.0,0.0,5.0,0.9756945503122263,0.5976874674965934,0.84939,0,0,stable
1080__0_600,35,t_8_16,72.0,0.0,0.0,4.0,0.9074484998834459,0.6433047589916249,0.84939,0,0,stable
1080__0_600,36,t_8_16,160.0,0.25,0.0,4.0,0.7617727984242008,0.5942944374083955,0.84939,0,0,mild
1080__0_600,37,t_8_16,64.0,0.0,0.0,2.0,0.9984316920347927,0.5290848576004392,0.84939,0,0,stable
1080__0_600,38,t_8_16,111.9991455078125,0.0,0.0,2.0,0.7900269230379148,0.7134887823027725,0.84939,0,0,stable
1080__0_600,39,t_8_16,143.0,0.0,0.0,2.0,0.8818227484551969,0.7936654489568965,0.84939,0,1,stable
1080__0_600,40,t_8_16,140.0,0.0,0.0,2.0,0.9698782931421905,0.7058130791530274,0.84939,0,0,stable
1091__0_0,0,s_16_32,324.0,0.0,0.0,5.0,0.9901832390520855,0.8029901927392518,0.84527,0,1,stable
1091__0_0,1,t_8_16,216.0,0.0,0.0,5.0,0.9204381754413533,0.8449486813411936,0.84527,0,1,stable
1091__0_0,2,t_8_16,196.0,0.0,0.0,4.0,0.757360141069509,0.6841561598806394,0.84527,0,0,stable
1091__0_0,3,t_8_16,167.999267578125,0.0,0.0,2.0,0.9711578749631912,0.8707275505680679,0.84527,0,1,stable
1091__0_0,4,t_8_16,84.00009155273438,0.0,0.0,3.0,0.9943086661502818,0.4801974438306405,0.84527,1,0,stable
1091__0_0,5,t_8_16,224.0,0.0,0.0,4.0,0.9498665096290082,0.9138049866071358,0.84527,0,1,stable
1091__0_0,6,t_8_16,192.0,0.0,0.0,4.0,0.9918556151682326,0.8436439024391751,0.84527,0,1,stable
1091__0_0,7,t_8_16,223.99957275390625,0.0,0.0,5.0,0.9223284136846597,0.8034177253696474,0.84527,0,1,stable
1091__0_0,8,t_8_16,180.0,0.0,0.0,3.0,0.9967026537424961,0.8022321207254017,0.84527,0,1,stable
1091__0_0,9,s_16_32,300.0,0.0,0.0,6.0,0.9967891868359497,0.8545307475551696,0.84527,0,1,stable
1091__0_0,10,s_16_32,263.9996337890625,0.0,0.0,4.0,0.9494323030138202,0.862935261363628,0.84527,0,1,stable
1091__0_0,11,t_8_16,139.9993896484375,0.0,0.0,3.0,0.9851001706459686,0.7446933752405902,0.84527,0,0,stable
1091__0_0,12,t_8_16,100.0,0.0,0.0,1.0,,0.6338092192672121,0.84527,0,0,stable
1091__600_2216,0,t_8_16,108.0,0.0,0.0,5.0,0.3992816394734416,0.6901729185090816,0.42279,0,0,stable
1114__2400_2400,0,s_16_32,335.99853515625,0.0,0.0,6.0,0.9903497235548612,0.7461432589285734,0.91869,0,0,stable
1114__2400_2400,1,t_8_16,180.0,0.0,0.0,3.0,0.9921203848118628,0.9447674442570886,0.91869,0,1,stable
1114__2400_2400,2,t_8_16,180.0,0.0,0.0,3.0,0.9784709822993115,0.8761342563500644,0.91869,0,1,stable
1114__2400_2400,3,t_8_16,160.0,0.0,0.0,3.0,0.9709016470058164,0.8299847124999934,0.91869,0,1,stable
1114__2400_2400,4,t_8_16,159.99951171875,0.0,0.0,3.0,0.9868353247333781,0.7470666121742244,0.91869,0,0,stable
1114__2400_2400,6,t_8_16,84.0,0.0,0.0,4.0,0.980319653989672,0.8214202463391241,0.91869,0,1,stable
1114__2400_2400,7,t_8_16,96.0,0.0,0.0,4.0,0.9817379457998686,0.7848839053171325,0.91869,0,1,stable
1114__2400_2400,8,t_8_16,144.0,0.25,0.25,1.0,,0.7778726749512009,0.91869,0,1,mild
1114__2400_2400,9,t_8_16,216.0,0.0,0.0,5.0,0.9357855238213053,0.8038780545966198,0.91869,0,1,stable
1114__2400_2400,10,s_16_32,308.0008544921875,0.0,0.0,4.0,0.9950095935830123,0.836052707799557,0.91869,0,1,stable
1114__2400_2400,11,s_16_32,288.0,0.0,0.0,4.0,0.9853926256901482,0.8353711887838732,0.91869,0,1,stable
1114__2400_2400,12,s_16_32,360.0,0.0,0.0,5.0,0.988284105645213,0.8792066839800198,0.91869,0,1,stable
1114__2400_2400,13,t_8_16,223.9990234375,0.0,0.0,4.0,0.9800354593136261,0.8298574038794326,0.91869,0,1,stable
1114__2400_2400,14,t_8_16,224.0,0.0,0.0,4.0,0.992285734780544,0.7937167224662972,0.91869,0,1,stable
1114__2400_2400,15,t_8_16,196.0,0.0,0.0,4.0,0.93456230057426,0.7894305027166951,0.91869,0,1,stable
1114__2400_2400,16,t_8_16,128.0,0.0,0.0,2.0,0.993343132278251,0.7684076400909804,0.91869,0,1,stable
1114__2400_2400,17,t_8_16,160.0,0.0,0.0,2.0,0.7122200756420121,0.8901446857284645,0.91869,0,1,stable
1114__2400_2400,18,t_8_16,179.99969482421875,0.0,0.0,2.0,0.9897202145951979,0.8917309951771492,0.91869,0,1,stable
1114__2400_2400,19,s_16_32,264.0,0.0,0.0,4.0,0.9960310562327206,0.7877354599701143,0.91869,0,1,stable
1114__2400_2400,20,t_8_16,160.0,0.0,0.0,3.0,0.9705278013041607,0.7057616720388402,0.91869,0,0,stable
1114__2400_2400,21,s_16_32,648.0,0.0,0.0,10.0,0.9375456552631377,0.9176144655261413,0.91869,0,1,stable
1121__0_0,0,s_16_32,968.0,0.0,0.0,10.0,0.4971873702343336,0.0,0.87239,1,0,stable
1121__0_0,1,s_16_32,988.0,0.0,0.0,10.0,0.9940479936006009,0.6116047773279335,0.87239,0,0,stable
1121__0_0,3,t_8_16,127.999755859375,0.0,0.0,6.0,0.9928471290805205,0.8537951623623177,0.87239,0,1,stable
1121__0_0,4,t_8_16,108.0,0.0,0.0,6.0,0.9954246846526189,0.6670972093485921,0.87239,0,0,stable
1121__0_0,5,t_8_16,180.0,0.0,0.0,3.0,0.3562958711685534,0.8068226797469153,0.87239,0,1,stable
1121__0_0,6,t_8_16,199.9993896484375,0.0,0.0,4.0,0.9950285155686065,0.6557455501852149,0.87239,0,0,stable
1121__0_0,7,t_8_16,200.0,0.0,0.0,3.0,0.9916735338693978,0.7888435972923552,0.87239,0,1,stable
1121__0_0,8,t_8_16,160.0,0.0,0.0,1.0,,0.7687754833950435,0.87239,0,1,stable
1121__0_0,9,s_16_32,256.0,0.0,0.0,5.0,0.983739172767507,0.5571458241524694,0.87239,0,0,stable
1121__0_0,10,t_8_16,140.0,0.0,0.0,2.0,0.9947124886725852,0.7126220971408357,0.87239,0,0,stable
1121__0_0,11,t_8_16,200.0,0.0,0.0,4.0,0.9977090497010375,0.7938357450000032,0.87239,0,1,stable
1121__0_0,12,t_8_16,168.0,0.0,0.0,3.0,0.9593120669288939,0.7981117040973912,0.87239,0,1,stable
1121__0_0,13,t_8_16,112.0,0.0,0.0,3.0,0.9560303131358212,0.5866137384443878,0.87239,0,0,stable
1121__0_0,14,t_8_16,112.0,0.0,0.0,2.0,0.9826766463784928,0.660110945222487,0.87239,0,0,stable
1121__0_0,15,t_8_16,72.0,0.0,0.0,4.0,0.9497556443674343,0.5907238631765387,0.87239,0,0,stable
1121__0_0,16,t_8_16,84.0,0.0,0.0,2.0,0.9919249466891018,0.4847093726347227,0.87239,1,0,stable
1121__0_0,17,t_8_16,144.0,0.0,0.0,3.0,0.9876145162812837,0.8285750516703838,0.87239,0,1,stable
1121__0_0,18,t_8_16,144.0,0.0,0.0,1.0,,0.7562933594641156,0.87239,0,1,stable
1121__0_0,19,t_8_16,140.0,0.0,0.0,2.0,0.9972531168112333,0.8373880741356072,0.87239,0,1,stable
1121__0_0,20,t_8_16,144.0,0.0,0.0,3.0,0.9908274708232443,0.749983395997274,0.87239,0,0,stable
1121__0_0,21,t_8_16,120.0,0.0,0.0,2.0,0.998841694985462,0.7921188697254113,0.87239,0,1,stable
1121__0_0,22,t_8_16,96.0,0.0,0.0,3.0,0.9098183610241312,0.5904317235768921,0.87239,0,0,stable
1121__0_0,23,t_8_16,100.0,0.25,0.0,3.0,0.7036425643578065,0.7011176203265901,0.87239,0,0,mild
1121__0_0,24,t_8_16,120.0,0.0,0.0,2.0,0.9890528653875389,0.7293407745113983,0.87239,0,0,stable
1121__0_0,25,t_8_16,112.0,0.5,0.5,0.0,,0.6747079653784146,0.87239,0,0,mild
1121__0_0,26,t_8_16,108.0,0.0,0.0,4.0,0.8865760849589368,0.6655152455577085,0.87239,0,0,stable
1121__0_0,27,t_8_16,144.0,0.0,0.0,4.0,0.9864513265957879,0.8578515170742891,0.87239,0,1,stable
1121__0_0,28,t_8_16,112.0,0.25,0.25,2.0,0.9767818747197633,0.820977074520671,0.87239,0,1,mild
1121__0_0,29,t_8_16,140.0,0.0,0.0,2.0,0.9901087680481091,0.7042483326458763,0.87239,0,0,stable
1121__0_0,30,t_8_16,119.9993896484375,0.0,0.0,1.0,,0.7294051709837546,0.87239,0,0,stable
1121__0_0,31,t_8_16,108.0,0.0,0.0,5.0,0.9923346671167325,0.818395098091514,0.87239,0,1,stable
1121__0_0,32,t_8_16,112.0,0.0,0.0,1.0,,0.5908115047976006,0.87239,0,0,stable
1121__0_0,33,t_8_16,112.0,0.25,0.25,1.0,,0.7588799986751604,0.87239,0,1,mild
1121__0_0,34,t_8_16,104.0,0.0,0.0,2.0,0.8814433529905187,0.7680436045089105,0.87239,0,1,stable
1121__0_0,35,t_8_16,80.0,0.0,0.0,1.0,,0.6948316714772836,0.87239,0,0,stable
1121__0_0,36,t_8_16,96.0,0.0,0.0,2.0,0.9902633980495501,0.6793323465087483,0.87239,0,0,stable
1121__0_0,37,t_8_16,144.0,0.0,0.0,2.0,0.9982135422462972,0.7750895337122887,0.87239,0,1,stable
1121__0_0,38,t_8_16,72.0,0.0,0.0,4.0,0.9789671504268717,0.5838043125122422,0.87239,0,0,stable
1121__0_0,39,t_8_16,192.0,0.0,0.0,2.0,0.8745382180907009,0.7377757329274028,0.87239,0,0,stable
1121__0_0,40,t_8_16,84.0,0.0,0.0,5.0,0.7947636076909799,0.6032829451308127,0.87239,0,0,stable
1121__0_0,41,t_8_16,108.0,0.0,0.0,8.0,0.920986950637019,0.6684870936847643,0.87239,0,0,stable
1121__0_0,42,t_8_16,96.0,0.0,0.0,5.0,0.9899457049533644,0.6757128474021412,0.87239,0,0,stable
1121__0_0,43,t_8_16,96.0,0.0,0.0,6.0,0.9642892040963057,0.649452381075764,0.87239,0,0,stable
1121__0_0,44,t_8_16,96.0,0.0,0.0,3.0,0.988187650114811,0.6463406179418956,0.87239,0,0,stable
1121__0_0,45,t_8_16,72.0,0.0,0.0,4.0,0.6267899712738396,0.5205857606576443,0.87239,0,0,stable
1121__0_0,46,t_8_16,180.0,0.0,0.0,5.0,0.9888060618870059,0.7823473677787222,0.87239,0,1,stable
1121__0_0,47,t_8_16,140.0,0.0,0.0,2.0,0.9685560285189565,0.7554003794859203,0.87239,0,1,stable
1121__0_0,48,t_8_16,144.0,0.0,0.0,2.0,0.997223142120859,0.8313331388888934,0.87239,0,1,stable
1121__0_0,49,t_8_16,120.0,0.0,0.0,1.0,,0.6977963175506834,0.87239,0,0,stable
1121__0_0,50,t_8_16,108.0,0.0,0.0,3.0,0.9825011168250378,0.6118288731288851,0.87239,0,0,stable
1121__0_0,51,t_8_16,160.0,0.0,0.0,2.0,0.99077004256226,0.8040756281284737,0.87239,0,1,stable
1121__0_0,52,t_8_16,140.0,0.0,0.0,3.0,0.9953655205549737,0.8727781831596977,0.87239,0,1,stable
1121__0_0,53,t_8_16,84.0,0.0,0.0,4.0,0.9778302112436994,0.6155971853300135,0.87239,0,0,stable
1121__0_0,54,t_8_16,80.0,0.25,0.0,2.0,0.972056131720805,0.655507748520332,0.87239,0,0,mild
1121__0_0,55,t_8_16,96.0,0.0,0.0,3.0,0.9958285575374028,0.6488223516152734,0.87239,0,0,stable
1121__0_0,56,t_8_16,96.0,0.0,0.0,2.0,0.9731175440128768,0.7972082390592322,0.87239,0,1,stable
1121__0_0,57,t_8_16,132.0,0.0,0.0,3.0,0.9854114816134368,0.6264683639303855,0.87239,0,0,stable
1121__0_0,58,t_8_16,128.0,0.0,0.0,3.0,0.9974764144019777,0.7310061094495902,0.87239,0,0,stable
1121__0_0,59,t_8_16,180.0,0.0,0.0,2.0,0.9966158718636889,0.7606869069418266,0.87239,0,1,stable
1121__0_0,60,t_8_16,96.0,0.0,0.0,2.0,0.995320311984773,0.6440261837210997,0.87239,0,0,stable
1121__0_0,61,t_8_16,216.0,0.0,0.0,4.0,0.9336945103693911,0.6744841805125719,0.87239,0,0,stable
1121__0_0,62,t_8_16,160.0,0.0,0.0,3.0,0.9869245475247141,0.753344257613777,0.87239,0,1,stable
1121__0_0,63,t_8_16,96.0,0.0,0.0,2.0,0.8368595612728205,0.579265151199112,0.87239,0,0,stable
1121__0_0,64,t_8_16,160.0,0.0,0.0,3.0,0.9903714632121543,0.7285376504528401,0.87239,0,0,stable
11252,0,t_8_16,144.0,0.0,0.0,3.0,0.8423680269420827,0.47310956498228945,0.76649,1,0,stable
11252,1,t_8_16,133.0,0.0,0.0,5.0,0.9643758979748904,0.7555329600350541,0.76649,0,1,stable
11252,2,t_8_16,144.0,0.0,0.0,2.0,0.5296768162460908,0.73945298160769,0.76649,0,0,stable
1129__3000_0,0,t_8_16,240.0,0.0,0.0,4.0,0.9978763356494299,0.8443679619603687,0.89232,0,1,stable
1129__3000_0,1,s_16_32,364.0,0.0,0.0,9.0,0.8931022723228134,0.8426794179074397,0.89232,0,1,stable
1129__3000_0,2,t_8_16,200.0,0.0,0.0,4.0,0.9937405802804766,0.8235121823525824,0.89232,0,1,stable
1129__3000_0,3,t_8_16,144.0,0.0,0.0,3.0,0.9960210074068861,0.7134296991242268,0.89232,0,0,stable
1129__3000_0,4,t_8_16,128.0001220703125,0.0,0.0,3.0,0.9836783882274315,0.8376835524979566,0.89232,0,1,stable
1129__3000_0,5,s_16_32,260.0,0.0,0.0,3.0,0.9974368382906299,0.7059631422344768,0.89232,0,0,stable
1129__3000_0,6,t_8_16,111.999755859375,0.0,0.0,2.0,0.9921021627544384,0.8399074991741018,0.89232,0,1,stable
1129__3000_0,7,t_8_16,160.0,0.0,0.0,4.0,0.9981268438171368,0.8488276442126663,0.89232,0,1,stable
1129__3000_0,8,t_8_16,180.0,0.0,0.0,3.0,0.9978293432199692,0.6937746408944402,0.89232,0,0,stable
1129__3000_0,9,t_8_16,176.0,0.0,0.0,3.0,0.9974910704888448,0.8047524913610345,0.89232,0,1,stable
1129__3000_0,10,t_8_16,200.0,0.0,0.0,4.0,0.9761028767576703,0.707168000000007,0.89232,0,0,stable
1129__3000_0,11,s_16_32,380.0006103515625,0.0,0.0,8.0,0.9497898370418729,0.6907559012680295,0.89232,0,0,stable
1129__3000_0,12,t_8_16,144.0,0.5,0.5,0.0,,0.814078137080104,0.89232,0,1,mild
1129__3000_0,13,t_8_16,144.0,0.0,0.0,2.0,0.9628836038426315,0.6862112500000032,0.89232,0,0,stable
1129__3000_0,14,t_8_16,220.0,0.0,0.0,4.0,0.9967411809766601,0.6405499636363654,0.89232,0,0,stable
1129__3000_0,15,s_16_32,260.0,0.0,0.0,3.0,0.9933083148066032,0.713700487333574,0.89232,0,0,stable
1129__3000_0,16,t_8_16,200.0,0.0,0.0,2.0,0.9973396572614227,0.71792500775766,0.89232,0,0,stable
1129__3000_0,17,t_8_16,160.0,0.5,0.5,0.0,,0.7834618219839723,0.89232,0,1,mild
1129__3000_0,18,s_16_32,384.0,0.0,0.0,8.0,0.9915127644340014,0.8620112127585491,0.89232,0,1,stable
1129__3000_0,19,t_8_16,128.0,0.25,0.25,3.0,0.9929678394501137,0.6424494445113578,0.89232,0,0,mild
1129__3000_0,20,t_8_16,160.0,0.5,0.5,0.0,,0.9389025280001424,0.89232,0,1,mild
1129__3000_0,21,t_8_16,230.0,0.3333333333333333,0.0,7.0,0.8823491912538807,0.8323944333903693,0.89232,0,1,mild
1129__3000_0,22,t_8_16,144.0,0.0,0.0,4.0,0.9898786426336478,0.7524690698047625,0.89232,0,1,stable
1129__3000_0,23,t_8_16,128.0,0.0,0.0,2.0,0.9965696254455259,0.7038626179648654,0.89232,0,0,stable
1129__3000_0,24,t_8_16,160.0,0.0,0.0,3.0,0.9858266202744356,0.7774717237488019,0.89232,0,1,stable
1129__3000_0,25,t_8_16,128.0,0.0,0.0,3.0,0.9535417354554149,0.8354251549318505,0.89232,0,1,stable
1129__3000_0,26,t_8_16,180.0,0.0,0.0,3.0,0.9835039155415861,0.8533309625113228,0.89232,0,1,stable
1129__3000_0,27,s_16_32,308.00002670288086,0.0,0.0,7.0,0.9749178002650896,0.7911761724794649,0.89232,0,1,stable
1129__3000_0,28,t_8_16,128.0,0.0,0.0,2.0,0.980908930143981,0.7254094419986227,0.89232,0,0,stable
1129__3000_0,29,t_8_16,180.0,0.0,0.0,2.0,0.9880467379489267,0.8057153092494828,0.89232,0,1,stable
1129__3000_0,30,t_8_16,168.00018310546875,0.0,0.0,5.0,0.9557002119444872,0.6316820713907026,0.89232,0,0,stable
1129__3000_0,31,t_8_16,160.00015258789062,0.0,0.0,4.0,0.9876160035195607,0.7984939216921112,0.89232,0,1,stable
1129__3000_0,32,t_8_16,160.0,0.0,0.0,2.0,0.9965426867402625,0.8510569597543123,0.89232,0,1,stable
1129__3000_0,33,t_8_16,192.0,0.0,0.0,3.0,0.9929872525803809,0.8485459375000024,0.89232,0,1,stable
1129__3000_0,34,s_16_32,320.0,0.0,0.0,8.0,0.9892284486575883,0.7688305425083966,0.89232,0,1,stable
1129__3000_0,35,t_8_16,224.0,0.25,0.25,4.0,0.9880299197466554,0.6765691728023568,0.89232,0,0,mild
1129__3000_0,36,s_16_32,280.0,0.25,0.0,10.0,0.8984912420185239,0.8084717633818663,0.89232,0,1,mild
1129__3000_0,37,s_16_32,699.9997863769531,0.0,0.0,10.0,0.9903188428046997,0.8617498220804549,0.89232,0,1,stable
1129__3000_0,38,t_8_16,200.0,0.0,0.0,3.0,0.9829842013428707,0.7275390992839018,0.89232,0,0,stable
1129__3000_0,39,t_8_16,179.99914550874382,0.0,0.0,4.0,0.9433156874952214,0.827721450169528,0.89232,0,1,stable
1129__3000_0,40,t_8_16,200.0,0.0,0.0,2.0,0.9959925645586833,0.7327241762022932,0.89232,0,0,stable
1129__3000_0,41,t_8_16,223.9990234375,0.0,0.0,5.0,0.9869889636137973,0.7234625283770035,0.89232,0,0,stable
1129__3000_0,42,s_16_32,256.0,0.0,0.0,4.0,0.9903132956605766,0.7261344218749984,0.89232,0,0,stable
1129__3000_0,43,s_16_32,320.0,0.0,0.0,5.0,0.9941759197558454,0.6831524062499991,0.89232,0,0,stable
1129__3000_0,44,s_16_32,256.0,0.0,0.0,6.0,0.9655534434591322,0.8250096874999998,0.89232,0,1,stable
1129__3000_0,45,t_8_16,255.99951171875,0.0,0.0,5.0,0.9892321779611886,0.7429493614098858,0.89232,0,0,stable
1129__3000_0,46,t_8_16,196.0,0.0,0.0,2.0,0.9919952262574299,0.7777932666604362,0.89232,0,1,stable
1129__3000_0,47,t_8_16,168.0,0.0,0.0,3.0,0.9710031510039452,0.6613502146804017,0.89232,0,0,stable
1129__3000_0,48,t_8_16,112.0,0.0,0.0,2.0,0.9995170201527792,0.8314478460752591,0.89232,0,1,stable
1129__3000_0,49,t_8_16,180.0,0.0,0.0,3.0,0.9905126381678736,0.7862485806451307,0.89232,0,1,stable
1129__3000_0,50,t_8_16,192.0,0.0,0.0,2.0,0.9905374248749994,0.7031640563606579,0.89232,0,0,stable
1129__3000_0,51,s_16_32,799.998779296875,0.0,0.0,10.0,0.9916935429863382,0.7055958085116031,0.89232,0,0,stable
1129__3000_0,52,t_8_16,210.00128173828125,0.25,0.0,7.0,0.7586000642702371,0.36728323962565684,0.89232,1,0,mild
1129__3000_0,53,t_8_16,215.99945068359375,0.0,0.0,5.0,0.975522920694722,0.6686899722222215,0.89232,0,0,stable
1133__1800_1200,0,t_8_16,240.0,0.0,0.0,3.0,0.9947185914447026,0.8477496860888224,0.81426,0,1,stable
1140__2400_2400,0,t_8_16,179.99945068359375,0.0,0.0,3.0,0.997641515355136,0.7376079010216319,0.80071,0,0,stable
1150__1800_1200,0,t_8_16,120.0,0.0,0.0,2.0,0.9652638282073709,0.8673032755733922,0.85269,0,1,stable
1150__1800_1200,1,t_8_16,127.999755859375,0.25,0.25,3.0,0.9886342474258313,0.7819437633321842,0.85269,0,1,mild
1150__1800_1200,3,t_8_16,72.0,0.25,0.0,4.0,0.6275240100332129,0.8257320833333289,0.85269,0,1,mild
1150__1800_1200,4,t_8_16,80.0,0.25,0.0,1.0,,0.5501087147563218,0.85269,0,0,mild
1150__1800_1200,5,t_8_16,140.0,0.25,0.0,2.0,0.9947924281914985,0.7773479627726733,0.85269,0,1,mild
1150__1800_1200,6,t_8_16,240.0,0.0,0.0,3.0,0.9949505817708071,0.8251497122341348,0.85269,0,1,stable
1150__1800_1200,7,t_8_16,100.0,0.0,0.0,2.0,0.9943630879681121,0.8412593438087754,0.85269,0,1,stable
1150__1800_1200,8,t_8_16,112.0,0.0,0.0,1.0,,0.7654689050541331,0.85269,0,1,stable
1150__1800_1200,9,t_8_16,96.0,0.0,0.0,1.0,,0.8426720903567178,0.85269,0,1,stable
1150__1800_1200,10,t_8_16,120.0,0.0,0.0,2.0,0.9941474875001657,0.7391427648728138,0.85269,0,0,stable
1150__1800_1200,11,t_8_16,204.0,0.0,0.0,2.0,0.40908316057568206,0.35623299999999963,0.85269,1,0,stable
1158__2033_0,0,t_8_16,128.0,0.25,0.25,3.0,0.9396869345599346,0.5512999960955415,0.81488,0,0,mild
1158__2033_0,1,t_8_16,84.0,0.0,0.0,3.0,0.8663457940439645,0.6514355138727412,0.81488,0,0,stable
1158__2033_0,2,t_8_16,84.0,0.25,0.0,5.0,0.47739809373417,0.75670596201691,0.81488,0,1,mild
1158__2033_0,3,t_8_16,220.0,0.25,0.25,3.0,0.999805805255829,0.1147248860512757,0.81488,1,0,mild
1158__2033_0,4,t_8_16,240.0,0.0,0.0,5.0,0.9984357789096903,0.7645592177228558,0.81488,0,1,stable
1158__2033_0,5,t_8_16,140.00015258789062,0.0,0.0,2.0,0.8096978813484583,0.6332685310797415,0.81488,0,0,stable
1158__2033_0,6,t_8_16,160.0,0.25,0.0,5.0,0.4665946589122307,0.7211076125000078,0.81488,0,0,mild
1158__2033_0,7,t_8_16,160.0,0.0,0.0,1.0,,0.6875617812500053,0.81488,0,0,stable
1158__2033_0,8,t_8_16,160.0,0.0,0.0,3.0,0.9919803795258623,0.8378228249999979,0.81488,0,1,stable
1158__2033_0,9,t_8_16,128.0,0.0,0.0,2.0,0.9837904311170228,0.7298128124999979,0.81488,0,0,stable
1158__2033_0,10,t_8_16,96.0,0.0,0.0,5.0,0.989405993784209,0.725850957268797,0.81488,0,0,stable
1158__2033_0,11,t_8_16,96.0,0.0,0.0,2.0,0.9964545078941118,0.8560955026516488,0.81488,0,1,stable
1158__2033_0,12,t_8_16,120.0,0.0,0.0,1.0,,0.8231525353257854,0.81488,0,1,stable
1158__2033_0,13,t_8_16,128.0,0.0,0.0,3.0,0.9975300620688117,0.7945518295132966,0.81488,0,1,stable
1158__2033_0,14,t_8_16,72.0,0.0,0.0,3.0,0.9867505277325671,0.7502231913994413,0.81488,0,1,stable
1158__2033_0,15,t_8_16,72.0,0.25,0.25,1.0,0.999999737634839,0.6948667620679367,0.81488,0,0,mild
1158__2033_0,16,t_8_16,72.0,0.0,0.0,2.0,0.995747861944641,0.7873955259042812,0.81488,0,1,stable
1158__2033_0,17,s_16_32,288.0,0.0,0.0,5.0,0.9950333275050146,0.46822180555555537,0.81488,1,0,stable
1158__2033_0,18,t_8_16,96.0,0.0,0.0,2.0,0.9977003244999358,0.7537379343579688,0.81488,0,1,stable
1158__2033_0,19,t_8_16,95.9998779296875,0.5,0.5,1.0,,0.7895770433230992,0.81488,0,1,mild
1158__2033_0,20,t_8_16,196.0,0.0,0.0,3.0,0.9701115980697175,0.7854553404989268,0.81488,0,1,stable
1158__2033_0,21,t_8_16,96.0,0.0,0.0,1.0,,0.7275843360734922,0.81488,0,0,stable
1158__2033_0,22,t_8_16,168.0,0.0,0.0,3.0,0.7281038722997681,0.5844669285714277,0.81488,0,0,stable
1158__2033_0,23,t_8_16,168.0,0.25,0.0,3.0,0.9912888247679187,0.6664770851200187,0.81488,0,0,mild
1158__2033_0,24,t_8_16,191.999267578125,0.0,0.0,4.0,0.8729404409374313,0.7749939961976922,0.81488,0,1,stable
1158__2033_0,26,t_8_16,191.999267578125,0.0,0.0,4.0,0.8648318167994428,0.5085433125000022,0.81488,0,0,stable
1158__2033_0,28,t_8_16,112.0,0.0,0.0,3.0,0.8216434869735609,0.586361813603044,0.81488,0,0,stable
1158__2033_0,29,t_8_16,112.0,0.25,0.25,3.0,0.6990229749839711,0.7332979107142924,0.81488,0,0,mild
1158__2033_0,30,t_8_16,144.0,0.0,0.0,3.0,0.9419501698245515,0.4815211166237344,0.81488,1,0,stable
1158__2033_0,31,t_8_16,112.0,0.0,0.0,2.0,0.9526186644645582,0.5886754930591945,0.81488,0,0,stable
1158__2033_0,32,t_8_16,64.0,0.0,0.0,1.0,,0.6652303087656027,0.81488,0,0,stable
1158__2033_0,34,t_8_16,80.0,0.5,0.5,0.0,,0.5027278452771604,0.81488,0,0,mild
1158__2033_0,37,t_8_16,80.0,0.0,0.0,1.0,,0.870208910668642,0.81488,0,1,stable
1158__2033_0,38,t_8_16,196.0,0.0,0.0,5.0,0.9355013747871079,0.5923113673469359,0.81488,0,0,stable
1158__2033_0,39,t_8_16,80.0,0.25,0.0,2.0,0.6325566967927995,0.8809348665327683,0.81488,0,1,mild
1158__2033_0,40,t_8_16,215.9996337890625,0.0,0.0,3.0,0.9824775455988161,0.7940563695891443,0.81488,0,1,stable
1158__2033_0,41,t_8_16,84.0,0.25,0.0,5.0,0.5757129169541384,0.8273344420086134,0.81488,0,1,mild
1180__0_1800,0,t_8_16,72.0,0.0,0.0,2.0,0.9878458922589708,0.6508708742696461,0.78181,0,0,stable
1180__0_1800,1,t_8_16,84.0,0.0,0.0,3.0,0.10662517228303096,0.7916215673731876,0.78181,0,1,stable
1180__0_1800,2,t_8_16,120.0,0.5,0.25,2.0,0.7457595207301683,0.7039834293178892,0.78181,0,0,mild
1180__0_1800,3,t_8_16,80.0,0.75,0.75,1.0,,0.699213056762472,0.78181,0,0,high
1180__0_1800,4,t_8_16,84.0,0.5,0.0,3.0,0.13769360073747078,0.3005593878876106,0.78181,1,0,mild
1180__0_1800,5,t_8_16,84.0,0.0,0.0,2.0,0.9375999187484128,0.7989871500676826,0.78181,0,1,stable
1180__0_1800,6,t_8_16,112.0,0.0,0.0,3.0,0.9835286475944025,0.8039395110359193,0.78181,0,1,stable
1180__0_1800,7,t_8_16,84.0,0.0,0.0,1.0,,0.6486692223430383,0.78181,0,0,stable
1180__0_1800,8,t_8_16,112.0,0.0,0.0,1.0,0.9999993078885783,0.748889117270372,0.78181,0,0,stable
1180__0_1800,9,t_8_16,120.0,0.25,0.0,4.0,0.8553969433828252,0.7209005329725886,0.78181,0,0,mild
1180__0_1800,10,t_8_16,144.0,0.75,0.5,1.0,,0.7015439243269236,0.78181,0,0,high
1180__0_1800,11,t_8_16,112.0,0.25,0.25,3.0,0.8071328359624483,0.7606356395750857,0.78181,0,1,mild
1180__0_1800,12,t_8_16,72.0,0.0,0.0,3.0,0.614158949416612,0.6322885522868419,0.78181,0,0,stable
1180__0_1800,13,t_8_16,80.0,0.25,0.25,1.0,,0.7082351083584637,0.78181,0,0,mild
1180__0_1800,14,t_8_16,84.0,0.0,0.0,2.0,0.9981491634938358,0.7103894328283945,0.78181,0,0,stable
1180__0_1800,15,t_8_16,144.0,0.25,0.0,4.0,0.2172315312795782,0.7761122233770826,0.78181,0,1,mild
1180__0_1800,16,t_8_16,112.0,0.0,0.0,1.0,0.9985568384807751,0.41197594819569366,0.78181,1,0,stable
1180__0_1800,17,t_8_16,72.0,0.0,0.0,5.0,0.9387097141378589,0.6209290698766032,0.78181,0,0,stable
1180__0_1800,19,t_8_16,160.0,0.0,0.0,3.0,0.9822490978536459,0.7088053087634503,0.78181,0,0,stable
1180__0_1800,20,s_16_32,320.0,0.0,0.0,5.0,0.6645408045378608,0.8648701031250029,0.78181,0,1,stable
1180__0_1800,21,t_8_16,84.0,0.0,0.0,4.0,0.9298188409749581,0.8354859570412494,0.78181,0,1,stable
1180__0_1800,22,t_8_16,100.0,0.0,0.0,1.0,,0.707736886094155,0.78181,0,0,stable
1180__0_1800,23,t_8_16,120.0,0.25,0.0,5.0,0.7195900298010167,0.5876606560247322,0.78181,0,0,mild
1180__0_1800,24,t_8_16,159.9994506840594,0.0,0.0,3.0,0.9800350893353443,0.6176295777652399,0.78181,0,0,stable
1180__0_1800,25,t_8_16,72.0,0.0,0.0,2.0,0.9290086597887601,0.7384255032969775,0.78181,0,0,stable
1180__0_1800,26,t_8_16,72.0,0.0,0.0,3.0,0.9213252851742023,0.624283335620267,0.78181,0,0,stable
1180__0_1800,27,t_8_16,112.0,0.5,0.25,3.0,0.5012064677811877,0.8499837607812823,0.78181,0,1,mild
1180__0_1800,28,t_8_16,112.0,0.0,0.0,2.0,0.967203331682775,0.7194833963296657,0.78181,0,0,stable
1180__0_1800,29,t_8_16,168.0,0.0,0.0,2.0,0.9633436638076335,0.743380589285716,0.78181,0,0,stable
1180__0_1800,30,t_8_16,112.0,0.5,0.5,0.0,,0.8124791393123865,0.78181,0,1,mild
1180__0_1800,31,t_8_16,100.0,0.0,0.0,1.0,,0.46423653938381576,0.78181,1,0,stable
1180__0_1800,32,t_8_16,111.9991455078125,0.0,0.0,3.0,0.9908496427308682,0.7091731212458716,0.78181,0,0,stable
1180__0_1800,33,t_8_16,100.0,0.0,0.0,1.0,,0.6619188373699025,0.78181,0,0,stable
1180__0_1800,34,t_8_16,144.0,0.0,0.0,3.0,0.9720328263944138,0.7776378782237036,0.78181,0,1,stable
1180__0_1800,35,t_8_16,140.0,0.0,0.0,2.0,0.9768759814990164,0.7873808293262534,0.78181,0,1,stable
1180__0_1800,36,t_8_16,80.0,0.0,0.0,1.0,,0.5383905952199609,0.78181,0,0,stable
1180__0_1800,37,t_8_16,112.0,0.0,0.0,3.0,0.8992385625561756,0.8020134727376866,0.78181,0,1,stable
1180__0_1800,38,t_8_16,80.0,0.0,0.0,1.0,,0.7594067306414343,0.78181,0,1,stable
1180__0_1800,39,t_8_16,96.0,0.25,0.0,2.0,0.43541611410384784,0.7408002465699447,0.78181,0,0,mild
1180__0_1800,40,s_16_32,308.0,0.0,0.0,5.0,0.9486316534374327,0.7380075821711302,0.78181,0,0,stable
1180__0_1800,41,t_8_16,112.0,0.0,0.0,2.0,0.9782510071320649,0.7175992333221047,0.78181,0,0,stable
1180__0_1800,42,t_8_16,83.99978637695312,0.5,0.0,5.0,0.045862381066913836,0.6906334648228569,0.78181,0,0,mild
1180__0_1800,43,t_8_16,112.0,0.25,0.25,2.0,0.9819974790386612,0.7711783993191303,0.78181,0,1,mild
1180__0_1800,44,t_8_16,120.0,0.0,0.0,7.0,0.9853584270266904,0.4995409654290107,0.78181,1,0,stable
1180__0_1800,45,t_8_16,111.99969482375309,0.0,0.0,4.0,0.990387268344652,0.6669146776130035,0.78181,0,0,stable
1180__0_1800,46,t_8_16,144.0,0.25,0.25,4.0,0.9498787097482416,0.6401675665104748,0.78181,0,0,mild
1180__0_1800,47,t_8_16,128.0,0.0,0.0,2.0,0.31495989629971727,0.5077256883838079,0.78181,0,0,stable
1180__0_1800,48,t_8_16,80.0,0.0,0.0,1.0,,0.5653641382513401,0.78181,0,0,stable
1180__0_1800,49,t_8_16,200.0,0.25,0.0,4.0,0.7558136163912367,0.5448531200000015,0.78181,0,0,mild
1180__0_1800,50,t_8_16,80.0,0.0,0.0,1.0,,0.7998388462784053,0.78181,0,1,stable
1180__0_1800,51,t_8_16,84.0,0.25,0.0,3.0,0.2144645793912199,0.6633385082722907,0.78181,0,0,mild
1180__0_1800,52,s_16_32,256.0,0.0,0.0,5.0,0.9548720477217321,0.4187610926698999,0.78181,1,0,stable
1180__0_1800,54,t_8_16,64.0,0.5,0.0,3.0,0.0032483356826639633,0.5165947407886561,0.78181,0,0,mild
1180__0_1800,55,t_8_16,140.0,0.0,0.0,2.0,0.9714204665747201,0.5799035097218225,0.78181,0,0,stable
1180__0_1800,56,t_8_16,80.0,0.0,0.0,1.0,,0.52024553624688,0.78181,0,0,stable
1180__0_1800,57,t_8_16,88.0,0.0,0.0,8.0,0.852928276020959,0.3513509973992899,0.78181,1,0,stable
1180__0_1800,58,t_8_16,144.0,0.25,0.25,2.0,0.3827667103351307,0.5085494853028962,0.78181,0,0,mild
1180__0_1800,59,t_8_16,110.0,0.0,0.0,2.0,0.895404452929664,0.6256529687460697,0.78181,0,0,stable
1180__0_1800,60,t_8_16,72.0,0.25,0.0,5.0,0.33513618681365676,0.6602269418297453,0.78181,0,0,mild
1180__0_1800,61,t_8_16,102.0,0.25,0.0,5.0,0.5099039706926661,0.706033610800833,0.78181,0,0,mild
1180__0_1800,62,t_8_16,88.0,0.25,0.25,2.0,0.9452143141742736,0.6341851288619038,0.78181,0,0,mild
1180__0_1800,63,t_8_16,110.0,0.25,0.0,2.0,0.5546695171286667,0.7039146426306149,0.78181,0,0,mild
1182__600_1800,0,t_8_16,196.00001335144043,0.0,0.0,2.0,0.9665155026497045,0.45238844352612745,0.75339,1,0,stable
1182__600_1800,1,t_8_16,179.9999656677246,0.0,0.0,3.0,0.9849687264518198,0.6690449811321211,0.75339,0,0,stable
1182__600_1800,2,t_8_16,240.0,0.0,0.0,2.0,0.9935777796072264,0.6510266875000013,0.75339,0,0,stable
1182__600_1800,3,t_8_16,112.0,0.0,0.0,3.0,0.8532622413475943,0.5051482034714095,0.75339,0,0,stable
1182__600_1800,4,t_8_16,240.0,0.0,0.0,7.0,0.6561792200056908,0.48128897630846135,0.75339,1,0,stable
1182__600_1800,5,t_8_16,168.0,0.0,0.0,5.0,0.6948025330062872,0.46136219371722875,0.75339,1,0,stable
1182__600_1800,6,t_8_16,168.0,0.0,0.0,2.0,0.49852738244641615,0.6582567438062328,0.75339,0,0,stable
1182__600_1800,7,t_8_16,252.0,0.0,0.0,3.0,0.983818297583117,0.38009249999999706,0.75339,1,0,stable
1182__600_1800,8,t_8_16,239.99996185302734,0.0,0.0,2.0,0.8118959081808588,0.5611100444848415,0.75339,0,0,stable
1182__600_1800,9,t_8_16,100.0,0.0,0.0,2.0,0.9853301255933556,0.7499325469676232,0.75339,0,0,stable
1182__600_1800,10,t_8_16,144.0,0.0,0.0,2.0,0.9977343903195215,0.7585263194444443,0.75339,0,1,stable
1182__600_1800,11,t_8_16,160.0,0.25,0.0,4.0,0.583872466135285,0.6638256643739396,0.75339,0,0,mild
1182__600_1800,12,t_8_16,140.0,0.0,0.0,3.0,0.9485868515003066,0.5815797241169965,0.75339,0,0,stable
1182__600_1800,13,t_8_16,120.0,0.25,0.0,4.0,0.258678754703768,0.7782061528117642,0.75339,0,1,mild
1182__600_1800,14,t_8_16,192.0,0.0,0.0,4.0,0.6919050864587613,0.6662698593750063,0.75339,0,0,stable
1182__600_1800,15,t_8_16,191.999755859375,0.0,0.0,4.0,0.8599402436849308,0.7509483375841643,0.75339,0,1,stable
1182__600_1800,16,t_8_16,224.0,0.0,0.0,3.0,0.8932951235332033,0.6710954758168232,0.75339,0,0,stable
1182__600_1800,17,t_8_16,160.0,0.0,0.0,4.0,0.9131958568079034,0.7367459954080013,0.75339,0,0,stable
1182__600_1800,18,t_8_16,140.0008544921875,0.0,0.0,2.0,0.7180516214894148,0.0,0.75339,1,0,stable
1182__600_1800,19,t_8_16,150.0,0.0,0.0,3.0,0.9379197953259129,0.6470585633814826,0.75339,0,0,stable
118__0_0,2,t_8_16,120.0,0.0,0.0,1.0,,0.6820972211398513,0.80449,0,0,stable
118__0_0,3,t_8_16,80.0,0.0,0.0,1.0,,0.5000595660436407,0.80449,0,0,stable
118__0_0,5,t_8_16,112.0,0.0,0.0,2.0,0.7827151935381164,0.5489329315477005,0.80449,0,0,stable
118__0_0,6,t_8_16,84.0,0.25,0.0,5.0,0.2797362847435747,0.7031868819512107,0.80449,0,0,mild
118__0_0,7,t_8_16,98.0,0.25,0.0,5.0,0.7802643646161486,0.0,0.80449,1,0,mild
118__0_0,8,t_8_16,69.9993896484375,0.0,0.0,3.0,0.9638511588081697,0.0,0.80449,1,0,stable
118__0_0,9,t_8_16,98.0,0.0,0.0,3.0,0.9772276717905171,0.5264235347638222,0.80449,0,0,stable
118__0_0,10,t_8_16,70.0,0.0,0.0,3.0,0.9849796343230396,0.8198325840878885,0.80449,0,1,stable
1197__1800_1200,0,t_8_16,72.0,0.0,0.0,5.0,0.9861990267773907,0.7856517424010511,0.77602,0,1,stable
12093,0,t_8_16,187.00080108689144,0.0,0.0,4.0,0.9108673387532474,0.5838037705990655,0.31785,0,0,stable
12093,1,t_8_16,187.0,0.0,0.0,2.0,0.8452640151394977,0.5844919233486027,0.31785,0,0,stable
12093,2,t_8_16,223.99951171875,0.0,0.0,4.0,0.5866495015819676,0.7713380803571446,0.31785,0,1,stable
12093,3,t_8_16,187.0,0.0,0.0,3.0,0.7083244411050854,0.667708932493611,0.31785,0,0,stable
12093,4,t_8_16,216.0,0.0,0.0,3.0,0.9643843201319738,0.5751081944444438,0.31785,0,0,stable
12093,5,t_8_16,98.0,0.25,0.0,5.0,0.4010450790809124,0.7037482738532506,0.31785,0,0,mild
12093,6,t_8_16,200.0,0.0,0.0,4.0,0.19151197933405484,0.696100037114911,0.31785,0,0,stable
12093,7,t_8_16,168.0,0.0,0.0,3.0,0.7231076181065864,0.5813049999999974,0.31785,0,0,stable
12093,8,t_8_16,180.0,0.0,0.0,3.0,0.9349362531981162,0.5736086401072333,0.31785,0,0,stable
12093,9,s_16_32,315.0004577636719,0.0,0.0,7.0,0.7562888561097759,0.4159030857142817,0.31785,1,0,stable
12093,10,t_8_16,220.00008392333984,0.0,0.0,4.0,0.7610618682432743,0.6681593182041293,0.31785,0,0,stable
12093,11,t_8_16,187.0,0.25,0.0,4.0,0.5377519845739499,0.7448634866310248,0.31785,0,0,mild
1216__2093_1200,1,t_8_16,80.0,0.25,0.0,2.0,0.6590177303379449,0.6190692776284892,0.88717,0,0,mild
1216__2093_1200,2,t_8_16,72.0,0.0,0.0,3.0,0.9847269070854393,0.6459044392635331,0.88717,0,0,stable
1216__2093_1200,4,t_8_16,112.0,0.25,0.25,2.0,0.948416413109356,0.8138015925559865,0.88717,0,1,mild
1216__2093_1200,5,t_8_16,96.0,0.0,0.0,2.0,0.7661770669856592,0.6651865760280631,0.88717,0,0,stable
1216__2093_1200,6,t_8_16,96.0,0.0,0.0,3.0,0.9873348814055601,0.7280333566683191,0.88717,0,0,stable
1216__2093_1200,7,t_8_16,96.00006103515625,0.25,0.25,1.0,,0.7100447343714883,0.88717,0,0,mild
1216__2093_1200,8,t_8_16,95.99996948236367,0.0,0.0,3.0,0.9636416422969382,0.7273015821243469,0.88717,0,0,stable
1216__2093_1200,9,t_8_16,120.0,0.5,0.0,3.0,0.023653589234661664,0.7682497844639208,0.88717,0,1,mild
1216__2093_1200,10,t_8_16,96.0,0.5,0.25,2.0,0.02141231210182252,0.6496752036142647,0.88717,0,0,mild
1216__2093_1200,11,t_8_16,96.0,0.0,0.0,1.0,,0.6484700564898478,0.88717,0,0,stable
1216__2093_1200,12,t_8_16,80.0,0.0,0.0,2.0,0.9905175160739017,0.6950270726076538,0.88717,0,0,stable
1216__2093_1200,14,t_8_16,80.0,0.0,0.0,1.0,,0.09511632628241201,0.88717,1,0,stable
1216__2093_1200,15,t_8_16,80.0,0.0,0.0,1.0,,0.5098769961899505,0.88717,0,0,stable
1216__2093_1200,16,t_8_16,120.0,0.0,0.0,2.0,0.9426381543958183,0.8556309572414115,0.88717,0,1,stable
1216__2093_1200,17,t_8_16,80.0,0.0,0.0,1.0,,0.5546188043949326,0.88717,0,0,stable
1216__2093_1200,18,t_8_16,71.99981689453125,0.0,0.0,3.0,0.9897997667628198,0.49674864215138526,0.88717,1,0,stable
1216__2093_1200,19,t_8_16,139.99957275390625,0.0,0.0,3.0,0.9672934478020606,0.710118244071343,0.88717,0,0,stable
1216__2093_1200,20,t_8_16,112.0,0.0,0.0,2.0,0.990739779728658,0.6687057175759852,0.88717,0,0,stable
1216__2093_1200,22,t_8_16,96.0,0.25,0.25,2.0,0.9494866723513546,0.7703092206567373,0.88717,0,1,mild
1216__2093_1200,23,t_8_16,96.0,0.0,0.0,2.0,0.9818150587026799,0.6099062807843842,0.88717,0,0,stable
1216__2093_1200,24,t_8_16,96.0,0.25,0.25,2.0,0.9965012820608838,0.6825845875297049,0.88717,0,0,mild
1216__2093_1200,25,t_8_16,80.0,0.5,0.5,0.0,,0.6735467219154592,0.88717,0,0,mild
1216__2093_1200,26,t_8_16,80.0,0.25,0.25,1.0,,0.0,0.88717,1,0,mild
1216__2093_1200,27,t_8_16,112.0,0.25,0.25,1.0,,0.653763919446032,0.88717,0,0,mild
1216__2093_1200,28,t_8_16,112.0,0.0,0.0,1.0,,0.698741120505843,0.88717,0,0,stable
1216__2093_1200,30,t_8_16,96.0,0.0,0.0,1.0,,0.6505003351539701,0.88717,0,0,stable
1216__2093_1200,31,t_8_16,111.99951171875,0.25,0.25,3.0,0.9644320072368787,0.6966739594624545,0.88717,0,0,mild
1216__2093_1200,32,t_8_16,112.0,0.5,0.5,1.0,,0.0,0.88717,1,0,mild
1216__2093_1200,33,t_8_16,72.0,0.25,0.0,3.0,0.12570167537108748,0.5852189532835121,0.88717,0,0,mild
1216__2093_1200,34,t_8_16,72.0,0.0,0.0,2.0,0.8056321447508069,0.494413939731072,0.88717,1,0,stable
1216__2093_1200,35,t_8_16,96.0,0.0,0.0,1.0,,0.6840765723264969,0.88717,0,0,stable
1216__2093_1200,36,t_8_16,72.0,0.0,0.0,1.0,,0.5564909740119026,0.88717,0,0,stable
1216__2093_1200,37,t_8_16,96.0,0.0,0.0,2.0,0.9853641742642847,0.562608197687862,0.88717,0,0,stable
1216__2093_1200,38,t_8_16,83.99957275390625,0.0,0.0,4.0,0.9822378462790805,0.5855513234467433,0.88717,0,0,stable
1216__2093_1200,39,t_8_16,80.0,0.25,0.25,1.0,,0.6265716914518193,0.88717,0,0,mild
1216__2093_1200,40,t_8_16,96.0,0.0,0.0,2.0,0.9585281955482101,0.652677290403702,0.88717,0,0,stable
1216__2093_1200,41,t_8_16,112.0,0.25,0.25,2.0,0.9889152628797091,0.8610162783359714,0.88717,0,1,mild
1216__2093_1200,42,t_8_16,96.0,0.0,0.0,2.0,0.9830283690341444,0.6863198535978243,0.88717,0,0,stable
1216__2093_1200,43,t_8_16,96.0,0.0,0.0,2.0,0.9047503348319705,0.7648971485973246,0.88717,0,1,stable
1216__2093_1200,44,t_8_16,80.0,0.25,0.0,2.0,0.8569878516969487,0.6208542216825965,0.88717,0,0,mild
1216__2093_1200,51,t_8_16,96.0,0.5,0.5,0.0,,0.7640910822020212,0.88717,0,1,mild
1216__2093_1200,54,t_8_16,72.0,0.0,0.0,4.0,0.61056016828732,0.69547287264533,0.88717,0,0,stable
1216__2093_1200,55,t_8_16,72.0,0.0,0.0,2.0,0.7966616994351313,0.5537589814645529,0.88717,0,0,stable
1216__2093_1200,56,t_8_16,72.0,0.0,0.0,2.0,0.8696205505015672,0.6803539711623464,0.88717,0,0,stable
1216__2093_1200,57,t_8_16,84.0,0.0,0.0,4.0,0.9542260458517126,0.6524666436608955,0.88717,0,0,stable
1216__2093_1200,58,t_8_16,83.99989318847656,0.0,0.0,4.0,0.9782877293680844,0.6103939177325558,0.88717,0,0,stable
1216__2093_1200,59,t_8_16,96.00009155273438,0.25,0.25,3.0,0.8582452027312029,0.5582647365376879,0.88717,0,0,mild
1216__2093_1200,60,t_8_16,72.0,0.0,0.0,1.0,0.9998497636078206,0.5502471144506356,0.88717,0,0,stable
1216__2093_1200,61,t_8_16,120.0,0.25,0.0,3.0,0.9644863942274667,0.5712988526507597,0.88717,0,0,mild
1216__2093_1200,62,t_8_16,72.0,0.0,0.0,1.0,,0.5417240693541638,0.88717,0,0,stable
1216__2093_1200,63,t_8_16,72.0,0.0,0.0,2.0,0.8292353599650769,0.36029834865058363,0.88717,1,0,stable
1216__2093_1200,64,t_8_16,83.99989318847656,0.0,0.0,2.0,0.9414011505538694,0.5910709600710807,0.88717,0,0,stable
1216__2093_1200,65,t_8_16,120.0,0.25,0.0,3.0,0.9313161822279795,0.6091398659758148,0.88717,0,0,mild
1216__2093_1200,66,t_8_16,80.0,0.0,0.0,1.0,,0.5792113132951817,0.88717,0,0,stable
1216__2093_1200,67,t_8_16,112.0,0.0,0.0,2.0,0.9896177297301597,0.6419280400386566,0.88717,0,0,stable
1216__2093_1200,68,t_8_16,112.0,0.25,0.25,2.0,0.9850518360898685,0.6821852689229756,0.88717,0,0,mild
1216__2093_1200,69,t_8_16,72.0,0.0,0.0,3.0,0.9944653048491768,0.5584458835767224,0.88717,0,0,stable
1216__2093_1200,70,t_8_16,72.0,0.0,0.0,1.0,,0.47265679148333384,0.88717,1,0,stable
1216__2093_1200,73,t_8_16,72.0,0.0,0.0,3.0,0.9860367172263452,0.49893122694547937,0.88717,1,0,stable
1216__2093_1200,74,t_8_16,96.0,0.0,0.0,1.0,0.9999888764513769,0.702669235252572,0.88717,0,0,stable
1216__2093_1200,75,t_8_16,80.0,0.0,0.0,0.0,,0.21442862864023465,0.88717,1,0,stable
1216__2093_1200,78,t_8_16,96.0,0.0,0.0,1.0,,0.5909473259285705,0.88717,0,0,stable
1216__2093_1200,79,t_8_16,111.99957275390625,0.0,0.0,4.0,0.8914361795256744,0.6661108188735384,0.88717,0,0,stable
1216__2093_1200,81,t_8_16,96.0,0.0,0.0,2.0,0.9940708806901282,0.5407809140028896,0.88717,0,0,stable
1216__2093_1200,82,t_8_16,96.0,0.0,0.0,2.0,0.9914260584012096,0.59453775129547,0.88717,0,0,stable
1216__2093_1200,83,t_8_16,80.0,0.25,0.25,2.0,0.9564229714798166,0.616895702735775,0.88717,0,0,mild
1216__2093_1200,85,t_8_16,72.0,0.25,0.0,2.0,0.7000122418368343,0.0,0.88717,1,0,mild
1216__2093_1200,86,t_8_16,72.0,0.0,0.0,3.0,0.6002165564880508,0.45588631289483555,0.88717,1,0,stable
1216__2093_1200,87,t_8_16,112.0,0.0,0.0,2.0,0.9791783638589051,0.7809818044418632,0.88717,0,1,stable
1216__2093_1200,88,t_8_16,128.0,0.0,0.0,3.0,0.9927932664323584,0.7303250917251927,0.88717,0,0,stable
1216__2093_1200,90,t_8_16,84.0,0.0,0.0,1.0,,0.6032948437134051,0.88717,0,0,stable
1216__2093_1200,91,t_8_16,64.0,0.25,0.25,1.0,,0.5222910984540755,0.88717,0,0,mild
1216__2093_1200,92,t_8_16,112.0,0.0,0.0,1.0,,0.8302741683914622,0.88717,0,1,stable
1216__2093_1200,93,t_8_16,72.0,0.0,0.0,2.0,0.9969658209343617,0.5503526843452179,0.88717,0,0,stable
1216__2093_1200,94,t_8_16,112.0,0.0,0.0,2.0,0.9681261790512633,0.8299593086413645,0.88717,0,1,stable
1216__2093_1200,97,t_8_16,72.000732421875,0.0,0.0,4.0,0.8569404533203238,0.6006963221708578,0.88717,0,0,stable
1216__2093_1200,98,t_8_16,72.0,0.0,0.0,4.0,0.7882975861830904,0.517122782846842,0.88717,0,0,stable
1216__2093_1200,99,t_8_16,72.000732421875,0.0,0.0,5.0,0.8724353826189455,0.6302293949951411,0.88717,0,0,stable
1216__2093_1200,100,t_8_16,100.0,0.25,0.0,3.0,0.7429389188134164,0.5807398321536641,0.88717,0,0,mild
1216__2093_1200,103,t_8_16,80.0,0.25,0.25,0.0,,0.6490347360934967,0.88717,0,0,mild
1216__2093_1200,106,t_8_16,72.0,0.6666666666666666,0.0,2.0,0.1509729205353749,0.6586515861536246,0.88717,0,0,high
1216__2093_1200,107,t_8_16,100.0,0.0,0.0,2.0,0.9646044100823169,0.6427573839614983,0.88717,0,0,stable
1216__2093_1200,108,t_8_16,80.0,0.0,0.0,1.0,0.9999949551190385,0.6858699978000721,0.88717,0,0,stable
1216__2093_1200,109,t_8_16,64.0,0.25,0.25,1.0,,0.4953025449047849,0.88717,1,0,mild
1216__2093_1200,110,t_8_16,80.0,0.0,0.0,2.0,0.9929329630662024,0.5156325546211821,0.88717,0,0,stable
1216__2093_1200,113,t_8_16,112.0,0.25,0.25,3.0,0.9663343611562432,0.674360432802358,0.88717,0,0,mild
1216__2093_1200,114,t_8_16,96.0,0.5,0.5,0.0,,0.6090924251311839,0.88717,0,0,mild
1216__2093_1200,115,t_8_16,120.0,0.0,0.0,1.0,,0.7076672518632572,0.88717,0,0,stable
1216__2093_1200,116,t_8_16,80.0,0.0,0.0,2.0,0.9519866053755913,0.5061789421651013,0.88717,0,0,stable
1216__2093_1200,117,t_8_16,112.0,0.25,0.25,2.0,0.9150895712213449,0.651319877887151,0.88717,0,0,mild
1216__2093_1200,118,t_8_16,96.0,0.0,0.0,1.0,,0.5662850748790792,0.88717,0,0,stable
1216__2093_1200,119,t_8_16,112.0,0.0,0.0,2.0,0.9842590699633463,0.570029834547212,0.88717,0,0,stable
1216__2093_1200,120,t_8_16,84.0,0.0,0.0,4.0,0.6274903915569251,0.617022369044164,0.88717,0,0,stable
1216__2093_1200,121,t_8_16,72.0,0.0,0.0,3.0,0.7998663509376676,0.5443304412376577,0.88717,0,0,stable
1216__2093_1200,122,t_8_16,72.0,0.0,0.0,1.0,,0.5039815663702284,0.88717,0,0,stable
1216__2093_1200,125,t_8_16,72.0,0.0,0.0,2.0,0.9424532576085924,0.6667466480706166,0.88717,0,0,stable
1216__2093_1200,127,t_8_16,72.0,0.5,0.0,3.0,0.6005014603334942,0.013611216468720362,0.88717,1,0,mild
1216__2093_1200,128,t_8_16,72.0,0.0,0.0,1.0,,0.5428363139283202,0.88717,0,0,stable
1216__2093_1200,129,t_8_16,95.999755859375,0.25,0.25,3.0,0.9345602682428402,0.6384867353582622,0.88717,0,0,mild
1216__2093_1200,130,t_8_16,95.999755859375,0.5,0.5,0.0,,0.64899849391787,0.88717,0,0,mild
1216__2093_1200,131,t_8_16,96.0,0.25,0.25,3.0,0.7985708017027174,0.7337304439241608,0.88717,0,0,mild
1216__2093_1200,135,t_8_16,80.0,0.0,0.0,1.0,,0.4994208009949079,0.88717,1,0,stable
1216__2093_1200,136,t_8_16,96.0,0.0,0.0,1.0,,0.5904745930315324,0.88717,0,0,stable
1216__2093_1200,137,t_8_16,128.0,0.0,0.0,2.0,0.9770327658328427,0.6916187025044026,0.88717,0,0,stable
1216__2093_1200,139,t_8_16,72.0,0.0,0.0,2.0,0.9371217855787094,0.4676650171601883,0.88717,1,0,stable
1216__2093_1200,140,t_8_16,72.0,0.0,0.0,1.0,0.9999999997624326,0.48582880231061265,0.88717,1,0,stable
1216__2093_1200,141,t_8_16,80.0,0.0,0.0,1.0,,0.604241153550741,0.88717,0,0,stable
1216__2093_1200,144,t_8_16,112.0,0.5,0.5,1.0,,0.6247802399152382,0.88717,0,0,mild
1216__2093_1200,146,t_8_16,96.0,0.25,0.25,1.0,0.9999999897530644,0.19383306611486037,0.88717,1,0,mild
1216__2093_1200,148,t_8_16,80.0,0.5,0.5,0.0,,0.6121703115656869,0.88717,0,0,mild
1216__2093_1200,150,t_8_16,80.0,0.0,0.0,2.0,0.9847484052132001,0.6540283885241492,0.88717,0,0,stable
1216__2093_1200,156,t_8_16,96.0,0.5,0.0,2.0,0.4026172176629395,0.5989929770259576,0.88717,0,0,mild
1216__2093_1200,157,t_8_16,80.0,0.25,0.25,2.0,0.9566947604663476,0.5375616059686616,0.88717,0,0,mild
1216__2093_1200,158,t_8_16,80.0,0.25,0.25,0.0,,0.12887511690248976,0.88717,1,0,mild
1216__2093_1200,159,t_8_16,112.0,0.25,0.25,2.0,0.9926183335866825,0.7552016022303786,0.88717,0,1,mild
1216__2093_1200,160,t_8_16,72.0,0.0,0.0,3.0,0.9271640570699271,0.5479092035915996,0.88717,0,0,stable
1216__2093_1200,161,t_8_16,84.0,0.0,0.0,3.0,0.9808539041102161,0.5736809828298659,0.88717,0,0,stable
1216__2093_1200,163,t_8_16,96.0,0.25,0.25,2.0,0.19131749444121487,0.03398885180016325,0.88717,1,0,mild
1216__2093_1200,165,t_8_16,96.0,0.75,0.75,0.0,,0.5949352909903411,0.88717,0,0,high
1216__2093_1200,166,t_8_16,140.0,0.0,0.0,2.0,0.9931794268943923,0.6708567562673158,0.88717,0,0,stable
1216__2093_1200,167,t_8_16,160.0,0.0,0.0,3.0,0.930308269308883,0.0,0.88717,1,0,stable
1216__2093_1200,168,t_8_16,72.0,0.0,0.0,2.0,0.9856817306417099,0.5297131350690067,0.88717,0,0,stable
1216__2093_1200,170,t_8_16,72.0,0.0,0.0,2.0,0.9995103848819419,0.5175068990138475,0.88717,0,0,stable
1216__2093_1200,172,t_8_16,80.0,0.0,0.0,2.0,0.9523178642236184,0.5796499418649534,0.88717,0,0,stable
1216__2093_1200,173,t_8_16,80.0,0.0,0.0,1.0,,0.10530449320720182,0.88717,1,0,stable
1216__2093_1200,174,t_8_16,112.0,0.5,0.5,0.0,,0.733080175449154,0.88717,0,0,mild
1216__2093_1200,175,t_8_16,112.0,0.0,0.0,2.0,0.9903002340100973,0.6709847216542031,0.88717,0,0,stable
1216__2093_1200,176,t_8_16,72.0,0.0,0.0,2.0,0.8500968280382214,0.5627212197795258,0.88717,0,0,stable
1216__2093_1200,177,t_8_16,72.0,0.0,0.0,2.0,0.9954800534522203,0.5212321661773829,0.88717,0,0,stable
1216__2093_1200,178,t_8_16,70.0,0.0,0.0,3.0,0.9756217941322263,0.686347259228151,0.88717,0,0,stable
1216__2093_1200,179,t_8_16,112.0,0.25,0.25,3.0,0.8048422641483465,0.7016812913520437,0.88717,0,0,mild
1216__2093_1200,180,t_8_16,72.0,0.0,0.0,3.0,0.8532934163542193,0.017348324239529964,0.88717,1,0,stable
1216__2093_1200,183,t_8_16,72.0,0.0,0.0,2.0,0.8066973297939873,0.6805254901122677,0.88717,0,0,stable
1216__2093_1200,184,t_8_16,84.0,0.25,0.0,3.0,0.14939608317464234,0.0,0.88717,1,0,mild
1216__2093_1200,188,t_8_16,72.0,0.0,0.0,5.0,0.8772457194288015,0.6673740089635002,0.88717,0,0,stable
1216__2093_1200,189,t_8_16,84.0,0.0,0.0,4.0,0.9828975138952024,0.5714377954067283,0.88717,0,0,stable
1216__2093_1200,190,t_8_16,128.0,0.0,0.0,2.0,0.994801949017403,0.7312378645934855,0.88717,0,0,stable
1216__2093_1200,191,t_8_16,128.0,0.0,0.0,2.0,0.9957594469105281,0.7480744153529996,0.88717,0,0,stable
1216__2093_1200,193,t_8_16,96.0,0.25,0.25,2.0,0.976855198101336,0.7377570529174109,0.88717,0,0,mild
1216__2093_1200,194,t_8_16,80.0,0.5,0.5,1.0,,0.742215130480353,0.88717,0,0,mild
1216__2093_1200,195,t_8_16,96.0,0.0,0.0,2.0,0.9569521733922194,0.7947212009716935,0.88717,0,1,stable
1216__2093_1200,196,t_8_16,72.000732421875,0.25,0.0,3.0,0.8638843222793627,0.6357231074573102,0.88717,0,0,mild
1216__2093_1200,198,t_8_16,96.0,0.25,0.0,1.0,,0.853547903400529,0.88717,0,1,mild
1216__2093_1200,199,t_8_16,96.0,0.5,0.5,0.0,,0.7401050516618707,0.88717,0,0,mild
1216__2093_1200,202,t_8_16,112.0,0.0,0.0,1.0,,0.683778162265967,0.88717,0,0,stable
1216__2093_1200,203,t_8_16,84.0,0.0,0.0,2.0,0.9727244998461781,0.7233975211991643,0.88717,0,0,stable
1216__2093_1200,204,t_8_16,72.0,0.5,0.0,2.0,0.19719171005118763,0.7182100338610096,0.88717,0,0,mild
1216__2093_1200,205,t_8_16,84.0,0.0,0.0,3.0,0.9891258138697613,0.6770978425728169,0.88717,0,0,stable
1216__2093_1200,206,t_8_16,72.0,0.0,0.0,2.0,0.8665411357745575,0.6462084259116656,0.88717,0,0,stable
1216__2093_1200,207,t_8_16,112.0,0.25,0.25,3.0,0.9604154246220082,0.6799392397528173,0.88717,0,0,mild
1216__2093_1200,208,t_8_16,100.0,0.0,0.0,1.0,,0.7562696798386761,0.88717,0,1,stable
1216__2093_1200,209,t_8_16,96.0,0.0,0.0,3.0,0.968508777497032,0.7349201729708119,0.88717,0,0,stable
1216__2093_1200,210,t_8_16,96.0,0.0,0.0,1.0,,0.6584168208786588,0.88717,0,0,stable
1216__2093_1200,211,t_8_16,100.0,0.0,0.0,1.0,,0.6627217332159776,0.88717,0,0,stable
1216__2093_1200,212,t_8_16,96.0,0.0,0.0,1.0,,0.6209569888685584,0.88717,0,0,stable
1216__2093_1200,213,t_8_16,120.0,0.0,0.0,2.0,0.945556905238666,0.8569052079629529,0.88717,0,1,stable
1216__2093_1200,214,t_8_16,96.0,0.25,0.25,2.0,0.2737992608424481,0.1696215003742366,0.88717,1,0,mild
1216__2093_1200,215,t_8_16,176.0,0.0,0.0,2.0,0.9465279697768885,0.7145027814176041,0.88717,0,0,stable
1216__2093_1200,216,t_8_16,240.0,0.0,0.0,3.0,0.9988973619587422,0.8818037136237507,0.88717,0,1,stable
1216__2093_1200,217,t_8_16,180.0,0.0,0.0,3.0,0.9957561773698955,0.8632038886941745,0.88717,0,1,stable
1216__2093_1200,218,s_16_32,336.0,0.0,0.0,8.0,0.9912471861688161,0.8312020693308361,0.88717,0,1,stable
1216__2093_1200,219,s_16_32,336.0,0.0,0.0,5.0,0.998235406497042,0.8973613928571406,0.88717,0,1,stable
1216__2093_1200,220,t_8_16,216.0,0.0,0.0,3.0,0.960309515781644,0.012820695407034366,0.88717,1,0,stable
1216__2093_1200,221,t_8_16,168.0,0.0,0.0,3.0,0.9740754836187667,0.6788526153539685,0.88717,0,0,stable
1216__2093_1200,222,s_16_32,312.0,0.0,0.0,5.0,0.9971700583584647,0.8049121484754077,0.88717,0,1,stable
1216__2093_1200,223,t_8_16,140.0,0.0,0.0,3.0,0.9340603997484104,0.7280692826101699,0.88717,0,0,stable
1216__2093_1200,224,s_16_32,476.0,0.0,0.0,10.0,0.9916598284848585,0.7664526853659281,0.88717,0,1,stable
1216__2093_1200,225,t_8_16,140.0008544921875,0.0,0.0,3.0,0.9859097982414715,0.7865317716954091,0.88717,0,1,stable
1216__2093_1200,226,s_16_32,280.0,0.0,0.0,6.0,0.8323471665158075,0.023148287310159152,0.88717,1,0,stable
1216__2093_1200,227,t_8_16,140.0008544921875,0.0,0.0,2.0,0.9682251898056703,0.682178403902441,0.88717,0,0,stable
1216__2093_1200,228,t_8_16,140.0008544921875,0.0,0.0,5.0,0.9878823026702135,0.9140640307222074,0.88717,0,1,stable
1216__2093_1200,229,t_8_16,252.0,0.0,0.0,4.0,0.8978422404544002,0.0,0.88717,1,0,stable
1216__2093_1200,230,t_8_16,168.0,0.0,0.0,2.0,0.9061390003075073,0.0,0.88717,1,0,stable
1216__2093_1200,231,t_8_16,192.0,0.5,0.0,4.0,0.11029585521784645,0.8256798789973803,0.88717,0,1,mild
1216__2093_1200,232,t_8_16,168.0,0.0,0.0,3.0,0.9085143380449517,0.0,0.88717,1,0,stable
1216__2093_1200,233,t_8_16,100.0,0.25,0.0,2.0,0.40384086420871307,0.05735192684080875,0.88717,1,0,mild
1216__2093_1200,234,t_8_16,119.9993896484375,0.0,0.0,1.0,,0.8197925245604413,0.88717,0,1,stable
1216__2093_1200,235,t_8_16,120.0,0.25,0.0,2.0,0.8768443383802058,0.6652473943503575,0.88717,0,0,mild
1216__2093_1200,236,t_8_16,100.0,0.0,0.0,2.0,0.9992974958179394,0.604986535940711,0.88717,0,0,stable
1216__2093_1200,237,t_8_16,120.0,0.0,0.0,2.0,0.9882827726020698,0.836422132443456,0.88717,0,1,stable
1216__2093_1200,238,t_8_16,80.0,0.0,0.0,1.0,,0.0199715316918821,0.88717,1,0,stable
1216__2093_1200,239,t_8_16,160.0,0.0,0.0,3.0,0.9974599182256824,0.7368054971075785,0.88717,0,0,stable
1216__2093_1200,240,t_8_16,80.0,0.0,0.0,1.0,,0.8200393702391052,0.88717,0,1,stable
1216__2093_1200,241,t_8_16,112.0,0.25,0.25,3.0,0.8973555344463656,0.7126403172151932,0.88717,0,0,mild
1216__2093_1200,242,s_16_32,264.0,0.0,0.0,4.0,0.9960453447215505,0.7813047175307353,0.88717,0,1,stable
1216__2093_1200,243,s_16_32,540.0,0.0,0.0,8.0,0.9353068921735812,0.7363750195985261,0.88717,0,0,stable
1216__2093_1200,244,t_8_16,95.9996337890625,0.0,0.0,5.0,0.576964179703284,0.5281932507823381,0.88717,0,0,stable
1216__2093_1200,245,t_8_16,252.0,0.0,0.0,3.0,0.979212394754208,0.0,0.88717,1,0,stable
1216__2093_1200,246,t_8_16,252.0,0.0,0.0,5.0,0.7057930398625593,0.0,0.88717,1,0,stable
1216__2093_1200,247,t_8_16,252.0,0.0,0.0,5.0,0.925008441843085,0.648435571428571,0.88717,0,0,stable
1216__2093_1200,248,t_8_16,200.0,0.25,0.0,7.0,0.9713779368819256,0.7901784798938755,0.88717,0,1,mild
1216__2093_1200,249,s_16_32,640.0,0.0,0.0,10.0,0.89528349456176,0.0,0.88717,1,0,stable
1216__2093_1200,250,t_8_16,168.0,0.0,0.0,2.0,0.6846854047878317,0.8033928015694903,0.88717,0,1,stable
1216__2093_1200,251,t_8_16,140.0,0.0,0.0,3.0,0.4885812743901866,0.004109838103909069,0.88717,1,0,stable
1216__2093_1200,252,t_8_16,80.0,0.0,0.0,1.0,,0.7218146099982713,0.88717,0,0,stable
1216__2093_1200,253,t_8_16,80.0,0.5,0.0,3.0,0.6847456557402852,0.05164252532848084,0.88717,1,0,mild
1216__2093_1200,254,t_8_16,120.0,0.0,0.0,2.0,0.9430574847860803,0.8387873073572568,0.88717,0,1,stable
1216__2093_1200,255,t_8_16,112.0,0.0,0.0,1.0,,0.7252697554453745,0.88717,0,0,stable
1216__2093_1200,256,t_8_16,140.0,0.0,0.0,2.0,0.976031064607058,0.037141659990405876,0.88717,1,0,stable
1216__2093_1200,257,t_8_16,224.0,0.0,0.0,5.0,0.9422769526420343,0.6201075757718099,0.88717,0,0,stable
1216__2093_1200,258,t_8_16,111.9991455078125,0.0,0.0,4.0,0.9872258324217625,0.7100683082812818,0.88717,0,0,stable
1216__2093_1200,259,t_8_16,140.0,0.0,0.0,3.0,0.9884370291511266,0.7237398055109527,0.88717,0,0,stable
1216__2093_1200,260,t_8_16,144.0,0.0,0.0,4.0,0.44575233102349,0.1089463844873648,0.88717,1,0,stable
1216__2093_1200,261,t_8_16,120.0,0.0,0.0,2.0,0.9763763968812084,0.8501072460830335,0.88717,0,1,stable
1216__2093_1200,262,t_8_16,100.0006103515625,0.0,0.0,1.0,,0.0,0.88717,1,0,stable
1216__2093_1200,263,t_8_16,64.0,0.0,0.0,1.0,,0.0,0.88717,1,0,stable
1216__2093_1200,264,t_8_16,140.0,0.0,0.0,2.0,0.9855020403406618,0.8433570760658339,0.88717,0,1,stable
1216__2093_1200,265,t_8_16,95.99951171875,0.25,0.25,2.0,0.9822551737171162,0.7842049784125532,0.88717,0,1,mild
1216__2093_1200,266,t_8_16,111.99951171875,0.0,0.0,2.0,0.9939213031946882,0.6231567947011107,0.88717,0,0,stable
1216__2093_1200,267,t_8_16,139.9993896484375,0.25,0.0,3.0,0.27413403161889627,0.8414182960575771,0.88717,0,1,mild
1216__2093_1200,268,t_8_16,96.0,0.0,0.0,1.0,,0.6719602669894129,0.88717,0,0,stable
1216__2093_1200,269,t_8_16,72.0,0.0,0.0,2.0,0.9766134724200098,0.0,0.88717,1,0,stable
1216__2093_1200,270,t_8_16,112.0,0.5,0.25,2.0,0.797878757834227,0.002549249889245498,0.88717,1,0,mild
1216__2093_1200,271,t_8_16,160.0,0.0,0.0,3.0,0.9966285050705578,0.885727595814518,0.88717,0,1,stable
1216__2093_1200,272,t_8_16,120.0,0.0,0.0,2.0,0.952269398093821,0.777849763000171,0.88717,0,1,stable
1216__2093_1200,273,t_8_16,127.9990234375,0.0,0.0,5.0,0.783941054761728,0.7561321287574266,0.88717,0,1,stable
1216__2093_1200,274,t_8_16,160.0,0.0,0.0,2.0,0.9528398022673892,0.7363915478654275,0.88717,0,0,stable
1216__2093_1200,275,t_8_16,100.0,0.0,0.0,2.0,0.9919702602341369,0.7023762033635266,0.88717,0,0,stable
1216__2093_1200,276,t_8_16,84.0008544921875,0.0,0.0,3.0,0.8235202198128917,0.617228269438145,0.88717,0,0,stable
1216__2093_1200,277,t_8_16,100.0,0.0,0.0,1.0,,0.7399743410211984,0.88717,0,0,stable
1216__2093_1200,278,t_8_16,72.000732421875,0.25,0.0,4.0,0.4033211662290702,0.0071641940021356515,0.88717,1,0,mild
1216__2093_1200,279,t_8_16,80.0,0.0,0.0,1.0,,0.7311828130756564,0.88717,0,0,stable
1216__2093_1200,280,t_8_16,160.0,0.0,0.0,3.0,0.9948681093407105,0.7565312877673545,0.88717,0,1,stable
1216__2093_1200,281,t_8_16,100.0,0.25,0.0,2.0,0.8894087239428694,0.771334090742041,0.88717,0,1,mild
1216__2093_1200,282,t_8_16,140.0,0.0,0.0,1.0,,0.8036103954611336,0.88717,0,1,stable
1216__2093_1200,283,t_8_16,100.0,0.0,0.0,1.0,,0.7621397363606881,0.88717,0,1,stable
1216__2093_1200,284,t_8_16,192.0,0.25,0.0,3.0,0.030054074839937394,0.6911600208333305,0.88717,0,0,mild
1216__2093_1200,285,t_8_16,96.0,0.0,0.0,1.0,,0.6873906010696444,0.88717,0,0,stable
1216__2093_1200,286,t_8_16,100.0,0.25,0.0,2.0,0.9100115181302364,0.5628371383719935,0.88717,0,0,mild
1216__2093_1200,287,t_8_16,80.0,0.0,0.0,1.0,,0.5846150653256181,0.88717,0,0,stable
1216__2093_1200,288,t_8_16,112.0,0.25,0.25,3.0,0.886901216967311,0.0,0.88717,1,0,mild
1216__2093_1200,289,t_8_16,80.0,0.25,0.0,2.0,0.43978514440464206,0.0,0.88717,1,0,mild
1216__2093_1200,291,t_8_16,111.9990844745189,0.0,0.0,3.0,0.9480005620228197,0.8144959687321979,0.88717,0,1,stable
1216__2093_1200,292,t_8_16,139.9993896484375,0.25,0.0,1.0,,0.6185895733800133,0.88717,0,0,mild
1216__2093_1200,293,t_8_16,111.99957275390625,0.0,0.0,3.0,0.9937126910496782,0.7649522935223457,0.88717,0,1,stable
1216__2093_1200,294,t_8_16,80.0,0.0,0.0,1.0,,0.6725163992493473,0.88717,0,0,stable
1216__2093_1200,295,t_8_16,96.0,0.0,0.0,2.0,0.8542235521968083,0.6079908041390875,0.88717,0,0,stable
1216__2093_1200,296,t_8_16,144.0,0.0,0.0,2.0,0.9983864047064521,0.2434479727955909,0.88717,1,0,stable
1216__2093_1200,297,t_8_16,216.0,0.0,0.0,4.0,0.9780385661001826,0.8735200280979457,0.88717,0,1,stable
1216__2093_1200,298,t_8_16,140.0,0.0,0.0,2.0,0.9423097645769336,0.7842032158611107,0.88717,0,1,stable
1216__2093_1200,299,t_8_16,160.0,0.0,0.0,2.0,0.7775517771432225,0.8795157526300251,0.88717,0,1,stable
1216__2093_1200,300,t_8_16,120.0,0.0,0.0,1.0,,0.17439827765948637,0.88717,1,0,stable
1216__2093_1200,301,t_8_16,96.0,0.0,0.0,2.0,0.9577463536248036,0.7479716245028147,0.88717,0,0,stable
1216__2093_1200,303,t_8_16,160.0,0.0,0.0,3.0,0.9770840970021847,0.8513782808778637,0.88717,0,1,stable
1216__2093_1200,304,t_8_16,160.0009765625,0.0,0.0,5.0,0.92452388075635,0.6402654312499955,0.88717,0,0,stable
1216__2093_1200,305,t_8_16,140.0,0.0,0.0,1.0,,0.9157588256241181,0.88717,0,1,stable
1216__2093_1200,306,t_8_16,120.0,0.0,0.0,2.0,0.916828905589261,0.8339648595523189,0.88717,0,1,stable
1216__2093_1200,307,t_8_16,140.0,0.0,0.0,3.0,0.9133215406988608,0.7824362321510788,0.88717,0,1,stable
1216__2093_1200,308,t_8_16,167.999267578125,0.0,0.0,1.0,0.9999958079450383,0.7012068666018058,0.88717,0,0,stable
1216__2093_1200,309,t_8_16,120.0,0.25,0.0,2.0,0.259970740083279,0.6992038696154734,0.88717,0,0,mild
1216__2093_1200,310,t_8_16,252.0,0.0,0.0,4.0,0.9352281192495955,0.7595907721746981,0.88717,0,1,stable
1216__2093_1200,311,t_8_16,192.0,0.5,0.0,3.0,0.0857321707309625,0.5803525580816187,0.88717,0,0,mild
1216__2093_1200,312,t_8_16,140.0,0.0,0.0,0.0,,0.2532805675823068,0.88717,1,0,stable
1216__2093_1200,313,t_8_16,140.0,0.0,0.0,3.0,0.9691598282171208,0.7346579317398507,0.88717,0,0,stable
1216__2093_1200,314,t_8_16,140.0,0.25,0.25,2.0,0.776252745755824,0.14132936796098172,0.88717,1,0,mild
1216__2093_1200,315,t_8_16,112.0,0.0,0.0,2.0,0.9997319422523437,0.6892850095148766,0.88717,0,0,stable
1216__2093_1200,316,t_8_16,140.0,0.25,0.0,4.0,0.23193427219650442,0.0,0.88717,1,0,mild
1216__2093_1200,317,t_8_16,160.0,0.0,0.0,1.0,,0.8321248663824213,0.88717,0,1,stable
1216__2093_1200,318,t_8_16,252.0,0.0,0.0,3.0,0.9320629111694222,0.5015400942426994,0.88717,0,0,stable
1216__2093_1200,319,t_8_16,96.0,0.5,0.5,0.0,,0.4746295192234018,0.88717,1,0,mild
1216__2093_1200,320,t_8_16,160.0,0.25,0.25,3.0,0.3522524507071572,0.624492014192676,0.88717,0,0,mild
1216__2093_1200,321,t_8_16,112.0,0.0,0.0,2.0,0.9986576218779892,0.6832974424600919,0.88717,0,0,stable
1216__2093_1200,322,t_8_16,140.0,0.25,0.0,2.0,0.4520752724996729,0.0,0.88717,1,0,mild
1216__2093_1200,323,t_8_16,80.0,0.3333333333333333,0.3333333333333333,1.0,,0.7892254929980033,0.88717,0,1,mild
1216__2093_1200,324,t_8_16,168.0,0.0,0.0,3.0,0.8025765567151332,0.801842479459822,0.88717,0,1,stable
1216__2093_1200,325,t_8_16,96.0,0.0,0.0,2.0,0.9918985392014229,0.0,0.88717,1,0,stable
1216__2093_1200,326,t_8_16,140.0,0.0,0.0,2.0,0.9960727084272843,0.8022704093076483,0.88717,0,1,stable
1216__2093_1200,327,t_8_16,112.0,0.5,0.5,1.0,,0.8349538206346117,0.88717,0,1,mild
1216__2093_1200,328,t_8_16,96.0,0.0,0.0,2.0,0.8324747525112207,0.7813141977300303,0.88717,0,1,stable
1216__2093_1200,329,t_8_16,80.0,0.25,0.25,1.0,,0.6189207236470279,0.88717,0,0,mild
1216__2093_1200,330,t_8_16,112.0,0.25,0.25,3.0,0.757231373587236,0.04876286894480533,0.88717,1,0,mild
1216__2093_1200,331,t_8_16,112.0,0.5,0.25,3.0,0.5310247824134905,0.7371974344265515,0.88717,0,0,mild
1216__2093_1200,332,t_8_16,156.0,0.0,0.0,2.0,0.9965568628685952,0.0,0.88717,1,0,stable
1216__2093_1200,333,t_8_16,192.0,0.5,0.0,5.0,0.22810497214286188,0.41427156309241586,0.88717,1,0,mild
1216__2093_1200,334,t_8_16,165.0,0.0,0.0,1.0,0.9999987391511318,0.6295830787878766,0.88717,0,0,stable
1216__2093_1200,335,t_8_16,90.0,0.25,0.25,1.0,0.9999999466003514,0.052329853440370735,0.88717,1,0,mild
1216__2093_1200,336,t_8_16,108.0,0.0,0.0,2.0,0.7768495995865398,0.546870397626434,0.88717,0,0,stable
1216__2093_1200,337,t_8_16,253.0,0.0,0.0,3.0,0.8987542060876721,0.6732103295927793,0.88717,0,0,stable
1216__2093_1200,338,t_8_16,170.0,0.0,0.0,2.0,0.9999920419832374,0.08584434196983377,0.88717,1,0,stable
1216__2093_1200,339,t_8_16,120.0,0.0,0.0,3.0,0.7652739168091867,0.540602342744135,0.88717,0,0,stable
1216__2093_1200,340,t_8_16,90.00009155273438,0.0,0.0,5.0,0.9581457181062726,0.6534464960831193,0.88717,0,0,stable
1216__2093_1200,341,t_8_16,95.99981689453125,0.0,0.0,5.0,0.7996564928533553,0.0,0.88717,1,0,stable
1216__2093_1200,342,t_8_16,187.00033569335938,0.25,0.0,2.0,0.9911094363461046,0.5470537416441447,0.88717,0,0,mild
1216__2093_1200,343,t_8_16,120.0,0.5,0.0,2.0,0.5512596542911925,0.0,0.88717,1,0,mild
1216__2093_1200,344,t_8_16,168.0,0.0,0.0,2.0,0.6838856134207201,0.6953911902009988,0.88717,0,0,stable
1216__2093_1200,345,t_8_16,130.00079345703125,0.25,0.0,2.0,0.5088525608716525,0.09015770572658748,0.88717,1,0,mild
1216__2093_1200,346,t_8_16,120.0,0.0,0.0,2.0,0.7446324608187153,0.0,0.88717,1,0,stable
1216__2093_1200,347,t_8_16,88.0,0.0,0.0,1.0,,0.45723701743258216,0.88717,1,0,stable
121a03fea,0,t_8_16,117.00003433227539,0.25,0.0,1.0,,0.8018553419889711,0.76164,0,1,mild
121a03fea,1,t_8_16,179.9996032710187,0.0,0.0,4.0,0.9906267278134997,0.8684602581408404,0.76164,0,1,stable
1224__600_1200,0,t_8_16,168.0,0.0,0.0,2.0,0.7991044932320575,0.6471374285714289,0.77516,0,0,stable
1224__600_1200,1,t_8_16,154.0,0.0,0.0,3.0,0.9803011032167092,0.752121157339348,0.77516,0,1,stable
1224__600_1200,2,t_8_16,182.00021362304688,0.0,0.0,4.0,0.96982082323164,0.7995262798232529,0.77516,0,1,stable
1233__0_1928,0,t_8_16,112.0,0.0,0.0,3.0,0.9939864365812948,0.7816929487729469,0.79388,0,1,stable
1233__0_1928,1,s_16_32,279.998779296875,0.0,0.0,3.0,0.9949521261239912,0.6340514176555364,0.79388,0,0,stable
1233__0_1928,2,t_8_16,128.0,0.0,0.0,2.0,0.9781351958967601,0.6090565241264162,0.79388,0,0,stable
1233__0_1928,3,t_8_16,95.99938964936882,0.0,0.0,4.0,0.9797738751464161,0.626782179098452,0.79388,0,0,stable
1233__0_1928,4,t_8_16,199.99969482421875,0.25,0.0,4.0,0.7008710595346402,0.7514395999999908,0.79388,0,1,mild
1233__0_1928,5,t_8_16,112.00000762939453,0.0,0.0,1.0,,0.5881463268201388,0.79388,0,0,stable
1233__0_1928,6,t_8_16,72.0,0.0,0.0,3.0,0.9928474296884415,0.6370686959366922,0.79388,0,0,stable
1233__0_1928,7,t_8_16,72.0,0.0,0.0,4.0,0.706806664308544,0.6338591608982537,0.79388,0,0,stable
1233__0_1928,8,t_8_16,84.0,0.0,0.0,5.0,0.9769852405255628,0.5339822522988714,0.79388,0,0,stable
1233__0_1928,9,t_8_16,84.0,0.0,0.0,4.0,0.9880289576672927,0.6677093778754988,0.79388,0,0,stable
1233__0_1928,10,t_8_16,168.0,0.0,0.0,4.0,0.9560216367358678,0.7878177583613879,0.79388,0,1,stable
1233__0_1928,11,t_8_16,140.0,0.25,0.0,3.0,0.8859747582252735,0.630031141600498,0.79388,0,0,mild
1233__0_1928,12,t_8_16,84.0,0.0,0.0,5.0,0.9479183153635585,0.6664241531728875,0.79388,0,0,stable
1233__0_1928,13,t_8_16,80.0,0.0,0.0,1.0,,0.6966278262798458,0.79388,0,0,stable
1233__0_1928,14,t_8_16,120.0,0.25,0.0,1.0,,0.021653482575921836,0.79388,1,0,mild
1233__0_1928,15,t_8_16,84.0,0.0,0.0,3.0,0.9618677609260143,0.6357802818764252,0.79388,0,0,stable
1233__0_1928,17,t_8_16,96.0,0.0,0.0,4.0,0.9751371770833993,0.751194626638602,0.79388,0,1,stable
1233__0_1928,18,t_8_16,84.0,0.0,0.0,5.0,0.9673078669521998,0.64424431945553,0.79388,0,0,stable
1233__0_1928,19,t_8_16,98.0,0.25,0.0,3.0,0.6447048104137569,0.6861891570115736,0.79388,0,0,mild
1233__0_1928,20,t_8_16,180.0,0.25,0.25,4.0,0.5403430829295268,0.0,0.79388,1,0,mild
1233__0_1928,21,t_8_16,130.0,0.0,0.0,2.0,0.956024794227394,0.612452669230769,0.79388,0,0,stable
1233__0_1928,22,t_8_16,189.0,0.5,0.5,3.0,0.07644396702714878,0.6188487838666106,0.79388,0,0,mild
1233__0_1928,23,t_8_16,152.0,0.0,0.0,2.0,0.8688937139946561,0.43137115895296146,0.79388,1,0,stable
1233__0_1928,24,t_8_16,180.0,0.25,0.25,3.0,0.6310452628903127,0.5030237621284193,0.79388,0,0,mild
1233__0_1928,25,t_8_16,105.00002861022949,0.25,0.0,5.0,0.25711732967018275,0.45073456119239647,0.79388,1,0,mild
1233__0_1928,26,t_8_16,126.0,0.25,0.0,5.0,0.6548848424257941,0.7448389927033517,0.79388,0,0,mild
1233__0_1928,27,t_8_16,240.0,0.0,0.0,4.0,0.9728342906744247,0.0,0.79388,1,0,stable
1233__0_1928,28,t_8_16,140.0,0.5,0.0,3.0,0.08179809699103087,0.35519610034830523,0.79388,1,0,mild
1233__0_1928,29,t_8_16,210.0,0.0,0.0,3.0,0.9952481634598046,0.8304791511892528,0.79388,0,1,stable
1233__0_1928,30,t_8_16,140.0,0.0,0.0,2.0,0.5049456333826704,0.12491564854840081,0.79388,1,0,stable
1233__0_1928,31,t_8_16,110.0,0.25,0.0,3.0,0.9520220203003678,0.6212749596073196,0.79388,0,0,mild
1233__0_1928,32,t_8_16,143.0,0.0,0.0,3.0,0.683091623955306,0.616623549458125,0.79388,0,0,stable
1233__0_1928,33,t_8_16,90.0,0.0,0.0,3.0,0.9869881440094785,0.6378586713913779,0.79388,0,0,stable
1233__0_1928,34,t_8_16,119.0,0.0,0.0,5.0,0.9621355302688835,0.6316067647058874,0.79388,0,0,stable
128__1800_1800,0,t_8_16,100.0006103515625,0.5,0.0,5.0,0.48279909658055353,0.6796495250083896,0.7971,0,0,mild
128__1800_1800,1,t_8_16,87.99951171875,0.25,0.25,1.0,,0.6729894020993904,0.7971,0,0,mild
128__1800_1800,2,t_8_16,120.0,0.0,0.0,2.0,0.999091526761599,0.6795587158057839,0.7971,0,0,stable
128__1800_1800,3,t_8_16,108.0,0.6666666666666666,0.6666666666666666,2.0,0.8200796510385043,0.0,0.7971,1,0,high
128__1800_1800,4,t_8_16,84.0008544921875,0.0,0.0,5.0,0.6934965445466511,0.5728668920860737,0.7971,0,0,stable
128__1800_1800,6,t_8_16,216.0,0.0,0.0,6.0,0.12038944423667187,0.5856280331744578,0.7971,0,0,stable
128__1800_1800,8,t_8_16,128.0,0.0,0.0,2.0,0.8994086995741968,0.6979450569520514,0.7971,0,0,stable
128__1800_1800,9,t_8_16,140.0008544921875,0.0,0.0,2.0,0.8129029129683519,0.7917950096538868,0.7971,0,1,stable
128__1800_1800,10,t_8_16,168.0,0.0,0.0,4.0,0.963927691062269,0.7117169178548283,0.7971,0,0,stable
128__1800_1800,11,t_8_16,100.0,0.0,0.0,1.0,,0.7038847264313649,0.7971,0,0,stable
128__1800_1800,13,t_8_16,168.0,0.0,0.0,2.0,0.9337648147067463,0.5695387223337247,0.7971,0,0,stable
128__1800_1800,14,t_8_16,144.0,0.0,0.0,2.0,0.999279113140219,0.849590416042335,0.7971,0,1,stable
128__1800_1800,15,t_8_16,72.0,0.25,0.0,2.0,0.9558726510790984,0.46365153557911204,0.7971,1,0,mild
128__1800_1800,16,t_8_16,100.0,0.25,0.0,2.0,0.9999287911813839,0.6519433043882684,0.7971,0,0,mild
128__1800_1800,17,t_8_16,112.0,0.25,0.25,2.0,0.9609695573353224,0.5939234524853072,0.7971,0,0,mild
128__1800_1800,18,t_8_16,144.0,0.25,0.0,3.0,0.874343690717435,0.6185728111047698,0.7971,0,0,mild
128__1800_1800,19,t_8_16,96.0,0.25,0.25,1.0,,0.7703936572961458,0.7971,0,1,mild
128__1800_1800,20,t_8_16,112.0001220703125,0.0,0.0,5.0,0.957888655709042,0.7158340870080637,0.7971,0,0,stable
128__1800_1800,21,t_8_16,96.0,0.0,0.0,3.0,0.87417592652341,0.7376837784037027,0.7971,0,0,stable
128__1800_1800,22,t_8_16,176.0,0.0,0.0,2.0,0.9552156368505892,0.8019879461939782,0.7971,0,1,stable
128__1800_1800,23,t_8_16,140.0,0.0,0.0,2.0,0.4484671367619279,0.5812628610364475,0.7971,0,0,stable
128__1800_1800,24,t_8_16,112.0,0.0,0.0,2.0,0.9471407644779671,0.8046129482410079,0.7971,0,1,stable
128__1800_1800,25,t_8_16,72.0,0.0,0.0,5.0,0.3496236834434652,0.475337952573233,0.7971,1,0,stable
128__1800_1800,26,t_8_16,144.0,0.0,0.0,3.0,0.998170657348186,0.8818121863495236,0.7971,0,1,stable
128__1800_1800,27,t_8_16,120.000732421875,0.0,0.0,4.0,0.9615135985994213,0.8391332179077271,0.7971,0,1,stable
128__1800_1800,28,t_8_16,84.0,0.0,0.0,3.0,0.477778987308574,0.7534802793634285,0.7971,0,1,stable
128__1800_1800,29,t_8_16,140.0,0.0,0.0,2.0,0.9459791631283522,0.7859685981953788,0.7971,0,1,stable
128__1800_1800,30,t_8_16,84.0,0.0,0.0,3.0,0.9931677106967431,0.7685649991345006,0.7971,0,1,stable
128__1800_1800,31,t_8_16,156.0,0.0,0.0,2.0,0.9955309098239827,0.7107372422976174,0.7971,0,0,stable
128__1800_1800,32,t_8_16,143.99981689453125,0.0,0.0,3.0,0.9775008928667852,0.8828834341421079,0.7971,0,1,stable
128__1800_1800,33,t_8_16,144.0,0.0,0.0,2.0,0.899748575572638,0.7358531580919341,0.7971,0,0,stable
128__1800_1800,34,t_8_16,120.0,0.0,0.0,3.0,0.9500631906056983,0.8075863372105742,0.7971,0,1,stable
128__1800_1800,35,t_8_16,95.9996337890625,0.0,0.0,5.0,0.866648229035244,0.6862479510833048,0.7971,0,0,stable
128__1800_1800,37,t_8_16,104.0,0.0,0.0,1.0,,0.6449310262301657,0.7971,0,0,stable
128__1800_1800,38,t_8_16,132.0,0.0,0.0,2.0,0.999075373296322,0.7723289266406331,0.7971,0,1,stable
128__1800_1800,39,t_8_16,131.99981689453125,0.25,0.0,2.0,0.601979150374776,0.9161615722034607,0.7971,0,1,mild
128__1800_1800,40,t_8_16,140.0,0.0,0.0,2.0,0.9316107784920465,0.7089475365471161,0.7971,0,0,stable
128__1800_1800,41,t_8_16,168.0,0.0,0.0,5.0,0.8930880980696142,0.6910429166666706,0.7971,0,0,stable
128__1800_1800,42,t_8_16,180.0,0.0,0.0,4.0,0.996196428909905,0.8523648091796768,0.7971,0,1,stable
128__1800_1800,43,t_8_16,139.99969482421875,0.25,0.0,3.0,0.9734434354007853,0.8032903748872878,0.7971,0,1,mild
128__1800_1800,44,t_8_16,156.0,0.0,0.0,4.0,0.9240987034868765,0.7105412120516933,0.7971,0,0,stable
128__1800_1800,45,t_8_16,119.9993896484375,0.0,0.0,2.0,0.9968014428532085,0.7622752781822548,0.7971,0,1,stable
128__1800_1800,46,t_8_16,130.00030517578125,0.25,0.0,5.0,0.7947064824199191,0.8147498205520458,0.7971,0,1,mild
128__1800_1800,47,t_8_16,96.0,0.0,0.0,2.0,0.9973511423239695,0.9460103081113769,0.7971,0,1,stable
128__1800_1800,48,t_8_16,120.0,0.0,0.0,3.0,0.9312960460903131,0.6734250208164422,0.7971,0,0,stable
128__1800_1800,49,t_8_16,162.0010986328125,0.0,0.0,3.0,0.9822949800820048,0.7211186132635006,0.7971,0,0,stable
128__1800_1800,50,t_8_16,216.0,0.0,0.0,2.0,0.9902316877667884,0.5953704166666669,0.7971,0,0,stable
128__1800_1800,51,t_8_16,192.0,0.0,0.0,4.0,0.9397541805558288,0.7493348295184282,0.7971,0,0,stable
128__1800_1800,52,t_8_16,84.0,0.25,0.0,1.0,0.999999978769233,0.7542277495742991,0.7971,0,1,mild
128__1800_1800,53,t_8_16,96.0,0.75,0.0,3.0,0.012759081985242678,0.8283834890806868,0.7971,0,1,high
128__1800_1800,54,t_8_16,112.0,0.0,0.0,3.0,0.9776697002613165,0.8051937411887898,0.7971,0,1,stable
128__1800_1800,55,t_8_16,144.0,0.0,0.0,3.0,0.8788481117941507,0.6485952491607374,0.7971,0,0,stable
128__1800_1800,56,t_8_16,136.0,0.0,0.0,2.0,0.9812278980592234,0.6765825185616829,0.7971,0,0,stable
128__1800_1800,58,t_8_16,160.0,0.5,0.5,0.0,,0.5792407734978557,0.7971,0,0,mild
128__1800_1800,59,t_8_16,160.0,0.0,0.0,2.0,0.9637627836134144,0.7289437544883356,0.7971,0,0,stable
128__1800_1800,60,t_8_16,84.0,0.0,0.0,2.0,0.5215626176289997,0.6332827097903257,0.7971,0,0,stable
128__1800_1800,61,t_8_16,140.0,0.0,0.0,2.0,0.9831613628067042,0.6821818338376806,0.7971,0,0,stable
128__1800_1800,62,t_8_16,175.99835205450654,0.0,0.0,3.0,0.6906947340091185,0.6794910718544172,0.7971,0,0,stable
128__1800_1800,63,t_8_16,80.0,0.0,0.0,1.0,,0.7434991358033253,0.7971,0,0,stable
128__1800_1800,64,t_8_16,119.9993896484375,0.25,0.0,2.0,0.6675271674346613,0.7371251820012593,0.7971,0,0,mild
128__1800_1800,65,t_8_16,80.0,0.25,0.0,1.0,,0.573839957767328,0.7971,0,0,mild
128__1800_1800,66,t_8_16,108.0,0.0,0.0,2.0,0.8170002283509793,0.664757373953095,0.7971,0,0,stable
128__1800_1800,67,t_8_16,168.0,0.0,0.0,2.0,0.9085681373317499,0.7073539944931192,0.7971,0,0,stable
128__1800_1800,68,t_8_16,108.0003662109375,0.0,0.0,1.0,,0.8887272352818572,0.7971,0,1,stable
128__1800_1800,69,t_8_16,160.0,0.0,0.0,3.0,0.9718290467471102,0.8761504826356064,0.7971,0,1,stable
128__1800_1800,70,t_8_16,159.99996948242188,0.0,0.0,3.0,0.9242558781551363,0.661827118356126,0.7971,0,0,stable
128__1800_1800,71,t_8_16,180.0,0.0,0.0,3.0,0.9747415111488799,0.7181118003406204,0.7971,0,0,stable
128__1800_1800,72,t_8_16,143.9996337890625,0.0,0.0,5.0,0.4449997930718974,0.7323526701384054,0.7971,0,0,stable
128__1800_1800,73,t_8_16,84.0,0.0,0.0,3.0,0.9064821936644352,0.5191862622662251,0.7971,0,0,stable
128__1800_1800,74,t_8_16,143.00023651099764,0.0,0.0,4.0,0.8948891929380866,0.7787623247355824,0.7971,0,1,stable
128__1800_1800,75,t_8_16,180.0,0.0,0.0,3.0,0.911942743363146,0.7046994666666677,0.7971,0,0,stable
128__1800_1800,76,t_8_16,144.0,0.25,0.25,3.0,0.7666539585516117,0.5759905492868668,0.7971,0,0,mild
128__1800_1800,77,t_8_16,196.0,0.0,0.0,4.0,0.9822899723968144,0.686512839595876,0.7971,0,0,stable
128__1800_1800,78,t_8_16,120.0,0.0,0.0,2.0,0.9924874396358382,0.677134297384459,0.7971,0,0,stable
128__1800_1800,79,t_8_16,132.0,0.0,0.0,2.0,0.9966698006300574,0.8768868735517261,0.7971,0,1,stable
128__1800_1800,80,t_8_16,139.99957275390625,0.0,0.0,2.0,0.956323809845729,0.6979397086017003,0.7971,0,0,stable
128__1800_1800,81,t_8_16,144.0,0.25,0.25,2.0,0.9975996794117193,0.6533723623109612,0.7971,0,0,mild
128__1800_1800,82,t_8_16,144.0,0.0,0.0,3.0,0.9710697198329014,0.8566462486053327,0.7971,0,1,stable
128__1800_1800,83,t_8_16,87.99966430664062,0.0,0.0,2.0,0.9872347610289852,0.7020891211248947,0.7971,0,0,stable
128__1800_1800,84,t_8_16,96.0,0.0,0.0,2.0,0.8907422902278183,0.0,0.7971,1,0,stable
128__1800_1800,85,t_8_16,192.0,0.0,0.0,5.0,0.8641373139191779,0.6222879732994899,0.7971,0,0,stable
128__1800_1800,86,t_8_16,132.0,0.0,0.0,2.0,0.993826299061862,0.8406757642362668,0.7971,0,1,stable
128__1800_1800,87,t_8_16,126.00042724609375,0.0,0.0,2.0,0.9754821771614076,0.6523820636979772,0.7971,0,0,stable
128__1800_1800,88,t_8_16,72.0,0.0,0.0,2.0,0.9995333980704012,0.8724889105109781,0.7971,0,1,stable
128__1800_1800,89,t_8_16,139.99996185302734,0.0,0.0,2.0,0.9971705614227545,0.8514776081266813,0.7971,0,1,stable
128__1800_1800,90,t_8_16,120.0,0.0,0.0,1.0,,0.8648844619799038,0.7971,0,1,stable
128__1800_1800,91,t_8_16,120.0,0.0,0.0,5.0,0.9920729639707219,0.5083561005379041,0.7971,0,0,stable
128__1800_1800,93,t_8_16,100.0,0.0,0.0,1.0,,0.8224171262911224,0.7971,0,1,stable
128__1800_1800,94,t_8_16,224.0,0.0,0.0,3.0,0.9790420758192645,0.8014722999568887,0.7971,0,1,stable
128__1800_1800,95,t_8_16,72.0,0.0,0.0,2.0,0.9986529080597584,0.5911262275708383,0.7971,0,0,stable
128__1800_1800,96,t_8_16,96.0,0.25,0.25,1.0,,0.49824893424539973,0.7971,1,0,mild
128__1800_1800,97,t_8_16,120.0,0.5,0.25,2.0,0.5743431069577997,0.8059006686451341,0.7971,0,1,mild
128__1800_1800,98,t_8_16,216.0,0.0,0.0,5.0,0.10356825941793432,0.5536816898148145,0.7971,0,0,stable
128__1800_1800,99,t_8_16,96.0,0.25,0.25,2.0,0.9894836751649273,0.6768849226674578,0.7971,0,0,mild
128__1800_1800,100,t_8_16,160.0,0.0,0.0,3.0,0.9725336209923011,0.8012817801450197,0.7971,0,1,stable
128__1800_1800,101,t_8_16,192.0,0.0,0.0,4.0,0.480542602769893,0.5491264320694556,0.7971,0,0,stable
128__1800_1800,102,t_8_16,180.0,0.0,0.0,3.0,0.970512794519104,0.7249459767116891,0.7971,0,0,stable
128__1800_1800,103,t_8_16,132.0,0.0,0.0,2.0,0.814718163552105,0.7528573192999868,0.7971,0,1,stable
128__1800_1800,104,t_8_16,200.0,0.0,0.0,2.0,0.9851303348196329,0.8117879102540496,0.7971,0,1,stable
128__1800_1800,105,t_8_16,112.0,0.0,0.0,3.0,0.9856080653104602,0.6311974911874533,0.7971,0,0,stable
128__1800_1800,106,t_8_16,126.0,0.0,0.0,1.0,,0.7858736940753919,0.7971,0,1,stable
128__1800_1800,107,t_8_16,168.0,0.0,0.0,2.0,0.9930026563329033,0.7664268585131874,0.7971,0,1,stable
128__1800_1800,108,t_8_16,120.0,0.25,0.25,2.0,0.8327315100689476,0.7566431710208393,0.7971,0,1,mild
128__1800_1800,109,t_8_16,128.0,0.0,0.0,2.0,0.5857175531975432,0.7275481539344266,0.7971,0,0,stable
128__1800_1800,110,t_8_16,167.999267578125,0.0,0.0,3.0,0.990527860630051,0.7010392380952369,0.7971,0,0,stable
128__1800_1800,111,t_8_16,196.0,0.0,0.0,2.0,0.9737453291317532,0.6137173316326551,0.7971,0,0,stable
128__1800_1800,112,t_8_16,220.0,0.0,0.0,2.0,0.5199241215373706,0.46542081818181785,0.7971,1,0,stable
128__1800_1800,113,t_8_16,224.0009765625,0.0,0.0,4.0,0.9643737554590619,0.677330305258166,0.7971,0,0,stable
128__1800_1800,114,t_8_16,167.9991455078125,0.0,0.0,2.0,0.998357276850939,0.740499227599292,0.7971,0,0,stable
128__1800_1800,115,t_8_16,196.0,0.0,0.0,5.0,0.9553368292408206,0.74365976020408,0.7971,0,0,stable
128__1800_1800,116,t_8_16,156.0,0.25,0.0,2.0,0.456381725685673,0.4891397035569403,0.7971,1,0,mild
128__1800_1800,117,t_8_16,209.9991455078125,0.0,0.0,3.0,0.9585107840895989,0.6852897564031092,0.7971,0,0,stable
128__1800_1800,118,t_8_16,128.0,0.0,0.0,2.0,0.9886466267794862,0.7566170852300148,0.7971,0,1,stable
128__1800_1800,120,t_8_16,64.0,0.5,0.5,0.0,,0.6372758444273586,0.7971,0,0,mild
128__1800_1800,121,t_8_16,126.0008544921875,0.0,0.0,3.0,0.9734594512739846,0.6122948406714855,0.7971,0,0,stable
128__1800_1800,124,t_8_16,168.0,0.0,0.0,2.0,0.9038894264785409,0.7519316091944986,0.7971,0,1,stable
128__1800_1800,125,t_8_16,224.0,0.0,0.0,3.0,0.9671050733717101,0.6733053418202577,0.7971,0,0,stable
128__1800_1800,126,t_8_16,128.0,0.0,0.0,2.0,0.9783819594981937,0.8316212343749968,0.7971,0,1,stable
128__1800_1800,127,t_8_16,164.99932861328125,0.0,0.0,3.0,0.9581910429364758,0.6592612531178819,0.7971,0,0,stable
128__1800_1800,128,t_8_16,160.0,0.0,0.0,2.0,0.6868121576841488,0.7661863381183732,0.7971,0,1,stable
128__1800_1800,129,t_8_16,72.0,0.0,0.0,3.0,0.9868437059776299,0.8086940843307869,0.7971,0,1,stable
128__1800_1800,130,t_8_16,144.0,0.0,0.0,2.0,0.9897794229840473,0.7516571456316213,0.7971,0,1,stable
128__1800_1800,131,t_8_16,168.0,0.0,0.0,4.0,0.9155886832480521,0.9040035332779892,0.7971,0,1,stable
128__1800_1800,132,t_8_16,99.0,0.25,0.0,1.0,,0.754698906127118,0.7971,0,1,mild
128__1800_1800,133,t_8_16,140.0,0.0,0.0,1.0,0.9999989284810556,0.7583844162116536,0.7971,0,1,stable
128__1800_1800,134,t_8_16,84.0,0.0,0.0,3.0,0.6898469409134271,0.6932621619393724,0.7971,0,0,stable
128__1800_1800,135,t_8_16,80.0,0.25,0.0,2.0,0.7302793520900125,0.6263735604109831,0.7971,0,0,mild
128__1800_1800,136,t_8_16,96.0,0.25,0.25,1.0,0.9999800733424893,0.650321827586072,0.7971,0,0,mild
128__1800_1800,137,t_8_16,104.0,0.25,0.25,2.0,0.9888135448209918,0.8370300817008207,0.7971,0,1,mild
128__1800_1800,138,t_8_16,72.0,0.0,0.0,3.0,0.8159229207936819,0.44077119828995265,0.7971,1,0,stable
128__1800_1800,139,t_8_16,160.0,0.0,0.0,3.0,0.9973621875056711,0.8474138300171618,0.7971,0,1,stable
128__1800_1800,140,t_8_16,160.0,0.0,0.0,3.0,0.9698839362396239,0.6210768439365608,0.7971,0,0,stable
128__1800_1800,141,t_8_16,95.9996337890625,0.0,0.0,5.0,0.9748183520764819,0.7298811677429625,0.7971,0,0,stable
128__1800_1800,142,t_8_16,120.0,0.25,0.0,3.0,0.4736675762317107,0.8960013473567526,0.7971,0,1,mild
128__1800_1800,143,t_8_16,90.0,0.25,0.0,4.0,0.4063457199535642,0.6332770314200324,0.7971,0,0,mild
128__1800_1800,144,t_8_16,108.0,0.0,0.0,2.0,0.9927654281021185,0.6076691401126454,0.7971,0,0,stable
128__1800_1800,145,t_8_16,120.0,0.0,0.0,1.0,,0.808164027874445,0.7971,0,1,stable
128__1800_1800,146,t_8_16,144.0,0.0,0.0,3.0,0.9343030916929931,0.9034426755991883,0.7971,0,1,stable
128__1800_1800,147,t_8_16,120.0,0.0,0.0,2.0,0.998381730537006,0.7149611836255749,0.7971,0,0,stable
128__1800_1800,148,t_8_16,144.0,0.0,0.0,3.0,0.889336761875927,0.7313795529194237,0.7971,0,0,stable
128__1800_1800,149,t_8_16,139.99996185302734,0.0,0.0,1.0,,0.6610501652446732,0.7971,0,0,stable
128__1800_1800,150,t_8_16,196.0,0.0,0.0,4.0,0.5746224374678672,0.6147708685867888,0.7971,0,0,stable
128__1800_1800,151,t_8_16,140.0,0.0,0.0,1.0,,0.8376800697272143,0.7971,0,1,stable
128__1800_1800,152,t_8_16,128.0,0.25,0.25,2.0,0.9873120951711682,0.7533587343058359,0.7971,0,1,mild
128__1800_1800,153,t_8_16,96.0,0.5,0.5,0.0,,0.6216600220595666,0.7971,0,0,mild
128__1800_1800,154,t_8_16,120.0,0.5,0.0,5.0,0.16665349893875392,0.8353402556986579,0.7971,0,1,mild
128__1800_1800,155,t_8_16,100.0,0.0,0.0,2.0,0.9920462499474012,0.8081721971876019,0.7971,0,1,stable
128__1800_1800,156,t_8_16,160.0,0.0,0.0,3.0,0.992910449828622,0.7706971887719272,0.7971,0,1,stable
128__1800_1800,157,t_8_16,120.0,0.0,0.0,2.0,0.9869100472980267,0.7280422605699916,0.7971,0,0,stable
128__1800_1800,158,t_8_16,168.0,0.0,0.0,2.0,0.9950034843386314,0.8473367670865832,0.7971,0,1,stable
128__1800_1800,159,t_8_16,196.0,0.0,0.0,3.0,0.9984960723381212,0.8627950204081619,0.7971,0,1,stable
128__1800_1800,160,t_8_16,80.0,0.25,0.0,3.0,0.6348343994700654,0.6692985159745031,0.7971,0,0,mild
128__1800_1800,161,t_8_16,160.0,0.25,0.0,3.0,0.41394162386895567,0.4087426965616903,0.7971,1,0,mild
128__1800_1800,162,t_8_16,192.0,0.0,0.0,2.0,0.9350492043788834,0.8456811936283973,0.7971,0,1,stable
128__1800_1800,163,t_8_16,144.0009765625,0.0,0.0,3.0,0.9133662171528314,0.7484645758557475,0.7971,0,0,stable
128__1800_1800,164,t_8_16,96.0,0.25,0.25,2.0,0.9323878542642968,0.7105768194698049,0.7971,0,0,mild
128__1800_1800,165,t_8_16,102.00009155273438,0.0,0.0,5.0,0.8526679598653948,0.4906322769525975,0.7971,1,0,stable
128__1800_1800,166,t_8_16,72.0,0.25,0.0,2.0,0.8671078076440554,0.8501009870738848,0.7971,0,1,mild
128__1800_1800,167,t_8_16,140.0,0.0,0.0,2.0,0.9628621197410301,0.6743471331807706,0.7971,0,0,stable
128__1800_1800,168,t_8_16,96.0,0.0,0.0,3.0,0.7583440404439513,0.640256927200264,0.7971,0,0,stable
128__1800_1800,169,t_8_16,90.0,0.5,0.0,2.0,0.3083401178683782,0.4505272521729447,0.7971,1,0,mild
128__1800_1800,170,t_8_16,144.0,0.25,0.0,3.0,0.6087801400666606,0.6137274382530538,0.7971,0,0,mild
128__1800_1800,171,t_8_16,195.9991455078125,0.0,0.0,3.0,0.9680230644434625,0.8223599999999947,0.7971,0,1,stable
128__1800_1800,172,t_8_16,120.0,0.0,0.0,2.0,0.9130377652181844,0.7486699999999918,0.7971,0,0,stable
128__1800_1800,173,t_8_16,140.0,0.0,0.0,2.0,0.9990510323475777,0.8953373093815713,0.7971,0,1,stable
128__1800_1800,174,t_8_16,150.0,0.0,0.0,2.0,0.9768140733014287,0.8020070509818931,0.7971,0,1,stable
128__1800_1800,175,t_8_16,120.0,0.0,0.0,1.0,,0.7828813755307723,0.7971,0,1,stable
128__1800_1800,176,t_8_16,88.0,0.0,0.0,1.0,,0.7728280348160219,0.7971,0,1,stable
136__600_1200,0,t_8_16,80.0,0.5,0.5,0.0,,0.5171278711264516,0.82396,0,0,mild
136__600_1200,1,s_16_32,392.0002136230469,0.0,0.0,10.0,0.9758369124972812,0.7499086279036591,0.82396,0,0,stable
136__600_1200,2,t_8_16,240.0,0.0,0.0,3.0,0.14434743164882122,0.6955484648404598,0.82396,0,0,stable
136__600_1200,3,t_8_16,180.0,0.0,0.0,3.0,0.981411670489328,0.6343519158651051,0.82396,0,0,stable
136__600_1200,4,t_8_16,200.0,0.0,0.0,2.0,0.46396405982081607,0.8364588792966374,0.82396,0,1,stable
136__600_1200,5,s_16_32,264.0,0.0,0.0,5.0,0.9650443329915118,0.8202924195855327,0.82396,0,1,stable
136__600_1200,6,t_8_16,175.9998779296875,0.0,0.0,3.0,0.9779425906949202,0.6708314582522622,0.82396,0,0,stable
136__600_1200,7,t_8_16,159.9993896484375,0.0,0.0,2.0,0.9840326098866431,0.8964145216856463,0.82396,0,1,stable
136__600_1200,8,t_8_16,144.0,0.0,0.0,3.0,0.9821046323077652,0.7837180451079887,0.82396,0,1,stable
136__600_1200,9,t_8_16,128.0,0.25,0.25,3.0,0.9923986405804957,0.731182563400482,0.82396,0,0,mild
136__600_1200,10,t_8_16,240.0,0.0,0.0,4.0,0.9859204749765175,0.7502942065171361,0.82396,0,1,stable
136__600_1200,11,t_8_16,96.0,0.0,0.0,2.0,0.9652806821401834,0.65301548675203,0.82396,0,0,stable
136__600_1200,12,t_8_16,112.0,0.25,0.25,2.0,0.9975117213762017,0.7874559152216583,0.82396,0,1,mild
136__600_1200,13,t_8_16,140.0,0.0,0.0,2.0,0.9823759821728867,0.7654604165083069,0.82396,0,1,stable
136__600_1200,14,t_8_16,120.0,0.0,0.0,2.0,0.9987895687773415,0.771010068365725,0.82396,0,1,stable
136__600_1200,15,t_8_16,168.0,0.25,0.0,3.0,0.10011730885642403,0.6428796428571377,0.82396,0,0,mild
136__600_1200,16,t_8_16,120.0,0.0,0.0,2.0,0.9933628578187911,0.5101869991526818,0.82396,0,0,stable
136__600_1200,17,t_8_16,96.0,0.0,0.0,4.0,0.9868063357690847,0.7087097626240547,0.82396,0,0,stable
136__600_1200,18,t_8_16,240.0,0.25,0.25,4.0,0.7090571041569284,0.6775356256962848,0.82396,0,0,mild
136__600_1200,19,s_16_32,264.0,0.0,0.0,6.0,0.700281257840147,0.6323994372147834,0.82396,0,0,stable
136__600_1200,20,t_8_16,180.0,0.5,0.25,4.0,0.14315378974898893,0.7128253734620309,0.82396,0,0,mild
136__600_1200,21,t_8_16,112.0,0.25,0.25,1.0,0.8830017716007834,0.7363455402722726,0.82396,0,0,mild
136__600_1200,22,t_8_16,140.0,0.25,0.0,3.0,0.9344678793422068,0.6688661056078604,0.82396,0,0,mild
136__600_1200,23,t_8_16,216.0,0.0,0.0,3.0,0.9963843711687786,0.7156335866412351,0.82396,0,0,stable
136__600_1200,24,t_8_16,153.0,0.25,0.0,2.0,0.1752115810985484,0.6223673407593004,0.82396,0,0,mild
136__600_1200,25,t_8_16,127.99951171875,0.25,0.25,2.0,0.9842202750632864,0.8486144782002486,0.82396,0,1,mild
136__600_1200,26,t_8_16,112.0,0.25,0.25,3.0,0.832106924467924,0.6606597435104202,0.82396,0,0,mild
136__600_1200,27,t_8_16,143.99945068359375,0.0,0.0,3.0,0.9872470652522459,0.7371380661473584,0.82396,0,0,stable
136__600_1200,28,t_8_16,126.0,0.0,0.0,1.0,,0.8079193213346472,0.82396,0,1,stable
136__600_1200,29,t_8_16,96.0,0.25,0.25,2.0,0.9940523660305495,0.7836398334309561,0.82396,0,1,mild
136__600_1200,30,t_8_16,128.0,0.0,0.0,2.0,0.9850622734473279,0.8210168248457064,0.82396,0,1,stable
136__600_1200,31,t_8_16,84.0,0.0,0.0,3.0,0.9888064202611261,0.7409892942314315,0.82396,0,0,stable
136__600_1200,32,t_8_16,144.0,0.0,0.0,2.0,0.9931671269347698,0.6831684403913605,0.82396,0,0,stable
136__600_1200,33,t_8_16,149.9993896484375,0.0,0.0,2.0,0.9876148918859009,0.6437030695874769,0.82396,0,0,stable
136__600_1200,34,t_8_16,128.0,0.0,0.0,2.0,0.9972790946600467,0.7038111769659469,0.82396,0,0,stable
136__600_1200,35,t_8_16,84.0,0.0,0.0,3.0,0.999675434520173,0.7240878174609445,0.82396,0,0,stable
136__600_1200,36,t_8_16,88.0,0.0,0.0,1.0,,0.670685076301326,0.82396,0,0,stable
136__600_1200,37,t_8_16,168.0,0.0,0.0,5.0,0.9409536499641554,0.5489790219691323,0.82396,0,0,stable
136__600_1200,38,t_8_16,112.0,0.0,0.0,2.0,0.9922642967254512,0.6841495196629387,0.82396,0,0,stable
136__600_1200,39,t_8_16,112.0,0.0,0.0,1.0,,0.8067712510211172,0.82396,0,1,stable
136__600_1200,41,t_8_16,80.0,0.25,0.25,1.0,,0.7191749412069467,0.82396,0,0,mild
136__600_1200,42,s_16_32,456.0,0.0,0.0,8.0,0.9208251573050064,0.7435180379410491,0.82396,0,0,stable
136__600_1200,43,t_8_16,156.0,0.3333333333333333,0.3333333333333333,5.0,0.4085529495543753,0.5741929999999866,0.82396,0,0,mild
136__600_1200,44,t_8_16,84.0,0.0,0.0,3.0,0.9938960335725774,0.8015489252588138,0.82396,0,1,stable
136__600_1200,45,t_8_16,224.0,0.25,0.0,5.0,0.3334820938551294,0.33525325994509386,0.82396,1,0,mild
136__600_1200,46,t_8_16,252.0,0.0,0.0,3.0,0.9463914192160565,0.62626170044919,0.82396,0,0,stable
136__600_1200,47,t_8_16,168.0,0.0,0.0,3.0,0.9879106295977691,0.675643806083041,0.82396,0,0,stable
136__600_1200,48,s_16_32,312.0,0.0,0.0,5.0,0.9614501069668596,0.29427290610733253,0.82396,1,0,stable
136__600_1200,49,t_8_16,108.0,0.5,0.0,6.0,0.2246092156315055,0.6963043748665485,0.82396,0,0,mild
136__600_1200,50,t_8_16,96.0,0.0,0.0,5.0,0.9952442934817759,0.7973083788257255,0.82396,0,1,stable
136__600_1200,51,t_8_16,128.0,0.0,0.0,2.0,0.8895974553117407,0.6815724850149733,0.82396,0,0,stable
136__600_1200,52,t_8_16,96.0,0.0,0.0,2.0,0.9965314769248417,0.6750649908272028,0.82396,0,0,stable
136__600_1200,53,t_8_16,96.00004577636719,0.0,0.0,3.0,0.9949207489913171,0.7119897728141679,0.82396,0,0,stable
136__600_1200,54,t_8_16,80.0,0.25,0.0,2.0,0.9647471028311406,0.6254918945872403,0.82396,0,0,mild
136__600_1200,55,t_8_16,128.0,0.0,0.0,2.0,0.9918693929076395,0.7805399162191636,0.82396,0,1,stable
136__600_1200,56,t_8_16,98.0,0.25,0.0,5.0,0.016007678575038337,0.682472196308335,0.82396,0,0,mild
136__600_1200,58,t_8_16,96.0,0.0,0.0,2.0,0.917198771432887,0.0,0.82396,1,0,stable
136__600_1200,59,t_8_16,83.9996337890625,0.0,0.0,4.0,0.9720839517831125,0.5020499746402006,0.82396,0,0,stable
136__600_1200,60,s_16_32,532.0,0.0,0.0,8.0,0.711711771911898,0.8861450086665205,0.82396,0,1,stable
136__600_1200,61,t_8_16,72.0,0.0,0.0,3.0,0.9290096706655264,0.6196513758739151,0.82396,0,0,stable
136__600_1200,62,t_8_16,84.0,0.25,0.0,5.0,0.9086751838383509,0.5712317868808984,0.82396,0,0,mild
136__600_1200,63,t_8_16,160.0,0.0,0.0,2.0,0.9871694375594035,0.8858658402295285,0.82396,0,1,stable
136__600_1200,64,t_8_16,72.0,0.0,0.0,5.0,0.9414989233962311,0.7425096727540216,0.82396,0,0,stable
136__600_1200,65,t_8_16,126.0000171661377,0.0,0.0,3.0,0.9932825383076166,0.8470409808664662,0.82396,0,1,stable
136__600_1200,66,s_16_32,288.0,0.0,0.0,6.0,0.995893624773037,0.8201880788921245,0.82396,0,1,stable
136__600_1200,67,t_8_16,72.0,0.0,0.0,3.0,0.9943793333227583,0.7465383947807014,0.82396,0,0,stable
136__600_1200,68,t_8_16,128.0,0.0,0.0,3.0,0.997346683974356,0.757816308008028,0.82396,0,1,stable
136__600_1200,69,t_8_16,111.99951171875,0.0,0.0,2.0,0.9823797711798569,0.8172546789773297,0.82396,0,1,stable
136__600_1200,70,t_8_16,96.0,0.25,0.0,2.0,0.44989143496199796,0.702856362869353,0.82396,0,0,mild
136__600_1200,71,t_8_16,112.0,0.0,0.0,3.0,0.9935390152358198,0.8650004926595287,0.82396,0,1,stable
136__600_1200,72,s_16_32,576.0,0.0,0.0,9.0,0.9881517452813662,0.8123177662779605,0.82396,0,1,stable
136__600_1200,73,s_16_32,476.0,0.0,0.0,6.0,0.98427631594381,0.7208601767449344,0.82396,0,0,stable
136__600_1200,74,t_8_16,180.0,0.25,0.0,5.0,0.9066044353576183,0.7227744666666701,0.82396,0,0,mild
136__600_1200,75,t_8_16,191.99853515625,0.0,0.0,7.0,0.8824016296069708,0.7196769775163707,0.82396,0,0,stable
136__600_1200,76,s_16_32,527.9999542236328,0.0,0.0,10.0,0.9781360101823464,0.7959986087198233,0.82396,0,1,stable
136__600_1200,77,t_8_16,65.9996337890625,0.25,0.0,4.0,0.9113057671661517,0.843939578013411,0.82396,0,1,mild
1384__3000_2400,0,s_16_32,880.0,0.0,0.0,10.0,0.3978511012443275,0.9204586454545441,0.89656,0,1,stable
1384__3000_2400,1,s_16_32,648.0001373291016,0.0,0.0,8.0,0.9597481834612515,0.9033024659332538,0.89656,0,1,stable
1384__3000_2400,2,s_16_32,720.0,0.0,0.0,10.0,0.9541073141979299,0.9544981124599301,0.89656,0,1,stable
1384__3000_2400,3,t_8_16,96.0,0.25,0.25,1.0,,0.9173124006274231,0.89656,0,1,mild
1384__3000_2400,4,t_8_16,96.0,0.0,0.0,2.0,0.9610939413624721,0.8935279166666679,0.89656,0,1,stable
1384__3000_2400,5,t_8_16,140.0,0.0,0.0,3.0,0.9982923355694554,0.8142410124679265,0.89656,0,1,stable
1384__3000_2400,6,t_8_16,96.0,0.25,0.25,1.0,,0.8667885003003037,0.89656,0,1,mild
1384__3000_2400,7,t_8_16,112.0,0.0,0.0,2.0,0.9948514448599308,0.833923083395618,0.89656,0,1,stable
1384__3000_2400,8,t_8_16,112.0,0.25,0.25,2.0,0.9817048768778761,0.7641219127515992,0.89656,0,1,mild
1384__3000_2400,9,t_8_16,128.0,0.25,0.25,2.0,0.9905812515881495,0.9276074363581636,0.89656,0,1,mild
1384__3000_2400,10,t_8_16,240.0,0.0,0.0,4.0,0.9981165027515646,0.8635272689048562,0.89656,0,1,stable
1384__3000_2400,11,t_8_16,160.0,0.0,0.0,2.0,0.6766431420267157,0.6535237973913153,0.89656,0,0,stable
1384__3000_2400,12,s_16_32,672.0,0.0,0.0,8.0,0.9939238147731094,0.9339318382953739,0.89656,0,1,stable
1384__3000_2400,13,s_16_32,755.9993591308594,0.0,0.0,10.0,0.9978050673221655,0.8836973498811431,0.89656,0,1,stable
1384__3000_2400,14,t_8_16,96.0,0.5,0.0,4.0,0.05138349009018783,0.7338109312191312,0.89656,0,0,mild
1384__3000_2400,15,t_8_16,180.0,0.0,0.0,2.0,0.9897952892698645,0.855967365816493,0.89656,0,1,stable
1384__3000_2400,16,t_8_16,96.0,0.0,0.0,4.0,0.9195254780003737,0.720833465131124,0.89656,0,0,stable
1384__3000_2400,17,t_8_16,160.0,0.0,0.0,2.0,0.9896058381531724,0.7416163124999982,0.89656,0,0,stable
1384__3000_2400,18,s_16_32,792.0,0.0,0.0,10.0,0.9824273175710034,0.923258543083117,0.89656,0,1,stable
1384__3000_2400,19,t_8_16,96.0,0.0,0.0,3.0,0.9418356243688271,0.7637899387848694,0.89656,0,1,stable
1384__3000_2400,20,t_8_16,96.0,0.0,0.0,2.0,0.9945433911272282,0.8529826685436486,0.89656,0,1,stable
1384__3000_2400,21,t_8_16,140.0,0.0,0.0,2.0,0.978893486041504,0.6416880148810528,0.89656,0,0,stable
1384__3000_2400,22,s_16_32,960.0,0.0,0.0,10.0,0.8211989732207877,0.0,0.89656,1,0,stable
1385__2897_2400,0,t_8_16,168.0,0.0,0.0,4.0,0.9754980347825017,0.7631358286442979,0.62953,0,1,stable
1397__1200_1200,0,t_8_16,159.99999046325684,0.25,0.0,5.0,0.9351321439726489,0.8263258627254721,0.78233,0,1,mild
1397__1200_1200,1,s_16_32,288.0,0.0,0.0,6.0,0.9795544089188691,0.6311384027777778,0.78233,0,0,stable
1397__1200_1200,2,s_16_32,396.0,0.0,0.0,10.0,0.9893460310375514,0.7739700845533799,0.78233,0,1,stable
1397__1200_1200,3,s_16_32,320.00030517578125,0.0,0.0,5.0,0.9691851045256376,0.7822187992186298,0.78233,0,1,stable
1397__1200_1200,4,t_8_16,120.0,0.0,0.0,1.0,,0.5677407529071781,0.78233,0,0,stable
1397__1200_1200,5,t_8_16,120.0,0.0,0.0,2.0,0.9922359481310556,0.7970115643443902,0.78233,0,1,stable
1397__1200_1200,6,t_8_16,96.0,0.0,0.0,1.0,,0.7682876059953584,0.78233,0,1,stable
1397__1200_1200,7,t_8_16,96.0,0.0,0.0,1.0,,0.8472811942559921,0.78233,0,1,stable
1397__1200_1200,8,t_8_16,112.0,0.25,0.25,2.0,0.6856820857934021,0.8162065738922206,0.78233,0,1,mild
1397__1200_1200,9,t_8_16,84.0,0.0,0.0,1.0,0.9975593201316262,0.7115490887239431,0.78233,0,0,stable
1397__1200_1200,11,t_8_16,140.0008544921875,0.0,0.0,4.0,0.7631061830420741,0.8854186285714235,0.78233,0,1,stable
1397__1200_1200,12,t_8_16,120.000732421875,0.0,0.0,2.0,0.6185912116315269,0.7752496181321631,0.78233,0,1,stable
1397__1200_1200,13,t_8_16,140.0008544921875,0.0,0.0,2.0,0.9869555316274512,0.6430462471439664,0.78233,0,0,stable
1397__1200_1200,14,t_8_16,196.0,0.0,0.0,5.0,0.8381240343894236,0.6050714039418084,0.78233,0,0,stable
1397__1200_1200,15,t_8_16,140.0008544921875,0.0,0.0,3.0,0.9576426059902053,0.8429747828707363,0.78233,0,1,stable
1397__1200_1200,16,t_8_16,160.0009765625,0.0,0.0,3.0,0.9949335324629498,0.773477394978886,0.78233,0,1,stable
1397__1200_1200,17,t_8_16,168.0,0.0,0.0,4.0,0.9876852231663499,0.8094159061354103,0.78233,0,1,stable
1397__1200_1200,18,t_8_16,160.0009765625,0.0,0.0,3.0,0.9748331646274324,0.8110854564088325,0.78233,0,1,stable
1397__1200_1200,19,t_8_16,160.0,0.0,0.0,2.0,0.9696657306931533,0.6832287571909427,0.78233,0,0,stable
1397__1200_1200,20,t_8_16,140.0008544921875,0.0,0.0,5.0,0.9230853514059384,0.884991025138844,0.78233,0,1,stable
1397__1200_1200,21,t_8_16,120.0,0.0,0.0,2.0,0.9992662234001093,0.8585194874163304,0.78233,0,1,stable
1397__1200_1200,22,t_8_16,224.0,0.0,0.0,5.0,0.937210789863395,0.5886748705357125,0.78233,0,0,stable
1397__1200_1200,23,t_8_16,196.0,0.0,0.0,3.0,0.9986488724267761,0.6846177185735783,0.78233,0,0,stable
1397__1200_1200,24,t_8_16,168.0,0.0,0.0,3.0,0.8979305951517984,0.7982788078243808,0.78233,0,1,stable
1397__1200_1200,25,t_8_16,144.0,0.0,0.0,2.0,0.9981086300123508,0.7063826325593751,0.78233,0,0,stable
1397__1200_1200,26,t_8_16,96.0,0.25,0.25,2.0,0.9732804754816734,0.8305992255630883,0.78233,0,1,mild
1397__1200_1200,27,t_8_16,224.0,0.0,0.0,4.0,0.9766038601816064,0.6658606205357135,0.78233,0,0,stable
1397__1200_1200,28,t_8_16,140.0,0.0,0.0,2.0,0.9666254559493017,0.8394416939106012,0.78233,0,1,stable
1397__1200_1200,29,t_8_16,200.0,0.0,0.0,2.0,0.9941428680332595,0.7488942750479995,0.78233,0,0,stable
1397__1200_1200,30,t_8_16,160.0,0.25,0.0,4.0,0.41649952047703226,0.7725164271042154,0.78233,0,1,mild
1397__1200_1200,31,t_8_16,160.0006713848561,0.0,0.0,2.0,0.9990936254494498,0.8730566349484177,0.78233,0,1,stable
1397__1200_1200,32,t_8_16,164.99977111816406,0.0,0.0,3.0,0.9160477405732821,0.75528373333333,0.78233,0,1,stable
1397__1200_1200,33,t_8_16,186.99974060058594,0.25,0.0,5.0,0.5672826102842801,0.6336157175692387,0.78233,0,0,mild
1397__1200_1200,34,t_8_16,204.0,0.0,0.0,3.0,0.9353397609271271,0.610422431236043,0.78233,0,0,stable
1397__1200_1200,35,s_16_32,272.0,0.0,0.0,5.0,0.8489493696060283,0.6922782358783214,0.78233,0,0,stable
1397__1200_1200,36,t_8_16,254.99896240234375,0.0,0.0,5.0,0.9144904772424075,0.5733724473081433,0.78233,0,0,stable
1397__1200_1200,37,t_8_16,150.0,0.0,0.0,2.0,0.9954458565394452,0.024400360438745224,0.78233,1,0,stable
1397__1200_1200,38,t_8_16,195.0,0.0,0.0,4.0,0.9824852874722984,0.7163278608402235,0.78233,0,0,stable
1397__1200_1200,39,t_8_16,153.99932861328125,0.0,0.0,2.0,0.8530277080770277,0.74329165994262,0.78233,0,0,stable
1397__1200_1200,40,s_16_32,285.0,0.0,0.0,6.0,0.9612923161197318,0.6072479644531507,0.78233,0,0,stable
1397__1200_1200,41,t_8_16,130.0,0.0,0.0,2.0,0.9968586959940791,0.6019159447533766,0.78233,0,0,stable
1397__1200_1200,42,t_8_16,135.0,0.25,0.0,3.0,0.9801364961663034,0.6636749318486056,0.78233,0,0,mild
1397__1200_1200,43,s_16_32,299.9995422363281,0.25,0.25,7.0,0.11207971673085018,0.21678133766797375,0.78233,1,0,mild
1397__1200_1200,44,t_8_16,143.99945068359375,0.0,0.0,2.0,0.9601367842616949,0.6139865612720413,0.78233,0,0,stable
1397__1200_1200,45,t_8_16,210.0,0.0,0.0,5.0,0.7808400276918916,0.6430722857142889,0.78233,0,0,stable
1397__1200_1200,46,t_8_16,150.00091552734375,0.0,0.0,5.0,0.9312800015693712,0.654315983500938,0.78233,0,0,stable
1406__1800_600,0,s_16_32,384.0,0.0,0.0,7.0,0.9985980315317974,0.7541447071364166,0.8149,0,1,stable
1406__1800_600,1,t_8_16,100.0,0.0,0.0,2.0,0.9989146126228922,0.8234513950732376,0.8149,0,1,stable
1406__1800_600,2,t_8_16,140.00015258789062,0.25,0.0,2.0,0.9860877929342589,0.8701899618035979,0.8149,0,1,mild
1406__1800_600,3,t_8_16,96.0,0.25,0.25,2.0,0.9907556905579654,0.8474845882717345,0.8149,0,1,mild
1406__1800_600,4,t_8_16,160.0,0.25,0.0,3.0,0.8376161150184618,0.7900841000000077,0.8149,0,1,mild
1406__1800_600,5,t_8_16,220.0,0.0,0.0,3.0,0.9580932399415258,0.8721950329784253,0.8149,0,1,stable
1406__1800_600,6,t_8_16,112.0,0.0,0.0,2.0,0.9589677124186162,0.8625917410714283,0.8149,0,1,stable
1406__1800_600,7,t_8_16,168.0,0.0,0.0,3.0,0.8976140647637023,0.813247045232591,0.8149,0,1,stable
1406__1800_600,8,t_8_16,111.99951171898283,0.0,0.0,5.0,0.9573107696882956,0.8426507865795789,0.8149,0,1,stable
1406__1800_600,9,t_8_16,140.0,0.0,0.0,2.0,0.9830870635219973,0.662417184208516,0.8149,0,0,stable
1406__1800_600,10,t_8_16,128.0,0.0,0.0,2.0,0.9211704066374192,0.6028594915496698,0.8149,0,0,stable
1406__1800_600,11,t_8_16,110.00030517578125,0.0,0.0,1.0,,0.7936882607347233,0.8149,0,1,stable
1406__1800_600,12,t_8_16,120.0,0.25,0.0,5.0,0.4361305109808578,0.0,0.8149,1,0,mild
1406__1800_600,13,t_8_16,239.9996337890625,0.0,0.0,5.0,0.9876206496402524,0.7784257025865957,0.8149,0,1,stable
1406__600_1800,0,t_8_16,79.99984741210938,0.0,0.0,3.0,0.9578260151813295,0.4780495954996149,0.77673,1,0,stable
1406__600_1800,1,t_8_16,104.0,0.0,0.0,3.0,0.971239822784498,0.8174736349472858,0.77673,0,1,stable
1406__600_1800,2,s_16_32,352.0,0.0,0.0,4.0,0.9969998991776182,0.9031433300372353,0.77673,0,1,stable
1406__600_1800,3,t_8_16,190.0,0.0,0.0,3.0,0.9823032055434664,0.8448232922077042,0.77673,0,1,stable
1420__1800_0,0,t_8_16,180.0,0.0,0.0,3.0,0.999107818095429,0.6009221402316234,0.80228,0,0,stable
1420__1800_0,1,t_8_16,120.0,0.0,0.0,4.0,0.9838768422704107,0.6707130219802417,0.80228,0,0,stable
1420__1800_0,2,t_8_16,180.0,0.0,0.0,2.0,0.9994311400554953,0.6686894277777806,0.80228,0,0,stable
1420__1800_0,3,t_8_16,72.0,0.0,0.0,4.0,0.5125161777109157,0.39348521291907695,0.80228,1,0,stable
1420__1800_0,4,t_8_16,119.99998092651367,0.0,0.0,1.0,,0.23862220396748093,0.80228,1,0,stable
1420__1800_0,5,t_8_16,200.0,0.0,0.0,3.0,0.9838592444943979,0.6586051499999981,0.80228,0,0,stable
1420__1800_0,6,t_8_16,216.0,0.0,0.0,4.0,0.9558051747574923,0.7034360459862087,0.80228,0,0,stable
1420__1800_0,7,t_8_16,70.0,0.0,0.0,0.0,,0.15248347436790433,0.80228,1,0,stable
1420__1800_0,8,t_8_16,144.0,0.25,0.25,3.0,0.5247014323019816,0.2962465771072154,0.80228,1,0,mild
1420__1800_0,10,t_8_16,168.0,0.0,0.0,3.0,0.9906903104733897,0.6328380041010584,0.80228,0,0,stable
1420__1800_0,11,t_8_16,180.0,0.0,0.0,3.0,0.9887820967696683,0.7752189523638321,0.80228,0,1,stable
1420__1800_0,12,s_16_32,264.0,0.0,0.0,3.0,0.8642628688311291,0.48221827651514837,0.80228,1,0,stable
1420__1800_0,13,t_8_16,192.0,0.0,0.0,3.0,0.9437477306364368,0.6952192128977422,0.80228,0,0,stable
1420__1800_0,15,t_8_16,192.0,0.0,0.0,2.0,0.9649013571397241,0.5730947001472554,0.80228,0,0,stable
1420__1800_0,16,t_8_16,200.0,0.25,0.0,5.0,0.8019219074595881,0.5672471949999977,0.80228,0,0,mild
1420__1800_0,17,t_8_16,180.0,0.0,0.0,2.0,0.9712217641531625,0.5996134101948447,0.80228,0,0,stable
1420__1800_0,18,s_16_32,308.0,0.0,0.0,5.0,0.9508522313498889,0.36988482068250245,0.80228,1,0,stable
1420__1800_0,19,s_16_32,360.0,0.0,0.0,6.0,0.7621770979309815,0.4212329916666652,0.80228,1,0,stable
1420__1800_0,20,t_8_16,128.0,0.0,0.0,3.0,0.967689966847213,0.6387963026102267,0.80228,0,0,stable
1420__1800_0,21,t_8_16,251.9989013671875,0.0,0.0,5.0,0.984327843881817,0.524674684325199,0.80228,0,0,stable
1420__1800_0,22,t_8_16,216.0,0.0,0.0,4.0,0.9426312209934828,0.6959212218220914,0.80228,0,0,stable
1420__1800_0,23,t_8_16,252.0,0.0,0.0,4.0,0.7958472836656633,0.0,0.80228,1,0,stable
1420__1800_0,24,t_8_16,220.0,0.25,0.0,3.0,0.5030761671383781,0.6241362272727251,0.80228,0,0,mild
1420__1800_0,25,t_8_16,180.0,0.0,0.0,3.0,0.992263056165971,0.7210048595472358,0.80228,0,0,stable
1420__1800_0,26,s_16_32,280.0,0.0,0.0,3.0,0.9981360232384755,0.43095934999999863,0.80228,1,0,stable
1420__1800_0,27,t_8_16,216.0,0.0,0.0,3.0,0.9189739759808937,0.6151052592592603,0.80228,0,0,stable
1420__1800_0,28,t_8_16,144.0,0.0,0.0,0.0,,0.5108132092273029,0.80228,0,0,stable
1420__1800_0,29,t_8_16,128.0,0.0,0.0,1.0,0.9999917454655465,0.7399016108186823,0.80228,0,0,stable
1420__1800_0,30,t_8_16,128.0,0.0,0.0,3.0,0.9764730488175308,0.6469153103707259,0.80228,0,0,stable
1420__1800_0,31,t_8_16,200.0,0.0,0.0,3.0,0.8838264414693591,0.4900327852407056,0.80228,1,0,stable
1420__1800_0,32,t_8_16,168.0,0.0,0.0,3.0,0.9346245509435445,0.5911007776482907,0.80228,0,0,stable
1420__1800_0,33,t_8_16,100.0,0.0,0.0,1.0,,0.5593825679037446,0.80228,0,0,stable
1420__1800_0,34,s_16_32,760.0,0.0,0.0,10.0,0.6095054704113602,0.0,0.80228,1,0,stable
1420__1800_0,35,t_8_16,160.0,0.25,0.0,5.0,0.8520637611079485,0.7691350382453984,0.80228,0,1,mild
1420__1800_0,36,t_8_16,96.0,0.0,0.0,1.0,,0.6272250738873202,0.80228,0,0,stable
1420__1800_0,37,t_8_16,140.0,0.0,0.0,1.0,,0.8188328024381583,0.80228,0,1,stable
1420__1800_0,38,t_8_16,159.9993896484375,0.0,0.0,3.0,0.9866243016082977,0.8442427673031127,0.80228,0,1,stable
1420__1800_0,39,t_8_16,140.0,0.0,0.0,3.0,0.9454773110450897,0.5993462410713011,0.80228,0,0,stable
1420__1800_0,40,t_8_16,255.9990234375,0.0,0.0,5.0,0.9719085503478905,0.610008243910293,0.80228,0,0,stable
1420__1800_0,41,t_8_16,64.0,0.0,0.0,4.0,0.916843757106444,0.3383700529142859,0.80228,1,0,stable
1420__1800_0,42,t_8_16,108.0,0.0,0.0,2.0,0.9865525397044208,0.5756380781109792,0.80228,0,0,stable
1420__1800_0,43,t_8_16,144.0,0.0,0.0,3.0,0.9623296673756296,0.6935344736861135,0.80228,0,0,stable
1420__1800_0,44,t_8_16,160.0,0.5,0.0,5.0,0.07839688212588142,0.9279937374841509,0.80228,0,1,mild
1420__1800_0,45,t_8_16,196.0,0.0,0.0,3.0,0.9403591799358547,0.69518161626068,0.80228,0,0,stable
1420__1800_0,46,t_8_16,143.9998779296875,0.0,0.0,2.0,0.9770757706003482,0.7430240281742233,0.80228,0,0,stable
1420__1800_0,47,t_8_16,160.0,0.0,0.0,4.0,0.9274402376147503,0.6839798019943044,0.80228,0,0,stable
1420__1800_0,48,t_8_16,180.0000762939453,0.0,0.0,2.0,0.9971540573159714,0.6000124630918678,0.80228,0,0,stable
1420__1800_0,49,t_8_16,200.0,0.0,0.0,3.0,0.955607467693428,0.6770311170469973,0.80228,0,0,stable
1420__1800_0,50,t_8_16,199.9993896484375,0.0,0.0,3.0,0.9821865435076702,0.7122756746920643,0.80228,0,0,stable
1420__1800_0,51,t_8_16,120.0,0.0,0.0,2.0,0.9802003638599052,0.5756036918634866,0.80228,0,0,stable
1420__1800_0,52,t_8_16,175.99996948242188,0.0,0.0,4.0,0.8829988981117982,0.5218152878768414,0.80228,0,0,stable
1420__1800_0,53,t_8_16,143.0,0.0,0.0,2.0,0.989075131428993,0.6665342407527548,0.80228,0,0,stable
1420__1800_0,54,s_16_32,285.0,0.0,0.0,8.0,0.9386193249511202,0.4821481387416096,0.80228,1,0,stable
1420__1800_0,55,t_8_16,168.0,0.0,0.0,2.0,0.938115497421739,0.832134547691622,0.80228,0,1,stable
1420__1800_0,56,t_8_16,240.0,0.25,0.0,3.0,0.31970383639959477,0.5019701750000005,0.80228,0,0,mild
1420__1800_0,57,t_8_16,224.0,0.0,0.0,5.0,0.9463944776569487,0.5995627366071385,0.80228,0,0,stable
1420__1800_0,58,t_8_16,237.99994659423828,0.25,0.0,5.0,0.06074501138641301,0.590759899159663,0.80228,0,0,mild
1420__1800_0,59,s_16_32,357.0,0.0,0.0,4.0,0.7065656155115664,0.3353857983193284,0.80228,1,0,stable
1420__1800_0,60,t_8_16,132.0,0.0,0.0,1.0,,0.6755437041421899,0.80228,0,0,stable
1420__1800_0,61,t_8_16,160.0000762939453,0.0,0.0,3.0,0.8074723979725057,0.8277009182003614,0.80228,0,1,stable
1420__1800_0,62,t_8_16,195.0001983642578,0.0,0.0,4.0,0.9365252239355284,0.653900065801118,0.80228,0,0,stable
1430__1200_600,1,t_8_16,96.0,0.0,0.0,1.0,,0.6694800148562201,0.79682,0,0,stable
1430__1200_600,2,t_8_16,84.0,0.0,0.0,4.0,0.9888994347648401,0.776911929695181,0.79682,0,1,stable
1430__1200_600,3,t_8_16,112.0,0.0,0.0,2.0,0.992698140649715,0.726183274021347,0.79682,0,0,stable
1430__1200_600,4,t_8_16,112.0,0.0,0.0,3.0,0.9843596084726786,0.7714408545275301,0.79682,0,1,stable
1430__1200_600,5,t_8_16,72.0,0.25,0.0,5.0,0.965280301395958,0.6257303687033307,0.79682,0,0,mild
1430__1200_600,6,t_8_16,66.0,0.0,0.0,2.0,0.9673786709342761,0.672901208685466,0.79682,0,0,stable
1430__1200_600,7,t_8_16,168.0,0.0,0.0,3.0,0.9418440467655051,0.681339285714279,0.79682,0,0,stable
1430__1200_600,9,t_8_16,72.0003662109375,0.25,0.0,2.0,0.2866306971320316,0.6845363228943366,0.79682,0,0,mild
1430__1200_600,10,t_8_16,128.0,0.0,0.0,2.0,0.31866450892190296,0.7907788838108789,0.79682,0,1,stable
1430__1200_600,11,t_8_16,231.99826049781404,0.25,0.0,10.0,0.17889955369140076,0.69224935177802,0.79682,0,0,mild
1430__1200_600,12,t_8_16,128.0,0.0,0.0,3.0,0.9644450577433014,0.6471497261051079,0.79682,0,0,stable
1430__1200_600,13,t_8_16,112.0,0.0,0.0,2.0,0.9997049119867809,0.02086977269877046,0.79682,1,0,stable
1430__1200_600,15,t_8_16,111.99957275390625,0.0,0.0,4.0,0.9488456943649042,0.7058295661532238,0.79682,0,0,stable
1430__1200_600,16,t_8_16,99.99969482421875,0.25,0.25,1.0,,0.046901336113748984,0.79682,1,0,mild
1430__1200_600,17,t_8_16,96.0,0.0,0.0,1.0,,0.6712200313393966,0.79682,0,0,stable
1430__1200_600,18,t_8_16,112.0001220703125,0.25,0.25,2.0,0.9613679299592677,0.8191375912856754,0.79682,0,1,mild
1430__1200_600,19,t_8_16,83.99957275390625,0.5,0.25,5.0,0.4606181425350758,0.0,0.79682,1,0,mild
1430__1200_600,22,t_8_16,80.0,0.25,0.25,1.0,,0.679495268804393,0.79682,0,0,mild
1430__1200_600,23,t_8_16,96.0,0.75,0.75,0.0,,0.04433426662208624,0.79682,1,0,high
1430__1200_600,24,t_8_16,80.0,0.25,0.25,0.0,,0.5214030850024662,0.79682,0,0,mild
1430__1200_600,27,t_8_16,119.99951171921566,0.0,0.0,1.0,0.9999999986504258,0.11124510069495686,0.79682,1,0,stable
1430__1200_600,28,t_8_16,95.99957275437191,0.25,0.0,3.0,0.7362691453912635,0.7939774268554474,0.79682,0,1,mild
1430__1200_600,29,t_8_16,96.0,0.0,0.0,1.0,,0.0,0.79682,1,0,stable
1430__1200_600,30,t_8_16,140.0,0.0,0.0,1.0,0.9999999778508469,0.835467353609869,0.79682,0,1,stable
1430__1200_600,31,t_8_16,112.0,0.0,0.0,2.0,0.8067303529146939,0.7647760390920321,0.79682,0,1,stable
1430__1200_600,32,t_8_16,72.0,0.0,0.0,2.0,0.5965021360575087,0.5594615912969708,0.79682,0,0,stable
1430__1200_600,33,t_8_16,84.0,0.0,0.0,3.0,0.9024892658282243,0.734115360356415,0.79682,0,0,stable
1430__1200_600,35,t_8_16,108.0010986328125,0.25,0.0,5.0,0.1965280013927573,0.7789215145052811,0.79682,0,1,mild
1430__1200_600,36,t_8_16,96.0009765625,0.0,0.0,4.0,0.9841219025889436,0.7533641747579248,0.79682,0,1,stable
1430__1200_600,38,t_8_16,96.0009765625,0.0,0.0,4.0,0.9651741784790511,0.6948938507624903,0.79682,0,0,stable
1430__1200_600,39,t_8_16,112.0,0.0,0.0,1.0,,0.756622745378503,0.79682,0,1,stable
1430__1200_600,40,t_8_16,128.0,0.25,0.25,3.0,0.945993059464108,0.6966420153164324,0.79682,0,0,mild
1430__1200_600,41,t_8_16,96.0,0.0,0.0,5.0,0.9963578731550234,0.663910648972097,0.79682,0,0,stable
1430__1200_600,42,t_8_16,112.0,0.25,0.25,2.0,0.9915203298467061,0.7511457489586827,0.79682,0,1,mild
1430__1200_600,43,t_8_16,95.99951171875,0.75,0.0,5.0,0.015372563256130935,0.8968344938702772,0.79682,0,1,high
1430__1200_600,44,t_8_16,84.0,0.0,0.0,4.0,0.9610803772479618,0.7499188924488822,0.79682,0,0,stable
1430__1200_600,45,t_8_16,180.0,0.25,0.25,2.0,0.9638420868920985,0.5505684923413237,0.79682,0,0,mild
1430__1200_600,46,t_8_16,132.0,0.0,0.0,8.0,0.5479420216662185,0.44120565194689326,0.79682,1,0,stable
1430__1200_600,47,t_8_16,128.0,0.0,0.0,3.0,0.9921054257510884,0.8192493861988627,0.79682,0,1,stable
1430__1200_600,48,t_8_16,160.0,0.0,0.0,3.0,0.7985836380399565,0.773694020831453,0.79682,0,1,stable
1430__1200_600,49,t_8_16,71.99990844726562,0.0,0.0,5.0,0.9447540926776223,0.7397382079664453,0.79682,0,0,stable
1430__1200_600,50,t_8_16,128.0,0.5,0.5,0.0,,0.7911235350123086,0.79682,0,1,mild
1430__1200_600,51,t_8_16,144.0,0.25,0.25,1.0,,0.7841042034139031,0.79682,0,1,mild
1430__1200_600,52,t_8_16,128.0,0.25,0.25,3.0,0.9329070626651992,0.6794064798302093,0.79682,0,0,mild
1430__1200_600,53,t_8_16,128.0,0.0,0.0,2.0,0.9256510885211162,0.6838073653895855,0.79682,0,0,stable
1430__1200_600,54,t_8_16,140.0,0.0,0.0,1.0,,0.5809878279682585,0.79682,0,0,stable
1430__1200_600,55,t_8_16,96.0,0.0,0.0,4.0,0.9867314541902312,0.7469269429954701,0.79682,0,0,stable
1430__1200_600,56,t_8_16,120.0,0.25,0.0,4.0,0.24669185924885592,0.5236651486128197,0.79682,0,0,mild
1430__1200_600,57,t_8_16,84.0,0.0,0.0,3.0,0.9621262724088175,0.6892000761967382,0.79682,0,0,stable
1430__1200_600,58,t_8_16,112.0,0.0,0.0,2.0,0.9910501199150807,0.6582255397499355,0.79682,0,0,stable
1430__1200_600,60,t_8_16,84.0,0.0,0.0,4.0,0.8954427399991831,0.7940337363760352,0.79682,0,1,stable
1430__1200_600,61,t_8_16,168.0,0.5,0.0,2.0,0.6017218458370004,0.45556080622339,0.79682,1,0,mild
1430__1200_600,62,t_8_16,72.0,0.0,0.0,5.0,0.788306856513403,0.8978530998981898,0.79682,0,1,stable
1430__1200_600,64,t_8_16,72.0,0.25,0.0,4.0,0.9679594360452769,0.5893452228056857,0.79682,0,0,mild
1430__1200_600,65,t_8_16,84.0,0.0,0.0,5.0,0.9877841503038732,0.9020854193280897,0.79682,0,1,stable
1430__1200_600,66,t_8_16,216.00013732910156,0.25,0.0,7.0,0.21641668868210653,0.6362509115350815,0.79682,0,0,mild
1430__1200_600,67,t_8_16,120.000732421875,0.0,0.0,3.0,0.9885764042843579,0.5225710235499923,0.79682,0,0,stable
1430__1200_600,68,t_8_16,95.99951171875,0.0,0.0,6.0,0.9537152124847246,0.6398717440588126,0.79682,0,0,stable
1430__1200_600,69,s_16_32,352.0,0.0,0.0,5.0,0.1351521104703439,0.0,0.79682,1,0,stable
1430__1200_600,70,t_8_16,84.0,0.0,0.0,5.0,0.9092928469826745,0.7322432021960523,0.79682,0,0,stable
1430__1200_600,71,t_8_16,144.0,0.0,0.0,2.0,0.971798684630621,0.6845046574790694,0.79682,0,0,stable
1430__1200_600,72,t_8_16,144.0,0.0,0.0,2.0,0.9587049839832713,0.6812405310940992,0.79682,0,0,stable
1430__1200_600,73,t_8_16,139.9993896484375,0.0,0.0,3.0,0.973980399938716,0.43339025972961254,0.79682,1,0,stable
1430__1200_600,74,t_8_16,88.0,0.0,0.0,5.0,0.9843253533307579,0.43383186354445324,0.79682,1,0,stable
1430__1200_600,75,t_8_16,160.0,0.0,0.0,2.0,0.5950900355633314,0.6703852574110055,0.79682,0,0,stable
1430__1200_600,76,t_8_16,132.0,0.0,0.0,8.0,0.9543643107701048,0.5082713251552865,0.79682,0,0,stable
1430__1200_600,77,t_8_16,96.0009765625,0.0,0.0,2.0,0.9177966974625739,0.7240453304404656,0.79682,0,0,stable
1430__1200_600,78,t_8_16,96.0,0.0,0.0,5.0,0.992082929697993,0.6262267201231705,0.79682,0,0,stable
1430__1200_600,79,t_8_16,200.0,0.0,0.0,3.0,0.9586645535754221,0.5838004049552667,0.79682,0,0,stable
1430__1200_600,80,t_8_16,139.99957275390625,0.0,0.0,2.0,0.8964697242902551,0.5767955357142843,0.79682,0,0,stable
1430__1200_600,81,t_8_16,84.0,0.0,0.0,6.0,0.976482728305042,0.7807575912941671,0.79682,0,1,stable
1430__1200_600,82,t_8_16,144.0,0.0,0.0,2.0,0.9784977194281415,0.6534207834207786,0.79682,0,0,stable
1430__1200_600,83,t_8_16,96.0,0.0,0.0,4.0,0.9161161381681097,0.48145469897015686,0.79682,1,0,stable
1430__1200_600,84,t_8_16,84.0,0.0,0.0,4.0,0.9187217618763639,0.6127810386309102,0.79682,0,0,stable
1430__1200_600,85,t_8_16,140.0,0.25,0.0,5.0,0.6065470408095677,0.6268995466233184,0.79682,0,0,mild
1430__1200_600,86,t_8_16,252.0,0.0,0.0,3.0,0.9807043205700423,0.52514,0.79682,0,0,stable
1430__1200_600,87,t_8_16,143.9999828338623,0.0,0.0,4.0,0.8418520554270076,0.697295472222223,0.79682,0,0,stable
1430__1200_600,88,t_8_16,127.9990234375,0.0,0.0,6.0,0.8472261452182306,0.5403298979550655,0.79682,0,0,stable
1430__1200_600,89,t_8_16,96.0,0.0,0.0,2.0,0.9682466054739842,0.851361503232903,0.79682,0,1,stable
1430__1200_600,90,t_8_16,84.0,0.25,0.0,3.0,0.24733384502943168,0.6240760186247025,0.79682,0,0,mild
1430__1200_600,91,t_8_16,96.0,0.0,0.0,5.0,0.9895772026799693,0.6999142271868892,0.79682,0,0,stable
1430__1200_600,92,t_8_16,128.0001220703125,0.0,0.0,3.0,0.9599194278666074,0.7665910028802649,0.79682,0,1,stable
1430__1200_600,93,t_8_16,128.0,0.5,0.5,1.0,,0.6504810660002808,0.79682,0,0,mild
1430__1200_600,94,t_8_16,96.0,0.0,0.0,5.0,0.996053463539378,0.8402191117841352,0.79682,0,1,stable
1430__1200_600,95,t_8_16,112.0,0.0,0.0,2.0,0.9140555485567474,0.6436142577232086,0.79682,0,0,stable
1430__1200_600,96,t_8_16,72.0,0.25,0.0,3.0,0.44930075551286314,0.4461143208285807,0.79682,1,0,mild
1430__1200_600,97,t_8_16,72.0,0.0,0.0,5.0,0.9587918050622892,0.7393240828764117,0.79682,0,0,stable
1430__1200_600,98,t_8_16,96.0,0.0,0.0,6.0,0.9576990612077124,0.6793997458902349,0.79682,0,0,stable
1430__1200_600,99,t_8_16,96.0,0.0,0.0,4.0,0.8654734492776995,0.7585034479276226,0.79682,0,1,stable
1430__1200_600,100,t_8_16,165.0,0.25,0.0,4.0,0.37865946544376855,0.4687212363636345,0.79682,1,0,mild
1430__1200_600,101,t_8_16,130.0,0.0,0.0,2.0,0.9852746323387407,0.5936742279808662,0.79682,0,0,stable
1430__1200_600,102,t_8_16,160.0001220703125,0.0,0.0,3.0,0.9912968072289464,0.7068148446761225,0.79682,0,0,stable
1430__1200_600,103,t_8_16,164.99932861328125,0.0,0.0,3.0,0.9749029909988005,0.5933659636363586,0.79682,0,0,stable
1430__1200_600,104,t_8_16,144.0,0.25,0.0,4.0,0.48811254294456696,0.0,0.79682,1,0,mild
1430__1200_600,105,t_8_16,84.0,0.0,0.0,5.0,0.7817934300166137,0.9042811147452416,0.79682,0,1,stable
14364,0,t_8_16,84.0,0.0,0.0,5.0,0.9855200065950049,0.7982998333333331,0.7815,0,1,stable
14364,1,t_8_16,78.0,0.0,0.0,3.0,0.9986878214965109,0.8578724194048193,0.7815,0,1,stable
14364,2,t_8_16,91.0,0.0,0.0,4.0,0.9693865526325908,0.8977155675348997,0.7815,0,1,stable
14364,3,t_8_16,97.99893188662827,0.0,0.0,3.0,0.9986831783686668,0.8128737772999405,0.7815,0,1,stable
14364,4,t_8_16,66.0,0.0,0.0,3.0,0.9910297326640912,0.7537574577205095,0.7815,0,1,stable
14364,5,t_8_16,66.0,0.0,0.0,3.0,0.9899403314290209,0.8728336845137004,0.7815,0,1,stable
14364,7,t_8_16,66.0,0.25,0.0,5.0,0.44920531607781145,0.831762749819076,0.7815,0,1,mild
14364,8,t_8_16,77.0,0.0,0.0,2.0,0.998642353552121,0.7362314776640683,0.7815,0,0,stable
14364,10,t_8_16,84.0,0.0,0.0,3.0,0.914444416291344,0.8448263408163423,0.7815,0,1,stable
14364,12,t_8_16,66.0,0.0,0.0,2.0,,0.0,0.7815,1,0,stable
14364,13,t_8_16,72.0,0.0,0.0,2.0,0.6577323000802103,0.0,0.7815,1,0,stable
14364,14,t_8_16,105.0,0.0,0.0,4.0,0.9921070350959816,0.7201096673529517,0.7815,0,0,stable
14364,15,t_8_16,84.0,0.0,0.0,5.0,0.9966110462095835,0.7831381422674304,0.7815,0,1,stable
14364,16,t_8_16,84.0,0.0,0.0,6.0,0.9899516968117885,0.7552857213139799,0.7815,0,1,stable
14364,18,t_8_16,150.0,0.0,0.0,2.0,0.9348064315028171,0.7194121235522406,0.7815,0,0,stable
14364,19,t_8_16,130.0,0.0,0.0,2.0,0.9878023561802095,0.652570538633272,0.7815,0,0,stable
14364,21,t_8_16,84.0008544921875,0.0,0.0,6.0,0.9901615331177807,0.8251922522374905,0.7815,0,1,stable
14364,22,t_8_16,91.0,0.0,0.0,4.0,0.8566354711030431,0.5853725077802198,0.7815,0,0,stable
14364,23,t_8_16,84.0,0.0,0.0,3.0,0.8427402829771465,0.0,0.7815,1,0,stable
1436__2400_1800,0,t_8_16,84.0,0.25,0.0,4.0,0.8750199937061942,0.6022070649757022,0.83141,0,0,mild
1436__2400_1800,1,t_8_16,84.0,0.0,0.0,3.0,0.5536833171337809,0.6445311230335855,0.83141,0,0,stable
1436__2400_1800,2,t_8_16,72.0,0.0,0.0,3.0,0.9953715415983323,0.7979302487278249,0.83141,0,1,stable
1436__2400_1800,3,t_8_16,72.0,0.0,0.0,3.0,0.8319840789471116,0.6528454820929621,0.83141,0,0,stable
1436__2400_1800,4,t_8_16,84.0,0.0,0.0,4.0,0.8927213181774597,0.7791850572863073,0.83141,0,1,stable
1436__2400_1800,5,t_8_16,72.0,0.0,0.0,5.0,0.07845719948745966,0.46704898085371627,0.83141,1,0,stable
1436__2400_1800,6,t_8_16,96.0,0.5,0.5,0.0,,0.7989852245037836,0.83141,0,1,mild
1436__2400_1800,7,t_8_16,72.0,0.0,0.0,1.0,,0.806085902378657,0.83141,0,1,stable
1436__2400_1800,9,t_8_16,72.0,0.25,0.25,2.0,0.9622275746039098,0.9182111957702452,0.83141,0,1,mild
1436__2400_1800,13,t_8_16,84.0,0.0,0.0,1.0,,0.7688309860128606,0.83141,0,1,stable
1436__2400_1800,14,t_8_16,84.0,0.0,0.0,4.0,0.888872813286993,0.7781583130313264,0.83141,0,1,stable
1436__2400_1800,15,t_8_16,180.0010986328125,0.0,0.0,4.0,0.9667157931021512,0.8243421170637726,0.83141,0,1,stable
1436__2400_1800,16,t_8_16,128.0,0.0,0.0,2.0,0.995116750065734,0.7389459382495464,0.83141,0,0,stable
1436__2400_1800,17,t_8_16,108.00009155273438,0.0,0.0,5.0,0.7181566885718826,0.7132954921806544,0.83141,0,0,stable
1436__2400_1800,18,t_8_16,128.0001220703125,0.0,0.0,2.0,0.9868469290093671,0.7948223962012281,0.83141,0,1,stable
1436__2400_1800,19,t_8_16,84.0,0.0,0.0,4.0,0.9427477108365858,0.7974306899112596,0.83141,0,1,stable
1436__2400_1800,20,t_8_16,84.0,0.0,0.0,5.0,0.9926704585003748,0.789262460070014,0.83141,0,1,stable
1436__2400_1800,21,t_8_16,72.0,0.0,0.0,5.0,0.9656347171221622,0.6034703014693646,0.83141,0,0,stable
1436__2400_1800,22,t_8_16,127.9990234375,0.0,0.0,4.0,0.9797097889138264,0.8954059895231302,0.83141,0,1,stable
1436__2400_1800,23,t_8_16,127.9998779296875,0.0,0.0,2.0,0.9946261148920704,0.7040826486476811,0.83141,0,0,stable
1436__2400_1800,24,t_8_16,160.0009765625,0.0,0.0,5.0,0.7830759213640425,0.8694282392244147,0.83141,0,1,stable
1436__2400_1800,25,t_8_16,140.0008544921875,0.0,0.0,2.0,0.9462780471135157,0.6729487586597515,0.83141,0,0,stable
1436__2400_1800,26,t_8_16,140.0,0.0,0.0,2.0,0.982448575077701,0.8306319739168798,0.83141,0,1,stable
1436__2400_1800,27,t_8_16,140.0,0.0,0.0,2.0,0.9977733145589318,0.8228171353421933,0.83141,0,1,stable
1436__2400_1800,28,t_8_16,144.0,0.0,0.0,3.0,0.9632223995945476,0.9300416416907786,0.83141,0,1,stable
1436__2400_1800,29,t_8_16,96.0,0.0,0.0,1.0,,0.7645888052149217,0.83141,0,1,stable
1436__2400_1800,30,t_8_16,112.0,0.25,0.25,1.0,,0.7828156373984365,0.83141,0,1,mild
1436__2400_1800,31,t_8_16,96.0009765625,0.0,0.0,4.0,0.8892894663261874,0.765689558717473,0.83141,0,1,stable
1436__2400_1800,32,t_8_16,96.0,0.0,0.0,1.0,,0.6777238377593537,0.83141,0,0,stable
1436__2400_1800,33,t_8_16,72.0,0.25,0.0,5.0,0.38706436225715585,0.7418286431885465,0.83141,0,0,mild
1436__2400_1800,34,t_8_16,111.9991455078125,0.0,0.0,5.0,0.9397026318374994,0.5886648341978413,0.83141,0,0,stable
1436__2400_1800,35,t_8_16,220.0,0.0,0.0,3.0,0.9892220979096314,0.8278204156142663,0.83141,0,1,stable
1436__2400_1800,36,t_8_16,112.0001220703125,0.0,0.0,2.0,0.8562714175485484,0.8582903402870022,0.83141,0,1,stable
1436__2400_1800,38,t_8_16,96.0,0.25,0.0,5.0,0.19814654907492893,0.6906269380951563,0.83141,0,0,mild
1436__2400_1800,39,t_8_16,96.0,0.0,0.0,5.0,0.9011946631205446,0.7445580448289716,0.83141,0,0,stable
1436__2400_1800,40,t_8_16,112.0,0.0,0.0,2.0,0.9861890756109862,0.7134177593447092,0.83141,0,0,stable
1436__2400_1800,41,t_8_16,72.0,0.0,0.0,1.0,,0.8133238315283214,0.83141,0,1,stable
1436__2400_1800,42,t_8_16,84.0,0.0,0.0,2.0,0.9968228391764055,0.7437083036129626,0.83141,0,0,stable
1436__2400_1800,43,s_16_32,324.0,0.0,0.0,6.0,0.9895991595973327,0.3571510023993908,0.83141,1,0,stable
1436__2400_1800,44,t_8_16,240.0,0.0,0.0,4.0,0.9981893572662721,0.5685217916666676,0.83141,0,0,stable
1436__2400_1800,46,t_8_16,112.0,0.0,0.0,2.0,0.9298471221225831,0.6161553676270568,0.83141,0,0,stable
1436__2400_1800,48,t_8_16,84.0008544921875,0.0,0.0,5.0,0.9473322084496805,0.6040278941873617,0.83141,0,0,stable
1436__2400_1800,49,t_8_16,84.0,0.0,0.0,1.0,,0.8881974816088224,0.83141,0,1,stable
1436__2400_1800,51,t_8_16,128.0,0.0,0.0,2.0,0.9923018270342251,0.7091533649682943,0.83141,0,0,stable
1436__2400_1800,54,t_8_16,84.0,0.0,0.0,1.0,,0.0,0.83141,1,0,stable
1436__2400_1800,55,t_8_16,88.0,0.0,0.0,7.0,0.9663674012310431,0.44894479533857096,0.83141,1,0,stable
1436__2400_1800,56,t_8_16,180.0,0.0,0.0,3.0,0.9689373624423819,0.6039792339636924,0.83141,0,0,stable
1436__2400_1800,57,t_8_16,180.0,0.25,0.25,1.0,0.9999839451046305,0.4105225322617075,0.83141,1,0,mild
1436__2400_1800,59,s_16_32,260.0,0.0,0.0,4.0,0.9892888277895395,0.44100657536982785,0.83141,1,0,stable
1436__2400_1800,60,t_8_16,144.0,0.75,0.5,1.0,,0.7654746474054709,0.83141,0,1,high
1436__2400_1800,61,t_8_16,180.0,0.0,0.0,3.0,0.9879066920909516,0.7491055184377554,0.83141,0,0,stable
1436__2400_1800,62,t_8_16,84.0,0.25,0.25,3.0,0.7712138795419209,0.6160789133322954,0.83141,0,0,mild
1436__2400_1800,64,t_8_16,108.0,0.25,0.0,5.0,0.5262739281617254,0.7684680366047774,0.83141,0,1,mild
1436__2400_1800,65,t_8_16,128.0,0.0,0.0,3.0,0.9558569824471569,0.5628474557118011,0.83141,0,0,stable
1436__2400_1800,66,t_8_16,108.0,0.5,0.0,5.0,0.16763453705360004,0.40115323304614536,0.83141,1,0,mild
1436__2400_1800,67,t_8_16,180.0,0.0,0.0,4.0,0.9980030203575232,0.6940727421426465,0.83141,0,0,stable
1436__2400_1800,68,t_8_16,108.0,0.0,0.0,3.0,0.9823096492236285,0.6247469342973053,0.83141,0,0,stable
1436__2400_1800,69,s_16_32,832.001953125,0.0,0.0,8.0,0.6611625525859187,0.3182123298935156,0.83141,1,0,stable
1436__2400_1800,70,t_8_16,111.99998474121094,0.5,0.5,1.0,,0.7378365898867704,0.83141,0,0,mild
1436__2400_1800,71,t_8_16,108.0,0.0,0.0,5.0,0.9923858202054291,0.6957677145305434,0.83141,0,0,stable
1436__2400_1800,72,t_8_16,84.0,0.0,0.0,2.0,0.4550324430822572,0.5281932439227331,0.83141,0,0,stable
1436__2400_1800,73,t_8_16,112.0,0.0,0.0,1.0,,0.6438238930071507,0.83141,0,0,stable
1436__2400_1800,74,s_16_32,263.9986572265625,0.0,0.0,7.0,0.9872285996318086,0.6135423036877374,0.83141,0,0,stable
1436__2400_1800,76,t_8_16,128.0,0.0,0.0,2.0,0.9994719206288405,0.9270101794325537,0.83141,0,1,stable
1436__2400_1800,77,t_8_16,128.0,0.5,0.5,1.0,,0.8729656161925888,0.83141,0,1,mild
1436__2400_1800,78,t_8_16,84.0,0.0,0.0,2.0,0.8711111766169009,0.5544682323957881,0.83141,0,0,stable
1436__2400_1800,79,s_16_32,960.001953125,0.0,0.0,10.0,0.5368824452870871,0.4602013842886752,0.83141,1,0,stable
1436__2400_1800,80,t_8_16,130.0,0.0,0.0,2.0,0.8066562357194376,0.4077965192975053,0.83141,1,0,stable
1436__2400_1800,81,t_8_16,96.0,0.0,0.0,4.0,0.7321704298705602,0.7198793039902002,0.83141,0,0,stable
1436__2400_1800,82,t_8_16,64.0,0.0,0.0,2.0,0.9806053915407199,0.5322454304068003,0.83141,0,0,stable
1436__2400_1800,83,t_8_16,198.0,0.25,0.0,5.0,0.24697958284765184,0.5867374646464635,0.83141,0,0,mild
1436__2400_1800,84,t_8_16,144.0,0.0,0.0,3.0,0.972137615808712,0.7212081320823014,0.83141,0,0,stable
1436__2400_1800,85,t_8_16,143.0,0.0,0.0,2.0,0.9581482625834002,0.6285729121335605,0.83141,0,0,stable
1436__2400_1800,86,t_8_16,119.0,0.0,0.0,6.0,0.9407034701375964,0.5843309291985338,0.83141,0,0,stable
1436__2400_1800,87,t_8_16,144.0,0.0,0.0,2.0,0.9776633892259178,0.8284665277777746,0.83141,0,1,stable
1436__2400_1800,88,t_8_16,104.0,0.0,0.0,3.0,0.9762607382840491,0.8371463538617799,0.83141,0,1,stable
1436__2400_1800,89,t_8_16,135.0,0.0,0.0,2.0,0.9640050194197723,0.7706644448961778,0.83141,0,1,stable
1436__2400_1800,90,t_8_16,136.0,0.0,0.0,2.0,0.99772673732284,0.7969581602921701,0.83141,0,1,stable
1436__2400_1800,91,t_8_16,143.0,0.25,0.25,1.0,0.19357290304632535,0.5112520797342108,0.83141,0,0,mild
1436__2400_1800,92,t_8_16,135.0,0.0,0.0,2.0,0.9586387495602594,0.5331150370370357,0.83141,0,0,stable
1436__2400_1800,93,t_8_16,187.0,0.0,0.0,3.0,0.9910315832571023,0.6564616042780734,0.83141,0,0,stable
1450__1200_2400,1,s_16_32,279.998779296875,0.0,0.0,5.0,0.7438671411228817,0.6947321492568009,0.85544,0,0,stable
1450__1200_2400,2,s_16_32,840.0,0.0,0.0,10.0,0.9688207970612278,0.9025791967740132,0.85544,0,1,stable
1450__1200_2400,5,s_16_32,360.0,0.0,0.0,5.0,0.9893783206112822,0.8521753333333335,0.85544,0,1,stable
1450__1200_2400,6,t_8_16,84.0,0.0,0.0,1.0,0.9999983901910857,0.8233669468486322,0.85544,0,1,stable
1450__1200_2400,7,t_8_16,140.0,0.25,0.0,2.0,0.8842402977461354,0.6764275647421505,0.85544,0,0,mild
1450__1200_2400,8,t_8_16,224.0,0.0,0.0,5.0,0.9942038427987908,0.8622241672707707,0.85544,0,1,stable
1450__1200_2400,9,s_16_32,288.0,0.0,0.0,4.0,0.9399317258427511,0.9047073749999983,0.85544,0,1,stable
1450__1200_2400,10,t_8_16,120.0,0.0,0.0,1.0,,0.8087805312291595,0.85544,0,1,stable
1450__1200_2400,11,t_8_16,192.0,0.0,0.0,4.0,0.9664231594126811,0.5492769745581682,0.85544,0,0,stable
1450__1200_2400,12,t_8_16,192.0,0.0,0.0,2.0,0.9999886202686593,0.6068710337321547,0.85544,0,0,stable
1450__1200_2400,13,t_8_16,144.0,0.25,0.25,2.0,0.7335451318465497,0.5991167992568783,0.85544,0,0,mild
1450__1200_2400,14,t_8_16,140.0008544921875,0.0,0.0,2.0,0.9660206415936878,0.6268386374035085,0.85544,0,0,stable
1450__1200_2400,15,t_8_16,200.0,0.0,0.0,3.0,0.9466192574424136,0.5691520410329894,0.85544,0,0,stable
1450__1200_2400,16,s_16_32,288.0,0.0,0.0,5.0,0.7377842330979957,0.654171249999998,0.85544,0,0,stable
1450__1200_2400,17,s_16_32,352.0,0.0,0.0,7.0,0.9881903209950488,0.7260788977272719,0.85544,0,0,stable
1450__1200_2400,18,t_8_16,252.0,0.0,0.0,5.0,0.9799219653344153,0.7834646368735932,0.85544,0,1,stable
1450__1200_2400,19,t_8_16,140.0,0.0,0.0,2.0,0.9574844792927828,0.6328493205295739,0.85544,0,0,stable
1450__1200_2400,20,s_16_32,320.0,0.0,0.0,5.0,0.9599453581781401,0.5478610812499982,0.85544,0,0,stable
1450__1200_2400,21,t_8_16,120.0,0.0,0.0,1.0,,0.8762104325968618,0.85544,0,1,stable
1450__1200_2400,22,s_16_32,576.0,0.0,0.0,10.0,0.9372497092202801,0.7726201218415789,0.80245,0,1,stable
1450__1200_2400,23,t_8_16,112.0,0.0,0.0,2.0,0.7957419752168063,0.7164981056968017,0.85544,0,0,stable
1450__1200_2400,24,t_8_16,168.0,0.0,0.0,2.0,0.7346214575792468,0.7903491947840459,0.85544,0,1,stable
1450__1200_2400,25,s_16_32,320.0,0.0,0.0,5.0,0.9615128639147305,0.7740956552796845,0.85544,0,1,stable
1450__1200_2400,26,t_8_16,224.0,0.0,0.0,5.0,0.9775798286020081,0.7662387844500417,0.85544,0,1,stable
1450__1200_2400,27,t_8_16,96.0,0.0,0.0,2.0,0.944841981343402,0.4415893831218658,0.85544,1,0,stable
1450__1200_2400,28,s_16_32,572.0,0.0,0.0,9.0,0.8657946780405152,0.8636032713512445,0.80245,0,1,stable
1450__1200_2400,29,s_16_32,279.9991455078125,0.0,0.0,5.0,0.9150400408567834,0.7152919188868502,0.85544,0,0,stable
1450__1200_2400,30,t_8_16,96.0,0.25,0.25,2.0,0.9553732621947418,0.39316491035994566,0.85544,1,0,mild
1450__1200_2400,31,t_8_16,192.0,0.0,0.0,4.0,0.9521019675706134,0.7604234963016591,0.85544,0,1,stable
1450__1200_2400,32,t_8_16,224.0,0.0,0.0,3.0,0.9959941801901164,0.8323855178571381,0.85544,0,1,stable
1450__1200_2400,33,t_8_16,223.99908447288908,0.0,0.0,3.0,0.9861975940878427,0.6568828623333354,0.85544,0,0,stable
1450__1200_2400,34,t_8_16,80.00048828125,0.0,0.0,1.0,0.9992614695540392,0.4510314706583647,0.85544,1,0,stable
1450__1200_2400,35,t_8_16,192.0,0.0,0.0,3.0,0.9729895131467969,0.8724063257073927,0.85544,0,1,stable
1450__1200_2400,36,t_8_16,191.999267578125,0.0,0.0,3.0,0.9781801110247965,0.6812860437929515,0.85544,0,0,stable
1450__1200_2400,37,t_8_16,144.0,0.0,0.0,2.0,0.998064227384516,0.6107679483588235,0.85544,0,0,stable
1450__1200_2400,38,t_8_16,140.0,0.5,0.0,4.0,0.2560845836763234,0.396816549040629,0.85544,1,0,mild
1450__1200_2400,39,t_8_16,168.0,0.25,0.0,2.0,0.9935737044979274,0.514146165344444,0.85544,0,0,mild
1450__1200_2400,40,s_16_32,528.0,0.0,0.0,7.0,0.99311387397583,0.9304235780647704,0.80245,0,1,stable
1450__1200_2400,41,s_16_32,288.0,0.0,0.0,5.0,0.9943928617809557,0.8567709396349591,0.85544,0,1,stable
1450__1200_2400,42,t_8_16,180.0,0.0,0.0,4.0,0.9814027020425887,0.6681188815633305,0.85544,0,0,stable
1450__1200_2400,43,t_8_16,140.0,0.0,0.0,3.0,0.971806863754166,0.5395945068461699,0.85544,0,0,stable
1450__1200_2400,44,t_8_16,255.9990234375,0.0,0.0,5.0,0.8929574660528339,0.8348164371728904,0.85544,0,1,stable
1450__1200_2400,45,t_8_16,112.0,0.5,0.5,2.0,0.9172295916947507,0.3890373241110955,0.85544,1,0,mild
1450__1200_2400,46,t_8_16,120.0,0.0,0.0,1.0,,0.6220103997216024,0.85544,0,0,stable
1450__1200_2400,47,s_16_32,280.0,0.0,0.0,4.0,0.9752912766960091,0.7754721657449974,0.85544,0,1,stable
1450__1200_2400,48,t_8_16,195.0,0.25,0.0,4.0,0.10422305569498654,0.7137023589743565,0.85544,0,0,mild
1450__1200_2400,49,t_8_16,168.0,0.0,0.0,2.0,0.9913356254638094,0.8977537792218834,0.85544,0,1,stable
1450__1200_2400,50,t_8_16,143.0,0.0,0.0,2.0,0.943391732682091,0.7650960689939538,0.85544,0,1,stable
1450__1200_2400,51,t_8_16,195.00022888183594,0.0,0.0,4.0,0.9600948560975144,0.7142144179930232,0.85544,0,0,stable
1450__1200_2400,52,t_8_16,156.00018310546875,0.0,0.0,2.0,0.8891883234616541,0.7459521354519216,0.85544,0,0,stable
1450__1200_2400,53,t_8_16,110.0,0.0,0.0,1.0,,0.7670519875620987,0.85544,0,1,stable
1450__1200_2400,54,t_8_16,210.0,0.0,0.0,2.0,0.981734779501174,0.8818437184098765,0.85544,0,1,stable
1450__1200_2400,55,t_8_16,167.99978637695312,0.25,0.0,1.0,0.9726098751707374,0.6861394671500901,0.85544,0,0,mild
1450__1200_2400,57,s_16_32,330.0,0.0,0.0,6.0,0.9650258298827693,0.6113984121212097,0.85544,0,0,stable
1450__1200_2400,58,s_16_32,340.0,0.0,0.0,7.0,0.9800370844111562,0.7730265391479577,0.85544,0,1,stable
1450__1200_2400,59,s_16_32,352.0,0.0,0.0,8.0,0.9637691473665518,0.884312300986672,0.85544,0,1,stable
1450__1200_2400,60,t_8_16,238.0,0.0,0.0,5.0,0.986536639698488,0.7776862838891776,0.85544,0,1,stable
1450__1200_2400,61,t_8_16,238.0,0.0,0.0,3.0,0.9690497368609344,0.8359574789915968,0.85544,0,1,stable
1450__1200_2400,62,s_16_32,256.0,0.0,0.0,5.0,0.9852795679944722,0.7488633469512928,0.85544,0,0,stable
1450__1200_2400,63,s_16_32,269.9989013671875,0.0,0.0,5.0,0.9780819833312214,0.1500882749295581,0.85544,1,0,stable
1450__1200_2400,64,t_8_16,160.0,0.0,0.0,2.0,0.9891798574836633,0.7071932312499957,0.85544,0,0,stable
1476__1800_1800,0,t_8_16,84.0,0.0,0.0,5.0,0.9054271531091951,0.65422227836502,0.79922,0,0,stable
1476__1800_1800,1,t_8_16,84.0,0.0,0.0,4.0,0.964429304098989,0.8037157008465351,0.79922,0,1,stable
1476__1800_1800,2,t_8_16,96.0,0.25,0.25,1.0,,0.5750534769662362,0.79922,0,0,mild
1476__1800_1800,3,t_8_16,112.0,0.25,0.25,2.0,0.9980373851339496,0.7786143758201733,0.79922,0,1,mild
1476__1800_1800,4,t_8_16,84.0,0.0,0.0,3.0,0.9560730691219819,0.7120375261674923,0.79922,0,0,stable
1476__1800_1800,5,t_8_16,192.0,0.0,0.0,3.0,0.9932332751849783,0.6876876908052681,0.79922,0,0,stable
1476__1800_1800,6,t_8_16,180.0006103515625,0.0,0.0,2.0,0.9748241457275217,0.6045502222222249,0.79922,0,0,stable
1476__1800_1800,7,t_8_16,72.0,0.25,0.0,4.0,0.7075534781622209,0.841418008124215,0.79922,0,1,mild
1496__2438_2419,0,s_16_32,480.0,0.0,0.0,10.0,0.9920233829477529,0.9226429767098592,0.86958,0,1,stable
1496__2438_2419,1,t_8_16,191.999755859375,0.0,0.0,4.0,0.4909456790393527,0.8688733333333354,0.86958,0,1,stable
1496__2438_2419,2,t_8_16,252.0,0.0,0.0,3.0,0.9908056321175356,0.8387584428712593,0.86958,0,1,stable
1496__2438_2419,3,t_8_16,192.0,0.0,0.0,5.0,0.9779843379311024,0.8336375893441316,0.86958,0,1,stable
1496__2438_2419,4,t_8_16,140.00015258789062,0.0,0.0,1.0,,0.7991717156004741,0.86958,0,1,stable
1496__2438_2419,5,t_8_16,240.0,0.0,0.0,5.0,0.7635299491483188,0.8753867328134268,0.86958,0,1,stable
1496__2438_2419,6,t_8_16,224.0,0.0,0.0,3.0,0.9501795482823042,0.5118196862355266,0.86958,0,0,stable
1496__2438_2419,7,t_8_16,96.0,0.5,0.5,0.0,,0.8600778190875292,0.86958,0,1,mild
1496__2438_2419,8,s_16_32,504.0,0.0,0.0,8.0,0.9199270261699333,0.42784378968253906,0.86958,1,0,stable
1496__2438_2419,9,t_8_16,223.9991455078125,0.0,0.0,3.0,0.9946254725001996,0.9198469511940259,0.86958,0,1,stable
1496__2438_2419,10,s_16_32,468.0010986328125,0.0,0.0,8.0,0.9938484016663987,0.8793051816239348,0.86958,0,1,stable
1496__2438_2419,11,t_8_16,223.99957275390625,0.0,0.0,3.0,0.9974345065720026,0.6871695634546585,0.86958,0,0,stable
1496__2438_2419,12,s_16_32,660.0,0.0,0.0,10.0,0.9807973498312029,0.8154303287751398,0.86958,0,1,stable
1496__2438_2419,13,t_8_16,179.99969482421875,0.0,0.0,3.0,0.9892358043818605,0.8885515444444412,0.86958,0,1,stable
1496__2438_2419,14,t_8_16,140.0,0.0,0.0,2.0,0.996969656629813,0.8293377027582588,0.86958,0,1,stable
1496__2438_2419,15,t_8_16,159.99951171875,0.0,0.0,3.0,0.973734211552425,0.8391258435584038,0.86958,0,1,stable
1496__2438_2419,16,s_16_32,360.0,0.0,0.0,5.0,0.9958535961390943,0.6804628174601374,0.86958,0,0,stable
1496__2438_2419,17,s_16_32,520.001220703125,0.0,0.0,10.0,0.9982361260757093,0.8985043564330613,0.86958,0,1,stable
1496__2438_2419,18,t_8_16,112.0,0.25,0.25,3.0,0.9055355462995665,0.7101717267970822,0.86958,0,0,mild
1496__2438_2419,19,t_8_16,192.0,0.0,0.0,3.0,0.9396485931777644,0.562608953942156,0.86958,0,0,stable
1496__2438_2419,20,s_16_32,900.0018310546875,0.0,0.0,10.0,0.9565203179570563,0.7035238929854782,0.86958,0,0,stable
1496__2438_2419,21,t_8_16,215.99945068359375,0.0,0.0,3.0,0.9839387673815484,0.5368614985489312,0.86958,0,0,stable
1496__2438_2419,22,t_8_16,195.99957275390625,0.0,0.0,2.0,0.9902984059213246,0.8346900642908607,0.86958,0,1,stable
1496__2438_2419,23,t_8_16,224.0,0.0,0.0,3.0,0.9848116387599506,0.7102909771229755,0.86958,0,0,stable
1496__2438_2419,24,s_16_32,572.0,0.0,0.0,8.0,0.9944363920757456,0.8809507855521607,0.86958,0,1,stable
1496__2438_2419,25,t_8_16,140.00015258789062,0.0,0.0,3.0,0.9873804898395073,0.9187149423461877,0.86958,0,1,stable
1496__2438_2419,26,t_8_16,112.0,0.0,0.0,2.0,0.9985822945577418,0.6822751097456498,0.86958,0,0,stable
1496__2438_2419,27,s_16_32,616.0,0.0,0.0,10.0,0.9949372619895847,0.9196808105119918,0.86958,0,1,stable
1496__2438_2419,28,t_8_16,168.0,0.0,0.0,4.0,0.9889018959993379,0.8777367938056678,0.86958,0,1,stable
1496__2438_2419,29,s_16_32,483.0,0.0,0.0,10.0,0.9967438027452757,0.8187685782711833,0.86958,0,1,stable
1496__2438_2419,30,s_16_32,340.0,0.0,0.0,6.0,0.9555253249119781,0.8053501756716218,0.86958,0,1,stable
1496__2438_2419,31,t_8_16,208.0,0.0,0.0,5.0,0.8911265523197319,0.8387981485598609,0.86958,0,1,stable
1529__0_1200,0,t_8_16,192.0,0.0,0.0,4.0,0.7628789327645398,0.6352147320127788,0.80754,0,0,stable
1529__0_1200,2,s_16_32,312.000732421875,0.0,0.0,7.0,0.9901024495677301,0.7974563605282622,0.80754,0,1,stable
1529__0_1200,3,t_8_16,160.0,0.0,0.0,2.0,0.9829541644299734,0.8433922922920907,0.80754,0,1,stable
1529__0_1200,4,s_16_32,264.0,0.0,0.0,4.0,0.9967780064213458,0.6561734090909098,0.80754,0,0,stable
1529__0_1200,5,t_8_16,160.0,0.25,0.0,5.0,0.9322004519811633,0.6786411209203949,0.80754,0,0,mild
1529__0_1200,6,t_8_16,160.0,0.0,0.0,3.0,0.9897684895226765,0.6068108034987407,0.80754,0,0,stable
1529__0_1200,7,t_8_16,120.0,0.0,0.0,4.0,0.9950468637182268,0.5834577207922137,0.80754,0,0,stable
1529__0_1200,8,t_8_16,112.0,0.0,0.0,3.0,0.9724156116112108,0.6153972729182846,0.80754,0,0,stable
1529__0_1200,9,t_8_16,180.0,0.0,0.0,3.0,0.995690834079344,0.8512845480650395,0.80754,0,1,stable
1529__0_1200,10,s_16_32,648.0,0.0,0.0,10.0,0.9779067407302744,0.2985543271604943,0.80754,1,0,stable
1529__0_1200,11,s_16_32,420.0,0.0,0.0,7.0,0.953992515140313,0.3041821666666645,0.80754,1,0,stable
1529__0_1200,12,t_8_16,160.0,0.0,0.0,3.0,0.9930426652041148,0.7875434170948709,0.80754,0,1,stable
1529__0_1200,13,t_8_16,160.0,0.25,0.25,5.0,0.9487591547500228,0.5249814646282602,0.80754,0,0,mild
1529__0_1200,14,t_8_16,144.0,0.0,0.0,2.0,0.9611751999818031,0.6436931277400563,0.80754,0,0,stable
1529__0_1200,15,t_8_16,144.0,0.5,0.5,0.0,,0.789736842500965,0.80754,0,1,mild
1529__0_1200,16,t_8_16,128.0,0.5,0.5,0.0,,0.8410736210134765,0.80754,0,1,mild
1529__0_1200,17,t_8_16,160.0,0.0,0.0,3.0,0.9873652328545645,0.781382175,0.80754,0,1,stable
1529__0_1200,18,t_8_16,240.0,0.0,0.0,4.0,0.9963566285042257,0.7213305291632742,0.80754,0,0,stable
1529__0_1200,19,s_16_32,256.0,0.0,0.0,5.0,0.9169367827848632,0.4665213158877001,0.80754,1,0,stable
1529__0_1200,20,s_16_32,263.99981689453125,0.0,0.0,2.0,0.9933143206768896,0.6665295811411501,0.80754,0,0,stable
1529__0_1200,21,t_8_16,128.0,0.0,0.0,3.0,0.9970406892205136,0.6281466004464089,0.80754,0,0,stable
1529__0_1200,22,t_8_16,112.0,0.25,0.25,2.0,0.6385731911738146,0.6893455779082365,0.80754,0,0,mild
1529__0_1200,23,t_8_16,160.0,0.5,0.5,1.0,,0.8936810162789738,0.80754,0,1,mild
1529__0_1200,24,t_8_16,200.0,0.0,0.0,3.0,0.9814115281317133,0.588709380217743,0.80754,0,0,stable
1529__0_1200,25,t_8_16,108.0,0.0,0.0,4.0,0.8997066022566433,0.6783510370370242,0.80754,0,0,stable
1529__0_1200,26,t_8_16,144.0,0.0,0.0,3.0,0.9581813555913894,0.7933343442283382,0.80754,0,1,stable
1529__0_1200,27,t_8_16,128.0,0.0,0.0,2.0,0.9819824902824784,0.7649926601389081,0.80754,0,1,stable
1529__0_1200,28,t_8_16,72.0,0.0,0.0,2.0,0.9315701882225171,0.5310679391231511,0.80754,0,0,stable
1529__0_1200,29,t_8_16,160.0,0.0,0.0,1.0,,0.8012048955713186,0.80754,0,1,stable
1529__0_1200,30,t_8_16,180.0,0.25,0.0,5.0,0.46610189907969757,0.891341800969418,0.80754,0,1,mild
1529__0_1200,31,s_16_32,288.0,0.0,0.0,5.0,0.9876411579308921,0.6748334569031532,0.80754,0,0,stable
1529__0_1200,32,t_8_16,180.0,0.0,0.0,3.0,0.8286967454258906,0.6287257398146643,0.80754,0,0,stable
1529__0_1200,33,t_8_16,160.0009765625,0.0,0.0,3.0,0.9991896959473672,0.8035910624999948,0.80754,0,1,stable
1529__0_1200,34,t_8_16,80.0,0.0,0.0,2.0,0.9087796303246471,0.016912790606221566,0.80754,1,0,stable
1529__0_1200,35,t_8_16,112.0,0.25,0.0,2.0,0.29933261264348493,0.6015064842957463,0.80754,0,0,mild
1529__0_1200,36,t_8_16,179.99969482421875,0.0,0.0,3.0,0.992948027178151,0.7157796443629121,0.80754,0,0,stable
1529__0_1200,37,t_8_16,180.0,0.0,0.0,2.0,0.9988033650909177,0.6904176111111159,0.80754,0,0,stable
1529__0_1200,38,t_8_16,195.00091552734375,0.0,0.0,4.0,0.918764258686871,0.7357682648362375,0.80754,0,0,stable
1529__0_1200,39,t_8_16,113.9992370614782,0.0,0.0,3.0,0.8751628253314253,0.4888607748596524,0.80754,1,0,stable
1530__0_0,0,t_8_16,162.0,0.0,0.0,3.0,0.9964197741188053,0.7800419939459592,0.8404,0,1,stable
1530__0_0,1,t_8_16,160.0,0.0,0.0,2.0,0.984817501132983,0.7582108368552464,0.8404,0,1,stable
1530__0_0,2,t_8_16,112.0,0.0,0.0,2.0,0.9942478375569344,0.753276817194286,0.8404,0,1,stable
1530__0_0,3,t_8_16,224.0,0.0,0.0,3.0,0.9946634905346754,0.888373001596849,0.8404,0,1,stable
1530__0_0,4,t_8_16,160.0,0.0,0.0,2.0,0.9814519440183707,0.5672248531724405,0.8404,0,0,stable
1530__0_0,6,t_8_16,96.0,0.25,0.25,2.0,0.9713192257793247,0.7031705498637685,0.8404,0,0,mild
1530__0_0,7,t_8_16,180.00003814697266,0.0,0.0,4.0,0.9977061639838443,0.9241643584579853,0.8404,0,1,stable
1530__0_0,8,t_8_16,180.0,0.0,0.0,3.0,0.9975048876524354,0.6928600061587896,0.8404,0,0,stable
1530__0_0,9,t_8_16,152.0,0.25,0.25,4.0,0.9339705192685602,0.5967100552861763,0.8404,0,0,mild
1530__0_0,10,t_8_16,175.9986572265625,0.0,0.0,7.0,0.9962315980934603,0.7849323203155216,0.8404,0,1,stable
1530__0_0,11,t_8_16,112.0,0.25,0.25,3.0,0.979394517315312,0.8078075832568123,0.8404,0,1,mild
1530__0_0,12,s_16_32,357.0,0.0,0.0,8.0,0.9915525597281517,0.7737079827639707,0.8404,0,1,stable
1565__600_1800,0,t_8_16,84.0,0.0,0.0,5.0,0.9050148853363362,0.6077713293130919,0.76369,0,0,stable
1565__600_1800,1,t_8_16,192.0,0.0,0.0,3.0,0.9823573009225174,0.8315991012808825,0.76369,0,1,stable
1565__600_1800,2,t_8_16,144.0,0.0,0.0,1.0,0.9996378766117303,0.7303428158703578,0.76369,0,0,stable
1565__600_1800,3,t_8_16,84.0,0.0,0.0,3.0,0.772413547447449,0.7230129692915362,0.76369,0,0,stable
1565__600_1800,4,t_8_16,168.0,0.0,0.0,3.0,0.865585723403526,0.7298719999999944,0.76369,0,0,stable
1565__600_1800,5,t_8_16,112.0,0.0,0.0,2.0,0.9590139802396345,0.7738148749999983,0.76369,0,1,stable
1565__600_1800,6,t_8_16,96.0,0.0,0.0,2.0,0.9455005894614905,0.7020207784120803,0.76369,0,0,stable
1565__600_1800,7,t_8_16,96.0,0.0,0.0,5.0,0.9899824525871167,0.6986185922314079,0.76369,0,0,stable
1565__600_1800,8,t_8_16,84.0,0.0,0.0,5.0,0.9740255997675236,0.80419969194328,0.76369,0,1,stable
1565__600_1800,9,t_8_16,140.0,0.0,0.0,2.0,0.9215084136290834,0.4558291402519014,0.76369,1,0,stable
1565__600_1800,10,t_8_16,96.0,0.0,0.0,2.0,0.9798856390736939,0.649161621466965,0.76369,0,0,stable
1565__600_1800,11,t_8_16,72.0,0.0,0.0,4.0,0.9409404241258894,0.7800712472081159,0.76369,0,1,stable
1565__600_1800,12,t_8_16,96.0,0.0,0.0,1.0,,0.8307509313755715,0.76369,0,1,stable
1565__600_1800,13,t_8_16,112.0,0.25,0.25,2.0,0.9862447501407745,0.6839740993021213,0.76369,0,0,mild
1565__600_1800,14,t_8_16,96.0,0.0,0.0,5.0,0.9881790116092609,0.6970307736610725,0.76369,0,0,stable
1565__600_1800,15,t_8_16,80.0,0.0,0.0,1.0,,0.6346266832983706,0.76369,0,0,stable
1565__600_1800,16,t_8_16,160.0,0.0,0.0,3.0,0.9279770038031224,0.5976473822064663,0.76369,0,0,stable
1565__600_1800,17,t_8_16,240.0,0.25,0.0,5.0,0.9779704768935157,0.6333976361294579,0.76369,0,0,mild
1565__600_1800,18,t_8_16,139.99989318847656,0.0,0.0,2.0,0.9898636933555138,0.73545423509406,0.76369,0,0,stable
1565__600_1800,19,t_8_16,84.0,0.0,0.0,5.0,0.9918403458778605,0.7264442537662803,0.76369,0,0,stable
1565__600_1800,20,t_8_16,96.0,0.75,0.75,1.0,,0.8490156693672555,0.76369,0,1,high
1565__600_1800,21,t_8_16,80.0,0.25,0.25,1.0,,0.595201243656574,0.76369,0,0,mild
1565__600_1800,22,t_8_16,255.0,0.0,0.0,5.0,0.9763741917090274,0.4478703058823517,0.76369,1,0,stable
1565__600_1800,23,t_8_16,156.0,0.0,0.0,3.0,0.974982065635328,0.6722175755868904,0.76369,0,0,stable
1565__600_1800,24,t_8_16,140.0,0.0,0.0,3.0,0.9556318732992788,0.6008707400347335,0.76369,0,0,stable
1565__600_1800,25,t_8_16,153.00103759765625,0.0,0.0,2.0,0.924703876952178,0.5066973464052302,0.76369,0,0,stable
1565__600_1800,26,t_8_16,162.0,0.0,0.0,3.0,0.8970058434815429,0.6702572469135776,0.76369,0,0,stable
1565__600_1800,27,t_8_16,208.00095176685136,0.0,0.0,4.0,0.9772867720643722,0.35468999999999823,0.76369,1,0,stable
1565__600_1800,28,t_8_16,196.0,0.25,0.0,3.0,0.3947952672487631,0.510599142394935,0.76369,0,0,mild
1565__600_1800,30,t_8_16,84.0,0.0,0.0,5.0,0.9627908574453201,0.6333402009500941,0.76369,0,0,stable
1565__600_1800,31,t_8_16,99.0,0.0,0.0,2.0,0.9143504637279976,0.7728746186799413,0.76369,0,1,stable
1565__600_1800,32,s_16_32,266.0,0.0,0.0,5.0,0.9577376795035171,0.3058467518796999,0.76369,1,0,stable
1565__600_1800,33,t_8_16,144.0,0.25,0.0,2.0,0.9223720627102101,0.6375441172925438,0.76369,0,0,mild
1565__600_1800,34,t_8_16,168.0,0.0,0.0,2.0,0.9146353414819837,0.4907751011466275,0.76369,1,0,stable
1565__600_1800,35,t_8_16,135.0,0.0,0.0,2.0,0.9221421198268072,0.5804270493046921,0.76369,0,0,stable
1565__600_1800,36,t_8_16,228.0,0.0,0.0,3.0,0.9752781897256633,0.5137090183110087,0.76369,0,0,stable
1565__600_1800,37,t_8_16,126.0,0.25,0.0,2.0,0.9923193969158419,0.5872352142857135,0.76369,0,0,mild
1565__600_1800,38,t_8_16,120.0,0.25,0.25,2.0,0.9777711146008735,0.6330545162736355,0.76369,0,0,mild
1565__600_1800,39,t_8_16,144.0,0.0,0.0,2.0,0.9633982487944334,0.6445639181312192,0.76369,0,0,stable
1565__600_1800,40,t_8_16,90.0,0.5,0.0,4.0,0.025282391228115705,0.6053977229623503,0.76369,0,0,mild
1565__600_1800,41,t_8_16,100.0,0.0,0.0,2.0,0.9929212735504733,0.7519739337808663,0.76369,0,1,stable
1565__600_1800,42,t_8_16,132.0,0.0,0.0,2.0,0.960306878432669,0.6839694545454617,0.76369,0,0,stable
1565__600_1800,43,t_8_16,110.0,0.0,0.0,2.0,0.968664608004811,0.5783704925808841,0.76369,0,0,stable
1565__600_1800,44,t_8_16,120.0,0.25,0.25,2.0,0.9564729298496527,0.5190135574101856,0.76369,0,0,mild
1565__600_1800,45,t_8_16,210.0,0.0,0.0,5.0,0.8781530809919526,0.5149027719068722,0.76369,0,0,stable
1565__600_1800,46,t_8_16,240.0,0.0,0.0,5.0,0.9627715784215822,0.5430568000000014,0.76369,0,0,stable
1565__600_1800,47,t_8_16,255.0,0.0,0.0,5.0,0.9732546430142983,0.44160740193332243,0.76369,1,0,stable
1565__600_1800,48,t_8_16,169.99948120117188,0.0,0.0,4.0,0.9681175993539767,0.6208640000000015,0.76369,0,0,stable
1565__600_1800,49,t_8_16,156.0,0.0,0.0,2.0,0.969692179157632,0.7394793161665706,0.76369,0,0,stable
1565__600_1800,50,t_8_16,72.0,0.25,0.0,4.0,0.7192598876849399,0.7532165456177261,0.76369,0,1,mild
1565__600_1800,51,t_8_16,108.0,0.5,0.25,2.0,0.5055071986699452,0.4219191147610554,0.76369,1,0,mild
1565__600_1800,52,t_8_16,90.0006103515625,0.0,0.0,1.0,,0.659663440267888,0.76369,0,0,stable
1565__600_1800,53,t_8_16,104.0,0.5,0.5,3.0,0.7139516529737467,0.0,0.76369,1,0,mild
1565__600_1800,54,t_8_16,72.0,0.25,0.25,3.0,0.8980612555973969,0.6881303217095871,0.76369,0,0,mild
1579__2400_1200,0,t_8_16,220.0,0.0,0.0,4.0,0.9960405768717091,0.8135484318561561,0.79128,0,1,stable
1584__1800_600,0,t_8_16,96.0,0.0,0.0,1.0,,0.8420055962849454,0.8092,0,1,stable
1584__1800_600,1,t_8_16,240.0,0.0,0.0,2.0,0.9611347965679763,0.46630686250000114,0.8092,1,0,stable
1584__1800_600,2,t_8_16,112.0,0.0,0.0,1.0,,0.7600494218722594,0.8092,0,1,stable
1584__1800_600,3,t_8_16,128.0,0.0,0.0,2.0,0.9944296184334932,0.5706483482588914,0.8092,0,0,stable
1584__1800_600,4,t_8_16,120.00009155273438,0.0,0.0,5.0,0.7991732221216276,0.4854929358157185,0.8092,1,0,stable
1584__1800_600,11,t_8_16,64.0,0.0,0.0,0.0,,0.6833197696166788,0.8092,0,0,stable
1584__1800_600,13,t_8_16,112.0,0.0,0.0,2.0,0.9979539658152452,0.5960458848879098,0.8092,0,0,stable
1584__1800_600,14,t_8_16,72.0,0.0,0.0,4.0,0.9690296565804828,0.607501068822193,0.8092,0,0,stable
1584__1800_600,15,t_8_16,160.0,0.0,0.0,3.0,0.9736266554420671,0.7771308187500007,0.8092,0,1,stable
1584__1800_600,16,t_8_16,168.0,0.0,0.0,3.0,0.7259193890573788,0.5697585462743937,0.8092,0,0,stable
1584__1800_600,17,t_8_16,191.9996337890625,0.0,0.0,5.0,0.907295136219348,0.6704050672713926,0.8092,0,0,stable
1584__1800_600,18,t_8_16,160.0,0.0,0.0,1.0,,0.54965675,0.8092,0,0,stable
1584__1800_600,19,t_8_16,120.0,0.0,0.0,2.0,0.3816292831200016,0.5321394182393792,0.8092,0,0,stable
1584__1800_600,20,t_8_16,144.0,0.0,0.0,2.0,0.9736240835150706,0.7507580909720377,0.8092,0,1,stable
1584__1800_600,21,t_8_16,96.0,0.25,0.0,2.0,0.8488740978167566,0.631697972565357,0.8092,0,0,mild
1584__1800_600,29,t_8_16,216.000732421875,0.0,0.0,3.0,0.9727102285711308,0.471375851132621,0.8092,1,0,stable
1584__1800_600,30,t_8_16,220.0,0.0,0.0,5.0,0.9629833758527215,0.43082845797199976,0.8092,1,0,stable
1584__1800_600,31,t_8_16,192.0,0.0,0.0,4.0,0.7354464726476253,0.6512806368917838,0.8092,0,0,stable
1584__1800_600,32,t_8_16,224.0,0.0,0.0,2.0,0.9992197939145337,0.629638072537197,0.8092,0,0,stable
1584__1800_600,33,t_8_16,224.0,0.0,0.0,4.0,0.9677783678043897,0.8140620816164836,0.8092,0,1,stable
1584__1800_600,34,t_8_16,112.0,0.0,0.0,1.0,,0.7065671745734848,0.8092,0,0,stable
1584__1800_600,35,t_8_16,224.0,0.0,0.0,5.0,0.853779392252346,0.6616985387151655,0.8092,0,0,stable
1584__1800_600,36,t_8_16,144.0,0.0,0.0,2.0,0.9861421210954299,0.6454000860512848,0.8092,0,0,stable
1584__1800_600,37,t_8_16,110.00067138671875,0.0,0.0,2.0,0.9728366232439052,0.7203236203746601,0.8092,0,0,stable
1584__1800_600,38,s_16_32,288.0,0.0,0.0,3.0,0.972698295937576,0.6370793750000051,0.8092,0,0,stable
1584__1800_600,39,t_8_16,216.0,0.0,0.0,5.0,0.7614968555322148,0.750028357661459,0.8092,0,1,stable
1584__1800_600,40,t_8_16,200.0,0.0,0.0,3.0,0.9129513492204886,0.6199102500000032,0.8092,0,0,stable
1584__1800_600,41,t_8_16,180.0,0.0,0.0,2.0,0.9881681155181105,0.7041610333333373,0.8092,0,0,stable
1584__1800_600,42,t_8_16,224.0,0.0,0.0,4.0,0.9626774026534881,0.9270069024948414,0.8092,0,1,stable
1584__1800_600,43,t_8_16,180.00107955920976,0.25,0.0,4.0,0.8600641451539807,0.614930447082641,0.8092,0,0,mild
1584__1800_600,44,s_16_32,288.0,0.0,0.0,5.0,0.9388679398659214,0.4826949305555585,0.8092,1,0,stable
1584__1800_600,45,t_8_16,100.0,0.0,0.0,2.0,0.9972192587215027,0.5752576387861047,0.8092,0,0,stable
1584__1800_600,46,t_8_16,180.0,0.25,0.0,5.0,0.9613531902352076,0.5032106666666663,0.8092,0,0,mild
1584__1800_600,47,t_8_16,130.0,0.5,0.5,2.0,0.4678954986929746,0.8564498553872653,0.8092,0,1,mild
1584__1800_600,48,t_8_16,112.0,0.0,0.0,1.0,,0.7252221071428615,0.8092,0,0,stable
1584__1800_600,49,t_8_16,72.0,0.25,0.0,4.0,0.5848761117533156,0.401316582213458,0.8092,1,0,mild
1584__1800_600,50,t_8_16,135.00091552734375,0.0,0.0,1.0,,0.6566024970505415,0.8092,0,0,stable
1584__1800_600,51,t_8_16,143.0,0.0,0.0,4.0,0.9348331097325231,0.8411723325897664,0.8092,0,1,stable
1584__1800_600,52,t_8_16,150.0,0.25,0.0,3.0,0.7319030318417206,0.5617227443797421,0.8092,0,0,mild
1584__1800_600,53,t_8_16,126.0,0.0,0.0,1.0,,0.4960607825854296,0.8092,1,0,stable
1584__1800_600,54,t_8_16,154.0,0.0,0.0,3.0,0.9889444679996682,0.5729882323472023,0.8092,0,0,stable
158__1800_0,0,t_8_16,127.99998474121094,0.5,0.5,0.0,,0.6789152027595324,0.86947,0,0,mild
158__1800_0,1,t_8_16,128.0,0.5,0.5,1.0,,0.9187672268580515,0.86947,0,1,mild
158__1800_0,2,t_8_16,160.0,0.0,0.0,3.0,0.9978030741158428,0.8968210884657809,0.86947,0,1,stable
158__1800_0,3,t_8_16,160.0,0.0,0.0,3.0,0.9907750549710206,0.7519997704286018,0.86947,0,1,stable
158__1800_0,4,t_8_16,112.0,0.0,0.0,1.0,,0.8002510268060196,0.86947,0,1,stable
158__1800_0,5,t_8_16,168.0,0.0,0.0,3.0,0.9956130915544372,0.7799177448812685,0.86947,0,1,stable
158__1800_0,6,t_8_16,112.0,0.0,0.0,2.0,0.9928302309469659,0.7717222182292486,0.86947,0,1,stable
158__1800_0,7,t_8_16,240.0,0.0,0.0,3.0,0.9955041433826438,0.501821500000003,0.86947,0,0,stable
158__1800_0,8,t_8_16,216.0,0.0,0.0,3.0,0.9982173148772087,0.6944462083333358,0.86947,0,0,stable
158__1800_0,9,t_8_16,64.0,0.0,0.0,1.0,,0.6569888830492053,0.86947,0,0,stable
158__1800_0,10,t_8_16,160.0,0.0,0.0,3.0,0.9558023131508271,0.9294659687499902,0.86947,0,1,stable
158__1800_0,11,t_8_16,189.99998092651367,0.0,0.0,2.0,0.9896736389970615,0.8228566948978241,0.86947,0,1,stable
158__1800_0,12,t_8_16,120.0,0.0,0.0,2.0,0.9862513994226344,0.6463493645902864,0.86947,0,0,stable
158__1800_0,13,t_8_16,88.00006103515625,0.0,0.0,1.0,,0.7746684502645799,0.86947,0,1,stable
158__1800_0,14,t_8_16,130.00003814697266,0.0,0.0,1.0,,0.8051889186755968,0.86947,0,1,stable
158__1800_0,15,t_8_16,150.0,0.0,0.0,2.0,0.996180573435273,0.9388801068130097,0.86947,0,1,stable
158__1800_0,16,t_8_16,180.0,0.25,0.0,4.0,0.9427957504716868,0.8791557968226181,0.86947,0,1,mild
158__1800_0,17,t_8_16,160.0,0.0,0.0,2.0,0.9956688890036559,0.9316311512329228,0.86947,0,1,stable
158__1800_0,18,t_8_16,170.0,0.0,0.0,2.0,0.990305603047773,0.7313712775958587,0.86947,0,0,stable
158__1800_0,19,t_8_16,112.0,0.25,0.25,1.0,,0.9460326966299921,0.86947,0,1,mild
158__1800_0,20,t_8_16,160.0,0.25,0.0,4.0,0.07560582853585882,0.7537369873436172,0.86947,0,1,mild
158__1800_0,21,t_8_16,204.0,0.0,0.0,3.0,0.998050752110889,0.8647823456969984,0.86947,0,1,stable
158__1800_0,22,t_8_16,127.99951171875,0.0,0.0,3.0,0.9836289274734096,0.8220591236367397,0.86947,0,1,stable
158__1800_0,23,t_8_16,126.0008544921875,0.0,0.0,3.0,0.9963887159492759,0.7136406552292536,0.86947,0,0,stable
158__1800_0,24,t_8_16,144.0009765625,0.25,0.0,4.0,0.5770351966204196,0.8567590736618708,0.86947,0,1,mild
158__1800_0,25,t_8_16,192.0,0.0,0.0,4.0,0.982632704317817,0.5472540780387071,0.86947,0,0,stable
158__1800_0,26,s_16_32,416.0,0.0,0.0,8.0,0.9776519655663051,0.818206096859687,0.86947,0,1,stable
158__1800_0,27,t_8_16,198.0,0.0,0.0,4.0,0.9916644203876955,0.5309792200923666,0.86947,0,0,stable
158__1800_0,28,t_8_16,160.0009765625,0.0,0.0,3.0,0.4847885675978577,0.8327219645285378,0.86947,0,1,stable
158__1800_0,29,t_8_16,160.0,0.0,0.0,3.0,0.9753007658985975,0.5448340172421957,0.86947,0,0,stable
158__1800_0,30,t_8_16,96.0,0.5,0.5,1.0,,0.7256302718712727,0.86947,0,0,mild
158__1800_0,31,t_8_16,77.0,0.25,0.0,3.0,0.8229494956908947,0.9032991751431667,0.86947,0,1,mild
158__1800_0,32,s_16_32,392.0,0.0,0.0,9.0,0.9855367038693664,0.8764033163265254,0.86947,0,1,stable
158__1800_0,33,s_16_32,312.0,0.0,0.0,4.0,0.9827981523916379,0.6890175632723535,0.86947,0,0,stable
158__1800_0,34,t_8_16,160.0,0.0,0.0,2.0,0.9849987728864027,0.8454056849624352,0.86947,0,1,stable
158__1800_0,35,s_16_32,335.99853515625,0.0,0.0,5.0,0.9874575514601316,0.7366482149540856,0.86947,0,0,stable
158__1800_0,36,t_8_16,84.0,0.0,0.0,2.0,0.9389963165405272,0.6743857270915087,0.86947,0,0,stable
158__1800_0,38,t_8_16,144.0,0.0,0.0,2.0,0.9827052328682053,0.77669134848283,0.86947,0,1,stable
158__1800_2475,0,s_16_32,264.0,0.0,0.0,7.0,0.9947965282902517,0.8197294813677622,0.8089,0,1,stable
158__1800_2475,1,t_8_16,128.0,0.5,0.5,0.0,,0.8998573773879879,0.8089,0,1,mild
158__1800_2475,2,t_8_16,192.0,0.0,0.0,5.0,0.9893801292860434,0.9087114162104226,0.8089,0,1,stable
158__1800_2475,3,t_8_16,90.0,0.0,0.0,6.0,0.9985689348493252,0.6568125617702182,0.8089,0,0,stable
158__1800_2475,4,t_8_16,234.00054931640625,0.0,0.0,5.0,0.7427371345269367,0.68026988127379,0.8089,0,0,stable
158__1800_2475,5,t_8_16,160.0,0.0,0.0,2.0,0.9764487295222943,0.9289881548017366,0.8089,0,1,stable
158__1800_2475,6,t_8_16,128.0,0.0,0.0,2.0,0.997481981028781,0.8737164099982527,0.8089,0,1,stable
158__1800_2475,7,t_8_16,176.0,0.0,0.0,2.0,0.722859180983248,0.8670305071850362,0.8089,0,1,stable
158__1800_2475,8,t_8_16,180.0,0.0,0.0,3.0,0.9880067230978175,0.7279781798073975,0.8089,0,0,stable
158__1800_2475,9,t_8_16,195.9991455078125,0.0,0.0,4.0,0.9395802821048553,0.8023113507766648,0.8089,0,1,stable
158__1800_2475,10,t_8_16,153.99949645996094,0.0,0.0,2.0,0.9895374945653049,0.8126781582276212,0.8089,0,1,stable
158__1800_2475,11,t_8_16,128.0,0.0,0.0,3.0,0.9941001344471536,0.8085835834447572,0.8089,0,1,stable
158__1800_2475,12,t_8_16,176.0,0.0,0.0,2.0,0.9953547746037249,0.8249816559794824,0.8089,0,1,stable
158__1800_2475,13,t_8_16,88.0,0.25,0.25,1.0,,0.0,0.8089,1,0,mild
1602__0_2050,0,s_16_32,520.001220703125,0.0,0.0,9.0,0.937519433693617,0.7915164440106449,0.83933,0,1,stable
1602__0_2050,1,s_16_32,952.0,0.0,0.0,10.0,0.6804794275105017,0.8837573202398593,0.83933,0,1,stable
1602__0_2050,2,s_16_32,896.0,0.0,0.0,10.0,0.9584700052691194,0.0,0.83933,1,0,stable
1602__0_2050,3,s_16_32,288.0,0.0,0.0,3.0,0.9962611237696836,0.855461433324141,0.83933,0,1,stable
1602__0_2050,4,s_16_32,324.0,0.0,0.0,7.0,0.9943772496890245,0.8647018375567248,0.83933,0,1,stable
1602__0_2050,5,s_16_32,378.0,0.0,0.0,6.0,0.9765063580476032,0.8666307957348557,0.83933,0,1,stable
1602__0_2050,6,s_16_32,616.0003356933594,0.0,0.0,10.0,0.9886685492541792,0.6709031785714259,0.83933,0,0,stable
1602__0_2050,7,s_16_32,311.9996032714844,0.0,0.0,5.0,0.9815254596987486,0.8380484965529248,0.83933,0,1,stable
1602__0_2050,8,t_8_16,252.0,0.0,0.0,4.0,0.9971685987400102,0.7407576653573892,0.83933,0,0,stable
1602__0_2050,9,s_16_32,384.0,0.0,0.0,7.0,0.973513464012575,0.8485614137398948,0.83933,0,1,stable
1602__0_2050,10,s_16_32,335.99981689453125,0.0,0.0,9.0,0.94022492504698,0.7246560153792524,0.83933,0,0,stable
1602__0_2050,11,t_8_16,223.9981689490378,0.0,0.0,2.0,0.9503266746734471,0.770684250000002,0.83933,0,1,stable
1602__0_2050,12,t_8_16,224.000244140625,0.0,0.0,4.0,0.9886393611117744,0.825312819130871,0.83933,0,1,stable
1602__0_2050,13,s_16_32,448.00042724609375,0.0,0.0,9.0,0.6256233871133862,0.7571733245730912,0.83933,0,1,stable
1602__0_2050,14,t_8_16,208.0,0.0,0.0,5.0,0.9907383192283036,0.7718992958870643,0.83933,0,1,stable
1602__0_2050,15,t_8_16,191.99914550827816,0.25,0.0,3.0,0.4629595035944734,0.7814932864583379,0.83933,0,1,mild
1602__0_2050,16,s_16_32,392.0,0.0,0.0,4.0,0.9855187159610423,0.8738046770185953,0.83933,0,1,stable
1602__0_2050,17,t_8_16,96.0,0.0,0.0,2.0,0.9970954850996308,0.5284176102962054,0.83933,0,0,stable
1602__0_2050,18,t_8_16,160.0009765625,0.5,0.25,2.0,0.841033304017297,0.5388567886402851,0.83933,0,0,mild
1602__0_2050,19,s_16_32,260.0,0.0,0.0,5.0,0.9902249716076879,0.8565637767497699,0.83933,0,1,stable
1602__0_2050,20,t_8_16,168.000732421875,0.0,0.0,4.0,0.9593780715509946,0.8042487311540105,0.83933,0,1,stable
1602__0_2050,21,t_8_16,240.0,0.0,0.0,3.0,0.9987096510669073,0.7538208313995628,0.83933,0,1,stable
1602__0_2050,22,t_8_16,216.0,0.0,0.0,6.0,0.9840676070899782,0.8301116898148182,0.83933,0,1,stable
1602__0_2050,23,t_8_16,168.0,0.0,0.0,4.0,0.9548889472257044,0.721399380824629,0.83933,0,0,stable
1602__0_2050,24,s_16_32,260.0001983642578,0.0,0.0,5.0,0.949803652202474,0.747300428137361,0.83933,0,0,stable
1602__0_2050,25,s_16_32,263.9996643066406,0.0,0.0,5.0,0.946847404168567,0.8944897809703113,0.83933,0,1,stable
1602__0_2050,26,t_8_16,168.0,0.0,0.0,3.0,0.9231480907772414,0.8742384056873859,0.83933,0,1,stable
1602__0_2050,27,s_16_32,288.0,0.0,0.0,7.0,0.9946542552768777,0.6816799635487019,0.83933,0,0,stable
1602__0_2050,28,t_8_16,168.0,0.0,0.0,2.0,0.9788473183330468,0.747246148095737,0.83933,0,0,stable
1602__0_2050,29,t_8_16,240.0,0.25,0.0,7.0,0.5455044496600507,0.955823137059756,0.83933,0,1,mild
1602__0_2050,30,t_8_16,192.0,0.0,0.0,5.0,0.8342818679454069,0.8013023325083571,0.83933,0,1,stable
1602__0_2050,31,t_8_16,220.0,0.0,0.0,4.0,0.9799419647085618,0.713106239058824,0.83933,0,0,stable
1602__0_2050,32,t_8_16,187.0,0.25,0.0,4.0,0.8767372241821336,0.6128623202936812,0.83933,0,0,mild
16555,0,s_16_32,450.0,0.0,0.0,8.0,0.9969280199092222,0.8614158934540179,0.84037,0,1,stable
16555,1,t_8_16,190.0,0.0,0.0,3.0,0.9922622166647801,0.6052918111142271,0.84037,0,0,stable
16555,2,t_8_16,198.0013427734375,0.0,0.0,4.0,0.9975861024195627,0.7561899950322383,0.84037,0,1,stable
16555,3,t_8_16,230.00140380859375,0.0,0.0,3.0,0.9982403069566653,0.8247782715435925,0.84037,0,1,stable
16555,4,s_16_32,792.0,0.0,0.0,10.0,0.9973937110187905,0.8976949594254054,0.84037,0,1,stable
16555,5,s_16_32,792.0,0.0,0.0,10.0,0.9955535627092694,0.880239247613279,0.84037,0,1,stable
16555,6,t_8_16,199.99969482421875,0.0,0.0,3.0,0.9179683370656044,0.0,0.84037,1,0,stable
16555,7,s_16_32,336.0,0.0,0.0,7.0,0.9745796424657442,0.7837306517857109,0.84037,0,1,stable
1675__2428_0,0,t_8_16,140.0,0.0,0.0,2.0,0.994344456018904,0.8933652376892732,0.82946,0,1,stable
1675__2428_0,1,t_8_16,159.99969482421875,0.0,0.0,2.0,0.998678528133949,0.9641732519094002,0.82946,0,1,stable
1675__2428_0,2,t_8_16,112.0,0.5,0.5,0.0,,0.8666314490672969,0.82946,0,1,mild
1675__2428_0,3,t_8_16,128.0,0.0,0.0,2.0,0.9941156477059044,0.691969106347849,0.82946,0,0,stable
1675__2428_0,4,t_8_16,128.0,0.0,0.0,2.0,0.9948986649488439,0.8673049160737256,0.82946,0,1,stable
1675__2428_0,5,t_8_16,127.99993896484375,0.25,0.25,3.0,0.8893994199848991,0.7205327590664174,0.82946,0,0,mild
1675__2428_0,6,t_8_16,128.0,0.5,0.5,0.0,,0.7259325000000043,0.82946,0,0,mild
1675__2428_0,7,t_8_16,160.0,0.0,0.0,4.0,0.9974034425506558,0.842290647702367,0.82946,0,1,stable
1675__2428_0,8,t_8_16,112.0,0.25,0.25,1.0,,0.7180083900679349,0.82946,0,0,mild
1681c6e5f,0,t_8_16,144.0,0.0,0.0,3.0,0.9907799737314317,0.7890225519904013,0.84857,0,1,stable
1681c6e5f,1,t_8_16,196.0,0.0,0.0,4.0,0.9833952519364357,0.7898529548547727,0.84857,0,1,stable
1681c6e5f,2,t_8_16,240.0,0.0,0.0,5.0,0.9758086634490444,0.715529033333332,0.84857,0,0,stable
1681c6e5f,3,t_8_16,126.0,0.0,0.0,2.0,0.9593491230919585,0.8921315823669528,0.84857,0,1,stable
1681c6e5f,4,t_8_16,132.0,0.0,0.0,2.0,0.9930058495367421,0.8741182818219545,0.84857,0,1,stable
1681c6e5f,5,s_16_32,341.9989013671875,0.0,0.0,7.0,0.9611125601826114,0.9339450350877216,0.84857,0,1,stable
1681c6e5f,6,s_16_32,300.0,0.0,0.0,6.0,0.9405903034385662,0.8009242431969317,0.84857,0,1,stable
1681c6e5f,7,t_8_16,195.0,0.0,0.0,3.0,0.9753524614114828,0.7901426866529857,0.84857,0,1,stable
1681c6e5f,8,t_8_16,80.0,0.25,0.25,2.0,0.997161674875219,0.0,0.84857,1,0,mild
1681c6e5f,9,t_8_16,120.0,0.0,0.0,2.0,0.9413108458352332,0.6894711829661435,0.84857,0,0,stable
1681c6e5f,10,t_8_16,170.0,0.0,0.0,3.0,0.9962592207807911,0.7654186192312988,0.84857,0,1,stable
1681c6e5f,11,s_16_32,400.0,0.0,0.0,10.0,0.9790003428146867,0.5199395413129894,0.84857,0,0,stable
16995,0,t_8_16,208.0009765625,0.0,0.0,5.0,0.9012465583631349,0.5403667788461523,0.35713,0,0,stable
16995,1,t_8_16,140.0008544921875,0.0,0.0,2.0,0.9864505433272185,0.5382795778582211,0.35713,0,0,stable
16995,2,t_8_16,132.0,0.25,0.0,2.0,0.6462254635642763,0.8358858051392395,0.35713,0,1,mild
16995,3,t_8_16,84.0,0.25,0.0,3.0,0.4036597752179319,0.36494786801690743,0.35713,1,0,mild
16995,4,t_8_16,168.0,0.0,0.0,3.0,0.8730918467606685,0.6897116333971699,0.35713,0,0,stable
16995,5,t_8_16,110.0,0.25,0.0,2.0,0.990405198754089,0.6062054650887042,0.35713,0,0,mild
16995,6,t_8_16,156.0,0.25,0.0,4.0,0.45612624367907795,0.7681901119336285,0.35713,0,1,mild
16995,7,t_8_16,144.0,0.25,0.0,3.0,0.7661692818373449,0.6652000888811727,0.35713,0,0,mild
16995,8,t_8_16,80.0,0.0,0.0,1.0,,0.5533630602986003,0.35713,0,0,stable
17992,0,t_8_16,190.0,0.0,0.0,4.0,0.9987710087399092,0.8273347012918055,0.84343,0,1,stable
17992,1,t_8_16,105.0,0.0,0.0,5.0,0.9938108941237949,0.8960169611121592,0.84343,0,1,stable
17992,2,t_8_16,119.0,0.0,0.0,5.0,0.964645491174377,0.7481217258674673,0.84343,0,0,stable
17992,3,t_8_16,144.0,0.0,0.0,3.0,0.9970328265138378,0.7960761180555659,0.84343,0,1,stable
17992,4,t_8_16,105.0,0.0,0.0,3.0,0.7216866640694731,0.8933476603944865,0.84343,0,1,stable
17992,5,t_8_16,120.0,0.0,0.0,2.0,0.9874163354393499,0.9483466896219642,0.84343,0,1,stable
17e4b69db,0,t_8_16,109.99983215332031,0.0,0.0,2.0,0.998846495028418,0.6508502608999135,0.73036,0,0,stable
1809__600_2356,0,t_8_16,132.0,0.0,0.0,4.0,0.5792962805512087,0.0,0.82102,1,0,stable
1809__600_2356,1,t_8_16,200.0,0.0,0.0,3.0,0.9968497545162459,0.88556459574511,0.82102,0,1,stable
1809__600_2356,2,t_8_16,168.0,0.0,0.0,3.0,0.9347605070995834,0.7756207846696508,0.82102,0,1,stable
1809__600_2356,3,t_8_16,220.0,0.0,0.0,4.0,0.9759192235487791,0.8988832449823522,0.82102,0,1,stable
1809__600_2356,4,t_8_16,112.0,0.25,0.25,2.0,0.9018801933668723,0.5978504775849035,0.82102,0,0,mild
1809__600_2356,5,t_8_16,160.0,0.0,0.0,3.0,0.9860261838821961,0.7738859285559869,0.82102,0,1,stable
1809__600_2356,6,s_16_32,280.0,0.0,0.0,4.0,0.9969610571813441,0.8969142857142892,0.82102,0,1,stable
1809__600_2356,7,t_8_16,200.0,0.25,0.0,5.0,0.8705018791061899,0.8621463512864608,0.82102,0,1,mild
1809__600_2356,8,t_8_16,128.0,0.0,0.0,1.0,,0.8110363107933394,0.82102,0,1,stable
1809__600_2356,9,t_8_16,240.0,0.0,0.0,4.0,0.9855473543620241,0.7840268333333332,0.82102,0,1,stable
1809__600_2356,10,t_8_16,220.0013427734375,0.0,0.0,5.0,0.7763816465215941,0.8834309514511396,0.82102,0,1,stable
1809__600_2356,11,t_8_16,140.0,0.0,0.0,2.0,0.9995708720266889,0.6149186437681863,0.82102,0,0,stable
1809__600_2356,12,t_8_16,160.0,0.0,0.0,2.0,0.9962016237336039,0.7827642677936864,0.82102,0,1,stable
1809__600_2356,13,t_8_16,128.0,0.0,0.0,2.0,0.9986369229336157,0.76932725414944,0.82102,0,1,stable
1809__600_2356,14,t_8_16,160.0,0.0,0.0,3.0,0.9978466774658975,0.9171369929153876,0.82102,0,1,stable
1809__600_2356,15,t_8_16,112.0,0.0,0.0,2.0,0.9974299976785407,0.6154374322731967,0.82102,0,0,stable
1809__600_2356,16,t_8_16,180.0,0.25,0.0,4.0,0.8554588860938613,0.7264779065454465,0.82102,0,0,mild
1809__600_2356,17,t_8_16,128.0,0.0,0.0,3.0,0.9912546423523151,0.7913466148745146,0.82102,0,1,stable
1809__600_2356,18,t_8_16,96.0,0.25,0.25,2.0,0.9974411150424358,0.627958738819483,0.82102,0,0,mild
1809__600_2356,19,s_16_32,364.0,0.0,0.0,5.0,0.9957338221062618,0.6910599560439564,0.82102,0,0,stable
1809__600_2356,21,s_16_32,308.0,0.0,0.0,3.0,0.8961412281847593,0.46124928571428236,0.82102,1,0,stable
1809__600_2356,22,s_16_32,308.0,0.0,0.0,7.0,0.9883725665570362,0.7245670194805196,0.82102,0,0,stable
1809__600_2356,23,s_16_32,336.0,0.0,0.0,4.0,0.949616167509028,0.4950196815476198,0.82102,1,0,stable
1809__600_2356,24,t_8_16,180.0,0.0,0.0,2.0,0.9929071196564555,0.8383218451456913,0.82102,0,1,stable
1809__600_2356,25,s_16_32,285.0,0.0,0.0,6.0,0.6766096376702002,0.5275562501425138,0.82102,0,0,stable
1809__600_2356,26,t_8_16,126.0,0.0,0.0,1.0,,0.48888175706852977,0.82102,1,0,stable
1809__600_2356,27,t_8_16,150.00091552734375,0.0,0.0,2.0,0.9999361632363569,0.1122242274127938,0.82102,1,0,stable
1809__600_2356,28,s_16_32,325.0,0.0,0.0,7.0,0.9286969963549518,0.7002376892307721,0.82102,0,0,stable
1809__600_2356,29,s_16_32,260.0,0.0,0.0,6.0,0.933190881024525,0.4784214186131687,0.82102,1,0,stable
1809__600_2356,30,t_8_16,154.0,0.25,0.0,5.0,0.6244394043342837,0.6183235938949994,0.82102,0,0,mild
1809__600_2356,31,t_8_16,135.0,0.0,0.0,2.0,0.37160490260614654,0.805548758645481,0.82102,0,1,stable
1809__600_2356,32,s_16_32,468.0,0.0,0.0,8.0,0.9507265535183607,0.3670182051282049,0.82102,1,0,stable
1809__600_2356,33,t_8_16,120.0,0.0,0.0,2.0,0.966900844059038,0.6770583657005804,0.82102,0,0,stable
1815__1200_600,0,t_8_16,128.0,0.0,0.0,2.0,0.9802995505080445,0.8070272623862651,0.84178,0,1,stable
1815__1200_600,1,t_8_16,180.0,0.0,0.0,2.0,0.9951847059408025,0.7457670000000015,0.84178,0,0,stable
1815__1200_600,2,t_8_16,192.0,0.0,0.0,4.0,0.9707741403697139,0.7465008742370484,0.84178,0,0,stable
1815__1200_600,3,t_8_16,192.0,0.0,0.0,2.0,0.9727671057984756,0.8370098649426357,0.84178,0,1,stable
1815__1200_600,4,t_8_16,180.0,0.0,0.0,3.0,0.9950459065051003,0.5987547887893824,0.84178,0,0,stable
1815__1200_600,5,t_8_16,224.0,0.0,0.0,5.0,0.9896421515609909,0.7782804324221404,0.84178,0,1,stable
1815__1200_600,6,t_8_16,160.0,0.25,0.0,4.0,0.8795887021426082,0.4797208139624833,0.84178,1,0,mild
1815__1200_600,7,t_8_16,192.0,0.0,0.0,5.0,0.8595730780014159,0.8171317359678197,0.84178,0,1,stable
1815__1200_600,8,t_8_16,192.0,0.0,0.0,3.0,0.9513254609898096,0.6897805453302367,0.84178,0,0,stable
1815__1200_600,9,t_8_16,215.9989013671875,0.0,0.0,5.0,0.9358363459424015,0.573875069444442,0.84178,0,0,stable
1815__1200_600,10,s_16_32,480.0,0.0,0.0,8.0,0.9944769876301177,0.6565024531035952,0.84178,0,0,stable
1815__1200_600,11,t_8_16,252.0,0.0,0.0,4.0,0.9785481582758209,0.5930375899929452,0.84178,0,0,stable
1815__1200_600,12,t_8_16,128.0,0.0,0.0,2.0,0.9901268581813005,0.6572918827328491,0.84178,0,0,stable
1815__1200_600,13,t_8_16,140.0,0.25,0.0,3.0,0.8836266076668795,0.8028700199061434,0.84178,0,1,mild
1815__1200_600,14,t_8_16,140.0,0.0,0.0,1.0,,0.7838697105634775,0.84178,0,1,stable
1815__1200_600,15,t_8_16,144.0,0.25,0.25,2.0,0.9985788702793966,0.6764153324768292,0.84178,0,0,mild
1815__1200_600,16,t_8_16,96.0,0.0,0.0,1.0,,0.6073123442813192,0.84178,0,0,stable
1815__1200_600,17,t_8_16,203.99896240234375,0.0,0.0,5.0,0.9132045412832988,0.7698390903344934,0.84178,0,1,stable
1815__1200_600,18,t_8_16,180.0,0.0,0.0,2.0,0.920881682752519,0.30569123861602393,0.84178,1,0,stable
1831__0_2108,0,t_8_16,220.0,0.0,0.0,3.0,0.9380683813657683,0.0,0.63195,1,0,stable
1831__0_2108,1,t_8_16,71.99999141693115,0.0,0.0,4.0,0.965664456098671,0.584412121920349,0.63195,0,0,stable
1834__1800_1800,0,s_16_32,336.0,0.0,0.0,8.0,0.8834015961814425,0.5253573617324977,0.77695,0,0,stable
1834__1800_1800,1,t_8_16,160.0,0.25,0.0,4.0,0.88823291902824,0.7937846373497774,0.77695,0,1,mild
1834__1800_1800,2,t_8_16,112.0,0.0,0.0,3.0,0.9969001052738168,0.8126319217575433,0.77695,0,1,stable
1834__1800_1800,3,t_8_16,107.99945068359375,0.25,0.0,7.0,0.35368233088751166,0.8039966475233377,0.77695,0,1,mild
1834__1800_1800,5,t_8_16,96.0,0.0,0.0,2.0,0.9992113735946269,0.6211906092519082,0.77695,0,0,stable
1834__1800_1800,6,t_8_16,112.0,0.0,0.0,2.0,0.8960723644722772,0.7094200380183563,0.77695,0,0,stable
1834__1800_1800,7,t_8_16,144.0,0.0,0.0,2.0,0.9802179582736856,0.6561036728203975,0.77695,0,0,stable
1834__1800_1800,8,t_8_16,72.0,0.0,0.0,2.0,0.7383802717097898,0.5413119367953119,0.77695,0,0,stable
1834__1800_1800,10,t_8_16,96.0,0.0,0.0,2.0,0.8937082642175095,0.6549014742089075,0.77695,0,0,stable
1834__1800_1800,11,t_8_16,112.0,0.0,0.0,2.0,0.9421481022849326,0.7779344046930848,0.77695,0,1,stable
1834__1800_1800,12,t_8_16,96.0,0.25,0.25,2.0,0.9892365576457991,0.6983782784637627,0.77695,0,0,mild
1834__1800_1800,14,s_16_32,350.0,0.0,0.0,8.0,0.6670508520641035,0.0042495112829206635,0.77695,1,0,stable
1834__1800_1800,15,t_8_16,192.0,0.0,0.0,2.0,0.8201976256749203,0.0,0.77695,1,0,stable
1834__1800_1800,16,s_16_32,280.001708984375,0.0,0.0,6.0,0.9247103297868433,0.06181955397271753,0.77695,1,0,stable
1834__1800_1800,17,s_16_32,504.002197265625,0.0,0.0,7.0,0.9429329331405677,0.0,0.77695,1,0,stable
1834__1800_1800,18,t_8_16,140.0,0.0,0.0,2.0,0.9850777862830149,0.7335794367968533,0.77695,0,0,stable
1834__1800_1800,19,t_8_16,96.0,0.0,0.0,5.0,0.982612559900276,0.8063717477056642,0.77695,0,1,stable
1834__1800_1800,20,t_8_16,108.0,0.0,0.0,5.0,0.9333852166814047,0.7575693203809244,0.77695,0,1,stable
1834__1800_1800,21,t_8_16,140.0,0.0,0.0,2.0,0.997988254957851,0.8814675769954478,0.77695,0,1,stable
1834__1800_1800,22,t_8_16,126.0,0.0,0.0,5.0,0.7116014857906477,0.0,0.77695,1,0,stable
1834__1800_1800,23,t_8_16,136.0,0.0,0.0,2.0,0.9481509107000614,0.7072838235294118,0.77695,0,0,stable
1834__1800_1800,24,s_16_32,405.0,0.0,0.0,4.0,0.9656492868946183,0.14925430873558043,0.77695,1,0,stable
1834__1800_1800,25,t_8_16,154.0,0.0,0.0,2.0,0.9648098953241964,0.6931691496908903,0.77695,0,0,stable
1834__1800_1800,26,s_16_32,352.0,0.0,0.0,8.0,0.9314298617350357,0.5974856315426522,0.77695,0,0,stable
1834__1800_1800,27,s_16_32,276.0,0.25,0.0,3.0,0.46746351790015844,0.4279964565217394,0.77695,1,0,mild
1834__1800_1800,28,t_8_16,140.0,0.0,0.0,2.0,0.9740357043155446,0.5716604376770748,0.77695,0,0,stable
1834__1800_1800,29,t_8_16,231.0,0.25,0.25,4.0,0.6605484232645074,0.3793941279356806,0.77695,1,0,mild
1834__1800_1800,30,t_8_16,108.0,0.0,0.0,2.0,0.993838060785783,0.812449398545379,0.77695,0,1,stable
1834__1800_1800,31,t_8_16,119.99977111816406,0.0,0.0,6.0,0.9447473161331912,0.7131376740120171,0.77695,0,0,stable
1834__1800_1800,32,t_8_16,180.0,0.25,0.0,1.0,,0.6203633247426336,0.77695,0,0,mild
1838__0_600,0,t_8_16,252.0,0.0,0.0,7.0,0.6219471967382292,0.6574038095238118,0.8184,0,0,stable
1838__0_600,1,t_8_16,216.0,0.0,0.0,3.0,0.994035577612204,0.7216246379205963,0.8184,0,0,stable
1838__0_600,2,t_8_16,128.0,0.25,0.25,3.0,0.909082480981943,0.7831041222556913,0.8184,0,1,mild
1838__0_600,3,t_8_16,112.0,0.0,0.0,3.0,0.9855483644328468,0.6843885139417449,0.8184,0,0,stable
1838__0_600,4,t_8_16,128.0,0.0,0.0,2.0,0.977815148073213,0.7698473805260446,0.8184,0,1,stable
1838__0_600,5,t_8_16,144.00048828125,0.0,0.0,4.0,0.9957567477468339,0.8092468424569051,0.8184,0,1,stable
1838__0_600,6,t_8_16,108.0003662109375,0.0,0.0,3.0,0.8660733773956983,0.6521692686292131,0.8184,0,0,stable
1838__0_600,7,s_16_32,263.9986572265625,0.0,0.0,5.0,0.9932038051417821,0.5915041706434837,0.8184,0,0,stable
1838__0_600,8,t_8_16,240.0,0.0,0.0,4.0,0.9925650423747382,0.7526129873069194,0.8184,0,1,stable
1838__0_600,9,t_8_16,160.0,0.0,0.0,3.0,0.9951643960259917,0.815527622654252,0.8184,0,1,stable
1838__0_600,10,t_8_16,128.0,0.75,0.75,1.0,,0.780859490678294,0.8184,0,1,high
1838__0_600,11,t_8_16,160.0,0.25,0.25,3.0,0.9792887614251494,0.8257794315964685,0.8184,0,1,mild
1838__0_600,12,t_8_16,96.0,0.0,0.0,2.0,0.988677022462214,0.6082275703728802,0.8184,0,0,stable
1838__0_600,13,t_8_16,120.0,0.0,0.0,4.0,0.9884374923171599,0.6257211325108727,0.8184,0,0,stable
1838__0_600,14,t_8_16,160.0,0.0,0.0,3.0,0.9904733914654326,0.8104087352597683,0.8184,0,1,stable
1838__0_600,15,t_8_16,144.0,0.25,0.25,2.0,0.9658876590898565,0.8349046198230468,0.8184,0,1,mild
1838__0_600,16,t_8_16,196.0,0.0,0.0,5.0,0.9843793061760987,0.8279771632653017,0.8184,0,1,stable
1838__0_600,17,t_8_16,84.0,0.0,0.0,2.0,0.9574706105427675,0.6214489239328098,0.8184,0,0,stable
1838__0_600,18,t_8_16,160.0,0.25,0.0,2.0,0.9792803202522504,0.7634532883939916,0.8184,0,1,mild
1838__0_600,19,t_8_16,140.0,0.0,0.0,2.0,0.949950754297943,0.8059150944270568,0.8184,0,1,stable
1838__0_600,20,t_8_16,96.0,0.0,0.0,5.0,0.8020018718335175,0.6224843632753683,0.8184,0,0,stable
1838__0_600,21,t_8_16,168.0,0.0,0.0,2.0,0.9925482078904422,0.815098033708447,0.8184,0,1,stable
1838__0_600,22,t_8_16,84.0,0.0,0.0,2.0,0.834793907350734,0.7569117395496979,0.8184,0,1,stable
1838__0_600,23,t_8_16,96.0,0.0,0.0,1.0,,0.8170562898992555,0.8184,0,1,stable
1838__0_600,25,t_8_16,128.0,0.0,0.0,1.0,,0.5233366885625302,0.8184,0,0,stable
1838__0_600,26,t_8_16,84.0,0.0,0.0,3.0,0.9609454421077386,0.5167496748121979,0.8184,0,0,stable
1838__0_600,27,t_8_16,96.0,0.0,0.0,3.0,0.8922929822347715,0.5980688356175784,0.8184,0,0,stable
1838__0_600,28,t_8_16,84.0,0.0,0.0,2.0,0.9384257044563387,0.6256339313869489,0.8184,0,0,stable
1838__0_600,29,t_8_16,80.0,0.25,0.25,1.0,0.9999778660249957,0.1698861729015563,0.8184,1,0,mild
1838__0_600,30,t_8_16,96.0,0.0,0.0,2.0,0.9981550554717473,0.7067877691415524,0.8184,0,0,stable
1838__0_600,31,t_8_16,128.0,0.25,0.25,2.0,0.9594506358384383,0.7735806306562805,0.8184,0,1,mild
1838__0_600,32,t_8_16,100.0006103515625,0.5,0.25,1.0,0.9999999992673698,0.14689749305208188,0.8184,1,0,mild
1838__0_600,33,t_8_16,84.0,0.0,0.0,3.0,0.9758836660327486,0.5663847266429075,0.8184,0,0,stable
1838__0_600,35,t_8_16,112.0,0.0,0.0,1.0,,0.7105615906570638,0.8184,0,0,stable
1838__0_600,36,t_8_16,95.9996337890625,0.0,0.0,3.0,0.6919815930786475,0.5962218854792226,0.8184,0,0,stable
1838__0_600,37,t_8_16,112.0,0.0,0.0,3.0,0.9369272892926317,0.021756582299001046,0.8184,1,0,stable
1838__0_600,38,s_16_32,392.0,0.5,0.0,8.0,0.14197401172790983,0.6203065913856807,0.8184,0,0,mild
1838__0_600,39,t_8_16,160.0,0.5,0.5,1.0,,0.276445059697906,0.8184,1,0,mild
1838__0_600,40,s_16_32,256.0,0.0,0.0,4.0,0.9522322352657294,0.3701981250000014,0.8184,1,0,stable
1838__0_600,41,t_8_16,160.0,0.25,0.25,2.0,0.8756014834759029,0.5773883353767009,0.8184,0,0,mild
1838__0_600,42,t_8_16,159.9993896484375,0.0,0.0,2.0,0.9994233344074582,0.4735123980837924,0.8184,1,0,stable
1838__0_600,43,t_8_16,191.9996337890625,0.0,0.0,3.0,0.9794403679433037,0.7057450000000012,0.8184,0,0,stable
1838__0_600,44,t_8_16,143.9998779296875,0.0,0.0,2.0,0.9791341725589069,0.7005927330903227,0.8184,0,0,stable
1838__0_600,45,s_16_32,271.99896240234375,0.0,0.0,6.0,0.978727744922604,0.4995463235294133,0.8184,1,0,stable
1838__0_600,46,s_16_32,320.0,0.0,0.0,5.0,0.8980198941576657,0.36774546875000147,0.8184,1,0,stable
1838__0_600,47,s_16_32,288.0,0.0,0.0,4.0,0.991084622786128,0.5546783512274707,0.8184,0,0,stable
1838__0_600,48,t_8_16,168.0,0.0,0.0,1.0,0.9965690562017142,0.4422387538521297,0.8184,1,0,stable
1838__0_600,49,t_8_16,200.0,0.0,0.0,4.0,0.9780264233801006,0.6427324499999991,0.8184,0,0,stable
1838__0_600,50,s_16_32,288.0,0.0,0.0,4.0,0.9543267978925076,0.5147062708333296,0.8184,0,0,stable
1838__0_600,51,t_8_16,128.0,0.25,0.0,3.0,0.4269278814348383,0.38876122718225814,0.8184,1,0,mild
1838__0_600,52,s_16_32,312.000732421875,0.0,0.0,5.0,0.9536597347543175,0.39290400000000353,0.8184,1,0,stable
1838__0_600,53,s_16_32,448.0,0.5,0.0,5.0,0.14600458063467425,0.6840615693772065,0.8184,0,0,mild
1838__0_600,54,s_16_32,264.000732421875,0.0,0.0,5.0,0.9816402465695339,0.49301534262010355,0.8184,1,0,stable
1838__0_600,55,s_16_32,352.0,0.0,0.0,3.0,0.9958065297692169,0.4311787538824593,0.8184,1,0,stable
1838__0_600,56,t_8_16,140.0,0.0,0.0,1.0,0.9999994015454277,0.6990170207643828,0.8184,0,0,stable
1838__0_600,57,t_8_16,176.0,0.0,0.0,3.0,0.9701606426494875,0.5892409772727202,0.8184,0,0,stable
1838__0_600,58,t_8_16,223.99994659423828,0.0,0.0,5.0,0.9499226413981673,0.4036340133928566,0.8184,1,0,stable
1838__0_600,59,s_16_32,264.0,0.0,0.0,3.0,0.7507847191995747,0.15072308633998893,0.8184,1,0,stable
1838__0_600,60,s_16_32,308.0,0.0,0.0,5.0,0.926508393647174,0.4006444675324673,0.8184,1,0,stable
1838__0_600,61,s_16_32,384.0,0.0,0.0,7.0,0.8797679228695295,0.3404747499999976,0.8184,1,0,stable
1838__0_600,62,s_16_32,364.0,0.0,0.0,5.0,0.9894685749321258,0.3623948296703313,0.8184,1,0,stable
1838__0_600,63,t_8_16,144.0,0.0,0.0,2.0,0.9278290243147376,0.5768044722222244,0.8184,0,0,stable
1838__0_600,64,t_8_16,84.0,0.0,0.0,4.0,0.7764447340584818,0.3942148797448213,0.8184,1,0,stable
1838__0_600,65,s_16_32,323.9997253417969,0.0,0.0,5.0,0.9526443514584464,0.8812746836282719,0.8184,0,1,stable
1838__0_600,66,t_8_16,168.0,0.0,0.0,2.0,0.9897386407177372,0.6405630350453622,0.8184,0,0,stable
1838__0_600,67,t_8_16,196.0,0.0,0.0,3.0,0.9823003550435842,0.5166390054914562,0.8184,0,0,stable
1838__0_600,68,t_8_16,240.0,0.0,0.0,3.0,0.7150696812812477,0.4308101989724426,0.8184,1,0,stable
1838__0_600,69,t_8_16,220.0,0.0,0.0,4.0,0.9421129920843936,0.5465733888379858,0.8184,0,0,stable
1838__0_600,70,t_8_16,144.0,0.0,0.0,3.0,0.9863748823280406,0.3860358503092407,0.8184,1,0,stable
1838__0_600,71,t_8_16,224.0,0.0,0.0,2.0,0.9643312633206672,0.5943347734626522,0.8184,0,0,stable
1838__0_600,72,t_8_16,192.0,0.0,0.0,4.0,0.884852833303572,0.6759215630404142,0.8184,0,0,stable
1838__0_600,73,s_16_32,288.0,0.0,0.0,4.0,0.2506981240063918,0.13581959380178782,0.8184,1,0,stable
1838__0_600,74,t_8_16,192.0,0.0,0.0,4.0,0.8008179987618466,0.07583343682894628,0.8184,1,0,stable
1838__0_600,75,t_8_16,252.0,0.0,0.0,3.0,0.2307718543120473,0.44127655131691984,0.8184,1,0,stable
1838__0_600,76,s_16_32,320.0,0.0,0.0,5.0,0.8757847322301514,0.3806092718750022,0.8184,1,0,stable
1838__0_600,77,t_8_16,179.99969482421875,0.0,0.0,3.0,0.9948539171158226,0.733117290456526,0.8184,0,0,stable
1838__0_600,78,s_16_32,520.0,0.0,0.0,9.0,0.9856293372902992,0.3833594769230768,0.8184,1,0,stable
1838__0_600,79,t_8_16,192.0,0.0,0.0,3.0,0.9908868212821376,0.6858708494683081,0.8184,0,0,stable
1838__0_600,80,t_8_16,200.0,0.0,0.0,4.0,0.06170384694168509,0.39122062082978065,0.8184,1,0,stable
1838__0_600,81,t_8_16,240.0,0.0,0.0,4.0,0.9671667680733461,0.48960262863555964,0.8184,1,0,stable
1838__0_600,82,t_8_16,144.0,0.0,0.0,3.0,0.6142496214891705,0.5651362749954963,0.8184,0,0,stable
1838__0_600,83,t_8_16,220.0013427734375,0.0,0.0,4.0,0.824238942830942,0.5632238125811717,0.8184,0,0,stable
1838__0_600,84,t_8_16,192.0,0.25,0.0,2.0,0.7570496340104828,0.7427615722939545,0.8184,0,0,mild
1838__0_600,85,t_8_16,128.0,0.25,0.25,3.0,0.9755527491001634,0.5143719907615393,0.8184,0,0,mild
1838__0_600,86,s_16_32,352.0,0.0,0.0,6.0,0.5737872275085277,0.4774188636363618,0.8184,1,0,stable
1838__0_600,87,t_8_16,180.0,0.0,0.0,3.0,0.9841001306740896,0.7734238517650956,0.8184,0,1,stable
1838__0_600,88,t_8_16,140.0,0.25,0.0,3.0,0.7652818125027646,0.6079015711162058,0.8184,0,0,mild
1838__0_600,89,t_8_16,240.0,0.0,0.0,3.0,0.9910403330670042,0.5092260202638071,0.8184,0,0,stable
1838__0_600,90,s_16_32,447.9991455078125,0.0,0.0,6.0,0.9505337997210233,0.6525372113078786,0.8184,0,0,stable
1838__0_600,91,s_16_32,308.0,0.0,0.0,4.0,0.981010426118353,0.4740688636363611,0.8184,1,0,stable
1838__0_600,92,t_8_16,192.0,0.0,0.0,3.0,0.7812251419615086,0.45911937515611345,0.8184,1,0,stable
1838__0_600,93,t_8_16,220.0,0.0,0.0,3.0,0.944411643431539,0.5657130036742755,0.8184,0,0,stable
1838__0_600,94,t_8_16,160.0,0.25,0.25,2.0,0.9523143155768653,0.6172882610807668,0.8184,0,0,mild
1838__0_600,95,s_16_32,288.0,0.0,0.0,7.0,0.9917635887270613,0.5890456840277772,0.8184,0,0,stable
1838__0_600,96,s_16_32,288.0,0.0,0.0,2.0,0.9996213509253535,0.23493981934584085,0.8184,1,0,stable
1838__0_600,97,t_8_16,120.0,0.5,0.25,2.0,0.762664573450188,0.6870813932001785,0.8184,0,0,mild
1838__0_600,98,t_8_16,168.0,0.0,0.0,2.0,0.9896007224484891,0.5536857279452847,0.8184,0,0,stable
1838__0_600,99,t_8_16,192.0,0.0,0.0,3.0,0.643484687291932,0.5654327784146388,0.8184,0,0,stable
1838__0_600,100,t_8_16,216.0,0.0,0.0,3.0,0.9283114551560113,0.5695608333333281,0.8184,0,0,stable
1838__0_600,101,t_8_16,176.0,0.0,0.0,3.0,0.9932560830246367,0.6670672587556742,0.8184,0,0,stable
1838__0_600,102,t_8_16,216.0,0.0,0.0,5.0,0.9941844415594967,0.7913499227497993,0.8184,0,1,stable
1838__0_600,103,t_8_16,240.0,0.25,0.0,2.0,0.8100302309981536,0.4044708749163241,0.8184,1,0,mild
1838__0_600,104,s_16_32,336.0,0.0,0.0,3.0,0.9891039363670066,0.4722065000000024,0.8184,1,0,stable
1838__0_600,105,t_8_16,167.999267578125,0.0,0.0,2.0,0.9894521959249719,0.7584969212975887,0.8184,0,1,stable
1838__0_600,106,s_16_32,260.0,0.0,0.0,3.0,0.9822070145270722,0.4603324313302263,0.8184,1,0,stable
1838__0_600,107,s_16_32,308.0,0.0,0.0,4.0,0.867602559669277,0.35359214935064776,0.8184,1,0,stable
1838__0_600,108,s_16_32,263.9998321533203,0.25,0.0,6.0,0.916287045326467,0.5885702767032491,0.8184,0,0,mild
1838__0_600,109,s_16_32,780.0,0.0,0.0,10.0,0.9455749217457807,0.5200681641025646,0.8184,0,0,stable
1838__0_600,110,t_8_16,216.0,0.0,0.0,3.0,0.9886654226783146,0.5766812037037047,0.8184,0,0,stable
1838__0_600,111,t_8_16,224.0,0.0,0.0,2.0,0.9949189693392606,0.5257926566438283,0.8184,0,0,stable
1838__0_600,112,t_8_16,96.0,0.0,0.0,1.0,,0.6975716846691719,0.8184,0,0,stable
1838__0_600,113,t_8_16,160.0,0.25,0.25,4.0,0.8554046275719334,0.6011256126049076,0.8184,0,0,mild
1838__0_600,114,s_16_32,320.0,0.0,0.0,5.0,0.8946751232892324,0.35159812499999876,0.8184,1,0,stable
1838__0_600,115,s_16_32,288.0,0.0,0.0,7.0,0.8384129969730172,0.448602312291784,0.8184,1,0,stable
1838__0_600,116,t_8_16,120.0,0.0,0.0,2.0,0.9560124004467654,0.6435064408559665,0.8184,0,0,stable
1838__0_600,117,s_16_32,312.0,0.0,0.0,6.0,0.9846773888901564,0.46005166666666353,0.8184,1,0,stable
1838__0_600,118,s_16_32,260.0,0.25,0.0,5.0,0.7976897054690841,0.4114952000000027,0.8184,1,0,mild
1838__0_600,119,t_8_16,223.9991455078125,0.0,0.0,5.0,0.8753720498276315,0.6299235679197561,0.8184,0,0,stable
1838__0_600,120,s_16_32,288.0,0.0,0.0,6.0,0.9442826181750583,0.38346015565758246,0.8184,1,0,stable
1838__0_600,121,s_16_32,324.0,0.0,0.0,5.0,0.9661142675443471,0.3184030555555551,0.8184,1,0,stable
1838__0_600,122,s_16_32,264.0,0.0,0.0,4.0,0.913595028286086,0.4639083333333293,0.8184,1,0,stable
1838__0_600,123,t_8_16,96.0,0.0,0.0,3.0,0.9388262336361396,0.26592230625240454,0.8184,1,0,stable
1838__0_600,124,t_8_16,160.0,0.0,0.0,3.0,0.8448815358639051,0.610382053048425,0.8184,0,0,stable
1838__0_600,125,t_8_16,220.0,0.0,0.0,3.0,0.988304708995635,0.4847477403743847,0.8184,1,0,stable
1838__0_600,126,s_16_32,264.0,0.0,0.0,4.0,0.8924008711068249,0.45254815151514804,0.8184,1,0,stable
1838__0_600,127,t_8_16,180.0,0.0,0.0,3.0,0.9853163545606461,0.8069301412834348,0.8184,0,1,stable
1838__0_600,128,s_16_32,364.0008544921875,0.0,0.0,6.0,0.9679687960707021,0.46224784488622267,0.8184,1,0,stable
1838__0_600,129,t_8_16,144.0,0.0,0.0,2.0,0.8193549947096993,0.59401662950283,0.8184,0,0,stable
1838__0_600,130,t_8_16,252.0,0.0,0.0,5.0,0.7297490122023058,0.463116226190476,0.8184,1,0,stable
1838__0_600,131,s_16_32,336.0,0.0,0.0,6.0,0.8516528919175359,0.9370893739543935,0.8184,0,1,stable
1838__0_600,132,s_16_32,720.0,0.0,0.0,10.0,0.48780183667037585,0.05739682889547563,0.8184,1,0,stable
1838__0_600,133,s_16_32,352.0,0.0,0.0,7.0,0.9938181822047077,0.47036869318182206,0.8184,1,0,stable
1838__0_600,134,t_8_16,132.0,0.0,0.0,4.0,0.9764805729117949,0.6285330352399161,0.8184,0,0,stable
1838__0_600,135,t_8_16,144.0,0.5,0.5,0.0,0.9811525254899227,0.7695569097638989,0.8184,0,1,mild
1838__0_600,136,t_8_16,144.0,0.25,0.25,1.0,0.9999999813239812,0.7129118333333272,0.8184,0,0,mild
1838__0_600,137,t_8_16,96.0000114440918,0.0,0.0,3.0,0.9664182483337632,0.08516779011663117,0.8184,1,0,stable
1838__0_600,138,t_8_16,252.0,0.0,0.0,6.0,0.8905235691671508,0.80831142877371,0.8184,0,1,stable
1838__0_600,139,s_16_32,288.0,0.25,0.0,4.0,0.6324126775813672,0.41348066666666694,0.8184,1,0,mild
1838__0_600,140,t_8_16,167.9991455078125,0.0,0.0,2.0,0.9989904457765255,0.5402721835132942,0.8184,0,0,stable
1838__0_600,141,s_16_32,280.0,0.0,0.0,3.0,0.9875322692947148,0.5846047999999956,0.8184,0,0,stable
1838__0_600,142,t_8_16,240.0,0.0,0.0,4.0,0.9783355535093285,0.5087437499999998,0.8184,0,0,stable
1838__0_600,143,t_8_16,160.0,0.0,0.0,4.0,0.9850306594106374,0.49239830474397195,0.8184,1,0,stable
1838__0_600,144,t_8_16,168.0,0.0,0.0,3.0,0.9254217603212461,0.7454634637424163,0.8184,0,0,stable
1838__0_600,145,s_16_32,467.99920654296875,0.0,0.0,8.0,0.9821593155476469,0.6446626124969186,0.8184,0,0,stable
1838__0_600,146,t_8_16,112.0,0.5,0.5,0.0,,0.2203984970031348,0.8184,1,0,mild
1838__0_600,147,t_8_16,200.0,0.5,0.0,3.0,0.9847336159227397,0.489143810916924,0.8184,1,0,mild
1838__0_600,148,s_16_32,480.0,0.0,0.0,4.0,0.5346934556936734,0.3157382999999984,0.8184,1,0,stable
1838__0_600,149,s_16_32,264.0,0.25,0.25,4.0,0.8434085758504676,0.48856230106364745,0.8184,1,0,mild
1838__0_600,150,t_8_16,216.0,0.0,0.0,3.0,0.6677091887084745,0.6103888611111158,0.8184,0,0,stable
1838__0_600,151,s_16_32,320.0,0.0,0.0,8.0,0.9685827881084748,0.4613297360440835,0.8184,1,0,stable
1838__0_600,152,t_8_16,224.0,0.0,0.0,1.0,0.999911953758996,0.4812140518437648,0.8184,1,0,stable
1838__0_600,153,t_8_16,216.000732421875,0.0,0.0,3.0,0.9752220248203065,0.49183045196351943,0.8184,1,0,stable
1838__0_600,154,s_16_32,308.0,0.0,0.0,4.0,0.9410206004606975,0.7613415986951314,0.8184,0,1,stable
1838__0_600,155,s_16_32,440.0,0.0,0.0,9.0,0.9950917367116995,0.5327997090909088,0.8184,0,0,stable
1838__0_600,156,t_8_16,255.9990234375,0.0,0.0,4.0,0.9120832247675695,0.5116237499999995,0.8184,0,0,stable
1838__0_600,157,t_8_16,180.0,0.0,0.0,3.0,0.9641146258292304,0.6255139556983844,0.8184,0,0,stable
1838__0_600,158,s_16_32,264.0,0.0,0.0,6.0,0.9925781597189376,0.4708658598484826,0.8184,1,0,stable
1838__0_600,159,t_8_16,192.0,0.0,0.0,2.0,0.9747747165472146,0.45959359408454936,0.8184,1,0,stable
1838__0_600,160,t_8_16,140.0,0.0,0.0,1.0,,0.7780872446166077,0.8184,0,1,stable
1838__0_600,161,s_16_32,336.0,0.0,0.0,8.0,0.9778460775893034,0.449345630542226,0.8184,1,0,stable
1838__0_600,162,t_8_16,144.0,0.0,0.0,4.0,0.682907491284801,0.0,0.8184,1,0,stable
1838__0_600,163,t_8_16,128.0,0.25,0.25,1.0,,0.10824225521029612,0.8184,1,0,mild
1838__0_600,164,t_8_16,192.0,0.0,0.0,2.0,0.8994565410659522,0.4776284413451491,0.8184,1,0,stable
1838__0_600,165,t_8_16,180.0,0.0,0.0,3.0,0.9943204449375277,0.6296774555555518,0.8184,0,0,stable
1838__0_600,166,s_16_32,360.0,0.0,0.0,7.0,0.9867497977767579,0.5213080444444423,0.8184,0,0,stable
1838__0_600,167,t_8_16,160.0,0.0,0.0,2.0,0.992770044674976,0.7848512738023726,0.8184,0,1,stable
1838__0_600,168,t_8_16,120.0,0.25,0.25,3.0,0.9678082193814745,0.5316742457501011,0.8184,0,0,mild
1838__0_600,169,t_8_16,220.0,0.0,0.0,3.0,0.8752069862503074,0.5438450363636429,0.8184,0,0,stable
1838__0_600,170,t_8_16,220.0,0.0,0.0,3.0,0.7465425968736115,0.580443163636369,0.8184,0,0,stable
1838__0_600,171,t_8_16,196.0,0.0,0.0,4.0,0.9902924399930979,0.14584464571126804,0.8184,1,0,stable
1838__0_600,172,s_16_32,308.0,0.0,0.0,5.0,0.9666540856773895,0.3887430714285707,0.8184,1,0,stable
1838__0_600,173,s_16_32,288.0,0.0,0.0,6.0,0.7062347363124873,0.3934854687500018,0.8184,1,0,stable
1838__0_600,174,s_16_32,308.0,0.0,0.0,5.0,0.683081051270765,0.770187463233222,0.8184,0,1,stable
1838__0_600,175,t_8_16,220.0,0.25,0.0,3.0,0.27798440378558426,0.13576349673400503,0.8184,1,0,mild
1838__0_600,176,s_16_32,351.9986572265625,0.0,0.0,5.0,0.9799042381882602,0.34076793749999956,0.8184,1,0,stable
1838__0_600,177,t_8_16,220.0,0.0,0.0,4.0,0.9600132033485349,0.5702019272727278,0.8184,0,0,stable
1838__0_600,178,t_8_16,96.0,0.0,0.0,1.0,,0.6344374050970859,0.8184,0,0,stable
1838__0_600,179,t_8_16,220.0,0.0,0.0,5.0,0.9661428104279128,0.6327130322705832,0.8184,0,0,stable
1838__0_600,180,t_8_16,216.0,0.0,0.0,4.0,0.9604374722563,0.5784670370370351,0.8184,0,0,stable
1838__0_600,181,t_8_16,216.0,0.0,0.0,4.0,0.9786892394098757,0.5477291666666662,0.8184,0,0,stable
1838__0_600,183,s_16_32,360.0,0.0,0.0,5.0,0.9870857082642627,0.28322849999999794,0.8184,1,0,stable
1838__0_600,184,s_16_32,312.0,0.25,0.0,4.0,0.46970460050011936,0.5012489831076176,0.8184,0,0,mild
1838__0_600,185,t_8_16,108.0,0.0,0.0,5.0,0.9977786648326635,0.4809890380720712,0.8184,1,0,stable
1838__0_600,186,s_16_32,360.0,0.0,0.0,6.0,0.851260977455135,0.26428510000000216,0.8184,1,0,stable
1838__0_600,187,t_8_16,140.0,0.0,0.0,2.0,0.9886803972942058,0.8295773863691761,0.8184,0,1,stable
1838__0_600,188,t_8_16,216.0,0.0,0.0,5.0,0.7207847066800803,0.54831605555556,0.8184,0,0,stable
1838__0_600,189,t_8_16,216.0,0.0,0.0,5.0,0.9530213681892181,0.8536923333333328,0.8184,0,1,stable
1838__0_600,190,t_8_16,192.0,0.0,0.0,3.0,0.9729636978093238,0.7239942732139989,0.8184,0,0,stable
1838__0_600,191,s_16_32,280.0,0.0,0.0,6.0,0.9588639619122565,0.5600054157916531,0.8184,0,0,stable
1838__0_600,192,s_16_32,480.0,0.0,0.0,7.0,0.8270929484060896,0.30020445416666397,0.8184,1,0,stable
1838__0_600,193,s_16_32,319.9990234375,0.0,0.0,5.0,0.928786294726583,0.41469346874999896,0.8184,1,0,stable
1838__0_600,194,t_8_16,220.0,0.25,0.25,4.0,0.4450267628046971,0.42947836586651084,0.8184,1,0,mild
1838__0_600,195,t_8_16,140.0,0.0,0.0,2.0,0.2483048972588697,0.6737892734465131,0.8184,0,0,stable
1838__0_600,196,t_8_16,220.0013427734375,0.0,0.0,4.0,0.9602122053327931,0.5209035363636358,0.8184,0,0,stable
1838__0_600,197,t_8_16,167.99978637695312,0.0,0.0,4.0,0.9435367588705599,0.696569904665582,0.8184,0,0,stable
1838__0_600,198,s_16_32,256.0,0.5,0.0,4.0,0.6407129821657566,0.3879913473988212,0.8184,1,0,mild
1838__0_600,199,t_8_16,252.0008544921875,0.0,0.0,3.0,0.9866579734686709,0.5822644411795712,0.8184,0,0,stable
1838__0_600,200,t_8_16,220.0,0.0,0.0,4.0,0.9517704220435169,0.479453137854777,0.8184,1,0,stable
1838__0_600,201,t_8_16,196.0,0.5,0.0,3.0,0.03726087518653892,0.4336323497870376,0.8184,1,0,mild
1838__0_600,202,s_16_32,288.0,0.0,0.0,2.0,0.8856546714090642,0.5928049097222299,0.8184,0,0,stable
1838__0_600,203,s_16_32,308.0,0.0,0.0,5.0,0.9682288704710108,0.5602506493506503,0.8184,0,0,stable
1838__0_600,204,s_16_32,288.0,0.0,0.0,3.0,0.8383969073188138,0.30019615078143874,0.8184,1,0,stable
1838__0_600,205,t_8_16,224.0,0.0,0.0,2.0,0.9924250051592267,0.7195719378465053,0.8184,0,0,stable
1838__0_600,206,s_16_32,780.0,0.0,0.0,7.0,0.9404845614907832,0.05269777459618061,0.8184,1,0,stable
1838__0_600,207,t_8_16,160.0,0.0,0.0,2.0,0.9959158306808208,0.8651830878316132,0.8184,0,1,stable
1838__0_600,208,t_8_16,216.0,0.0,0.0,3.0,0.9912012913809225,0.7718312453703781,0.8184,0,1,stable
1838__0_600,209,s_16_32,264.0,0.0,0.0,7.0,0.7565531438751497,0.5163356363636357,0.8184,0,0,stable
1838__0_600,210,t_8_16,252.0,0.0,0.0,3.0,0.9589975105113417,0.39588983752949775,0.8184,1,0,stable
1838__0_600,211,t_8_16,216.00018310546875,0.0,0.0,5.0,0.9061442722458936,0.7040139166666673,0.8184,0,0,stable
1838__0_600,212,s_16_32,352.0,0.0,0.0,7.0,0.9801217515866655,0.5893296306818191,0.8184,0,0,stable
1838__0_600,213,s_16_32,312.0,0.0,0.0,5.0,0.7896752696405017,0.5045217058609766,0.8184,0,0,stable
1838__0_600,214,s_16_32,264.0,0.0,0.0,5.0,0.9731534696330213,0.7241534772727288,0.8184,0,0,stable
1838__0_600,215,t_8_16,127.99951171875,0.25,0.25,3.0,0.8971467531540243,0.7175730254392975,0.8184,0,0,mild
1838__0_600,216,t_8_16,200.0,0.0,0.0,3.0,0.9943787991411179,0.5673224422143738,0.8184,0,0,stable
1838__0_600,217,t_8_16,144.0,0.0,0.0,2.0,0.9746211249297138,0.5646965381787853,0.8184,0,0,stable
1838__0_600,218,t_8_16,240.0,0.0,0.0,5.0,0.8097108993570274,0.6132012972838098,0.8184,0,0,stable
1838__0_600,219,t_8_16,180.0,0.25,0.0,4.0,0.6051274591287841,0.0,0.8184,1,0,mild
1838__0_600,221,t_8_16,252.0,0.0,0.0,4.0,0.974339224358521,0.5524862014599112,0.8184,0,0,stable
1838__0_600,222,s_16_32,308.0,0.0,0.0,4.0,0.918540646995748,0.5166064318181828,0.8184,0,0,stable
1838__0_600,223,t_8_16,192.0,0.0,0.0,2.0,0.9808665879687923,0.6458442710645448,0.8184,0,0,stable
1838__0_600,224,s_16_32,336.0,0.0,0.0,7.0,0.9624714421079956,0.41445439285713903,0.8184,1,0,stable
1838__0_600,225,t_8_16,200.0,0.0,0.0,4.0,0.8756779496758765,0.6187967327877318,0.8184,0,0,stable
1838__0_600,226,s_16_32,288.0,0.0,0.0,4.0,0.96946132279551,0.6652979305555582,0.8184,0,0,stable
1838__0_600,227,s_16_32,364.0,0.0,0.0,8.0,0.8278972253939302,0.5092616868131874,0.8184,0,0,stable
1838__0_600,228,s_16_32,280.0,0.0,0.0,5.0,0.5389950315959248,0.3946985598768186,0.8184,1,0,stable
1838__0_600,229,t_8_16,192.0,0.0,0.0,3.0,0.9690455875108964,0.6613226821592108,0.8184,0,0,stable
1838__0_600,230,s_16_32,560.0,0.0,0.0,10.0,0.9442175906548351,0.6596389460976874,0.8184,0,0,stable
1838__0_600,231,s_16_32,280.0,0.0,0.0,6.0,0.9851559377237493,0.5282599070433088,0.8184,0,0,stable
1838__0_600,232,t_8_16,160.0,0.25,0.25,2.0,0.9863226573761742,0.659431302688225,0.8184,0,0,mild
1838__0_600,233,t_8_16,223.9990234375,0.0,0.0,3.0,0.8425556719492504,0.38066759498851876,0.8184,1,0,stable
1838__0_600,234,s_16_32,320.0,0.25,0.25,5.0,0.7724534423680899,0.2818179582896358,0.8184,1,0,mild
1838__0_600,235,s_16_32,364.0,0.0,0.0,7.0,0.3825913265330008,0.38603175824175884,0.8184,1,0,stable
1838__0_600,236,s_16_32,312.0,0.0,0.0,6.0,0.921393662834749,0.0,0.8184,1,0,stable
1838__0_600,237,s_16_32,288.0,0.0,0.0,4.0,0.9782634849243431,0.40065651607419545,0.8184,1,0,stable
1838__0_600,238,s_16_32,312.0,0.0,0.0,4.0,0.9964439047668359,0.01800035891425283,0.8184,1,0,stable
1838__0_600,239,t_8_16,180.0010986328125,0.0,0.0,2.0,0.999995007073838,0.17758691892033257,0.8184,1,0,stable
1838__0_600,240,s_16_32,416.0,0.0,0.0,5.0,0.9927263361777956,0.7924840874160741,0.8184,0,1,stable
1838__0_600,241,s_16_32,638.0000839233398,0.0,0.0,10.0,0.7752802980357995,0.5723020862068958,0.8184,0,0,stable
1838__0_600,242,s_16_32,308.0,0.0,0.0,6.0,0.9678211745854358,0.4385049819539701,0.8184,1,0,stable
1838__0_600,243,t_8_16,239.998779296875,0.0,0.0,2.0,0.9018698319684403,0.4759467999999964,0.8184,1,0,stable
1838__0_600,244,t_8_16,252.0,0.5,0.0,2.0,0.6287256854148398,0.3383529750119052,0.8184,1,0,mild
1838__0_600,245,t_8_16,224.0,0.0,0.0,4.0,0.9680706249874883,0.5652684464285761,0.8184,0,0,stable
1838__0_600,246,t_8_16,96.0,0.0,0.0,5.0,0.30613194353408374,0.6987708015183575,0.8184,0,0,stable
1838__0_600,247,t_8_16,200.0,0.0,0.0,3.0,0.7737588038246384,0.5939589599999942,0.8184,0,0,stable
1838__0_600,248,t_8_16,128.0,0.0,0.0,3.0,0.9900363766571029,0.5473971833702763,0.8184,0,0,stable
1838__0_600,249,s_16_32,264.0,0.0,0.0,4.0,0.9917033542147669,0.6413638564038395,0.8184,0,0,stable
1838__0_600,250,s_16_32,288.0,0.0,0.0,5.0,0.9749516234627773,0.6942048135526488,0.8184,0,0,stable
1838__0_600,251,s_16_32,288.0,0.0,0.0,5.0,0.8324499172917805,0.4485588923611163,0.8184,1,0,stable
1838__0_600,252,t_8_16,252.0,0.0,0.0,4.0,0.9724077978558181,0.3998416095857422,0.8184,1,0,stable
1838__0_600,253,t_8_16,252.0,0.0,0.0,3.0,0.8774583147517836,0.5079832738095255,0.8184,0,0,stable
1838__0_600,254,t_8_16,191.99951171875,0.0,0.0,3.0,0.995114894094454,0.7799483279358066,0.8184,0,1,stable
1838__0_600,255,t_8_16,140.0,0.25,0.0,5.0,0.6413008650212373,0.664583658215785,0.8184,0,0,mild
1838__0_600,256,t_8_16,126.0,0.0,0.0,2.0,0.8718806554663325,0.5741646590645848,0.8184,0,0,stable
1838__0_600,257,t_8_16,204.0,0.0,0.0,4.0,0.8347032096358721,0.6404294226812315,0.8184,0,0,stable
1838__0_600,258,t_8_16,98.99945068359375,0.0,0.0,2.0,0.9201919185017416,0.46237888829886037,0.8184,1,0,stable
1838__0_600,260,t_8_16,104.0,0.0,0.0,2.0,0.9538219630565439,0.7432368131110803,0.8184,0,0,stable
1838__0_600,261,t_8_16,144.0,0.0,0.0,3.0,0.7928764282082414,0.671890897583897,0.8184,0,0,stable
1838__0_600,262,t_8_16,223.9991455078125,0.0,0.0,3.0,0.8111911342657772,0.4239984285714277,0.8184,1,0,stable
1838__0_600,263,t_8_16,227.99884033203125,0.0,0.0,5.0,0.9809382192190358,0.7289116393081304,0.8184,0,0,stable
1838__0_600,264,t_8_16,208.0,0.0,0.0,4.0,0.5474074712424097,0.6147500576923094,0.8184,0,0,stable
1838__0_600,265,t_8_16,171.0,0.0,0.0,2.0,0.976344267062556,0.5121114180882193,0.8184,0,0,stable
1838__0_600,266,t_8_16,140.0,0.0,0.0,4.0,0.9631706962336057,0.5575083767390855,0.8184,0,0,stable
1838__0_600,267,t_8_16,210.0,0.0,0.0,3.0,0.9873553290316545,0.6135216904761998,0.8184,0,0,stable
1838__0_600,268,t_8_16,144.0,0.0,0.0,2.0,0.7693740385728637,0.0,0.8184,1,0,stable
1838__0_600,269,t_8_16,200.0,0.0,0.0,4.0,0.16308115806994639,0.0,0.8184,1,0,stable
1838__0_600,270,t_8_16,240.0,0.0,0.0,5.0,0.46307858338392516,0.0,0.8184,1,0,stable
1838__0_600,271,t_8_16,187.0,0.25,0.0,2.0,0.7245283752475278,0.0,0.8184,1,0,mild
1838__0_600,272,t_8_16,127.9990234375,0.0,0.0,2.0,0.984233754064439,0.7840219478766297,0.8184,0,1,stable
1838__0_600,273,t_8_16,120.0,0.5,0.5,2.0,0.01347725882244981,0.5749067989180283,0.8184,0,0,mild
1838__0_600,274,s_16_32,260.0015869140625,0.0,0.0,4.0,0.9760166001889604,0.5132340320754951,0.8184,0,0,stable
1838__0_600,275,s_16_32,312.0,0.0,0.0,6.0,0.9740793219975,0.0,0.8184,1,0,stable
1838__0_600,276,t_8_16,228.0,0.0,0.0,6.0,0.980909510858191,0.7247087952370735,0.8184,0,0,stable
1838__0_600,277,t_8_16,228.0,0.0,0.0,4.0,0.9023092256053484,0.801650671052633,0.8184,0,1,stable
1838__0_600,278,t_8_16,153.0,0.0,0.0,2.0,0.9999710621123187,0.5525798287866238,0.8184,0,0,stable
1838__0_600,279,t_8_16,167.99957275390625,0.0,0.0,3.0,0.9351581954341988,0.0,0.8184,1,0,stable
1838__0_600,280,t_8_16,204.0,0.0,0.0,4.0,0.8776044829086166,0.7656130995081729,0.8184,0,1,stable
1838__0_600,281,t_8_16,162.0,0.5,0.5,2.0,0.9914776305141706,0.8089147590541,0.8184,0,1,mild
1838__0_600,282,s_16_32,431.99945068359375,0.0,0.0,8.0,0.41082351234431796,0.43275120370370285,0.8184,1,0,stable
1838__0_600,283,t_8_16,209.0,0.0,0.0,4.0,0.9689174204312753,0.6320004619301013,0.8184,0,0,stable
1838__0_600,284,t_8_16,210.00091552734375,0.0,0.0,2.0,0.9944911012244539,0.6398051884664149,0.8184,0,0,stable
1838__0_600,285,t_8_16,192.0,0.0,0.0,4.0,0.9703536152810224,0.6402737214422964,0.8184,0,0,stable
1838__0_600,286,t_8_16,231.0,0.0,0.0,4.0,0.9506070785830778,0.0,0.8184,1,0,stable
1838__0_600,287,t_8_16,252.0,0.0,0.0,7.0,0.71180464338822,0.0,0.8184,1,0,stable
1838__0_600,288,t_8_16,168.0,0.0,0.0,2.0,0.977596833327739,0.6438323641830909,0.8184,0,0,stable
1838__0_600,289,t_8_16,210.0,0.0,0.0,5.0,0.9692053452149051,0.5914326605565595,0.8184,0,0,stable
1838__0_600,290,t_8_16,95.9999885559082,0.0,0.0,3.0,0.9793742332240158,0.0,0.8184,1,0,stable
1838__0_600,291,s_16_32,304.0,0.0,0.0,4.0,0.9559585895615964,0.4258546874999982,0.8184,1,0,stable
1838__0_600,292,s_16_32,460.0,0.0,0.0,9.0,0.3373597828803202,0.0,0.8184,1,0,stable
1838__0_600,293,s_16_32,390.0,0.0,0.0,9.0,0.994053567101705,0.4086346153846164,0.8184,1,0,stable
1838__0_600,294,t_8_16,247.0,0.0,0.0,4.0,0.723515363909316,0.0,0.8184,1,0,stable
1838__0_600,295,t_8_16,105.0,0.0,0.0,3.0,0.9598602144559186,0.5370278723296323,0.8184,0,0,stable
1838__0_600,296,t_8_16,160.0,0.25,0.0,3.0,0.9328891649719705,0.0,0.8184,1,0,mild
1838__0_600,297,s_16_32,468.0,0.0,0.0,6.0,0.9591078667844046,0.0,0.8184,1,0,stable
1847__2400_1200,0,t_8_16,112.0,0.0,0.0,2.0,0.9585561987915762,0.5817311729665867,0.77782,0,0,stable
1847__2400_1200,1,t_8_16,128.0,0.25,0.25,3.0,0.9079808711188924,0.7211929508489522,0.77782,0,0,mild
1847__2400_1200,2,t_8_16,72.0,0.0,0.0,2.0,0.9978855404311812,0.3588428216110099,0.77782,1,0,stable
1847__2400_1200,3,t_8_16,84.0,0.0,0.0,4.0,0.8886300182011494,0.4399135858889799,0.77782,1,0,stable
1847__2400_1200,4,t_8_16,216.0,0.0,0.0,3.0,0.9766360506135005,0.7835360780688533,0.77782,0,1,stable
1847__2400_1200,5,s_16_32,420.0,0.0,0.0,7.0,0.8142867968244084,0.5664946208019085,0.77782,0,0,stable
1847__2400_1200,6,t_8_16,180.0,0.25,0.0,4.0,0.7931219421205,0.8773422820313534,0.77782,0,1,mild
1847__2400_1200,7,s_16_32,275.99981689453125,0.0,0.0,3.0,0.99622528616007,0.8569159873046032,0.77782,0,1,stable
1847__2400_1200,8,t_8_16,90.0,0.0,0.0,2.0,0.6842770217030895,0.6016102200501744,0.77782,0,0,stable
1847__3014_1200,0,s_16_32,800.0,0.0,0.0,10.0,0.7485799885090718,0.0,0.7672,1,0,stable
1847__3014_1200,1,t_8_16,84.0,0.0,0.0,3.0,0.8920327722158622,0.4767911528183139,0.7672,1,0,stable
1847__3014_1200,2,t_8_16,216.0,0.0,0.0,5.0,0.8970650890242017,0.6966149980256575,0.7672,0,0,stable
1847__3014_1200,3,t_8_16,139.99969482421875,0.0,0.0,2.0,0.9838903969866776,0.7188529798002716,0.7672,0,0,stable
1847__3014_1200,4,t_8_16,160.0,0.0,0.0,2.0,0.9842666214744484,0.65287741365473,0.7672,0,0,stable
1847__3014_1200,5,t_8_16,112.0,0.5,0.5,1.0,,0.8856557741333736,0.7672,0,1,mild
1847__3014_1200,6,t_8_16,140.0,0.25,0.0,2.0,0.8851450470948765,0.723268525446929,0.7672,0,0,mild
1847__3014_1200,7,t_8_16,140.0,0.0,0.0,1.0,,0.7276966563986451,0.7672,0,0,stable
1847__3014_1200,8,t_8_16,128.0,0.0,0.0,2.0,0.996006121539258,0.8141107052048194,0.7672,0,1,stable
1847__3014_1200,9,t_8_16,80.0,0.0,0.0,1.0,,0.6225948860505085,0.7672,0,0,stable
1847__3014_1200,10,s_16_32,256.0,0.0,0.0,5.0,0.9078536861922879,0.734029343749999,0.7672,0,0,stable
1847__3014_1200,11,t_8_16,180.0,0.0,0.0,2.0,0.8512656545757614,0.6644760546886038,0.7672,0,0,stable
1847__3014_1200,12,t_8_16,112.0,0.0,0.0,1.0,,0.6584644337843586,0.7672,0,0,stable
1847__3014_1200,13,t_8_16,160.0,0.25,0.0,3.0,0.8167595774068372,0.9223239984747048,0.7672,0,1,mild
1847__3014_1200,14,t_8_16,102.0,0.5,0.0,3.0,0.7613790325343032,0.5426244569128071,0.7672,0,0,mild
1891__2400_2477,0,t_8_16,216.0,0.0,0.0,4.0,0.9613345678434941,0.8591527632083104,0.85888,0,1,stable
1891__2400_2477,1,t_8_16,160.0,0.0,0.0,3.0,0.9983320292491596,0.7363931810856693,0.85888,0,0,stable
1891__2400_2477,2,t_8_16,192.0,0.0,0.0,4.0,0.8866812502345927,0.896664670825096,0.85888,0,1,stable
1891__2400_2477,3,t_8_16,160.0,0.25,0.0,2.0,0.9840657619866632,0.6499352479870564,0.85888,0,0,mild
1891__2400_2477,4,t_8_16,160.0,0.0,0.0,2.0,0.8799446420514113,0.7622071654499587,0.85888,0,1,stable
1891__2400_2477,5,s_16_32,448.0,0.0,0.0,10.0,0.9907173799099929,0.8794923774978362,0.85888,0,1,stable
1891__2400_2477,6,t_8_16,216.0,0.0,0.0,4.0,0.9446853589309654,0.7812591513537617,0.85888,0,1,stable
1891__2400_2477,7,t_8_16,140.0,0.25,0.0,5.0,0.6424716065942613,0.7129141498142356,0.85888,0,0,mild
1891__2400_2477,8,t_8_16,112.0,0.5,0.5,0.0,,0.7194323926738864,0.85888,0,0,mild
1891__2400_2477,9,t_8_16,140.0000762939453,0.0,0.0,3.0,0.9765826620785006,0.7653378739298731,0.85888,0,1,stable
1891__2400_2477,10,t_8_16,140.00015258789062,0.0,0.0,2.0,0.9749442382957414,0.8286044139603247,0.85888,0,1,stable
1891__2400_2477,11,t_8_16,168.0,0.0,0.0,2.0,0.9906274555845221,0.8353117051790347,0.85888,0,1,stable
1891__2400_2477,12,t_8_16,112.0001220703125,0.0,0.0,3.0,0.8868675242061463,0.7385110186997912,0.85888,0,0,stable
1891__2400_2477,13,t_8_16,140.00015258789062,0.0,0.0,1.0,0.9999967930148677,0.7936773077296932,0.85888,0,1,stable
1891__2400_2477,14,t_8_16,140.0,0.0,0.0,3.0,0.7380240763806134,0.8409364026699475,0.85888,0,1,stable
1891__2400_2477,15,t_8_16,140.0,0.0,0.0,1.0,,0.9081970655898906,0.85888,0,1,stable
1891__2400_2477,16,t_8_16,168.0,0.0,0.0,2.0,0.5034575744122949,0.8995253764334595,0.85888,0,1,stable
1891__2400_2477,17,t_8_16,120.0,0.25,0.0,2.0,0.8460439700049478,0.8015452188729433,0.85888,0,1,mild
1891__2400_2477,18,t_8_16,80.0,0.5,0.5,1.0,,0.6223150750887314,0.85888,0,0,mild
1891__2400_2477,19,t_8_16,192.0,0.0,0.0,1.0,0.9999999999961371,0.8282618508868358,0.85888,0,1,stable
1891__2400_2477,20,t_8_16,112.0,0.5,0.25,2.0,0.42480952719897724,0.7569334262360684,0.85888,0,1,mild
1891__2400_2477,21,t_8_16,96.0,0.0,0.0,2.0,0.9338654651649861,0.6025777220438021,0.85888,0,0,stable
1891__2400_2477,22,t_8_16,168.0,0.0,0.0,3.0,0.9753052919038915,0.8767358324631547,0.85888,0,1,stable
1891__2400_2477,23,t_8_16,192.0,0.0,0.0,1.0,0.9999982864222771,0.8732700221393864,0.85888,0,1,stable
1891__2400_2477,24,t_8_16,192.0,0.0,0.0,3.0,0.9894708719090038,0.777151092057514,0.85888,0,1,stable
1891__2400_2477,25,t_8_16,139.99996185302734,0.0,0.0,1.0,,0.6910025396435848,0.85888,0,0,stable
1891__2400_2477,26,t_8_16,192.0,0.0,0.0,3.0,0.9523318349074792,0.8624772501740509,0.85888,0,1,stable
1891__2400_2477,27,t_8_16,168.0,0.0,0.0,2.0,0.3688990348451686,0.8708021375033868,0.85888,0,1,stable
1891__2400_2477,28,t_8_16,192.0,0.0,0.0,4.0,0.9950551653571826,0.9027624417873389,0.85888,0,1,stable
1891__2400_2477,29,t_8_16,168.0,0.0,0.0,2.0,0.9639340659818436,0.8491867018029229,0.85888,0,1,stable
1891__2400_2477,30,t_8_16,140.0,0.0,0.0,2.0,0.9749258539197271,0.883178568525339,0.85888,0,1,stable
1891__2400_2477,31,t_8_16,140.00015258789062,0.0,0.0,2.0,0.9705251990333794,0.864882685652674,0.85888,0,1,stable
1891__2400_2477,32,t_8_16,192.0,0.5,0.0,2.0,0.36705386340358453,0.9084757161561431,0.85888,0,1,mild
1891__2400_2477,33,t_8_16,119.99984741210938,0.25,0.25,3.0,0.4387455363677528,0.7469734745891659,0.85888,0,0,mild
1891__2400_2477,34,t_8_16,216.00018310546875,0.0,0.0,4.0,0.7222160676333648,0.7917754999999947,0.85888,0,1,stable
1891__2400_2477,35,t_8_16,216.0,0.0,0.0,3.0,0.9046067947266848,0.6187030284834654,0.85888,0,0,stable
1891__2400_2477,36,t_8_16,192.0,0.0,0.0,4.0,0.9810504478986347,0.7801427478590149,0.85888,0,1,stable
1891__2400_2477,37,t_8_16,160.0,0.0,0.0,2.0,0.8595839860998833,0.7961923469954306,0.85888,0,1,stable
1891__2400_2477,38,t_8_16,128.0,0.25,0.25,3.0,0.9436825287115778,0.7144272921946896,0.85888,0,0,mild
1891__2400_2477,39,t_8_16,96.0,0.25,0.25,2.0,0.7212443399964861,0.8128600732430792,0.85888,0,1,mild
1891__2400_2477,40,t_8_16,154.0,0.0,0.0,6.0,0.9588001402578676,0.7730982718652375,0.85888,0,1,stable
1891__2400_2477,41,t_8_16,120.0,0.0,0.0,2.0,0.7569776211838827,0.7145527741317554,0.85888,0,0,stable
1891__2400_2477,42,t_8_16,140.0,0.0,0.0,2.0,0.9785711573041853,0.8701406414778166,0.85888,0,1,stable
1891__2400_2477,43,t_8_16,224.0,0.0,0.0,5.0,0.9341075131214107,0.5956611376496533,0.85888,0,0,stable
1891__2400_2477,44,t_8_16,224.0,0.0,0.0,2.0,0.9988921586262027,0.8785006249999997,0.85888,0,1,stable
1891__2400_2477,45,t_8_16,192.0,0.0,0.0,3.0,0.8245550165605012,0.9532368821080391,0.85888,0,1,stable
1891__2400_2477,46,t_8_16,140.0,0.0,0.0,2.0,0.7288193379617417,0.8524421453923514,0.85888,0,1,stable
1891__2400_2477,47,t_8_16,160.0,0.0,0.0,2.0,0.9531072338384705,0.7734293195837633,0.85888,0,1,stable
1891__2400_2477,48,t_8_16,140.0,0.0,0.0,5.0,0.9828130428661231,0.9082482376525429,0.85888,0,1,stable
1891__2400_2477,49,t_8_16,81.0,0.0,0.0,1.0,,0.5543746745656242,0.85888,0,0,stable
1891__2400_2477,50,t_8_16,164.99908447265625,0.0,0.0,2.0,0.9929072923433355,0.7472256101686061,0.85888,0,0,stable
1891__2400_2477,51,t_8_16,154.0,0.25,0.0,2.0,0.9487502469457837,0.4529468452959328,0.85888,1,0,mild
1891__2586_1200,0,s_16_32,320.0,0.0,0.0,7.0,0.9926915849603167,0.8436872206672805,0.89483,0,1,stable
1891__2586_1200,1,t_8_16,252.0,0.0,0.0,4.0,0.9974324692209198,0.8912517071498293,0.89483,0,1,stable
1891__2586_1200,2,t_8_16,240.0,0.0,0.0,5.0,0.9976387756917945,0.8112099755371563,0.89483,0,1,stable
1891__2586_1200,3,t_8_16,192.0,0.0,0.0,2.0,0.9368581871293211,0.8168742529241623,0.89483,0,1,stable
1891__2586_1200,4,t_8_16,224.0,0.0,0.0,2.0,0.9993627075627127,0.8991656600799336,0.89483,0,1,stable
1891__2586_1200,5,t_8_16,252.0,0.0,0.0,5.0,0.19348420706839062,0.815328117365111,0.89483,0,1,stable
1891__2586_1200,6,t_8_16,216.0,0.0,0.0,3.0,0.9923022302222331,0.8446997525407647,0.89483,0,1,stable
1891__2586_1200,7,t_8_16,192.0,0.0,0.0,4.0,0.9865660099577448,0.888337099944327,0.89483,0,1,stable
1891__2586_1200,8,t_8_16,252.0,0.0,0.0,6.0,0.9971718792548087,0.7891220527060989,0.89483,0,1,stable
1891__2586_1200,9,t_8_16,252.0,0.0,0.0,6.0,0.9931528457957697,0.6747365199972952,0.89483,0,0,stable
1891__2586_1200,10,t_8_16,216.0,0.0,0.0,5.0,0.9932749869701858,0.8254395327938873,0.89483,0,1,stable
1891__2586_1200,11,t_8_16,216.0,0.25,0.0,5.0,0.9797981377896975,0.7340184842103049,0.89483,0,0,mild
1891__2586_1200,12,s_16_32,280.0,0.0,0.0,5.0,0.9959055319024395,0.8315068581520082,0.89483,0,1,stable
1891__2586_1200,13,s_16_32,308.0,0.0,0.0,6.0,0.9974063983581123,0.8310129839215108,0.89483,0,1,stable
1891__2586_1200,14,t_8_16,224.0,0.0,0.0,3.0,0.9837117615811417,0.8295787249798892,0.89483,0,1,stable
1891__2586_1200,15,t_8_16,216.0,0.0,0.0,4.0,0.9977438358239297,0.8653086349938421,0.89483,0,1,stable
1891__2586_1200,16,t_8_16,224.0,0.0,0.0,4.0,0.9054863868994818,0.773412065152654,0.89483,0,1,stable
1891__2586_1200,17,s_16_32,320.0,0.0,0.0,4.0,0.9945701199267651,0.8576203666185009,0.89483,0,1,stable
1891__2586_1200,18,t_8_16,196.0,0.0,0.0,5.0,0.9983153974507829,0.8623517718070524,0.89483,0,1,stable
1891__2586_1200,19,t_8_16,168.0,0.0,0.0,4.0,0.9757198316290461,0.7768887659282628,0.89483,0,1,stable
1891__2586_1200,20,t_8_16,224.0,0.0,0.0,5.0,0.9842560837841124,0.8236602089877234,0.89483,0,1,stable
1891__2586_1200,21,t_8_16,196.0,0.0,0.0,4.0,0.9788233064556572,0.8081501204213097,0.89483,0,1,stable
1891__2586_1200,22,s_16_32,780.0,0.0,0.0,10.0,0.9973015954695331,0.9162755956231877,0.89483,0,1,stable
1891__2586_1200,23,t_8_16,143.999267578125,0.0,0.0,4.0,0.9409147339458366,0.7557433661791995,0.89483,0,1,stable
1891__2586_1200,24,t_8_16,224.0,0.0,0.0,5.0,0.9905057141084932,0.9479861534169147,0.89483,0,1,stable
1891__2586_1200,25,t_8_16,170.0,0.0,0.0,3.0,0.9935002452180892,0.7798053138970741,0.89483,0,1,stable
1891__2586_1200,26,t_8_16,84.0,0.0,0.0,2.0,0.9718392021327479,0.5109318554004942,0.89483,0,0,stable
18bfe8b16,0,t_8_16,221.0,0.0,0.0,3.0,0.9924069744039901,0.7113350070231284,0.83907,0,0,stable
18bfe8b16,1,t_8_16,170.0,0.25,0.0,5.0,0.9274902092722561,0.6494104538951457,0.83907,0,0,mild
18bfe8b16,2,t_8_16,96.0,0.0,0.0,1.0,,0.7663370918245918,0.83907,0,1,stable
18bfe8b16,3,t_8_16,135.0,0.0,0.0,2.0,0.9446720920916161,0.619542768844662,0.83907,0,0,stable
18cdb26a2,0,t_8_16,143.0,0.0,0.0,4.0,0.24502317848451516,0.9658166713286749,0.74174,0,1,stable
1945__600_2400,0,t_8_16,240.0,0.0,0.0,3.0,0.9900272315244738,0.806396290317246,0.86517,0,1,stable
1945__600_2400,2,t_8_16,200.0,0.0,0.0,3.0,0.9904547813956487,0.6714308580343178,0.86517,0,0,stable
1945__600_2400,3,t_8_16,220.0,0.0,0.0,4.0,0.6713882049461858,0.8891765233142787,0.86517,0,1,stable
1945__600_2400,4,s_16_32,312.0,0.0,0.0,5.0,0.9978077172521247,0.6190617615113773,0.86517,0,0,stable
1945__600_2400,5,s_16_32,260.0,0.0,0.0,3.0,0.9952699250573527,0.7799867750929972,0.86517,0,1,stable
1945__600_2400,6,t_8_16,240.0,0.0,0.0,5.0,0.982310675063471,0.8253910674653553,0.86517,0,1,stable
1945__600_2400,7,t_8_16,180.0,0.0,0.0,2.0,0.9897196201488138,0.48716436864667084,0.86517,1,0,stable
1945__600_2400,8,t_8_16,240.0,0.0,0.0,4.0,0.932041986912218,0.8230831761079522,0.86517,0,1,stable
1945__600_2400,9,t_8_16,220.0,0.0,0.0,4.0,0.9846265276526409,0.8195626780022615,0.86517,0,1,stable
1945__600_2400,10,t_8_16,220.0,0.0,0.0,5.0,0.9796850642178759,0.7206946398409381,0.86517,0,0,stable
1945__600_2400,11,s_16_32,360.0,0.0,0.0,6.0,0.9929661774536344,0.9319597968854383,0.86517,0,1,stable
1945__600_2400,12,s_16_32,720.0,0.0,0.0,10.0,0.9884662298107982,0.9063513998440746,0.86517,0,1,stable
1945__600_2400,13,s_16_32,720.0,0.0,0.0,10.0,0.9825942634568382,0.607248866666667,0.86517,0,0,stable
1945__600_2400,14,s_16_32,308.0,0.0,0.0,6.0,0.9778585487614978,0.8350984876145473,0.86517,0,1,stable
1945__600_2400,15,s_16_32,308.0,0.0,0.0,8.0,0.9803645495411968,0.8486297327154182,0.86517,0,1,stable
1945__600_2400,16,s_16_32,312.0,0.0,0.0,5.0,0.9971406962026562,0.7873942236385416,0.86517,0,1,stable
1945__600_2400,17,s_16_32,392.0,0.0,0.0,7.0,0.9931186567633347,0.883209531977368,0.86517,0,1,stable
1945__600_2400,18,s_16_32,720.0,0.0,0.0,10.0,0.9958838496004683,0.8980371027473547,0.86517,0,1,stable
1945__600_2400,19,t_8_16,220.0,0.0,0.0,4.0,0.9982276464591896,0.7475809497049747,0.86517,0,0,stable
1945__600_2400,20,t_8_16,240.0,0.0,0.0,4.0,0.9970560173381557,0.7891477654522668,0.86517,0,1,stable
1945__600_2400,21,s_16_32,335.999267578125,0.0,0.0,5.0,0.9767485691915283,0.6852247178461555,0.86517,0,0,stable
1945__600_2400,22,s_16_32,468.0,0.0,0.0,8.0,0.9935893167874644,0.852560776594811,0.86517,0,1,stable
1945__600_2400,23,s_16_32,364.0,0.0,0.0,4.0,0.9987721272441807,0.9370221781898851,0.86517,0,1,stable
1945__600_2400,24,t_8_16,240.0,0.0,0.0,3.0,0.9979843244620961,0.6672790582506932,0.86517,0,0,stable
1945__600_2400,25,t_8_16,190.0,0.0,0.0,3.0,0.9942573560700814,0.5817879720462636,0.86517,0,0,stable
1945__600_2400,26,t_8_16,159.998779296875,0.0,0.0,3.0,0.9742703370328747,0.7529917343888575,0.86517,0,1,stable
1945__600_2400,27,s_16_32,288.0,0.0,0.0,7.0,0.8770133107078059,0.7721056959601262,0.86517,0,1,stable
1945__600_2400,28,t_8_16,176.0,0.0,0.0,2.0,0.9936022176617291,0.7157576086093934,0.86517,0,0,stable
1945__600_2400,29,s_16_32,280.0,0.0,0.0,5.0,0.9927524598443784,0.689610535714292,0.86517,0,0,stable
1945__600_2400,30,t_8_16,192.0,0.0,0.0,3.0,0.9911987042419501,0.810526748999129,0.86517,0,1,stable
1945__600_2400,31,t_8_16,192.0,0.0,0.0,4.0,0.889315348741601,0.8438582353097368,0.86517,0,1,stable
1945__600_2400,32,t_8_16,220.0,0.25,0.0,6.0,0.6944010819621883,0.841086304624841,0.86517,0,1,mild
1945__600_2400,33,t_8_16,208.0,0.25,0.25,3.0,0.9922437969356357,0.8002103809198021,0.86517,0,1,mild
1945__600_2400,34,t_8_16,176.0,0.0,0.0,3.0,0.9976387918686757,0.8856734901641776,0.86517,0,1,stable
1945__600_2400,35,t_8_16,240.0,0.0,0.0,3.0,0.9501225249649278,0.6172249208028014,0.86517,0,0,stable
1945__600_2400,36,t_8_16,160.0,0.0,0.0,3.0,0.9853623344312848,0.804339762908689,0.86517,0,1,stable
1945__600_2400,37,t_8_16,160.0,0.5,0.5,1.0,,0.8367608855580144,0.86517,0,1,mild
1945__600_2400,38,s_16_32,335.99853515625,0.0,0.0,4.0,0.995255792284206,0.6580320535714262,0.86517,0,0,stable
1945__600_2400,39,t_8_16,160.0,0.0,0.0,3.0,0.9926259639017156,0.6811009571058944,0.86517,0,0,stable
1945__600_2400,40,t_8_16,240.0,0.0,0.0,5.0,0.9906347462792718,0.8504702666666737,0.86517,0,1,stable
1945__600_2400,41,t_8_16,160.0,0.5,0.5,0.0,,0.8523723210457365,0.86517,0,1,mild
1945__600_2400,42,t_8_16,176.0,0.0,0.0,3.0,0.9779030102989261,0.8673716730950191,0.86517,0,1,stable
1945__600_2400,43,t_8_16,120.0,0.0,0.0,3.0,0.2812205620984053,0.7399054546545201,0.86517,0,0,stable
1945__600_2400,44,t_8_16,252.0,0.0,0.0,4.0,0.9969687385316879,0.8323935803739408,0.86517,0,1,stable
1945__600_2400,45,s_16_32,320.0,0.0,0.0,6.0,0.9846261814266112,0.9039554397483996,0.86517,0,1,stable
1945__600_2400,46,s_16_32,288.0,0.0,0.0,4.0,0.994724227514308,0.9119829858469886,0.86517,0,1,stable
1945__600_2400,47,s_16_32,360.0,0.0,0.0,5.0,0.9942928099510253,0.822879176582092,0.86517,0,1,stable
1945__600_2400,48,t_8_16,196.0,0.0,0.0,3.0,0.9922472838199368,0.6864097007901591,0.86517,0,0,stable
1945__600_2400,49,t_8_16,252.0,0.0,0.0,3.0,0.9940295685261757,0.8689229992506295,0.86517,0,1,stable
1945__600_2400,50,s_16_32,288.0,0.0,0.0,3.0,0.950257559900159,0.8286571192128049,0.86517,0,1,stable
1945__600_2400,51,t_8_16,192.0,0.25,0.25,2.0,0.9810074202762737,0.838150152820765,0.86517,0,1,mild
1945__600_2400,52,t_8_16,192.0,0.5,0.25,4.0,0.45763178906201435,0.8808915007192097,0.86517,0,1,mild
1945__600_2400,53,t_8_16,192.0,0.25,0.25,2.0,0.9941496994597148,0.7982902044245248,0.86517,0,1,mild
1945__600_2400,54,t_8_16,220.0,0.0,0.0,5.0,0.818923685820673,0.7472919351943109,0.86517,0,0,stable
1945__600_2400,55,t_8_16,192.0,0.25,0.25,4.0,0.9792907846327689,0.9180053937164347,0.86517,0,1,mild
1945__600_2400,56,s_16_32,336.0,0.0,0.0,6.0,0.9953541870342991,0.8352401261204715,0.86517,0,1,stable
1945__600_2400,57,t_8_16,224.0,0.0,0.0,5.0,0.9949519940976207,0.9208811339341956,0.86517,0,1,stable
1945__600_2400,58,t_8_16,176.0,0.0,0.0,3.0,0.9950491835556788,0.6870182160465338,0.86517,0,0,stable
1945__600_2400,59,t_8_16,192.0,0.25,0.25,5.0,0.9322258667536618,0.6584319812709881,0.86517,0,0,mild
1945__600_2400,60,s_16_32,312.000732421875,0.0,0.0,3.0,0.9986346062277317,0.8572887756515724,0.86517,0,1,stable
1945__600_2400,61,s_16_32,260.0,0.0,0.0,5.0,0.7420955881076311,0.8455010577979951,0.86517,0,1,stable
1945__600_2400,62,s_16_32,312.000732421875,0.0,0.0,9.0,0.9141182712467003,0.8157943369889273,0.86517,0,1,stable
1945__600_2400,63,s_16_32,300.0,0.0,0.0,3.0,0.997040968770459,0.726419113603231,0.86517,0,0,stable
1945__600_2400,64,s_16_32,288.0,0.0,0.0,5.0,0.8991964536925164,0.905269538194444,0.86517,0,1,stable
1945__600_2400,65,t_8_16,200.0,0.0,0.0,2.0,0.9977646844489534,0.8129502288578869,0.86517,0,1,stable
1945__600_2400,66,t_8_16,192.0,0.0,0.0,5.0,0.9605268431712015,0.7430437891228374,0.86517,0,0,stable
1945__600_2400,67,t_8_16,200.0,0.0,0.0,4.0,0.9442373380713375,0.7628492402211633,0.86517,0,1,stable
1945__600_2400,68,s_16_32,280.0,0.0,0.0,5.0,0.9789262096761857,0.6603070178571393,0.86517,0,0,stable
1945__600_2400,69,t_8_16,192.0,0.0,0.0,4.0,0.9927391333870074,0.815090557284414,0.86517,0,1,stable
1945__600_2400,71,s_16_32,336.0,0.0,0.0,6.0,0.9391315897248455,0.8789455867388706,0.86517,0,1,stable
1945__600_2400,72,s_16_32,528.0,0.0,0.0,8.0,0.9979411429035354,0.9607022297374647,0.86517,0,1,stable
1945__600_2400,73,t_8_16,120.0,0.0,0.0,4.0,0.9930746145471046,0.7593576113259708,0.86517,0,1,stable
1945__600_2400,74,t_8_16,120.0,0.0,0.0,8.0,0.9583145410098428,0.7390189717908903,0.86517,0,0,stable
1945__600_2400,75,s_16_32,480.0,0.0,0.0,10.0,0.915112057143356,0.6249847924283948,0.86517,0,0,stable
1945__600_2400,76,s_16_32,312.0,0.0,0.0,6.0,0.9638681557332559,0.7601689013131672,0.86517,0,1,stable
1945__600_2400,77,s_16_32,311.9984130859375,0.0,0.0,5.0,0.9976000007382165,0.8081321421336141,0.86517,0,1,stable
1945__600_2400,78,t_8_16,181.99978637695312,0.0,0.0,3.0,0.685469746878464,0.0,0.86517,1,0,stable
1945__600_2400,79,t_8_16,208.0,0.0,0.0,5.0,0.704909217857088,0.0,0.86517,1,0,stable
1945__600_2400,80,t_8_16,209.0,0.0,0.0,3.0,0.9710463144645982,0.688518988454918,0.86517,0,0,stable
1945__600_2400,81,t_8_16,162.0,0.0,0.0,2.0,0.9983302653957631,0.7134545218245141,0.86517,0,0,stable
1945__600_2400,82,t_8_16,198.0,0.0,0.0,4.0,0.9883503112305595,0.7938069132400422,0.86517,0,1,stable
1945__600_2400,83,t_8_16,144.0,0.0,0.0,3.0,0.8975395315900646,0.5772312556200175,0.86517,0,0,stable
1945__600_2400,84,t_8_16,136.0,0.0,0.0,3.0,0.9742094811861213,0.8573858206274144,0.86517,0,1,stable
1980__0_1800,0,t_8_16,220.0,0.0,0.0,4.0,0.9977605913915081,0.7851772628342496,0.83468,0,1,stable
1980__0_1800,1,t_8_16,220.0,0.0,0.0,4.0,0.9754329647171407,0.6125563731819365,0.83468,0,0,stable
1980__0_1800,2,t_8_16,160.0,0.25,0.25,4.0,0.99351904080433,0.8400648296930532,0.83468,0,1,mild
1980__0_1800,3,t_8_16,219.99969482421875,0.0,0.0,2.0,0.999153678548718,0.87658125290723,0.83468,0,1,stable
1980__0_1800,4,t_8_16,200.0,0.0,0.0,3.0,0.9932135171181902,0.8400125232062724,0.83468,0,1,stable
1980__0_1800,5,t_8_16,220.0,0.25,0.0,4.0,0.953145661356127,0.6863684746981505,0.83468,0,0,mild
1980__0_1800,6,t_8_16,219.99932861328125,0.0,0.0,4.0,0.99679808498075,0.8432443662227815,0.83468,0,1,stable
1980__0_1800,7,t_8_16,192.0,0.0,0.0,5.0,0.9986475155740139,0.8154295622681403,0.83468,0,1,stable
1980__0_1800,8,t_8_16,176.0,0.0,0.0,3.0,0.9982559531443205,0.678052497784427,0.83468,0,0,stable
1980__0_1800,9,t_8_16,200.0,0.0,0.0,4.0,0.9974957811144475,0.8597556851801008,0.83468,0,1,stable
1980__0_1800,10,t_8_16,199.9993896484375,0.0,0.0,3.0,0.9898531413053617,0.7545913196633248,0.83468,0,1,stable
1980__0_1800,11,s_16_32,312.0,0.0,0.0,6.0,0.9925707933624621,0.8352429154391339,0.83468,0,1,stable
1980__0_1800,12,s_16_32,312.0,0.0,0.0,7.0,0.967262317934863,0.8445271278139235,0.83468,0,1,stable
1980__0_1800,13,s_16_32,312.0,0.0,0.0,3.0,0.9966527078658667,0.6835108141025606,0.83468,0,0,stable
1980__0_1800,14,t_8_16,220.0,0.0,0.0,3.0,0.9874612082592256,0.6130067268507666,0.83468,0,0,stable
1980__0_1800,15,t_8_16,176.0,0.0,0.0,4.0,0.998393298360947,0.8101488352341909,0.83468,0,1,stable
1980__0_1800,16,s_16_32,260.0,0.0,0.0,4.0,0.9866144631220148,0.8609067139926907,0.83468,0,1,stable
1980__0_1800,17,t_8_16,220.0,0.0,0.0,5.0,0.9961098969386472,0.9102927253594375,0.83468,0,1,stable
1980__0_1800,18,t_8_16,169.00039672851562,0.0,0.0,3.0,0.9296123600282679,0.7290010764946526,0.83468,0,0,stable
1980__0_1800,19,t_8_16,240.0,0.0,0.0,3.0,0.9950727468488462,0.7127807225036144,0.83468,0,0,stable
1980__0_1800,20,t_8_16,135.0,0.0,0.0,2.0,0.9871779880446616,0.5794646731551978,0.83468,0,0,stable
1980__0_1800,21,t_8_16,152.0,0.0,0.0,4.0,0.9720429595311136,0.7657237544354549,0.83468,0,1,stable
1980__0_1800,22,t_8_16,221.0,0.0,0.0,3.0,0.9965489673038481,0.7805156860942492,0.83468,0,1,stable
1980__0_1800,23,t_8_16,126.0,0.0,0.0,2.0,0.9596149960209998,0.7584689329172102,0.83468,0,1,stable
1980__0_1800,24,t_8_16,196.0,0.0,0.0,3.0,0.8867139870109193,0.638312860488888,0.83468,0,0,stable
1980__0_1800,25,t_8_16,143.0,0.25,0.0,2.0,0.9824754210675823,0.4646843310077896,0.83468,1,0,mild
1980__4200_1800,0,s_16_32,359.99908447265625,0.0,0.0,5.0,0.9990697324887224,0.8079792797448142,0.9069,0,1,stable
1980__4200_1800,1,t_8_16,239.999267578125,0.0,0.0,3.0,0.9976116140040898,0.9127275893415279,0.9069,0,1,stable
1980__4200_1800,2,t_8_16,219.99932861328125,0.0,0.0,3.0,0.9752133646582878,0.8089433646752591,0.9069,0,1,stable
1980__4200_1800,3,s_16_32,288.0,0.0,0.0,4.0,0.9924465975111023,0.7999432548064813,0.9069,0,1,stable
1980__4200_1800,4,t_8_16,240.0,0.0,0.0,4.0,0.9945803558432573,0.9246337883295044,0.9069,0,1,stable
1980__4200_1800,5,s_16_32,264.0,0.0,0.0,4.0,0.9972172578881935,0.7507505830544233,0.9069,0,1,stable
1980__4200_1800,6,s_16_32,320.0,0.0,0.0,5.0,0.7487823279459891,0.7553754252009416,0.9069,0,1,stable
1980__4200_1800,7,t_8_16,144.0,0.0,0.0,2.0,0.9955312722620191,0.7230860589911683,0.9069,0,0,stable
1980__4200_1800,8,s_16_32,280.0,0.25,0.0,9.0,0.9170986659554491,0.8573665757388188,0.9069,0,1,mild
1980__4200_1800,9,t_8_16,240.0,0.0,0.0,3.0,0.995079659457953,0.6962464224416126,0.9069,0,0,stable
1980__4200_1800,10,s_16_32,576.0,0.0,0.0,10.0,0.9521778755463818,0.7413157889705181,0.9069,0,0,stable
1980__4200_1800,11,t_8_16,159.9993896484375,0.0,0.0,7.0,0.9988475818063626,0.8533058251784608,0.9069,0,1,stable
1980__4200_1800,12,t_8_16,240.0,0.0,0.0,3.0,0.9952723894021638,0.8581143306035033,0.9069,0,1,stable
1980__4200_1800,13,t_8_16,240.0,0.25,0.0,3.0,0.9962782686229329,0.834332679715163,0.9069,0,1,mild
1980__4200_1800,14,t_8_16,160.0,0.5,0.5,0.0,,0.7413188699303641,0.9069,0,0,mild
1980__4200_1800,15,t_8_16,240.0,0.0,0.0,3.0,0.9974873047720682,0.744846971303981,0.9069,0,0,stable
1980__4200_1800,16,t_8_16,192.0,0.0,0.0,4.0,0.9950028560111368,0.785376682072678,0.9069,0,1,stable
1980__4200_1800,17,t_8_16,144.0,0.0,0.0,3.0,0.9717503980519722,0.621378798782611,0.9069,0,0,stable
1980__4200_1800,18,s_16_32,256.0,0.0,0.0,3.0,0.995064936807552,0.8392411793734993,0.9069,0,1,stable
1980__4200_1800,19,t_8_16,144.0,0.0,0.0,3.0,0.9865045866508148,0.4998742885591258,0.9069,1,0,stable
1980__4200_1800,20,t_8_16,223.9990234375,0.0,0.0,5.0,0.9690302003471258,0.9316611174678526,0.9069,0,1,stable
1980__4200_1800,21,t_8_16,168.0,0.0,0.0,2.0,0.9961366631076937,0.6601126964638462,0.9069,0,0,stable
1980__4200_1800,22,t_8_16,140.0,0.0,0.0,2.0,0.9841176294612283,0.5887897658514316,0.9069,0,0,stable
1980__4200_1800,23,t_8_16,120.000732421875,0.0,0.0,5.0,0.9784460926707818,0.5981526921424585,0.9069,0,0,stable
1980__4200_1800,24,t_8_16,215.9989013671875,0.0,0.0,4.0,0.9634451462841401,0.7739941327191302,0.9069,0,1,stable
1980__4200_1800,25,t_8_16,224.0,0.0,0.0,4.0,0.9879835879838009,0.7457640642121819,0.9069,0,0,stable
1980__4200_1800,26,t_8_16,223.99957275390625,0.0,0.0,4.0,0.9915543185932926,0.7977743168758555,0.9069,0,1,stable
1980__4200_1800,27,t_8_16,195.99957275390625,0.0,0.0,3.0,0.9893759683435855,0.7841248008449251,0.9069,0,1,stable
1980__4200_1800,28,t_8_16,223.99951171875,0.0,0.0,5.0,0.9869394512535145,0.8145320604950064,0.9069,0,1,stable
1980__4200_1800,29,s_16_32,280.0,0.25,0.0,10.0,0.9363849544142867,0.8274227676455199,0.9069,0,1,mild
1980__4200_1800,30,t_8_16,192.0,0.0,0.0,3.0,0.99835110666383,0.7406808209279653,0.9069,0,0,stable
1980__4200_1800,31,t_8_16,119.9996337890625,0.0,0.0,6.0,0.99705509582571,0.5342826086790042,0.9069,0,0,stable
1980__4200_1800,32,t_8_16,160.0,0.5,0.5,1.0,,0.658778241895284,0.9069,0,0,mild
1980__4200_1800,33,t_8_16,220.0,0.0,0.0,4.0,0.9844203319801084,0.7879060025981843,0.9069,0,1,stable
1980__4200_1800,34,s_16_32,503.99835205078125,0.0,0.0,10.0,0.9965122173476866,0.7978096973480231,0.9069,0,1,stable
1980__4200_1800,35,s_16_32,900.0,0.0,0.0,10.0,0.46050141518963666,0.9115145776633982,0.9069,0,1,stable
1980__4200_1800,36,t_8_16,208.0,0.0,0.0,4.0,0.9935472495937991,0.7301722999594249,0.9069,0,0,stable
1980__4200_1800,37,t_8_16,240.0,0.0,0.0,3.0,0.9961048345262081,0.8427095076817898,0.9069,0,1,stable
1980__4200_1800,38,t_8_16,176.0,0.0,0.0,3.0,0.9988316293619109,0.8318331226982706,0.9069,0,1,stable
1980__4200_1800,39,t_8_16,220.0,0.0,0.0,2.0,0.9649850901555995,0.8984485802786863,0.9069,0,1,stable
1980__4200_1800,40,s_16_32,308.0,0.0,0.0,5.0,0.8352392690077247,0.5237691233640023,0.9069,0,0,stable
1980__4200_1800,41,t_8_16,195.99957275390625,0.0,0.0,4.0,0.6499956867022452,0.7609620386735467,0.9069,0,1,stable
1980__4200_1800,42,s_16_32,264.0,0.0,0.0,3.0,0.9935780292956912,0.8134979279863663,0.9069,0,1,stable
1980__4200_1800,43,t_8_16,240.0,0.0,0.0,4.0,0.9982108706573306,0.8778243441112668,0.9069,0,1,stable
1980__4200_1800,44,t_8_16,220.0,0.0,0.0,3.0,0.9988587653587173,0.747659603970492,0.9069,0,0,stable
1980__4200_1800,45,t_8_16,220.0006103515625,0.0,0.0,4.0,0.9879436176331796,0.7572584696069778,0.9069,0,1,stable
1980__4200_1800,46,s_16_32,308.0,0.0,0.0,6.0,0.8836360691256568,0.8789659740259714,0.9069,0,1,stable
1980__4200_1800,47,t_8_16,176.0,0.0,0.0,4.0,0.9873869616935781,0.7226099283669475,0.9069,0,0,stable
1980__4200_1800,48,s_16_32,264.0,0.0,0.0,3.0,0.9771730668386563,0.7605697150167184,0.9069,0,1,stable
1980__4200_1800,49,s_16_32,288.0,0.0,0.0,6.0,0.9761511218109543,0.7857324805964765,0.9069,0,1,stable
1980__4200_1800,50,s_16_32,264.0,0.0,0.0,5.0,0.9955629398579902,0.7903513769756092,0.9069,0,1,stable
1980__4200_1800,51,t_8_16,192.0,0.0,0.0,4.0,0.9777732143575805,0.7353549652021898,0.9069,0,0,stable
1980__4200_1800,52,t_8_16,176.0,0.0,0.0,4.0,0.9904243202175808,0.7507843777127952,0.9069,0,1,stable
1980__4200_1800,53,s_16_32,504.0,0.0,0.0,10.0,0.9329537709521072,0.6738097611368945,0.9069,0,0,stable
1980__4200_1800,54,t_8_16,175.9986572265625,0.25,0.0,5.0,0.6737810194975435,0.8446512035411002,0.9069,0,1,mild
1980__4200_1800,55,t_8_16,144.0,0.0,0.0,4.0,0.9889501611370052,0.6150123090104633,0.9069,0,0,stable
1980__4200_1800,56,t_8_16,200.001220703125,0.0,0.0,4.0,0.9663661801235648,0.824119732000266,0.9069,0,1,stable
1980__4200_1800,57,t_8_16,200.0,0.0,0.0,3.0,0.9857293627135342,0.5460456389560043,0.9069,0,0,stable
1980__4200_1800,58,t_8_16,220.0,0.0,0.0,4.0,0.9961030178393517,0.8219036914038794,0.9069,0,1,stable
1980__4200_1800,59,s_16_32,260.0,0.0,0.0,5.0,0.9963849058157471,0.7356129231045467,0.9069,0,0,stable
1980__4200_1800,60,t_8_16,220.0,0.0,0.0,3.0,0.9971087286175407,0.8737716181841232,0.9069,0,1,stable
1980__4200_1800,61,t_8_16,160.0,0.0,0.0,2.0,0.99261016110771,0.7444806759472212,0.9069,0,0,stable
1980__4200_1800,62,t_8_16,200.0,0.0,0.0,2.0,0.9915746867643807,0.7700927009657017,0.9069,0,1,stable
1980__4200_1800,63,s_16_32,260.0,0.0,0.0,4.0,0.9905725288620254,0.769203276389549,0.9069,0,1,stable
1980__4200_1800,64,t_8_16,120.0,0.0,0.0,2.0,0.9963963690299347,0.558002201458185,0.9069,0,0,stable
1980__4200_1800,65,s_16_32,288.0,0.0,0.0,6.0,0.9931299138466466,0.8151485963579547,0.9069,0,1,stable
1980__4200_1800,66,t_8_16,223.99992370604014,0.0,0.0,3.0,0.9546512886032522,0.6528521950979231,0.9069,0,0,stable
1980__4200_1800,67,t_8_16,252.0,0.0,0.0,4.0,0.9710854864090726,0.8437761921749836,0.9069,0,1,stable
1980__4200_1800,68,t_8_16,216.0,0.0,0.0,5.0,0.9475521177982197,0.7152534125933457,0.9069,0,0,stable
1980__4200_1800,69,t_8_16,168.0000228881836,0.0,0.0,5.0,0.9321819669322957,0.7362203775687207,0.9069,0,0,stable
1980__4200_1800,70,t_8_16,168.0,0.0,0.0,4.0,0.8814535563753161,0.8394553228181371,0.9069,0,1,stable
1980__4200_1800,71,t_8_16,191.99990844726562,0.0,0.0,5.0,0.9799794840684604,0.7132296042129825,0.9069,0,0,stable
1980__4200_1800,72,t_8_16,251.99950408923905,0.0,0.0,5.0,0.9612281296444267,0.7863126280454507,0.9069,0,1,stable
1980__4200_1800,73,t_8_16,168.0,0.0,0.0,4.0,0.9107160840116388,0.5894360723400602,0.9069,0,0,stable
1980__4200_1800,74,t_8_16,216.0,0.0,0.0,5.0,0.9098493844836796,0.8357677889032316,0.9069,0,1,stable
1980__4200_1800,75,t_8_16,159.9999237060547,0.0,0.0,6.0,0.07411712595552547,0.6951491518971803,0.9069,0,0,stable
1980__4200_1800,76,t_8_16,196.0,0.0,0.0,2.0,0.9763010221316282,0.8285864810417177,0.9069,0,1,stable
1980__4200_1800,77,t_8_16,168.0,0.0,0.0,5.0,0.9312801113977168,0.6526195059523844,0.9069,0,0,stable
1980__4200_1800,78,t_8_16,167.9999885559082,0.25,0.0,2.0,0.7598389005320205,0.5899578734448802,0.9069,0,0,mild
1980__4200_1800,79,s_16_32,288.0,0.0,0.0,5.0,0.9886892080487597,0.8171673801182389,0.9069,0,1,stable
1980__4200_1800,80,t_8_16,208.0,0.25,0.25,5.0,0.9938383530926325,0.6916040614223992,0.9069,0,0,mild
1980__4200_1800,81,t_8_16,231.0,0.0,0.0,3.0,0.9464866475449119,0.5581337393746351,0.9069,0,0,stable
1980__4200_1800,82,t_8_16,156.0,0.0,0.0,2.0,0.9907636361622696,0.6713254524618222,0.9069,0,0,stable
1980__4200_1800,83,t_8_16,207.0,0.25,0.0,4.0,0.9054074767698969,0.6837370413900263,0.9069,0,0,mild
1980__4200_1800,84,s_16_32,384.0,0.0,0.0,7.0,0.6941658615283558,0.7373961891537353,0.9069,0,0,stable
1980__4200_1800,85,t_8_16,88.0,0.0,0.0,1.0,,0.4876926342215341,0.9069,1,0,stable
1980__4200_1800,86,t_8_16,144.0,0.0,0.0,1.0,,0.5091014611410015,0.9069,0,0,stable
1980__4200_1800,87,t_8_16,131.999267578125,0.0,0.0,2.0,0.9653640682043815,0.5748459559420778,0.9069,0,0,stable
1980__4200_1800,88,t_8_16,224.99908447265625,0.0,0.0,4.0,0.9488256262745615,0.6535098387922116,0.9069,0,0,stable
1980__4200_1800,89,t_8_16,80.0,0.0,0.0,1.0,,0.3841346843811145,0.9069,1,0,stable
1980__4200_1800,90,t_8_16,110.0,0.25,0.0,2.0,0.9718274948442904,0.4564344885639818,0.9069,1,0,mild
1980__4200_1800,91,t_8_16,150.0,0.0,0.0,3.0,0.5849396489976075,0.8541353478919126,0.9069,0,1,stable
1980__4200_1800,92,s_16_32,320.0,0.0,0.0,7.0,0.9855858701052137,0.6878710488844015,0.9069,0,0,stable
1980__4200_1800,93,t_8_16,210.0,0.0,0.0,3.0,0.9949500966999161,0.7498274833651589,0.9069,0,0,stable
1980__4200_1800,94,t_8_16,160.0,0.0,0.0,3.0,0.98374916373311,0.7227693681451817,0.9069,0,0,stable
1980__4200_1800,95,s_16_32,360.0,0.0,0.0,6.0,0.9433805929003218,0.5886251201375017,0.9069,0,0,stable
1980__4200_1800,96,t_8_16,208.0,0.5,0.25,3.0,0.19175384179713847,0.33278240899451805,0.9069,1,0,mild
1980__4200_1800,97,t_8_16,228.0,0.0,0.0,5.0,0.9520504692849225,0.7636528177935178,0.9069,0,1,stable
1980__4200_1800,98,t_8_16,121.0,0.25,0.0,1.0,,0.7904228736280907,0.9069,0,1,mild
1980__600_2400,0,t_8_16,120.0,0.0,0.0,4.0,0.945773137120367,0.6248043972016359,0.82613,0,0,stable
1980__600_2400,1,s_16_32,312.0,0.0,0.0,6.0,0.9981199003037311,0.8602346218725363,0.82613,0,1,stable
1980__600_2400,2,t_8_16,176.0,0.0,0.0,2.0,0.9819042330036035,0.7845284849187683,0.82613,0,1,stable
1980__600_2400,3,t_8_16,192.0,0.25,0.25,3.0,0.9965896371557883,0.8102109866040507,0.82613,0,1,mild
1980__600_2400,4,t_8_16,239.999267578125,0.0,0.0,3.0,0.9913263604265068,0.712722275674861,0.82613,0,0,stable
1980__600_2400,5,t_8_16,176.0,0.0,0.0,2.0,0.9980831818948277,0.6349537749732225,0.82613,0,0,stable
1980__600_2400,6,s_16_32,259.99920654296875,0.25,0.0,4.0,0.8482656721421993,0.8006309090508283,0.82613,0,1,mild
1980__600_2400,7,t_8_16,192.0,0.0,0.0,4.0,0.9959583992203725,0.8574099497042372,0.82613,0,1,stable
1980__600_2400,8,s_16_32,260.0,0.0,0.0,3.0,0.9994416299434355,0.8078023133988733,0.82613,0,1,stable
1980__600_2400,9,t_8_16,180.0,0.0,0.0,3.0,0.9701023184116426,0.9172355040392428,0.82613,0,1,stable
1980__600_2400,10,t_8_16,176.0,0.5,0.5,1.0,,0.8206336808329814,0.82613,0,1,mild
1980__600_2400,11,t_8_16,120.0,0.25,0.0,4.0,0.22468291000177912,0.6110819653304479,0.82613,0,0,mild
1980__600_2400,12,s_16_32,307.99957275390625,0.0,0.0,5.0,0.9845168208232625,0.8154948581624036,0.82613,0,1,stable
1980__600_2400,13,s_16_32,288.0,0.0,0.0,7.0,0.9957686648386067,0.9047393152610058,0.82613,0,1,stable
1980__600_2400,14,t_8_16,224.0,0.0,0.0,2.0,0.9843515696600663,0.7677194214411305,0.82613,0,1,stable
1980__600_2400,15,t_8_16,196.0,0.0,0.0,3.0,0.9923922465441104,0.7436780396917537,0.82613,0,0,stable
1980__600_2400,16,t_8_16,168.0,0.0,0.0,3.0,0.9811646659926738,0.5912867796591001,0.82613,0,0,stable
1980__600_2400,17,t_8_16,168.0,0.25,0.0,2.0,0.4495210694740103,0.8022611617250202,0.82613,0,1,mild
1980__600_2400,18,t_8_16,208.0,0.0,0.0,5.0,0.9979836338941334,0.7405181990460041,0.82613,0,0,stable
1980__600_2400,19,t_8_16,252.0,0.0,0.0,7.0,0.9131664905417236,0.818196696916564,0.82613,0,1,stable
1980__600_2400,20,t_8_16,200.0,0.0,0.0,4.0,0.9970294951795226,0.8432056115456252,0.82613,0,1,stable
1980__600_2400,21,t_8_16,192.0,0.0,0.0,5.0,0.9948245392302554,0.7460532146393573,0.82613,0,0,stable
1980__600_2400,22,t_8_16,220.0,0.0,0.0,4.0,0.9972964139301808,0.8525493391241292,0.82613,0,1,stable
1980__600_2400,23,t_8_16,159.998779296875,0.0,0.0,7.0,0.8419799062159181,0.8181515070829948,0.82613,0,1,stable
1980__600_2400,24,s_16_32,256.0,0.0,0.0,5.0,0.9808422471348366,0.7299249995568053,0.82613,0,0,stable
1980__600_2400,25,s_16_32,359.99853515625,0.0,0.0,4.0,0.9887615179512546,0.6399995666666672,0.82613,0,0,stable
1980__600_2400,26,t_8_16,187.0,0.0,0.0,2.0,0.9874919696155005,0.8720026937569402,0.82613,0,1,stable
1980__600_2400,27,t_8_16,195.0,0.0,0.0,3.0,0.4443119060640795,0.5609655543022097,0.82613,0,0,stable
1980__600_2400,28,t_8_16,224.0,0.25,0.0,5.0,0.10955602520912514,0.7490817322266882,0.82613,0,0,mild
1980__600_2400,29,t_8_16,224.0,0.0,0.0,2.0,0.9936144208444749,0.5385678908651855,0.82613,0,0,stable
1980__600_2400,30,t_8_16,130.0,0.0,0.0,1.0,,0.6390419678448259,0.82613,0,0,stable
1980__600_2400,31,t_8_16,171.0,0.25,0.0,2.0,0.9549624177218207,0.7413930665489349,0.82613,0,0,mild
1980__600_2400,32,t_8_16,88.0,0.5,0.5,1.0,,0.7973710916735035,0.82613,0,1,mild
1980__600_2400,33,t_8_16,252.0,0.25,0.0,5.0,0.572227894528084,0.2647256661208777,0.82613,1,0,mild
19815,0,t_8_16,153.0,0.0,0.0,2.0,0.976621062373377,0.4522692941176461,0.40176,1,0,stable
19815,1,t_8_16,194.99920654296875,0.5,0.0,2.0,0.0492808041745082,0.5714735384615445,0.40176,0,0,mild
19815,2,t_8_16,96.0,0.0,0.0,5.0,0.9216068389615788,0.5689878137170503,0.40176,0,0,stable
19815,3,t_8_16,153.00103759765625,0.25,0.25,3.0,0.7263672539270453,0.0,0.40176,1,0,mild
1987__1800_600,0,t_8_16,239.99990844726562,0.0,0.0,4.0,0.9985337417165093,0.7904812666666644,0.85184,0,1,stable
1987__1800_600,1,t_8_16,176.0,0.0,0.0,3.0,0.9979816233182268,0.8724596075307843,0.85184,0,1,stable
1987__1800_600,2,s_16_32,260.00030517578125,0.0,0.0,5.0,0.995851388916692,0.7200014615384621,0.85184,0,0,stable
1987__1800_600,3,t_8_16,176.0,0.0,0.0,2.0,0.9900096601427727,0.8502475251255824,0.85184,0,1,stable
1987__1800_600,4,t_8_16,131.99966430664062,0.0,0.0,6.0,0.9422994014380747,0.6504148212442906,0.85184,0,0,stable
1987__1800_600,5,t_8_16,144.0,0.0,0.0,4.0,0.9886992204418441,0.7125116350515645,0.85184,0,0,stable
1987__1800_600,6,t_8_16,191.9996337890625,0.0,0.0,6.0,0.9671980050826151,0.8692824406786336,0.85184,0,1,stable
1987__1800_600,7,t_8_16,144.0,0.0,0.0,5.0,0.8829443008719852,0.6648609935795436,0.85184,0,0,stable
1987__1800_600,8,t_8_16,160.0,0.0,0.0,2.0,0.9982989001953383,0.816965030465443,0.85184,0,1,stable
1987__1800_600,9,t_8_16,180.0,0.0,0.0,3.0,0.9768705563194682,0.7037485927724033,0.85184,0,0,stable
1987__1800_600,10,t_8_16,160.0009765625,0.0,0.0,4.0,0.9833249422538779,0.7690933464027786,0.85184,0,1,stable
1987__1800_600,11,t_8_16,128.0,0.5,0.5,1.0,,0.7236551095930435,0.85184,0,0,mild
1987__1800_600,12,t_8_16,112.0,0.0,0.0,2.0,0.9460321012416516,0.6583940860597727,0.85184,0,0,stable
1987__1800_600,13,t_8_16,140.0,0.0,0.0,2.0,0.9599470877339416,0.7487897178854445,0.85184,0,0,stable
1987__1800_600,14,t_8_16,200.0,0.0,0.0,6.0,0.9730431562762015,0.8120330282107946,0.85184,0,1,stable
1987__1800_600,15,t_8_16,144.0,0.0,0.0,2.0,0.9945942295948956,0.7632361920709011,0.85184,0,1,stable
1987__1800_600,16,t_8_16,127.9998779296875,0.0,0.0,1.0,0.9999998941932072,0.576021548409107,0.85184,0,0,stable
1987__1800_600,17,t_8_16,83.99972534179688,0.5,0.0,2.0,0.21936478381181476,0.5663279851109073,0.85184,0,0,mild
1987__1800_600,18,t_8_16,120.0,0.0,0.0,4.0,0.989250539799029,0.7065667239072371,0.85184,0,0,stable
1987__1800_600,19,t_8_16,107.99990844726562,0.0,0.0,2.0,0.9602663853448291,0.6537100804146306,0.85184,0,0,stable
1987__1800_600,20,t_8_16,143.9998779296875,0.0,0.0,3.0,0.99322708790642,0.7474793567399657,0.85184,0,0,stable
1987__1800_600,21,t_8_16,140.0,0.0,0.0,3.0,0.9750924225890455,0.7593899907014929,0.85184,0,1,stable
1987__1800_600,22,t_8_16,159.9998779296875,0.0,0.0,3.0,0.9987750769048768,0.7739599642795132,0.85184,0,1,stable
1987__1800_600,23,t_8_16,128.0,0.25,0.25,2.0,0.9999996155592198,0.704292192494093,0.85184,0,0,mild
1987__1800_600,24,t_8_16,216.0,0.25,0.0,5.0,0.4958504553654968,0.7829943686442303,0.85184,0,1,mild
1987__1800_600,25,t_8_16,140.0,0.25,0.0,2.0,0.7376184664368298,0.7597992221960809,0.85184,0,1,mild
1987__1800_600,26,t_8_16,192.0,0.0,0.0,3.0,0.9898846692895814,0.8981098067805023,0.85184,0,1,stable
1987__1800_600,27,s_16_32,280.0,0.0,0.0,5.0,0.9252971278643919,0.7409187499999994,0.85184,0,0,stable
1987__1800_600,28,t_8_16,112.0,0.25,0.25,3.0,0.9798737049124604,0.6365382214376434,0.85184,0,0,mild
1987__1800_600,29,t_8_16,140.0,0.0,0.0,2.0,0.9937934395071486,0.7963198164680788,0.85184,0,1,stable
1987__1800_600,30,t_8_16,96.0,0.25,0.25,1.0,,0.7540569323352196,0.85184,0,1,mild
1987__1800_600,31,t_8_16,111.9991455078125,0.0,0.0,3.0,0.9453276066034542,0.6422155305585326,0.85184,0,0,stable
1987__1800_600,32,t_8_16,215.9989013671875,0.5,0.5,3.0,0.4584364967519076,0.794238055555557,0.85184,0,1,mild
1987__1800_600,33,t_8_16,160.0,0.0,0.0,3.0,0.9778986990577535,0.6714876060897391,0.85184,0,0,stable
1987__1800_600,34,t_8_16,180.0,0.25,0.0,5.0,0.5378023156076169,0.7085842210646786,0.85184,0,0,mild
1987__1800_600,35,t_8_16,216.0,0.0,0.0,6.0,0.9826771700963193,0.8605574212294911,0.85184,0,1,stable
1987__1800_600,36,t_8_16,192.0,0.0,0.0,3.0,0.9617465317965151,0.7629254905464794,0.85184,0,1,stable
1987__1800_600,37,t_8_16,191.9990234375,0.25,0.0,4.0,0.7536354334543396,0.9153570739535362,0.85184,0,1,mild
1987__1800_600,38,t_8_16,143.99972534179688,0.0,0.0,5.0,0.8501088337618976,0.6961747143773521,0.85184,0,0,stable
1987__1800_600,39,t_8_16,132.0,0.0,0.0,7.0,0.9671638142609829,0.643337779885868,0.85184,0,0,stable
1987__1800_600,40,t_8_16,160.0,0.25,0.25,4.0,0.37813358885771425,0.6957805176068383,0.85184,0,0,mild
1987__1800_600,41,t_8_16,176.0,0.0,0.0,4.0,0.976446405658969,0.7581670901231847,0.85184,0,1,stable
1987__1800_600,42,t_8_16,132.0,0.0,0.0,4.0,0.9807986031631025,0.7534063765094003,0.85184,0,1,stable
1987__1800_600,43,t_8_16,176.0,0.0,0.0,1.0,0.9999939107069021,0.8507890288804496,0.85184,0,1,stable
1987__1800_600,44,t_8_16,176.0,0.5,0.5,0.0,,0.6539327318344182,0.85184,0,0,mild
1987__1800_600,45,t_8_16,176.0,0.5,0.5,1.0,,0.7384448627157925,0.85184,0,0,mild
1987__1800_600,46,t_8_16,160.0,0.25,0.25,4.0,0.9809553632071709,0.8630883025642353,0.85184,0,1,mild
1987__1800_600,47,t_8_16,176.0,0.0,0.0,2.0,0.9654636973868773,0.8867945667628632,0.85184,0,1,stable
1987__1800_600,48,t_8_16,240.0,0.0,0.0,4.0,0.9907154396553034,0.6947780929400965,0.85184,0,0,stable
1987__1800_600,49,t_8_16,180.0,0.0,0.0,2.0,0.999001518098412,0.7916299498395896,0.85184,0,1,stable
1987__1800_600,50,t_8_16,160.0009765625,0.0,0.0,3.0,0.9713068298283013,0.7090994572656012,0.85184,0,0,stable
1987__1800_600,51,t_8_16,140.0,0.0,0.0,2.0,0.902644962819981,0.7640552316641183,0.85184,0,1,stable
1987__1800_600,52,t_8_16,240.0,0.0,0.0,5.0,0.8599835152805851,0.7788508071743528,0.85184,0,1,stable
1987__1800_600,53,t_8_16,216.0,0.0,0.0,4.0,0.9345581555055201,0.7270948598988625,0.85184,0,0,stable
1987__1800_600,54,t_8_16,160.0,0.0,0.0,1.0,,0.8522238300464023,0.85184,0,1,stable
1987__1800_600,55,t_8_16,216.0,0.0,0.0,3.0,0.9813658829999931,0.7485897546296231,0.85184,0,0,stable
1987__1800_600,56,t_8_16,216.0,0.0,0.0,4.0,0.9970918619079046,0.7511911203703712,0.85184,0,1,stable
1987__1800_600,57,t_8_16,180.0,0.0,0.0,4.0,0.9794337882545044,0.6802242999267749,0.85184,0,0,stable
1987__1800_600,58,t_8_16,160.0,0.0,0.0,2.0,0.9782287010258631,0.6923325474059994,0.85184,0,0,stable
1987__1800_600,59,t_8_16,180.0,0.0,0.0,2.0,0.9970814543322675,0.8529027565396289,0.85184,0,1,stable
1987__1800_600,60,t_8_16,180.0,0.0,0.0,3.0,0.9512998774012258,0.7529698299525817,0.85184,0,1,stable
1987__1800_600,61,t_8_16,112.0,0.25,0.25,3.0,0.9733061419282283,0.602962426541747,0.85184,0,0,mild
1987__1800_600,62,t_8_16,96.0,0.0,0.0,3.0,0.7471835020672916,0.5196361348872375,0.85184,0,0,stable
1987__1800_600,63,t_8_16,208.0,0.5,0.5,1.0,,0.8234517244025477,0.85184,0,1,mild
1987__1800_600,64,t_8_16,220.0,0.0,0.0,5.0,0.9903301294143783,0.7880125259986579,0.85184,0,1,stable
1987__1800_600,65,t_8_16,120.0,0.0,0.0,4.0,0.9885295559096544,0.610030549313192,0.85184,0,0,stable
1987__1800_600,66,t_8_16,192.0,0.5,0.5,2.0,0.822935268018075,0.8951614559958295,0.85184,0,1,mild
1987__1800_600,67,t_8_16,160.0,0.25,0.25,2.0,0.9468081230477425,0.7873143775251844,0.85184,0,1,mild
1987__1800_600,68,t_8_16,132.0,0.0,0.0,6.0,0.8842020884564779,0.6622584268435284,0.85184,0,0,stable
1987__1800_600,69,t_8_16,119.99992370605469,0.25,0.0,6.0,0.24508127698308887,0.7064017753761924,0.85184,0,0,mild
1987__1800_600,70,t_8_16,176.0,0.25,0.25,4.0,0.989014912819741,0.8598213527940511,0.85184,0,1,mild
1987__1800_600,71,t_8_16,176.0,0.0,0.0,4.0,0.9931771471660842,0.8065809674388761,0.85184,0,1,stable
1987__1800_600,72,t_8_16,159.99969482421875,0.0,0.0,7.0,0.9941937127261528,0.8694174507889972,0.85184,0,1,stable
1987__1800_600,73,t_8_16,132.0003662109375,0.0,0.0,3.0,0.698347165957554,0.7520111541427057,0.85184,0,1,stable
1987__1800_600,74,t_8_16,159.99951171875,0.0,0.0,3.0,0.9500722560622435,0.48126372409985,0.85184,1,0,stable
1987__1800_600,75,t_8_16,120.0,0.25,0.25,3.0,0.6975319246947563,0.5911282758999012,0.85184,0,0,mild
1987__1800_600,76,t_8_16,220.0,0.0,0.0,3.0,0.9848533844323577,0.8233936292018075,0.85184,0,1,stable
1987__1800_600,77,t_8_16,192.0,0.0,0.0,3.0,0.9956473780866938,0.8032613093490246,0.85184,0,1,stable
1987__1800_600,78,t_8_16,144.0,0.0,0.0,3.0,0.9769143580467581,0.7731064138758703,0.85184,0,1,stable
1987__1800_600,79,t_8_16,119.9996337890625,0.0,0.0,5.0,0.9947526774963439,0.6394225040597048,0.85184,0,0,stable
1987__1800_600,80,t_8_16,176.0001678466797,0.0,0.0,3.0,0.969541243786104,0.7762708199069415,0.85184,0,1,stable
1987__1800_600,81,t_8_16,200.0,0.0,0.0,3.0,0.9770424440565875,0.6808442057626078,0.85184,0,0,stable
1987__1800_600,82,t_8_16,200.0,0.0,0.0,3.0,0.9718455838545608,0.626443625824347,0.85184,0,0,stable
1987__1800_600,83,t_8_16,120.0,0.0,0.0,7.0,0.9282391676494199,0.6662940158268783,0.85184,0,0,stable
1987__1800_600,84,t_8_16,208.0,0.0,0.0,3.0,0.9692194042905159,0.6242279113357828,0.85184,0,0,stable
1987__1800_600,85,t_8_16,176.0,0.0,0.0,3.0,0.9380691049020339,0.6822611964052813,0.85184,0,0,stable
1987__1800_600,86,t_8_16,176.0,0.0,0.0,4.0,0.9791334230265063,0.7810027640177493,0.85184,0,1,stable
1987__1800_600,87,t_8_16,132.0,0.0,0.0,2.0,0.974368830851921,0.7523706126318301,0.85184,0,1,stable
1987__1800_600,88,t_8_16,176.0001678466797,0.0,0.0,5.0,0.9965352415916713,0.8902758408877173,0.85184,0,1,stable
1987__1800_600,89,t_8_16,176.0,0.0,0.0,4.0,0.9834810591130722,0.8901854654663329,0.85184,0,1,stable
1987__1800_600,90,t_8_16,160.0,0.0,0.0,2.0,0.9848959561777407,0.8824831497370847,0.85184,0,1,stable
1987__1800_600,91,t_8_16,160.0,0.25,0.25,2.0,0.7151142403245613,0.5373073239283346,0.85184,0,0,mild
1987__1800_600,92,t_8_16,132.0,0.0,0.0,4.0,0.37223468296883483,0.6718655738948061,0.85184,0,0,stable
1987__1800_600,93,t_8_16,131.99966430664062,0.0,0.0,4.0,0.891466506453711,0.7435952686291261,0.85184,0,0,stable
1987__1800_600,94,t_8_16,132.0,0.0,0.0,4.0,0.9957145711426342,0.635072736124939,0.85184,0,0,stable
1987__1800_600,95,t_8_16,160.0,0.0,0.0,3.0,0.762233598837698,0.8199332740108367,0.85184,0,1,stable
1987__1800_600,96,t_8_16,176.0,0.0,0.0,4.0,0.9485087759210311,0.8592447914616677,0.85184,0,1,stable
1987__1800_600,97,s_16_32,320.0,0.0,0.0,4.0,0.9958459433300921,0.9170246434355489,0.85184,0,1,stable
1987__1800_600,98,t_8_16,112.0,0.5,0.5,0.0,,0.8579633211209318,0.85184,0,1,mild
1987__1800_600,99,t_8_16,160.0000762939453,0.0,0.0,3.0,0.9590833474682373,0.713708408984356,0.85184,0,0,stable
1987__1800_600,100,t_8_16,160.0,0.0,0.0,2.0,0.9951180311954365,0.758652312505723,0.85184,0,1,stable
1987__1800_600,101,t_8_16,160.0,0.0,0.0,3.0,0.9920475122903328,0.8570641005820151,0.85184,0,1,stable
1987__1800_600,102,t_8_16,160.0,0.5,0.5,0.0,,0.6399011495001078,0.85184,0,0,mild
1987__1800_600,103,t_8_16,160.0,0.0,0.0,2.0,0.9745893636793668,0.8000878806506151,0.85184,0,1,stable
1987__1800_600,104,t_8_16,140.0,0.0,0.0,2.0,0.9945881922708453,0.7625882921845136,0.85184,0,1,stable
1987__1800_600,105,s_16_32,364.0,0.0,0.0,5.0,0.9919542213320054,0.8236150637869742,0.85184,0,1,stable
1987__1800_600,106,t_8_16,140.0,0.25,0.0,5.0,0.6191455414053126,0.7169446177599645,0.85184,0,0,mild
1987__1800_600,107,t_8_16,132.0003662109375,0.0,0.0,7.0,0.96039531977151,0.5296222589163265,0.85184,0,0,stable
1987__1800_600,108,t_8_16,144.0,0.0,0.0,3.0,0.917329898489017,0.7263615387454385,0.85184,0,0,stable
1987__1800_600,109,t_8_16,144.0,0.0,0.0,6.0,0.05956005461215179,0.6138842573775954,0.85184,0,0,stable
1987__1800_600,110,t_8_16,168.0,0.0,0.0,2.0,0.9957216093873046,0.799238984616197,0.85184,0,1,stable
1987__1800_600,111,t_8_16,208.00048828125,0.5,0.5,0.0,,0.5716259132100773,0.85184,0,0,mild
1987__1800_600,112,t_8_16,168.0,0.0,0.0,1.0,0.999999999029584,0.7294530013997866,0.85184,0,0,stable
1987__1800_600,113,t_8_16,140.0,0.0,0.0,2.0,0.9907514645626514,0.8375536659928791,0.85184,0,1,stable
1987__1800_600,114,t_8_16,80.0,0.5,0.5,0.0,,0.6196026413908443,0.85184,0,0,mild
1ee79129f,0,t_8_16,168.0,0.25,0.25,3.0,0.982359004026261,0.7731613886221533,0.77943,0,1,mild
2020__2400_0,0,s_16_32,319.998779296875,0.0,0.0,6.0,0.9948033587888551,0.7467183207772884,0.86259,0,0,stable
2020__2400_0,1,s_16_32,308.0,0.0,0.0,7.0,0.9602349777945852,0.7596786653857246,0.86259,0,1,stable
2020__2400_0,2,s_16_32,448.0,0.0,0.0,8.0,0.9949556854102294,0.8383534641167181,0.86259,0,1,stable
2020__2400_0,3,s_16_32,416.0,0.0,0.0,7.0,0.9970067060894757,0.6680693088996266,0.86259,0,0,stable
2020__2400_0,4,t_8_16,240.0,0.0,0.0,7.0,0.9745747775284256,0.6878079090701065,0.86259,0,0,stable
2020__2400_0,5,t_8_16,199.99984741210938,0.0,0.0,3.0,0.996484032135691,0.7328859283595649,0.86259,0,0,stable
2020__2400_0,6,t_8_16,216.0,0.0,0.0,5.0,0.9836386976498305,0.8563043710300439,0.86259,0,1,stable
2020__2400_0,7,t_8_16,216.00018310546875,0.0,0.0,5.0,0.9617366708800238,0.7302037149268364,0.86259,0,0,stable
2020__2400_0,8,t_8_16,215.99945068359375,0.0,0.0,4.0,0.9416114382200457,0.5231567907825307,0.86259,0,0,stable
2020__2400_0,9,t_8_16,180.0,0.0,0.0,2.0,0.99524037645009,0.6163272906094799,0.86259,0,0,stable
2020__2400_0,10,t_8_16,117.0,0.25,0.0,2.0,0.9919536377861724,0.43763687116523725,0.86259,1,0,mild
2020__2400_0,11,t_8_16,180.0,0.0,0.0,4.0,0.8871395712682814,0.5806645977303931,0.86259,0,0,stable
2020__2400_0,12,s_16_32,323.0,0.0,0.0,6.0,0.9587617480455025,0.6079635018683628,0.86259,0,0,stable
2021__4200_2384,0,t_8_16,192.0,0.0,0.0,4.0,0.9351594864684607,0.7076474087072088,0.85344,0,0,stable
2021__4200_2384,1,t_8_16,192.0,0.25,0.25,3.0,0.9973504472097464,0.9588356657273962,0.85344,0,1,mild
2021__4200_2384,2,t_8_16,160.0,0.0,0.0,2.0,0.9959294510303457,0.9351333485304804,0.85344,0,1,stable
2021__4200_2384,3,s_16_32,360.0,0.0,0.0,6.0,0.9709695865553037,0.8817703023514546,0.85344,0,1,stable
2021__4200_2384,4,t_8_16,120.0,0.0,0.0,2.0,0.9695308975264956,0.8343372083066112,0.85344,0,1,stable
2021__4200_2384,5,t_8_16,168.0,0.0,0.0,2.0,0.9956865434812291,0.8130051709208803,0.85344,0,1,stable
2021__4200_2384,6,t_8_16,224.0,0.0,0.0,5.0,0.9253829895156276,0.8388047416074484,0.85344,0,1,stable
2021__4200_2384,7,t_8_16,167.9991455078125,0.0,0.0,2.0,0.9725753809853496,0.7643360861337597,0.85344,0,1,stable
2021__4200_2384,8,t_8_16,168.0,0.0,0.0,3.0,0.9705764397110868,0.8306292096541704,0.85344,0,1,stable
2021__4200_2384,9,t_8_16,215.9989013671875,0.0,0.0,4.0,0.9886085741245758,0.8433751320368554,0.85344,0,1,stable
2021__4200_2384,10,t_8_16,159.999755859375,0.0,0.0,3.0,0.9946572409442179,0.864408061930989,0.85344,0,1,stable
2021__4200_2384,11,s_16_32,280.0,0.0,0.0,6.0,0.9880317172061128,0.8605165028274256,0.85344,0,1,stable
2021__4200_2384,12,t_8_16,168.0,0.0,0.0,3.0,0.9736930375038457,0.9145499308758626,0.85344,0,1,stable
2021__4200_2384,13,t_8_16,192.0,0.0,0.0,3.0,0.9969697883459547,0.9288917795300549,0.85344,0,1,stable
2021__4200_2384,14,t_8_16,140.00000953674316,0.0,0.0,2.0,0.9993032626245916,0.8566702231922094,0.85344,0,1,stable
2021__4200_2384,15,t_8_16,160.0,0.0,0.0,2.0,0.9305397916792244,0.592404553115465,0.85344,0,0,stable
2021__4200_2384,16,t_8_16,160.0,0.0,0.0,3.0,0.9931981628444688,0.8077299396168481,0.85344,0,1,stable
2021__4200_2384,17,s_16_32,308.0,0.0,0.0,7.0,0.9412116958491594,0.8664592526514772,0.85344,0,1,stable
2021__4200_2384,18,t_8_16,208.00046348565957,0.0,0.0,10.0,0.981053236518146,0.6633881561966318,0.85344,0,0,stable
2021__4200_2384,19,t_8_16,216.0,0.0,0.0,3.0,0.9943224336719443,0.884080596296906,0.85344,0,1,stable
2021__4200_2384,20,t_8_16,168.0,0.0,0.0,4.0,0.9767260922331514,0.8986886904761897,0.85344,0,1,stable
2021__4200_2384,21,t_8_16,195.9991455078125,0.0,0.0,5.0,0.9945959757468019,0.9021234582134786,0.85344,0,1,stable
2021__4200_2384,22,t_8_16,120.0,0.0,0.0,1.0,,0.9010213783188125,0.85344,0,1,stable
2021__4200_2384,23,t_8_16,167.99932861234993,0.0,0.0,4.0,0.933342860187494,0.7536948858347339,0.85344,0,1,stable
2021__4200_2384,24,t_8_16,120.0,0.0,0.0,3.0,0.9585430672675449,0.7177820692796416,0.85344,0,0,stable
2021__4200_2384,25,t_8_16,108.0,0.0,0.0,4.0,0.969231057418382,0.6345924711490907,0.85344,0,0,stable
2021__600_600,0,t_8_16,168.0,0.0,0.0,2.0,0.9668519647123788,0.8360841728169175,0.75728,0,1,stable
2064__2400_0,0,s_16_32,320.0,0.0,0.0,7.0,0.9681059387578621,0.5617025400568566,0.85769,0,0,stable
2064__2400_0,1,t_8_16,143.99945068359375,0.0,0.0,4.0,0.9836133293052376,0.670553942517762,0.85769,0,0,stable
2064__2400_0,2,t_8_16,112.0,0.5,0.5,0.0,,0.8070094008389784,0.85769,0,1,mild
2064__2400_0,3,t_8_16,200.0,0.25,0.0,2.0,0.9825587554685736,0.660367119999995,0.85769,0,0,mild
2064__2400_0,4,t_8_16,83.9996337890625,0.0,0.0,3.0,0.9812531533477359,0.5861050607974104,0.85769,0,0,stable
2064__2400_2151,0,t_8_16,170.0,0.0,0.0,3.0,0.989468773856173,0.7138544696686208,0.75889,0,0,stable
2064__2400_2151,1,t_8_16,120.0,0.0,0.0,2.0,0.9973066403274546,0.6068470744062378,0.75889,0,0,stable
2064__2400_2151,2,t_8_16,84.0,0.25,0.0,5.0,0.12022497009366413,0.5669869040199841,0.75889,0,0,mild
2064__2400_2151,3,t_8_16,80.0,0.5,0.25,2.0,0.5814530863236153,0.8911613289083389,0.75889,0,1,mild
2064__2400_2151,4,t_8_16,72.0,0.0,0.0,4.0,0.9814814676276888,0.6057479809816179,0.75889,0,0,stable
2064__2400_2151,6,t_8_16,80.0,0.25,0.25,1.0,,0.7832124561877758,0.75889,0,1,mild
2064__2400_2151,10,t_8_16,79.999755859375,0.0,0.0,1.0,,0.7772174542075154,0.75889,0,1,stable
2064__2400_2151,12,t_8_16,120.0,0.0,0.0,6.0,0.9015779117264751,0.6218799907221224,0.75889,0,0,stable
2064__2400_2151,13,t_8_16,160.0,0.5,0.5,1.0,,0.7777749077131694,0.75889,0,1,mild
2064__2400_2151,14,s_16_32,256.0,0.0,0.0,3.0,0.9748227109291419,0.8997384601518892,0.75889,0,1,stable
2064__2400_2151,15,t_8_16,72.0,0.0,0.0,3.0,0.9831184700667766,0.4727721925324567,0.75889,1,0,stable
2064__2400_2151,16,s_16_32,288.0,0.0,0.0,3.0,0.9000286073346793,0.5860203455736847,0.75889,0,0,stable
2064__2400_2151,17,t_8_16,192.0,0.0,0.0,2.0,0.9456410924585504,0.4942825685446666,0.75889,1,0,stable
2064__2400_2151,18,t_8_16,215.9989013671875,0.0,0.0,3.0,0.9665494492325517,0.6099483558166332,0.75889,0,0,stable
2064__2400_2151,19,t_8_16,200.0,0.25,0.0,4.0,0.7969481195663776,0.6037900257537911,0.75889,0,0,mild
2064__2400_2151,20,t_8_16,127.9990234375,0.0,0.0,3.0,0.9905534977814111,0.6284364686724571,0.75889,0,0,stable
2064__2400_2151,21,t_8_16,120.0,0.5,0.5,2.0,0.054375985398436674,0.546828155218291,0.75889,0,0,mild
2064__2400_2151,22,s_16_32,287.99951171875,0.0,0.0,6.0,0.986099499587371,0.5407326807319892,0.75889,0,0,stable
2064__2400_2151,23,t_8_16,140.0,0.0,0.0,2.0,0.8506801937462729,0.5676424993599567,0.75889,0,0,stable
2064__2400_2151,24,t_8_16,144.0,0.0,0.0,3.0,0.9644067214772004,0.7610217782089822,0.75889,0,1,stable
2064__2400_2151,25,t_8_16,90.0,0.0,0.0,5.0,0.7621724822917467,0.707207576739094,0.75889,0,0,stable
2064__2400_2151,26,t_8_16,117.0,0.0,0.0,2.0,0.9975498029830656,0.7458080175629592,0.75889,0,0,stable
2064__2400_2151,27,t_8_16,111.99951171875,0.25,0.25,1.0,,0.8748571144032653,0.75889,0,1,mild
2064__2400_2151,28,t_8_16,120.000732421875,0.0,0.0,2.0,0.93925001451948,0.6794972413955245,0.75889,0,0,stable
2064__2400_2151,29,t_8_16,144.0,0.0,0.0,7.0,0.7085162743361325,0.6212670560816768,0.75889,0,0,stable
2064__2400_2151,30,t_8_16,150.0,0.0,0.0,3.0,0.9829572652145969,0.5752586350521557,0.75889,0,0,stable
2064__2400_2151,31,t_8_16,176.0,0.0,0.0,3.0,0.9762012481411838,0.607505872294062,0.75889,0,0,stable
2064__2400_2151,32,t_8_16,215.9989013671875,0.0,0.0,4.0,0.9870638442877969,0.6610980416666719,0.75889,0,0,stable
2064__2400_2151,33,t_8_16,111.99951171875,0.0,0.0,2.0,0.9890753587274443,0.7623003565324497,0.75889,0,1,stable
2064__2400_2151,34,t_8_16,120.000732421875,0.0,0.0,1.0,,0.5821031561639904,0.75889,0,0,stable
2064__2400_2151,35,t_8_16,196.0,0.0,0.0,2.0,0.9825122794443051,0.49899534304756404,0.75889,1,0,stable
2064__2400_2151,36,t_8_16,195.99957275390625,0.0,0.0,6.0,0.9845550088294722,0.634720383358445,0.75889,0,0,stable
2064__2400_2151,37,t_8_16,98.0,0.0,0.0,5.0,0.9862291959681753,0.7888545095405535,0.75889,0,1,stable
2064__2400_2151,38,t_8_16,135.0,0.0,0.0,3.0,0.9842054476295707,0.6686423055854361,0.75889,0,0,stable
2064__2400_2151,39,t_8_16,135.0,0.0,0.0,3.0,0.8818766005202048,0.76333337462149,0.75889,0,1,stable
2064__2400_2151,40,t_8_16,78.00079345703125,0.0,0.0,5.0,0.8983173610313037,0.5719787065352817,0.75889,0,0,stable
2130__1200_2010,0,t_8_16,121.0,0.0,0.0,2.0,0.9784149009752847,0.7296707748667771,0.8084,0,0,stable
2130__1200_2010,1,t_8_16,120.0,0.0,0.0,2.0,0.9866776579771114,0.8013814421165208,0.8084,0,1,stable
2130__1200_2010,2,t_8_16,160.0,0.25,0.0,2.0,0.9460705795342741,0.707028276972091,0.8084,0,0,mild
2130__1200_2010,3,t_8_16,99.99969482421875,0.0,0.0,1.0,0.9999999999893533,0.834142566738572,0.8084,0,1,stable
2130__1200_2010,4,t_8_16,100.0,0.0,0.0,1.0,,0.9323595037440656,0.8084,0,1,stable
2130__1200_2010,5,t_8_16,119.99969482421875,0.0,0.0,2.0,0.8440113969394413,0.9069128013321148,0.8084,0,1,stable
2130__1200_2010,6,t_8_16,168.0,0.0,0.0,3.0,0.9765186416550244,0.6689383728040508,0.8084,0,0,stable
2130__1200_2010,7,t_8_16,120.0,0.0,0.0,2.0,0.9679884641739331,0.8159081097165556,0.8084,0,1,stable
2130__1200_2010,8,t_8_16,144.0,0.0,0.0,1.0,0.9999437072927104,0.8324629178765943,0.8084,0,1,stable
2130__1200_2010,9,t_8_16,168.0,0.0,0.0,3.0,0.978470375749379,0.7311749761904828,0.8084,0,0,stable
2130__1200_2010,10,t_8_16,144.0,0.0,0.0,2.0,0.9787363712995933,0.7929321336621056,0.8084,0,1,stable
2130__1200_2010,11,s_16_32,256.0,0.0,0.0,5.0,0.9821533909666024,0.6694169348132057,0.8084,0,0,stable
2130__1200_2010,12,t_8_16,120.0,0.0,0.0,2.0,0.8438149286322992,0.8080062755417969,0.8084,0,1,stable
2130__1200_2010,13,t_8_16,96.0,0.25,0.25,2.0,0.9849898713748637,0.6620478499647762,0.8084,0,0,mild
2130__1200_2010,14,t_8_16,80.0,0.0,0.0,1.0,,0.5956337329641295,0.8084,0,0,stable
2130__1200_2010,15,t_8_16,119.99992370605469,0.0,0.0,2.0,0.8918520695716305,0.9313415693575771,0.8084,0,1,stable
2130__1200_2010,16,t_8_16,120.0,0.0,0.0,1.0,,0.7002946536699538,0.8084,0,0,stable
2130__1200_2010,17,t_8_16,144.0,0.0,0.0,3.0,0.4691855432288597,0.6580072698793239,0.8084,0,0,stable
2130__1200_2010,18,t_8_16,144.0,0.25,0.0,3.0,0.22095456439069944,0.827541935433438,0.8084,0,1,mild
2130__1200_2010,19,t_8_16,167.999267578125,0.0,0.0,2.0,0.9858633633107369,0.7857941432979482,0.8084,0,1,stable
2130__1200_2010,20,t_8_16,120.0,0.0,0.0,1.0,,0.8037024320678557,0.8084,0,1,stable
2130__1200_2010,21,t_8_16,120.0,0.0,0.0,2.0,0.9272364746600815,0.7156981019239309,0.8084,0,0,stable
2130__1200_2010,22,t_8_16,99.99969482421875,0.25,0.0,2.0,0.7240349340386446,0.8204762651395306,0.8084,0,1,mild
2130__1200_2010,23,t_8_16,96.0,0.0,0.0,1.0,0.9999650152303827,0.8322654383182123,0.8084,0,1,stable
2130__1200_2010,24,t_8_16,224.0,0.0,0.0,5.0,0.9743984261115147,0.7893807877469134,0.8084,0,1,stable
2130__1200_2010,25,t_8_16,120.0,0.0,0.0,2.0,0.9901987347003485,0.8518117293800945,0.8084,0,1,stable
2130__1200_2010,26,t_8_16,120.0,0.0,0.0,2.0,0.9972074418494855,0.7382738351784591,0.8084,0,0,stable
2130__1200_2010,27,t_8_16,120.0,0.0,0.0,1.0,,0.7719294792245313,0.8084,0,1,stable
2130__1200_2010,28,t_8_16,144.0,0.0,0.0,2.0,0.9611469890885626,0.6914164448837639,0.8084,0,0,stable
2130__1200_2010,29,t_8_16,196.0,0.0,0.0,3.0,0.973356211731732,0.8359350155901846,0.8084,0,1,stable
2130__1200_2010,30,t_8_16,120.00012206658721,0.0,0.0,2.0,0.9937128042680334,0.7984762519282275,0.8084,0,1,stable
2130__1200_2010,31,t_8_16,167.9984130896628,0.0,0.0,2.0,0.9927312420545424,0.8011677886267162,0.8084,0,1,stable
2130__1200_2010,32,t_8_16,168.0,0.0,0.0,2.0,0.9999786433720907,0.9001641353699975,0.8084,0,1,stable
2130__1200_2010,33,t_8_16,168.0,0.0,0.0,4.0,0.8733290206324382,0.7629551336566173,0.8084,0,1,stable
2130__1200_2010,34,t_8_16,167.9991455078125,0.0,0.0,2.0,0.9971248625065559,0.772656877641149,0.8084,0,1,stable
2130__1200_2010,35,t_8_16,120.000732421875,0.0,0.0,2.0,0.981471135210959,0.8015719144254849,0.8084,0,1,stable
2130__1200_2010,36,t_8_16,168.0,0.0,0.0,2.0,0.9999852897613097,0.8059245950079307,0.8084,0,1,stable
2130__1200_2010,37,t_8_16,100.0,0.0,0.0,2.0,0.9658567306993533,0.777612088374069,0.8084,0,1,stable
2130__1200_2010,38,t_8_16,119.9993896484375,0.0,0.0,1.0,,0.7426625726897239,0.8084,0,0,stable
2130__1200_2010,39,t_8_16,144.0,0.0,0.0,2.0,0.9494774733554098,0.7377823218978521,0.8084,0,0,stable
2130__1200_2010,40,t_8_16,196.0,0.0,0.0,2.0,0.9930305738357353,0.7093211093212053,0.8084,0,0,stable
2130__1200_2010,41,t_8_16,80.0,0.0,0.0,2.0,0.9895333094425621,0.6443355431465122,0.8084,0,0,stable
2130__1200_2010,42,t_8_16,80.0,0.25,0.0,2.0,0.8742307771450389,0.6838514197388036,0.8084,0,0,mild
2130__1200_2010,43,t_8_16,80.0,0.0,0.0,1.0,,0.6414487710627322,0.8084,0,0,stable
2130__1200_2010,44,t_8_16,100.0,0.0,0.0,1.0,,0.7028249288966075,0.8084,0,0,stable
2130__1200_2010,45,t_8_16,224.0,0.0,0.0,4.0,0.9719004438224672,0.8540635312547409,0.8084,0,1,stable
2130__1200_2010,46,t_8_16,120.000732421875,0.0,0.0,3.0,0.976809165542154,0.6909751995193959,0.8084,0,0,stable
2130__1200_2010,47,t_8_16,80.000244140625,0.0,0.0,1.0,,0.6996121367803995,0.8084,0,0,stable
2130__1200_2010,48,t_8_16,100.0006103515625,0.0,0.0,2.0,0.8712739864114181,0.6173124857823028,0.8084,0,0,stable
2130__1200_2010,49,t_8_16,100.0006103515625,0.25,0.0,1.0,,0.19700573911395738,0.8084,1,0,mild
2130__1200_2010,50,t_8_16,144.0,0.25,0.0,3.0,0.35627531736281576,0.8455772175860155,0.8084,0,1,mild
2130__1200_2010,51,t_8_16,80.0,0.0,0.0,1.0,,0.5365712316014681,0.8084,0,0,stable
2130__1200_2010,52,t_8_16,100.0,0.0,0.0,1.0,,0.7064252355564287,0.8084,0,0,stable
2130__1200_2010,53,t_8_16,96.0,0.25,0.25,1.0,,0.5253174678213268,0.8084,0,0,mild
2130__1200_2010,54,t_8_16,120.000732421875,0.0,0.0,2.0,0.983296826211444,0.6649010942050964,0.8084,0,0,stable
2130__1200_2010,55,t_8_16,196.0,0.25,0.0,3.0,0.7565783790209931,0.6550187705575518,0.8084,0,0,mild
2130__1200_2010,56,t_8_16,100.0,0.0,0.0,2.0,0.9927941626485949,0.6850275569402553,0.8084,0,0,stable
2130__1200_2010,57,t_8_16,121.0,0.0,0.0,2.0,0.7810990165637909,0.6739773040537985,0.8084,0,0,stable
2130__1200_2010,58,t_8_16,119.9993896484375,0.0,0.0,2.0,0.8292081622333753,0.6290002152839399,0.8084,0,0,stable
2130__1200_2010,59,t_8_16,130.0,0.5,0.5,3.0,0.3884208183449093,0.6068592217360574,0.8084,0,0,mild
2130__1200_2010,61,t_8_16,80.0,0.0,0.0,1.0,,0.550683781644986,0.8084,0,0,stable
2130__1200_2010,62,t_8_16,132.0,0.0,0.0,1.0,,0.7341403913053585,0.8084,0,0,stable
2130__1200_2010,63,t_8_16,100.0,0.0,0.0,2.0,0.9002978211182809,0.705522225228346,0.8084,0,0,stable
2130__1200_2010,65,t_8_16,120.0,0.25,0.0,2.0,0.5249553733939764,0.8048001927304559,0.8084,0,1,mild
2130__1200_2010,67,t_8_16,132.0,0.25,0.0,3.0,0.720424436702726,0.7411412045454459,0.8084,0,0,mild
2130__1200_2010,68,t_8_16,144.0,0.0,0.0,4.0,0.64835359036101,0.7357565652775803,0.8084,0,0,stable
2130__1200_2010,69,t_8_16,119.99969482421875,0.25,0.0,3.0,0.7687466484506513,0.8905137958023599,0.8084,0,1,mild
2130__1200_2010,70,t_8_16,110.0,0.0,0.0,2.0,0.9974985919513872,0.8083204896492769,0.8084,0,1,stable
2130__1200_2010,71,t_8_16,99.99969482421875,0.0,0.0,1.0,,0.5561449692881236,0.8084,0,0,stable
2130__1200_2010,72,t_8_16,143.9996337890625,0.0,0.0,4.0,0.758363970286076,0.8205806215803242,0.8084,0,1,stable
2130__1200_2010,73,t_8_16,110.0,0.0,0.0,2.0,0.9896689228273035,0.7560805314411355,0.8084,0,1,stable
2130__1200_2010,74,t_8_16,150.0,0.25,0.0,4.0,0.655835155292257,0.6866707756254073,0.8084,0,0,mild
2130__1200_2010,75,t_8_16,143.0,0.0,0.0,3.0,0.7028931871687869,0.6832356896984059,0.8084,0,0,stable
2139__600_600,0,t_8_16,84.0,0.0,0.0,4.0,0.8147145441753106,0.7401643654809684,0.73898,0,0,stable
2139__600_600,1,t_8_16,128.0,0.0,0.0,2.0,0.9920086711428542,0.5874524503246189,0.73898,0,0,stable
2139__600_600,2,t_8_16,96.0,0.0,0.0,2.0,0.924433075763689,0.6839686253076076,0.73898,0,0,stable
2139__600_600,3,t_8_16,152.0,0.0,0.0,3.0,0.9313358800848942,0.8396262633199115,0.73898,0,1,stable
2139__600_600,4,t_8_16,128.0,0.0,0.0,2.0,0.988514940279307,0.7032184992174496,0.73898,0,0,stable
2139__600_600,5,t_8_16,135.0,0.0,0.0,1.0,,0.698894464404324,0.73898,0,0,stable
2148__1200_1200,0,t_8_16,139.99978637695312,0.0,0.0,3.0,0.9780325659312765,0.8925039163804253,0.76831,0,1,stable
2148__1200_1200,1,t_8_16,96.0,0.25,0.25,1.0,,0.7861082613158549,0.76831,0,1,mild
2148__1200_1200,2,t_8_16,96.0,0.25,0.25,1.0,,0.8728360757115469,0.76831,0,1,mild
2148__1200_1200,3,t_8_16,128.0,0.0,0.0,1.0,0.9999991470071887,0.6705174235018464,0.76831,0,0,stable
2148__1200_1200,4,t_8_16,119.9996337890625,0.0,0.0,2.0,0.7406010986932623,0.5119480971239472,0.76831,0,0,stable
2148__1200_1200,5,t_8_16,139.99969482421875,0.0,0.0,2.0,0.9724436507843005,0.7947617888082077,0.76831,0,1,stable
2148__1200_1200,6,t_8_16,120.0,0.0,0.0,2.0,0.9986242447104186,0.8525606360766991,0.76831,0,1,stable
2148__1200_1200,7,t_8_16,192.0,0.0,0.0,3.0,0.8640101758259259,0.5442465127102066,0.76831,0,0,stable
2148__1200_1200,8,t_8_16,192.0,0.0,0.0,3.0,0.8862922600463305,0.7183824999999987,0.76831,0,0,stable
2148__1200_1200,9,t_8_16,191.99981689453125,0.0,0.0,1.0,0.9966095903940301,0.6923274220276742,0.76831,0,0,stable
2148__1200_1200,10,t_8_16,112.0,0.0,0.0,2.0,0.8232654670535361,0.7198611629484349,0.76831,0,0,stable
2148__1200_1200,11,t_8_16,112.0,0.5,0.5,0.0,,0.7858257170380757,0.76831,0,1,mild
2148__1200_1200,12,t_8_16,96.0,0.0,0.0,1.0,,0.6642453081942101,0.76831,0,0,stable
2148__1200_1200,13,t_8_16,112.0,0.0,0.0,2.0,0.9657030095268876,0.8016155042579612,0.76831,0,1,stable
2148__1200_1200,14,t_8_16,96.0,0.25,0.25,0.0,,0.4278022361165853,0.76831,1,0,mild
2148__1200_1200,15,t_8_16,96.0,0.5,0.5,1.0,,0.5522882190072055,0.76831,0,0,mild
2148__1200_1200,16,t_8_16,159.99951171875,0.0,0.0,3.0,0.9846518249292934,0.8462501625181256,0.76831,0,1,stable
2148__1200_1200,17,t_8_16,112.0,0.0,0.0,2.0,0.982542788380233,0.811862808362556,0.76831,0,1,stable
2148__1200_1200,18,t_8_16,139.99969482421875,0.0,0.0,2.0,0.9858504820547582,0.8261056968256505,0.76831,0,1,stable
2148__1200_1200,19,t_8_16,168.0,0.0,0.0,3.0,0.8370733011149479,0.663061136752171,0.76831,0,0,stable
2148__1200_1200,20,t_8_16,128.0,0.0,0.0,2.0,0.9999866656705058,0.7099330125758653,0.76831,0,0,stable
2148__1200_1200,21,t_8_16,96.0,0.25,0.25,2.0,0.9853796001043195,0.9083313545425616,0.76831,0,1,mild
2148__1200_1200,22,t_8_16,112.0,0.0,0.0,2.0,0.9999929414022334,0.8360681308066397,0.76831,0,1,stable
2148__1200_1200,23,t_8_16,96.0,0.0,0.0,1.0,,0.764331312716112,0.76831,0,1,stable
2148__1200_1200,24,t_8_16,112.0,0.0,0.0,1.0,,0.13348475119350572,0.76831,1,0,stable
2148__1200_1200,25,t_8_16,112.0,0.0,0.0,2.0,0.987549299932832,0.7009598688683548,0.76831,0,0,stable
2148__1200_1200,26,t_8_16,111.99957275390625,0.0,0.0,2.0,0.9999990305743365,0.7938183618688143,0.76831,0,1,stable
2148__1200_1200,27,t_8_16,120.0,0.0,0.0,1.0,,0.7872243842463263,0.76831,0,1,stable
2148__1200_1200,28,t_8_16,80.0,0.25,0.25,2.0,0.9470260861602088,0.7411008335222753,0.76831,0,0,mild
2148__1200_1200,29,t_8_16,96.0,0.0,0.0,1.0,0.9999975373755913,0.6865688302176208,0.76831,0,0,stable
2148__1200_1200,30,t_8_16,160.0,0.0,0.0,3.0,0.912265203435271,0.7654234278325879,0.76831,0,1,stable
2148__1200_1200,31,t_8_16,140.0,0.25,0.25,1.0,0.9996172906801217,0.7356240442123454,0.76831,0,0,mild
2148__1200_1200,32,t_8_16,160.0,0.0,0.0,3.0,0.9693042925036841,0.8102368218394013,0.76831,0,1,stable
2148__1200_1200,33,t_8_16,80.0,0.25,0.25,0.0,,0.7715899603946804,0.76831,0,1,mild
2148__1200_1200,36,t_8_16,112.0,0.0,0.0,3.0,0.9519566507892859,0.880381682233732,0.76831,0,1,stable
2148__1200_1200,37,t_8_16,112.0,0.25,0.25,2.0,0.8870161290376933,0.6416286790218719,0.76831,0,0,mild
2148__1200_1200,38,t_8_16,140.0,0.0,0.0,2.0,0.8531212402413786,0.8456038692277793,0.76831,0,1,stable
2148__1200_1200,39,t_8_16,100.0,0.0,0.0,1.0,,0.7618847600671939,0.76831,0,1,stable
2148__1200_1200,40,t_8_16,96.0,0.5,0.5,1.0,0.9999082716645538,0.7215744541315902,0.76831,0,0,mild
2148__1200_1200,41,t_8_16,72.0,0.0,0.0,3.0,0.49562182671445265,0.49024241312883576,0.76831,1,0,stable
2148__1200_1200,42,t_8_16,140.0,0.0,0.0,2.0,0.9860825163734683,0.8205280981940942,0.76831,0,1,stable
2148__1200_1200,43,t_8_16,84.0,0.0,0.0,3.0,0.8845583606821988,0.5952084188934145,0.76831,0,0,stable
2148__1200_1200,44,t_8_16,96.0,0.0,0.0,1.0,,0.8256959075945514,0.76831,0,1,stable
2148__1200_1200,45,t_8_16,96.0,0.5,0.5,1.0,,0.6027906933286924,0.76831,0,0,mild
2148__1200_1200,46,t_8_16,112.0,0.25,0.25,2.0,0.9019032157270367,0.9067344220592972,0.76831,0,1,mild
2148__1200_1200,47,t_8_16,72.0,0.25,0.0,2.0,0.3603733213438621,0.013105758572216082,0.76831,1,0,mild
2148__1200_1200,48,t_8_16,96.0,0.0,0.0,1.0,,0.7486676523292236,0.76831,0,0,stable
2148__1200_1200,49,t_8_16,159.999755859375,0.0,0.0,3.0,0.9565794425649308,0.741919668196716,0.76831,0,0,stable
2148__1200_1200,50,t_8_16,119.99974060070235,0.0,0.0,2.0,0.9699845970974599,0.8716921958836796,0.76831,0,1,stable
2148__1200_1200,51,t_8_16,111.99951171875,0.25,0.25,1.0,,0.6075292852033288,0.76831,0,0,mild
2148__1200_1200,52,t_8_16,120.0,0.0,0.0,2.0,0.9951467306200249,0.8013715349331826,0.76831,0,1,stable
2148__1200_1200,53,t_8_16,119.99990844726562,0.0,0.0,1.0,,0.8272447259788038,0.76831,0,1,stable
2148__1200_1200,54,t_8_16,192.0,0.25,0.0,3.0,0.3569131348397697,0.8852325781249989,0.76831,0,1,mild
2148__1200_1200,55,t_8_16,168.0,0.0,0.0,2.0,0.6114640018359621,0.38679390992137475,0.76831,1,0,stable
2148__1200_1200,56,t_8_16,144.0,0.5,0.5,0.0,,0.16136968199750107,0.76831,1,0,mild
2148__1200_1200,57,t_8_16,140.0,0.0,0.0,3.0,0.7934681101826282,0.5921708121063791,0.76831,0,0,stable
2148__1200_1200,58,t_8_16,144.0,0.25,0.0,7.0,0.37978450854782403,0.742477905627085,0.76831,0,0,mild
2148__1200_1200,59,t_8_16,84.0,0.0,0.0,3.0,0.977176166514035,0.0,0.76831,1,0,stable
2148__1200_1200,60,t_8_16,72.0,0.0,0.0,3.0,0.9431073365763714,0.0,0.76831,1,0,stable
2148__1200_1200,61,t_8_16,84.0,0.0,0.0,2.0,0.976763847498156,0.6906681523706034,0.76831,0,0,stable
2148__1200_1200,62,t_8_16,83.9996337890625,0.0,0.0,4.0,0.9053339222032507,0.8850570601568367,0.76831,0,1,stable
2148__1200_1200,64,t_8_16,72.0,0.0,0.0,2.0,0.9636646752458863,0.6383519682460027,0.76831,0,0,stable
2148__1200_1200,66,t_8_16,84.0,0.0,0.0,5.0,0.8072349781056843,0.6969516391415572,0.76831,0,0,stable
2148__1200_1200,67,t_8_16,95.99981689453125,0.0,0.0,4.0,0.8475306078737338,0.0,0.76831,1,0,stable
2148__1200_1200,68,t_8_16,160.0,0.0,0.0,3.0,0.9478719622437591,0.7487009791990324,0.76831,0,0,stable
2148__1200_1200,69,t_8_16,143.99890136905015,0.0,0.0,1.0,,0.7476278333333333,0.76831,0,0,stable
2148__1200_1200,71,t_8_16,72.0,0.0,0.0,1.0,,0.6585293419671951,0.76831,0,0,stable
2148__1200_1200,72,t_8_16,84.0000057220459,0.0,0.0,2.0,0.8843315164236266,0.5793856087636748,0.76831,0,0,stable
2148__1200_1200,73,t_8_16,90.0,0.5,0.25,3.0,0.6962113020599112,0.13862869498319486,0.76831,1,0,mild
2148__1200_1200,74,t_8_16,167.99990844726562,0.5,0.0,4.0,0.016020377727175232,0.820185476190478,0.76831,0,1,mild
2148__1200_1200,75,t_8_16,100.0,0.0,0.0,1.0,,0.8248322002613397,0.76831,0,1,stable
2148__1200_1200,76,t_8_16,140.0,0.0,0.0,2.0,0.9427419271743356,0.7928385816195439,0.76831,0,1,stable
2148__1200_1200,77,t_8_16,192.0,0.5,0.0,3.0,0.3138217713647414,0.7908340326355818,0.76831,0,1,mild
2148__1200_1200,78,t_8_16,192.0,0.0,0.0,2.0,0.9788036742702851,0.8763309013724352,0.76831,0,1,stable
2148__1200_1200,79,t_8_16,111.99997329711914,0.0,0.0,3.0,0.8675300489971071,0.8410491373399638,0.76831,0,1,stable
2148__1200_1200,80,t_8_16,196.0,0.0,0.0,2.0,0.49803817245981513,0.85860157572043,0.76831,0,1,stable
2148__1200_1200,81,t_8_16,196.00010681152344,0.0,0.0,1.0,0.99999156219733,0.6739612806122431,0.76831,0,0,stable
2148__1200_1200,82,t_8_16,167.9991455078125,0.25,0.25,3.0,0.9999152457101469,0.45861241509432793,0.76831,1,0,mild
2148__1200_1200,83,t_8_16,119.99984741210938,0.0,0.0,3.0,0.590881545197166,0.7614295959622144,0.76831,0,1,stable
2148__1200_1200,84,t_8_16,144.0,0.25,0.0,3.0,0.5690805791976993,0.0,0.76831,1,0,mild
2148__1200_1200,85,t_8_16,168.00009155273438,0.0,0.0,3.0,0.7785580249671504,0.6337100714285724,0.76831,0,0,stable
2148__1200_1200,86,t_8_16,80.0,0.0,0.0,1.0,,0.6544203553835467,0.76831,0,0,stable
2148__1200_1200,87,t_8_16,95.9998779296875,0.0,0.0,2.0,0.8847570765874903,0.8306039124940865,0.76831,0,1,stable
2148__1200_1200,88,t_8_16,139.99986267078202,0.0,0.0,3.0,0.9851558004414679,0.7241453872920306,0.76831,0,0,stable
2148__1200_1200,89,t_8_16,64.0,0.0,0.0,0.0,,0.5266416489939992,0.76831,0,0,stable
2148__1200_1200,90,t_8_16,120.0,0.0,0.0,3.0,0.9580518085272488,0.8050605214992609,0.76831,0,1,stable
2148__1200_1200,91,t_8_16,96.0,0.0,0.0,1.0,,0.8693130850997743,0.76831,0,1,stable
2148__1200_1200,92,t_8_16,112.0,0.0,0.0,2.0,0.9864449598293563,0.8030469645355339,0.76831,0,1,stable
2148__1200_1200,93,t_8_16,196.0,0.0,0.0,3.0,0.9427007240735613,0.7126789030612253,0.76831,0,0,stable
2148__1200_1200,95,t_8_16,95.99993896484375,0.5,0.5,1.0,,0.7286003442444603,0.76831,0,0,mild
2148__1200_1200,96,t_8_16,160.0,0.25,0.0,3.0,0.9999974056345522,0.688322250000001,0.76831,0,0,mild
2148__1200_1200,97,t_8_16,143.999267578125,0.0,0.0,3.0,0.8772390984571329,0.4292712717591724,0.76831,1,0,stable
2148__1200_1200,98,t_8_16,112.0,0.25,0.25,2.0,0.9840541193811332,0.7834311584701464,0.76831,0,1,mild
2148__1200_1200,99,t_8_16,160.0,0.0,0.0,3.0,0.8845532635023977,0.6683277658178958,0.76831,0,0,stable
2148__1200_1200,100,t_8_16,64.0,0.0,0.0,4.0,0.9434735906759227,0.5768272141993966,0.76831,0,0,stable
2148__1200_1200,102,s_16_32,780.0,0.0,0.0,10.0,0.9726309754885417,0.47514380722571137,0.76831,1,0,stable
2148__1200_1200,103,t_8_16,96.0,0.0,0.0,2.0,0.9696625746841596,0.7046423533786247,0.76831,0,0,stable
2148__1200_1200,104,t_8_16,119.99969482421875,0.0,0.0,2.0,0.9231225584849296,0.7234559302840948,0.76831,0,0,stable
2148__1200_1200,105,t_8_16,120.0,0.0,0.0,1.0,,0.588378955869679,0.76831,0,0,stable
2148__1200_1200,106,t_8_16,144.0,0.25,0.0,2.0,0.9994805072225901,0.0,0.76831,1,0,mild
2148__1200_1200,107,t_8_16,120.0,0.25,0.0,3.0,0.8056070330733067,0.7014697153657347,0.76831,0,0,mild
2148__1200_1200,108,t_8_16,168.0,0.0,0.0,2.0,0.9605523425265394,0.7102111954206154,0.76831,0,0,stable
2148__1200_1200,109,t_8_16,191.9990234375,0.0,0.0,3.0,0.9315771398950975,0.8303229959987107,0.76831,0,1,stable
2148__1200_1200,110,t_8_16,140.0,0.0,0.0,1.0,,0.758709862004094,0.76831,0,1,stable
2148__1200_1200,111,t_8_16,144.0,0.0,0.0,3.0,0.9580148681736136,0.7843917823458564,0.76831,0,1,stable
2148__1200_1200,112,t_8_16,127.99951171875,0.0,0.0,5.0,0.9389176965781243,0.7480173413369018,0.76831,0,0,stable
2148__1200_1200,113,t_8_16,192.0,0.0,0.0,2.0,0.7007009142617563,0.6751966837687868,0.76831,0,0,stable
2148__1200_1200,114,t_8_16,120.000732421875,0.0,0.0,2.0,0.9700591281371054,0.8630617841765565,0.76831,0,1,stable
2148__1200_1200,115,t_8_16,144.0,0.0,0.0,2.0,0.957801195717374,0.8086347637341056,0.76831,0,1,stable
2148__1200_1200,117,t_8_16,120.0,0.0,0.0,2.0,0.9978904377564951,0.7221409268302967,0.76831,0,0,stable
2148__1200_1200,118,t_8_16,96.0,0.0,0.0,1.0,,0.6868285987208841,0.76831,0,0,stable
2148__1200_1200,119,t_8_16,144.0,0.0,0.0,3.0,0.9425507746950837,0.6986748618145824,0.76831,0,0,stable
2148__1200_1200,120,t_8_16,111.99951171875,0.0,0.0,2.0,0.9789291564639926,0.8141590366206948,0.76831,0,1,stable
2148__1200_1200,121,t_8_16,128.0,0.0,0.0,2.0,0.999999994219055,0.7252267965897382,0.76831,0,0,stable
2148__1200_1200,122,t_8_16,240.0,0.0,0.0,4.0,0.46346503355706387,0.49555104999999894,0.76831,1,0,stable
2148__1200_1200,123,t_8_16,100.0,0.0,0.0,1.0,,0.0,0.76831,1,0,stable
2148__1200_1200,124,t_8_16,120.0,0.0,0.0,2.0,0.9993449960953472,0.7302567743045967,0.76831,0,0,stable
2148__1200_1200,125,t_8_16,140.0008544921875,0.0,0.0,3.0,0.9900494060851782,0.8113290401810508,0.76831,0,1,stable
2148__1200_1200,126,t_8_16,143.999267578125,0.0,0.0,3.0,0.8156327566675006,0.6866888313195982,0.76831,0,0,stable
2148__1200_1200,127,t_8_16,112.0,0.0,0.0,1.0,0.9998924038585866,0.629963257647796,0.76831,0,0,stable
2148__1200_1200,128,t_8_16,96.0,0.0,0.0,2.0,0.9789637768517813,0.6227885346693871,0.76831,0,0,stable
2148__1200_1200,129,t_8_16,140.0,0.0,0.0,2.0,0.9870859167577257,0.7605932507876828,0.76831,0,1,stable
2148__1200_1200,130,t_8_16,96.0,0.0,0.0,2.0,0.9858371574958104,0.6097959355316164,0.76831,0,0,stable
2148__1200_1200,131,t_8_16,112.0,0.0,0.0,2.0,0.9595405753557622,0.7650512672395391,0.76831,0,1,stable
2148__1200_1200,132,t_8_16,180.0,0.25,0.0,5.0,0.6172823991481715,0.6166031321442695,0.76831,0,0,mild
2148__1200_1200,133,t_8_16,200.0,0.0,0.0,3.0,0.9677338994927552,0.6569199725459018,0.76831,0,0,stable
2148__1200_1200,134,t_8_16,140.0,0.25,0.0,3.0,0.48873147809085676,0.4762610389652358,0.76831,1,0,mild
2148__1200_1200,136,t_8_16,95.9998779296875,0.0,0.0,3.0,0.9283572545868221,0.3711041443234998,0.76831,1,0,stable
2148__1200_1200,137,t_8_16,100.0,0.0,0.0,1.0,,0.6297318047811252,0.76831,0,0,stable
2148__1200_1200,138,t_8_16,112.0,0.5,0.5,1.0,,0.6898071508611935,0.76831,0,0,mild
2148__1200_1200,139,t_8_16,112.0,0.0,0.0,2.0,0.9810117741752832,0.8105278589196009,0.76831,0,1,stable
2148__1200_1200,140,t_8_16,128.0,0.25,0.25,2.0,0.964961141550323,0.793861927620948,0.76831,0,1,mild
2148__1200_1200,141,t_8_16,168.0000228881836,0.0,0.0,3.0,0.9419737947398231,0.949331566540819,0.76831,0,1,stable
2148__1200_1200,142,t_8_16,140.0,0.25,0.25,3.0,0.9876394374714482,0.6047468211622699,0.76831,0,0,mild
2148__1200_1200,143,t_8_16,120.0,0.0,0.0,1.0,,0.7027411677796338,0.76831,0,0,stable
2148__1200_1200,145,t_8_16,84.0,0.0,0.0,2.0,0.9955602929727227,0.9056084330257279,0.76831,0,1,stable
2148__1200_1200,146,t_8_16,72.0,0.0,0.0,3.0,0.9555701972094335,0.7485680922664771,0.76831,0,0,stable
2148__1200_1200,147,t_8_16,160.00015258789062,0.0,0.0,2.0,0.6459886798313057,0.7236930829021924,0.76831,0,0,stable
2148__1200_1200,148,t_8_16,160.0,0.25,0.0,2.0,0.920624296930021,0.7460165250000006,0.76831,0,0,mild
2148__1200_1200,149,t_8_16,127.999755859375,0.0,0.0,3.0,0.37954925907243736,0.6484884953750809,0.76831,0,0,stable
2148__1200_1200,150,t_8_16,112.0,0.0,0.0,1.0,,0.7365838828874783,0.76831,0,0,stable
2148__1200_1200,151,t_8_16,95.99981689453125,0.0,0.0,3.0,0.7087176511501543,0.653237123956394,0.76831,0,0,stable
2148__1200_1200,152,t_8_16,112.0,0.0,0.0,3.0,0.9693711695084761,0.668573205910525,0.76831,0,0,stable
2148__1200_1200,153,t_8_16,96.0,0.0,0.0,1.0,,0.6761105601905635,0.76831,0,0,stable
2148__1200_1200,154,t_8_16,119.9996337890625,0.25,0.0,3.0,0.8904615765406062,0.7832457659876056,0.76831,0,1,mild
2148__1200_1200,155,t_8_16,96.0,0.25,0.25,1.0,0.9999999989139488,0.545233748259459,0.76831,0,0,mild
2148__1200_1200,156,t_8_16,196.0,0.0,0.0,5.0,0.5115568857880864,0.5988993480237383,0.76831,0,0,stable
2148__1200_1200,157,t_8_16,72.0003662109375,0.25,0.0,3.0,0.41274001767096,0.5199458717464438,0.76831,0,0,mild
2148__1200_1200,158,t_8_16,120.000732421875,0.0,0.0,1.0,0.9999999903329261,0.6585971526185735,0.76831,0,0,stable
2148__1200_1200,159,t_8_16,140.0,0.0,0.0,2.0,0.9987592116493388,0.8445972644576502,0.76831,0,1,stable
2148__1200_1200,160,t_8_16,100.0,0.25,0.0,2.0,0.9999981082329549,0.6102184191469907,0.76831,0,0,mild
2148__1200_1200,161,t_8_16,119.99992370605469,0.0,0.0,1.0,,0.8732315352469207,0.76831,0,1,stable
2148__1200_1200,162,t_8_16,120.0,0.0,0.0,3.0,0.9669547773538597,0.7196868790722069,0.76831,0,0,stable
2148__1200_1200,163,t_8_16,96.0,0.25,0.0,3.0,0.7738165810053148,0.7872379287495807,0.76831,0,1,mild
2148__1200_1200,165,t_8_16,140.0005035402719,0.25,0.0,2.0,0.8761028589163702,0.594089174182966,0.76831,0,0,mild
2148__1200_1200,166,t_8_16,72.000732421875,0.0,0.0,3.0,0.9070010963711514,0.5848080832484569,0.76831,0,0,stable
2148__1200_1200,167,t_8_16,143.999267578125,0.0,0.0,2.0,0.8979332518939238,0.7241786157665456,0.76831,0,0,stable
2148__1200_1200,168,t_8_16,160.0,0.0,0.0,3.0,0.9670693565278485,0.5711784171232988,0.76831,0,0,stable
2148__1200_1200,169,t_8_16,144.0,0.0,0.0,1.0,0.9996920701166307,0.8302929249774899,0.76831,0,1,stable
2148__1200_1200,170,t_8_16,120.0,0.0,0.0,2.0,0.9979564119475547,0.7080583240255065,0.76831,0,0,stable
2148__1200_1200,171,t_8_16,119.9993896484375,0.25,0.0,3.0,0.8664788814718631,0.7685249833969655,0.76831,0,1,mild
2148__1200_1200,172,t_8_16,96.0,0.0,0.0,1.0,,0.7111843989612985,0.76831,0,0,stable
2148__1200_1200,173,t_8_16,96.0,0.25,0.25,1.0,,0.876144917859675,0.76831,0,1,mild
2148__1200_1200,174,t_8_16,251.99923706101254,0.0,0.0,3.0,0.9710194237122013,0.5707614285714283,0.76831,0,0,stable
2148__1200_1200,175,t_8_16,120.0,0.75,0.75,2.0,0.9902129412614877,0.731388332218646,0.76831,0,0,high
2148__1200_1200,176,t_8_16,140.0008544921875,0.75,0.0,5.0,0.1115672092564429,0.4406739625837384,0.76831,1,0,high
2148__1200_1200,178,t_8_16,140.0,0.0,0.0,2.0,0.9742284054779814,0.6797881522954006,0.76831,0,0,stable
2148__1200_1200,179,t_8_16,120.0,0.5,0.5,0.0,,0.7159191077070464,0.76831,0,0,mild
2148__1200_1200,180,t_8_16,192.0,0.0,0.0,4.0,0.8873986573317638,0.7028208370298973,0.76831,0,0,stable
2148__1200_1200,181,t_8_16,143.999267578125,0.5,0.0,3.0,0.19147489989365477,0.8317106134530794,0.76831,0,1,mild
2148__1200_1200,182,t_8_16,139.99969482421875,0.0,0.0,3.0,0.9930161134913901,0.8539746401287747,0.76831,0,1,stable
2148__1200_1200,183,t_8_16,72.0,0.0,0.0,2.0,0.997694164076313,0.49359995960815645,0.76831,1,0,stable
2148__1200_1200,184,t_8_16,96.0,0.25,0.25,1.0,,0.03907072910357375,0.76831,1,0,mild
2148__1200_1200,185,t_8_16,95.99951171875,0.0,0.0,2.0,0.9166200687954277,0.6676926823691727,0.76831,0,0,stable
2148__1200_1200,186,t_8_16,79.99969482421875,0.0,0.0,2.0,0.9610459914790008,0.7323094203494661,0.76831,0,0,stable
2148__1200_1200,187,t_8_16,128.0,0.5,0.0,3.0,0.5370532933257727,0.5899177663882765,0.76831,0,0,mild
2148__1200_1200,188,t_8_16,191.9990234375,0.0,0.0,3.0,0.9424642061254985,0.7298213042607968,0.76831,0,0,stable
2148__1200_1200,189,t_8_16,180.0010986328125,0.25,0.0,2.0,0.3052627959670621,0.3385730140638989,0.76831,1,0,mild
2148__1200_1200,190,t_8_16,160.0,0.0,0.0,2.0,0.9504345386563974,0.732245312499998,0.76831,0,0,stable
2148__1200_1200,191,t_8_16,128.0,0.0,0.0,2.0,0.9999254060434404,0.7614083645724331,0.76831,0,1,stable
2148__1200_1200,193,t_8_16,120.0,0.0,0.0,2.0,0.9052066250386107,0.6478427129438368,0.76831,0,0,stable
2148__1200_1200,194,t_8_16,168.0,0.0,0.0,2.0,0.967419045842153,0.7487480220029674,0.76831,0,0,stable
2148__1200_1200,195,t_8_16,140.0,0.0,0.0,2.0,0.949349789339509,0.6151797450886032,0.76831,0,0,stable
2148__1200_1200,196,t_8_16,111.99926757719368,0.25,0.0,3.0,0.0770730522837522,0.6747305235162118,0.76831,0,0,mild
2148__1200_1200,197,t_8_16,64.0,0.0,0.0,1.0,,0.5912014660958522,0.76831,0,0,stable
2148__1200_1200,198,t_8_16,160.0,0.0,0.0,1.0,,0.7737398872196742,0.76831,0,1,stable
2148__1200_1200,199,t_8_16,192.0,0.0,0.0,3.0,0.9082765133512857,0.5515828847107997,0.76831,0,0,stable
2148__1200_1200,200,t_8_16,71.9996337890625,0.0,0.0,4.0,0.9577808536691399,0.7398889417448206,0.76831,0,0,stable
2148__1200_1200,201,t_8_16,96.0,0.0,0.0,3.0,0.75508591589051,0.6651138641558542,0.76831,0,0,stable
2148__1200_1200,202,t_8_16,96.0,0.0,0.0,2.0,0.9236958642253154,0.8066961694731141,0.76831,0,1,stable
2148__1200_1200,203,t_8_16,112.0001220703125,0.0,0.0,1.0,,0.6379288047755574,0.76831,0,0,stable
2148__1200_1200,204,t_8_16,80.0,0.25,0.25,1.0,,0.5156659462985466,0.76831,0,0,mild
2148__1200_1200,205,t_8_16,140.0,0.0,0.0,3.0,0.7305660056982225,0.567184152021489,0.76831,0,0,stable
2148__1200_1200,206,t_8_16,112.0,0.0,0.0,1.0,,0.8086020531070994,0.76831,0,1,stable
2148__1200_1200,207,s_16_32,300.0006103515625,0.0,0.0,4.0,0.984334101796431,0.5436653527969577,0.76831,0,0,stable
2148__1200_1200,208,t_8_16,225.0,0.0,0.0,2.0,0.9519489138454426,0.5908654799999995,0.76831,0,0,stable
2148__1200_1200,209,t_8_16,194.99920654296875,0.0,0.0,4.0,0.6046130695036344,0.5940696205128191,0.76831,0,0,stable
2148__1200_1200,210,t_8_16,143.00067138671875,0.0,0.0,3.0,0.6944242696377517,0.36784048304416966,0.76831,1,0,stable
2148__1200_1200,211,s_16_32,270.0,0.0,0.0,5.0,0.07558179661836717,0.5839916657144962,0.76831,0,0,stable
2148__1200_1200,212,t_8_16,110.0,0.25,0.0,2.0,0.17794819690144525,0.0,0.76831,1,0,mild
2148__1200_1200,213,t_8_16,108.0,0.0,0.0,2.0,0.9958530268395407,0.856043914308273,0.76831,0,1,stable
2148__1200_1200,214,t_8_16,96.0,0.5,0.0,2.0,0.19807115064773673,0.0,0.76831,1,0,mild
2148__1200_1200,215,t_8_16,153.9991455078125,0.0,0.0,2.0,0.9085741707942356,0.0,0.76831,1,0,stable
2148__1200_1200,216,t_8_16,110.0,0.0,0.0,2.0,0.9422002239799552,0.0,0.76831,1,0,stable
2148__1200_1200,217,t_8_16,153.9991455078125,0.0,0.0,2.0,0.994417520416874,0.0,0.76831,1,0,stable
2148__1200_1200,218,t_8_16,180.0,0.25,0.0,3.0,0.6521774479488504,0.6652490996128168,0.76831,0,0,mild
2148__1200_1200,219,t_8_16,121.0,0.0,0.0,1.0,,0.5836630319402326,0.76831,0,0,stable
2148__1200_1200,220,t_8_16,132.0,0.5,0.25,1.0,,0.6693069420308139,0.76831,0,0,mild
2148__1200_1200,221,t_8_16,221.0,0.25,0.0,5.0,0.015666910557724706,0.5106718098053141,0.76831,0,0,mild
2148__1200_1200,222,t_8_16,110.0,0.0,0.0,3.0,0.941245400732936,0.7294260449189441,0.76831,0,0,stable
2148__1200_1200,223,t_8_16,210.0,0.0,0.0,3.0,0.6722921275530951,0.0,0.76831,1,0,stable
2148__1800_600,0,s_16_32,320.0,0.0,0.0,5.0,0.8410807941564664,0.6380962218750039,0.80967,0,0,stable
2148__1800_600,1,t_8_16,168.0,0.0,0.0,2.0,0.9922694543833325,0.7645433913505006,0.80967,0,1,stable
2148__1800_600,2,t_8_16,120.0,0.0,0.0,1.0,,0.7961010156656757,0.80967,0,1,stable
2148__1800_600,3,t_8_16,119.99992370605469,0.0,0.0,1.0,,0.6397514284209955,0.80967,0,0,stable
2148__1800_600,4,t_8_16,140.0,0.0,0.0,2.0,0.9485796769910854,0.8611660456449742,0.80967,0,1,stable
2148__1800_600,5,t_8_16,96.0,0.0,0.0,1.0,,0.6026796341525963,0.80967,0,0,stable
2148__1800_600,6,t_8_16,120.0,0.0,0.0,2.0,0.9685996968868085,0.8855354566455714,0.80967,0,1,stable
2148__1800_600,7,t_8_16,96.0,0.0,0.0,1.0,,0.8883814348070255,0.80967,0,1,stable
2148__1800_600,8,t_8_16,96.0,0.0,0.0,2.0,0.8478383100301208,0.812953161081187,0.80967,0,1,stable
2148__1800_600,9,t_8_16,120.0,0.0,0.0,2.0,0.9635584621945378,0.8421482174335126,0.80967,0,1,stable
2148__1800_600,10,t_8_16,120.0,0.0,0.0,2.0,0.9967481808518127,0.7888783419664708,0.80967,0,1,stable
2148__1800_600,11,t_8_16,96.0,0.0,0.0,3.0,0.9296256165931449,0.7036436892599192,0.80967,0,0,stable
2148__1800_600,12,t_8_16,112.0,0.0,0.0,2.0,0.9662324556579902,0.7806310472441909,0.80967,0,1,stable
2148__1800_600,13,t_8_16,100.0,0.0,0.0,2.0,0.9921932630506449,0.6583252541620098,0.80967,0,0,stable
2148__1800_600,14,t_8_16,120.0,0.0,0.0,2.0,0.9979425083584104,0.7636793782244691,0.80967,0,1,stable
2148__1800_600,15,t_8_16,112.0,0.0,0.0,1.0,,0.747938355544422,0.80967,0,0,stable
2148__1800_600,16,t_8_16,80.0,0.25,0.25,1.0,,0.7206863095725989,0.80967,0,0,mild
2148__1800_600,17,t_8_16,120.0,0.0,0.0,1.0,,0.8728361660954876,0.80967,0,1,stable
2148__1800_600,18,t_8_16,96.0,0.0,0.0,2.0,0.9853627097416462,0.6812625464078177,0.80967,0,0,stable
2148__1800_600,19,t_8_16,100.0,0.0,0.0,1.0,,0.6533184682503902,0.80967,0,0,stable
2148__1800_600,20,t_8_16,140.0,0.0,0.0,3.0,0.965357773583112,0.8420356363074145,0.80967,0,1,stable
2148__1800_600,21,t_8_16,144.0,0.0,0.0,3.0,0.9034799660705568,0.8504047359573538,0.80967,0,1,stable
2148__1800_600,22,t_8_16,96.0,0.5,0.0,2.0,0.5986106625186924,0.7745973540656012,0.80967,0,1,mild
2148__1800_600,23,t_8_16,80.0,0.25,0.0,2.0,0.732930113096748,0.7087439856656236,0.80967,0,0,mild
2148__1800_600,24,t_8_16,168.0,0.0,0.0,2.0,0.7896022721353904,0.7491373809523806,0.80967,0,0,stable
2148__1800_600,25,t_8_16,96.0,0.0,0.0,1.0,,0.74075275925529,0.80967,0,0,stable
2148__1800_600,26,t_8_16,96.0,0.75,0.5,1.0,,0.7205215655105122,0.80967,0,0,high
2148__1800_600,28,t_8_16,80.0,0.75,0.75,1.0,,0.6803157362349123,0.80967,0,0,high
2148__1800_600,29,t_8_16,84.0,0.0,0.0,2.0,0.7663935447439735,0.6056805915105885,0.80967,0,0,stable
2148__1800_600,30,t_8_16,167.99945068359375,0.0,0.0,2.0,0.9906649111729174,0.8817395681225387,0.80967,0,1,stable
2148__1800_600,31,t_8_16,119.99981689453125,0.0,0.0,3.0,0.9631600392750683,0.7380238823387759,0.80967,0,0,stable
2148__1800_600,32,t_8_16,143.999267578125,0.0,0.0,5.0,0.9673503488636288,0.9141720793183267,0.80967,0,1,stable
2148__1800_600,33,t_8_16,120.0,0.0,0.0,3.0,0.9392667717667545,0.6450034655223669,0.80967,0,0,stable
2148__1800_600,34,t_8_16,144.0,0.0,0.0,3.0,0.9873467273881624,0.659827884547245,0.80967,0,0,stable
2148__1800_600,36,t_8_16,140.0,0.0,0.0,2.0,0.9932353985736023,0.6806713977042753,0.80967,0,0,stable
2148__1800_600,37,t_8_16,80.0,0.25,0.25,1.0,,0.5447162580992967,0.80967,0,0,mild
2148__1800_600,38,t_8_16,100.0,0.0,0.0,1.0,,0.6728960013996237,0.80967,0,0,stable
2148__1800_600,39,t_8_16,120.000732421875,0.0,0.0,3.0,0.9849801187627517,0.8327139152962663,0.80967,0,1,stable
2148__1800_600,41,t_8_16,144.0,0.25,0.0,2.0,0.8797412194238008,0.6778116044791822,0.80967,0,0,mild
2148__1800_600,42,t_8_16,120.0,0.25,0.0,2.0,0.9882454568118025,0.7872544825233722,0.80967,0,1,mild
2148__1800_600,43,s_16_32,431.99945068359375,0.0,0.0,8.0,0.9928349483229836,0.9208372703324395,0.80967,0,1,stable
2148__1800_600,44,t_8_16,144.0,0.25,0.25,2.0,0.09134139701548166,0.0,0.80967,1,0,mild
2148__1800_600,45,t_8_16,96.0,0.25,0.25,2.0,0.992572009810088,0.8654658245846064,0.80967,0,1,mild
2148__1800_600,46,t_8_16,112.0,0.0,0.0,2.0,0.9287826684468733,0.6503183444714954,0.80967,0,0,stable
2148__1800_600,47,s_16_32,624.0,0.0,0.0,10.0,0.9861823227150972,0.7638065489503202,0.80967,0,1,stable
2148__1800_600,48,t_8_16,140.0,0.0,0.0,3.0,0.9642560574657616,0.6918941079031323,0.80967,0,0,stable
2148__1800_600,49,t_8_16,80.0,0.5,0.25,2.0,0.08285356949502655,0.7060965053763034,0.80967,0,0,mild
2148__1800_600,50,t_8_16,144.0,0.0,0.0,2.0,0.9848604894856697,0.8159855165172349,0.80967,0,1,stable
2148__1800_600,51,t_8_16,96.0,0.25,0.25,2.0,0.7955587723581244,0.5857345789863715,0.80967,0,0,mild
2148__1800_600,52,t_8_16,120.0,0.0,0.0,3.0,0.9672895124517439,0.5779088697909682,0.80967,0,0,stable
2148__1800_600,53,t_8_16,72.0,0.0,0.0,3.0,0.4604418504069893,0.6441117921142073,0.80967,0,0,stable
2148__1800_600,54,t_8_16,144.0,0.0,0.0,1.0,0.9999999997400626,0.8324879222244017,0.80967,0,1,stable
2148__1800_600,55,t_8_16,120.0,0.0,0.0,2.0,0.8778796988682578,0.8956420000000002,0.80967,0,1,stable
2148__1800_600,56,t_8_16,84.0,0.25,0.0,2.0,0.5544559039002903,0.5966341816255265,0.80967,0,0,mild
2148__1800_600,57,t_8_16,119.99920654390007,0.0,0.0,2.0,0.9990586627336651,0.7792195366311407,0.80967,0,1,stable
2148__1800_600,58,t_8_16,100.0,0.25,0.0,3.0,0.8959385532213944,0.7839048619435097,0.80967,0,1,mild
2148__1800_600,59,t_8_16,100.0,0.0,0.0,1.0,,0.678458015310015,0.80967,0,0,stable
2148__1800_600,60,t_8_16,120.0,0.0,0.0,1.0,,0.7464540318071666,0.80967,0,0,stable
2148__1800_600,61,t_8_16,112.0,0.0,0.0,2.0,0.9917600284673386,0.6498266271114128,0.80967,0,0,stable
2148__1800_600,62,t_8_16,96.0,0.75,0.75,1.0,,0.7790654400361123,0.80967,0,1,high
2148__1800_600,63,t_8_16,112.0,0.0,0.0,1.0,,0.7874075514349093,0.80967,0,1,stable
2148__1800_600,64,t_8_16,196.0,0.0,0.0,2.0,0.9747232998548377,0.6491502450081238,0.80967,0,0,stable
2148__1800_600,65,t_8_16,139.99969482421875,0.25,0.0,5.0,0.7491817452620022,0.8783704724924849,0.80967,0,1,mild
2148__1800_600,66,t_8_16,72.0,0.25,0.25,1.0,,0.6295475397747907,0.80967,0,0,mild
2148__1800_600,67,t_8_16,144.0009765625,0.25,0.0,3.0,0.05300497333301869,0.6891447029492376,0.80967,0,0,mild
2148__1800_600,68,t_8_16,210.0,0.0,0.0,2.0,0.9997366187185224,0.7317410182908795,0.80967,0,0,stable
2148__1800_600,69,t_8_16,156.0,0.0,0.0,3.0,0.9630543452291497,0.7843053060003022,0.80967,0,1,stable
2148__1800_600,70,t_8_16,144.0,0.25,0.0,3.0,0.9337040621422469,0.5930950091876526,0.80967,0,0,mild
2148__1800_600,71,t_8_16,169.0,0.0,0.0,2.0,0.9899805651656708,0.8413451298531898,0.80967,0,1,stable
2148__1800_600,72,t_8_16,119.9993896484375,0.0,0.0,2.0,0.9986787118958662,0.6612713974198776,0.80967,0,0,stable
2148__1800_600,73,t_8_16,132.0,0.0,0.0,1.0,0.9999964762880237,0.6159183645906946,0.80967,0,0,stable
2148__1800_600,74,t_8_16,135.0,0.0,0.0,3.0,0.9734609817725987,0.6119365596393553,0.80967,0,0,stable
2148__1800_600,75,t_8_16,247.0,0.0,0.0,4.0,0.8035277285013005,0.5721989719933663,0.80967,0,0,stable
2148__1800_600,76,t_8_16,156.00027465820312,0.0,0.0,1.0,0.9995586707907435,0.7692735654787404,0.80967,0,1,stable
2148__1800_600,77,t_8_16,143.0000991821289,0.5,0.25,3.0,0.029964838057376385,0.671557489825157,0.80967,0,0,mild
2148__1800_600,78,t_8_16,89.9999828338623,0.0,0.0,1.0,,0.5126619761209797,0.80967,0,0,stable
2148__1800_600,79,t_8_16,130.00001907348633,0.0,0.0,3.0,0.9296818961711559,0.6737469981518858,0.80967,0,0,stable
2148__1800_600,80,t_8_16,143.99981689453125,0.0,0.0,2.0,0.9593569004254651,0.8065471111111111,0.80967,0,1,stable
2148__1800_600,81,t_8_16,72.0,0.0,0.0,1.0,,0.4711994363983541,0.80967,1,0,stable
2148__1800_600,82,t_8_16,169.00004959106445,0.0,0.0,2.0,0.9242159961344759,0.7324170959532721,0.80967,0,0,stable
2148__1800_600,83,t_8_16,130.0,0.0,0.0,2.0,0.9999996666676563,0.6585376288372522,0.80967,0,0,stable
2148__1800_600,84,t_8_16,81.0,0.5,0.0,1.0,,0.37735403654258926,0.80967,1,0,mild
2148__1800_600,85,t_8_16,155.9998016357422,0.0,0.0,3.0,0.9225233164180061,0.5048983882284106,0.80967,0,0,stable
2148__1800_600,86,s_16_32,288.0,0.0,0.0,3.0,0.9488354641211029,0.6455412104035803,0.80967,0,0,stable
2148__1800_600,87,t_8_16,154.0,0.0,0.0,3.0,0.9810238505423016,0.7093352922077941,0.80967,0,0,stable
2197__600_0,0,t_8_16,196.0,0.0,0.0,1.0,0.9993997473536101,0.6257253645094277,0.85401,0,0,stable
2197__600_0,1,t_8_16,144.0,0.0,0.0,3.0,0.5772163878505264,0.7727566850170722,0.85401,0,1,stable
2197__600_0,2,t_8_16,96.0,0.5,0.5,1.0,,0.680032898970594,0.85401,0,0,mild
2197__600_0,3,t_8_16,168.0,0.0,0.0,2.0,0.8689269136159218,0.7167252894873185,0.85401,0,0,stable
2197__600_0,4,t_8_16,84.0,0.0,0.0,3.0,0.991899835201171,0.7716016282888702,0.85401,0,1,stable
2197__600_0,5,t_8_16,96.0,0.0,0.0,4.0,0.9625726727897705,0.7947638052122581,0.85401,0,1,stable
2197__600_0,6,t_8_16,131.99981689453125,0.0,0.0,7.0,0.971417447819874,0.0,0.85401,1,0,stable
2197__600_0,7,t_8_16,139.99969482421875,0.0,0.0,3.0,0.9801373298546623,0.8134613223010264,0.85401,0,1,stable
2197__600_0,8,t_8_16,252.0,0.0,0.0,5.0,0.9794961994937428,0.5660243849206342,0.85401,0,0,stable
2197__600_0,9,t_8_16,84.0,0.25,0.0,4.0,0.2860987372846294,0.7638733727109993,0.85401,0,1,mild
2197__600_0,10,t_8_16,96.0,0.0,0.0,4.0,0.9700165634174357,0.3874346336055767,0.85401,1,0,stable
2197__600_0,11,t_8_16,80.00048828125,0.0,0.0,2.0,0.966762753571115,0.6753153350514378,0.85401,0,0,stable
2197__600_0,12,t_8_16,84.0,0.0,0.0,3.0,0.9975944670290244,0.768081466919604,0.85401,0,1,stable
2197__600_0,13,t_8_16,112.00000762939453,0.75,0.75,0.0,,0.7654782445826306,0.85401,0,1,high
2197__600_0,14,t_8_16,83.99994659423828,0.25,0.0,4.0,0.10851352698168584,0.7924159154125828,0.85401,0,1,mild
2197__600_0,15,t_8_16,160.0,0.25,0.0,3.0,0.7154299103141882,0.798821766537758,0.85401,0,1,mild
2197__600_0,16,t_8_16,112.0,0.5,0.5,1.0,,0.7773228675569988,0.85401,0,1,mild
2197__600_0,17,t_8_16,112.0,0.0,0.0,1.0,,0.7424927308316461,0.85401,0,0,stable
2197__600_0,18,t_8_16,95.99951171875,0.5,0.5,2.0,0.06800095391452876,0.6542308485750681,0.85401,0,0,mild
2197__600_0,19,t_8_16,100.0,0.0,0.0,1.0,,0.6385721506731158,0.85401,0,0,stable
2197__600_0,20,t_8_16,120.0,0.0,0.0,2.0,0.9760835997733052,0.6649864389934176,0.85401,0,0,stable
2197__600_0,21,t_8_16,112.0,0.0,0.0,2.0,0.9769704741237052,0.7882490066816883,0.85401,0,1,stable
2197__600_0,22,t_8_16,128.0,0.0,0.0,3.0,0.792061443820554,0.46761943631434855,0.85401,1,0,stable
2197__600_0,23,t_8_16,180.0,0.0,0.0,2.0,0.9830937205722561,0.8639895438167627,0.85401,0,1,stable
2197__600_0,24,t_8_16,80.0,0.25,0.25,2.0,0.9970050475144304,0.6404722328301787,0.85401,0,0,mild
2197__600_0,25,t_8_16,112.0,0.0,0.0,3.0,0.9974379699472853,0.7590489219130018,0.85401,0,1,stable
2197__600_0,26,t_8_16,96.00006103515625,0.0,0.0,2.0,0.9925904177791124,0.7717393197559703,0.85401,0,1,stable
2197__600_0,27,t_8_16,80.00048828125,0.0,0.0,2.0,0.987211997982028,0.8020227612379404,0.85401,0,1,stable
2197__600_0,28,t_8_16,96.0,0.0,0.0,2.0,0.9919762044621036,0.8620378273457084,0.85401,0,1,stable
2197__600_0,29,t_8_16,120.0,0.25,0.0,3.0,0.8060214895210657,0.7263785991613783,0.85401,0,0,mild
2197__600_0,30,t_8_16,120.0,0.25,0.25,2.0,0.8764347180790859,0.8539536857200973,0.85401,0,1,mild
2197__600_0,31,t_8_16,120.0,0.0,0.0,2.0,0.9916636871554826,0.7193298058073342,0.85401,0,0,stable
2197__600_0,32,t_8_16,96.0,0.5,0.5,0.0,,0.6082457750868309,0.85401,0,0,mild
2197__600_0,33,t_8_16,72.0,0.0,0.0,5.0,0.9336385621242349,0.6094491432973392,0.85401,0,0,stable
2197__600_0,35,t_8_16,96.00009155273438,0.0,0.0,3.0,0.9692230868272168,0.7902416158593556,0.85401,0,1,stable
2197__600_0,36,t_8_16,180.0010986328125,0.0,0.0,3.0,0.850228693552229,0.6310382865360916,0.85401,0,0,stable
2197__600_0,37,t_8_16,83.9996337890625,0.0,0.0,2.0,0.890595338844455,0.7115460531125244,0.85401,0,0,stable
2197__600_0,38,t_8_16,112.0,0.0,0.0,1.0,,0.796138457752212,0.85401,0,1,stable
2197__600_0,39,t_8_16,159.99993896484375,0.0,0.0,2.0,0.9991466754191701,0.8622021213550546,0.85401,0,1,stable
2197__600_0,40,t_8_16,80.0,0.25,0.0,2.0,0.6087188321516884,0.6583261199038138,0.85401,0,0,mild
2197__600_0,43,t_8_16,72.0,0.25,0.0,3.0,0.7127784947641176,0.7337572966583588,0.85401,0,0,mild
2197__600_0,44,t_8_16,72.0,0.0,0.0,3.0,0.8855773813238563,0.6692324294419911,0.85401,0,0,stable
2197__600_0,45,t_8_16,84.0,0.0,0.0,3.0,0.9517568937762148,0.6587437051745494,0.85401,0,0,stable
2197__600_0,46,t_8_16,96.00006103515625,0.0,0.0,2.0,0.9601219002591568,0.6652959124163397,0.85401,0,0,stable
2197__600_0,47,t_8_16,72.0,0.0,0.0,2.0,0.9189239111236153,0.7484345831694018,0.85401,0,0,stable
2197__600_0,48,t_8_16,83.99981689453125,0.0,0.0,2.0,0.9792859176685642,0.5676267904413782,0.85401,0,0,stable
2197__600_0,49,s_16_32,680.0006103515625,0.0,0.0,10.0,0.9811847490938762,0.6429981176470586,0.85401,0,0,stable
2197__600_0,50,t_8_16,112.0,0.5,0.5,0.0,,0.848682809963049,0.85401,0,1,mild
2197__600_0,51,t_8_16,83.9996337890625,0.0,0.0,5.0,0.8236475130076912,0.49522408958316494,0.85401,1,0,stable
2197__600_0,52,t_8_16,84.0,0.0,0.0,5.0,0.9112674357314667,0.7566022389752189,0.85401,0,1,stable
2197__600_0,53,t_8_16,96.0,0.75,0.75,0.0,,0.7699520417575623,0.85401,0,1,high
2197__600_0,54,t_8_16,84.0,0.25,0.25,2.0,0.8196119342179667,0.6817792485305065,0.85401,0,0,mild
2197__600_0,56,t_8_16,159.99951171875,0.75,0.5,2.0,0.4502235361705645,0.7743177832307186,0.85401,0,1,high
2197__600_0,57,t_8_16,112.0,0.0,0.0,2.0,0.9704123989264554,0.6776224164863178,0.85401,0,0,stable
2197__600_0,59,t_8_16,72.0,0.0,0.0,1.0,,0.5593751555762152,0.85401,0,0,stable
2197__600_0,60,t_8_16,96.0,0.0,0.0,2.0,0.9913833874176166,0.7232495100263238,0.85401,0,0,stable
2197__600_0,61,t_8_16,96.0,0.25,0.0,6.0,0.8904085414366903,0.7214192605357166,0.85401,0,0,mild
2197__600_0,62,t_8_16,80.0,0.25,0.25,1.0,,0.7518953879672251,0.85401,0,1,mild
2197__600_0,63,t_8_16,96.0,0.0,0.0,4.0,0.7781144825838954,0.8223607595336141,0.85401,0,1,stable
2197__600_0,64,t_8_16,112.0,0.0,0.0,3.0,0.983584761255468,0.7891377517008061,0.85401,0,1,stable
2197__600_0,65,t_8_16,84.00042724609375,0.0,0.0,2.0,0.8717143451606217,0.6799647314182233,0.85401,0,0,stable
2197__600_0,66,t_8_16,96.0,0.25,0.25,1.0,,0.7491321304269004,0.85401,0,0,mild
2197__600_0,67,t_8_16,72.0,0.0,0.0,3.0,0.9789049156967202,0.6323672986006764,0.85401,0,0,stable
2197__600_0,68,t_8_16,140.0,0.0,0.0,1.0,,0.7673285523241002,0.85401,0,1,stable
2197__600_0,69,t_8_16,112.0,0.0,0.0,1.0,0.9999999991713513,0.5919212551520863,0.85401,0,0,stable
2197__600_0,70,t_8_16,96.0,0.5,0.5,2.0,0.7450187074780263,0.13325122114987722,0.85401,1,0,mild
2197__600_0,71,t_8_16,160.0,0.0,0.0,3.0,0.9952417329714418,0.8312638671893214,0.85401,0,1,stable
2197__600_0,72,t_8_16,80.0,0.75,0.25,1.0,0.9673352264415798,0.6893106605026874,0.85401,0,0,high
2197__600_0,73,t_8_16,112.0,0.0,0.0,2.0,0.9987861002221224,0.7932100391397633,0.85401,0,1,stable
2197__600_0,74,t_8_16,140.0,0.0,0.0,2.0,0.9910123624462754,0.6922959677809809,0.85401,0,0,stable
2197__600_0,75,t_8_16,112.0,0.0,0.0,2.0,0.8803159464376801,0.7958619910714301,0.85401,0,1,stable
2197__600_0,76,t_8_16,72.0,0.0,0.0,3.0,0.9689833363515962,0.6141894028067534,0.85401,0,0,stable
2197__600_0,77,t_8_16,96.0,0.0,0.0,3.0,0.8525910526649566,0.7456483127808438,0.85401,0,0,stable
2197__600_0,78,t_8_16,72.000732421875,0.0,0.0,3.0,0.9946779090543384,0.5555731487052645,0.85401,0,0,stable
2197__600_0,79,t_8_16,72.0,0.0,0.0,4.0,0.9654300806105555,0.6147912708007062,0.85401,0,0,stable
2197__600_0,80,t_8_16,112.0,0.0,0.0,2.0,0.9081078517172766,0.824694594941802,0.85401,0,1,stable
2197__600_0,81,t_8_16,132.0,0.0,0.0,3.0,0.9843100088664966,0.6464463710167007,0.85401,0,0,stable
2197__600_0,83,t_8_16,72.0,0.0,0.0,3.0,0.9850799435600113,0.7666421969384335,0.85401,0,1,stable
2197__600_0,84,t_8_16,96.0,0.5,0.5,1.0,,0.7061090897007762,0.85401,0,0,mild
2197__600_0,85,t_8_16,72.0,0.0,0.0,5.0,0.7398520190067658,0.5531889653553118,0.85401,0,0,stable
2197__600_0,86,t_8_16,120.0,0.25,0.25,5.0,0.7843422700512837,0.43638838892822013,0.85401,1,0,mild
2197__600_0,88,t_8_16,84.0,0.0,0.0,4.0,0.971190750756815,0.7277277814401998,0.85401,0,0,stable
2197__600_0,89,t_8_16,112.0,0.25,0.25,2.0,0.40815912049778097,0.8236799134913666,0.85401,0,1,mild
2197__600_0,90,t_8_16,220.0006103515625,0.0,0.0,2.0,0.9965019942904789,0.6989513181818184,0.85401,0,0,stable
2197__600_0,91,t_8_16,112.0,0.5,0.5,0.0,,0.678508507102694,0.85401,0,0,mild
2197__600_0,92,t_8_16,108.0,0.0,0.0,2.0,0.8421993507416152,0.487210176685995,0.85401,1,0,stable
2197__600_0,93,t_8_16,84.0,0.0,0.0,6.0,0.9721491766465647,0.6745376004456807,0.85401,0,0,stable
2197__600_0,94,t_8_16,112.0,0.25,0.25,1.0,,0.764369945853661,0.85401,0,1,mild
2197__600_0,95,t_8_16,112.0,0.0,0.0,1.0,0.9999243225166912,0.6752373980461798,0.85401,0,0,stable
2197__600_0,96,t_8_16,160.0,0.0,0.0,2.0,0.9934378986530866,0.8365873846445482,0.85401,0,1,stable
2197__600_0,97,t_8_16,96.0,0.0,0.0,1.0,,0.7850538718674268,0.85401,0,1,stable
2197__600_0,98,t_8_16,100.0006103515625,0.0,0.0,1.0,,0.7254345977355534,0.85401,0,0,stable
2197__600_0,99,t_8_16,95.99984741187654,0.0,0.0,1.0,,0.7777581431223584,0.85401,0,1,stable
2197__600_0,100,t_8_16,72.0,0.0,0.0,2.0,0.9990892787864065,0.6374049967771209,0.85401,0,0,stable
2197__600_0,101,t_8_16,112.0,0.5,0.5,1.0,,0.8308811878919904,0.85401,0,1,mild
2197__600_0,102,t_8_16,128.0,0.25,0.25,1.0,,0.7370536919278029,0.85401,0,0,mild
2197__600_0,103,t_8_16,127.99951171875,0.0,0.0,4.0,0.3124172103707204,0.4573099791654224,0.85401,1,0,stable
2197__600_0,105,t_8_16,96.0,0.0,0.0,2.0,0.9306027312973905,0.8360621472862817,0.85401,0,1,stable
2197__600_0,106,t_8_16,84.0,0.0,0.0,4.0,0.8612195778012397,0.5813925253619142,0.85401,0,0,stable
2197__600_0,107,t_8_16,251.99957275390625,0.0,0.0,5.0,0.9846837522143046,0.8686900985673791,0.85401,0,1,stable
2197__600_0,108,t_8_16,96.0,0.0,0.0,3.0,0.9630708320980987,0.9178046718654996,0.85401,0,1,stable
2197__600_0,109,t_8_16,160.0,0.25,0.0,4.0,0.5239056997562616,0.6067386000000036,0.85401,0,0,mild
2197__600_0,110,t_8_16,140.0008544921875,0.25,0.0,2.0,0.9106922110622303,0.5907777651323991,0.85401,0,0,mild
2197__600_0,111,t_8_16,128.0,0.0,0.0,3.0,0.9758013107530213,0.6987460766922036,0.85401,0,0,stable
2197__600_0,112,t_8_16,112.0,0.0,0.0,1.0,,0.6767081230078398,0.85401,0,0,stable
2197__600_0,113,t_8_16,140.0,0.0,0.0,2.0,0.8674892887671479,0.6874769605211289,0.85401,0,0,stable
2197__600_0,115,t_8_16,104.0,0.25,0.25,0.0,,0.6550341823470844,0.85401,0,0,mild
2197__600_0,116,t_8_16,120.0,0.0,0.0,1.0,,0.5140077907239734,0.85401,0,0,stable
2197__600_0,117,t_8_16,104.0,0.0,0.0,1.0,,0.9481060992244926,0.85401,0,1,stable
2197__600_0,118,t_8_16,175.99991607666016,0.0,0.0,3.0,0.9761919899335973,0.0,0.85401,1,0,stable
2197__600_0,119,t_8_16,108.0,0.0,0.0,1.0,,0.5286272286761486,0.85401,0,0,stable
22092,0,t_8_16,130.0,0.0,0.0,3.0,0.9995425212793376,0.7250082068341942,0.43327,0,0,stable
22092,1,t_8_16,100.0,0.25,0.0,1.0,,0.0,0.43327,1,0,mild
22092,2,t_8_16,110.0,0.25,0.0,2.0,0.8669833876331348,0.0,0.43327,1,0,mild
22092,3,t_8_16,99.0,0.25,0.0,2.0,0.9933712049604979,0.8005478910341073,0.43327,0,1,mild
22092,4,t_8_16,99.0,0.0,0.0,1.0,,0.8472105582686055,0.43327,0,1,stable
22092,5,t_8_16,108.0,0.5,0.0,2.0,0.6386922552815513,0.0,0.43327,1,0,mild
22092,6,t_8_16,99.0,0.5,0.25,2.0,0.3828934055919029,0.0,0.43327,1,0,mild
22092,7,t_8_16,90.0,0.5,0.0,2.0,0.3552055326960807,0.0,0.43327,1,0,mild
22092,8,t_8_16,99.0,0.0,0.0,1.0,,0.7827969643111053,0.43327,0,1,stable
22092,9,t_8_16,168.0,0.0,0.0,2.0,0.9949676015738975,0.6569913687182377,0.43327,0,0,stable
22092,10,t_8_16,90.0,0.0,0.0,2.0,0.9999999693453412,0.0,0.43327,1,0,stable
22092,11,t_8_16,72.0,0.0,0.0,1.0,,0.0,0.43327,1,0,stable
22092,12,t_8_16,89.99972534179688,0.25,0.0,1.0,,0.0,0.43327,1,0,mild
22178,0,t_8_16,199.9993896484375,0.0,0.0,5.0,0.997217048247728,0.8463512753093154,0.83039,0,1,stable
22178,1,s_16_32,338.0,0.0,0.0,8.0,0.8852822301852054,0.803091203723622,0.83039,0,1,stable
22178,2,t_8_16,135.0,0.25,0.0,2.0,0.9851612666648734,0.8195057467882181,0.83039,0,1,mild
2225__1200_1200,0,t_8_16,208.0,0.0,0.0,5.0,0.9918233239012776,0.6473473644708041,0.8056,0,0,stable
2225__1200_1200,1,t_8_16,120.0,0.0,0.0,3.0,0.9835385072087351,0.755303754606151,0.8056,0,1,stable
2225__1200_1200,2,s_16_32,756.0,0.0,0.0,10.0,0.984555264642517,0.7047012274903269,0.8056,0,0,stable
2225__1200_1200,3,t_8_16,150.0,0.25,0.0,4.0,0.4720377477150445,0.0,0.8056,1,0,mild
22327,0,s_16_32,275.0,0.0,0.0,5.0,0.991579387338808,0.817508435500665,0.8169,0,1,stable
22327,1,t_8_16,126.0,0.0,0.0,7.0,0.2563510415007538,0.8313464761904679,0.8169,0,1,stable
22327,2,t_8_16,140.0,0.0,0.0,6.0,0.9851981794362178,0.6754244282209174,0.8169,0,0,stable
22327,3,t_8_16,136.0,0.0,0.0,3.0,0.9783190023014748,0.734457784212363,0.8169,0,0,stable
22327,4,t_8_16,144.0,0.5,0.5,0.0,,0.7233837030457039,0.8169,0,0,mild
22327,5,t_8_16,179.99945068359375,0.0,0.0,3.0,0.9860935889598103,0.8190638222222243,0.8169,0,1,stable
22327,6,t_8_16,242.00067138671875,0.0,0.0,3.0,0.9962209520876029,0.5848400206611596,0.8169,0,0,stable
22327,7,t_8_16,189.0,0.25,0.0,4.0,0.9898935972386348,0.6647352592592624,0.8169,0,0,mild
22327,8,t_8_16,189.0,0.0,0.0,2.0,0.979039992356729,0.8506651284824692,0.8169,0,1,stable
22327,9,t_8_16,200.0,0.0,0.0,2.0,0.9846088542360255,0.711657985000008,0.8169,0,0,stable
22327,10,t_8_16,136.0,0.0,0.0,3.0,0.9945611484596651,0.7207623489364003,0.8169,0,0,stable
22327,11,t_8_16,208.00048828125,0.0,0.0,3.0,0.9224579819618798,0.0,0.8169,1,0,stable
22327,12,t_8_16,247.00057983398438,0.0,0.0,8.0,0.9846263633824366,0.0,0.8169,1,0,stable
22327,13,t_8_16,96.0,0.0,0.0,2.0,0.999839753678519,0.702431125320053,0.8169,0,0,stable
2250__600_1849,0,s_16_32,972.0,0.0,0.0,10.0,0.15140264057089176,0.6924285564057592,0.83887,0,0,stable
2250__600_1849,1,t_8_16,167.99945068359375,0.0,0.0,2.0,0.9589139950789948,0.6140420833333324,0.83887,0,0,stable
2250__600_1849,2,t_8_16,120.00009155273438,0.0,0.0,2.0,0.998698963347673,0.5783595623953397,0.83887,0,0,stable
2250__600_1849,3,t_8_16,140.0,0.0,0.0,2.0,0.9981008053109262,0.6061220146402032,0.83887,0,0,stable
2250__600_1849,4,t_8_16,196.00021362304688,0.0,0.0,3.0,0.9667034734624996,0.6532111393028742,0.83887,0,0,stable
2250__600_1849,5,t_8_16,96.0,0.5,0.5,2.0,0.8387233454101235,0.0020246264751619713,0.83887,1,0,mild
2250__600_1849,6,t_8_16,168.0,0.0,0.0,2.0,0.9222008225253547,0.6362450066335608,0.83887,0,0,stable
2250__600_1849,7,t_8_16,120.0,0.0,0.0,2.0,0.9920674959620916,0.6979001487271743,0.83887,0,0,stable
2250__600_1849,8,t_8_16,224.0,0.0,0.0,5.0,0.9966045054955941,0.8114859419642885,0.83887,0,1,stable
2250__600_1849,9,t_8_16,144.0,0.0,0.0,2.0,0.9594336027716764,0.7115803674006222,0.83887,0,0,stable
2250__600_1849,10,t_8_16,167.9999542236328,0.0,0.0,3.0,0.9943750582898562,0.7120834420596007,0.83887,0,0,stable
2250__600_1849,11,t_8_16,223.99951171875,0.0,0.0,5.0,0.839309229782043,0.3908272557427011,0.83887,1,0,stable
2250__600_1849,12,t_8_16,168.0,0.0,0.0,5.0,0.5648236753754691,0.6272423873272401,0.83887,0,0,stable
2250__600_1849,13,t_8_16,195.0003433227539,0.0,0.0,2.0,0.9682994666921323,0.7538348820441717,0.83887,0,1,stable
2301__1200_600,0,t_8_16,240.0,0.0,0.0,6.0,0.9458371950563451,0.4873987499999987,0.78037,1,0,stable
2301__1200_600,1,t_8_16,128.0,0.25,0.25,3.0,0.9939685393645716,0.7633941303996589,0.78037,0,1,mild
2301__1200_600,2,t_8_16,72.0,0.0,0.0,3.0,0.9889031692359996,0.6026505172398727,0.78037,0,0,stable
2301__1200_600,3,t_8_16,96.0,0.25,0.0,4.0,0.3007412982635571,0.6390777308397966,0.78037,0,0,mild
2301__1200_600,4,t_8_16,216.0,0.0,0.0,3.0,0.9575629703129951,0.4805688405586659,0.78037,1,0,stable
2301__1200_600,5,t_8_16,84.00018310546875,0.25,0.0,3.0,0.14222006908716348,0.4461075361904722,0.78037,1,0,mild
2301__1200_600,6,t_8_16,128.0,0.0,0.0,3.0,0.9347778913119732,0.718264055706444,0.78037,0,0,stable
2301__1200_600,7,t_8_16,108.0,0.0,0.0,5.0,0.9689825034096904,0.7443114091726878,0.78037,0,0,stable
2301__1200_600,8,t_8_16,112.0,0.0,0.0,2.0,0.9750932292011029,0.7832971052712453,0.78037,0,1,stable
2301__1200_600,9,t_8_16,167.9991455078125,0.0,0.0,3.0,0.9548396004381245,0.5679935936629085,0.78037,0,0,stable
2301__1200_600,10,t_8_16,108.0,0.0,0.0,5.0,0.8424300003278041,0.627761818631726,0.78037,0,0,stable
2301__1200_600,12,t_8_16,96.0,0.0,0.0,3.0,0.9151891611860558,0.4549002864096158,0.78037,1,0,stable
2301__1200_600,13,t_8_16,112.0,0.0,0.0,3.0,0.8639310891015919,0.5978619368529028,0.78037,0,0,stable
2301__1200_600,14,t_8_16,128.0,0.0,0.0,3.0,0.644231854575774,0.7138870880577334,0.78037,0,0,stable
2301__1200_600,15,t_8_16,108.00054931640625,0.0,0.0,2.0,0.9832974384656342,0.8350100901076886,0.78037,0,1,stable
2301__1200_600,16,t_8_16,96.0,0.25,0.25,6.0,0.6784785848737901,0.8036841096236275,0.78037,0,1,mild
2301__1200_600,17,t_8_16,128.0,0.0,0.0,2.0,0.9709228572251711,0.7245741510545626,0.78037,0,0,stable
2301__1200_600,18,t_8_16,96.0,0.0,0.0,4.0,0.9860861109057342,0.855221156772376,0.78037,0,1,stable
2301__1200_600,19,t_8_16,96.0,0.0,0.0,3.0,0.5775157591472682,0.7697863252272444,0.78037,0,1,stable
2301__1200_600,20,t_8_16,96.0,0.0,0.0,4.0,0.9761343526878369,0.7163167202602657,0.78037,0,0,stable
2301__1200_600,21,t_8_16,136.0,0.0,0.0,2.0,0.9657429786397868,0.7483116340943622,0.78037,0,0,stable
2301__1200_600,22,t_8_16,96.0,0.0,0.0,3.0,0.8890317929446155,0.7203176998890998,0.78037,0,0,stable
2301__1200_600,23,t_8_16,108.0,0.0,0.0,5.0,0.8929643831798398,0.7573235731575189,0.78037,0,1,stable
2301__1200_600,24,t_8_16,128.0,0.5,0.5,1.0,,0.8247556052895897,0.78037,0,1,mild
2301__1200_600,25,t_8_16,144.0,0.0,0.0,4.0,0.9771192409087311,0.8063135555555471,0.78037,0,1,stable
2301__1200_600,26,t_8_16,84.0,0.0,0.0,5.0,0.9063988742050316,0.7307838605490604,0.78037,0,0,stable
2301__1200_600,28,t_8_16,84.0,0.0,0.0,5.0,0.9407244465027377,0.850194839353762,0.78037,0,1,stable
2301__1200_600,29,t_8_16,96.0009765625,0.0,0.0,5.0,0.9709138213253367,0.5725388160181752,0.78037,0,0,stable
2301__1200_600,30,t_8_16,96.00061034783721,0.0,0.0,3.0,0.9656229979524344,0.6232599604440275,0.78037,0,0,stable
2301__1200_600,31,t_8_16,112.0,0.25,0.25,3.0,0.8184063663243363,0.6171879355443841,0.78037,0,0,mild
2301__1200_600,32,t_8_16,128.0,0.0,0.0,2.0,0.9449079467151054,0.7532666998492887,0.78037,0,1,stable
2301__1200_600,33,t_8_16,112.0,0.0,0.0,2.0,0.9697974225639281,0.8083325360661332,0.78037,0,1,stable
2301__1200_600,34,t_8_16,160.0,0.25,0.0,2.0,0.6781937991974784,0.8326588907331985,0.78037,0,1,mild
2301__1200_600,35,t_8_16,144.0,0.25,0.25,4.0,0.9507493181484289,0.7838829056428372,0.78037,0,1,mild
2301__1200_600,36,t_8_16,108.0,0.25,0.0,5.0,0.2353030804663953,0.8283176097345375,0.78037,0,1,mild
2301__1200_600,37,t_8_16,144.0,0.0,0.0,2.0,0.9707329273481596,0.6599761944444446,0.78037,0,0,stable
2301__1200_600,38,t_8_16,108.0,0.25,0.25,3.0,0.8395087160394791,0.6990915424261847,0.78037,0,0,mild
2301__1200_600,39,t_8_16,108.0,0.25,0.0,5.0,0.1977915102912949,0.597474714330416,0.78037,0,0,mild
2301__1200_600,40,t_8_16,160.0,0.0,0.0,4.0,0.9600285095535414,0.7925081127237453,0.78037,0,1,stable
2301__1200_600,41,t_8_16,144.0,0.25,0.0,2.0,0.6622513635013015,0.7835750694444402,0.78037,0,1,mild
2301__1200_600,42,t_8_16,108.0,0.0,0.0,3.0,0.9472424129354039,0.6670954028613728,0.78037,0,0,stable
2301__1200_600,43,t_8_16,159.9993896484375,0.0,0.0,7.0,0.9626791785150255,0.9089939187500015,0.78037,0,1,stable
2301__1200_600,44,t_8_16,144.0,0.0,0.0,3.0,0.9887540630464713,0.7331411934729274,0.78037,0,0,stable
2301__1200_600,45,t_8_16,143.99945068359375,0.0,0.0,3.0,0.9021072784924945,0.9424345486111126,0.78037,0,1,stable
2301__1200_600,46,t_8_16,160.0,0.0,0.0,3.0,0.8916372598516867,0.647521876154993,0.78037,0,0,stable
2301__1200_600,47,t_8_16,96.0,0.0,0.0,2.0,0.8794325960196149,0.5654194297236816,0.78037,0,0,stable
2301__1200_600,48,t_8_16,144.0,0.0,0.0,3.0,0.916033633430456,0.5692470491957015,0.78037,0,0,stable
2301__1200_600,49,t_8_16,108.0,0.0,0.0,5.0,0.9105080000082237,0.658752646011683,0.78037,0,0,stable
2301__1200_600,50,t_8_16,127.999755859375,0.0,0.0,5.0,0.9803281393891408,0.7655940561845975,0.78037,0,1,stable
2301__1200_600,51,t_8_16,143.99986267089844,0.0,0.0,5.0,0.8748542360865739,0.8321863888888834,0.78037,0,1,stable
2301__1200_600,52,t_8_16,95.9996337890625,0.0,0.0,3.0,0.9583010747074567,0.7946274520249272,0.78037,0,1,stable
2301__1200_600,54,t_8_16,108.0,0.5,0.25,3.0,0.7617743932162903,0.4628279860860724,0.78037,1,0,mild
2301__1200_600,55,t_8_16,96.0,0.0,0.0,3.0,0.9880631111040797,0.7509566393876999,0.78037,0,1,stable
2301__1200_600,56,t_8_16,96.0,0.25,0.0,3.0,0.6718708591566762,0.8115968545914962,0.78037,0,1,mild
2301__1200_600,57,t_8_16,64.0,0.25,0.25,2.0,0.5298723648022488,0.6325664585193557,0.78037,0,0,mild
2301__1200_600,58,t_8_16,108.0,0.0,0.0,3.0,0.9689072698148687,0.8438501754701166,0.78037,0,1,stable
2301__1200_600,59,t_8_16,107.99993133544922,0.25,0.0,2.0,0.2832030175259526,0.8500388980509211,0.78037,0,1,mild
2301__1200_600,60,t_8_16,83.99994659423828,0.25,0.0,4.0,0.35834806382656087,0.7702740956179747,0.78037,0,1,mild
2301__1200_600,61,t_8_16,84.0,0.0,0.0,1.0,,0.7111201652887069,0.78037,0,0,stable
2301__1200_600,62,t_8_16,95.99969482398592,0.25,0.0,2.0,0.3794500740311246,0.4400366114978847,0.78037,1,0,mild
2301__1200_600,63,t_8_16,108.0,0.0,0.0,1.0,0.9555872828156651,0.6575280037756354,0.78037,0,0,stable
2301__1200_600,64,t_8_16,108.0003662109375,0.25,0.0,4.0,0.9083361216343492,0.7959753716375799,0.78037,0,1,mild
2301__1200_600,65,t_8_16,96.0,0.0,0.0,4.0,0.9581579030089679,0.9279897721124843,0.78037,0,1,stable
2301__1200_600,67,t_8_16,180.0,0.0,0.0,2.0,0.9226134931124765,0.46063058333333196,0.78037,1,0,stable
2301__1200_600,68,t_8_16,84.0,0.25,0.25,3.0,0.07459469059690495,0.6738209360881802,0.78037,0,0,mild
2301__1200_600,69,t_8_16,96.0,0.0,0.0,2.0,0.9355073755556642,0.8875334513632387,0.78037,0,1,stable
2301__1200_600,70,t_8_16,96.0,0.0,0.0,3.0,0.8359476235532688,0.6644403292979799,0.78037,0,0,stable
2301__1200_600,71,t_8_16,144.0,0.0,0.0,4.0,0.9927795885265429,0.9577135363573674,0.78037,0,1,stable
2301__1200_600,72,t_8_16,160.0,0.0,0.0,2.0,0.8984357666139228,0.570614043749994,0.78037,0,0,stable
2301__1200_600,73,t_8_16,144.0,0.5,0.5,1.0,,0.9057012978529313,0.78037,0,1,mild
2301__1200_600,74,t_8_16,144.0,0.0,0.0,3.0,0.9803564008257292,0.7529455013699987,0.78037,0,1,stable
2301__1200_600,75,t_8_16,144.0,0.0,0.0,3.0,0.8986470239004895,0.7027055372585591,0.78037,0,0,stable
2301__1200_600,76,t_8_16,120.0,0.0,0.0,2.0,0.9884802621512687,0.6657590197413203,0.78037,0,0,stable
2301__1200_600,77,t_8_16,80.0,0.0,0.0,1.0,,0.7591272279911476,0.78037,0,1,stable
2301__1200_600,79,t_8_16,72.0,0.0,0.0,2.0,0.7256871259353301,0.6085599849126031,0.78037,0,0,stable
2301__1200_600,80,t_8_16,96.0,0.0,0.0,2.0,0.9858700032650766,0.8329285374210191,0.78037,0,1,stable
2301__1200_600,81,t_8_16,140.0,0.0,0.0,1.0,,0.7608990383167276,0.78037,0,1,stable
2301__1200_600,82,t_8_16,140.0,0.0,0.0,2.0,0.8355823513023436,0.660439134113571,0.78037,0,0,stable
2301__1200_600,83,t_8_16,112.0,0.0,0.0,2.0,0.9301198281929769,0.8124306835913502,0.78037,0,1,stable
2301__1200_600,84,t_8_16,120.0,0.0,0.0,2.0,0.9743710140075086,0.7652978878902181,0.78037,0,1,stable
2301__1200_600,85,t_8_16,140.0,0.25,0.0,3.0,0.9074250085649511,0.7376041902631114,0.78037,0,0,mild
2301__1200_600,86,t_8_16,112.0,0.0,0.0,2.0,0.9325573850910518,0.7412372353428384,0.78037,0,0,stable
2301__1200_600,87,t_8_16,108.0,0.0,0.0,4.0,0.8060955234119147,0.7843122165198788,0.78037,0,1,stable
2301__1200_600,88,t_8_16,83.99981689453125,0.0,0.0,3.0,0.9920674977220165,0.6480289943801371,0.78037,0,0,stable
2301__1200_600,89,t_8_16,160.0,0.25,0.25,4.0,0.4535597686315617,0.5590643709739209,0.78037,0,0,mild
2301__1200_600,90,t_8_16,143.9996337890625,0.0,0.0,4.0,0.9300540292861138,0.6311056794384005,0.78037,0,0,stable
2301__1200_600,91,t_8_16,144.0,0.0,0.0,4.0,0.9734671131455714,0.6035213907942298,0.78037,0,0,stable
2301__1200_600,92,t_8_16,96.0,0.25,0.0,3.0,0.631610693794764,0.8378948507465778,0.78037,0,1,mild
2301__1200_600,93,t_8_16,144.0,0.5,0.5,1.0,,0.689903768521544,0.78037,0,0,mild
2301__1200_600,94,t_8_16,84.0,0.0,0.0,3.0,0.9720576656606645,0.820939997018422,0.78037,0,1,stable
2301__1200_600,95,t_8_16,160.0,0.25,0.25,4.0,0.8643373635775798,0.5868264359436464,0.78037,0,0,mild
2301__1200_600,96,t_8_16,96.0,0.0,0.0,3.0,0.9866874866704656,0.7253671802223357,0.78037,0,0,stable
2301__1200_600,97,t_8_16,119.99984741210938,0.0,0.0,5.0,0.9530560499554853,0.7407842382060541,0.78037,0,0,stable
2301__1200_600,98,t_8_16,144.0,0.3333333333333333,0.3333333333333333,2.0,0.9385700508846655,0.740379106786011,0.78037,0,0,mild
2301__1200_600,99,t_8_16,112.0,0.25,0.25,2.0,0.8897540753180894,0.5522604911992369,0.78037,0,0,mild
2301__1200_600,100,t_8_16,120.0,0.0,0.0,4.0,0.522855348896727,0.7017259057077739,0.78037,0,0,stable
2301__1200_600,101,t_8_16,128.0,0.0,0.0,3.0,0.9493861800022506,0.5505789217045342,0.78037,0,0,stable
2301__1200_600,102,t_8_16,84.0,0.0,0.0,4.0,0.8726735491654307,0.6747107164106927,0.78037,0,0,stable
2301__1200_600,103,t_8_16,128.0,0.0,0.0,3.0,0.9885710165027813,0.7675045045350792,0.78037,0,1,stable
2301__1200_600,104,t_8_16,80.0,0.0,0.0,8.0,0.9816810680554781,0.5657372751188358,0.78037,0,0,stable
2301__1200_600,105,t_8_16,120.0,0.0,0.0,4.0,0.9928686326610144,0.8276516397843402,0.78037,0,1,stable
2301__1200_600,107,t_8_16,220.0,0.0,0.0,2.0,0.9945819260037951,0.5263113909090965,0.78037,0,0,stable
2301__1200_600,108,t_8_16,108.0,0.0,0.0,5.0,0.5817809643885564,0.6997917649351685,0.78037,0,0,stable
2301__1200_600,109,t_8_16,112.0,0.0,0.0,2.0,0.9887898371414702,0.7694203499660374,0.78037,0,1,stable
2301__1200_600,110,t_8_16,144.00048828125,0.0,0.0,3.0,0.9712393087538177,0.5659155986972003,0.78037,0,0,stable
2301__1200_600,111,t_8_16,96.0,0.0,0.0,5.0,0.9886881695315157,0.874077951042008,0.78037,0,1,stable
2301__1200_600,112,t_8_16,132.0,0.0,0.0,6.0,0.9809547235516979,0.7112591216225531,0.78037,0,0,stable
2301__1200_600,113,t_8_16,128.0,0.0,0.0,3.0,0.9873171022078846,0.7945417520633556,0.78037,0,1,stable
2301__1200_600,114,t_8_16,176.0,0.0,0.0,4.0,0.9780363044371733,0.7658568471803254,0.78037,0,1,stable
2301__1200_600,116,t_8_16,120.0,0.0,0.0,4.0,0.9249924309567097,0.5889572775828885,0.78037,0,0,stable
2301__1200_600,117,t_8_16,112.0,0.0,0.0,2.0,0.9930762723507014,0.6543836892437175,0.78037,0,0,stable
2301__1200_600,118,t_8_16,96.00061034783721,0.0,0.0,5.0,0.9807116456917743,0.7045485630917496,0.78037,0,0,stable
2301__1200_600,119,t_8_16,108.0,0.25,0.0,5.0,0.456449364712553,0.7398429634192976,0.78037,0,0,mild
2301__1200_600,120,t_8_16,176.0,0.25,0.25,5.0,0.9831019677085601,0.736983981189432,0.78037,0,0,mild
2301__1200_600,121,t_8_16,84.0,0.0,0.0,3.0,0.5359386677806088,0.5631675502555709,0.78037,0,0,stable
2301__1200_600,122,t_8_16,176.0,0.25,0.25,3.0,0.5528655928748786,0.5440261708476984,0.78037,0,0,mild
2301__1200_600,123,t_8_16,144.0,0.5,0.5,1.0,,0.8740723932131941,0.78037,0,1,mild
2301__1200_600,124,t_8_16,96.0,0.25,0.0,3.0,0.7968035618307097,0.8279886972477377,0.78037,0,1,mild
2301__1200_600,125,t_8_16,84.0008544921875,0.0,0.0,3.0,0.9734612367246094,0.705076065872302,0.78037,0,0,stable
2301__1200_600,126,t_8_16,144.0,0.0,0.0,3.0,0.9918230155359844,0.6329022136195805,0.78037,0,0,stable
2301__1200_600,127,t_8_16,96.0,0.0,0.0,5.0,0.968043982589858,0.8258199736204246,0.78037,0,1,stable
2301__1200_600,128,t_8_16,96.0,0.0,0.0,5.0,0.9616333311933106,0.759641741771967,0.78037,0,1,stable
2301__1200_600,129,t_8_16,120.0,0.0,0.0,5.0,0.5067456584337805,0.7371389772830683,0.78037,0,0,stable
2301__1200_600,130,t_8_16,144.0,0.0,0.0,2.0,0.9898779381681481,0.4524013119732308,0.78037,1,0,stable
2301__1200_600,131,t_8_16,144.00048828125,0.25,0.25,4.0,0.7791287737251925,0.6349014959631794,0.78037,0,0,mild
2301__1200_600,132,t_8_16,88.0,0.0,0.0,4.0,0.9814145617124286,0.5321709777354676,0.78037,0,0,stable
2301__1200_600,133,t_8_16,108.0,0.0,0.0,4.0,0.9619808446569649,0.7914069207765981,0.78037,0,1,stable
2301__1200_600,134,t_8_16,200.0,0.0,0.0,3.0,0.9902339813419881,0.6134166107015935,0.78037,0,0,stable
2301__1200_600,136,t_8_16,128.0,0.25,0.25,2.0,0.977162378040953,0.729961776495041,0.78037,0,0,mild
2301__1200_600,137,t_8_16,108.0,0.25,0.0,5.0,0.5221773691935852,0.8159599061519395,0.78037,0,1,mild
2301__1200_600,138,t_8_16,180.0,0.0,0.0,2.0,0.9966525375697851,0.6191068216156078,0.78037,0,0,stable
2301__1200_600,139,t_8_16,128.0,0.25,0.25,2.0,0.5551696665957814,0.5954319099636116,0.78037,0,0,mild
2301__1200_600,140,t_8_16,120.0,0.3333333333333333,0.3333333333333333,2.0,0.3243694538236359,0.7433370825062334,0.78037,0,0,mild
2301__1200_600,141,t_8_16,143.0,0.0,0.0,3.0,0.9156149823111399,0.7163426795587782,0.78037,0,0,stable
2301__1200_600,142,t_8_16,144.0,0.25,0.0,2.0,0.7990406719133515,0.5703419826856809,0.78037,0,0,mild
2301__1200_600,143,t_8_16,160.0,0.0,0.0,1.0,,0.08447391135254327,0.78037,1,0,stable
2303__2400_0,0,t_8_16,108.0,0.0,0.0,3.0,0.8932929773070695,0.7643788182712635,0.7392,0,1,stable
2303__2400_0,1,t_8_16,108.0,0.0,0.0,4.0,0.9778096850078392,0.8115291129859511,0.7392,0,1,stable
2303__2400_0,2,t_8_16,108.0,0.0,0.0,4.0,0.600328269513338,0.9086096154780218,0.7392,0,1,stable
2303__2400_0,3,t_8_16,120.0,0.0,0.0,3.0,0.8395371092387411,0.7537441637588836,0.7392,0,1,stable
2303__2400_0,4,t_8_16,108.0,0.0,0.0,3.0,0.9585377798532708,0.8682812496571548,0.7392,0,1,stable
2303__2400_0,5,t_8_16,84.0,0.0,0.0,4.0,0.9709507084387066,0.7979706531493113,0.7392,0,1,stable
2303__2400_0,6,t_8_16,160.0,0.0,0.0,3.0,0.982460404506002,0.7439432241989179,0.7392,0,0,stable
2303__2400_0,7,t_8_16,96.0,0.25,0.25,1.0,,0.8454744932703993,0.7392,0,1,mild
2303__2400_0,8,t_8_16,96.0,0.25,0.0,4.0,0.8101352190033922,0.825178690187431,0.7392,0,1,mild
2303__2400_0,9,t_8_16,64.0,0.0,0.0,1.0,,0.8678364776946852,0.7392,0,1,stable
2303__2400_0,10,t_8_16,144.0,0.0,0.0,3.0,0.9766717926565268,0.8204342430555611,0.7392,0,1,stable
2303__2400_0,11,t_8_16,120.0,0.0,0.0,2.0,0.5252035497980274,0.7613733226226412,0.7392,0,1,stable
2303__2400_0,12,t_8_16,95.9996337890625,0.0,0.0,2.0,0.8685559311999602,0.8045456105588341,0.7392,0,1,stable
2303__2400_0,13,t_8_16,96.0,0.25,0.0,3.0,0.1226690834024828,0.8878042866089882,0.7392,0,1,mild
2303__2400_0,14,t_8_16,108.0,0.0,0.0,2.0,0.27690913916585513,0.8117081454601986,0.7392,0,1,stable
2303__2400_0,15,t_8_16,108.0,0.0,0.0,0.0,,0.3213007556804879,0.7392,1,0,stable
2303__2400_0,16,t_8_16,120.0,0.5,0.0,2.0,0.44880703519503895,0.6392753116128602,0.7392,0,0,mild
2303__2400_0,17,t_8_16,84.0,0.0,0.0,4.0,0.9748755139825918,0.7241350663665128,0.7392,0,0,stable
2303__2400_0,18,t_8_16,78.0,0.0,0.0,1.0,0.9999432282098325,0.436507513685605,0.7392,1,0,stable
2303__2400_0,19,t_8_16,130.0,0.0,0.0,1.0,,0.06416697361798607,0.7392,1,0,stable
2325__2676_2397,0,t_8_16,84.0,0.0,0.0,4.0,0.9973913079496141,0.84812924657679,0.74195,0,1,stable
2325__2676_2397,14,t_8_16,72.0,0.0,0.0,2.0,0.9829732896988705,0.6783573333333334,0.74195,0,0,stable
2325__2676_2397,20,t_8_16,72.0,0.0,0.0,4.0,0.9386167833661238,0.5402147499999944,0.74195,0,0,stable
2325__2676_2397,22,t_8_16,79.9999542235164,0.0,0.0,2.0,0.9361139407790695,0.40205979825452265,0.74195,1,0,stable
2353__0_600,0,t_8_16,112.0,0.0,0.0,3.0,0.9819935739972869,0.7077416676183264,0.814,0,0,stable
2353__0_600,1,t_8_16,139.99969482421875,0.0,0.0,3.0,0.9965031491939559,0.7760468571428588,0.814,0,1,stable
2353__0_600,2,t_8_16,112.0,0.25,0.25,2.0,0.9863497067210117,0.8113925543124809,0.814,0,1,mild
2353__0_600,3,t_8_16,192.0,0.0,0.0,4.0,0.9074049264241674,0.846549933414154,0.814,0,1,stable
2353__0_600,4,t_8_16,128.0,0.5,0.5,0.0,,0.9077440208024736,0.814,0,1,mild
2353__0_600,5,t_8_16,140.0,0.25,0.0,3.0,0.8062383009128364,0.8689378722862747,0.814,0,1,mild
2353__0_600,6,t_8_16,140.0,0.0,0.0,2.0,0.9978716586886842,0.6251708186623888,0.814,0,0,stable
2353__0_600,7,t_8_16,112.0,0.25,0.25,3.0,0.9821142696843419,0.8186897337463277,0.814,0,1,mild
2353__0_600,8,t_8_16,160.0,0.0,0.0,3.0,0.9860812620965866,0.8071118609495063,0.814,0,1,stable
2353__0_600,9,t_8_16,80.0,0.0,0.0,2.0,0.9982775306783315,0.6755767769792242,0.814,0,0,stable
2353__0_600,10,t_8_16,128.0,0.25,0.25,3.0,0.9836680159887131,0.5444367499999997,0.814,0,0,mild
2353__0_600,11,t_8_16,64.0,0.0,0.0,5.0,0.9487524239906548,0.6358097033080086,0.814,0,0,stable
2353__0_600,12,t_8_16,83.9996337890625,0.0,0.0,3.0,0.9990977315381215,0.6043058681841724,0.814,0,0,stable
2353__0_600,13,t_8_16,159.9993896484375,0.0,0.0,3.0,0.9980575335650252,0.7743321987406766,0.814,0,1,stable
2353__0_600,14,t_8_16,112.0,0.75,0.75,0.0,,0.927288914916719,0.814,0,1,high
2353__0_600,15,t_8_16,112.0,0.25,0.25,2.0,0.9538277115808114,0.8553835293905192,0.814,0,1,mild
2353__0_600,16,t_8_16,112.0,0.25,0.25,2.0,0.9847119132933465,0.8292183598329301,0.814,0,1,mild
2353__0_600,17,t_8_16,128.0,0.0,0.0,3.0,0.986038869752772,0.8540895788695939,0.814,0,1,stable
2353__0_600,18,t_8_16,191.999267578125,0.0,0.0,9.0,0.562403635743491,0.44502636458333517,0.814,1,0,stable
2353__0_600,19,t_8_16,160.0,0.25,0.25,4.0,0.9088418481198095,0.6095300183172053,0.814,0,0,mild
2353__0_600,20,t_8_16,180.0,0.0,0.0,3.0,0.9949847608702584,0.5818114555555534,0.814,0,0,stable
2353__0_600,21,t_8_16,112.0,0.0,0.0,2.0,0.9995485624216569,0.8847220759425095,0.814,0,1,stable
2353__2676_600,0,t_8_16,72.0,0.0,0.0,1.0,,0.8370348894434062,0.82272,0,1,stable
2353__2676_600,1,t_8_16,84.0008602142916,0.0,0.0,3.0,0.9942950649301391,0.8094159252656362,0.82272,0,1,stable
2353__2676_600,2,t_8_16,128.0,0.0,0.0,2.0,0.9992325175009813,0.8426924999999996,0.82272,0,1,stable
2353__2676_600,3,t_8_16,72.000732421875,0.0,0.0,3.0,0.9983360781780646,0.8624674782123951,0.82272,0,1,stable
2353__2676_600,4,t_8_16,112.0,0.0,0.0,2.0,0.9948752676576995,0.8787095772478022,0.82272,0,1,stable
2353__2676_600,5,t_8_16,96.0,0.25,0.25,2.0,0.9662980921536646,0.7592867694157451,0.82272,0,1,mild
2353__2676_600,6,t_8_16,112.0,0.5,0.5,0.0,,0.850025703572431,0.82272,0,1,mild
2353__2676_600,7,t_8_16,128.0,0.25,0.25,2.0,0.9158786568019809,0.8708379567372662,0.82272,0,1,mild
2353__2676_600,8,t_8_16,112.0,0.0,0.0,3.0,0.97035726264443,0.8284467637192013,0.82272,0,1,stable
2353__2676_600,9,t_8_16,80.0,0.25,0.25,1.0,,0.7985689574963305,0.82272,0,1,mild
2353__2676_600,10,t_8_16,160.0,0.0,0.0,3.0,0.937240034671484,0.815815679468885,0.82272,0,1,stable
2353__2676_600,11,t_8_16,95.9996337890625,0.0,0.0,2.0,0.9716625835118873,0.8570333376895414,0.82272,0,1,stable
2353__2676_600,12,t_8_16,83.99981689453125,0.0,0.0,3.0,0.9244502508799699,0.814859702490647,0.82272,0,1,stable
2353__2676_600,13,t_8_16,111.999755859375,0.0,0.0,3.0,0.9775563752170859,0.8507151817680716,0.82272,0,1,stable
2353__2676_600,14,t_8_16,111.999755859375,0.25,0.25,2.0,0.9653087537204394,0.8217318242254325,0.82272,0,1,mild
2353__2676_600,15,t_8_16,72.0,0.0,0.0,4.0,0.9715577985929351,0.6341035803186035,0.82272,0,0,stable
2353__2676_600,17,t_8_16,127.99951171875,0.0,0.0,6.0,0.9521461132118195,0.8397437093761813,0.82272,0,1,stable
2353__2676_600,18,t_8_16,95.99995422363281,0.0,0.0,3.0,0.9966777942833901,0.8371171641148529,0.82272,0,1,stable
2353__2676_600,19,t_8_16,95.99981689453125,0.0,0.0,4.0,0.9854531356232782,0.891947839468515,0.82272,0,1,stable
2353__2676_600,20,t_8_16,127.999755859375,0.25,0.25,2.0,0.9950409897619236,0.7816996498432267,0.82272,0,1,mild
2353__2676_600,21,t_8_16,95.99938964936882,0.0,0.0,3.0,0.9944022694068625,0.886228252623709,0.82272,0,1,stable
2353__2676_600,22,t_8_16,144.0,0.5,0.5,1.0,,0.5539651884838664,0.82272,0,0,mild
2353__2676_600,23,t_8_16,96.0,0.0,0.0,2.0,0.9446585337783108,0.9264824594972548,0.82272,0,1,stable
2353__2676_600,24,t_8_16,84.0,0.0,0.0,5.0,0.9948714179106938,0.8539219927515848,0.82272,0,1,stable
2353__2676_600,25,t_8_16,84.0,0.0,0.0,5.0,0.9007545755469953,0.7827315183961695,0.82272,0,1,stable
2353__2676_600,26,t_8_16,180.0,0.25,0.0,4.0,0.8580803657592811,0.8445931521150463,0.82272,0,1,mild
2353__2676_600,27,t_8_16,72.0,0.0,0.0,3.0,0.9884545157479828,0.6495743641035336,0.82272,0,0,stable
2353__2676_600,28,t_8_16,84.0,0.0,0.0,3.0,0.9908838888717771,0.7072179691656085,0.82272,0,0,stable
2353__2676_600,29,t_8_16,160.0,0.0,0.0,2.0,0.9962343808196301,0.799206000004974,0.82272,0,1,stable
2353__2676_600,30,t_8_16,160.0,0.0,0.0,2.0,0.9680334936881708,0.7859726239324747,0.82272,0,1,stable
2353__2676_600,31,t_8_16,96.0,0.0,0.0,4.0,0.9948871406259615,0.7986898589434916,0.82272,0,1,stable
2353__2676_600,32,t_8_16,96.0009765625,0.0,0.0,5.0,0.995926667307499,0.8537238590581168,0.82272,0,1,stable
2353__2676_600,33,t_8_16,96.0,0.0,0.0,4.0,0.9221621239914686,0.6968968341074171,0.82272,0,0,stable
2353__2676_600,34,t_8_16,128.0,0.25,0.0,3.0,0.40906694278651434,0.6299061093749997,0.82272,0,0,mild
2353__2676_600,35,t_8_16,84.0,0.25,0.25,5.0,0.6613970793387772,0.6879982376671281,0.82272,0,0,mild
2353__2676_600,37,t_8_16,112.0,0.25,0.25,1.0,,0.8306586250000043,0.82272,0,1,mild
2353__2676_600,38,t_8_16,112.0,0.25,0.25,0.0,,0.799451999999993,0.82272,0,1,mild
2353__2676_600,39,t_8_16,84.0,0.25,0.0,2.0,0.6573816583029229,0.8421313711276512,0.82272,0,1,mild
2353__2676_600,40,t_8_16,160.0,0.0,0.0,2.0,0.9948011470034044,0.7083837000000021,0.82272,0,0,stable
2353__2676_600,41,t_8_16,112.0,0.0,0.0,1.0,,0.8999573146584114,0.82272,0,1,stable
2353__2676_600,42,t_8_16,144.0,0.0,0.0,3.0,0.9981236032094684,0.7974708827909772,0.82272,0,1,stable
2353__2676_600,43,t_8_16,112.0,0.0,0.0,2.0,0.9899538380003161,0.9233569817076842,0.82272,0,1,stable
2353__2676_600,44,t_8_16,112.0,0.0,0.0,2.0,0.994337727085645,0.8416906874999943,0.82272,0,1,stable
2353__2676_600,45,t_8_16,128.0,0.0,0.0,2.0,0.9965909263101277,0.7443334974492665,0.82272,0,0,stable
2353__2676_600,46,t_8_16,112.00006103515625,0.0,0.0,1.0,,0.7414575106305332,0.82272,0,0,stable
2353__2676_600,47,t_8_16,96.0,0.0,0.0,5.0,0.9741687108572319,0.6961123303972255,0.82272,0,0,stable
2353__2676_600,48,t_8_16,128.0,0.5,0.5,1.0,,0.7422312979344589,0.82272,0,0,mild
2353__2676_600,49,t_8_16,96.0,0.0,0.0,5.0,0.9633325697461314,0.6750042203679676,0.82272,0,0,stable
2353__2676_600,50,t_8_16,112.0,0.25,0.25,3.0,0.9670728657247077,0.8140788957511578,0.82272,0,1,mild
2353__2676_600,51,t_8_16,112.0,0.0,0.0,2.0,0.9900158120192732,0.6539172668970263,0.82272,0,0,stable
2353__2676_600,52,t_8_16,95.999755859375,0.0,0.0,2.0,0.792401491661221,0.7691847088021344,0.82272,0,1,stable
2353__2676_600,53,t_8_16,112.0,0.0,0.0,1.0,,0.7737105932769693,0.82272,0,1,stable
2353__2676_600,55,t_8_16,128.0,0.0,0.0,3.0,0.9675667612840008,0.6254620638352627,0.82272,0,0,stable
2353__2676_600,56,t_8_16,112.0,0.5,0.5,1.0,,0.8754801385426596,0.82272,0,1,mild
2353__2676_600,57,t_8_16,112.0,0.0,0.0,3.0,0.9852984477920944,0.8011920583518903,0.82272,0,1,stable
2353__2676_600,58,t_8_16,96.0,0.0,0.0,3.0,0.9738574626337423,0.685480608755843,0.82272,0,0,stable
2353__2676_600,59,t_8_16,140.0,0.0,0.0,3.0,0.9945531477513748,0.7640595202573812,0.82272,0,1,stable
2353__2676_600,60,t_8_16,72.0,0.0,0.0,5.0,0.9491536034558353,0.7456823878626481,0.82272,0,0,stable
2353__2676_600,61,t_8_16,144.0,0.5,0.5,0.0,,0.8417199374999953,0.82272,0,1,mild
2353__2676_600,62,t_8_16,84.0,0.0,0.0,3.0,0.906416956027929,0.7854512234050303,0.82272,0,1,stable
2353__2676_600,63,t_8_16,140.0,0.25,0.25,5.0,0.8497553378887066,0.5778032922290065,0.82272,0,0,mild
2353__2676_600,64,t_8_16,72.0,0.0,0.0,5.0,0.8134187360538806,0.8002457557608208,0.82272,0,1,stable
2353__2676_600,65,t_8_16,128.0,0.0,0.0,3.0,0.9808745738871408,0.834756218353223,0.82272,0,1,stable
2353__2676_600,66,t_8_16,140.0,0.0,0.0,2.0,0.997382646256841,0.6990717355973468,0.82272,0,0,stable
2353__2676_600,67,t_8_16,96.0,0.25,0.25,2.0,0.9968145429879615,0.7717540583505658,0.82272,0,1,mild
2353__2676_600,68,t_8_16,112.0,0.0,0.0,2.0,0.998584502690255,0.7952371485961016,0.82272,0,1,stable
2353__2676_600,69,t_8_16,111.99920654250309,0.0,0.0,5.0,0.9801174728132066,0.8330706611408363,0.82272,0,1,stable
2353__2676_600,70,t_8_16,84.0,0.0,0.0,6.0,0.9596860772845714,0.7615752055652316,0.82272,0,1,stable
2353__2676_600,71,t_8_16,96.0,0.25,0.25,3.0,0.9395152869987229,0.7414086959790479,0.82272,0,0,mild
2353__2676_600,72,t_8_16,108.0,0.0,0.0,3.0,0.8318372230441851,0.5272561346392242,0.82272,0,0,stable
2353__2676_600,76,t_8_16,96.0,0.0,0.0,1.0,,0.6589962838076707,0.82272,0,0,stable
2353__2676_600,77,t_8_16,180.0,0.0,0.0,3.0,0.9724059198251696,0.7773405934685645,0.82272,0,1,stable
2353__2676_600,78,t_8_16,127.99951171875,0.5,0.5,1.0,,0.8498231194064845,0.82272,0,1,mild
2353__2676_600,79,t_8_16,84.0,0.0,0.0,2.0,0.9979938946306796,0.7890590938933928,0.82272,0,1,stable
2353__2676_600,80,t_8_16,84.0,0.0,0.0,2.0,0.9472776175353241,0.7610420330338776,0.82272,0,1,stable
2353__2676_600,81,t_8_16,203.99974060058594,0.0,0.0,5.0,0.8602997848511147,0.6967422568266958,0.82272,0,0,stable
2353__2676_600,82,t_8_16,128.0,0.5,0.5,1.0,,0.9081377932569316,0.82272,0,1,mild
2353__2676_600,83,t_8_16,140.0,0.25,0.0,2.0,0.5411184584078108,0.7484141746096786,0.82272,0,0,mild
2353__2676_600,84,t_8_16,182.0008544921875,0.0,0.0,4.0,0.9601234172677522,0.5863758974313329,0.82272,0,0,stable
2353__2676_600,85,t_8_16,143.99993133544922,0.0,0.0,3.0,0.7640774575441208,0.620530624999998,0.82272,0,0,stable
2353__2676_600,86,t_8_16,135.0,0.25,0.25,3.0,0.6035049762352938,0.3928875684115621,0.82272,1,0,mild
2353__2676_600,87,t_8_16,117.0,0.25,0.0,1.0,,0.8411040058190677,0.82272,0,1,mild
2353__2676_600,88,t_8_16,128.0,0.0,0.0,3.0,0.9921689846709268,0.891517083902558,0.82272,0,1,stable
2353__2676_600,89,t_8_16,120.0,0.0,0.0,2.0,0.9255242850446961,0.8811000070911341,0.82272,0,1,stable
2353__2676_600,90,t_8_16,84.0,0.0,0.0,3.0,0.9965196002449227,0.7291553701009919,0.82272,0,0,stable
2353__2676_600,91,t_8_16,160.0,0.0,0.0,2.0,0.9980081119022456,0.7184967250000035,0.82272,0,0,stable
2353__2676_600,92,t_8_16,112.0,0.5,0.5,1.0,,0.7783827086853257,0.82272,0,1,mild
2353__2676_600,93,t_8_16,176.0,0.5,0.5,3.0,0.5518073075145444,0.5632745634374274,0.82272,0,0,mild
2353__2676_600,94,t_8_16,119.0,0.25,0.0,5.0,0.759264245947903,0.5976420810832912,0.82272,0,0,mild
2355__600_1200,0,t_8_16,80.0,0.0,0.0,1.0,,0.6194058483790366,0.78619,0,0,stable
2355__600_1200,1,t_8_16,96.0,0.0,0.0,5.0,0.9828792141300511,0.5861025311447703,0.78619,0,0,stable
2355__600_1200,2,t_8_16,144.0,0.0,0.0,5.0,0.9514687226979237,0.8096816903594298,0.78619,0,1,stable
2355__600_1200,3,t_8_16,84.0,0.0,0.0,3.0,0.9831441090177818,0.5797410389082907,0.78619,0,0,stable
2355__600_1200,5,t_8_16,72.0,0.0,0.0,2.0,0.9909615534579025,0.6903470523004817,0.78619,0,0,stable
2355__600_1200,7,t_8_16,128.0,0.0,0.0,3.0,0.9882039613336703,0.4658635460042168,0.78619,1,0,stable
2355__600_1200,8,s_16_32,352.0,0.0,0.0,5.0,0.9874720792319653,0.7461162687689659,0.78619,0,0,stable
2355__600_1200,11,s_16_32,384.0,0.25,0.25,7.0,0.3347420738652509,0.0008201802702805826,0.78619,1,0,mild
2355__600_1200,12,t_8_16,95.9996337890625,0.0,0.0,3.0,0.48751378231871645,0.902550163134668,0.78619,0,1,stable
2355__600_1200,13,t_8_16,80.0,0.25,0.25,0.0,,0.7202912013949786,0.78619,0,0,mild
2355__600_1200,14,t_8_16,140.0,0.25,0.25,0.0,,0.7545942399306362,0.78619,0,1,mild
2355__600_1200,17,t_8_16,128.0,0.0,0.0,3.0,0.9241467503390935,0.8083008866548657,0.78619,0,1,stable
2355__600_1200,18,t_8_16,95.99951171875,0.0,0.0,1.0,,0.4741930084454616,0.78619,1,0,stable
2355__600_1200,19,t_8_16,191.9996337890625,0.25,0.0,4.0,0.1275359497538641,0.7532699375000002,0.78619,0,1,mild
2355__600_1200,20,t_8_16,200.0,0.0,0.0,3.0,0.9870817570224568,0.6823135892254105,0.78619,0,0,stable
2355__600_1200,21,t_8_16,96.0,0.0,0.0,1.0,,0.5267498892149314,0.78619,0,0,stable
2355__600_1200,22,t_8_16,120.0,0.0,0.0,3.0,0.8611929229568767,0.5929626016832967,0.78619,0,0,stable
2355__600_1200,24,t_8_16,112.0,0.0,0.0,1.0,,0.8853838926420102,0.78619,0,1,stable
2355__600_1200,25,t_8_16,140.0,0.0,0.0,3.0,0.9820204416769996,0.6587811835412919,0.78619,0,0,stable
2355__600_1200,26,t_8_16,72.0,0.0,0.0,4.0,0.9738613928938692,0.744407528301136,0.78619,0,0,stable
2355__600_1200,27,t_8_16,112.0,0.0,0.0,1.0,,0.8443672898670064,0.78619,0,1,stable
2355__600_1200,28,t_8_16,143.99981689453125,0.0,0.0,2.0,0.995108776885922,0.7214544503769822,0.78619,0,0,stable
2355__600_1200,29,t_8_16,96.0,0.0,0.0,2.0,0.9970419513802726,0.600220019367639,0.78619,0,0,stable
2355__600_1200,30,t_8_16,160.0,0.0,0.0,3.0,0.9805204116652244,0.2777158735435459,0.78619,1,0,stable
2355__600_1200,31,t_8_16,96.0,0.0,0.0,3.0,0.9736371143075814,0.4392674981914998,0.78619,1,0,stable
2355__600_1200,32,t_8_16,120.000732421875,0.25,0.0,3.0,0.33862561772355815,0.7593699693123704,0.78619,0,1,mild
2355__600_1200,33,t_8_16,84.0,0.0,0.0,3.0,0.8264510510423758,0.7534830994085018,0.78619,0,1,stable
2355__600_1200,34,t_8_16,72.0,0.0,0.0,5.0,0.9087142227304521,0.7682818339038427,0.78619,0,1,stable
2355__600_1200,35,t_8_16,80.0,0.0,0.0,1.0,,0.70394519854708,0.78619,0,0,stable
2355__600_1200,36,t_8_16,64.0,0.5,0.5,1.0,,0.5221047200456439,0.78619,0,0,mild
2355__600_1200,38,t_8_16,80.0,0.0,0.0,1.0,,0.4479470733197724,0.78619,1,0,stable
2355__600_1200,39,t_8_16,112.0,0.5,0.5,0.0,,0.6803361517857107,0.78619,0,0,mild
2355__600_1200,40,t_8_16,140.0,0.0,0.0,2.0,0.734727792494995,0.7334313048293949,0.78619,0,0,stable
2355__600_1200,41,t_8_16,104.0,0.25,0.25,2.0,0.9824295813882422,0.7578357964132725,0.78619,0,1,mild
2355__600_1200,42,t_8_16,66.0,0.0,0.0,3.0,0.8067458730008573,0.6609522933917661,0.78619,0,0,stable
2355__600_1200,44,t_8_16,150.0,0.25,0.0,2.0,0.9795878816736924,0.7707481066251398,0.78619,0,1,mild
2355__600_1200,45,t_8_16,150.0,0.0,0.0,2.0,0.9973039937766934,0.6743053584590191,0.78619,0,0,stable
2355__600_1200,46,t_8_16,84.0,0.0,0.0,4.0,0.9525010571794955,0.7173898032197169,0.78619,0,0,stable
2355__600_1200,47,t_8_16,154.0,0.0,0.0,2.0,0.9893697610671437,0.6596732311043609,0.78619,0,0,stable
2355__600_1200,48,t_8_16,108.0,0.0,0.0,1.0,,0.7198226293832884,0.78619,0,0,stable
2355__600_1200,49,t_8_16,159.99951171875,0.0,0.0,3.0,0.941422128122747,0.698671578259596,0.78619,0,0,stable
2355__600_1200,50,t_8_16,70.00042724609375,0.0,0.0,3.0,0.9917392035690789,0.6530150938281938,0.78619,0,0,stable
2355__600_1200,52,t_8_16,80.00048828125,0.0,0.0,2.0,0.9197249836042095,0.6655726506490581,0.78619,0,0,stable
2355__600_1200,53,t_8_16,139.99957275390625,0.0,0.0,2.0,0.9929395592122504,0.7560870966534281,0.78619,0,1,stable
2355__600_1200,54,t_8_16,180.0,0.0,0.0,2.0,0.7092914774405573,0.4842044999999931,0.78619,1,0,stable
2355__600_1200,55,t_8_16,96.0,0.25,0.25,1.0,,0.6764569220454062,0.78619,0,0,mild
2355__600_1200,56,t_8_16,108.0,0.0,0.0,2.0,0.8828267806914009,0.7031114791148474,0.78619,0,0,stable
2355__600_1200,57,t_8_16,87.99951171875,0.25,0.25,1.0,,0.5912057285422372,0.78619,0,0,mild
2355__600_1200,58,t_8_16,98.99978637509048,0.25,0.0,2.0,0.21031412345633696,0.7706975353535341,0.78619,0,1,mild
2361__2400_0,0,t_8_16,180.0,0.0,0.0,3.0,0.9785740448279442,0.6376886875039544,0.8507,0,0,stable
2361__2400_0,1,s_16_32,288.0,0.0,0.0,3.0,0.9977024173137373,0.8230816995808481,0.8507,0,1,stable
2366023ab,0,t_8_16,195.0,0.0,0.0,5.0,0.6645128735128678,0.9381026273014997,0.63976,0,1,stable
2371__1200_600,1,t_8_16,140.0,0.25,0.0,4.0,0.9570200713330856,0.7224755771508821,0.80571,0,0,mild
2371__1200_600,2,t_8_16,95.999755859375,0.0,0.0,2.0,0.9548542337264004,0.8782379724545322,0.80571,0,1,stable
2371__1200_600,3,t_8_16,160.0,0.0,0.0,2.0,0.9999905859436073,0.6134527387914207,0.80571,0,0,stable
2371__1200_600,4,t_8_16,112.0,0.0,0.0,1.0,0.9999930439662523,0.7439604240330465,0.80571,0,0,stable
2371__1200_600,5,t_8_16,80.0,0.0,0.0,1.0,,0.597854804335602,0.80571,0,0,stable
2371__1200_600,6,t_8_16,112.0,0.25,0.25,1.0,,0.7790993241110712,0.80571,0,1,mild
2371__1200_600,7,t_8_16,111.99998664855957,0.0,0.0,4.0,0.7170236313219978,0.8871931181733695,0.80571,0,1,stable
2371__1200_600,8,t_8_16,128.0,0.0,0.0,2.0,0.9825902810994935,0.7274952020531292,0.80571,0,0,stable
2371__1200_600,9,t_8_16,111.99994659423828,0.0,0.0,3.0,0.9784419584273882,0.8661461563110816,0.80571,0,1,stable
2371__1200_600,10,t_8_16,112.0,0.0,0.0,2.0,0.6457713551846564,0.5594527449291861,0.80571,0,0,stable
2371__1200_600,11,t_8_16,140.0,0.0,0.0,1.0,,0.6792173297368121,0.80571,0,0,stable
2371__1200_600,12,s_16_32,1008.0008544921875,0.0,0.0,10.0,0.9746782940040336,0.0,0.59946,1,0,stable
2371__1200_600,13,s_16_32,728.001708984375,0.0,0.0,10.0,0.7819771948246014,0.5970967001892002,0.59946,0,0,stable
2371__1200_600,14,t_8_16,71.99995422363281,0.0,0.0,1.0,0.9999957761287523,0.7605542745505796,0.80571,0,1,stable
2371__1200_600,15,t_8_16,80.0,0.0,0.0,1.0,,0.7927623897530272,0.80571,0,1,stable
2371__1200_600,16,t_8_16,96.0,0.0,0.0,2.0,0.9973168675944486,0.8398707729566887,0.80571,0,1,stable
2371__1200_600,17,t_8_16,96.0,0.5,0.5,1.0,,0.8740883448030073,0.80571,0,1,mild
2371__1200_600,18,t_8_16,96.0,0.0,0.0,1.0,,0.7182513682211711,0.80571,0,0,stable
2371__1200_600,19,t_8_16,112.0,0.0,0.0,1.0,,0.5980445381907428,0.80571,0,0,stable
2371__1200_600,20,t_8_16,72.0,0.0,0.0,1.0,0.9999993412154543,0.6659061520085938,0.80571,0,0,stable
2371__1200_600,21,t_8_16,96.0,0.0,0.0,2.0,0.999923157606406,0.8710940680272375,0.80571,0,1,stable
2371__1200_600,22,t_8_16,72.0,0.0,0.0,2.0,0.9638702793575865,0.7714134533484599,0.80571,0,1,stable
2371__1200_600,23,t_8_16,112.0,0.25,0.25,2.0,0.9077561633208177,0.8366779978806194,0.80571,0,1,mild
2371__1200_600,24,t_8_16,72.0,0.0,0.0,1.0,0.9969325550673074,0.6841716654423962,0.80571,0,0,stable
2371__1200_600,25,t_8_16,120.0,0.0,0.0,1.0,0.9999997991483729,0.7385144757673547,0.80571,0,0,stable
2371__1200_600,26,t_8_16,96.0,0.5,0.5,1.0,0.99840327006528,0.1351045133296838,0.80571,1,0,mild
2371__1200_600,27,t_8_16,72.0,0.0,0.0,3.0,0.860452427716452,0.6532623600008788,0.80571,0,0,stable
2371__1200_600,28,t_8_16,80.0,0.0,0.0,1.0,,0.7378692814392821,0.80571,0,0,stable
2371__1200_600,29,t_8_16,96.0,0.25,0.25,1.0,0.9999828009973344,0.8015098847868538,0.80571,0,1,mild
2371__1200_600,30,t_8_16,112.0,0.0,0.0,2.0,0.5858866055052201,0.6745482494041224,0.80571,0,0,stable
2371__1200_600,31,t_8_16,120.0,0.0,0.0,1.0,,0.9261420931085348,0.80571,0,1,stable
2371__1200_600,32,t_8_16,120.0,0.0,0.0,3.0,0.8955144253005487,0.8612548629468442,0.80571,0,1,stable
2371__1200_600,33,t_8_16,84.0,0.0,0.0,2.0,0.5745351057685073,0.7301288305776845,0.80571,0,0,stable
2371__1200_600,34,t_8_16,191.99990844726562,0.0,0.0,5.0,0.9041490748584917,0.7351254166666622,0.80571,0,0,stable
2371__1200_600,36,t_8_16,98.0,0.0,0.0,2.0,0.5724717599749651,0.6625691028641405,0.80571,0,0,stable
2371__1200_600,37,t_8_16,120.0,0.0,0.0,1.0,0.9999687785527138,0.7198078926557817,0.80571,0,0,stable
2371__1200_600,38,t_8_16,70.0,0.0,0.0,1.0,,0.7297915536014492,0.80571,0,0,stable
2371__1200_600,39,t_8_16,140.0,0.25,0.25,3.0,0.11750337235329655,0.6202357924883751,0.80571,0,0,mild
2371__1200_600,40,s_16_32,384.0,0.0,0.0,8.0,0.9708391062780437,0.9457642688073811,0.80571,0,1,stable
2371__1200_600,43,t_8_16,72.0,0.5,0.0,3.0,0.08708586814079416,0.6624116233903242,0.80571,0,0,mild
2371__1200_600,44,t_8_16,140.0,0.0,0.0,2.0,0.9322477110001097,0.7794614479631857,0.80571,0,1,stable
2371__1200_600,45,t_8_16,95.999755859375,0.0,0.0,1.0,,0.620597431306492,0.80571,0,0,stable
2371__1200_600,46,t_8_16,72.0,0.0,0.0,4.0,0.9730245288844523,0.6111646061080391,0.80571,0,0,stable
2371__1200_600,47,t_8_16,100.0,0.0,0.0,1.0,,0.5904029712266818,0.80571,0,0,stable
2371__1200_600,48,t_8_16,160.0,0.25,0.0,5.0,0.9339477926023158,0.5113056031587759,0.80571,0,0,mild
2371__1200_600,49,t_8_16,192.0,0.0,0.0,3.0,0.8601479717136521,0.6839337333485146,0.80571,0,0,stable
2371__1200_600,50,t_8_16,84.0,0.0,0.0,4.0,0.9873246159241239,0.5192888738543,0.80571,0,0,stable
2371__1200_600,51,t_8_16,120.0,0.0,0.0,1.0,,0.6478566330055632,0.80571,0,0,stable
2371__1200_600,53,t_8_16,168.00009155273438,0.0,0.0,2.0,0.9965890048510243,0.6990147619047591,0.80571,0,0,stable
2371__1200_600,54,t_8_16,111.99999237060547,0.3333333333333333,0.3333333333333333,1.0,,0.5819275561468568,0.80571,0,0,mild
2371__1200_600,55,t_8_16,96.0,0.0,0.0,2.0,0.8790099331927859,0.8303510611843313,0.80571,0,1,stable
2371__1200_600,57,t_8_16,140.0,0.0,0.0,1.0,,0.834151047177113,0.80571,0,1,stable
2371__1200_600,58,t_8_16,192.0,0.0,0.0,4.0,0.9120821057041278,0.5312932187500015,0.80571,0,0,stable
2371__1200_600,59,t_8_16,216.0,0.0,0.0,5.0,0.9682597597684961,0.46483584365845165,0.80571,1,0,stable
2371__1200_600,60,t_8_16,72.0,0.0,0.0,2.0,0.9999780180302665,0.8596726842028144,0.80571,0,1,stable
2371__1200_600,61,t_8_16,71.99990844726562,0.0,0.0,3.0,0.7651379786435892,0.45546443322986646,0.80571,1,0,stable
2371__1200_600,62,t_8_16,112.0,0.5,0.5,1.0,,0.7668223241090447,0.80571,0,1,mild
2371__1200_600,63,t_8_16,160.0,0.25,0.0,3.0,0.4792464426383848,0.7251844999999999,0.80571,0,0,mild
2371__1200_600,64,t_8_16,140.0,0.0,0.0,1.0,0.999999871533109,0.7757074285714316,0.80571,0,1,stable
2371__1200_600,65,t_8_16,140.0,0.0,0.0,3.0,0.4478416602238707,0.7432210999999964,0.80571,0,0,stable
2371__1200_600,66,t_8_16,144.0,0.0,0.0,2.0,0.7878375818658528,0.0,0.80571,1,0,stable
2371__1200_600,67,t_8_16,168.0,0.0,0.0,3.0,0.9985570988815623,0.6435013592894774,0.80571,0,0,stable
2371__1200_600,68,t_8_16,216.0,0.0,0.0,3.0,0.992561927978436,0.6660721342592584,0.80571,0,0,stable
2371__1200_600,69,t_8_16,120.0,0.0,0.0,2.0,0.9901947454864489,0.6326716361000959,0.80571,0,0,stable
2371__1200_600,70,t_8_16,140.0,0.0,0.0,1.0,0.9956898826675337,0.8928681337289869,0.80571,0,1,stable
2371__1200_600,71,t_8_16,72.0,0.0,0.0,2.0,,0.638581434418429,0.80571,0,0,stable
2371__1200_600,72,t_8_16,140.0,0.0,0.0,2.0,0.983695882465261,0.78609583699891,0.80571,0,1,stable
2371__1200_600,73,t_8_16,72.0,0.0,0.0,3.0,0.8664382139441533,0.49474508524903765,0.80571,1,0,stable
2371__1200_600,74,t_8_16,96.0,0.25,0.25,2.0,0.5035938379831189,0.5578908628448666,0.80571,0,0,mild
2371__1200_600,75,t_8_16,120.0,0.0,0.0,1.0,,0.6636276242751192,0.80571,0,0,stable
2371__1200_600,76,t_8_16,196.0,0.0,0.0,3.0,0.6614469013641824,0.8273723274667695,0.80571,0,1,stable
2371__1200_600,77,t_8_16,140.0,0.5,0.5,2.0,0.26942635776818774,0.8119468720136295,0.80571,0,1,mild
2371__1200_600,78,t_8_16,120.0,0.25,0.25,1.0,0.6819469695352015,0.6573920384482311,0.80571,0,0,mild
2371__1200_600,80,t_8_16,160.0,0.5,0.0,2.0,0.4515271100628273,0.44922792304242687,0.80571,1,0,mild
2371__1200_600,81,t_8_16,252.0,0.0,0.0,4.0,0.9199903978845907,0.44839155555555815,0.80571,1,0,stable
2371__1200_600,82,s_16_32,719.998779296875,0.0,0.0,10.0,0.9833913838711611,0.7304263111111126,0.80571,0,0,stable
2371__1200_600,83,t_8_16,192.0,0.0,0.0,4.0,0.9856901569488241,0.8486268452605856,0.80571,0,1,stable
2371__1200_600,84,t_8_16,140.0,0.0,0.0,2.0,0.9815758210450716,0.9095315833921301,0.80571,0,1,stable
2371__1200_600,85,t_8_16,180.00015258789062,0.0,0.0,4.0,0.989574456773942,0.523258970185411,0.80571,0,0,stable
2371__1200_600,86,s_16_32,503.997802734375,0.0,0.0,10.0,0.9907152425738215,0.6137275238095273,0.80571,0,0,stable
2371__1200_600,87,t_8_16,128.0,0.25,0.25,3.0,0.9407144354389669,0.7116456014617405,0.80571,0,0,mild
2371__1200_600,89,t_8_16,96.0,0.0,0.0,1.0,,0.437249175377083,0.80571,1,0,stable
2371__1200_600,90,t_8_16,90.0,0.0,0.0,4.0,0.5824690497915453,0.0,0.80571,1,0,stable
2371__1200_600,91,t_8_16,120.0,0.0,0.0,3.0,0.8448090063773969,0.8211179080141024,0.80571,0,1,stable
2371__1200_600,92,t_8_16,64.0,0.5,0.5,0.0,,0.5589529924560152,0.80571,0,0,mild
2371__1200_600,93,t_8_16,96.0,0.0,0.0,2.0,0.9246044294500175,0.5397160916530577,0.80571,0,0,stable
2371__1200_600,94,t_8_16,140.0,0.0,0.0,2.0,0.8817254906211337,0.6573722071778578,0.80571,0,0,stable
2371__1200_600,95,t_8_16,216.0,0.0,0.0,3.0,0.9890080624232137,0.7598403055042341,0.80571,0,1,stable
2371__1200_600,96,t_8_16,112.00006103515625,0.0,0.0,2.0,0.9886677722370978,0.8840774597623543,0.80571,0,1,stable
2371__1200_600,97,t_8_16,140.0,0.0,0.0,2.0,0.4296647929137964,0.8068507000000038,0.80571,0,1,stable
2371__1200_600,98,t_8_16,144.0,0.0,0.0,2.0,0.9468870583075172,0.761899234383913,0.80571,0,1,stable
2371__1200_600,99,t_8_16,96.0,0.0,0.0,1.0,,0.6472874386199333,0.80571,0,0,stable
2371__1200_600,100,t_8_16,84.0,0.0,0.0,2.0,0.7098497124486081,0.7585134602638185,0.80571,0,1,stable
2371__1200_600,102,t_8_16,168.0,0.25,0.0,3.0,0.596814992362098,0.8017651309523857,0.80571,0,1,mild
2371__1200_600,103,t_8_16,96.0,0.25,0.25,2.0,0.9908544811060562,0.5099227612638394,0.80571,0,0,mild
2371__1200_600,104,t_8_16,180.0,0.0,0.0,2.0,0.968131348772945,0.6863806333333339,0.80571,0,0,stable
2371__1200_600,105,t_8_16,160.0,0.0,0.0,2.0,0.8502187922936669,0.9087961918225507,0.80571,0,1,stable
2371__1200_600,107,t_8_16,119.99981689453125,0.0,0.0,3.0,0.9818405363019366,0.823529243340902,0.80571,0,1,stable
2371__1200_600,109,t_8_16,144.0,0.0,0.0,2.0,0.9853997377428657,0.7314717403142208,0.80571,0,0,stable
2371__1200_600,110,t_8_16,144.0,0.0,0.0,2.0,0.8447626236605689,0.6952706416334247,0.80571,0,0,stable
2371__1200_600,111,t_8_16,120.0,0.25,0.0,3.0,0.6899609428828769,0.751830333498458,0.80571,0,1,mild
2371__1200_600,112,t_8_16,108.0,0.25,0.0,3.0,0.3712376607469187,0.5826531862461981,0.80571,0,0,mild
2371__1200_600,113,t_8_16,95.999755859375,0.0,0.0,1.0,,0.7092267145627824,0.80571,0,0,stable
2371__1200_600,114,t_8_16,100.0,0.25,0.25,3.0,0.9740567304549457,0.656293145582339,0.80571,0,0,mild
2371__1200_600,116,t_8_16,119.99969482421875,0.0,0.0,2.0,0.9865565051044956,0.6439549531046727,0.80571,0,0,stable
2371__1200_600,117,t_8_16,80.0,0.5,0.5,0.0,,0.4586764697882655,0.80571,1,0,mild
2371__1200_600,118,t_8_16,96.0,0.25,0.25,1.0,,0.7205646560933333,0.80571,0,0,mild
2371__1200_600,119,t_8_16,140.0,0.0,0.0,2.0,0.7957988890144467,0.803046148434306,0.80571,0,1,stable
2371__1200_600,120,t_8_16,168.0,0.0,0.0,3.0,0.9910692548546064,0.8120146944703678,0.80571,0,1,stable
2371__1200_600,121,t_8_16,160.0,0.0,0.0,2.0,0.9710151881718354,0.6668549999999994,0.80571,0,0,stable
2371__1200_600,122,t_8_16,140.0,0.0,0.0,2.0,0.9969320404567887,0.7755934992073586,0.80571,0,1,stable
2371__1200_600,123,t_8_16,240.0,0.0,0.0,3.0,0.9818594770818886,0.6386525000000028,0.80571,0,0,stable
2371__1200_600,124,t_8_16,140.0,0.0,0.0,2.0,0.9380100100981624,0.807843093718097,0.80571,0,1,stable
2371__1200_600,125,t_8_16,120.0,0.0,0.0,2.0,0.9981095306655557,0.5273771600739154,0.80571,0,0,stable
2371__1200_600,126,t_8_16,72.0,0.25,0.25,2.0,0.9988750600144116,0.5942282710221245,0.80571,0,0,mild
2371__1200_600,127,t_8_16,160.0,0.0,0.0,3.0,0.9787123665564103,0.7070761124999986,0.80571,0,0,stable
2371__1200_600,128,t_8_16,168.0,0.0,0.0,2.0,0.8806128800488161,0.8028056183288755,0.80571,0,1,stable
2371__1200_600,129,t_8_16,79.99969482421875,0.0,0.0,3.0,0.97559309815097,0.5206269395583191,0.80571,0,0,stable
2371__1200_600,130,t_8_16,140.0,0.0,0.0,3.0,0.9700899216479004,0.7704129282253097,0.80571,0,1,stable
2371__1200_600,131,t_8_16,191.99998474121094,0.25,0.0,4.0,0.7467950231801497,0.7226830287284711,0.80571,0,0,mild
2371__1200_600,132,t_8_16,96.0,0.0,0.0,2.0,0.9782110485335469,0.6623518060079078,0.80571,0,0,stable
2371__1200_600,133,t_8_16,72.0,0.0,0.0,5.0,0.97904227732733,0.49973349138887463,0.80571,1,0,stable
2371__1200_600,134,t_8_16,140.0,0.0,0.0,2.0,0.7956352673149776,0.8141335722528129,0.80571,0,1,stable
2371__1200_600,135,t_8_16,120.0,0.0,0.0,1.0,0.995494865299909,0.6262048546385238,0.80571,0,0,stable
2371__1200_600,137,t_8_16,192.0,0.0,0.0,3.0,0.9870631938684122,0.5335018229166669,0.80571,0,0,stable
2371__1200_600,138,t_8_16,192.0,0.0,0.0,5.0,0.7937492581179825,0.7870770051121436,0.80571,0,1,stable
2371__1200_600,139,t_8_16,140.0,0.0,0.0,3.0,0.9898807594878914,0.80060239412116,0.80571,0,1,stable
2371__1200_600,140,t_8_16,112.0,0.0,0.0,2.0,0.9717830243714372,0.6159751367648213,0.80571,0,0,stable
2371__1200_600,141,t_8_16,128.0,0.0,0.0,2.0,0.9896306601446838,0.615796612387099,0.80571,0,0,stable
2371__1200_600,142,t_8_16,252.0,0.0,0.0,4.0,0.9532410267027992,0.6073365461099004,0.80571,0,0,stable
2371__1200_600,143,t_8_16,180.0,0.0,0.0,2.0,0.9990641869689728,0.6555692000000021,0.80571,0,0,stable
2371__1200_600,144,t_8_16,96.0,0.25,0.0,2.0,0.761776689187668,0.9168499941156488,0.80571,0,1,mild
2371__1200_600,145,t_8_16,196.0,0.0,0.0,2.0,0.981965885865768,0.6042328312010521,0.80571,0,0,stable
2371__1200_600,146,t_8_16,216.0,0.0,0.0,2.0,0.9261491423802714,0.6217005925925905,0.80571,0,0,stable
2371__1200_600,147,t_8_16,96.0,0.0,0.0,3.0,0.15856589752254505,0.5948672399298117,0.80571,0,0,stable
2371__1200_600,148,t_8_16,140.0,0.0,0.0,2.0,0.7525417038837792,0.744923096350126,0.80571,0,0,stable
2371__1200_600,149,t_8_16,160.0,0.0,0.0,3.0,0.923588964768363,0.8315418378861046,0.80571,0,1,stable
2371__1200_600,150,t_8_16,120.0,0.0,0.0,1.0,0.99999852134487,0.8330892592719655,0.80571,0,1,stable
2371__1200_600,151,t_8_16,84.0,0.0,0.0,4.0,0.8882904357298654,0.5402358562443883,0.80571,0,0,stable
2371__1200_600,152,t_8_16,216.0,0.0,0.0,3.0,0.9633927260145858,0.5425617592592584,0.80571,0,0,stable
2371__1200_600,153,t_8_16,192.0,0.0,0.0,2.0,0.8864988287706314,0.7777033802083315,0.80571,0,1,stable
2371__1200_600,154,t_8_16,117.00027465820312,0.0,0.0,3.0,0.9739726549316233,0.7716883177245655,0.80571,0,1,stable
2371__1200_600,155,t_8_16,108.0,0.0,0.0,4.0,0.8249226567274776,0.0,0.80571,1,0,stable
2371__1200_600,156,t_8_16,121.0,0.0,0.0,2.0,0.9621054113901454,0.7736245846638589,0.80571,0,1,stable
2371__1200_600,157,t_8_16,112.0,0.25,0.25,2.0,0.44072125660869704,0.27678460397779325,0.80571,1,0,mild
2371__1200_600,158,t_8_16,77.0,0.0,0.0,4.0,0.9274983010931906,0.5942125916086748,0.80571,0,0,stable
2371__1200_600,160,t_8_16,168.0,0.0,0.0,4.0,0.919177333120204,0.6700333730740479,0.80571,0,0,stable
2371__1200_600,161,t_8_16,120.0,0.0,0.0,2.0,0.9343728762371692,0.7878885315836589,0.80571,0,1,stable
2371__1200_600,162,t_8_16,120.0,0.0,0.0,2.0,0.9941409140795296,0.8544488876071208,0.80571,0,1,stable
2371__1200_600,163,t_8_16,91.0,0.0,0.0,4.0,0.9678873865156955,0.7003810226161497,0.80571,0,0,stable
2371__1200_600,164,t_8_16,70.0,0.0,0.0,2.0,0.9920145243469412,0.7723013167795572,0.80571,0,1,stable
2371__1200_600,165,t_8_16,120.0,0.0,0.0,2.0,0.9975072737932169,0.5130743194052266,0.80571,0,0,stable
2371__1200_600,166,t_8_16,70.0,0.0,0.0,2.0,0.9935974785379562,0.6042489728174033,0.80571,0,0,stable
2371__1200_600,167,t_8_16,120.0,0.0,0.0,3.0,0.9172970763620888,0.5645130368098185,0.80571,0,0,stable
2371__1200_600,168,t_8_16,129.9999237060547,0.5,0.0,2.0,0.3587697829553259,0.5629932230482172,0.80571,0,0,mild
2371__1200_600,169,t_8_16,108.0,0.5,0.25,1.0,,0.5209888302774263,0.80571,0,0,mild
2371__1200_600,170,t_8_16,150.0,0.0,0.0,2.0,0.9221035758441278,0.8302385554293366,0.80571,0,1,stable
2371__1200_600,171,t_8_16,72.0,0.25,0.25,1.0,,0.5777186268683691,0.80571,0,0,mild
2421__1800_1929,0,s_16_32,648.0,0.0,0.0,10.0,0.996799582245454,0.9276441856305612,0.87515,0,1,stable
2421__1800_1929,1,s_16_32,503.9995117112994,0.0,0.0,8.0,0.9958567521484861,0.7587689880952364,0.87515,0,1,stable
2421__1800_1929,2,s_16_32,432.0,0.0,0.0,7.0,0.9868324353695501,0.8705706585478116,0.87515,0,1,stable
2421__1800_1929,3,t_8_16,112.0,0.25,0.25,2.0,0.993102866561569,0.5900112211522043,0.87515,0,0,mild
2421__1800_1929,4,t_8_16,140.0,0.0,0.0,2.0,0.9987039109909478,0.8202984075511391,0.87515,0,1,stable
2421__1800_1929,5,t_8_16,140.0,0.0,0.0,3.0,0.9843812529165465,0.788534343520344,0.87515,0,1,stable
2421__1800_1929,6,t_8_16,167.9991455078125,0.0,0.0,4.0,0.9652063446337149,0.8684147321428555,0.87515,0,1,stable
2421__1800_1929,7,t_8_16,140.0008544921875,0.0,0.0,1.0,,0.8268779190371336,0.87515,0,1,stable
2421__1800_1929,8,t_8_16,168.0,0.0,0.0,2.0,0.9990215872349414,0.9012652909227337,0.87515,0,1,stable
2421__1800_1929,9,t_8_16,160.0009765625,0.0,0.0,3.0,0.9901748425014644,0.8237892860482012,0.87515,0,1,stable
2421__1800_1929,10,t_8_16,111.9991455078125,0.0,0.0,3.0,0.9936027960339249,0.7310127758360708,0.87515,0,0,stable
2421__1800_1929,11,t_8_16,168.0,0.0,0.0,2.0,0.9898811557122492,0.783635678571429,0.87515,0,1,stable
2421__1800_1929,12,t_8_16,84.0,0.0,0.0,2.0,0.893464629465758,0.6121767570064308,0.87515,0,0,stable
2421__1800_1929,13,t_8_16,112.0,0.0,0.0,2.0,0.9955805846813289,0.8119424670031582,0.87515,0,1,stable
2421__1800_1929,14,t_8_16,140.0,0.0,0.0,2.0,0.9985722038367835,0.9398821074430813,0.87515,0,1,stable
2421__1800_1929,15,t_8_16,120.0,0.25,0.0,3.0,0.4147105500961217,0.7853339440821916,0.87515,0,1,mild
2421__1800_1929,16,t_8_16,96.0,0.0,0.0,1.0,,0.8724562303630216,0.87515,0,1,stable
2421__1800_1929,17,t_8_16,112.0,0.0,0.0,2.0,0.9731655663695198,0.7476870034794407,0.87515,0,0,stable
2421__1800_1929,18,t_8_16,140.0,0.0,0.0,1.0,,0.8592513234900223,0.87515,0,1,stable
2421__1800_1929,19,t_8_16,240.0,0.0,0.0,2.0,0.9916670561452696,0.9306733646854687,0.87515,0,1,stable
2421__1800_1929,20,t_8_16,111.99951171875,0.0,0.0,3.0,0.9900748407020452,0.7684737794581769,0.87515,0,1,stable
2421__1800_1929,21,t_8_16,140.0,0.25,0.0,4.0,0.8058772736435822,0.7293491071428545,0.87515,0,0,mild
2421__1800_1929,22,t_8_16,120.0,0.0,0.0,2.0,0.966546771583959,0.6847451328707499,0.87515,0,0,stable
2421__1800_1929,23,t_8_16,140.0,0.0,0.0,2.0,0.922145786450508,0.913173859825886,0.87515,0,1,stable
2421__1800_1929,24,t_8_16,176.0,0.0,0.0,3.0,0.9979980669021302,0.8450716363393772,0.87515,0,1,stable
2421__1800_1929,25,t_8_16,112.0,0.25,0.25,2.0,0.9925259504789625,0.7795421507801545,0.87515,0,1,mild
2421__1800_1929,26,t_8_16,119.99969482421875,0.0,0.0,1.0,,0.8538570426285339,0.87515,0,1,stable
2421__1800_1929,27,t_8_16,216.0,0.0,0.0,3.0,0.9765680722973716,0.814176286200651,0.87515,0,1,stable
2421__1800_1929,28,t_8_16,128.0,0.0,0.0,2.0,0.9767601396765309,0.9012422679790052,0.87515,0,1,stable
2421__1800_1929,29,s_16_32,684.0,0.0,0.0,10.0,0.9908136629866083,0.927340145499124,0.87515,0,1,stable
2421__1800_1929,31,t_8_16,95.999267578125,0.0,0.0,3.0,0.4787149351516125,0.8672894756475579,0.87515,0,1,stable
2421__1800_1929,32,t_8_16,168.0,0.0,0.0,2.0,0.9772874082637745,0.7433066981699633,0.87515,0,0,stable
2421__1800_1929,33,t_8_16,191.999267578125,0.0,0.0,4.0,0.948903359374063,0.700766956895556,0.87515,0,0,stable
2421__1800_1929,34,t_8_16,200.0,0.0,0.0,3.0,0.9966725807983742,0.8581152015113482,0.87515,0,1,stable
2421__1800_1929,35,t_8_16,96.0,0.0,0.0,5.0,0.8767580231413339,0.6716954955069007,0.87515,0,0,stable
2421__1800_1929,36,t_8_16,144.0,0.0,0.0,2.0,0.9843312808756222,0.8703486780054505,0.87515,0,1,stable
2421__1800_1929,37,t_8_16,144.0,0.0,0.0,2.0,0.9949084889958862,0.7905950322103193,0.87515,0,1,stable
2421__1800_1929,38,t_8_16,127.999755859375,0.0,0.0,3.0,0.9637467074720658,0.7044024259964844,0.87515,0,0,stable
2421__1800_1929,39,t_8_16,144.0,0.0,0.0,3.0,0.9785690606179263,0.6218145111414564,0.87515,0,0,stable
2421__1800_1929,40,t_8_16,168.0,0.0,0.0,2.0,0.9881370033429151,0.7061057521857974,0.87515,0,0,stable
2421__1800_1929,41,t_8_16,120.0,0.0,0.0,1.0,,0.8832057512998793,0.87515,0,1,stable
2421__1800_1929,42,t_8_16,168.00018310546875,0.0,0.0,2.0,0.9012097414351877,0.7990586094701498,0.87515,0,1,stable
2421__1800_1929,43,t_8_16,140.0,0.0,0.0,3.0,0.9919303423213963,0.8532154986326528,0.87515,0,1,stable
2421__1800_1929,44,t_8_16,144.0,0.0,0.0,2.0,0.9951478900156638,0.847951977700172,0.87515,0,1,stable
2421__1800_1929,45,t_8_16,128.0001220703125,0.0,0.0,2.0,0.9795448864906073,0.8047826016516438,0.87515,0,1,stable
2421__1800_1929,46,t_8_16,128.0,0.0,0.0,2.0,0.9804555837718757,0.795629358564427,0.87515,0,1,stable
2421__1800_1929,47,t_8_16,111.99993896484375,0.0,0.0,3.0,0.989192271229893,0.8203646784158386,0.87515,0,1,stable
2421__1800_1929,48,t_8_16,252.0,0.0,0.0,4.0,0.9938653652388327,0.8197513288503437,0.87515,0,1,stable
2421__1800_1929,49,t_8_16,128.0,0.5,0.5,2.0,0.28286724892144194,0.8916008649286846,0.87515,0,1,mild
2421__1800_1929,50,t_8_16,84.0,0.0,0.0,1.0,,0.6549608324065628,0.87515,0,0,stable
2421__1800_1929,51,t_8_16,96.0,0.0,0.0,5.0,0.9620276809885451,0.6988437935180404,0.87515,0,0,stable
2421__1800_1929,52,t_8_16,110.0,0.0,0.0,1.0,,0.908053861337341,0.87515,0,1,stable
2421__1800_1929,53,t_8_16,80.0,0.0,0.0,1.0,,0.7697227030531715,0.87515,0,1,stable
2421__1800_1929,54,t_8_16,216.0,0.0,0.0,4.0,0.9908442469286878,0.6958388674362945,0.87515,0,0,stable
2421__1800_1929,55,t_8_16,112.0,0.0,0.0,3.0,0.997584604268367,0.8042561827586637,0.87515,0,1,stable
2421__1800_1929,56,t_8_16,140.0,0.0,0.0,1.0,,0.7874604631029223,0.87515,0,1,stable
2421__1800_1929,57,t_8_16,144.0,0.0,0.0,2.0,0.9680561148066587,0.8263921492907328,0.87515,0,1,stable
2421__1800_1929,58,t_8_16,144.0,0.0,0.0,2.0,0.8215221077301503,0.6508445833333386,0.87515,0,0,stable
2421__1800_1929,59,t_8_16,119.99984741210938,0.0,0.0,3.0,0.5951096059048152,0.8672035142690401,0.87515,0,1,stable
2421__1800_1929,60,t_8_16,140.0,0.0,0.0,3.0,0.9936090029891445,0.8265620090918258,0.87515,0,1,stable
2421__1800_1929,61,t_8_16,196.0,0.0,0.0,3.0,0.9836725459544974,0.7091113520408123,0.87515,0,0,stable
2421__1800_1929,62,t_8_16,168.0,0.0,0.0,4.0,0.8655675711707554,0.7852517114679822,0.87515,0,1,stable
2421__1800_1929,63,t_8_16,168.0,0.0,0.0,2.0,0.9870056408189332,0.766587492935754,0.87515,0,1,stable
2421__1800_1929,64,t_8_16,139.99996185302734,0.0,0.0,2.0,0.9858378314527362,0.794355106347078,0.87515,0,1,stable
2421__1800_1929,65,t_8_16,143.9999885559082,0.25,0.0,4.0,0.8878039426284536,0.9026762572347901,0.87515,0,1,mild
2421__1800_1929,66,t_8_16,98.0,0.0,0.0,2.0,0.9942051401516028,0.7209541322438243,0.87515,0,0,stable
2421__1800_1929,67,s_16_32,600.0,0.0,0.0,10.0,0.9990133158823837,0.8758412239036075,0.87515,0,1,stable
2421__1800_1929,68,s_16_32,660.0,0.0,0.0,10.0,0.9902254692237461,0.5964840523576401,0.87515,0,0,stable
2421__1800_1929,69,t_8_16,150.00030517578125,0.0,0.0,2.0,0.9533749009589148,0.6096663514256891,0.87515,0,0,stable
2421__1800_1929,70,t_8_16,135.0,0.25,0.0,2.0,0.9289683629170813,0.7731262869196335,0.87515,0,1,mild
2421__1800_1929,71,t_8_16,117.0,0.0,0.0,2.0,0.9364727861990528,0.706424240944642,0.87515,0,0,stable
2423__1200_1200,0,t_8_16,168.0,0.0,0.0,3.0,0.9773677346177976,0.8505308901500516,0.8576,0,1,stable
2423__1200_1200,1,t_8_16,168.0,0.0,0.0,3.0,0.9858756418128332,0.6260265320979949,0.8576,0,0,stable
2423__1200_1200,2,t_8_16,72.0,0.0,0.0,3.0,0.7864695361707074,0.6363615843551964,0.8576,0,0,stable
2423__1200_1200,3,t_8_16,100.0,0.3333333333333333,0.0,2.0,0.531835182224782,0.0,0.8576,1,0,mild
2423__1200_1200,4,t_8_16,144.0,0.0,0.0,3.0,0.9899336020535257,0.7264740110781674,0.8576,0,0,stable
2423__1200_1200,5,t_8_16,140.0,0.25,0.0,4.0,0.8669043646369079,0.9209289454794655,0.8576,0,1,mild
2423__1200_1200,6,t_8_16,95.9998779296875,0.0,0.0,1.0,,0.75135401387232,0.8576,0,1,stable
2423__1200_1200,7,t_8_16,140.00015258789062,0.0,0.0,2.0,0.9741134346819024,0.8201777113403218,0.8576,0,1,stable
2423__1200_1200,8,t_8_16,168.00018310546875,0.5,0.0,5.0,0.5435685089346367,0.7195792814143304,0.8576,0,0,mild
2423__1200_1200,9,t_8_16,140.0000762939453,0.0,0.0,2.0,0.9631305975790136,0.7138607592016684,0.8576,0,0,stable
2423__1200_1200,10,s_16_32,440.0,0.0,0.0,5.0,0.9854778983057704,0.767216955524595,0.8576,0,1,stable
2423__1200_1200,11,s_16_32,288.0,0.0,0.0,4.0,0.7999173503109327,0.8443104891335206,0.8576,0,1,stable
2423__1200_1200,12,t_8_16,84.0,0.0,0.0,2.0,0.9929813156040733,0.8109058070687762,0.8576,0,1,stable
2423__1200_1200,13,t_8_16,240.0,0.0,0.0,4.0,0.9943575304921555,0.8116377086036256,0.8576,0,1,stable
2423__1200_1200,14,t_8_16,140.0,0.0,0.0,2.0,0.24241650375562057,0.7202257677550358,0.8576,0,0,stable
2423__1200_1200,15,t_8_16,96.0,0.25,0.25,1.0,,0.6231156343285352,0.8576,0,0,mild
2423__1200_1200,16,t_8_16,180.0,0.0,0.0,3.0,0.9915085755578588,0.8194243378253726,0.8576,0,1,stable
2423__1200_1200,17,t_8_16,216.0,0.0,0.0,3.0,0.906899325812837,0.0,0.8576,1,0,stable
2423__1200_1200,18,t_8_16,216.0,0.0,0.0,4.0,0.8752596519290117,0.7532292828967899,0.8576,0,1,stable
2423__1200_1200,19,t_8_16,168.0,0.0,0.0,3.0,0.9773795256153831,0.8093243648363301,0.8576,0,1,stable
2423__1200_1200,20,t_8_16,160.0,0.5,0.5,1.0,,0.6698634937499938,0.8576,0,0,mild
2423__1200_1200,21,s_16_32,280.0,0.0,0.0,5.0,0.9668437863959972,0.7433371915745094,0.8576,0,0,stable
2423__1200_1200,22,t_8_16,191.99951171875,0.25,0.25,3.0,0.9871351459742621,0.7368064084059667,0.8576,0,0,mild
2423__1200_1200,23,t_8_16,144.0,0.0,0.0,3.0,0.9810238913389749,0.8732751041666617,0.8576,0,1,stable
2423__1200_1200,24,t_8_16,128.0,0.5,0.25,2.0,0.06432822949542599,0.47792025052365994,0.8576,1,0,mild
2423__1200_1200,25,t_8_16,128.0,0.0,0.0,2.0,0.6421659817387964,0.06703548048823403,0.8576,1,0,stable
2423__1200_1200,26,t_8_16,192.0,0.0,0.0,5.0,0.3371963840215969,0.0,0.8576,1,0,stable
2423__1200_1200,27,t_8_16,144.0,0.0,0.0,2.0,0.9941906373653137,0.6846426561385571,0.8576,0,0,stable
2423__1200_1200,28,t_8_16,160.0,0.0,0.0,4.0,0.9966351829900324,0.866199793843082,0.8576,0,1,stable
2423__1200_1200,29,s_16_32,260.0,0.25,0.0,8.0,0.3924221912969396,0.8295110686288004,0.8576,0,1,mild
2423__1200_1200,30,t_8_16,220.0,0.0,0.0,4.0,0.958835653060441,0.7182750687098626,0.8576,0,0,stable
2423__1200_1200,31,t_8_16,200.0,0.0,0.0,3.0,0.889328101956252,0.753417240000002,0.8576,0,1,stable
2423__1200_1200,32,t_8_16,192.0,0.0,0.0,4.0,0.6588973229805198,0.7298163333977762,0.8576,0,0,stable
2423__1200_1200,33,t_8_16,112.0,0.25,0.25,3.0,0.973123564110239,0.7517149592100645,0.8576,0,1,mild
2423__1200_1200,34,t_8_16,80.0,0.25,0.25,1.0,,0.6878145965352574,0.8576,0,0,mild
2423__1200_1200,35,t_8_16,80.0,0.25,0.0,1.0,,0.806052042425703,0.8576,0,1,mild
2423__1200_1200,38,t_8_16,120.0,0.0,0.0,3.0,0.9610138563477642,0.7805627163508391,0.8576,0,1,stable
2423__1200_1200,39,t_8_16,96.0,0.0,0.0,1.0,0.9997990557599483,0.5027814475413767,0.8576,0,0,stable
2423__1200_1200,40,t_8_16,140.0,0.0,0.0,3.0,0.9826511027982373,0.6898931909214772,0.8576,0,0,stable
2423__1200_1200,41,t_8_16,140.0,0.0,0.0,2.0,0.9868763910225445,0.733329985954703,0.8576,0,0,stable
2423__1200_1200,42,s_16_32,320.0,0.0,0.0,7.0,0.9949342699634559,0.7996788843750019,0.8576,0,1,stable
2423__1200_1200,43,t_8_16,90.0,0.0,0.0,3.0,0.954352467240204,0.8420819333333016,0.8576,0,1,stable
2423__1200_1200,44,t_8_16,176.0,0.0,0.0,3.0,0.9321675819503754,0.7726086818181767,0.8576,0,1,stable
2423__1200_1200,45,t_8_16,192.0,0.0,0.0,5.0,0.9789607694140767,0.8635156145833265,0.8576,0,1,stable
2423__1200_1200,46,t_8_16,160.0,0.0,0.0,2.0,0.9746990494276254,0.8077663406762805,0.8576,0,1,stable
2423__1200_1200,47,t_8_16,144.0,0.0,0.0,1.0,,0.9163164008846796,0.8576,0,1,stable
2423__1200_1200,48,t_8_16,120.0,0.0,0.0,2.0,0.9518182595001243,0.6034143403407156,0.8576,0,0,stable
2423__1200_1200,49,t_8_16,168.0,0.0,0.0,2.0,0.9944064750706677,0.7304608073436112,0.8576,0,0,stable
2423__1200_1200,50,t_8_16,100.0,0.25,0.0,1.0,0.9999998782316362,0.6001176920540279,0.8576,0,0,mild
2423__1200_1200,51,t_8_16,144.0,0.0,0.0,3.0,0.960753013377523,0.7080879790577262,0.8576,0,0,stable
2423__1200_1200,52,t_8_16,144.0,0.5,0.5,1.0,,0.8628183239689844,0.8576,0,1,mild
2423__1200_1200,53,t_8_16,160.0,0.0,0.0,2.0,0.9929140302303037,0.7690709687499983,0.8576,0,1,stable
2423__1200_1200,54,t_8_16,96.0,0.25,0.25,2.0,0.9648592931266577,0.8190745106875048,0.8576,0,1,mild
2423__1200_1200,55,t_8_16,84.0,0.25,0.0,5.0,0.09683992675073201,0.6638749573369638,0.8576,0,0,mild
2423__1200_1200,56,t_8_16,72.0,0.0,0.0,5.0,0.6288628590261163,0.7728240188944033,0.8576,0,1,stable
2423__1200_1200,57,t_8_16,72.0,0.0,0.0,3.0,0.980786254885116,0.700418119107473,0.8576,0,0,stable
2423__1200_1200,58,t_8_16,100.0,0.0,0.0,4.0,0.9611895257183506,0.0,0.8576,1,0,stable
2423__1200_1200,59,t_8_16,78.0,0.5,0.5,3.0,0.769852765509208,0.8765242243917881,0.8576,0,1,mild
2423__1200_1200,60,s_16_32,324.0,0.0,0.0,6.0,0.993664980919978,0.7442717589687379,0.8576,0,0,stable
2423__1200_1200,61,t_8_16,160.0,0.0,0.0,2.0,0.9955181704200292,0.7701556973417045,0.8576,0,1,stable
2423__1200_1200,62,t_8_16,128.0,0.0,0.0,2.0,0.9938453579871563,0.7723024577555653,0.8576,0,1,stable
2423__1200_1200,63,s_16_32,288.0,0.0,0.0,5.0,0.9751221963803545,0.8421127876689335,0.8576,0,1,stable
2423__1200_1200,64,s_16_32,308.0,0.0,0.0,4.0,0.987634088980874,0.6530208831168821,0.8576,0,0,stable
2423__1200_1200,65,t_8_16,128.0,0.0,0.0,2.0,0.9927898854459071,0.8885249519065666,0.8576,0,1,stable
2423__1200_1200,66,t_8_16,120.0,0.0,0.0,2.0,0.9996819210407026,0.8125864512131719,0.8576,0,1,stable
2423__1200_1200,67,t_8_16,64.0,0.25,0.25,1.0,,0.5443281874239835,0.8576,0,0,mild
2423__1200_1200,69,s_16_32,288.0,0.0,0.0,3.0,0.9862984186155815,0.7782850087068577,0.8576,0,1,stable
2423__1200_1200,70,t_8_16,112.0,0.25,0.25,3.0,0.9468487052027066,0.8053054283934101,0.8576,0,1,mild
2423__1200_1200,71,t_8_16,216.0,0.0,0.0,3.0,0.9947165176518028,0.7501379973054854,0.8576,0,1,stable
2423__1200_1200,72,s_16_32,288.0,0.0,0.0,4.0,0.9908336381795023,0.8287431663596938,0.8576,0,1,stable
2423__1200_1200,73,t_8_16,112.0,0.25,0.25,2.0,0.9556687368492505,0.8349280426826369,0.8576,0,1,mild
2423__1200_1200,74,t_8_16,112.0,0.25,0.25,0.0,,0.7168525941301171,0.8576,0,0,mild
2423__1200_1200,75,t_8_16,160.0,0.0,0.0,2.0,0.9777090769828839,0.7676474413033282,0.8576,0,1,stable
2423__1200_1200,76,t_8_16,112.0,0.0,0.0,2.0,0.997984913009151,0.7729717078124225,0.8576,0,1,stable
2423__1200_1200,77,t_8_16,140.0,0.0,0.0,2.0,0.9976783025467827,0.7952584294928926,0.8576,0,1,stable
2423__1200_1200,78,t_8_16,140.0,0.0,0.0,3.0,0.9424719827144218,0.748167210545166,0.8576,0,0,stable
2423__1200_1200,79,t_8_16,168.0,0.0,0.0,2.0,0.9953233665622739,0.8241695944616724,0.8576,0,1,stable
2423__1200_1200,80,t_8_16,140.0,0.25,0.0,1.0,0.9999999999860322,0.7162044413252817,0.8576,0,0,mild
2423__1200_1200,81,t_8_16,140.0,0.0,0.0,3.0,0.9732354647678138,0.8346595403274536,0.8576,0,1,stable
2423__1200_1200,82,t_8_16,96.0,0.25,0.0,2.0,0.4896168627495509,0.6935798279227405,0.8576,0,0,mild
2423__1200_1200,83,t_8_16,100.0,0.0,0.0,1.0,,0.6773197688488644,0.8576,0,0,stable
2423__1200_1200,84,t_8_16,100.0,0.0,0.0,1.0,,0.7936731329771419,0.8576,0,1,stable
2423__1200_1200,85,s_16_32,288.0,0.0,0.0,4.0,0.9975967453281243,0.8095772920131854,0.8576,0,1,stable
2423__1200_1200,86,t_8_16,128.0,0.0,0.0,2.0,0.8157895884122407,0.6729509531249979,0.8576,0,0,stable
2423__1200_1200,87,t_8_16,144.0,0.0,0.0,2.0,0.9880012033015798,0.7009735833333429,0.8576,0,0,stable
2423__1200_1200,88,t_8_16,154.0,0.0,0.0,2.0,0.9727840745934121,0.872124234626519,0.8576,0,1,stable
2423__1200_1200,89,t_8_16,96.0,0.0,0.0,5.0,0.9853053319100102,0.7682805257460658,0.8576,0,1,stable
2423__1200_1200,90,t_8_16,111.99995422362917,0.0,0.0,4.0,0.996873730977532,0.811014470503474,0.8576,0,1,stable
2423__1200_1200,91,t_8_16,96.0,0.0,0.0,5.0,0.9939099989835589,0.7856254452346189,0.8576,0,1,stable
2423__1200_1200,92,t_8_16,128.0,0.0,0.0,2.0,0.9794105798475919,0.6325580028815135,0.8576,0,0,stable
2423__1200_1200,93,t_8_16,108.0,0.0,0.0,5.0,0.9580881431405673,0.8027889685553409,0.8576,0,1,stable
2423__1200_1200,94,t_8_16,96.0,0.25,0.0,5.0,0.37877054462554377,0.877160211711654,0.8576,0,1,mild
2423__1200_1200,95,t_8_16,95.999755859375,0.0,0.0,3.0,0.9212366396277349,0.7777294996882359,0.8576,0,1,stable
2423__1200_1200,96,t_8_16,96.0,0.0,0.0,5.0,0.9711817363091282,0.6593986541610471,0.8576,0,0,stable
2423__1200_1200,97,t_8_16,159.99984741210938,0.0,0.0,5.0,0.8918257865414554,0.5097899651435135,0.8576,0,0,stable
2423__1200_1200,98,t_8_16,120.0,0.0,0.0,5.0,0.9784595355695219,0.7181275498388355,0.8576,0,0,stable
2423__1200_1200,99,t_8_16,160.0,0.25,0.25,3.0,0.9876607627845532,0.7129442470271059,0.8576,0,0,mild
2423__1200_1200,100,t_8_16,176.0,0.0,0.0,2.0,0.9926499692712758,0.8598533194173112,0.8576,0,1,stable
2423__1200_1200,101,t_8_16,84.0,0.0,0.0,6.0,0.9548132775565387,0.6935248819586537,0.8576,0,0,stable
2423__1200_1200,102,t_8_16,108.0,0.0,0.0,5.0,0.3346112026900416,0.7472548742533294,0.8576,0,0,stable
2423__1200_1200,103,t_8_16,72.0,0.0,0.0,2.0,0.9067982318653102,0.7450395135470391,0.8576,0,0,stable
2423__1200_1200,104,t_8_16,83.99995422363281,0.0,0.0,2.0,0.9476494363774153,0.6365419619666062,0.8576,0,0,stable
2423__1200_1200,105,t_8_16,95.9999885559082,0.0,0.0,4.0,0.8150244960192203,0.850043359363046,0.8576,0,1,stable
2423__1200_1200,107,t_8_16,84.0,0.0,0.0,5.0,0.9917541443484191,0.5962445282852583,0.8576,0,0,stable
2423__1200_1200,108,t_8_16,98.0,0.5,0.5,3.0,0.24778929645635542,0.0,0.8576,1,0,mild
2423__1200_1200,109,t_8_16,140.0,0.0,0.0,2.0,0.999403333421983,0.7672571890139702,0.8576,0,1,stable
2423__1200_1200,110,t_8_16,240.00009155273438,0.0,0.0,4.0,0.9969970228058045,0.7946388346511772,0.8576,0,1,stable
2423__1200_1200,111,s_16_32,608.0,0.0,0.0,10.0,0.980639352666946,0.8313531750352775,0.8576,0,1,stable
2423__1200_1200,112,t_8_16,120.0013122567907,0.0,0.0,5.0,0.9851406827780764,0.6294547434015103,0.8576,0,0,stable
2423__1200_1200,113,t_8_16,96.00009155273438,0.0,0.0,3.0,0.9688567445310683,0.8395252622159081,0.8576,0,1,stable
2423__1200_1200,114,t_8_16,180.0010986328125,0.0,0.0,3.0,0.6428717890385651,0.7754065399803589,0.8576,0,1,stable
2423__1200_1200,115,t_8_16,140.0,0.0,0.0,2.0,0.9986224318739855,0.7646095514314173,0.8576,0,1,stable
2423__1200_1200,116,t_8_16,112.0,0.0,0.0,2.0,0.9925231698840596,0.8993102208477315,0.8576,0,1,stable
2423__1200_1200,117,s_16_32,263.9996337890625,0.0,0.0,4.0,0.9967071663991125,0.8433588670710348,0.8576,0,1,stable
2423__1200_1200,118,t_8_16,96.0009765625,0.0,0.0,3.0,0.9935003907874815,0.6697325797751973,0.8576,0,0,stable
2423__1200_1200,119,t_8_16,84.00042724609375,0.0,0.0,1.0,0.9999999885214069,0.6451140934013952,0.8576,0,0,stable
2423__1200_1200,120,t_8_16,96.0,0.0,0.0,2.0,0.9618822659663899,0.9311445000000017,0.8576,0,1,stable
2423__1200_1200,121,t_8_16,96.0,0.0,0.0,3.0,0.9533838293262102,0.6799619361988499,0.8576,0,0,stable
2423__1200_1200,122,t_8_16,96.0,0.0,0.0,2.0,0.98355312651806,0.7900638101712975,0.8576,0,1,stable
2423__1200_1200,123,t_8_16,96.0,0.25,0.25,3.0,0.5972668568210818,0.7660107238232859,0.8576,0,1,mild
2423__1200_1200,124,t_8_16,108.0,0.0,0.0,2.0,0.974816995400073,0.82736746516245,0.8576,0,1,stable
2423__1200_1200,125,t_8_16,96.0,0.0,0.0,5.0,0.9830487010341841,0.8150858639916964,0.8576,0,1,stable
2423__1200_1200,126,t_8_16,96.0,0.0,0.0,2.0,0.694676992103735,0.7952920143027321,0.8576,0,1,stable
2423__1200_1200,127,t_8_16,64.0,0.0,0.0,3.0,0.6400412314922316,0.6663307221484269,0.8576,0,0,stable
2423__1200_1200,128,t_8_16,144.0,0.25,0.25,3.0,0.7053661166551431,0.6255953553869164,0.8576,0,0,mild
2423__1200_1200,129,t_8_16,108.0,0.0,0.0,3.0,0.9931476004819815,0.5762653614580775,0.8576,0,0,stable
2423__1200_1200,130,t_8_16,96.0,0.0,0.0,3.0,0.9534484718287193,0.7299570011702039,0.8576,0,0,stable
2423__1200_1200,131,t_8_16,108.0,0.0,0.0,3.0,0.9922402256834326,0.7032416942852739,0.8576,0,0,stable
2423__1200_1200,132,t_8_16,84.0,0.0,0.0,3.0,0.9906444914593024,0.5907875320438942,0.8576,0,0,stable
2423__1200_1200,133,t_8_16,112.0,0.0,0.0,2.0,0.9950104412926197,0.7507014769086369,0.8576,0,1,stable
2423__1200_1200,135,t_8_16,72.0,0.0,0.0,4.0,0.9790516233483091,0.6800573484805781,0.8576,0,0,stable
2423__1200_1200,136,t_8_16,128.0,0.0,0.0,1.0,,0.6030917792111136,0.8576,0,0,stable
2423__1200_1200,137,t_8_16,80.0,0.0,0.0,1.0,,0.6007127489833158,0.8576,0,0,stable
2423__1200_1200,139,t_8_16,100.0,0.25,0.0,1.0,,0.693578804851603,0.8576,0,0,mild
2423__1200_1200,140,t_8_16,96.0,0.5,0.5,1.0,,0.7949511316019394,0.8576,0,1,mild
2423__1200_1200,141,t_8_16,159.99951171875,0.0,0.0,2.0,0.9976804913352543,0.38188460832848475,0.8576,1,0,stable
2423__1200_1200,142,t_8_16,159.99951171875,0.0,0.0,3.0,0.9934895161626556,0.8192676606155719,0.8576,0,1,stable
2423__1200_1200,143,t_8_16,144.00048828125,0.0,0.0,3.0,0.9478920990587356,0.6711899814836592,0.8576,0,0,stable
2423__1200_1200,144,t_8_16,112.0,0.25,0.25,1.0,,0.84761813576913,0.8576,0,1,mild
2423__1200_1200,145,t_8_16,96.0,0.0,0.0,5.0,0.9757125163834405,0.7082452738536302,0.8576,0,0,stable
2423__1200_1200,146,t_8_16,96.0,0.25,0.0,4.0,0.6787340312300959,0.5474333647100276,0.8576,0,0,mild
2423__1200_1200,147,t_8_16,96.0,0.0,0.0,1.0,,0.7228440153214017,0.8576,0,0,stable
2423__1200_1200,148,t_8_16,216.0,0.0,0.0,4.0,0.9970564352624418,0.7952614733463121,0.8576,0,1,stable
2423__1200_1200,150,t_8_16,112.0,0.0,0.0,2.0,0.8899576569838203,0.7575853072002839,0.8576,0,1,stable
2423__1200_1200,151,t_8_16,180.0,0.25,0.25,3.0,0.20788588341854325,0.0,0.8576,1,0,mild
2423__1200_1200,152,t_8_16,191.9990234375,0.0,0.0,3.0,0.9320964844947345,0.6108080833333318,0.8576,0,0,stable
2423__1200_1200,153,t_8_16,96.0,0.0,0.0,1.0,,0.0,0.8576,1,0,stable
2423__1200_1200,154,t_8_16,84.0,0.0,0.0,5.0,0.830382270127327,0.7045862803485092,0.8576,0,0,stable
2423__1200_1200,155,t_8_16,96.0,0.0,0.0,5.0,0.9643865459886019,0.6662855519662687,0.8576,0,0,stable
2423__1200_1200,156,t_8_16,111.99957275390625,0.0,0.0,4.0,0.9826535893927292,0.7381834525194761,0.8576,0,0,stable
2423__1200_1200,157,t_8_16,128.0,0.5,0.5,0.0,,0.7874499663083315,0.8576,0,1,mild
2423__1200_1200,158,t_8_16,220.0,0.0,0.0,3.0,0.9883569612854272,0.7451273491902097,0.8576,0,0,stable
2423__1200_1200,159,t_8_16,180.0,0.0,0.0,3.0,0.945725514239598,0.5732521461696651,0.8576,0,0,stable
2423__1200_1200,160,t_8_16,140.0,0.25,0.0,4.0,0.9398562074157719,0.783914925807929,0.8576,0,1,mild
2423__1200_1200,161,t_8_16,120.0,0.0,0.0,2.0,0.9908132796180618,0.6726995120652752,0.8576,0,0,stable
2423__1200_1200,162,t_8_16,100.0,0.0,0.0,1.0,,0.7000261715574972,0.8576,0,0,stable
2423__1200_1200,163,t_8_16,96.0,0.0,0.0,2.0,0.968532871838915,0.6330188443785723,0.8576,0,0,stable
2423__1200_1200,164,t_8_16,84.0,0.0,0.0,3.0,0.9912897941532662,0.6238528892774975,0.8576,0,0,stable
2423__1200_1200,165,s_16_32,307.99932861328125,0.0,0.0,7.0,0.9939552667915531,0.691146714678145,0.8576,0,0,stable
2423__1200_1200,166,t_8_16,72.0,0.0,0.0,3.0,0.9957170912903961,0.5988847966573133,0.8576,0,0,stable
2423__1200_1200,167,t_8_16,140.0,0.5,0.0,5.0,0.6154824206960471,0.8759756571428537,0.8576,0,1,mild
2423__1200_1200,168,t_8_16,140.0,0.0,0.0,3.0,0.9622258177420614,0.7504691559789353,0.8576,0,1,stable
2423__1200_1200,169,s_16_32,320.0,0.0,0.0,7.0,0.8421681970590669,0.57461264322343,0.8576,0,0,stable
2423__1200_1200,170,t_8_16,112.0,0.0,0.0,1.0,,0.5874359992532372,0.8576,0,0,stable
2423__1200_1200,171,t_8_16,140.0,0.0,0.0,2.0,0.9646506673500029,0.47634849937249296,0.8576,1,0,stable
2423__1200_1200,172,t_8_16,120.0,0.0,0.0,1.0,,0.7568787017205862,0.8576,0,1,stable
2423__1200_1200,173,t_8_16,120.0,0.0,0.0,2.0,0.9952054980809077,0.7241372568370508,0.8576,0,0,stable
2423__1200_1200,174,t_8_16,120.0,0.0,0.0,1.0,,0.9108033185662333,0.8576,0,1,stable
2423__1200_1200,176,t_8_16,120.000732421875,0.0,0.0,1.0,,0.8190366434543483,0.8576,0,1,stable
2423__1200_1200,177,t_8_16,80.0,0.5,0.5,0.0,,0.5675056749591889,0.8576,0,0,mild
2423__1200_1200,178,t_8_16,159.9993896484375,0.0,0.0,2.0,0.9639511222202153,0.7758837125000002,0.8576,0,1,stable
2423__1200_1200,179,t_8_16,160.0,0.0,0.0,3.0,0.9493677098285312,0.7581199259865105,0.8576,0,1,stable
2423__1200_1200,180,t_8_16,160.0,0.0,0.0,2.0,0.9934924328025496,0.790460061428574,0.8576,0,1,stable
2423__1200_1200,181,t_8_16,144.00048828125,0.0,0.0,3.0,0.9764134701790529,0.7367260432622184,0.8576,0,0,stable
2423__1200_1200,182,t_8_16,160.0,0.0,0.0,2.0,0.9958434075455614,0.753707446816027,0.8576,0,1,stable
2423__1200_1200,183,t_8_16,159.99951171875,0.0,0.0,4.0,0.9895170355512484,0.6527771540168775,0.8576,0,0,stable
2423__1200_1200,184,t_8_16,144.00048828125,0.25,0.25,3.0,0.9778259873277486,0.7779743532715735,0.8576,0,1,mild
2423__1200_1200,185,t_8_16,128.0,0.5,0.5,0.0,,0.5709767179490411,0.8576,0,0,mild
2423__1200_1200,186,t_8_16,112.0,0.25,0.0,2.0,0.6255668097246567,0.666558703551688,0.8576,0,0,mild
2423__1200_1200,187,t_8_16,96.0,0.0,0.0,3.0,0.9631466197012459,0.7834767192191986,0.8576,0,1,stable
2423__1200_1200,188,t_8_16,96.0,0.0,0.0,5.0,0.9105778827596537,0.8026041887930699,0.8576,0,1,stable
2423__1200_1200,189,t_8_16,128.0,0.25,0.25,3.0,0.9037562220672082,0.7204603517444943,0.8576,0,0,mild
2423__1200_1200,190,t_8_16,84.0,0.0,0.0,3.0,0.7893986227126925,0.7570563226984898,0.8576,0,1,stable
2423__1200_1200,191,t_8_16,127.99951171875,0.0,0.0,2.0,0.9878537521323173,0.8163020983725364,0.8576,0,1,stable
2423__1200_1200,192,t_8_16,84.0,0.0,0.0,3.0,0.5943459679144041,0.7113086577085695,0.8576,0,0,stable
2423__1200_1200,193,t_8_16,128.0,0.0,0.0,3.0,0.982488644238708,0.8112543663772565,0.8576,0,1,stable
2423__1200_1200,194,t_8_16,112.0,0.25,0.25,2.0,0.944235521799295,0.6679096649667164,0.8576,0,0,mild
2423__1200_1200,195,t_8_16,72.0,0.0,0.0,3.0,0.5894366545567596,0.0021563957152522964,0.8576,1,0,stable
2423__1200_1200,196,t_8_16,128.0,0.5,0.5,0.0,,0.7124983375548314,0.8576,0,0,mild
2423__1200_1200,197,t_8_16,119.9993896484375,0.0,0.0,7.0,0.9461059042786042,0.0,0.8576,1,0,stable
2423__1200_1200,198,t_8_16,95.99951171875,0.5,0.5,2.0,0.6651813466304827,0.0,0.8576,1,0,mild
2423__1200_1200,199,t_8_16,96.0,0.0,0.0,5.0,0.9827784840529685,0.8609735977334224,0.8576,0,1,stable
2423__1200_1200,200,t_8_16,111.99957275390625,0.25,0.0,5.0,0.5757919049209196,0.4660865082765649,0.8576,1,0,mild
2423__1200_1200,201,t_8_16,95.99951171875,0.0,0.0,6.0,0.9340069504135694,0.6461617523578927,0.8576,0,0,stable
2423__1200_1200,202,t_8_16,72.0,0.0,0.0,3.0,0.7295205510178525,0.6836526887101234,0.8576,0,0,stable
2423__1200_1200,203,t_8_16,83.99957275390625,0.0,0.0,2.0,0.8998580563400731,0.8230110066891806,0.8576,0,1,stable
2423__1200_1200,204,t_8_16,128.0,0.0,0.0,3.0,0.9678492752754828,0.8171012967935418,0.8576,0,1,stable
2423__1200_1200,205,t_8_16,96.0,0.0,0.0,3.0,0.9428472737166579,0.7146911367743927,0.8576,0,0,stable
2423__1200_1200,207,t_8_16,100.0,0.0,0.0,1.0,,0.7783901258639642,0.8576,0,1,stable
2423__1200_1200,208,t_8_16,144.0,0.0,0.0,2.0,0.9220560907316987,0.7549600308062908,0.8576,0,1,stable
2423__1200_1200,209,t_8_16,120.0,0.0,0.0,1.0,,0.33724404105964356,0.8576,1,0,stable
2423__1200_1200,210,t_8_16,96.0,0.25,0.0,3.0,0.37261540102982965,0.5533360775697659,0.8576,0,0,mild
2423__1200_1200,211,t_8_16,100.0,0.25,0.0,1.0,0.9999999623562957,0.6550625472094564,0.8576,0,0,mild
2423__1200_1200,212,t_8_16,120.0,0.0,0.0,1.0,,0.863583917635576,0.8576,0,1,stable
2423__1200_1200,213,t_8_16,80.0,0.0,0.0,2.0,0.9953569033411375,0.7431945834566687,0.8576,0,0,stable
2423__1200_1200,214,t_8_16,144.0,0.0,0.0,2.0,0.9924562228139399,0.6755098759451039,0.8576,0,0,stable
2423__1200_1200,216,t_8_16,84.0,0.0,0.0,3.0,0.9825593835909888,0.6444316971547063,0.8576,0,0,stable
2423__1200_1200,217,s_16_32,288.0,0.0,0.0,4.0,0.9955291409012106,0.7674773525756262,0.8576,0,1,stable
2423__1200_1200,218,t_8_16,144.0,0.0,0.0,3.0,0.9310036949900545,0.8016709354070349,0.8576,0,1,stable
2423__1200_1200,219,t_8_16,108.0010986328125,0.0,0.0,4.0,0.8973432265004813,0.7485743912658468,0.8576,0,0,stable
2423__1200_1200,220,t_8_16,100.0,0.25,0.0,3.0,0.9005591753846898,0.701937456234287,0.8576,0,0,mild
2423__1200_1200,221,t_8_16,140.0,0.0,0.0,1.0,,0.7715213567912856,0.8576,0,1,stable
2423__1200_1200,222,t_8_16,168.0,0.0,0.0,2.0,0.9185691803868015,0.8008483821516711,0.8576,0,1,stable
2423__1200_1200,223,t_8_16,128.0,0.5,0.5,1.0,,0.6136738350369935,0.8576,0,0,mild
2423__1200_1200,224,t_8_16,176.0,0.0,0.0,3.0,0.9828496873119803,0.0,0.8576,1,0,stable
2423__1200_1200,225,t_8_16,128.0,0.0,0.0,2.0,0.9991756640571217,0.6992882358198307,0.8576,0,0,stable
2423__1200_1200,226,t_8_16,200.0,0.0,0.0,4.0,0.9413165588132327,0.6786696060450739,0.8576,0,0,stable
2423__1200_1200,227,t_8_16,96.0,0.25,0.25,3.0,0.8562210199170609,0.6702419061975332,0.8576,0,0,mild
2423__1200_1200,228,t_8_16,128.0,0.0,0.0,2.0,0.9806655787945797,0.7158484560139016,0.8576,0,0,stable
2423__1200_1200,229,t_8_16,96.0,0.0,0.0,3.0,0.965095752029618,0.6001306781657051,0.8576,0,0,stable
2423__1200_1200,230,t_8_16,192.0,0.0,0.0,3.0,0.9881419867622931,0.7413509933475124,0.8576,0,0,stable
2423__1200_1200,231,t_8_16,160.0,0.0,0.0,3.0,0.9976013847791744,0.4930384124653788,0.8576,1,0,stable
2423__1200_1200,232,t_8_16,96.0,0.0,0.0,1.0,,0.0,0.8576,1,0,stable
2423__1200_1200,233,t_8_16,128.0,0.0,0.0,2.0,0.9783428874361829,0.862555677242474,0.8576,0,1,stable
2423__1200_1200,234,s_16_32,288.0,0.0,0.0,5.0,0.99465739326552,0.6932111583108891,0.8576,0,0,stable
2423__1200_1200,235,t_8_16,180.0,0.25,0.0,5.0,0.9265053983053689,0.6974487835735373,0.8576,0,0,mild
2423__1200_1200,236,t_8_16,240.0,0.0,0.0,5.0,0.9478226324512038,0.8584050191917129,0.8576,0,1,stable
2423__1200_1200,237,t_8_16,127.99951171875,0.25,0.25,3.0,0.725521605573263,0.6838297570784235,0.8576,0,0,mild
2423__1200_1200,238,t_8_16,144.00048828125,0.0,0.0,2.0,0.9085388184505544,0.8111483014025795,0.8576,0,1,stable
2423__1200_1200,239,s_16_32,480.0,0.0,0.0,10.0,0.9458374667917882,0.6630477725289,0.8576,0,0,stable
2423__1200_1200,240,s_16_32,360.0,0.0,0.0,8.0,0.9747014919023624,0.7407586450626019,0.8576,0,0,stable
2423__1200_1200,241,s_16_32,527.9989929199219,0.0,0.0,7.0,0.9616152637913004,0.6447933827759988,0.8576,0,0,stable
2423__1200_1200,242,s_16_32,640.0,0.0,0.0,10.0,0.9310428655090802,0.7368986953125028,0.8576,0,0,stable
2423__1200_1200,243,s_16_32,272.00048828125,0.25,0.25,3.0,0.4562311949162586,0.19102134484049657,0.8576,1,0,mild
2423__1200_1200,244,s_16_32,308.0,0.0,0.0,5.0,0.7709870747048421,0.0310732571996558,0.8576,1,0,stable
2423__1200_1200,245,s_16_32,285.0,0.0,0.0,5.0,0.7409318896058146,0.0,0.8576,1,0,stable
2423__1200_1200,246,t_8_16,198.0,0.25,0.0,3.0,0.9903641610870543,0.5690640890699842,0.8576,0,0,mild
2423__1200_1200,247,t_8_16,221.0,0.0,0.0,5.0,0.9371450462581745,0.4559658424077497,0.8576,1,0,stable
2423__1200_1200,248,t_8_16,240.0,0.25,0.0,4.0,0.4244209386205722,0.0,0.8576,1,0,mild
2423__1200_1200,249,t_8_16,117.00079345703125,0.25,0.25,0.0,,0.5497052741966605,0.8576,0,0,mild
2423__1200_1200,250,t_8_16,192.0,0.0,0.0,4.0,0.9427818500723621,0.5806358366715254,0.8576,0,0,stable
2423__1200_1200,251,t_8_16,170.0,0.0,0.0,2.0,0.9964697146600164,0.7370159859841512,0.8576,0,0,stable
2423__1200_1200,252,t_8_16,176.0,0.0,0.0,3.0,0.628813753074065,0.0,0.8576,1,0,stable
2423__1200_1200,253,t_8_16,150.0,0.0,0.0,2.0,0.9958637777224728,0.0,0.8576,1,0,stable
2423__1200_1200,254,t_8_16,198.0,0.25,0.0,4.0,0.5577667637222329,0.01436581045327076,0.8576,1,0,mild
2423__1200_1200,255,t_8_16,84.0,0.0,0.0,4.0,0.9324679531959795,0.5824679879870274,0.8576,0,0,stable
2423__1200_1200,256,t_8_16,126.00013732910156,0.25,0.0,2.0,0.21587394433698856,0.38346567031712786,0.8576,1,0,mild
2482__600_600,0,t_8_16,139.9993896484375,0.0,0.0,2.0,0.99767678181147,0.8511960667426595,0.83015,0,1,stable
2482__600_600,1,t_8_16,111.99951171875,0.25,0.25,2.0,0.9968139985969197,0.7666029552537881,0.83015,0,1,mild
2482__600_600,2,t_8_16,144.0,0.25,0.25,2.0,0.9177072295904156,0.7654794295001728,0.83015,0,1,mild
2482__600_600,3,t_8_16,216.0,0.0,0.0,5.0,0.9901380609300869,0.8724483934159964,0.83015,0,1,stable
2482__600_600,4,s_16_32,280.0,0.0,0.0,4.0,0.9977303249133624,0.9265470648798975,0.83015,0,1,stable
2482__600_600,5,t_8_16,112.0,0.0,0.0,1.0,,0.758991751562266,0.83015,0,1,stable
2482__600_600,6,t_8_16,112.0,0.25,0.25,1.0,,0.8788961816688711,0.83015,0,1,mild
2482__600_600,7,t_8_16,128.0,0.0,0.0,2.0,0.9737522942502012,0.6999348290626528,0.83015,0,0,stable
2482__600_600,8,t_8_16,140.0,0.0,0.0,2.0,0.996097353413708,0.8241580682903656,0.83015,0,1,stable
2482__600_600,9,s_16_32,511.99951171875,0.0,0.0,10.0,0.9373398608803483,0.3037636035156267,0.83015,1,0,stable
2482__600_600,10,s_16_32,308.0,0.0,0.0,5.0,0.9774079499643542,0.5437217922077887,0.83015,0,0,stable
2482__600_600,11,t_8_16,186.99974060058594,0.25,0.0,5.0,0.7266330630483895,0.7417361176470557,0.83015,0,0,mild
2482__600_600,12,t_8_16,80.99986267089844,0.5,0.0,1.0,,0.5929887850919068,0.83015,0,0,mild
2497__1800_600,0,t_8_16,168.0,0.0,0.0,3.0,0.9872628828893883,0.8078128992575357,0.79155,0,1,stable
2497__1800_600,1,t_8_16,195.99935913085938,0.0,0.0,3.0,0.9878002389426864,0.7997930135680912,0.79155,0,1,stable
2497__1800_600,2,t_8_16,144.0,0.0,0.0,3.0,0.939739700679436,0.7214900150075135,0.79155,0,0,stable
2497__1800_600,3,t_8_16,224.0,0.0,0.0,5.0,0.9435696294057652,0.8024027371941643,0.79155,0,1,stable
2497__1800_600,4,t_8_16,140.0,0.0,0.0,2.0,0.9758169135263343,0.7577897138339453,0.79155,0,1,stable
2497__1800_600,5,t_8_16,168.0,0.0,0.0,1.0,,0.7146584335746362,0.79155,0,0,stable
2497__1800_600,6,t_8_16,195.99925231887028,0.0,0.0,5.0,0.8809707284956058,0.849905905624531,0.79155,0,1,stable
2497__1800_600,7,t_8_16,140.0,0.0,0.0,2.0,0.9103992978519851,0.5977865631160305,0.79155,0,0,stable
2497__1800_600,8,t_8_16,224.0,0.0,0.0,3.0,0.9785670666847929,0.7977078344659587,0.79155,0,1,stable
2497__1800_600,9,t_8_16,216.0,0.0,0.0,4.0,0.9810695227214189,0.6167345317485101,0.79155,0,0,stable
2497__1800_600,11,t_8_16,140.00005340576172,0.0,0.0,2.0,0.791626561790434,0.6767583616722272,0.79155,0,0,stable
2497__1800_600,12,s_16_32,324.0,0.0,0.0,5.0,0.8097518368461137,0.7042471604938271,0.79155,0,0,stable
2497__1800_600,13,t_8_16,195.9991455078125,0.25,0.0,3.0,0.6329417885636144,0.7506080335649055,0.79155,0,1,mild
2497__1800_600,14,t_8_16,128.0,0.25,0.25,2.0,0.9743102453110176,0.6935086838307208,0.79155,0,0,mild
2497__1800_600,15,t_8_16,196.0,0.0,0.0,3.0,0.9719366265178281,0.8967325269537285,0.79155,0,1,stable
2505__1800_600,0,t_8_16,251.9989013671875,0.0,0.0,3.0,0.9597353840237153,0.6690047380952346,0.78473,0,0,stable
2505__1800_600,1,t_8_16,120.0,0.0,0.0,2.0,0.9974584695819603,0.5209534040662991,0.78473,0,0,stable
2505__1800_600,2,t_8_16,84.0,0.0,0.0,1.0,0.999992335426693,0.5280862681727688,0.78473,0,0,stable
2505__1800_600,3,t_8_16,160.0,0.0,0.0,2.0,0.9995355189749036,0.6287400863792282,0.78473,0,0,stable
2505__1800_600,4,t_8_16,140.0,0.0,0.0,3.0,0.8453278534255901,0.679587928474871,0.78473,0,0,stable
2505__1800_600,5,t_8_16,160.0,0.0,0.0,2.0,0.9934832648422384,0.728118108471915,0.78473,0,0,stable
2505__1800_600,6,s_16_32,320.0,0.0,0.0,7.0,0.9959010822244814,0.684389503737045,0.78473,0,0,stable
2505__1800_600,7,t_8_16,83.9996337890625,0.25,0.0,5.0,0.8335475865680508,0.5319661459192332,0.78473,0,0,mild
2505__1800_600,8,t_8_16,216.0,0.0,0.0,2.0,0.9875773717474082,0.8160484418614989,0.78473,0,1,stable
2505__1800_600,9,t_8_16,180.0,0.0,0.0,3.0,0.9823197817489546,0.8729374499999997,0.78473,0,1,stable
2505__1800_600,10,t_8_16,196.0,0.0,0.0,2.0,0.9985085986820469,0.8107387538139281,0.78473,0,1,stable
2505__1800_600,11,t_8_16,196.0,0.25,0.0,2.0,0.165098020432019,0.8412475356103756,0.78473,0,1,mild
2505__1800_600,12,t_8_16,196.0,0.0,0.0,3.0,0.8949805098871149,0.7737812416988396,0.78473,0,1,stable
2505__1800_600,13,t_8_16,100.0006103515625,0.0,0.0,1.0,,0.5624443109826588,0.78473,0,0,stable
2505__1800_600,14,t_8_16,196.0,0.0,0.0,3.0,0.9756142946757296,0.8038812073733016,0.78473,0,1,stable
2505__1800_600,15,t_8_16,220.0,0.0,0.0,4.0,0.9762560728805477,0.6459079499941847,0.78473,0,0,stable
2505__1800_600,16,s_16_32,280.0,0.0,0.0,5.0,0.8451409331226115,0.6899973214285723,0.78473,0,0,stable
2505__1800_600,17,t_8_16,160.0,0.0,0.0,3.0,0.9985514817668701,0.7631337848375179,0.78473,0,1,stable
2505__1800_600,18,s_16_32,320.0,0.0,0.0,4.0,0.9960975179342847,0.7693507074603694,0.78473,0,1,stable
2505__1800_600,19,t_8_16,168.0,0.0,0.0,2.0,0.9695795129294071,0.7860074099743101,0.78473,0,1,stable
2505__1800_600,20,t_8_16,192.0,0.0,0.0,2.0,0.9663073308392762,0.7880531679779168,0.78473,0,1,stable
2505__1800_600,21,t_8_16,168.0,0.0,0.0,1.0,,0.7757126941180614,0.78473,0,1,stable
2505__1800_600,22,t_8_16,192.0,0.0,0.0,4.0,0.9908453166026717,0.7511963272147282,0.78473,0,1,stable
2505__1800_600,23,t_8_16,196.0,0.0,0.0,3.0,0.9862667980312151,0.8888009435429798,0.78473,0,1,stable
2505__1800_600,24,t_8_16,168.0,0.0,0.0,3.0,0.9710778416879682,0.6180202119892322,0.78473,0,0,stable
2505__1800_600,25,s_16_32,256.0,0.0,0.0,5.0,0.9837322324644576,0.8529888312575408,0.78473,0,1,stable
2505__1800_600,26,t_8_16,224.0,0.0,0.0,4.0,0.9729013596197211,0.7704314806383451,0.78473,0,1,stable
2505__1800_600,27,t_8_16,192.0,0.0,0.0,3.0,0.9848412879183007,0.7627020901296315,0.78473,0,1,stable
2505__1800_600,28,t_8_16,191.9990234375,0.25,0.0,4.0,0.36545584515243074,0.7047843119556263,0.78473,0,0,mild
2505__1800_600,29,s_16_32,288.0009765625,0.0,0.0,4.0,0.9730655487163825,0.7791148904441989,0.78473,0,1,stable
2505__1800_600,30,s_16_32,287.9998779259622,0.0,0.0,6.0,0.9930691713169674,0.8344098125657777,0.78473,0,1,stable
2505__1800_600,31,t_8_16,180.0,0.0,0.0,3.0,0.9682915173125473,0.6781931224443135,0.78473,0,0,stable
2505__1800_600,32,s_16_32,396.0,0.0,0.0,5.0,0.8934525620370481,0.5028639545454558,0.78473,0,0,stable
2505__1800_600,33,t_8_16,223.9991455078125,0.0,0.0,3.0,0.9664575842317155,0.8126834618257606,0.78473,0,1,stable
2505__1800_600,34,t_8_16,223.9991455078125,0.0,0.0,3.0,0.9559930141167049,0.7423760016022063,0.78473,0,0,stable
2505__1800_600,35,t_8_16,120.0,0.25,0.0,1.0,,0.5734826552178118,0.78473,0,0,mild
2505__1800_600,36,t_8_16,252.0,0.0,0.0,5.0,0.9738168134407503,0.7300092343520675,0.78473,0,0,stable
2505__1800_600,37,t_8_16,192.0,0.0,0.0,3.0,0.781410832370053,0.7723298453384244,0.78473,0,1,stable
2505__1800_600,38,t_8_16,160.0,0.0,0.0,2.0,0.9913012351941827,0.6748501835233374,0.78473,0,0,stable
2505__1800_600,39,t_8_16,112.0,0.0,0.0,3.0,0.48708761566231623,0.5752579107207977,0.78473,0,0,stable
2505__1800_600,40,t_8_16,80.0,0.0,0.0,1.0,,0.49175012634443793,0.78473,1,0,stable
2505__1800_600,41,t_8_16,160.0,0.0,0.0,2.0,0.9809976367522982,0.8554770637402682,0.78473,0,1,stable
2505__1800_600,42,t_8_16,140.0,0.0,0.0,2.0,0.9885122065370863,0.8062990541918227,0.78473,0,1,stable
2505__1800_600,43,t_8_16,168.0,0.0,0.0,1.0,0.9999976232893588,0.7263978242113635,0.78473,0,0,stable
2505__1800_600,44,t_8_16,80.0,0.25,0.0,1.0,,0.4934309537132159,0.78473,1,0,mild
2505__1800_600,45,t_8_16,120.0,0.25,0.0,4.0,0.9064964152998684,0.6786536199881769,0.78473,0,0,mild
2505__1800_600,46,t_8_16,120.000732421875,0.25,0.0,3.0,0.3643476588681763,0.7398939277630885,0.78473,0,0,mild
2505__1800_600,48,t_8_16,168.0,0.25,0.25,3.0,0.3747366980501747,0.6177350207025546,0.78473,0,0,mild
2505__1800_600,49,t_8_16,120.0,0.0,0.0,2.0,0.9963837009749386,0.6353994822268113,0.78473,0,0,stable
2505__1800_600,50,t_8_16,144.0,0.25,0.25,3.0,0.9892957414560608,0.6922584178842877,0.78473,0,0,mild
2505__1800_600,51,t_8_16,96.0,0.0,0.0,1.0,,0.7063614841684893,0.78473,0,0,stable
2505__1800_600,52,t_8_16,180.0,0.0,0.0,3.0,0.4185362680998598,0.6200681569704735,0.78473,0,0,stable
2505__1800_600,53,t_8_16,96.0,0.25,0.25,2.0,0.9795412757733337,0.5645678672898887,0.78473,0,0,mild
2505__1800_600,54,t_8_16,127.9990234375,0.0,0.0,5.0,0.8971823319177211,0.7231233414398628,0.78473,0,0,stable
2505__1800_600,55,t_8_16,160.0,0.0,0.0,2.0,0.9287326988066521,0.8024346298709959,0.78473,0,1,stable
2505__1800_600,56,t_8_16,112.0,0.0,0.0,2.0,0.5354388968206951,0.44205560241522796,0.78473,1,0,stable
2505__1800_600,57,t_8_16,160.0,0.0,0.0,1.0,,0.7918074219831156,0.78473,0,1,stable
2505__1800_600,58,t_8_16,80.0,0.0,0.0,2.0,0.9947037612437859,0.5367570200941029,0.78473,0,0,stable
2505__1800_600,59,t_8_16,192.0,0.0,0.0,5.0,0.9861444177934761,0.6664463740457003,0.78473,0,0,stable
2505__1800_600,60,t_8_16,144.0,0.25,0.25,2.0,0.956658283810998,0.5112724541044646,0.78473,0,0,mild
2505__1800_600,61,t_8_16,240.0,0.0,0.0,4.0,0.9671241511389044,0.0,0.30936,1,0,stable
2505__1800_600,62,t_8_16,112.0,0.0,0.0,2.0,0.9944553153246051,0.6013338486764417,0.30936,0,0,stable
2505__1800_600,63,t_8_16,144.0,0.0,0.0,2.0,0.990138455690631,0.6878948337206275,0.30936,0,0,stable
2505__1800_600,64,t_8_16,95.9996337890625,0.0,0.0,3.0,0.9716465104243033,0.6209251542402013,0.78473,0,0,stable
2505__1800_600,65,t_8_16,95.99951171875,0.0,0.0,2.0,0.812235992842967,0.8161657903118691,0.78473,0,1,stable
2505__1800_600,66,t_8_16,72.0,0.0,0.0,2.0,0.8363963736801627,0.6890277598329494,0.78473,0,0,stable
2505__1800_600,67,t_8_16,130.0,0.0,0.0,1.0,,0.5731887780177085,0.78473,0,0,stable
2505__1800_600,68,s_16_32,322.9995422344655,0.0,0.0,7.0,0.909433322265457,0.6496558745415202,0.78473,0,0,stable
2505__1800_600,69,t_8_16,154.0,0.0,0.0,3.0,0.8951298234171435,0.6874958995780274,0.78473,0,0,stable
2505__1800_600,70,t_8_16,210.0,0.0,0.0,5.0,0.7731726915910271,0.7601377333333347,0.78473,0,1,stable
2505__1800_600,71,t_8_16,132.0,0.0,0.0,1.0,,0.6172976189706948,0.78473,0,0,stable
2505__1800_600,72,t_8_16,84.0,0.0,0.0,5.0,0.7812763724399491,0.4577612371488751,0.78473,1,0,stable
2505__1800_600,73,t_8_16,125.99945068359375,0.0,0.0,2.0,0.991781111250469,0.5226420432889508,0.78473,0,0,stable
2505__1800_600,74,t_8_16,195.0,0.0,0.0,4.0,0.1042616596454008,0.7269863033585228,0.78473,0,0,stable
2505__1800_600,75,t_8_16,182.0,0.25,0.0,2.0,0.18784021150024002,0.6879870086854837,0.78473,0,0,mild
2505__1800_600,76,t_8_16,176.0,0.0,0.0,3.0,0.9251622996325038,0.7288832180111534,0.78473,0,0,stable
2505__1800_600,77,t_8_16,150.0,0.0,0.0,2.0,0.939486931135808,0.7139145152250642,0.78473,0,0,stable
2505__1800_600,78,t_8_16,130.0,0.25,0.0,2.0,0.9750522537018048,0.7055509929924676,0.78473,0,0,mild
2505__1800_600,79,t_8_16,139.9993896484375,0.0,0.0,2.0,0.968902207034569,0.665675253905216,0.78473,0,0,stable
2505__1800_600,80,t_8_16,144.0,0.5,0.25,3.0,0.644915745193586,0.7628784834585882,0.78473,0,1,mild
2505__1800_600,81,t_8_16,182.0,0.0,0.0,2.0,0.9427298895405518,0.6785961101786958,0.78473,0,0,stable
2505__1800_600,82,t_8_16,120.0,0.0,0.0,2.0,0.42791353943765253,0.6612709164123803,0.78473,0,0,stable
2505__1800_600,83,t_8_16,100.0,0.0,0.0,1.0,,0.5375857859796833,0.78473,0,0,stable
2505__1800_600,84,t_8_16,121.0,0.0,0.0,2.0,0.9771718257533686,0.6837075364167785,0.78473,0,0,stable
2505__1800_600,85,t_8_16,169.00079345703125,0.0,0.0,2.0,0.9493192945919638,0.6564904887348314,0.78473,0,0,stable
2505__1800_600,86,t_8_16,98.99945068359375,0.0,0.0,1.0,,0.5025835055379956,0.78473,0,0,stable
2505__1800_600,88,t_8_16,108.0,0.5,0.0,1.0,,0.6414817750733126,0.78473,0,0,mild
2505__1800_600,89,t_8_16,143.0,0.0,0.0,1.0,,0.6294956908107152,0.78473,0,0,stable
2505__1800_600,90,t_8_16,210.0,0.0,0.0,4.0,0.785833833473786,0.0,0.30936,1,0,stable
2505__1800_600,91,t_8_16,144.0,0.0,0.0,3.0,0.9690510486964432,0.0,0.30936,1,0,stable
2505__1800_600,92,s_16_32,266.0,0.0,0.0,4.0,0.9625031915839727,0.7178746683015845,0.78473,0,0,stable
2505__1800_600,93,t_8_16,194.9999008178711,0.0,0.0,3.0,0.9721966946140542,0.0,0.78473,1,0,stable
25112a9ec,0,t_8_16,70.0,0.0,0.0,3.0,0.9928383724658298,0.8325765714285689,0.92183,0,1,stable
2514__2113_0,0,t_8_16,112.0,0.0,0.0,2.0,0.98920156527641,0.8120794792337317,0.81306,0,1,stable
2514__2113_0,1,t_8_16,72.000732421875,0.0,0.0,4.0,0.9697595026974427,0.5342160045876689,0.81306,0,0,stable
2514__2113_0,2,t_8_16,112.0,0.5,0.5,0.0,,0.8442088703725361,0.81306,0,1,mild
2514__2113_0,3,t_8_16,128.0,0.0,0.0,3.0,0.9712982377886537,0.7864471310916039,0.81306,0,1,stable
2514__2113_0,4,t_8_16,128.0,0.0,0.0,2.0,0.9975493496376785,0.838386282902219,0.81306,0,1,stable
2514__2113_0,5,t_8_16,128.0,0.0,0.0,2.0,0.9985704066806647,0.7649366657839018,0.81306,0,1,stable
2514__2113_0,6,t_8_16,96.0,0.0,0.0,3.0,0.9215653841986301,0.6057042625053238,0.81306,0,0,stable
2514__2113_0,7,t_8_16,96.0009765625,0.0,0.0,5.0,0.9936599712958127,0.6849165633929021,0.81306,0,0,stable
2514__2113_0,8,t_8_16,84.0008544921875,0.0,0.0,6.0,0.8818772498282099,0.7333408271875269,0.81306,0,0,stable
2514__2113_0,9,t_8_16,72.000732421875,0.0,0.0,3.0,0.8772579907151722,0.5694179566237331,0.81306,0,0,stable
2514__2113_0,10,t_8_16,128.0,0.0,0.0,3.0,0.9817306278905988,0.772084811615871,0.81306,0,1,stable
2514__2113_0,12,t_8_16,196.0,0.0,0.0,5.0,0.951072417223179,0.6174984078922513,0.81306,0,0,stable
2514__2113_0,13,t_8_16,200.0,0.0,0.0,3.0,0.7521559370526003,0.0,0.81306,1,0,stable
2514__2113_0,14,t_8_16,160.0,0.25,0.25,3.0,0.8013136631843866,0.66485087369186,0.81306,0,0,mild
2514__2113_0,15,t_8_16,112.0,0.25,0.25,1.0,,0.6411909244224392,0.81306,0,0,mild
2514__2113_0,16,t_8_16,160.0,0.0,0.0,3.0,0.938779496541018,0.7113653587657737,0.81306,0,0,stable
2514__2113_0,17,t_8_16,159.99969482421875,0.0,0.0,3.0,0.9966283276155735,0.686477863788879,0.81306,0,0,stable
2514__2113_0,18,t_8_16,96.0,0.0,0.0,2.0,0.9954532289150134,0.5008088709859473,0.81306,0,0,stable
2514__2113_0,19,t_8_16,128.0,0.0,0.0,3.0,0.7903162609840945,0.6702148195310175,0.81306,0,0,stable
2514__2113_0,20,t_8_16,128.0,0.25,0.25,2.0,0.985362191529451,0.7252416558992674,0.81306,0,0,mild
2514__2113_0,21,t_8_16,180.00013732910156,0.0,0.0,3.0,0.9965792679405656,0.849539211111112,0.81306,0,1,stable
2514__2113_0,22,t_8_16,160.0,0.0,0.0,3.0,0.9580066370215371,0.7767115818052023,0.81306,0,1,stable
2514__2113_0,23,t_8_16,144.0,0.5,0.5,1.0,,0.7304483221417087,0.81306,0,0,mild
2514__2113_0,24,t_8_16,120.0,0.0,0.0,2.0,0.9972724424437106,0.7871034370522686,0.81306,0,1,stable
2514__2113_0,25,t_8_16,120.0,0.0,0.0,1.0,,0.7134890215550734,0.81306,0,0,stable
2514__2113_0,26,t_8_16,168.0,0.0,0.0,2.0,0.8537035888492087,0.7502531041495664,0.81306,0,1,stable
2514__2113_0,27,t_8_16,220.0,0.0,0.0,4.0,0.9889592964680126,0.6337406818181819,0.81306,0,0,stable
2514__2113_0,28,s_16_32,320.0,0.25,0.25,9.0,0.950347744614508,0.6431449040553883,0.81306,0,0,mild
2514__2113_0,29,t_8_16,88.0,0.0,0.0,1.0,,0.7483355825653898,0.81306,0,0,stable
2514__2113_0,30,t_8_16,130.0,0.0,0.0,1.0,,0.8903338593567097,0.81306,0,1,stable
2514__2113_0,31,t_8_16,69.9993896484375,0.0,0.0,3.0,0.9773660724891218,0.5632326282478444,0.81306,0,0,stable
2515__1800_0,0,t_8_16,160.0,0.0,0.0,2.0,0.8881320864971578,0.7995685343939353,0.74159,0,1,stable
2515__1800_0,1,t_8_16,160.00004577630898,0.0,0.0,3.0,0.9248574877317206,0.6893374487025763,0.74159,0,0,stable
2515__1800_0,2,s_16_32,264.0,0.0,0.0,4.0,0.9163293738129679,0.6091633035416948,0.74159,0,0,stable
2515__1800_0,4,t_8_16,140.0,0.0,0.0,1.0,,0.7039724071779822,0.74159,0,0,stable
2515__1800_0,5,t_8_16,96.0,0.0,0.0,5.0,0.9388876895860294,0.6565588846819578,0.74159,0,0,stable
2515__1800_0,6,t_8_16,162.0,0.0,0.0,3.0,0.669939716733276,0.6962373103799858,0.74159,0,0,stable
2515__1800_0,7,t_8_16,134.99977111816406,0.0,0.0,3.0,0.9531135563335429,0.7846858713803344,0.74159,0,1,stable
2515__1800_0,8,t_8_16,180.0,0.25,0.0,3.0,0.09027301856123865,0.6896663999999973,0.74159,0,0,mild
2545__3335_2400,0,s_16_32,288.0,0.0,0.0,7.0,0.997523255531417,0.914430459029311,0.82959,0,1,stable
2545__3335_2400,1,t_8_16,224.0,0.0,0.0,4.0,0.9960528921503254,0.9004637841934203,0.82959,0,1,stable
2545__3335_2400,2,t_8_16,168.0,0.0,0.0,2.0,0.8072210719110359,0.8866610755297013,0.82959,0,1,stable
2545__3335_2400,4,t_8_16,220.0,0.0,0.0,4.0,0.6844774571737466,0.0,0.79889,1,0,stable
2545__3335_2400,5,s_16_32,307.9986572265625,0.0,0.0,4.0,0.9910568353634827,0.8320663008545398,0.79889,0,1,stable
2545__3335_2400,6,t_8_16,224.0,0.0,0.0,5.0,0.9702055510343989,0.8641140898473965,0.82959,0,1,stable
2545__3335_2400,7,t_8_16,96.0,0.5,0.5,0.0,,0.0,0.82959,1,0,mild
2545__3335_2400,8,t_8_16,90.0,0.5,0.0,1.0,,0.0,0.82959,1,0,mild
2545__3335_2400,9,t_8_16,156.0,0.6666666666666666,0.3333333333333333,3.0,0.1980503311605751,0.6076401089743598,0.82959,0,0,high
2560__3000_1800,0,s_16_32,504.0,0.0,0.0,9.0,0.9085222595620724,0.7110564627518591,0.86962,0,0,stable
2560__3000_1800,1,t_8_16,220.0,0.0,0.0,0.0,,0.5451799653242415,0.86962,0,0,stable
2560__3000_1800,2,t_8_16,179.99972534179688,0.25,0.0,5.0,0.8899758891563887,0.7684080444444461,0.86962,0,1,mild
2560__3000_1800,3,t_8_16,200.0,0.0,0.0,4.0,0.9440289121413733,0.5977768063384595,0.86962,0,0,stable
2560__3000_1800,4,s_16_32,560.0,0.0,0.0,8.0,0.7400403329818601,0.6241712517857132,0.86962,0,0,stable
2560__3000_1800,5,s_16_32,264.0,0.0,0.0,4.0,0.9635497179969518,0.45162671021842626,0.86962,1,0,stable
2560__3000_1800,6,s_16_32,264.0,0.0,0.0,4.0,0.988925193532528,0.6325975279843385,0.86962,0,0,stable
2560__3000_1800,7,s_16_32,792.0,0.0,0.0,10.0,0.9490188691245123,0.5348615707070707,0.86962,0,0,stable
2560__3000_1800,8,t_8_16,168.0,0.0,0.0,3.0,0.9835466063864348,0.7208728770013743,0.86962,0,0,stable
2560__3000_1800,9,s_16_32,288.0,0.0,0.0,6.0,0.9744777321886712,0.6864287451143256,0.86962,0,0,stable
2560__3000_1800,10,t_8_16,160.0,0.0,0.0,3.0,0.8400443521286634,0.6517059350125327,0.86962,0,0,stable
2560__3000_1800,11,t_8_16,140.0,0.25,0.0,2.0,0.7028682421800944,0.6671884226253446,0.86962,0,0,mild
2560__3000_1800,12,t_8_16,144.0,0.0,0.0,2.0,0.9999891501542063,0.73415485826587,0.86962,0,0,stable
2560__3000_1800,13,t_8_16,168.0,0.0,0.0,2.0,0.9991195292622369,0.7113714524319326,0.86962,0,0,stable
2560__3000_1800,14,t_8_16,144.0,0.25,0.0,2.0,0.9988447597166569,0.5403019446729146,0.86962,0,0,mild
2560__3000_1800,15,t_8_16,192.0,0.0,0.0,3.0,0.9663632564297049,0.0,0.86962,1,0,stable
2560__3000_1800,16,t_8_16,180.0,0.0,0.0,4.0,0.9968948768711502,0.6643946915783038,0.86962,0,0,stable
2560__3000_1800,17,t_8_16,192.0,0.0,0.0,2.0,0.5686285811103596,0.7743607799610976,0.86962,0,1,stable
2560__3000_1800,18,t_8_16,192.0,0.0,0.0,2.0,0.98647333192002,0.7286855049527503,0.86962,0,0,stable
2560__3000_1800,19,t_8_16,140.0,0.0,0.0,3.0,0.9843879650077246,0.8193412131497976,0.86962,0,1,stable
2560__3000_1800,20,t_8_16,119.99969482421875,0.0,0.0,2.0,0.9964456461086825,0.771866635743554,0.86962,0,1,stable
2560__3000_1800,21,t_8_16,168.0,0.0,0.0,2.0,0.823008776423024,0.650230471828116,0.86962,0,0,stable
2560__3000_1800,22,t_8_16,180.0,0.0,0.0,3.0,0.9947741293531915,0.926730686069449,0.86962,0,1,stable
2560__3000_1800,23,t_8_16,160.0,0.0,0.0,1.0,,0.8911849467931734,0.86962,0,1,stable
2560__3000_1800,24,t_8_16,143.99945068359375,0.0,0.0,5.0,0.9880736528351981,0.8219414442853736,0.86962,0,1,stable
2560__3000_1800,25,t_8_16,128.0,0.0,0.0,3.0,0.9896003942641721,0.8404605537357285,0.86962,0,1,stable
2560__3000_1800,26,t_8_16,160.0,0.0,0.0,1.0,,0.82989944886577,0.86962,0,1,stable
2560__3000_1800,27,t_8_16,216.0,0.0,0.0,5.0,0.8975172391557228,0.765296990740741,0.86962,0,1,stable
2560__3000_1800,28,t_8_16,168.0,0.0,0.0,3.0,0.9742428427907799,0.6800867607310143,0.86962,0,0,stable
2560__3000_1800,29,t_8_16,224.0,0.0,0.0,5.0,0.9278387793344215,0.7576626852957625,0.86962,0,1,stable
2560__3000_1800,30,t_8_16,140.0,0.0,0.0,2.0,0.9981789653534041,0.8680168048053408,0.86962,0,1,stable
2560__3000_1800,31,t_8_16,192.0,0.0,0.0,3.0,0.9822019162665937,0.8306808367994319,0.86962,0,1,stable
2560__3000_1800,32,t_8_16,168.0,0.0,0.0,2.0,0.8525150202116993,0.7683746089073967,0.86962,0,1,stable
2560__3000_1800,33,t_8_16,192.0,0.0,0.0,2.0,0.9982735104248922,0.7352721875000053,0.86962,0,0,stable
2560__3000_1800,34,t_8_16,192.0,0.0,0.0,2.0,0.996943278647022,0.7753593750000052,0.86962,0,1,stable
2560__3000_1800,35,t_8_16,128.0,0.75,0.75,1.0,,0.7709339674807081,0.86962,0,1,high
2560__3000_1800,36,s_16_32,288.0,0.0,0.0,5.0,0.9955836801619675,0.7381207356160955,0.86962,0,0,stable
2560__3000_1800,37,s_16_32,264.0,0.0,0.0,6.0,0.7845399221348153,0.667402849883073,0.86962,0,0,stable
2560__3000_1800,38,t_8_16,180.0,0.0,0.0,4.0,0.9881884980907574,0.7771926120205941,0.86962,0,1,stable
2560__3000_1800,39,s_16_32,264.0,0.0,0.0,3.0,0.8932140032285002,0.6285816590909086,0.86962,0,0,stable
2560__3000_1800,40,t_8_16,240.0,0.0,0.0,4.0,0.9750882213048084,0.7101410999999993,0.86962,0,0,stable
2560__3000_1800,41,t_8_16,200.0,0.0,0.0,3.0,0.9924286473322569,0.8045321297742608,0.86962,0,1,stable
2560__3000_1800,42,t_8_16,220.0,0.0,0.0,4.0,0.9780182366402657,0.7459769066367951,0.86962,0,0,stable
2560__3000_1800,43,t_8_16,180.0,0.0,0.0,3.0,0.9861841300345014,0.8223966859414804,0.86962,0,1,stable
2560__3000_1800,44,t_8_16,180.0,0.0,0.0,2.0,0.9846461504947016,0.8714519999999976,0.86962,0,1,stable
2560__3000_1800,45,t_8_16,180.0,0.0,0.0,3.0,0.9880711567563207,0.8201560115632858,0.86962,0,1,stable
2560__3000_1800,46,s_16_32,352.0,0.0,0.0,6.0,0.9576119734710726,0.0223456283765457,0.13237,1,0,stable
2560__3000_1800,47,s_16_32,280.0,0.0,0.0,6.0,0.9757786380547568,0.640262585714289,0.86962,0,0,stable
2560__3000_1800,48,t_8_16,112.0,0.0,0.0,2.0,0.500471771928535,0.7970332553023842,0.86962,0,1,stable
2560__3000_1800,49,t_8_16,159.99998092651367,0.0,0.0,6.0,0.5918434559823402,0.7361150422312869,0.86962,0,0,stable
2560__3000_1800,50,t_8_16,144.0,0.25,0.25,3.0,0.9782177239859436,0.9174661574590329,0.86962,0,1,mild
2560__3000_1800,52,s_16_32,324.0,0.0,0.0,5.0,0.9604758996988527,0.6443328177524464,0.86962,0,0,stable
2560__3000_1800,53,t_8_16,180.0,0.0,0.0,2.0,0.9910473920752424,0.6545608744206421,0.86962,0,0,stable
2560__3000_1800,54,t_8_16,96.0,0.25,0.25,1.0,,0.46473907936021036,0.86962,1,0,mild
2560__3000_1800,55,t_8_16,160.0,0.0,0.0,2.0,0.9986032433313288,0.6278713402440727,0.86962,0,0,stable
2560__3000_1800,56,t_8_16,96.0,0.0,0.0,6.0,0.9499244579590359,0.5386608870149026,0.86962,0,0,stable
2560__3000_1800,57,t_8_16,112.0,0.0,0.0,1.0,,0.6175504666652434,0.86962,0,0,stable
2560__3000_1800,58,t_8_16,112.0,0.0,0.0,2.0,0.9994913357998121,0.5595327626535658,0.86962,0,0,stable
2560__3000_1800,59,s_16_32,256.0,0.0,0.0,3.0,0.987318953536917,0.5468786718750003,0.86962,0,0,stable
2560__3000_1800,60,t_8_16,127.99993896484375,0.0,0.0,4.0,0.9488913916592264,0.6829787536886636,0.86962,0,0,stable
2560__3000_1800,62,t_8_16,108.0,0.0,0.0,5.0,0.9361581895000961,0.6877798381010729,0.86962,0,0,stable
2560__3000_1800,63,t_8_16,144.0,0.5,0.5,1.0,,0.6910557124184822,0.86962,0,0,mild
2560__3000_1800,64,t_8_16,140.0,0.0,0.0,3.0,0.9713281744374825,0.5724297633531462,0.86962,0,0,stable
2560__3000_1800,65,t_8_16,160.0,0.25,0.0,5.0,0.9014402476587735,0.7004852713292731,0.86962,0,0,mild
2560__3000_1800,66,s_16_32,480.0,0.0,0.0,5.0,0.9816286830355746,0.6001074333333317,0.86962,0,0,stable
2560__3000_1800,67,t_8_16,98.0,0.0,0.0,2.0,0.9329613890580887,0.7488026377840343,0.86962,0,0,stable
2560__3000_1800,68,t_8_16,96.0,0.0,0.0,1.0,,0.5032224399340722,0.86962,0,0,stable
2560__3000_1800,69,t_8_16,180.0,0.0,0.0,2.0,0.9893748401265334,0.7629660591574638,0.86962,0,1,stable
2560__3000_1800,70,t_8_16,180.0,0.0,0.0,3.0,0.5464041671733691,0.5608491079747046,0.86962,0,0,stable
2560__3000_1800,71,t_8_16,112.0,0.0,0.0,2.0,0.9843928586676499,0.8450758770362796,0.86962,0,1,stable
2560__3000_1800,72,t_8_16,120.0,0.25,0.0,5.0,0.780354891436751,0.604906093072623,0.86962,0,0,mild
2560__3000_1800,73,t_8_16,120.0,0.0,0.0,7.0,0.9636807756427481,0.6550514403980422,0.86962,0,0,stable
2560__3000_1800,74,t_8_16,180.0006103515625,0.0,0.0,3.0,0.9771239350256001,0.8146044708134336,0.86962,0,1,stable
2560__3000_1800,75,t_8_16,220.0,0.0,0.0,3.0,0.9966229469269074,0.6880040954545465,0.86962,0,0,stable
2560__3000_1800,76,t_8_16,84.0,0.0,0.0,4.0,0.7996076698754954,0.5029527127010638,0.86962,0,0,stable
2560__3000_1800,77,t_8_16,140.0,0.0,0.0,2.0,0.9648220513418067,0.8181110335152271,0.86962,0,1,stable
2560__3000_1800,78,t_8_16,144.0,0.0,0.0,2.0,0.9927639316449817,0.7445339104420614,0.86962,0,0,stable
2560__3000_1800,79,t_8_16,252.0,0.0,0.0,3.0,0.9877140099140963,0.7801199818836037,0.86962,0,1,stable
2560__3000_1800,80,t_8_16,127.99998474121094,0.0,0.0,6.0,0.9868211848542615,0.8117696270529463,0.86962,0,1,stable
2560__3000_1800,81,t_8_16,144.0,0.0,0.0,3.0,0.9582247799436625,0.5866082326816517,0.86962,0,0,stable
2560__3000_1800,82,t_8_16,84.0,0.0,0.0,5.0,0.6636603722033602,0.704801318018739,0.86962,0,0,stable
2560__3000_1800,83,t_8_16,128.0,0.25,0.25,2.0,0.9781863335709693,0.6462123493478497,0.86962,0,0,mild
2560__3000_1800,84,t_8_16,176.0,0.0,0.0,4.0,0.9912075720176734,0.6572650448289893,0.86962,0,0,stable
2560__3000_1800,85,t_8_16,200.0,0.0,0.0,3.0,0.9909258130186456,0.5583290981564819,0.86962,0,0,stable
2560__3000_1800,86,s_16_32,528.0,0.0,0.0,9.0,0.9770530938036894,0.6891799950952805,0.86962,0,0,stable
2560__3000_1800,87,t_8_16,192.0,0.0,0.0,3.0,0.9826959610801645,0.7643015220037295,0.86962,0,1,stable
2560__3000_1800,88,t_8_16,100.0,0.0,0.0,1.0,,0.6157558688076704,0.86962,0,0,stable
2560__3000_1800,89,t_8_16,111.99951171875,0.0,0.0,3.0,0.9817245407832075,0.7617513283276693,0.86962,0,1,stable
2560__3000_1800,90,t_8_16,199.99969482421875,0.0,0.0,2.0,0.9868998129937837,0.7519105494046003,0.86962,0,1,stable
2560__3000_1800,91,t_8_16,120.0,0.0,0.0,1.0,,0.6219256466122077,0.86962,0,0,stable
2560__3000_1800,93,t_8_16,111.99998664855957,0.0,0.0,3.0,0.9830218781243895,0.6929950329581013,0.86962,0,0,stable
2560__3000_1800,94,s_16_32,324.0,0.0,0.0,7.0,0.9685821832002334,0.6665947430161464,0.86962,0,0,stable
2560__3000_1800,95,s_16_32,560.0,0.0,0.0,10.0,0.9921291644687503,0.7986527232142845,0.86962,0,1,stable
2560__3000_1800,96,t_8_16,96.0,0.0,0.0,1.0,,0.5406502779347917,0.86962,0,0,stable
2560__3000_1800,97,t_8_16,160.0,0.0,0.0,2.0,0.9908241292726309,0.6778304852166753,0.86962,0,0,stable
2560__3000_1800,98,t_8_16,140.0,0.0,0.0,1.0,,0.7533089055192576,0.86962,0,1,stable
2560__3000_1800,99,t_8_16,112.0,0.5,0.5,1.0,,0.7494333393423838,0.86962,0,0,mild
2560__3000_1800,100,t_8_16,96.0,0.0,0.0,3.0,0.973760264591025,0.5493404349356319,0.86962,0,0,stable
2560__3000_1800,101,t_8_16,143.99993133544922,0.0,0.0,4.0,0.986435876075583,0.7937775282717568,0.86962,0,1,stable
2560__3000_1800,102,t_8_16,144.0,0.0,0.0,2.0,0.9903372014428445,0.7683296375388801,0.86962,0,1,stable
2560__3000_1800,103,s_16_32,288.0,0.0,0.0,5.0,0.9747221678826916,0.6545639139924022,0.86962,0,0,stable
2560__3000_1800,104,t_8_16,140.0,0.0,0.0,2.0,0.9382348222966679,0.7780479127541181,0.86962,0,1,stable
2560__3000_1800,105,t_8_16,160.0009765625,0.0,0.0,3.0,0.9388936254039929,0.5989033425537236,0.86962,0,0,stable
2560__3000_1800,106,t_8_16,112.0,0.25,0.25,3.0,0.9914941014102299,0.7183656140649881,0.86962,0,0,mild
2560__3000_1800,107,t_8_16,132.0,0.0,0.0,7.0,0.529131406478834,0.5237289907807574,0.86962,0,0,stable
2560__3000_1800,108,s_16_32,360.0000762939453,0.0,0.0,6.0,0.9813556475634271,0.551467788151835,0.86962,0,0,stable
2560__3000_1800,109,t_8_16,168.0,0.0,0.0,2.0,0.9988075732831895,0.6286793653527604,0.86962,0,0,stable
2560__3000_1800,110,t_8_16,168.0,0.0,0.0,3.0,0.7847809273703823,0.7167562892023522,0.86962,0,0,stable
2560__3000_1800,111,s_16_32,280.0,0.0,0.0,7.0,0.9264580521456892,0.46753233540097444,0.86962,1,0,stable
2560__3000_1800,112,t_8_16,180.0,0.25,0.0,5.0,0.9402906589969758,0.7052213906199615,0.86962,0,0,mild
2560__3000_1800,113,t_8_16,160.0,0.0,0.0,2.0,0.961337049860662,0.7418627050456356,0.86962,0,0,stable
2560__3000_1800,114,t_8_16,112.0,0.5,0.5,1.0,,0.816748816218271,0.86962,0,1,mild
2560__3000_1800,115,t_8_16,140.0,0.0,0.0,4.0,0.9085564068002835,0.7440741969709884,0.86962,0,0,stable
2560__3000_1800,116,t_8_16,192.0,0.5,0.5,0.0,,0.5964942231505792,0.86962,0,0,mild
2560__3000_1800,117,t_8_16,112.0001220703125,0.5,0.5,1.0,,0.7157415656226747,0.86962,0,0,mild
2560__3000_1800,118,s_16_32,352.0,0.0,0.0,7.0,0.9855903507533001,0.4710138917963437,0.86962,1,0,stable
2560__3000_1800,119,t_8_16,128.0,0.75,0.75,1.0,,0.5002244207424245,0.86962,0,0,high
2560__3000_1800,120,t_8_16,176.0,0.0,0.0,4.0,0.9792349551581252,0.7705119802441888,0.86962,0,1,stable
2560__3000_1800,121,t_8_16,120.0,0.0,0.0,7.0,0.7724805560133896,0.4561154310981225,0.86962,1,0,stable
2560__3000_1800,122,t_8_16,110.0,0.0,0.0,1.0,,0.7422601158455618,0.86962,0,0,stable
2560__3000_1800,123,t_8_16,112.0,0.25,0.25,3.0,0.9720257177339211,0.5516735032544214,0.86962,0,0,mild
2560__3000_1800,124,t_8_16,120.0,0.0,0.0,2.0,0.9548326595976141,0.6367755880529123,0.86962,0,0,stable
2560__3000_1800,125,t_8_16,140.0,0.0,0.0,2.0,0.997270145654156,0.8249249866471783,0.86962,0,1,stable
2560__3000_1800,126,t_8_16,168.0,0.0,0.0,2.0,0.9793582085443137,0.6939127962597211,0.86962,0,0,stable
2560__3000_1800,127,t_8_16,120.0,0.0,0.0,3.0,0.9167713642465499,0.6456644410349661,0.86962,0,0,stable
2560__3000_1800,128,s_16_32,256.0,0.0,0.0,5.0,0.9929864922482108,0.7110581008282165,0.86962,0,0,stable
2560__3000_1800,129,t_8_16,96.0,0.25,0.25,1.0,,0.5484607172577484,0.86962,0,0,mild
2560__3000_1800,130,t_8_16,144.0,0.0,0.0,4.0,0.9683405207817783,0.5550442108342574,0.86962,0,0,stable
2560__3000_1800,131,t_8_16,120.0,0.0,0.0,1.0,,0.7008480295790694,0.86962,0,0,stable
2560__3000_1800,132,t_8_16,140.0,0.0,0.0,1.0,,0.7417080850589136,0.86962,0,0,stable
2560__3000_1800,133,t_8_16,96.0,0.0,0.0,3.0,0.9884683950361026,0.5145365842990062,0.86962,0,0,stable
2560__3000_1800,134,t_8_16,180.0,0.25,0.0,5.0,0.3498715257083837,0.910976631869465,0.86962,0,1,mild
2560__3000_1800,135,t_8_16,200.0,0.0,0.0,2.0,0.9562690650213282,0.6611417967274114,0.86962,0,0,stable
2560__3000_1800,136,t_8_16,160.0,0.0,0.0,2.0,0.9491264261164585,0.7941618554273389,0.86962,0,1,stable
2560__3000_1800,137,t_8_16,144.0,0.0,0.0,4.0,0.9394662535859681,0.6496591191379096,0.86962,0,0,stable
2560__3000_1800,138,t_8_16,108.0,0.0,0.0,3.0,0.9521360437997893,0.6200814200698551,0.86962,0,0,stable
2560__3000_1800,139,t_8_16,119.9996337890625,0.0,0.0,4.0,0.9590647474716363,0.6344969360035829,0.86962,0,0,stable
2560__3000_1800,140,t_8_16,160.0,0.0,0.0,3.0,0.9742708142347273,0.6498557832537288,0.86962,0,0,stable
2560__3000_1800,141,s_16_32,480.0,0.0,0.0,9.0,0.5031950532628768,0.6890340670850639,0.86962,0,0,stable
2560__3000_1800,142,t_8_16,216.0,0.25,0.0,6.0,0.7791629079092286,0.7389425555555481,0.86962,0,0,mild
2560__3000_1800,143,t_8_16,139.99957275390625,0.0,0.0,2.0,0.9925622596814421,0.6061716699076386,0.86962,0,0,stable
2560__3000_1800,144,t_8_16,96.0,0.0,0.0,1.0,,0.5758608420757906,0.86962,0,0,stable
2560__3000_1800,145,t_8_16,120.0,0.0,0.0,2.0,0.9986807976657668,0.7000214837548473,0.86962,0,0,stable
2560__3000_1800,146,t_8_16,160.0,0.0,0.0,3.0,0.9269961422593594,0.7044148503127757,0.86962,0,0,stable
2560__3000_1800,147,t_8_16,208.0,0.0,0.0,3.0,0.9894895078509116,0.5448881246822341,0.86962,0,0,stable
2560__3000_1800,150,t_8_16,240.0,0.0,0.0,5.0,0.9912007842291015,0.733024849511688,0.86962,0,0,stable
2560__3000_1800,151,t_8_16,252.0,0.0,0.0,3.0,0.9894211187322024,0.7547709458848192,0.86962,0,1,stable
2560__3000_1800,152,t_8_16,112.0,0.0,0.0,2.0,0.9484010048972671,0.6363223758591489,0.86962,0,0,stable
2560__3000_1800,153,t_8_16,120.0,0.0,0.0,1.0,,0.7177986207355942,0.86962,0,0,stable
2560__3000_1800,154,t_8_16,160.0,0.0,0.0,3.0,0.979020993442866,0.7126740416298326,0.86962,0,0,stable
2560__3000_1800,155,s_16_32,264.0,0.0,0.0,7.0,0.9899294680706312,0.799996009188815,0.86962,0,1,stable
2560__3000_1800,156,t_8_16,192.0,0.0,0.0,2.0,0.9845873116217017,0.7932770849149499,0.86962,0,1,stable
2560__3000_1800,157,t_8_16,140.0,0.0,0.0,2.0,0.9959573562680996,0.774524920885517,0.86962,0,1,stable
2560__3000_1800,158,t_8_16,180.0,0.0,0.0,3.0,0.9787718213698813,0.6988163388888792,0.86962,0,0,stable
2560__3000_1800,159,t_8_16,160.0,0.0,0.0,3.0,0.9709088272556124,0.6972402017775718,0.86962,0,0,stable
2560__3000_1800,160,t_8_16,84.0,0.0,0.0,2.0,0.981896581416699,0.7622310706256289,0.86962,0,1,stable
2560__3000_1800,161,t_8_16,84.0,0.25,0.0,4.0,0.41625332384165004,0.6277246988386137,0.86962,0,0,mild
2560__3000_1800,162,t_8_16,143.9999656677246,0.0,0.0,4.0,0.9740138704760692,0.7783517296364213,0.86962,0,1,stable
2560__3000_1800,163,t_8_16,160.0,0.0,0.0,3.0,0.9523957877422076,0.5861078904226418,0.86962,0,0,stable
2560__3000_1800,164,t_8_16,180.0,0.0,0.0,3.0,0.9909651323557247,0.8996516930564724,0.86962,0,1,stable
2560__3000_1800,165,t_8_16,112.0,0.5,0.5,1.0,,0.7511282595986147,0.86962,0,1,mild
2560__3000_1800,166,t_8_16,160.0,0.0,0.0,3.0,0.981166896394423,0.8295596841105571,0.86962,0,1,stable
2560__3000_1800,167,t_8_16,108.0,0.0,0.0,3.0,0.9741517090377804,0.5861102454377355,0.86962,0,0,stable
2560__3000_1800,168,s_16_32,528.0,0.0,0.0,10.0,0.9918896701998208,0.41005012878787733,0.86962,1,0,stable
2560__3000_1800,169,t_8_16,160.0,0.25,0.25,3.0,0.899137556994128,0.7146253938120163,0.86962,0,0,mild
2560__3000_1800,170,t_8_16,95.9996337890625,0.0,0.0,4.0,0.9720752847462427,0.5373285351760866,0.86962,0,0,stable
2560__3000_1800,171,t_8_16,200.0,0.0,0.0,2.0,0.9916505621225395,0.7791229001208418,0.86962,0,1,stable
2560__3000_1800,172,t_8_16,167.99997329711914,0.0,0.0,2.0,0.9893995651343218,0.7566804633560551,0.86962,0,1,stable
2560__3000_1800,173,t_8_16,176.0,0.5,0.5,2.0,0.864900089161041,0.6797222415353134,0.86962,0,0,mild
2560__3000_1800,174,t_8_16,108.0003662109375,0.0,0.0,5.0,0.9901518792474541,0.6294634401190148,0.86962,0,0,stable
2560__3000_1800,175,t_8_16,96.0,0.0,0.0,3.0,0.961845244659277,0.5852941102904209,0.86962,0,0,stable
2560__3000_1800,176,t_8_16,112.0001220703125,0.0,0.0,2.0,0.9969158577672418,0.7925353130598851,0.86962,0,1,stable
2560__3000_1800,177,t_8_16,72.0,0.0,0.0,3.0,0.9759988193882168,0.6427810134808588,0.86962,0,0,stable
2560__3000_1800,178,t_8_16,128.0,0.25,0.25,3.0,0.968383600367371,0.7711061828162552,0.86962,0,1,mild
2560__3000_1800,179,t_8_16,111.99994659423828,0.0,0.0,5.0,0.9892237301332129,0.8176582587070551,0.86962,0,1,stable
2560__3000_1800,180,t_8_16,128.0,0.0,0.0,2.0,0.9352534236911024,0.584221250890977,0.86962,0,0,stable
2560__3000_1800,181,s_16_32,308.0,0.0,0.0,4.0,0.9967803938848422,0.5868456144143642,0.86962,0,0,stable
2560__3000_1800,182,s_16_32,628.999870300293,0.5,0.0,10.0,0.3055187030271574,0.0,0.86962,1,0,mild
2560__3000_1800,183,s_16_32,340.0,0.0,0.0,7.0,0.995959853848265,0.7559823606232962,0.86962,0,1,stable
2560__3000_1800,184,t_8_16,108.0,0.0,0.0,3.0,0.5750672695526113,0.6900736733201575,0.86962,0,0,stable
2591__1800_1200,0,t_8_16,252.0,0.0,0.0,3.0,0.9970312495146074,0.8772549436015415,0.79586,0,1,stable
2591__1800_1200,1,t_8_16,240.0,0.0,0.0,4.0,0.9911757516364113,0.7869213741287232,0.79586,0,1,stable
2591__1800_1200,2,t_8_16,216.0,0.0,0.0,2.0,0.9894748350641365,0.6205447634819419,0.79586,0,0,stable
2591__1800_1200,3,t_8_16,120.0,0.0,0.0,2.0,0.9655523064685801,0.6861140275086669,0.79586,0,0,stable
2591__1800_1200,4,s_16_32,384.0,0.0,0.0,6.0,0.9903752878350004,0.7972570035023709,0.79586,0,1,stable
2591__1800_1200,5,t_8_16,96.0,0.0,0.0,2.0,0.8835934373657313,0.8029461318410306,0.79586,0,1,stable
2591__1800_1200,6,t_8_16,168.0,0.0,0.0,2.0,0.8203190614014858,0.7241504163864912,0.79586,0,0,stable
2591__1800_1200,7,t_8_16,192.0,0.0,0.0,2.0,0.9748507041484243,0.6434274375,0.79586,0,0,stable
2591__1800_1200,8,s_16_32,640.0,0.0,0.0,10.0,0.970347041644914,0.6744997295702984,0.79586,0,0,stable
2591__1800_1200,9,t_8_16,224.0,0.0,0.0,3.0,0.8800691425338748,0.6979285714285707,0.79586,0,0,stable
2591__1800_1200,10,t_8_16,120.0,0.0,0.0,2.0,0.9987052235108217,0.7082543156038946,0.79586,0,0,stable
2591__1800_1200,11,t_8_16,64.0,0.0,0.0,1.0,,0.39735099255515105,0.79586,1,0,stable
2591__1800_1200,12,t_8_16,180.0,0.0,0.0,4.0,0.9902103193755992,0.7764644374148956,0.79586,0,1,stable
2591__1800_1200,13,t_8_16,112.0,0.0,0.0,2.0,0.5702528495579868,0.7503104028520733,0.79586,0,1,stable
2591__1800_1200,14,t_8_16,72.0,0.0,0.0,2.0,0.8231094877001038,0.5232686939327014,0.79586,0,0,stable
2591__1800_1200,15,t_8_16,100.0,0.25,0.0,2.0,0.956451252319976,0.6183775579279858,0.79586,0,0,mild
2591__1800_1200,16,t_8_16,80.0,0.25,0.0,3.0,0.9243274963119986,0.47511350028360466,0.79586,1,0,mild
2591__1800_1200,18,t_8_16,119.99981689453125,0.0,0.0,2.0,0.8854563158259745,0.7105080343278684,0.79586,0,0,stable
2591__1800_1200,19,t_8_16,112.0,0.25,0.25,2.0,0.9966740920637738,0.59920391049009,0.79586,0,0,mild
2591__1800_1200,20,t_8_16,160.0000762939453,0.0,0.0,3.0,0.8768518077355532,0.6726734267094328,0.79586,0,0,stable
2591__1800_1200,21,t_8_16,96.0,0.5,0.5,1.0,,0.5679228848750388,0.79586,0,0,mild
2591__1800_1200,23,t_8_16,100.0,0.0,0.0,1.0,,0.5045112818032669,0.79586,0,0,stable
2591__1800_1200,24,t_8_16,252.0,0.0,0.0,3.0,0.9766467777235862,0.7200947050221417,0.79586,0,0,stable
2591__1800_1200,25,t_8_16,72.0,0.0,0.0,2.0,0.986347560755929,0.6607919592492443,0.79586,0,0,stable
2591__1800_1200,26,t_8_16,79.99984741210938,0.0,0.0,2.0,0.9910603826189596,0.5504764318469992,0.79586,0,0,stable
2591__1800_1200,27,t_8_16,128.0,0.0,0.0,2.0,0.9808731030411367,0.7244847938249611,0.79586,0,0,stable
2591__1800_1200,28,t_8_16,100.0,0.0,0.0,2.0,0.9575110533614748,0.6034414588601228,0.79586,0,0,stable
2591__1800_1200,29,t_8_16,160.0,0.0,0.0,3.0,0.9851988137466097,0.5605312301855803,0.79586,0,0,stable
2591__1800_1200,30,t_8_16,224.0,0.0,0.0,2.0,0.9835739370628189,0.7047200892857143,0.79586,0,0,stable
2591__1800_1200,31,s_16_32,264.0,0.0,0.0,5.0,0.9695625638079277,0.5173939626773747,0.79586,0,0,stable
2591__1800_1200,32,t_8_16,192.0,0.0,0.0,3.0,0.9663623901030193,0.6329999249435758,0.79586,0,0,stable
2591__1800_1200,33,t_8_16,140.0,0.0,0.0,2.0,0.998108001487958,0.6527673734084303,0.79586,0,0,stable
2591__1800_1200,34,t_8_16,72.0,0.0,0.0,1.0,,0.6642006206264389,0.79586,0,0,stable
2591__1800_1200,36,t_8_16,80.0,0.25,0.0,3.0,0.848684145432652,0.5728183886689542,0.79586,0,0,mild
2591__1800_1200,37,t_8_16,100.0,0.0,0.0,1.0,,0.6305033914256868,0.79586,0,0,stable
2591__1800_1200,38,t_8_16,64.0,0.0,0.0,1.0,,0.4736118464531153,0.79586,1,0,stable
2591__1800_1200,39,t_8_16,119.99969482421875,0.0,0.0,2.0,0.9045992773901524,0.7038479041310625,0.79586,0,0,stable
2591__1800_1200,40,t_8_16,144.0,0.0,0.0,2.0,0.9755973265883291,0.37564230369090984,0.79586,1,0,stable
2591__1800_1200,41,t_8_16,240.0,0.0,0.0,7.0,0.39783802220731374,0.6207833916666631,0.79586,0,0,stable
2591__1800_1200,42,t_8_16,120.0,0.0,0.0,1.0,,0.7362831806254668,0.79586,0,0,stable
2591__1800_1200,43,t_8_16,240.0,0.0,0.0,2.0,0.9909994391052346,0.692390968419531,0.79586,0,0,stable
2591__1800_1200,44,t_8_16,119.99981689453125,0.5,0.5,0.0,,0.7426616889445666,0.79586,0,0,mild
2591__1800_1200,45,t_8_16,139.99969482421875,0.0,0.0,2.0,0.9909646954865736,0.7701951346770223,0.79586,0,1,stable
2591__1800_1200,46,t_8_16,139.99989318847656,0.0,0.0,2.0,0.9794338696746967,0.7180657297660366,0.79586,0,0,stable
2591__1800_1200,47,t_8_16,100.0,0.25,0.0,3.0,0.8400973376416233,0.654348254030188,0.79586,0,0,mild
2591__1800_1200,48,t_8_16,144.0,0.0,0.0,3.0,0.9847655292645486,0.6589697151353754,0.79586,0,0,stable
2591__1800_1200,49,s_16_32,352.0,0.0,0.0,7.0,0.9753232833008154,0.60883307819873,0.79586,0,0,stable
2591__1800_1200,50,t_8_16,111.999755859375,0.0,0.0,2.0,0.9694279898615399,0.6792432911434241,0.79586,0,0,stable
2591__1800_1200,51,t_8_16,140.0,0.0,0.0,3.0,0.8264220246720992,0.8721951946929063,0.79586,0,1,stable
2591__1800_1200,52,t_8_16,192.0,0.0,0.0,5.0,0.9877606141061794,0.5487456915245729,0.79586,0,0,stable
2591__1800_1200,53,t_8_16,160.0,0.0,0.0,2.0,0.9630604402915699,0.5075915365218086,0.79586,0,0,stable
2591__1800_1200,56,t_8_16,80.0,0.5,0.5,0.0,,0.712068854280117,0.79586,0,0,mild
2591__1800_1200,57,t_8_16,234.0,0.0,0.0,7.0,0.9866025036289733,0.7042551538461375,0.79586,0,0,stable
2591__1800_1200,59,t_8_16,64.0,0.0,0.0,1.0,,0.3995730636734599,0.79586,1,0,stable
2591__1800_1200,60,t_8_16,120.0,0.0,0.0,2.0,0.9427110513913459,0.6262599116154907,0.79586,0,0,stable
2591__1800_1200,61,t_8_16,80.0,0.25,0.25,2.0,0.9952929426434287,0.6792931584471587,0.79586,0,0,mild
2591__1800_1200,62,t_8_16,80.0,0.0,0.0,1.0,,0.6150887671505201,0.79586,0,0,stable
2591__1800_1200,63,t_8_16,96.0,0.5,0.5,0.0,,0.5449979362744773,0.79586,0,0,mild
2591__1800_1200,64,t_8_16,169.0,0.0,0.0,2.0,0.9845425174682348,0.7163544594030132,0.79586,0,0,stable
2591__1800_1200,65,t_8_16,156.0,0.0,0.0,3.0,0.8285864565864188,0.7654636704856407,0.79586,0,1,stable
2591__1800_1200,66,t_8_16,135.0,0.0,0.0,2.0,0.9963253796549819,0.688755424523663,0.79586,0,0,stable
2591__1800_1200,67,t_8_16,182.0,0.25,0.25,2.0,0.7528875561711409,0.5624445915767975,0.79586,0,0,mild
2591__1800_1200,68,t_8_16,209.0,0.0,0.0,5.0,0.9804454075674413,0.7036571858561956,0.79586,0,0,stable
2591__1800_1200,69,s_16_32,260.0,0.0,0.0,4.0,0.8256044289493272,0.7893666907188303,0.79586,0,1,stable
2591__1800_1800,1,t_8_16,72.0,0.0,0.0,2.0,0.928611068037967,0.494349711471392,0.83404,1,0,stable
2591__1800_1800,2,t_8_16,100.0,0.25,0.0,1.0,,0.5893411625882728,0.83404,0,0,mild
2591__1800_1800,3,s_16_32,364.0,0.0,0.0,7.0,0.983505567024207,0.49930641758241817,0.83404,1,0,stable
2591__1800_1800,4,t_8_16,180.0,0.0,0.0,3.0,0.9781659517338286,0.7305020847546284,0.83404,0,0,stable
2591__1800_1800,5,s_16_32,336.0,0.0,0.0,5.0,0.9882995146450194,0.5286360683342233,0.83404,0,0,stable
2591__1800_1800,6,t_8_16,239.9993896484375,0.0,0.0,3.0,0.9771094604002374,0.5376467049037785,0.83404,0,0,stable
2591__1800_1800,7,t_8_16,100.0,0.0,0.0,1.0,,0.5994072970856978,0.83404,0,0,stable
2591__1800_1800,8,t_8_16,200.0,0.0,0.0,2.0,0.9936564570669462,0.4657193877483963,0.83404,1,0,stable
2591__1800_1800,9,t_8_16,100.0,0.0,0.0,1.0,,0.65008867366879,0.83404,0,0,stable
2591__1800_1800,10,t_8_16,240.0,0.0,0.0,7.0,0.5909047440983436,0.6243845749999993,0.83404,0,0,stable
2591__1800_1800,11,t_8_16,120.0,0.0,0.0,2.0,0.9976097028894718,0.7833834622436218,0.83404,0,1,stable
2591__1800_1800,12,t_8_16,128.0,0.5,0.5,1.0,,0.6906118100772303,0.83404,0,0,mild
2591__1800_1800,13,t_8_16,144.0,0.0,0.0,2.0,0.858853487668253,0.6880067101927226,0.83404,0,0,stable
2591__1800_1800,14,t_8_16,100.0,0.25,0.0,2.0,0.8564829320630346,0.5954424846056792,0.83404,0,0,mild
2591__1800_1800,15,t_8_16,216.0,0.0,0.0,6.0,0.9861650033136647,0.7147556819670826,0.83404,0,0,stable
2591__1800_1800,16,t_8_16,112.0,0.0,0.0,2.0,0.9948166731421959,0.7500399611454799,0.83404,0,1,stable
2591__1800_1800,17,t_8_16,160.0,0.0,0.0,3.0,0.9909068433903038,0.820254810116183,0.83404,0,1,stable
2591__1800_1800,18,t_8_16,192.0,0.0,0.0,4.0,0.9854948048107177,0.5686757086325968,0.83404,0,0,stable
2591__1800_1800,19,t_8_16,160.0,0.0,0.0,3.0,0.9734588826293862,0.49141295806895013,0.83404,1,0,stable
2591__1800_1800,20,s_16_32,816.0,0.0,0.0,10.0,0.9780181900706123,0.6355265332864126,0.83404,0,0,stable
2591__1800_1800,22,t_8_16,84.0008544921875,0.0,0.0,3.0,0.9812579416175635,0.5036306252123343,0.83404,0,0,stable
2591__1800_1800,23,s_16_32,288.0,0.0,0.0,7.0,0.9928563324873569,0.6220928194444445,0.83404,0,0,stable
2591__1800_1800,24,s_16_32,504.0,0.0,0.0,8.0,0.9974338783670924,0.9412406148418823,0.83404,0,1,stable
2591__1800_1800,25,t_8_16,80.0,0.0,0.0,1.0,,0.6262059356495125,0.83404,0,0,stable
2591__1800_1800,26,t_8_16,150.0,0.0,0.0,2.0,0.9952405061416458,0.7793404211534141,0.83404,0,1,stable
2591__1800_1800,27,t_8_16,231.0,0.0,0.0,3.0,0.9815996901205715,0.7793256218074323,0.83404,0,1,stable
2591__1800_1800,28,s_16_32,338.00079345703125,0.0,0.0,6.0,0.9885805161399198,0.6988131161402837,0.83404,0,0,stable
2591__1800_1800,29,t_8_16,107.99972534179688,0.0,0.0,1.0,,0.5133217254180492,0.83404,0,0,stable
2591__1800_1800,30,s_16_32,345.0,0.0,0.0,6.0,0.9770015383445393,0.6413202641183428,0.83404,0,0,stable
2591__1800_1800,31,t_8_16,153.0,0.0,0.0,3.0,0.990564814851346,0.8536369724932884,0.83404,0,1,stable
2591__1800_1800,32,t_8_16,171.0,0.0,0.0,2.0,0.9954819331932899,0.7790626567793101,0.83404,0,1,stable
2591__1800_1800,33,t_8_16,102.00009155273438,0.0,0.0,3.0,0.7714891773127447,0.0,0.83404,1,0,stable
2591__1800_1800,34,t_8_16,176.0,0.0,0.0,3.0,0.9399133346408037,0.720684060673987,0.83404,0,0,stable
2591__1800_1800,35,t_8_16,120.0,0.5,0.5,3.0,0.10313646042209633,0.4676603136822538,0.83404,1,0,mild
2591__1800_1800,36,t_8_16,204.0,0.0,0.0,5.0,0.8934179403193815,0.5744738632775329,0.83404,0,0,stable
2591__1800_1800,37,t_8_16,238.0,0.0,0.0,5.0,0.9216182126379097,0.6315671814625173,0.83404,0,0,stable
2591__1800_1800,38,t_8_16,144.0,0.5,0.5,3.0,0.5398962945414697,0.46283234454927136,0.83404,1,0,mild
2608__2400_1800,0,t_8_16,192.0,0.0,0.0,3.0,0.9942870754339919,0.9043414925492655,0.84523,0,1,stable
26f12ebc3,0,t_8_16,132.0,0.25,0.0,4.0,0.19909836692303262,0.7714766363165848,0.71628,0,1,mild
26f12ebc3,1,s_16_32,272.0,0.0,0.0,5.0,0.9851406696283429,0.6907035882352948,0.71628,0,0,stable
287a0b8c8,0,t_8_16,189.0,0.0,0.0,4.0,0.9931260087149165,0.7697713929875101,0.71918,0,1,stable
2a5abe21e,0,s_16_32,594.0,0.25,0.25,10.0,0.3515877244440511,0.5884079797979785,0.70484,0,0,mild
2a5abe21e,1,t_8_16,220.0,0.0,0.0,2.0,0.9865841501711339,0.817915986186996,0.70484,0,1,stable
2cb1bdce5,0,t_8_16,221.0,0.0,0.0,3.0,0.9855716822894826,0.5572919654960766,0.65267,0,0,stable
2df38466c,0,t_8_16,210.0,0.0,0.0,4.0,0.8860368064106409,0.7725056565313599,0.77542,0,1,stable
2fc371d2c,1,t_8_16,140.0,0.0,0.0,6.0,0.556574589751466,0.6595341278439859,0.88414,0,0,stable
311__3963_2400,0,s_16_32,416.0,0.0,0.0,8.0,0.9985795742584697,0.8765730610958905,0.85673,0,1,stable
311__3963_2400,1,s_16_32,308.0,0.0,0.0,7.0,0.9830671659838264,0.8941732225319254,0.85673,0,1,stable
311__3963_2400,2,t_8_16,176.0,0.5,0.25,4.0,0.4282432512790944,0.5033775080082674,0.85673,0,0,mild
311__3963_2400,3,t_8_16,234.0,0.0,0.0,5.0,0.9918773244605961,0.9039250101777807,0.85673,0,1,stable
311__3963_2400,4,t_8_16,168.0,0.0,0.0,3.0,0.9660785275999076,0.8627119504248699,0.85673,0,1,stable
311__3963_2400,5,t_8_16,237.99948120117188,0.0,0.0,3.0,0.9994494421902952,0.8699814766687616,0.85673,0,1,stable
311__3963_2400,6,s_16_32,256.0,0.0,0.0,4.0,0.9922008883546155,0.8386607846905276,0.85673,0,1,stable
311__3963_2400,7,t_8_16,191.9996337890625,0.0,0.0,3.0,0.9946214361260728,0.8195889266364609,0.85673,0,1,stable
311__3963_2400,8,t_8_16,181.99920654296875,0.0,0.0,3.0,0.9892155325962683,0.780045943020427,0.85673,0,1,stable
311__3963_2400,9,t_8_16,224.0,0.0,0.0,3.0,0.9653097622089208,0.8693619837619633,0.85673,0,1,stable
311__3963_2400,10,s_16_32,319.9993896484375,0.0,0.0,5.0,0.9817540747840029,0.782979697494849,0.85673,0,1,stable
311__3963_2400,11,t_8_16,234.00054931640625,0.0,0.0,5.0,0.8582886737945008,0.9325499631076561,0.85673,0,1,stable
311__3963_2400,12,s_16_32,288.0,0.0,0.0,3.0,0.9092915492899188,0.8333812500000018,0.85673,0,1,stable
311__3963_2400,13,s_16_32,288.0,0.0,0.0,4.0,0.9895134278521114,0.7609236709179169,0.85673,0,1,stable
311__3963_2400,14,s_16_32,363.9984130859375,0.0,0.0,8.0,0.9715654559075305,0.9025171965313726,0.85673,0,1,stable
311__3963_2400,15,t_8_16,252.0,0.0,0.0,4.0,0.976331587001721,0.8632441552158917,0.85673,0,1,stable
311__3963_2400,16,t_8_16,180.0,0.0,0.0,4.0,0.9761753585632325,0.9152466067016878,0.85673,0,1,stable
311__3963_2400,17,t_8_16,159.99969482421875,0.0,0.0,3.0,0.9442881853981973,0.84571328573237,0.85673,0,1,stable
311__3963_2400,18,t_8_16,160.0,0.25,0.25,2.0,0.9143103708720496,0.814281343675946,0.85673,0,1,mild
311__3963_2400,19,t_8_16,160.0,0.25,0.25,3.0,0.9367151539002513,0.7914274908897916,0.85673,0,1,mild
311__3963_2400,20,t_8_16,210.0,0.0,0.0,3.0,0.9677688735907086,0.7698936610649797,0.85673,0,1,stable
311__3963_2400,21,t_8_16,180.0,0.0,0.0,4.0,0.9553835882362348,0.6915384267966022,0.85673,0,0,stable
311__3963_2400,22,t_8_16,219.99984741210938,0.0,0.0,2.0,0.9937500093261269,0.8986099045454544,0.85673,0,1,stable
311__3963_2400,23,t_8_16,127.9998779296875,0.0,0.0,3.0,0.9883327921699444,0.8634728749553308,0.85673,0,1,stable
311__3963_2400,24,t_8_16,167.999267578125,0.0,0.0,3.0,0.9854653306546742,0.9027659619841742,0.85673,0,1,stable
311__3963_2400,25,s_16_32,270.0,0.0,0.0,4.0,0.5334142152931828,0.6274251651217582,0.85673,0,0,stable
311__3963_2400,26,t_8_16,167.999267578125,0.0,0.0,3.0,0.9310135764422345,0.8504323989310423,0.85673,0,1,stable
311__3963_2400,27,t_8_16,140.0,0.0,0.0,2.0,0.9999025849909614,0.8665687571428546,0.85673,0,1,stable
311__3963_2400,28,t_8_16,168.0,0.0,0.0,2.0,0.9860345897389474,0.8460726791309318,0.85673,0,1,stable
311__3963_2400,29,t_8_16,191.999267578125,0.0,0.0,3.0,0.9586556925352291,0.8258864124598511,0.85673,0,1,stable
311__3963_2400,30,t_8_16,216.0,0.25,0.0,2.0,0.41660845812840364,0.785530507173159,0.85673,0,1,mild
311__3963_2400,31,t_8_16,238.0008544921875,0.0,0.0,3.0,0.9934015020854817,0.8322240689463195,0.85673,0,1,stable
311__3963_2400,32,t_8_16,252.0,0.0,0.0,5.0,0.9510786842191975,0.8545981172074201,0.85673,0,1,stable
311__3963_2400,33,t_8_16,199.99984741210938,0.0,0.0,3.0,0.9948590398383929,0.8210585356175342,0.85673,0,1,stable
311__3963_2400,34,t_8_16,200.0,0.0,0.0,2.0,0.7163776669645309,0.8506548422163563,0.85673,0,1,stable
311__3963_2400,35,s_16_32,264.0,0.0,0.0,5.0,0.9867311581070749,0.7972389737052124,0.85673,0,1,stable
311__3963_2400,36,s_16_32,300.0,0.0,0.0,4.0,0.9977129307254156,0.8863871466666682,0.85673,0,1,stable
311__3963_2400,37,t_8_16,168.9998016357422,0.25,0.0,1.0,0.9874833161242107,0.5531119527791152,0.85673,0,0,mild
311__3963_2400,38,t_8_16,128.0,0.5,0.5,1.0,,0.7979950125935145,0.85673,0,1,mild
311__3963_2400,39,t_8_16,242.0,0.25,0.0,4.0,0.8554629452024102,0.797876995650656,0.85673,0,1,mild
311__3963_2400,40,t_8_16,196.00021362304688,0.0,0.0,2.0,0.9475850402335312,0.5635889764847933,0.85673,0,0,stable
311__3963_2400,41,t_8_16,120.0,0.0,0.0,5.0,0.9907067592455887,0.9053135926179726,0.85673,0,1,stable
311__3963_2400,42,t_8_16,160.0,0.0,0.0,2.0,0.9956059039001328,0.8642052606950563,0.85673,0,1,stable
311__3963_2400,43,t_8_16,120.0,0.0,0.0,2.0,0.9011444362446219,0.7055036121954557,0.85673,0,0,stable
311__3963_2400,44,t_8_16,143.999755859375,0.25,0.0,3.0,0.7822825101927549,0.44709202110562374,0.85673,1,0,mild
311__3963_2400,45,t_8_16,191.9996337890625,0.0,0.0,3.0,0.9333059200627266,0.8508153054605648,0.85673,0,1,stable
311__3963_2400,46,t_8_16,252.00027465820312,0.5,0.0,6.0,0.43910021779476127,0.6198583517305812,0.85673,0,0,mild
311__3963_2400,47,s_16_32,528.0000610351562,0.0,0.0,10.0,0.9963354104056185,0.935668636363636,0.85673,0,1,stable
311__3963_2400,48,t_8_16,223.9990234375,0.0,0.0,3.0,0.9829312631572814,0.8646166207555857,0.85673,0,1,stable
311__3963_2400,49,t_8_16,224.0,0.0,0.0,4.0,0.9325048048621364,0.7750327294929539,0.85673,0,1,stable
311__3963_2400,50,t_8_16,110.0,0.0,0.0,7.0,0.9902493906890792,0.7047848200481238,0.85673,0,0,stable
311__3963_2400,51,s_16_32,287.9996337890625,0.25,0.0,5.0,0.8316403868225121,0.7463648090653224,0.85673,0,0,mild
311__3963_2400,52,t_8_16,220.0,0.0,0.0,3.0,0.9889391636832767,0.8883304104794462,0.85673,0,1,stable
311__3963_2400,53,t_8_16,200.0,0.0,0.0,4.0,0.9742140295005847,0.8515669248830238,0.85673,0,1,stable
311__3963_2400,54,t_8_16,112.0,0.0,0.0,1.0,,0.6946653067995568,0.85673,0,0,stable
311__3963_2400,55,t_8_16,200.0,0.0,0.0,3.0,0.9911636200863511,0.8993653490429059,0.85673,0,1,stable
311__3963_2400,56,s_16_32,308.0,0.0,0.0,5.0,0.7051317692486548,0.7859557923458911,0.85673,0,1,stable
311__3963_2400,57,t_8_16,220.0,0.0,0.0,4.0,0.9809198943617193,0.8308341590062498,0.85673,0,1,stable
311__3963_2400,58,s_16_32,324.0,0.0,0.0,4.0,0.9446944188182924,0.8286554880332152,0.85673,0,1,stable
311__3963_2400,59,s_16_32,320.0,0.0,0.0,7.0,0.9787553555860744,0.8180789228885604,0.85673,0,1,stable
311__3963_2400,60,s_16_32,374.0,0.5,0.0,6.0,0.11392593003374935,0.7801209465240616,0.85673,0,1,mild
311__3963_2400,61,s_16_32,279.9991455078125,0.0,0.0,7.0,0.9882388266993335,0.8259621499999986,0.85673,0,1,stable
311__3963_2400,62,t_8_16,144.0,0.5,0.5,3.0,0.40098317967433605,0.5517183285620543,0.85673,0,0,mild
31da537ca,0,s_16_32,364.0,0.0,0.0,8.0,0.9882560041159261,0.802635307692305,0.7792,0,1,stable
362__0_1200,0,s_16_32,572.0,0.0,0.0,10.0,0.8888999600632027,0.634642629370631,0.85365,0,0,stable
362__0_1200,1,t_8_16,224.0,0.0,0.0,3.0,0.9930643890017732,0.861156568848399,0.85365,0,1,stable
362__0_1200,2,t_8_16,192.0,0.0,0.0,5.0,0.1496759883581092,0.8626245890500859,0.85365,0,1,stable
362__0_1200,3,t_8_16,139.99978637695312,0.0,0.0,2.0,0.998409658736274,0.6197842115018933,0.85365,0,0,stable
362__0_1200,4,t_8_16,192.0,0.0,0.0,4.0,0.9955828151476888,0.8535580029327624,0.85365,0,1,stable
362__0_1200,5,t_8_16,252.0,0.0,0.0,7.0,0.9749061758080249,0.7195162533518049,0.85365,0,0,stable
362__0_1200,6,t_8_16,192.0,0.0,0.0,4.0,0.6968724993177146,0.8401452517503961,0.85365,0,1,stable
362__0_1200,7,t_8_16,224.0,0.0,0.0,4.0,0.9416974155296572,0.6855570038881399,0.85365,0,0,stable
362__0_1200,8,t_8_16,192.0,0.0,0.0,3.0,0.9867410979273102,0.7788466888347,0.85365,0,1,stable
362__0_1200,9,t_8_16,140.0,0.25,0.0,2.0,0.6324683775682675,0.7129760587483601,0.85365,0,0,mild
362__0_1200,10,t_8_16,252.0,0.0,0.0,6.0,0.9660854252500543,0.7912718494884889,0.85365,0,1,stable
362__0_1200,11,t_8_16,159.99969482421875,0.0,0.0,3.0,0.9836539496708969,0.8232465510569712,0.85365,0,1,stable
362__0_1200,12,t_8_16,252.0,0.25,0.0,4.0,0.5347472333541731,0.6979921071428565,0.85365,0,0,mild
362__0_1200,13,t_8_16,140.0,0.0,0.0,3.0,0.6957559025413054,0.7922328281369917,0.85365,0,1,stable
362__0_1200,14,t_8_16,252.0,0.0,0.0,6.0,0.9363947486701789,0.906028571428572,0.85365,0,1,stable
362__0_1200,15,t_8_16,192.0,0.0,0.0,4.0,0.9967040197861199,0.9317876373595735,0.85365,0,1,stable
362__0_1200,16,t_8_16,192.0,0.0,0.0,2.0,0.9106141539425974,0.8108384215724722,0.85365,0,1,stable
362__0_1200,17,t_8_16,140.0,0.0,0.0,2.0,0.8835654949363015,0.7311180206638183,0.85365,0,0,stable
362__0_1200,18,t_8_16,192.0,0.0,0.0,5.0,0.8677814712640289,0.8986466384671983,0.85365,0,1,stable
362__0_1200,20,t_8_16,224.0,0.0,0.0,2.0,0.8833089365201298,0.604589030459517,0.85365,0,0,stable
362__0_1200,21,s_16_32,320.0,0.0,0.0,5.0,0.9928135491106334,0.8210788674669132,0.85365,0,1,stable
362__0_1200,22,s_16_32,560.0,0.0,0.0,10.0,0.9886856069469562,0.7798193139156303,0.85365,0,1,stable
362__0_1200,23,t_8_16,240.0,0.0,0.0,3.0,0.9134730886246798,0.6417448649610213,0.85365,0,0,stable
362__0_1200,24,s_16_32,671.9991455078125,0.0,0.0,10.0,0.9969955990966823,0.8735799200486299,0.85365,0,1,stable
362__0_1200,25,s_16_32,359.9993896484375,0.0,0.0,6.0,0.5928770980060906,0.07082697013906185,0.85365,1,0,stable
362__0_1200,26,s_16_32,360.0,0.0,0.0,7.0,0.7639476008833604,0.0,0.85365,1,0,stable
362__0_1200,27,s_16_32,360.0,0.0,0.0,8.0,0.9572213769058204,0.0,0.85365,1,0,stable
362__0_1200,28,s_16_32,320.0,0.0,0.0,3.0,0.987489141655862,0.6852128780639618,0.85365,0,0,stable
362__0_1200,29,s_16_32,288.0,0.0,0.0,5.0,0.9592371046634196,0.672235122690135,0.85365,0,0,stable
362__0_1200,31,s_16_32,599.9981689453125,0.0,0.0,8.0,0.8523327626401106,0.5936963266666637,0.85365,0,0,stable
362__0_1200,32,s_16_32,572.0,0.0,0.0,8.0,0.950810762275396,0.638821870497954,0.85365,0,0,stable
362__0_1200,33,s_16_32,912.0,0.0,0.0,10.0,0.9889616675597113,0.6916859399055311,0.85365,0,0,stable
362__0_1200,34,t_8_16,192.0,0.0,0.0,3.0,0.9773381566428333,0.931180233300655,0.85365,0,1,stable
362__0_1200,35,t_8_16,240.0,0.25,0.0,7.0,0.03600632170620309,0.7294197983629671,0.85365,0,0,mild
362__0_1200,36,s_16_32,280.0,0.0,0.0,5.0,0.9845004798821975,0.8606707803900587,0.85365,0,1,stable
362__0_1200,37,t_8_16,192.0,0.0,0.0,2.0,0.9946151045815818,0.8127754225220357,0.85365,0,1,stable
362__0_1200,38,t_8_16,224.0,0.0,0.0,5.0,0.9889714483674276,0.6828533337691353,0.85365,0,0,stable
362__0_1200,39,s_16_32,256.0,0.0,0.0,6.0,0.9939139707077287,0.8195653942828547,0.85365,0,1,stable
362__0_1200,40,t_8_16,192.0,0.0,0.0,3.0,0.947992887418812,0.7160613750712987,0.85365,0,0,stable
362__0_1200,41,s_16_32,288.0,0.0,0.0,6.0,0.9915337349002192,0.7589922865495835,0.85365,0,1,stable
362__0_1200,42,t_8_16,196.0,0.0,0.0,2.0,0.9024137544288798,0.62375190797185,0.85365,0,0,stable
362__0_1200,43,s_16_32,440.0,0.0,0.0,8.0,0.9231655767682728,0.7031714115888433,0.85365,0,0,stable
362__0_1200,44,t_8_16,140.0,0.0,0.0,2.0,0.9984579311782801,0.7029941266364046,0.85365,0,0,stable
362__0_1200,45,t_8_16,252.0,0.0,0.0,3.0,0.9783998987841093,0.8237540001011127,0.85365,0,1,stable
362__0_1200,46,t_8_16,140.0,0.0,0.0,2.0,0.9844395912699111,0.7023626585835677,0.85365,0,0,stable
362__0_1200,47,s_16_32,280.0,0.0,0.0,4.0,0.88855434474364,0.5392968927882582,0.85365,0,0,stable
362__0_1200,48,t_8_16,216.0,0.0,0.0,3.0,0.9428293584109227,0.8290155889256436,0.85365,0,1,stable
362__0_1200,49,t_8_16,160.0009765625,0.0,0.0,3.0,0.9910253627721126,0.63892638133298,0.85365,0,0,stable
362__0_1200,50,t_8_16,139.9993896484375,0.5,0.0,3.0,0.16517157521718054,0.6844755771315947,0.85365,0,0,mild
362__0_1200,51,s_16_32,576.0,0.0,0.0,10.0,0.9163817691973903,0.9344353100031736,0.85365,0,1,stable
362__0_1200,52,s_16_32,864.0,0.0,0.0,10.0,0.17455216191528639,0.4122151944444438,0.85365,1,0,stable
362__0_1200,53,t_8_16,224.0,0.0,0.0,3.0,0.9776247558923425,0.8922370635061946,0.85365,0,1,stable
362__0_1200,54,t_8_16,192.0,0.0,0.0,3.0,0.9940520947464576,0.7608939370378373,0.85365,0,1,stable
362__0_1200,55,t_8_16,252.0,0.0,0.0,5.0,0.9872187116708601,0.6856016435006793,0.85365,0,0,stable
362__0_1200,56,t_8_16,216.0,0.0,0.0,3.0,0.9809569465051856,0.73128619711601,0.85365,0,0,stable
362__0_1200,57,t_8_16,252.0,0.0,0.0,3.0,0.9731609914354507,0.892024709472399,0.85365,0,1,stable
362__0_1200,58,t_8_16,195.99935913085938,0.25,0.0,5.0,0.9774749028275825,0.6935633157243465,0.85365,0,0,mild
362__0_1200,59,t_8_16,140.0008544921875,0.0,0.0,2.0,0.9830520959991059,0.5950253028559785,0.85365,0,0,stable
362__0_1200,60,s_16_32,432.0,0.0,0.0,9.0,0.9958517422536247,0.8863150737940945,0.85365,0,1,stable
362__0_1200,61,t_8_16,192.00018310546875,0.0,0.0,3.0,0.9987710659941341,0.770278938945669,0.85365,0,1,stable
362__0_1200,62,t_8_16,167.9991455078125,0.0,0.0,1.0,,0.7452734128592567,0.85365,0,0,stable
362__0_1200,63,t_8_16,192.0,0.0,0.0,3.0,0.987997044559862,0.6894557478340307,0.85365,0,0,stable
362__0_1200,64,t_8_16,168.0,0.0,0.0,2.0,0.9789505250065903,0.6451908891010587,0.85365,0,0,stable
362__0_1200,65,s_16_32,280.0,0.0,0.0,6.0,0.7129243280188007,0.7782176459324032,0.85365,0,1,stable
362__0_1200,66,t_8_16,168.0,0.0,0.0,3.0,0.9065323015709243,0.8032681333565519,0.85365,0,1,stable
362__0_1200,67,s_16_32,432.0,0.0,0.0,8.0,0.993152137838042,0.8672768750000002,0.85365,0,1,stable
362__0_1200,68,s_16_32,308.0,0.0,0.0,6.0,0.9277779300901435,0.7556553839746499,0.85365,0,1,stable
362__0_1200,69,s_16_32,280.0,0.0,0.0,4.0,0.9565530374972951,0.6993961500000072,0.85365,0,0,stable
362__0_1200,70,t_8_16,160.0,0.0,0.0,2.0,0.9766288085996622,0.7088873166605051,0.85365,0,0,stable
362__0_1200,71,s_16_32,352.000244140625,0.0,0.0,5.0,0.9822182748215502,0.845979324385906,0.85365,0,1,stable
362__0_1200,72,t_8_16,200.0,0.0,0.0,4.0,0.9882860042446768,0.6843656191503891,0.85365,0,0,stable
362__0_1200,73,s_16_32,432.0,0.0,0.0,8.0,0.9952249177933322,0.7024391666666671,0.85365,0,0,stable
362__0_1200,74,s_16_32,352.0,0.0,0.0,7.0,0.9801410656312031,0.5608341818181806,0.85365,0,0,stable
362__0_1200,75,t_8_16,192.0,0.5,0.0,5.0,0.01620480100913694,0.751052336157363,0.85365,0,1,mild
362__0_1200,76,s_16_32,340.0,0.0,0.0,6.0,0.9966340295700514,0.47595797009138274,0.85365,1,0,stable
362__1800_2342,0,t_8_16,149.9993896484375,0.0,0.0,2.0,0.9981990674814288,0.5810027594918392,0.82999,0,0,stable
362__1800_2342,1,t_8_16,192.0,0.0,0.0,3.0,0.9758814007395928,0.7825852603128711,0.82999,0,1,stable
362__1800_2342,2,t_8_16,112.0,0.5,0.5,0.0,,0.6595788183916816,0.82999,0,0,mild
362__1800_2342,3,t_8_16,96.0,0.0,0.0,1.0,,0.7016222380218916,0.82999,0,0,stable
362__1800_2342,4,t_8_16,144.0,0.0,0.0,2.0,0.9843685730535711,0.5555188926735105,0.82999,0,0,stable
362__1800_2342,5,t_8_16,156.0,0.0,0.0,2.0,0.9956183863186581,0.6268501890131972,0.82999,0,0,stable
362__1800_2342,6,t_8_16,110.0,0.25,0.0,3.0,0.297079000603606,0.5778710774564365,0.82999,0,0,mild
362__1800_2342,7,t_8_16,140.0,0.0,0.0,2.0,0.9811965108713673,0.7251155377838632,0.82999,0,0,stable
362__1800_2342,8,t_8_16,144.0,0.0,0.0,3.0,0.9694700790453231,0.7625115435775283,0.82999,0,1,stable
362__1800_2342,9,t_8_16,110.0,0.25,0.0,2.0,0.9779021828944484,0.528050194339273,0.82999,0,0,mild
362__1800_2342,10,t_8_16,96.0,0.0,0.0,1.0,,0.5123729255101034,0.82999,0,0,stable
362__1800_2342,11,t_8_16,96.0,0.25,0.25,2.0,0.9752652682967694,0.5510586545334953,0.82999,0,0,mild
362__1800_2342,12,t_8_16,120.0,0.0,0.0,1.0,,0.6764040566582058,0.82999,0,0,stable
362__1800_2342,13,t_8_16,88.0,0.0,0.0,1.0,,0.6295391831840699,0.82999,0,0,stable
362__1800_2342,14,t_8_16,88.0,0.25,0.25,1.0,,0.45728187083158994,0.82999,1,0,mild
362__1800_2342,15,t_8_16,119.9993896484375,0.0,0.0,1.0,,0.7076355574979365,0.82999,0,0,stable
362__1800_2342,16,t_8_16,144.0,0.0,0.0,4.0,0.9441824971715427,0.7429604008684072,0.82999,0,0,stable
362__1800_2342,17,t_8_16,168.0,0.0,0.0,1.0,,0.6986416927381591,0.82999,0,0,stable
362__1800_2342,18,t_8_16,120.0,0.0,0.0,2.0,0.9849557656462563,0.5835340548650875,0.82999,0,0,stable
362__1800_2342,19,t_8_16,144.0,0.0,0.0,4.0,0.8839992432006343,0.7375991617175384,0.82999,0,0,stable
362__1800_2342,20,t_8_16,168.0,0.0,0.0,3.0,0.9870550633500423,0.6878263414498584,0.82999,0,0,stable
362__1800_2342,21,s_16_32,256.0,0.0,0.0,3.0,0.9952808149500073,0.7506978942835938,0.82999,0,1,stable
362__1800_2342,22,s_16_32,440.0,0.0,0.0,10.0,0.9841452477919053,0.6095728386363605,0.82999,0,0,stable
362__1800_2342,23,s_16_32,520.0,0.0,0.0,10.0,0.9955795219421166,0.7926558492914438,0.82999,0,1,stable
362__1800_2342,24,s_16_32,624.0,0.0,0.0,10.0,0.5766108295221365,0.7865365558498911,0.82999,0,1,stable
362__1800_2342,25,s_16_32,432.0,0.0,0.0,6.0,0.9850395810626288,0.6597883348627703,0.82999,0,0,stable
362__1800_2342,26,s_16_32,440.0,0.0,0.0,5.0,0.9683618943020909,0.872477811406821,0.82999,0,1,stable
362__1800_2342,27,s_16_32,352.0,0.0,0.0,6.0,0.8816438539232709,0.7108754593134579,0.82999,0,0,stable
362__1800_2342,28,s_16_32,361.0,0.0,0.0,8.0,0.9912898494174333,0.7734605416975054,0.82999,0,1,stable
362__1800_2342,29,t_8_16,224.0,0.0,0.0,5.0,0.9367750946988581,0.8847417918184567,0.82999,0,1,stable
362__1800_2342,30,t_8_16,224.0,0.0,0.0,6.0,0.9861952074426562,0.8687943504090618,0.82999,0,1,stable
362__1800_2342,31,t_8_16,224.0,0.0,0.0,3.0,0.9904408639229636,0.8537167465984451,0.82999,0,1,stable
362__1800_2342,32,s_16_32,308.0,0.25,0.0,8.0,0.10092136231945502,0.6445767161830489,0.82999,0,0,mild
362__1800_2342,33,s_16_32,280.0,0.0,0.0,6.0,0.9636206909787425,0.6894241714285697,0.82999,0,0,stable
362__1800_2342,34,s_16_32,256.000244140625,0.0,0.0,5.0,0.9577028153832949,0.5652885703125032,0.82999,0,0,stable
362__1800_2342,35,s_16_32,368.0,0.0,0.0,8.0,0.9500449013896746,0.4577753749999984,0.82999,1,0,stable
362__1800_2342,36,s_16_32,324.0,0.0,0.0,6.0,0.9948813329374918,0.6860117037037002,0.82999,0,0,stable
362__1800_2342,37,t_8_16,182.0,0.0,0.0,4.0,0.8290697690259432,0.7975824175824163,0.82999,0,1,stable
362__1800_2342,38,s_16_32,378.0,0.0,0.0,7.0,0.98795829854386,0.6912541538243605,0.82999,0,0,stable
362__1800_2342,39,t_8_16,240.0,0.0,0.0,4.0,0.9453436847468956,0.7331262858919119,0.82999,0,0,stable
362__1800_2342,40,s_16_32,256.0,0.0,0.0,3.0,0.981094435086264,0.7285463674153071,0.82999,0,0,stable
362__1800_2342,41,s_16_32,299.99977111816406,0.0,0.0,7.0,0.9410148560613887,0.758396030189928,0.82999,0,1,stable
362__1800_2342,42,t_8_16,252.0,0.0,0.0,3.0,0.9897511152096102,0.6569020512486866,0.82999,0,0,stable
362__1800_2342,43,s_16_32,360.0,0.0,0.0,8.0,0.8812082137929378,0.5236325666666707,0.82999,0,0,stable
362__1800_2342,44,s_16_32,306.0,0.0,0.0,5.0,0.9788121423061185,0.5116238943017952,0.82999,0,0,stable
362__1800_2342,45,t_8_16,195.99957275390625,0.0,0.0,3.0,0.9269838183784185,0.6677422777331615,0.82999,0,0,stable
362__1800_2342,46,s_16_32,324.0,0.0,0.0,5.0,0.9657973306910604,0.7884877685185143,0.82999,0,1,stable
362__1800_2342,47,s_16_32,280.0,0.0,0.0,7.0,0.9779108081447411,0.7177017318233185,0.82999,0,0,stable
362__1800_2342,48,t_8_16,196.0,0.0,0.0,5.0,0.9157014653526746,0.630863035714288,0.82999,0,0,stable
362__1800_2342,49,t_8_16,168.0,0.0,0.0,3.0,0.25607415303503395,0.6649117886903344,0.82999,0,0,stable
362__1800_2342,50,t_8_16,238.0008544921875,0.0,0.0,3.0,0.9864554518637667,0.8141208814725133,0.82999,0,1,stable
362__1800_2342,51,s_16_32,280.0,0.0,0.0,4.0,0.9896568481466675,0.6617159419069208,0.82999,0,0,stable
362__1800_2342,52,s_16_32,441.00064086937346,0.0,0.0,10.0,0.9912717032445223,0.8363569342403617,0.82999,0,1,stable
362__1800_2342,53,s_16_32,624.0,0.0,0.0,10.0,0.9918707921039552,0.8959448131238497,0.82999,0,1,stable
362__1800_2342,54,s_16_32,420.0,0.0,0.0,10.0,0.9904678525955369,0.7305613714285715,0.82999,0,0,stable
362__1800_2342,55,s_16_32,288.0,0.0,0.0,7.0,0.8575402771990073,0.6111607902134052,0.82999,0,0,stable
362__1800_2342,56,s_16_32,440.0,0.0,0.0,7.0,0.9894016289910216,0.872763106433711,0.82999,0,1,stable
362__1800_2342,57,s_16_32,324.0,0.0,0.0,8.0,0.989943424344635,0.7798230107715257,0.82999,0,1,stable
362__1800_2342,58,s_16_32,520.0,0.0,0.0,9.0,0.9740531704638927,0.6064832908462751,0.82999,0,0,stable
362__1800_2342,59,t_8_16,81.0,0.0,0.0,2.0,0.882680370844928,0.4198562023095136,0.82999,1,0,stable
38af45d7f,0,t_8_16,90.00091552734375,0.0,0.0,4.0,0.835458986735482,0.8914850166529892,0.64133,0,1,stable
395e9eb84,0,t_8_16,210.0,0.0,0.0,2.0,0.9978332279619289,0.9286034095238074,0.83334,0,1,stable
395e9eb84,1,t_8_16,180.0,0.0,0.0,2.0,0.998996714594754,0.8886774249156157,0.83334,0,1,stable
395e9eb84,2,t_8_16,65.0,0.0,0.0,3.0,0.9939969782538721,0.8017958422907143,0.83334,0,1,stable
395e9eb84,3,t_8_16,95.99998474121094,0.0,0.0,1.0,0.9999996259881119,0.7938599155864648,0.83334,0,1,stable
395e9eb84,4,t_8_16,143.0,0.0,0.0,4.0,0.8459959333458059,0.7559563636363659,0.83334,0,1,stable
395e9eb84,5,t_8_16,181.9999876022339,0.0,0.0,3.0,0.9911114263423115,0.8386128908118593,0.83334,0,1,stable
3af35da77,0,t_8_16,64.0,0.25,0.25,1.0,,0.6961278179777318,0.51947,0,0,mild
3af35da77,1,t_8_16,88.0,0.0,0.0,1.0,,0.6328140392947943,0.51947,0,0,stable
3d4e85911,0,t_8_16,128.0,0.5,0.5,0.0,,0.8341279062500014,0.79318,0,1,mild
3e12064c9,0,t_8_16,120.0,0.0,0.0,7.0,0.9704615693977581,0.7930604270656539,0.72851,0,1,stable
3e12064c9,1,t_8_16,126.0,0.5,0.0,3.0,0.6959497457323998,0.8715285082785249,0.72851,0,1,mild
3e571b7c7,0,t_8_16,128.0,0.0,0.0,2.0,0.8022236403572836,0.7752350707529582,0.27599,0,1,stable
40d6b6c63,0,t_8_16,169.00079345703125,0.0,0.0,2.0,0.9724231070824202,0.7811986038344592,0.77835,0,1,stable
40d6b6c63,1,t_8_16,169.00039672851562,0.0,0.0,2.0,0.9986004142037395,0.7844832383048179,0.77835,0,1,stable
42__1800_1200,0,t_8_16,168.0,0.0,0.0,3.0,0.9841893945253589,0.8333327047920573,0.81194,0,1,stable
42__1800_1200,1,t_8_16,120.0,0.0,0.0,2.0,0.9920210349524522,0.8708494465928831,0.81194,0,1,stable
42__1800_1200,2,t_8_16,210.0,0.3333333333333333,0.0,3.0,0.44899794560961154,0.7298247514663341,0.81194,0,0,mild
42__1800_1200,3,t_8_16,140.0,0.0,0.0,2.0,0.9740537130150401,0.8497542206471678,0.81194,0,1,stable
42__1800_1200,4,t_8_16,216.0,0.5,0.0,5.0,0.07547464285522655,0.8885148956462818,0.81194,0,1,mild
42__1800_1200,5,t_8_16,140.0,0.0,0.0,3.0,0.9868822055944029,0.7821968728852924,0.81194,0,1,stable
42__1800_1200,6,t_8_16,98.0,0.0,0.0,3.0,0.9924852832360851,0.7779999602332398,0.81194,0,1,stable
42__1800_1200,7,t_8_16,153.99989318847656,0.0,0.0,2.0,0.999347213377184,0.8611132202035418,0.81194,0,1,stable
42__1800_1200,8,t_8_16,120.0,0.0,0.0,1.0,,0.6072653145551,0.81194,0,0,stable
42__1800_1200,9,t_8_16,168.0,0.0,0.0,2.0,0.9840695369198574,0.8806596047550109,0.81194,0,1,stable
42__1800_1200,10,t_8_16,80.0,0.6666666666666666,0.6666666666666666,0.0,,0.7764897538294533,0.81194,0,1,high
42__1800_1200,11,t_8_16,168.0,0.0,0.0,2.0,0.9976425847120161,0.8519557011062959,0.81194,0,1,stable
42__1800_1200,12,t_8_16,176.0,0.0,0.0,2.0,0.9902131954710176,0.8697630622902927,0.81194,0,1,stable
42__1800_1200,13,t_8_16,140.0,0.0,0.0,2.0,0.9940964453975978,0.8721301952589432,0.81194,0,1,stable
42__1800_1200,14,t_8_16,104.000244140625,0.0,0.0,2.0,0.9057181895608838,0.4484744496426891,0.81194,1,0,stable
42__1800_1200,15,t_8_16,100.0,0.0,0.0,2.0,0.9977623098207499,0.656850903845006,0.81194,0,0,stable
42__1800_1200,16,t_8_16,90.0,0.5,0.0,2.0,0.7402195846215116,0.0,0.81194,1,0,mild
42__1800_1200,17,t_8_16,72.00048828125,0.0,0.0,1.0,,0.0,0.81194,1,0,stable
42__1800_1200,18,t_8_16,80.0,0.0,0.0,1.0,,0.7184924294420427,0.81194,0,0,stable
42__1800_1200,19,t_8_16,84.0,0.0,0.0,4.0,0.8945827688230638,0.6179918367771311,0.81194,0,0,stable
42__1800_1200,20,t_8_16,64.0,0.25,0.25,1.0,0.9999999916174523,0.0,0.81194,1,0,mild
42__1800_1200,23,t_8_16,144.0,0.0,0.0,2.0,0.9796093822136259,0.6006663711211625,0.81194,0,0,stable
42__1800_1200,24,t_8_16,144.0,0.0,0.0,2.0,0.9985728595161444,0.8014932181521044,0.81194,0,1,stable
45e192ef3,0,t_8_16,77.0,0.0,0.0,2.0,0.9998403327999176,0.6770308319734428,0.79616,0,0,stable
45e192ef3,1,t_8_16,76.99966430664062,0.0,0.0,3.0,0.9648803712910085,0.7391380819705553,0.79616,0,0,stable
46__1200_1200,0,t_8_16,77.0,0.6666666666666666,0.6666666666666666,3.0,0.7077709431319396,0.7304143466435948,0.79248,0,0,high
46__1200_1200,1,t_8_16,140.0,0.0,0.0,2.0,0.9835160210982444,0.517395471064041,0.79248,0,0,stable
46__1200_1200,2,s_16_32,288.0,0.0,0.0,3.0,0.9966440698905169,0.5768232984636759,0.79248,0,0,stable
46__1200_1200,3,t_8_16,180.0,0.0,0.0,3.0,0.9866939884944983,0.6213844252704755,0.79248,0,0,stable
46__1200_1200,5,t_8_16,167.9999885559082,0.0,0.0,2.0,0.9863012083183763,0.7027217251177007,0.79248,0,0,stable
46__1200_1200,6,s_16_32,256.0,0.0,0.0,5.0,0.8718371914276386,0.6645886240179417,0.79248,0,0,stable
46__1200_1200,7,t_8_16,144.0,0.0,0.0,2.0,0.9980343889718803,0.7902377775570312,0.79248,0,1,stable
46__1200_1200,8,t_8_16,252.0,0.0,0.0,7.0,0.9911814192104863,0.6907964478592576,0.79248,0,0,stable
46__1200_1200,9,t_8_16,240.0,0.0,0.0,5.0,0.9968072446038041,0.6395598290781604,0.79248,0,0,stable
46__1200_1200,10,t_8_16,120.0,0.0,0.0,2.0,0.9974301543421719,0.6525183152643885,0.79248,0,0,stable
46__1200_1200,11,t_8_16,80.0,0.5,0.5,1.0,,0.7186368385678316,0.79248,0,0,mild
46__1200_1200,12,t_8_16,112.0,0.25,0.25,1.0,,0.7356971607142874,0.79248,0,0,mild
46__1200_1200,13,t_8_16,168.0,0.0,0.0,2.0,0.9879788309059468,0.7399826170011581,0.79248,0,0,stable
46__1200_1200,14,t_8_16,90.0006103515625,0.0,0.0,1.0,,0.7709009783724716,0.79248,0,1,stable
46__1200_1200,15,t_8_16,88.0,0.0,0.0,1.0,,0.6641974522563172,0.79248,0,0,stable
46__1200_1200,16,s_16_32,256.0,0.0,0.0,6.0,0.9378652522470547,0.5282939531249978,0.79248,0,0,stable
46__1200_1200,17,t_8_16,196.0,0.75,0.75,1.0,0.7365477305881806,0.4583862019753586,0.79248,1,0,high
46__1200_1200,18,s_16_32,256.0,0.0,0.0,5.0,0.4739306286416001,0.5191399179687478,0.79248,0,0,stable
46__1200_1200,19,t_8_16,196.0,0.0,0.0,3.0,0.9977388394800545,0.8338516565834273,0.79248,0,1,stable
46__1200_1200,20,t_8_16,224.0,0.0,0.0,5.0,0.835121867104628,0.6965543187470837,0.79248,0,0,stable
46__1200_1200,21,t_8_16,112.0,0.5,0.5,1.0,,0.7722748976685895,0.79248,0,1,mild
46__1200_1200,22,t_8_16,88.0,0.25,0.25,2.0,0.9976173863003244,0.6814534257495769,0.79248,0,0,mild
46__1200_1200,23,t_8_16,224.0,0.0,0.0,5.0,0.9242000186166996,0.7152118383911749,0.79248,0,0,stable
46__1200_1200,24,t_8_16,238.0,0.0,0.0,5.0,0.9328109311684063,0.7264919209260886,0.79248,0,0,stable
46__1200_1200,25,t_8_16,192.0,0.0,0.0,2.0,0.971167184060881,0.9183359295551083,0.79248,0,1,stable
46__1200_1200,26,t_8_16,132.0,0.0,0.0,2.0,0.9977753955099823,0.8403447988743379,0.79248,0,1,stable
46__1200_1200,27,t_8_16,139.9993896484375,0.0,0.0,2.0,0.9941553233065079,0.8359152816880456,0.79248,0,1,stable
46__1200_1200,28,t_8_16,72.0,0.0,0.0,1.0,,0.7442915166583296,0.79248,0,0,stable
46__1200_1200,29,t_8_16,192.0,0.0,0.0,3.0,0.48463759864557154,0.6935771398070378,0.79248,0,0,stable
46__1200_1200,30,t_8_16,140.0,0.25,0.0,2.0,0.9417743522141699,0.8574846864731763,0.79248,0,1,mild
46__1200_1200,31,t_8_16,120.0,0.0,0.0,2.0,0.9270593324329222,0.7638546418267174,0.79248,0,1,stable
46__1200_1200,32,t_8_16,110.0,0.0,0.0,2.0,0.9942668380300461,0.7843904745533424,0.79248,0,1,stable
46__1200_1200,33,t_8_16,160.0,0.0,0.0,3.0,0.9938957523689784,0.7106757121250238,0.79248,0,0,stable
46__1200_1200,34,t_8_16,120.0,0.0,0.0,1.0,,0.6239635622704095,0.79248,0,0,stable
46__1200_1200,35,t_8_16,119.9999771118164,0.0,0.0,2.0,0.08616614555799329,0.8131651166353228,0.79248,0,1,stable
46__1200_1200,36,t_8_16,150.00015258789062,0.0,0.0,3.0,0.966651283675718,0.5997439582707931,0.79248,0,0,stable
46__1200_1200,37,t_8_16,144.0,0.0,0.0,1.0,,0.6841992470311264,0.79248,0,0,stable
46__1200_1200,38,t_8_16,66.0,0.0,0.0,2.0,0.9905015306256273,0.7576088899204622,0.79248,0,1,stable
46__1200_1200,39,s_16_32,459.99737549200654,0.0,0.0,10.0,0.9764479053645542,0.7950652257068849,0.79248,0,1,stable
46__1200_1200,40,t_8_16,168.0,0.0,0.0,4.0,0.9249105175898309,0.666400717261999,0.79248,0,0,stable
46__1200_1200,41,t_8_16,180.0,0.0,0.0,3.0,0.9934227577596096,0.8123036197869604,0.79248,0,1,stable
46__1200_1200,42,t_8_16,195.0,0.0,0.0,2.0,0.9936055547022884,0.6897252923076969,0.79248,0,0,stable
46__1200_1200,43,t_8_16,168.0,0.0,0.0,3.0,0.9552754792512116,0.6777500172964207,0.79248,0,0,stable
46__1200_1200,44,t_8_16,165.0,0.0,0.0,2.0,0.9958758027764459,0.8358479999999994,0.79248,0,1,stable
46__1200_1200,45,t_8_16,130.00022888183594,0.0,0.0,2.0,0.9959134259775342,0.8348801438564114,0.79248,0,1,stable
46__1200_1200,46,t_8_16,156.0,0.0,0.0,2.0,0.27712055434210975,0.6833638083617872,0.79248,0,0,stable
46__1200_1200,47,t_8_16,167.99932861234993,0.0,0.0,4.0,0.9722495193915696,0.7294701331349119,0.79248,0,0,stable
46__1200_1200,48,t_8_16,179.99990844726562,0.0,0.0,3.0,0.9975880676783544,0.7824831944180668,0.79248,0,1,stable
46__1200_1200,49,t_8_16,143.0,0.0,0.0,2.0,0.9976552040905732,0.6245196413897598,0.79248,0,0,stable
46__1200_1200,50,t_8_16,126.0,0.25,0.0,3.0,0.8922847946312287,0.6156142849475319,0.79248,0,0,mild
46__1200_600,0,t_8_16,210.00002670288086,0.0,0.0,2.0,0.9983273295092819,0.7913002591263447,0.85958,0,1,stable
46__1200_600,1,t_8_16,168.0,0.0,0.0,5.0,0.9135495518040335,0.786754705432774,0.85958,0,1,stable
46__1200_600,2,s_16_32,324.0,0.0,0.0,5.0,0.7998838102295461,0.7556861395805065,0.85958,0,1,stable
46__1200_600,3,t_8_16,144.0,0.0,0.0,2.0,0.9968616039366884,0.6680648140162525,0.85958,0,0,stable
46__1200_600,5,s_16_32,456.0,0.0,0.0,8.0,0.9593059858258112,0.8592662985966705,0.85958,0,1,stable
46__1200_600,6,t_8_16,140.0,0.0,0.0,2.0,0.9836319079869792,0.8262704287501951,0.85958,0,1,stable
46__1200_600,7,t_8_16,160.0,0.25,0.0,2.0,0.991165592097502,0.7713025187886993,0.85958,0,1,mild
46__1200_600,8,t_8_16,170.00015258789062,0.0,0.0,2.0,0.9833507590859937,0.6946135822146545,0.85958,0,0,stable
46__1200_600,9,t_8_16,240.0,0.0,0.0,3.0,0.9622662354211567,0.7072288999999984,0.85958,0,0,stable
46__1200_600,10,t_8_16,132.0,0.0,0.0,2.0,0.9994478054770859,0.589342770032638,0.85958,0,0,stable
46__1200_600,11,t_8_16,154.0,0.5,0.25,2.0,0.8555761746727206,0.6651316809562002,0.85958,0,0,mild
46__1200_600,12,t_8_16,196.0008544921875,0.0,0.0,2.0,0.9983159683855202,0.8006026907549394,0.85958,0,1,stable
46__1200_600,14,t_8_16,224.00010681152344,0.0,0.0,3.0,0.993533134386778,0.7214478905193806,0.85958,0,0,stable
46__1200_600,15,t_8_16,192.0,0.25,0.0,5.0,0.9246875152324388,0.7535376380700164,0.85958,0,1,mild
46__1200_600,16,t_8_16,196.0,0.0,0.0,2.0,0.9175300444375387,0.8810446282690888,0.85958,0,1,stable
46__1200_600,17,t_8_16,224.0,0.0,0.0,3.0,0.9912789355218808,0.7577069662427719,0.85958,0,1,stable
46__1200_600,18,t_8_16,238.0,0.0,0.0,5.0,0.8831152590607784,0.8075917119940821,0.85958,0,1,stable
46__1200_600,19,t_8_16,132.0,0.25,0.0,3.0,0.9194569889904469,0.8098849687289748,0.85958,0,1,mild
46__1200_600,20,s_16_32,256.0,0.0,0.0,4.0,0.8848851300217692,0.5791756222459075,0.85958,0,0,stable
46__1200_600,21,t_8_16,144.0,0.0,0.0,3.0,0.9758771837963811,0.6994817813784265,0.85958,0,0,stable
46__1200_600,22,t_8_16,252.0,0.0,0.0,5.0,0.9929372824981691,0.7646489760741806,0.85958,0,1,stable
46__1200_600,23,t_8_16,168.0,0.0,0.0,2.0,0.9982418771741797,0.8689752008441634,0.85958,0,1,stable
46__1200_600,24,t_8_16,196.0,0.0,0.0,2.0,0.9606808020121601,0.9558170822764593,0.85958,0,1,stable
46__1200_600,25,t_8_16,195.9991455078125,0.0,0.0,5.0,0.9504079984246464,0.7303973189873322,0.85958,0,0,stable
46__1200_600,26,t_8_16,196.0,0.0,0.0,3.0,0.7476915731512284,0.8434045714285681,0.85958,0,1,stable
46__1200_600,27,t_8_16,144.0,0.0,0.0,2.0,0.9839886211067524,0.8306028083962941,0.85958,0,1,stable
46__1200_600,28,t_8_16,120.0,0.0,0.0,1.0,,0.7360426098896783,0.85958,0,0,stable
46__1200_600,29,t_8_16,120.0,0.0,0.0,2.0,0.9019877791000956,0.6821165947004119,0.85958,0,0,stable
46__1200_600,30,t_8_16,144.0,0.0,0.0,2.0,0.97467731701854,0.683177130288933,0.85958,0,0,stable
46__1200_600,31,t_8_16,120.0,0.0,0.0,1.0,,0.6284512240485339,0.85958,0,0,stable
46__1200_600,32,t_8_16,144.0,0.0,0.0,2.0,0.9992247693424935,0.8323022033813663,0.85958,0,1,stable
46__1200_600,33,t_8_16,180.0,0.0,0.0,4.0,0.9275117018066751,0.7987884044545905,0.85958,0,1,stable
46__1200_600,34,t_8_16,209.9991455078125,0.0,0.0,4.0,0.8395026267000208,0.7584173745910544,0.85958,0,1,stable
46__1200_600,35,t_8_16,210.0,0.0,0.0,4.0,0.979498912120764,0.9224083632838712,0.85958,0,1,stable
46__1200_600,36,t_8_16,121.0,0.0,0.0,1.0,,0.6678499538625015,0.85958,0,0,stable
46__1200_600,37,t_8_16,144.0,0.0,0.0,3.0,0.9819618044080389,0.8338063640363382,0.85958,0,1,stable
46__1200_600,38,t_8_16,168.0,0.0,0.0,2.0,0.9988401091521031,0.8846894920129019,0.85958,0,1,stable
46__1200_600,39,t_8_16,110.0,0.3333333333333333,0.3333333333333333,2.0,0.5861783154214525,0.6555970559706047,0.85958,0,0,mild
46__1200_600,40,t_8_16,160.0,0.0,0.0,3.0,0.9908077087131487,0.6843492623018613,0.85958,0,0,stable
46__1200_600,41,t_8_16,120.0,0.0,0.0,2.0,0.9965769667601254,0.6339837264619869,0.85958,0,0,stable
46__1200_600,42,t_8_16,144.0,0.0,0.0,3.0,0.9620008123607289,0.8060572460698369,0.85958,0,1,stable
46__1200_600,43,t_8_16,95.999267578125,0.0,0.0,3.0,0.9745397267065299,0.6318290186431681,0.85958,0,0,stable
46__1200_600,44,t_8_16,120.0,0.25,0.0,2.0,0.8658612753000283,0.8073151797212758,0.85958,0,1,mild
46__1200_600,45,t_8_16,131.99932861328125,0.0,0.0,2.0,0.6607398819636472,0.6273460723240672,0.85958,0,0,stable
46__1200_600,46,t_8_16,100.0,0.0,0.0,1.0,,0.6187480852327861,0.85958,0,0,stable
46__1200_600,47,t_8_16,216.0,0.0,0.0,3.0,0.9907521696586213,0.7580449044869495,0.85958,0,1,stable
46__1200_600,48,t_8_16,237.99981689080596,0.0,0.0,3.0,0.9717481016962755,0.7388704544623605,0.85958,0,0,stable
46__1200_600,49,t_8_16,109.9993896484375,0.0,0.0,1.0,,0.7096559495976983,0.85958,0,0,stable
46__1200_600,50,t_8_16,108.0,0.25,0.0,1.0,,0.6762570552805311,0.85958,0,0,mild
46__1200_600,51,t_8_16,100.0,0.0,0.0,1.0,,0.5726691204355996,0.85958,0,0,stable
46__1200_600,52,t_8_16,144.0,0.0,0.0,2.0,0.9942469823684474,0.856893188860858,0.85958,0,1,stable
46__1200_600,53,t_8_16,96.0,0.25,0.25,2.0,0.9855824337439153,0.6246140690220017,0.85958,0,0,mild
46__1200_600,54,t_8_16,209.99994277954102,0.0,0.0,2.0,0.9993628338668717,0.7591228026300697,0.85958,0,1,stable
46__1200_600,55,s_16_32,280.0,0.0,0.0,4.0,0.985070737922283,0.6663839399689275,0.85958,0,0,stable
46__1200_600,56,t_8_16,156.0,0.0,0.0,3.0,0.8800669920854497,0.7142935525970291,0.85958,0,0,stable
46__1200_600,57,t_8_16,120.0,0.0,0.0,1.0,,0.8306980813699135,0.85958,0,1,stable
46__1200_600,58,t_8_16,120.0,0.25,0.0,2.0,0.08969248627169103,0.7430410858624099,0.85958,0,0,mild
46__1200_600,59,s_16_32,270.0,0.0,0.0,7.0,0.9733318332242107,0.5565828333333368,0.85958,0,0,stable
46__1200_600,60,t_8_16,195.9991455078125,0.0,0.0,2.0,0.9889614183691487,0.8375522579181969,0.85958,0,1,stable
46__1200_600,61,t_8_16,167.9999542236328,0.0,0.0,2.0,0.9395718789424372,0.5999128417359137,0.85958,0,0,stable
46__1200_600,62,t_8_16,64.0,0.0,0.0,1.0,,0.46982727057334156,0.85958,1,0,stable
46__1200_600,63,t_8_16,144.0,0.0,0.0,2.0,0.9989979322580798,0.6584459958438066,0.85958,0,0,stable
46__1200_600,64,t_8_16,181.99963378719985,0.25,0.0,5.0,0.219848754853211,0.6573395361203284,0.85958,0,0,mild
46__1200_600,65,t_8_16,144.0,0.0,0.0,3.0,0.9880604856969583,0.7256081433199181,0.85958,0,0,stable
46__1200_600,67,t_8_16,132.0,0.0,0.0,3.0,0.7566237034534693,0.7957842704519913,0.85958,0,1,stable
46__1200_600,68,t_8_16,168.0,0.0,0.0,4.0,0.9711120658231928,0.6488510610685783,0.85958,0,0,stable
46__1200_600,69,t_8_16,182.0,0.0,0.0,3.0,0.9693290969311842,0.7801260910943424,0.85958,0,1,stable
46__1200_600,70,t_8_16,221.0,0.0,0.0,4.0,0.9704148072219014,0.8517091737559472,0.85958,0,1,stable
46__1200_600,71,t_8_16,143.0,0.0,0.0,2.0,0.9923648864497124,0.6594914407854671,0.85958,0,0,stable
46__1200_600,72,t_8_16,112.0,0.0,0.0,2.0,0.874489381929549,0.5544212408015324,0.85958,0,0,stable
46__1200_600,74,t_8_16,120.0,0.25,0.0,3.0,0.9227492606767432,0.5733914164127205,0.85958,0,0,mild
46__1200_600,75,t_8_16,155.99960327148438,0.0,0.0,3.0,0.9878882080734115,0.7908875647539196,0.85958,0,1,stable
46__1200_600,76,s_16_32,272.0,0.0,0.0,3.0,0.9954613373596354,0.6341236289755056,0.85958,0,0,stable
46__1200_600,77,t_8_16,191.9996337890625,0.0,0.0,4.0,0.9927249123002422,0.7568726642433122,0.85958,0,1,stable
46__1200_600,78,t_8_16,143.0,0.0,0.0,2.0,0.9978770045836697,0.8589483752084479,0.85958,0,1,stable
46__1200_600,79,t_8_16,180.0,0.0,0.0,2.0,0.995448510466773,0.7518853808642334,0.85958,0,1,stable
46__1200_600,80,s_16_32,525.0,0.0,0.0,8.0,0.8333973299038062,0.10248778012058325,0.85958,1,0,stable
46__1200_600,81,t_8_16,156.0,0.0,0.0,3.0,0.9975368678683683,0.9321671197060402,0.85958,0,1,stable
46__1200_600,82,t_8_16,195.0,0.0,0.0,3.0,0.7231999228675312,0.7643298981139761,0.85958,0,1,stable
46__1200_600,83,t_8_16,100.0,0.25,0.0,2.0,0.7928457766868813,0.6919794965768189,0.85958,0,0,mild
46__1200_600,84,t_8_16,181.99920654296875,0.25,0.0,4.0,0.1668360424728473,0.5322826056250656,0.85958,0,0,mild
46__1200_600,85,t_8_16,210.0,0.0,0.0,5.0,0.9887641548664496,0.6426864000000011,0.85958,0,0,stable
46__1200_600,86,t_8_16,143.0,0.0,0.0,3.0,0.8200650877449454,0.5351069599314882,0.85958,0,0,stable
46__1200_600,87,s_16_32,294.0,0.0,0.0,5.0,0.7237425303615552,0.6092971896779955,0.85958,0,0,stable
46__1200_600,88,s_16_32,396.0,0.0,0.0,8.0,0.8293321465625657,0.5276483433836047,0.85958,0,0,stable
46adb7e21,0,s_16_32,475.0,0.0,0.0,8.0,0.9967410350161637,0.9106589028649181,0.88614,0,1,stable
46adb7e21,1,t_8_16,255.0,0.0,0.0,5.0,0.9785640985058283,0.8133131924503516,0.88614,0,1,stable
46adb7e21,2,t_8_16,121.0,0.0,0.0,2.0,0.9803514586475433,0.6450579999999922,0.88614,0,0,stable
4b3cd2574,0,t_8_16,100.0,0.25,0.0,2.0,0.5599460521531112,0.5194645739310171,0.75002,0,0,mild
4b3cd2574,1,t_8_16,168.0,0.0,0.0,3.0,0.9962561021642927,0.8696246865907447,0.75002,0,1,stable
4ebc412fe,0,t_8_16,239.999267578125,0.0,0.0,3.0,0.9789176750855902,0.8279507444380332,0.77876,0,1,stable
53208bafb,0,t_8_16,80.0,0.25,0.25,1.0,,0.389379154018496,0.78373,1,0,mild
53208bafb,1,t_8_16,171.0,0.25,0.0,4.0,0.9947638198737464,0.806216116636015,0.78373,0,1,mild
53__600_1200,0,t_8_16,180.00009155273438,0.0,0.0,3.0,0.9962205289341959,0.8286561333333419,0.7975,0,1,stable
53__600_1200,1,t_8_16,176.0,0.25,0.0,5.0,0.9632455283242807,0.6605261541940696,0.7975,0,0,mild
53__600_1200,3,t_8_16,140.0,0.0,0.0,2.0,0.9750254162715908,0.7487091602010577,0.7975,0,0,stable
53__600_1200,4,t_8_16,168.0,0.0,0.0,3.0,0.9222883435925665,0.7347135571294753,0.7975,0,0,stable
53__600_1200,5,t_8_16,168.0,0.0,0.0,2.0,0.9616677557531657,0.7061925256123907,0.7975,0,0,stable
53__600_1200,6,t_8_16,144.0,0.0,0.0,2.0,0.9767191668015655,0.7208346412494681,0.7975,0,0,stable
53__600_1200,7,t_8_16,180.0,0.0,0.0,3.0,0.9870336531982109,0.7896953851077696,0.7975,0,1,stable
53__600_1200,8,t_8_16,111.99954223644454,0.0,0.0,3.0,0.9985771563858511,0.9320503785693106,0.7975,0,1,stable
53__600_1200,9,t_8_16,112.0,0.0,0.0,2.0,0.9718397340117696,0.7437516362535995,0.7975,0,0,stable
53__600_1200,10,t_8_16,111.9990234375,0.0,0.0,5.0,0.98135150797323,0.7426353892776353,0.7975,0,0,stable
53__600_1200,11,t_8_16,112.0,0.0,0.0,2.0,0.9931533630259447,0.7993979464538461,0.7975,0,1,stable
53__600_1200,12,t_8_16,100.0,0.0,0.0,2.0,0.9894541870438003,0.5916697779333521,0.7975,0,0,stable
53__600_1200,13,t_8_16,64.0,0.0,0.0,1.0,,0.4183621883835777,0.7975,1,0,stable
53__600_1200,14,t_8_16,120.0,0.0,0.0,2.0,0.9827743910801162,0.7152285199866135,0.7975,0,0,stable
53__600_1200,15,t_8_16,140.0,0.0,0.0,2.0,0.8029155532535047,0.7502907882939648,0.7975,0,1,stable
53__600_1200,16,t_8_16,112.0,0.0,0.0,2.0,0.9749785331004278,0.5912263297016226,0.7975,0,0,stable
53__600_1200,17,t_8_16,80.0,0.5,0.5,0.0,,0.4951027217084827,0.7975,1,0,mild
53__600_1200,18,t_8_16,100.0,0.0,0.0,1.0,,0.7032226422664392,0.7975,0,0,stable
53__600_1200,19,t_8_16,224.0,0.0,0.0,5.0,0.9358783435133465,0.7630053655304239,0.7975,0,1,stable
53__600_1200,20,t_8_16,216.0,0.0,0.0,3.0,0.9904591393949725,0.6507493378073952,0.7975,0,0,stable
53__600_1200,21,t_8_16,167.99978637695312,0.0,0.0,4.0,0.9203625856431984,0.6888609312991467,0.7975,0,0,stable
53__600_1200,22,t_8_16,168.0,0.0,0.0,3.0,0.9943677124152119,0.8299583751728087,0.7975,0,1,stable
53__600_1200,23,s_16_32,288.0,0.0,0.0,6.0,0.9576763295513938,0.5777148124999966,0.7975,0,0,stable
53__600_1200,24,s_16_32,288.0,0.0,0.0,7.0,0.9945437782105064,0.5917634722222226,0.7975,0,0,stable
53__600_1200,25,t_8_16,195.0,0.0,0.0,4.0,0.9462232568202777,0.8205281085730013,0.7975,0,1,stable
53__600_1200,26,s_16_32,380.0,0.0,0.0,6.0,0.8843281603141695,0.813223676315783,0.7975,0,1,stable
53__600_1200,27,t_8_16,195.0,0.0,0.0,4.0,0.8919687355520454,0.7160516717948722,0.7975,0,0,stable
53__600_1200,28,t_8_16,144.0,0.25,0.0,3.0,0.6802802567749476,0.6805368511916524,0.7975,0,0,mild
53__600_1200,29,t_8_16,238.0,0.0,0.0,5.0,0.8052767712103773,0.6135357585329638,0.7975,0,0,stable
53__600_1200,30,t_8_16,121.0,0.0,0.0,2.0,0.99817963615484,0.7683444403384274,0.7975,0,1,stable
53__600_1200,31,t_8_16,165.0,0.0,0.0,2.0,0.8450180968722804,0.8521573759082413,0.7975,0,1,stable
53__600_1200,32,t_8_16,182.0,0.0,0.0,4.0,0.9258567193231068,0.8291268678476439,0.7975,0,1,stable
53__600_1200,33,t_8_16,126.0,0.0,0.0,3.0,0.9892728779881081,0.8518747708052341,0.7975,0,1,stable
53__600_1200,34,t_8_16,143.0,0.0,0.0,2.0,0.9934135062119881,0.7818520939012522,0.7975,0,1,stable
53__600_1200,35,t_8_16,104.0,0.0,0.0,2.0,0.9976210475324914,0.563010127672973,0.7975,0,0,stable
53__600_1200,36,t_8_16,83.99972534179688,0.0,0.0,3.0,0.9952176734281235,0.831460019645052,0.7975,0,1,stable
53__600_1200,37,t_8_16,144.0,0.25,0.0,2.0,0.6699924183325083,0.5856192375518725,0.7975,0,0,mild
53__600_1200,38,t_8_16,80.0,0.0,0.0,2.0,0.9884388744099585,0.5175948482361594,0.7975,0,0,stable
557bf583e,2,t_8_16,90.0000305166468,0.0,0.0,2.0,0.9732999928601794,0.45926566666666724,0.8442,1,0,stable
557bf583e,6,t_8_16,81.0,0.0,0.0,1.0,,0.8577770370370373,0.8442,0,1,stable
557bf583e,7,t_8_16,100.0,0.0,0.0,2.0,0.7815857989844314,0.5631317999999985,0.8442,0,0,stable
557bf583e,8,t_8_16,175.99932861328125,0.0,0.0,3.0,0.9985378789795647,0.9441975578610483,0.8442,0,1,stable
557bf583e,11,t_8_16,84.0003662109375,0.0,0.0,3.0,0.9996285271799594,0.8270282418158644,0.8442,0,1,stable
557bf583e,12,t_8_16,170.0,0.0,0.0,2.0,0.9803538310840877,0.6076535294117669,0.8442,0,0,stable
557bf583e,13,t_8_16,239.998779296875,0.25,0.0,5.0,0.3456065801554854,0.0,0.8442,1,0,mild
557bf583e,14,t_8_16,88.0,0.25,0.0,2.0,0.7536322021888764,0.5550360000000016,0.8442,0,0,mild
56435f779,0,t_8_16,88.0,0.25,0.25,1.0,,0.6817656818181873,0.65772,0,0,mild
56435f779,1,t_8_16,72.0,0.25,0.25,1.0,,0.7888631256148946,0.65772,0,1,mild
567261abb,0,t_8_16,81.0,0.0,0.0,1.0,,0.7263524567901243,0.7648,0,0,stable
567261abb,6,t_8_16,72.0,0.0,0.0,1.0,,0.8565542997382657,0.7648,0,1,stable
567261abb,7,t_8_16,84.0,0.0,0.0,3.0,0.9969108863141689,0.7647239285714353,0.7648,0,1,stable
568__2400_2400,0,t_8_16,192.0,0.0,0.0,5.0,0.9530921866717135,0.8376528965479488,0.86292,0,1,stable
568__2400_2400,1,s_16_32,540.0,0.0,0.0,10.0,0.9964236407418253,0.9529606568159397,0.86292,0,1,stable
568__2400_2400,2,t_8_16,216.0,0.0,0.0,2.0,0.9975225984609255,0.8262020428670771,0.86292,0,1,stable
568__2400_2400,3,t_8_16,140.0,0.0,0.0,2.0,0.7764977812024498,0.6251431198833743,0.86292,0,0,stable
568__2400_2400,4,t_8_16,112.0,0.0,0.0,2.0,0.9614928612400231,0.5185879619475543,0.86292,0,0,stable
568__2400_2400,5,t_8_16,168.0,0.0,0.0,3.0,0.9886539742113943,0.7791107557490552,0.86292,0,1,stable
568__2400_2400,6,t_8_16,240.0,0.0,0.0,4.0,0.9927384520444675,0.8266981707828629,0.86292,0,1,stable
568__2400_2400,7,s_16_32,504.0,0.0,0.0,7.0,0.9940805676112352,0.8327009869979746,0.86292,0,1,stable
568__2400_2400,8,t_8_16,240.0,0.0,0.0,6.0,0.970633283296977,0.6614957120673756,0.86292,0,0,stable
568__2400_2400,9,s_16_32,840.0,0.0,0.0,10.0,0.9923835407105285,0.3661122892857141,0.86292,1,0,stable
568__2400_2400,10,t_8_16,180.0,0.25,0.0,4.0,0.28992746068079345,0.868559244046394,0.86292,0,1,mild
568__2400_2400,11,s_16_32,308.0,0.0,0.0,9.0,0.9846145647545614,0.7890837465667807,0.86292,0,1,stable
568__2400_2400,12,t_8_16,179.99972534179688,0.0,0.0,4.0,0.994780510731693,0.6822686820389402,0.86292,0,0,stable
568__2400_2400,13,t_8_16,191.999267578125,0.0,0.0,2.0,0.9987527150942198,0.7097595270971229,0.86292,0,0,stable
568__2400_2400,14,s_16_32,720.0,0.0,0.0,10.0,0.9921778399207333,0.8320928783205978,0.86292,0,1,stable
568__2400_2400,15,t_8_16,96.0,0.0,0.0,6.0,0.9576919217578399,0.5494417708666302,0.86292,0,0,stable
568__2400_2400,16,t_8_16,180.0,0.0,0.0,3.0,0.9944740579855637,0.7983813928440714,0.86292,0,1,stable
568__2400_2400,17,s_16_32,575.9989013671875,0.0,0.0,9.0,0.9004914581613069,0.7961772569444472,0.86292,0,1,stable
568__2400_2400,18,s_16_32,280.0,0.0,0.0,4.0,0.987576382785098,0.6593110858166125,0.86292,0,0,stable
568__2400_2400,19,t_8_16,252.0,0.0,0.0,5.0,0.9952036360473795,0.8241583634016323,0.86292,0,1,stable
568__2400_2400,20,t_8_16,180.0,0.25,0.0,3.0,0.6857280090462231,0.6328473805205785,0.86292,0,0,mild
568__2400_2400,21,t_8_16,168.0,0.0,0.0,2.0,0.9083705481931884,0.7477140125054205,0.86292,0,0,stable
568__2400_2400,22,s_16_32,280.0,0.0,0.0,6.0,0.9171419143729168,0.7074562857142878,0.86292,0,0,stable
568__2400_2400,23,t_8_16,240.0,0.0,0.0,6.0,0.9938467764055257,0.7865052506161168,0.86292,0,1,stable
568__2400_2400,24,t_8_16,96.0,0.25,0.25,1.0,,0.6594826292825016,0.86292,0,0,mild
568__2400_2400,25,s_16_32,748.0001831052359,0.0,0.0,10.0,0.9940748564496934,0.8986741728083164,0.86292,0,1,stable
568__2400_2400,26,s_16_32,540.0,0.0,0.0,9.0,0.9937154516471859,0.8955190408053925,0.86292,0,1,stable
568__2400_2400,27,t_8_16,144.0,0.0,0.0,4.0,0.9956594275568101,0.6608353204194447,0.86292,0,0,stable
568__2400_2400,28,t_8_16,224.0001220703125,0.0,0.0,5.0,0.9628285043942416,0.7295161137747165,0.86292,0,0,stable
568__2400_2400,29,t_8_16,128.0,0.0,0.0,2.0,0.999046473314471,0.7237786156548828,0.86292,0,0,stable
568__2400_2400,30,t_8_16,160.0,0.0,0.0,2.0,0.9925873891417942,0.7625356319159929,0.86292,0,1,stable
568__2400_2400,31,t_8_16,200.0,0.0,0.0,3.0,0.9971311719187872,0.8433776938349803,0.86292,0,1,stable
568__2400_2400,32,t_8_16,128.0,0.0,0.0,2.0,0.9655558812718955,0.7904376607794751,0.86292,0,1,stable
568__2400_2400,33,t_8_16,160.0,0.0,0.0,3.0,0.9747928243312374,0.8504686636090658,0.86292,0,1,stable
5716a88a1,0,t_8_16,238.0,0.0,0.0,5.0,0.9934842013289429,0.8430939633030714,0.86517,0,1,stable
5787d635c,0,s_16_32,400.0,0.0,0.0,8.0,0.9885019469211818,0.8795466700000026,0.8506,0,1,stable
5787d635c,1,t_8_16,195.0,0.0,0.0,4.0,0.9864769706470274,0.8442060997516996,0.8506,0,1,stable
5787d635c,2,t_8_16,133.00021362304688,0.0,0.0,7.0,0.9763894185101212,0.8340278914974674,0.8506,0,1,stable
5787d635c,3,t_8_16,182.0,0.0,0.0,4.0,0.92354063601021,0.715081771892215,0.8506,0,0,stable
5787d635c,4,t_8_16,72.0,0.0,0.0,2.0,0.7826274290507336,0.7882622836554855,0.8506,0,1,stable
59f0da06d,0,t_8_16,110.00003814697266,0.0,0.0,1.0,,0.8170820825140942,0.80034,0,1,stable
59f0da06d,1,t_8_16,135.0009841923602,0.0,0.0,2.0,0.9991918708657337,0.8078528740740717,0.80034,0,1,stable
5aa473f77,0,t_8_16,234.0,0.0,0.0,5.0,0.8122340915673999,0.8511894396890544,0.88627,0,1,stable
5aa473f77,2,t_8_16,110.0,0.0,0.0,1.0,,0.5206745793582491,0.88627,0,0,stable
5aa473f77,3,t_8_16,150.0,0.25,0.0,3.0,0.7342259953592516,0.0,0.88627,1,0,mild
5aa473f77,4,s_16_32,456.0,0.0,0.0,10.0,0.9961398049746506,0.8996768258129664,0.88627,0,1,stable
5aa473f77,5,t_8_16,234.00079345703125,0.0,0.0,5.0,0.9729816362285875,0.8802437703143674,0.88627,0,1,stable
5aa473f77,6,s_16_32,900.0,0.0,0.0,10.0,0.9897361581703428,0.7987499155555571,0.88627,0,1,stable
5aa473f77,7,s_16_32,811.9995727539062,0.0,0.0,10.0,0.9981910721506478,0.9061442668900221,0.88627,0,1,stable
5aa473f77,8,s_16_32,425.0,0.0,0.0,9.0,0.9969144674237055,0.81154404408017,0.88627,0,1,stable
5aa473f77,9,s_16_32,374.0,0.0,0.0,7.0,0.9813644218522927,0.8229254216263071,0.88627,0,1,stable
5aa6ab87c,0,t_8_16,180.0,0.0,0.0,4.0,0.9698456122725514,0.8759008306930455,0.794,0,1,stable
5b6999ae6,0,t_8_16,153.0,0.0,0.0,3.0,0.632435530018574,0.7779905984127375,0.66391,0,1,stable
5bb210460,0,s_16_32,460.0,0.0,0.0,8.0,0.9924270174550093,0.9225707612226866,0.90392,0,1,stable
5bb210460,1,s_16_32,650.0,0.0,0.0,10.0,0.9910937707888232,0.8688804430769229,0.90392,0,1,stable
5bb210460,2,s_16_32,699.9969482421875,0.0,0.0,10.0,0.9971350073592837,0.9638590799999988,0.90392,0,1,stable
5bb210460,3,s_16_32,256.0,0.0,0.0,5.0,0.9941241108075451,0.8847557757829552,0.90392,0,1,stable
5bb210460,4,t_8_16,254.99896240234375,0.0,0.0,6.0,0.9939270881429584,0.9034577094247569,0.90392,0,1,stable
5bb210460,5,t_8_16,81.0,0.5,0.5,2.0,0.22958399380982944,0.34629502469135653,0.90392,1,0,mild
5f0b17585,1,t_8_16,144.0,0.0,0.0,3.0,0.30495352400055575,0.8285300298895936,0.73203,0,1,stable
5f55ef176,0,t_8_16,169.0,0.0,0.0,2.0,0.7756229074595146,0.0,0.00336,1,0,stable
600__600_2342,0,s_16_32,528.0,0.0,0.0,10.0,0.989679681851993,0.4767940056818161,0.88247,1,0,stable
600__600_2342,1,t_8_16,192.0,0.0,0.0,4.0,0.9736776372427175,0.7955717275740842,0.88247,0,1,stable
600__600_2342,2,t_8_16,179.99969482421875,0.0,0.0,3.0,0.9123486605155184,0.7640005416259072,0.88247,0,1,stable
600__600_2342,3,t_8_16,180.0,0.25,0.0,2.0,0.9989155612044469,0.8129077044022177,0.88247,0,1,mild
600__600_2342,4,t_8_16,160.0,0.0,0.0,3.0,0.9660505773357475,0.744169898593357,0.88247,0,0,stable
600__600_2342,5,t_8_16,216.0,0.0,0.0,5.0,0.8825535443131126,0.7832501657243698,0.88247,0,1,stable
600__600_2342,6,t_8_16,180.0,0.0,0.0,2.0,0.9858418881061696,0.6907852969591092,0.88247,0,0,stable
600__600_2342,7,t_8_16,140.0,0.0,0.0,2.0,0.9796599631713311,0.887987832461039,0.88247,0,1,stable
600__600_2342,8,t_8_16,160.0,0.0,0.0,3.0,0.996877304125878,0.8187715636802895,0.88247,0,1,stable
600__600_2342,9,t_8_16,119.99981689453125,0.0,0.0,2.0,0.9931054333648263,0.7659417515212578,0.88247,0,1,stable
600__600_2342,10,t_8_16,192.0,0.0,0.0,2.0,0.9529290256512786,0.7329082675876273,0.88247,0,0,stable
600__600_2342,11,t_8_16,139.9993896484375,0.0,0.0,2.0,0.8323741005419285,0.7179799397451014,0.88247,0,0,stable
600__600_2342,12,t_8_16,139.9993896484375,0.0,0.0,3.0,0.9857008628078003,0.7687205964028694,0.88247,0,1,stable
600__600_2342,13,t_8_16,96.0,0.0,0.0,1.0,,0.5856766622638422,0.88247,0,0,stable
600__600_2342,14,t_8_16,139.9993896484375,0.25,0.0,3.0,0.3762605101509214,0.8739098411686339,0.88247,0,1,mild
600__600_2342,15,s_16_32,264.0,0.0,0.0,5.0,0.9950054726281988,0.8097161134815349,0.88247,0,1,stable
600__600_2342,16,t_8_16,144.0,0.0,0.0,2.0,0.9808276759178395,0.7289527931945021,0.88247,0,0,stable
600__600_2342,17,s_16_32,468.0,0.0,0.0,9.0,0.9913828143042118,0.9260579714381153,0.88247,0,1,stable
600__600_2342,18,t_8_16,160.0,0.0,0.0,3.0,0.9969658007207376,0.7905013269454144,0.88247,0,1,stable
600__600_2342,19,t_8_16,199.99969482421875,0.25,0.0,4.0,0.12047441668219919,0.7534339392423124,0.88247,0,1,mild
600__600_2342,20,t_8_16,140.0,0.5,0.0,4.0,0.27387359660031313,0.8592147976345357,0.88247,0,1,mild
600__600_2342,21,t_8_16,160.0,0.0,0.0,2.0,0.990709118368492,0.8674848464498587,0.88247,0,1,stable
600__600_2342,22,t_8_16,192.0,0.0,0.0,2.0,0.9341193983775687,0.4007401788379942,0.88247,1,0,stable
600__600_2342,23,t_8_16,96.0,0.0,0.0,2.0,0.9681107114639901,0.7055425962518537,0.88247,0,0,stable
600__600_2342,24,t_8_16,180.0,0.0,0.0,3.0,0.9738728984349012,0.7487702321084414,0.88247,0,0,stable
600__600_2342,25,t_8_16,112.0,0.0,0.0,3.0,0.9816720717747672,0.7645675269521317,0.88247,0,1,stable
600__600_2342,26,t_8_16,192.0,0.0,0.0,4.0,0.42939920638820755,0.8880991146282949,0.88247,0,1,stable
600__600_2342,27,t_8_16,168.0,0.0,0.0,2.0,0.9918415165401052,0.77763996487039,0.88247,0,1,stable
600__600_2342,28,t_8_16,140.0,0.0,0.0,3.0,0.9769273060455282,0.8147236985084555,0.88247,0,1,stable
600__600_2342,29,t_8_16,112.0,0.25,0.25,1.0,,0.5160834706543921,0.88247,0,0,mild
600__600_2342,30,t_8_16,252.0008544921875,0.0,0.0,6.0,0.9313389824941468,0.6591356445665686,0.88247,0,0,stable
600__600_2342,31,t_8_16,160.00095748889726,0.0,0.0,2.0,0.9965976839872719,0.7380481844438462,0.88247,0,0,stable
600__600_2342,33,s_16_32,280.0,0.0,0.0,7.0,0.9546055980642517,0.9249475868945679,0.88247,0,1,stable
600__600_2342,34,t_8_16,191.9990234375,0.0,0.0,3.0,0.9944497317672986,0.8387693194321327,0.88247,0,1,stable
600__600_2342,35,s_16_32,336.0,0.0,0.0,7.0,0.7683132791876489,0.5491044465796109,0.88247,0,0,stable
600__600_2342,36,t_8_16,216.0,0.0,0.0,5.0,0.97305049601756,0.8271534422306216,0.88247,0,1,stable
600__600_2342,37,t_8_16,180.0006103515625,0.0,0.0,3.0,0.9730594095389665,0.5903678467026643,0.88247,0,0,stable
600__600_2342,38,t_8_16,240.0,0.0,0.0,7.0,0.993440680508122,0.8356500762828557,0.88247,0,1,stable
600__600_2342,39,t_8_16,216.0,0.0,0.0,6.0,0.9142301049027544,0.8241608333333308,0.88247,0,1,stable
600__600_2342,40,t_8_16,191.999267578125,0.0,0.0,2.0,0.9634513644878322,0.8774696395770176,0.88247,0,1,stable
600__600_2342,41,t_8_16,100.0,0.0,0.0,2.0,0.9988994275198684,0.6634153872684337,0.88247,0,0,stable
600__600_2342,42,t_8_16,216.0,0.0,0.0,3.0,0.9849176195432608,0.8852033631235329,0.88247,0,1,stable
600__600_2342,43,t_8_16,192.0,0.0,0.0,4.0,0.8408201118897278,0.8313706187970883,0.88247,0,1,stable
600__600_2342,44,t_8_16,251.9989013671875,0.0,0.0,6.0,0.9917338205768828,0.6747629246031771,0.88247,0,0,stable
600__600_2342,45,t_8_16,160.0,0.0,0.0,3.0,0.9824438947456083,0.7892560264013847,0.88247,0,1,stable
600__600_2342,46,t_8_16,180.0,0.25,0.0,5.0,0.40330713603672064,0.9109421901932726,0.88247,0,1,mild
600__600_2342,47,t_8_16,240.0,0.0,0.0,5.0,0.8935561629066008,0.7721347056198171,0.88247,0,1,stable
600__600_2342,48,s_16_32,416.0,0.0,0.0,8.0,0.9927117248484424,0.156243476156466,0.88247,1,0,stable
600__600_2342,49,t_8_16,224.0,0.0,0.0,4.0,0.9549115123903563,0.5765671760712032,0.88247,0,0,stable
600__600_2342,50,t_8_16,128.0,0.5,0.5,2.0,0.8616010458843948,0.5859794851855601,0.88247,0,0,mild
600__600_2342,51,t_8_16,144.0,0.5,0.25,1.0,,0.6401203166394482,0.88247,0,0,mild
600__600_2342,52,t_8_16,200.0,0.0,0.0,2.0,0.9617253520635993,0.6327225049580546,0.88247,0,0,stable
600__600_2342,53,t_8_16,252.0,0.0,0.0,5.0,0.9032232490147257,0.5746740523977266,0.88247,0,0,stable
600__600_2342,54,s_16_32,288.0,0.0,0.0,3.0,0.973671016060197,0.7237882688875503,0.88247,0,0,stable
600__600_2342,55,t_8_16,196.0,0.0,0.0,4.0,0.8776241676458489,0.41388464092997573,0.88247,1,0,stable
600__600_2342,56,s_16_32,287.999755859375,0.0,0.0,3.0,0.982102946405627,0.5359488467252636,0.88247,0,0,stable
600__600_2342,57,t_8_16,192.0,0.0,0.0,5.0,0.9891862728559193,0.7399136511197298,0.88247,0,0,stable
600__600_2342,58,s_16_32,440.0,0.0,0.0,9.0,0.9945396505926789,0.37115114545454203,0.88247,1,0,stable
600__600_2342,59,t_8_16,140.0,0.5,0.5,3.0,0.6579967897618985,0.6519334697544694,0.88247,0,0,mild
600__600_2342,60,s_16_32,288.0,0.0,0.0,5.0,0.9044680139724769,0.5651728402777758,0.88247,0,0,stable
600__600_2342,61,t_8_16,200.001220703125,0.0,0.0,4.0,0.907653339489296,0.5832634003002937,0.88247,0,0,stable
600__600_2342,62,s_16_32,256.0,0.0,0.0,3.0,0.9490663037449563,0.6933012832681814,0.88247,0,0,stable
600__600_2342,63,s_16_32,280.0,0.0,0.0,6.0,0.8551851878307588,0.7589484885968364,0.88247,0,1,stable
600__600_2342,64,s_16_32,280.0,0.0,0.0,4.0,0.7384431565683012,0.4353619745893825,0.88247,1,0,stable
600__600_2342,65,t_8_16,112.0,0.25,0.0,2.0,0.9637389455997263,0.44504548523487303,0.88247,1,0,mild
600__600_2342,66,t_8_16,224.0,0.5,0.5,2.0,0.8022759412066395,0.4883798808250862,0.88247,1,0,mild
600__600_2342,67,t_8_16,95.9996337890625,0.0,0.0,1.0,,0.5601050673090512,0.88247,0,0,stable
600__600_2342,68,s_16_32,288.0,0.0,0.0,7.0,0.9860731030177186,0.6419729766702817,0.88247,0,0,stable
600__600_2342,69,s_16_32,320.0,0.0,0.0,4.0,0.9920412868674351,0.4935513249999976,0.88247,1,0,stable
600__600_2342,70,t_8_16,140.0,0.25,0.0,4.0,0.7018962071452871,0.7939083564984551,0.88247,0,1,mild
600__600_2342,71,t_8_16,84.0,0.0,0.0,2.0,0.4835625781709753,0.44407227986992054,0.88247,1,0,stable
600__600_2342,72,s_16_32,287.9989013671875,0.0,0.0,3.0,0.941768781766981,0.3815591049479335,0.88247,1,0,stable
600__600_2342,73,t_8_16,160.0,0.25,0.25,0.0,,0.7221865555034631,0.88247,0,0,mild
600__600_2342,74,s_16_32,264.0,0.0,0.0,6.0,0.951051930952177,0.6931459488672124,0.88247,0,0,stable
600__600_2342,75,s_16_32,352.0,0.0,0.0,7.0,0.9835829640858281,0.640619840948435,0.88247,0,0,stable
600__600_2342,76,t_8_16,196.0,0.0,0.0,2.0,0.9796038861406586,0.6378928495484989,0.88247,0,0,stable
600__600_2342,77,t_8_16,140.0,0.0,0.0,3.0,0.987402409340673,0.697852627398814,0.88247,0,0,stable
600__600_2342,78,s_16_32,336.0,0.0,0.0,3.0,0.9954171971151375,0.5662710506273351,0.88247,0,0,stable
600__600_2342,79,t_8_16,96.0,0.25,0.25,2.0,0.9825229181515673,0.6958907333247256,0.88247,0,0,mild
600__600_2342,80,t_8_16,168.0,0.0,0.0,3.0,0.9840807335166394,0.7504297438500596,0.88247,0,1,stable
600__600_2342,81,t_8_16,128.0,0.0,0.0,2.0,0.9343630469762384,0.566383528537204,0.88247,0,0,stable
600__600_2342,82,s_16_32,308.0,0.0,0.0,4.0,0.9932619096509681,0.6297412580593282,0.88247,0,0,stable
600__600_2342,83,t_8_16,139.99957275390625,0.25,0.0,3.0,0.28381437890954203,0.795628474610504,0.88247,0,1,mild
600__600_2342,84,t_8_16,196.0,0.25,0.0,4.0,0.8964010269471986,0.4200951965017565,0.88247,1,0,mild
600__600_2342,85,t_8_16,160.0009765625,0.25,0.0,3.0,0.14122123428481337,0.757379592126408,0.88247,0,1,mild
600__600_2342,86,t_8_16,140.0,0.0,0.0,2.0,0.9650502673776021,0.7975868792316968,0.88247,0,1,stable
600__600_2342,87,s_16_32,320.0,0.0,0.0,6.0,0.9919032760943045,0.5312276175576998,0.88247,0,0,stable
600__600_2342,88,t_8_16,168.0,0.0,0.0,3.0,0.9545612250843177,0.7192513505588943,0.88247,0,0,stable
600__600_2342,89,s_16_32,287.9989013671875,0.25,0.0,5.0,0.767410876234501,0.4380169476960545,0.88247,1,0,mild
600__600_2342,90,t_8_16,112.0,0.25,0.25,1.0,0.9999999998130604,0.6774450133337089,0.88247,0,0,mild
600__600_2342,91,s_16_32,260.0,0.0,0.0,4.0,0.9745262302823322,0.4190950043319308,0.88247,1,0,stable
600__600_2342,92,s_16_32,264.0,0.0,0.0,5.0,0.9765128739710671,0.5053065588556324,0.88247,0,0,stable
600__600_2342,93,t_8_16,192.0,0.0,0.0,4.0,0.9321163585347776,0.7594091905981222,0.88247,0,1,stable
600__600_2342,94,t_8_16,140.0,0.25,0.0,3.0,0.7820149745018374,0.7096901411229489,0.88247,0,0,mild
600__600_2342,95,t_8_16,96.0,0.5,0.0,3.0,0.005305953819140111,0.6047118323539535,0.88247,0,0,mild
600__600_2342,96,t_8_16,160.0,0.0,0.0,2.0,0.9844230406908371,0.6941454525353662,0.88247,0,0,stable
600__600_2342,97,t_8_16,180.0,0.0,0.0,2.0,0.949720073560545,0.7097096898106712,0.88247,0,0,stable
600__600_2342,98,t_8_16,80.0,0.25,0.0,2.0,0.8119468930246845,0.39720662652466704,0.88247,1,0,mild
600__600_2342,99,t_8_16,192.0,0.0,0.0,3.0,0.9761140787967142,0.6827457291666729,0.88247,0,0,stable
600__600_2342,100,s_16_32,480.0,0.0,0.0,8.0,0.9925751570166504,0.6003983062500019,0.88247,0,0,stable
600__600_2342,101,t_8_16,252.0,0.0,0.0,4.0,0.9844427248076381,0.7140233690647263,0.88247,0,0,stable
600__600_2342,102,t_8_16,160.0,0.0,0.0,3.0,0.8580535984280925,0.6234853868655823,0.88247,0,0,stable
600__600_2342,103,t_8_16,239.99954223632812,0.0,0.0,10.0,0.9744194263789671,0.41441710055169756,0.88247,1,0,stable
600__600_2342,104,t_8_16,239.9993896484375,0.0,0.0,4.0,0.9866322312667372,0.5586913675217966,0.88247,0,0,stable
600__600_2342,105,t_8_16,140.0,0.0,0.0,2.0,0.9340621004136936,0.5991004196340055,0.88247,0,0,stable
600__600_2342,106,s_16_32,336.0,0.0,0.0,4.0,0.4484726945216127,0.40621366313278495,0.88247,1,0,stable
600__600_2342,107,t_8_16,216.0,0.0,0.0,4.0,0.9891128181095782,0.7741882175925956,0.88247,0,1,stable
600__600_2342,108,s_16_32,280.0,0.0,0.0,5.0,0.9613979196308493,0.6901896660603827,0.88247,0,0,stable
600__600_2342,109,s_16_32,287.9989013671875,0.0,0.0,5.0,0.9783196319020293,0.6278939965277757,0.88247,0,0,stable
600__600_2342,110,t_8_16,140.0,0.25,0.0,1.0,0.9998555153409994,0.6698188496903483,0.88247,0,0,mild
600__600_2342,111,t_8_16,168.0,0.0,0.0,1.0,,0.4731710463318475,0.88247,1,0,stable
600__600_2342,112,s_16_32,360.0,0.25,0.0,7.0,0.05410693188170046,0.33071160238520825,0.88247,1,0,mild
600__600_2342,113,s_16_32,384.0,0.0,0.0,8.0,0.9875143962841602,0.5655785312499972,0.88247,0,0,stable
600__600_2342,114,t_8_16,192.0,0.0,0.0,3.0,0.7873728194818082,0.6802720941943348,0.88247,0,0,stable
600__600_2342,115,s_16_32,360.0,0.0,0.0,5.0,0.9486780249244436,0.4864122812834493,0.88247,1,0,stable
600__600_2342,116,s_16_32,256.0,0.0,0.0,4.0,0.7715569609123966,0.5210729119112099,0.88247,0,0,stable
600__600_2342,117,t_8_16,252.0,0.0,0.0,4.0,0.908067954785731,0.5745592178999164,0.88247,0,0,stable
600__600_2342,118,t_8_16,128.0,0.0,0.0,2.0,0.9864851004422112,0.6263968273392944,0.88247,0,0,stable
600__600_2342,119,s_16_32,416.0,0.0,0.0,9.0,0.9976200233292853,0.7458974723108253,0.88247,0,0,stable
600__600_2342,120,t_8_16,144.0,0.0,0.0,3.0,0.7763264817121075,0.47912681954774733,0.88247,1,0,stable
600__600_2342,121,s_16_32,319.9993896484375,0.0,0.0,6.0,0.9960428149323622,0.7208475999999953,0.88247,0,0,stable
600__600_2342,122,t_8_16,216.0,0.0,0.0,5.0,0.9751186915227524,0.750393195706648,0.88247,0,1,stable
600__600_2342,123,t_8_16,140.0,0.25,0.25,3.0,0.6281022745284954,0.7858280671898544,0.88247,0,1,mild
600__600_2342,124,t_8_16,139.99957275390625,0.0,0.0,2.0,0.5279384448908688,0.6542222340332913,0.88247,0,0,stable
600__600_2342,125,s_16_32,364.0,0.0,0.0,6.0,0.9882761753188373,0.6347321538461531,0.88247,0,0,stable
600__600_2342,126,s_16_32,959.9993896484375,0.0,0.0,10.0,0.5772181509667409,0.6032793750000011,0.88247,0,0,stable
600__600_2342,127,s_16_32,263.99829101748765,0.0,0.0,4.0,0.9951722593567899,0.8379503662115396,0.88247,0,1,stable
600__600_2342,128,t_8_16,111.99951171875,0.0,0.0,3.0,0.9915822620540322,0.39123993600995877,0.88247,1,0,stable
600__600_2342,129,t_8_16,112.0,0.25,0.25,1.0,,0.5525529422163036,0.88247,0,0,mild
600__600_2342,130,s_16_32,288.0,0.0,0.0,4.0,0.9935227131457546,0.7625970729166683,0.88247,0,1,stable
623d22ecf,0,t_8_16,135.0,0.0,0.0,2.0,0.9796866004988923,0.9565269766494058,0.6828,0,1,stable
623d22ecf,1,t_8_16,96.0,0.0,0.0,2.0,0.8858727192310005,0.5861827021323449,0.6828,0,0,stable
633dd398c,0,t_8_16,182.00002670288086,0.0,0.0,3.0,0.9043017280163271,0.7682559560439569,0.50914,0,1,stable
67c4dc2e3,0,t_8_16,167.99957275390625,0.0,0.0,3.0,0.919646076601721,0.8529251076721485,0.71809,0,1,stable
6bae2e78b,0,t_8_16,225.0,0.0,0.0,2.0,0.9894017790039265,0.8778997999999959,0.8315,0,1,stable
6e67ac5f3,0,t_8_16,189.00054931640625,0.0,0.0,3.0,0.9806406921719654,0.9071075870789911,0.77962,0,1,stable
6e67ac5f3,1,s_16_32,288.0,0.0,0.0,6.0,0.7850698305199971,0.8007082354067689,0.77962,0,1,stable
71ec72775,2,t_8_16,88.0,0.0,0.0,2.0,0.9762621882096737,0.5392216363636315,0.66959,0,0,stable
724__0_600,0,s_16_32,312.0,0.0,0.0,5.0,0.9944585875184218,0.5086988740728238,0.81361,0,0,stable
724__0_600,1,t_8_16,216.0,0.0,0.0,4.0,0.9972073552575939,0.6514167455966371,0.81361,0,0,stable
72__1200_1200,0,s_16_32,280.0,0.0,0.0,5.0,0.9928217131602174,0.9195784374900019,0.82817,0,1,stable
72__1200_1200,1,t_8_16,110.0,0.0,0.0,1.0,,0.7244205072459372,0.82817,0,0,stable
72__1200_1200,2,t_8_16,160.0,0.0,0.0,2.0,0.9651523579600998,0.8664728577681817,0.82817,0,1,stable
72__1200_1200,3,t_8_16,144.0,0.0,0.0,4.0,0.9645240763852656,0.7589960422335584,0.82817,0,1,stable
72__1200_1200,4,t_8_16,196.0,0.0,0.0,3.0,0.998690818570742,0.8995796894324933,0.82817,0,1,stable
72__1200_1200,5,t_8_16,168.0,0.0,0.0,2.0,0.9899834292336626,0.8434691482714831,0.82817,0,1,stable
72__1200_1200,6,t_8_16,144.0,0.0,0.0,2.0,0.9987373185938965,0.8594137644965277,0.82817,0,1,stable
72__1200_1200,7,t_8_16,80.0,0.5,0.5,0.0,,0.6298498417827051,0.82817,0,0,mild
72__1200_1200,8,t_8_16,132.0,0.0,0.0,1.0,,0.7439669938505709,0.82817,0,0,stable
72__1200_1200,9,t_8_16,110.0,0.25,0.0,2.0,0.9017984777951688,0.699004810349594,0.82817,0,0,mild
72__1200_1200,10,t_8_16,144.0,0.0,0.0,2.0,0.9559862689038154,0.8944812801634925,0.82817,0,1,stable
72__1200_1200,11,t_8_16,196.0,0.0,0.0,5.0,0.9781102462439355,0.823219791684867,0.82817,0,1,stable
72__1200_1200,12,t_8_16,88.0,0.0,0.0,2.0,0.9994153721273146,0.8550157308763667,0.82817,0,1,stable
72__1200_1200,13,t_8_16,159.9993896484375,0.0,0.0,2.0,0.9794711985551072,0.788392600382498,0.82817,0,1,stable
72__1200_1200,14,t_8_16,84.0,0.0,0.0,4.0,0.7114824870360431,0.6858365440218568,0.82817,0,0,stable
72__1200_1200,15,t_8_16,126.0008544921875,0.0,0.0,2.0,0.9956336724623555,0.7352080479400244,0.82817,0,0,stable
72__1200_1200,16,t_8_16,110.0,0.0,0.0,1.0,,0.61760648587845,0.82817,0,0,stable
72__1200_1200,17,t_8_16,216.0,0.0,0.0,5.0,0.9890990550832128,0.8137706378046393,0.82817,0,1,stable
72__1200_1200,18,t_8_16,120.0,0.0,0.0,1.0,,0.8159496420227298,0.82817,0,1,stable
72__1200_1200,20,t_8_16,112.0,0.5,0.5,1.0,,0.7051647885498391,0.82817,0,0,mild
72__1200_1200,21,s_16_32,256.0,0.0,0.0,5.0,0.9318680202427344,0.4608631855131061,0.82817,1,0,stable
72__1200_1200,22,t_8_16,96.0,0.5,0.5,1.0,,0.79102759237471,0.82817,0,1,mild
72__1200_1200,23,t_8_16,144.0,0.25,0.25,2.0,0.981505521049337,0.7789535763925826,0.82817,0,1,mild
72__1200_1200,24,t_8_16,154.0,0.25,0.0,4.0,0.8924570720316582,0.5113753572842616,0.82817,0,0,mild
72__1200_1200,25,t_8_16,160.0,0.0,0.0,3.0,0.9838475021986308,0.7013319227208663,0.82817,0,0,stable
72__1200_1200,26,t_8_16,96.0,0.0,0.0,2.0,0.9993914914502142,0.756972397324435,0.82817,0,1,stable
72__1200_1200,27,t_8_16,70.00007629394531,0.0,0.0,3.0,0.9955618348975583,0.8084577732215341,0.82817,0,1,stable
72__1200_1200,28,t_8_16,80.0,0.0,0.0,1.0,,0.7251001583465788,0.82817,0,0,stable
72__1200_1200,29,t_8_16,80.0,0.0,0.0,1.0,,0.8410893600145803,0.82817,0,1,stable
72__1200_1200,30,t_8_16,78.00018310546875,0.0,0.0,3.0,0.9774764796674593,0.0,0.82817,1,0,stable
72__1200_1200,31,t_8_16,84.0,0.0,0.0,3.0,0.9872785457825919,0.6148613834248241,0.82817,0,0,stable
72__1200_1200,32,s_16_32,448.0,0.0,0.0,10.0,0.5333766169666274,0.6963825311753189,0.82817,0,0,stable
72__1200_1200,33,t_8_16,112.0,0.5,0.0,2.0,0.3038741262633929,0.5708861397542974,0.82817,0,0,mild
72__1200_1200,35,t_8_16,120.0,0.0,0.0,1.0,,0.7893275716168564,0.82817,0,1,stable
72__1200_1200,37,t_8_16,140.0,0.0,0.0,3.0,0.972871378413495,0.7320372499653728,0.82817,0,0,stable
72__1200_1200,38,t_8_16,140.0,0.0,0.0,2.0,0.973996171110654,0.8127432515216061,0.82817,0,1,stable
72__1200_1200,39,t_8_16,150.0,0.25,0.0,5.0,0.989630062212788,0.6165399420292601,0.82817,0,0,mild
72__1200_1200,40,t_8_16,112.0,0.0,0.0,3.0,0.9119398372116362,0.633819145795642,0.82817,0,0,stable
72__1200_1200,41,s_16_32,266.0,0.0,0.0,5.0,0.6242355804128246,0.6761248308270703,0.82817,0,0,stable
72__1200_1200,42,t_8_16,180.0,0.0,0.0,3.0,0.7483420784403845,0.7709973868639693,0.82817,0,1,stable
72__1200_1200,43,t_8_16,135.0,0.0,0.0,3.0,0.9886961241116907,0.6983714190219428,0.82817,0,0,stable
72__1200_1200,44,t_8_16,195.0,0.0,0.0,2.0,0.9955392526348171,0.6532129243471062,0.82817,0,0,stable
72__1200_1200,45,t_8_16,159.9993896484375,0.0,0.0,3.0,0.48947510153951884,0.5736275999999974,0.82817,0,0,stable
72__1200_1200,46,t_8_16,208.99932861328125,0.0,0.0,6.0,0.9636721390177082,0.7300397477512883,0.82817,0,0,stable
72__1200_1200,47,t_8_16,96.0,0.0,0.0,2.0,0.8182672131716763,0.8780874859416823,0.82817,0,1,stable
74f8dd4e7,0,t_8_16,90.0,0.0,0.0,1.0,,0.8209012419482422,0.77949,0,1,stable
74f8dd4e7,1,t_8_16,156.0,0.0,0.0,1.0,,0.4506743397435926,0.77949,1,0,stable
74f8dd4e7,18,t_8_16,70.0,0.25,0.25,3.0,0.681159730772297,0.0,0.77949,1,0,mild
765__1200_1800,0,t_8_16,160.0,0.0,0.0,3.0,0.9895786553566027,0.76524518015934,0.79823,0,1,stable
77dc7bf31,0,t_8_16,84.0,0.0,0.0,5.0,0.9751312079749936,0.6950689491848332,0.68944,0,0,stable
79e8dd9d9,0,s_16_32,408.0,0.0,0.0,7.0,0.9260475768620524,0.698108882352942,0.27664,0,0,stable
79e8dd9d9,1,t_8_16,189.0,0.0,0.0,3.0,0.8154843208490341,0.8210679317442062,0.27664,0,1,stable
79e8dd9d9,2,t_8_16,240.0,0.25,0.25,0.0,0.9164996790814045,0.6283067527611942,0.27664,0,0,mild
79e8dd9d9,3,s_16_32,308.0,0.25,0.25,5.0,0.45997092240609594,0.6524717142857112,0.27664,0,0,mild
79e8dd9d9,4,t_8_16,209.0,0.0,0.0,4.0,0.5177874683544222,0.7661853839727422,0.27664,0,1,stable
7a310295a,0,t_8_16,131.99859619513154,0.0,0.0,2.0,0.9656259158302258,0.4966729195165537,0.43006,1,0,stable
7a310295a,1,t_8_16,139.9993896484375,0.0,0.0,1.0,,0.5710002533158071,0.43006,0,0,stable
7a310295a,2,t_8_16,130.0,0.25,0.0,2.0,0.052158290713243405,0.5065845639763711,0.43006,0,0,mild
7a310295a,3,t_8_16,120.0,0.5,0.0,1.0,,0.5284324353537763,0.43006,0,0,mild
7a310295a,4,t_8_16,168.0,0.0,0.0,2.0,0.9927840997116434,0.7158865981840331,0.43006,0,0,stable
7a310295a,5,t_8_16,165.0,0.0,0.0,2.0,0.8397275755249494,0.5525449113527082,0.43006,0,0,stable
7a310295a,6,t_8_16,87.99966430664062,0.0,0.0,2.0,0.5315393759361596,0.38936233388402214,0.43006,1,0,stable
7a310295a,7,t_8_16,143.0,0.0,0.0,2.0,0.9914479407221028,0.0,0.43006,1,0,stable
7a310295a,8,t_8_16,121.0,0.25,0.0,2.0,0.9790032294048707,0.5075638288891567,0.43006,0,0,mild
7a310295a,9,t_8_16,87.99932861328125,0.0,0.0,3.0,0.9689643010760101,0.4895030382292885,0.43006,1,0,stable
7a310295a,10,t_8_16,90.00027465820312,0.5,0.0,1.0,,0.5614126804822418,0.43006,0,0,mild
7a310295a,11,t_8_16,150.0,0.0,0.0,1.0,,0.6066815010059885,0.43006,0,0,stable
7a310295a,12,t_8_16,125.99978637695312,0.0,0.0,2.0,0.9909220992438218,0.5315932367901737,0.43006,0,0,stable
7a4e44e30,0,t_8_16,136.0,0.0,0.0,2.0,0.9982698630550314,0.6639530804592362,0.79482,0,0,stable
7a4e44e30,1,t_8_16,110.0,0.0,0.0,3.0,0.9963642316103888,0.8072059495675742,0.79482,0,1,stable
7a4e44e30,2,t_8_16,112.0,0.0,0.0,1.0,,0.7088491644069751,0.79482,0,0,stable
7bf3b18dc,0,t_8_16,78.00079345703125,0.25,0.0,4.0,0.5797865856476148,0.7379450144803924,0.62719,0,0,mild
7bf3b18dc,1,t_8_16,90.0,0.0,0.0,1.0,,0.5130964483500225,0.62719,0,0,stable
7bf3b18dc,2,t_8_16,77.0,0.75,0.0,4.0,0.0012634821860699732,0.4336343096658208,0.62719,1,0,high
7f5c1c971,0,t_8_16,247.00057983398438,0.0,0.0,5.0,0.9987095861817589,0.9595083462456503,0.81303,0,1,stable
8048444f1,0,s_16_32,284.99884033203125,0.0,0.0,6.0,0.9921694013016941,0.8761180423535873,0.86097,0,1,stable
8048444f1,1,t_8_16,154.0,0.25,0.0,5.0,0.36603882786959624,0.86006652746102,0.86097,0,1,mild
8048444f1,2,t_8_16,144.0,0.25,0.25,3.0,0.9940191161642443,0.8850171273137117,0.86097,0,1,mild
807__0_2417,0,t_8_16,160.0,0.0,0.0,1.0,,0.7970233687500113,0.80556,0,1,stable
807__0_2417,1,t_8_16,84.0,0.0,0.0,4.0,0.9881375068001292,0.7447772525045432,0.80556,0,0,stable
807__0_2417,2,t_8_16,112.0,0.0,0.0,2.0,0.9838264564509192,0.9008774838698258,0.80556,0,1,stable
819__2490_2417,0,t_8_16,112.0,0.5,0.5,0.0,,0.7953337447645256,0.77058,0,1,mild
819__2490_2417,1,t_8_16,140.0,0.0,0.0,2.0,0.7949254517229988,0.7661267838573691,0.77058,0,1,stable
819__2490_2417,2,t_8_16,112.0,0.0,0.0,2.0,0.9725101528729322,0.9211481470831068,0.77058,0,1,stable
822ceb9ee,0,t_8_16,150.0,0.0,0.0,2.0,0.9942878849649249,0.4300041569648532,0.01897,1,0,stable
8242a22a8,0,t_8_16,99.0,0.25,0.0,3.0,0.6405265285965683,0.7145646962267558,0.49412,0,0,mild
82c0910d5,0,t_8_16,78.00018310546875,0.0,0.0,3.0,0.8290305324193556,0.8339540146878619,0.64461,0,1,stable
832ce9077,0,t_8_16,251.9989013671875,0.0,0.0,3.0,0.6963544167351937,0.918407027777777,0.40982,0,1,stable
84264d266,0,t_8_16,152.00003051757812,0.0,0.0,2.0,0.9967356734605823,0.7759588771275732,0.85028,0,1,stable
860__1200_2417,0,t_8_16,84.0,0.0,0.0,1.0,0.9999999997697536,0.6911809571379238,0.86943,0,0,stable
860__1200_2417,1,t_8_16,112.0,0.0,0.0,2.0,0.9912930516228342,0.5836933018566992,0.86943,0,0,stable
860__1200_2417,2,t_8_16,168.0,0.0,0.0,4.0,0.9938264290097628,0.8535360720610548,0.86943,0,1,stable
860__1200_2417,3,t_8_16,192.0,0.0,0.0,4.0,0.8024822560414161,0.7778209250904029,0.86943,0,1,stable
860__1200_2417,4,t_8_16,159.9999237060547,0.0,0.0,3.0,0.9399181702865667,0.7104954947404953,0.86943,0,0,stable
860__1200_2417,6,t_8_16,120.0,0.25,0.0,3.0,0.8471585569432826,0.7105049248633271,0.86943,0,0,mild
860__1200_2417,7,t_8_16,140.0,0.0,0.0,2.0,0.9763470450309746,0.7483667325213965,0.86943,0,0,stable
860__1200_2417,8,t_8_16,160.00015258789062,0.0,0.0,3.0,0.997622597862711,0.847640954138437,0.86943,0,1,stable
860__1200_2417,9,t_8_16,216.0,0.0,0.0,4.0,0.9959638516196474,0.8326522032717434,0.86943,0,1,stable
860__1200_2417,10,s_16_32,540.0,0.0,0.0,8.0,0.9905234950137163,0.7530384429678183,0.86943,0,1,stable
860__1200_2417,11,t_8_16,192.00009155273438,0.0,0.0,3.0,0.9445117396504655,0.755340932529497,0.86943,0,1,stable
860__1200_2417,12,t_8_16,192.0,0.0,0.0,4.0,0.9829938833789523,0.8664426903960543,0.86943,0,1,stable
860__1200_2417,13,t_8_16,216.0,0.0,0.0,5.0,0.9734100885913481,0.8030989574140215,0.86943,0,1,stable
860__1200_2417,15,t_8_16,160.0,0.0,0.0,2.0,0.850961258221553,0.7209538595872702,0.86943,0,0,stable
860__1200_2417,16,t_8_16,224.0,0.0,0.0,4.0,0.907227456879773,0.7139635307428486,0.86943,0,0,stable
860__1200_2417,17,t_8_16,144.0,0.5,0.5,1.0,,0.8151030970323878,0.86943,0,1,mild
860__1200_2417,18,t_8_16,140.0,0.0,0.0,3.0,0.9810267359936985,0.729785578050385,0.86943,0,0,stable
860__1200_2417,19,t_8_16,160.0,0.0,0.0,1.0,,0.8093298475958254,0.86943,0,1,stable
860__1200_2417,20,t_8_16,140.0,0.0,0.0,2.0,0.988855273878876,0.8796359542689901,0.86943,0,1,stable
860__1200_2417,21,t_8_16,191.9996337890625,0.0,0.0,2.0,0.9969772220126246,0.8039864907344437,0.86943,0,1,stable
860__1200_2417,22,s_16_32,703.99951171875,0.0,0.0,10.0,0.9599612556933341,0.9094007434211628,0.86943,0,1,stable
860__1200_2417,23,t_8_16,139.99969482421875,0.0,0.0,2.0,0.9800290086689689,0.7741196752523727,0.86943,0,1,stable
860__1200_2417,24,t_8_16,168.0,0.0,0.0,3.0,0.9772448803972602,0.5447179322074269,0.86943,0,0,stable
860__1200_2417,25,t_8_16,159.99920654390007,0.0,0.0,3.0,0.9281298689441005,0.62831067951146,0.86943,0,0,stable
860__1200_2417,26,t_8_16,168.0,0.0,0.0,2.0,0.9698613973106767,0.7751598702598032,0.86943,0,1,stable
860__1200_2417,27,t_8_16,139.9993896484375,0.0,0.0,2.0,0.9645514805463145,0.6522326855072961,0.86943,0,0,stable
860__1200_2417,28,t_8_16,140.0,0.0,0.0,3.0,0.9899704865754992,0.7203257166475309,0.86943,0,0,stable
860__1200_2417,30,t_8_16,160.0,0.0,0.0,3.0,0.9839303550925068,0.751658598815115,0.86943,0,1,stable
860__1200_2417,31,t_8_16,140.0,0.0,0.0,1.0,,0.6641354402817053,0.86943,0,0,stable
860__1200_2417,32,t_8_16,111.99957275390625,0.0,0.0,5.0,0.977315956467099,0.8099583843063267,0.86943,0,1,stable
860__1200_2417,33,t_8_16,180.0,0.0,0.0,3.0,0.9948567567395447,0.8268782886818588,0.86943,0,1,stable
860__1200_2417,34,t_8_16,160.0,0.0,0.0,3.0,0.9734317477813041,0.827316639954811,0.86943,0,1,stable
860__1200_2417,35,t_8_16,112.0,0.25,0.25,2.0,0.9855030388500472,0.7502008428471041,0.86943,0,1,mild
860__1200_2417,36,t_8_16,180.0,0.0,0.0,2.0,0.9856899174884007,0.809002630015369,0.86943,0,1,stable
860__1200_2417,37,t_8_16,216.0,0.0,0.0,7.0,0.9707445237453297,0.7418089401989114,0.86943,0,0,stable
860__1200_2417,38,s_16_32,600.0,0.0,0.0,10.0,0.990044819050122,0.8092407474505021,0.86943,0,1,stable
860__1200_2417,39,t_8_16,120.0,0.0,0.0,1.0,,0.7549197167014591,0.86943,0,1,stable
860__1200_2417,40,t_8_16,72.0,0.0,0.0,2.0,0.988623289594443,0.5744625198428274,0.86943,0,0,stable
860__1200_2417,41,t_8_16,119.9996337890625,0.0,0.0,1.0,,0.7196451030984278,0.86943,0,0,stable
860__1200_2417,42,t_8_16,119.9996337890625,0.25,0.0,3.0,0.28418210800744276,0.807091774666739,0.86943,0,1,mild
860__1200_2417,43,t_8_16,79.999755859375,0.25,0.0,2.0,0.9322160946383262,0.5892655003164279,0.86943,0,0,mild
860__1200_2417,44,t_8_16,80.0,0.0,0.0,1.0,,0.5888736095809053,0.86943,0,0,stable
860__1200_2417,45,t_8_16,80.0,0.0,0.0,1.0,,0.03332837636465346,0.86943,1,0,stable
860__1200_2417,46,t_8_16,144.0,0.0,0.0,2.0,0.8021606988504862,0.0,0.86943,1,0,stable
860__1200_2417,47,t_8_16,120.0,0.25,0.0,3.0,0.8329189215167564,0.5945711180371225,0.86943,0,0,mild
860__1200_2417,48,t_8_16,111.9991455078125,0.0,0.0,5.0,0.7562211316082335,0.7992111218845088,0.86943,0,1,stable
860__1200_2417,49,t_8_16,100.0006103515625,0.0,0.0,2.0,0.8553154884081668,0.5104543667123492,0.86943,0,0,stable
860__1200_2417,50,t_8_16,192.0,0.0,0.0,2.0,0.9915621942204248,0.8460600392201331,0.86943,0,1,stable
860__1200_2417,51,t_8_16,180.0,0.0,0.0,2.0,0.9681691127639287,0.8434576090848697,0.86943,0,1,stable
860__1200_2417,52,t_8_16,160.0,0.0,0.0,2.0,0.15854254097057754,0.8818480124999991,0.86943,0,1,stable
860__1200_2417,53,t_8_16,191.999267578125,0.0,0.0,3.0,0.9891336751861357,0.730471469210524,0.86943,0,0,stable
860__1200_2417,54,t_8_16,192.0,0.0,0.0,3.0,0.8373152230840707,0.6869541670252926,0.86943,0,0,stable
860__1200_2417,56,t_8_16,168.0,0.0,0.0,1.0,0.999997805647855,0.6329734302707553,0.86943,0,0,stable
860__1200_2417,57,t_8_16,168.0,0.0,0.0,4.0,0.9339953256376146,0.7260183502708527,0.86943,0,0,stable
860__1200_2417,58,t_8_16,160.0,0.0,0.0,3.0,0.9897709400620402,0.8640532650718755,0.86943,0,1,stable
860__1200_2417,59,t_8_16,191.99914550827816,0.0,0.0,2.0,0.985785095729455,0.8563207930908834,0.86943,0,1,stable
860__1200_2417,60,t_8_16,191.999755859375,0.0,0.0,4.0,0.9961510361206312,0.7917035877973776,0.86943,0,1,stable
860__1200_2417,61,t_8_16,140.0,0.25,0.0,4.0,0.9107563271325168,0.7568833079369517,0.86943,0,1,mild
860__1200_2417,62,t_8_16,159.9993896484375,0.0,0.0,3.0,0.9101530089377896,0.6887972945387218,0.86943,0,0,stable
860__1200_2417,63,t_8_16,160.0,0.0,0.0,5.0,0.977894121949153,0.7704688272176698,0.86943,0,1,stable
860__1200_2417,64,t_8_16,159.999755859375,0.0,0.0,2.0,0.997148149293521,0.8356828390414308,0.86943,0,1,stable
860__1200_2417,65,t_8_16,159.9998779296875,0.0,0.0,2.0,0.8707441828932122,0.8638869635008191,0.86943,0,1,stable
860__1200_2417,66,t_8_16,140.0,0.0,0.0,2.0,0.9894907030655266,0.847422656245932,0.86943,0,1,stable
860__1200_2417,67,t_8_16,140.0,0.0,0.0,1.0,0.9999999779233837,0.7002561021426812,0.86943,0,0,stable
860__1200_2417,68,t_8_16,140.0,0.0,0.0,2.0,0.9812912031369404,0.8267903653717137,0.86943,0,1,stable
860__1200_2417,69,t_8_16,159.999755859375,0.25,0.0,4.0,0.875694938140086,0.9086365987062762,0.86943,0,1,mild
860__1200_2417,70,t_8_16,95.99990844726562,0.0,0.0,4.0,0.9769510053376421,0.648626143951019,0.86943,0,0,stable
860__1200_2417,71,t_8_16,140.0,0.0,0.0,2.0,0.9952682408563397,0.7686993356734664,0.86943,0,1,stable
860__1200_2417,72,t_8_16,160.0,0.0,0.0,2.0,0.8356630904818284,0.8008482280464905,0.86943,0,1,stable
860__1200_2417,73,t_8_16,140.0,0.75,0.0,3.0,0.3215777936429839,0.9328644166537547,0.86943,0,1,high
860__1200_2417,74,t_8_16,160.0,0.0,0.0,3.0,0.9939471994419979,0.7752858290347527,0.86943,0,1,stable
860__1200_2417,75,t_8_16,160.0,0.0,0.0,3.0,0.8762230809538449,0.8047087555483913,0.86943,0,1,stable
860__1200_2417,76,t_8_16,192.0,0.0,0.0,3.0,0.9739991650642968,0.807760874261966,0.86943,0,1,stable
860__1200_2417,77,t_8_16,216.0,0.0,0.0,5.0,0.9711342288771865,0.8638789789989758,0.86943,0,1,stable
860__1200_2417,78,t_8_16,140.0,0.0,0.0,3.0,0.8529205911362052,0.8213991185230235,0.86943,0,1,stable
860__1200_2417,79,s_16_32,264.0,0.0,0.0,5.0,0.9764474159304521,0.700336471677243,0.86943,0,0,stable
860__1200_2417,80,t_8_16,112.0,0.0,0.0,3.0,0.9227161082346937,0.7144354794871589,0.86943,0,0,stable
860__1200_2417,81,t_8_16,223.99993896484375,0.0,0.0,3.0,0.9895019518019708,0.8444653410860317,0.86943,0,1,stable
860__1200_2417,82,t_8_16,167.99989318847656,0.0,0.0,3.0,0.9933685477558512,0.884364569902204,0.86943,0,1,stable
860__1200_2417,83,t_8_16,140.0,0.0,0.0,3.0,0.9888969723930356,0.7451001779166756,0.86943,0,0,stable
860__1200_2417,84,t_8_16,80.0,0.0,0.0,1.0,,0.7596247590422788,0.86943,0,1,stable
860__1200_2417,85,t_8_16,140.0,0.0,0.0,1.0,,0.860920595973421,0.86943,0,1,stable
860__1200_2417,86,t_8_16,160.0,0.0,0.0,2.0,0.991580352218713,0.8080738413368499,0.86943,0,1,stable
860__1200_2417,87,t_8_16,112.0,0.0,0.0,3.0,0.8706678142822237,0.6618252970656155,0.86943,0,0,stable
860__1200_2417,88,s_16_32,468.0,0.0,0.0,10.0,0.9570331752514903,0.7899152642599471,0.86943,0,1,stable
860__1200_2417,89,s_16_32,308.0,0.0,0.0,6.0,0.9433598736134196,0.8613007470048444,0.86943,0,1,stable
860__1200_2417,90,s_16_32,468.0,0.0,0.0,8.0,0.9966739990971707,0.8919910535300626,0.86943,0,1,stable
860__1200_2417,91,t_8_16,120.0,0.0,0.0,1.0,,0.5971566119202939,0.86943,0,0,stable
860__1200_2417,92,t_8_16,160.0,0.0,0.0,3.0,0.9791447082024128,0.695657841006909,0.86943,0,0,stable
860__1200_2417,93,t_8_16,140.0,0.0,0.0,1.0,,0.7645657628270581,0.86943,0,1,stable
860__1200_2417,94,t_8_16,160.0,0.0,0.0,3.0,0.9693814690106389,0.6200300425660692,0.86943,0,0,stable
860__1200_2417,95,s_16_32,280.0,0.0,0.0,7.0,0.9976969218188372,0.8620274242660856,0.86943,0,1,stable
860__1200_2417,96,t_8_16,140.0,0.0,0.0,2.0,0.9515901542972569,0.6072973267635801,0.86943,0,0,stable
860__1200_2417,97,t_8_16,140.0,0.0,0.0,2.0,0.9658232777836064,0.7661703193322672,0.86943,0,1,stable
860__1200_2417,98,t_8_16,140.0,0.25,0.0,2.0,0.9498501805920017,0.7911472411917062,0.86943,0,1,mild
860__1200_2417,99,t_8_16,140.0,0.0,0.0,3.0,0.9828839291340826,0.8031255351182415,0.86943,0,1,stable
860__1200_2417,100,t_8_16,216.00013732910156,0.0,0.0,3.0,0.9951946887651176,0.7054279595170804,0.86943,0,0,stable
860__1200_2417,101,t_8_16,140.0,0.0,0.0,3.0,0.9886344145208767,0.7495104389586528,0.86943,0,0,stable
860__1200_2417,102,t_8_16,160.0,0.0,0.0,2.0,0.9621728616105594,0.774984475860894,0.86943,0,1,stable
860__1200_2417,103,t_8_16,180.0,0.0,0.0,2.0,0.9856885873424029,0.6935794009682681,0.86943,0,0,stable
860__1200_2417,104,t_8_16,140.0,0.25,0.0,5.0,0.8813065506343515,0.7332112348932991,0.86943,0,0,mild
860__1200_2417,105,t_8_16,192.0,0.0,0.0,2.0,0.7903014880539977,0.791264506985422,0.86943,0,1,stable
860__1200_2417,106,t_8_16,216.0,0.0,0.0,4.0,0.9973603307949886,0.7145174793163886,0.86943,0,0,stable
860__1200_2417,107,t_8_16,240.0,0.0,0.0,4.0,0.9928972165299925,0.8295982762258562,0.86943,0,1,stable
860__1200_2417,108,t_8_16,252.00013732910156,0.0,0.0,5.0,0.9785859730044134,0.7341085932629915,0.86943,0,0,stable
860__1200_2417,109,t_8_16,216.0,0.0,0.0,4.0,0.9769445335401332,0.7423579158434108,0.86943,0,0,stable
860__1200_2417,110,s_16_32,560.0,0.0,0.0,10.0,0.9213921400898726,0.8537213696428565,0.86943,0,1,stable
860__1200_2417,111,t_8_16,168.0,0.25,0.0,5.0,0.8602296686561284,0.6624571541270149,0.86943,0,0,mild
860__1200_2417,112,t_8_16,252.0,0.0,0.0,6.0,0.8136493010365379,0.7462990663641137,0.86943,0,0,stable
860__1200_2417,113,t_8_16,252.0,0.0,0.0,4.0,0.9576561446144095,0.8216536088974145,0.86943,0,1,stable
860__1200_2417,114,t_8_16,160.0,0.0,0.0,4.0,0.9843865784566408,0.7226820910063276,0.86943,0,0,stable
860__1200_2417,115,t_8_16,168.0,0.25,0.0,5.0,0.901763576115672,0.6790458862787118,0.86943,0,0,mild
860__1200_2417,116,t_8_16,216.0,0.0,0.0,5.0,0.9404431591053718,0.7668315269167323,0.86943,0,1,stable
860__1200_2417,118,t_8_16,168.0,0.0,0.0,2.0,0.9992069431978197,0.868419176568376,0.86943,0,1,stable
860__1200_2417,119,t_8_16,140.0,0.0,0.0,2.0,0.9902085070158901,0.8065526875214113,0.86943,0,1,stable
860__1200_2417,120,t_8_16,191.99951171875,0.0,0.0,3.0,0.9971308220176571,0.8640145425656456,0.86943,0,1,stable
860__1200_2417,121,t_8_16,192.0,0.0,0.0,3.0,0.9873193939414798,0.954721213255252,0.86943,0,1,stable
860__1200_2417,122,t_8_16,167.99957275390625,0.0,0.0,1.0,,0.7370898690555329,0.86943,0,0,stable
860__1200_2417,123,t_8_16,168.0,0.0,0.0,2.0,0.9990468483950187,0.8355236003027149,0.86943,0,1,stable
860__1200_2417,124,t_8_16,168.0000228881836,0.0,0.0,3.0,0.9740117515076616,0.7609100615288416,0.86943,0,1,stable
860__1200_2417,125,t_8_16,140.0,0.0,0.0,1.0,,0.8365296238282975,0.86943,0,1,stable
860__1200_2417,126,t_8_16,96.0,0.0,0.0,2.0,0.9978687703796361,0.6841859331479696,0.86943,0,0,stable
860__1200_2417,127,t_8_16,160.0,0.25,0.0,4.0,0.8359952433803601,0.8510790536365869,0.86943,0,1,mild
860__1200_2417,128,t_8_16,160.0,0.0,0.0,3.0,0.9937402216926062,0.8239667120459757,0.86943,0,1,stable
860__1200_2417,129,t_8_16,140.0,0.0,0.0,3.0,0.9941767816302609,0.941717128408999,0.86943,0,1,stable
860__1200_2417,130,t_8_16,160.0,0.25,0.0,5.0,0.8071132988859331,0.8562363868555606,0.86943,0,1,mild
860__1200_2417,131,t_8_16,180.0,0.0,0.0,3.0,0.9872836676750808,0.6266383439896703,0.86943,0,0,stable
860__1200_2417,132,t_8_16,128.0,0.0,0.0,3.0,0.978905946471292,0.774482680131623,0.86943,0,1,stable
860__1200_2417,133,t_8_16,168.0,0.0,0.0,3.0,0.9628898508671714,0.8001710285590359,0.86943,0,1,stable
860__1200_2417,134,t_8_16,144.0,0.0,0.0,2.0,0.996912810330899,0.824807419587498,0.86943,0,1,stable
860__1200_2417,135,t_8_16,100.0,0.0,0.0,2.0,0.9514623791822165,0.6795828342239075,0.86943,0,0,stable
860__1200_2417,136,t_8_16,80.0,0.0,0.0,1.0,,0.6335098961835003,0.86943,0,0,stable
860__1200_2417,137,t_8_16,168.0,0.0,0.0,5.0,0.9626708125051534,0.6294945071788591,0.86943,0,0,stable
860__1200_2417,138,t_8_16,168.0,0.0,0.0,2.0,0.967078217060458,0.8268543667890493,0.86943,0,1,stable
860__1200_2417,139,t_8_16,96.0,0.0,0.0,3.0,0.9794579355299298,0.6690028804755273,0.86943,0,0,stable
860__1200_2417,140,t_8_16,140.0,0.0,0.0,2.0,0.958268340248458,0.7893821171266898,0.86943,0,1,stable
860__1200_2417,141,t_8_16,120.0,0.0,0.0,2.0,0.9989064813617913,0.9243498246966115,0.86943,0,1,stable
860__1200_2417,142,t_8_16,96.0,0.0,0.0,2.0,0.9067073239228963,0.5191485703808657,0.86943,0,0,stable
860__1200_2417,143,t_8_16,119.99984741210938,0.0,0.0,2.0,0.9754336668909517,0.8702016935082566,0.86943,0,1,stable
860__1200_2417,144,t_8_16,140.0000762939453,0.0,0.0,3.0,0.8832307980446643,0.817369284110159,0.86943,0,1,stable
860__1200_2417,145,t_8_16,72.0,0.0,0.0,2.0,0.7202795453381247,0.6680546373427928,0.86943,0,0,stable
860__1200_2417,146,t_8_16,120.0,0.0,0.0,2.0,0.9973424695668776,0.8783057161368321,0.86943,0,1,stable
860__1200_2417,147,t_8_16,96.0,0.25,0.0,2.0,0.5963409478247691,0.745368837073056,0.86943,0,0,mild
860__1200_2417,148,t_8_16,140.0,0.0,0.0,2.0,0.9836607685500169,0.8640127965535214,0.86943,0,1,stable
860__1200_2417,149,t_8_16,216.0,0.0,0.0,3.0,0.9680040294597541,0.8538633333333261,0.86943,0,1,stable
860__1200_2417,150,t_8_16,96.0,0.25,0.25,1.0,,0.8431002990055211,0.86943,0,1,mild
860__1200_2417,151,t_8_16,239.9996337890625,0.0,0.0,7.0,0.9690527902502513,0.7695057066155883,0.86943,0,1,stable
860__1200_2417,152,s_16_32,352.0,0.0,0.0,7.0,0.9942119148853766,0.7213955720718006,0.86943,0,0,stable
860__1200_2417,153,t_8_16,160.0,0.0,0.0,3.0,0.9947626916286596,0.7065175156250143,0.86943,0,0,stable
860__1200_2417,154,t_8_16,120.0,0.25,0.0,4.0,0.9301863877555461,0.8112592483023655,0.86943,0,1,mild
860__1200_2417,155,t_8_16,140.0,0.0,0.0,3.0,0.9909509364867448,0.7288619644806508,0.86943,0,0,stable
860__1200_2417,156,t_8_16,112.0,0.0,0.0,2.0,0.9914772355150557,0.8277917947421529,0.86943,0,1,stable
860__1200_2417,157,s_16_32,288.0,0.0,0.0,5.0,0.9939336310035881,0.7923219791666692,0.86943,0,1,stable
860__1200_2417,158,t_8_16,240.0,0.0,0.0,4.0,0.9950897898863166,0.778413601929478,0.86943,0,1,stable
860__1200_2417,159,t_8_16,120.0,0.25,0.0,3.0,0.8341895281328366,0.8183120735942935,0.86943,0,1,mild
860__1200_2417,160,t_8_16,160.0,0.0,0.0,2.0,0.66936394010554,0.826650454088562,0.86943,0,1,stable
860__1200_2417,161,t_8_16,120.0,0.0,0.0,1.0,,0.7604235003787955,0.86943,0,1,stable
860__1200_2417,162,t_8_16,96.0,0.25,0.25,3.0,0.9244921947841431,0.7289672318678078,0.86943,0,0,mild
860__1200_2417,163,t_8_16,140.0,0.0,0.0,2.0,0.5635278916887204,0.8860005846631374,0.86943,0,1,stable
860__1200_2417,164,t_8_16,239.99981689453125,0.0,0.0,3.0,0.9757873344087206,0.6320009210546115,0.86943,0,0,stable
860__1200_2417,165,t_8_16,192.0,0.0,0.0,3.0,0.9962989614062957,0.8135825418639213,0.86943,0,1,stable
860__1200_2417,166,t_8_16,192.0,0.0,0.0,3.0,0.9904221249130853,0.8342329999468153,0.86943,0,1,stable
860__1200_2417,167,t_8_16,140.0,0.0,0.0,2.0,0.8328269287957791,0.7025136506270111,0.86943,0,0,stable
860__1200_2417,168,t_8_16,140.0,0.5,0.0,4.0,0.566071096854382,0.0,0.86943,1,0,mild
860__1200_2417,169,t_8_16,160.0,0.25,0.0,3.0,0.8821760046255425,0.8317734030778894,0.86943,0,1,mild
860__1200_2417,170,t_8_16,160.0,0.0,0.0,3.0,0.9793634990837601,0.7456710009005517,0.86943,0,0,stable
860__1200_2417,171,t_8_16,96.0,0.0,0.0,2.0,0.9786607672784415,0.7649257122621685,0.86943,0,1,stable
860__1200_2417,172,t_8_16,160.0,0.0,0.0,2.0,0.9529939620285712,0.7664059590835307,0.86943,0,1,stable
860__1200_2417,173,t_8_16,224.0,0.0,0.0,4.0,0.9264341334923247,0.5774082160285076,0.86943,0,0,stable
860__1200_2417,174,t_8_16,144.0,0.0,0.0,3.0,0.9439437397623444,0.7681664544266747,0.86943,0,1,stable
860__1200_2417,175,t_8_16,140.0,0.0,0.0,3.0,0.9944369855457069,0.8413218265369151,0.86943,0,1,stable
860__1200_2417,176,t_8_16,120.0,0.0,0.0,2.0,0.9628618630941859,0.6613821840952118,0.86943,0,0,stable
860__1200_2417,177,t_8_16,160.0,0.0,0.0,3.0,0.7009556668544783,0.7909729602140164,0.86943,0,1,stable
860__1200_2417,178,t_8_16,140.0,0.0,0.0,1.0,,0.7799102519819354,0.86943,0,1,stable
860__1200_2417,179,t_8_16,240.0,0.0,0.0,3.0,0.7947071451407945,0.0,0.86943,1,0,stable
860__1200_2417,180,t_8_16,180.0,0.0,0.0,3.0,0.9624979250261575,0.7470478486469481,0.86943,0,0,stable
860__1200_2417,181,t_8_16,96.0,0.0,0.0,1.0,,0.0,0.86943,1,0,stable
860__1200_2417,182,t_8_16,140.0,0.25,0.0,3.0,0.24902682258563522,0.0,0.86943,1,0,mild
860__1200_2417,183,t_8_16,112.0,0.0,0.0,2.0,0.9557885299853041,0.0,0.86943,1,0,stable
860__1200_2417,184,t_8_16,128.0,0.0,0.0,2.0,0.3843935864585427,0.0,0.86943,1,0,stable
860__1200_2417,185,t_8_16,72.0,0.0,0.0,3.0,0.9058734972408252,0.7334213444474416,0.86943,0,0,stable
860__1200_2417,186,t_8_16,96.0,0.25,0.25,1.0,,0.7674032968816851,0.86943,0,1,mild
860__1200_2417,187,t_8_16,79.9993896484375,0.0,0.0,2.0,0.8833597099656476,0.6610433095981028,0.86943,0,0,stable
860__1200_2417,188,s_16_32,288.0,0.0,0.0,4.0,0.977509308372118,0.7131935418776374,0.86943,0,0,stable
860__1200_2417,189,t_8_16,96.0,0.0,0.0,2.0,0.873979912303294,0.6547299752003588,0.86943,0,0,stable
860__1200_2417,190,t_8_16,96.0,0.0,0.0,1.0,,0.6900801666129555,0.86943,0,0,stable
860__1200_2417,191,t_8_16,112.0,0.5,0.5,1.0,,0.7936385770066164,0.86943,0,1,mild
860__1200_2417,192,s_16_32,527.9986572265625,0.25,0.0,8.0,0.27241370517365543,0.198595768318034,0.86943,1,0,mild
860__1200_2417,193,t_8_16,160.0,0.0,0.0,3.0,0.9951119499786105,0.805970435553677,0.86943,0,1,stable
860__1200_2417,194,t_8_16,140.0,0.0,0.0,3.0,0.9945022817406244,0.7598919493721239,0.86943,0,1,stable
860__1200_2417,195,t_8_16,112.0,0.5,0.5,1.0,,0.6163072243364286,0.86943,0,0,mild
860__1200_2417,196,t_8_16,120.0,0.0,0.0,3.0,0.928793341240785,0.7295390000000059,0.86943,0,0,stable
860__1200_2417,197,t_8_16,160.0,0.0,0.0,2.0,0.9656138982481445,0.8974297098269739,0.86943,0,1,stable
860__1200_2417,198,t_8_16,72.0,0.0,0.0,4.0,0.9760659803022724,0.5115776804860591,0.86943,0,0,stable
860__1200_2417,199,t_8_16,180.0,0.25,0.0,5.0,0.935023945045725,0.7521918608138921,0.86943,0,1,mild
860__1200_2417,200,t_8_16,112.0,0.25,0.25,1.0,,0.8801907693669135,0.86943,0,1,mild
860__1200_2417,201,t_8_16,112.0,0.0,0.0,2.0,0.787331913712718,0.8558895217446716,0.86943,0,1,stable
860__1200_2417,202,t_8_16,128.0,0.0,0.0,3.0,0.99821319473829,0.8413080257190653,0.86943,0,1,stable
860__1200_2417,203,t_8_16,160.0,0.0,0.0,4.0,0.9181284698026357,0.6609054280865502,0.86943,0,0,stable
860__1200_2417,204,t_8_16,140.00042724609375,0.0,0.0,2.0,0.9784211714666985,0.771899684490407,0.86943,0,1,stable
860__1200_2417,205,t_8_16,160.0,0.0,0.0,2.0,0.9986923850843398,0.8106945696545844,0.86943,0,1,stable
860__1200_2417,206,t_8_16,170.0,0.0,0.0,3.0,0.9579044094460785,0.5344504941176454,0.86943,0,0,stable
860__1200_2417,207,t_8_16,126.0,0.0,0.0,2.0,0.9839896230460667,0.6363482643949337,0.86943,0,0,stable
860__1200_2417,208,t_8_16,120.0,0.0,0.0,3.0,0.9530616219231518,0.8452269781583095,0.86943,0,1,stable
860__1200_2417,209,t_8_16,252.0000171661377,0.0,0.0,4.0,0.9569657376356788,0.70913555177433,0.86943,0,0,stable
860__1200_2417,210,t_8_16,100.0,0.25,0.25,1.0,0.999999999975057,0.6394995021818187,0.86943,0,0,mild
860__1200_2417,211,t_8_16,196.0,0.0,0.0,3.0,0.7612141624652948,0.8002273265306108,0.86943,0,1,stable
860__1200_2417,212,t_8_16,167.9996337890625,0.25,0.0,2.0,0.5628745351107404,0.8122360048590425,0.86943,0,1,mild
860__1200_2417,213,t_8_16,168.0,0.0,0.0,4.0,0.9740288025209834,0.8941309132029089,0.86943,0,1,stable
860__1200_2417,214,t_8_16,140.0,0.0,0.0,1.0,,0.7546302344433514,0.86943,0,1,stable
860__1200_2417,215,t_8_16,119.99969482421875,0.0,0.0,2.0,0.9952217626756836,0.7666142293605944,0.86943,0,1,stable
860__1200_2417,216,t_8_16,224.0,0.0,0.0,4.0,0.9970740704972405,0.735306633928571,0.86943,0,0,stable
860__1200_2417,217,t_8_16,80.0,0.25,0.25,2.0,0.9944280151180682,0.8689503028204908,0.86943,0,1,mild
860__1200_2417,219,t_8_16,120.0,0.0,0.0,1.0,,0.699922816655386,0.86943,0,0,stable
860__1200_2417,220,t_8_16,84.00004577636719,0.0,0.0,4.0,0.9661586170275078,0.8045857649406051,0.86943,0,1,stable
860__1200_2417,222,t_8_16,112.0,0.25,0.25,2.0,0.9065035160135555,0.7434286099630099,0.86943,0,0,mild
860__1200_2417,223,t_8_16,192.0,0.0,0.0,5.0,0.8456299455920654,0.4572025174332129,0.86943,1,0,stable
860__1200_2417,224,s_16_32,851.0,0.0,0.0,10.0,0.7619872236731555,0.8015026546641884,0.86943,0,1,stable
870__2491_2400,0,t_8_16,196.0,0.0,0.0,3.0,0.9940009023251145,0.8926521291678369,0.81128,0,1,stable
870__2491_2400,1,t_8_16,224.0,0.0,0.0,5.0,0.6787421503567944,0.9031941794761585,0.81128,0,1,stable
871__600_1200,0,t_8_16,180.0,0.0,0.0,4.0,0.987035754491993,0.7783697110071507,0.73646,0,1,stable
88937dc1d,0,t_8_16,126.0,0.0,0.0,6.0,0.9713551058929771,0.8474983815469597,0.82056,0,1,stable
889__2175_600,0,t_8_16,128.0,0.25,0.25,3.0,0.9617854138771782,0.0,0.80105,1,0,mild
889__2175_600,1,t_8_16,95.99951171875,0.0,0.0,2.0,0.9999999824375762,0.0,0.80105,1,0,stable
889__2175_600,2,t_8_16,252.0,0.0,0.0,4.0,0.9944131255222464,0.833796902681322,0.80105,0,1,stable
88d0a4dce,4,t_8_16,88.0,0.25,0.25,1.0,,0.6548169393675519,0.7712,0,0,mild
8ab154d14,0,t_8_16,143.0,0.0,0.0,2.0,0.9978024761169754,0.8131907025332644,0.75775,0,1,stable
8ab154d14,1,t_8_16,110.0,0.0,0.0,2.0,0.7416566791879359,0.7055413090909097,0.75775,0,0,stable
8af698914,0,t_8_16,182.000328063732,0.0,0.0,2.0,0.9640626196930676,0.8413733277051895,0.76648,0,1,stable
8af698914,1,s_16_32,270.0,0.0,0.0,3.0,0.9855579398563903,0.728555022222222,0.76648,0,0,stable
8af698914,2,t_8_16,210.00010681152344,0.0,0.0,2.0,0.895913241256203,0.5886543558086186,0.76648,0,0,stable
8af698914,3,t_8_16,220.0,0.0,0.0,3.0,0.5209873684194652,0.7090145454545442,0.76648,0,0,stable
8af698914,4,t_8_16,240.000244140625,0.0,0.0,5.0,0.979672305885751,0.7758733078208584,0.76648,0,1,stable
8af698914,5,t_8_16,224.0,0.0,0.0,2.0,0.7917017635041093,0.2007503013614707,0.76648,1,0,stable
8af698914,7,t_8_16,98.99986267089844,0.25,0.0,2.0,0.80515754745521,0.7169828986286952,0.76648,0,0,mild
8e052b815,0,s_16_32,306.0,0.0,0.0,5.0,0.9940018691633407,0.9240952802044933,0.84524,0,1,stable
8e052b815,1,t_8_16,156.0,0.0,0.0,3.0,0.9975091619537934,0.8953434890049847,0.84524,0,1,stable
8f77d5433,0,t_8_16,182.0,0.0,0.0,3.0,0.8044237112518186,0.8098238800058567,0.72616,0,1,stable
903__2491_2400,0,t_8_16,84.0,0.0,0.0,3.0,0.9963515221198512,0.7487850961814455,0.80101,0,0,stable
903__2491_2400,2,t_8_16,108.0,0.0,0.0,8.0,0.9908687076968559,0.6912013561523227,0.80101,0,0,stable
903__2491_2400,3,t_8_16,108.0000228881836,0.0,0.0,5.0,0.9225302856261852,0.6702936795123169,0.80101,0,0,stable
903__2491_2400,4,t_8_16,108.0,0.0,0.0,5.0,0.9709283272983144,0.7572784773074558,0.80101,0,1,stable
903__2491_2400,5,t_8_16,96.0,0.0,0.0,5.0,0.9846534873403983,0.7584127624121825,0.80101,0,1,stable
903__2491_2400,6,t_8_16,128.0,0.0,0.0,3.0,0.9904770828800121,0.5852648013967081,0.80101,0,0,stable
903__2491_2400,7,t_8_16,84.0,0.25,0.0,4.0,0.13430910564972137,0.7218041143246967,0.80101,0,0,mild
903__2491_2400,8,t_8_16,140.00015258789062,0.0,0.0,3.0,0.992090074686996,0.7508446902764331,0.80101,0,1,stable
903__2491_2400,9,t_8_16,128.0,0.5,0.5,1.0,,0.7708639939616955,0.80101,0,1,mild
903__2491_2400,10,t_8_16,83.99957275390625,0.0,0.0,5.0,0.8089781283839742,0.5838705753557961,0.80101,0,0,stable
903__2491_2400,11,t_8_16,140.0,0.0,0.0,2.0,0.9985924153524893,0.7647133133120535,0.80101,0,1,stable
903__2491_2400,12,t_8_16,192.0,0.0,0.0,3.0,0.9215252182515746,0.5818874223006666,0.80101,0,0,stable
903__2491_2400,13,t_8_16,112.0,0.0,0.0,3.0,0.9768197399823932,0.6447857474366432,0.80101,0,0,stable
903__2491_2400,14,t_8_16,95.9996337890625,0.0,0.0,4.0,0.9715931232089172,0.7103332997392819,0.80101,0,0,stable
903__2491_2400,15,t_8_16,159.99890136905015,0.0,0.0,4.0,0.9944728515421234,0.6934648202475261,0.80101,0,0,stable
903__2491_2400,16,t_8_16,100.0,0.25,0.0,3.0,0.8719468128742547,0.6403607653420622,0.80101,0,0,mild
903__2491_2400,17,t_8_16,79.99969482421875,0.0,0.0,2.0,0.9878886707669592,0.7357000509692995,0.80101,0,0,stable
903__2491_2400,18,t_8_16,140.0,0.0,0.0,1.0,,0.6880073996909374,0.80101,0,0,stable
903__2491_2400,19,t_8_16,112.0,0.0,0.0,1.0,,0.7193704745190811,0.80101,0,0,stable
903__2491_2400,20,t_8_16,72.0,0.0,0.0,2.0,0.9716564254205371,0.6200024724481835,0.80101,0,0,stable
903__2491_2400,21,t_8_16,112.0,0.5,0.5,0.0,,0.7432037041902224,0.80101,0,0,mild
903__2491_2400,22,t_8_16,112.0,0.0,0.0,3.0,0.9776636057694293,0.9240468561632391,0.80101,0,1,stable
903__2491_2400,23,t_8_16,196.0,0.0,0.0,3.0,0.9288809100966079,0.6758186192725472,0.80101,0,0,stable
903__2491_2400,24,t_8_16,128.0,0.5,0.5,0.0,,0.6740533332014632,0.80101,0,0,mild
903__2491_2400,26,t_8_16,96.0,0.0,0.0,6.0,0.9328852379729171,0.5728382179284448,0.80101,0,0,stable
903__2491_2400,27,t_8_16,84.0,0.0,0.0,3.0,0.9980376979910695,0.6512832218703638,0.80101,0,0,stable
903__2491_2400,28,t_8_16,84.0,0.0,0.0,4.0,0.9931734776308763,0.6170821938560304,0.80101,0,0,stable
903__2491_2400,29,t_8_16,128.0,0.0,0.0,3.0,0.994301604703227,0.7213677420937193,0.80101,0,0,stable
903__2491_2400,30,t_8_16,200.0,0.0,0.0,3.0,0.9786796481224437,0.6056886950000018,0.80101,0,0,stable
903__2491_2400,31,t_8_16,72.0,0.25,0.0,5.0,0.8102407595698091,0.6731497020266537,0.80101,0,0,mild
903__2491_2400,32,t_8_16,84.00024413969368,0.0,0.0,4.0,0.9003965941772983,0.6972277522955866,0.80101,0,0,stable
903__2491_2400,33,t_8_16,91.0,0.0,0.0,5.0,0.9644413033839007,0.6485128251704755,0.80101,0,0,stable
903__2491_2400,34,t_8_16,144.0,0.0,0.0,3.0,0.9896538397183716,0.8535465750716981,0.80101,0,1,stable
903__2491_2400,35,t_8_16,96.0,0.0,0.0,1.0,,0.7097868465747413,0.80101,0,0,stable
903__2491_2400,36,t_8_16,96.0,0.0,0.0,1.0,0.9999999589103218,0.651035536064122,0.80101,0,0,stable
903__2491_2400,37,t_8_16,128.0,0.5,0.5,1.0,,0.9359173235790147,0.80101,0,1,mild
903__2491_2400,38,t_8_16,108.0,0.0,0.0,4.0,0.8102411806447803,0.6331111410172896,0.80101,0,0,stable
903__2491_2400,39,t_8_16,126.0,0.0,0.0,6.0,0.7279851598161683,0.6627434819597396,0.80101,0,0,stable
903__2491_2400,40,t_8_16,204.0,0.0,0.0,3.0,0.9721305541550372,0.646626176470587,0.80101,0,0,stable
903__2491_2400,41,t_8_16,117.0,0.25,0.0,1.0,,0.8357600254978369,0.80101,0,1,mild
903__2491_2400,42,t_8_16,81.00027465820312,0.25,0.0,2.0,0.9200163147333654,0.7455394695304944,0.80101,0,0,mild
905__0_2417,0,t_8_16,120.0,0.25,0.0,3.0,0.969953322501388,0.7006722366216855,0.8642,0,0,mild
905__0_2417,1,t_8_16,160.0009765625,0.0,0.0,5.0,0.9208958413322456,0.8304149050257849,0.8642,0,1,stable
905__0_2417,2,t_8_16,120.000732421875,0.0,0.0,1.0,,0.773484665024672,0.8642,0,1,stable
905__0_2417,3,t_8_16,140.0008544921875,0.0,0.0,2.0,0.9855491705490415,0.7542466970716462,0.8642,0,1,stable
905__0_2417,4,t_8_16,160.0,0.0,0.0,3.0,0.969510400369044,0.7914412998501621,0.8642,0,1,stable
905__0_2417,5,t_8_16,120.0,0.0,0.0,2.0,0.9978900536164973,0.7655514648926931,0.8642,0,1,stable
905__0_2417,6,t_8_16,120.000732421875,0.0,0.0,1.0,,0.5121135799138634,0.8642,0,0,stable
905__0_2417,7,t_8_16,120.000732421875,0.0,0.0,3.0,0.9650638664477912,0.8443519147326064,0.8642,0,1,stable
905__0_2417,8,t_8_16,159.9993896484375,0.0,0.0,3.0,0.995617082448951,0.8306316275108758,0.8642,0,1,stable
905__0_2417,9,s_16_32,432.0,0.0,0.0,7.0,0.7751718739178804,0.8942423899582828,0.8642,0,1,stable
905__0_2417,10,t_8_16,168.0,0.25,0.0,4.0,0.49182134618867773,0.6813541761147685,0.8642,0,0,mild
905__0_2417,11,t_8_16,240.0,0.0,0.0,4.0,0.9918028322556393,0.7733582815277805,0.8642,0,1,stable
905__0_2417,12,s_16_32,520.001220703125,0.0,0.0,8.0,0.9531518494302534,0.8356308730769203,0.8642,0,1,stable
905__0_2417,13,t_8_16,96.0,0.0,0.0,2.0,0.9372688215093914,0.788579962308057,0.8642,0,1,stable
905__0_2417,14,s_16_32,792.0,0.0,0.0,10.0,0.9973240062175166,0.8176045870153313,0.8642,0,1,stable
905__0_2417,15,t_8_16,112.0,0.0,0.0,2.0,0.9962496233565592,0.7191390644806755,0.8642,0,0,stable
905__0_2417,16,t_8_16,140.0,0.0,0.0,3.0,0.9852671336145905,0.7760655999294944,0.8642,0,1,stable
905__0_2417,17,t_8_16,144.00006103515625,0.0,0.0,4.0,0.9971624070559907,0.7166398081790585,0.8642,0,0,stable
905__0_2417,18,t_8_16,223.99989318847656,0.0,0.0,5.0,0.9749060323021197,0.8186447579870404,0.8642,0,1,stable
905__0_2417,19,t_8_16,160.0,0.0,0.0,4.0,0.9357589805156933,0.6751872117551972,0.8642,0,0,stable
905__0_2417,20,t_8_16,83.9996337890625,0.0,0.0,5.0,0.8348404238608479,0.7223136407589617,0.8642,0,0,stable
905__0_2417,21,t_8_16,96.0,0.0,0.0,5.0,0.9848768307622472,0.7004317414505697,0.8642,0,0,stable
905__0_2417,22,t_8_16,112.0,0.5,0.5,1.0,,0.8569460372782918,0.8642,0,1,mild
905__0_2417,23,t_8_16,84.0,0.25,0.0,5.0,0.20622206415993222,0.0,0.8642,1,0,mild
905__0_2417,24,t_8_16,160.0,0.0,0.0,3.0,0.992723583985834,0.7692314922002029,0.8642,0,1,stable
905__0_2417,25,t_8_16,140.0,0.0,0.0,2.0,0.9996487139411465,0.9273890717099089,0.8642,0,1,stable
905__0_2417,26,t_8_16,252.0,0.0,0.0,2.0,0.9849375847657376,0.7322600198412713,0.8642,0,0,stable
905__1800_1800,0,t_8_16,240.0,0.0,0.0,6.0,0.9969697726253064,0.733204129263063,0.82784,0,0,stable
905__1800_1800,1,t_8_16,140.0,0.0,0.0,3.0,0.9953399913492126,0.6815109271445757,0.82784,0,0,stable
905__1800_1800,2,t_8_16,180.0,0.25,0.0,3.0,0.7077508916089322,0.5443062222222202,0.82784,0,0,mild
905__1800_1800,3,t_8_16,112.0,0.0,0.0,2.0,0.998977951349689,0.9415500457865285,0.82784,0,1,stable
905__1800_1800,4,t_8_16,160.0,0.0,0.0,2.0,0.9891404284176835,0.7048542540282146,0.82784,0,0,stable
905__1800_1800,5,t_8_16,196.0,0.0,0.0,2.0,0.94308401221279,0.8274400394097869,0.82784,0,1,stable
905__1800_1800,6,t_8_16,195.99957275390625,0.0,0.0,3.0,0.9605475908431177,0.7974603362046392,0.82784,0,1,stable
905__1800_1800,7,t_8_16,192.0,0.0,0.0,2.0,0.998483809012774,0.7771500048904083,0.82784,0,1,stable
905__1800_1800,8,t_8_16,224.0,0.0,0.0,5.0,0.9882621160264539,0.7684513915814153,0.82784,0,1,stable
905__1800_1800,9,t_8_16,140.0,0.0,0.0,2.0,0.9526517950194544,0.8235150000000009,0.82784,0,1,stable
905__1800_1800,10,t_8_16,100.0,0.0,0.0,2.0,0.992868522315791,0.7707911177015143,0.82784,0,1,stable
905__1800_1800,11,t_8_16,160.0,0.0,0.0,2.0,0.961909001895922,0.6458279485843171,0.82784,0,0,stable
905__1800_1800,12,t_8_16,95.999267578125,0.0,0.0,3.0,0.9993026638124843,0.6018399166613627,0.82784,0,0,stable
905__1800_1800,13,t_8_16,96.0,0.0,0.0,3.0,0.9788234741326896,0.6823766411396334,0.82784,0,0,stable
905__1800_1800,14,t_8_16,160.0,0.0,0.0,2.0,0.989689261745992,0.8610784325191352,0.82784,0,1,stable
905__1800_1800,15,t_8_16,84.0008544921875,0.0,0.0,5.0,0.9754932583003523,0.8127909938587904,0.82784,0,1,stable
905__1800_1800,17,t_8_16,84.0008544921875,0.0,0.0,5.0,0.9874297204744624,0.6719205709565167,0.82784,0,0,stable
905__2400_1200,0,t_8_16,199.9993896484375,0.0,0.0,4.0,0.9948758117090055,0.8812937700000041,0.85087,0,1,stable
905__2400_1200,1,t_8_16,159.998779296875,0.0,0.0,4.0,0.6310284373908035,0.6344086266917753,0.85087,0,0,stable
905__2400_1200,2,t_8_16,179.99945068359375,0.0,0.0,4.0,0.9862130553052753,0.6790085711260276,0.85087,0,0,stable
905__2400_1200,3,t_8_16,144.0,0.25,0.25,4.0,0.9651905986357224,0.7150650629012434,0.85087,0,0,mild
905__2400_1200,4,t_8_16,199.99969482421875,0.25,0.0,2.0,0.8949599038046563,0.781934579999993,0.85087,0,1,mild
905__2400_1200,5,t_8_16,108.0010986328125,0.0,0.0,4.0,0.9962388028206711,0.6941933796720124,0.85087,0,0,stable
905__2400_1200,6,t_8_16,160.0,0.0,0.0,3.0,0.9680075631131783,0.8093553688380913,0.85087,0,1,stable
905__2400_1200,7,t_8_16,224.0,0.0,0.0,3.0,0.991153170325825,0.8782272862506112,0.85087,0,1,stable
905__2400_1200,8,t_8_16,96.0,0.0,0.0,2.0,0.8223937823625961,0.5228943090105014,0.85087,0,0,stable
905__2400_1200,9,t_8_16,128.0,0.0,0.0,3.0,0.7919846942425183,0.5823308687685673,0.85087,0,0,stable
905__2400_1200,10,t_8_16,224.0,0.0,0.0,3.0,0.9836361049898509,0.6236030299055589,0.85087,0,0,stable
905__2400_1200,11,t_8_16,128.0,0.25,0.25,3.0,0.9892923000404926,0.8092851830529103,0.85087,0,1,mild
905__2400_1200,12,t_8_16,96.0,0.25,0.25,2.0,0.9958616850985393,0.8028778690021303,0.85087,0,1,mild
905__2400_1200,13,t_8_16,192.0,0.0,0.0,3.0,0.9826203746188488,0.7700331890167199,0.85087,0,1,stable
905__2400_1200,14,s_16_32,256.0,0.0,0.0,3.0,0.9866588926947213,0.8651593112303404,0.85087,0,1,stable
905__2400_1200,15,t_8_16,192.0,0.0,0.0,2.0,0.9924506384121414,0.7903443367003968,0.85087,0,1,stable
905__2400_1200,16,t_8_16,196.0008544921875,0.0,0.0,5.0,0.9912183297507603,0.907920649885813,0.85087,0,1,stable
905__2400_1200,17,t_8_16,120.0,0.0,0.0,1.0,,0.6447635765465328,0.85087,0,0,stable
905__2400_1200,18,t_8_16,224.0,0.0,0.0,4.0,0.9748081060918965,0.848578041123553,0.85087,0,1,stable
905__2400_1200,19,t_8_16,84.0,0.0,0.0,4.0,0.9451108342941046,0.8543914122075451,0.85087,0,1,stable
905__2400_1200,20,t_8_16,84.0,0.0,0.0,2.0,0.9885279467105831,0.8036820655562884,0.85087,0,1,stable
905__2400_1200,21,t_8_16,84.0,0.0,0.0,3.0,0.9891318609819686,0.8840114380395042,0.85087,0,1,stable
905__2400_1200,22,t_8_16,120.0,0.0,0.0,2.0,0.9928894276648059,0.7293743205734587,0.85087,0,0,stable
905__2400_1200,23,t_8_16,144.0,0.0,0.0,2.0,0.9955178568460974,0.6913913262326997,0.85087,0,0,stable
905__2400_1200,24,t_8_16,168.0,0.0,0.0,4.0,0.7607820024209158,0.847367679832889,0.85087,0,1,stable
905__2400_1200,25,t_8_16,119.9993896484375,0.25,0.25,2.0,0.9883219602330469,0.6605315508165105,0.85087,0,0,mild
905__2400_1200,26,t_8_16,224.0,0.0,0.0,5.0,0.977415894096887,0.8626309725202627,0.85087,0,1,stable
905__2400_1200,27,t_8_16,196.0008544921875,0.0,0.0,3.0,0.9964573267007742,0.8363952440347415,0.85087,0,1,stable
905__2400_1200,28,t_8_16,196.0008544921875,0.0,0.0,3.0,0.9865668734435233,0.8936299224360047,0.85087,0,1,stable
905__2400_1200,29,t_8_16,224.0,0.0,0.0,5.0,0.9909514628837807,0.81677219445112,0.85087,0,1,stable
905__2400_1200,30,t_8_16,196.0,0.0,0.0,2.0,0.9548416798883149,0.8378919832498349,0.85087,0,1,stable
905__2400_1200,31,t_8_16,72.0,0.0,0.0,3.0,0.9949097269261363,0.8784661992397876,0.85087,0,1,stable
905__2400_1200,32,t_8_16,84.0,0.0,0.0,5.0,0.9533379506843744,0.8027796605232838,0.85087,0,1,stable
905__2400_1200,33,t_8_16,72.000732421875,0.0,0.0,3.0,0.9842398419194671,0.7273060704130941,0.85087,0,0,stable
905__2400_1200,34,t_8_16,84.0003662109375,0.0,0.0,5.0,0.9776406663644099,0.9291455357142694,0.85087,0,1,stable
905__2400_1200,35,t_8_16,112.0,0.0,0.0,1.0,,0.9220674017857126,0.85087,0,1,stable
905__2400_1200,36,t_8_16,128.0,0.25,0.25,2.0,0.9842809902172398,0.8286321319591403,0.85087,0,1,mild
905__2400_1200,37,t_8_16,96.0,0.0,0.0,1.0,,0.6720045396433053,0.85087,0,0,stable
905__2400_1200,38,t_8_16,96.0,0.0,0.0,2.0,0.9810364561512535,0.7759599259565882,0.85087,0,1,stable
905__2400_1200,39,t_8_16,96.0,0.0,0.0,2.0,0.9673198897858819,0.7848273693785466,0.85087,0,1,stable
905__2400_1200,40,t_8_16,144.0,0.25,0.25,3.0,0.9729963874733069,0.7562203828625409,0.85087,0,1,mild
905__2400_1200,41,t_8_16,150.0,0.25,0.0,4.0,0.4894745507742437,0.49863160701038733,0.85087,1,0,mild
905__2400_1200,42,t_8_16,144.0,0.0,0.0,4.0,0.9837641758307043,0.6154647333337605,0.85087,0,0,stable
9089eefac,0,t_8_16,100.0,0.0,0.0,2.0,0.982663874717751,0.8659506742970567,0.6737,0,1,stable
90fa20220,0,t_8_16,70.0,0.0,0.0,3.0,0.973082903751986,0.6811601589890088,0.76874,0,0,stable
936eb2018,0,t_8_16,252.0,0.0,0.0,4.0,0.9979723810115576,0.9318631848565045,0.85906,0,1,stable
9515a948d,0,s_16_32,520.0,0.0,0.0,9.0,0.7981449143911148,0.7834383001901826,0.81355,0,1,stable
9515a948d,2,t_8_16,168.0,0.0,0.0,2.0,0.8965631536406465,0.7877440077259483,0.81355,0,1,stable
9515a948d,3,t_8_16,90.0,0.0,0.0,1.0,,0.5216624061190441,0.81355,0,0,stable
9515a948d,4,t_8_16,182.0008544921875,0.0,0.0,4.0,0.8705166981787845,0.7548615041807277,0.81355,0,1,stable
9515a948d,5,t_8_16,224.0,0.75,0.0,5.0,0.0324985028597504,0.7535342499999992,0.81355,0,1,high
95eddace4,1,t_8_16,96.0,0.0,0.0,2.0,0.9386045369918743,0.0,0.76678,1,0,stable
967f89b2c,0,t_8_16,135.0,0.0,0.0,3.0,0.9446050093299413,0.7463814251715124,0.62309,0,0,stable
9999937_00000_d_0000025__0_250,0,s_16_32,864.0,0.25,0.0,10.0,0.11970268852900505,0.0,0.88481,1,0,mild
9999937_00000_d_0000025__0_250,1,s_16_32,704.0,0.0,0.0,10.0,0.7257390797044306,0.911482761765974,0.88481,0,1,stable
9999937_00000_d_0000025__0_250,2,s_16_32,800.0,0.0,0.0,10.0,0.9830897254013209,0.8757300063439633,0.88481,0,1,stable
9999937_00000_d_0000025__0_250,3,s_16_32,644.0,0.0,0.0,9.0,0.8693428495949754,0.6677023561790587,0.88481,0,0,stable
9999937_00000_d_0000025__0_250,4,s_16_32,756.0,0.0,0.0,10.0,0.9818200497283611,0.8807105160865997,0.88481,0,1,stable
9999937_00000_d_0000025__0_250,5,s_16_32,792.0,0.0,0.0,10.0,0.9332230120365288,0.9002718560820283,0.88481,0,1,stable
9999937_00000_d_0000025__0_250,6,s_16_32,800.0,0.0,0.0,10.0,0.9836071282672648,0.8255690413921071,0.88481,0,1,stable
9999937_00000_d_0000025__0_250,7,s_16_32,504.0,0.0,0.0,9.0,0.4534804942926474,0.7012653214285646,0.88481,0,0,stable
9999937_00000_d_0000025__0_250,8,s_16_32,544.0,0.0,0.0,10.0,0.7249823819204274,0.7165769327437678,0.88481,0,0,stable
9999937_00000_d_0000025__0_250,9,s_16_32,640.0,0.0,0.0,8.0,0.9763902624653901,0.7778557031250006,0.88481,0,1,stable
9999937_00000_d_0000025__0_250,10,s_16_32,360.0,0.0,0.0,7.0,0.9197644572458441,0.7617020457647994,0.88481,0,1,stable
9999937_00000_d_0000025__0_250,11,s_16_32,476.0008544921875,0.0,0.0,6.0,0.47241419853656125,0.592897777310924,0.88481,0,0,stable
9999937_00000_d_0000025__0_250,12,s_16_32,504.0,0.0,0.0,8.0,0.9757819686350622,0.873566163057793,0.88481,0,1,stable
9999937_00000_d_0000025__0_250,13,s_16_32,476.0008544921875,0.0,0.0,8.0,0.265731350450955,0.7707679827638798,0.88481,0,1,stable
9999937_00000_d_0000025__0_250,14,s_16_32,336.0,0.0,0.0,4.0,0.9807468020781719,0.8240425129170258,0.88481,0,1,stable
9999937_00000_d_0000025__0_250,15,t_8_16,240.0,0.25,0.25,4.0,0.8983633759133818,0.7582328927494738,0.88481,0,1,mild
9999937_00000_d_0000025__0_250,16,s_16_32,280.0,0.0,0.0,5.0,0.9668892091825343,0.888035113133102,0.88481,0,1,stable
9999937_00000_d_0000025__0_250,17,t_8_16,208.0,0.0,0.0,4.0,0.8780276061946571,0.6513174689925381,0.88481,0,0,stable
9999937_00000_d_0000025__0_250,18,t_8_16,208.00048828125,0.0,0.0,4.0,0.8818615067809981,0.7650820575887296,0.88481,0,1,stable
9999937_00000_d_0000025__0_250,19,t_8_16,224.0,0.5,0.5,2.0,0.9713604580441677,0.8083132313361165,0.88481,0,1,mild
9999937_00000_d_0000025__0_250,20,s_16_32,260.0006103515625,0.0,0.0,4.0,0.9644396886295719,0.7753348259007294,0.88481,0,1,stable
9999937_00000_d_0000025__0_250,21,t_8_16,224.0,0.0,0.0,3.0,0.9687597533154151,0.8376171428571494,0.88481,0,1,stable
9999937_00000_d_0000025__0_250,22,t_8_16,156.0,0.75,0.0,7.0,0.031334695148034636,0.7808256245333877,0.88481,0,1,high
9999937_00000_d_0000025__0_250,23,t_8_16,144.0,0.5,0.25,5.0,0.062365696149448015,0.6041352159495514,0.88481,0,0,mild
9999937_00000_d_0000025__0_250,24,t_8_16,156.0,0.25,0.0,10.0,0.9020033421991546,0.847494099759809,0.88481,0,1,mild
9999937_00000_d_0000025__0_250,25,t_8_16,108.0,0.25,0.0,2.0,0.9356138508602512,0.8768754477841288,0.88481,0,1,mild
9999937_00000_d_0000025__0_250,26,t_8_16,120.0,0.25,0.25,3.0,0.5560824910144773,0.7428021123890367,0.88481,0,0,mild
9999937_00000_d_0000025__0_250,27,t_8_16,176.0,0.0,0.0,3.0,0.9219110266859779,0.7319940151499785,0.88481,0,0,stable
9999937_00000_d_0000025__0_250,28,s_16_32,360.0,0.25,0.0,3.0,0.41106189629732814,0.7335413103941396,0.88481,0,0,mild
9999937_00000_d_0000025__0_250,29,s_16_32,304.0,0.75,0.5,5.0,0.1746031479813795,0.7515765288867667,0.88481,0,1,high
9999937_00000_d_0000025__0_250,30,s_16_32,532.0,0.0,0.0,9.0,0.9128197224977282,0.9450861974104293,0.88481,0,1,stable
9999937_00000_d_0000025__0_250,31,s_16_32,320.0,0.0,0.0,4.0,0.9857076046277173,0.8785989439558982,0.88481,0,1,stable
9999937_00000_d_0000025__0_250,32,s_16_32,336.0,0.0,0.0,5.0,0.9780552262176369,0.869039917222398,0.88481,0,1,stable
9999937_00000_d_0000025__0_250,33,s_16_32,288.0,0.0,0.0,3.0,0.8023477872921585,0.7970503778447425,0.88481,0,1,stable
9999937_00000_d_0000025__0_250,34,s_16_32,280.0,0.25,0.25,3.0,0.8420297833401016,0.0,0.02048,1,0,mild
9999937_00000_d_0000025__0_250,35,t_8_16,240.0,0.0,0.0,5.0,0.8372153433673168,0.6692968359075745,0.88481,0,0,stable
9999937_00000_d_0000025__0_250,36,s_16_32,340.0,0.25,0.0,5.0,0.8540874432209525,0.8642615393943553,0.88481,0,1,mild
9999937_00000_d_0000025__0_250,37,s_16_32,456.0,0.25,0.0,8.0,0.4552630458544378,0.9428345038622753,0.88481,0,1,mild
9999937_00000_d_0000025__0_250,38,s_16_32,272.00048828125,0.25,0.25,7.0,0.789806257790119,0.8148677886632262,0.88481,0,1,mild
9999937_00000_d_0000025__0_250,39,s_16_32,360.0,0.25,0.0,10.0,0.1888893241944144,0.7688505430660483,0.88481,0,1,mild
9999937_00000_d_0000025__0_250,40,s_16_32,380.0,0.25,0.0,10.0,0.6644940171048962,0.8703764995748458,0.88481,0,1,mild
9999937_00000_d_0000025__0_250,41,s_16_32,288.0,0.25,0.25,2.0,0.999053440496387,0.7596297064801982,0.88481,0,1,mild
9999937_00000_d_0000025__0_250,42,t_8_16,224.0,0.0,0.0,5.0,0.942119434002704,0.8302272298912755,0.88481,0,1,stable
9999937_00000_d_0000025__0_250,43,t_8_16,208.0,0.0,0.0,4.0,0.654087549711453,0.8679119969577993,0.88481,0,1,stable
9999937_00000_d_0000025__0_250,44,t_8_16,156.0003662109375,0.25,0.0,6.0,0.9376768891569733,0.7136952814632381,0.88481,0,0,mild
9999937_00000_d_0000025__0_250,45,s_16_32,264.0,0.0,0.0,5.0,0.2755044526264787,0.6078208350303456,0.88481,0,0,stable
9999937_00000_d_0000025__0_250,46,t_8_16,144.0,0.25,0.0,6.0,0.8910274400422225,0.8260121976434142,0.88481,0,1,mild
9999937_00000_d_0000025__0_250,47,t_8_16,132.0,0.0,0.0,3.0,0.9677815797247463,0.8221269687614654,0.88481,0,1,stable
9999937_00000_d_0000025__0_250,48,t_8_16,160.0,0.0,0.0,3.0,0.9496729438363672,0.702700189253616,0.88481,0,0,stable
9999937_00000_d_0000025__0_250,49,t_8_16,120.0,0.0,0.0,3.0,0.960104387507328,0.8484891427485755,0.88481,0,1,stable
9999937_00000_d_0000025__0_250,50,t_8_16,108.0,0.0,0.0,3.0,0.604081981558824,0.49674705666961566,0.88481,1,0,stable
9999937_00000_d_0000025__0_250,51,t_8_16,131.99990844726562,0.75,0.75,7.0,0.38972147471628577,0.8696903233443465,0.88481,0,1,high
9999937_00000_d_0000025__0_250,52,t_8_16,80.0,0.25,0.0,6.0,0.4362203204177914,0.6751856814447816,0.88481,0,0,mild
9999937_00000_d_0000025__0_250,53,t_8_16,80.0,0.25,0.25,0.0,,0.6634799642314411,0.88481,0,0,mild
9999937_00000_d_0000025__0_250,54,t_8_16,72.0,0.25,0.0,2.0,0.9644134019681317,0.6806349019084578,0.88481,0,0,mild
9999937_00000_d_0000025__0_250,56,t_8_16,71.9998779296875,0.0,0.0,0.0,,0.12157324975692564,0.88481,1,0,stable
9999937_00000_d_0000025__0_250,57,t_8_16,71.9998779296875,0.5,0.25,4.0,0.1365382392756532,0.773537647096538,0.88481,0,1,mild
9999937_00000_d_0000025__0_250,58,t_8_16,160.0,0.25,0.25,3.0,0.8503935992687974,0.7026609727548273,0.88481,0,0,mild
9999937_00000_d_0000025__0_250,59,t_8_16,176.0,0.0,0.0,2.0,0.9285468282390306,0.7228228472288584,0.88481,0,0,stable
9999937_00000_d_0000025__0_250,60,t_8_16,132.0,0.0,0.0,7.0,0.8690140547682812,0.7787635586221479,0.88481,0,1,stable
9999937_00000_d_0000025__0_250,61,t_8_16,120.0,0.0,0.0,5.0,0.7797223304386738,0.7845449182286629,0.88481,0,1,stable
9999937_00000_d_0000025__0_250,62,t_8_16,120.0,0.0,0.0,3.0,0.9089242578133808,0.7786682196889487,0.88481,0,1,stable
9999937_00000_d_0000025__0_250,63,t_8_16,80.0,0.25,0.25,3.0,0.5848821104469829,0.3950817005067862,0.88481,1,0,mild
9999937_00000_d_0000025__0_250,64,t_8_16,108.0,0.75,0.75,5.0,0.016360829391114894,0.6517289776778619,0.88481,0,0,high
9999937_00000_d_0000025__0_250,66,t_8_16,79.9998779296875,0.25,0.25,4.0,0.7931735988130387,0.6798365998572735,0.88481,0,0,mild
9999937_00000_d_0000025__0_250,68,t_8_16,90.0,0.0,0.0,3.0,0.9641803373075436,0.7181158129375163,0.88481,0,0,stable
9999937_00000_d_0000025__0_250,69,t_8_16,96.0,0.5,0.25,6.0,0.4062203913550834,0.6972276355411613,0.88481,0,0,mild
9999937_00000_d_0000025__0_250,70,t_8_16,156.0003662109375,0.5,0.0,7.0,0.04532155813309482,0.649779249815678,0.88481,0,0,mild
9999937_00000_d_0000025__0_250,71,t_8_16,224.0,0.0,0.0,2.0,0.8828813360910595,0.6239619962033639,0.88481,0,0,stable
9999937_00000_d_0000025__0_250,72,s_16_32,287.99951171875,0.0,0.0,4.0,0.9209854743575513,0.7921478978100345,0.88481,0,1,stable
9999937_00000_d_0000025__0_250,73,s_16_32,504.0,0.0,0.0,5.0,0.8851648579684586,0.7109241310764742,0.88481,0,0,stable
9999937_00000_d_0000025__0_250,74,s_16_32,408.0,0.0,0.0,9.0,0.8183742724186042,0.7951073016002124,0.88481,0,1,stable
9999937_00000_d_0000025__0_250,75,t_8_16,167.9996337890625,0.0,0.0,4.0,0.956531277902904,0.592084156110143,0.88481,0,0,stable
9999937_00000_d_0000025__0_250,77,t_8_16,126.0,0.0,0.0,7.0,0.8989089629309768,0.6133257638708027,0.88481,0,0,stable
9999937_00000_d_0000025__0_250,78,t_8_16,126.0,0.5,0.5,4.0,0.47720100892462297,0.7338239682539606,0.88481,0,0,mild
9999937_00000_d_0000025__0_250,79,t_8_16,133.00021362304688,0.75,0.0,4.0,0.1090490361367558,0.7919275162128626,0.88481,0,1,high
9999937_00000_d_0000025__0_250,80,t_8_16,85.00015258789062,0.0,0.0,1.0,0.9999969043873053,0.6351172427476273,0.88481,0,0,stable
9999937_00000_d_0000025__0_250,81,t_8_16,84.0,0.5,0.25,4.0,0.3637593700296215,0.7011925461813481,0.88481,0,0,mild
9999937_00000_d_0000025__0_250,82,t_8_16,85.0,0.5,0.0,2.0,0.9416220705148485,0.0,0.88481,1,0,mild
9999937_00000_d_0000025__0_250,83,t_8_16,75.0,0.25,0.0,3.0,0.4817315911378068,0.6757353266095644,0.88481,0,0,mild
9999937_00000_d_0000025__0_250,84,t_8_16,96.0,0.0,0.0,2.0,0.9953612693799176,0.7552826984488279,0.88481,0,1,stable
9999937_00000_d_0000025__0_250,85,t_8_16,80.0,0.25,0.25,0.0,0.8217227097523634,0.0,0.88481,1,0,mild
9999937_00000_d_0000025__0_250,86,t_8_16,90.0,0.25,0.0,2.0,0.9742160674861916,0.0,0.88481,1,0,mild
9999937_00000_d_0000025__0_250,87,t_8_16,70.0,0.0,0.0,2.0,0.9961620740292412,0.0,0.88481,1,0,stable
9999937_00000_d_0000025__0_250,88,t_8_16,70.0,0.5,0.0,3.0,0.6550922248195982,0.0,0.88481,1,0,mild
9999937_00000_d_0000025__0_250,89,t_8_16,65.00015258789062,0.25,0.25,3.0,0.6345842093762775,0.023317570753363867,0.88481,1,0,mild
9999937_00000_d_0000025__0_250,92,t_8_16,119.0,0.0,0.0,2.0,0.999762716779828,0.0,0.88481,1,0,stable
9999937_00000_d_0000025__0_250,93,t_8_16,65.00015258789062,0.0,0.0,1.0,0.99999999711446,0.0,0.88481,1,0,stable
9999937_00000_d_0000121__1200_278,1,t_8_16,100.0,0.25,0.0,2.0,0.5706870632774932,0.9390455590719262,0.69995,0,1,mild
9999937_00000_d_0000121__1200_278,2,s_16_32,280.0,0.0,0.0,6.0,0.7941281447563794,0.6608097357142838,0.69995,0,0,stable
9999937_00000_d_0000121__1200_278,3,t_8_16,192.0,0.25,0.0,2.0,0.6687445093240736,0.7366931250000047,0.69995,0,0,mild
9999937_00000_d_0000121__1200_278,4,s_16_32,648.0,0.25,0.25,5.0,0.5994755498448449,0.0,0.00344,1,0,mild
9999940_00000_d_0000086__600_0,1,s_16_32,263.9999771118164,0.0,0.0,4.0,0.888213634704139,0.8118027227175036,0.87732,0,1,stable
9999940_00000_d_0000086__600_0,2,t_8_16,180.0,0.25,0.25,0.0,,0.400726308018704,0.87732,1,0,mild
9999940_00000_d_0000086__600_0,3,s_16_32,504.0,0.0,0.0,9.0,0.9651147283674691,0.77843173724077,0.87732,0,1,stable
9999940_00000_d_0000086__600_0,4,s_16_32,504.0,0.0,0.0,8.0,0.7902818831347896,0.9589132261904765,0.87732,0,1,stable
9999940_00000_d_0000086__600_0,5,t_8_16,144.0,0.25,0.25,3.0,0.9170378121862602,0.4904926541471995,0.87732,1,0,mild
9999940_00000_d_0000086__600_0,7,s_16_32,395.99932861328125,0.5,0.5,8.0,0.5011175308294301,0.5073087403706432,0.87732,0,0,mild
9999940_00000_d_0000086__600_0,8,t_8_16,215.99945068359375,0.5,0.5,4.0,0.56166884992129,0.6116475961953258,0.87732,0,0,mild
9999940_00000_d_0000086__600_0,11,s_16_32,288.00006103515625,0.0,0.0,6.0,0.9982139423281755,0.887227282969315,0.87732,0,1,stable
9999940_00000_d_0000086__600_0,14,t_8_16,96.0,0.0,0.0,0.0,0.9823052000082534,0.0,0.17113,1,0,stable
9999940_00000_d_0000086__600_0,15,s_16_32,440.0,0.0,0.0,10.0,0.9954236493818353,0.8721416448405945,0.87732,0,1,stable
9999940_00000_d_0000086__600_0,16,t_8_16,120.0,0.0,0.0,2.0,0.9768564743950587,0.7702381174028033,0.87732,0,1,stable
9999940_00000_d_0000086__600_0,17,t_8_16,64.0,0.75,0.75,0.0,,0.7912167575945452,0.87732,0,1,high
9999940_00000_d_0000086__600_0,18,t_8_16,80.0,0.0,0.0,1.0,,0.7368196401965208,0.87732,0,0,stable
9999940_00000_d_0000086__600_0,19,s_16_32,400.00030517578125,0.0,0.0,8.0,0.9910291345788732,0.6450688547883022,0.87732,0,0,stable
9999940_00000_d_0000086__600_0,20,s_16_32,320.0,0.0,0.0,5.0,0.9834949468594635,0.7264778136392844,0.87732,0,0,stable
9999940_00000_d_0000086__600_0,22,t_8_16,223.9990234375,0.0,0.0,5.0,0.9864675411654744,0.6987760690589592,0.87732,0,0,stable
9999940_00000_d_0000086__600_0,24,s_16_32,440.0,0.0,0.0,7.0,0.9665012497024484,0.6919201354331195,0.87732,0,0,stable
9999940_00000_d_0000086__600_0,25,s_16_32,384.0,0.0,0.0,7.0,0.9946614766510744,0.671588667075501,0.87732,0,0,stable
9999940_00000_d_0000086__600_0,27,t_8_16,95.99951171875,0.25,0.25,1.0,,0.6641971045765072,0.17113,0,0,mild
9999940_00000_d_0000086__600_0,29,t_8_16,96.0,0.0,0.0,1.0,,0.5794302291666685,0.17113,0,0,stable
9999940_00000_d_0000086__600_0,31,t_8_16,80.0,0.5,0.5,0.0,,0.7592679395502094,0.17113,0,1,mild
9999940_00000_d_0000086__600_0,32,s_16_32,260.0,0.25,0.0,3.0,0.8200516417292452,0.7070865815171863,0.87732,0,0,mild
9999940_00000_d_0000086__600_0,33,s_16_32,336.0,0.0,0.0,1.0,0.1989920808969327,0.580510952380951,0.87732,0,0,stable
9999940_00000_d_0000086__600_0,34,t_8_16,220.0,0.5,0.5,3.0,0.3075057464018372,0.753458307388369,0.87732,0,1,mild
9999940_00000_d_0000086__600_0,35,t_8_16,199.99984741210938,0.75,0.25,1.0,0.6082794340298469,0.8040567742860574,0.87732,0,1,high
9999940_00000_d_0000086__600_0,36,t_8_16,239.99984741210938,0.5,0.5,2.0,0.7589715715074133,0.6723543424815993,0.87732,0,0,mild
9999940_00000_d_0000086__600_0,37,t_8_16,240.0,0.25,0.0,2.0,0.8235663801399785,0.6411170845058938,0.87732,0,0,mild
9999940_00000_d_0000086__600_0,38,t_8_16,207.99960327148438,0.25,0.0,5.0,0.39695698128973556,0.5815981669909106,0.87732,0,0,mild
9999940_00000_d_0000086__600_0,39,t_8_16,220.0,0.25,0.25,2.0,0.16722671335395214,0.5812666363636387,0.87732,0,0,mild
9999940_00000_d_0000086__600_0,40,t_8_16,144.0,0.25,0.0,3.0,0.8571140096479757,0.5214910938485927,0.87732,0,0,mild
9999940_00000_d_0000086__600_0,41,t_8_16,127.999755859375,0.25,0.0,5.0,0.717268331538221,0.7841361420441111,0.87732,0,1,mild
9999945_00000_d_0000056__0_0,1,t_8_16,100.0006103515625,0.0,0.0,2.0,0.9997508734094936,0.5626515073635822,0.91041,0,0,stable
9999945_00000_d_0000056__0_0,2,t_8_16,80.00048828125,0.0,0.0,1.0,,0.5510213045568518,0.91041,0,0,stable
9999945_00000_d_0000056__0_0,3,t_8_16,96.0009765625,0.0,0.0,2.0,0.9999995318510295,0.0,0.54251,1,0,stable
9999945_00000_d_0000056__0_0,4,t_8_16,176.00048828125,0.5,0.5,2.0,0.9586791955863307,0.0,0.54251,1,0,mild
9999945_00000_d_0000056__0_0,5,s_16_32,672.0,0.0,0.0,10.0,0.9914169839253609,0.8511587065789117,0.91041,0,1,stable
9999945_00000_d_0000056__0_0,6,s_16_32,360.0,0.0,0.0,9.0,0.9360756053410408,0.74093894632053,0.91041,0,0,stable
9999945_00000_d_0000056__0_0,7,s_16_32,400.0,0.0,0.0,7.0,0.877956074123382,0.6751842494207346,0.91041,0,0,stable
9999945_00000_d_0000056__0_0,8,t_8_16,144.0,0.0,0.0,1.0,,0.7798506217396551,0.91041,0,1,stable
9999945_00000_d_0000056__0_0,9,t_8_16,96.0,0.25,0.25,1.0,,0.75020847806143,0.91041,0,1,mild
9999945_00000_d_0000056__0_0,10,t_8_16,72.0,0.25,0.25,3.0,0.7349759487825884,0.6826264273762558,0.91041,0,0,mild
9999945_00000_d_0000056__0_0,11,s_16_32,256.0,0.0,0.0,5.0,0.9723740924810101,0.7933010244967,0.91041,0,1,stable
9999945_00000_d_0000056__0_0,12,t_8_16,99.99969482421875,0.5,0.5,2.0,0.07013708081845992,0.7645834107693987,0.91041,0,1,mild
9999945_00000_d_0000056__0_0,13,t_8_16,64.0,0.0,0.0,1.0,,0.0,0.91041,1,0,stable
9999945_00000_d_0000056__0_0,15,t_8_16,168.0,0.0,0.0,2.0,0.9627377442374413,0.7088693957651451,0.91041,0,0,stable
9999945_00000_d_0000056__0_0,16,s_16_32,360.0,0.0,0.0,8.0,0.9924970916946506,0.9249166803906446,0.91041,0,1,stable
9999945_00000_d_0000056__0_0,17,t_8_16,80.0,0.0,0.0,2.0,0.8479481431886953,0.58158227449468,0.91041,0,0,stable
9999945_00000_d_0000056__0_0,22,t_8_16,112.0,0.0,0.0,2.0,0.9626637714612415,0.6206011208607466,0.91041,0,0,stable
9999945_00000_d_0000056__0_0,23,t_8_16,159.9993896484375,0.25,0.0,6.0,0.5742572209730731,0.6456291907317552,0.91041,0,0,mild
9999945_00000_d_0000056__0_0,24,t_8_16,80.0,0.0,0.0,1.0,,0.7532964967352177,0.91041,0,1,stable
9999945_00000_d_0000056__0_0,27,s_16_32,311.99920654296875,0.0,0.0,1.0,,0.08319861970295853,0.91041,1,0,stable
9999951_00000_d_0000006__600_0,0,t_8_16,207.99960327148438,0.0,0.0,9.0,0.9721690956634644,0.7034304936466942,0.81845,0,0,stable
9999951_00000_d_0000006__600_0,1,s_16_32,288.0001220703125,0.0,0.0,7.0,0.9020120955527064,0.5809732770485685,0.81845,0,0,stable
9999951_00000_d_0000006__600_0,2,t_8_16,160.0,0.0,0.0,4.0,0.9146622892456758,0.6501916934119238,0.81845,0,0,stable
9999951_00000_d_0000006__600_0,3,t_8_16,144.0,0.25,0.25,3.0,0.9844922086883326,0.8047547630689774,0.81845,0,1,mild
9999951_00000_d_0000006__600_0,4,t_8_16,208.0,0.0,0.0,4.0,0.9678971582102996,0.7545168930058312,0.81845,0,1,stable
9999951_00000_d_0000006__600_0,5,t_8_16,180.0,0.5,0.0,2.0,0.3026301686896422,0.8428506711194454,0.81845,0,1,mild
9999951_00000_d_0000006__600_0,6,t_8_16,108.0,0.0,0.0,3.0,0.5520865026422427,0.5426944908159238,0.81845,0,0,stable
9999951_00000_d_0000006__600_0,7,t_8_16,95.99995422363281,0.5,0.0,3.0,0.0703782237443856,0.5534729803895728,0.81845,0,0,mild
9999951_00000_d_0000006__600_0,8,t_8_16,220.0,0.0,0.0,3.0,0.8763384039756358,0.7726511608409378,0.81845,0,1,stable
9999951_00000_d_0000006__600_0,9,t_8_16,176.0,0.25,0.25,4.0,0.7308889358504302,0.5896280875048555,0.81845,0,0,mild
9999951_00000_d_0000006__600_0,10,t_8_16,207.99954223644454,0.0,0.0,9.0,0.930893633007145,0.6743418314265517,0.81845,0,0,stable
9999951_00000_d_0000006__600_0,11,t_8_16,176.0,0.25,0.0,3.0,0.18527627220689966,0.7466173472897419,0.81845,0,0,mild
9999951_00000_d_0000006__600_0,12,t_8_16,171.0,0.0,0.0,4.0,0.8415365840464832,0.7216033168031694,0.81845,0,0,stable
9999951_00000_d_0000309__0_0,0,s_16_32,336.0,0.0,0.0,6.0,0.7240270752271624,0.9135077422368159,0.77363,0,1,stable
9999951_00000_d_0000309__0_0,1,s_16_32,384.0,0.0,0.0,7.0,0.9530137221163825,0.6455604780681923,0.77363,0,0,stable
9999951_00000_d_0000309__0_0,2,s_16_32,416.0,0.0,0.0,8.0,0.9505324244265528,0.779535595989143,0.77363,0,1,stable
9999951_00000_d_0000309__0_0,3,s_16_32,364.0008544921875,0.25,0.0,8.0,0.5508423060765829,0.8893417570797529,0.77363,0,1,mild
9999951_00000_d_0000309__0_0,4,s_16_32,288.0,0.0,0.0,5.0,0.9060433144795741,0.9363554114965348,0.77363,0,1,stable
9999951_00000_d_0000309__0_0,5,t_8_16,180.0,0.25,0.0,4.0,0.44221581630511797,0.7387744503556126,0.77363,0,0,mild
9999951_00000_d_0000309__0_0,6,t_8_16,96.0,0.0,0.0,0.0,,0.6046429985590063,0.77363,0,0,stable
9999951_00000_d_0000309__0_0,7,t_8_16,108.0,0.0,0.0,0.0,,0.5599509140398811,0.77363,0,0,stable
9999951_00000_d_0000309__0_0,8,t_8_16,240.0,0.25,0.0,7.0,0.39691636189092216,0.8583333873404445,0.77363,0,1,mild
9999951_00000_d_0000309__0_0,9,t_8_16,84.0,0.0,0.0,3.0,0.938588598851095,0.5738698985407736,0.77363,0,0,stable
9999951_00000_d_0000309__0_0,10,t_8_16,168.0,0.0,0.0,5.0,0.7148222734420161,0.47391646343150984,0.77363,1,0,stable
9999951_00000_d_0000309__0_0,11,s_16_32,300.0,0.0,0.0,5.0,0.5037024556971783,0.5577095741023723,0.77363,0,0,stable
9999951_00000_d_0000309__0_0,12,t_8_16,128.0,0.0,0.0,3.0,0.9294473023835891,0.6017539900448826,0.77363,0,0,stable
9999951_00000_d_0000309__0_0,13,t_8_16,168.0,0.0,0.0,4.0,0.6664749463623558,0.5757513729221159,0.77363,0,0,stable
9999951_00000_d_0000309__0_0,14,t_8_16,120.0,0.0,0.0,3.0,0.7932679547702561,0.5950045546933237,0.77363,0,0,stable
9999951_00000_d_0000309__0_0,15,t_8_16,128.0,0.25,0.0,3.0,0.15322606412024084,0.6828167611450837,0.77363,0,0,mild
9999951_00000_d_0000309__0_0,16,t_8_16,140.0,0.25,0.0,2.0,0.985231073404293,0.6518027200233653,0.77363,0,0,mild
9999951_00000_d_0000309__0_0,17,s_16_32,364.0,0.0,0.0,5.0,0.6444722527818737,0.7388651117603987,0.77363,0,0,stable
9999951_00000_d_0000309__0_0,18,s_16_32,279.99908447265625,0.5,0.0,5.0,0.21704947485967654,0.6191182708980391,0.77363,0,0,mild
9999955_00000_d_0000071__600_0,0,s_16_32,792.0,0.0,0.0,10.0,0.9969107912528787,0.751597531797548,0.9089,0,1,stable
9999955_00000_d_0000071__600_0,2,s_16_32,320.0,0.0,0.0,6.0,0.9876416824332702,0.8803860139388996,0.9089,0,1,stable
9999955_00000_d_0000071__600_0,3,s_16_32,320.0,0.0,0.0,4.0,0.8045689668881587,0.7680651000000001,0.9089,0,1,stable
9999955_00000_d_0000071__600_0,4,t_8_16,252.0,0.0,0.0,5.0,0.9761827404727855,0.8968020040535448,0.9089,0,1,stable
9999955_00000_d_0000071__600_0,5,t_8_16,120.0,0.0,0.0,3.0,0.9736013845569964,0.8924152047709528,0.9089,0,1,stable
9999955_00000_d_0000071__600_0,6,t_8_16,96.0,0.75,0.75,1.0,,0.8092894155732127,0.9089,0,1,high
9999955_00000_d_0000071__600_0,7,t_8_16,96.0,0.25,0.25,1.0,,0.6971772879637873,0.9089,0,0,mild
9999955_00000_d_0000071__600_0,8,t_8_16,79.999755859375,0.0,0.0,1.0,,0.7216325004705276,0.9089,0,0,stable
9999955_00000_d_0000071__600_0,9,t_8_16,80.0,0.0,0.0,1.0,,0.7279237154559169,0.9089,0,0,stable
9999955_00000_d_0000071__600_0,10,t_8_16,72.0,0.0,0.0,3.0,0.8638899413391627,0.4241636728793544,0.9089,1,0,stable
9999955_00000_d_0000071__600_0,13,t_8_16,64.0,0.5,0.5,1.0,,0.6991047158097304,0.9089,0,0,mild
9999955_00000_d_0000071__600_0,24,t_8_16,144.0,0.5,0.25,3.0,0.2150425054646502,0.4894556691421968,0.9089,1,0,mild
9999955_00000_d_0000071__600_0,25,t_8_16,252.0,0.0,0.0,4.0,0.9400753810980881,0.3505961904761904,0.9089,1,0,stable
9999955_00000_d_0000071__600_0,26,s_16_32,720.0,0.0,0.0,10.0,0.9957764587695787,0.7907802608773928,0.9089,0,1,stable
9999955_00000_d_0000071__600_0,27,t_8_16,139.9993896484375,0.0,0.0,3.0,0.9972451574873629,0.8092279768057344,0.9089,0,1,stable
9999955_00000_d_0000071__600_0,28,t_8_16,80.0,0.25,0.25,1.0,,0.5218962892912881,0.9089,0,0,mild
9999955_00000_d_0000071__600_0,29,t_8_16,128.0,0.0,0.0,2.0,0.9650044043140721,0.622501649554778,0.9089,0,0,stable
9999955_00000_d_0000071__600_0,30,t_8_16,192.0,0.0,0.0,5.0,0.8118478397630066,0.88065125040483,0.9089,0,1,stable
9999955_00000_d_0000071__600_0,31,s_16_32,364.0,0.0,0.0,5.0,0.9967525254452805,0.8448233582405459,0.9089,0,1,stable
9999955_00000_d_0000071__600_0,32,s_16_32,640.0,0.0,0.0,10.0,0.9976410736249353,0.880783560638436,0.9089,0,1,stable
9999955_00000_d_0000071__600_0,33,s_16_32,448.0,0.0,0.0,6.0,0.978061191345331,0.8265780589365334,0.9089,0,1,stable
9999955_00000_d_0000071__600_0,34,s_16_32,288.0,0.0,0.0,4.0,0.9787708715211134,0.769378776267187,0.9089,0,1,stable
9999955_00000_d_0000071__600_0,35,t_8_16,64.0,0.5,0.5,0.0,,0.7229583749999993,0.9089,0,0,mild
9999955_00000_d_0000071__600_0,36,t_8_16,200.0,0.25,0.0,2.0,0.1599133886570167,0.29797738000000007,0.9089,1,0,mild
9999972_00000_d_0000161__1200_0,1,t_8_16,96.0,0.0,0.0,2.0,0.9084583415833705,0.7628827305541452,0.65061,0,1,stable
9999972_00000_d_0000161__1200_0,2,s_16_32,832.0003967285156,0.0,0.0,10.0,0.9980471020283861,0.8609381526688303,0.90042,0,1,stable
9999972_00000_d_0000161__1200_0,3,s_16_32,896.000244140625,0.0,0.0,10.0,0.9954976739447274,0.9401731746513736,0.90042,0,1,stable
9999977_00000_d_0000036__0_0,0,s_16_32,415.9999694824219,0.0,0.0,7.0,0.7834170577929366,0.8533544877172964,0.84331,0,1,stable
9999977_00000_d_0000036__0_0,1,t_8_16,72.0,0.0,0.0,4.0,0.7091700789148557,0.7415764943981722,0.71668,0,0,stable
9999977_00000_d_0000036__0_0,2,t_8_16,100.0,0.25,0.25,1.0,,0.543298671995299,0.71668,0,0,mild
9999977_00000_d_0000036__0_0,3,s_16_32,308.0,0.25,0.0,4.0,0.35874962440057695,0.7110945000000014,0.71668,0,0,mild
9999977_00000_d_0000036__0_0,4,s_16_32,288.0,0.0,0.0,6.0,0.7046518200646251,0.8105561485486155,0.71668,0,1,stable
9999977_00000_d_0000036__0_0,5,t_8_16,72.0,0.25,0.0,3.0,0.725496657921154,0.49651783182041015,0.71668,1,0,mild
9999982_00000_d_0000175__0_250,0,t_8_16,128.0,0.0,0.0,2.0,0.9838946827150997,0.9314154681268985,0.89255,0,1,stable
9999982_00000_d_0000175__0_250,1,s_16_32,419.9997863769531,0.0,0.0,8.0,0.9561986785490029,0.7933598880952419,0.89255,0,1,stable
9999982_00000_d_0000175__0_250,2,s_16_32,476.0,0.0,0.0,8.0,0.9974200140193533,0.8976117767306903,0.89255,0,1,stable
9999982_00000_d_0000175__0_250,4,s_16_32,264.0,0.0,0.0,5.0,0.9984931431886997,0.8867360340909124,0.89255,0,1,stable
9999982_00000_d_0000175__0_250,5,t_8_16,216.0,0.0,0.0,6.0,0.9957820146995744,0.8764134314202557,0.89255,0,1,stable
9999982_00000_d_0000175__0_250,6,t_8_16,215.9996337890625,0.0,0.0,4.0,0.9969349829414499,0.8316380648148151,0.89255,0,1,stable
9999982_00000_d_0000175__0_250,7,t_8_16,112.0,0.0,0.0,1.0,,0.6599471742395323,0.89255,0,0,stable
9999982_00000_d_0000175__0_250,8,t_8_16,72.0,0.25,0.0,2.0,0.6450498107584431,0.8555372174849754,0.89255,0,1,mild
9999982_00000_d_0000175__0_250,9,t_8_16,72.0,0.0,0.0,0.0,,0.3807813587705884,0.89255,1,0,stable
9999982_00000_d_0000175__0_250,10,t_8_16,84.0,0.25,0.0,2.0,0.9409541973466953,0.8423297496861634,0.89255,0,1,mild
9999982_00000_d_0000175__0_250,11,t_8_16,112.0,0.25,0.25,2.0,0.6207456457916373,0.5079968225840606,0.89255,0,0,mild
9999982_00000_d_0000175__0_250,12,t_8_16,83.99989318847656,0.5,0.0,2.0,0.6121379044918757,0.611691369475166,0.89255,0,0,mild
9999982_00000_d_0000175__0_250,13,t_8_16,72.0,0.75,0.75,1.0,,0.7903516543188733,0.89255,0,1,high
9999982_00000_d_0000175__0_250,15,t_8_16,96.0,0.0,0.0,3.0,0.7841913154653721,0.749769661756817,0.89255,0,0,stable
9999982_00000_d_0000175__0_250,16,t_8_16,96.0,0.0,0.0,1.0,,0.6420077985873,0.89255,0,0,stable
9999982_00000_d_0000175__0_250,24,s_16_32,936.0,0.0,0.0,10.0,0.9962151089598021,0.7870139102564132,0.89255,0,1,stable
9999982_00000_d_0000187__0_0,0,t_8_16,120.0,0.5,0.0,4.0,0.33839030588012936,0.7357213249999996,0.50426,0,0,mild
9999982_00000_d_0000187__0_0,1,t_8_16,140.0008544921875,0.25,0.0,1.0,,0.49313981883527475,0.50426,1,0,mild
9999982_00000_d_0000187__0_0,2,t_8_16,100.0,0.0,0.0,1.0,,0.7781744834234485,0.50426,0,1,stable
9999982_00000_d_0000187__0_0,4,t_8_16,84.0,0.0,0.0,4.0,0.8964394020293764,0.6737696610252479,0.50426,0,0,stable
9999984_00000_d_0000098__0_0,0,t_8_16,140.0,0.0,0.0,2.0,0.7946206425521547,0.8406690723820722,0.03073,0,1,stable
9999984_00000_d_0000103__0_250,0,t_8_16,192.0,0.0,0.0,5.0,0.7436767474884526,0.8097012816924967,0.73358,0,1,stable
9999984_00000_d_0000103__0_250,1,t_8_16,144.0,0.0,0.0,3.0,0.7785352537028117,0.5700317382523645,0.73358,0,0,stable
9999984_00000_d_0000103__0_250,2,t_8_16,180.0,0.0,0.0,3.0,0.20537850524426499,0.7315624630593053,0.73358,0,0,stable
9999984_00000_d_0000103__0_250,4,t_8_16,95.99981689453125,0.25,0.0,5.0,0.43593694624619445,0.5762263483905334,0.73358,0,0,mild
9999984_00000_d_0000103__0_250,5,t_8_16,224.0,0.0,0.0,4.0,0.6120025838593623,0.5784255000567315,0.73358,0,0,stable
9999984_00000_d_0000103__0_250,6,t_8_16,192.0,0.0,0.0,3.0,0.9683510611082521,0.7110125330926244,0.73358,0,0,stable
9999984_00000_d_0000103__0_250,7,t_8_16,176.0,0.25,0.0,4.0,0.4984040193786115,0.485874150481195,0.73358,1,0,mild
9999984_00000_d_0000103__0_250,8,t_8_16,180.0,0.0,0.0,2.0,0.8808154447669142,0.732045288888891,0.73358,0,0,stable
9999984_00000_d_0000103__0_250,9,t_8_16,196.0,0.25,0.0,4.0,0.7134119744605079,0.46944389646618934,0.73358,1,0,mild
9999984_00000_d_0000103__0_250,10,t_8_16,223.99957275390625,0.0,0.0,4.0,0.9527359849429247,0.8013598081199692,0.73358,0,1,stable
9999984_00000_d_0000103__0_250,11,t_8_16,144.0,0.5,0.0,4.0,0.19952345769026444,0.6253787470348764,0.73358,0,0,mild
9999984_00000_d_0000126__600_250,0,s_16_32,396.0,0.0,0.0,8.0,0.9663179048368173,0.8962137299120345,0.89691,0,1,stable
9999984_00000_d_0000126__600_250,1,s_16_32,504.0,0.0,0.0,9.0,0.9931919787612541,0.8745706898303708,0.89691,0,1,stable
9999984_00000_d_0000126__600_250,2,t_8_16,139.9999237060547,0.25,0.0,3.0,0.9487877118869595,0.8613591586710639,0.89691,0,1,mild
9999984_00000_d_0000126__600_250,3,t_8_16,80.0,0.25,0.25,1.0,,0.846338837291886,0.89691,0,1,mild
9999984_00000_d_0000153__600_0,1,t_8_16,120.0,0.5,0.5,4.0,0.5205319931187143,0.7644927020869247,0.68024,0,1,mild
9999984_00000_d_0000153__600_0,2,t_8_16,144.0,0.3333333333333333,0.0,7.0,0.14103666515823157,0.6759672577475643,0.68024,0,0,mild
9999984_00000_d_0000153__600_0,4,t_8_16,160.0,0.25,0.25,3.0,0.9209649792146024,0.9195545754355343,0.68024,0,1,mild
9999984_00000_d_0000153__600_0,6,s_16_32,1012.0,0.0,0.0,10.0,0.9929083525006517,0.8449807508260139,0.899,0,1,stable
9999984_00000_d_0000153__600_0,7,s_16_32,440.0,0.0,0.0,8.0,0.9814326751549999,0.9200518094556477,0.899,0,1,stable
9999994_00000_d_0000003__600_0,0,t_8_16,96.0,0.25,0.25,1.0,,0.8467010903054306,0.17634,0,1,mild
9999994_00000_d_0000003__600_0,1,t_8_16,252.0,0.0,0.0,5.0,0.9938732744639208,0.9105276994372632,0.86735,0,1,stable
9999994_00000_d_0000003__600_0,2,t_8_16,120.0,0.0,0.0,1.0,,0.7869104167148374,0.86735,0,1,stable
9999994_00000_d_0000003__600_0,3,t_8_16,80.0,0.0,0.0,1.0,,0.7495966477442986,0.86735,0,0,stable
9999994_00000_d_0000016__0_250,0,s_16_32,704.0,0.0,0.0,10.0,0.9932713082723638,0.8446764076237777,0.87128,0,1,stable
9999994_00000_d_0000016__0_250,1,s_16_32,792.0,0.0,0.0,10.0,0.9931701585443691,0.7833276911003804,0.87128,0,1,stable
9999994_00000_d_0000016__0_250,2,s_16_32,960.0,0.0,0.0,10.0,0.8950302837215257,0.9253559671509405,0.87128,0,1,stable
9999994_00000_d_0000016__0_250,3,s_16_32,324.0010986328125,0.0,0.0,6.0,0.20492652353820548,0.9017165574570947,0.87128,0,1,stable
9999994_00000_d_0000016__0_250,4,t_8_16,140.0,0.0,0.0,2.0,0.9883455383795654,0.7919463065103495,0.87128,0,1,stable
9999994_00000_d_0000016__0_250,5,t_8_16,168.0,0.0,0.0,4.0,0.9517700756837933,0.7358949245039105,0.87128,0,0,stable
9999994_00000_d_0000016__0_250,6,t_8_16,255.9990234375,0.0,0.0,5.0,0.9905128226143968,0.8050877225627501,0.87128,0,1,stable
9999994_00000_d_0000016__0_250,8,s_16_32,396.0013427734375,0.0,0.0,7.0,0.32980550305443085,0.0,0.24465,1,0,stable
9999994_00000_d_0000016__0_250,9,t_8_16,64.0,0.0,0.0,2.0,0.9932812435706184,0.6781214087378911,0.87128,0,0,stable
9999994_00000_d_0000016__0_250,10,t_8_16,196.0,0.0,0.0,2.0,0.7288068567321578,0.0,0.87128,1,0,stable
9999994_00000_d_0000016__0_250,12,t_8_16,140.0,0.0,0.0,1.0,,0.7728727079396822,0.87128,0,1,stable
9999994_00000_d_0000016__0_250,14,t_8_16,100.0,0.0,0.0,2.0,0.994614756771875,0.7812661314499567,0.87128,0,1,stable
9999994_00000_d_0000016__0_250,15,t_8_16,64.0,0.0,0.0,1.0,,0.8574137112844156,0.87128,0,1,stable
9999994_00000_d_0000016__0_250,16,t_8_16,64.0,0.25,0.25,1.0,,0.6644972266207039,0.87128,0,0,mild
9999994_00000_d_0000016__0_250,17,t_8_16,95.999267578125,0.5,0.0,2.0,0.9984514114912322,0.57752946012394,0.87128,0,0,mild
9999994_00000_d_0000016__0_250,18,t_8_16,96.0,0.75,0.75,0.0,,0.6438366677956203,0.87128,0,0,high
9999994_00000_d_0000016__0_250,19,t_8_16,95.99951171875,0.0,0.0,0.0,0.9997397221774109,0.3939423148652254,0.87128,1,0,stable
9999994_00000_d_0000016__0_250,20,t_8_16,96.0,0.25,0.25,0.0,,0.45039277304615094,0.87128,1,0,mild
9999994_00000_d_0000016__0_250,21,t_8_16,80.0,0.25,0.25,2.0,0.929628863441136,0.6353166622560341,0.87128,0,0,mild
9999994_00000_d_0000016__0_250,22,t_8_16,80.0,0.5,0.25,2.0,0.329094033630383,0.3984594982579951,0.87128,1,0,mild
9999994_00000_d_0000016__0_250,23,t_8_16,100.0,0.25,0.25,1.0,0.9998689832173528,0.5088346560017248,0.87128,0,0,mild
9999994_00000_d_0000016__0_250,24,t_8_16,120.0,0.75,0.75,1.0,0.33981652219427,0.6736277053867264,0.87128,0,0,high
9999994_00000_d_0000016__0_250,26,t_8_16,80.0,0.0,0.0,0.0,,0.4723893993473184,0.87128,1,0,stable
9999994_00000_d_0000016__0_250,27,t_8_16,64.0,0.25,0.25,1.0,,0.0,0.87128,1,0,mild
9999994_00000_d_0000016__0_250,28,t_8_16,80.0,0.5,0.5,0.0,,0.42105629999999894,0.87128,1,0,mild
9999994_00000_d_0000016__0_250,31,t_8_16,120.0,0.0,0.0,1.0,,0.55189632320177,0.87128,0,0,stable
9999994_00000_d_0000016__0_250,32,t_8_16,120.000732421875,0.0,0.0,1.0,0.34324744768471493,0.5855519500000048,0.87128,0,0,stable
9999994_00000_d_0000016__0_250,44,t_8_16,80.00048828125,0.5,0.0,2.0,0.23524483026573884,0.3908401875000026,0.87128,1,0,mild
9999994_00000_d_0000016__0_250,46,t_8_16,64.0,0.0,0.0,0.0,,0.0,0.87128,1,0,stable
9999994_00000_d_0000027__0_0,8,t_8_16,128.0,0.25,0.25,2.0,0.9987437175526473,0.4319641976118668,0.87294,1,0,mild
9999994_00000_d_0000027__0_0,12,t_8_16,192.0,0.0,0.0,2.0,0.9921181591522816,0.7641168037855324,0.87294,0,1,stable
9999994_00000_d_0000027__0_0,13,t_8_16,80.0,0.0,0.0,1.0,,0.6747128906457697,0.87294,0,0,stable
9999994_00000_d_0000027__0_0,15,t_8_16,80.0,0.0,0.0,1.0,,0.7625376846075164,0.87294,0,1,stable
9999994_00000_d_0000027__0_0,16,t_8_16,120.0,0.0,0.0,2.0,0.9201072964647582,0.7882220213197719,0.87294,0,1,stable
9999994_00000_d_0000027__0_0,17,t_8_16,140.0,0.0,0.0,4.0,0.9831601055977159,0.9267572866067723,0.87294,0,1,stable
9999994_00000_d_0000027__0_0,18,t_8_16,216.0,0.0,0.0,5.0,0.48208826371117464,0.7971141944444483,0.87294,0,1,stable
9999994_00000_d_0000027__0_0,19,s_16_32,280.0,0.25,0.0,8.0,0.9499901909714737,0.5526915488584797,0.87294,0,0,mild
9999994_00000_d_0000027__0_0,20,s_16_32,320.0,0.0,0.0,6.0,0.16073077139546865,0.8096715571626838,0.87294,0,1,stable
9999994_00000_d_0000027__0_0,21,s_16_32,384.0,0.0,0.0,7.0,0.9772406611266014,0.8748868354383521,0.87294,0,1,stable
9999994_00000_d_0000027__0_0,22,s_16_32,364.0008544921875,0.0,0.0,3.0,0.8136624090397809,0.6837518992455739,0.87294,0,0,stable
9999994_00000_d_0000027__0_0,23,s_16_32,300.0,0.25,0.0,4.0,0.7160365575881767,0.6431565140634035,0.87294,0,0,mild
9999994_00000_d_0000027__0_0,25,t_8_16,80.0,0.0,0.0,2.0,0.9459253540598127,0.6715779069951611,0.87294,0,0,stable
9999994_00000_d_0000027__0_0,26,t_8_16,84.0,0.25,0.0,4.0,0.8194878770148321,0.39643989913994676,0.87294,1,0,mild
9999994_00000_d_0000027__0_0,27,s_16_32,320.0,0.0,0.0,3.0,0.8422891563432169,0.7729493758827354,0.87294,0,1,stable
9999994_00000_d_0000027__0_0,28,t_8_16,192.0,0.0,0.0,2.0,0.5000721942550742,0.6744737945150948,0.87294,0,0,stable
9999994_00000_d_0000027__0_0,29,t_8_16,240.0,0.25,0.25,3.0,0.15845030120399908,0.77504074626122,0.87294,0,1,mild
9999994_00000_d_0000027__0_0,30,t_8_16,240.0,0.25,0.0,3.0,0.639438905994253,0.8193567290400364,0.87294,0,1,mild
9999994_00000_d_0000027__0_0,31,t_8_16,176.0,0.0,0.0,1.0,0.9950622745729741,0.8441081720020503,0.87294,0,1,stable
9999994_00000_d_0000027__0_0,32,s_16_32,511.9990234375,0.0,0.0,7.0,0.4829842983010424,0.4666845390625,0.87294,1,0,stable
9999994_00000_d_0000027__0_0,33,t_8_16,240.0,0.25,0.0,4.0,0.8220801006020765,0.8373924730218224,0.87294,0,1,mild
9999994_00000_d_0000027__0_0,34,t_8_16,159.99951171875,0.25,0.25,3.0,0.4766388304008902,0.8690303837123653,0.87294,0,1,mild
9999994_00000_d_0000027__0_0,35,t_8_16,144.0,0.5,0.5,0.0,0.9226266561411958,0.8627776693369689,0.87294,0,1,mild
9999994_00000_d_0000027__0_0,36,t_8_16,180.0,0.25,0.25,2.0,0.5681465664818304,0.8018418173644756,0.87294,0,1,mild
9999994_00000_d_0000027__0_0,37,t_8_16,159.99951171875,0.25,0.25,4.0,0.5364636736721766,0.7548147594862814,0.87294,0,1,mild
9999994_00000_d_0000027__0_0,38,t_8_16,120.000732421875,0.0,0.0,1.0,,0.6912841632521911,0.87294,0,0,stable
9999994_00000_d_0000027__0_0,39,t_8_16,64.0,0.0,0.0,1.0,,0.8655398917402676,0.87294,0,1,stable
9999994_00000_d_0000027__0_0,40,t_8_16,64.0,0.25,0.0,1.0,,0.8411172656250074,0.87294,0,1,mild
9999994_00000_d_0000027__0_0,41,t_8_16,160.0,0.0,0.0,3.0,0.903110712681012,0.6230511704316433,0.87294,0,0,stable
9999994_00000_d_0000027__0_0,43,t_8_16,72.0,0.0,0.0,2.0,0.8525425444866412,0.6106585553129501,0.87294,0,0,stable
9999994_00000_d_0000027__0_0,44,t_8_16,84.0,0.25,0.25,3.0,0.801894009176185,0.6741620480078765,0.87294,0,0,mild
9999994_00000_d_0000027__0_0,45,t_8_16,240.0,0.0,0.0,5.0,0.7724785276048565,0.7173903670965013,0.87294,0,0,stable
9999994_00000_d_0000027__0_0,46,t_8_16,72.0,0.0,0.0,3.0,0.9492487674389102,0.5938132382381213,0.87294,0,0,stable
9999994_00000_d_0000027__0_0,47,t_8_16,72.0,0.25,0.0,3.0,0.8299015752188182,0.8820247013432028,0.87294,0,1,mild
9999994_00000_d_0000027__0_0,48,t_8_16,84.0,0.25,0.0,2.0,0.48958333922851643,0.8845517289725493,0.87294,0,1,mild
9999994_00000_d_0000027__0_0,50,t_8_16,200.0,0.0,0.0,4.0,0.9915197082412787,0.8564867829219355,0.87294,0,1,stable
9999994_00000_d_0000027__0_0,51,s_16_32,676.0,0.0,0.0,10.0,0.9809318180655338,0.8488771896685542,0.87294,0,1,stable
9999994_00000_d_0000027__0_0,52,t_8_16,160.0,0.75,0.0,2.0,0.05495330727948767,0.8007400732164554,0.87294,0,1,high
9999994_00000_d_0000027__0_0,53,t_8_16,96.0,0.25,0.25,2.0,0.15609664924551006,0.7206201604954702,0.87294,0,0,mild
9999994_00000_d_0000027__0_0,54,t_8_16,200.0,0.25,0.0,5.0,0.3345888568277458,0.7279285684001787,0.87294,0,0,mild
9999994_00000_d_0000027__0_0,55,t_8_16,160.0,0.0,0.0,2.0,0.9705090891586168,0.8032570312499954,0.87294,0,1,stable
9999994_00000_d_0000027__0_0,56,t_8_16,200.0,0.25,0.0,5.0,0.9031484934127012,0.9186849535795164,0.87294,0,1,mild
9999994_00000_d_0000027__0_0,57,t_8_16,192.0,0.0,0.0,3.0,0.9942990629569703,0.8824320612549458,0.87294,0,1,stable
9999994_00000_d_0000027__0_0,58,t_8_16,128.0,0.0,0.0,2.0,0.7533101387429874,0.818065820112495,0.87294,0,1,stable
9999994_00000_d_0000027__0_0,59,t_8_16,112.0,0.25,0.25,2.0,0.8621860279280557,0.6925086791587193,0.87294,0,0,mild
9999997_00000_d_0000030__600_250,0,t_8_16,255.9990234375,0.0,0.0,5.0,0.992419967139255,0.625894478595801,0.84788,0,0,stable
9999997_00000_d_0000030__600_250,1,t_8_16,167.9991455078125,0.0,0.0,2.0,0.9983466186560298,0.6665497490217225,0.84788,0,0,stable
9999997_00000_d_0000030__600_250,2,t_8_16,224.0,0.0,0.0,4.0,0.9748882326333046,0.8437626521150556,0.84788,0,1,stable
9999997_00000_d_0000030__600_250,3,t_8_16,100.0,0.25,0.0,2.0,0.9940297519228946,0.8235665850058534,0.84788,0,1,mild
9999997_00000_d_0000041__600_0,1,t_8_16,240.00146484375,0.0,0.0,7.0,0.9353235822568163,0.8239414166356734,0.88036,0,1,stable
9999997_00000_d_0000041__600_0,2,t_8_16,96.0009765625,0.25,0.0,4.0,0.32595837120400517,0.8632271041666694,0.88036,0,1,mild
9999997_00000_d_0000041__600_0,3,t_8_16,96.0009765625,0.25,0.0,5.0,0.904624048972514,0.67845184176567,0.88036,0,0,mild
9999997_00000_d_0000041__600_0,4,t_8_16,96.0,0.0,0.0,6.0,0.9282805215162565,0.7246644084132902,0.88036,0,0,stable
9999997_00000_d_0000041__600_0,6,t_8_16,72.0,0.0,0.0,2.0,0.8913931509317369,0.6635167083333354,0.88036,0,0,stable
9999998_00046_d_0000036__0_0,0,t_8_16,108.0,0.25,0.0,3.0,0.9171732278679856,0.7060347419941697,0.05786,0,0,mild
9999998_00046_d_0000036__0_0,2,t_8_16,96.0,0.0,0.0,1.0,,0.6344033245785393,0.05786,0,0,stable
9999998_00048_d_0000038__600_0,0,t_8_16,96.0,0.0,0.0,5.0,0.934626009772104,0.7238654717299222,0.68445,0,0,stable
9999998_00048_d_0000038__600_0,1,t_8_16,104.0,0.0,0.0,2.0,0.9602463617548508,0.7364498599236641,0.68445,0,0,stable
9999998_00048_d_0000038__600_0,2,t_8_16,114.0,0.3333333333333333,0.0,5.0,0.459650251374695,0.7001426522276695,0.68445,0,0,mild
9999998_00048_d_0000038__600_0,3,t_8_16,120.0,0.0,0.0,2.0,0.9028952250536619,0.7953750951923668,0.68445,0,1,stable
9999998_00048_d_0000038__600_0,4,s_16_32,560.0,0.0,0.0,10.0,0.8899871992951283,0.8530766515081541,0.85692,0,1,stable
9999998_00048_d_0000038__600_0,5,t_8_16,140.0,0.25,0.0,3.0,0.1821055090951909,0.7238798758923839,0.68445,0,0,mild
9999998_00048_d_0000038__600_0,6,t_8_16,168.0,0.0,0.0,4.0,0.4423260762673234,0.0,0.85692,1,0,stable
9999998_00048_d_0000038__600_0,7,t_8_16,128.0,0.5,0.25,3.0,0.11280895541981249,0.838113947294064,0.68445,0,1,mild
9999998_00126_d_0000104__1200_0,0,s_16_32,884.0,0.0,0.0,10.0,0.9962428423097767,0.8557929145864457,0.89224,0,1,stable
9999998_00126_d_0000104__1200_0,1,s_16_32,832.0,0.0,0.0,10.0,0.9764830283417946,0.8598106182992301,0.89224,0,1,stable
9999998_00126_d_0000104__1200_0,3,s_16_32,832.0,0.0,0.0,10.0,0.7745719321161593,0.9211134070807774,0.89224,0,1,stable
9999998_00126_d_0000104__1200_0,4,s_16_32,870.0,0.0,0.0,10.0,0.9889388364964876,0.7186046307131396,0.89224,0,0,stable
9999998_00126_d_0000104__1200_0,5,s_16_32,960.0,0.0,0.0,10.0,0.9956974946053669,0.8559086684376439,0.89224,0,1,stable
9999998_00126_d_0000104__1200_0,6,s_16_32,783.998291015625,0.0,0.0,10.0,0.9944440803993367,0.8052231421144612,0.89224,0,1,stable
9999998_00126_d_0000104__1200_0,7,s_16_32,727.9985351487994,0.0,0.0,10.0,0.994504864668813,0.8888000280371273,0.89224,0,1,stable
9999998_00126_d_0000104__1200_0,8,s_16_32,783.99658203125,0.0,0.0,10.0,0.994485796112278,0.8318869276408318,0.89224,0,1,stable
9999998_00126_d_0000104__1200_0,9,s_16_32,616.0,0.0,0.0,9.0,0.9011423124238084,0.8198058182780408,0.89224,0,1,stable
9999998_00126_d_0000104__1200_0,10,s_16_32,480.0,0.0,0.0,8.0,0.994845560711299,0.8647694784541768,0.89224,0,1,stable
9999998_00126_d_0000104__1200_0,11,s_16_32,624.0,0.0,0.0,8.0,0.9935417911371284,0.8267177523337267,0.89224,0,1,stable
9999998_00126_d_0000104__1200_0,12,s_16_32,727.9985351487994,0.0,0.0,10.0,0.9938091337773707,0.866133515035357,0.89224,0,1,stable
9999998_00126_d_0000104__1200_0,13,s_16_32,520.0,0.0,0.0,10.0,0.9950594399826649,0.7894129245121397,0.89224,0,1,stable
9999998_00126_d_0000104__1200_0,14,s_16_32,480.0,0.0,0.0,10.0,0.9966800650863733,0.8716088608940394,0.89224,0,1,stable
9999998_00126_d_0000104__1200_0,15,s_16_32,576.0,0.0,0.0,10.0,0.997406095334941,0.917049247316242,0.89224,0,1,stable
9999998_00126_d_0000104__1200_0,16,s_16_32,396.0,0.0,0.0,8.0,0.9942667605294101,0.7965920548793372,0.89224,0,1,stable
9999998_00126_d_0000104__1200_0,17,s_16_32,440.0,0.0,0.0,10.0,0.9977409087444705,0.9713684421263423,0.89224,0,1,stable
9999998_00126_d_0000104__1200_0,18,s_16_32,440.0,0.0,0.0,8.0,0.991844929516948,0.8128101291842695,0.89224,0,1,stable
9999998_00126_d_0000104__1200_0,19,s_16_32,431.9989013671875,0.0,0.0,8.0,0.7196201562692424,0.8052715705333432,0.89224,0,1,stable
9999998_00126_d_0000104__1200_0,20,s_16_32,396.0,0.0,0.0,5.0,0.9952270713733304,0.8552641487574668,0.89224,0,1,stable
9999998_00126_d_0000104__1200_0,21,s_16_32,360.0,0.0,0.0,5.0,0.9951905432523429,0.8098255531839086,0.89224,0,1,stable
9999998_00126_d_0000104__1200_0,22,s_16_32,360.0,0.0,0.0,6.0,0.98587264991403,0.8403299238599876,0.89224,0,1,stable
9999998_00126_d_0000104__1200_0,23,s_16_32,400.0,0.0,0.0,10.0,0.9978943076342056,0.8774721404959976,0.89224,0,1,stable
9999998_00126_d_0000104__1200_0,24,s_16_32,323.99945068359375,0.0,0.0,5.0,0.9959295674708436,0.864953666102154,0.89224,0,1,stable
9999998_00126_d_0000104__1200_0,25,s_16_32,360.0,0.0,0.0,5.0,0.8346827594793645,0.7710921773918588,0.89224,0,1,stable
9999998_00126_d_0000104__1200_0,26,s_16_32,256.0,0.0,0.0,3.0,0.9986485589136113,0.8654767920437368,0.89224,0,1,stable
9999998_00126_d_0000104__1200_0,27,t_8_16,224.0,0.0,0.0,4.0,0.9712658235188925,0.8515729730967103,0.89224,0,1,stable
9999998_00126_d_0000104__1200_0,28,s_16_32,256.0,0.0,0.0,3.0,0.9926140641863508,0.7883618107558998,0.89224,0,1,stable
9999998_00126_d_0000104__1200_0,29,t_8_16,196.0,0.0,0.0,4.0,0.9784351939671867,0.7677440132547506,0.89224,0,1,stable
9999998_00126_d_0000104__1200_0,30,s_16_32,440.0,0.0,0.0,7.0,0.8661020095231771,0.6380922479904986,0.89224,0,0,stable
9999998_00126_d_0000104__1200_0,31,s_16_32,399.998779296875,0.0,0.0,6.0,0.1687057833726159,0.7721499831912356,0.89224,0,1,stable
9999998_00126_d_0000104__1200_0,32,s_16_32,360.0,0.0,0.0,6.0,0.9634304489168993,0.7692552763757954,0.89224,0,1,stable
9999998_00126_d_0000104__1200_0,33,s_16_32,288.0,0.0,0.0,5.0,0.9619249737366472,0.7775785274799951,0.89224,0,1,stable
9999998_00126_d_0000104__1200_0,34,s_16_32,287.9998779259622,0.0,0.0,4.0,0.6860573111326901,0.7892761990305676,0.89224,0,1,stable
9999998_00126_d_0000104__1200_0,35,t_8_16,224.0,0.0,0.0,5.0,0.9529928715727727,0.7636053228684556,0.89224,0,1,stable
9999998_00126_d_0000104__1200_0,36,t_8_16,127.9990234375,0.0,0.0,5.0,0.6792277768476418,0.683891138591045,0.69679,0,0,stable
9999998_00126_d_0000104__1200_0,37,t_8_16,96.0,0.25,0.25,3.0,0.7040524321048792,0.6910192444761108,0.69679,0,0,mild
9999998_00126_d_0000104__1200_0,38,t_8_16,112.0,0.0,0.0,3.0,0.8435890786999493,0.7468968491585405,0.69679,0,0,stable
9999998_00126_d_0000104__1200_0,39,t_8_16,196.0,0.0,0.0,4.0,0.9790002055470582,0.7917794985271802,0.89224,0,1,stable
9999998_00126_d_0000104__1200_0,40,t_8_16,252.0,0.0,0.0,5.0,0.9876961950021216,0.8943365093932535,0.89224,0,1,stable
9999998_00126_d_0000104__1200_0,41,t_8_16,224.0,0.0,0.0,5.0,0.9775469607249077,0.7789268453709199,0.89224,0,1,stable
9999998_00126_d_0000104__1200_0,42,t_8_16,196.0,0.0,0.0,4.0,0.9748046474273934,0.7375005102299448,0.89224,0,0,stable
9999998_00126_d_0000104__1200_0,43,t_8_16,252.0,0.0,0.0,3.0,0.9972123150663061,0.7592395498789489,0.89224,0,1,stable
9999998_00126_d_0000104__1200_0,44,t_8_16,223.9990234375,0.0,0.0,5.0,0.9725318845403279,0.8182629826581225,0.89224,0,1,stable
9999998_00126_d_0000104__1200_0,45,t_8_16,196.0,0.0,0.0,5.0,0.9787277321587418,0.8085051979261525,0.89224,0,1,stable
9999998_00126_d_0000104__1200_0,46,t_8_16,144.0,0.25,0.0,3.0,0.8937535475402903,0.6700876789155226,0.89224,0,0,mild
9999998_00126_d_0000104__1200_0,47,t_8_16,196.0,0.0,0.0,5.0,0.9767555077396344,0.8911543477224576,0.89224,0,1,stable
9999998_00126_d_0000104__1200_0,48,s_16_32,540.0,0.0,0.0,10.0,0.9900758108760932,0.7513357117285396,0.89224,0,1,stable
9999998_00126_d_0000104__1200_0,49,t_8_16,168.0,0.0,0.0,5.0,0.9193367149272709,0.8175444919276089,0.89224,0,1,stable
9999998_00126_d_0000104__1200_0,50,t_8_16,196.0,0.0,0.0,3.0,0.7101158842631229,0.7343732242011614,0.89224,0,0,stable
9999998_00126_d_0000104__1200_0,51,t_8_16,167.999267578125,0.0,0.0,5.0,0.9606810859993675,0.7593278940392237,0.89224,0,1,stable
9999998_00126_d_0000104__1200_0,52,t_8_16,144.0,0.0,0.0,2.0,0.9236578347317205,0.8333722955600275,0.89224,0,1,stable
9999998_00126_d_0000104__1200_0,53,s_16_32,816.0,0.0,0.0,10.0,0.9916635449632613,0.8645810710250201,0.89224,0,1,stable
9999998_00126_d_0000104__1200_0,54,s_16_32,324.0,0.0,0.0,6.0,0.9862932034619384,0.8591218801200662,0.89224,0,1,stable
9999998_00126_d_0000104__1200_0,55,t_8_16,255.9990234375,0.0,0.0,5.0,0.9301813030343908,0.8214042305840469,0.89224,0,1,stable
9999998_00126_d_0000104__1200_0,56,s_16_32,308.0,0.5,0.0,7.0,0.03221230350182203,0.7688934058484748,0.89224,0,1,mild
9999998_00126_d_0000104__1200_0,57,s_16_32,324.0010986328125,0.0,0.0,5.0,0.97780231814593,0.8654100110078274,0.89224,0,1,stable
9999998_00126_d_0000104__1200_0,58,s_16_32,324.0,0.0,0.0,6.0,0.6839075627871267,0.7159402141852776,0.89224,0,0,stable
9999998_00126_d_0000104__1200_0,59,s_16_32,360.0,0.0,0.0,5.0,0.8559909300133376,0.8570064357518591,0.89224,0,1,stable
9999998_00126_d_0000104__1200_0,60,s_16_32,256.0,0.25,0.0,5.0,0.35951506861666427,0.6848943792144727,0.89224,0,0,mild
9999998_00126_d_0000104__1200_0,61,t_8_16,192.0,0.0,0.0,3.0,0.9727558433826975,0.7713035470226619,0.89224,0,1,stable
9999998_00126_d_0000104__1200_0,62,t_8_16,144.0,0.5,0.25,3.0,0.599226226475462,0.7960788952474078,0.89224,0,1,mild
9999998_00126_d_0000104__1200_0,63,t_8_16,120.0,0.0,0.0,1.0,,0.7022528799444289,0.89224,0,0,stable
9999998_00126_d_0000104__1200_0,64,t_8_16,120.0,0.0,0.0,3.0,0.7920571979477344,0.8118135043733711,0.89224,0,1,stable
9999998_00126_d_0000104__1200_0,65,t_8_16,120.0,0.0,0.0,2.0,0.9942265724022034,0.7523075172517774,0.89224,0,1,stable
9999998_00126_d_0000104__1200_0,66,t_8_16,100.0,0.0,0.0,1.0,,0.6750338176301618,0.89224,0,0,stable
9999998_00126_d_0000104__1200_0,67,t_8_16,128.0,0.0,0.0,3.0,0.8787408911944156,0.7168758931275884,0.69679,0,0,stable
9999998_00126_d_0000104__1200_0,68,t_8_16,179.99972534179688,0.25,0.0,3.0,0.4718943467039858,0.7985759960492589,0.69679,0,1,mild
9999998_00126_d_0000104__1200_0,69,t_8_16,224.0,0.0,0.0,4.0,0.966647164753411,0.7256950406879887,0.89224,0,0,stable
9999998_00126_d_0000104__1200_0,70,t_8_16,195.9991455078125,0.25,0.25,4.0,0.21334083482845814,0.6214348707868002,0.89224,0,0,mild
9999998_00126_d_0000104__1200_0,71,t_8_16,100.0,0.25,0.0,3.0,0.7919014736691867,0.626309570422255,0.89224,0,0,mild
9999998_00126_d_0000104__1200_0,72,t_8_16,80.0,0.5,0.5,0.0,,0.7935695492139322,0.89224,0,1,mild
9999998_00126_d_0000104__1200_0,73,t_8_16,80.0,0.25,0.25,2.0,0.7073754871861351,0.804886606651227,0.89224,0,1,mild
9999998_00126_d_0000104__1200_0,74,t_8_16,100.0,0.0,0.0,1.0,,0.7322222085095039,0.89224,0,0,stable
9999998_00126_d_0000104__1200_0,75,t_8_16,224.0,0.0,0.0,2.0,0.8251970788283094,0.5922769046985219,0.89224,0,0,stable
9999998_00126_d_0000104__1200_0,76,t_8_16,224.0,0.25,0.0,4.0,0.2011305757602308,0.7127437089167777,0.89224,0,0,mild
9999998_00126_d_0000104__1200_0,77,t_8_16,144.0,0.25,0.0,1.0,,0.690681586796531,0.89224,0,0,mild
9999998_00126_d_0000104__1200_0,78,t_8_16,120.0,0.5,0.0,5.0,0.4313348827269151,0.8557638419058542,0.89224,0,1,mild
9999998_00126_d_0000104__1200_0,79,t_8_16,95.999267578125,0.25,0.0,4.0,0.6771378617623588,0.8488518010097654,0.69679,0,1,mild
9999998_00126_d_0000104__1200_0,80,t_8_16,84.0008544921875,0.0,0.0,3.0,0.9547761945657857,0.5847109970383908,0.69679,0,0,stable
9999998_00126_d_0000104__1200_0,81,t_8_16,210.0,0.25,0.25,4.0,0.4748826831773125,0.654392794935519,0.89224,0,0,mild
9999998_00126_d_0000104__1200_0,82,t_8_16,120.0,0.0,0.0,2.0,0.7576170165630947,0.6025386287074318,0.89224,0,0,stable
9999998_00126_d_0000104__1200_0,83,t_8_16,167.999267578125,0.0,0.0,3.0,0.9805938861312338,0.7547973273809478,0.89224,0,1,stable
9999998_00126_d_0000104__1200_0,84,t_8_16,120.0,0.0,0.0,1.0,,0.6776620364487523,0.89224,0,0,stable
9999998_00126_d_0000104__1200_0,85,t_8_16,143.0,0.0,0.0,3.0,0.9170660100824516,0.7298909520411051,0.89224,0,0,stable
9999998_00126_d_0000104__1200_0,86,t_8_16,110.0,0.0,0.0,2.0,0.9808343593834381,0.6301002843349945,0.89224,0,0,stable
9999998_00126_d_0000104__1200_0,87,t_8_16,121.00033569335938,0.25,0.0,2.0,0.6253343771553016,0.8341881717525745,0.89224,0,1,mild
9999998_00126_d_0000104__1200_0,88,t_8_16,140.0,0.0,0.0,2.0,0.9759570517145053,0.6423275790847802,0.89224,0,0,stable
9999998_00126_d_0000104__1200_0,89,t_8_16,110.00030517578125,0.0,0.0,2.0,0.8194327134078412,0.731473973907176,0.89224,0,0,stable
9999998_00126_d_0000104__1200_0,90,t_8_16,120.0,0.25,0.0,1.0,,0.7630519252882891,0.89224,0,1,mild
9999998_00126_d_0000104__1200_0,91,t_8_16,77.0,0.0,0.0,3.0,0.8863564143435061,0.6257296955073907,0.89224,0,0,stable
9999998_00126_d_0000104__1200_0,92,t_8_16,99.00027465820312,0.0,0.0,1.0,,0.6734814870856187,0.89224,0,0,stable
9999998_00126_d_0000104__1200_0,93,t_8_16,132.0,0.0,0.0,1.0,,0.6379903333333333,0.89224,0,0,stable
99__1200_1800,0,t_8_16,216.0,0.0,0.0,4.0,0.9812895266067656,0.7093505908513786,0.80228,0,0,stable
99__1200_1800,1,t_8_16,168.0,0.0,0.0,5.0,0.9363695220543233,0.9123658840750555,0.80228,0,1,stable
99__1200_1800,2,s_16_32,384.0,0.0,0.0,6.0,0.16689721965871898,0.8355858746330219,0.80228,0,1,stable
99__1200_1800,3,t_8_16,224.0,0.0,0.0,3.0,0.982188890491981,0.819662086033786,0.80228,0,1,stable
99__1200_1800,4,t_8_16,160.0,0.25,0.25,4.0,0.9888351985163977,0.6955913320655234,0.80228,0,0,mild
99__1200_1800,5,t_8_16,179.99945068359375,0.0,0.0,3.0,0.9969333152349786,0.7986768976216123,0.80228,0,1,stable
99__1200_1800,6,s_16_32,307.9986572265625,0.0,0.0,5.0,0.9781254824026367,0.7228305974025981,0.80228,0,0,stable
99__1200_1800,7,t_8_16,70.0,0.0,0.0,3.0,0.9544539633783231,0.5722311616178465,0.80228,0,0,stable
99__1200_1800,8,t_8_16,100.0,0.25,0.0,2.0,0.6607744862902024,0.8628744271512364,0.80228,0,1,mild
99__1200_1800,9,t_8_16,83.99981689453125,0.0,0.0,4.0,0.9838841812716076,0.638068466339897,0.80228,0,0,stable
99__1200_1800,10,t_8_16,90.0,0.5,0.0,1.0,,0.6407536832965861,0.80228,0,0,mild
99__1200_1800,11,t_8_16,96.0,0.0,0.0,1.0,,0.7144934585655307,0.80228,0,0,stable
99__1200_1800,12,t_8_16,120.0,0.0,0.0,2.0,0.8323738884503987,0.0,0.80228,1,0,stable
99__1200_1800,13,t_8_16,110.0,0.0,0.0,1.0,,0.6411843379867382,0.80228,0,0,stable
99__1200_1800,14,t_8_16,224.0,0.0,0.0,4.0,0.6542008322600718,0.7028190000000046,0.80228,0,0,stable
99__1200_1800,15,t_8_16,96.0,0.0,0.0,2.0,0.9458958801231926,0.6950975666458823,0.80228,0,0,stable
99__1200_1800,16,t_8_16,120.0,0.0,0.0,2.0,0.9351173325513998,0.7468087116700218,0.80228,0,0,stable
99__1200_1800,17,t_8_16,160.0,0.0,0.0,3.0,0.9199427797199601,0.7766175453052323,0.80228,0,1,stable
99__1200_1800,18,t_8_16,203.99996757507324,0.0,0.0,3.0,0.8725579471176038,0.4843261813022236,0.80228,1,0,stable
9ca7e6f4e,0,t_8_16,70.0,0.25,0.0,5.0,0.39700980569083083,0.910926958770775,0.79959,0,1,mild
9ca7e6f4e,1,t_8_16,77.0,0.0,0.0,2.0,0.953281774127648,0.8470171307126494,0.79959,0,1,stable
9ca7e6f4e,2,t_8_16,66.0,0.0,0.0,4.0,0.9920981037902539,0.7869833636363693,0.79959,0,1,stable
9d82ae2bc,0,t_8_16,110.0,0.25,0.0,1.0,,0.8657203244860225,0.58494,0,1,mild
P0823__1.0__0___0,0,t_8_16,180.0010986328125,0.0,0.0,5.0,0.9845083949951514,0.8048681222694025,0.86955,0,1,stable
P0823__1.0__0___0,1,t_8_16,190.00115966796875,0.0,0.0,3.0,0.9990662857387703,0.7850197263157863,0.86955,0,1,stable
P0823__1.0__0___0,2,t_8_16,180.0,0.0,0.0,3.0,0.9950370495203626,0.7562685391825615,0.86955,0,1,stable
P0823__1.0__0___0,3,t_8_16,210.0,0.0,0.0,4.0,0.9651557280478539,0.7613309803473606,0.86955,0,1,stable
P0823__1.0__0___0,4,t_8_16,180.0,0.0,0.0,4.0,0.9910998935941632,0.7506368915459304,0.86955,0,1,stable
P0823__1.0__0___0,5,s_16_32,450.0,0.0,0.0,4.0,0.6967967709303494,0.0,0.86738,1,0,stable
P0823__1.0__0___0,6,t_8_16,180.0,0.0,0.0,2.0,0.9641117116225312,0.741889947864534,0.86955,0,0,stable
P0823__1.0__0___0,7,t_8_16,247.0001983642578,0.0,0.0,6.0,0.4627295691180165,0.7014564499465646,0.86955,0,0,stable
P0823__1.0__0___0,8,t_8_16,209.0,0.25,0.0,4.0,0.23522618226252023,0.8154374561519478,0.86955,0,1,mild
P0823__1.0__0___0,9,t_8_16,220.0,0.0,0.0,4.0,0.9961922120084574,0.8382276000000003,0.86955,0,1,stable
P0823__1.0__0___0,10,s_16_32,315.0,0.0,0.0,7.0,0.9668113611315434,0.8489655198315162,0.86955,0,1,stable
P0823__1.0__0___0,11,t_8_16,171.0,0.0,0.0,4.0,0.9702954058276931,0.7984193782261874,0.86955,0,1,stable
P0823__1.0__0___0,12,s_16_32,340.0,0.0,0.0,5.0,0.9540706761920456,0.7837057379076798,0.86955,0,1,stable
P0823__1.0__0___0,13,t_8_16,252.99932861328125,0.0,0.0,4.0,0.9859022574378188,0.8511859983078104,0.86955,0,1,stable
P0823__1.0__0___0,14,s_16_32,315.0,0.0,0.0,5.0,0.9889319601134784,0.8790407746031729,0.86955,0,1,stable
P0823__1.0__0___0,15,s_16_32,374.0,0.0,0.0,6.0,0.9923451131616494,0.7390694251336867,0.86955,0,0,stable
P0823__1.0__0___0,16,t_8_16,240.0,0.0,0.0,4.0,0.9612465997183347,0.8616019269640319,0.86955,0,1,stable
P0823__1.0__0___0,17,s_16_32,314.99975967407227,0.0,0.0,5.0,0.9951775065082625,0.8750970972044676,0.86955,0,1,stable
P0823__1.0__0___0,18,s_16_32,351.9998321533203,0.0,0.0,6.0,0.9975112404613851,0.9113167494508296,0.86955,0,1,stable
P0823__1.0__0___0,19,t_8_16,220.0,0.0,0.0,4.0,0.9951497640222196,0.814672857971216,0.86955,0,1,stable
P0823__1.0__0___0,20,t_8_16,175.9990234375,0.0,0.0,5.0,0.9622004737165962,0.8017340749627808,0.86955,0,1,stable
P0823__1.0__0___0,21,t_8_16,119.9996337890625,0.0,0.0,5.0,0.9943635585190969,0.8383994201505118,0.86955,0,1,stable
P0823__1.0__0___0,22,s_16_32,339.99896240234375,0.0,0.0,6.0,0.9867476258176456,0.7796850458942876,0.86955,0,1,stable
P0823__1.0__0___0,23,s_16_32,504.0,0.0,0.0,4.0,0.9968659853606092,0.7469963040432234,0.86955,0,0,stable
P0823__1.0__0___0,24,s_16_32,378.0,0.0,0.0,5.0,0.9955546976096029,0.7887864682539661,0.86955,0,1,stable
P0823__1.0__0___0,25,t_8_16,209.99969482421875,0.0,0.0,4.0,0.9949652726007753,0.8520715904761846,0.86955,0,1,stable
P0823__1.0__0___0,26,s_16_32,266.0,0.0,0.0,3.0,0.4593333078398682,0.9184319098485983,0.86955,0,1,stable
P0823__1.0__0___0,27,t_8_16,247.0,0.0,0.0,5.0,0.6447488711958572,0.8259968719905942,0.86955,0,1,stable
P0823__1.0__0___0,28,s_16_32,260.0,0.0,0.0,4.0,0.9957398747349296,0.8718025875892672,0.86955,0,1,stable
P0823__1.0__0___0,29,t_8_16,242.0,0.0,0.0,4.0,0.9946046110593431,0.8372011681350197,0.86955,0,1,stable
P0823__1.0__0___0,30,t_8_16,190.0,0.0,0.0,3.0,0.9729669500062009,0.7365585720254743,0.86955,0,0,stable
P0823__1.0__0___0,31,t_8_16,184.0,0.0,0.0,3.0,0.9870089484449449,0.7255629863045918,0.86955,0,0,stable
P0823__1.0__0___0,32,t_8_16,190.0,0.0,0.0,3.0,0.9855763227634633,0.837416068428981,0.86955,0,1,stable
P0823__1.0__0___0,33,t_8_16,144.0,0.0,0.0,3.0,0.9893430453678799,0.7483294894890378,0.86955,0,0,stable
P0823__1.0__0___0,34,t_8_16,200.0,0.0,0.0,2.0,0.9981730443044954,0.7945446600000043,0.86955,0,1,stable
P0823__1.0__0___0,35,t_8_16,168.0,0.5,0.5,1.0,,0.8218557167084147,0.86955,0,1,mild
P0823__1.0__0___0,36,s_16_32,285.0,0.0,0.0,5.0,0.9851442524266669,0.9249007256693893,0.86955,0,1,stable
P0823__1.0__0___0,37,s_16_32,357.0006408691406,0.0,0.0,6.0,0.9936079612216202,0.8626524313725487,0.86955,0,1,stable
P0823__1.0__0___0,38,s_16_32,352.0,0.0,0.0,5.0,0.6898880720658263,0.8382218409090876,0.86955,0,1,stable
P0823__1.0__0___0,39,s_16_32,285.0,0.0,0.0,3.0,0.9756981422063358,0.800063554945263,0.86955,0,1,stable
P0823__1.0__0___0,40,s_16_32,374.99847412109375,0.0,0.0,9.0,0.9986524716286702,0.9440523933769402,0.86955,0,1,stable
P0823__1.0__0___0,41,s_16_32,531.9976806640625,0.0,0.0,8.0,0.9827336631459158,0.8625936090225589,0.86738,0,1,stable
P0823__1.0__0___0,42,s_16_32,660.0,0.0,0.0,9.0,0.9583186547142973,0.9093540438612197,0.86738,0,1,stable
P0823__1.0__0___0,44,s_16_32,962.0,0.0,0.0,10.0,0.9769679945571472,0.8686416105183065,0.86738,0,1,stable
P0823__1.0__0___0,45,s_16_32,300.0,0.0,0.0,3.0,0.9953462175217143,0.727155960669025,0.86738,0,0,stable
P0823__1.0__0___0,46,s_16_32,330.0,0.0,0.0,4.0,0.9882335601900801,0.7947918410121355,0.86738,0,1,stable
P0823__1.0__0___0,47,t_8_16,240.0,0.0,0.0,3.0,0.9947982960372753,0.788628018127609,0.86955,0,1,stable
P0823__1.0__0___0,49,s_16_32,544.0,0.0,0.0,10.0,0.9708035142941321,0.9554272334773308,0.86738,0,1,stable
P0823__1.0__0___0,50,s_16_32,595.0,0.0,0.0,10.0,0.9160668514362444,0.8841000793207112,0.86738,0,1,stable
P0823__1.0__0___0,51,s_16_32,570.0,0.0,0.0,10.0,0.9946956288196149,0.9030331583922954,0.86738,0,1,stable
P0823__1.0__0___0,52,s_16_32,639.998779296875,0.0,0.0,10.0,0.9899512845741959,0.7908353812499967,0.86738,0,1,stable
P0823__1.0__0___0,53,s_16_32,518.0,0.0,0.0,8.0,0.7892841146507045,0.7205079281562796,0.86738,0,0,stable
P0823__1.0__0___0,54,s_16_32,910.0,0.0,0.0,10.0,0.9955998320994479,0.6549543692307697,0.86738,0,0,stable
P0823__1.0__0___0,56,s_16_32,364.0,0.0,0.0,8.0,0.9682886084172428,0.8686562946342712,0.86738,0,1,stable
P0823__1.0__0___0,57,s_16_32,880.0,0.5,0.0,10.0,0.12847651331815735,0.0,0.86738,1,0,mild
P0823__1.0__0___0,59,s_16_32,504.0,0.0,0.0,7.0,0.9923617069874178,0.7833711011904816,0.86738,0,1,stable
P0823__1.0__0___0,60,t_8_16,234.0,0.0,0.0,5.0,0.8491993854015795,0.8542435033839024,0.86955,0,1,stable
P0823__1.0__0___0,61,t_8_16,209.0,0.0,0.0,5.0,0.7908469529736365,0.8615601518057886,0.86955,0,1,stable
P0823__1.0__0___0,62,s_16_32,946.0,0.0,0.0,10.0,0.9312510620948261,0.6669663100715958,0.86738,0,0,stable
P0823__1.0__0___0,63,s_16_32,264.0,0.0,0.0,5.0,0.9955688772148721,0.7487261026697433,0.86955,0,0,stable
P0823__1.0__0___0,64,s_16_32,416.0,0.0,0.0,8.0,0.9968760618348173,0.8534080467185476,0.86738,0,1,stable
P0823__1.0__0___0,65,s_16_32,522.0,0.0,0.0,10.0,0.9912142711619885,0.7845349750706839,0.86738,0,1,stable
P0823__1.0__0___0,66,t_8_16,128.0,0.0,0.0,2.0,0.9883752696294242,0.521749501240669,0.86955,0,0,stable
P0823__1.0__0___0,67,t_8_16,251.99871826171875,0.0,0.0,2.0,0.9920802658218569,0.7701768422954433,0.86955,0,1,stable
P0823__1.0__0___0,68,t_8_16,230.0,0.25,0.0,4.0,0.9433987198810281,0.8422867691978911,0.86955,0,1,mild
P0823__1.0__0___0,69,t_8_16,153.0,0.25,0.0,2.0,0.9943601970738283,0.8673969342763334,0.86955,0,1,mild
P0823__1.0__0___0,70,t_8_16,171.0,0.0,0.0,3.0,0.9926862828298263,0.7815640871037886,0.86955,0,1,stable
P0823__1.0__0___0,71,s_16_32,275.0,0.0,0.0,5.0,0.9959001104848437,0.8200670211520059,0.86955,0,1,stable
P0823__1.0__0___0,72,t_8_16,240.00146484375,0.0,0.0,3.0,0.995216599071147,0.9207765957007706,0.86955,0,1,stable
P0823__1.0__0___0,73,t_8_16,162.0,0.25,0.0,3.0,0.962025157256381,0.8233947306784865,0.86955,0,1,mild
P0823__1.0__0___0,74,t_8_16,180.0010986328125,0.0,0.0,2.0,0.9929375518740757,0.7754089588231352,0.86955,0,1,stable
P0823__1.0__0___0,75,t_8_16,151.99884033203125,0.0,0.0,3.0,0.9958138464725967,0.8259146279599698,0.86955,0,1,stable
P0823__1.0__0___0,76,t_8_16,230.99871826171875,0.0,0.0,4.0,0.9958486442956636,0.7773557922077874,0.86955,0,1,stable
P0823__1.0__0___0,77,t_8_16,209.0,0.0,0.0,2.0,0.9880905892831193,0.7159529799736419,0.86955,0,0,stable
P0823__1.0__0___0,78,t_8_16,210.0,0.25,0.25,5.0,0.9667012701395679,0.7508106558131898,0.86955,0,1,mild
P0823__1.0__0___0,79,t_8_16,242.0,0.0,0.0,3.0,0.9914132468483839,0.8069858777287938,0.86955,0,1,stable
P0823__1.0__0___0,80,t_8_16,220.0006103515625,0.0,0.0,3.0,0.9843105739173316,0.7118597444231397,0.86955,0,0,stable
P0823__1.0__0___0,81,t_8_16,189.00128173828125,0.0,0.0,3.0,0.8607483110545089,0.75199230942188,0.86955,0,1,stable
P0823__1.0__0___0,82,s_16_32,263.9986572265625,0.0,0.0,2.0,0.9741027896940592,0.6466468522727283,0.86955,0,0,stable
P0823__1.0__0___0,83,t_8_16,242.0,0.0,0.0,4.0,0.9883583979553838,0.8051709412752589,0.86955,0,1,stable
P0823__1.0__0___0,84,t_8_16,171.00115966796875,0.0,0.0,2.0,0.9919511159945316,0.84739599452544,0.86955,0,1,stable
P0823__1.0__0___0,85,s_16_32,297.0,0.0,0.0,5.0,0.9974194184556118,0.8789434604449058,0.86955,0,1,stable
P0823__1.0__0___0,86,s_16_32,442.0001983642578,0.0,0.0,9.0,0.9877592421227548,0.8668848575039161,0.86955,0,1,stable
P0823__1.0__0___0,87,s_16_32,442.0,0.0,0.0,8.0,0.9916241003206138,0.885912046625635,0.86955,0,1,stable
P0823__1.0__0___0,88,t_8_16,183.99929809570312,0.0,0.0,8.0,0.9925636070679762,0.6649884573609137,0.86955,0,0,stable
P0823__1.0__0___0,89,t_8_16,234.0,0.0,0.0,4.0,0.9843786103997454,0.646146891252702,0.86955,0,0,stable
P0823__1.0__0___0,90,s_16_32,264.0,0.0,0.0,4.0,0.9528028145740638,0.8786093208194016,0.86955,0,1,stable
P0823__1.0__0___0,91,t_8_16,160.0,0.0,0.0,2.0,0.9987524564137157,0.8407368335095133,0.86955,0,1,stable
P0823__1.0__0___0,92,t_8_16,144.0,0.5,0.5,1.0,,0.8302266321173911,0.86955,0,1,mild
P0823__1.0__0___0,93,t_8_16,136.0,0.25,0.25,3.0,0.9937510041700237,0.8490613340913222,0.86955,0,1,mild
P0823__1.0__0___0,94,t_8_16,153.0,0.0,0.0,3.0,0.9983086770524133,0.8879757906935449,0.86955,0,1,stable
P0823__1.0__0___0,95,t_8_16,160.0,0.0,0.0,3.0,0.9953309908489804,0.8222186198050732,0.86955,0,1,stable
P0823__1.0__0___0,96,t_8_16,170.0,0.0,0.0,3.0,0.9817825625702696,0.8236710281298584,0.86955,0,1,stable
P0823__1.0__0___0,97,t_8_16,144.0,0.25,0.25,3.0,0.9910323436058253,0.8722970856055621,0.86955,0,1,mild
P0823__1.0__0___0,98,t_8_16,200.0,0.0,0.0,4.0,0.9978878551108122,0.6935234561653775,0.86955,0,0,stable
P0823__1.0__0___0,99,s_16_32,378.0,0.0,0.0,5.0,0.9953248472352437,0.7686645502645474,0.86955,0,1,stable
P0823__1.0__0___0,100,s_16_32,575.0,0.0,0.0,10.0,0.9926060894727375,0.7591074608695639,0.86955,0,1,stable
P0823__1.0__0___0,101,s_16_32,540.0,0.0,0.0,10.0,0.9974689711346497,0.8125136388888873,0.86955,0,1,stable
P0823__1.0__0___0,102,s_16_32,499.9992370605469,0.0,0.0,8.0,0.9901962216493189,0.8161588131399639,0.86955,0,1,stable
P0823__1.0__0___0,103,s_16_32,540.0,0.0,0.0,8.0,0.9893057865626222,0.8542829333333353,0.86955,0,1,stable
P0823__1.0__0___0,104,s_16_32,442.00103759765625,0.0,0.0,9.0,0.997800948522231,0.8655447434580866,0.86955,0,1,stable
P0823__1.0__0___0,105,s_16_32,330.0,0.0,0.0,4.0,0.9880685242902013,0.7609752369483086,0.86955,0,1,stable
P0823__1.0__0___0,106,t_8_16,252.0,0.0,0.0,5.0,0.9819137793286234,0.8890068658926367,0.86955,0,1,stable
P0823__1.0__0___0,107,t_8_16,234.0,0.0,0.0,3.0,0.9919630850514989,0.8524272575790312,0.86955,0,1,stable
P0823__1.0__0___0,108,s_16_32,329.9986572265625,0.5,0.5,5.0,0.058453379518791905,0.0,0.86955,1,0,mild
P0823__1.0__0___0,109,s_16_32,336.0,0.0,0.0,6.0,0.9643276264014016,0.7288659804189053,0.86955,0,0,stable
P0823__1.0__0___0,110,t_8_16,128.0,0.0,0.0,2.0,0.9888606079890638,0.8172433755241609,0.86955,0,1,stable
P0823__1.0__0___0,111,t_8_16,147.0,0.0,0.0,6.0,0.6566343803779239,0.739906062728278,0.86955,0,0,stable
P0823__1.0__0___0,112,t_8_16,250.0,0.0,0.0,4.0,0.9489738353069961,0.7004039900448752,0.86955,0,0,stable
P0823__1.0__0___0,113,t_8_16,219.998779296875,0.0,0.0,2.0,0.9935529845740204,0.8274121693978652,0.86955,0,1,stable
P0823__1.0__0___0,114,t_8_16,210.00128173828125,0.0,0.0,2.0,0.9789769612205984,0.78110346889443,0.86955,0,1,stable
P0823__1.0__0___0,115,t_8_16,180.001220703125,0.0,0.0,3.0,0.9959336512292772,0.9209660045628114,0.86955,0,1,stable
P0823__1.0__0___0,116,t_8_16,170.0,0.0,0.0,2.0,0.9961692209345085,0.8025654499206656,0.86955,0,1,stable
P0823__1.0__0___0,117,t_8_16,118.99896240234375,0.0,0.0,5.0,0.9891377368488894,0.6633208093120242,0.86955,0,0,stable
P0823__1.0__0___0,118,t_8_16,180.0,0.0,0.0,3.0,0.9960275927060577,0.8228209185041111,0.86955,0,1,stable
P0823__1.0__0___0,119,t_8_16,247.0,0.0,0.0,6.0,0.9842508508181053,0.8170627774716605,0.86955,0,1,stable
P0823__1.0__0___0,120,t_8_16,162.0,0.0,0.0,2.0,0.989655825408241,0.7526404376718047,0.86955,0,1,stable
P0823__1.0__0___0,121,t_8_16,234.0,0.0,0.0,4.0,0.9973488000081016,0.7719600648586552,0.86955,0,1,stable
P0823__1.0__0___0,122,t_8_16,190.0,0.0,0.0,2.0,0.9912154614656361,0.8192601598818232,0.86955,0,1,stable
P0823__1.0__0___0,123,s_16_32,360.0,0.0,0.0,4.0,0.9928914477043105,0.789499253700387,0.86955,0,1,stable
P0823__1.0__0___0,124,s_16_32,418.0001678466797,0.0,0.0,7.0,0.9963181133350044,0.8918919743238746,0.86955,0,1,stable
P0823__1.0__0___0,125,s_16_32,266.0001449584961,0.0,0.0,5.0,0.9827551567937842,0.8423692362700118,0.86955,0,1,stable
P0823__1.0__0___0,126,s_16_32,420.0,0.0,0.0,8.0,0.9681413206930225,0.633079321428573,0.86955,0,0,stable
P0823__1.0__0___0,127,s_16_32,300.0,0.0,0.0,5.0,0.9987557225429767,0.8882908381438029,0.86955,0,1,stable
P0823__1.0__0___0,128,t_8_16,239.9993896484375,0.0,0.0,5.0,0.9945087669696843,0.8353326210643199,0.86955,0,1,stable
P0823__1.0__0___0,129,t_8_16,153.0,0.25,0.0,3.0,0.992647001952373,0.8347950977427206,0.86955,0,1,mild
P0823__1.0__0___0,130,s_16_32,320.0,0.0,0.0,5.0,0.9723290463659454,0.5754127499999985,0.86955,0,0,stable
P0823__1.0__0___0,131,s_16_32,285.0,0.0,0.0,5.0,0.8633655681561708,0.6797556000000029,0.86955,0,0,stable
P0823__1.0__0___0,132,t_8_16,225.0,0.0,0.0,4.0,0.9771599947389211,0.8411078946138113,0.86955,0,1,stable
P0823__1.0__0___0,133,s_16_32,294.0,0.0,0.0,7.0,0.9781131570106506,0.7103521428571464,0.86955,0,0,stable
P0823__1.0__0___0,134,t_8_16,143.9989013671875,0.0,0.0,5.0,0.9865091028744635,0.7630178645750417,0.86955,0,1,stable
P0823__1.0__0___0,135,t_8_16,189.00128173828125,0.0,0.0,4.0,0.9978016521798472,0.8373902725359845,0.86955,0,1,stable
P0823__1.0__0___0,136,t_8_16,180.0,0.25,0.0,2.0,0.981885429174669,0.9428260321299371,0.86955,0,1,mild
P0823__1.0__0___0,137,s_16_32,360.0,0.0,0.0,4.0,0.9790060127450831,0.8808678759401155,0.86955,0,1,stable
P0823__1.0__0___0,138,s_16_32,285.0,0.0,0.0,4.0,0.9939553253532293,0.8539277920396868,0.86955,0,1,stable
P0823__1.0__0___0,139,s_16_32,285.0,0.0,0.0,5.0,0.8779813620819225,0.9116161852607987,0.86955,0,1,stable
P0823__1.0__0___0,140,t_8_16,198.0,0.0,0.0,3.0,0.9877470151108929,0.7651306418223291,0.86955,0,1,stable
P0823__1.0__0___0,141,t_8_16,180.0,0.25,0.0,2.0,0.98441431938359,0.7910139230456399,0.86955,0,1,mild
P0823__1.0__0___0,142,s_16_32,380.0,0.0,0.0,6.0,0.9971354994773016,0.8572080763157874,0.86955,0,1,stable
P0823__1.0__0___0,143,t_8_16,144.00048828125,0.25,0.25,3.0,0.9870580738705367,0.7677558872647534,0.86955,0,1,mild
P0823__1.0__0___0,144,t_8_16,200.0,0.25,0.0,7.0,0.8075419765466442,0.7982277599999918,0.86955,0,1,mild
P0823__1.0__0___0,145,t_8_16,200.0,0.0,0.0,4.0,0.9553472758815248,0.9096765000863951,0.86955,0,1,stable
P0823__1.0__0___0,146,t_8_16,96.0,0.0,0.0,2.0,0.82722870016108,0.6506699813241449,0.86955,0,0,stable
P0823__1.0__0___0,147,t_8_16,198.0,0.0,0.0,4.0,0.9973158615929191,0.8993611114475826,0.86955,0,1,stable
P0823__1.0__0___0,148,t_8_16,162.0,0.0,0.0,2.0,0.9959416634358632,0.8627719647709378,0.86955,0,1,stable
P0823__1.0__0___0,149,t_8_16,171.0,0.25,0.0,3.0,0.9918781192087177,0.7972323192504635,0.86955,0,1,mild
P0823__1.0__0___0,150,t_8_16,199.99847412109375,0.0,0.0,7.0,0.975117294268698,0.7122953080097688,0.86955,0,0,stable
P0823__1.0__0___0,151,t_8_16,180.0,0.25,0.0,2.0,0.9900006044370516,0.8915847840619779,0.86955,0,1,mild
P0823__1.0__0___0,152,t_8_16,204.0,0.0,0.0,4.0,0.9836477022184936,0.749571921917655,0.86955,0,0,stable
P0823__1.0__0___0,153,t_8_16,171.0,0.0,0.0,3.0,0.9790796261681245,0.7830262116433475,0.86955,0,1,stable
P0823__1.0__0___0,154,t_8_16,136.0,0.0,0.0,3.0,0.9716192655505098,0.725441046819965,0.86955,0,0,stable
P0823__1.0__0___0,155,t_8_16,171.0,0.0,0.0,3.0,0.9937072449939158,0.8835919633740966,0.86955,0,1,stable
P1305__1.0__4400___2400,0,t_8_16,72.0,0.25,0.0,2.0,0.9498663774163547,0.8034624659599174,0.70792,0,1,mild
P1305__1.0__4400___2400,11,t_8_16,64.0,0.5,0.5,0.0,,0.7334648437500023,0.70792,0,0,mild
P1305__1.0__4400___2400,33,s_16_32,544.0,0.0,0.0,10.0,0.9868542552291477,0.8937817539755502,0.77527,0,1,stable
P1305__1.0__4400___2400,37,t_8_16,64.0,0.25,0.25,2.0,0.4071110992976973,0.5350725963410363,0.70792,0,0,mild
P1305__1.0__4400___2400,43,t_8_16,66.0,0.0,0.0,2.0,0.8199529033328974,0.5448450716073641,0.70792,0,0,stable
P1338__1.0__1800___3000,0,t_8_16,142.9998016357422,0.0,0.0,5.0,0.9114141208680193,0.7662926661572292,0.65459,0,1,stable
P1338__1.0__1800___3000,1,t_8_16,84.0,0.0,0.0,3.0,0.8306120422149367,0.573416689006025,0.65459,0,0,stable
P1352__1.0__3000___3000,0,t_8_16,220.0,0.25,0.0,7.0,0.9281650707770612,0.6564635590909138,0.67331,0,0,mild
P1354__1.0__3200___2400,0,t_8_16,231.0,0.0,0.0,5.0,0.2836805931894743,0.06620611712628299,0.68485,1,0,stable
P1354__1.0__3200___2400,1,s_16_32,279.998779296875,0.0,0.0,7.0,0.7424794956156389,0.5787520142857151,0.68485,0,0,stable
P1354__1.0__3200___2400,2,t_8_16,154.0,0.0,0.0,3.0,0.9888069609902138,0.7242235913904783,0.68485,0,0,stable
P1354__1.0__3200___2400,3,t_8_16,150.00011444091797,0.0,0.0,3.0,0.897649330289069,0,0,1,0,stable
P1357__1.0__1800___2400,1,t_8_16,187.0,0.0,0.0,3.0,0.9968388761359253,0.851985643823138,0.76013,0,1,stable
P1357__1.0__3200___1200,0,s_16_32,540.0,0.0,0.0,8.0,0.9545233024847763,0.8242613576864448,0.7415,0,1,stable
P1357__1.0__3200___1200,1,t_8_16,128.0,0.0,0.0,3.0,0.9755737943181263,0.7050481875000105,0.7415,0,0,stable
P1357__1.0__3200___1200,2,s_16_32,323.0,0.0,0.0,7.0,0.9068845623726828,0.9239691101947032,0.7415,0,1,stable
P1357__1.0__3200___1200,3,t_8_16,152.0,0.0,0.0,3.0,0.9396205568642743,0.6442046638035573,0.7415,0,0,stable
P1357__1.0__3200___1200,4,t_8_16,180.0,0.0,0.0,1.0,,0.880974455163048,0.7415,0,1,stable
P1374__1.0__1200___600,0,t_8_16,234.0,0.0,0.0,5.0,0.9693299431243899,0.8022413227923147,0.75224,0,1,stable
P1374__1.0__1200___600,1,t_8_16,187.0,0.0,0.0,3.0,0.9713807374204201,0.768728725154426,0.75224,0,1,stable
P1374__1.0__1200___600,2,s_16_32,315.0,0.0,0.0,6.0,0.8670621696132577,0.6844843303751902,0.75224,0,0,stable
P1374__1.0__1200___600,3,t_8_16,144.0,0.0,0.0,3.0,0.9750121448405997,0.696679220439175,0.75224,0,0,stable
P1374__1.0__1200___600,4,t_8_16,152.0,0.25,0.25,3.0,0.98052051045225,0.6993817538067804,0.75224,0,0,mild
P1374__1.0__1200___600,5,s_16_32,330.0,0.0,0.0,6.0,0.9863001094535749,0.8184914744376955,0.75224,0,1,stable
P1384__1.0__4200___1800,0,s_16_32,600.0,0.0,0.0,9.0,0.2726250895347704,0.0,0.67153,1,0,stable
P1384__1.0__4200___1800,1,s_16_32,529.0,0.0,0.0,10.0,0.9908387054771056,0.0,0.67153,1,0,stable
P1384__1.0__4200___1800,2,t_8_16,238.0,0.0,0.0,3.0,0.9973309728709931,0.0,0.67153,1,0,stable
P1384__1.0__4200___1800,3,t_8_16,238.0,0.0,0.0,5.0,0.9905831625105121,0.8250965387749314,0.67153,0,1,stable
P1384__1.0__4200___1800,6,t_8_16,66.0,0.0,0.0,1.0,0.9999999991092894,0.04905351987449457,0.80086,1,0,stable
P1384__1.0__4200___1800,7,t_8_16,65.99991607666016,0.0,0.0,2.0,0.8822449189538852,0.7779923636363603,0.80086,0,1,stable
P1384__1.0__4200___1800,10,t_8_16,77.0,0.0,0.0,1.0,,0.8204737771811733,0.80086,0,1,stable
P1384__1.0__4200___1800,11,t_8_16,66.0,0.0,0.0,1.0,,0.8697386002000472,0.80086,0,1,stable
P1384__1.0__4200___1800,12,t_8_16,84.0,0.0,0.0,4.0,0.8953265828115321,0.0,0.80086,1,0,stable
P1384__1.0__4200___1800,13,t_8_16,66.0,0.0,0.0,3.0,0.8651182621555403,0.7969833933955947,0.80086,0,1,stable
P1384__1.0__4200___1800,17,t_8_16,72.0,0.25,0.25,2.0,0.9999998230338843,0.11295010584264441,0.80086,1,0,mild
P1384__1.0__4200___1800,19,t_8_16,70.0,0.0,0.0,3.0,0.9929714866807514,0.753684045106496,0.80086,0,1,stable
P1384__1.0__4200___1800,20,t_8_16,91.00042724609375,0.0,0.0,5.0,0.9166892384093149,0.7707326923076881,0.80086,0,1,stable
P1384__1.0__4200___1800,22,t_8_16,77.0,0.0,0.0,1.0,0.9999999998462408,0.7056931102520341,0.80086,0,0,stable
P1384__1.0__4200___1800,23,t_8_16,176.00048828125,0.0,0.0,3.0,0.991265564127134,0.8776067102272735,0.80086,0,1,stable
P1384__1.0__4200___1800,24,t_8_16,70.0,0.0,0.0,3.0,0.9972681006412137,0.0,0.80086,1,0,stable
P1384__1.0__4200___1800,25,t_8_16,77.0,0.0,0.0,2.0,0.9811967472655352,0.7345861839592157,0.80086,0,0,stable
P1384__1.0__4200___1800,26,t_8_16,192.0,0.25,0.25,4.0,0.4386794451470238,0.0,0.80086,1,0,mild
P1384__1.0__4200___1800,28,t_8_16,72.0,0.0,0.0,4.0,0.9559074021382327,0.7993533937186674,0.80086,0,1,stable
P1384__1.0__4200___1800,30,t_8_16,91.0,0.0,0.0,4.0,0.9942108439612732,0.7007754367007922,0.80086,0,0,stable
P1384__1.0__4200___1800,31,t_8_16,84.0,0.25,0.25,3.0,0.6460065378942837,0.0,0.80086,1,0,mild
P1384__1.0__4200___1800,32,t_8_16,70.0008544921875,0.25,0.0,3.0,0.967352571464097,0.0,0.80086,1,0,mild
P1384__1.0__4200___1800,33,t_8_16,136.0,0.5,0.5,0.0,,0.0,0.80086,1,0,mild
P1384__1.0__4200___1800,35,t_8_16,72.0,0.25,0.25,2.0,0.23651317932183166,0.6993848772505583,0.80086,0,0,mild
P1384__1.0__4200___1800,36,t_8_16,77.0,0.25,0.25,2.0,0.8954944092452919,0.0,0.80086,1,0,mild
P1384__1.0__4200___1800,39,t_8_16,66.0,0.0,0.0,1.0,,0.7719454190135139,0.80086,0,1,stable
P1384__1.0__4200___1800,40,t_8_16,98.0,0.0,0.0,3.0,0.9588683663286385,0.6371942142857158,0.80086,0,0,stable
P1384__1.0__4200___1800,41,t_8_16,83.999267578125,0.0,0.0,2.0,0.9999999727609925,0.6531303571428544,0.80086,0,0,stable
P1384__1.0__4200___1800,42,t_8_16,78.0,0.0,0.0,1.0,,0.6428158974358966,0.80086,0,0,stable
P1384__1.0__4200___1800,44,t_8_16,90.99920654296875,0.5,0.0,3.0,0.5832664961921771,0.03358845601920974,0.80086,1,0,mild
P1384__1.0__4200___1800,53,t_8_16,66.00067138671875,0.0,0.0,1.0,0.9999999982974453,0.5895266250273508,0.80086,0,0,stable
P1384__1.0__4200___1800,54,t_8_16,78.0,0.25,0.25,3.0,0.35667460423355524,0.6313266903850133,0.80086,0,0,mild
P1384__1.0__4200___1800,57,t_8_16,65.00079345703125,0.0,0.0,3.0,0.9946670617218093,0.7387267303214441,0.80086,0,0,stable
P1410__1.0__4200___1200,0,t_8_16,160.0,0.25,0.25,3.0,0.9883382781218613,0.6793376482781195,0.81644,0,0,mild
P1410__1.0__4200___1200,1,t_8_16,231.0,0.25,0.0,5.0,0.5898185646631164,0.7790571438695997,0.81644,0,1,mild
P1410__1.0__4200___1200,2,t_8_16,230.0,0.0,0.0,4.0,0.9960462807088282,0.9347706304347906,0.81644,0,1,stable
P1410__1.0__4200___1200,3,t_8_16,184.0,0.5,0.5,0.0,,0.6332018667552444,0.81644,0,0,mild
P1410__1.0__4200___1200,4,t_8_16,207.0,0.0,0.0,5.0,0.9959365330610652,0.8951521293764426,0.81644,0,1,stable
P1410__1.0__4200___1200,5,t_8_16,192.0,0.0,0.0,3.0,0.9956538455144861,0.8571558311470071,0.81644,0,1,stable
P1410__1.0__4200___1200,6,t_8_16,250.0,0.0,0.0,4.0,0.9832445689620056,0.847101976000007,0.81644,0,1,stable
P1410__1.0__4200___1200,7,t_8_16,250.0,0.25,0.0,7.0,0.9793285101410889,0.7428706915000118,0.81644,0,0,mild
P1410__1.0__4200___1200,9,t_8_16,192.0,0.0,0.0,5.0,0.9968547589607392,0.8163437572360949,0.81644,0,1,stable
P1410__1.0__4200___1200,10,t_8_16,207.0,0.25,0.0,5.0,0.9847728919000545,0.8090576417151958,0.81644,0,1,mild
P1410__1.0__4200___1200,11,t_8_16,168.0,0.0,0.0,2.0,0.6463281420406057,0.9107177328506025,0.81644,0,1,stable
P1410__1.0__4200___1200,12,t_8_16,151.99992752075195,0.0,0.0,5.0,0.99394305991431,0.8788549632461778,0.81644,0,1,stable
P1410__1.0__4200___1200,13,t_8_16,198.0,0.25,0.0,5.0,0.9927071410875955,0.906939416770789,0.81644,0,1,mild
P1410__1.0__4200___1200,14,t_8_16,240.0,0.25,0.0,8.0,0.785180724834661,0.7442725125000019,0.81644,0,0,mild
P1410__1.0__4200___1200,15,s_16_32,330.0,0.0,0.0,9.0,0.9646195385324553,0.7808603204218515,0.81644,0,1,stable
P1459__1.0__1200___3630,0,t_8_16,91.0,0.0,0.0,3.0,0.9830827234603234,0.7775386105995352,0.82689,0,1,stable
P1459__1.0__1200___3630,1,t_8_16,98.0,0.0,0.0,5.0,0.9723948750168128,0.6767291660928135,0.82689,0,0,stable
P1459__1.0__1200___3630,2,t_8_16,153.0,0.0,0.0,2.0,0.9564882500052331,0.7749551878848729,0.82689,0,1,stable
P1459__1.0__1200___3630,3,t_8_16,112.0,0.5,0.5,1.0,,0.6631706245587584,0.82689,0,0,mild
P1459__1.0__1200___3630,4,t_8_16,149.9993896484375,0.0,0.0,2.0,0.9943395575771286,0.7033000253395639,0.82689,0,0,stable
P1459__1.0__1200___3630,5,t_8_16,84.0,0.0,0.0,2.0,0.9974816324921082,0.7478185772737433,0.82689,0,0,stable
P1459__1.0__1200___3630,6,t_8_16,91.0,0.25,0.0,5.0,0.16692202657539884,0.8334360533811275,0.82689,0,1,mild
P1459__1.0__1200___3630,7,t_8_16,96.0,0.25,0.25,2.0,0.9800825656736766,0.8576240441375551,0.82689,0,1,mild
P1459__1.0__1200___3630,8,t_8_16,104.0,0.0,0.0,3.0,0.9721442938950268,0.8096698437408111,0.82689,0,1,stable
P1459__1.0__1200___3630,9,t_8_16,104.0,0.0,0.0,1.0,,0.8717701538423632,0.82689,0,1,stable
P1459__1.0__1200___3630,10,t_8_16,104.0,0.0,0.0,1.0,,0.7468068678855683,0.82689,0,0,stable
P1459__1.0__1200___3630,11,t_8_16,209.0,0.25,0.0,5.0,0.14972419591304442,0.8923799974399781,0.82689,0,1,mild
P1459__1.0__1200___3630,12,t_8_16,117.0,0.0,0.0,1.0,,0.7226805370848077,0.82689,0,0,stable
P1459__1.0__1200___3630,13,t_8_16,153.0,0.25,0.0,3.0,0.953264381821885,0.7477392799295169,0.82689,0,0,mild
P1459__1.0__1200___3630,14,t_8_16,160.0,0.0,0.0,2.0,0.8642383008129197,0.6582949371400578,0.82689,0,0,stable
P1459__1.0__1200___3630,15,t_8_16,216.0,0.0,0.0,4.0,0.8452514335171587,0.8963423512260171,0.82689,0,1,stable
P1459__1.0__1200___3630,16,t_8_16,203.99948120117188,0.25,0.0,5.0,0.3464103094277192,0.7017801986143528,0.82689,0,0,mild
P1459__1.0__1200___3630,17,t_8_16,234.00054931640625,0.0,0.0,5.0,0.9713247092194761,0.7033622783111123,0.82689,0,0,stable
P1459__1.0__1200___3630,18,t_8_16,134.99945068359375,0.25,0.25,2.0,0.9999767515456016,0.8104803427033832,0.82689,0,1,mild
P1459__1.0__1200___3630,19,t_8_16,72.0,0.5,0.0,4.0,0.18335684052836704,0.7630101045156129,0.82689,0,1,mild
P1459__1.0__1200___3630,20,t_8_16,91.0,0.0,0.0,2.0,0.9999032362817875,0.6080007987660603,0.82689,0,0,stable
P1459__1.0__1200___3630,22,t_8_16,65.9996337890625,0.0,0.0,4.0,0.9338813417915202,0.5855381394924848,0.82689,0,0,stable
P1459__1.0__1200___3630,23,t_8_16,170.0006103515625,0.0,0.0,3.0,0.9937338129166517,0.6948693612808068,0.82689,0,0,stable
P1459__1.0__1200___3630,24,t_8_16,70.0,0.0,0.0,3.0,0.7693670161731352,0.7294846155758844,0.82689,0,0,stable
P1459__1.0__1200___3630,25,t_8_16,84.0,0.0,0.0,2.0,0.7212010315056905,0.872280018848183,0.82689,0,1,stable
P1581__1.0__600___1800,0,t_8_16,240.0,0.25,0.0,5.0,0.7456290968457742,0,0,1,0,mild
P1727__1.0__2400___3000,0,t_8_16,238.0,0.0,0.0,5.0,0.9939823607959558,0.8917108797830906,0.52528,0,1,stable
P2116__1.0__506___0,0,t_8_16,168.0,0.75,0.75,0.0,,0.8198141791450007,0.825,0,1,high
P2116__1.0__506___0,1,t_8_16,200.0,0.0,0.0,4.0,0.9939582692612815,0.7111608899999982,0.825,0,0,stable
P2116__1.0__506___0,2,s_16_32,286.0,0.0,0.0,7.0,0.9831005320812961,0,0,1,0,stable
P2116__1.0__506___0,3,t_8_16,200.0,0.0,0.0,3.0,0.9966849114085039,0,0,1,0,stable
P2116__1.0__506___0,4,s_16_32,264.0000228881836,0.0,0.0,4.0,0.9971328131253752,0.5935506590909089,0.825,0,0,stable
P2163__1.0__0___0,0,t_8_16,80.0,0.0,0.0,1.0,,0.7926396728233318,0.79901,0,1,stable
P2163__1.0__0___0,1,t_8_16,120.0,0.0,0.0,2.0,0.9929641152234708,0.8119181107578095,0.79901,0,1,stable
P2163__1.0__0___0,2,t_8_16,90.0,0.0,0.0,1.0,,0.7936678447081729,0.79901,0,1,stable
P2163__1.0__0___0,3,t_8_16,99.0,0.25,0.0,2.0,0.9669231687386995,0.8508693619901029,0.79901,0,1,mild
P2163__1.0__0___0,5,t_8_16,84.0,0.5,0.0,2.0,0.5714970626972294,0.7391584285714418,0.79901,0,0,mild
P2163__1.0__0___0,6,t_8_16,78.0,0.0,0.0,2.0,0.9648830622363529,0.8361848720865956,0.79901,0,1,stable
P2163__1.0__0___0,7,t_8_16,78.0,0.25,0.0,3.0,0.6787049673962847,0.8253068992034562,0.79901,0,1,mild
P2163__1.0__0___0,8,t_8_16,91.0,0.0,0.0,3.0,0.8146118399799614,0.7437337142857121,0.79901,0,0,stable
P2163__1.0__0___0,10,t_8_16,66.0,0.25,0.0,2.0,0.2663380169706282,0.847915359905908,0.79901,0,1,mild
P2163__1.0__0___0,11,t_8_16,105.0,0.0,0.0,4.0,0.6013400565177615,0.7264755226436378,0.79901,0,0,stable
P2163__1.0__0___0,12,t_8_16,77.0,0.25,0.25,0.0,,0.7451240430669377,0.79901,0,0,mild
P2163__1.0__0___0,13,t_8_16,80.0,0.5,0.5,0.0,,0.7267561112413498,0.79901,0,0,mild
P2163__1.0__0___0,14,t_8_16,104.0,0.5,0.5,2.0,0.298266342773963,0.6502839737255237,0.79901,0,0,mild
P2163__1.0__0___0,15,t_8_16,143.0,0.0,0.0,2.0,0.995522838626124,0.3265995112341472,0.79901,1,0,stable
P2163__1.0__0___0,16,t_8_16,120.0,0.0,0.0,2.0,0.9988507547041182,0.5212576250000064,0.79901,0,0,stable
P2163__1.0__0___0,18,t_8_16,80.0,0.0,0.0,2.0,0.9332984366324099,0.8413099068299419,0.79901,0,1,stable
P2163__1.0__0___0,19,t_8_16,80.0,0.25,0.25,1.0,,0.6040807831062582,0.79901,0,0,mild
P2163__1.0__0___0,20,t_8_16,88.0,0.0,0.0,3.0,0.8956805734406301,0.6471675507343336,0.79901,0,0,stable
P2163__1.0__0___0,21,t_8_16,88.0,0.25,0.25,1.0,,0.7345567686852656,0.79901,0,0,mild
P2163__1.0__0___0,23,t_8_16,70.0,0.5,0.25,4.0,0.34038592776820364,0.7165741155232481,0.79901,0,0,mild
P2163__1.0__0___0,25,t_8_16,88.0,0.0,0.0,1.0,,0.796218999999989,0.79901,0,1,stable
P2163__1.0__0___0,26,t_8_16,77.0,0.0,0.0,2.0,0.9834422057439637,0.6922246397085899,0.79901,0,0,stable
P2163__1.0__0___0,27,t_8_16,88.0,0.75,0.25,2.0,0.1798848767433671,0.702451738636367,0.79901,0,0,high
P2163__1.0__0___0,28,t_8_16,77.0,0.0,0.0,1.0,,0.7753806934451863,0.79901,0,1,stable
P2203__1.0__670___600,0,t_8_16,220.0,0.0,0.0,3.0,0.9977700931762742,0.6823079188701211,0.80854,0,0,stable
P2203__1.0__670___600,1,t_8_16,252.0,0.0,0.0,3.0,0.9919037394835776,0.6381622123478253,0.80854,0,0,stable
P2205__1.0__0___1200,0,t_8_16,121.0,0.0,0.0,1.0,,0.7923534405164322,0.81828,0,1,stable
P2205__1.0__0___1200,1,t_8_16,99.00067138671875,0.25,0.25,0.0,,0.46780911986905005,0.81828,1,0,mild
P2205__1.0__0___1200,2,t_8_16,72.0,0.0,0.0,0.0,,0.37070608598182536,0.81828,1,0,stable
P2205__1.0__0___1200,3,t_8_16,80.0,0.25,0.25,1.0,,0.6568135047242347,0.81828,0,0,mild
P2205__1.0__0___1200,4,t_8_16,80.0,0.0,0.0,1.0,,0.7674680006109521,0.81828,0,1,stable
P2205__1.0__0___1200,5,t_8_16,87.99932861328125,0.0,0.0,1.0,0.9999625667810954,0.8757103636363684,0.81828,0,1,stable
P2205__1.0__0___1200,6,t_8_16,104.0,0.5,0.0,2.0,0.667067552985767,0.6263820159888542,0.81828,0,0,mild
P2205__1.0__0___1200,7,t_8_16,88.0,0.0,0.0,1.0,,0.8226726507923166,0.81828,0,1,stable
P2205__1.0__0___1200,8,t_8_16,87.99993896484375,0.25,0.25,0.0,,0.8326271426051561,0.81828,0,1,mild
P2205__1.0__0___1200,9,t_8_16,99.00067138671875,0.0,0.0,1.0,0.26955675437114657,0.31822183909341284,0.81828,1,0,stable
P2205__1.0__0___1200,11,t_8_16,120.0,0.0,0.0,1.0,0.8722533074252784,0.572314785027378,0.81828,0,0,stable
P2205__1.0__0___1200,12,t_8_16,120.0,0.75,0.75,1.0,0.7008271252680854,0.5927642108636407,0.81828,0,0,high
P2205__1.0__0___1200,13,t_8_16,110.0,0.25,0.25,1.0,0.9075556074025901,0.6746220501015295,0.81828,0,0,mild
P2205__1.0__0___1200,14,t_8_16,110.00067138671875,0.0,0.0,2.0,0.756450949674837,0.8488765090909061,0.81828,0,1,stable
P2205__1.0__0___1200,15,t_8_16,110.0,0.0,0.0,1.0,0.9948289482872263,0.7763198999999995,0.81828,0,1,stable
P2205__1.0__0___1200,16,t_8_16,81.0,0.25,0.25,1.0,,0.4726451176037365,0.81828,1,0,mild
P2205__1.0__0___1200,17,t_8_16,99.0,0.0,0.0,1.0,,0.8650157114316934,0.81828,0,1,stable
P2205__1.0__0___1200,18,t_8_16,132.0,0.5,0.0,2.0,0.49378989109618443,0.7049313619759345,0.81828,0,0,mild
P2205__1.0__0___1200,19,t_8_16,110.0,0.25,0.0,3.0,0.5512110504722153,0.7741497467768834,0.81828,0,1,mild
P2205__1.0__0___1200,20,t_8_16,90.0,0.0,0.0,1.0,0.9540240136247277,0.6113794793249236,0.81828,0,0,stable
P2205__1.0__0___1200,21,t_8_16,72.0,0.25,0.0,1.0,,0.7519994082433773,0.81828,0,1,mild
P2205__1.0__0___1200,22,t_8_16,90.0006103515625,0.25,0.25,2.0,0.5398155776111137,0.836238927637368,0.81828,0,1,mild
P2205__1.0__0___1200,24,t_8_16,110.00067138671875,0.25,0.25,1.0,0.9999991452196945,0.86132973795541,0.81828,0,1,mild
P2205__1.0__0___1200,25,t_8_16,110.0,0.0,0.0,2.0,0.8446362135726917,0.8401936243252848,0.81828,0,1,stable
P2205__1.0__0___1200,27,t_8_16,120.99932861328125,0.0,0.0,1.0,,0.5862487685950412,0.81828,0,0,stable
P2205__1.0__0___1200,28,t_8_16,80.99999141693115,0.0,0.0,0.0,,0.30446276831314967,0.81828,1,0,stable
P2205__1.0__0___1200,29,t_8_16,110.0,0.5,0.0,1.0,0.9995006011014975,0.5865239297672947,0.81828,0,0,mild
P2205__1.0__0___1200,30,t_8_16,110.0,0.5,0.0,2.0,0.47340646977296597,0.4234939249714544,0.81828,1,0,mild
P2205__1.0__0___1200,31,t_8_16,90.0,0.25,0.25,1.0,,0.5589701613112136,0.81828,0,0,mild
P2205__1.0__0___1200,32,t_8_16,110.0,0.25,0.25,1.0,0.9687013955314221,0.6816126545454546,0.81828,0,0,mild
P2205__1.0__0___1200,33,t_8_16,110.0,0.0,0.0,1.0,,0.699821609790638,0.81828,0,0,stable
P2205__1.0__0___1200,34,t_8_16,120.000732421875,0.5,0.5,3.0,0.19308568550641042,0.2209333545289,0.81828,1,0,mild
P2205__1.0__0___1200,35,t_8_16,121.0,0.0,0.0,1.0,,0.6777027576024367,0.81828,0,0,stable
P2205__1.0__0___1200,36,t_8_16,110.0,0.0,0.0,1.0,,0.8758769171579236,0.81828,0,1,stable
P2205__1.0__0___1200,37,t_8_16,99.0006628035917,0.0,0.0,1.0,,0.733808880235454,0.81828,0,0,stable
P2205__1.0__0___1200,38,t_8_16,90.0,0.0,0.0,2.0,0.9506851679129248,0.6772933816485532,0.81828,0,0,stable
P2205__1.0__0___1200,39,t_8_16,99.00000858306885,0.0,0.0,1.0,,0.8486241080401266,0.81828,0,1,stable
P2205__1.0__0___1200,40,t_8_16,110.00067138671875,0.0,0.0,1.0,,0.7181818071361951,0.81828,0,0,stable
P2205__1.0__0___1200,41,t_8_16,108.0,0.0,0.0,2.0,0.8735655544343165,0.8577731202407601,0.81828,0,1,stable
P2205__1.0__0___1200,42,t_8_16,90.0006103515625,0.25,0.25,0.0,,0.529817630307646,0.81828,0,0,mild
P2205__1.0__0___1200,43,t_8_16,81.0,0.0,0.0,1.0,,0.7349485774701708,0.81828,0,0,stable
P2205__1.0__0___1200,44,t_8_16,72.00006103515625,0.0,0.0,2.0,0.9201745500020317,0.7490839822527787,0.81828,0,0,stable
P2205__1.0__0___1200,45,t_8_16,110.0,0.5,0.5,0.0,,0.47208777001686564,0.81828,1,0,mild
P2205__1.0__0___1200,46,t_8_16,100.0,0.25,0.25,0.0,,0.7386976655370449,0.81828,0,0,mild
P2205__1.0__0___1200,47,t_8_16,81.0,0.0,0.0,1.0,,0.8711683832126532,0.81828,0,1,stable
P2205__1.0__0___1200,48,t_8_16,90.0,0.0,0.0,1.0,,0.3301273182509157,0.81828,1,0,stable
P2205__1.0__0___1200,49,t_8_16,90.0,0.0,0.0,1.0,,0.639705314504547,0.81828,0,0,stable
P2205__1.0__0___1200,50,t_8_16,121.0,0.0,0.0,1.0,,0.7851186676292974,0.81828,0,1,stable
P2205__1.0__0___1200,51,t_8_16,110.00067138671875,0.25,0.25,2.0,0.5920000940136344,0.0,0.81828,1,0,mild
P2205__1.0__0___1200,52,t_8_16,79.9998779296875,0.0,0.0,1.0,,0.0,0.81828,1,0,stable
P2205__1.0__0___1200,53,t_8_16,110.00008392333984,0.0,0.0,2.0,0.9688407883228859,0.8858162348345655,0.81828,0,1,stable
P2205__1.0__0___1200,54,t_8_16,120.0,0.25,0.0,2.0,0.7706291528245259,0.8147020943674537,0.81828,0,1,mild
P2205__1.0__0___1200,56,t_8_16,90.0,0.25,0.0,2.0,0.7391546763393879,0.5943111446150068,0.81828,0,0,mild
P2205__1.0__0___1200,57,t_8_16,156.0,0.0,0.0,2.0,0.9466192411409863,0.7854774808846038,0.81828,0,1,stable
P2205__1.0__0___1200,58,t_8_16,195.0,0.0,0.0,1.0,0.999956770458059,0.8654134079892721,0.81828,0,1,stable
P2205__1.0__0___1200,59,t_8_16,223.99938964750618,0.0,0.0,2.0,0.9614958012658306,0.8155315848214243,0.81828,0,1,stable
P2205__1.0__0___1200,60,t_8_16,153.99978637695312,0.0,0.0,4.0,0.9220325792863537,0.8834555650188928,0.81828,0,1,stable
P2205__1.0__0___1200,62,t_8_16,80.0,0.0,0.0,2.0,0.9189533922622128,0.2068497938386461,0.81828,1,0,stable
P2205__1.0__0___1200,63,t_8_16,72.0,0.0,0.0,1.0,,0.274705205167772,0.81828,1,0,stable
P2205__1.0__0___1200,64,t_8_16,80.0,0.0,0.0,1.0,,0.6358578332023106,0.81828,0,0,stable
P2205__1.0__0___1200,65,t_8_16,81.00061798142269,0.0,0.0,1.0,,0.7046392490124631,0.81828,0,0,stable
P2205__1.0__0___1200,66,t_8_16,81.0,0.0,0.0,0.0,,0.43446661127853764,0.81828,1,0,stable
P2205__1.0__0___1200,67,t_8_16,90.0,0.25,0.25,1.0,0.998077719307525,0.9270486496142539,0.81828,0,1,mild
P2205__1.0__0___1200,68,t_8_16,81.00054931640625,0.0,0.0,1.0,,0.7935690457214768,0.81828,0,1,stable
P2205__1.0__0___1200,69,t_8_16,72.00048828125,0.0,0.0,0.0,,0.32418019726561464,0.81828,1,0,stable
P2205__1.0__0___1200,70,t_8_16,90.0006103515625,0.25,0.0,2.0,0.9953275875941584,0.7277342235738568,0.81828,0,0,mild
P2205__1.0__0___1200,71,t_8_16,90.0,0.0,0.0,1.0,0.9854008533260386,0.798887020405308,0.81828,0,1,stable
P2205__1.0__0___1200,72,t_8_16,90.0,0.25,0.0,2.0,0.8866315334753143,0.7976723876082373,0.81828,0,1,mild
P2205__1.0__0___1200,73,t_8_16,81.0000171661377,0.5,0.5,0.0,,0.7461261755728374,0.81828,0,0,mild
P2205__1.0__0___1200,75,t_8_16,90.0,0.0,0.0,2.0,0.855292680476621,0.769741641493693,0.81828,0,1,stable
P2205__1.0__0___1200,76,t_8_16,120.000732421875,0.5,0.0,4.0,0.5456227462590261,0.8321813636667406,0.81828,0,1,mild
P2205__1.0__0___1200,77,t_8_16,80.0,0.25,0.0,2.0,0.825422420411812,0.7248370073422893,0.81828,0,0,mild
P2205__1.0__0___1200,78,t_8_16,100.0,0.0,0.0,3.0,0.9821866920793773,0.349119860459947,0.81828,1,0,stable
P2205__1.0__0___1200,79,t_8_16,80.0,0.25,0.25,0.0,,0.5777965291998053,0.81828,0,0,mild
P2205__1.0__0___1200,80,t_8_16,64.0,0.0,0.0,1.0,,0.5472593874614536,0.81828,0,0,stable
P2205__1.0__0___1200,82,t_8_16,72.0,0.25,0.25,1.0,,0.7756650600704108,0.81828,0,1,mild
P2205__1.0__0___1200,83,t_8_16,80.0,0.0,0.0,1.0,,0.7176640197544926,0.81828,0,0,stable
P2205__1.0__0___1200,84,t_8_16,108.0,0.0,0.0,2.0,0.9978971962820112,0.6713687845753743,0.81828,0,0,stable
P2205__1.0__0___1200,85,t_8_16,100.0,0.0,0.0,2.0,0.9771776284977229,0.7165482215862521,0.81828,0,0,stable
P2205__1.0__0___1200,86,t_8_16,143.0,0.0,0.0,3.0,0.9445811386703595,0.7153627684920489,0.81828,0,0,stable
P2205__1.0__0___1200,87,t_8_16,81.00054931640625,0.25,0.0,2.0,0.9308239276178932,0.8696894466798346,0.81828,0,1,mild
P2205__1.0__0___1200,88,t_8_16,70.0,0.0,0.0,1.0,0.9999542293962012,0.6652522969336125,0.81828,0,0,stable
P2205__1.0__0___1200,89,t_8_16,70.0,0.0,0.0,2.0,0.9977252261234457,0.7063514480911628,0.81828,0,0,stable
P2205__1.0__0___1200,90,t_8_16,72.0,0.25,0.25,1.0,0.9999958223994064,0.8109810072303012,0.81828,0,1,mild
P2205__1.0__0___1200,91,t_8_16,64.0,0.25,0.25,1.0,0.9997232448324733,0.6204695697584092,0.81828,0,0,mild
P2205__1.0__0___1200,92,t_8_16,64.0,0.25,0.25,1.0,0.998407284225653,0.7127777491375709,0.81828,0,0,mild
P2205__1.0__0___1200,94,t_8_16,80.0,0.25,0.0,2.0,0.15115423859306823,0.7779141349137432,0.81828,0,1,mild
P2205__1.0__0___1200,95,t_8_16,90.0,0.0,0.0,1.0,,0.9126877756871229,0.81828,0,1,stable
P2205__1.0__0___1200,96,t_8_16,130.0,0.0,0.0,2.0,0.9160305163248262,0.7008188846153804,0.81828,0,0,stable
P2205__1.0__0___1200,97,t_8_16,99.0,0.0,0.0,1.0,,0.7817143517921376,0.81828,0,1,stable
P2205__1.0__0___1200,98,t_8_16,99.00067138671875,0.0,0.0,1.0,,0.8340612392641004,0.81828,0,1,stable
P2205__1.0__0___1200,100,t_8_16,108.0,0.0,0.0,1.0,0.9999238752793088,0.821069952138115,0.81828,0,1,stable
P2205__1.0__0___1200,102,t_8_16,90.0,0.0,0.0,2.0,0.8664929123293011,0.6797817816047479,0.81828,0,0,stable
P2205__1.0__0___1200,103,t_8_16,81.0,0.25,0.25,1.0,,0.5855655013526262,0.81828,0,0,mild
P2205__1.0__0___1200,104,t_8_16,99.0,0.0,0.0,1.0,,0.766058614444761,0.81828,0,1,stable
P2205__1.0__0___1200,105,t_8_16,99.0,0.0,0.0,2.0,0.7610076890570091,0.7350465041804165,0.81828,0,0,stable
P2205__1.0__0___1200,106,t_8_16,64.0,0.0,0.0,0.0,,0.4615246855552183,0.81828,1,0,stable
P2205__1.0__0___1200,107,t_8_16,233.99972534179688,0.0,0.0,4.0,0.9516853140219169,0.8970676535139416,0.81828,0,1,stable
P2205__1.0__0___1200,108,t_8_16,90.0006103515625,0.0,0.0,1.0,,0.7292820114534706,0.81828,0,0,stable
P2205__1.0__0___1200,109,t_8_16,72.0,0.25,0.0,1.0,,0.7726447716746817,0.81828,0,1,mild
P2205__1.0__0___1200,111,t_8_16,136.0,0.0,0.0,2.0,0.8632274037423435,0.7181939307221804,0.81828,0,0,stable
P2205__1.0__0___1200,112,t_8_16,78.0,0.0,0.0,3.0,0.9447717895348408,0.6134179230097199,0.81828,0,0,stable
P2205__1.0__0___1200,113,t_8_16,144.0,0.0,0.0,3.0,0.979629760255551,0.6312676649608445,0.81828,0,0,stable
P2205__1.0__0___1200,114,t_8_16,216.0,0.0,0.0,4.0,0.969358490504386,0.0,0.81828,1,0,stable
P2205__1.0__0___1200,115,t_8_16,240.0,0.0,0.0,4.0,0.9395258356237489,0.0,0.81828,1,0,stable
P2205__1.0__0___1200,118,t_8_16,77.0,0.25,0.25,3.0,0.6049622717413174,0.8421558897762855,0.81828,0,1,mild
P2205__1.0__0___1200,119,t_8_16,77.0,0.0,0.0,1.0,0.999930192409245,0.6311745519351583,0.81828,0,0,stable
P2205__1.0__0___1200,120,t_8_16,66.0,0.0,0.0,1.0,0.9980264188661016,0.715907225715566,0.81828,0,0,stable
P2205__1.0__0___1200,123,t_8_16,80.0,0.0,0.0,0.0,,0.3066187839222527,0.81828,1,0,stable
P2205__1.0__0___1200,124,t_8_16,77.0,0.0,0.0,3.0,0.521167996454016,0.6679800246571582,0.81828,0,0,stable
P2205__1.0__0___1200,125,t_8_16,70.0,0.25,0.25,1.0,0.9993865586567595,0.8037055018443848,0.81828,0,1,mild
P2205__1.0__0___1200,126,t_8_16,80.00003051757812,0.0,0.0,1.0,,0.6332611841979187,0.81828,0,0,stable
P2205__1.0__0___1200,127,t_8_16,84.0,0.0,0.0,3.0,0.9306949327220605,0.9057912951970374,0.81828,0,1,stable
P2205__1.0__0___1200,129,t_8_16,99.0,0.25,0.0,2.0,0.2862222025623999,0.7705331143960673,0.81828,0,1,mild
P2205__1.0__0___1200,130,t_8_16,81.0,0.25,0.25,1.0,0.9939292947956219,0.8129162446639605,0.81828,0,1,mild
P2205__1.0__0___1200,131,t_8_16,72.0,0.0,0.0,1.0,,0.5665886758855431,0.81828,0,0,stable
P2205__1.0__0___1200,132,t_8_16,108.0,0.0,0.0,1.0,,0.7214311324734479,0.81828,0,0,stable
P2205__1.0__0___1200,134,t_8_16,80.0,0.25,0.25,0.0,,0.7646262046907242,0.81828,0,1,mild
P2205__1.0__0___1200,135,t_8_16,110.0,0.0,0.0,1.0,,0.7300092902904404,0.81828,0,0,stable
P2205__1.0__0___1200,136,t_8_16,90.0,0.0,0.0,1.0,,0.7802052567459232,0.81828,0,1,stable
P2205__1.0__0___1200,137,t_8_16,81.0,0.0,0.0,1.0,,0.7745064892949045,0.81828,0,1,stable
P2205__1.0__0___1200,138,t_8_16,90.0,0.0,0.0,0.0,,0.2790395375650457,0.81828,1,0,stable
P2205__1.0__0___1200,139,t_8_16,90.0,0.0,0.0,1.0,0.9999994832955293,0.3157206959418296,0.81828,1,0,stable
P2205__1.0__0___1200,140,t_8_16,72.0,0.5,0.5,2.0,0.22827980579805732,0.5328525393188528,0.81828,0,0,mild
P2205__1.0__0___1200,141,t_8_16,72.0,0.5,0.5,0.0,,0.47860417212793227,0.81828,1,0,mild
P2205__1.0__0___1200,142,t_8_16,90.0,0.75,0.75,1.0,,0.8045439999999938,0.81828,0,1,high
P2205__1.0__0___1200,143,t_8_16,70.0,0.25,0.0,2.0,0.962399318158777,0.6721607367649307,0.81828,0,0,mild
P2205__1.0__0___1200,144,t_8_16,80.0,0.0,0.0,1.0,0.9990726867312423,0.6879673413273715,0.81828,0,0,stable
P2205__1.0__0___1200,145,t_8_16,77.0,0.0,0.0,1.0,0.9964111402672172,0.6425223475877778,0.81828,0,0,stable
P2205__1.0__0___1200,146,t_8_16,72.0,0.0,0.0,1.0,,0.7412548982012004,0.81828,0,0,stable
P2205__1.0__0___1200,147,t_8_16,64.0,0.25,0.25,1.0,,0.5514388983056975,0.81828,0,0,mild
P2205__1.0__0___1200,148,t_8_16,72.0,0.25,0.25,1.0,,0.06203904077312628,0.81828,1,0,mild
P2205__1.0__0___1200,149,t_8_16,64.0,0.0,0.0,2.0,0.9687942633450213,0.6307934009118381,0.81828,0,0,stable
P2205__1.0__0___1200,150,t_8_16,90.0,0.5,0.5,1.0,0.9729607563239334,0.5298337199311931,0.81828,0,0,mild
P2205__1.0__0___1200,152,t_8_16,90.0,0.75,0.75,1.0,,0.5418062683120204,0.81828,0,0,high
P2205__1.0__0___1200,153,t_8_16,120.0,0.0,0.0,3.0,0.9743766701597559,0.8283879926928907,0.81828,0,1,stable
P2205__1.0__0___1200,154,t_8_16,72.0,0.25,0.25,1.0,0.9982816964571988,0.2969681054365892,0.81828,1,0,mild
P2205__1.0__0___1200,155,t_8_16,72.0,0.25,0.0,1.0,,0.6421758877574745,0.81828,0,0,mild
P2205__1.0__0___1200,156,t_8_16,70.0,0.0,0.0,2.0,0.996997291212175,0.6086985295238397,0.81828,0,0,stable
P2205__1.0__0___1200,157,t_8_16,90.0,0.0,0.0,1.0,,0.6049044148408478,0.81828,0,0,stable
P2205__1.0__0___1200,158,t_8_16,90.0,0.0,0.0,0.0,,0.2594711761798939,0.81828,1,0,stable
P2205__1.0__0___1200,159,t_8_16,80.0,0.25,0.0,1.0,,0.6238240783401268,0.81828,0,0,mild
P2205__1.0__0___1200,160,t_8_16,80.0,0.5,0.25,2.0,0.9989584620374131,0.6563719760549691,0.81828,0,0,mild
P2205__1.0__0___1200,161,t_8_16,99.0,0.25,0.25,2.0,0.8127576655378513,0.6557832666348841,0.81828,0,0,mild
P2205__1.0__0___1200,162,t_8_16,70.0,0.25,0.0,2.0,0.8727613643355104,0.26373660133585936,0.81828,1,0,mild
P2205__1.0__0___1200,163,t_8_16,88.0,0.5,0.0,2.0,0.7865540792643005,0.5311027529042639,0.81828,0,0,mild
P2205__1.0__0___1200,165,t_8_16,70.0,0.0,0.0,0.0,,0.3762831454149415,0.81828,1,0,stable
P2205__1.0__0___1200,166,t_8_16,72.0,0.25,0.25,1.0,,0.7840198434362046,0.81828,0,1,mild
P2205__1.0__0___1200,167,t_8_16,80.0,0.0,0.0,1.0,,0.4135538775169845,0.81828,1,0,stable
P2205__1.0__0___1200,168,t_8_16,81.0,0.0,0.0,1.0,,0.6616935693939084,0.81828,0,0,stable
P2205__1.0__0___1200,169,t_8_16,90.0,0.0,0.0,1.0,,0.7867313109402926,0.81828,0,1,stable
P2205__1.0__0___1200,171,t_8_16,100.0,0.25,0.25,2.0,0.6883297276612832,0.5556288598558468,0.81828,0,0,mild
P2205__1.0__0___1200,172,t_8_16,80.0,0.25,0.25,0.0,,0.2294768307167483,0.81828,1,0,mild
P2205__1.0__0___1200,173,t_8_16,72.0,0.0,0.0,1.0,,0.660451512777119,0.81828,0,0,stable
P2205__1.0__0___1200,175,t_8_16,90.0,0.5,0.5,1.0,0.9998208867398001,0.6635921798961574,0.81828,0,0,mild
P2205__1.0__0___1200,176,t_8_16,72.0,0.25,0.25,0.0,,0.89078882510669,0.81828,0,1,mild
P2205__1.0__0___1200,177,t_8_16,72.0,0.25,0.25,1.0,0.9976350158799018,0.8188717608352816,0.81828,0,1,mild
P2205__1.0__0___1200,178,t_8_16,81.0,0.5,0.5,2.0,0.4196093254240955,0.7343556046094253,0.81828,0,0,mild
P2205__1.0__0___1200,179,t_8_16,72.0,0.25,0.25,0.0,,0.4884201105026682,0.81828,1,0,mild
P2205__1.0__0___1200,180,t_8_16,88.0,0.0,0.0,0.0,,0.6519425929731959,0.81828,0,0,stable
P2205__1.0__0___1200,181,t_8_16,64.0,0.25,0.25,0.0,,0.21456042915710202,0.81828,1,0,mild
P2205__1.0__0___1200,182,t_8_16,72.0,0.25,0.25,2.0,0.855963225887939,0.9827269829064028,0.81828,0,1,mild
P2205__1.0__0___1200,185,t_8_16,70.0,0.0,0.0,1.0,0.9996158386002166,0.27648966984504036,0.81828,1,0,stable
P2205__1.0__0___1200,186,t_8_16,88.0,0.0,0.0,2.0,0.5708434316005018,0.8656977609891896,0.81828,0,1,stable
P2205__1.0__0___1200,187,t_8_16,99.0,0.25,0.25,0.0,,0.8091819393939262,0.81828,0,1,mild
P2205__1.0__0___1200,188,t_8_16,99.0,0.0,0.0,1.0,,0.7517852351606303,0.81828,0,1,stable
P2205__1.0__0___1200,189,t_8_16,64.0,0.5,0.5,1.0,,0.48748901367476244,0.81828,1,0,mild
P2205__1.0__0___1200,190,t_8_16,80.0,0.5,0.25,1.0,0.7373489121348485,0.4306498211829927,0.81828,1,0,mild
P2205__1.0__0___1200,192,t_8_16,72.0,0.0,0.0,1.0,,0.7224653359750023,0.81828,0,0,stable
P2205__1.0__0___1200,193,t_8_16,90.0,0.25,0.25,2.0,0.5969254068369831,0.798630623881522,0.81828,0,1,mild
P2205__1.0__0___1200,194,t_8_16,64.0,0.0,0.0,1.0,,0.6602622433486609,0.81828,0,0,stable
P2205__1.0__0___1200,195,t_8_16,72.0,0.25,0.25,0.0,,0.7604795800284491,0.81828,0,1,mild
P2205__1.0__0___1200,196,t_8_16,80.0,0.0,0.0,2.0,0.8558214933920691,0.6789249424119673,0.81828,0,0,stable
P2205__1.0__0___1200,197,t_8_16,90.0,0.0,0.0,2.0,0.9814333471111185,0.8534581680533537,0.81828,0,1,stable
P2205__1.0__0___1200,198,t_8_16,81.0,0.0,0.0,2.0,0.9729949838151006,0.5579951673999107,0.81828,0,0,stable
P2205__1.0__0___1200,199,t_8_16,90.0,0.25,0.25,1.0,,0.7565428444444435,0.81828,0,1,mild
P2205__1.0__0___1200,200,t_8_16,72.0,0.0,0.0,2.0,0.33023966970695756,0.8118817752001275,0.81828,0,1,stable
P2205__1.0__0___1200,202,t_8_16,72.0,0.5,0.5,2.0,0.26256677668142114,0.6632121239542139,0.81828,0,0,mild
P2205__1.0__0___1200,204,t_8_16,70.0,0.25,0.0,1.0,0.993044106208114,0.36168767177398253,0.81828,1,0,mild
P2205__1.0__0___1200,205,t_8_16,100.0,0.0,0.0,1.0,,0.7033683222063037,0.81828,0,0,stable
P2205__1.0__0___1200,206,t_8_16,88.0,0.5,0.25,1.0,,0.6350268807633378,0.81828,0,0,mild
P2205__1.0__0___1200,208,t_8_16,80.0,0.5,0.5,2.0,0.8031088570752475,0.6062440671129793,0.81828,0,0,mild
P2205__1.0__0___1200,210,t_8_16,87.99966430664062,0.0,0.0,3.0,0.9509566948162658,0.7927441224829734,0.81828,0,1,stable
P2205__1.0__0___1200,211,t_8_16,99.00033569335938,0.0,0.0,1.0,,0.8569288435530642,0.81828,0,1,stable
P2205__1.0__0___1200,212,t_8_16,80.0,0.25,0.25,0.0,,0.3219075722996304,0.81828,1,0,mild
P2205__1.0__0___1200,214,t_8_16,99.0,0.0,0.0,1.0,,0.7757334482729246,0.81828,0,1,stable
P2205__1.0__0___1200,215,t_8_16,100.0,0.25,0.25,2.0,0.59559934780125,0.7808477117508997,0.81828,0,1,mild
P2205__1.0__0___1200,217,t_8_16,80.0,0.25,0.25,1.0,0.9999999999807656,0.7364725330390383,0.81828,0,0,mild
P2205__1.0__0___1200,218,t_8_16,72.0,0.0,0.0,1.0,,0.7964078223829192,0.81828,0,1,stable
P2205__1.0__0___1200,219,t_8_16,81.0,0.25,0.25,1.0,,0.45701890032255105,0.81828,1,0,mild
P2205__1.0__0___1200,220,t_8_16,72.0,0.25,0.0,1.0,,0.6746432198963626,0.81828,0,0,mild
P2205__1.0__0___1200,221,t_8_16,80.0,0.5,0.5,1.0,,0.7286417537312936,0.81828,0,0,mild
P2205__1.0__0___1200,222,t_8_16,80.0,0.0,0.0,1.0,0.9797082256599877,0.37471984842186223,0.81828,1,0,stable
P2205__1.0__0___1200,223,t_8_16,90.0,0.25,0.0,3.0,0.35391009264511725,0.7270725847958665,0.81828,0,0,mild
P2205__1.0__0___1200,224,t_8_16,87.99966430664062,0.0,0.0,2.0,0.9903668536670035,0.8068040147699207,0.81828,0,1,stable
P2205__1.0__0___1200,225,t_8_16,80.0,0.0,0.0,1.0,,0.8023725402405397,0.81828,0,1,stable
P2205__1.0__0___1200,226,t_8_16,117.0,0.0,0.0,2.0,0.8804757029782495,0.7112171150146147,0.81828,0,0,stable
P2205__1.0__0___1200,227,t_8_16,99.0,0.0,0.0,1.0,,0.8000432732161535,0.81828,0,1,stable
P2205__1.0__0___1200,228,t_8_16,99.0,0.0,0.0,2.0,0.9999170977738023,0.8657682060949893,0.81828,0,1,stable
P2205__1.0__0___1200,229,t_8_16,99.0,0.0,0.0,2.0,0.9689003274277824,0.8384539764564064,0.81828,0,1,stable
P2205__1.0__0___1200,230,t_8_16,80.0,0.5,0.0,2.0,0.45748549633836716,0.4626888310721041,0.81828,1,0,mild
P2205__1.0__0___1200,232,t_8_16,72.0,0.0,0.0,1.0,,0.7024118562025219,0.81828,0,0,stable
P2205__1.0__0___1200,233,t_8_16,80.0,0.0,0.0,2.0,0.8860196548236791,0.6532747093160695,0.81828,0,0,stable
P2205__1.0__0___1200,234,t_8_16,90.0,0.25,0.25,1.0,,0.6810818122136137,0.81828,0,0,mild
P2205__1.0__0___1200,235,t_8_16,88.0,0.0,0.0,1.0,,0.748216634610498,0.81828,0,0,stable
P2205__1.0__0___1200,236,t_8_16,80.0,0.25,0.0,2.0,0.921360146279837,0.7626361953849529,0.81828,0,1,mild
P2205__1.0__0___1200,237,t_8_16,72.0,0.25,0.0,1.0,,0.13046150467166745,0.81828,1,0,mild
P2205__1.0__0___1200,238,t_8_16,90.0,0.0,0.0,2.0,0.9525892064706495,0.7794648084150049,0.81828,0,1,stable
P2205__1.0__0___1200,239,t_8_16,77.0,0.25,0.0,3.0,0.9131344063004361,0.5849026596333523,0.81828,0,0,mild
P2205__1.0__0___1200,240,t_8_16,72.0,0.5,0.5,2.0,0.6489040397313347,0.7879567810083153,0.81828,0,1,mild
P2205__1.0__0___1200,241,t_8_16,80.0,0.0,0.0,1.0,,0.3996943652277149,0.81828,1,0,stable
P2205__1.0__0___1200,242,t_8_16,72.0,0.0,0.0,1.0,,0.7252174784835064,0.81828,0,0,stable
P2205__1.0__0___1200,243,t_8_16,70.00030517578125,0.25,0.0,4.0,0.7090757612753188,0.6862288562887582,0.81828,0,0,mild
P2205__1.0__0___1200,244,t_8_16,77.0,0.0,0.0,1.0,,0.0,0.81828,1,0,stable
P2205__1.0__0___1200,245,t_8_16,90.0,0.0,0.0,1.0,,0.8099094674461035,0.81828,0,1,stable
P2205__1.0__0___1200,246,t_8_16,72.0,0.25,0.25,1.0,,0.6321865755985678,0.81828,0,0,mild
P2205__1.0__0___1200,247,t_8_16,80.0,0.25,0.0,1.0,,0.7211334600809024,0.81828,0,0,mild
P2205__1.0__0___1200,249,t_8_16,90.0,0.5,0.25,1.0,,0.8667626115911566,0.81828,0,1,mild
P2205__1.0__0___1200,250,t_8_16,90.0,0.0,0.0,1.0,,0.5714667701062449,0.81828,0,0,stable
P2205__1.0__0___1200,251,t_8_16,81.0,0.5,0.5,1.0,,0.7719269235410112,0.81828,0,1,mild
P2205__1.0__0___1200,252,t_8_16,81.0,0.0,0.0,1.0,,0.6973775031910482,0.81828,0,0,stable
P2205__1.0__0___1200,253,t_8_16,80.0,0.25,0.25,2.0,0.9998224021757907,0.6507029763024617,0.81828,0,0,mild
P2205__1.0__0___1200,255,t_8_16,90.0,0.25,0.25,1.0,0.9602741071084036,0.40375910267642706,0.81828,1,0,mild
P2205__1.0__0___1200,256,t_8_16,72.0,0.25,0.25,1.0,0.9999852486178713,0.5841297228838083,0.81828,0,0,mild
P2205__1.0__0___1200,257,t_8_16,72.0,0.0,0.0,1.0,,0.8020944098875364,0.81828,0,1,stable
P2205__1.0__0___1200,258,t_8_16,80.0,0.25,0.25,1.0,0.9998291898673576,0.7528019375066856,0.81828,0,1,mild
P2205__1.0__0___1200,259,t_8_16,80.0,0.0,0.0,1.0,,0.6984199333000507,0.81828,0,0,stable
P2205__1.0__0___1200,260,t_8_16,90.0,0.5,0.5,2.0,0.40124795217134424,0.7576224444444435,0.81828,0,1,mild
P2205__1.0__0___1200,262,t_8_16,100.0,0.5,0.5,1.0,0.7774919430181186,0.19284233312139967,0.81828,1,0,mild
P2205__1.0__0___1200,263,t_8_16,70.0,0.5,0.0,2.0,0.25681805003216646,0.6826900037564293,0.81828,0,0,mild
P2205__1.0__0___1200,264,t_8_16,80.0,0.0,0.0,1.0,,0.6154994535164181,0.81828,0,0,stable
P2205__1.0__0___1200,265,t_8_16,72.0,0.25,0.25,0.0,,0.46854189906866844,0.81828,1,0,mild
P2205__1.0__0___1200,266,t_8_16,80.0,0.0,0.0,1.0,,0.6962831521339083,0.81828,0,0,stable
P2205__1.0__0___1200,267,t_8_16,90.0,0.5,0.25,2.0,0.5855712762761145,0.7528893167808585,0.81828,0,1,mild
P2205__1.0__0___1200,268,t_8_16,81.0,0.0,0.0,1.0,0.9996896803207346,0.7372373753832584,0.81828,0,0,stable
P2205__1.0__0___1200,269,t_8_16,72.0,0.0,0.0,1.0,0.9997609497150768,0.6831754350735388,0.81828,0,0,stable
P2205__1.0__0___1200,270,t_8_16,90.0,0.25,0.25,1.0,0.9994426515404247,0.6189128160822589,0.81828,0,0,mild
P2205__1.0__0___1200,271,t_8_16,90.0,0.25,0.25,0.0,,0.36038404809914365,0.81828,1,0,mild
P2205__1.0__0___1200,272,t_8_16,72.0,0.25,0.25,1.0,0.9862433493062495,0.5850299773297647,0.81828,0,0,mild
P2205__1.0__0___1200,273,t_8_16,90.00030517578125,0.0,0.0,1.0,,0.7676070267754921,0.81828,0,1,stable
P2205__1.0__0___1200,274,t_8_16,90.0,0.25,0.0,2.0,0.9124019018148839,0.7020258577634786,0.81828,0,0,mild
P2205__1.0__0___1200,275,t_8_16,99.0,0.0,0.0,1.0,,0.7336296016919611,0.81828,0,0,stable
P2205__1.0__0___1200,277,t_8_16,72.0,0.0,0.0,0.0,,0.43971572863786385,0.81828,1,0,stable
P2205__1.0__0___1200,278,t_8_16,72.0,0.0,0.0,1.0,,0.7693260172711803,0.81828,0,1,stable
P2205__1.0__0___1200,279,t_8_16,80.0,0.25,0.25,1.0,0.9970250889887814,0.5520108422384502,0.81828,0,0,mild
P2205__1.0__0___1200,280,t_8_16,72.0,0.25,0.25,1.0,,0.7702306420915398,0.81828,0,1,mild
P2205__1.0__0___1200,281,t_8_16,80.0,0.0,0.0,1.0,,0.30289004495895033,0.81828,1,0,stable
P2205__1.0__0___1200,282,t_8_16,80.0,0.25,0.25,0.0,,0.8548610916827171,0.81828,0,1,mild
P2205__1.0__0___1200,283,t_8_16,81.0,0.25,0.25,2.0,0.8277915424843045,0.6380829659417675,0.81828,0,0,mild
P2205__1.0__0___1200,284,t_8_16,99.00033569335938,0.5,0.0,2.0,0.3740586682440828,0.6735433743739511,0.81828,0,0,mild
P2205__1.0__0___1200,285,t_8_16,100.0,0.0,0.0,0.0,,0.44569576686039225,0.81828,1,0,stable
P2205__1.0__0___1200,286,t_8_16,90.0,0.0,0.0,1.0,,0.6542800185071266,0.81828,0,0,stable
P2205__1.0__0___1200,287,t_8_16,168.0,0.0,0.0,1.0,,0.7114678493119015,0.81828,0,0,stable
P2240__1.0__0___797,0,t_8_16,200.001220703125,0.0,0.0,3.0,0.9957026783736774,0.8052870699999967,0.84714,0,1,stable
P2240__1.0__0___797,1,t_8_16,176.0,0.0,0.0,3.0,0.9981207242990259,0.7214809347228237,0.84714,0,0,stable
P2240__1.0__0___797,2,t_8_16,171.0,0.0,0.0,3.0,0.9993605125082807,0.7657127230921652,0.84714,0,1,stable
P2240__1.0__0___797,3,t_8_16,189.0,0.0,0.0,3.0,0.996629165780159,0.8332327225077343,0.84714,0,1,stable
P2240__1.0__0___797,4,t_8_16,210.0,0.0,0.0,4.0,0.9971995222271085,0.9446727597843324,0.84714,0,1,stable
P2240__1.0__0___797,5,t_8_16,180.0010986328125,0.0,0.0,4.0,0.9986309370826333,0.8205358486836632,0.84714,0,1,stable
P2240__1.0__0___797,6,t_8_16,153.0,0.0,0.0,2.0,0.9976545095120952,0.9043337773099818,0.84714,0,1,stable
P2240__1.0__0___797,7,t_8_16,207.0,0.25,0.0,3.0,0.9968994694957432,0.7064831233444295,0.84714,0,0,mild
P2240__1.0__0___797,8,t_8_16,210.0,0.0,0.0,4.0,0.9990163177617022,0.8771210796767961,0.84714,0,1,stable
P2240__1.0__0___797,9,t_8_16,171.0,0.25,0.0,3.0,0.9959523122403254,0.9377703292268708,0.84714,0,1,mild
P2240__1.0__0___797,10,t_8_16,180.0,0.0,0.0,3.0,0.9993112897378108,0.8794127000155233,0.84714,0,1,stable
P2240__1.0__0___797,11,t_8_16,144.0,0.0,0.0,2.0,0.9949297440784262,0.7020260055343056,0.84714,0,0,stable
P2240__1.0__0___797,12,t_8_16,128.0,0.0,0.0,3.0,0.9945948167506877,0.7448229784173286,0.84714,0,0,stable
P2240__1.0__0___797,13,t_8_16,168.0,0.0,0.0,3.0,0.9938631095837404,0.7796987729318834,0.84714,0,1,stable
P2240__1.0__0___797,14,t_8_16,179.99972534179688,0.0,0.0,3.0,0.9992792279398341,0.9356384568761021,0.84714,0,1,stable
P2240__1.0__0___797,15,t_8_16,171.0,0.0,0.0,4.0,0.9465173841943667,0.7968538078896888,0.84714,0,1,stable
P2240__1.0__0___797,16,t_8_16,200.0,0.0,0.0,2.0,0.9981934792880812,0.7261599098997246,0.84714,0,0,stable
P2240__1.0__0___797,17,t_8_16,199.99969482421875,0.0,0.0,4.0,0.9819279497201734,0.7878926663605911,0.84714,0,1,stable
P2240__1.0__0___797,18,t_8_16,162.0,0.25,0.0,3.0,0.96352307524448,0.6298486069899635,0.84714,0,0,mild
P2240__1.0__0___797,19,t_8_16,144.0001220703125,0.0,0.0,3.0,0.989707810318505,0.7963799397769075,0.84714,0,1,stable
P2240__1.0__0___797,20,t_8_16,170.0,0.25,0.0,4.0,0.8703918354196816,0.8058307395493437,0.84714,0,1,mild
P2240__1.0__0___797,21,t_8_16,176.0,0.0,0.0,4.0,0.9913436988681199,0.8066782777418776,0.84714,0,1,stable
P2240__1.0__0___797,22,t_8_16,189.0,0.0,0.0,2.0,0.9965250330897284,0.8294596021406164,0.84714,0,1,stable
P2240__1.0__0___797,23,t_8_16,144.0,0.0,0.0,2.0,0.9987573847841094,0.8551128559600392,0.84714,0,1,stable
P2240__1.0__0___797,24,t_8_16,208.99884033203125,0.0,0.0,3.0,0.9970757806959815,0.7281060761827192,0.84714,0,0,stable
P2240__1.0__0___797,25,t_8_16,144.0,0.0,0.0,2.0,0.9952445933859684,0.8085946327479238,0.84714,0,1,stable
P2240__1.0__0___797,26,t_8_16,225.0,0.0,0.0,3.0,0.9982615000176622,0.72946459054546,0.84714,0,0,stable
P2240__1.0__0___797,27,t_8_16,210.0,0.0,0.0,3.0,0.998242704844264,0.7689333333333331,0.84714,0,1,stable
P2240__1.0__0___797,28,t_8_16,190.0,0.0,0.0,3.0,0.9904326762832604,0.8457328138277882,0.84714,0,1,stable
P2240__1.0__0___797,29,t_8_16,210.0,0.25,0.25,3.0,0.9772905699020231,0.8044911565942318,0.84714,0,1,mild
P2240__1.0__0___797,30,t_8_16,153.0,0.25,0.0,2.0,0.9916515330150426,0.8865666088538805,0.84714,0,1,mild
P2240__1.0__0___797,31,t_8_16,153.0,0.0,0.0,3.0,0.9456362357876529,0.8770397598513556,0.84714,0,1,stable
P2240__1.0__0___797,32,t_8_16,140.0,0.0,0.0,3.0,0.9813995595627578,0.6838991386911639,0.84714,0,0,stable
P2240__1.0__0___797,33,t_8_16,187.0,0.0,0.0,3.0,0.9821122577141598,0.8108980106951863,0.84714,0,1,stable
P2240__1.0__0___797,34,t_8_16,133.0,0.0,0.0,5.0,0.9952084713306758,0.7550079070171747,0.84714,0,1,stable
P2240__1.0__0___797,35,t_8_16,231.0,0.0,0.0,3.0,0.9896651347006379,0.8531875460803774,0.84714,0,1,stable
P2240__1.0__0___797,36,t_8_16,231.0,0.25,0.0,4.0,0.896564615601279,0.7762507440870164,0.84714,0,1,mild
P2240__1.0__0___797,37,t_8_16,168.0,0.0,0.0,2.0,0.5200022466397761,0.7957765455324348,0.84714,0,1,stable
P2240__1.0__0___797,38,t_8_16,190.00115966796875,0.0,0.0,3.0,0.9939381399129495,0.9119795326422506,0.84714,0,1,stable
P2240__1.0__0___797,39,t_8_16,189.0,0.25,0.0,3.0,0.9824827605532972,0.90243714663904,0.84714,0,1,mild
P2240__1.0__0___797,40,t_8_16,171.0,0.25,0.0,2.0,0.9940106703675214,0.9088601650493362,0.84714,0,1,mild
P2240__1.0__0___797,41,t_8_16,198.00106811337173,0.0,0.0,4.0,0.9907044647770844,0.8645977975285241,0.84714,0,1,stable
P2240__1.0__0___797,42,t_8_16,159.999755859375,0.0,0.0,3.0,0.9979783245055147,0.8185145638979556,0.84714,0,1,stable
P2240__1.0__0___797,43,t_8_16,143.999755859375,0.0,0.0,3.0,0.9990933747812532,0.9294803909950602,0.84714,0,1,stable
P2240__1.0__0___797,44,t_8_16,180.0,0.25,0.0,4.0,0.9863699657075641,0.8732512333333352,0.84714,0,1,mild
P2240__1.0__0___797,45,t_8_16,190.0,0.0,0.0,3.0,0.9917967304001931,0.8356800000000011,0.84714,0,1,stable
P2240__1.0__0___797,46,t_8_16,231.0,0.0,0.0,3.0,0.997975688481042,0.8008839984560775,0.84714,0,1,stable
P2240__1.0__0___797,47,t_8_16,168.0,0.25,0.25,3.0,0.9941999110476124,0.7636883874505933,0.84714,0,1,mild
P2240__1.0__0___797,48,t_8_16,228.0,0.0,0.0,3.0,0.9993803891621158,0.837479164424111,0.84714,0,1,stable
P2240__1.0__0___797,49,t_8_16,119.0,0.0,0.0,5.0,0.7803343105534597,0.757806685713064,0.84714,0,1,stable
P2240__1.0__0___797,50,t_8_16,200.0,0.0,0.0,3.0,0.9993554361950426,0.9271120972604264,0.84714,0,1,stable
P2240__1.0__0___797,51,t_8_16,180.0,0.0,0.0,2.0,0.9989805346210637,0.8208056344278905,0.84714,0,1,stable
P2240__1.0__0___797,52,s_16_32,264.0,0.0,0.0,3.0,0.9992976312064827,0.748788568181821,0.84714,0,0,stable
P2240__1.0__0___797,53,t_8_16,162.0,0.25,0.0,3.0,0.9916759262430602,0.8703137144234842,0.84714,0,1,mild
P2240__1.0__0___797,54,t_8_16,216.0,0.0,0.0,2.0,0.9984904983001773,0.7955718177506018,0.84714,0,1,stable
P2240__1.0__0___797,56,t_8_16,195.99994659423828,0.0,0.0,5.0,0.9807312830973126,0.9207471203845526,0.84714,0,1,stable
P2271__1.0__2400___1800,0,t_8_16,81.0000171661377,0.25,0.25,1.0,,0.7308714803858033,0.71693,0,0,mild
P2271__1.0__2400___1800,12,t_8_16,77.0,0.0,0.0,1.0,,0.7688993267224761,0.71693,0,1,stable
P2271__1.0__2400___1800,15,t_8_16,90.00001907348633,0.25,0.25,2.0,0.669549996619499,0.9242812647556875,0.71693,0,1,mild
P2271__1.0__2400___1800,16,t_8_16,81.0,0.25,0.25,1.0,,0.7650021426930471,0.71693,0,1,mild
P2271__1.0__2400___1800,17,t_8_16,110.0,0.5,0.0,2.0,0.22213631163210742,0.8331351101797064,0.71693,0,1,mild
P2271__1.0__2400___1800,18,t_8_16,81.0,0.25,0.0,2.0,0.9026526572125535,0.8096651380371667,0.71693,0,1,mild
P2271__1.0__2400___1800,19,t_8_16,100.0,0.25,0.0,3.0,0.8594172897383645,0.852855094973605,0.71693,0,1,mild
P2271__1.0__2400___1800,20,t_8_16,70.0,0.25,0.0,3.0,0.9381216567549631,0.7842550282783697,0.71693,0,1,mild
P2271__1.0__2400___1800,21,t_8_16,110.0,0.5,0.0,3.0,0.48746376726536245,0.8830269242475343,0.71693,0,1,mild
P2481__1.0__1200___0,0,t_8_16,88.0,0.0,0.0,1.0,,0.8964757452409079,0.81992,0,1,stable
P2481__1.0__1200___0,1,t_8_16,112.0,0.0,0.0,3.0,0.934190079038331,0.6227209285714218,0.81992,0,0,stable
P2481__1.0__1200___0,3,t_8_16,112.00048828125,0.0,0.0,5.0,0.5600248806785504,0.6292675892857139,0.81992,0,0,stable
P2481__1.0__1200___0,4,t_8_16,110.0,0.0,0.0,1.0,,0.9023309706027479,0.81992,0,1,stable
P2481__1.0__1200___0,5,t_8_16,112.0,0.0,0.0,3.0,0.9735666017715306,0.8665124687089629,0.81992,0,1,stable
P2481__1.0__1200___0,6,t_8_16,84.0,0.0,0.0,2.0,0.9800859911433905,0.7144159983027187,0.81992,0,0,stable
P2481__1.0__1200___0,8,t_8_16,70.00042724609375,0.0,0.0,1.0,0.9999999999931012,0.8309898791627085,0.81992,0,1,stable
P2481__1.0__1200___0,9,t_8_16,89.99984741210938,0.0,0.0,2.0,0.9761343133734232,0.6918462380145372,0.81992,0,0,stable
P2481__1.0__1200___0,12,t_8_16,70.0,0.25,0.0,3.0,0.5380155607949092,0.633251899999994,0.81992,0,0,mild
P2481__1.0__1200___0,13,t_8_16,66.0,0.0,0.0,1.0,,0.80712710052172,0.81992,0,1,stable
P2481__1.0__1200___0,15,t_8_16,117.0,0.0,0.0,3.0,0.9956523237865861,0.6969256786495922,0.81992,0,0,stable
P2481__1.0__1200___0,16,t_8_16,78.00009155273438,0.0,0.0,5.0,0.9348884756913097,0.6717610602790502,0.81992,0,0,stable
P2481__1.0__1200___0,19,t_8_16,136.0,0.25,0.25,2.0,0.9117764298901608,0.5831563235294087,0.81992,0,0,mild
P2481__1.0__1200___0,21,t_8_16,80.0,0.0,0.0,1.0,,0.6482961333019515,0.81992,0,0,stable
P2481__1.0__1200___0,22,t_8_16,162.0,0.0,0.0,3.0,0.9992978993953548,0.7891125146692461,0.81992,0,1,stable
P2481__1.0__1200___0,25,t_8_16,72.0,0.0,0.0,1.0,,0.7180541059622898,0.81992,0,0,stable
P2481__1.0__1200___0,26,t_8_16,195.00039672851562,0.0,0.0,4.0,0.9692944709451321,0.885914420070931,0.81992,0,1,stable
P2481__1.0__1200___0,28,t_8_16,70.0,0.25,0.0,5.0,0.8749717108675944,0.6426571385770448,0.81992,0,0,mild
P2481__1.0__1200___0,29,t_8_16,72.0,0.0,0.0,1.0,,0.6975474509491636,0.81992,0,0,stable
P2481__1.0__1200___0,31,t_8_16,126.0,0.0,0.0,5.0,0.9025587755979811,0.5899702069040055,0.81992,0,0,stable
P2481__1.0__1200___0,32,t_8_16,84.0,0.0,0.0,1.0,,0.7885702857142823,0.81992,0,1,stable
P2481__1.0__1200___0,33,t_8_16,84.0,0.0,0.0,3.0,0.998829219308281,0.6800231666666642,0.81992,0,0,stable
P2481__1.0__1200___0,36,t_8_16,119.99969482421875,0.0,0.0,2.0,0.8326817350109301,0.730890684753003,0.81992,0,0,stable
P2481__1.0__1200___0,37,t_8_16,121.0,0.25,0.0,2.0,0.7377320002277198,0.6933012783522369,0.81992,0,0,mild
P2481__1.0__1200___0,38,t_8_16,110.00097656436265,0.0,0.0,0.0,,0.6194109369513848,0.81992,0,0,stable
P2481__1.0__1200___0,39,t_8_16,70.0,0.0,0.0,3.0,0.9802720841772629,0.7716057142857172,0.81992,0,1,stable
P2523__1.0__991___0,0,t_8_16,130.0,0.25,0.0,3.0,0.08379440394014342,0.6097740307692306,0.85718,0,0,mild
P2523__1.0__991___0,1,t_8_16,240.0,0.0,0.0,5.0,0.9868598521464134,0.5335056583333347,0.85718,0,0,stable
P2523__1.0__991___0,2,t_8_16,240.0,0.0,0.0,3.0,0.9951220265861993,0.5547255999999983,0.85718,0,0,stable
P2523__1.0__991___0,3,s_16_32,260.0,0.0,0.0,5.0,0.9130983627611069,0.5619009807692307,0.85718,0,0,stable
P2523__1.0__991___0,4,s_16_32,286.0,0.0,0.0,3.0,0.9815838812804385,0.42310269230769193,0.85718,1,0,stable
P2523__1.0__991___0,5,t_8_16,210.00030517578125,0.0,0.0,4.0,0.8929021332133885,0.6385822285714275,0.85718,0,0,stable
P2523__1.0__991___0,6,s_16_32,260.0,0.0,0.0,4.0,0.9817478367361347,0.6581136461538466,0.85718,0,0,stable
P2523__1.0__991___0,7,t_8_16,219.99969482421875,0.0,0.0,7.0,0.8430417595437705,0.6157299000000008,0.85718,0,0,stable
P2523__1.0__991___0,8,t_8_16,150.0,0.5,0.5,3.0,0.20739370336692375,0.013396810972491874,0.85718,1,0,mild
P2523__1.0__991___0,9,t_8_16,228.0,0.0,0.0,3.0,0.9858237209961215,0.6570511052631581,0.85718,0,0,stable
P2523__1.0__991___0,10,t_8_16,140.0,0.25,0.0,3.0,0.8574539067686244,0.5209715999999984,0.85718,0,0,mild
P2523__1.0__991___0,11,t_8_16,228.0,0.0,0.0,4.0,0.9790285677315422,0.4876951798245616,0.85718,1,0,stable
P2523__1.0__991___0,12,t_8_16,198.0,0.0,0.0,3.0,0.6664373982157487,0.42377688888888887,0.85718,1,0,stable
P2523__1.0__991___0,13,t_8_16,130.0,0.0,0.0,2.0,0.8600209406880622,0.4460329538461533,0.85718,1,0,stable
P2523__1.0__991___0,14,t_8_16,180.0,0.0,0.0,3.0,0.8722381875072924,0.4230509299167308,0.85718,1,0,stable
P2523__1.0__991___0,15,t_8_16,240.0,0.0,0.0,4.0,0.9860033062956614,0.3594735083333336,0.85718,1,0,stable
P2523__1.0__991___0,16,t_8_16,209.00007247924805,0.25,0.0,3.0,0.5420547868886048,0.47019462200956935,0.85718,1,0,mild
P2523__1.0__991___0,17,t_8_16,188.9999599456787,0.0,0.0,3.0,0.9391635293912116,0.3869734126984125,0.85718,1,0,stable
P2523__1.0__991___0,18,t_8_16,162.0,0.25,0.0,3.0,0.07712644584885665,0.6655589506172843,0.85718,0,0,mild
P2523__1.0__991___0,19,t_8_16,208.99997901916504,0.0,0.0,2.0,0.9362509979861116,0.5087895933014357,0.85718,0,0,stable
P2523__1.0__991___0,20,t_8_16,159.999755859375,0.75,0.25,3.0,0.24179014286957506,0.4795306562499995,0.85718,1,0,high
P2523__1.0__991___0,21,t_8_16,230.0,0.0,0.0,4.0,0.5651538118081583,0.4991596521739133,0.85718,1,0,stable
P2523__1.0__991___0,22,t_8_16,131.99932861328125,0.0,0.0,1.0,,0.0,0.85718,1,0,stable
P2523__1.0__991___0,23,t_8_16,171.0,0.0,0.0,2.0,0.9853169779396757,0.6274523493993974,0.85718,0,0,stable
P2523__1.0__991___0,24,t_8_16,176.0,0.25,0.25,4.0,0.48968150121575554,0.5848778352272733,0.85718,0,0,mild
P2523__1.0__991___0,25,t_8_16,188.9999656677246,0.0,0.0,3.0,0.9955322057558762,0.7438579365079363,0.85718,0,0,stable
P2523__1.0__991___0,26,t_8_16,180.0,0.0,0.0,2.0,0.9984007576771738,0.680292600000001,0.85718,0,0,stable
P2523__1.0__991___0,27,t_8_16,247.00115966796875,0.0,0.0,6.0,0.9971193102762324,0.5274490971659898,0.85718,0,0,stable
P2523__1.0__991___0,28,t_8_16,198.0,0.0,0.0,3.0,0.9580093655973333,0.4597463838383839,0.85718,1,0,stable
P2523__1.0__991___0,29,t_8_16,198.0,0.0,0.0,4.0,0.912182198005684,0.6975709494949489,0.85718,0,0,stable
P2523__1.0__991___0,30,t_8_16,208.99884033203125,0.0,0.0,3.0,0.9175366734767718,0.4869291483253566,0.85718,1,0,stable
P2523__1.0__991___0,31,s_16_32,276.0,0.0,0.0,6.0,0.278353899138282,0.4545793913043449,0.85718,1,0,stable
P2523__1.0__991___0,32,t_8_16,180.0,0.0,0.0,2.0,0.7974222359395047,0.6414710235343744,0.85718,0,0,stable
P2523__1.0__991___0,33,t_8_16,143.0,0.75,0.25,2.0,0.6908977626172645,0.0,0.85718,1,0,high
P2523__1.0__991___0,34,s_16_32,340.0,0.0,0.0,6.0,0.9897061322138574,0.5353562941176461,0.85718,0,0,stable
P2523__1.0__991___0,35,t_8_16,104.000244140625,0.75,0.75,0.0,,0.0,0.85718,1,0,high
P2523__1.0__991___0,36,t_8_16,84.0,0.25,0.0,4.0,0.894073533480696,0.0,0.85718,1,0,mild
P2523__1.0__991___0,37,t_8_16,77.0,0.25,0.0,2.0,0.759292993346249,0.0,0.85718,1,0,mild
P2523__1.0__991___0,38,t_8_16,147.00016021728516,0.25,0.0,5.0,0.9057403061873036,0.6565125714285717,0.85718,0,0,mild
P2523__1.0__991___0,39,t_8_16,220.0,0.0,0.0,3.0,0.772284501054033,0.5272266272727275,0.85718,0,0,stable
P2523__1.0__991___0,40,t_8_16,184.0,0.25,0.25,0.0,0.9999989330728905,0.4148378237519606,0.85718,1,0,mild
P2523__1.0__991___0,41,t_8_16,189.0000400543213,0.0,0.0,3.0,0.9672399018440486,0.6147175421000555,0.85718,0,0,stable
P2523__1.0__991___0,42,t_8_16,220.00004577635264,0.0,0.0,4.0,0.863647108959346,0.4748571545454546,0.85718,1,0,stable
P2523__1.0__991___0,43,t_8_16,176.0,0.0,0.0,4.0,0.9744899416355639,0.6017595909090907,0.85718,0,0,stable
P2523__1.0__991___0,44,t_8_16,198.0,0.0,0.0,4.0,0.9200820711280485,0.44441204545454543,0.85718,1,0,stable
P2523__1.0__991___0,45,t_8_16,99.0,0.25,0.0,1.0,,0.5382857575757579,0.85718,0,0,mild
P2523__1.0__991___0,46,t_8_16,204.0,0.0,0.0,5.0,0.9664582133450897,0.6504421323529415,0.85718,0,0,stable
P2523__1.0__991___0,47,t_8_16,224.0,0.0,0.0,4.0,0.9968862454636724,0.7104835446428588,0.85718,0,0,stable
P2523__1.0__991___0,48,t_8_16,252.0,0.25,0.0,7.0,0.6033592245358955,0.4768339523809535,0.85718,1,0,mild
P2523__1.0__991___0,49,t_8_16,169.99948120117188,0.0,0.0,3.0,0.7903800676706102,0.0,0.85718,1,0,stable
P2523__1.0__991___0,50,s_16_32,273.0,0.0,0.0,4.0,0.9913200411871137,0.5148876923076923,0.85718,0,0,stable
P2523__1.0__991___0,51,t_8_16,239.9993896484375,0.0,0.0,5.0,0.990466454555173,0.44037843750000005,0.85718,1,0,stable
P2523__1.0__991___0,52,t_8_16,162.0,0.0,0.0,3.0,0.7782177768531963,0.5262542222222237,0.85718,0,0,stable
P2523__1.0__991___0,53,t_8_16,179.99969482421875,0.25,0.0,5.0,0.7292603334803928,0.5928929777777772,0.85718,0,0,mild
P2523__1.0__991___0,54,t_8_16,219.99966430664062,0.25,0.0,1.0,0.994218693835805,0.5528105600875194,0.85718,0,0,mild
P2523__1.0__991___0,55,t_8_16,179.99969482421875,0.25,0.25,2.0,0.2951492609392913,0.5346036552969435,0.85718,0,0,mild
P2523__1.0__991___0,56,s_16_32,286.0,0.0,0.0,6.0,0.9183012771485075,0.36759790209790233,0.85718,1,0,stable
P2523__1.0__991___0,57,t_8_16,152.0,0.5,0.5,1.0,,0.0,0.85718,1,0,mild
P2523__1.0__991___0,58,t_8_16,242.0,0.0,0.0,4.0,0.9968876365924078,0.5725177603305793,0.85718,0,0,stable
P2523__1.0__991___0,59,t_8_16,140.0008544921875,0.25,0.25,4.0,0.7018783049117651,0.0,0.85718,1,0,mild
P2523__1.0__991___0,60,t_8_16,108.000732421875,0.25,0.0,2.0,0.5917336689058312,0.0,0.85718,1,0,mild
P2644__1.0__3000___1800,0,t_8_16,128.0,0.5,0.5,0.0,,0.7458375750377927,0.7997,0,0,mild
P2644__1.0__3000___1800,1,t_8_16,119.99951171875,0.25,0.25,3.0,0.672334284928998,0.9492801709104511,0.7997,0,1,mild
P2644__1.0__3000___1800,2,t_8_16,143.99993133544922,0.0,0.0,2.0,0.9955128136715123,0.6690473724470392,0.7997,0,0,stable
P2644__1.0__3000___1800,3,s_16_32,910.0,0.0,0.0,10.0,0.9993239309400304,0.6995280181890025,0.87427,0,0,stable
P2644__1.0__3000___1800,4,s_16_32,928.0,0.0,0.0,10.0,0.9987028352144005,0.772761772036474,0.87427,0,1,stable
P2644__1.0__3000___1800,5,t_8_16,130.0,0.0,0.0,1.0,0.9999960400127298,0.688071600000008,0.7997,0,0,stable
P2644__1.0__3000___1800,6,t_8_16,117.0,0.0,0.0,2.0,0.9324689902046249,0.7961512825447405,0.7997,0,1,stable
P2644__1.0__3000___1800,7,t_8_16,126.0,0.0,0.0,1.0,,0.810516133462432,0.7997,0,1,stable
P2644__1.0__3000___1800,8,t_8_16,175.9990234375,0.0,0.0,1.0,0.9957411893087169,0.6380093863636347,0.7997,0,0,stable
P2644__1.0__3000___1800,9,t_8_16,140.0008544921875,0.0,0.0,3.0,0.7824681494695427,0.7193500490894987,0.7997,0,0,stable
P2644__1.0__3000___1800,10,t_8_16,154.0,0.0,0.0,1.0,0.9999914516822754,0.679032194805196,0.7997,0,0,stable
P2644__1.0__3000___1800,11,t_8_16,140.0,0.0,0.0,3.0,0.9242814634303562,0.6265569142857136,0.7997,0,0,stable
P2644__1.0__3000___1800,12,t_8_16,135.0,0.0,0.0,2.0,0.9945119845381694,0.676977703703706,0.7997,0,0,stable
P2644__1.0__3000___1800,13,t_8_16,130.0,0.0,0.0,1.0,,0.6924996999999972,0.7997,0,0,stable
P2644__1.0__3000___1800,14,t_8_16,150.0,0.25,0.25,1.0,0.99967345190238,0.6054015466666574,0.7997,0,0,mild
P2644__1.0__3000___1800,15,t_8_16,108.000732421875,0.25,0.25,1.0,0.9997477074362954,0.705214173929088,0.7997,0,0,mild
P2644__1.0__3000___1800,16,t_8_16,110.0,0.25,0.0,2.0,0.4910474386394776,0.730783775237836,0.7997,0,0,mild
P2644__1.0__3000___1800,17,t_8_16,99.0,0.0,0.0,2.0,0.9629792498546919,0.7064412964086799,0.7997,0,0,stable
P2644__1.0__3000___1800,18,t_8_16,103.99920654296875,0.0,0.0,4.0,0.9773419207335724,0.5033867488479542,0.7997,0,0,stable
P2644__1.0__3000___1800,19,t_8_16,84.0,0.0,0.0,1.0,0.9908286044627334,0.5530660064469392,0.7997,0,0,stable
P2644__1.0__3000___1800,20,t_8_16,72.0,0.0,0.0,3.0,0.6763588024375077,0.7665216635797715,0.7997,0,1,stable
P2644__1.0__3000___1800,21,t_8_16,84.0,0.0,0.0,1.0,0.9999155865171359,0.6405007914690137,0.7997,0,0,stable
P2644__1.0__3000___1800,22,t_8_16,108.0,0.0,0.0,2.0,0.9943079788764656,0.7485458560101447,0.7997,0,0,stable
P2644__1.0__3000___1800,23,t_8_16,165.0,0.0,0.0,1.0,0.9997577142701196,0.607328872727272,0.7997,0,0,stable
P2644__1.0__3000___1800,24,t_8_16,120.0,0.0,0.0,2.0,0.9978819207386717,0.7575057560467373,0.7997,0,1,stable
P2644__1.0__3000___1800,25,t_8_16,117.0,0.0,0.0,1.0,0.9999999980227746,0.8421037532522206,0.7997,0,1,stable
P2644__1.0__3000___1800,26,t_8_16,104.0,0.25,0.25,1.0,,0.8740654289168225,0.7997,0,1,mild
P2644__1.0__3000___1800,27,t_8_16,84.0,0.0,0.0,2.0,0.8516068898051721,0.8423308980611148,0.7997,0,1,stable
P2644__1.0__3000___1800,28,t_8_16,104.0,0.25,0.25,3.0,0.9625892799583776,0.8586405286968002,0.7997,0,1,mild
P2644__1.0__3000___1800,29,t_8_16,112.0,0.25,0.25,2.0,0.5713963875277546,0.8285714092710771,0.7997,0,1,mild
P2644__1.0__3000___1800,30,t_8_16,84.0,0.0,0.0,1.0,0.9999997806624314,0.8086857410025662,0.7997,0,1,stable
P2644__1.0__3000___1800,33,t_8_16,99.0,0.0,0.0,2.0,0.9497595164628837,0.6845928511317928,0.7997,0,0,stable
P2644__1.0__3000___1800,34,t_8_16,90.0,0.0,0.0,1.0,,0.803044034180098,0.7997,0,1,stable
P2644__1.0__3000___1800,35,t_8_16,70.0,0.0,0.0,2.0,0.7559292573622644,0.7695516038051633,0.7997,0,1,stable
P2644__1.0__3000___1800,36,t_8_16,88.0,0.5,0.5,1.0,,0.788442844981476,0.7997,0,1,mild
P2644__1.0__3000___1800,37,t_8_16,130.0,0.0,0.0,2.0,0.9773563050842846,0.7347688000000021,0.7997,0,0,stable
P2644__1.0__3000___1800,38,t_8_16,167.9991455078125,0.0,0.0,1.0,0.9996431834514767,0.5577284711313397,0.7997,0,0,stable
P2644__1.0__3000___1800,39,t_8_16,117.0,0.0,0.0,3.0,0.7168507309658397,0.8003604839662967,0.7997,0,1,stable
P2644__1.0__3000___1800,40,t_8_16,66.0,0.0,0.0,1.0,0.9999999967799541,0.7545533004447176,0.7997,0,1,stable
P2644__1.0__3000___1800,41,t_8_16,66.0,0.0,0.0,2.0,0.9999845310691176,0.7040461218016972,0.7997,0,0,stable
P2644__1.0__3000___1800,42,t_8_16,96.0,0.25,0.25,1.0,0.9999998919615715,0.8262704166666698,0.7997,0,1,mild
P2644__1.0__3000___1800,43,t_8_16,99.0,0.0,0.0,1.0,0.999620116804026,0.6730931154930059,0.7997,0,0,stable
P2644__1.0__3000___1800,44,t_8_16,96.0,0.0,0.0,2.0,0.9746835100405988,0.65995794662965,0.7997,0,0,stable
P2644__1.0__3000___1800,45,t_8_16,70.0,0.0,0.0,2.0,0.9590830343351254,0.4576338143419542,0.7997,1,0,stable
P2644__1.0__3000___1800,46,t_8_16,108.0,0.0,0.0,1.0,0.9999996064103567,0.7048368303726692,0.7997,0,0,stable
P2644__1.0__3000___1800,47,t_8_16,90.0,0.0,0.0,1.0,0.9999743372621065,0.7928842783233705,0.7997,0,1,stable
P2644__1.0__3000___1800,49,t_8_16,88.0,0.25,0.25,0.0,,0.6783637440055034,0.7997,0,0,mild
P2644__1.0__3000___1800,51,t_8_16,103.99993896484375,0.0,0.0,2.0,0.9251885386855913,0.8609072420713627,0.7997,0,1,stable
P2644__1.0__3000___1800,52,t_8_16,99.0,0.0,0.0,1.0,,0.7950880215945043,0.7997,0,1,stable
P2644__1.0__3000___1800,53,t_8_16,108.0,0.25,0.25,1.0,,0.903950666666665,0.7997,0,1,mild
P2644__1.0__3000___1800,54,t_8_16,70.0,0.25,0.0,1.0,0.9998647627255712,0.7250926655478486,0.7997,0,0,mild
P2644__1.0__3000___1800,55,t_8_16,87.9998779296875,0.25,0.25,2.0,0.6350120037385276,0.832159497236973,0.7997,0,1,mild
P2644__1.0__3000___1800,56,t_8_16,126.0,0.0,0.0,3.0,0.992940335010224,0.8487489999999973,0.7997,0,1,stable
P2644__1.0__3000___1800,57,t_8_16,95.9996337890625,0.0,0.0,3.0,0.9985842651823078,0.9467910784124973,0.7997,0,1,stable
P2644__1.0__3000___1800,58,t_8_16,150.0,0.0,0.0,2.0,0.9673512486719181,0.6713765686319514,0.7997,0,0,stable
P2644__1.0__3000___1800,59,t_8_16,140.0,0.0,0.0,1.0,,0.7927681353588195,0.7997,0,1,stable
P2644__1.0__3000___1800,60,t_8_16,140.0,0.0,0.0,1.0,,0.7643378677256469,0.7997,0,1,stable
P2644__1.0__3000___1800,61,t_8_16,96.0,0.0,0.0,2.0,0.9521962528752778,0.8251464503246287,0.7997,0,1,stable
P2644__1.0__3000___1800,62,t_8_16,130.0,0.0,0.0,2.0,0.9696323680735578,0.7991854384615418,0.7997,0,1,stable
P2644__1.0__3000___1800,63,t_8_16,96.0,0.25,0.25,1.0,,0.9145010687885325,0.7997,0,1,mild
P2644__1.0__3000___1800,64,t_8_16,96.0,0.0,0.0,1.0,0.9999992688807272,0.76842334638687,0.7997,0,1,stable
P2644__1.0__3000___1800,65,t_8_16,110.0,0.0,0.0,2.0,0.9494471507458594,0.7084874662950127,0.7997,0,0,stable
P2644__1.0__3000___1800,66,t_8_16,108.0,0.0,0.0,0.0,,0.8051358580803922,0.7997,0,1,stable
P2644__1.0__3000___1800,67,t_8_16,130.0,0.0,0.0,2.0,0.30248515623882005,0.7525346352420698,0.7997,0,1,stable
P2644__1.0__3000___1800,68,t_8_16,140.0,0.0,0.0,2.0,0.834085580429466,0.8034552007485926,0.7997,0,1,stable
P2644__1.0__3000___1800,69,t_8_16,88.0,0.25,0.0,3.0,0.9789379823206743,0.736201516708927,0.7997,0,0,mild
P2644__1.0__3000___1800,70,t_8_16,104.0,0.75,0.75,0.0,,0.8076918583944933,0.7997,0,1,high
P2644__1.0__3000___1800,71,t_8_16,160.0,0.0,0.0,2.0,0.9997832175542383,0.7351396875000022,0.7997,0,0,stable
P2644__1.0__3000___1800,72,t_8_16,180.0,0.0,0.0,2.0,0.9922736372823031,0.7687731819144823,0.7997,0,1,stable
P2644__1.0__3000___1800,73,t_8_16,105.0,0.0,0.0,2.0,0.44137434553718574,0.7116501817925364,0.7997,0,0,stable
P2644__1.0__3000___1800,74,t_8_16,149.99954223632812,0.0,0.0,2.0,0.9330990315635271,0.7059965399999995,0.7997,0,0,stable
P2644__1.0__3000___1800,75,t_8_16,117.0,0.0,0.0,0.0,,0.7991689002530344,0.7997,0,1,stable
P2644__1.0__3000___1800,76,t_8_16,77.0,0.0,0.0,2.0,0.9869705433348139,0.6759203674211389,0.7997,0,0,stable
P2644__1.0__3000___1800,77,t_8_16,88.0,0.25,0.25,0.0,,0.7898735738296492,0.7997,0,1,mild
P2644__1.0__3000___1800,78,t_8_16,96.0,0.0,0.0,1.0,,0.6153562529938482,0.7997,0,0,stable
P2644__1.0__3000___1800,79,t_8_16,126.00042724609375,0.0,0.0,2.0,0.970109279047183,0.8408577583376582,0.7997,0,1,stable
P2644__1.0__3000___1800,80,t_8_16,108.0,0.0,0.0,1.0,,0.7884808688954716,0.7997,0,1,stable
P2644__1.0__3000___1800,82,t_8_16,84.0,0.0,0.0,3.0,0.7753047620383697,0.6886264934147404,0.7997,0,0,stable
P2644__1.0__3000___1800,83,t_8_16,95.99993896484375,0.25,0.0,1.0,,0.368895306193478,0.7997,1,0,mild
P2644__1.0__3000___1800,84,t_8_16,96.0,0.0,0.0,1.0,,0.8468441303404797,0.7997,0,1,stable
P2644__1.0__3000___1800,85,t_8_16,104.00018310546875,0.0,0.0,2.0,0.9708335791902163,0.7546857282611112,0.7997,0,1,stable
P2644__1.0__3000___1800,86,t_8_16,88.0,0.5,0.0,2.0,0.17902145747691936,0.7912370363464076,0.7997,0,1,mild
P2644__1.0__3000___1800,87,t_8_16,117.0,0.0,0.0,2.0,0.5431066324775029,0.8095645753505064,0.7997,0,1,stable
P2644__1.0__3000___1800,89,t_8_16,126.0,0.0,0.0,2.0,0.9865769405935088,0.7111591207424384,0.7997,0,0,stable
P2644__1.0__3000___1800,90,t_8_16,88.0,0.0,0.0,2.0,0.9954818276641821,0.5745486419629933,0.7997,0,0,stable
P2644__1.0__3000___1800,91,t_8_16,104.0,0.25,0.25,1.0,,0.5109741355068884,0.7997,0,0,mild
P2644__1.0__3000___1800,92,t_8_16,112.0,0.0,0.0,2.0,0.972388215208992,0.7868010419050712,0.7997,0,1,stable
P2644__1.0__3000___1800,93,t_8_16,117.0,0.0,0.0,1.0,,0.8012774824919854,0.7997,0,1,stable
P2644__1.0__3000___1800,94,t_8_16,117.0,0.0,0.0,1.0,0.9999999970610071,0.6652582038802106,0.7997,0,0,stable
P2644__1.0__3000___1800,95,t_8_16,99.00033569335938,0.5,0.0,3.0,0.6749795211881887,0.7652949632109706,0.7997,0,1,mild
P2644__1.0__3000___1800,96,t_8_16,126.0,0.0,0.0,1.0,,0.8367333014941694,0.7997,0,1,stable
P2644__1.0__3000___1800,97,t_8_16,130.00030517578125,0.0,0.0,2.0,0.896848808584812,0.7043608497798621,0.7997,0,0,stable
P2644__1.0__3000___1800,98,t_8_16,96.0,0.0,0.0,0.0,,0.8530099848948204,0.7997,0,1,stable
P2644__1.0__3000___1800,99,t_8_16,99.0,0.0,0.0,2.0,0.805422689093651,0.8616852964798528,0.7997,0,1,stable
P2644__1.0__3000___1800,100,t_8_16,104.0,0.0,0.0,2.0,0.9717871682738797,0.7975280769230748,0.7997,0,1,stable
P2644__1.0__3000___1800,101,t_8_16,80.00006103515625,0.0,0.0,1.0,,0.7951967137830531,0.7997,0,1,stable
P2644__1.0__3000___1800,102,t_8_16,95.99993896484375,0.25,0.25,1.0,,0.7999492029679871,0.7997,0,1,mild
P2644__1.0__3000___1800,103,t_8_16,88.0,0.0,0.0,1.0,,0.8218779137101585,0.7997,0,1,stable
P2644__1.0__3000___1800,104,t_8_16,88.0,0.25,0.25,1.0,,0.7182009240540697,0.7997,0,0,mild
P2644__1.0__3000___1800,105,t_8_16,104.0,0.0,0.0,3.0,0.7817069375430198,0.819438815788487,0.7997,0,1,stable
P2644__1.0__3000___1800,106,t_8_16,88.0,0.25,0.25,1.0,,0.5487215297306719,0.7997,0,0,mild
P2644__1.0__3000___1800,107,t_8_16,120.000732421875,0.0,0.0,2.0,0.89167768790745,0.762873021073025,0.7997,0,1,stable
P2644__1.0__3000___1800,108,t_8_16,126.00056457566097,0.25,0.0,2.0,0.9145002985245277,0.8240920184864777,0.7997,0,1,mild
P2644__1.0__3000___1800,109,t_8_16,95.9996337890625,0.0,0.0,2.0,0.9997689609547207,0.8791525640662051,0.7997,0,1,stable
P2644__1.0__3000___1800,110,t_8_16,140.0,0.0,0.0,3.0,0.918403365803662,0.6715474928076076,0.7997,0,0,stable
P2644__1.0__3000___1800,111,t_8_16,140.00015258789062,0.0,0.0,1.0,,0.7397388632617365,0.7997,0,0,stable
P2644__1.0__3000___1800,112,t_8_16,95.9998779296875,0.0,0.0,1.0,,0.7355536132135039,0.7997,0,0,stable
P2644__1.0__3000___1800,113,t_8_16,130.0,0.25,0.0,3.0,0.6042851736160076,0.833567786390361,0.7997,0,1,mild
P2644__1.0__3000___1800,114,t_8_16,126.0,0.0,0.0,1.0,0.9999999984508885,0.777441948742679,0.7997,0,1,stable
P2644__1.0__3000___1800,115,t_8_16,96.0,0.0,0.0,1.0,,0.7988674959375252,0.7997,0,1,stable
P2644__1.0__3000___1800,116,t_8_16,96.0,0.25,0.25,2.0,0.9999719867995422,0.8644011785688427,0.7997,0,1,mild
P2644__1.0__3000___1800,117,t_8_16,126.0,0.25,0.25,1.0,,0.8299427426414964,0.7997,0,1,mild
P2644__1.0__3000___1800,118,t_8_16,120.0,0.0,0.0,2.0,0.8155294911276122,0.7556824566901621,0.7997,0,1,stable
P2644__1.0__3000___1800,119,t_8_16,140.0,0.0,0.0,3.0,0.9876357459528794,0.7750676428571427,0.7997,0,1,stable
P2644__1.0__3000___1800,120,t_8_16,88.0,0.25,0.25,1.0,,0.7008913059514958,0.7997,0,0,mild
P2644__1.0__3000___1800,121,t_8_16,240.0,0.0,0.0,5.0,0.9907061803999136,0.8105787000000028,0.7997,0,1,stable
P2644__1.0__3000___1800,122,t_8_16,128.0,0.0,0.0,2.0,0.8863534797259717,0.757102751618686,0.7997,0,1,stable
P2644__1.0__3000___1800,123,t_8_16,135.0,0.0,0.0,2.0,0.9326189154518967,0.7409177985546802,0.7997,0,0,stable
P2644__1.0__3000___1800,124,t_8_16,130.0,0.0,0.0,2.0,0.8990602643348424,0.6529798676459253,0.7997,0,0,stable
P2644__1.0__3000___1800,125,t_8_16,135.00006866455078,0.0,0.0,2.0,0.9751655205214425,0.7307042962962943,0.7997,0,0,stable
P2644__1.0__3000___1800,126,t_8_16,91.0,0.0,0.0,2.0,0.9999602104331082,0.8180714183870641,0.7997,0,1,stable
P2644__1.0__3000___1800,127,t_8_16,140.0008544921875,0.0,0.0,5.0,0.7969044126091862,0.75937905312302,0.7997,0,1,stable
P2644__1.0__3000___1800,128,t_8_16,120.0,0.0,0.0,2.0,0.9921557324748337,0.6952640726330359,0.7997,0,0,stable
P2644__1.0__3000___1800,129,t_8_16,104.00003051757812,0.0,0.0,1.0,,0.8788288152589019,0.7997,0,1,stable
P2644__1.0__3000___1800,130,t_8_16,140.0,0.0,0.0,3.0,0.9440414318407979,0.7016425777974927,0.7997,0,0,stable
P2644__1.0__3000___1800,131,t_8_16,117.0,0.25,0.0,1.0,,0.6987563302453559,0.7997,0,0,mild
P2644__1.0__3000___1800,132,t_8_16,104.0,0.0,0.0,2.0,0.9235428531361074,0.8131386645946161,0.7997,0,1,stable
P2644__1.0__3000___1800,133,t_8_16,117.0,0.5,0.0,3.0,0.2656857028532614,0.8149079152911065,0.7997,0,1,mild
P2644__1.0__3000___1800,134,t_8_16,130.0,0.25,0.0,4.0,0.8336914533656048,0.5978718576059037,0.7997,0,0,mild
P2644__1.0__3000___1800,135,t_8_16,72.0,0.5,0.0,3.0,0.4768705038232042,0.7053642798102986,0.7997,0,0,mild
P2644__1.0__3000___1800,136,t_8_16,150.0,0.0,0.0,1.0,0.994605572489754,0.6509993599999986,0.7997,0,0,stable
P2644__1.0__3000___1800,137,s_16_32,360.0,0.0,0.0,6.0,0.9955361132654629,0.7736836014688471,0.7997,0,1,stable
P2644__1.0__3000___1800,138,t_8_16,97.99997329711914,0.0,0.0,1.0,,0.8511585472804085,0.7997,0,1,stable
P2644__1.0__3000___1800,139,t_8_16,78.00018310546875,0.0,0.0,2.0,0.9944175323503635,0.7141407335206373,0.7997,0,0,stable
P2644__1.0__3000___1800,140,t_8_16,80.0,0.0,0.0,2.0,0.8021248931296896,0.6630899714164414,0.7997,0,0,stable
P2644__1.0__3000___1800,141,t_8_16,105.00019931790303,0.0,0.0,4.0,0.5434587466910991,0.8476142396957228,0.7997,0,1,stable
P2680__1.0__1046___0,0,t_8_16,72.0,0.0,0.0,3.0,0.9968658301895139,0.8530490258180482,0.81683,0,1,stable
P2680__1.0__1046___0,1,t_8_16,76.99983215332031,0.0,0.0,3.0,0.9147572616943516,0.7318018108507561,0.81683,0,0,stable
P2680__1.0__1046___0,2,t_8_16,65.0,0.25,0.0,4.0,0.6787258936121265,0.6254514957080501,0.81683,0,0,mild
P2680__1.0__1046___0,3,t_8_16,72.0,0.0,0.0,2.0,0.939679715315192,0.8083936636068834,0.81683,0,1,stable
P2680__1.0__1046___0,4,t_8_16,84.0,0.0,0.0,3.0,0.988504994207636,0.7654507142857055,0.81683,0,1,stable
P2680__1.0__1046___0,5,t_8_16,90.0,0.5,0.0,5.0,0.31182400294942686,0.6320128813384827,0.81683,0,0,mild
P2680__1.0__1046___0,6,t_8_16,88.0,0.0,0.0,2.0,0.9887071906056417,0.6647697597850394,0.81683,0,0,stable
P2680__1.0__1046___0,7,t_8_16,112.0,0.25,0.25,2.0,0.9429721118275514,0.6022947857142832,0.81683,0,0,mild
P2680__1.0__1046___0,8,t_8_16,84.0,0.5,0.0,3.0,0.550151600921766,0.7049769047619152,0.81683,0,0,mild
P2680__1.0__1046___0,9,t_8_16,84.00004577636719,0.0,0.0,5.0,0.9897952178014594,0.7176128883723921,0.81683,0,0,stable
P2680__1.0__1046___0,11,t_8_16,117.0,0.0,0.0,3.0,0.7531752708861063,0.8343132495369684,0.81683,0,1,stable
P2680__1.0__1046___0,12,t_8_16,84.0,0.25,0.0,2.0,0.9831626187557075,0.7150109788618126,0.81683,0,0,mild
P2680__1.0__1046___0,15,t_8_16,65.0,0.5,0.5,0.0,,0.11240386263168403,0.81683,1,0,mild
P2680__1.0__1046___0,16,t_8_16,72.0,0.5,0.0,5.0,0.11772694607199727,0.674698375614442,0.81683,0,0,mild
P2680__1.0__1046___0,17,t_8_16,72.0,0.0,0.0,0.0,,0.012668391391653764,0.81683,1,0,stable
P2680__1.0__1046___0,18,t_8_16,72.0,0.0,0.0,1.0,,0.7632939385939186,0.81683,0,1,stable
P2680__1.0__1046___0,21,t_8_16,77.0,0.0,0.0,2.0,0.9955448428764355,0.7282050326336534,0.81683,0,0,stable
P2680__1.0__1046___0,22,t_8_16,70.0,0.0,0.0,6.0,0.9825142447786613,0.7322182634777654,0.81683,0,0,stable
P2680__1.0__1046___0,24,t_8_16,91.0,0.0,0.0,4.0,0.9323225868357637,0.706590171944609,0.81683,0,0,stable
P2680__1.0__1046___0,25,t_8_16,78.0,0.0,0.0,4.0,0.9680650339465136,0.839192342944185,0.81683,0,1,stable
P2680__1.0__1046___0,29,t_8_16,90.0,0.0,0.0,2.0,0.8392600578057541,0.7743080053378265,0.81683,0,1,stable
P2680__1.0__1046___0,31,t_8_16,65.0,0.0,0.0,1.0,,0.0,0.81683,1,0,stable
P2680__1.0__1046___0,33,t_8_16,84.0,0.25,0.0,3.0,0.35770735853050606,0.0,0.81683,1,0,mild
P2680__1.0__1046___0,34,t_8_16,78.0,0.0,0.0,1.0,,0.0,0.81683,1,0,stable
P2680__1.0__1046___0,37,t_8_16,84.0,0.0,0.0,4.0,0.9933489682093045,0.7786100612129864,0.81683,0,1,stable
P2680__1.0__1046___0,38,t_8_16,80.0,0.0,0.0,1.0,,0.571772532961912,0.81683,0,0,stable
P2680__1.0__1046___0,39,t_8_16,77.0,0.0,0.0,3.0,0.9943454640298409,0.8005537616677317,0.81683,0,1,stable
P2680__1.0__1046___0,42,t_8_16,66.0,0.5,0.0,4.0,0.04825785098521932,0.3529837722022484,0.81683,1,0,mild
P2680__1.0__1046___0,43,t_8_16,66.00067138671875,0.0,0.0,3.0,0.8662097816665304,0.6134015047345779,0.81683,0,0,stable
P2680__1.0__1046___0,45,t_8_16,66.0,0.25,0.25,4.0,0.04807574842666382,0.7322430909090745,0.81683,0,0,mild
P2680__1.0__1046___0,46,t_8_16,120.0,0.25,0.0,5.0,0.20213813909883308,0.5937844916666682,0.81683,0,0,mild
P2680__1.0__1046___0,47,t_8_16,78.0,0.0,0.0,2.0,0.9755027261843227,0.6657020948895449,0.81683,0,0,stable
P2680__1.0__1046___0,48,t_8_16,88.0,0.0,0.0,1.0,,0.6045941226254311,0.81683,0,0,stable
P2680__1.0__1046___0,49,t_8_16,72.0,0.5,0.25,5.0,0.607576041814937,0.0,0.81683,1,0,mild
P2680__1.0__1046___0,50,t_8_16,72.0,0.0,0.0,2.0,0.9889830377362036,0.7366928118360125,0.81683,0,0,stable
P2680__1.0__1046___0,51,t_8_16,78.0003662109375,0.25,0.0,2.0,0.6450050399184648,0.5634692043805418,0.81683,0,0,mild
P2680__1.0__1046___0,53,t_8_16,72.0,0.0,0.0,3.0,0.9870519932961203,0.721540624330295,0.81683,0,0,stable
P2680__1.0__1046___0,54,t_8_16,84.0,0.0,0.0,3.0,0.9453740705019475,0.7353940485954383,0.81683,0,0,stable
P2680__1.0__1046___0,55,t_8_16,108.0,0.25,0.0,1.0,0.9998952182996014,0.7484795185185162,0.81683,0,0,mild
P2680__1.0__1046___0,56,t_8_16,130.0,0.0,0.0,1.0,,0.5980405076923017,0.81683,0,0,stable
P2680__1.0__1046___0,57,t_8_16,156.0,0.0,0.0,3.0,0.974105612796245,0.7715907069322592,0.81683,0,1,stable
P2680__1.0__1046___0,59,t_8_16,72.0,0.0,0.0,3.0,0.9949601429761001,0.8073333333333189,0.81683,0,1,stable
P2680__1.0__1046___0,60,t_8_16,77.0,0.0,0.0,5.0,0.9582969470100814,0.7021658961038824,0.81683,0,0,stable
P2680__1.0__1046___0,61,t_8_16,72.0,0.0,0.0,4.0,0.9932924190898204,0.8319255746251141,0.81683,0,1,stable
P2680__1.0__1046___0,62,t_8_16,112.0,0.5,0.5,0.0,,0.6491671875000059,0.81683,0,0,mild
P2680__1.0__1046___0,63,t_8_16,66.0,0.0,0.0,3.0,0.9828513970827105,0.8374883816582526,0.81683,0,1,stable
P2680__1.0__1046___0,64,t_8_16,66.0,0.0,0.0,2.0,0.7400337461652944,0.6483222179378767,0.81683,0,0,stable
P2680__1.0__1046___0,67,t_8_16,70.0,0.0,0.0,3.0,0.644780608628312,0.7005980989358659,0.81683,0,0,stable
P2680__1.0__1046___0,68,t_8_16,66.0,0.0,0.0,3.0,0.9939909357955201,0.7468306054080156,0.81683,0,0,stable
P2680__1.0__1046___0,69,t_8_16,72.0,0.0,0.0,4.0,0.8633549199580173,0.9144698146160152,0.81683,0,1,stable
P2680__1.0__1046___0,70,t_8_16,72.0,0.0,0.0,3.0,0.9986822550524083,0.8577342368160961,0.81683,0,1,stable
P2680__1.0__1046___0,71,t_8_16,98.0,0.0,0.0,5.0,0.9979225829593623,0.7429585272540957,0.81683,0,0,stable
P2680__1.0__1046___0,72,t_8_16,104.0,0.25,0.25,2.0,0.9552163964410966,0.0,0.81683,1,0,mild
P2680__1.0__1046___0,73,t_8_16,91.0,0.0,0.0,3.0,0.9104052173676808,0.6044442030325685,0.81683,0,0,stable
P2680__1.0__1046___0,74,t_8_16,65.0,0.0,0.0,4.0,0.9880950463111716,0.7943488667668939,0.81683,0,1,stable
P2680__1.0__1046___0,76,t_8_16,96.0,0.0,0.0,1.0,,0.590060839768617,0.81683,0,0,stable
P2680__1.0__1046___0,77,t_8_16,98.0,0.25,0.0,5.0,0.2302608587862963,0.7455584742022332,0.81683,0,0,mild
P2680__1.0__1046___0,79,t_8_16,71.9996337890625,0.0,0.0,2.0,0.9289475071572735,0.8095323343879566,0.81683,0,1,stable
P2680__1.0__1046___0,80,t_8_16,104.0,0.0,0.0,2.0,0.9985726916482571,0.7068669807692288,0.81683,0,0,stable
P2680__1.0__1046___0,82,t_8_16,77.0,0.0,0.0,4.0,0.9422369954329901,0.6341454159783798,0.81683,0,0,stable
P2680__1.0__1046___0,83,t_8_16,72.0,0.0,0.0,3.0,0.5983980894654197,0.5342733726977945,0.81683,0,0,stable
P2680__1.0__1046___0,86,t_8_16,66.0,0.0,0.0,3.0,0.9914615312808864,0.9101552769243565,0.81683,0,1,stable
P2680__1.0__1046___0,88,t_8_16,84.0,0.0,0.0,4.0,0.49825874998991077,0.565505357142857,0.81683,0,0,stable
P2680__1.0__1046___0,89,t_8_16,100.0,0.0,0.0,1.0,,0.6653511499999992,0.81683,0,0,stable
P2680__1.0__1046___0,90,t_8_16,110.0,0.0,0.0,2.0,0.9974738087957149,0.7617264041695895,0.81683,0,1,stable
P2680__1.0__1046___0,91,t_8_16,72.0,0.0,0.0,2.0,0.8301438292913568,0.7760009877568856,0.81683,0,1,stable
P2680__1.0__1046___0,93,t_8_16,190.0,0.0,0.0,3.0,0.8752854361515415,0.3573771210526299,0.81683,1,0,stable
P2680__1.0__1046___0,94,t_8_16,75.0,0.0,0.0,3.0,0.9592115416383126,0.7602897893917961,0.81683,0,1,stable
P2680__1.0__1046___0,95,t_8_16,65.0,0.0,0.0,4.0,0.9891721628907395,0.7578349999428783,0.81683,0,1,stable
P2680__1.0__1046___0,96,t_8_16,65.0,0.0,0.0,3.0,0.9488158703585967,0.7355858792139416,0.81683,0,0,stable
P2680__1.0__1046___0,97,t_8_16,84.0,0.25,0.0,2.0,0.06060042387928735,0.7754510571630355,0.81683,0,1,mild
P2680__1.0__1046___0,103,t_8_16,84.0,0.0,0.0,3.0,0.9046849715727507,0.5941443604902948,0.81683,0,0,stable
P2680__1.0__1046___0,104,t_8_16,84.0,0.25,0.0,4.0,0.45172781609703455,0.6941391428571319,0.81683,0,0,mild
P2680__1.0__1046___0,105,t_8_16,78.0,0.0,0.0,1.0,0.9999999999956809,0.7688065000000006,0.81683,0,1,stable
P2680__1.0__1046___0,106,t_8_16,78.0,0.25,0.0,4.0,0.37123398505138844,0.7286451282051263,0.81683,0,0,mild
P2680__1.0__1046___0,107,t_8_16,88.0,0.25,0.25,1.0,,0.6388504068323992,0.81683,0,0,mild
P2680__1.0__1046___0,108,t_8_16,70.0008544921875,0.0,0.0,2.0,0.9769927164657235,0.6967407097487174,0.81683,0,0,stable
P2680__1.0__1046___0,109,t_8_16,88.0,0.0,0.0,2.0,0.9417702462592455,0.6855904874812337,0.81683,0,0,stable
P2680__1.0__1046___0,110,t_8_16,84.0,0.0,0.0,3.0,0.9854942768442666,0.7649696428571345,0.81683,0,1,stable
P2680__1.0__1046___0,111,t_8_16,65.00030517578125,0.25,0.0,3.0,0.43186811972775757,0.6941834552095204,0.81683,0,0,mild
P2680__1.0__1046___0,112,t_8_16,84.0,0.0,0.0,3.0,0.8447461293822601,0.5089632311103989,0.81683,0,0,stable
P2680__1.0__1046___0,114,t_8_16,91.0,0.0,0.0,5.0,0.9937722764287016,0.0,0.81683,1,0,stable
P2680__1.0__1046___0,115,t_8_16,117.0,0.0,0.0,2.0,0.9896407207686775,0.7377136495726461,0.81683,0,0,stable
P2680__1.0__1046___0,116,t_8_16,117.00039672851562,0.0,0.0,2.0,0.7664938536333541,0.0035083645159352072,0.81683,1,0,stable
P2680__1.0__1046___0,117,t_8_16,78.00097656436265,0.0,0.0,3.0,0.8532362171509331,0.7130853227336413,0.81683,0,0,stable
P2680__1.0__1046___0,119,t_8_16,91.00042724609375,0.0,0.0,3.0,0.2702236877610364,0.0,0.81683,1,0,stable
P2680__1.0__1046___0,120,t_8_16,71.99981689453125,0.0,0.0,2.0,0.8754129767462926,0.794640861970518,0.81683,0,1,stable
P2680__1.0__1046___0,122,t_8_16,65.0,0.0,0.0,3.0,0.9819389256608609,0.7012899999909574,0.81683,0,0,stable
P2680__1.0__1046___0,126,t_8_16,156.0,0.0,0.0,2.0,0.7309056293703565,0.5433052884615358,0.81683,0,0,stable
P2680__1.0__1046___0,127,t_8_16,100.0,0.0,0.0,2.0,0.9373093213363499,0.8027184100000071,0.81683,0,1,stable
P2680__1.0__1046___0,130,t_8_16,66.0,0.0,0.0,4.0,0.9842105128148555,0.7613790030535994,0.81683,0,1,stable
P2680__1.0__1046___0,131,t_8_16,65.00030517578125,0.5,0.0,3.0,0.2691368348393632,0.7670288615384413,0.81683,0,1,mild
P2680__1.0__1046___0,132,t_8_16,65.00030517578125,0.25,0.0,2.0,0.9562465112832249,0.0,0.81683,1,0,mild
P2680__1.0__1046___0,134,t_8_16,65.00030517578125,0.25,0.25,0.0,,0.0,0.81683,1,0,mild
P2680__1.0__1046___0,138,t_8_16,65.00015258789062,0.25,0.0,4.0,0.47355438240124137,0.6222673503258402,0.81683,0,0,mild
P2680__1.0__1046___0,139,t_8_16,90.0,0.0,0.0,4.0,0.9738197804175611,0.6708341027359359,0.81683,0,0,stable
P2680__1.0__1046___0,140,t_8_16,78.00013732910156,0.0,0.0,5.0,0.9860925980263958,0.8547862104699558,0.81683,0,1,stable
P2680__1.0__1046___0,141,t_8_16,156.0,0.0,0.0,2.0,0.9978970892106238,0.6141116939134373,0.81683,0,0,stable
P2680__1.0__1046___0,142,t_8_16,84.0,0.0,0.0,3.0,0.9636744373923704,0.7054455865518761,0.81683,0,0,stable
P2680__1.0__1046___0,147,t_8_16,112.0,0.25,0.0,3.0,0.4014680382683808,0.5562146428571481,0.81683,0,0,mild
P2680__1.0__1046___0,148,t_8_16,78.0,0.0,0.0,2.0,0.9522792490232147,0.0,0.81683,1,0,stable
P2680__1.0__1046___0,150,t_8_16,77.0,0.0,0.0,4.0,0.9916436389278662,0.7787257749055381,0.81683,0,1,stable
P2680__1.0__1046___0,158,t_8_16,77.0,0.0,0.0,4.0,0.875146151475923,0.6714605960291221,0.81683,0,0,stable
P2680__1.0__1046___0,159,t_8_16,72.0,0.0,0.0,5.0,0.8593012866129416,0.5508481291966991,0.81683,0,0,stable
P2680__1.0__1046___0,160,t_8_16,66.0,0.0,0.0,2.0,0.9817413817759405,0.8178126139008112,0.81683,0,1,stable
P2680__1.0__1046___0,161,t_8_16,84.0,0.0,0.0,3.0,0.9660850556761366,0.8218696071428683,0.81683,0,1,stable
P2680__1.0__1046___0,162,t_8_16,66.0,0.0,0.0,5.0,0.9548799744569072,0.8141637438053669,0.81683,0,1,stable
P2680__1.0__1046___0,163,t_8_16,108.0,0.0,0.0,2.0,0.9848641976676418,0.6906690325077361,0.81683,0,0,stable
P2680__1.0__1046___0,169,t_8_16,70.0,0.0,0.0,3.0,0.9948479378777949,0.8273990578234333,0.81683,0,1,stable
P2680__1.0__1046___0,171,t_8_16,72.0,0.0,0.0,3.0,0.9700681675942896,0.6726753242516191,0.81683,0,0,stable
P2680__1.0__1046___0,172,t_8_16,84.0,0.0,0.0,3.0,0.6740145063082198,0.7037754285714337,0.81683,0,0,stable
P2680__1.0__1046___0,173,t_8_16,72.0,0.0,0.0,3.0,0.9726252698452673,0.7209246586483472,0.81683,0,0,stable
P2680__1.0__1046___0,174,t_8_16,120.0,0.0,0.0,2.0,0.995330558069178,0.6007838000000005,0.81683,0,0,stable
P2680__1.0__1046___0,175,t_8_16,91.00021362304688,0.0,0.0,4.0,0.9759532363437172,0.7382853663039002,0.81683,0,0,stable
P2680__1.0__1046___0,176,t_8_16,66.00018310546875,0.5,0.0,2.0,0.012243886898545669,0.5441974443363176,0.81683,0,0,mild
P2680__1.0__1046___0,177,t_8_16,65.00015258789062,0.0,0.0,2.0,0.9960775163438836,0.7461754800593656,0.81683,0,0,stable
P2680__1.0__1046___0,178,t_8_16,72.0,0.25,0.0,3.0,0.7368042519542273,0.7692894988710126,0.81683,0,1,mild
P2680__1.0__1046___0,179,t_8_16,83.9996337890625,0.0,0.0,3.0,0.9780857426562627,0.5599278415280086,0.81683,0,0,stable
P2680__1.0__1046___0,182,t_8_16,72.0,0.0,0.0,1.0,,0.6380733102434949,0.81683,0,0,stable
P2705__1.0__668___1200,0,s_16_32,306.0,0.0,0.0,5.0,0.9584476487064865,0.8458833235942446,0.82961,0,1,stable
P2705__1.0__668___1200,1,s_16_32,306.00103759765625,0.0,0.0,6.0,0.7627111769251991,0.7093129064596538,0.82961,0,0,stable
P2705__1.0__668___1200,2,t_8_16,209.99988555908203,0.0,0.0,5.0,0.9885768455166501,0.7754264097920989,0.82961,0,1,stable
P2705__1.0__668___1200,3,t_8_16,224.99905586254317,0.0,0.0,3.0,0.993771921022659,0.8164475011232324,0.82961,0,1,stable
P2705__1.0__668___1200,4,t_8_16,209.99998569488525,0.0,0.0,5.0,0.9924510696022869,0.8279436800288106,0.82961,0,1,stable
P2705__1.0__668___1200,5,t_8_16,225.0,0.0,0.0,6.0,0.9972675969966592,0.8919180467372272,0.82961,0,1,stable
P2705__1.0__668___1200,7,t_8_16,125.99945068359375,0.25,0.0,2.0,0.6340373043044593,0.462430857142857,0.66253,1,0,mild
P2705__1.0__668___1200,8,t_8_16,110.0,0.0,0.0,2.0,0.9965820598729093,0.5316106818181872,0.66253,0,0,stable
P2705__1.0__668___1200,9,t_8_16,72.00048828125,0.0,0.0,1.0,,0.6487860878772326,0.66253,0,0,stable
P2705__1.0__668___1200,10,t_8_16,84.0,0.0,0.0,5.0,0.90639296511408,0.7385975075076979,0.66253,0,0,stable
P2705__1.0__668___1200,12,t_8_16,66.00067138671875,0.0,0.0,2.0,0.9934932719495886,0.5848224646089464,0.66253,0,0,stable
P2705__1.0__668___1200,13,t_8_16,91.0,0.0,0.0,3.0,0.9943690316567569,0.6918242417582355,0.66253,0,0,stable
P2705__1.0__668___1200,15,t_8_16,90.0,0.25,0.25,1.0,,0.404740517570915,0.66253,1,0,mild
P2705__1.0__668___1200,16,t_8_16,200.0,0.0,0.0,4.0,0.770249483181017,0.6526163554686113,0.66253,0,0,stable
P2705__1.0__668___1200,17,t_8_16,76.99932861328125,0.25,0.0,3.0,0.8215506995432071,0.508635167054866,0.66253,0,0,mild
P2705__1.0__668___1200,18,s_16_32,341.0,0.0,0.0,6.0,0.6637324088271688,0.47240720163584304,0.66253,1,0,stable
P2735__1.0__1800___1800,0,t_8_16,210.0,0.0,0.0,3.0,0.9963450235887784,0.8351007571206114,0.86695,0,1,stable
P2735__1.0__1800___1800,1,s_16_32,272.0,0.0,0.0,5.0,0.9998140469646555,0.9083648326842264,0.86695,0,1,stable
P2735__1.0__1800___1800,2,t_8_16,80.99986267089844,0.0,0.0,1.0,,0.7980168794107642,0.86695,0,1,stable
P2735__1.0__1800___1800,3,t_8_16,66.0,0.0,0.0,3.0,0.8399574449375882,0.6058102283636733,0.00375,0,0,stable
P2735__1.0__1800___1800,4,t_8_16,100.0,0.0,0.0,5.0,0.9852738701431387,0.0,0.00375,1,0,stable
P2790__1.0__1200___0,0,t_8_16,230.00140380859375,0.0,0.0,4.0,0.9953058167676235,0.8080921388610337,0.85148,0,1,stable
P2790__1.0__1200___0,1,s_16_32,321.99859619140625,0.0,0.0,6.0,0.9731104779374337,0.5886110282411919,0.85148,0,0,stable
P2790__1.0__1200___0,2,t_8_16,209.0,0.0,0.0,3.0,0.9652677350769671,0.731664478164858,0.85148,0,0,stable
P2790__1.0__1200___0,3,t_8_16,200.0,0.0,0.0,3.0,0.9935901372002276,0.8855673294253225,0.85148,0,1,stable
P2790__1.0__1200___0,4,s_16_32,286.0,0.0,0.0,5.0,0.39635686073876947,0.46907092258914074,0.85148,1,0,stable
P2790__1.0__1200___0,5,s_16_32,293.99871826171875,0.5,0.5,4.0,0.4487238862444173,0.5347441905945285,0.85148,0,0,mild
P2790__1.0__1200___0,6,t_8_16,231.0,0.0,0.0,5.0,0.9090955200140403,0.8695662746843844,0.85148,0,1,stable
P2790__1.0__1200___0,7,t_8_16,230.00140380859375,0.25,0.0,6.0,0.8947129799754696,0.7127278255033531,0.85148,0,0,mild
P2790__1.0__1200___0,8,t_8_16,209.0,0.0,0.0,4.0,0.9043890740815573,0.8672140259905954,0.85148,0,1,stable
P2790__1.0__1200___0,9,t_8_16,128.0,0.0,0.0,2.0,0.9899011135535442,0.6765415374199247,0.85148,0,0,stable
P2790__1.0__1200___0,10,t_8_16,240.0,0.0,0.0,3.0,0.9962583603157519,0.8087086707438603,0.85148,0,1,stable
P2790__1.0__1200___0,11,s_16_32,264.0,0.0,0.0,4.0,0.9981293588742621,0.8573323415453004,0.85148,0,1,stable
a05b88cb4,0,s_16_32,391.0,0.0,0.0,7.0,0.347062969074391,0.89589726086957,0.48533,0,1,stable
a05b88cb4,1,t_8_16,144.0,0.0,0.0,3.0,0.8689197269083945,0.785051152837629,0.48533,0,1,stable
a0c26d000,0,s_16_32,256.0,0.0,0.0,3.0,0.9906286621536892,0.9745670282255633,0.88534,0,1,stable
a0c26d000,1,t_8_16,156.0,0.0,0.0,2.0,0.9873861072617491,0.8912360887164112,0.88534,0,1,stable
a0c26d000,2,t_8_16,240.0,0.0,0.0,3.0,0.9853184071509922,0.9245726890534754,0.88534,0,1,stable
a0c26d000,3,s_16_32,379.9999237060547,0.0,0.0,4.0,0.9883704342578227,0.7915971349218839,0.88534,0,1,stable
a0c26d000,4,t_8_16,182.0,0.0,0.0,3.0,0.9667539608515701,0.9478090803410746,0.88534,0,1,stable
a0c26d000,5,t_8_16,181.9999008178711,0.0,0.0,2.0,0.9985227777919106,0.9401179230769295,0.88534,0,1,stable
a0c26d000,6,t_8_16,180.0,0.0,0.0,3.0,0.8941315695109233,0.8380232968179071,0.88534,0,1,stable
a0c26d000,7,s_16_32,399.0,0.0,0.0,8.0,0.6232041202022099,0.937736822055143,0.88534,0,1,stable
a0c26d000,8,t_8_16,195.99989318847656,0.0,0.0,5.0,0.9571455485483117,0.8412785464057474,0.88534,0,1,stable
a0c26d000,9,t_8_16,196.0,0.0,0.0,4.0,0.9598253486741181,0.9610729387755154,0.88534,0,1,stable
a0c26d000,10,t_8_16,144.0,0.0,0.0,1.0,,0.749474973240105,0.88534,0,0,stable
a0c26d000,11,s_16_32,380.0,0.0,0.0,7.0,0.9742263816512201,0.8826686802482354,0.88534,0,1,stable
a0febd5c1,0,t_8_16,209.9991455078125,0.0,0.0,5.0,0.9839506920637004,0.8682145280254756,0.9146,0,1,stable
a0febd5c1,1,t_8_16,150.0,0.0,0.0,2.0,0.8390233958764374,0.9043292389678524,0.9146,0,1,stable
a25ade42c,0,s_16_32,467.9999656677246,0.0,0.0,8.0,0.9968207718421447,0.9528823800365379,0.84271,0,1,stable
a4a363ae3,0,t_8_16,156.0,0.0,0.0,3.0,0.9517869279356721,0.9012734353980241,0.91832,0,1,stable
a562df41c,0,t_8_16,99.0,0.0,0.0,2.0,0.9888716617100424,0.4786322567673148,0.71798,1,0,stable
a6881b8ef,0,t_8_16,156.0003662109375,0.25,0.0,3.0,0.5244835396440923,0.8066457334205134,0.29168,0,1,mild
a7e07a4e2,0,t_8_16,240.0,0.0,0.0,6.0,0.9500840323385701,0.8639349325313206,0.71521,0,1,stable
a8419c552,0,t_8_16,80.0,0.25,0.0,1.0,,0.7015620518212867,0.32694,0,0,mild
a9487f190,0,t_8_16,72.0,0.5,0.5,1.0,,0.8056500436950623,0.78721,0,1,mild
b111f21e0,0,t_8_16,108.0,0.0,0.0,1.0,,0.8551134619473106,0.81416,0,1,stable
b27e7e33e,0,s_16_32,364.0008544921875,0.0,0.0,8.0,0.9883423534537384,0.8160137142857149,0.78344,0,1,stable
b27e7e33e,1,t_8_16,77.0,0.25,0.0,3.0,0.8188150368737775,0.8824808326961492,0.78344,0,1,mild
b5bcba7d1,0,t_8_16,135.0000286102295,0.0,0.0,2.0,0.9791970532971729,0.9121259765179471,0.7054,0,1,stable
b7c82af82,0,t_8_16,108.0,0.25,0.0,3.0,0.35093981976559085,0.5873199718989248,0.61626,0,0,mild
baf1c4609,0,t_8_16,132.0,0.0,0.0,1.0,,0.7501913642549038,0.588,0,1,stable
bbccadff1,0,t_8_16,196.0,0.0,0.0,5.0,0.8493169915150821,0.602279195159933,0.43825,0,0,stable
bbccadff1,1,t_8_16,132.0,1.0,0.0,4.0,0.013059330006230491,0.5976934720252317,0.43825,0,0,high
bbccadff1,2,t_8_16,195.0,0.0,0.0,2.0,0.9981861634521598,0.7648768657953494,0.43825,0,1,stable
bf93651ea,0,t_8_16,112.0,0.5,0.5,1.0,,0.7156290315092496,0.75979,0,0,mild
c211906b9,0,t_8_16,104.99999809264409,0.0,0.0,5.0,0.9815871940670576,0.9253262626890418,0.79322,0,1,stable
c47428cd8,0,t_8_16,110.0,0.0,0.0,2.0,0.9986693005869526,0.8678646686896816,0.78047,0,1,stable
c47428cd8,1,t_8_16,108.0,0.0,0.0,2.0,0.9780658706863552,0.843417157407406,0.78047,0,1,stable
c78b4450e,0,t_8_16,255.00001621246338,0.3333333333333333,0.0,5.0,0.5608323184645209,0.6945358311896652,0.12941,0,0,mild
ceb74a7cd,0,t_8_16,144.0001220703125,0.25,0.0,3.0,0.2572786133435711,0.7889691556665347,0.27265,0,1,mild
d29acb51d,0,s_16_32,323.0,0.0,0.0,7.0,0.7854197435467936,0.7021941806226292,0.74015,0,0,stable
d29acb51d,1,t_8_16,255.0,0.0,0.0,5.0,0.7963899094105477,0.6312362117647052,0.74015,0,0,stable
d29acb51d,2,s_16_32,644.0,0.5,0.0,10.0,0.5812341124048462,0.4065932222545938,0.74015,1,0,mild
d29acb51d,3,t_8_16,252.0008544921875,0.0,0.0,4.0,0.9506996138217471,0.6397315041206554,0.74015,0,0,stable
d67d144f8,0,t_8_16,72.0,0.75,0.75,0.0,,0.894905038603519,0.62607,0,1,high
d7f2e8027,0,t_8_16,189.99942016601562,0.0,0.0,3.0,0.9958382392860452,0.9342091955273514,0.86595,0,1,stable
d7f2e8027,1,t_8_16,225.0,0.0,0.0,4.0,0.16030264800038402,0.6249595652206772,0.86595,0,0,stable
d89781c4f,0,t_8_16,228.0,0.0,0.0,7.0,0.9850609518440937,0.7754808947368419,0.61821,0,1,stable
d89781c4f,1,t_8_16,98.0,0.75,0.0,5.0,0.05497304821537704,0.6662323014443626,0.61821,0,0,high
dce1c718f,0,t_8_16,196.0,0.0,0.0,4.0,0.9164392641584096,0.8350982857142851,0.72251,0,1,stable
ded177da3,0,t_8_16,180.0,0.0,0.0,3.0,0.9039065567326707,0.8197173369296326,0.54321,0,1,stable
e3332d6b3,0,t_8_16,136.0,0.0,0.0,3.0,0.9269474913947426,0.8232631234112833,0.6539,0,1,stable
e4fbf6655,0,t_8_16,181.99960327148438,0.0,0.0,4.0,0.9778388409771284,0.6911562197802236,0.72584,0,0,stable
e4fbf6655,1,t_8_16,120.0,0.0,0.0,1.0,,0.7773567869727478,0.72584,0,1,stable
e4fbf6655,3,t_8_16,88.0,0.0,0.0,1.0,,0.7386277795614795,0.72584,0,0,stable
e5d4d71d8,0,t_8_16,195.0,0.0,0.0,4.0,0.9494372549070202,0.8963941377282488,0.5503,0,1,stable
ecf96de51,0,t_8_16,154.0,0.25,0.0,3.0,0.5656298250111313,0.7434297096477013,0.69896,0,0,mild
eefabbd8e,0,t_8_16,144.0,0.0,0.0,3.0,0.9341379896600738,0.8683121657090235,0.67526,0,1,stable
f2962b9a9,0,s_16_32,270.0000171661377,0.0,0.0,5.0,0.7010773474054547,0.5250050896819108,0.12222,0,0,stable
f2962b9a9,1,t_8_16,247.0,0.5,0.0,5.0,0.28660658383887727,0.8142151974848643,0.12222,0,1,mild
f38f57e36,0,t_8_16,223.9990234375,0.0,0.0,4.0,0.6182540257547862,0.9147209795969117,0.77042,0,1,stable
f38f57e36,1,t_8_16,221.0,0.0,0.0,3.0,0.9481684594058827,0.6951071930176296,0.77042,0,0,stable
f38f57e36,2,t_8_16,146.99871826171875,0.0,0.0,5.0,0.8891465880195741,0.6680596075510705,0.77042,0,0,stable
f38f57e36,3,t_8_16,231.0,0.0,0.0,4.0,0.9719635504638278,0.8169023722943746,0.77042,0,1,stable
f38f57e36,4,t_8_16,144.0,0.25,0.0,7.0,0.5461657708396606,0.7831248645334076,0.77042,0,1,mild
f38f57e36,5,t_8_16,180.0,0.0,0.0,4.0,0.9750428975872897,0.892279869579774,0.77042,0,1,stable
f397255f3,0,t_8_16,117.0,0.25,0.0,2.0,0.992911042304306,0.838286303585274,0.76332,0,1,mild
f397255f3,1,t_8_16,120.0,0.0,0.0,7.0,0.9584231713884592,0.8269866201224298,0.76332,0,1,stable
f6ca92775,0,t_8_16,66.0,0.0,0.0,2.0,0.9805779212073278,0.5493092847725948,0.80027,0,0,stable
f897c2524,0,t_8_16,189.0,0.25,0.0,3.0,0.9570767143749429,0.8628950548712744,0.70977,0,1,mild
