size_group,estimand,metric,radius,estimate,ci_low,ci_high
all,o2o,survival,0.0,1.0,1.0,1.0
all,o2o,cif_eligibility,0.0,0.0,0.0,0.0
all,o2o,cif_topk,0.0,0.0,0.0,0.0
all,o2o,cif_conflict,0.0,0.0,0.0,0.0
all,o2o,cif_within_set,0.0,0.0,0.0,0.0
all,o2o,cif_other,0.0,0.0,0.0,0.0
all,o2o,survival,0.001953125,0.9884619856542194,0.986614924669138,0.9903032782129335
all,o2o,cif_eligibility,0.001953125,0.010846705364222338,0.009033100346010705,0.01269596139838399
all,o2o,cif_topk,0.001953125,0.0,0.0,0.0
all,o2o,cif_conflict,0.001953125,0.0,0.0,0.0
all,o2o,cif_within_set,0.001953125,0.0006913089815582381,0.0003705969497910622,0.0010690619340519897
all,o2o,cif_other,0.001953125,0.0,0.0,0.0
all,o2o,survival,0.00390625,0.9877021337441212,0.9858111712854999,0.9895564807258467
all,o2o,cif_eligibility,0.00390625,0.010915878260207868,0.009120363831506096,0.01274621027364186
all,o2o,cif_topk,0.00390625,0.0,0.0,0.0
all,o2o,cif_conflict,0.00390625,0.0,0.0,0.0
all,o2o,cif_within_set,0.00390625,0.0013819879956708933,0.0008914419790571026,0.0019299485831401134
all,o2o,cif_other,0.00390625,0.0,0.0,0.0
all,o2o,survival,0.005859375,0.9871141641282443,0.9851917756013997,0.9890080348444246
all,o2o,cif_eligibility,0.005859375,0.010985051156193398,0.009187390591824567,0.012818426292026954
all,o2o,cif_topk,0.005859375,0.0,0.0,0.0
all,o2o,cif_conflict,0.005859375,0.0,0.0,0.0
all,o2o,cif_within_set,0.005859375,0.0019007847155623628,0.0013101929478670405,0.0025818334075129656
all,o2o,cif_other,0.005859375,0.0,0.0,0.0
all,o2o,survival,0.0078125,0.9865272444581099,0.9845720684347153,0.9884456690891461
all,o2o,cif_eligibility,0.0078125,0.011019637604186162,0.009212539208238515,0.012859303266247436
all,o2o,cif_topk,0.0078125,0.0,0.0,0.0
all,o2o,cif_conflict,0.0078125,0.0,0.0,0.0
all,o2o,cif_within_set,0.0078125,0.0024531179377039595,0.0018048767437711085,0.0031679628104417756
all,o2o,cif_other,0.0078125,0.0,0.0,0.0
all,o2o,survival,0.009765625,0.9858015590177075,0.9838164639826821,0.9877603763788361
all,o2o,cif_eligibility,0.009765625,0.011088810500171692,0.009281783184626378,0.012932933211778845
all,o2o,cif_topk,0.009765625,0.0,0.0,0.0
all,o2o,cif_conflict,0.009765625,0.0,0.0,0.0
all,o2o,cif_within_set,0.009765625,0.003109630482120905,0.0024078133165213915,0.003851444729831882
all,o2o,cif_other,0.009765625,0.0,0.0,0.0
all,o2o,survival,0.01171875,0.9850412871293123,0.9831239900599144,0.9869029161858648
all,o2o,cif_eligibility,0.01171875,0.011157983396157221,0.00936728773402999,0.012989165633283378
all,o2o,cif_topk,0.01171875,0.0,0.0,0.0
all,o2o,cif_conflict,0.01171875,3.458644799276465e-05,0.0,0.00010963804776710833
all,o2o,cif_within_set,0.01171875,0.003766143026537851,0.0030742786640278207,0.004496113139834077
all,o2o,cif_other,0.01171875,0.0,0.0,0.0
all,o2o,survival,0.013671875,0.9844539474808808,0.9824861735328555,0.9863912902609365
all,o2o,cif_eligibility,0.013671875,0.011261532750986987,0.009476574462220519,0.013093958153015528
all,o2o,cif_topk,0.013671875,0.0,0.0,0.0
all,o2o,cif_conflict,0.013671875,3.458644799276465e-05,0.0,0.00010963804776710833
all,o2o,cif_within_set,0.013671875,0.004249933320139501,0.003432036562145386,0.005132283110237164
all,o2o,cif_other,0.013671875,0.0,0.0,0.0
all,o2o,survival,0.015625,0.9836247126856484,0.9815882060429809,0.9856378127683211
all,o2o,cif_eligibility,0.015625,0.01133049565782399,0.009528595479831708,0.013168257971729873
all,o2o,cif_topk,0.015625,0.0,0.0,0.0
all,o2o,cif_conflict,0.015625,6.917289598552928e-05,0.0,0.00017675455307750496
all,o2o,cif_within_set,0.015625,0.004975618760541976,0.004095804168437888,0.00592711704004868
all,o2o,cif_other,0.015625,0.0,0.0,0.0
all,o2o,survival,0.017578125,0.9828990272452459,0.9806662134326827,0.9850292863364574
all,o2o,cif_eligibility,0.017578125,0.011364872116668227,0.00955355722534075,0.01321644036172256
all,o2o,cif_topk,0.017578125,0.0,0.0,0.0
all,o2o,cif_conflict,0.017578125,0.00010354935482976643,0.0,0.00022561272354238622
all,o2o,cif_within_set,0.017578125,0.005632551283255977,0.00464883105784454,0.006702442507704552
all,o2o,cif_other,0.017578125,0.0,0.0,0.0
all,o2o,survival,0.01953125,0.9821733418048434,0.9798333939165194,0.9843815620164312
all,o2o,cif_eligibility,0.01953125,0.011434045012653757,0.009626258808077569,0.013282700592513007
all,o2o,cif_topk,0.01953125,0.0,0.0,0.0
all,o2o,cif_conflict,0.01953125,0.00010354935482976643,0.0,0.00022561272354238622
all,o2o,cif_within_set,0.01953125,0.0062890638276729225,0.005162493280828968,0.007540415816321512
all,o2o,cif_other,0.01953125,0.0,0.0,0.0
all,o2o,survival,0.021484375,0.9812405576547814,0.9788392707327556,0.9835666589181066
all,o2o,cif_eligibility,0.021484375,0.011503217908639287,0.009687007304294467,0.013347145598922772
all,o2o,cif_topk,0.021484375,0.0,0.0,0.0
all,o2o,cif_conflict,0.021484375,0.00020730869880806037,3.3183883533839086e-05,0.0004324004746145288
all,o2o,cif_within_set,0.021484375,0.0070489157377711074,0.005831961757883258,0.008425591454462915
all,o2o,cif_other,0.021484375,0.0,0.0,0.0
all,o2o,survival,0.0234375,0.9805494586623716,0.9780495808370832,0.9829850121962604
all,o2o,cif_eligibility,0.0234375,0.011641353711461818,0.009820293875488403,0.013489913901620586
all,o2o,cif_topk,0.0234375,0.0,0.0,0.0
all,o2o,cif_conflict,0.0234375,0.00020730869880806037,3.3183883533839086e-05,0.0004324004746145288
all,o2o,cif_within_set,0.0234375,0.007601878927358287,0.006252890115080137,0.009121527380972593
all,o2o,cif_other,0.0234375,0.0,0.0,0.0
all,o2o,survival,0.025390625,0.9798931561071033,0.9773308115995221,0.9823772658913541
all,o2o,cif_eligibility,0.025390625,0.011641353711461818,0.009820293875488403,0.013489913901620586
all,o2o,cif_topk,0.025390625,0.0,0.0,0.0
all,o2o,cif_conflict,0.025390625,0.0002762716056450622,6.424522822867132e-05,0.0005312643613135659
all,o2o,cif_within_set,0.025390625,0.008189218575789704,0.00675810501482502,0.009823579788465585
all,o2o,cif_other,0.025390625,0.0,0.0,0.0
all,o2o,survival,0.02734375,0.9793062364369689,0.9766283973902967,0.9818551368152816
all,o2o,cif_eligibility,0.02734375,0.011744903066291584,0.009903052877684712,0.013591103155462718
all,o2o,cif_topk,0.02734375,0.0,0.0,0.0
all,o2o,cif_conflict,0.02734375,0.0002762716056450622,6.424522822867132e-05,0.0005312643613135659
all,o2o,cif_within_set,0.02734375,0.0086725888910943,0.007171859209169002,0.010428225561291977
all,o2o,cif_other,0.02734375,0.0,0.0,0.0
all,o2o,survival,0.029296875,0.9787882796736715,0.9760923165739372,0.9814052632924917
all,o2o,cif_eligibility,0.029296875,0.011779489514284348,0.009940458589192543,0.013620195603695828
all,o2o,cif_topk,0.029296875,0.0,0.0,0.0
all,o2o,cif_conflict,0.029296875,0.0002762716056450622,6.424522822867132e-05,0.0005312643613135659
all,o2o,cif_within_set,0.029296875,0.009155959206398894,0.007558181130426096,0.011003982268746564
all,o2o,cif_other,0.029296875,0.0,0.0,0.0
all,o2o,survival,0.03125,0.9778211190647653,0.9749207179221389,0.9805532689265727
all,o2o,cif_eligibility,0.03125,0.01184845242112135,0.009984755514150527,0.013728578929236053
all,o2o,cif_topk,0.03125,0.0,0.0,0.0
all,o2o,cif_conflict,0.03125,0.00031064806448929933,8.680919230309713e-05,0.0005815498778282023
all,o2o,cif_within_set,0.03125,0.010019780449623901,0.008280302244250469,0.012070450632934989
all,o2o,cif_other,0.03125,0.0,0.0,0.0
all,o2o,survival,0.033203125,0.9769924849274138,0.9740043522856388,0.9797907528073478
all,o2o,cif_eligibility,0.033203125,0.011952005438718251,0.010077431112111668,0.013829338017123655
all,o2o,cif_topk,0.033203125,3.45876713910677e-05,0.0,0.00011975868684384612
all,o2o,cif_conflict,0.033203125,0.00031064806448929933,8.680919230309713e-05,0.0005815498778282023
all,o2o,cif_within_set,0.033203125,0.010710273897987437,0.008865880416169343,0.012845850781456836
all,o2o,cif_other,0.033203125,0.0,0.0,0.0
all,o2o,survival,0.03515625,0.9764751398325818,0.9734631188518355,0.9792784212763161
all,o2o,cif_eligibility,0.03515625,0.011952005438718251,0.010077431112111668,0.013829338017123655
all,o2o,cif_topk,0.03515625,3.45876713910677e-05,0.0,0.00011975868684384612
all,o2o,cif_conflict,0.03515625,0.00031064806448929933,8.680919230309713e-05,0.0005815498778282023
all,o2o,cif_within_set,0.03515625,0.011227618992819332,0.009319597300157597,0.013445535893338459
all,o2o,cif_other,0.03515625,0.0,0.0,0.0
all,o2o,survival,0.037109375,0.9759913324262596,0.9728586758459885,0.9788350446627245
all,o2o,cif_eligibility,0.037109375,0.012020970784924083,0.010145021334467803,0.013915576571186243
all,o2o,cif_topk,0.037109375,3.45876713910677e-05,0.0,0.00011975868684384612
all,o2o,cif_conflict,0.037109375,0.000345235735880367,9.40160438256126e-05,0.0006659687450065276
all,o2o,cif_within_set,0.037109375,0.011607873381544774,0.009673885903763271,0.013916557441097916
all,o2o,cif_other,0.037109375,0.0,0.0,0.0
all,o2o,survival,0.0390625,0.9750241376067674,0.9717910533882965,0.977917852402693
all,o2o,cif_eligibility,0.0390625,0.012089936131129915,0.010193969168530756,0.013980787669318763
all,o2o,cif_topk,0.0390625,3.45876713910677e-05,0.0,0.00011975868684384612
all,o2o,cif_conflict,0.0390625,0.0003798234072714347,0.00011888571302947613,0.0007130418815059019
all,o2o,cif_within_set,0.0390625,0.012471515183439953,0.010453601164401655,0.014827543437335652
all,o2o,cif_other,0.0390625,0.0,0.0,0.0
all,o2o,survival,0.041015625,0.9743681852917406,0.9710679724911738,0.9773754667567995
all,o2o,cif_eligibility,0.041015625,0.012159116382064974,0.010260470026791611,0.014073495251446787
all,o2o,cif_topk,0.041015625,3.45876713910677e-05,0.0,0.00011975868684384612
all,o2o,cif_conflict,0.041015625,0.0003798234072714347,0.00011888571302947613,0.0007130418815059019
all,o2o,cif_within_set,0.041015625,0.013058287247531643,0.010940460490882127,0.015491468238911777
all,o2o,cif_other,0.041015625,0.0,0.0,0.0
all,o2o,survival,0.04296875,0.9736770128168182,0.9702989475932288,0.976737303692827
all,o2o,cif_eligibility,0.04296875,0.012193706507532504,0.010295491039717053,0.01410485746577945
all,o2o,cif_topk,0.04296875,3.45876713910677e-05,0.0,0.00011975868684384612
all,o2o,cif_conflict,0.04296875,0.00041441353273896447,0.00014565565744519454,0.0007537455613285656
all,o2o,cif_within_set,0.04296875,0.013680279471519022,0.011446947740579826,0.016197561511978847
all,o2o,cif_other,0.04296875,0.0,0.0,0.0
all,o2o,survival,0.044921875,0.9730201971223412,0.9695606035482602,0.9761536565902034
all,o2o,cif_eligibility,0.044921875,0.012228297861866765,0.01034532543920406,0.014149166070111059
all,o2o,cif_topk,0.044921875,3.45876713910677e-05,0.0,0.00011975868684384612
all,o2o,cif_conflict,0.044921875,0.000449004887073224,0.0001482595187515721,0.0008496203114994993
all,o2o,cif_within_set,0.044921875,0.014267912457327375,0.011968462204706303,0.016855485758826564
all,o2o,cif_other,0.044921875,0.0,0.0,0.0
all,o2o,survival,0.046875,0.9720530405677433,0.968516445497127,0.9752435476916916
all,o2o,cif_eligibility,0.046875,0.012297485489844794,0.010417131818215014,0.014197133386471238
all,o2o,cif_topk,0.046875,3.45876713910677e-05,0.0,0.00011975868684384612
all,o2o,cif_conflict,0.046875,0.0004835987010622389,0.0001621916912969392,0.000912347148435487
all,o2o,cif_within_set,0.046875,0.015131287569958213,0.012732593290301061,0.01789163906474714
all,o2o,cif_other,0.046875,0.0,0.0,0.0
all,o2o,survival,0.048828125,0.9711894554212418,0.9675049704823566,0.9744234427065194
all,o2o,cif_eligibility,0.048828125,0.012366463083952176,0.010485778591768708,0.014246262920836285
all,o2o,cif_topk,0.048828125,3.45876713910677e-05,0.0,0.00011975868684384612
all,o2o,cif_conflict,0.048828125,0.0004835987010622389,0.0001621916912969392,0.000912347148435487
all,o2o,cif_within_set,0.048828125,0.015925895122352318,0.013402846526964059,0.018778153372370963
all,o2o,cif_other,0.048828125,0.0,0.0,0.0
all,o2o,survival,0.05078125,0.9705325930231918,0.9666817211615916,0.9739348294128041
all,o2o,cif_eligibility,0.05078125,0.012470244525919221,0.010584525132845387,0.014354663924336741
all,o2o,cif_topk,0.05078125,3.45876713910677e-05,0.0,0.00011975868684384612
all,o2o,cif_conflict,0.05078125,0.0005181925150512537,0.00017589003895590507,0.0009629180827887698
all,o2o,cif_within_set,0.05078125,0.016444382264446247,0.013766308821894304,0.0195540935492647
all,o2o,cif_other,0.05078125,0.0,0.0,0.0
all,o2o,survival,0.052734375,0.9697036016906794,0.9656537521078494,0.9731177649398499
all,o2o,cif_eligibility,0.052734375,0.012574025967886267,0.010702271139609048,0.014454944188188039
all,o2o,cif_topk,0.052734375,3.45876713910677e-05,0.0,0.00011975868684384612
all,o2o,cif_conflict,0.052734375,0.0005527863290402685,0.00018114680194923944,0.0010276133929481238
all,o2o,cif_within_set,0.052734375,0.01713499834100266,0.014373165771478182,0.020368811705664437
all,o2o,cif_other,0.052734375,0.0,0.0,0.0
all,o2o,survival,0.0546875,0.9687359905491739,0.9644261184027628,0.9723035259088854
all,o2o,cif_eligibility,0.0546875,0.012781596256812924,0.01089577984431102,0.014677479900180809
all,o2o,cif_topk,0.0546875,3.45876713910677e-05,0.0,0.00011975868684384612
all,o2o,cif_conflict,0.0546875,0.0005873813771947117,0.0002153994094934321,0.001067894698071219
all,o2o,cif_within_set,0.0546875,0.01786044414542699,0.015004890650100388,0.021286322708285652
all,o2o,cif_other,0.0546875,0.0,0.0,0.0
all,o2o,survival,0.056640625,0.9681486729479787,0.9636643120374596,0.9719040324667967
all,o2o,cif_eligibility,0.056640625,0.012954373796523273,0.011034224687626543,0.014868793295511716
all,o2o,cif_topk,0.056640625,3.45876713910677e-05,0.0,0.00011975868684384612
all,o2o,cif_conflict,0.056640625,0.0006907538221075902,0.00028764032655612375,0.0011894391237585184
all,o2o,cif_within_set,0.056640625,0.01817161176199895,0.015220557438403831,0.021635249930656925
all,o2o,cif_other,0.056640625,0.0,0.0,0.0
all,o2o,survival,0.05859375,0.9674577728455039,0.9629179321178565,0.9713132280704322
all,o2o,cif_eligibility,0.05859375,0.013023568834954079,0.011096505067703755,0.014941163667446045
all,o2o,cif_topk,0.05859375,3.45876713910677e-05,0.0,0.00011975868684384612
all,o2o,cif_conflict,0.05859375,0.0007599488605383958,0.0003142671857018787,0.0013271065434915768
all,o2o,cif_within_set,0.05859375,0.018724121787612073,0.015739715247359714,0.022332530200415677
all,o2o,cif_other,0.05859375,0.0,0.0,0.0
all,o2o,survival,0.060546875,0.9664561252391906,0.9618662134963301,0.9703590833149427
all,o2o,cif_eligibility,0.060546875,0.013403931489956845,0.011466021628855488,0.015370629741237457
all,o2o,cif_topk,0.060546875,3.45876713910677e-05,0.0,0.00011975868684384612
all,o2o,cif_conflict,0.060546875,0.0008291438989692014,0.0003621950879583518,0.0014181992139739622
all,o2o,cif_within_set,0.060546875,0.019276211700491864,0.016258620835093912,0.022872241317646057
all,o2o,cif_other,0.060546875,0.0,0.0,0.0
all,o2o,survival,0.0625,0.9657297353849404,0.9609978412777288,0.9696915090088173
all,o2o,cif_eligibility,0.0625,0.013611531468716038,0.011656366130306444,0.015604888433913597
all,o2o,cif_topk,0.0625,3.45876713910677e-05,0.0,0.00011975868684384612
all,o2o,cif_conflict,0.0625,0.0008983438918889326,0.0004025574129284834,0.0015007477791942538
all,o2o,cif_within_set,0.0625,0.01972580158306304,0.016654018759666274,0.023389222828829773
all,o2o,cif_other,0.0625,0.0,0.0,0.0
all,o2o,survival,0.064453125,0.9651077311641737,0.9603896570286713,0.9691407960113099
all,o2o,cif_eligibility,0.064453125,0.013715128810023495,0.01177436045910614,0.015703416102132016
all,o2o,cif_topk,0.064453125,3.45876713910677e-05,0.0,0.00011975868684384612
all,o2o,cif_conflict,0.064453125,0.0008983438918889326,0.0004025574129284834,0.0015007477791942538
all,o2o,cif_within_set,0.064453125,0.020244208462522242,0.01711853343246656,0.023945476410845427
all,o2o,cif_other,0.064453125,0.0,0.0,0.0
all,o2o,survival,0.06640625,0.9640012526093751,0.9592120849987316,0.9681010036084938
all,o2o,cif_eligibility,0.06640625,0.014199160654249499,0.012291858144848143,0.016213327351436376
all,o2o,cif_topk,0.06640625,3.45876713910677e-05,0.0,0.00011975868684384612
all,o2o,cif_conflict,0.06640625,0.0008983438918889326,0.0004025574129284834,0.0015007477791942538
all,o2o,cif_within_set,0.06640625,0.020866655173094856,0.017706268085077206,0.02466258997490425
all,o2o,cif_other,0.06640625,0.0,0.0,0.0
all,o2o,survival,0.068359375,0.9626880608103217,0.9577864781064646,0.9668899759223786
all,o2o,cif_eligibility,0.068359375,0.014648637185016257,0.012714756625837013,0.016674993406123915
all,o2o,cif_topk,0.068359375,3.45876713910677e-05,0.0,0.00011975868684384612
all,o2o,cif_conflict,0.068359375,0.000932951335274153,0.0004305950654715675,0.0015342804757436507
all,o2o,cif_within_set,0.068359375,0.02169576299799627,0.018403470059892724,0.02562142037831351
all,o2o,cif_other,0.068359375,0.0,0.0,0.0
all,o2o,survival,0.0703125,0.9613051347641378,0.9562338378352676,0.9655975303559052
all,o2o,cif_eligibility,0.0703125,0.015132965992120455,0.013190559026712246,0.017161203658786407
all,o2o,cif_topk,0.0703125,3.45876713910677e-05,0.0,0.00011975868684384612
all,o2o,cif_conflict,0.0703125,0.0010365709761886949,0.0004995073417271953,0.0016760361101893593
all,o2o,cif_within_set,0.0703125,0.022490740596161456,0.019077932050559736,0.02653837641786094
all,o2o,cif_other,0.0703125,0.0,0.0,0.0
all,o2o,survival,0.072265625,0.9596105363679911,0.9545916432319079,0.963912315440748
all,o2o,cif_eligibility,0.072265625,0.01617095556712254,0.014171877644036067,0.018154768511905242
all,o2o,cif_topk,0.072265625,3.45876713910677e-05,0.0,0.00011975868684384612
all,o2o,cif_conflict,0.072265625,0.0010365709761886949,0.0004995073417271953,0.0016760361101893593
all,o2o,cif_within_set,0.072265625,0.023147349417306153,0.0197221578111728,0.027234399365314712
all,o2o,cif_other,0.072265625,0.0,0.0,0.0
all,o2o,survival,0.07421875,0.9582282516947548,0.9530549734808947,0.9626061673441079
all,o2o,cif_eligibility,0.07421875,0.01675856841257226,0.014748662258716686,0.01882265215894333
all,o2o,cif_topk,0.07421875,3.45876713910677e-05,0.0,0.00011975868684384612
all,o2o,cif_conflict,0.07421875,0.0010365709761886949,0.0004995073417271953,0.0016760361101893593
all,o2o,cif_within_set,0.07421875,0.02394202124509277,0.02043714742515028,0.02817875179709099
all,o2o,cif_other,0.07421875,0.0,0.0,0.0
all,o2o,survival,0.076171875,0.9566372644876103,0.9512815146494055,0.9611016554492701
all,o2o,cif_eligibility,0.076171875,0.017727260423767113,0.015573600625572852,0.019902045258628022
all,o2o,cif_topk,0.076171875,3.45876713910677e-05,0.0,0.00011975868684384612
all,o2o,cif_conflict,0.076171875,0.00107118963923922,0.0005336853378060773,0.0017165131086961495
all,o2o,cif_within_set,0.076171875,0.0245296977779919,0.02101699803438962,0.028780481424310684
all,o2o,cif_other,0.076171875,0.0,0.0,0.0
all,o2o,survival,0.078125,0.9554965751531422,0.9500298616326887,0.9599916922860459
all,o2o,cif_eligibility,0.078125,0.018280608576315274,0.016095864269345044,0.020476038504169413
all,o2o,cif_topk,0.078125,3.45876713910677e-05,0.0,0.00011975868684384612
all,o2o,cif_conflict,0.078125,0.0011056030989487452,0.0005432615062290931,0.0017787099079214184
all,o2o,cif_within_set,0.078125,0.025082625500202252,0.0215028018033431,0.02940323275916779
all,o2o,cif_other,0.078125,0.0,0.0,0.0
all,o2o,survival,0.080078125,0.9529024389032436,0.9473424457078462,0.9574991802684398
all,o2o,cif_eligibility,0.080078125,0.020287382489670824,0.018008019417434084,0.02257475821702814
all,o2o,cif_topk,0.080078125,6.921259333137828e-05,0.0,0.00018271273991037686
all,o2o,cif_conflict,0.080078125,0.0011056030989487452,0.0005432615062290931,0.0017787099079214184
all,o2o,cif_within_set,0.080078125,0.02563536291480511,0.021951602522371987,0.03005774813355425
all,o2o,cif_other,0.080078125,0.0,0.0,0.0
all,o2o,survival,0.08203125,0.9514844473610876,0.9458132239391284,0.9561286383900486
all,o2o,cif_eligibility,0.08203125,0.02091023327119095,0.01855629295370396,0.02322110308701616
all,o2o,cif_topk,0.08203125,6.921259333137828e-05,0.0,0.00018271273991037686
all,o2o,cif_conflict,0.08203125,0.0011748554592019456,0.0005991786861881827,0.0018442543271836114
all,o2o,cif_within_set,0.08203125,0.026361251315187673,0.02252820197473328,0.030861837397650502
all,o2o,cif_other,0.08203125,0.0,0.0,0.0
all,o2o,survival,0.083984375,0.9491678564273424,0.9432992096390321,0.9540459849780722
all,o2o,cif_eligibility,0.083984375,0.022604701281695158,0.02007103340155081,0.02513733249247899
all,o2o,cif_topk,0.083984375,6.921259333137828e-05,0.0,0.00018271273991037686
all,o2o,cif_conflict,0.083984375,0.0011748554592019456,0.0005991786861881827,0.0018442543271836114
all,o2o,cif_within_set,0.083984375,0.026983374238428795,0.023032032487925982,0.03158241944757628
all,o2o,cif_other,0.083984375,0.0,0.0,0.0
all,o2o,survival,0.0859375,0.9468149894402493,0.9408031610864338,0.9517782809702541
all,o2o,cif_eligibility,0.0859375,0.024161804367195384,0.021663102668763052,0.026684897166288718
all,o2o,cif_topk,0.0859375,6.921259333137828e-05,0.0,0.00018271273991037686
all,o2o,cif_conflict,0.0859375,0.0012439151785110373,0.0006198770847775671,0.001977313270704329
all,o2o,cif_within_set,0.0859375,0.02771007842071248,0.023684234937363116,0.032437008558277185
all,o2o,cif_other,0.0859375,0.0,0.0,0.0
all,o2o,survival,0.087890625,0.9456396265175482,0.9396249855707148,0.9506800199287047
all,o2o,cif_eligibility,0.087890625,0.024611251134559586,0.022151781917716742,0.027079717143478118
all,o2o,cif_topk,0.087890625,6.921259333137828e-05,0.0,0.00018271273991037686
all,o2o,cif_conflict,0.087890625,0.0013818344235111335,0.0006407458283280476,0.0022884462099212427
all,o2o,cif_within_set,0.087890625,0.028298075331049246,0.024198384739157072,0.033015056696236715
all,o2o,cif_other,0.087890625,0.0,0.0,0.0
all,o2o,survival,0.08984375,0.9432530722737343,0.9371195102818335,0.9484449828807437
all,o2o,cif_eligibility,0.08984375,0.026236929908498414,0.023646261804506564,0.02880862926168019
all,o2o,cif_topk,0.08984375,6.921259333137828e-05,0.0,0.00018271273991037686
all,o2o,cif_conflict,0.08984375,0.0014164770349074372,0.0006505251059669727,0.0023661938100042555
all,o2o,cif_within_set,0.08984375,0.029024308189527902,0.024861662539171422,0.033789185426431854
all,o2o,cif_other,0.08984375,0.0,0.0,0.0
all,o2o,survival,0.091796875,0.9409690602040193,0.9348142498933524,0.9462252340081748
all,o2o,cif_eligibility,0.091796875,0.027932562531456862,0.025392489168587554,0.030470796287738557
all,o2o,cif_topk,0.091796875,6.921259333137828e-05,0.0,0.00018271273991037686
all,o2o,cif_conflict,0.091796875,0.0014857723913152844,0.0006902078677165508,0.0024545485879228016
all,o2o,cif_within_set,0.091796875,0.029543392279876613,0.025282208615949025,0.034400663884939085
all,o2o,cif_other,0.091796875,0.0,0.0,0.0
all,o2o,survival,0.09375,0.9400356077597335,0.9338652056976974,0.94526301662256
all,o2o,cif_eligibility,0.09375,0.028174483011814057,0.025609136315723098,0.030720481128651448
all,o2o,cif_topk,0.09375,0.0001038628232664209,0.0,0.00022436271781525865
all,o2o,cif_conflict,0.09375,0.0015202122448542928,0.0006919004349198188,0.002530897886827017
all,o2o,cif_within_set,0.09375,0.030165834160331174,0.02585927525731005,0.03506273550102055
all,o2o,cif_other,0.09375,0.0,0.0,0.0
all,o2o,survival,0.095703125,0.9358815573569425,0.9296048990456843,0.9413876404352463
all,o2o,cif_eligibility,0.095703125,0.031670850853635,0.029040483777238855,0.03421633194512665
all,o2o,cif_topk,0.095703125,0.0001038628232664209,0.0,0.00022436271781525865
all,o2o,cif_conflict,0.095703125,0.0015895305905110134,0.000730488618123112,0.002639334843699293
all,o2o,cif_within_set,0.095703125,0.030754198375644613,0.02637552668335079,0.03579696567485061
all,o2o,cif_other,0.095703125,0.0,0.0,0.0
all,o2o,survival,0.09765625,0.9347038566244428,0.9284011846445647,0.9402798216256533
all,o2o,cif_eligibility,0.09765625,0.03225991167391137,0.02961937074595745,0.03490736287768525
all,o2o,cif_topk,0.09765625,0.0001038628232664209,0.0,0.00022436271781525865
all,o2o,cif_conflict,0.09765625,0.0016241936066464784,0.0007461906184785483,0.0027182113575244834
all,o2o,cif_within_set,0.09765625,0.03130817527173244,0.02691588050610209,0.03635397307741615
all,o2o,cif_other,0.09765625,0.0,0.0,0.0
all,o2o,survival,0.099609375,0.9335267872540227,0.9271149476750287,0.9391315728844467
all,o2o,cif_eligibility,0.099609375,0.0327790150998372,0.030130670855588234,0.03549367267812203
all,o2o,cif_topk,0.099609375,0.0001038628232664209,0.0,0.00022436271781525865
all,o2o,cif_conflict,0.099609375,0.0016586461687554065,0.0007475353611744491,0.0027969315365816622
all,o2o,cif_within_set,0.099609375,0.03193168865411774,0.02745089952188798,0.03703060227898205
all,o2o,cif_other,0.099609375,0.0,0.0,0.0
all,o2o,survival,0.1015625,0.9315538600052352,0.924987163999221,0.9373073348130853
all,o2o,cif_eligibility,0.1015625,0.03423255156033896,0.03154105916024144,0.03700369984846417
all,o2o,cif_topk,0.1015625,0.0001038628232664209,0.0,0.00022436271781525865
all,o2o,cif_conflict,0.1015625,0.0016931038331526296,0.000747889814011984,0.0028783232950739743
all,o2o,cif_within_set,0.1015625,0.03241662177800622,0.027957928110377395,0.03752751824713146
all,o2o,cif_other,0.1015625,0.0,0.0,0.0
all,o2o,survival,0.1020620726159657,0.931519402340838,0.9249630266918665,0.9372252388111035
all,o2o,cif_eligibility,0.1020620726159657,0.03426700922473619,0.03155997031492776,0.037038532467619165
all,o2o,cif_topk,0.1020620726159657,0.0001038628232664209,0.0,0.00022436271781525865
all,o2o,cif_conflict,0.1020620726159657,0.0016931038331526296,0.000747889814011984,0.0028783232950739743
all,o2o,cif_within_set,0.1020620726159657,0.03241662177800622,0.027957928110377395,0.03752751824713146
all,o2o,cif_other,0.1020620726159657,0.0,0.0,0.0
all,o2o,survival,0.103515625,0.9277096902340739,0.9208766359380615,0.9337924110639604
all,o2o,cif_eligibility,0.103515625,0.03748813901381608,0.03442442548463879,0.040486730878892846
all,o2o,cif_topk,0.103515625,0.0001038628232664209,0.0,0.00022436271781525865
all,o2o,cif_conflict,0.103515625,0.0017277758538863596,0.0007771046620766178,0.0029107686387403655
all,o2o,cif_within_set,0.103515625,0.03297053207495665,0.028411058498531087,0.03814049124008309
all,o2o,cif_other,0.103515625,0.0,0.0,0.0
all,o2o,survival,0.10546875,0.9264652401344031,0.9193550202260595,0.9328116323473535
all,o2o,cif_eligibility,0.10546875,0.03835139314737776,0.03516884900646554,0.041392109314244356
all,o2o,cif_topk,0.10546875,0.0001038628232664209,0.0,0.00022436271781525865
all,o2o,cif_conflict,0.10546875,0.0017277758538863596,0.0007771046620766178,0.0029107686387403655
all,o2o,cif_within_set,0.10546875,0.03335172804106572,0.028764016387204393,0.038557737803187116
all,o2o,cif_other,0.10546875,0.0,0.0,0.0
all,o2o,survival,0.107421875,0.9251150859523912,0.9180141524965378,0.9315383077394368
all,o2o,cif_eligibility,0.107421875,0.03918186861341871,0.03590985314343684,0.04236891608932064
all,o2o,cif_topk,0.107421875,0.0001038628232664209,0.0,0.00022436271781525865
all,o2o,cif_conflict,0.107421875,0.0017624491704931033,0.0008025890259123968,0.002948186067972898
all,o2o,cif_within_set,0.107421875,0.03383673344042991,0.029201640641554467,0.039000762410042605
all,o2o,cif_other,0.107421875,0.0,0.0,0.0
all,o2o,survival,0.109375,0.9241455252282922,0.916975085686098,0.9305960587377253
all,o2o,cif_eligibility,0.109375,0.039632495557695,0.03634103698322231,0.042828504163710875
all,o2o,cif_topk,0.109375,0.0001038628232664209,0.0,0.00022436271781525865
all,o2o,cif_conflict,0.109375,0.0017971289782047705,0.0008384474501998476,0.0029856329300949423
all,o2o,cif_within_set,0.109375,0.034320987412540895,0.029670289651195194,0.03961354071327893
all,o2o,cif_other,0.109375,0.0,0.0,0.0
all,o2o,survival,0.111328125,0.9231071588610781,0.9156411289765195,0.9297829398141189
all,o2o,cif_eligibility,0.111328125,0.04015125759783923,0.03672764611062454,0.043483590471829106
all,o2o,cif_topk,0.111328125,0.00013854522608401984,3.2630619320995107e-05,0.0002687577598602145
all,o2o,cif_conflict,0.111328125,0.0018664937838399683,0.0008850466026040093,0.003066854788370725
all,o2o,cif_within_set,0.111328125,0.034736544531157904,0.03005228928109638,0.04013258392881172
all,o2o,cif_other,0.111328125,0.0,0.0,0.0
all,o2o,survival,0.11328125,0.9201287697697642,0.9121469398315888,0.9272443797529267
all,o2o,cif_eligibility,0.11328125,0.042644880807254724,0.03879567869856163,0.04652106059994152
all,o2o,cif_topk,0.11328125,0.00013854522608401984,3.2630619320995107e-05,0.0002687577598602145
all,o2o,cif_conflict,0.11328125,0.0019011800883814022,0.0009208798285935707,0.0031070352291507493
all,o2o,cif_within_set,0.11328125,0.03518662410851482,0.03046225187195743,0.04062442445449314
all,o2o,cif_other,0.11328125,0.0,0.0,0.0
all,o2o,survival,0.115234375,0.9193660635087813,0.9114240819057178,0.926516544921506
all,o2o,cif_eligibility,0.115234375,0.04295685871340963,0.03910132431948804,0.04675978473039016
all,o2o,cif_topk,0.115234375,0.00013854522608401984,3.2630619320995107e-05,0.0002687577598602145
all,o2o,cif_conflict,0.115234375,0.0019705553127179584,0.000966121228175244,0.003200996332239664
all,o2o,cif_within_set,0.115234375,0.03556797723900629,0.030783933842271915,0.041069504884258666
all,o2o,cif_other,0.115234375,0.0,0.0,0.0
all,o2o,survival,0.1171875,0.9184667128327211,0.9104830131697855,0.9256670821454893
all,o2o,cif_eligibility,0.1171875,0.04316435257634052,0.03934454034583407,0.04703454834281617
all,o2o,cif_topk,0.1171875,0.00013854522608401984,3.2630619320995107e-05,0.0002687577598602145
all,o2o,cif_conflict,0.1171875,0.0020399305370545143,0.0010143613925380642,0.003306254676466992
all,o2o,cif_within_set,0.1171875,0.036190458827798956,0.03134842266731249,0.04169711846835329
all,o2o,cif_other,0.1171875,0.0,0.0,0.0
all,o2o,survival,0.119140625,0.9167016787571916,0.9081848157776395,0.9243365279458416
all,o2o,cif_eligibility,0.119140625,0.04451341531391748,0.040296041135962336,0.04906247062757985
all,o2o,cif_topk,0.119140625,0.00013854522608401984,3.2630619320995107e-05,0.0002687577598602145
all,o2o,cif_conflict,0.119140625,0.0020399305370545143,0.0010143613925380642,0.003306254676466992
all,o2o,cif_within_set,0.119140625,0.03660643016575145,0.0316753132464212,0.042192563705422736
all,o2o,cif_other,0.119140625,0.0,0.0,0.0
all,o2o,survival,0.12109375,0.915662686040236,0.9070121227356096,0.9234957433946186
all,o2o,cif_eligibility,0.12109375,0.04503249027489581,0.04065500499444965,0.049861219236701414
all,o2o,cif_topk,0.12109375,0.0001732485495657734,3.8341433559776816e-05,0.00032694319625985554
all,o2o,cif_conflict,0.12109375,0.002074633860536268,0.0010235761686039119,0.003360141005112274
all,o2o,cif_within_set,0.12109375,0.037056941274765116,0.03212890694489339,0.04264622694147864
all,o2o,cif_other,0.12109375,0.0,0.0,0.0
all,o2o,survival,0.123046875,0.9150039549903318,0.9062122045354932,0.9229432499947962
all,o2o,cif_eligibility,0.123046875,0.04527499214176866,0.040838946588960194,0.05016417194633428
all,o2o,cif_topk,0.123046875,0.0001732485495657734,3.8341433559776816e-05,0.00032694319625985554
all,o2o,cif_conflict,0.123046875,0.002144040507499775,0.0010576517637583933,0.0034336538633286486
all,o2o,cif_within_set,0.123046875,0.03740376381083294,0.03237339906094723,0.043056220408839434
all,o2o,cif_other,0.123046875,0.0,0.0,0.0
all,o2o,survival,0.125,0.9133405131494545,0.9043804883393773,0.9214355398775937
all,o2o,cif_eligibility,0.125,0.04641851622666884,0.04185828254776167,0.05153457047048505
all,o2o,cif_topk,0.125,0.0001732485495657734,3.8341433559776816e-05,0.00032694319625985554
all,o2o,cif_conflict,0.125,0.002144040507499775,0.0010576517637583933,0.0034336538633286486
all,o2o,cif_within_set,0.125,0.037923681566810113,0.03290269102745663,0.043560353965844484
all,o2o,cif_other,0.125,0.0,0.0,0.0
all,o2m_legacy,survival,0.0,1.0,1.0,1.0
all,o2m_legacy,cif_identity_change,0.0,0.0,0.0,0.0
all,o2m_legacy,survival,0.001953125,0.9817346056809864,0.9795454644664696,0.9838191420467458
all,o2m_legacy,cif_identity_change,0.001953125,0.018265394319013667,0.016180857953254166,0.02045453553353034
all,o2m_legacy,survival,0.00390625,0.9742614403042161,0.9718710446455373,0.9765423373115133
all,o2m_legacy,cif_identity_change,0.00390625,0.025738559695783952,0.02345766268848676,0.028128955354462727
all,o2m_legacy,survival,0.005859375,0.9664095284244898,0.963694019948577,0.9689339103738844
all,o2m_legacy,cif_identity_change,0.005859375,0.03359047157551036,0.031066089626115522,0.03630598005142301
all,o2m_legacy,survival,0.0078125,0.9587995083634917,0.9552706102161281,0.9619481102838094
all,o2m_legacy,cif_identity_change,0.0078125,0.04120049163650846,0.03805188971619065,0.044729389783871636
all,o2m_legacy,survival,0.009765625,0.9512939003618647,0.9468331669907317,0.9553078119709246
all,o2m_legacy,cif_identity_change,0.009765625,0.04870609963813555,0.044692188029075465,0.05316683300926811
all,o2m_legacy,survival,0.01171875,0.9445395346148552,0.9395558466639901,0.9489651502674451
all,o2m_legacy,cif_identity_change,0.01171875,0.055460465385145055,0.05103484973255495,0.06044415333600988
all,o2m_legacy,survival,0.013671875,0.9378533878515831,0.9321822027920635,0.9428269424822884
all,o2m_legacy,cif_identity_change,0.013671875,0.062146612148417144,0.057173057517711734,0.06781779720793625
all,o2m_legacy,survival,0.015625,0.9300705283891001,0.9238146487435684,0.935765900546154
all,o2m_legacy,cif_identity_change,0.015625,0.06992947161090017,0.06423409945384598,0.07618535125643172
all,o2m_legacy,survival,0.017578125,0.9232849701674927,0.9165767186212834,0.92934360670836
all,o2m_legacy,cif_identity_change,0.017578125,0.07671502983250755,0.07065639329164007,0.08342328137871657
all,o2m_legacy,survival,0.01953125,0.9159555103659905,0.908629145187465,0.9227111505826406
all,o2m_legacy,cif_identity_change,0.01953125,0.08404448963400969,0.07728884941735942,0.0913708548125348
all,o2m_legacy,survival,0.021484375,0.9094072600788287,0.9016939176416742,0.9165409199704947
all,o2m_legacy,cif_identity_change,0.021484375,0.09059273992117152,0.08345908002950522,0.09830608235832611
all,o2m_legacy,survival,0.0234375,0.9033388346199702,0.895069117350963,0.9108682287223684
all,o2m_legacy,cif_identity_change,0.0234375,0.09666116538003003,0.08913177127763167,0.10493088264903695
all,o2m_legacy,survival,0.025390625,0.8974405399037022,0.8887084215627128,0.9054949057419567
all,o2m_legacy,cif_identity_change,0.025390625,0.10255946009629796,0.09450509425804332,0.11129157843728715
all,o2m_legacy,survival,0.02734375,0.8918523559899,0.8826868809646082,0.9001832471543774
all,o2m_legacy,cif_identity_change,0.02734375,0.10814764401010017,0.09981675284562276,0.11731311903539138
all,o2m_legacy,survival,0.029296875,0.8857150864721746,0.8760007311013777,0.8944120739058925
all,o2m_legacy,cif_identity_change,0.029296875,0.11428491352782556,0.10558792609410772,0.12399926889862206
all,o2m_legacy,survival,0.03125,0.8800272578062768,0.8699710395274476,0.8892801683598515
all,o2m_legacy,cif_identity_change,0.03125,0.11997274219372335,0.11071983164014822,0.13002896047255189
all,o2m_legacy,survival,0.033203125,0.8745478312231121,0.8640774862089902,0.8839576161852825
all,o2m_legacy,cif_identity_change,0.033203125,0.125452168776888,0.11604238381471747,0.13592251379100995
all,o2m_legacy,survival,0.03515625,0.8684806276741008,0.8577448897989299,0.8783020864503082
all,o2m_legacy,cif_identity_change,0.03515625,0.1315193723258993,0.12169791354969196,0.14225511020106998
all,o2m_legacy,survival,0.037109375,0.8624132157585875,0.8513046067594118,0.872698691870973
all,o2m_legacy,cif_identity_change,0.037109375,0.13758678424141263,0.12730130812902654,0.14869539324058811
all,o2m_legacy,survival,0.0390625,0.8566902459277689,0.8452040655714411,0.8672160228764393
all,o2m_legacy,cif_identity_change,0.0390625,0.14330975407223123,0.1327839771235607,0.15479593442855905
all,o2m_legacy,survival,0.041015625,0.8507248968987227,0.8386548736145633,0.8617996205489549
all,o2m_legacy,cif_identity_change,0.041015625,0.14927510310127742,0.13820037945104469,0.1613451263854368
all,o2m_legacy,survival,0.04296875,0.8454104144011572,0.8329871562250075,0.8566351160219428
all,o2m_legacy,cif_identity_change,0.04296875,0.15458958559884287,0.14336488397805702,0.16701284377499262
all,o2m_legacy,survival,0.044921875,0.8404404081984232,0.827829632899015,0.8520272105094553
all,o2m_legacy,cif_identity_change,0.044921875,0.15955959180157675,0.1479727894905445,0.17217036710098538
all,o2m_legacy,survival,0.0468292929296054,0.8404060834646981,0.8278205801331752,0.8520126811158116
all,o2m_legacy,cif_identity_change,0.0468292929296054,0.15959391653530194,0.1479873188841884,0.17217941986682453
all,o2m_legacy,survival,0.046875,0.8349594710709685,0.8222169936341391,0.8467750067559253
all,o2m_legacy,cif_identity_change,0.046875,0.16504052892903168,0.15322499324407457,0.17778300636586075
all,o2m_legacy,survival,0.048828125,0.8306048146915895,0.8176193863644412,0.8426532657060287
all,o2m_legacy,cif_identity_change,0.048828125,0.1693951853084107,0.15734673429397156,0.18238061363555846
all,o2m_legacy,survival,0.05078125,0.8250494178323363,0.8120401566428775,0.8370862682888455
all,o2m_legacy,cif_identity_change,0.05078125,0.1749505821676639,0.16291373171115425,0.1879598433571224
all,o2m_legacy,survival,0.052734375,0.8200423831120098,0.8068902797411752,0.8324824254207576
all,o2m_legacy,cif_identity_change,0.052734375,0.1799576168879904,0.1675175745792425,0.1931097202588247
all,o2m_legacy,survival,0.0546875,0.8142133947984439,0.8007110832782545,0.8269466977152523
all,o2m_legacy,cif_identity_change,0.0546875,0.18578660520155624,0.17305330228474755,0.19928891672174553
all,o2m_legacy,survival,0.056640625,0.8092739695324135,0.7957031793302757,0.8220218964484733
all,o2m_legacy,cif_identity_change,0.056640625,0.19072603046758665,0.17797810355152693,0.2042968206697243
all,o2m_legacy,survival,0.05859375,0.8032738864993982,0.7892645381018307,0.8164682372955919
all,o2m_legacy,cif_identity_change,0.05859375,0.19672611350060193,0.18353176270440794,0.21073546189816916
all,o2m_legacy,survival,0.060546875,0.7986440480983229,0.7843975157728539,0.8118996815866788
all,o2m_legacy,cif_identity_change,0.060546875,0.2013559519016772,0.18810031841332103,0.21560248422714567
all,o2m_legacy,survival,0.0625,0.7938431896513382,0.7793321957355724,0.8073577720714087
all,o2m_legacy,cif_identity_change,0.0625,0.20615681034866193,0.19264222792859156,0.22066780426442784
all,o2m_legacy,survival,0.064453125,0.7891105800192215,0.7742805614147561,0.8029515523824006
all,o2m_legacy,cif_identity_change,0.064453125,0.21088941998077856,0.1970484476175995,0.22571943858524413
all,o2m_legacy,survival,0.06640625,0.7835179670969064,0.7683825132660327,0.7979007464934853
all,o2m_legacy,cif_identity_change,0.06640625,0.21648203290309376,0.2020992535065146,0.23161748673396704
all,o2m_legacy,survival,0.068359375,0.7781669135649011,0.7627167153972977,0.7928166454543766
all,o2m_legacy,cif_identity_change,0.068359375,0.22183308643509905,0.2071833545456238,0.23728328460270248
all,o2m_legacy,survival,0.0703125,0.7736388770615407,0.7578770497703455,0.7886616630022267
all,o2m_legacy,cif_identity_change,0.0703125,0.22636112293845945,0.21133833699777374,0.24212295022965447
all,o2m_legacy,survival,0.072265625,0.7683532663238936,0.7524823207912468,0.7836012397594104
all,o2m_legacy,cif_identity_change,0.072265625,0.23164673367610653,0.21639876024058952,0.24751767920875278
all,o2m_legacy,survival,0.07421875,0.7635149239124109,0.7471101379722906,0.7792449333407395
all,o2m_legacy,cif_identity_change,0.07421875,0.2364850760875891,0.22075506665926062,0.25288986202770924
all,o2m_legacy,survival,0.076171875,0.7588489125103322,0.7424310363950912,0.774728993981484
all,o2m_legacy,cif_identity_change,0.076171875,0.24115108748966785,0.22527100601851538,0.2575689636049092
all,o2m_legacy,survival,0.078125,0.7542865539806607,0.7377391864063932,0.7704037776799919
all,o2m_legacy,cif_identity_change,0.078125,0.24571344601933937,0.22959622232000795,0.2622608135936067
all,o2m_legacy,survival,0.080078125,0.7493792801529167,0.7325915300227411,0.7658407354731038
all,o2m_legacy,cif_identity_change,0.080078125,0.2506207198470834,0.23415926452689625,0.2674084699772581
all,o2m_legacy,survival,0.08203125,0.7451949523621132,0.7281880831036525,0.7617751183684768
all,o2m_legacy,cif_identity_change,0.08203125,0.25480504763788697,0.23822488163152278,0.2718119168963473
all,o2m_legacy,survival,0.083984375,0.7393642155271777,0.7219197682665878,0.7562278438373172
all,o2m_legacy,cif_identity_change,0.083984375,0.26063578447282243,0.24377215616268297,0.27808023173341256
all,o2m_legacy,survival,0.0859375,0.7350723202754716,0.7175101970585012,0.7519680017519839
all,o2m_legacy,cif_identity_change,0.0859375,0.2649276797245285,0.24803199824801556,0.2824898029414988
all,o2m_legacy,survival,0.087890625,0.7312273305110347,0.7136462357993109,0.7483747659725659
all,o2m_legacy,cif_identity_change,0.087890625,0.26877266948896544,0.2516252340274339,0.2863537642006895
all,o2m_legacy,survival,0.08984375,0.7269029849607307,0.7092448108402556,0.7442725688758504
all,o2m_legacy,cif_identity_change,0.08984375,0.2730970150392695,0.2557274311241491,0.2907551891597443
all,o2m_legacy,survival,0.091796875,0.7227498773314129,0.7052519736419626,0.7400884092927761
all,o2m_legacy,cif_identity_change,0.091796875,0.2772501226685873,0.25991159070722375,0.2947480263580377
all,o2m_legacy,survival,0.09375,0.7192836267007089,0.7017092091696426,0.7367219132325409
all,o2m_legacy,cif_identity_change,0.09375,0.28071637329929133,0.26327808676745923,0.298290790830357
all,o2m_legacy,survival,0.0944911182523068,0.7192492536644713,0.7016339066080242,0.7366584127773103
all,o2m_legacy,cif_identity_change,0.0944911182523068,0.28075074633552893,0.26334158722268985,0.29836609339197623
all,o2m_legacy,survival,0.095703125,0.7120361427104485,0.6943525301585135,0.7294693352471922
all,o2m_legacy,cif_identity_change,0.095703125,0.2879638572895518,0.27053066475280774,0.3056474698414864
all,o2m_legacy,survival,0.09765625,0.7079825051795762,0.690319228655906,0.7254462744467576
all,o2m_legacy,cif_identity_change,0.09765625,0.2920174948204241,0.2745537255532423,0.3096807713440943
all,o2m_legacy,survival,0.099609375,0.7038596842714492,0.6862056464038555,0.7212790898614514
all,o2m_legacy,cif_identity_change,0.099609375,0.2961403157285511,0.2787209101385484,0.31379435359614416
all,o2m_legacy,survival,0.1015625,0.6987433938082086,0.6812834565907172,0.7160901480245142
all,o2m_legacy,cif_identity_change,0.1015625,0.30125660619179173,0.2839098519754855,0.3187165434092829
all,o2m_legacy,survival,0.1020620726159657,0.6987092146279172,0.6812410508884216,0.7160633816348685
all,o2m_legacy,cif_identity_change,0.1020620726159657,0.30129078537208304,0.2839366183651314,0.3187589491115783
all,o2m_legacy,survival,0.103515625,0.6928341403759742,0.6756078774872466,0.7099902558532346
all,o2m_legacy,cif_identity_change,0.103515625,0.3071658596240261,0.2900097441467653,0.3243921225127535
all,o2m_legacy,survival,0.10546875,0.6892987885489341,0.6725473438632713,0.7057965488459094
all,o2m_legacy,cif_identity_change,0.10546875,0.3107012114510663,0.294203451154091,0.3274526561367285
all,o2m_legacy,survival,0.107421875,0.6849708953674046,0.6683293760953143,0.7014454669430081
all,o2m_legacy,cif_identity_change,0.107421875,0.3150291046325958,0.29855453305699187,0.33167062390468616
all,o2m_legacy,survival,0.109375,0.681155844207128,0.6644027810218138,0.6977112774887357
all,o2m_legacy,cif_identity_change,0.109375,0.31884415579287245,0.30228872251126404,0.3355972189781862
all,o2m_legacy,survival,0.111328125,0.677926891872432,0.6613075313813729,0.6943361439810286
all,o2m_legacy,cif_identity_change,0.111328125,0.32207310812756845,0.30566385601897184,0.3386924686186266
all,o2m_legacy,survival,0.11328125,0.6721547636986945,0.6560508894714461,0.6877590115464323
all,o2m_legacy,cif_identity_change,0.11328125,0.32784523630130596,0.312240988453567,0.3439491105285535
all,o2m_legacy,survival,0.115234375,0.6693012875996497,0.6533741353146247,0.6847856094395282
all,o2m_legacy,cif_identity_change,0.115234375,0.33069871240035076,0.31521439056047246,0.34662586468537493
all,o2m_legacy,survival,0.1171875,0.6658991809442018,0.6497834192202052,0.6815063375875177
all,o2m_legacy,cif_identity_change,0.1171875,0.33410081905579875,0.31849366241248195,0.3502165807797943
all,o2m_legacy,survival,0.119140625,0.6618439670697523,0.6462456926000586,0.6769565163952177
all,o2m_legacy,cif_identity_change,0.119140625,0.3381560329302482,0.3230434836047823,0.3537543073999411
all,o2m_legacy,survival,0.12109375,0.6588177808796708,0.6432223827751837,0.673977043945445
all,o2m_legacy,cif_identity_change,0.12109375,0.34118221912032975,0.32602295605455506,0.3567776172248159
all,o2m_legacy,survival,0.123046875,0.6556196712940555,0.6398944292405964,0.6708439361268626
all,o2m_legacy,cif_identity_change,0.123046875,0.344380328705945,0.32915606387313834,0.3601055707594037
all,o2m_legacy,survival,0.125,0.6517682946089984,0.6359950160767666,0.6670394138936364
all,o2m_legacy,cif_identity_change,0.125,0.348231705391002,0.3329605861063636,0.36400498392323316
all,o2m_pre_topk,survival,0.0,1.0,1.0,1.0
all,o2m_pre_topk,cif_identity_change,0.0,0.0,0.0,0.0
all,o2m_pre_topk,survival,0.001953125,0.9817346056809864,0.9795454644664696,0.9838191420467458
all,o2m_pre_topk,cif_identity_change,0.001953125,0.018265394319013667,0.016180857953254166,0.02045453553353034
all,o2m_pre_topk,survival,0.00390625,0.9742614403042161,0.9718710446455373,0.9765423373115133
all,o2m_pre_topk,cif_identity_change,0.00390625,0.025738559695783952,0.02345766268848676,0.028128955354462727
all,o2m_pre_topk,survival,0.005859375,0.9664095284244898,0.963694019948577,0.9689339103738844
all,o2m_pre_topk,cif_identity_change,0.005859375,0.03359047157551036,0.031066089626115522,0.03630598005142301
all,o2m_pre_topk,survival,0.0078125,0.9587995083634917,0.9552706102161281,0.9619481102838094
all,o2m_pre_topk,cif_identity_change,0.0078125,0.04120049163650846,0.03805188971619065,0.044729389783871636
all,o2m_pre_topk,survival,0.009765625,0.9512939003618647,0.9468331669907317,0.9553078119709246
all,o2m_pre_topk,cif_identity_change,0.009765625,0.04870609963813555,0.044692188029075465,0.05316683300926811
all,o2m_pre_topk,survival,0.01171875,0.9445395346148552,0.9395558466639901,0.9489651502674451
all,o2m_pre_topk,cif_identity_change,0.01171875,0.055460465385145055,0.05103484973255495,0.06044415333600988
all,o2m_pre_topk,survival,0.013671875,0.9378533878515831,0.9321822027920635,0.9428269424822884
all,o2m_pre_topk,cif_identity_change,0.013671875,0.062146612148417144,0.057173057517711734,0.06781779720793625
all,o2m_pre_topk,survival,0.015625,0.9300705283891001,0.9238146487435684,0.935765900546154
all,o2m_pre_topk,cif_identity_change,0.015625,0.06992947161090017,0.06423409945384598,0.07618535125643172
all,o2m_pre_topk,survival,0.017578125,0.9232849701674927,0.9165767186212834,0.92934360670836
all,o2m_pre_topk,cif_identity_change,0.017578125,0.07671502983250755,0.07065639329164007,0.08342328137871657
all,o2m_pre_topk,survival,0.01953125,0.9159555103659905,0.908629145187465,0.9227111505826406
all,o2m_pre_topk,cif_identity_change,0.01953125,0.08404448963400969,0.07728884941735942,0.0913708548125348
all,o2m_pre_topk,survival,0.021484375,0.9094072600788287,0.9016939176416742,0.9165409199704947
all,o2m_pre_topk,cif_identity_change,0.021484375,0.09059273992117152,0.08345908002950522,0.09830608235832611
all,o2m_pre_topk,survival,0.0234375,0.9033388346199702,0.895069117350963,0.9108682287223684
all,o2m_pre_topk,cif_identity_change,0.0234375,0.09666116538003003,0.08913177127763167,0.10493088264903695
all,o2m_pre_topk,survival,0.025390625,0.8974405399037022,0.8887084215627128,0.9054949057419567
all,o2m_pre_topk,cif_identity_change,0.025390625,0.10255946009629796,0.09450509425804332,0.11129157843728715
all,o2m_pre_topk,survival,0.02734375,0.8918523559899,0.8826868809646082,0.9001832471543774
all,o2m_pre_topk,cif_identity_change,0.02734375,0.10814764401010017,0.09981675284562276,0.11731311903539138
all,o2m_pre_topk,survival,0.029296875,0.8857150864721746,0.8760007311013777,0.8944120739058925
all,o2m_pre_topk,cif_identity_change,0.029296875,0.11428491352782556,0.10558792609410772,0.12399926889862206
all,o2m_pre_topk,survival,0.03125,0.8800272578062768,0.8699710395274476,0.8892801683598515
all,o2m_pre_topk,cif_identity_change,0.03125,0.11997274219372335,0.11071983164014822,0.13002896047255189
all,o2m_pre_topk,survival,0.033203125,0.8745478312231121,0.8640774862089902,0.8839576161852825
all,o2m_pre_topk,cif_identity_change,0.033203125,0.125452168776888,0.11604238381471747,0.13592251379100995
all,o2m_pre_topk,survival,0.03515625,0.8684806276741008,0.8577448897989299,0.8783020864503082
all,o2m_pre_topk,cif_identity_change,0.03515625,0.1315193723258993,0.12169791354969196,0.14225511020106998
all,o2m_pre_topk,survival,0.037109375,0.8624132157585875,0.8513046067594118,0.872698691870973
all,o2m_pre_topk,cif_identity_change,0.037109375,0.13758678424141263,0.12730130812902654,0.14869539324058811
all,o2m_pre_topk,survival,0.0390625,0.8566902459277689,0.8452040655714411,0.8672160228764393
all,o2m_pre_topk,cif_identity_change,0.0390625,0.14330975407223123,0.1327839771235607,0.15479593442855905
all,o2m_pre_topk,survival,0.041015625,0.8507248968987227,0.8386548736145633,0.8617996205489549
all,o2m_pre_topk,cif_identity_change,0.041015625,0.14927510310127742,0.13820037945104469,0.1613451263854368
all,o2m_pre_topk,survival,0.04296875,0.8454104144011572,0.8329871562250075,0.8566351160219428
all,o2m_pre_topk,cif_identity_change,0.04296875,0.15458958559884287,0.14336488397805702,0.16701284377499262
all,o2m_pre_topk,survival,0.044921875,0.8404404081984232,0.827829632899015,0.8520272105094553
all,o2m_pre_topk,cif_identity_change,0.044921875,0.15955959180157675,0.1479727894905445,0.17217036710098538
all,o2m_pre_topk,survival,0.0468292929296054,0.8404060834646981,0.8278205801331752,0.8520126811158116
all,o2m_pre_topk,cif_identity_change,0.0468292929296054,0.15959391653530194,0.1479873188841884,0.17217941986682453
all,o2m_pre_topk,survival,0.046875,0.8349594710709685,0.8222169936341391,0.8467750067559253
all,o2m_pre_topk,cif_identity_change,0.046875,0.16504052892903168,0.15322499324407457,0.17778300636586075
all,o2m_pre_topk,survival,0.048828125,0.8306048146915895,0.8176193863644412,0.8426532657060287
all,o2m_pre_topk,cif_identity_change,0.048828125,0.1693951853084107,0.15734673429397156,0.18238061363555846
all,o2m_pre_topk,survival,0.05078125,0.8250494178323363,0.8120401566428775,0.8370862682888455
all,o2m_pre_topk,cif_identity_change,0.05078125,0.1749505821676639,0.16291373171115425,0.1879598433571224
all,o2m_pre_topk,survival,0.052734375,0.8200423831120098,0.8068902797411752,0.8324824254207576
all,o2m_pre_topk,cif_identity_change,0.052734375,0.1799576168879904,0.1675175745792425,0.1931097202588247
all,o2m_pre_topk,survival,0.0546875,0.8142133947984439,0.8007110832782545,0.8269466977152523
all,o2m_pre_topk,cif_identity_change,0.0546875,0.18578660520155624,0.17305330228474755,0.19928891672174553
all,o2m_pre_topk,survival,0.056640625,0.8092739695324135,0.7957031793302757,0.8220218964484733
all,o2m_pre_topk,cif_identity_change,0.056640625,0.19072603046758665,0.17797810355152693,0.2042968206697243
all,o2m_pre_topk,survival,0.05859375,0.8032738864993982,0.7892645381018307,0.8164682372955919
all,o2m_pre_topk,cif_identity_change,0.05859375,0.19672611350060193,0.18353176270440794,0.21073546189816916
all,o2m_pre_topk,survival,0.060546875,0.7986440480983229,0.7843975157728539,0.8118996815866788
all,o2m_pre_topk,cif_identity_change,0.060546875,0.2013559519016772,0.18810031841332103,0.21560248422714567
all,o2m_pre_topk,survival,0.0625,0.7938431896513382,0.7793321957355724,0.8073577720714087
all,o2m_pre_topk,cif_identity_change,0.0625,0.20615681034866193,0.19264222792859156,0.22066780426442784
all,o2m_pre_topk,survival,0.064453125,0.7891105800192215,0.7742805614147561,0.8029515523824006
all,o2m_pre_topk,cif_identity_change,0.064453125,0.21088941998077856,0.1970484476175995,0.22571943858524413
all,o2m_pre_topk,survival,0.06640625,0.7835179670969064,0.7683825132660327,0.7979007464934853
all,o2m_pre_topk,cif_identity_change,0.06640625,0.21648203290309376,0.2020992535065146,0.23161748673396704
all,o2m_pre_topk,survival,0.068359375,0.7781669135649011,0.7627167153972977,0.7928166454543766
all,o2m_pre_topk,cif_identity_change,0.068359375,0.22183308643509905,0.2071833545456238,0.23728328460270248
all,o2m_pre_topk,survival,0.0703125,0.7736388770615407,0.7578770497703455,0.7886616630022267
all,o2m_pre_topk,cif_identity_change,0.0703125,0.22636112293845945,0.21133833699777374,0.24212295022965447
all,o2m_pre_topk,survival,0.072265625,0.7683532663238936,0.7524823207912468,0.7836012397594104
all,o2m_pre_topk,cif_identity_change,0.072265625,0.23164673367610653,0.21639876024058952,0.24751767920875278
all,o2m_pre_topk,survival,0.07421875,0.7635149239124109,0.7471101379722906,0.7792449333407395
all,o2m_pre_topk,cif_identity_change,0.07421875,0.2364850760875891,0.22075506665926062,0.25288986202770924
all,o2m_pre_topk,survival,0.076171875,0.7588489125103322,0.7424310363950912,0.774728993981484
all,o2m_pre_topk,cif_identity_change,0.076171875,0.24115108748966785,0.22527100601851538,0.2575689636049092
all,o2m_pre_topk,survival,0.078125,0.7542865539806607,0.7377391864063932,0.7704037776799919
all,o2m_pre_topk,cif_identity_change,0.078125,0.24571344601933937,0.22959622232000795,0.2622608135936067
all,o2m_pre_topk,survival,0.080078125,0.7493792801529167,0.7325915300227411,0.7658407354731038
all,o2m_pre_topk,cif_identity_change,0.080078125,0.2506207198470834,0.23415926452689625,0.2674084699772581
all,o2m_pre_topk,survival,0.08203125,0.7451949523621132,0.7281880831036525,0.7617751183684768
all,o2m_pre_topk,cif_identity_change,0.08203125,0.25480504763788697,0.23822488163152278,0.2718119168963473
all,o2m_pre_topk,survival,0.083984375,0.7393642155271777,0.7219197682665878,0.7562278438373172
all,o2m_pre_topk,cif_identity_change,0.083984375,0.26063578447282243,0.24377215616268297,0.27808023173341256
all,o2m_pre_topk,survival,0.0859375,0.7350723202754716,0.7175101970585012,0.7519680017519839
all,o2m_pre_topk,cif_identity_change,0.0859375,0.2649276797245285,0.24803199824801556,0.2824898029414988
all,o2m_pre_topk,survival,0.087890625,0.7312273305110347,0.7136462357993109,0.7483747659725659
all,o2m_pre_topk,cif_identity_change,0.087890625,0.26877266948896544,0.2516252340274339,0.2863537642006895
all,o2m_pre_topk,survival,0.08984375,0.7269029849607307,0.7092448108402556,0.7442725688758504
all,o2m_pre_topk,cif_identity_change,0.08984375,0.2730970150392695,0.2557274311241491,0.2907551891597443
all,o2m_pre_topk,survival,0.091796875,0.7227498773314129,0.7052519736419626,0.7400884092927761
all,o2m_pre_topk,cif_identity_change,0.091796875,0.2772501226685873,0.25991159070722375,0.2947480263580377
all,o2m_pre_topk,survival,0.09375,0.7192836267007089,0.7017092091696426,0.7367219132325409
all,o2m_pre_topk,cif_identity_change,0.09375,0.28071637329929133,0.26327808676745923,0.298290790830357
all,o2m_pre_topk,survival,0.0944911182523068,0.7192492536644713,0.7016339066080242,0.7366584127773103
all,o2m_pre_topk,cif_identity_change,0.0944911182523068,0.28075074633552893,0.26334158722268985,0.29836609339197623
all,o2m_pre_topk,survival,0.095703125,0.7120361427104485,0.6943525301585135,0.7294693352471922
all,o2m_pre_topk,cif_identity_change,0.095703125,0.2879638572895518,0.27053066475280774,0.3056474698414864
all,o2m_pre_topk,survival,0.09765625,0.7079825051795762,0.690319228655906,0.7254462744467576
all,o2m_pre_topk,cif_identity_change,0.09765625,0.2920174948204241,0.2745537255532423,0.3096807713440943
all,o2m_pre_topk,survival,0.099609375,0.7038596842714492,0.6862056464038555,0.7212790898614514
all,o2m_pre_topk,cif_identity_change,0.099609375,0.2961403157285511,0.2787209101385484,0.31379435359614416
all,o2m_pre_topk,survival,0.1015625,0.6987433938082086,0.6812834565907172,0.7160901480245142
all,o2m_pre_topk,cif_identity_change,0.1015625,0.30125660619179173,0.2839098519754855,0.3187165434092829
all,o2m_pre_topk,survival,0.1020620726159657,0.6987092146279172,0.6812410508884216,0.7160633816348685
all,o2m_pre_topk,cif_identity_change,0.1020620726159657,0.30129078537208304,0.2839366183651314,0.3187589491115783
all,o2m_pre_topk,survival,0.103515625,0.6928341403759742,0.6756078774872466,0.7099902558532346
all,o2m_pre_topk,cif_identity_change,0.103515625,0.3071658596240261,0.2900097441467653,0.3243921225127535
all,o2m_pre_topk,survival,0.10546875,0.6892987885489341,0.6725473438632713,0.7057965488459094
all,o2m_pre_topk,cif_identity_change,0.10546875,0.3107012114510663,0.294203451154091,0.3274526561367285
all,o2m_pre_topk,survival,0.107421875,0.6849708953674046,0.6683293760953143,0.7014454669430081
all,o2m_pre_topk,cif_identity_change,0.107421875,0.3150291046325958,0.29855453305699187,0.33167062390468616
all,o2m_pre_topk,survival,0.109375,0.681155844207128,0.6644027810218138,0.6977112774887357
all,o2m_pre_topk,cif_identity_change,0.109375,0.31884415579287245,0.30228872251126404,0.3355972189781862
all,o2m_pre_topk,survival,0.111328125,0.677926891872432,0.6613075313813729,0.6943361439810286
all,o2m_pre_topk,cif_identity_change,0.111328125,0.32207310812756845,0.30566385601897184,0.3386924686186266
all,o2m_pre_topk,survival,0.11328125,0.6721547636986945,0.6560508894714461,0.6877590115464323
all,o2m_pre_topk,cif_identity_change,0.11328125,0.32784523630130596,0.312240988453567,0.3439491105285535
all,o2m_pre_topk,survival,0.115234375,0.6693012875996497,0.6533741353146247,0.6847856094395282
all,o2m_pre_topk,cif_identity_change,0.115234375,0.33069871240035076,0.31521439056047246,0.34662586468537493
all,o2m_pre_topk,survival,0.1171875,0.6658991809442018,0.6497834192202052,0.6815063375875177
all,o2m_pre_topk,cif_identity_change,0.1171875,0.33410081905579875,0.31849366241248195,0.3502165807797943
all,o2m_pre_topk,survival,0.119140625,0.6618439670697523,0.6462456926000586,0.6769565163952177
all,o2m_pre_topk,cif_identity_change,0.119140625,0.3381560329302482,0.3230434836047823,0.3537543073999411
all,o2m_pre_topk,survival,0.12109375,0.6588177808796708,0.6432223827751837,0.673977043945445
all,o2m_pre_topk,cif_identity_change,0.12109375,0.34118221912032975,0.32602295605455506,0.3567776172248159
all,o2m_pre_topk,survival,0.123046875,0.6556196712940555,0.6398944292405964,0.6708439361268626
all,o2m_pre_topk,cif_identity_change,0.123046875,0.344380328705945,0.32915606387313834,0.3601055707594037
all,o2m_pre_topk,survival,0.125,0.6517682946089984,0.6359950160767666,0.6670394138936364
all,o2m_pre_topk,cif_identity_change,0.125,0.348231705391002,0.3329605861063636,0.36400498392323316
all,o2m_assigned_positive,survival,0.0,1.0,1.0,1.0
all,o2m_assigned_positive,cif_identity_change,0.0,0.0,0.0,0.0
all,o2m_assigned_positive,survival,0.001953125,0.9828361096111382,0.9807383684467407,0.9847581829047498
all,o2m_assigned_positive,cif_identity_change,0.001953125,0.017163890388861815,0.015241817095250146,0.01926163155325929
all,o2m_assigned_positive,survival,0.00390625,0.9754292868566801,0.9729681904651919,0.9776751385658082
all,o2m_assigned_positive,cif_identity_change,0.00390625,0.024570713143319975,0.022324861434191788,0.027031809534808084
all,o2m_assigned_positive,survival,0.005859375,0.9674672438157531,0.9645154796256468,0.9701209069406446
all,o2m_assigned_positive,cif_identity_change,0.005859375,0.032532756184246905,0.02987909305935541,0.035484520374353214
all,o2m_assigned_positive,survival,0.0078125,0.9597838627528726,0.955953994932542,0.9632638028052318
all,o2m_assigned_positive,cif_identity_change,0.0078125,0.04021613724712734,0.03673619719476813,0.04404600506745797
all,o2m_assigned_positive,survival,0.009765625,0.9522403385964215,0.9474411911172691,0.956546054842215
all,o2m_assigned_positive,cif_identity_change,0.009765625,0.047759661403578464,0.04345394515778507,0.0525588088827311
all,o2m_assigned_positive,survival,0.01171875,0.9455245960625754,0.940170808201,0.9503570942729546
all,o2m_assigned_positive,cif_identity_change,0.01171875,0.054475403937424574,0.049642905727045314,0.0598291917990001
all,o2m_assigned_positive,survival,0.013671875,0.9388084327948044,0.932870760862166,0.9441844365401488
all,o2m_assigned_positive,cif_identity_change,0.013671875,0.06119156720519553,0.055815563459851364,0.06712923913783388
all,o2m_assigned_positive,survival,0.015625,0.9309158974731673,0.9243002978859837,0.9370036290679717
all,o2m_assigned_positive,cif_identity_change,0.015625,0.06908410252683266,0.06299637093202826,0.07569970211401647
all,o2m_assigned_positive,survival,0.017578125,0.9242028897098327,0.917245577435829,0.9307291241966731
all,o2m_assigned_positive,cif_identity_change,0.017578125,0.07579711029016728,0.06927087580332708,0.08275442256417101
all,o2m_assigned_positive,survival,0.01953125,0.9168720708747372,0.9093039908763071,0.923890791731023
all,o2m_assigned_positive,cif_identity_change,0.01953125,0.08312792912526278,0.07610920826897688,0.0906960091236929
all,o2m_assigned_positive,survival,0.021484375,0.910260695103307,0.902238641238303,0.9178267010307507
all,o2m_assigned_positive,cif_identity_change,0.021484375,0.08973930489669296,0.08217329896924921,0.09776135876169707
all,o2m_assigned_positive,survival,0.0234375,0.9041335593303188,0.8954622270188684,0.912091726390615
all,o2m_assigned_positive,cif_identity_change,0.0234375,0.09586644066968114,0.08790827360938487,0.10453777298113166
all,o2m_assigned_positive,survival,0.025390625,0.8981781943694122,0.8891187339288505,0.9067435574997502
all,o2m_assigned_positive,cif_identity_change,0.025390625,0.10182180563058782,0.09325644250024966,0.11088126607114969
all,o2m_assigned_positive,survival,0.02734375,0.8925361400627158,0.8830073696526213,0.9013470578547136
all,o2m_assigned_positive,cif_identity_change,0.02734375,0.1074638599372843,0.09865294214528644,0.11699263034737868
all,o2m_assigned_positive,survival,0.029296875,0.8864087939227652,0.8763396207220924,0.8957122564019097
all,o2m_assigned_positive,cif_identity_change,0.029296875,0.1135912060772349,0.10428774359809019,0.12366037927790764
all,o2m_assigned_positive,survival,0.03125,0.8806661342832142,0.870269858698598,0.8903575114637948
all,o2m_assigned_positive,cif_identity_change,0.03125,0.11933386571678595,0.10964248853620487,0.12973014130140192
all,o2m_assigned_positive,survival,0.033203125,0.8752029735154891,0.8643876296076046,0.8850997762117415
all,o2m_assigned_positive,cif_identity_change,0.033203125,0.12479702648451096,0.11490022378825855,0.13561237039239527
all,o2m_assigned_positive,survival,0.03515625,0.869111929710081,0.8579045519580265,0.8792013516999604
all,o2m_assigned_positive,cif_identity_change,0.03515625,0.13088807028991908,0.1207986483000396,0.1420954480419736
all,o2m_assigned_positive,survival,0.037109375,0.8630202547789548,0.8515046999930511,0.8736933310626412
all,o2m_assigned_positive,cif_identity_change,0.037109375,0.13697974522104528,0.12630666893735862,0.14849530000694908
all,o2m_assigned_positive,survival,0.0390625,0.8573458529476032,0.8454996457815587,0.8683483184632296
all,o2m_assigned_positive,cif_identity_change,0.0390625,0.14265414705239687,0.13165168153677034,0.1545003542184413
all,o2m_assigned_positive,survival,0.041015625,0.8513576441021485,0.8390927961435118,0.8628187007684361
all,o2m_assigned_positive,cif_identity_change,0.041015625,0.14864235589785166,0.13718129923156425,0.16090720385648813
all,o2m_assigned_positive,survival,0.04296875,0.8460612297121582,0.8333307878743101,0.8579298410850094
all,o2m_assigned_positive,cif_identity_change,0.04296875,0.15393877028784195,0.1420701589149909,0.16666921212568983
all,o2m_assigned_positive,survival,0.044921875,0.8410777491270632,0.8280317626205591,0.8530768070739683
all,o2m_assigned_positive,cif_identity_change,0.044921875,0.15892225087293702,0.14692319292603156,0.1719682373794409
all,o2m_assigned_positive,survival,0.0468292929296054,0.8410430934393619,0.8279909611789242,0.8530385686780166
all,o2m_assigned_positive,cif_identity_change,0.0468292929296054,0.15895690656063838,0.1469614313219833,0.17200903882107593
all,o2m_assigned_positive,survival,0.046875,0.8355784108973797,0.8225838867267805,0.8477559827957816
all,o2m_assigned_positive,cif_identity_change,0.046875,0.16442158910262053,0.1522440172042183,0.1774161132732194
all,o2m_assigned_positive,survival,0.048828125,0.8312164232567235,0.8179810859683523,0.843600413686001
all,o2m_assigned_positive,cif_identity_change,0.048828125,0.1687835767432767,0.1563995863139989,0.18201891403164813
all,o2m_assigned_positive,survival,0.05078125,0.825641907365585,0.8122250673421598,0.8381860268761454
all,o2m_assigned_positive,cif_identity_change,0.05078125,0.17435809263441532,0.16181397312385476,0.18777493265784012
all,o2m_assigned_positive,survival,0.052734375,0.8205865955613691,0.8069843511923158,0.8333542493265167
all,o2m_assigned_positive,cif_identity_change,0.052734375,0.17941340443863105,0.1666457506734831,0.19301564880768424
all,o2m_assigned_positive,survival,0.0546875,0.8147360599507174,0.8007667617832165,0.8279522677140501
all,o2m_assigned_positive,cif_identity_change,0.0546875,0.1852639400492828,0.17204773228594997,0.1992332382167833
all,o2m_assigned_positive,survival,0.056640625,0.8098872233534109,0.7957467737643363,0.8232562148761792
all,o2m_assigned_positive,cif_identity_change,0.056640625,0.19011277664658927,0.1767437851238207,0.20425322623566344
all,o2m_assigned_positive,survival,0.05859375,0.8038637312063118,0.7894455945048093,0.8176636064801572
all,o2m_assigned_positive,cif_identity_change,0.05859375,0.1961362687936883,0.18233639351984293,0.2105544054951909
all,o2m_assigned_positive,survival,0.060546875,0.7991890368548216,0.784607628262668,0.8132724318525577
all,o2m_assigned_positive,cif_identity_change,0.060546875,0.2008109631451786,0.1867275681474425,0.21539237173733178
all,o2m_assigned_positive,survival,0.0625,0.7943763334118752,0.7794767829715912,0.808711710850647
all,o2m_assigned_positive,cif_identity_change,0.0625,0.205623666588125,0.19128828914935309,0.22052321702840827
all,o2m_assigned_positive,survival,0.064453125,0.7895980835377002,0.7743608817112551,0.8041335993375425
all,o2m_assigned_positive,cif_identity_change,0.064453125,0.21040191646230003,0.19586640066245722,0.22563911828874486
all,o2m_assigned_positive,survival,0.06640625,0.7840208637688398,0.7684672792827025,0.7988803211520634
all,o2m_assigned_positive,cif_identity_change,0.06640625,0.21597913623116044,0.2011196788479365,0.23153272071729755
all,o2m_assigned_positive,survival,0.068359375,0.7786182016080423,0.7628024418997048,0.7938023130413714
all,o2m_assigned_positive,cif_identity_change,0.068359375,0.22138179839195798,0.20619768695862822,0.23719755810029544
all,o2m_assigned_positive,survival,0.0703125,0.7740118212227725,0.7579652695845688,0.7894791911737787
all,o2m_assigned_positive,cif_identity_change,0.0703125,0.22598817877722785,0.21052080882622096,0.24203473041543044
all,o2m_assigned_positive,survival,0.072265625,0.7686752244311498,0.7524451917137697,0.7844564066379064
all,o2m_assigned_positive,cif_identity_change,0.072265625,0.2313247755688505,0.21554359336209364,0.2475548082862306
all,o2m_assigned_positive,survival,0.07421875,0.7638248827683167,0.7471262959400438,0.7799814320980372
all,o2m_assigned_positive,cif_identity_change,0.07421875,0.23617511723168352,0.22001856790196297,0.25287370405995657
all,o2m_assigned_positive,survival,0.076171875,0.7591485344541296,0.7424434227223968,0.7755056135227978
all,o2m_assigned_positive,cif_identity_change,0.076171875,0.24085146554587075,0.22449438647720255,0.25755657727760334
all,o2m_assigned_positive,survival,0.078125,0.7545768381801913,0.7376901872654456,0.7710570764828099
all,o2m_assigned_positive,cif_identity_change,0.078125,0.245423161819809,0.22894292351718992,0.26230981273455417
all,o2m_assigned_positive,survival,0.080078125,0.7495875444736168,0.7325178821051325,0.766645855707512
all,o2m_assigned_positive,cif_identity_change,0.080078125,0.2504124555263835,0.2333541442924885,0.2674821178948669
all,o2m_assigned_positive,survival,0.08203125,0.7454319935914717,0.7281524930239452,0.7624718727606666
all,o2m_assigned_positive,cif_identity_change,0.08203125,0.25456800640852856,0.23752812723933286,0.2718475069760549
all,o2m_assigned_positive,survival,0.083984375,0.7395105177009972,0.7217417749942189,0.7568420783387435
all,o2m_assigned_positive,cif_identity_change,0.083984375,0.26048948229900304,0.2431579216612567,0.2782582250057807
all,o2m_assigned_positive,survival,0.0859375,0.7352465802572206,0.7173570647424934,0.752735242677662
all,o2m_assigned_positive,cif_identity_change,0.0859375,0.2647534197427797,0.24726475732233777,0.2826429352575068
all,o2m_assigned_positive,survival,0.087890625,0.731329999858292,0.7134913855462519,0.7489644381992528
all,o2m_assigned_positive,cif_identity_change,0.087890625,0.26867000014170833,0.2510355618007473,0.2865086144537483
all,o2m_assigned_positive,survival,0.08984375,0.7269641230814673,0.7091072510246251,0.7446233795912295
all,o2m_assigned_positive,cif_identity_change,0.08984375,0.27303587691853304,0.2553766204087704,0.290892748975375
all,o2m_assigned_positive,survival,0.091796875,0.7228403239732196,0.7051670716149435,0.7405120068909391
all,o2m_assigned_positive,cif_identity_change,0.091796875,0.27715967602678077,0.25948799310906095,0.2948329283850563
all,o2m_assigned_positive,survival,0.09375,0.7194098056534056,0.7015518529323471,0.7371248681273362
all,o2m_assigned_positive,cif_identity_change,0.09375,0.2805901943465948,0.26287513187266415,0.29844814706765277
all,o2m_assigned_positive,survival,0.0944911182523068,0.719375100744019,0.7015175609602973,0.737076564328339
all,o2m_assigned_positive,cif_identity_change,0.0944911182523068,0.28062489925598144,0.26292343567166093,0.2984824390397026
all,o2m_assigned_positive,survival,0.095703125,0.7121964667929439,0.6942942985083503,0.7298667568549129
all,o2m_assigned_positive,cif_identity_change,0.095703125,0.28780353320705654,0.27013324314508763,0.30570570149164966
all,o2m_assigned_positive,survival,0.09765625,0.7081733208411631,0.6902175911097272,0.7258789052480835
all,o2m_assigned_positive,cif_identity_change,0.09765625,0.2918266791588373,0.27412109475191665,0.30978240889027286
all,o2m_assigned_positive,survival,0.099609375,0.7039416741298272,0.6861893265838187,0.7218514872179381
all,o2m_assigned_positive,cif_identity_change,0.099609375,0.2960583258701732,0.2781485127820622,0.3138106734161816
all,o2m_assigned_positive,survival,0.1015625,0.6988451938385566,0.6812828635469764,0.7164457954089724
all,o2m_assigned_positive,cif_identity_change,0.1015625,0.3011548061614439,0.2835542045910278,0.3187171364530237
all,o2m_assigned_positive,survival,0.1020620726159657,0.6988106845147026,0.681281950711465,0.7163813946599327
all,o2m_assigned_positive,cif_identity_change,0.1020620726159657,0.30118931548529787,0.2836186053400674,0.31871804928853503
all,o2m_assigned_positive,survival,0.103515625,0.6930177504867834,0.6757887873713864,0.71043059803912
all,o2m_assigned_positive,cif_identity_change,0.103515625,0.3069822495132171,0.28956940196088016,0.3242112126286135
all,o2m_assigned_positive,survival,0.10546875,0.6895865190071149,0.67269708311275,0.7063777823067923
all,o2m_assigned_positive,cif_identity_change,0.10546875,0.3104134809928857,0.2936222176932078,0.32730291688724994
all,o2m_assigned_positive,survival,0.107421875,0.6852513298818661,0.6683512364821191,0.7021054250486132
all,o2m_assigned_positive,cif_identity_change,0.107421875,0.31474867011813445,0.29789457495138644,0.3316487635178812
all,o2m_assigned_positive,survival,0.109375,0.6813301620465062,0.664443830833411,0.6982251541002543
all,o2m_assigned_positive,cif_identity_change,0.109375,0.3186698379534944,0.30177484589974557,0.33555616916658904
all,o2m_assigned_positive,survival,0.111328125,0.6781047425323459,0.6612935272518153,0.6947287194194258
all,o2m_assigned_positive,cif_identity_change,0.111328125,0.32189525746765474,0.30527128058057407,0.3387064727481844
all,o2m_assigned_positive,survival,0.11328125,0.6724850478608237,0.6563182622590017,0.6883672181501131
all,o2m_assigned_positive,cif_identity_change,0.11328125,0.32751495213917686,0.3116327818498868,0.3436817377409987
all,o2m_assigned_positive,survival,0.115234375,0.6696385231320623,0.6535580040266397,0.6854726014308907
all,o2m_assigned_positive,cif_identity_change,0.115234375,0.3303614768679383,0.31452739856910883,0.34644199597336023
all,o2m_assigned_positive,survival,0.1171875,0.6663073336166367,0.6500148834531768,0.6823455209310616
all,o2m_assigned_positive,cif_identity_change,0.1171875,0.3336926663833638,0.3176544790689382,0.3499851165468228
all,o2m_assigned_positive,survival,0.119140625,0.6622474561244354,0.6465107877422464,0.677852228313037
all,o2m_assigned_positive,cif_identity_change,0.119140625,0.3377525438755652,0.32214777168696274,0.35348921225775337
all,o2m_assigned_positive,survival,0.12109375,0.6592263452192868,0.6435014032382558,0.6749092180828571
all,o2m_assigned_positive,cif_identity_change,0.12109375,0.3407736547807137,0.3250907819171432,0.35649859676174417
all,o2m_assigned_positive,survival,0.123046875,0.6560320705662405,0.6401094211159734,0.6718716253508783
all,o2m_assigned_positive,cif_identity_change,0.123046875,0.34396792943376003,0.328128374649122,0.3598905788840265
all,o2m_assigned_positive,survival,0.125,0.6521775788650579,0.6363144450916195,0.6678847969741838
all,o2m_assigned_positive,cif_identity_change,0.125,0.34782242113494255,0.3321152030258162,0.3636855549083808
t_8_16,o2o,survival,0.0,1.0,1.0,1.0
t_8_16,o2o,cif_eligibility,0.0,0.0,0.0,0.0
t_8_16,o2o,cif_topk,0.0,0.0,0.0,0.0
t_8_16,o2o,cif_conflict,0.0,0.0,0.0,0.0
t_8_16,o2o,cif_within_set,0.0,0.0,0.0,0.0
t_8_16,o2o,cif_other,0.0,0.0,0.0,0.0
t_8_16,o2o,survival,0.001953125,0.9870801208779747,0.9849036490719458,0.989200720337342
t_8_16,o2o,cif_eligibility,0.001953125,0.012279576459083697,0.010227269183249878,0.014395815899214822
t_8_16,o2o,cif_topk,0.001953125,0.0,0.0,0.0
t_8_16,o2o,cif_conflict,0.001953125,0.0,0.0,0.0
t_8_16,o2o,cif_within_set,0.001953125,0.0006403026629416255,0.00030665225678070876,0.0010581139290750349
t_8_16,o2o,cif_other,0.001953125,0.0,0.0,0.0
t_8_16,o2o,survival,0.00390625,0.9862803504406253,0.984164365121742,0.9883579293758195
t_8_16,o2o,cif_eligibility,0.00390625,0.012359675081084168,0.010334912550443895,0.014474307055371722
t_8_16,o2o,cif_topk,0.00390625,0.0,0.0,0.0
t_8_16,o2o,cif_conflict,0.00390625,0.0,0.0,0.0
t_8_16,o2o,cif_within_set,0.00390625,0.0013599744782905035,0.0008080064882626773,0.001977864540847868
t_8_16,o2o,cif_other,0.00390625,0.0,0.0,0.0
t_8_16,o2o,survival,0.005859375,0.9856796107756218,0.9835125924999436,0.9878058831237476
t_8_16,o2o,cif_eligibility,0.005859375,0.012439773703084639,0.0104210293136041,0.014556819680844818
t_8_16,o2o,cif_topk,0.005859375,0.0,0.0,0.0
t_8_16,o2o,cif_conflict,0.005859375,0.0,0.0,0.0
t_8_16,o2o,cif_within_set,0.005859375,0.0018806155212935675,0.0012156579786527393,0.0026106313980236847
t_8_16,o2o,cif_other,0.005859375,0.0,0.0,0.0
t_8_16,o2o,survival,0.0078125,0.9851201362042739,0.9828780702262239,0.9872819661360348
t_8_16,o2o,cif_eligibility,0.0078125,0.012479823014084875,0.010443417386722416,0.014596427661008179
t_8_16,o2o,cif_topk,0.0078125,0.0,0.0,0.0
t_8_16,o2o,cif_conflict,0.0078125,0.0,0.0,0.0
t_8_16,o2o,cif_within_set,0.0078125,0.002400040781641267,0.0016948748136708506,0.003164855168641576
t_8_16,o2o,cif_other,0.0078125,0.0,0.0,0.0
t_8_16,o2o,survival,0.009765625,0.9844800766978633,0.9822302455809736,0.9866720754330157
t_8_16,o2o,cif_eligibility,0.009765625,0.012519872325085111,0.0104824583142143,0.014632795413687812
t_8_16,o2o,cif_topk,0.009765625,0.0,0.0,0.0
t_8_16,o2o,cif_conflict,0.009765625,0.0,0.0,0.0
t_8_16,o2o,cif_within_set,0.009765625,0.0030000509770515835,0.0022446889165298723,0.0037984057970604584
t_8_16,o2o,cif_other,0.009765625,0.0,0.0,0.0
t_8_16,o2o,survival,0.01171875,0.983719869258452,0.9815413438917828,0.9858564953529514
t_8_16,o2o,cif_eligibility,0.01171875,0.012599970947085582,0.010575801692925145,0.014688435486250434
t_8_16,o2o,cif_topk,0.01171875,0.0,0.0,0.0
t_8_16,o2o,cif_conflict,0.01171875,4.004931100023569e-05,0.0,0.00013055447503306617
t_8_16,o2o,cif_within_set,0.01171875,0.003640110483462136,0.0028638146559996484,0.00443359193274803
t_8_16,o2o,cif_other,0.01171875,0.0,0.0,0.0
t_8_16,o2o,survival,0.013671875,0.9830798097520415,0.9808534205272291,0.9852939595542167
t_8_16,o2o,cif_eligibility,0.013671875,0.012719875723555216,0.010690309868462894,0.01480662873476618
t_8_16,o2o,cif_topk,0.013671875,0.0,0.0,0.0
t_8_16,o2o,cif_conflict,0.013671875,4.004931100023569e-05,0.0,0.00013055447503306617
t_8_16,o2o,cif_within_set,0.013671875,0.004160265213403054,0.00326122534729202,0.00511407451825267
t_8_16,o2o,cif_other,0.013671875,0.0,0.0,0.0
t_8_16,o2o,survival,0.015625,0.9821996975361605,0.979884531215566,0.9844595397324205
t_8_16,o2o,cif_eligibility,0.015625,0.012799731189024615,0.010747866830330775,0.014893578749415003
t_8_16,o2o,cif_topk,0.015625,0.0,0.0,0.0
t_8_16,o2o,cif_conflict,0.015625,8.009862200047137e-05,0.0,0.00020698391830386274
t_8_16,o2o,cif_within_set,0.015625,0.004920472652814313,0.0039198103881099775,0.00596873812780138
t_8_16,o2o,cif_other,0.015625,0.0,0.0,0.0
t_8_16,o2o,survival,0.017578125,0.9815195887187498,0.9790752526169572,0.9839508966630062
t_8_16,o2o,cif_eligibility,0.017578125,0.012839537343493778,0.010785063154376339,0.014927402881647294
t_8_16,o2o,cif_topk,0.017578125,0.0,0.0,0.0
t_8_16,o2o,cif_conflict,0.017578125,0.00011990477646963419,0.0,0.00026380044555231777
t_8_16,o2o,cif_within_set,0.017578125,0.005520969161286776,0.004428989804804992,0.006689040080033206
t_8_16,o2o,cif_other,0.017578125,0.0,0.0,0.0
t_8_16,o2o,survival,0.01953125,0.980839479901339,0.9783431146040789,0.9833351581636571
t_8_16,o2o,cif_eligibility,0.01953125,0.01291963596549425,0.01087178593108338,0.015021403500481673
t_8_16,o2o,cif_topk,0.01953125,0.0,0.0,0.0
t_8_16,o2o,cif_conflict,0.01953125,0.00011990477646963419,0.0,0.00026380044555231777
t_8_16,o2o,cif_within_set,0.01953125,0.006120979356697093,0.00492989227988661,0.007383448395676312
t_8_16,o2o,cif_other,0.01953125,0.0,0.0,0.0
t_8_16,o2o,survival,0.021484375,0.9798795122199887,0.977310178247437,0.9824617427438892
t_8_16,o2o,cif_eligibility,0.021484375,0.01299973458749472,0.010953047018391998,0.01507623303565963
t_8_16,o2o,cif_topk,0.021484375,0.0,0.0,0.0
t_8_16,o2o,cif_conflict,0.021484375,0.00024005270947034127,3.77688257327002e-05,0.00051093811822555
t_8_16,o2o,cif_within_set,0.021484375,0.006880700483046207,0.005608138605225703,0.00823549304017302
t_8_16,o2o,cif_other,0.021484375,0.0,0.0,0.0
t_8_16,o2o,survival,0.0234375,0.9793195513355787,0.9767131766323449,0.9819443163754847
t_8_16,o2o,cif_eligibility,0.0234375,0.01315968867496459,0.011108342455240327,0.015216504452658855
t_8_16,o2o,cif_topk,0.0234375,0.0,0.0,0.0
t_8_16,o2o,cif_conflict,0.0234375,0.00024005270947034127,3.77688257327002e-05,0.00051093811822555
t_8_16,o2o,cif_within_set,0.0234375,0.007280707279986419,0.00591145823336517,0.008749267720491349
t_8_16,o2o,cif_other,0.0234375,0.0,0.0,0.0
t_8_16,o2o,survival,0.025390625,0.9787197842966995,0.9760338799736331,0.9814355804820255
t_8_16,o2o,cif_eligibility,0.025390625,0.01315968867496459,0.011108342455240327,0.015216504452658855
t_8_16,o2o,cif_topk,0.025390625,0.0,0.0,0.0
t_8_16,o2o,cif_conflict,0.025390625,0.0003199081749397398,7.347764019365723e-05,0.0006242327884065446
t_8_16,o2o,cif_within_set,0.025390625,0.007800618853396264,0.006337032577110674,0.009346502000180348
t_8_16,o2o,cif_other,0.025390625,0.0,0.0,0.0
t_8_16,o2o,survival,0.02734375,0.9781603097253515,0.9754410742964783,0.9809188283371176
t_8_16,o2o,cif_eligibility,0.02734375,0.013279593451434224,0.011194355385678438,0.015377119480241503
t_8_16,o2o,cif_topk,0.02734375,0.0,0.0,0.0
t_8_16,o2o,cif_conflict,0.02734375,0.0003199081749397398,7.347764019365723e-05,0.0006242327884065446
t_8_16,o2o,cif_within_set,0.02734375,0.008240188648274565,0.006730478152442325,0.009849350715356031
t_8_16,o2o,cif_other,0.02734375,0.0,0.0,0.0
t_8_16,o2o,survival,0.029296875,0.9776406413084727,0.9748927655429814,0.9804686693324708
t_8_16,o2o,cif_eligibility,0.029296875,0.01331964276243446,0.011251411976663506,0.015414081255806691
t_8_16,o2o,cif_topk,0.029296875,0.0,0.0,0.0
t_8_16,o2o,cif_conflict,0.029296875,0.0003199081749397398,7.347764019365723e-05,0.0006242327884065446
t_8_16,o2o,cif_within_set,0.029296875,0.008719807754153102,0.007138072769984625,0.01040771341245095
t_8_16,o2o,cif_other,0.029296875,0.0,0.0,0.0
t_8_16,o2o,survival,0.03125,0.9765607688506528,0.9736916759669897,0.9794246573870979
t_8_16,o2o,cif_eligibility,0.03125,0.01339949822790386,0.011297031239035363,0.0155093694179831
t_8_16,o2o,cif_topk,0.03125,0.0,0.0,0.0
t_8_16,o2o,cif_conflict,0.03125,0.0003597143294089026,0.00010009072403142618,0.0006813032261848604
t_8_16,o2o,cif_within_set,0.03125,0.009680018592034469,0.00792881832850436,0.011566236263985662
t_8_16,o2o,cif_other,0.03125,0.0,0.0,0.0
t_8_16,o2o,survival,0.033203125,0.9757214354153653,0.9727908836090715,0.9786806955379281
t_8_16,o2o,cif_eligibility,0.033203125,0.013519403004373494,0.011405866072717024,0.01564197710460105
t_8_16,o2o,cif_topk,0.033203125,4.00493110002357e-05,0.0,0.00014048281749900665
t_8_16,o2o,cif_conflict,0.033203125,0.0003597143294089026,0.00010009072403142618,0.0006813032261848604
t_8_16,o2o,cif_within_set,0.033203125,0.010359397939852038,0.008491805789270163,0.01238185797511608
t_8_16,o2o,cif_other,0.033203125,0.0,0.0,0.0
t_8_16,o2o,survival,0.03515625,0.9752425457790799,0.9722910553029982,0.9782169835636476
t_8_16,o2o,cif_eligibility,0.03515625,0.013519403004373494,0.011405866072717024,0.01564197710460105
t_8_16,o2o,cif_topk,0.03515625,4.00493110002357e-05,0.0,0.00014048281749900665
t_8_16,o2o,cif_conflict,0.03515625,0.0003597143294089026,0.00010009072403142618,0.0006813032261848604
t_8_16,o2o,cif_within_set,0.03515625,0.010838287576137355,0.008934152668696889,0.012911062307047493
t_8_16,o2o,cif_other,0.03515625,0.0,0.0,0.0
t_8_16,o2o,survival,0.037109375,0.9748024896711395,0.9718212016723936,0.9778263666046002
t_8_16,o2o,cif_eligibility,0.037109375,0.013599258469842893,0.011485183054809415,0.015722044990867316
t_8_16,o2o,cif_topk,0.037109375,4.00493110002357e-05,0.0,0.00014048281749900665
t_8_16,o2o,cif_conflict,0.037109375,0.0003597143294089026,0.00010009072403142618,0.0006813032261848604
t_8_16,o2o,cif_within_set,0.037109375,0.011198488218608403,0.009254706962564219,0.013297077415813206
t_8_16,o2o,cif_other,0.037109375,0.0,0.0,0.0
t_8_16,o2o,survival,0.0390625,0.9738027158353201,0.9707490248541848,0.9768888142199065
t_8_16,o2o,cif_eligibility,0.0390625,0.013679113935312293,0.01154949030662094,0.015803327682530767
t_8_16,o2o,cif_topk,0.0390625,4.00493110002357e-05,0.0,0.00014048281749900665
t_8_16,o2o,cif_conflict,0.0390625,0.0003997636404091383,0.00012983396214530466,0.0007314772642982955
t_8_16,o2o,cif_within_set,0.0390625,0.012078357277958224,0.010036991700535585,0.01432000694175961
t_8_16,o2o,cif_other,0.0390625,0.0,0.0,0.0
t_8_16,o2o,survival,0.041015625,0.973203435109503,0.9700833973579828,0.9763477866388741
t_8_16,o2o,cif_eligibility,0.041015625,0.013759212557312763,0.011611947799609461,0.015895860702698616
t_8_16,o2o,cif_topk,0.041015625,4.00493110002357e-05,0.0,0.00014048281749900665
t_8_16,o2o,cif_conflict,0.041015625,0.0003997636404091383,0.00012983396214530466,0.0007314772642982955
t_8_16,o2o,cif_within_set,0.041015625,0.012597539381774851,0.01048442401182372,0.014868040374784784
t_8_16,o2o,cif_other,0.041015625,0.0,0.0,0.0
t_8_16,o2o,survival,0.04296875,0.972483276981092,0.9692707076190261,0.9756751321486068
t_8_16,o2o,cif_eligibility,0.04296875,0.013799261868313,0.011666020701437364,0.015937825642455567
t_8_16,o2o,cif_topk,0.04296875,4.00493110002357e-05,0.0,0.00014048281749900665
t_8_16,o2o,cif_conflict,0.04296875,0.000439812951409374,0.00016030889591259803,0.0007794470333632894
t_8_16,o2o,cif_within_set,0.04296875,0.013237598888185403,0.011015110039008133,0.015637126246964363
t_8_16,o2o,cif_other,0.04296875,0.0,0.0,0.0
t_8_16,o2o,survival,0.044921875,0.9718830236291507,0.9686012333220333,0.9751492985787908
t_8_16,o2o,cif_eligibility,0.044921875,0.013799261868313,0.011666020701437364,0.015937825642455567
t_8_16,o2o,cif_topk,0.044921875,4.00493110002357e-05,0.0,0.00014048281749900665
t_8_16,o2o,cif_conflict,0.044921875,0.0004798622624096097,0.00016873063458534883,0.000884421822725029
t_8_16,o2o,cif_within_set,0.044921875,0.013797802929126557,0.011452308311626623,0.01634288024850553
t_8_16,o2o,cif_other,0.044921875,0.0,0.0,0.0
t_8_16,o2o,survival,0.046875,0.9708834929498622,0.9674938332267189,0.974255977476758
t_8_16,o2o,cif_eligibility,0.046875,0.01387936049031347,0.011759174856758427,0.016015930207698093
t_8_16,o2o,cif_topk,0.046875,4.00493110002357e-05,0.0,0.00014048281749900665
t_8_16,o2o,cif_conflict,0.046875,0.0005199115734098454,0.00018268475190578223,0.000953253757102254
t_8_16,o2o,cif_within_set,0.046875,0.014677185675414232,0.012273490797842524,0.017335167542119397
t_8_16,o2o,cif_other,0.046875,0.0,0.0,0.0
t_8_16,o2o,survival,0.048828125,0.969923768425043,0.9664564285518024,0.9733277843969413
t_8_16,o2o,cif_eligibility,0.048828125,0.013919166644782634,0.01182710473331419,0.01601950436965532
t_8_16,o2o,cif_topk,0.048828125,4.00493110002357e-05,0.0,0.00014048281749900665
t_8_16,o2o,cif_conflict,0.048828125,0.0005199115734098454,0.00018268475190578223,0.000953253757102254
t_8_16,o2o,cif_within_set,0.048828125,0.015597104045764289,0.013048183632581128,0.018381423173050557
t_8_16,o2o,cif_other,0.048828125,0.0,0.0,0.0
t_8_16,o2o,survival,0.05078125,0.9694036136951021,0.9658482491806336,0.9728608849752259
t_8_16,o2o,cif_eligibility,0.05078125,0.01395921595578287,0.011845642147848966,0.016054192052710158
t_8_16,o2o,cif_topk,0.05078125,4.00493110002357e-05,0.0,0.00014048281749900665
t_8_16,o2o,cif_conflict,0.05078125,0.0005599608844100811,0.00019809088091308954,0.0010135976772010734
t_8_16,o2o,cif_within_set,0.05078125,0.016037160153704735,0.013422325493331357,0.01892228226414731
t_8_16,o2o,cif_other,0.05078125,0.0,0.0,0.0
t_8_16,o2o,survival,0.052734375,0.9685640371032836,0.964925401484754,0.9720233682419535
t_8_16,o2o,cif_eligibility,0.052734375,0.013999265266783106,0.01190093849495164,0.016107551741033968
t_8_16,o2o,cif_topk,0.052734375,4.00493110002357e-05,0.0,0.00014048281749900665
t_8_16,o2o,cif_conflict,0.052734375,0.0006000101954103167,0.00020414202669955428,0.0010953004120717194
t_8_16,o2o,cif_within_set,0.052734375,0.016796638123522774,0.01408216070475579,0.019753890281549502
t_8_16,o2o,cif_other,0.052734375,0.0,0.0,0.0
t_8_16,o2o,survival,0.0546875,0.9676441187329337,0.9638438002487278,0.971235671715253
t_8_16,o2o,cif_eligibility,0.0546875,0.014079363888783577,0.012005756188374904,0.016192804823756575
t_8_16,o2o,cif_topk,0.0546875,4.00493110002357e-05,0.0,0.00014048281749900665
t_8_16,o2o,cif_conflict,0.0546875,0.0006400595064105524,0.00023560809727650448,0.001130153593849849
t_8_16,o2o,cif_within_set,0.0546875,0.017596408560872124,0.014767931544166358,0.0206529071391701
t_8_16,o2o,cif_other,0.0546875,0.0,0.0,0.0
t_8_16,o2o,survival,0.056640625,0.9671244503160549,0.9632723787489907,0.9708646905418227
t_8_16,o2o,cif_eligibility,0.056640625,0.014159219354252977,0.012058840221088012,0.016277380501331474
t_8_16,o2o,cif_topk,0.056640625,4.00493110002357e-05,0.0,0.00014048281749900665
t_8_16,o2o,cif_conflict,0.056640625,0.0007597211263491138,0.00031986082359935526,0.0012836725033810849
t_8_16,o2o,cif_within_set,0.056640625,0.017916559892342938,0.015017841491396138,0.02110777004787467
t_8_16,o2o,cif_other,0.056640625,0.0,0.0,0.0
t_8_16,o2o,survival,0.05859375,0.9664448278117063,0.9624142546456652,0.9702575184811989
t_8_16,o2o,cif_eligibility,0.05859375,0.014199268665253213,0.012085959881499438,0.016355832411994547
t_8_16,o2o,cif_topk,0.05859375,4.00493110002357e-05,0.0,0.00014048281749900665
t_8_16,o2o,cif_conflict,0.05859375,0.0008398197483495852,0.0003545352511817627,0.0014417073759199236
t_8_16,o2o,cif_within_set,0.05859375,0.018476034463690873,0.015459361989324032,0.021758998577025335
t_8_16,o2o,cif_other,0.05859375,0.0,0.0,0.0
t_8_16,o2o,survival,0.060546875,0.9657258854659506,0.9616643644298692,0.9695185850002236
t_8_16,o2o,cif_eligibility,0.060546875,0.014279124130722612,0.012169567269154446,0.016415080728237406
t_8_16,o2o,cif_topk,0.060546875,4.00493110002357e-05,0.0,0.00014048281749900665
t_8_16,o2o,cif_conflict,0.060546875,0.0009199183703500566,0.00041181552166704165,0.0015376638150721338
t_8_16,o2o,cif_within_set,0.060546875,0.01903502272197666,0.01601439119281975,0.02229913224133295
t_8_16,o2o,cif_other,0.060546875,0.0,0.0,0.0
t_8_16,o2o,survival,0.0625,0.9651654382684783,0.9610944528400532,0.969000657627452
t_8_16,o2o,cif_eligibility,0.0625,0.01439927206372332,0.012283621402490867,0.016560122632656035
t_8_16,o2o,cif_topk,0.0625,4.00493110002357e-05,0.0,0.00014048281749900665
t_8_16,o2o,cif_conflict,0.0625,0.0009599676813502923,0.00043374328565571707,0.0015777768214110047
t_8_16,o2o,cif_within_set,0.0625,0.019435272675447944,0.016388790248420406,0.022745961910427517
t_8_16,o2o,cif_other,0.0625,0.0,0.0,0.0
t_8_16,o2o,survival,0.064453125,0.9645255953684695,0.9604302492916771,0.9683558099588757
t_8_16,o2o,cif_eligibility,0.064453125,0.014519181815819683,0.01241802675139615,0.016667070099039703
t_8_16,o2o,cif_topk,0.064453125,4.00493110002357e-05,0.0,0.00014048281749900665
t_8_16,o2o,cif_conflict,0.064453125,0.0009599676813502923,0.00043374328565571707,0.0015777768214110047
t_8_16,o2o,cif_within_set,0.064453125,0.019955205823360474,0.016866970369496057,0.023289308014855008
t_8_16,o2o,cif_other,0.064453125,0.0,0.0,0.0
t_8_16,o2o,survival,0.06640625,0.9634451469019405,0.9593438021704453,0.9672936537221044
t_8_16,o2o,cif_eligibility,0.06640625,0.015079432367110198,0.01300693320519494,0.017228785340984244
t_8_16,o2o,cif_topk,0.06640625,4.00493110002357e-05,0.0,0.00014048281749900665
t_8_16,o2o,cif_conflict,0.06640625,0.0009599676813502923,0.00043374328565571707,0.0015777768214110047
t_8_16,o2o,cif_within_set,0.06640625,0.02047540373859897,0.017397966051459223,0.023820297275294673
t_8_16,o2o,cif_other,0.06640625,0.0,0.0,0.0
t_8_16,o2o,survival,0.068359375,0.9621254339121588,0.9580295802507053,0.9659870628629424
t_8_16,o2o,cif_eligibility,0.068359375,0.015519579904088369,0.013444721663572981,0.017675576836196992
t_8_16,o2o,cif_topk,0.068359375,4.00493110002357e-05,0.0,0.00014048281749900665
t_8_16,o2o,cif_conflict,0.068359375,0.0009599676813502923,0.00043374328565571707,0.0015777768214110047
t_8_16,o2o,cif_within_set,0.068359375,0.021354969191402548,0.01810845616041015,0.024858979346609023
t_8_16,o2o,cif_other,0.068359375,0.0,0.0,0.0
t_8_16,o2o,survival,0.0703125,0.9608051249011569,0.9566441587252567,0.9647942827489607
t_8_16,o2o,cif_eligibility,0.0703125,0.016080190083627915,0.014003252166123982,0.018247028423380027
t_8_16,o2o,cif_topk,0.0703125,4.00493110002357e-05,0.0,0.00014048281749900665
t_8_16,o2o,cif_conflict,0.0703125,0.0010799073269894726,0.0005040450857336567,0.0017373330059250942
t_8_16,o2o,cif_within_set,0.0703125,0.021994728377225756,0.018671768101170882,0.025601673127329846
t_8_16,o2o,cif_other,0.0703125,0.0,0.0,0.0
t_8_16,o2o,survival,0.072265625,0.9591240569941436,0.954868641204567,0.9632174929902656
t_8_16,o2o,cif_eligibility,0.072265625,0.01724161667806144,0.015065102364245483,0.019467693307341428
t_8_16,o2o,cif_topk,0.072265625,4.00493110002357e-05,0.0,0.00014048281749900665
t_8_16,o2o,cif_conflict,0.072265625,0.0010799073269894726,0.0005040450857336567,0.0017373330059250942
t_8_16,o2o,cif_within_set,0.072265625,0.022514369689805573,0.019173038953045993,0.02608744286305351
t_8_16,o2o,cif_other,0.072265625,0.0,0.0,0.0
t_8_16,o2o,survival,0.07421875,0.9576041625037104,0.9532390246221794,0.9617432211593642
t_8_16,o2o,cif_eligibility,0.07421875,0.017921793538890833,0.01569111706112013,0.020191671520745188
t_8_16,o2o,cif_topk,0.07421875,4.00493110002357e-05,0.0,0.00014048281749900665
t_8_16,o2o,cif_conflict,0.07421875,0.0010799073269894726,0.0005040450857336567,0.0017373330059250942
t_8_16,o2o,cif_within_set,0.07421875,0.023354087319409408,0.019911408108798906,0.027051938130097205
t_8_16,o2o,cif_other,0.07421875,0.0,0.0,0.0
t_8_16,o2o,survival,0.076171875,0.9559628859920778,0.9514920533669846,0.9601670214672444
t_8_16,o2o,cif_eligibility,0.076171875,0.019003025819541816,0.016606944209022843,0.02141436037892369
t_8_16,o2o,cif_topk,0.076171875,4.00493110002357e-05,0.0,0.00014048281749900665
t_8_16,o2o,cif_conflict,0.076171875,0.0010799073269894726,0.0005040450857336567,0.0017373330059250942
t_8_16,o2o,cif_within_set,0.076171875,0.023914131550391078,0.02037535972933963,0.027725903406290126
t_8_16,o2o,cif_other,0.076171875,0.0,0.0,0.0
t_8_16,o2o,survival,0.078125,0.9546825354535188,0.9500897402701975,0.9589684180274914
t_8_16,o2o,cif_eligibility,0.078125,0.019643566097583335,0.01723050669518685,0.022087112741138466
t_8_16,o2o,cif_topk,0.078125,4.00493110002357e-05,0.0,0.00014048281749900665
t_8_16,o2o,cif_conflict,0.078125,0.0011197433812876589,0.0005119239130809729,0.0018187144409169637
t_8_16,o2o,cif_within_set,0.078125,0.02451410575661044,0.020898151458206872,0.028403112255819662
t_8_16,o2o,cif_other,0.078125,0.0,0.0,0.0
t_8_16,o2o,survival,0.080078125,0.9517597811814549,0.9469884132800583,0.9561235407694028
t_8_16,o2o,cif_eligibility,0.080078125,0.021926483410642107,0.019371664357823646,0.02458088280825054
t_8_16,o2o,cif_topk,0.080078125,4.00493110002357e-05,0.0,0.00014048281749900665
t_8_16,o2o,cif_conflict,0.080078125,0.0011197433812876589,0.0005119239130809729,0.0018187144409169637
t_8_16,o2o,cif_within_set,0.080078125,0.025153942715615593,0.021430382278828063,0.029113420531225818
t_8_16,o2o,cif_other,0.080078125,0.0,0.0,0.0
t_8_16,o2o,survival,0.08203125,0.9502385834089395,0.9453939419167378,0.9547067594912838
t_8_16,o2o,cif_eligibility,0.08203125,0.022567320754280803,0.019920734307522545,0.02524174574156755
t_8_16,o2o,cif_topk,0.08203125,4.00493110002357e-05,0.0,0.00014048281749900665
t_8_16,o2o,cif_conflict,0.08203125,0.0011999088891368455,0.0005825240684389605,0.001905582713971758
t_8_16,o2o,cif_within_set,0.08203125,0.025954137636643063,0.022094503451340237,0.030024736633524608
t_8_16,o2o,cif_other,0.08203125,0.0,0.0,0.0
t_8_16,o2o,survival,0.083984375,0.9475969456539427,0.9425101162660717,0.952340316460545
t_8_16,o2o,cif_eligibility,0.083984375,0.024528868587183457,0.021685058751590196,0.027522750720632566
t_8_16,o2o,cif_topk,0.083984375,4.00493110002357e-05,0.0,0.00014048281749900665
t_8_16,o2o,cif_conflict,0.083984375,0.0011999088891368455,0.0005825240684389605,0.001905582713971758
t_8_16,o2o,cif_within_set,0.083984375,0.026634227558737213,0.022543387497014473,0.030837498702799674
t_8_16,o2o,cif_other,0.083984375,0.0,0.0,0.0
t_8_16,o2o,survival,0.0859375,0.945073664109304,0.9399006403298088,0.9498970414509859
t_8_16,o2o,cif_eligibility,0.0859375,0.026291326611254728,0.023433242167293193,0.029251120970109287
t_8_16,o2o,cif_topk,0.0859375,4.00493110002357e-05,0.0,0.00014048281749900665
t_8_16,o2o,cif_conflict,0.0859375,0.0012397600496002017,0.0005866215643832065,0.0019926176010153945
t_8_16,o2o,cif_within_set,0.0859375,0.027355199918841243,0.02322396699290724,0.03166020946454424
t_8_16,o2o,cif_other,0.0859375,0.0,0.0,0.0
t_8_16,o2o,survival,0.087890625,0.9438333042618042,0.938627577967325,0.948691430304222
t_8_16,o2o,cif_eligibility,0.087890625,0.026771528733411477,0.023984877520174457,0.029671681120361473
t_8_16,o2o,cif_topk,0.087890625,4.00493110002357e-05,0.0,0.00014048281749900665
t_8_16,o2o,cif_conflict,0.087890625,0.0013994216701395553,0.0006186975253536102,0.002348247917832839
t_8_16,o2o,cif_within_set,0.087890625,0.027955696023644918,0.023826615090713085,0.03229994540709044
t_8_16,o2o,cif_other,0.087890625,0.0,0.0,0.0
t_8_16,o2o,survival,0.08984375,0.9412308745272409,0.9359719607207854,0.9461981273873267
t_8_16,o2o,cif_eligibility,0.08984375,0.02865353285794331,0.02558734789065894,0.031765650006207964
t_8_16,o2o,cif_topk,0.08984375,4.00493110002357e-05,0.0,0.00014048281749900665
t_8_16,o2o,cif_conflict,0.08984375,0.0013994216701395553,0.0006186975253536102,0.002348247917832839
t_8_16,o2o,cif_within_set,0.08984375,0.028676121633676444,0.02441130071825564,0.033134357562043804
t_8_16,o2o,cif_other,0.08984375,0.0,0.0,0.0
t_8_16,o2o,survival,0.091796875,0.9387471203612533,0.9334718845193001,0.9437913365510746
t_8_16,o2o,cif_eligibility,0.091796875,0.030576455020953346,0.027600865607322684,0.03365473227566077
t_8_16,o2o,cif_topk,0.091796875,4.00493110002357e-05,0.0,0.00014048281749900665
t_8_16,o2o,cif_conflict,0.091796875,0.0014395332849531446,0.0006450194584963202,0.002405467140031567
t_8_16,o2o,cif_within_set,0.091796875,0.02919684202184043,0.02494289099566254,0.033680500957120885
t_8_16,o2o,cif_other,0.091796875,0.0,0.0,0.0
t_8_16,o2o,survival,0.09375,0.9376664497576355,0.9323888528900506,0.9427710149918964
t_8_16,o2o,cif_eligibility,0.09375,0.030856529654787683,0.027882241513172312,0.033940242258676506
t_8_16,o2o,cif_topk,0.09375,8.016435395568852e-05,0.0,0.0002023389606577381
t_8_16,o2o,cif_conflict,0.09375,0.0014794047722906537,0.0006460638156027328,0.0025025175014495673
t_8_16,o2o,cif_within_set,0.09375,0.029917451461330916,0.025529875987469565,0.0345087051534692
t_8_16,o2o,cif_other,0.09375,0.0,0.0,0.0
t_8_16,o2o,survival,0.095703125,0.9328971767147232,0.9275035840398432,0.9380507029768158
t_8_16,o2o,cif_eligibility,0.095703125,0.0349044901337085,0.03198111104842163,0.03790181253682244
t_8_16,o2o,cif_topk,0.095703125,8.016435395568852e-05,0.0,0.0002023389606577381
t_8_16,o2o,cif_conflict,0.095703125,0.0015596588921021547,0.0006892180267822807,0.002627461721809127
t_8_16,o2o,cif_within_set,0.095703125,0.030558509905510928,0.026095792130891672,0.035233921346016495
t_8_16,o2o,cif_other,0.095703125,0.0,0.0,0.0
t_8_16,o2o,survival,0.09765625,0.9317343667626689,0.9262539053303562,0.9368420270415108
t_8_16,o2o,cif_eligibility,0.09765625,0.035466073508349176,0.032530442052090935,0.03847925563797826
t_8_16,o2o,cif_topk,0.09765625,8.016435395568852e-05,0.0,0.0002023389606577381
t_8_16,o2o,cif_conflict,0.09765625,0.0015596588921021547,0.0006892180267822807,0.002627461721809127
t_8_16,o2o,cif_within_set,0.09765625,0.031159736482924645,0.026717607148610423,0.035877222861169955
t_8_16,o2o,cif_other,0.09765625,0.0,0.0,0.0
t_8_16,o2o,survival,0.099609375,0.9305321572573162,0.9251468735216956,0.9356760453373717
t_8_16,o2o,cif_eligibility,0.099609375,0.03602692593456562,0.03313745816012334,0.03903975950192809
t_8_16,o2o,cif_topk,0.099609375,8.016435395568852e-05,0.0,0.0002023389606577381
t_8_16,o2o,cif_conflict,0.099609375,0.0015995457443499408,0.0006958295629605052,0.0027206634927608364
t_8_16,o2o,cif_within_set,0.099609375,0.031761206709813104,0.02730665458144943,0.03654407774106031
t_8_16,o2o,cif_other,0.099609375,0.0,0.0,0.0
t_8_16,o2o,survival,0.1015625,0.9282881179687881,0.9226693796851397,0.9336498184528382
t_8_16,o2o,cif_eligibility,0.1015625,0.03770977263242277,0.03474922785899894,0.04078703179302896
t_8_16,o2o,cif_topk,0.1015625,8.016435395568852e-05,0.0,0.0002023389606577381
t_8_16,o2o,cif_conflict,0.1015625,0.0016394394575951659,0.0006958295629605052,0.0028256678912691154
t_8_16,o2o,cif_within_set,0.1015625,0.03228250558723885,0.027780231438695138,0.03712648188530649
t_8_16,o2o,cif_other,0.1015625,0.0,0.0,0.0
t_8_16,o2o,survival,0.1020620726159657,0.9282482242555429,0.9225905066782973,0.9335946799077138
t_8_16,o2o,cif_eligibility,0.1020620726159657,0.037749666345667995,0.034791880058748344,0.04083388186843982
t_8_16,o2o,cif_topk,0.1020620726159657,8.016435395568852e-05,0.0,0.0002023389606577381
t_8_16,o2o,cif_conflict,0.1020620726159657,0.0016394394575951659,0.0006958295629605052,0.0028256678912691154
t_8_16,o2o,cif_within_set,0.1020620726159657,0.03228250558723885,0.027780231438695138,0.03712648188530649
t_8_16,o2o,cif_other,0.1020620726159657,0.0,0.0,0.0
t_8_16,o2o,survival,0.103515625,0.9238374114039446,0.9179472306371345,0.9294641552020334
t_8_16,o2o,cif_eligibility,0.103515625,0.041479029686565645,0.03832452866306155,0.044742453689221966
t_8_16,o2o,cif_topk,0.103515625,8.016435395568852e-05,0.0,0.0002023389606577381
t_8_16,o2o,cif_conflict,0.103515625,0.0016795820695189626,0.000724871736772137,0.0028663397596564726
t_8_16,o2o,cif_within_set,0.103515625,0.03292381248601574,0.02838891812726462,0.037841003104627645
t_8_16,o2o,cif_other,0.103515625,0.0,0.0,0.0
t_8_16,o2o,survival,0.10546875,0.9225571792077113,0.9163392465272018,0.9286351645074948
t_8_16,o2o,cif_eligibility,0.10546875,0.042438350766169725,0.039081914218988274,0.04573963617265277
t_8_16,o2o,cif_topk,0.10546875,8.016435395568852e-05,0.0,0.0002023389606577381
t_8_16,o2o,cif_conflict,0.10546875,0.0016795820695189626,0.000724871736772137,0.0028663397596564726
t_8_16,o2o,cif_within_set,0.10546875,0.033244723602644966,0.02863033517106669,0.038210976017274745
t_8_16,o2o,cif_other,0.10546875,0.0,0.0,0.0
t_8_16,o2o,survival,0.107421875,0.9210742753613564,0.9148127789189233,0.9271492891456742
t_8_16,o2o,cif_eligibility,0.107421875,0.04339986544809898,0.039958975985077444,0.04678983057243059
t_8_16,o2o,cif_topk,0.107421875,8.016435395568852e-05,0.0,0.0002023389606577381
t_8_16,o2o,cif_conflict,0.107421875,0.0017197264257965766,0.0007458124101711646,0.0029045844219315812
t_8_16,o2o,cif_within_set,0.107421875,0.033725968410792964,0.029037782543616723,0.03868036010699418
t_8_16,o2o,cif_other,0.107421875,0.0,0.0,0.0
t_8_16,o2o,survival,0.109375,0.9202328035375738,0.913977992069786,0.9263696856932461
t_8_16,o2o,cif_eligibility,0.109375,0.043841286472817445,0.04036623456700221,0.047264265461921355
t_8_16,o2o,cif_topk,0.109375,8.016435395568852e-05,0.0,0.0002023389606577381
t_8_16,o2o,cif_conflict,0.109375,0.0017598777713188358,0.0007886370694633443,0.0029569190184489166
t_8_16,o2o,cif_within_set,0.109375,0.034085867864334984,0.02937661740798406,0.03910894287598679
t_8_16,o2o,cif_other,0.109375,0.0,0.0,0.0
t_8_16,o2o,survival,0.111328125,0.9192314142327123,0.9126456293880224,0.9256426944299325
t_8_16,o2o,cif_eligibility,0.111328125,0.04436157009546785,0.04080303985255927,0.047943290809125315
t_8_16,o2o,cif_topk,0.111328125,0.00012031744078959975,0.0,0.00025897154647080273
t_8_16,o2o,cif_conflict,0.111328125,0.0018401839449866582,0.0008435760120800218,0.003048891037531274
t_8_16,o2o,cif_within_set,0.111328125,0.03444651428604428,0.0297163211324027,0.039491379862044165
t_8_16,o2o,cif_other,0.111328125,0.0,0.0,0.0
t_8_16,o2o,survival,0.11328125,0.9159839528070196,0.9088046196928271,0.9226647604055322
t_8_16,o2o,cif_eligibility,0.11328125,0.047128106731046664,0.04307346004880434,0.05130838241985752
t_8_16,o2o,cif_topk,0.11328125,0.00012031744078959975,0.0,0.00025897154647080273
t_8_16,o2o,cif_conflict,0.11328125,0.0018401839449866582,0.0008435760120800218,0.003048891037531274
t_8_16,o2o,cif_within_set,0.11328125,0.034927439076158175,0.03011356163948058,0.03997261729877513
t_8_16,o2o,cif_other,0.11328125,0.0,0.0,0.0
t_8_16,o2o,survival,0.115234375,0.915542679372408,0.9082748179843508,0.9222701556161393
t_8_16,o2o,cif_eligibility,0.115234375,0.047288503299312334,0.043238986998751686,0.051498835280685315
t_8_16,o2o,cif_topk,0.115234375,0.00012031744078959975,0.0,0.00025897154647080273
t_8_16,o2o,cif_conflict,0.115234375,0.0018803440443467467,0.0008627834066244326,0.0031207515378414426
t_8_16,o2o,cif_within_set,0.115234375,0.03516815584314402,0.030351779394788062,0.04021538556593781
t_8_16,o2o,cif_other,0.115234375,0.0,0.0,0.0
t_8_16,o2o,survival,0.1171875,0.9146219230372221,0.9073290424805655,0.9214823323324086
t_8_16,o2o,cif_eligibility,0.1171875,0.04748857230858872,0.04344438257013578,0.051708798433466895
t_8_16,o2o,cif_topk,0.1171875,0.00012031744078959975,0.0,0.00025897154647080273
t_8_16,o2o,cif_conflict,0.1171875,0.0019606642430669238,0.0009164145048942508,0.0032299036405880857
t_8_16,o2o,cif_within_set,0.1171875,0.03580852297033326,0.03090543043669906,0.040977282215811144
t_8_16,o2o,cif_other,0.1171875,0.0,0.0,0.0
t_8_16,o2o,survival,0.119140625,0.9128999502644799,0.9048028215120639,0.9201734633748067
t_8_16,o2o,cif_eligibility,0.119140625,0.04880932625738852,0.044289148688005084,0.05367879909463084
t_8_16,o2o,cif_topk,0.119140625,0.00012031744078959975,0.0,0.00025897154647080273
t_8_16,o2o,cif_conflict,0.119140625,0.0019606642430669238,0.0009164145048942508,0.0032299036405880857
t_8_16,o2o,cif_within_set,0.119140625,0.03620974179427564,0.0313273648869312,0.04143551771644873
t_8_16,o2o,cif_other,0.119140625,0.0,0.0,0.0
t_8_16,o2o,survival,0.12109375,0.9119381666240052,0.9035725398008563,0.9194315882544436
t_8_16,o2o,cif_eligibility,0.12109375,0.04920937831885466,0.04449121970153546,0.054401151026096314
t_8_16,o2o,cif_topk,0.12109375,0.00016049339474050504,3.8289313108668576e-05,0.0003209155629846677
t_8_16,o2o,cif_conflict,0.12109375,0.002000840197017829,0.0009244146271598726,0.0032920916259707085
t_8_16,o2o,cif_within_set,0.12109375,0.0366911214653824,0.03168882658631862,0.04192735624717296
t_8_16,o2o,cif_other,0.12109375,0.0,0.0,0.0
t_8_16,o2o,survival,0.123046875,0.9111755552752421,0.902725185363655,0.9187914315310558
t_8_16,o2o,cif_eligibility,0.123046875,0.049490122145641594,0.04473539401459189,0.05475473999489732
t_8_16,o2o,cif_topk,0.123046875,0.00016049339474050504,3.8289313108668576e-05,0.0003209155629846677
t_8_16,o2o,cif_conflict,0.123046875,0.0020811921049196393,0.0009747461327031533,0.0033732736216771125
t_8_16,o2o,cif_within_set,0.123046875,0.03709263707945675,0.0320059834417857,0.04241395453469836
t_8_16,o2o,cif_other,0.123046875,0.0,0.0,0.0
t_8_16,o2o,survival,0.125,0.9097319041127911,0.9010335082766183,0.9174800497767622
t_8_16,o2o,cif_eligibility,0.125,0.0504122176830348,0.04551687130205158,0.05592701186022442
t_8_16,o2o,cif_topk,0.125,0.00016049339474050504,3.8289313108668576e-05,0.0003209155629846677
t_8_16,o2o,cif_conflict,0.125,0.0020811921049196393,0.0009747461327031533,0.0033732736216771125
t_8_16,o2o,cif_within_set,0.125,0.03761419270451442,0.03259695050311315,0.042932012748339535
t_8_16,o2o,cif_other,0.125,0.0,0.0,0.0
t_8_16,o2m_legacy,survival,0.0,1.0,1.0,1.0
t_8_16,o2m_legacy,cif_identity_change,0.0,0.0,0.0,0.0
t_8_16,o2m_legacy,survival,0.001953125,0.9818864298973853,0.9795366493899843,0.9842091146205971
t_8_16,o2m_legacy,cif_identity_change,0.001953125,0.01811357010261469,0.015790885379402875,0.0204633506100157
t_8_16,o2m_legacy,survival,0.00390625,0.975624870300042,0.972913718897007,0.9783366157196449
t_8_16,o2m_legacy,cif_identity_change,0.00390625,0.024375129699958004,0.021663384280355035,0.027086281102993017
t_8_16,o2m_legacy,survival,0.005859375,0.9691237272394291,0.9662756162481382,0.9718627028489718
t_8_16,o2m_legacy,cif_identity_change,0.005859375,0.03087627276057086,0.02813729715102826,0.033724383751861806
t_8_16,o2m_legacy,survival,0.0078125,0.9628229599826724,0.9596622732278834,0.9658531929357644
t_8_16,o2m_legacy,cif_identity_change,0.0078125,0.03717704001732747,0.03414680706423548,0.040337726772116514
t_8_16,o2m_legacy,survival,0.009765625,0.9558094666510929,0.9517605463977984,0.9595801747084125
t_8_16,o2m_legacy,cif_identity_change,0.009765625,0.04419053334890692,0.04041982529158756,0.04823945360220172
t_8_16,o2m_legacy,survival,0.01171875,0.9497044967188033,0.9453139084092348,0.9538178683163911
t_8_16,o2m_legacy,cif_identity_change,0.01171875,0.050295503281196474,0.046182131683608955,0.05468609159076519
t_8_16,o2m_legacy,survival,0.013671875,0.9438768720736,0.9391117260372174,0.9483554732974242
t_8_16,o2m_legacy,cif_identity_change,0.013671875,0.05612312792639978,0.051644526702575605,0.06088827396278273
t_8_16,o2m_legacy,survival,0.015625,0.9370586941212887,0.9317995524570641,0.9421183814007783
t_8_16,o2m_legacy,cif_identity_change,0.015625,0.06294130587871104,0.057881618599221876,0.06820044754293574
t_8_16,o2m_legacy,survival,0.017578125,0.9307192011503177,0.9251400940662262,0.9360184975347003
t_8_16,o2m_legacy,cif_identity_change,0.017578125,0.06928079884968208,0.06398150246529975,0.07485990593377385
t_8_16,o2m_legacy,survival,0.01953125,0.9243405005199333,0.9183348753336374,0.9301317310773451
t_8_16,o2m_legacy,cif_identity_change,0.01953125,0.07565949948006642,0.06986826892265464,0.08166512466636237
t_8_16,o2m_legacy,survival,0.021484375,0.9181960819556311,0.9117682727045084,0.9243663392806752
t_8_16,o2m_legacy,cif_identity_change,0.021484375,0.0818039180443687,0.07563366071932487,0.08823172729549156
t_8_16,o2m_legacy,survival,0.0234375,0.9130034909842224,0.9063069765249292,0.9193757296236269
t_8_16,o2m_legacy,cif_identity_change,0.0234375,0.08699650901577746,0.08062427037637301,0.0936930234750707
t_8_16,o2m_legacy,survival,0.025390625,0.9076107651815568,0.9004619032961212,0.914409163420803
t_8_16,o2m_legacy,cif_identity_change,0.025390625,0.09238923481844304,0.08559083657919708,0.09953809670387877
t_8_16,o2m_legacy,survival,0.02734375,0.9025367610787857,0.8950991990429925,0.909449303498153
t_8_16,o2m_legacy,cif_identity_change,0.02734375,0.09746323892121418,0.09055069650184716,0.10490080095700738
t_8_16,o2m_legacy,survival,0.029296875,0.8970264122978803,0.8893217456314474,0.9041134366884178
t_8_16,o2m_legacy,cif_identity_change,0.029296875,0.10297358770211965,0.09588656331158195,0.1106782543685527
t_8_16,o2m_legacy,survival,0.03125,0.8923875480102462,0.8843393392490069,0.8998227718907367
t_8_16,o2m_legacy,cif_identity_change,0.03125,0.10761245198975362,0.10017722810926338,0.11566066075099324
t_8_16,o2m_legacy,survival,0.033203125,0.8873152307156711,0.8787956349710387,0.8950466450440139
t_8_16,o2m_legacy,cif_identity_change,0.033203125,0.11268476928432875,0.10495335495598614,0.12120436502896141
t_8_16,o2m_legacy,survival,0.03515625,0.8818068097155611,0.8731807651333174,0.8898306490403499
t_8_16,o2m_legacy,cif_identity_change,0.03515625,0.11819319028443875,0.11016935095964994,0.12681923486668226
t_8_16,o2m_legacy,survival,0.037109375,0.8761790789290153,0.8672119350415045,0.8845369292872464
t_8_16,o2m_legacy,cif_identity_change,0.037109375,0.12382092107098468,0.11546307071275345,0.13278806495849538
t_8_16,o2m_legacy,survival,0.0390625,0.8706718627919023,0.8613888979399095,0.8793659114181666
t_8_16,o2m_legacy,cif_identity_change,0.0390625,0.12932813720809755,0.12063408858183394,0.13861110206009053
t_8_16,o2m_legacy,survival,0.041015625,0.8650436500601576,0.8553219152685174,0.874192981628796
t_8_16,o2m_legacy,cif_identity_change,0.041015625,0.13495634993984232,0.12580701837120403,0.14467808473148255
t_8_16,o2m_legacy,survival,0.04296875,0.8599299563527744,0.8495696287340352,0.869519223831998
t_8_16,o2m_legacy,cif_identity_change,0.04296875,0.1400700436472256,0.13048077616800194,0.15043037126596484
t_8_16,o2m_legacy,survival,0.044921875,0.8552148454997086,0.8446000692580843,0.8651157417614365
t_8_16,o2m_legacy,cif_identity_change,0.044921875,0.1447851545002913,0.1348842582385635,0.15539993074191577
t_8_16,o2m_legacy,survival,0.046875,0.850102115682723,0.8394460033617708,0.8601158304203547
t_8_16,o2m_legacy,cif_identity_change,0.046875,0.14989788431727688,0.13988416957964508,0.16055399663822914
t_8_16,o2m_legacy,survival,0.048828125,0.8458606293864094,0.8349001815947538,0.8561153844540855
t_8_16,o2m_legacy,cif_identity_change,0.048828125,0.1541393706135904,0.14388461554591433,0.1650998184052462
t_8_16,o2m_legacy,survival,0.05078125,0.840826073915651,0.8298058158069228,0.8511374982811056
t_8_16,o2m_legacy,cif_identity_change,0.05078125,0.1591739260843488,0.14886250171889442,0.17019418419307714
t_8_16,o2m_legacy,survival,0.052734375,0.8362271402052287,0.8249610956234568,0.8468288142403015
t_8_16,o2m_legacy,cif_identity_change,0.052734375,0.1637728597947712,0.15317118575969835,0.1750389043765434
t_8_16,o2m_legacy,survival,0.0546875,0.8307971345239452,0.8191552946970547,0.8417249875418393
t_8_16,o2m_legacy,cif_identity_change,0.0546875,0.1692028654760546,0.1582750124581608,0.18084470530294527
t_8_16,o2m_legacy,survival,0.056640625,0.8261977188683239,0.8144954711956032,0.8371941170894894
t_8_16,o2m_legacy,cif_identity_change,0.056640625,0.17380228113167584,0.16280588291051065,0.1855045288043968
t_8_16,o2m_legacy,survival,0.05859375,0.8209276764684863,0.8089934240875275,0.8321815748500073
t_8_16,o2m_legacy,cif_identity_change,0.05859375,0.17907232353151348,0.16781842514999257,0.1910065759124726
t_8_16,o2m_legacy,survival,0.060546875,0.8164083629398876,0.8042355156454648,0.8279559973057655
t_8_16,o2m_legacy,cif_identity_change,0.060546875,0.1835916370601121,0.17204400269423437,0.19576448435453525
t_8_16,o2m_legacy,survival,0.0625,0.8120485307475358,0.7995570733693069,0.8238665009420879
t_8_16,o2m_legacy,cif_identity_change,0.0625,0.1879514692524638,0.17613349905791223,0.20044292663069296
t_8_16,o2m_legacy,survival,0.064453125,0.8074503361866032,0.7947426297902351,0.81945324728403
t_8_16,o2m_legacy,cif_identity_change,0.064453125,0.19254966381339636,0.18054675271596984,0.20525737020976514
t_8_16,o2m_legacy,survival,0.06640625,0.8022151326768627,0.7892274310186789,0.8146348270383964
t_8_16,o2m_legacy,cif_identity_change,0.06640625,0.1977848673231369,0.18536517296160362,0.21077256898132135
t_8_16,o2m_legacy,survival,0.068359375,0.7969416617142947,0.7833638952424321,0.809752894331203
t_8_16,o2m_legacy,cif_identity_change,0.068359375,0.20305833828570496,0.19024710566879713,0.21663610475756767
t_8_16,o2m_legacy,survival,0.0703125,0.7924212325095332,0.7784730550153767,0.8057065524232738
t_8_16,o2m_legacy,cif_identity_change,0.0703125,0.20757876749046647,0.19429344757672568,0.22152694498462316
t_8_16,o2m_legacy,survival,0.072265625,0.7871043542544497,0.7731044782797952,0.8007452689228698
t_8_16,o2m_legacy,cif_identity_change,0.072265625,0.21289564574555006,0.19925473107712993,0.22689552172020508
t_8_16,o2m_legacy,survival,0.07421875,0.7827016179853505,0.7682799666147334,0.7966420656162458
t_8_16,o2m_legacy,cif_identity_change,0.07421875,0.21729838201464913,0.2033579343837538,0.23172003338526662
t_8_16,o2m_legacy,survival,0.076171875,0.7782599015040614,0.7637821366780682,0.7922098132981992
t_8_16,o2m_legacy,cif_identity_change,0.076171875,0.22174009849593831,0.20779018670180044,0.23621786332193165
t_8_16,o2m_legacy,survival,0.078125,0.7738189371872304,0.7590950697890446,0.7881398727205826
t_8_16,o2m_legacy,cif_identity_change,0.078125,0.22618106281276934,0.21186012727941744,0.24090493021095588
t_8_16,o2m_legacy,survival,0.080078125,0.7688600768533054,0.7539444223865837,0.7835867595514907
t_8_16,o2m_legacy,cif_identity_change,0.080078125,0.23113992314669435,0.2164132404485093,0.24605557761341612
t_8_16,o2m_legacy,survival,0.08203125,0.7648959180592866,0.7497867003968274,0.7797795307447677
t_8_16,o2m_legacy,cif_identity_change,0.08203125,0.23510408194071308,0.22022046925523223,0.2502132996031729
t_8_16,o2m_legacy,survival,0.083984375,0.7589488083642102,0.74311003360521,0.7744551595741399
t_8_16,o2m_legacy,cif_identity_change,0.083984375,0.24105119163578947,0.22554484042586007,0.2568899663947903
t_8_16,o2m_legacy,survival,0.0859375,0.7550192773614112,0.7389873146990201,0.7707080996607457
t_8_16,o2m_legacy,cif_identity_change,0.0859375,0.24498072263858847,0.22929190033925487,0.2610126853009796
t_8_16,o2m_legacy,survival,0.087890625,0.7513681530251415,0.7352112970013449,0.7671347353726398
t_8_16,o2m_legacy,cif_identity_change,0.087890625,0.2486318469748581,0.23286526462736004,0.26478870299865553
t_8_16,o2m_legacy,survival,0.08984375,0.747083352961596,0.7307124084739339,0.7630612458707757
t_8_16,o2m_legacy,cif_identity_change,0.08984375,0.25291664703840355,0.23693875412922455,0.2692875915260659
t_8_16,o2m_legacy,survival,0.091796875,0.7428376125838381,0.7265732563487797,0.758838378197614
t_8_16,o2m_legacy,cif_identity_change,0.091796875,0.2571623874161615,0.24116162180238565,0.2734267436512207
t_8_16,o2m_legacy,survival,0.09375,0.7394258205941123,0.7229549784056006,0.75563358869886
t_8_16,o2m_legacy,cif_identity_change,0.09375,0.2605741794058872,0.2443664113011398,0.2770450215944
t_8_16,o2m_legacy,survival,0.0944911182523068,0.7393860756404547,0.7229541819232271,0.7555545706154716
t_8_16,o2m_legacy,cif_identity_change,0.0944911182523068,0.2606139243595448,0.24444542938452807,0.2770458180767737
t_8_16,o2m_legacy,survival,0.095703125,0.7319598109917753,0.7156785337927866,0.7479282973846948
t_8_16,o2m_legacy,cif_identity_change,0.095703125,0.26804018900822413,0.2520717026153056,0.2843214662072133
t_8_16,o2m_legacy,survival,0.09765625,0.7279485917712922,0.711741907290528,0.7440892667909043
t_8_16,o2m_legacy,cif_identity_change,0.09765625,0.27205140822870716,0.2559107332090957,0.28825809270947184
t_8_16,o2m_legacy,survival,0.099609375,0.7238176227962667,0.7075044889659724,0.7403414505550264
t_8_16,o2m_legacy,cif_identity_change,0.099609375,0.2761823772037327,0.2596585494449739,0.2924955110340278
t_8_16,o2m_legacy,survival,0.1015625,0.7186969888983766,0.7024908855548381,0.7349517775236479
t_8_16,o2m_legacy,cif_identity_change,0.1015625,0.28130301110162276,0.2650482224763519,0.29750911444516237
t_8_16,o2m_legacy,survival,0.1020620726159657,0.7186574681041799,0.7024521158984933,0.7349517775236479
t_8_16,o2m_legacy,cif_identity_change,0.1020620726159657,0.28134253189581954,0.2650482224763519,0.2975478841015071
t_8_16,o2m_legacy,survival,0.103515625,0.7123811043556394,0.6963782951041457,0.7287366544589551
t_8_16,o2m_legacy,cif_identity_change,0.103515625,0.28761889564436,0.2712633455410445,0.30362170489585455
t_8_16,o2m_legacy,survival,0.10546875,0.7087703903120262,0.6932448532321054,0.7240751503152592
t_8_16,o2m_legacy,cif_identity_change,0.10546875,0.29122960968797323,0.27592484968474107,0.3067551467678948
t_8_16,o2m_legacy,survival,0.107421875,0.7045614202750102,0.6893596746373734,0.7196615420450411
t_8_16,o2m_legacy,cif_identity_change,0.107421875,0.2954385797249892,0.2803384579549592,0.31064032536262626
t_8_16,o2m_legacy,survival,0.109375,0.700945711397364,0.6855539100274565,0.7162133453370227
t_8_16,o2m_legacy,cif_identity_change,0.109375,0.29905428860263544,0.2837866546629775,0.3144460899725433
t_8_16,o2m_legacy,survival,0.111328125,0.69792815566319,0.6824965857597434,0.7132126598778378
t_8_16,o2m_legacy,cif_identity_change,0.111328125,0.30207184433680945,0.28678734012216234,0.3175034142402561
t_8_16,o2m_legacy,survival,0.11328125,0.6920495531152794,0.6773946979089781,0.7066747055428515
t_8_16,o2m_legacy,cif_identity_change,0.11328125,0.30795044688472006,0.29332529445714867,0.3226053020910212
t_8_16,o2m_legacy,survival,0.115234375,0.6894662117852763,0.674795694692064,0.7039994555057091
t_8_16,o2m_legacy,cif_identity_change,0.115234375,0.31053378821472305,0.2960005444942911,0.32520430530793604
t_8_16,o2m_legacy,survival,0.1171875,0.6864076293148454,0.6713875568728335,0.7011706680905093
t_8_16,o2m_legacy,cif_identity_change,0.1171875,0.31359237068515394,0.29882933190949046,0.3286124431271662
t_8_16,o2m_legacy,survival,0.119140625,0.6822758444220112,0.6678896264717288,0.6965400425449223
t_8_16,o2m_legacy,cif_identity_change,0.119140625,0.3177241555779883,0.3034599574550779,0.3321103735282716
t_8_16,o2m_legacy,survival,0.12109375,0.679493336418016,0.665001953475428,0.6936643155925346
t_8_16,o2m_legacy,cif_identity_change,0.12109375,0.32050666358198343,0.3063356844074656,0.3349980465245717
t_8_16,o2m_legacy,survival,0.123046875,0.6762334058362692,0.6616151027557768,0.6905822753818905
t_8_16,o2m_legacy,cif_identity_change,0.123046875,0.3237665941637302,0.3094177246181104,0.3383848972442236
t_8_16,o2m_legacy,survival,0.125,0.6726559991205753,0.6583360254671542,0.6868483688640733
t_8_16,o2m_legacy,cif_identity_change,0.125,0.3273440008794242,0.3131516311359267,0.34166397453284597
t_8_16,o2m_pre_topk,survival,0.0,1.0,1.0,1.0
t_8_16,o2m_pre_topk,cif_identity_change,0.0,0.0,0.0,0.0
t_8_16,o2m_pre_topk,survival,0.001953125,0.9818864298973853,0.9795366493899843,0.9842091146205971
t_8_16,o2m_pre_topk,cif_identity_change,0.001953125,0.01811357010261469,0.015790885379402875,0.0204633506100157
t_8_16,o2m_pre_topk,survival,0.00390625,0.975624870300042,0.972913718897007,0.9783366157196449
t_8_16,o2m_pre_topk,cif_identity_change,0.00390625,0.024375129699958004,0.021663384280355035,0.027086281102993017
t_8_16,o2m_pre_topk,survival,0.005859375,0.9691237272394291,0.9662756162481382,0.9718627028489718
t_8_16,o2m_pre_topk,cif_identity_change,0.005859375,0.03087627276057086,0.02813729715102826,0.033724383751861806
t_8_16,o2m_pre_topk,survival,0.0078125,0.9628229599826724,0.9596622732278834,0.9658531929357644
t_8_16,o2m_pre_topk,cif_identity_change,0.0078125,0.03717704001732747,0.03414680706423548,0.040337726772116514
t_8_16,o2m_pre_topk,survival,0.009765625,0.9558094666510929,0.9517605463977984,0.9595801747084125
t_8_16,o2m_pre_topk,cif_identity_change,0.009765625,0.04419053334890692,0.04041982529158756,0.04823945360220172
t_8_16,o2m_pre_topk,survival,0.01171875,0.9497044967188033,0.9453139084092348,0.9538178683163911
t_8_16,o2m_pre_topk,cif_identity_change,0.01171875,0.050295503281196474,0.046182131683608955,0.05468609159076519
t_8_16,o2m_pre_topk,survival,0.013671875,0.9438768720736,0.9391117260372174,0.9483554732974242
t_8_16,o2m_pre_topk,cif_identity_change,0.013671875,0.05612312792639978,0.051644526702575605,0.06088827396278273
t_8_16,o2m_pre_topk,survival,0.015625,0.9370586941212887,0.9317995524570641,0.9421183814007783
t_8_16,o2m_pre_topk,cif_identity_change,0.015625,0.06294130587871104,0.057881618599221876,0.06820044754293574
t_8_16,o2m_pre_topk,survival,0.017578125,0.9307192011503177,0.9251400940662262,0.9360184975347003
t_8_16,o2m_pre_topk,cif_identity_change,0.017578125,0.06928079884968208,0.06398150246529975,0.07485990593377385
t_8_16,o2m_pre_topk,survival,0.01953125,0.9243405005199333,0.9183348753336374,0.9301317310773451
t_8_16,o2m_pre_topk,cif_identity_change,0.01953125,0.07565949948006642,0.06986826892265464,0.08166512466636237
t_8_16,o2m_pre_topk,survival,0.021484375,0.9181960819556311,0.9117682727045084,0.9243663392806752
t_8_16,o2m_pre_topk,cif_identity_change,0.021484375,0.0818039180443687,0.07563366071932487,0.08823172729549156
t_8_16,o2m_pre_topk,survival,0.0234375,0.9130034909842224,0.9063069765249292,0.9193757296236269
t_8_16,o2m_pre_topk,cif_identity_change,0.0234375,0.08699650901577746,0.08062427037637301,0.0936930234750707
t_8_16,o2m_pre_topk,survival,0.025390625,0.9076107651815568,0.9004619032961212,0.914409163420803
t_8_16,o2m_pre_topk,cif_identity_change,0.025390625,0.09238923481844304,0.08559083657919708,0.09953809670387877
t_8_16,o2m_pre_topk,survival,0.02734375,0.9025367610787857,0.8950991990429925,0.909449303498153
t_8_16,o2m_pre_topk,cif_identity_change,0.02734375,0.09746323892121418,0.09055069650184716,0.10490080095700738
t_8_16,o2m_pre_topk,survival,0.029296875,0.8970264122978803,0.8893217456314474,0.9041134366884178
t_8_16,o2m_pre_topk,cif_identity_change,0.029296875,0.10297358770211965,0.09588656331158195,0.1106782543685527
t_8_16,o2m_pre_topk,survival,0.03125,0.8923875480102462,0.8843393392490069,0.8998227718907367
t_8_16,o2m_pre_topk,cif_identity_change,0.03125,0.10761245198975362,0.10017722810926338,0.11566066075099324
t_8_16,o2m_pre_topk,survival,0.033203125,0.8873152307156711,0.8787956349710387,0.8950466450440139
t_8_16,o2m_pre_topk,cif_identity_change,0.033203125,0.11268476928432875,0.10495335495598614,0.12120436502896141
t_8_16,o2m_pre_topk,survival,0.03515625,0.8818068097155611,0.8731807651333174,0.8898306490403499
t_8_16,o2m_pre_topk,cif_identity_change,0.03515625,0.11819319028443875,0.11016935095964994,0.12681923486668226
t_8_16,o2m_pre_topk,survival,0.037109375,0.8761790789290153,0.8672119350415045,0.8845369292872464
t_8_16,o2m_pre_topk,cif_identity_change,0.037109375,0.12382092107098468,0.11546307071275345,0.13278806495849538
t_8_16,o2m_pre_topk,survival,0.0390625,0.8706718627919023,0.8613888979399095,0.8793659114181666
t_8_16,o2m_pre_topk,cif_identity_change,0.0390625,0.12932813720809755,0.12063408858183394,0.13861110206009053
t_8_16,o2m_pre_topk,survival,0.041015625,0.8650436500601576,0.8553219152685174,0.874192981628796
t_8_16,o2m_pre_topk,cif_identity_change,0.041015625,0.13495634993984232,0.12580701837120403,0.14467808473148255
t_8_16,o2m_pre_topk,survival,0.04296875,0.8599299563527744,0.8495696287340352,0.869519223831998
t_8_16,o2m_pre_topk,cif_identity_change,0.04296875,0.1400700436472256,0.13048077616800194,0.15043037126596484
t_8_16,o2m_pre_topk,survival,0.044921875,0.8552148454997086,0.8446000692580843,0.8651157417614365
t_8_16,o2m_pre_topk,cif_identity_change,0.044921875,0.1447851545002913,0.1348842582385635,0.15539993074191577
t_8_16,o2m_pre_topk,survival,0.046875,0.850102115682723,0.8394460033617708,0.8601158304203547
t_8_16,o2m_pre_topk,cif_identity_change,0.046875,0.14989788431727688,0.13988416957964508,0.16055399663822914
t_8_16,o2m_pre_topk,survival,0.048828125,0.8458606293864094,0.8349001815947538,0.8561153844540855
t_8_16,o2m_pre_topk,cif_identity_change,0.048828125,0.1541393706135904,0.14388461554591433,0.1650998184052462
t_8_16,o2m_pre_topk,survival,0.05078125,0.840826073915651,0.8298058158069228,0.8511374982811056
t_8_16,o2m_pre_topk,cif_identity_change,0.05078125,0.1591739260843488,0.14886250171889442,0.17019418419307714
t_8_16,o2m_pre_topk,survival,0.052734375,0.8362271402052287,0.8249610956234568,0.8468288142403015
t_8_16,o2m_pre_topk,cif_identity_change,0.052734375,0.1637728597947712,0.15317118575969835,0.1750389043765434
t_8_16,o2m_pre_topk,survival,0.0546875,0.8307971345239452,0.8191552946970547,0.8417249875418393
t_8_16,o2m_pre_topk,cif_identity_change,0.0546875,0.1692028654760546,0.1582750124581608,0.18084470530294527
t_8_16,o2m_pre_topk,survival,0.056640625,0.8261977188683239,0.8144954711956032,0.8371941170894894
t_8_16,o2m_pre_topk,cif_identity_change,0.056640625,0.17380228113167584,0.16280588291051065,0.1855045288043968
t_8_16,o2m_pre_topk,survival,0.05859375,0.8209276764684863,0.8089934240875275,0.8321815748500073
t_8_16,o2m_pre_topk,cif_identity_change,0.05859375,0.17907232353151348,0.16781842514999257,0.1910065759124726
t_8_16,o2m_pre_topk,survival,0.060546875,0.8164083629398876,0.8042355156454648,0.8279559973057655
t_8_16,o2m_pre_topk,cif_identity_change,0.060546875,0.1835916370601121,0.17204400269423437,0.19576448435453525
t_8_16,o2m_pre_topk,survival,0.0625,0.8120485307475358,0.7995570733693069,0.8238665009420879
t_8_16,o2m_pre_topk,cif_identity_change,0.0625,0.1879514692524638,0.17613349905791223,0.20044292663069296
t_8_16,o2m_pre_topk,survival,0.064453125,0.8074503361866032,0.7947426297902351,0.81945324728403
t_8_16,o2m_pre_topk,cif_identity_change,0.064453125,0.19254966381339636,0.18054675271596984,0.20525737020976514
t_8_16,o2m_pre_topk,survival,0.06640625,0.8022151326768627,0.7892274310186789,0.8146348270383964
t_8_16,o2m_pre_topk,cif_identity_change,0.06640625,0.1977848673231369,0.18536517296160362,0.21077256898132135
t_8_16,o2m_pre_topk,survival,0.068359375,0.7969416617142947,0.7833638952424321,0.809752894331203
t_8_16,o2m_pre_topk,cif_identity_change,0.068359375,0.20305833828570496,0.19024710566879713,0.21663610475756767
t_8_16,o2m_pre_topk,survival,0.0703125,0.7924212325095332,0.7784730550153767,0.8057065524232738
t_8_16,o2m_pre_topk,cif_identity_change,0.0703125,0.20757876749046647,0.19429344757672568,0.22152694498462316
t_8_16,o2m_pre_topk,survival,0.072265625,0.7871043542544497,0.7731044782797952,0.8007452689228698
t_8_16,o2m_pre_topk,cif_identity_change,0.072265625,0.21289564574555006,0.19925473107712993,0.22689552172020508
t_8_16,o2m_pre_topk,survival,0.07421875,0.7827016179853505,0.7682799666147334,0.7966420656162458
t_8_16,o2m_pre_topk,cif_identity_change,0.07421875,0.21729838201464913,0.2033579343837538,0.23172003338526662
t_8_16,o2m_pre_topk,survival,0.076171875,0.7782599015040614,0.7637821366780682,0.7922098132981992
t_8_16,o2m_pre_topk,cif_identity_change,0.076171875,0.22174009849593831,0.20779018670180044,0.23621786332193165
t_8_16,o2m_pre_topk,survival,0.078125,0.7738189371872304,0.7590950697890446,0.7881398727205826
t_8_16,o2m_pre_topk,cif_identity_change,0.078125,0.22618106281276934,0.21186012727941744,0.24090493021095588
t_8_16,o2m_pre_topk,survival,0.080078125,0.7688600768533054,0.7539444223865837,0.7835867595514907
t_8_16,o2m_pre_topk,cif_identity_change,0.080078125,0.23113992314669435,0.2164132404485093,0.24605557761341612
t_8_16,o2m_pre_topk,survival,0.08203125,0.7648959180592866,0.7497867003968274,0.7797795307447677
t_8_16,o2m_pre_topk,cif_identity_change,0.08203125,0.23510408194071308,0.22022046925523223,0.2502132996031729
t_8_16,o2m_pre_topk,survival,0.083984375,0.7589488083642102,0.74311003360521,0.7744551595741399
t_8_16,o2m_pre_topk,cif_identity_change,0.083984375,0.24105119163578947,0.22554484042586007,0.2568899663947903
t_8_16,o2m_pre_topk,survival,0.0859375,0.7550192773614112,0.7389873146990201,0.7707080996607457
t_8_16,o2m_pre_topk,cif_identity_change,0.0859375,0.24498072263858847,0.22929190033925487,0.2610126853009796
t_8_16,o2m_pre_topk,survival,0.087890625,0.7513681530251415,0.7352112970013449,0.7671347353726398
t_8_16,o2m_pre_topk,cif_identity_change,0.087890625,0.2486318469748581,0.23286526462736004,0.26478870299865553
t_8_16,o2m_pre_topk,survival,0.08984375,0.747083352961596,0.7307124084739339,0.7630612458707757
t_8_16,o2m_pre_topk,cif_identity_change,0.08984375,0.25291664703840355,0.23693875412922455,0.2692875915260659
t_8_16,o2m_pre_topk,survival,0.091796875,0.7428376125838381,0.7265732563487797,0.758838378197614
t_8_16,o2m_pre_topk,cif_identity_change,0.091796875,0.2571623874161615,0.24116162180238565,0.2734267436512207
t_8_16,o2m_pre_topk,survival,0.09375,0.7394258205941123,0.7229549784056006,0.75563358869886
t_8_16,o2m_pre_topk,cif_identity_change,0.09375,0.2605741794058872,0.2443664113011398,0.2770450215944
t_8_16,o2m_pre_topk,survival,0.0944911182523068,0.7393860756404547,0.7229541819232271,0.7555545706154716
t_8_16,o2m_pre_topk,cif_identity_change,0.0944911182523068,0.2606139243595448,0.24444542938452807,0.2770458180767737
t_8_16,o2m_pre_topk,survival,0.095703125,0.7319598109917753,0.7156785337927866,0.7479282973846948
t_8_16,o2m_pre_topk,cif_identity_change,0.095703125,0.26804018900822413,0.2520717026153056,0.2843214662072133
t_8_16,o2m_pre_topk,survival,0.09765625,0.7279485917712922,0.711741907290528,0.7440892667909043
t_8_16,o2m_pre_topk,cif_identity_change,0.09765625,0.27205140822870716,0.2559107332090957,0.28825809270947184
t_8_16,o2m_pre_topk,survival,0.099609375,0.7238176227962667,0.7075044889659724,0.7403414505550264
t_8_16,o2m_pre_topk,cif_identity_change,0.099609375,0.2761823772037327,0.2596585494449739,0.2924955110340278
t_8_16,o2m_pre_topk,survival,0.1015625,0.7186969888983766,0.7024908855548381,0.7349517775236479
t_8_16,o2m_pre_topk,cif_identity_change,0.1015625,0.28130301110162276,0.2650482224763519,0.29750911444516237
t_8_16,o2m_pre_topk,survival,0.1020620726159657,0.7186574681041799,0.7024521158984933,0.7349517775236479
t_8_16,o2m_pre_topk,cif_identity_change,0.1020620726159657,0.28134253189581954,0.2650482224763519,0.2975478841015071
t_8_16,o2m_pre_topk,survival,0.103515625,0.7123811043556394,0.6963782951041457,0.7287366544589551
t_8_16,o2m_pre_topk,cif_identity_change,0.103515625,0.28761889564436,0.2712633455410445,0.30362170489585455
t_8_16,o2m_pre_topk,survival,0.10546875,0.7087703903120262,0.6932448532321054,0.7240751503152592
t_8_16,o2m_pre_topk,cif_identity_change,0.10546875,0.29122960968797323,0.27592484968474107,0.3067551467678948
t_8_16,o2m_pre_topk,survival,0.107421875,0.7045614202750102,0.6893596746373734,0.7196615420450411
t_8_16,o2m_pre_topk,cif_identity_change,0.107421875,0.2954385797249892,0.2803384579549592,0.31064032536262626
t_8_16,o2m_pre_topk,survival,0.109375,0.700945711397364,0.6855539100274565,0.7162133453370227
t_8_16,o2m_pre_topk,cif_identity_change,0.109375,0.29905428860263544,0.2837866546629775,0.3144460899725433
t_8_16,o2m_pre_topk,survival,0.111328125,0.69792815566319,0.6824965857597434,0.7132126598778378
t_8_16,o2m_pre_topk,cif_identity_change,0.111328125,0.30207184433680945,0.28678734012216234,0.3175034142402561
t_8_16,o2m_pre_topk,survival,0.11328125,0.6920495531152794,0.6773946979089781,0.7066747055428515
t_8_16,o2m_pre_topk,cif_identity_change,0.11328125,0.30795044688472006,0.29332529445714867,0.3226053020910212
t_8_16,o2m_pre_topk,survival,0.115234375,0.6894662117852763,0.674795694692064,0.7039994555057091
t_8_16,o2m_pre_topk,cif_identity_change,0.115234375,0.31053378821472305,0.2960005444942911,0.32520430530793604
t_8_16,o2m_pre_topk,survival,0.1171875,0.6864076293148454,0.6713875568728335,0.7011706680905093
t_8_16,o2m_pre_topk,cif_identity_change,0.1171875,0.31359237068515394,0.29882933190949046,0.3286124431271662
t_8_16,o2m_pre_topk,survival,0.119140625,0.6822758444220112,0.6678896264717288,0.6965400425449223
t_8_16,o2m_pre_topk,cif_identity_change,0.119140625,0.3177241555779883,0.3034599574550779,0.3321103735282716
t_8_16,o2m_pre_topk,survival,0.12109375,0.679493336418016,0.665001953475428,0.6936643155925346
t_8_16,o2m_pre_topk,cif_identity_change,0.12109375,0.32050666358198343,0.3063356844074656,0.3349980465245717
t_8_16,o2m_pre_topk,survival,0.123046875,0.6762334058362692,0.6616151027557768,0.6905822753818905
t_8_16,o2m_pre_topk,cif_identity_change,0.123046875,0.3237665941637302,0.3094177246181104,0.3383848972442236
t_8_16,o2m_pre_topk,survival,0.125,0.6726559991205753,0.6583360254671542,0.6868483688640733
t_8_16,o2m_pre_topk,cif_identity_change,0.125,0.3273440008794242,0.3131516311359267,0.34166397453284597
t_8_16,o2m_assigned_positive,survival,0.0,1.0,1.0,1.0
t_8_16,o2m_assigned_positive,cif_identity_change,0.0,0.0,0.0,0.0
t_8_16,o2m_assigned_positive,survival,0.001953125,0.9831639720758458,0.9809616447249475,0.9852539307937003
t_8_16,o2m_assigned_positive,cif_identity_change,0.001953125,0.016836027924154166,0.014746069206299782,0.019038355275052463
t_8_16,o2m_assigned_positive,survival,0.00390625,0.9769526514691117,0.9742247726827965,0.9795856199060886
t_8_16,o2m_assigned_positive,cif_identity_change,0.00390625,0.02304734853088833,0.020414380093911406,0.025775227317203504
t_8_16,o2m_assigned_positive,survival,0.005859375,0.9703390284795915,0.9672933794606193,0.9732400191578809
t_8_16,o2m_assigned_positive,cif_identity_change,0.005859375,0.029660971520408426,0.02675998084211897,0.032706620539380574
t_8_16,o2m_assigned_positive,survival,0.0078125,0.9639679077707596,0.9604549423344965,0.967294351013603
t_8_16,o2m_assigned_positive,cif_identity_change,0.0078125,0.036032092229240364,0.032705648986397,0.039545057665503584
t_8_16,o2m_assigned_positive,survival,0.009765625,0.9569159919009769,0.95253860878317,0.9610004610266398
t_8_16,o2m_assigned_positive,cif_identity_change,0.009765625,0.04308400809902307,0.038999538973359976,0.04746139121683008
t_8_16,o2m_assigned_positive,survival,0.01171875,0.9508228766437808,0.9460957204982999,0.95526038820236
t_8_16,o2m_assigned_positive,cif_identity_change,0.01171875,0.04917712335621913,0.04473961179763998,0.053904279501700084
t_8_16,o2m_assigned_positive,survival,0.013671875,0.9449700706978926,0.9399069107894298,0.9498722442000292
t_8_16,o2m_assigned_positive,cif_identity_change,0.013671875,0.05502992930210733,0.05012775579997054,0.06009308921057021
t_8_16,o2m_assigned_positive,survival,0.015625,0.9380356291878547,0.9323314854213068,0.9434823297396866
t_8_16,o2m_assigned_positive,cif_identity_change,0.015625,0.06196437081214536,0.056517670260313284,0.06766851457869302
t_8_16,o2m_assigned_positive,survival,0.017578125,0.9317851504612056,0.9257811322512878,0.937467969071138
t_8_16,o2m_assigned_positive,cif_identity_change,0.017578125,0.06821484953879442,0.06253203092886182,0.07421886774871227
t_8_16,o2m_assigned_positive,survival,0.01953125,0.9254154917319605,0.9189484370463612,0.9315629428023796
t_8_16,o2m_assigned_positive,cif_identity_change,0.01953125,0.07458450826803949,0.06843705719762054,0.08105156295363888
t_8_16,o2m_assigned_positive,survival,0.021484375,0.9192024654823749,0.9124378507818172,0.9257110466353138
t_8_16,o2m_assigned_positive,cif_identity_change,0.021484375,0.08079753451762499,0.07428895336468633,0.08756214921818271
t_8_16,o2m_assigned_positive,survival,0.0234375,0.9139516511310788,0.9068631854951363,0.9207703234210619
t_8_16,o2m_assigned_positive,cif_identity_change,0.0234375,0.08604834886892115,0.07922967657893816,0.09313681450486376
t_8_16,o2m_assigned_positive,survival,0.025390625,0.9084984672720673,0.9009622107567429,0.9157800953913098
t_8_16,o2m_assigned_positive,cif_identity_change,0.025390625,0.09150153272793268,0.08421990460868997,0.09903778924325708
t_8_16,o2m_assigned_positive,survival,0.02734375,0.903367807576425,0.8954980955806071,0.9108363586579785
t_8_16,o2m_assigned_positive,cif_identity_change,0.02734375,0.09663219242357492,0.08916364134202139,0.10450190441939303
t_8_16,o2m_assigned_positive,survival,0.029296875,0.8978759529240276,0.8896537486179923,0.9054962163821241
t_8_16,o2m_assigned_positive,cif_identity_change,0.029296875,0.10212404707597238,0.09450378361787592,0.11034625138200772
t_8_16,o2m_assigned_positive,survival,0.03125,0.8931852917514993,0.8845737868018801,0.9012324888520856
t_8_16,o2m_assigned_positive,cif_identity_change,0.03125,0.10681470824850066,0.0987675111479145,0.1154262131981199
t_8_16,o2m_assigned_positive,survival,0.033203125,0.8881363595813896,0.8791159509635743,0.8964561238672821
t_8_16,o2m_assigned_positive,cif_identity_change,0.033203125,0.11186364041861042,0.10354387613271791,0.12088404903642586
t_8_16,o2m_assigned_positive,survival,0.03515625,0.8826065651253996,0.873599352951751,0.8913277687464553
t_8_16,o2m_assigned_positive,cif_identity_change,0.03515625,0.11739343487460038,0.10867223125354483,0.12640064704824913
t_8_16,o2m_assigned_positive,survival,0.037109375,0.8769556413606978,0.8675833170049471,0.8858848880957728
t_8_16,o2m_assigned_positive,cif_identity_change,0.037109375,0.12304435863930217,0.11411511190422735,0.13241668299505324
t_8_16,o2m_assigned_positive,survival,0.0390625,0.8715070871037114,0.8617523688083211,0.8808337878251197
t_8_16,o2m_assigned_positive,cif_identity_change,0.0390625,0.1284929128962886,0.11916621217488035,0.13824763119167865
t_8_16,o2m_assigned_positive,survival,0.041015625,0.8658561633390096,0.8556792247371662,0.8755971304448991
t_8_16,o2m_assigned_positive,cif_identity_change,0.041015625,0.13414383666099042,0.12440286955510126,0.14432077526283402
t_8_16,o2m_assigned_positive,survival,0.04296875,0.8607656364163402,0.8500210930908796,0.8710402725350994
t_8_16,o2m_assigned_positive,cif_identity_change,0.04296875,0.13923436358365984,0.1289597274649009,0.14997890690912033
t_8_16,o2m_assigned_positive,survival,0.044921875,0.8560377664300128,0.8449982711340253,0.866646032266661
t_8_16,o2m_assigned_positive,cif_identity_change,0.044921875,0.1439622335699872,0.13335396773333918,0.15500172886597466
t_8_16,o2m_assigned_positive,survival,0.046875,0.850907837724164,0.839741519230203,0.8615076782079523
t_8_16,o2m_assigned_positive,cif_identity_change,0.046875,0.149092162275836,0.13849232179204796,0.16025848076979693
t_8_16,o2m_assigned_positive,survival,0.048828125,0.8466591243808654,0.8352720768153269,0.8574855171587301
t_8_16,o2m_assigned_positive,cif_identity_change,0.048828125,0.1533408756191345,0.1425144828412699,0.16472792318467305
t_8_16,o2m_assigned_positive,survival,0.05078125,0.841568110131667,0.8300607979235409,0.8525003519249201
t_8_16,o2m_assigned_positive,cif_identity_change,0.05078125,0.1584318898683329,0.14749964807507962,0.16993920207645916
t_8_16,o2m_assigned_positive,survival,0.052734375,0.836917825395376,0.8252853605005883,0.8481819335550652
t_8_16,o2m_assigned_positive,cif_identity_change,0.052734375,0.1630821746046239,0.15181806644493467,0.17471463949941138
t_8_16,o2m_assigned_positive,survival,0.0546875,0.8314673218322737,0.8194640365640975,0.8430281286250407
t_8_16,o2m_assigned_positive,cif_identity_change,0.0546875,0.16853267816772616,0.15697187137495952,0.18053596343590253
t_8_16,o2m_assigned_positive,survival,0.056640625,0.8269765935348159,0.8147910180375559,0.8386612326094911
t_8_16,o2m_assigned_positive,cif_identity_change,0.056640625,0.17302340646518385,0.16133876739050876,0.1852089819624437
t_8_16,o2m_assigned_positive,survival,0.05859375,0.8216875957166627,0.8091756207653463,0.8337240553911164
t_8_16,o2m_assigned_positive,cif_identity_change,0.05859375,0.178312404283337,0.1662759446088836,0.19082437923465373
t_8_16,o2m_assigned_positive,survival,0.060546875,0.8171577092992901,0.8043895758485422,0.8296144812657413
t_8_16,o2m_assigned_positive,cif_identity_change,0.060546875,0.1828422907007096,0.17038551873425853,0.19561042415145807
t_8_16,o2m_assigned_positive,survival,0.0625,0.8127890849636021,0.7997099817463438,0.8255085867465478
t_8_16,o2m_assigned_positive,cif_identity_change,0.0625,0.18721091503639756,0.17449141325345208,0.2002900182536564
t_8_16,o2m_assigned_positive,survival,0.064453125,0.8081395453018435,0.7948236244811892,0.8210408151673652
t_8_16,o2m_assigned_positive,cif_identity_change,0.064453125,0.19186045469815616,0.1789591848326346,0.20517637551881113
t_8_16,o2m_assigned_positive,survival,0.06640625,0.8029261544339275,0.7894368366278082,0.816210225741527
t_8_16,o2m_assigned_positive,cif_identity_change,0.06640625,0.1970738455660722,0.18378977425847276,0.2105631633721919
t_8_16,o2m_assigned_positive,survival,0.068359375,0.7975937925791714,0.783684374777603,0.8111735990277947
t_8_16,o2m_assigned_positive,cif_identity_change,0.068359375,0.20240620742082818,0.18882640097220532,0.21631562522239692
t_8_16,o2m_assigned_positive,survival,0.0703125,0.7929827345137564,0.7788131378349489,0.8070166351595763
t_8_16,o2m_assigned_positive,cif_identity_change,0.0703125,0.20701726548624313,0.19298336484042378,0.22118686216505107
t_8_16,o2m_assigned_positive,survival,0.072265625,0.7876064694672886,0.7731635292546107,0.8019531115721105
t_8_16,o2m_assigned_positive,cif_identity_change,0.072265625,0.21239353053271096,0.19804688842788915,0.22683647074538932
t_8_16,o2m_assigned_positive,survival,0.07421875,0.783154556901914,0.7683409993255164,0.7977079321276744
t_8_16,o2m_assigned_positive,cif_identity_change,0.07421875,0.21684544309808554,0.20229206787232598,0.23165900067448333
t_8_16,o2m_assigned_positive,survival,0.076171875,0.7787033755826853,0.7636799730256144,0.7934080976252238
t_8_16,o2m_assigned_positive,cif_identity_change,0.076171875,0.22129662441731418,0.2065919023747766,0.23632002697438564
t_8_16,o2m_assigned_positive,survival,0.078125,0.774252954114992,0.7590941882765692,0.7893195544231569
t_8_16,o2m_assigned_positive,cif_identity_change,0.078125,0.2257470458850075,0.21068044557684354,0.2409058117234309
t_8_16,o2m_assigned_positive,survival,0.080078125,0.7691985446762948,0.7539588186144415,0.7846266370692035
t_8_16,o2m_assigned_positive,cif_identity_change,0.080078125,0.23080145532370458,0.21537336293079604,0.24604118138555883
t_8_16,o2m_assigned_positive,survival,0.08203125,0.765270166055682,0.749855121904572,0.7808365872498625
t_8_16,o2m_assigned_positive,cif_identity_change,0.08203125,0.2347298339443174,0.2191634127501376,0.25014487809542824
t_8_16,o2m_assigned_positive,survival,0.083984375,0.7592166840877821,0.742921055883211,0.775230860195657
t_8_16,o2m_assigned_positive,cif_identity_change,0.083984375,0.24078331591221727,0.22476913980434293,0.25707894411678905
t_8_16,o2m_assigned_positive,survival,0.0859375,0.7552834081239496,0.7388089141146693,0.7714680146754194
t_8_16,o2m_assigned_positive,cif_identity_change,0.0859375,0.24471659187604974,0.2285319853245802,0.2611910858853307
t_8_16,o2m_assigned_positive,survival,0.087890625,0.751551549825218,0.7350925342905872,0.76783795016436
t_8_16,o2m_assigned_positive,cif_identity_change,0.087890625,0.2484484501747813,0.23216204983564015,0.2649074657094126
t_8_16,o2m_assigned_positive,survival,0.08984375,0.7472190983186954,0.7307270305988812,0.763705353108353
t_8_16,o2m_assigned_positive,cif_identity_change,0.08984375,0.2527809016813039,0.23629464689164736,0.26927296940111894
t_8_16,o2m_assigned_positive,survival,0.091796875,0.7430062616466718,0.7265533133988492,0.7595768580875163
t_8_16,o2m_assigned_positive,cif_identity_change,0.091796875,0.2569937383533275,0.2404231419124844,0.2734466866011509
t_8_16,o2m_assigned_positive,survival,0.09375,0.7396364573349179,0.7229643147373893,0.7563952106776165
t_8_16,o2m_assigned_positive,cif_identity_change,0.09375,0.2603635426650814,0.2436047893223829,0.2770356852626108
t_8_16,o2m_assigned_positive,survival,0.0944911182523068,0.7395962679958787,0.7229635127550403,0.7563325934493275
t_8_16,o2m_assigned_positive,cif_identity_change,0.0944911182523068,0.2604037320041205,0.2436674065506724,0.2770364872449601
t_8_16,o2m_assigned_positive,survival,0.095703125,0.7322075453138026,0.7157239637471472,0.7487648934961053
t_8_16,o2m_assigned_positive,cif_identity_change,0.095703125,0.26779245468619656,0.25123510650389536,0.2842760362528527
t_8_16,o2m_assigned_positive,survival,0.09765625,0.7282321097173708,0.7117662690109943,0.7449853290811236
t_8_16,o2m_assigned_positive,cif_identity_change,0.09765625,0.2717678902826284,0.25501467091887603,0.28823373098900557
t_8_16,o2m_assigned_positive,survival,0.099609375,0.7239750280033084,0.7074654865914609,0.7408419173529701
t_8_16,o2m_assigned_positive,cif_identity_change,0.099609375,0.27602497199669074,0.25915808264702916,0.29253451340853937
t_8_16,o2m_assigned_positive,survival,0.1015625,0.7188772860024696,0.7023686224486526,0.7355711321195354
t_8_16,o2m_assigned_positive,cif_identity_change,0.1015625,0.2811227139975296,0.2644288678804648,0.2976313775513475
t_8_16,o2m_assigned_positive,survival,0.1020620726159657,0.7188373231400075,0.7023452931985386,0.7355645960369818
t_8_16,o2m_assigned_positive,cif_identity_change,0.1020620726159657,0.28116267685999163,0.264435403963018,0.29765470680146144
t_8_16,o2m_assigned_positive,survival,0.103515625,0.7126515920067542,0.6965460119885825,0.7294437599794844
t_8_16,o2m_assigned_positive,cif_identity_change,0.103515625,0.28734840799324485,0.2705562400205151,0.3034539880114171
t_8_16,o2m_assigned_positive,survival,0.10546875,0.7091606122760132,0.6933349473463124,0.7250719157851391
t_8_16,o2m_assigned_positive,cif_identity_change,0.10546875,0.29083938772398576,0.27492808421486076,0.30666505265368743
t_8_16,o2m_assigned_positive,survival,0.107421875,0.7049847394816969,0.6894858016936617,0.7206847698923777
t_8_16,o2m_assigned_positive,cif_identity_change,0.107421875,0.29501526051830207,0.27931523010762294,0.3105141983063387
t_8_16,o2m_assigned_positive,survival,0.109375,0.701248376154145,0.6855679769023715,0.7170121880230826
t_8_16,o2m_assigned_positive,cif_identity_change,0.109375,0.29875162384585396,0.28298781197691764,0.3144320230976289
t_8_16,o2m_assigned_positive,survival,0.111328125,0.6981970540498699,0.6824145890072328,0.7138554842436231
t_8_16,o2m_assigned_positive,cif_identity_change,0.111328125,0.3018029459501292,0.28614451575637706,0.31758541099276694
t_8_16,o2m_assigned_positive,survival,0.11328125,0.6924535561138686,0.6776223028876773,0.7074086867223628
t_8_16,o2m_assigned_positive,cif_identity_change,0.11328125,0.3075464438861304,0.2925913132776368,0.32237769711232306
t_8_16,o2m_assigned_positive,survival,0.115234375,0.6898812880534667,0.6749152732728755,0.7048212394006836
t_8_16,o2m_assigned_positive,cif_identity_change,0.115234375,0.3101187119465323,0.295178760599317,0.3250847267271244
t_8_16,o2m_assigned_positive,survival,0.1171875,0.6869086754852447,0.6716476649536348,0.7021777277895499
t_8_16,o2m_assigned_positive,cif_identity_change,0.1171875,0.31309132451475435,0.29782227221044993,0.32835233504636563
t_8_16,o2m_assigned_positive,survival,0.119140625,0.6828108767658582,0.6681126833219796,0.6975184055593664
t_8_16,o2m_assigned_positive,cif_identity_change,0.119140625,0.3171891232341409,0.30248159444063355,0.3318873166780204
t_8_16,o2m_assigned_positive,survival,0.12109375,0.6800772254398693,0.6651980812298531,0.6948009417773476
t_8_16,o2m_assigned_positive,cif_identity_change,0.12109375,0.31992277456012974,0.30519905822265225,0.334801918770147
t_8_16,o2m_assigned_positive,survival,0.123046875,0.676821043366158,0.661979090842446,0.6917302351579143
t_8_16,o2m_assigned_positive,cif_identity_change,0.123046875,0.32317895663384094,0.30826976484208524,0.3380209091575542
t_8_16,o2m_assigned_positive,survival,0.125,0.6732833481935268,0.6584768814270253,0.6880756561844698
t_8_16,o2m_assigned_positive,cif_identity_change,0.125,0.3267166518064722,0.3119243438155309,0.34152311857297446
s_16_32,o2o,survival,0.0,1.0,1.0,1.0
s_16_32,o2o,cif_eligibility,0.0,0.0,0.0,0.0
s_16_32,o2o,cif_topk,0.0,0.0,0.0,0.0
s_16_32,o2o,cif_conflict,0.0,0.0,0.0,0.0
s_16_32,o2o,cif_within_set,0.0,0.0,0.0,0.0
s_16_32,o2o,cif_other,0.0,0.0,0.0,0.0
s_16_32,o2o,survival,0.001953125,0.9972108402660336,0.9949248919767245,0.9989031651059727
s_16_32,o2o,cif_eligibility,0.001953125,0.0017749198307058746,0.0006108664372861702,0.0032680805035011132
s_16_32,o2o,cif_topk,0.001953125,0.0,0.0,0.0
s_16_32,o2o,cif_conflict,0.001953125,0.0,0.0,0.0
s_16_32,o2o,cif_within_set,0.001953125,0.0010142399032604997,0.0,0.00258423938890156
s_16_32,o2o,cif_other,0.001953125,0.0,0.0,0.0
s_16_32,o2o,survival,0.00390625,0.9967037203144034,0.9942504371520012,0.9985468951481634
s_16_32,o2o,cif_eligibility,0.00390625,0.0017749198307058746,0.0006108664372861702,0.0032680805035011132
s_16_32,o2o,cif_topk,0.00390625,0.0,0.0,0.0
s_16_32,o2o,cif_conflict,0.00390625,0.0,0.0,0.0
s_16_32,o2o,cif_within_set,0.00390625,0.0015213598548907497,0.0002839711688572646,0.003264158056277256
s_16_32,o2o,cif_other,0.00390625,0.0,0.0,0.0
s_16_32,o2o,survival,0.005859375,0.996196600362773,0.9933197379281653,0.9983089570958841
s_16_32,o2o,cif_eligibility,0.005859375,0.0017749198307058746,0.0006108664372861702,0.0032680805035011132
s_16_32,o2o,cif_topk,0.005859375,0.0,0.0,0.0
s_16_32,o2o,cif_conflict,0.005859375,0.0,0.0,0.0
s_16_32,o2o,cif_within_set,0.005859375,0.0020284798065209994,0.0005224743948058466,0.004138567346721799
s_16_32,o2o,cif_other,0.005859375,0.0,0.0,0.0
s_16_32,o2o,survival,0.0078125,0.9954359204353277,0.9924582813881406,0.9977016455602282
s_16_32,o2o,cif_eligibility,0.0078125,0.0017749198307058746,0.0006108664372861702,0.0032680805035011132
s_16_32,o2o,cif_topk,0.0078125,0.0,0.0,0.0
s_16_32,o2o,cif_conflict,0.0078125,0.0,0.0,0.0
s_16_32,o2o,cif_within_set,0.0078125,0.002789159733966374,0.0010063294566660986,0.005191973318971433
s_16_32,o2o,cif_other,0.0078125,0.0,0.0,0.0
s_16_32,o2o,survival,0.009765625,0.994168120556252,0.9909159842436155,0.9967927512788654
s_16_32,o2o,cif_eligibility,0.009765625,0.0020284798065209994,0.0006733893785786155,0.0037683295585302684
s_16_32,o2o,cif_topk,0.009765625,0.0,0.0,0.0
s_16_32,o2o,cif_conflict,0.009765625,0.0,0.0,0.0
s_16_32,o2o,cif_within_set,0.009765625,0.0038033996372268735,0.0017256641564424337,0.006445301102353418
s_16_32,o2o,cif_other,0.009765625,0.0,0.0,0.0
s_16_32,o2o,survival,0.01171875,0.9934074406288066,0.9898472070156075,0.9961769431853342
s_16_32,o2o,cif_eligibility,0.01171875,0.0020284798065209994,0.0006733893785786155,0.0037683295585302684
s_16_32,o2o,cif_topk,0.01171875,0.0,0.0,0.0
s_16_32,o2o,cif_conflict,0.01171875,0.0,0.0,0.0
s_16_32,o2o,cif_within_set,0.01171875,0.004564079564672249,0.0023385348885217824,0.0073611422879687975
s_16_32,o2o,cif_other,0.01171875,0.0,0.0,0.0
s_16_32,o2o,survival,0.013671875,0.9931538806529914,0.989535683300996,0.9959150611557877
s_16_32,o2o,cif_eligibility,0.013671875,0.0020284798065209994,0.0006733893785786155,0.0037683295585302684
s_16_32,o2o,cif_topk,0.013671875,0.0,0.0,0.0
s_16_32,o2o,cif_conflict,0.013671875,0.0,0.0,0.0
s_16_32,o2o,cif_within_set,0.013671875,0.004817639540487374,0.0025683183538995095,0.0076633227283680275
s_16_32,o2o,cif_other,0.013671875,0.0,0.0,0.0
s_16_32,o2o,survival,0.015625,0.992646760701361,0.9889882652118045,0.9955140301614737
s_16_32,o2o,cif_eligibility,0.015625,0.0020284798065209994,0.0006733893785786155,0.0037683295585302684
s_16_32,o2o,cif_topk,0.015625,0.0,0.0,0.0
s_16_32,o2o,cif_conflict,0.015625,0.0,0.0,0.0
s_16_32,o2o,cif_within_set,0.015625,0.005324759492117624,0.0029149587289455194,0.00835333861973563
s_16_32,o2o,cif_other,0.015625,0.0,0.0,0.0
s_16_32,o2o,survival,0.017578125,0.9916325207981005,0.9875387307424829,0.9948111588554724
s_16_32,o2o,cif_eligibility,0.017578125,0.0020284798065209994,0.0006733893785786155,0.0037683295585302684
s_16_32,o2o,cif_topk,0.017578125,0.0,0.0,0.0
s_16_32,o2o,cif_conflict,0.017578125,0.0,0.0,0.0
s_16_32,o2o,cif_within_set,0.017578125,0.006338999395378123,0.003522596890669816,0.009964341096145775
s_16_32,o2o,cif_other,0.017578125,0.0,0.0,0.0
s_16_32,o2o,survival,0.01953125,0.9906182808948399,0.9856583819263078,0.9943683696453595
s_16_32,o2o,cif_eligibility,0.01953125,0.0020284798065209994,0.0006733893785786155,0.0037683295585302684
s_16_32,o2o,cif_topk,0.01953125,0.0,0.0,0.0
s_16_32,o2o,cif_conflict,0.01953125,0.0,0.0,0.0
s_16_32,o2o,cif_within_set,0.01953125,0.007353239298638622,0.004092410612828954,0.011841942104934812
s_16_32,o2o,cif_other,0.01953125,0.0,0.0,0.0
s_16_32,o2o,survival,0.021484375,0.9898576009673946,0.9845882836040021,0.993821532878658
s_16_32,o2o,cif_eligibility,0.021484375,0.0020284798065209994,0.0006733893785786155,0.0037683295585302684
s_16_32,o2o,cif_topk,0.021484375,0.0,0.0,0.0
s_16_32,o2o,cif_conflict,0.021484375,0.0,0.0,0.0
s_16_32,o2o,cif_within_set,0.021484375,0.008113919226083996,0.0046103470266288995,0.012941806873262412
s_16_32,o2o,cif_other,0.021484375,0.0,0.0,0.0
s_16_32,o2o,survival,0.0234375,0.9883362411125038,0.982346713812552,0.9929073854685062
s_16_32,o2o,cif_eligibility,0.0234375,0.0020284798065209994,0.0006733893785786155,0.0037683295585302684
s_16_32,o2o,cif_topk,0.0234375,0.0,0.0,0.0
s_16_32,o2o,cif_conflict,0.0234375,0.0,0.0,0.0
s_16_32,o2o,cif_within_set,0.0234375,0.009635279080974744,0.005588380762969038,0.015053300234094544
s_16_32,o2o,cif_other,0.0234375,0.0,0.0,0.0
s_16_32,o2o,survival,0.025390625,0.9873220012092433,0.9806727339271016,0.9923324281184942
s_16_32,o2o,cif_eligibility,0.025390625,0.0020284798065209994,0.0006733893785786155,0.0037683295585302684
s_16_32,o2o,cif_topk,0.025390625,0.0,0.0,0.0
s_16_32,o2o,cif_conflict,0.025390625,0.0,0.0,0.0
s_16_32,o2o,cif_within_set,0.025390625,0.010649518984235244,0.006171195615905212,0.016697180726513737
s_16_32,o2o,cif_other,0.025390625,0.0,0.0,0.0
s_16_32,o2o,survival,0.02734375,0.986561321281798,0.9795770183605357,0.9918475984223458
s_16_32,o2o,cif_eligibility,0.02734375,0.0020284798065209994,0.0006733893785786155,0.0037683295585302684
s_16_32,o2o,cif_topk,0.02734375,0.0,0.0,0.0
s_16_32,o2o,cif_conflict,0.02734375,0.0,0.0,0.0
s_16_32,o2o,cif_within_set,0.02734375,0.011410198911680618,0.006666883414829251,0.017693630261172436
s_16_32,o2o,cif_other,0.02734375,0.0,0.0,0.0
s_16_32,o2o,survival,0.029296875,0.9860542013301677,0.9787388970317542,0.9917121848818001
s_16_32,o2o,cif_eligibility,0.029296875,0.0020284798065209994,0.0006733893785786155,0.0037683295585302684
s_16_32,o2o,cif_topk,0.029296875,0.0,0.0,0.0
s_16_32,o2o,cif_conflict,0.029296875,0.0,0.0,0.0
s_16_32,o2o,cif_within_set,0.029296875,0.011917318863310867,0.006841607420717491,0.018499769601215247
s_16_32,o2o,cif_other,0.029296875,0.0,0.0,0.0
s_16_32,o2o,survival,0.03125,0.9858006413543526,0.978182244733505,0.9916199689521245
s_16_32,o2o,cif_eligibility,0.03125,0.0020284798065209994,0.0006733893785786155,0.0037683295585302684
s_16_32,o2o,cif_topk,0.03125,0.0,0.0,0.0
s_16_32,o2o,cif_conflict,0.03125,0.0,0.0,0.0
s_16_32,o2o,cif_within_set,0.03125,0.012170878839125992,0.0069570731572197375,0.0189346907323001
s_16_32,o2o,cif_other,0.03125,0.0,0.0,0.0
s_16_32,o2o,survival,0.033203125,0.985039765720393,0.9769815026566423,0.9912115404167502
s_16_32,o2o,cif_eligibility,0.033203125,0.0020284798065209994,0.0006733893785786155,0.0037683295585302684
s_16_32,o2o,cif_topk,0.033203125,0.0,0.0,0.0
s_16_32,o2o,cif_conflict,0.033203125,0.0,0.0,0.0
s_16_32,o2o,cif_within_set,0.033203125,0.012931754473085698,0.0074173506824980005,0.020148159978821162
s_16_32,o2o,cif_other,0.033203125,0.0,0.0,0.0
s_16_32,o2o,survival,0.03515625,0.9842788900864332,0.976232767217713,0.9905026692872959
s_16_32,o2o,cif_eligibility,0.03515625,0.0020284798065209994,0.0006733893785786155,0.0037683295585302684
s_16_32,o2o,cif_topk,0.03515625,0.0,0.0,0.0
s_16_32,o2o,cif_conflict,0.03515625,0.0,0.0,0.0
s_16_32,o2o,cif_within_set,0.03515625,0.013692630107045403,0.008020453461398755,0.02089564160508192
s_16_32,o2o,cif_other,0.03515625,0.0,0.0,0.0
s_16_32,o2o,survival,0.037109375,0.9835180144524736,0.9749659417578257,0.9900967925298421
s_16_32,o2o,cif_eligibility,0.037109375,0.0020284798065209994,0.0006733893785786155,0.0037683295585302684
s_16_32,o2o,cif_topk,0.037109375,0.0,0.0,0.0
s_16_32,o2o,cif_conflict,0.037109375,0.00025362521131990195,0.0,0.0009080472412850694
s_16_32,o2o,cif_within_set,0.037109375,0.014199880529685207,0.008274963075466726,0.021729841527839598
s_16_32,o2o,cif_other,0.037109375,0.0,0.0,0.0
s_16_32,o2o,survival,0.0390625,0.9827571388185138,0.9738987969918385,0.9894162779710269
s_16_32,o2o,cif_eligibility,0.0390625,0.0020284798065209994,0.0006733893785786155,0.0037683295585302684
s_16_32,o2o,cif_topk,0.0390625,0.0,0.0,0.0
s_16_32,o2o,cif_conflict,0.0390625,0.00025362521131990195,0.0,0.0009080472412850694
s_16_32,o2o,cif_within_set,0.0390625,0.014960756163644912,0.009045966977886151,0.02249456809269393
s_16_32,o2o,cif_other,0.0390625,0.0,0.0,0.0
s_16_32,o2o,survival,0.041015625,0.981742114067873,0.9726122314482001,0.9886421195715945
s_16_32,o2o,cif_eligibility,0.041015625,0.0020284798065209994,0.0006733893785786155,0.0037683295585302684
s_16_32,o2o,cif_topk,0.041015625,0.0,0.0,0.0
s_16_32,o2o,cif_conflict,0.041015625,0.00025362521131990195,0.0,0.0009080472412850694
s_16_32,o2o,cif_within_set,0.041015625,0.015975780914285687,0.00973783861168274,0.02400075347290145
s_16_32,o2o,cif_other,0.041015625,0.0,0.0,0.0
s_16_32,o2o,survival,0.04296875,0.9812346016925526,0.9720356469597238,0.9884256845107818
s_16_32,o2o,cif_eligibility,0.04296875,0.0020284798065209994,0.0006733893785786155,0.0037683295585302684
s_16_32,o2o,cif_topk,0.04296875,0.0,0.0,0.0
s_16_32,o2o,cif_conflict,0.04296875,0.00025362521131990195,0.0,0.0009080472412850694
s_16_32,o2o,cif_within_set,0.04296875,0.016483293289606075,0.009990578796577094,0.024715023934959578
s_16_32,o2o,cif_other,0.04296875,0.0,0.0,0.0
s_16_32,o2o,survival,0.044921875,0.9802193143793835,0.9712751931858369,0.9874951674330982
s_16_32,o2o,cif_eligibility,0.044921875,0.0022823016348132922,0.000839345273619902,0.004059020296391249
s_16_32,o2o,cif_topk,0.044921875,0.0,0.0,0.0
s_16_32,o2o,cif_conflict,0.044921875,0.00025362521131990195,0.0,0.0009080472412850694
s_16_32,o2o,cif_within_set,0.044921875,0.017244758774482952,0.010675262252919652,0.025320681932501466
s_16_32,o2o,cif_other,0.044921875,0.0,0.0,0.0
s_16_32,o2o,survival,0.046875,0.9794574543364599,0.9699974576840049,0.9869176071545773
s_16_32,o2o,cif_eligibility,0.046875,0.0022823016348132922,0.000839345273619902,0.004059020296391249
s_16_32,o2o,cif_topk,0.046875,0.0,0.0,0.0
s_16_32,o2o,cif_conflict,0.046875,0.00025362521131990195,0.0,0.0009080472412850694
s_16_32,o2o,cif_within_set,0.046875,0.018006618817406506,0.011162730227542855,0.02650850845625922
s_16_32,o2o,cif_other,0.046875,0.0,0.0,0.0
s_16_32,o2o,survival,0.048828125,0.9792035009888187,0.9694817123543779,0.9868382312118698
s_16_32,o2o,cif_eligibility,0.048828125,0.0025362549824544767,0.001044937282803662,0.004318384262493597
s_16_32,o2o,cif_topk,0.048828125,0.0,0.0,0.0
s_16_32,o2o,cif_conflict,0.048828125,0.00025362521131990195,0.0,0.0009080472412850694
s_16_32,o2o,cif_within_set,0.048828125,0.018006618817406506,0.011162730227542855,0.02650850845625922
s_16_32,o2o,cif_other,0.048828125,0.0,0.0,0.0
s_16_32,o2o,survival,0.05078125,0.9776797809029716,0.9671434376398632,0.9860465513117599
s_16_32,o2o,cif_eligibility,0.05078125,0.003044161677736846,0.001401899571511883,0.004892677469636025
s_16_32,o2o,cif_topk,0.05078125,0.0,0.0,0.0
s_16_32,o2o,cif_conflict,0.05078125,0.00025362521131990195,0.0,0.0009080472412850694
s_16_32,o2o,cif_within_set,0.05078125,0.019022432207971243,0.011692702665861258,0.028348574297221048
s_16_32,o2o,cif_other,0.05078125,0.0,0.0,0.0
s_16_32,o2o,survival,0.052734375,0.976917920860048,0.9655560327661136,0.9857570338850895
s_16_32,o2o,cif_eligibility,0.052734375,0.0035520683730192147,0.0014677510120708315,0.006250048113440787
s_16_32,o2o,cif_topk,0.052734375,0.0,0.0,0.0
s_16_32,o2o,cif_conflict,0.052734375,0.00025362521131990195,0.0,0.0009080472412850694
s_16_32,o2o,cif_within_set,0.052734375,0.019276385555612428,0.01191859155796788,0.02874170928131584
s_16_32,o2o,cif_other,0.052734375,0.0,0.0,0.0
s_16_32,o2o,survival,0.0546875,0.975647823955557,0.9631886923949091,0.9851536583677454
s_16_32,o2o,cif_eligibility,0.0546875,0.004568145896611989,0.00194620006548709,0.007847319074503013
s_16_32,o2o,cif_topk,0.0546875,0.0,0.0,0.0
s_16_32,o2o,cif_conflict,0.0546875,0.00025362521131990195,0.0,0.0009080472412850694
s_16_32,o2o,cif_within_set,0.0546875,0.01953040493651062,0.01197361644439175,0.029285401476322595
s_16_32,o2o,cif_other,0.0546875,0.0,0.0,0.0
s_16_32,o2o,survival,0.056640625,0.9746312170650214,0.9618338509980462,0.9842722395410028
s_16_32,o2o,cif_eligibility,0.056640625,0.0053306010645137345,0.0022886025363059066,0.009052529574240699
s_16_32,o2o,cif_topk,0.056640625,0.0,0.0,0.0
s_16_32,o2o,cif_conflict,0.056640625,0.00025362521131990195,0.0,0.0009080472412850694
s_16_32,o2o,cif_within_set,0.056640625,0.019784556659144536,0.012324078751969043,0.029502591318306844
s_16_32,o2o,cif_other,0.056640625,0.0,0.0,0.0
s_16_32,o2o,survival,0.05859375,0.9738687618971197,0.9610075073553849,0.9835299756513698
s_16_32,o2o,cif_eligibility,0.05859375,0.00558475278714765,0.0025572240249129193,0.0092746090658667
s_16_32,o2o,cif_topk,0.05859375,0.0,0.0,0.0
s_16_32,o2o,cif_conflict,0.05859375,0.00025362521131990195,0.0,0.0009080472412850694
s_16_32,o2o,cif_within_set,0.05859375,0.020292860104412367,0.012775864055200419,0.030201493015397672
s_16_32,o2o,cif_other,0.05859375,0.0,0.0,0.0
s_16_32,o2o,survival,0.060546875,0.9710730929481466,0.9575519175129099,0.9812612547446179
s_16_32,o2o,cif_eligibility,0.060546875,0.007872118290852888,0.004135888990619342,0.012385499081930254
s_16_32,o2o,cif_topk,0.060546875,0.0,0.0,0.0
s_16_32,o2o,cif_conflict,0.060546875,0.00025362521131990195,0.0,0.0009080472412850694
s_16_32,o2o,cif_within_set,0.060546875,0.020801163549680198,0.013208229359755515,0.030812849542631936
s_16_32,o2o,cif_other,0.060546875,0.0,0.0,0.0
s_16_32,o2o,survival,0.0625,0.9692930991606958,0.9552397418455619,0.9798067363628992
s_16_32,o2o,cif_eligibility,0.0625,0.008634972771188897,0.004584086973158628,0.013471564458621377
s_16_32,o2o,cif_topk,0.0625,0.0,0.0,0.0
s_16_32,o2o,cif_conflict,0.0625,0.0005079100380985717,0.0,0.0013921565553869939
s_16_32,o2o,cif_within_set,0.0625,0.021564018030016206,0.013791435460049505,0.03162277808329882
s_16_32,o2o,cif_other,0.0625,0.0,0.0,0.0
s_16_32,o2o,survival,0.064453125,0.968784396053716,0.9546934053654118,0.9795333719311253
s_16_32,o2o,cif_eligibility,0.064453125,0.008634972771188897,0.004584086973158628,0.013471564458621377
s_16_32,o2o,cif_topk,0.064453125,0.0,0.0,0.0
s_16_32,o2o,cif_conflict,0.064453125,0.0005079100380985717,0.0,0.0013921565553869939
s_16_32,o2o,cif_within_set,0.064453125,0.022072721136995994,0.014248610883189556,0.03219718576808925
s_16_32,o2o,cif_other,0.064453125,0.0,0.0,0.0
s_16_32,o2o,survival,0.06640625,0.9675126382862665,0.9528148427115027,0.9788135370321395
s_16_32,o2o,cif_eligibility,0.06640625,0.008634972771188897,0.004584086973158628,0.013471564458621377
s_16_32,o2o,cif_topk,0.06640625,0.0,0.0,0.0
s_16_32,o2o,cif_conflict,0.06640625,0.0005079100380985717,0.0,0.0013921565553869939
s_16_32,o2o,cif_within_set,0.06640625,0.02334447890444547,0.014982269146626877,0.03407112105337978
s_16_32,o2o,cif_other,0.06640625,0.0,0.0,0.0
s_16_32,o2o,survival,0.068359375,0.9662408805188171,0.950749776565134,0.9779000920611983
s_16_32,o2o,cif_eligibility,0.068359375,0.009143675878168686,0.004825938828310465,0.01460551246841553
s_16_32,o2o,cif_topk,0.068359375,0.0,0.0,0.0
s_16_32,o2o,cif_conflict,0.068359375,0.0007622615915884663,0.0,0.0017615884519667398
s_16_32,o2o,cif_within_set,0.068359375,0.023853182011425257,0.01551709262329312,0.03471014007876279
s_16_32,o2o,cif_other,0.068359375,0.0,0.0,0.0
s_16_32,o2o,survival,0.0703125,0.9644604196443878,0.948595363485048,0.976449806853966
s_16_32,o2o,cif_eligibility,0.0703125,0.009143675878168686,0.004825938828310465,0.01460551246841553
s_16_32,o2o,cif_topk,0.0703125,0.0,0.0,0.0
s_16_32,o2o,cif_conflict,0.0703125,0.0007622615915884663,0.0,0.0017615884519667398
s_16_32,o2o,cif_within_set,0.0703125,0.02563364288585452,0.016943871899398243,0.036820849227223645
s_16_32,o2o,cif_other,0.0703125,0.0,0.0,0.0
s_16_32,o2o,survival,0.072265625,0.9626799587699586,0.9470690249644593,0.9746892156850768
s_16_32,o2o,cif_eligibility,0.072265625,0.00939802743165858,0.004945980768558034,0.014916819510319755
s_16_32,o2o,cif_topk,0.072265625,0.0,0.0,0.0
s_16_32,o2o,cif_conflict,0.072265625,0.0007622615915884663,0.0,0.0017615884519667398
s_16_32,o2o,cif_within_set,0.072265625,0.027159752206793886,0.018621974584703927,0.0382098209876239
s_16_32,o2o,cif_other,0.072265625,0.0,0.0,0.0
s_16_32,o2o,survival,0.07421875,0.9621712556629788,0.9464535731737627,0.9742465990339649
s_16_32,o2o,cif_eligibility,0.07421875,0.00939802743165858,0.004945980768558034,0.014916819510319755
s_16_32,o2o,cif_topk,0.07421875,0.0,0.0,0.0
s_16_32,o2o,cif_conflict,0.07421875,0.0007622615915884663,0.0,0.0017615884519667398
s_16_32,o2o,cif_within_set,0.07421875,0.027668455313773675,0.018930513614084994,0.03906243521307971
s_16_32,o2o,cif_other,0.07421875,0.0,0.0,0.0
s_16_32,o2o,survival,0.076171875,0.9608994978955293,0.9444431986432662,0.9736470739602593
s_16_32,o2o,cif_eligibility,0.076171875,0.009652378985148475,0.005037287321971354,0.015210579567185575
s_16_32,o2o,cif_topk,0.076171875,0.0,0.0,0.0
s_16_32,o2o,cif_conflict,0.076171875,0.001016613145078361,0.00023094274804742117,0.002116218152018928
s_16_32,o2o,cif_within_set,0.076171875,0.02843150997424336,0.0195077079323408,0.03991494611358874
s_16_32,o2o,cif_other,0.076171875,0.0,0.0,0.0
s_16_32,o2o,survival,0.078125,0.9606451463420393,0.944102663324985,0.973350358847715
s_16_32,o2o,cif_eligibility,0.078125,0.009652378985148475,0.005037287321971354,0.015210579567185575
s_16_32,o2o,cif_topk,0.078125,0.0,0.0,0.0
s_16_32,o2o,cif_conflict,0.078125,0.001016613145078361,0.00023094274804742117,0.002116218152018928
s_16_32,o2o,cif_within_set,0.078125,0.028685861527733256,0.019782251217704824,0.04029048553304959
s_16_32,o2o,cif_other,0.078125,0.0,0.0,0.0
s_16_32,o2o,survival,0.080078125,0.9601364432350596,0.9437255638996818,0.9728631774416774
s_16_32,o2o,cif_eligibility,0.080078125,0.009906730538638369,0.005309707135008689,0.015525139566418768
s_16_32,o2o,cif_topk,0.080078125,0.0002543515534898946,0.0,0.0008473730782157156
s_16_32,o2o,cif_conflict,0.080078125,0.001016613145078361,0.00023094274804742117,0.002116218152018928
s_16_32,o2o,cif_within_set,0.080078125,0.028685861527733256,0.019782251217704824,0.04029048553304959
s_16_32,o2o,cif_other,0.080078125,0.0,0.0,0.0
s_16_32,o2o,survival,0.08203125,0.95937338857459,0.9426989112527727,0.9722442901029328
s_16_32,o2o,cif_eligibility,0.08203125,0.010415433645618158,0.005621500839981454,0.016112211385474307
s_16_32,o2o,cif_topk,0.08203125,0.0002543515534898946,0.0,0.0008473730782157156
s_16_32,o2o,cif_conflict,0.08203125,0.001016613145078361,0.00023094274804742117,0.002116218152018928
s_16_32,o2o,cif_within_set,0.08203125,0.028940213081223153,0.020010374143465175,0.04052302697435046
s_16_32,o2o,cif_other,0.08203125,0.0,0.0,0.0
s_16_32,o2o,survival,0.083984375,0.9591190370211001,0.9424624814116317,0.9720477554293164
s_16_32,o2o,cif_eligibility,0.083984375,0.010415433645618158,0.005621500839981454,0.016112211385474307
s_16_32,o2o,cif_topk,0.083984375,0.0002543515534898946,0.0,0.0008473730782157156
s_16_32,o2o,cif_conflict,0.083984375,0.001016613145078361,0.00023094274804742117,0.002116218152018928
s_16_32,o2o,cif_within_set,0.083984375,0.02919456463471305,0.02019354083300575,0.04089251231182289
s_16_32,o2o,cif_other,0.083984375,0.0,0.0,0.0
s_16_32,o2o,survival,0.0859375,0.9578472792536507,0.9406866169000198,0.9712989400171808
s_16_32,o2o,cif_eligibility,0.0859375,0.010669785199108052,0.005853005805877988,0.01642029399905962
s_16_32,o2o,cif_topk,0.0859375,0.0002543515534898946,0.0,0.0008473730782157156
s_16_32,o2o,cif_conflict,0.0859375,0.0012709646985682556,0.00023935151669986343,0.002826200224724462
s_16_32,o2o,cif_within_set,0.0859375,0.029957619295182734,0.02063353420037919,0.042032520846561304
s_16_32,o2o,cif_other,0.0859375,0.0,0.0,0.0
s_16_32,o2o,survival,0.087890625,0.957084224593181,0.9396305647149981,0.9706254976833287
s_16_32,o2o,cif_eligibility,0.087890625,0.010924136752597947,0.006010790040776772,0.01679903918664583
s_16_32,o2o,cif_topk,0.087890625,0.0002543515534898946,0.0,0.0008473730782157156
s_16_32,o2o,cif_conflict,0.087890625,0.0012709646985682556,0.00023935151669986343,0.002826200224724462
s_16_32,o2o,cif_within_set,0.087890625,0.030466322402162523,0.021021789255610605,0.0427604429092783
s_16_32,o2o,cif_other,0.087890625,0.0,0.0,0.0
s_16_32,o2o,survival,0.08984375,0.9560668183792214,0.9387762581560407,0.9698506110882636
s_16_32,o2o,cif_eligibility,0.08984375,0.010924136752597947,0.006010790040776772,0.01679903918664583
s_16_32,o2o,cif_topk,0.08984375,0.0002543515534898946,0.0,0.0008473730782157156
s_16_32,o2o,cif_conflict,0.08984375,0.0015253162520581503,0.000247003183058196,0.00341319889232685
s_16_32,o2o,cif_within_set,0.08984375,0.031229377062632208,0.021544543784726058,0.043412025211278085
s_16_32,o2o,cif_other,0.08984375,0.0,0.0,0.0
s_16_32,o2o,survival,0.091796875,0.9550494121652617,0.9375380180448909,0.9689266074292323
s_16_32,o2o,cif_eligibility,0.091796875,0.011178488306087841,0.006295762481041596,0.017033755568476253
s_16_32,o2o,cif_topk,0.091796875,0.0002543515534898946,0.0,0.0008473730782157156
s_16_32,o2o,cif_conflict,0.091796875,0.001779667805548045,0.0004533585967411803,0.003572192956861699
s_16_32,o2o,cif_within_set,0.091796875,0.031738080169612,0.02179598169661546,0.044330182121507654
s_16_32,o2o,cif_other,0.091796875,0.0,0.0,0.0
s_16_32,o2o,survival,0.095703125,0.9547950606117719,0.9373724170881877,0.9687292784257816
s_16_32,o2o,cif_eligibility,0.095703125,0.011178488306087841,0.006295762481041596,0.017033755568476253
s_16_32,o2o,cif_topk,0.095703125,0.0002543515534898946,0.0,0.0008473730782157156
s_16_32,o2o,cif_conflict,0.095703125,0.001779667805548045,0.0004533585967411803,0.003572192956861699
s_16_32,o2o,cif_within_set,0.095703125,0.03199243172310189,0.022016419564000203,0.04463255657433517
s_16_32,o2o,cif_other,0.095703125,0.0,0.0,0.0
s_16_32,o2o,survival,0.09765625,0.9535229639655709,0.9354816465234479,0.9678566646267525
s_16_32,o2o,cif_eligibility,0.09765625,0.01194174629380847,0.006941878396691904,0.01805727731375146
s_16_32,o2o,cif_topk,0.09765625,0.0002543515534898946,0.0,0.0008473730782157156
s_16_32,o2o,cif_conflict,0.09765625,0.0020340871347882547,0.0004533585967411803,0.0042542459539501665
s_16_32,o2o,cif_within_set,0.09765625,0.0322468510523421,0.02208010808117253,0.04518966122899953
s_16_32,o2o,cif_other,0.09765625,0.0,0.0,0.0
s_16_32,o2o,survival,0.099609375,0.9525052866486101,0.9341892809666589,0.9670265203752522
s_16_32,o2o,cif_eligibility,0.099609375,0.01219616562304868,0.00698576640842421,0.018470013627883423
s_16_32,o2o,cif_topk,0.099609375,0.0002543515534898946,0.0,0.0008473730782157156
s_16_32,o2o,cif_conflict,0.099609375,0.0020340871347882547,0.0004533585967411803,0.0042542459539501665
s_16_32,o2o,cif_within_set,0.099609375,0.033010109040062734,0.022752244074497083,0.045926349983744244
s_16_32,o2o,cif_other,0.099609375,0.0,0.0,0.0
s_16_32,o2o,survival,0.1015625,0.9522508673193699,0.9339389914083386,0.9666494533575336
s_16_32,o2o,cif_eligibility,0.1015625,0.01219616562304868,0.00698576640842421,0.018470013627883423
s_16_32,o2o,cif_topk,0.1015625,0.0002543515534898946,0.0,0.0008473730782157156
s_16_32,o2o,cif_conflict,0.1015625,0.0020340871347882547,0.0004533585967411803,0.0042542459539501665
s_16_32,o2o,cif_within_set,0.1015625,0.033264528369302944,0.02303842149172003,0.04624893067465982
s_16_32,o2o,cif_other,0.1015625,0.0,0.0,0.0
s_16_32,o2o,survival,0.10546875,0.9512331900024091,0.9331388050481393,0.9658851824327739
s_16_32,o2o,cif_eligibility,0.10546875,0.01245058495228889,0.007143137923807692,0.01877882907715794
s_16_32,o2o,cif_topk,0.10546875,0.0002543515534898946,0.0,0.0008473730782157156
s_16_32,o2o,cif_conflict,0.10546875,0.0020340871347882547,0.0004533585967411803,0.0042542459539501665
s_16_32,o2o,cif_within_set,0.10546875,0.034027786357023575,0.023702264168313752,0.04678986826302114
s_16_32,o2o,cif_other,0.10546875,0.0,0.0,0.0
s_16_32,o2o,survival,0.107421875,0.9507243513439287,0.9327557906727877,0.9656224504666038
s_16_32,o2o,cif_eligibility,0.107421875,0.01245058495228889,0.007143137923807692,0.01877882907715794
s_16_32,o2o,cif_topk,0.107421875,0.0002543515534898946,0.0,0.0008473730782157156
s_16_32,o2o,cif_conflict,0.107421875,0.0020340871347882547,0.0004533585967411803,0.0042542459539501665
s_16_32,o2o,cif_within_set,0.107421875,0.034536625015503995,0.024013829973261323,0.047238129223368876
s_16_32,o2o,cif_other,0.107421875,0.0,0.0,0.0
s_16_32,o2o,survival,0.109375,0.9489429393230984,0.9307558859690093,0.9640481300490507
s_16_32,o2o,cif_eligibility,0.109375,0.012959559815383282,0.007596434191122496,0.019137672547557022
s_16_32,o2o,cif_topk,0.109375,0.0002543515534898946,0.0,0.0008473730782157156
s_16_32,o2o,cif_conflict,0.109375,0.0020340871347882547,0.0004533585967411803,0.0042542459539501665
s_16_32,o2o,cif_within_set,0.109375,0.035809062173239974,0.02521559210494539,0.0490704822650771
s_16_32,o2o,cif_other,0.109375,0.0,0.0,0.0
s_16_32,o2o,survival,0.111328125,0.9476701608317418,0.9287639075294024,0.9632702585628773
s_16_32,o2o,cif_eligibility,0.111328125,0.013468671211925902,0.008139230036863962,0.019762852447529372
s_16_32,o2o,cif_topk,0.111328125,0.0002543515534898946,0.0,0.0008473730782157156
s_16_32,o2o,cif_conflict,0.111328125,0.0020340871347882547,0.0004533585967411803,0.0042542459539501665
s_16_32,o2o,cif_within_set,0.111328125,0.036572729268053904,0.025512849279179524,0.05031918276479628
s_16_32,o2o,cif_other,0.111328125,0.0,0.0,0.0
s_16_32,o2o,survival,0.11328125,0.9463973823403853,0.9271365436965847,0.9622696882645603
s_16_32,o2o,cif_eligibility,0.11328125,0.014232338306739832,0.008691946587297383,0.020670935773199568
s_16_32,o2o,cif_topk,0.11328125,0.0002543515534898946,0.0,0.0008473730782157156
s_16_32,o2o,cif_conflict,0.11328125,0.0022886428330595645,0.0005998335615394956,0.004608403716974021
s_16_32,o2o,cif_within_set,0.11328125,0.036827284966325216,0.025535526130015515,0.050837234087942045
s_16_32,o2o,cif_other,0.11328125,0.0,0.0,0.0
s_16_32,o2o,survival,0.115234375,0.9435972696594009,0.9242557331112211,0.9599941434080036
s_16_32,o2o,cif_eligibility,0.115234375,0.015505116798096382,0.009613488012256591,0.0219481512373219
s_16_32,o2o,cif_topk,0.115234375,0.0002543515534898946,0.0,0.0008473730782157156
s_16_32,o2o,cif_conflict,0.115234375,0.0025431985313308742,0.0008204783243468259,0.004969593409761282
s_16_32,o2o,cif_within_set,0.115234375,0.038100063457681764,0.026524413090789453,0.05234909678464729
s_16_32,o2o,cif_other,0.115234375,0.0,0.0,0.0
s_16_32,o2o,survival,0.1171875,0.942833602564587,0.9230975288593182,0.9597303259827682
s_16_32,o2o,cif_eligibility,0.1171875,0.015759672496367692,0.009623491607728879,0.022454376329356335
s_16_32,o2o,cif_topk,0.1171875,0.0002543515534898946,0.0,0.0008473730782157156
s_16_32,o2o,cif_conflict,0.1171875,0.0025431985313308742,0.0008204783243468259,0.004969593409761282
s_16_32,o2o,cif_within_set,0.1171875,0.03860917485422438,0.02699944419824828,0.052716175866054024
s_16_32,o2o,cif_other,0.1171875,0.0,0.0,0.0
s_16_32,o2o,survival,0.119140625,0.9407955061811392,0.9204624606744772,0.9579479106499051
s_16_32,o2o,cif_eligibility,0.119140625,0.017288244783953556,0.010676070521537476,0.02462897800930701
s_16_32,o2o,cif_topk,0.119140625,0.0002543515534898946,0.0,0.0008473730782157156
s_16_32,o2o,cif_conflict,0.119140625,0.0025431985313308742,0.0008204783243468259,0.004969593409761282
s_16_32,o2o,cif_within_set,0.119140625,0.039118698950086336,0.027416316042674253,0.05326949814287339
s_16_32,o2o,cif_other,0.119140625,0.0,0.0,0.0
s_16_32,o2o,survival,0.12109375,0.9392669338935533,0.9187500989594197,0.9565290644613619
s_16_32,o2o,cif_eligibility,0.12109375,0.018562055023608443,0.01174418555984231,0.02606481611098568
s_16_32,o2o,cif_topk,0.12109375,0.0002543515534898946,0.0,0.0008473730782157156
s_16_32,o2o,cif_conflict,0.12109375,0.0025431985313308742,0.0008204783243468259,0.004969593409761282
s_16_32,o2o,cif_within_set,0.12109375,0.039373460998017314,0.027602333840219817,0.05332686489952489
s_16_32,o2o,cif_other,0.12109375,0.0,0.0,0.0
s_16_32,o2o,survival,0.125,0.9362097893183816,0.9153265037628923,0.9539637754793037
s_16_32,o2o,cif_eligibility,0.125,0.021109675502918215,0.013808305293236556,0.0291463824534153
s_16_32,o2o,cif_topk,0.125,0.0002543515534898946,0.0,0.0008473730782157156
s_16_32,o2o,cif_conflict,0.125,0.0025431985313308742,0.0008204783243468259,0.004969593409761282
s_16_32,o2o,cif_within_set,0.125,0.03988298509387927,0.027913408030014176,0.05412555371379544
s_16_32,o2o,cif_other,0.125,0.0,0.0,0.0
s_16_32,o2m_legacy,survival,0.0,1.0,1.0,1.0
s_16_32,o2m_legacy,cif_identity_change,0.0,0.0,0.0,0.0
s_16_32,o2m_legacy,survival,0.001953125,0.9807646654406021,0.9742111280232861,0.9863064409006579
s_16_32,o2m_legacy,cif_identity_change,0.001953125,0.01923533455939783,0.013693559099342039,0.025788871976713885
s_16_32,o2m_legacy,survival,0.00390625,0.9655510668916947,0.9572053638686915,0.9733466307233888
s_16_32,o2m_legacy,cif_identity_change,0.00390625,0.034448933108305324,0.026653369276611265,0.04279463613130851
s_16_32,o2m_legacy,survival,0.005859375,0.9490696684637117,0.9382370272821133,0.9593245759004744
s_16_32,o2m_legacy,cif_identity_change,0.005859375,0.05093033153628844,0.0406754240995257,0.0617629727178866
s_16_32,o2m_legacy,survival,0.0078125,0.9330953899873587,0.9196491424555124,0.9460237986670534
s_16_32,o2m_legacy,cif_identity_change,0.0078125,0.06690461001264131,0.053976201332946463,0.08035085754448755
s_16_32,o2m_legacy,survival,0.009765625,0.9224458710031236,0.9074212403777309,0.9369837718668986
s_16_32,o2m_legacy,cif_identity_change,0.009765625,0.07755412899687655,0.06301622813310122,0.09257875962226916
s_16_32,o2m_legacy,survival,0.01171875,0.9115427920430732,0.8956511389420678,0.9279621348600846
s_16_32,o2m_legacy,cif_identity_change,0.01171875,0.08845720795692692,0.07203786513991543,0.10434886105793216
s_16_32,o2m_legacy,survival,0.013671875,0.8993719132039472,0.8812856092012221,0.91732087183712
s_16_32,o2m_legacy,cif_identity_change,0.013671875,0.10062808679605292,0.08267912816287999,0.11871439079877791
s_16_32,o2m_legacy,survival,0.015625,0.8854261145341152,0.8655828169849499,0.9050698067015789
s_16_32,o2m_legacy,cif_identity_change,0.015625,0.11457388546588479,0.09493019329842108,0.1344171830150503
s_16_32,o2m_legacy,survival,0.017578125,0.8757908354531405,0.8550312256310738,0.8965142666074053
s_16_32,o2m_legacy,cif_identity_change,0.017578125,0.12420916454685954,0.10348573339259468,0.14496877436892636
s_16_32,o2m_legacy,survival,0.01953125,0.8623873803374906,0.8392401051149342,0.8856964755002982
s_16_32,o2m_legacy,cif_identity_change,0.01953125,0.1376126196625095,0.11430352449970202,0.16075989488506573
s_16_32,o2m_legacy,survival,0.021484375,0.8532592212081461,0.8289893248135783,0.8777324587120796
s_16_32,o2m_legacy,cif_identity_change,0.021484375,0.14674077879185402,0.12226754128792025,0.17101067518642155
s_16_32,o2m_legacy,survival,0.0234375,0.8415954623206504,0.8167028895546584,0.8673001856175344
s_16_32,o2m_legacy,cif_identity_change,0.0234375,0.15840453767934976,0.13269981438246575,0.1832971104453415
s_16_32,o2m_legacy,survival,0.025390625,0.8324673031913059,0.8064987035706483,0.8591526969438726
s_16_32,o2m_legacy,cif_identity_change,0.025390625,0.16753269680869426,0.14084730305612728,0.19350129642935154
s_16_32,o2m_legacy,survival,0.02734375,0.8235942435090582,0.7972069142410741,0.8511137015718879
s_16_32,o2m_legacy,cif_identity_change,0.02734375,0.1764057564909419,0.14888629842811194,0.202793085758926
s_16_32,o2m_legacy,survival,0.029296875,0.8134518444764532,0.7857750419531117,0.8425198671128012
s_16_32,o2m_legacy,cif_identity_change,0.029296875,0.1865481555235469,0.15748013288719884,0.21422495804688851
s_16_32,o2m_legacy,survival,0.03125,0.8010626292640638,0.7721711265281654,0.8312753620044568
s_16_32,o2m_legacy,cif_identity_change,0.03125,0.19893737073593637,0.16872463799554335,0.2278288734718346
s_16_32,o2m_legacy,survival,0.033203125,0.7929813756851518,0.7633288976494984,0.8236040432558517
s_16_32,o2m_legacy,cif_identity_change,0.033203125,0.20701862431484844,0.17639595674414812,0.23667110235050143
s_16_32,o2m_legacy,survival,0.03515625,0.7833430457881655,0.7533326576533481,0.8147584761713391
s_16_32,o2m_legacy,cif_identity_change,0.03515625,0.2166569542118347,0.18524152382866113,0.2466673423466517
s_16_32,o2m_legacy,survival,0.037109375,0.7744656366725202,0.7435192989250845,0.8073909995505719
s_16_32,o2m_legacy,cif_identity_change,0.037109375,0.22553436332747995,0.19260900044942833,0.2564807010749154
s_16_32,o2m_legacy,survival,0.0390625,0.7673637093800041,0.73603718231923,0.8009498461375076
s_16_32,o2m_legacy,cif_identity_change,0.0390625,0.23263629061999613,0.19905015386249264,0.26396281768077007
s_16_32,o2m_legacy,survival,0.041015625,0.7592418519358182,0.7278515354843691,0.7926751294607527
s_16_32,o2m_legacy,cif_identity_change,0.041015625,0.24075814806418208,0.20732487053924706,0.2721484645156309
s_16_32,o2m_legacy,survival,0.04296875,0.7526428427624171,0.7207013268498921,0.7868108371031739
s_16_32,o2m_legacy,cif_identity_change,0.04296875,0.24735715723758317,0.21318916289682613,0.279298673150108
s_16_32,o2m_legacy,survival,0.044921875,0.7460416075044496,0.7136459189015832,0.7801663838333381
s_16_32,o2m_legacy,cif_identity_change,0.044921875,0.25395839249555063,0.21983361616666158,0.28635408109841676
s_16_32,o2m_legacy,survival,0.0468292929296054,0.7457876274059076,0.7134680225764415,0.7800950099150654
s_16_32,o2m_legacy,cif_identity_change,0.0468292929296054,0.25421237259409263,0.2199049900849345,0.2865319774235588
s_16_32,o2m_legacy,survival,0.046875,0.7382035064140762,0.7060237988811523,0.7728018593478679
s_16_32,o2m_legacy,cif_identity_change,0.046875,0.26179649358592416,0.22719814065213184,0.29397620111884754
s_16_32,o2m_legacy,survival,0.048828125,0.7331239044432365,0.7008336296968158,0.7683248954011671
s_16_32,o2m_legacy,cif_identity_change,0.048828125,0.26687609555676384,0.23167510459883345,0.299166370303184
s_16_32,o2m_legacy,survival,0.05078125,0.7242346009942671,0.6921045564859861,0.7604888204244501
s_16_32,o2m_legacy,cif_identity_change,0.05078125,0.2757653990057333,0.23951117957554952,0.30789544351401377
s_16_32,o2m_legacy,survival,0.052734375,0.7166151980380076,0.6836247860491075,0.7530855386267217
s_16_32,o2m_legacy,cif_identity_change,0.052734375,0.2833848019619929,0.24691446137327866,0.31637521395089246
s_16_32,o2m_legacy,survival,0.0546875,0.7082308832483953,0.6748535519063232,0.7450194743602904
s_16_32,o2m_legacy,cif_identity_change,0.0546875,0.29176911675160505,0.2549805256397097,0.3251464480936764
s_16_32,o2m_legacy,survival,0.056640625,0.7011118114049165,0.6680674314860039,0.7381841346072439
s_16_32,o2m_legacy,cif_identity_change,0.056640625,0.2988881885950838,0.2618158653927557,0.33193256851399683
s_16_32,o2m_legacy,survival,0.05859375,0.6904332036396984,0.657678306332589,0.7272878878416874
s_16_32,o2m_legacy,cif_identity_change,0.05859375,0.309566796360302,0.2727121121583128,0.3423216936674113
s_16_32,o2m_legacy,survival,0.060546875,0.6850938997570893,0.6523299823955213,0.7222408379145201
s_16_32,o2m_legacy,cif_identity_change,0.060546875,0.3149061002429111,0.27775916208548024,0.34767001760447863
s_16_32,o2m_legacy,survival,0.0625,0.6774663227819335,0.6446361271102838,0.7139132905760022
s_16_32,o2m_legacy,cif_identity_change,0.0625,0.3225336772180669,0.28608670942399794,0.355363872889716
s_16_32,o2m_legacy,survival,0.064453125,0.6718706662881061,0.6382071661092795,0.7098676883578428
s_16_32,o2m_legacy,cif_identity_change,0.064453125,0.3281293337118943,0.29013231164215725,0.36179283389072076
s_16_32,o2m_legacy,survival,0.06640625,0.6639858775922585,0.6304529029803142,0.7017256249483348
s_16_32,o2m_legacy,cif_identity_change,0.06640625,0.336014122407742,0.29827437505166543,0.36954709701968574
s_16_32,o2m_legacy,survival,0.068359375,0.6581358730759843,0.6246574243054991,0.695914993582611
s_16_32,o2m_legacy,cif_identity_change,0.068359375,0.3418641269240161,0.30408500641738884,0.37534257569450075
s_16_32,o2m_legacy,survival,0.0703125,0.6535576086719437,0.6208295686536717,0.6894815909461376
s_16_32,o2m_legacy,cif_identity_change,0.0703125,0.34644239132805665,0.31051840905386224,0.37917043134632883
s_16_32,o2m_legacy,survival,0.072265625,0.6484706482230097,0.6157351569897479,0.6848663622813752
s_16_32,o2m_legacy,cif_identity_change,0.072265625,0.35152935177699063,0.3151336377186251,0.3842648430102518
s_16_32,o2m_legacy,survival,0.07421875,0.6408402075496088,0.6086143513627446,0.6769618938732527
s_16_32,o2m_legacy,cif_identity_change,0.07421875,0.3591597924503916,0.3230381061267475,0.3913856486372557
s_16_32,o2m_legacy,survival,0.076171875,0.634735855010888,0.6022357214651949,0.6717000906536977
s_16_32,o2m_legacy,cif_identity_change,0.076171875,0.36526414498911236,0.3282999093463022,0.39776427853480517
s_16_32,o2m_legacy,survival,0.078125,0.6293945465395073,0.5971753770835714,0.6656082713108862
s_16_32,o2m_legacy,cif_identity_change,0.078125,0.37060545346049306,0.3343917286891139,0.40282462291642884
s_16_32,o2m_legacy,survival,0.080078125,0.6248162821354668,0.5918047830621828,0.6617985456178627
s_16_32,o2m_legacy,cif_identity_change,0.080078125,0.37518371786453364,0.3382014543821377,0.40819521693781746
s_16_32,o2m_legacy,survival,0.08203125,0.6192206256416394,0.5876163007756398,0.655080804419294
s_16_32,o2m_legacy,cif_identity_change,0.08203125,0.380779374358361,0.344919195580706,0.41238369922436063
s_16_32,o2m_legacy,survival,0.083984375,0.6141336651927054,0.5827915182394285,0.6491436205588047
s_16_32,o2m_legacy,cif_identity_change,0.083984375,0.385866334807295,0.35085637944119485,0.41720848176057124
s_16_32,o2m_legacy,survival,0.0859375,0.6075206166090913,0.5757432745815712,0.6434121556120411
s_16_32,o2m_legacy,cif_identity_change,0.0859375,0.39247938339090915,0.356587844387959,0.4242567254184288
s_16_32,o2m_legacy,survival,0.087890625,0.6024336561601573,0.5708954996175429,0.6378994292781943
s_16_32,o2m_legacy,cif_identity_change,0.087890625,0.39756634383984313,0.3621005707218059,0.42910450038245707
s_16_32,o2m_legacy,survival,0.08984375,0.5978553917561168,0.5656690696814871,0.6341441326038812
s_16_32,o2m_legacy,cif_identity_change,0.08984375,0.4021446082438837,0.3658558673961184,0.4343309303185125
s_16_32,o2m_legacy,survival,0.091796875,0.5942945194418631,0.5619375959431535,0.6304010842474843
s_16_32,o2m_legacy,cif_identity_change,0.091796875,0.4057054805581375,0.36959891575251574,0.43806240405684665
s_16_32,o2m_legacy,survival,0.09375,0.5904792991051626,0.5583961034952912,0.6266245520601487
s_16_32,o2m_legacy,cif_identity_change,0.09375,0.409520700894838,0.3733754479398517,0.44160389650470877
s_16_32,o2m_legacy,survival,0.095703125,0.5846292945888885,0.5521905689603843,0.6213604050716635
s_16_32,o2m_legacy,cif_identity_change,0.095703125,0.4153707054111121,0.3786395949283368,0.44780943103961507
s_16_32,o2m_legacy,survival,0.09765625,0.5803034962313691,0.5481324947852024,0.6171565206177644
s_16_32,o2m_legacy,cif_identity_change,0.09765625,0.41969650376863143,0.3828434793822362,0.451867505214798
s_16_32,o2m_legacy,survival,0.099609375,0.5762321566007627,0.543846610864223,0.6128742441274537
s_16_32,o2m_legacy,cif_identity_change,0.099609375,0.4237678433992379,0.38712575587254583,0.45615338913577724
s_16_32,o2m_legacy,survival,0.1015625,0.5711429820625046,0.5383023636193882,0.6084591944362555
s_16_32,o2m_legacy,cif_identity_change,0.1015625,0.428857017937496,0.3915408055637448,0.46169763638061145
s_16_32,o2m_legacy,survival,0.103515625,0.5678350186126369,0.5350457574367865,0.6047376202468504
s_16_32,o2m_legacy,cif_identity_change,0.103515625,0.4321649813873637,0.39526237975315,0.4649542425632134
s_16_32,o2m_legacy,survival,0.10546875,0.564781513889682,0.5319453368319581,0.6015827377110413
s_16_32,o2m_legacy,cif_identity_change,0.10546875,0.43521848611031855,0.39841726228895846,0.4680546631680411
s_16_32,o2m_legacy,survival,0.107421875,0.5596923393514239,0.5256008283895419,0.598036836223536
s_16_32,o2m_legacy,cif_identity_change,0.107421875,0.4403076606485766,0.4019631637764641,0.4743991716104579
s_16_32,o2m_legacy,survival,0.109375,0.5546008500166194,0.5210013733751881,0.59228394068253
s_16_32,o2m_legacy,cif_identity_change,0.109375,0.44539914998338115,0.4077160593174702,0.47899862662481185
s_16_32,o2m_legacy,survival,0.111328125,0.5500185096152953,0.5168864844706147,0.587320019255416
s_16_32,o2m_legacy,cif_identity_change,0.111328125,0.44998149038470525,0.41267998074458395,0.4831135155293853
s_16_32,o2m_legacy,survival,0.11328125,0.5449270202804908,0.5119618116754636,0.5816917263435527
s_16_32,o2m_legacy,cif_identity_change,0.11328125,0.4550729797195098,0.4183082736564469,0.4880381883245366
s_16_32,o2m_legacy,survival,0.115234375,0.5403446798791667,0.5073667834579559,0.5762214636837177
s_16_32,o2m_legacy,cif_identity_change,0.115234375,0.4596553201208339,0.42377853631628287,0.4926332165420443
s_16_32,o2m_legacy,survival,0.1171875,0.5347440416108817,0.5024995709723892,0.5697588341860075
s_16_32,o2m_legacy,cif_identity_change,0.1171875,0.4652559583891189,0.4302411658139926,0.49750042902761105
s_16_32,o2m_legacy,survival,0.119140625,0.5311781494937483,0.4994474133582694,0.565756281247457
s_16_32,o2m_legacy,cif_identity_change,0.119140625,0.4688218505062523,0.43424371875254264,0.5005525866417311
s_16_32,o2m_legacy,survival,0.12109375,0.5265914419240492,0.494756557643255,0.5617006266077059
s_16_32,o2m_legacy,cif_identity_change,0.12109375,0.4734085580759515,0.4382993733922937,0.5052434423567449
s_16_32,o2m_legacy,survival,0.123046875,0.5237884539647886,0.4923025441902882,0.5582671834171655
s_16_32,o2m_legacy,cif_identity_change,0.123046875,0.4762115460352121,0.44173281658283436,0.5076974558097115
s_16_32,o2m_legacy,survival,0.125,0.5181824780462673,0.4862943875076787,0.5523295399817891
s_16_32,o2m_legacy,cif_identity_change,0.125,0.48181752195373334,0.44767046001821104,0.5137056124923218
s_16_32,o2m_pre_topk,survival,0.0,1.0,1.0,1.0
s_16_32,o2m_pre_topk,cif_identity_change,0.0,0.0,0.0,0.0
s_16_32,o2m_pre_topk,survival,0.001953125,0.9807646654406021,0.9742111280232861,0.9863064409006579
s_16_32,o2m_pre_topk,cif_identity_change,0.001953125,0.01923533455939783,0.013693559099342039,0.025788871976713885
s_16_32,o2m_pre_topk,survival,0.00390625,0.9655510668916947,0.9572053638686915,0.9733466307233888
s_16_32,o2m_pre_topk,cif_identity_change,0.00390625,0.034448933108305324,0.026653369276611265,0.04279463613130851
s_16_32,o2m_pre_topk,survival,0.005859375,0.9490696684637117,0.9382370272821133,0.9593245759004744
s_16_32,o2m_pre_topk,cif_identity_change,0.005859375,0.05093033153628844,0.0406754240995257,0.0617629727178866
s_16_32,o2m_pre_topk,survival,0.0078125,0.9330953899873587,0.9196491424555124,0.9460237986670534
s_16_32,o2m_pre_topk,cif_identity_change,0.0078125,0.06690461001264131,0.053976201332946463,0.08035085754448755
s_16_32,o2m_pre_topk,survival,0.009765625,0.9224458710031236,0.9074212403777309,0.9369837718668986
s_16_32,o2m_pre_topk,cif_identity_change,0.009765625,0.07755412899687655,0.06301622813310122,0.09257875962226916
s_16_32,o2m_pre_topk,survival,0.01171875,0.9115427920430732,0.8956511389420678,0.9279621348600846
s_16_32,o2m_pre_topk,cif_identity_change,0.01171875,0.08845720795692692,0.07203786513991543,0.10434886105793216
s_16_32,o2m_pre_topk,survival,0.013671875,0.8993719132039472,0.8812856092012221,0.91732087183712
s_16_32,o2m_pre_topk,cif_identity_change,0.013671875,0.10062808679605292,0.08267912816287999,0.11871439079877791
s_16_32,o2m_pre_topk,survival,0.015625,0.8854261145341152,0.8655828169849499,0.9050698067015789
s_16_32,o2m_pre_topk,cif_identity_change,0.015625,0.11457388546588479,0.09493019329842108,0.1344171830150503
s_16_32,o2m_pre_topk,survival,0.017578125,0.8757908354531405,0.8550312256310738,0.8965142666074053
s_16_32,o2m_pre_topk,cif_identity_change,0.017578125,0.12420916454685954,0.10348573339259468,0.14496877436892636
s_16_32,o2m_pre_topk,survival,0.01953125,0.8623873803374906,0.8392401051149342,0.8856964755002982
s_16_32,o2m_pre_topk,cif_identity_change,0.01953125,0.1376126196625095,0.11430352449970202,0.16075989488506573
s_16_32,o2m_pre_topk,survival,0.021484375,0.8532592212081461,0.8289893248135783,0.8777324587120796
s_16_32,o2m_pre_topk,cif_identity_change,0.021484375,0.14674077879185402,0.12226754128792025,0.17101067518642155
s_16_32,o2m_pre_topk,survival,0.0234375,0.8415954623206504,0.8167028895546584,0.8673001856175344
s_16_32,o2m_pre_topk,cif_identity_change,0.0234375,0.15840453767934976,0.13269981438246575,0.1832971104453415
s_16_32,o2m_pre_topk,survival,0.025390625,0.8324673031913059,0.8064987035706483,0.8591526969438726
s_16_32,o2m_pre_topk,cif_identity_change,0.025390625,0.16753269680869426,0.14084730305612728,0.19350129642935154
s_16_32,o2m_pre_topk,survival,0.02734375,0.8235942435090582,0.7972069142410741,0.8511137015718879
s_16_32,o2m_pre_topk,cif_identity_change,0.02734375,0.1764057564909419,0.14888629842811194,0.202793085758926
s_16_32,o2m_pre_topk,survival,0.029296875,0.8134518444764532,0.7857750419531117,0.8425198671128012
s_16_32,o2m_pre_topk,cif_identity_change,0.029296875,0.1865481555235469,0.15748013288719884,0.21422495804688851
s_16_32,o2m_pre_topk,survival,0.03125,0.8010626292640638,0.7721711265281654,0.8312753620044568
s_16_32,o2m_pre_topk,cif_identity_change,0.03125,0.19893737073593637,0.16872463799554335,0.2278288734718346
s_16_32,o2m_pre_topk,survival,0.033203125,0.7929813756851518,0.7633288976494984,0.8236040432558517
s_16_32,o2m_pre_topk,cif_identity_change,0.033203125,0.20701862431484844,0.17639595674414812,0.23667110235050143
s_16_32,o2m_pre_topk,survival,0.03515625,0.7833430457881655,0.7533326576533481,0.8147584761713391
s_16_32,o2m_pre_topk,cif_identity_change,0.03515625,0.2166569542118347,0.18524152382866113,0.2466673423466517
s_16_32,o2m_pre_topk,survival,0.037109375,0.7744656366725202,0.7435192989250845,0.8073909995505719
s_16_32,o2m_pre_topk,cif_identity_change,0.037109375,0.22553436332747995,0.19260900044942833,0.2564807010749154
s_16_32,o2m_pre_topk,survival,0.0390625,0.7673637093800041,0.73603718231923,0.8009498461375076
s_16_32,o2m_pre_topk,cif_identity_change,0.0390625,0.23263629061999613,0.19905015386249264,0.26396281768077007
s_16_32,o2m_pre_topk,survival,0.041015625,0.7592418519358182,0.7278515354843691,0.7926751294607527
s_16_32,o2m_pre_topk,cif_identity_change,0.041015625,0.24075814806418208,0.20732487053924706,0.2721484645156309
s_16_32,o2m_pre_topk,survival,0.04296875,0.7526428427624171,0.7207013268498921,0.7868108371031739
s_16_32,o2m_pre_topk,cif_identity_change,0.04296875,0.24735715723758317,0.21318916289682613,0.279298673150108
s_16_32,o2m_pre_topk,survival,0.044921875,0.7460416075044496,0.7136459189015832,0.7801663838333381
s_16_32,o2m_pre_topk,cif_identity_change,0.044921875,0.25395839249555063,0.21983361616666158,0.28635408109841676
s_16_32,o2m_pre_topk,survival,0.0468292929296054,0.7457876274059076,0.7134680225764415,0.7800950099150654
s_16_32,o2m_pre_topk,cif_identity_change,0.0468292929296054,0.25421237259409263,0.2199049900849345,0.2865319774235588
s_16_32,o2m_pre_topk,survival,0.046875,0.7382035064140762,0.7060237988811523,0.7728018593478679
s_16_32,o2m_pre_topk,cif_identity_change,0.046875,0.26179649358592416,0.22719814065213184,0.29397620111884754
s_16_32,o2m_pre_topk,survival,0.048828125,0.7331239044432365,0.7008336296968158,0.7683248954011671
s_16_32,o2m_pre_topk,cif_identity_change,0.048828125,0.26687609555676384,0.23167510459883345,0.299166370303184
s_16_32,o2m_pre_topk,survival,0.05078125,0.7242346009942671,0.6921045564859861,0.7604888204244501
s_16_32,o2m_pre_topk,cif_identity_change,0.05078125,0.2757653990057333,0.23951117957554952,0.30789544351401377
s_16_32,o2m_pre_topk,survival,0.052734375,0.7166151980380076,0.6836247860491075,0.7530855386267217
s_16_32,o2m_pre_topk,cif_identity_change,0.052734375,0.2833848019619929,0.24691446137327866,0.31637521395089246
s_16_32,o2m_pre_topk,survival,0.0546875,0.7082308832483953,0.6748535519063232,0.7450194743602904
s_16_32,o2m_pre_topk,cif_identity_change,0.0546875,0.29176911675160505,0.2549805256397097,0.3251464480936764
s_16_32,o2m_pre_topk,survival,0.056640625,0.7011118114049165,0.6680674314860039,0.7381841346072439
s_16_32,o2m_pre_topk,cif_identity_change,0.056640625,0.2988881885950838,0.2618158653927557,0.33193256851399683
s_16_32,o2m_pre_topk,survival,0.05859375,0.6904332036396984,0.657678306332589,0.7272878878416874
s_16_32,o2m_pre_topk,cif_identity_change,0.05859375,0.309566796360302,0.2727121121583128,0.3423216936674113
s_16_32,o2m_pre_topk,survival,0.060546875,0.6850938997570893,0.6523299823955213,0.7222408379145201
s_16_32,o2m_pre_topk,cif_identity_change,0.060546875,0.3149061002429111,0.27775916208548024,0.34767001760447863
s_16_32,o2m_pre_topk,survival,0.0625,0.6774663227819335,0.6446361271102838,0.7139132905760022
s_16_32,o2m_pre_topk,cif_identity_change,0.0625,0.3225336772180669,0.28608670942399794,0.355363872889716
s_16_32,o2m_pre_topk,survival,0.064453125,0.6718706662881061,0.6382071661092795,0.7098676883578428
s_16_32,o2m_pre_topk,cif_identity_change,0.064453125,0.3281293337118943,0.29013231164215725,0.36179283389072076
s_16_32,o2m_pre_topk,survival,0.06640625,0.6639858775922585,0.6304529029803142,0.7017256249483348
s_16_32,o2m_pre_topk,cif_identity_change,0.06640625,0.336014122407742,0.29827437505166543,0.36954709701968574
s_16_32,o2m_pre_topk,survival,0.068359375,0.6581358730759843,0.6246574243054991,0.695914993582611
s_16_32,o2m_pre_topk,cif_identity_change,0.068359375,0.3418641269240161,0.30408500641738884,0.37534257569450075
s_16_32,o2m_pre_topk,survival,0.0703125,0.6535576086719437,0.6208295686536717,0.6894815909461376
s_16_32,o2m_pre_topk,cif_identity_change,0.0703125,0.34644239132805665,0.31051840905386224,0.37917043134632883
s_16_32,o2m_pre_topk,survival,0.072265625,0.6484706482230097,0.6157351569897479,0.6848663622813752
s_16_32,o2m_pre_topk,cif_identity_change,0.072265625,0.35152935177699063,0.3151336377186251,0.3842648430102518
s_16_32,o2m_pre_topk,survival,0.07421875,0.6408402075496088,0.6086143513627446,0.6769618938732527
s_16_32,o2m_pre_topk,cif_identity_change,0.07421875,0.3591597924503916,0.3230381061267475,0.3913856486372557
s_16_32,o2m_pre_topk,survival,0.076171875,0.634735855010888,0.6022357214651949,0.6717000906536977
s_16_32,o2m_pre_topk,cif_identity_change,0.076171875,0.36526414498911236,0.3282999093463022,0.39776427853480517
s_16_32,o2m_pre_topk,survival,0.078125,0.6293945465395073,0.5971753770835714,0.6656082713108862
s_16_32,o2m_pre_topk,cif_identity_change,0.078125,0.37060545346049306,0.3343917286891139,0.40282462291642884
s_16_32,o2m_pre_topk,survival,0.080078125,0.6248162821354668,0.5918047830621828,0.6617985456178627
s_16_32,o2m_pre_topk,cif_identity_change,0.080078125,0.37518371786453364,0.3382014543821377,0.40819521693781746
s_16_32,o2m_pre_topk,survival,0.08203125,0.6192206256416394,0.5876163007756398,0.655080804419294
s_16_32,o2m_pre_topk,cif_identity_change,0.08203125,0.380779374358361,0.344919195580706,0.41238369922436063
s_16_32,o2m_pre_topk,survival,0.083984375,0.6141336651927054,0.5827915182394285,0.6491436205588047
s_16_32,o2m_pre_topk,cif_identity_change,0.083984375,0.385866334807295,0.35085637944119485,0.41720848176057124
s_16_32,o2m_pre_topk,survival,0.0859375,0.6075206166090913,0.5757432745815712,0.6434121556120411
s_16_32,o2m_pre_topk,cif_identity_change,0.0859375,0.39247938339090915,0.356587844387959,0.4242567254184288
s_16_32,o2m_pre_topk,survival,0.087890625,0.6024336561601573,0.5708954996175429,0.6378994292781943
s_16_32,o2m_pre_topk,cif_identity_change,0.087890625,0.39756634383984313,0.3621005707218059,0.42910450038245707
s_16_32,o2m_pre_topk,survival,0.08984375,0.5978553917561168,0.5656690696814871,0.6341441326038812
s_16_32,o2m_pre_topk,cif_identity_change,0.08984375,0.4021446082438837,0.3658558673961184,0.4343309303185125
s_16_32,o2m_pre_topk,survival,0.091796875,0.5942945194418631,0.5619375959431535,0.6304010842474843
s_16_32,o2m_pre_topk,cif_identity_change,0.091796875,0.4057054805581375,0.36959891575251574,0.43806240405684665
s_16_32,o2m_pre_topk,survival,0.09375,0.5904792991051626,0.5583961034952912,0.6266245520601487
s_16_32,o2m_pre_topk,cif_identity_change,0.09375,0.409520700894838,0.3733754479398517,0.44160389650470877
s_16_32,o2m_pre_topk,survival,0.095703125,0.5846292945888885,0.5521905689603843,0.6213604050716635
s_16_32,o2m_pre_topk,cif_identity_change,0.095703125,0.4153707054111121,0.3786395949283368,0.44780943103961507
s_16_32,o2m_pre_topk,survival,0.09765625,0.5803034962313691,0.5481324947852024,0.6171565206177644
s_16_32,o2m_pre_topk,cif_identity_change,0.09765625,0.41969650376863143,0.3828434793822362,0.451867505214798
s_16_32,o2m_pre_topk,survival,0.099609375,0.5762321566007627,0.543846610864223,0.6128742441274537
s_16_32,o2m_pre_topk,cif_identity_change,0.099609375,0.4237678433992379,0.38712575587254583,0.45615338913577724
s_16_32,o2m_pre_topk,survival,0.1015625,0.5711429820625046,0.5383023636193882,0.6084591944362555
s_16_32,o2m_pre_topk,cif_identity_change,0.1015625,0.428857017937496,0.3915408055637448,0.46169763638061145
s_16_32,o2m_pre_topk,survival,0.103515625,0.5678350186126369,0.5350457574367865,0.6047376202468504
s_16_32,o2m_pre_topk,cif_identity_change,0.103515625,0.4321649813873637,0.39526237975315,0.4649542425632134
s_16_32,o2m_pre_topk,survival,0.10546875,0.564781513889682,0.5319453368319581,0.6015827377110413
s_16_32,o2m_pre_topk,cif_identity_change,0.10546875,0.43521848611031855,0.39841726228895846,0.4680546631680411
s_16_32,o2m_pre_topk,survival,0.107421875,0.5596923393514239,0.5256008283895419,0.598036836223536
s_16_32,o2m_pre_topk,cif_identity_change,0.107421875,0.4403076606485766,0.4019631637764641,0.4743991716104579
s_16_32,o2m_pre_topk,survival,0.109375,0.5546008500166194,0.5210013733751881,0.59228394068253
s_16_32,o2m_pre_topk,cif_identity_change,0.109375,0.44539914998338115,0.4077160593174702,0.47899862662481185
s_16_32,o2m_pre_topk,survival,0.111328125,0.5500185096152953,0.5168864844706147,0.587320019255416
s_16_32,o2m_pre_topk,cif_identity_change,0.111328125,0.44998149038470525,0.41267998074458395,0.4831135155293853
s_16_32,o2m_pre_topk,survival,0.11328125,0.5449270202804908,0.5119618116754636,0.5816917263435527
s_16_32,o2m_pre_topk,cif_identity_change,0.11328125,0.4550729797195098,0.4183082736564469,0.4880381883245366
s_16_32,o2m_pre_topk,survival,0.115234375,0.5403446798791667,0.5073667834579559,0.5762214636837177
s_16_32,o2m_pre_topk,cif_identity_change,0.115234375,0.4596553201208339,0.42377853631628287,0.4926332165420443
s_16_32,o2m_pre_topk,survival,0.1171875,0.5347440416108817,0.5024995709723892,0.5697588341860075
s_16_32,o2m_pre_topk,cif_identity_change,0.1171875,0.4652559583891189,0.4302411658139926,0.49750042902761105
s_16_32,o2m_pre_topk,survival,0.119140625,0.5311781494937483,0.4994474133582694,0.565756281247457
s_16_32,o2m_pre_topk,cif_identity_change,0.119140625,0.4688218505062523,0.43424371875254264,0.5005525866417311
s_16_32,o2m_pre_topk,survival,0.12109375,0.5265914419240492,0.494756557643255,0.5617006266077059
s_16_32,o2m_pre_topk,cif_identity_change,0.12109375,0.4734085580759515,0.4382993733922937,0.5052434423567449
s_16_32,o2m_pre_topk,survival,0.123046875,0.5237884539647886,0.4923025441902882,0.5582671834171655
s_16_32,o2m_pre_topk,cif_identity_change,0.123046875,0.4762115460352121,0.44173281658283436,0.5076974558097115
s_16_32,o2m_pre_topk,survival,0.125,0.5181824780462673,0.4862943875076787,0.5523295399817891
s_16_32,o2m_pre_topk,cif_identity_change,0.125,0.48181752195373334,0.44767046001821104,0.5137056124923218
s_16_32,o2m_assigned_positive,survival,0.0,1.0,1.0,1.0
s_16_32,o2m_assigned_positive,cif_identity_change,0.0,0.0,0.0,0.0
s_16_32,o2m_assigned_positive,survival,0.001953125,0.9807646654406021,0.9742111280232861,0.9863064409006579
s_16_32,o2m_assigned_positive,cif_identity_change,0.001953125,0.01923533455939783,0.013693559099342039,0.025788871976713885
s_16_32,o2m_assigned_positive,survival,0.00390625,0.9658046268675098,0.9574314454839933,0.9736227985482512
s_16_32,o2m_assigned_positive,cif_identity_change,0.00390625,0.0341953731324902,0.02637720145174885,0.042568554516006815
s_16_32,o2m_assigned_positive,survival,0.005859375,0.9493232284395268,0.9385010026531414,0.9595193666460874
s_16_32,o2m_assigned_positive,cif_identity_change,0.005859375,0.050676771560473316,0.04048063335391251,0.06149899734685852
s_16_32,o2m_assigned_positive,survival,0.0078125,0.9333489499631739,0.9199202780693512,0.9461407106041501
s_16_32,o2m_assigned_positive,cif_identity_change,0.0078125,0.06665105003682618,0.05385928939584988,0.08007972193064897
s_16_32,o2m_assigned_positive,survival,0.009765625,0.9226994309789386,0.9076035216738397,0.9371576269462221
s_16_32,o2m_assigned_positive,cif_identity_change,0.009765625,0.07730056902106143,0.06284237305377778,0.09239647832616028
s_16_32,o2m_assigned_positive,survival,0.01171875,0.9120499119947033,0.8959122669503156,0.9282043653859307
s_16_32,o2m_assigned_positive,cif_identity_change,0.01171875,0.08795008800529668,0.07179563461406942,0.10408773304968465
s_16_32,o2m_assigned_positive,survival,0.013671875,0.8998790331555774,0.8817658123892955,0.9176877453869774
s_16_32,o2m_assigned_positive,cif_identity_change,0.013671875,0.10012096684442268,0.08231225461302272,0.11823418761070462
s_16_32,o2m_assigned_positive,survival,0.015625,0.8859332344857456,0.8662664126917755,0.9053578503462563
s_16_32,o2m_assigned_positive,cif_identity_change,0.015625,0.11406676551425454,0.09464214965374355,0.13373358730822446
s_16_32,o2m_assigned_positive,survival,0.017578125,0.8762979554047708,0.8554721527375081,0.8967367795233617
s_16_32,o2m_assigned_positive,cif_identity_change,0.017578125,0.1237020445952293,0.1032632204766381,0.1445278472624919
s_16_32,o2m_assigned_positive,survival,0.01953125,0.862894500289121,0.8397743754474056,0.8861401675112518
s_16_32,o2m_assigned_positive,cif_identity_change,0.01953125,0.13710549971087926,0.11385983248874824,0.16022562455259431
s_16_32,o2m_assigned_positive,survival,0.021484375,0.8537663411597765,0.8295843880586715,0.8783287539453394
s_16_32,o2m_assigned_positive,cif_identity_change,0.021484375,0.14623365884022377,0.1216712460546604,0.17041561194132873
s_16_32,o2m_assigned_positive,survival,0.0234375,0.8421025822722807,0.8171696143148135,0.8677469928257937
s_16_32,o2m_assigned_positive,cif_identity_change,0.0234375,0.1578974177277195,0.13225300717420646,0.1828303856851865
s_16_32,o2m_assigned_positive,survival,0.025390625,0.8329744231429362,0.8070547068195295,0.8595805789695187
s_16_32,o2m_assigned_positive,cif_identity_change,0.025390625,0.167025576857064,0.14041942103048163,0.19294529318047046
s_16_32,o2m_assigned_positive,survival,0.02734375,0.8241013634606886,0.797637189418354,0.8517555253054
s_16_32,o2m_assigned_positive,cif_identity_change,0.02734375,0.17589863653931165,0.14824447469460036,0.2023628105816457
s_16_32,o2m_assigned_positive,survival,0.029296875,0.8139589644280837,0.786109420125596,0.8428749248745104
s_16_32,o2m_assigned_positive,cif_identity_change,0.029296875,0.18604103557191665,0.1571250751254897,0.2138905798744041
s_16_32,o2m_assigned_positive,survival,0.03125,0.8015697492156942,0.772744600999813,0.8315472275966148
s_16_32,o2m_assigned_positive,cif_identity_change,0.03125,0.19843025078430612,0.16845277240338513,0.227255399000187
s_16_32,o2m_assigned_positive,survival,0.033203125,0.7934884972556066,0.7639386803411149,0.8240586761362205
s_16_32,o2m_assigned_positive,cif_identity_change,0.033203125,0.20651150274439378,0.1759413238637794,0.2360613196588852
s_16_32,o2m_assigned_positive,survival,0.03515625,0.7838501692893558,0.7539688630554483,0.8151758444932472
s_16_32,o2m_assigned_positive,cif_identity_change,0.03515625,0.21614983071064447,0.1848241555067524,0.2460311369445515
s_16_32,o2m_assigned_positive,survival,0.037109375,0.7749727619520197,0.7444297263325241,0.8080017531838124
s_16_32,o2m_assigned_positive,cif_identity_change,0.037109375,0.22502723804798064,0.19199824681618757,0.2555702736674759
s_16_32,o2m_assigned_positive,survival,0.0390625,0.7678708360821508,0.7365890796542777,0.801267490171709
s_16_32,o2m_assigned_positive,cif_identity_change,0.0390625,0.23212916391784957,0.19873250982829055,0.2634109203457219
s_16_32,o2m_assigned_positive,survival,0.041015625,0.7597489838142755,0.7284871690541159,0.7929483822718579
s_16_32,o2m_assigned_positive,cif_identity_change,0.041015625,0.2402510161857249,0.20705161772814182,0.27151283094588435
s_16_32,o2m_assigned_positive,survival,0.04296875,0.7531499788466267,0.7212335199814485,0.787127339300831
s_16_32,o2m_assigned_positive,cif_identity_change,0.04296875,0.2468500211533736,0.212872660699169,0.2787664800185514
s_16_32,o2m_assigned_positive,survival,0.044921875,0.7465487492966946,0.7144346546694131,0.7805185314591374
s_16_32,o2m_assigned_positive,cif_identity_change,0.044921875,0.2534512507033057,0.2194814685408625,0.2855653453305866
s_16_32,o2m_assigned_positive,survival,0.0468292929296054,0.7462947694765782,0.7141169726248604,0.7804079359017334
s_16_32,o2m_assigned_positive,cif_identity_change,0.0468292929296054,0.25370523052342203,0.219592064098267,0.2858830273751395
s_16_32,o2m_assigned_positive,survival,0.046875,0.7387106567988381,0.7066950674483384,0.7731158284573888
s_16_32,o2m_assigned_positive,cif_identity_change,0.046875,0.2612893432011622,0.2268841715426112,0.2933049325516611
s_16_32,o2m_assigned_positive,survival,0.048828125,0.7336310603965112,0.7015576158390434,0.7686355171031031
s_16_32,o2m_assigned_positive,cif_identity_change,0.048828125,0.26636893960348906,0.2313644828968971,0.29844238416095625
s_16_32,o2m_assigned_positive,survival,0.05078125,0.7249957465125555,0.6929970786812628,0.7610539010248185
s_16_32,o2m_assigned_positive,cif_identity_change,0.05078125,0.2750042534874448,0.23894609897518165,0.30700292131873713
s_16_32,o2m_assigned_positive,survival,0.052734375,0.7173763519090651,0.6844705824188344,0.7533612584740411
s_16_32,o2m_assigned_positive,cif_identity_change,0.052734375,0.2826236480909351,0.24663874152595877,0.3155294175811654
s_16_32,o2m_assigned_positive,survival,0.0546875,0.7089920494679993,0.6756799100331584,0.7454393969598794
s_16_32,o2m_assigned_positive,cif_identity_change,0.0546875,0.2910079505320009,0.2545606030401206,0.32432008996684203
s_16_32,o2m_assigned_positive,survival,0.056640625,0.7018729936047,0.6690854668620283,0.7386186019345792
s_16_32,o2m_assigned_positive,cif_identity_change,0.056640625,0.29812700639530026,0.26138139806542104,0.33091453313797203
s_16_32,o2m_assigned_positive,survival,0.05859375,0.6911944098097509,0.6585643808426078,0.7282221556308225
s_16_32,o2m_assigned_positive,cif_identity_change,0.05859375,0.30880559019024933,0.27177784436917707,0.341435619157392
s_16_32,o2m_assigned_positive,survival,0.060546875,0.6856008659171585,0.6529361746550746,0.7225865416576817
s_16_32,o2m_assigned_positive,cif_identity_change,0.060546875,0.3143991340828417,0.27741345834231834,0.3470638253449253
s_16_32,o2m_assigned_positive,survival,0.0625,0.6779733060636235,0.6454053259638153,0.7142107084648195
s_16_32,o2m_assigned_positive,cif_identity_change,0.0625,0.32202669393637673,0.2857892915351801,0.3545946740361849
s_16_32,o2m_assigned_positive,survival,0.064453125,0.6723776637060611,0.638978232484716,0.7099896245738766
s_16_32,o2m_assigned_positive,cif_identity_change,0.064453125,0.3276223362939391,0.29001037542612357,0.3610217675152846
s_16_32,o2m_assigned_positive,survival,0.06640625,0.6644928949294959,0.6311130034198559,0.7019251845723068
s_16_32,o2m_assigned_positive,cif_identity_change,0.06640625,0.33550710507050424,0.29807481542769293,0.36888699658014407
s_16_32,o2m_assigned_positive,survival,0.068359375,0.6586429051920444,0.6252691562735003,0.6963176005581646
s_16_32,o2m_assigned_positive,cif_identity_change,0.068359375,0.3413570948079558,0.3036823994418355,0.3747308437264994
s_16_32,o2m_assigned_positive,survival,0.0703125,0.6540646523540389,0.6213330280270802,0.6900681519215471
s_16_32,o2m_assigned_positive,cif_identity_change,0.0703125,0.34593534764596134,0.3099318480784531,0.3786669719729197
s_16_32,o2m_assigned_positive,survival,0.072265625,0.6489777047562549,0.6162646218912021,0.6853276288083373
s_16_32,o2m_assigned_positive,cif_identity_change,0.072265625,0.3510222952437453,0.3146723711916625,0.38373537810879804
s_16_32,o2m_assigned_positive,survival,0.07421875,0.6416016307394682,0.6094815664041119,0.6776224408747363
s_16_32,o2m_assigned_positive,cif_identity_change,0.07421875,0.35839836926053203,0.3223775591252635,0.39051843359588806
s_16_32,o2m_assigned_positive,survival,0.076171875,0.6354972936221275,0.6029753561651785,0.6717576746669858
s_16_32,o2m_assigned_positive,cif_identity_change,0.076171875,0.3645027063778728,0.3282423253330143,0.3970246438348219
s_16_32,o2m_assigned_positive,survival,0.078125,0.6301559986444543,0.5978798253174615,0.6661356470046367
s_16_32,o2m_assigned_positive,cif_identity_change,0.078125,0.36984400135554596,0.3338643529953631,0.4021201746825381
s_16_32,o2m_assigned_positive,survival,0.080078125,0.6255777458064486,0.5929038875747088,0.6625082961894522
s_16_32,o2m_assigned_positive,cif_identity_change,0.080078125,0.3744222541935515,0.3374917038105474,0.40709611242529153
s_16_32,o2m_assigned_positive,survival,0.08203125,0.6199821034488863,0.5881127300140246,0.6557006871303835
s_16_32,o2m_assigned_positive,cif_identity_change,0.08203125,0.3800178965511139,0.3442993128696165,0.4118872699859756
s_16_32,o2m_assigned_positive,survival,0.083984375,0.6148951558511023,0.5833986860698922,0.6498140612174366
s_16_32,o2m_assigned_positive,cif_identity_change,0.083984375,0.3851048441488979,0.3501859387825635,0.41660131393010785
s_16_32,o2m_assigned_positive,survival,0.0859375,0.6085364713538723,0.5765302526600087,0.6444518432307514
s_16_32,o2m_assigned_positive,cif_identity_change,0.0859375,0.3914635286461279,0.35554815676924856,0.4234697473399906
s_16_32,o2m_assigned_positive,survival,0.087890625,0.6034495237560884,0.5717170072490827,0.638672776896183
s_16_32,o2m_assigned_positive,cif_identity_change,0.087890625,0.3965504762439118,0.36132722310381726,0.4282829927509176
s_16_32,o2m_assigned_positive,survival,0.08984375,0.5988712709180828,0.5671223862584264,0.6348548907965651
s_16_32,o2m_assigned_positive,cif_identity_change,0.08984375,0.4011287290819174,0.3651451092034346,0.4328776137415735
s_16_32,o2m_assigned_positive,survival,0.091796875,0.595310407599634,0.5633026592829911,0.631385187390313
s_16_32,o2m_assigned_positive,cif_identity_change,0.091796875,0.40468959240036617,0.36861481260968687,0.4366973407170088
s_16_32,o2m_assigned_positive,survival,0.09375,0.591495196901296,0.5595902139880317,0.6276443056216976
s_16_32,o2m_assigned_positive,cif_identity_change,0.09375,0.40850480309870413,0.372355694378302,0.44040978601196845
s_16_32,o2m_assigned_positive,survival,0.095703125,0.5856452071638445,0.5532209230185093,0.6224650262124142
s_16_32,o2m_assigned_positive,cif_identity_change,0.095703125,0.41435479283615567,0.3775349737875859,0.44677907698149055
s_16_32,o2m_assigned_positive,survival,0.09765625,0.5813194230053593,0.5493268777322433,0.6183284835530336
s_16_32,o2m_assigned_positive,cif_identity_change,0.09765625,0.41868057699464084,0.3816715164469668,0.45067312226775713
s_16_32,o2m_assigned_positive,survival,0.099609375,0.5772480967385498,0.5446965065589893,0.6138771523267988
s_16_32,o2m_assigned_positive,cif_identity_change,0.099609375,0.4227519032614504,0.3861228476732009,0.45530349344101095
s_16_32,o2m_assigned_positive,survival,0.1015625,0.5721589389050379,0.5392658817279992,0.6093221569550875
s_16_32,o2m_assigned_positive,cif_identity_change,0.1015625,0.42784106109496234,0.39067784304491293,0.4607341182720011
s_16_32,o2m_assigned_positive,survival,0.103515625,0.5688509863132551,0.5362690941600818,0.6056585997212605
s_16_32,o2m_assigned_positive,cif_identity_change,0.103515625,0.43114901368674513,0.39434140027874,0.4637309058399177
s_16_32,o2m_assigned_positive,survival,0.10546875,0.565797491613148,0.5330680635889089,0.6027008596538537
s_16_32,o2m_assigned_positive,cif_identity_change,0.10546875,0.4342025083868523,0.397299140346146,0.4669319364110909
s_16_32,o2m_assigned_positive,survival,0.107421875,0.5604538758879604,0.5263327772682674,0.5986271404897694
s_16_32,o2m_assigned_positive,cif_identity_change,0.107421875,0.43954612411203986,0.401372859510231,0.47366722273173256
s_16_32,o2m_assigned_positive,survival,0.109375,0.5553624064198214,0.5219487813319033,0.5931353167311723
s_16_32,o2m_assigned_positive,cif_identity_change,0.109375,0.4446375935801789,0.4068646832688276,0.478051218668097
s_16_32,o2m_assigned_positive,survival,0.111328125,0.5510346573719032,0.5179438259809934,0.5877843056567584
s_16_32,o2m_assigned_positive,cif_identity_change,0.111328125,0.4489653426280971,0.41221569434324123,0.48205617401900624
s_16_32,o2m_assigned_positive,survival,0.11328125,0.5461977613771711,0.5135040648236316,0.582674509582234
s_16_32,o2m_assigned_positive,cif_identity_change,0.11328125,0.4538022386228292,0.4173254904177657,0.4864959351763681
s_16_32,o2m_assigned_positive,survival,0.115234375,0.541615438855846,0.5089160226474486,0.5770624667593302
s_16_32,o2m_assigned_positive,cif_identity_change,0.115234375,0.4583845611441543,0.42293753324067007,0.4910839773525511
s_16_32,o2m_assigned_positive,survival,0.1171875,0.5360148224408929,0.5038586461794657,0.570491570704258
s_16_32,o2m_assigned_positive,cif_identity_change,0.1171875,0.4639851775591073,0.42950842929574207,0.49614135382053404
s_16_32,o2m_assigned_positive,survival,0.119140625,0.5321941367916131,0.50056164192044,0.5662661220822864
s_16_32,o2m_assigned_positive,cif_identity_change,0.119140625,0.4678058632083872,0.4337338779177136,0.4994383580795604
s_16_32,o2m_assigned_positive,survival,0.12109375,0.5273526419831981,0.49553707335880987,0.5621168449121456
s_16_32,o2m_assigned_positive,cif_identity_change,0.12109375,0.47264735801680224,0.437883155087855,0.5044629266411905
s_16_32,o2m_assigned_positive,survival,0.123046875,0.524549671304642,0.4930823733324276,0.5587204483114151
s_16_32,o2m_assigned_positive,cif_identity_change,0.123046875,0.47545032869535836,0.441279551688585,0.5069176266675723
s_16_32,o2m_assigned_positive,survival,0.125,0.5186889144312975,0.4870356659696328,0.5528061692100811
s_16_32,o2m_assigned_positive,cif_identity_change,0.125,0.48131108556870295,0.447193830789919,0.5129643340303669
