image_id,gt_id,class_id,size_bin,area,o2m_rank_flip_rate,o2m_set_instability,o2m_rank_margin_0,o2m_positive_count,post_nms_max_iou,post_nms_fn_at_iou50
0000126_00054_d_0000124__1200_0,0,6,s_16_32,447.998291015625,0.0,0.14375000000000004,0.12098743566462149,8.0,0.715842471797697,0
0000126_00054_d_0000124__1200_0,1,6,s_16_32,308.0,0.5,0.16666666666666674,0.18678144937827923,4.0,0.6676525400727696,0
0000126_00054_d_0000124__1200_0,2,6,t_8_16,159.99951171875,0.5,0.0,0.14808822901336063,3.0,0.7686273066548909,0
0000126_00054_d_0000124__1200_0,3,6,t_8_16,144.0,0.5,0.5,,0.0,0.8321490189190976,0
0000126_00054_d_0000124__1200_0,4,6,t_8_16,95.9996337890625,0.0,0.0,0.16297825335991523,3.0,0.7118256745856045,0
0000126_00054_d_0000124__1200_0,5,6,t_8_16,128.0,0.25,0.0,0.40215380058505357,2.0,0.8459794352560656,0
0000126_00054_d_0000124__1200_0,6,6,t_8_16,112.0,0.25,0.20833333333333337,0.18354702653010677,2.0,0.6746779462499919,0
0000126_00054_d_0000124__1200_0,7,6,t_8_16,128.0,0.25,0.125,0.5839804984770891,2.0,0.7616265216592278,0
0000126_00054_d_0000124__1200_0,8,6,t_8_16,111.99951171875,0.25,0.25,,1.0,0.7838726425477629,0
0000126_00054_d_0000124__1200_0,9,6,t_8_16,84.0,0.25,0.0,0.1161836649950961,5.0,0.7692665213486332,0
0000126_00054_d_0000124__1200_0,10,6,t_8_16,144.0,0.0,0.20833333333333337,0.5540532417204987,2.0,0.7035024238361152,0
0000126_00054_d_0000124__1200_0,11,6,t_8_16,96.0,0.0,0.125,0.6364888003564458,2.0,0.6467161809206315,0
0000170_00401_d_0000001__160_0,0,6,s_16_32,320.0,0.0,0.2222222222222222,0.2803342296379106,5.0,0.5393046779430932,0
0000170_00401_d_0000001__160_0,1,6,t_8_16,112.0,0.0,0.0,0.562517300255665,0.0,0.6819781324287082,0
0000170_00401_d_0000001__160_0,2,6,s_16_32,416.0009765625,0.5,0.33333333333333337,0.196445023538691,2.0,0.6531901545344032,0
0000170_00401_d_0000001__160_0,3,6,s_16_32,576.0,0.25,0.025000000000000022,0.170837477288348,9.0,0.7982128227068362,0
0000170_00401_d_0000001__160_0,4,6,s_16_32,576.0,0.0,0.11250000000000004,0.6168281160084768,4.0,0.431938895688468,1
0000170_00401_d_0000001__160_0,6,6,t_8_16,180.0000343322754,0.5,0.20833333333333337,0.04630965066244852,2.0,0.7788012560169144,0
0000170_00401_d_0000001__160_0,8,6,t_8_16,140.0,0.25,0.16666666666666674,0.27339114080447097,3.0,0.607741447476833,0
0000170_00401_d_0000001__160_0,9,6,t_8_16,180.0,0.25,0.0625,0.42194777484244517,3.0,0.6945064329679261,0
0000170_00401_d_0000001__160_0,10,6,t_8_16,219.9998321533203,0.0,0.0,0.7523603286534465,2.0,0.8545423097257531,0
0000170_00401_d_0000001__160_0,11,6,t_8_16,192.0,0.0,0.09999999999999998,0.6836493205858196,3.0,0.7766801462472535,0
0000170_00401_d_0000001__160_0,12,5,s_16_32,780.0,0.5,0.0,0.20068739798280866,10.0,0.6486874188738374,0
0000170_00401_d_0000001__160_0,14,6,t_8_16,216.0,0.25,0.35416666666666674,0.26342263911500824,3.0,0.714945544562403,0
0000170_00401_d_0000001__160_0,15,6,t_8_16,128.0,0.5,0.5,,0.0,0.7748774980019648,0
0000170_00401_d_0000001__160_0,16,6,t_8_16,108.0,0.0,0.125,0.5608060090578721,2.0,0.6101566608542179,0
0000170_00401_d_0000001__160_0,17,6,t_8_16,96.0,0.5,0.5,,1.0,0.7248795030521735,0
0000170_00401_d_0000001__160_0,18,6,t_8_16,182.0,0.25,0.41666666666666674,0.38503526279721995,1.0,0.564241726847446,0
0000170_00401_d_0000001__160_0,19,6,t_8_16,140.0,0.75,0.16666666666666674,0.34390811147908396,2.0,0.8793423277669972,0
0000170_00401_d_0000001__160_0,20,6,t_8_16,216.0,0.25,0.09999999999999998,0.037087224881987395,3.0,0.549934691740374,0
0000170_00401_d_0000001__160_0,21,6,t_8_16,80.0,0.5,0.125,0.022709430269250395,2.0,0.6304917690039975,0
0000170_00401_d_0000001__160_0,22,6,t_8_16,64.0,0.5,0.5,,0.0,0.6105763127980947,0
0000170_00401_d_0000001__160_0,24,6,s_16_32,680.0,0.0,0.22777777777777786,0.7033738831772913,9.0,0.5298534302113875,0
0000170_00401_d_0000001__160_0,25,6,s_16_32,336.0,0.0,0.3154761904761906,0.8398787626923868,4.0,0.7167274033070323,0
0000170_00401_d_0000001__160_0,26,6,s_16_32,280.0,0.0,0.04166666666666663,0.250656129489832,6.0,0.8204897035714255,0
0000170_00401_d_0000001__160_0,27,6,s_16_32,320.0,0.75,0.0714285714285714,0.05208814858475517,7.0,0.8477215600034774,0
0000170_00401_d_0000001__160_0,28,6,s_16_32,468.0,0.5,0.03125,0.06669159266864914,7.0,0.5120145000000003,0
0000170_00401_d_0000001__160_0,29,6,t_8_16,238.0,0.25,0.0625,0.10472706114166502,3.0,0.6814162956795308,0
0000170_00401_d_0000001__160_0,30,6,t_8_16,168.0,0.0,0.0,0.877029714449314,2.0,0.37449188946244105,1
0000170_00401_d_0000001__160_0,31,6,s_16_32,434.0,0.25,0.0,0.08142042542031115,5.0,0.48332539657409396,1
0000170_00401_d_0000001__160_0,32,6,s_16_32,594.0,0.0,0.16868686868686877,0.6883676016476015,8.0,0.5988638911541047,0
0000170_00401_d_0000001__160_0,33,6,s_16_32,351.998046875,0.25,0.12142857142857144,0.16434526576762631,5.0,0.8554400500314714,0
0000170_00401_d_0000001__160_0,34,6,s_16_32,448.0,0.25,0.09375,0.13584816249718928,5.0,0.7936146768884711,0
0000170_00401_d_0000001__160_0,35,6,s_16_32,260.0006103515625,0.0,0.0,0.465510012919728,4.0,0.5519573084102662,0
0000170_00401_d_0000001__160_0,36,6,s_16_32,260.0006103515625,0.5,0.1333333333333332,0.00769093013064402,5.0,0.8794057622054441,0
0000170_00401_d_0000001__160_0,37,6,t_8_16,160.0,0.0,0.16666666666666674,0.6530268757328695,3.0,0.6348181971693555,0
0000170_00401_d_0000001__160_0,38,6,s_16_32,260.0006103515625,0.25,0.050000000000000044,0.06467676511917061,4.0,0.8475411495641144,0
0000170_00401_d_0000001__160_0,39,6,t_8_16,154.0,0.0,0.0,0.9099525879409504,0.0,0.07500702381848351,1
0000170_00401_d_0000001__160_0,40,6,s_16_32,275.0,0.25,0.0,0.11678519326616137,1.0,0.12870196671915948,1
0000170_00401_d_0000001__160_0,41,6,t_8_16,108.0010986328125,0.25,0.29166666666666674,0.5182536369069233,6.0,0.5287781899364404,0
0000170_00401_d_0000001__160_0,42,6,t_8_16,241.9986572265625,0.25,0.16249999999999998,0.10612665858567055,3.0,0.6798442644628075,0
0000170_00401_d_0000001__160_0,45,6,t_8_16,220.0,0.0,0.0,0.9960289507179401,1.0,0.8266704237701552,0
0000170_00401_d_0000001__160_0,46,6,t_8_16,220.0,0.75,0.25,0.07323348179679295,6.0,0.7604444988448305,0
0000170_00401_d_0000001__160_0,47,6,t_8_16,220.0,0.0,0.0625,0.8291541011394363,3.0,0.4163776671137641,1
0000170_00401_d_0000001__160_0,48,6,t_8_16,176.0,0.0,0.2500000000000001,0.5453321493563945,3.0,0.5086756182139409,0
0000170_00401_d_0000001__160_0,49,6,t_8_16,144.0009765625,0.0,0.125,0.9996290219376223,1.0,0.40742537478378144,1
0000170_00401_d_0000001__160_0,54,5,s_16_32,950.0,0.0,0.0,0.2605504956318521,10.0,0.6436886448292521,0
0000170_00401_d_0000001__160_0,55,5,s_16_32,560.0,0.0,0.0,0.18674498186195784,10.0,0.7956609402192532,0
0000170_00401_d_0000001__160_0,56,5,s_16_32,910.0,0.5,0.0,0.16619907587035282,10.0,0.8633812369423515,0
0000170_00401_d_0000001__160_0,57,5,s_16_32,480.0,0.5,0.08333333333333337,0.026242694674389607,2.0,0.3807146787460304,1
0000170_00401_d_0000001__160_0,58,6,t_8_16,160.0,0.25,0.22916666666666674,0.17457826139644467,3.0,0.6730562812499958,0
0000170_00401_d_0000001__160_0,59,6,t_8_16,96.0,0.0,0.08333333333333337,0.9723464203202372,2.0,0.5961987561934249,0
0000170_00401_d_0000001__160_0,61,5,t_8_16,195.99850464146584,0.0,0.08333333333333337,0.06968510460415021,2.0,0.6961196114891973,0
0000170_00401_d_0000001__160_0,63,5,s_16_32,280.0,0.0,0.0,0.6341569267581442,3.0,0.4690765928571441,1
0000170_00401_d_0000001__160_0,66,5,t_8_16,104.000244140625,0.25,0.33333333333333337,0.6101810571968508,2.0,0.679322960315621,0
0000170_00401_d_0000001__160_0,72,5,s_16_32,528.0,0.75,0.12045454545454537,0.05624950369166086,10.0,0.916462435408927,0
0000170_00401_d_0000001__160_0,73,5,s_16_32,260.0006103515625,0.0,0.11250000000000004,0.7062307496171951,4.0,0.0,1
0000170_00401_d_0000001__160_0,74,5,t_8_16,121.0,0.0,0.125,0.26412946156043504,2.0,0.7707459840623451,0
0000174_01601_d_0000001__0_0,2,5,s_16_32,784.0,0.75,0.0,0.07893613340375374,10.0,0.905093304837968,0
0000174_01601_d_0000001__0_0,3,5,s_16_32,528.0,0.0,0.050000000000000044,0.047517113033546804,10.0,0.7672227727272702,0
0000174_01601_d_0000001__0_0,5,5,t_8_16,195.99957275390625,0.25,0.2666666666666667,0.04578765362787976,3.0,0.8532679110047644,0
0000174_01601_d_0000001__0_0,6,5,s_16_32,396.0,0.75,0.0,0.04238874128332651,7.0,0.8895864468205857,0
0000174_01601_d_0000001__0_0,8,5,t_8_16,224.0,0.5,0.09999999999999998,0.08820291781061317,3.0,0.6620819501231473,0
0000174_01601_d_0000001__0_0,9,6,s_16_32,576.0,0.25,0.045454545454545414,0.23632958219689962,10.0,0.9092554705544814,0
0000174_01601_d_0000001__0_0,14,6,t_8_16,72.0,0.25,0.0,0.6785079899989371,2.0,0.7893928337899837,0
0000174_01601_d_0000001__0_0,16,6,t_8_16,84.0008544921875,0.5,0.14583333333333337,0.26936102554107005,4.0,0.7038262857142803,0
0000174_01601_d_0000001__0_0,17,6,t_8_16,84.0008544921875,0.0,0.0,0.5262523856583308,3.0,0.8098990924366022,0
0000174_01601_d_0000001__0_0,18,6,t_8_16,112.0,0.25,0.16666666666666674,0.5736283698392042,3.0,0.7003673594824706,0
0000181_00889_d_0000030__0_0,1,6,s_16_32,748.0,0.25,0.10833333333333339,0.1025768976784612,9.0,0.8589575796897424,0
0000181_00889_d_0000030__0_0,2,6,s_16_32,600.0,0.25,0.04166666666666663,0.27461863001891884,5.0,0.7859606344757002,0
0000181_00889_d_0000030__0_0,5,6,t_8_16,95.999755859375,0.25,0.0,,0.0,0.0,1
0000181_00889_d_0000030__0_0,6,5,s_16_32,468.0,0.25,0.11590909090909085,0.052366841233855085,10.0,0.6374472312784063,0
0000181_00889_d_0000030__0_0,7,5,s_16_32,416.0,0.75,0.19999999999999996,0.00910248820838109,10.0,0.8176877229764976,0
0000181_00889_d_0000030__0_0,8,6,t_8_16,71.99981689453125,0.5,0.0,0.17915775129811398,2.0,0.4770778868177406,1
0000181_00889_d_0000030__0_0,9,6,t_8_16,219.99969482421875,0.25,0.0,0.02333637403904757,4.0,0.7673294880960586,0
0000181_00889_d_0000030__0_0,10,6,t_8_16,128.0,0.5,0.0,0.3782500950351886,3.0,0.6993062092258636,0
0000181_00889_d_0000030__0_0,11,5,s_16_32,527.999267578125,0.0,0.1607142857142857,0.2364745264141458,6.0,0.5340062856833799,0
0000181_00889_d_0000030__0_0,12,5,s_16_32,324.0,0.5,0.0714285714285714,0.04068428768167595,5.0,0.7344137175500262,0
0000181_00889_d_0000030__0_0,13,6,t_8_16,128.0,0.0,0.125,0.9973485782126972,2.0,0.0,1
0000181_00889_d_0000030__0_0,14,5,s_16_32,312.0,0.0,0.0,0.6608765907403109,6.0,0.0,1
0000181_00889_d_0000030__0_0,15,6,t_8_16,108.0,0.0,0.33333333333333337,0.9555232113484228,2.0,0.5633814493117915,0
0000181_00889_d_0000030__0_0,16,6,t_8_16,96.0,0.5,0.25,0.4762501025736991,1.0,0.2979541275410192,1
0000181_00889_d_0000030__0_0,17,6,t_8_16,108.0,0.0,0.0625,0.5895111264938366,3.0,0.6341981077201979,0
0000181_00889_d_0000030__0_0,18,5,t_8_16,224.0,0.25,0.0,0.3357776181344801,3.0,0.6170070428214445,0
0000181_00889_d_0000030__0_0,19,6,t_8_16,96.0,0.25,0.125,,1.0,0.5184430619335706,0
0000181_00889_d_0000030__0_0,22,5,t_8_16,240.0,0.25,0.14583333333333337,0.10505845591248596,3.0,0.6765686737747452,0
0000181_00889_d_0000030__0_0,23,5,t_8_16,144.0,0.0,0.0,0.9999321529515692,1.0,0.6745039258755511,0
0000181_00889_d_0000030__0_0,27,5,t_8_16,95.99993896484375,0.0,0.0,0.9999364643312516,2.0,0.5939715152744053,0
0000181_00889_d_0000030__0_0,34,5,s_16_32,383.999267578125,0.25,0.1071428571428571,0.2883538081253082,7.0,0.8158037635228229,0
0000181_00889_d_0000030__0_0,37,5,t_8_16,120.0,0.0,0.0,0.7464288831227207,1.0,0.6884955159162198,0
0000181_00889_d_0000030__0_0,38,5,t_8_16,143.99990844726562,0.5,0.25,0.07837836200176491,4.0,0.5660618593576102,0
0000181_00889_d_0000030__0_0,39,5,t_8_16,140.0,0.0,0.0,,0.0,0.5370056981071015,0
0000181_00889_d_0000030__0_0,40,5,t_8_16,80.0,0.25,0.125,,1.0,0.6529926781943687,0
0000243_00001_d_0000001__160_0,2,5,t_8_16,72.0,0.25,0.08333333333333337,0.35406810536847266,2.0,0.7342367330178174,0
0000243_00001_d_0000001__160_0,10,5,t_8_16,144.0,0.25,0.125,0.2348079828123848,4.0,0.9009958877142521,0
0000243_00001_d_0000001__160_0,11,5,t_8_16,144.0,0.5,0.125,0.04359048825349972,4.0,0.9452983968820372,0
0000243_00001_d_0000001__160_0,14,5,t_8_16,72.0,0.0,0.125,0.7927078549549081,2.0,0.5156809098968038,0
0000243_00001_d_0000001__160_0,19,5,t_8_16,80.0,0.0,0.125,,1.0,0.7693117872803248,0
0000243_00001_d_0000001__160_0,20,5,t_8_16,120.0,0.25,0.125,,1.0,0.7776944380707761,0
0000243_00001_d_0000001__160_0,21,5,t_8_16,144.0,0.0,0.25,,1.0,0.8339855112752107,0
0000243_00001_d_0000001__160_0,22,5,s_16_32,256.0,0.5,0.0,0.03741985450864115,5.0,0.8653470333864078,0
0000243_00001_d_0000001__160_0,26,5,t_8_16,255.999755859375,0.5,0.09999999999999998,0.013639167424422224,5.0,0.7909602007180624,0
0000243_00001_d_0000001__160_0,28,5,s_16_32,359.99945068359375,0.5,0.10416666666666663,0.018247115556555893,6.0,0.8455697777777784,0
0000243_00001_d_0000001__160_0,29,5,s_16_32,527.9993286132812,0.25,0.10000000000000009,0.005216126314388168,10.0,0.9136578758923931,0
0000243_00001_d_0000001__160_0,31,5,s_16_32,256.0,0.5,0.2833333333333333,0.04932090884960002,3.0,0.8088879690098895,0
0000243_00001_d_0000001__160_0,32,5,s_16_32,400.0,0.25,0.14027777777777772,0.03876975836666357,8.0,0.7483774909240918,0
0000243_00001_d_0000001__160_0,33,6,t_8_16,96.0,0.5,0.0,0.005223461145107939,5.0,0.8908112355585842,0
0000243_00001_d_0000001__160_0,34,6,t_8_16,96.0,0.25,0.25,0.7037866437903814,2.0,0.24509800862381884,1
0000313_00201_d_0000437__0_0,2,5,s_16_32,432.0,1.0,0.10370370370370363,0.07803183486281555,8.0,0.8474800634541206,0
0000313_00201_d_0000437__0_0,3,6,t_8_16,156.0,0.25,0.050000000000000044,0.04665516988543595,8.0,0.5808754100139838,0
0000313_00201_d_0000437__0_0,4,5,s_16_32,888.0,0.6666666666666666,0.1212121212121211,0.1086340583583436,10.0,0.9521155385913207,0
0000313_00201_d_0000437__0_0,5,6,t_8_16,220.0,0.5,0.11250000000000004,0.07023800404015437,4.0,0.80275655597883,0
0000313_00201_d_0000437__0_0,6,6,t_8_16,176.0,0.25,0.375,,1.0,0.9066614829545507,0
0000313_00201_d_0000437__0_0,7,6,t_8_16,120.0,0.5,0.08333333333333337,0.0845159311724516,6.0,0.765782283786543,0
0000313_00201_d_0000437__0_0,9,6,t_8_16,96.0,0.0,0.0,0.9999998140728857,3.0,0.5802446194634905,0
0000313_00201_d_0000437__0_0,10,5,s_16_32,360.0,0.0,0.0714285714285714,0.22519205230803685,7.0,0.6960309736031101,0
0000313_00201_d_0000437__0_0,12,6,t_8_16,96.0,0.0,0.25,0.6117084257281022,2.0,0.6208210163384585,0
0000313_00201_d_0000437__0_0,13,5,s_16_32,308.0,0.25,0.04166666666666663,0.10596587255575901,5.0,0.8764459973360823,0
0000313_00201_d_0000437__0_0,14,5,s_16_32,384.0,0.25,0.0,0.3754857597119936,9.0,0.7332540528422397,0
0000313_00201_d_0000437__0_0,15,5,s_16_32,484.0,0.25,0.050000000000000044,0.041677929743149614,10.0,0.682835454545454,0
0000313_00201_d_0000437__0_0,16,5,s_16_32,288.0,0.5,0.19166666666666665,0.05350333940050174,5.0,0.6679095763888918,0
0000313_00201_d_0000437__0_0,22,5,t_8_16,100.0,0.0,0.125,,1.0,0.7711137691119202,0
0000313_00201_d_0000437__0_0,23,5,t_8_16,168.0,0.5,0.125,0.043036087762066765,2.0,0.7127259440395074,0
0000313_00201_d_0000437__0_0,24,5,t_8_16,80.0,0.25,0.0,0.11661593363847775,2.0,0.822289649999992,0
0000313_00201_d_0000437__0_0,25,5,t_8_16,100.0,0.25,0.125,,1.0,0.8548314235855203,0
0000313_00201_d_0000437__0_0,26,5,t_8_16,80.0,0.25,0.25,,1.0,0.5998723435335953,0
0000313_00201_d_0000437__0_0,27,5,t_8_16,224.0001220703125,0.25,0.125,0.07718326969204792,4.0,0.8379185446428558,0
0000313_00201_d_0000437__0_0,28,5,t_8_16,100.0,0.5,0.33333333333333337,0.27421315931289536,2.0,0.8471742158551296,0
0000313_00201_d_0000437__0_0,32,5,t_8_16,100.0,0.25,0.0,0.04975413097075724,2.0,0.7635613410135257,0
0000313_00201_d_0000437__0_0,33,5,t_8_16,100.0,0.25,0.375,0.4514216767291226,2.0,0.7731579999650616,0
0000313_00201_d_0000437__0_0,34,6,t_8_16,72.0,0.0,0.16249999999999998,0.7037506676442767,3.0,0.6733464779453737,0
0000313_00201_d_0000437__0_0,35,6,t_8_16,84.0,0.5,0.2500000000000001,0.42721037509327037,2.0,0.6937391326463511,0
0000313_00201_d_0000437__0_0,36,5,t_8_16,192.0,0.75,0.16249999999999998,0.11288100084226742,3.0,0.7724482133785673,0
0000313_00201_d_0000437__0_0,37,5,s_16_32,288.0,0.5,0.1416666666666666,0.01777600708425769,5.0,0.8485665413750175,0
0000313_00201_d_0000437__0_0,38,5,s_16_32,780.0,1.0,0.0,0.007606076909206193,10.0,0.935579666666667,0
0000313_00201_d_0000437__0_0,42,6,t_8_16,192.0,0.25,0.45833333333333337,0.018695359818652824,2.0,0.6894437822785787,0
0000313_00201_d_0000437__0_0,43,6,t_8_16,192.0,0.5,0.23750000000000004,0.1982305100458152,4.0,0.6027530731268514,0
0000313_00201_d_0000437__0_0,44,6,s_16_32,288.0,0.5,0.0,0.030033336279295823,6.0,0.7542313324991481,0
0000313_00201_d_0000437__0_0,45,6,t_8_16,156.0,0.5,0.18333333333333324,0.07437040721020557,6.0,0.6364741609976539,0
0000313_00201_d_0000437__0_0,46,6,t_8_16,240.0,0.0,0.0625,0.39336233664111453,4.0,0.8249526216395925,0
0000313_00201_d_0000437__0_0,47,6,t_8_16,220.0,0.25,0.14583333333333337,0.6083276401471746,3.0,0.6462262772482316,0
0000313_00201_d_0000437__0_0,48,6,t_8_16,220.0,0.0,0.0,0.9089962400211983,4.0,0.7449079281632248,0
0000313_00201_d_0000437__0_0,49,6,s_16_32,280.0,0.25,0.0,0.2273346077019039,4.0,0.5960853493636449,0
0000313_00201_d_0000437__0_0,50,6,t_8_16,192.0,0.0,0.375,0.97898837703862,2.0,0.5269250523222478,0
0000313_00201_d_0000437__0_0,51,6,s_16_32,272.0,0.25,0.050000000000000044,0.14644402651915087,5.0,0.6403191548026866,0
0000313_00201_d_0000437__0_0,53,5,s_16_32,828.0,0.5,0.12878787878787878,0.2175622784775424,10.0,0.7850745833686262,0
0000313_00201_d_0000437__0_0,54,5,s_16_32,863.9989013671875,0.25,0.09090909090909083,0.21831629475583708,10.0,0.8661025642450497,0
0000313_00201_d_0000437__0_0,55,5,s_16_32,672.0,1.0,0.0,0.08727381463776208,10.0,0.9052503355569012,0
0000313_00201_d_0000437__0_0,56,5,s_16_32,640.0,0.5,0.1969696969696969,0.08633843555578376,10.0,0.761631078856155,0
0000313_00201_d_0000437__0_0,57,5,s_16_32,640.0,0.5,0.21083916083916077,0.038248998973320125,10.0,0.7736471061473146,0
0000313_00201_d_0000437__0_0,58,5,s_16_32,300.0,0.5,0.04166666666666663,0.07408344436643352,5.0,0.7628474329289066,0
0000313_00201_d_0000437__0_0,59,5,s_16_32,260.0,0.25,0.10000000000000009,0.011921808574310123,4.0,0.7684954080694119,0
0000313_00201_d_0000437__0_0,60,5,t_8_16,110.0,0.0,0.0,,1.0,0.5730183495706958,0
0000313_00201_d_0000437__0_0,62,5,t_8_16,72.0,0.5,0.375,,1.0,0.7114525585127225,0
00e0b6dc0,0,3,t_8_16,143.0,0.0,0.125,0.2768473245606129,2.0,0.7352116127709595,0
014773cfa,0,3,t_8_16,175.99932861328125,0.25,0.08333333333333337,0.08360723155075785,3.0,0.7344154490794769,0
03592,0,5,t_8_16,97.9991455078125,0.25,0.21666666666666679,0.31776730987824336,4.0,0.7884130152782269,0
03592,1,5,t_8_16,98.0,0.75,0.0,0.18575976436153713,4.0,0.8811009862528838,0
03592,2,5,t_8_16,96.0,0.75,0.09999999999999998,0.00957502165270561,5.0,0.762724050189742,0
03592,3,5,t_8_16,105.0,0.5,0.0,0.07512378425822121,5.0,0.9327742121796554,0
03592,4,5,t_8_16,143.0,0.5,0.16666666666666663,0.18352118269787623,2.0,0.7650773744684585,0
03592,5,5,t_8_16,154.0,0.0,0.08333333333333337,0.46201224277349384,3.0,0.4939930366674672,1
03592,6,5,t_8_16,70.0,0.25,0.1964285714285714,0.10281542802873994,6.0,0.6985846302963042,0
04065,0,5,t_8_16,105.0,0.5,0.09999999999999998,0.048789292084155694,5.0,0.8061506267832063,0
04ef6825b,0,3,t_8_16,77.0,0.25,0.09999999999999998,0.2839166967975014,3.0,0.651164739538102,0
04ef6825b,1,3,t_8_16,77.0,0.5,0.0,0.26681561899853695,3.0,0.7178455829591415,0
057836607,1,3,t_8_16,70.0,0.5,0.1875,0.07604220865250598,3.0,0.7708056911587895,0
06914,0,3,t_8_16,252.99859619140625,0.5,0.0,0.045272259654116465,4.0,0.7729561825027861,0
06914,1,3,s_16_32,294.0,0.25,0.17142857142857137,0.014071673881762694,5.0,0.8255697669746775,0
06914,2,3,s_16_32,288.0,0.25,0.125,0.07523060525821666,6.0,0.8697338562668921,0
06914,3,3,t_8_16,162.0,0.0,0.0,0.29221303311433544,2.0,0.8284785432608871,0
06914,4,3,t_8_16,190.0,0.5,0.09999999999999998,0.0005294734393086787,3.0,0.7918758029035415,0
06914,5,3,s_16_32,322.0,0.25,0.1333333333333333,0.0028237700850028196,4.0,0.7743581634965878,0
06914,6,3,t_8_16,208.0,0.25,0.0625,0.21663964067069666,4.0,0.7952142008762999,0
06914,7,3,t_8_16,224.0,0.25,0.10000000000000009,0.0706970109433962,4.0,0.7710563245148055,0
06914,8,3,t_8_16,192.0,0.25,0.09999999999999998,0.11437326937890588,3.0,0.9105365496911426,0
06914,9,3,t_8_16,195.0,0.75,0.125,0.0013670857893340429,4.0,0.8458950259621275,0
06914,10,3,t_8_16,180.0,0.0,0.19999999999999996,0.2881247487009287,5.0,0.7983766333333326,0
06914,11,3,t_8_16,144.0,0.25,0.08333333333333337,0.051016900141157,3.0,0.7391119279354635,0
06914,12,3,s_16_32,390.00170898623765,0.5,0.05277777777777781,0.07768636307203505,9.0,0.8220736827671071,0
06914,13,3,s_16_32,680.0,0.5,0.0,0.015571331210355453,10.0,0.9577499395728225,0
06914,14,3,s_16_32,375.0000476837158,0.5,0.15714285714285714,0.1459380060774969,4.0,0.9083268733049368,0
06914,15,3,s_16_32,420.00042724609375,0.5,0.125,0.1320943621117082,10.0,0.8323183347677664,0
06914,16,3,s_16_32,312.0,0.5,0.0,0.0316916592935927,6.0,0.8753251761971113,0
06914,17,3,t_8_16,220.0,0.25,0.0,0.10947410765893197,3.0,0.7873814836737183,0
06914,18,3,t_8_16,191.99990844726562,0.25,0.20833333333333337,0.1978528734094063,3.0,0.938894908307072,0
06914,19,3,t_8_16,191.999755859375,0.0,0.125,0.1828920374389869,4.0,0.7830602533053095,0
06914,20,3,s_16_32,455.9999542236328,0.25,0.050000000000000044,0.04195642386157226,8.0,0.8773508640921519,0
06914,21,3,s_16_32,293.9993591308594,0.0,0.0714285714285714,0.06398399607855391,5.0,0.4045866954246046,1
06914,22,3,t_8_16,77.99960327148438,0.5,0.0,0.1002900948296322,4.0,0.5975479436272351,0
06914,23,3,t_8_16,230.0,0.0,0.17500000000000004,0.13611702937971126,4.0,0.729736983881299,0
06914,24,3,t_8_16,180.0,0.5,0.08333333333333337,0.07490993447177596,3.0,0.8608147258587316,0
06914,25,3,t_8_16,198.0,0.25,0.08333333333333337,0.0830898744669559,3.0,0.8285498085316126,0
06914,26,3,t_8_16,243.0,0.25,0.0,0.18655282482197202,5.0,0.815919495943067,0
06914,27,3,t_8_16,126.0,0.25,0.0,0.029485558954513613,5.0,0.6076581545941692,0
06914,28,3,s_16_32,363.0,0.5,0.1454545454545454,0.08621043081420003,10.0,0.8412061575187937,0
06914,29,3,s_16_32,462.0,0.25,0.050000000000000044,0.05827424052361999,8.0,0.8220101978715356,0
06914,30,3,t_8_16,220.0010375957936,0.25,0.0,0.03872176543771618,6.0,0.8745258366757824,0
06914,31,3,t_8_16,161.99972534179688,0.75,0.3392857142857143,0.01981435014344692,4.0,0.8699136868064166,0
06914,32,3,t_8_16,128.0,0.25,0.20833333333333337,0.0931157880702067,2.0,0.8154207574501489,0
06914,33,3,t_8_16,152.0,0.5,0.0625,0.04613943915667891,3.0,0.93134007342611,0
06914,34,3,s_16_32,296.99835205078125,0.5,0.09999999999999998,0.03205381403355024,3.0,0.9293276936119583,0
06914,35,3,t_8_16,153.0,0.25,0.08333333333333337,0.0777519825502874,3.0,0.7828389828716281,0
06914,36,3,t_8_16,162.0,0.5,0.0625,0.038231702339157576,3.0,0.909017395523134,0
06914,37,3,t_8_16,240.0,0.75,0.050000000000000044,0.0011779708198898736,5.0,0.9049153603896835,0
06914,38,3,t_8_16,126.0,0.0,0.08333333333333337,0.318372573486822,4.0,0.7275170529564965,0
06914,39,3,t_8_16,168.0,0.5,0.0357142857142857,0.06971468382003998,7.0,0.7937713571748477,0
06914,40,3,t_8_16,189.0,0.5,0.0625,0.12118787954240817,3.0,0.7719504550264639,0
06914,41,3,t_8_16,234.0,0.5,0.16666666666666663,0.0052756624677847775,6.0,0.8875375516007965,0
06914,42,3,s_16_32,560.0,0.25,0.16626984126984135,0.12214165163532967,7.0,0.7557033717232231,0
06914,43,3,s_16_32,578.0,0.25,0.045454545454545414,0.0476613160862142,10.0,0.8108647022642014,0
06914,44,3,t_8_16,159.999755859375,0.5,0.0,0.03230593032026845,4.0,0.9015318472366268,0
06914,45,3,t_8_16,207.0,0.25,0.0625,0.09379079556675429,4.0,0.8723813333333403,0
06914,46,3,t_8_16,105.0,0.5,0.09999999999999998,0.16381712213313995,3.0,0.6813009893823845,0
06914,47,3,t_8_16,189.0,0.25,0.0625,0.09131753024637222,4.0,0.8454922812927794,0
06914,48,3,t_8_16,220.0,0.25,0.16249999999999998,0.2798208739534435,3.0,0.687285753357997,0
06914,49,3,t_8_16,119.0,0.25,0.0,0.13465558378442039,4.0,0.8715214143463623,0
06914,50,3,t_8_16,230.0,0.75,0.25,0.07779190110502616,8.0,0.8969002260869587,0
06914,51,3,t_8_16,207.0,0.5,0.15000000000000002,0.35494624098422856,5.0,0.9099856149931843,0
06914,52,3,t_8_16,228.0,0.25,0.09999999999999998,0.0980589098344984,5.0,0.694332137216535,0
06914,53,3,t_8_16,108.0,0.0,0.0,,1.0,0.5992296350950347,0
06914,54,3,t_8_16,150.0,0.0,0.16666666666666674,0.22253488368798183,2.0,0.7503092517126773,0
06914,55,3,t_8_16,126.0,0.25,0.0,0.23629450187019357,2.0,0.6760780093553153,0
06914,56,3,t_8_16,168.0,0.5,0.5,,0.0,0.880143144898807,0
06914,57,3,t_8_16,119.00021362304688,0.5,0.0,0.23049088388987599,5.0,0.8534813078072798,0
06914,58,3,t_8_16,210.0,0.25,0.16666666666666674,0.26290614682955077,2.0,0.39726827463959424,1
06914,59,3,t_8_16,152.0,0.25,0.16666666666666663,0.09492511076187159,3.0,0.7582135905667552,0
06914,60,3,s_16_32,795.0,0.0,0.27505827505827496,0.29613019405555474,10.0,0.23471209901320408,1
06914,61,3,t_8_16,120.0,0.0,0.0,0.1687681366142565,2.0,0.7160396234717642,0
06914,62,3,t_8_16,180.0,0.25,0.2142857142857143,0.048117076148669,4.0,0.6951109648365758,0
06914,63,3,t_8_16,133.0,0.25,0.1339285714285714,0.15707151530872837,6.0,0.7128646421354752,0
06914,64,3,t_8_16,152.0,0.75,0.25,0.04978389412604764,4.0,0.8316353191900391,0
06914,65,3,s_16_32,319.9990234375,0.75,0.11250000000000004,0.039591645484118906,4.0,0.7894961067821542,0
06914,66,3,t_8_16,255.0,0.25,0.25,0.2443774141156497,6.0,0.9132093925081692,0
06914,67,3,t_8_16,209.9991455078125,0.25,0.125,0.07927630062742937,3.0,0.7727597438679301,0
06914,68,3,t_8_16,181.99920654296875,0.25,0.16666666666666674,0.015479257260691543,3.0,0.5899881043173818,0
06914,69,3,t_8_16,130.00079345703125,0.25,0.19999999999999996,0.31009708108377165,5.0,0.7597126264267731,0
06914,70,3,t_8_16,154.0,0.25,0.16666666666666674,0.5222776896954695,2.0,0.7712795682292837,0
06914,71,3,t_8_16,81.00027465820312,0.25,0.25,,1.0,0.5952672024394844,0
06914,72,3,t_8_16,200.0,0.0,0.09999999999999998,0.4076645935988315,4.0,0.70831742412755,0
06914,73,3,t_8_16,189.0,0.25,0.08333333333333337,0.049413341189480965,3.0,0.727163130253061,0
06914,74,3,t_8_16,168.0,0.0,0.0,0.18477177481018528,2.0,0.6796345469114347,0
06914,75,3,t_8_16,168.0,0.75,0.22499999999999998,0.013071514139748639,4.0,0.7774595592887431,0
06914,76,3,t_8_16,147.0,0.0,0.09999999999999998,0.14269269446394892,4.0,0.7744056686882903,0
06914,77,3,t_8_16,243.0,0.5,0.125,0.01653886092926164,6.0,0.9130824032992321,0
06914,78,3,s_16_32,260.0,0.25,0.25,0.20123409853489904,4.0,0.764740072327738,0
06914,79,3,t_8_16,240.0,0.5,0.125,0.026369775929843145,6.0,0.7659202621832768,0
06914,80,3,t_8_16,126.0,1.0,0.10416666666666663,0.05525991514853682,6.0,0.8960435447921332,0
06914,81,3,t_8_16,136.0,0.25,0.0,0.13251535885413862,2.0,0.7401984161634518,0
06914,82,3,t_8_16,98.0,0.25,0.0,0.8374035744583723,2.0,0.8316128552110585,0
06914,83,3,t_8_16,119.00021362304688,0.5,0.0625,0.08160406753784633,3.0,0.8030524580667058,0
06914,84,3,t_8_16,133.0,0.25,0.08333333333333337,0.11871905815245269,2.0,0.7822749398845218,0
06914,85,3,t_8_16,135.0,0.5,0.08333333333333337,0.010777705538132726,2.0,0.7754602181394241,0
06914,86,3,s_16_32,324.0,0.25,0.1428571428571428,0.23579072338327395,5.0,0.43689810160712866,1
06914,87,3,s_16_32,264.0,0.25,0.0,0.07587099820890068,5.0,0.7458668803914309,0
06914,88,3,s_16_32,335.99957275390625,0.75,0.09375,0.010337911017277018,5.0,0.7359351063415339,0
06914,89,3,s_16_32,296.99835205078125,0.25,0.09999999999999998,0.23667185842473967,4.0,0.7886432286738799,0
06914,90,3,t_8_16,181.9999008178711,0.0,0.08333333333333337,0.46968516010534067,2.0,0.8038973552463565,0
06914,91,3,t_8_16,231.0,0.0,0.11250000000000004,0.115651280122912,4.0,0.788894639506521,0
06914,92,3,t_8_16,227.9997100830078,0.0,0.20833333333333337,0.21167992204150382,2.0,0.7896315454748302,0
06914,93,3,t_8_16,160.0,0.25,0.08333333333333337,0.4030666745326483,2.0,0.9020891666085814,0
06914,94,3,s_16_32,280.0,0.5,0.2583333333333333,0.25455465087882534,4.0,0.8584853507556187,0
06914,95,3,s_16_32,405.0,0.25,0.050000000000000044,0.11566877687485627,8.0,0.8313078191688911,0
06914,96,3,s_16_32,420.0004577636719,0.5,0.07738095238095233,0.05498759739067668,6.0,0.8831831848708132,0
06914,97,3,t_8_16,192.0,0.25,0.09999999999999998,0.11610836169813682,3.0,0.8814632910121155,0
06914,98,3,t_8_16,111.99978637695312,0.5,0.24285714285714288,0.07891598335452228,5.0,0.7424089605384968,0
06914,99,3,t_8_16,225.0,0.25,0.0625,0.10085947371602612,4.0,0.8255683011468817,0
06914,100,3,t_8_16,225.0,0.5,0.3142857142857143,0.332184067906247,4.0,0.8511979823455267,0
06914,101,3,t_8_16,161.99972534179688,0.5,0.0625,0.15815449787110195,3.0,0.9380198875648199,0
06914,102,3,t_8_16,152.0,0.5,0.16666666666666663,0.3717770166719226,3.0,0.8421793906486893,0
06914,103,3,t_8_16,96.0,0.5,0.0,0.0741723211933964,3.0,0.689672319376478,0
06914,105,3,t_8_16,189.0,0.25,0.22499999999999998,0.20925436936298972,4.0,0.8827805228609392,0
06914,106,3,t_8_16,152.0,0.5,0.33333333333333337,0.039078267037177775,3.0,0.8340801821761372,0
06914,107,3,t_8_16,112.0,0.25,0.16666666666666674,0.4128043696957366,2.0,0.8753129138770285,0
06914,108,3,t_8_16,105.0,0.0,0.08333333333333337,0.49326917436764367,2.0,0.6250525061003537,0
06914,109,3,t_8_16,160.0,0.25,0.0,0.027554117859379283,2.0,0.8367052915286204,0
06914,110,3,t_8_16,171.0,0.25,0.08333333333333337,0.04348489473592083,3.0,0.763955883040944,0
06914,111,3,t_8_16,112.0,0.5,0.08333333333333337,0.1227487660462296,3.0,0.9076761832080087,0
06914,112,3,t_8_16,208.0,0.25,0.19166666666666665,0.044756676916732976,5.0,0.8032944651509871,0
06914,113,3,t_8_16,207.0,0.25,0.33333333333333337,0.28404489665626775,3.0,0.8776707226219305,0
06914,114,3,t_8_16,119.0,0.25,0.15476190476190477,0.21814451049317035,6.0,0.7786441654419701,0
06914,115,3,t_8_16,162.0,0.5,0.0625,0.17518266273531255,3.0,0.819722438446833,0
06914,116,3,t_8_16,230.0,0.75,0.09166666666666667,0.1496338426072276,5.0,0.9137453999999952,0
06914,117,3,t_8_16,180.0,0.0,0.16666666666666674,0.19527753209866244,2.0,0.8011925933574798,0
06914,118,3,t_8_16,171.0,0.25,0.0,0.21244972745036153,2.0,0.8389585394518192,0
06914,119,3,t_8_16,144.0,0.25,0.0,0.001321982488317963,3.0,0.8425437550721018,0
06914,120,3,t_8_16,105.00021362304688,0.25,0.20833333333333337,0.04662612331489595,2.0,0.8434225234336458,0
06914,121,3,t_8_16,207.0,0.25,0.2767857142857143,0.14332620835061796,4.0,0.751892976712756,0
06914,122,3,t_8_16,189.0,0.75,0.2767857142857143,0.0660282004064053,4.0,0.9139482849161231,0
06914,123,3,s_16_32,688.0,0.25,0.09090909090909083,0.16358997560055552,10.0,0.8749235930232601,0
06914,124,3,s_16_32,429.0,0.75,0.13888888888888884,0.0022404562058598513,8.0,0.9336734214698456,0
06914,125,3,s_16_32,396.0,0.25,0.24851190476190477,0.13184601074622532,5.0,0.8483677601010016,0
06914,126,5,t_8_16,108.000732421875,0.0,0.20833333333333337,0.15773786024414346,2.0,0.8159735362032234,0
06914,127,5,t_8_16,90.0,0.25,0.2500000000000001,0.4629532956523952,2.0,0.806688980469039,0
06914,128,5,t_8_16,195.99957275390625,0.5,0.25,0.5138494703089812,2.0,0.8301444945067957,0
06914,129,3,t_8_16,195.0,0.25,0.275,0.2706716209130713,4.0,0.6327708261222056,0
06914,130,3,t_8_16,154.0,0.0,0.16666666666666674,0.584956769810661,2.0,0.7740056261765325,0
06914,131,3,s_16_32,352.0,0.5,0.1071428571428571,0.10221338924885012,7.0,0.8899285481459441,0
06914,132,3,t_8_16,224.0,0.25,0.1499999999999999,0.13290990856932955,5.0,0.8800378362984016,0
06914,133,3,s_16_32,288.0,0.5,0.0625,0.0705969741883325,4.0,0.8949580819920656,0
06914,134,3,t_8_16,252.0,0.5,0.0,0.09706259499673704,3.0,0.8115164358533659,0
06914,135,3,t_8_16,132.0,0.0,0.25,,1.0,0.8473557877481596,0
06914,136,3,t_8_16,238.0,0.5,0.050000000000000044,0.08207345199884224,4.0,0.8718096821019613,0
06914,137,3,t_8_16,204.0,0.25,0.16249999999999998,0.2448513375508023,4.0,0.8153171256058559,0
06914,139,5,t_8_16,70.0,0.0,0.125,0.38386271766796876,3.0,0.8459010303723944,0
06914,140,5,t_8_16,179.99954223632812,0.5,0.08333333333333337,0.16308129487201511,2.0,0.8047508314401632,0
06914,141,5,t_8_16,104.0,0.25,0.25,,1.0,0.7733491063015036,0
06914,142,5,t_8_16,136.0,0.25,0.0,0.1260233211859814,3.0,0.8482735661764764,0
06914,143,5,t_8_16,72.0,0.25,0.0,0.012753511580324093,2.0,0.8038243645859887,0
06914,144,5,t_8_16,104.0,0.0,0.0,,1.0,0.7760286321190801,0
06914,145,5,t_8_16,84.0,0.25,0.0625,0.23802249839810063,4.0,0.7730766231403046,0
06914,146,5,t_8_16,66.0,0.25,0.0,0.25736608012706086,2.0,0.8017716519674423,0
06914,147,5,t_8_16,84.0,0.5,0.09999999999999998,0.051292693972788156,3.0,0.7929856334927247,0
06914,148,5,t_8_16,192.0,0.5,0.1499999999999999,0.1850891216866666,5.0,0.8619584622406845,0
06914,149,5,t_8_16,112.0,0.5,0.5,,0.0,0.8201688749999945,0
06914,150,5,t_8_16,90.99980163574219,0.25,0.16666666666666663,0.7180978714408677,2.0,0.8398620536419735,0
06914,151,5,t_8_16,112.0,0.0,0.125,,1.0,0.7634511228455649,0
06914,152,5,t_8_16,65.0,0.25,0.08333333333333337,0.24624684599043148,2.0,0.612106305150954,0
06914,153,5,t_8_16,130.0,0.0,0.16666666666666663,0.23817368254984916,2.0,0.8908165008626404,0
06914,154,5,t_8_16,98.0,0.25,0.09999999999999998,0.07288539611961213,3.0,0.8282741816498214,0
06914,155,5,t_8_16,89.99977111816406,0.25,0.0,0.29649935917672327,2.0,0.8113141995511153,0
06914,156,5,t_8_16,105.0,0.5,0.0,0.007737919114596295,5.0,0.8772912018426824,0
06914,157,5,t_8_16,144.0,0.25,0.29166666666666674,0.20564296700522772,3.0,0.8495773333333256,0
06914,158,3,t_8_16,176.0,0.5,0.25,0.17401481681464911,3.0,0.8200154026638548,0
06914,159,3,t_8_16,198.0,0.75,0.0,0.21385517777412724,4.0,0.8191923939393947,0
06914,160,3,s_16_32,322.0,0.25,0.1333333333333333,0.007601621459715586,4.0,0.7607198617146456,0
06914,161,3,t_8_16,107.99945068359375,0.25,0.125,,1.0,0.0,1
06914,162,3,t_8_16,210.0,0.25,0.17500000000000004,0.010904262617319525,4.0,0.9081984760220282,0
06914,163,3,t_8_16,196.0,0.0,0.08333333333333337,0.2676897141166863,2.0,0.8125786661559986,0
06914,164,3,t_8_16,210.0,0.25,0.0,0.34764128554299556,2.0,0.7776789987854218,0
06914,165,3,t_8_16,251.99957275390625,0.5,0.0,0.010398407639235906,4.0,0.9108085337871284,0
06914,166,3,s_16_32,336.0,0.5,0.15476190476190477,0.0597765367702467,6.0,0.9219456696428613,0
06914,167,3,t_8_16,156.0,0.25,0.125,0.10205933300425793,3.0,0.5697607856054554,0
06914,168,3,s_16_32,280.0,0.25,0.0714285714285714,0.16233325239989005,7.0,0.8746926885209176,0
06914,169,3,t_8_16,252.0,0.25,0.1607142857142857,0.03406263578632999,6.0,0.6670822394894224,0
06914,170,3,t_8_16,252.0,0.5,0.09999999999999998,0.007211345452590448,3.0,0.7828690274476976,0
06914,171,3,s_16_32,259.9996032714844,0.5,0.1875,0.18632450717436036,4.0,0.7477639232910493,0
06914,172,3,t_8_16,190.0,0.25,0.14583333333333337,0.35936173135603217,3.0,0.0,1
06914,175,3,t_8_16,104.000244140625,0.25,0.25,,0.0,0.0,1
06914,176,3,t_8_16,253.0,0.0,0.20833333333333337,0.039474856258378745,2.0,0.7337717876989442,0
06914,177,3,s_16_32,364.0,0.25,0.0357142857142857,0.025584018886437472,6.0,0.7658731259403934,0
06914,178,3,s_16_32,377.0000247955322,0.25,0.2333333333333334,0.17958100327624052,4.0,0.7078964244031886,0
06914,179,3,t_8_16,112.00000762939453,0.0,0.33333333333333326,,1.0,0.5221623414895841,0
06914,180,3,t_8_16,135.99948120117188,0.25,0.04166666666666663,0.14517062630714547,6.0,0.5998634084611374,0
06914,181,3,t_8_16,247.00057983398438,0.0,0.09999999999999998,0.19585868905306494,3.0,0.7370468067035302,0
06914,182,3,s_16_32,312.0000915527344,0.25,0.24285714285714277,0.10589895985016444,5.0,0.6742299198717936,0
06914,183,3,t_8_16,143.0,0.0,0.125,,1.0,0.8033753533502975,0
08275,0,5,t_8_16,171.00057983398438,0.5,0.16249999999999998,0.14693398444756914,3.0,0.49896002339181356,1
08a9596cc,0,3,t_8_16,231.0,0.25,0.0,0.19216682444923927,4.0,0.9189469650529649,0
08c59eea4,0,3,t_8_16,81.0,0.25,0.25,,1.0,0.4623405638591153,1
09032,0,1,t_8_16,143.99945068359375,0.0,0.125,,1.0,0.09979202229402134,1
09032,1,1,t_8_16,171.0,0.0,0.08333333333333337,0.6106309945340128,2.0,0.6559306072573513,0
09032,2,5,t_8_16,180.0,0.0,0.1875,0.04769651558864289,4.0,0.0,1
0b48cbbcd,0,3,t_8_16,210.0,0.25,0.050000000000000044,0.4409332133119455,4.0,0.7622618196167744,0
0efd60e89,0,3,t_8_16,90.0,0.0,0.2250000000000001,0.21997759123762323,4.0,0.8289490273458799,0
0efd60e89,1,3,t_8_16,210.0,0.75,0.0625,0.4008955919067743,3.0,0.7901932145019023,0
0fd1536b1,2,3,t_8_16,72.0,0.5,0.375,,1.0,0.7237517524429956,0
0fd1536b1,3,3,t_8_16,125.99972534179688,0.5,0.2500000000000001,0.7375465061950148,3.0,0.0,1
1056__2400_2415,0,5,t_8_16,216.0,0.5,0.0,0.015197267014550826,3.0,0.8842041529173681,0
1056__2400_2415,1,5,s_16_32,420.0,0.25,0.13888888888888884,0.12192091308952302,9.0,0.6824073322080638,0
105__1800_1914,0,5,t_8_16,139.99957275390625,0.0,0.125,0.038975555819263825,2.0,0.8676190432137771,0
105__1800_1914,1,5,t_8_16,180.0,0.25,0.0,0.08872973235491753,2.0,0.8006551864148586,0
105__1800_1914,2,5,t_8_16,216.0,0.5,0.125,0.13809734103524002,4.0,0.7420421835235629,0
105__1800_1914,3,5,t_8_16,128.0,0.25,0.25,0.0566013342761255,3.0,0.7590739882883818,0
105__1800_1914,4,5,t_8_16,144.0,0.25,0.22916666666666663,0.09532155309442444,3.0,0.6703764760893162,0
105__1800_1914,5,5,t_8_16,120.0,0.0,0.125,,1.0,0.5477150895064841,0
105__1800_1914,6,5,t_8_16,128.0,0.25,0.25,0.3317762174384641,2.0,0.7628896530856032,0
105__1800_1914,7,5,t_8_16,139.9993896484375,0.25,0.0,0.025416129070436947,2.0,0.7461804425105457,0
105__1800_1914,8,5,t_8_16,140.0,0.25,0.20833333333333337,0.30153990694816907,2.0,0.7127334781979116,0
105__1800_1914,9,5,t_8_16,108.0,0.5,0.15000000000000002,0.10475535815567528,4.0,0.5714705437770013,0
105__1800_1914,11,5,t_8_16,224.0,0.0,0.08333333333333337,0.19706380995916753,3.0,0.6673807142857178,0
105__1800_1914,12,5,t_8_16,120.0,0.0,0.20833333333333337,0.7696879309144437,2.0,0.6369284191179293,0
105__1800_1914,13,5,t_8_16,167.99957275390625,0.5,0.125,0.2968069673058038,4.0,0.6683958527202856,0
105__1800_1914,14,5,t_8_16,136.00048828125,0.25,0.1875,0.30423085911015274,4.0,0.5590721498393948,0
105__1800_1914,15,5,t_8_16,140.0,0.5,0.0625,0.0508380944415097,3.0,0.8813065538047378,0
105__1800_1914,16,5,t_8_16,224.0,0.25,0.0,0.06379797831432961,3.0,0.4879247006836099,1
105__1800_1914,17,5,t_8_16,191.999267578125,0.25,0.09999999999999998,0.23600507654182742,5.0,0.9060365096808912,0
105__1800_1914,18,5,t_8_16,216.0,0.25,0.08333333333333337,0.034625928418325395,3.0,0.5655000000000013,0
105__1800_1914,19,5,t_8_16,120.0,0.25,0.08333333333333337,0.12152697464473619,2.0,0.733795679849141,0
105__1800_1914,20,5,t_8_16,180.0,0.5,0.27142857142857135,0.13640606897141483,5.0,0.7120263232218954,0
105__1800_1914,21,5,t_8_16,111.9990234375,0.5,0.0625,0.07157590547482909,4.0,0.604393678571428,0
105__1800_1914,22,5,t_8_16,160.0,0.5,0.1875,0.01892261767807396,4.0,0.720776165432363,0
105__1800_1914,23,5,t_8_16,160.0,0.25,0.125,0.1424828242615582,2.0,0.8447840299862603,0
105__1800_1914,24,5,t_8_16,110.0,0.0,0.125,,1.0,0.7539327030315743,0
105__1800_1914,25,5,t_8_16,216.0,0.5,0.125,0.018795723273240594,4.0,0.6750221567733729,0
105__1800_1914,26,5,t_8_16,240.0,0.0,0.11250000000000004,0.049064133302857554,4.0,0.6249914987899057,0
105__1800_1914,27,5,t_8_16,160.0,0.75,0.16666666666666674,0.01734279636912346,2.0,0.8285661010028256,0
105__1800_1914,28,5,t_8_16,128.0,0.0,0.125,0.24055551699009864,2.0,0.6758131588608546,0
105__1800_1914,29,5,t_8_16,224.0,0.0,0.14583333333333337,0.16990309149143318,4.0,0.5853959330357092,0
105__1800_1914,30,5,t_8_16,120.0,0.25,0.09999999999999998,0.20237840438214047,3.0,0.7908444166666652,0
105__1800_1914,31,5,t_8_16,196.0,0.5,0.0,0.015804073907665684,3.0,0.709225525075099,0
105__1800_1914,32,5,t_8_16,168.0,0.5,0.09999999999999998,0.051535393629127076,5.0,0.6390157797619037,0
105__1800_1914,33,5,t_8_16,192.0,0.0,0.09999999999999998,0.3205197164124592,5.0,0.6402762385970174,0
105__1800_1914,34,5,t_8_16,168.0,0.25,0.08333333333333337,0.07269201784132313,2.0,0.7989799658625163,0
105__1800_1914,35,5,t_8_16,120.0,0.25,0.16666666666666674,0.21624646512574758,2.0,0.5892732768453528,0
105__1800_1914,36,5,t_8_16,132.0,0.5,0.16666666666666674,0.11965726411642395,2.0,0.7352316757699724,0
105__1800_1914,37,5,t_8_16,216.0,0.75,0.09999999999999998,0.06413082566617684,3.0,0.8530317896210106,0
105__1800_1914,38,5,t_8_16,98.0,0.25,0.08333333333333337,0.13651784721016266,4.0,0.7147637170948289,0
105__1800_1914,39,5,t_8_16,111.9991455078125,0.5,0.0,0.1372363643111051,5.0,0.766035153891004,0
105__1800_1914,40,5,t_8_16,190.0,0.0,0.20833333333333337,0.3628895417663317,3.0,0.7112422117977114,0
105__1800_1914,41,5,t_8_16,144.0,0.0,0.14583333333333337,0.3562931517912187,3.0,0.7102876744326324,0
105__1800_1914,42,5,t_8_16,110.0,0.5,0.125,0.023932753935983344,2.0,0.7883078329951329,0
105__1800_1914,43,5,t_8_16,100.0,0.25,0.25,0.9999999506448086,1.0,0.7480922632260807,0
105__1800_1914,44,5,t_8_16,120.0,0.0,0.125,,1.0,0.7805881023318637,0
105__1800_1914,45,5,t_8_16,80.0,0.0,0.125,,1.0,0.6151033848192636,0
105__1800_1914,46,5,t_8_16,199.99969482421875,0.25,0.08333333333333337,0.06174422775805894,4.0,0.8066991388855621,0
105__1800_1914,47,5,t_8_16,96.0,0.0,0.25,,1.0,0.7189062919127984,0
105__1800_1914,48,5,t_8_16,154.0,0.25,0.0,0.08108412750525423,2.0,0.8071365789147471,0
105__1800_1914,49,5,t_8_16,120.000732421875,0.25,0.0,0.45021236183964586,2.0,0.7546894972841823,0
105__1800_1914,50,5,t_8_16,154.0,0.25,0.125,0.2259581568869118,4.0,0.6705588258507371,0
105__1800_1914,51,5,t_8_16,112.0,0.25,0.16666666666666663,0.2257390782358288,3.0,0.8810197161952887,0
105__1800_1914,52,5,t_8_16,98.0,0.0,0.050000000000000044,0.2723882301414863,4.0,0.6563359038215546,0
105__1800_1914,53,5,t_8_16,108.0,0.25,0.125,0.4008977083060481,2.0,0.8529440737464022,0
105__1800_1914,54,5,t_8_16,111.99951171875,0.0,0.08333333333333337,0.19819325767215212,2.0,0.796703345062672,0
105__1800_1914,55,5,t_8_16,100.0,0.25,0.125,0.14679782336390743,2.0,0.6200420031673289,0
105__1800_1914,56,5,t_8_16,128.0,0.25,0.16666666666666674,0.19163255534543833,3.0,0.7193179165369469,0
105__1800_1914,57,5,t_8_16,96.0,0.25,0.125,0.13360324846590563,2.0,0.6743221434385109,0
105__1800_1914,58,5,t_8_16,170.0,0.0,0.08333333333333337,0.03065242440276765,3.0,0.62711182731487,0
105__1800_1914,59,5,t_8_16,153.0,0.25,0.125,0.08027344700063328,4.0,0.8593784339806816,0
105__1800_1914,60,5,t_8_16,96.0,0.25,0.125,0.02130886150705326,2.0,0.8482768179381849,0
105__1800_1914,61,5,t_8_16,120.0,0.5,0.2500000000000001,0.13901802015694284,3.0,0.780558391134627,0
105__1800_1914,62,5,t_8_16,72.0,0.25,0.0,0.10294297133712406,2.0,0.6539737304816935,0
105__1800_1914,63,5,t_8_16,140.0,0.25,0.125,0.23108801949874885,2.0,0.8942532642857252,0
105__1800_1914,64,5,t_8_16,88.0,0.25,0.0,0.07924429837129862,2.0,0.702921122626428,0
105__1800_1914,65,5,t_8_16,126.0,0.0,0.0,0.9999999999947362,1.0,0.7654857375656456,0
105__1800_1914,66,5,t_8_16,108.0,0.0,0.125,0.9908632287029324,2.0,0.7150781810480499,0
105__1800_1914,67,5,t_8_16,139.99957275390625,0.25,0.14583333333333337,0.18140963799295373,3.0,0.9474160494852076,0
105__1800_1914,68,5,t_8_16,240.0,0.0,0.20833333333333337,0.04654894636121337,3.0,0.8325201525601823,0
105__1800_1914,69,5,t_8_16,120.0,0.25,0.125,0.3981207654028739,2.0,0.8374792976407226,0
105__1800_1914,70,5,t_8_16,154.0,0.25,0.16666666666666674,0.02253470117672476,2.0,0.806207590006831,0
105__1800_1914,71,5,t_8_16,224.0,0.25,0.08333333333333337,0.09601541195841481,4.0,0.8106289336485051,0
105__1800_1914,72,5,t_8_16,160.0,0.75,0.16666666666666674,0.1743130617393186,3.0,0.7609906871004793,0
105__1800_1914,73,5,t_8_16,120.0003662109375,0.0,0.25,0.1716419302037908,2.0,0.7371297189249144,0
105__1800_1914,74,5,s_16_32,270.0,0.75,0.050000000000000044,0.004340024203967633,4.0,0.8213457933705092,0
105__1800_1914,75,5,t_8_16,96.0,0.5,0.0,0.059163040556912974,2.0,0.8730947503704787,0
105__1800_1914,76,5,t_8_16,204.00018310546875,0.25,0.20833333333333337,0.029778926269817575,2.0,0.8057579783573654,0
105__1800_1914,77,5,t_8_16,143.0,0.5,0.16666666666666663,0.053144814067359984,2.0,0.6940170703185911,0
105__1800_1914,78,5,t_8_16,132.0,0.0,0.0,0.36856900901784406,2.0,0.6277252259252734,0
10660,0,3,s_16_32,374.0,0.5,0.09999999999999998,0.05851701778391098,6.0,0.8067969958129022,0
10660,3,3,t_8_16,195.9991455078125,0.5,0.1416666666666666,0.12931093316664047,5.0,0.8469009311018955,0
10660,4,3,s_16_32,280.0,0.5,0.08333333333333337,0.11891438060009552,4.0,0.8967828842837164,0
10660,5,3,t_8_16,210.0,0.25,0.09999999999999998,0.09609209254503333,4.0,0.8454605804496707,0
10660,6,3,t_8_16,210.0,0.5,0.0625,0.029251088317234938,3.0,0.8488402236678645,0
10660,7,3,t_8_16,250.0,0.75,0.050000000000000044,0.09230973035987039,4.0,0.9326531970365061,0
10660,8,3,t_8_16,154.0,0.0,0.0,0.06619399799911202,3.0,0.6932873578054682,0
106__2400_1914,0,5,t_8_16,128.0,0.0,0.25,,1.0,0.712479720812981,0
106__2400_1914,1,5,t_8_16,160.0,0.25,0.08333333333333337,0.0863303944490114,3.0,0.7224420200754378,0
106__2400_1914,2,5,t_8_16,96.0,0.0,0.20833333333333337,0.2853503458412855,2.0,0.7231991982131557,0
106__2400_1914,3,5,t_8_16,160.0,0.25,0.25,0.2530391261711345,4.0,0.8050037112250172,0
106__2400_1914,4,5,t_8_16,180.0,0.25,0.08333333333333337,0.203673008500081,2.0,0.7923196444444442,0
106__2400_1914,5,5,t_8_16,128.0,0.5,0.25,0.217133010917219,3.0,0.7391118671576589,0
106__2400_1914,6,5,t_8_16,192.0,0.0,0.33333333333333337,0.08884344718603004,2.0,0.7049390785447464,0
106__2400_1914,7,5,s_16_32,352.0,0.5,0.08333333333333337,0.012133322247309978,6.0,0.7513808770954624,0
106__2400_1914,8,5,t_8_16,168.0,0.25,0.33333333333333337,0.28148717256930256,2.0,0.5543694811962572,0
106__2400_1914,9,5,t_8_16,160.0,0.5,0.29999999999999993,0.13205321973362513,5.0,0.7808729399298509,0
106__2400_1914,10,5,t_8_16,240.0,0.25,0.1785714285714286,0.33931035150968775,7.0,0.5375866499999995,0
106__2400_1914,11,5,t_8_16,140.0,0.25,0.08333333333333337,0.38348376011253266,2.0,0.6373124356926941,0
106__2400_1914,13,5,t_8_16,140.0,0.0,0.08333333333333337,0.11505498251095467,2.0,0.6874916392362143,0
106__2400_1914,14,5,t_8_16,120.0,0.0,0.125,0.18590597952741222,2.0,0.7940342407680153,0
106__2400_1914,15,5,t_8_16,140.0,0.25,0.18333333333333335,0.0999989597473519,3.0,0.8709927021720387,0
106__2400_1914,16,5,t_8_16,139.9993896484375,0.5,0.0,0.028460657849086718,3.0,0.9072857288828324,0
1080__0_600,0,5,t_8_16,128.0,0.75,0.5833333333333334,,1.0,0.80880183753367,0
1080__0_600,1,5,t_8_16,96.0,0.5,0.09999999999999998,0.11169593106958932,5.0,0.7578982897708082,0
1080__0_600,2,5,t_8_16,112.0,0.0,0.0,0.2797905210565959,2.0,0.7020631644595583,0
1080__0_600,3,5,t_8_16,160.0,0.0,0.0,,1.0,0.6724947375000109,0
1080__0_600,4,5,t_8_16,96.0,0.5,0.5,,1.0,0.8633971636492749,0
1080__0_600,5,5,t_8_16,96.0,0.0,0.125,0.17972988065872428,2.0,0.6126471506249946,0
1080__0_600,6,5,t_8_16,112.0,0.0,0.0,,1.0,0.8149213647049715,0
1080__0_600,7,5,t_8_16,140.0,0.25,0.08333333333333337,0.2825123942834384,2.0,0.6409268571428637,0
1080__0_600,8,5,t_8_16,159.9993896484375,0.25,0.0,0.08580689125510631,2.0,0.6452648866917305,0
1080__0_600,9,5,s_16_32,800.0,0.5,0.0,0.055183414370011744,10.0,0.8879887724999965,0
1080__0_600,10,5,t_8_16,144.0,0.25,0.0,0.15956118899128643,2.0,0.6549614561477068,0
1080__0_600,11,5,t_8_16,96.0,0.5,0.375,0.3635883597470952,2.0,0.6216597282643544,0
1080__0_600,12,5,t_8_16,112.0,0.25,0.25,,1.0,0.7858350006588041,0
1080__0_600,13,5,t_8_16,143.9989013671875,0.25,0.15476190476190477,0.022802686397165973,5.0,0.7479299158499811,0
1080__0_600,14,5,t_8_16,83.9999771118164,0.5,0.15000000000000002,0.09728689109387832,5.0,0.7036204593818836,0
1080__0_600,15,5,t_8_16,84.0,0.5,0.0,0.007383806813113675,2.0,0.8002530616396363,0
1080__0_600,16,5,t_8_16,112.0,0.0,0.125,,1.0,0.7022672043748301,0
1080__0_600,19,5,t_8_16,96.0,0.0,0.125,,1.0,0.7620642561250583,0
1080__0_600,20,5,s_16_32,312.0,0.0,0.0,0.4222791740596162,4.0,0.44598416595194906,1
1080__0_600,21,5,t_8_16,96.0,0.5,0.0,0.006163678260349356,2.0,0.7507660813827464,0
1080__0_600,22,5,t_8_16,72.0,0.5,0.08333333333333337,0.4286337303341762,3.0,0.7056738913159034,0
1080__0_600,24,5,t_8_16,128.0,0.5,0.25,0.12975614097219945,3.0,0.612098461136896,0
1080__0_600,25,5,t_8_16,100.0,0.5,0.25,,1.0,0.48221777612379146,1
1080__0_600,27,5,t_8_16,80.0,0.5,0.5,,0.0,0.7492175802306954,0
1080__0_600,28,5,t_8_16,133.0,0.25,0.1607142857142857,0.16072577338847138,6.0,0.6140230948254704,0
1080__0_600,29,5,s_16_32,968.0,0.5,0.13636363636363624,0.049509839441139666,10.0,0.6620753611285162,0
1080__0_600,30,5,t_8_16,168.0,0.5,0.17500000000000004,0.06664277276628655,4.0,0.6367468177623994,0
1080__0_600,31,5,t_8_16,72.0,0.5,0.0,0.13200058019746277,2.0,0.8415303650453534,0
1080__0_600,32,5,t_8_16,191.999267578125,0.0,0.33333333333333337,0.29049243436696814,2.0,0.6328119441608625,0
1080__0_600,33,5,t_8_16,165.0,0.25,0.08333333333333337,0.2544985448095326,2.0,0.6540301209065527,0
1080__0_600,34,5,t_8_16,71.9996337890625,0.25,0.09999999999999998,0.4168605303588776,5.0,0.7232215878441766,0
1080__0_600,35,5,t_8_16,72.0,0.5,0.0625,0.21370597849702816,4.0,0.6498878383853147,0
1080__0_600,36,5,t_8_16,160.0,0.5,0.35,0.20967769875997297,4.0,0.588306352763894,0
1080__0_600,37,5,t_8_16,64.0,0.0,0.25,0.1451088518776031,2.0,0.5120241244909288,0
1080__0_600,38,5,t_8_16,111.9991455078125,0.25,0.20833333333333337,0.3415767699630632,2.0,0.7026464102884669,0
1080__0_600,39,5,t_8_16,143.0,0.5,0.0,0.009139186688290819,2.0,0.6386268016486115,0
1080__0_600,40,5,t_8_16,140.0,0.25,0.20833333333333337,0.08632896236797619,2.0,0.7063334685156379,0
1091__0_0,0,5,s_16_32,324.0,0.0,0.0,0.05515017249005505,5.0,0.7512679266579261,0
1091__0_0,1,5,t_8_16,216.0,1.0,0.0714285714285714,0.0248214932781884,5.0,0.7753681450101523,0
1091__0_0,2,5,t_8_16,196.0,0.25,0.0,0.10417492594653917,4.0,0.6731662722997289,0
1091__0_0,3,5,t_8_16,167.999267578125,0.25,0.125,0.21302712244935362,2.0,0.8354351198475191,0
1091__0_0,4,5,t_8_16,84.00009155273438,0.0,0.11111111111111116,0.10518626581032393,3.0,0.4941585390218909,1
1091__0_0,5,5,t_8_16,224.0,0.75,0.0,0.015526289588273843,4.0,0.8469190624999935,0
1091__0_0,6,5,t_8_16,192.0,0.5,0.125,0.08610076750846628,4.0,0.8696331205128709,0
1091__0_0,7,5,t_8_16,223.99957275390625,0.5,0.0,0.0069678283515596795,5.0,0.7681735910234303,0
1091__0_0,8,5,t_8_16,180.0,0.5,0.125,0.013491555403853682,3.0,0.7178028152390962,0
1091__0_0,9,5,s_16_32,300.0,0.5,0.0,0.11820651157461871,6.0,0.7526422637450542,0
1091__0_0,10,5,s_16_32,263.9996337890625,0.25,0.0,0.07380841460966477,4.0,0.8514990629868399,0
1091__0_0,11,5,t_8_16,139.9993896484375,0.0,0.22916666666666674,0.25803491852107424,3.0,0.7589231810831404,0
1091__0_0,12,5,t_8_16,100.0,0.0,0.0,,1.0,0.5770411539692079,0
1091__600_2216,0,5,t_8_16,108.0,0.25,0.0,0.1319486516213443,5.0,0.7290786112915922,0
1114__2400_2400,0,5,s_16_32,335.99853515625,0.25,0.0357142857142857,0.22951854907507047,6.0,0.7506138687306632,0
1114__2400_2400,1,5,t_8_16,180.0,0.25,0.09999999999999998,0.0179695051552423,3.0,0.8622989572631744,0
1114__2400_2400,2,5,t_8_16,180.0,0.5,0.125,0.19979310732150063,3.0,0.8034067865818352,0
1114__2400_2400,3,5,t_8_16,160.0,0.25,0.0,0.05114791362388801,3.0,0.9220925962983617,0
1114__2400_2400,4,5,t_8_16,159.99951171875,0.25,0.0,0.02047407760476893,3.0,0.7142326467303266,0
1114__2400_2400,6,5,t_8_16,84.0,0.75,0.0,0.09845536121533355,3.0,0.7860575896170786,0
1114__2400_2400,7,5,t_8_16,96.0,0.5,0.0625,0.4016522958446218,4.0,0.7912415571197166,0
1114__2400_2400,8,5,t_8_16,144.0,0.25,0.375,,1.0,0.7766938444200111,0
1114__2400_2400,9,5,t_8_16,216.0,0.25,0.1416666666666666,0.14244803052504507,5.0,0.796929533513453,0
1114__2400_2400,10,5,s_16_32,308.0008544921875,0.0,0.1071428571428572,0.21906272419295178,4.0,0.7899509068199487,0
1114__2400_2400,11,5,s_16_32,288.0,0.5,0.125,0.03928524528303042,4.0,0.799029475069401,0
1114__2400_2400,12,5,s_16_32,360.0,0.5,0.050000000000000044,0.309162164303806,5.0,0.8889396358370276,0
1114__2400_2400,13,5,t_8_16,223.9990234375,0.5,0.0625,0.027176064186617714,4.0,0.7241018211008721,0
1114__2400_2400,14,5,t_8_16,224.0,0.75,0.11250000000000004,0.1880198558542451,4.0,0.8145853926501472,0
1114__2400_2400,15,5,t_8_16,196.0,0.25,0.0,0.16526283700957442,4.0,0.780443049774345,0
1114__2400_2400,16,5,t_8_16,128.0,0.0,0.0,0.9999847526907615,2.0,0.8144232925100108,0
1114__2400_2400,17,5,t_8_16,160.0,0.0,0.25,0.3330330387283289,2.0,0.8638725457472985,0
1114__2400_2400,18,5,t_8_16,179.99969482421875,0.5,0.08333333333333337,0.032035345330526516,2.0,0.8803188201440632,0
1114__2400_2400,19,5,s_16_32,264.0,0.25,0.1333333333333333,0.05041575683810756,4.0,0.7385904545454525,0
1114__2400_2400,20,5,t_8_16,160.0,0.5,0.0,0.05879482233247783,3.0,0.8123125653139422,0
1114__2400_2400,21,5,s_16_32,648.0,0.25,0.0,0.029922293816116226,10.0,0.9032705080241556,0
1121__0_0,0,5,s_16_32,968.0,0.25,0.0,0.2713549438602911,10.0,0.9139909975710515,0
1121__0_0,1,5,s_16_32,988.0,0.25,0.08333333333333337,0.06115776378529075,10.0,0.5122733846153852,0
1121__0_0,3,5,t_8_16,127.999755859375,0.25,0.0,0.009624644978945322,6.0,0.8580174982168512,0
1121__0_0,4,5,t_8_16,108.0,0.5,0.04166666666666663,0.31937486899142914,6.0,0.6217137984936768,0
1121__0_0,5,5,t_8_16,180.0,0.0,0.0625,0.1635462714363963,3.0,0.7891643353119087,0
1121__0_0,6,5,t_8_16,199.9993896484375,0.25,0.0625,0.06177696595913407,4.0,0.7194574421993362,0
1121__0_0,7,5,t_8_16,200.0,0.25,0.20833333333333337,0.17057295984128473,3.0,0.7913395000000008,0
1121__0_0,8,5,t_8_16,160.0,0.0,0.375,,1.0,0.7703285612650456,0
1121__0_0,9,5,s_16_32,256.0,0.25,0.0,0.07519009453889508,5.0,0.5853046289062537,0
1121__0_0,10,5,t_8_16,140.0,0.5,0.125,0.01842313260536833,2.0,0.8166990784593643,0
1121__0_0,11,5,t_8_16,200.0,0.5,0.11250000000000004,0.15106495863782812,4.0,0.8722949125340868,0
1121__0_0,12,5,t_8_16,168.0,0.5,0.18333333333333335,0.024841932162162357,3.0,0.8620518780564325,0
1121__0_0,13,5,t_8_16,112.0,0.25,0.0,0.20168841010669722,3.0,0.6876602833698428,0
1121__0_0,14,5,t_8_16,112.0,0.0,0.0,0.19507030337174744,2.0,0.744018674443575,0
1121__0_0,15,5,t_8_16,72.0,0.25,0.0,0.2614543996872239,4.0,0.5417329386628298,0
1121__0_0,16,5,t_8_16,84.0,0.25,0.20833333333333337,0.11669599998206566,2.0,0.5162998096418551,0
1121__0_0,17,5,t_8_16,144.0,0.5,0.0625,0.0451355255370166,3.0,0.8274535427527677,0
1121__0_0,18,5,t_8_16,144.0,0.5,0.5,,1.0,0.6941439697348872,0
1121__0_0,19,5,t_8_16,140.0,0.5,0.16666666666666674,0.12240278200609347,2.0,0.8444086650999342,0
1121__0_0,20,5,t_8_16,144.0,0.0,0.0,0.3488356569238402,3.0,0.7452524059806961,0
1121__0_0,21,5,t_8_16,120.0,0.25,0.08333333333333337,0.09048342416227152,2.0,0.7976289952804906,0
1121__0_0,22,5,t_8_16,96.0,0.25,0.25,0.1580717536984108,3.0,0.5534586183671284,0
1121__0_0,23,5,t_8_16,100.0,0.25,0.16666666666666674,0.10340338185835211,3.0,0.6527907278763794,0
1121__0_0,24,5,t_8_16,120.0,0.5,0.0,0.0489577025076577,2.0,0.7804372815493466,0
1121__0_0,25,5,t_8_16,112.0,0.5,0.5,,0.0,0.6421220699402517,0
1121__0_0,26,5,t_8_16,108.0,0.25,0.050000000000000044,0.025031243449211305,4.0,0.63559010104619,0
1121__0_0,27,5,t_8_16,144.0,0.75,0.1875,0.24429666930589475,4.0,0.840455085117527,0
1121__0_0,28,5,t_8_16,112.0,0.5,0.33333333333333337,0.1392983683843648,2.0,0.8432740252516473,0
1121__0_0,29,5,t_8_16,140.0,0.0,0.0,0.11872279240706161,2.0,0.7811747386381667,0
1121__0_0,30,5,t_8_16,119.9993896484375,0.25,0.125,,1.0,0.727607136143886,0
1121__0_0,31,5,t_8_16,108.0,0.25,0.09999999999999998,0.08497929244796307,5.0,0.7664651566701752,0
1121__0_0,32,5,t_8_16,112.0,0.0,0.0,,1.0,0.5562783018336552,0
1121__0_0,33,5,t_8_16,112.0,0.25,0.375,,1.0,0.8194022571932883,0
1121__0_0,34,5,t_8_16,104.0,0.0,0.0,0.31971764349605947,2.0,0.76410374015688,0
1121__0_0,35,5,t_8_16,80.0,0.0,0.16666666666666663,,1.0,0.7627415091830412,0
1121__0_0,36,5,t_8_16,96.0,0.0,0.16249999999999998,0.05219248381196019,3.0,0.6560725977132998,0
1121__0_0,37,5,t_8_16,144.0,0.5,0.08333333333333337,0.26200500121402553,2.0,0.747462646278124,0
1121__0_0,38,5,t_8_16,72.0,0.25,0.25,0.16045813457657765,4.0,0.5479853591407402,0
1121__0_0,39,5,t_8_16,192.0,0.0,0.20833333333333337,0.20058911836455406,2.0,0.7381334126933393,0
1121__0_0,40,5,t_8_16,84.0,0.25,0.1416666666666666,0.027369822370875888,5.0,0.5345402551169471,0
1121__0_0,41,5,t_8_16,108.0,0.75,0.15625,0.23088570094908203,8.0,0.683500642860124,0
1121__0_0,42,5,t_8_16,96.0,0.0,0.1499999999999999,0.22091721180639243,5.0,0.680577138687078,0
1121__0_0,43,5,t_8_16,96.0,0.5,0.08333333333333326,0.13503356123726112,6.0,0.665450371265853,0
1121__0_0,44,5,t_8_16,96.0,0.25,0.0,0.29855518509930884,3.0,0.6244491818463025,0
1121__0_0,45,5,t_8_16,72.0,0.25,0.08333333333333337,0.15519807790478402,3.0,0.46950928540061504,1
1121__0_0,46,5,t_8_16,180.0,0.25,0.25,0.14149194973548274,5.0,0.782984140096324,0
1121__0_0,47,5,t_8_16,140.0,0.25,0.20833333333333337,0.19101404344697745,2.0,0.802448421736053,0
1121__0_0,48,5,t_8_16,144.0,0.5,0.08333333333333337,0.012851013139726173,2.0,0.8170949999999859,0
1121__0_0,49,5,t_8_16,120.0,0.25,0.125,,1.0,0.6758339219754322,0
1121__0_0,50,5,t_8_16,108.0,0.25,0.0,0.5179232874210183,3.0,0.6272490832480826,0
1121__0_0,51,5,t_8_16,160.0,0.25,0.0,0.09809424648686574,2.0,0.8138630746989418,0
1121__0_0,52,5,t_8_16,140.0,0.75,0.2666666666666667,0.23840839869941477,3.0,0.8662056650499457,0
1121__0_0,53,5,t_8_16,84.0,0.25,0.0,0.358462174718582,3.0,0.7602063726097604,0
1121__0_0,54,5,t_8_16,80.0,0.25,0.25,0.12813937747679416,2.0,0.6583779678619216,0
1121__0_0,55,5,t_8_16,96.0,0.0,0.0,0.26500081516659596,3.0,0.719303692446601,0
1121__0_0,56,5,t_8_16,96.0,0.25,0.0,0.04290259345465639,2.0,0.7690804982391942,0
1121__0_0,57,5,t_8_16,132.0,0.5,0.0625,0.0042971136419459,3.0,0.6480814572449682,0
1121__0_0,58,5,t_8_16,128.0,0.25,0.16666666666666674,0.16020398616052262,3.0,0.7790450646379414,0
1121__0_0,59,5,t_8_16,180.0,0.25,0.08333333333333337,0.0754892105378768,2.0,0.6850610984725154,0
1121__0_0,60,5,t_8_16,96.0,0.25,0.125,0.19196590667225596,2.0,0.6667404850246719,0
1121__0_0,61,5,t_8_16,216.0,0.25,0.20833333333333337,0.19088440873950324,4.0,0.7531007748852545,0
1121__0_0,62,5,t_8_16,160.0,0.5,0.18333333333333335,0.15114078883523305,3.0,0.8118062565568541,0
1121__0_0,63,5,t_8_16,96.0,0.25,0.0,0.4063311339763445,2.0,0.532413789522673,0
1121__0_0,64,5,t_8_16,160.0,0.0,0.08333333333333337,0.05731645733275047,3.0,0.7776800241079116,0
11252,0,5,t_8_16,144.0,0.25,0.0625,0.11348103144711877,3.0,0.5785932908995542,0
11252,1,5,t_8_16,133.0,0.25,0.04166666666666663,0.08847424150657698,5.0,0.7538742881283926,0
11252,2,5,t_8_16,144.0,0.25,0.16666666666666674,0.06190577433199514,2.0,0.8368123880318303,0
1129__3000_0,0,5,t_8_16,240.0,0.25,0.0625,0.0985587852386301,4.0,0.6823987581971158,0
1129__3000_0,1,5,s_16_32,364.0,0.75,0.13611111111111107,0.04504932699827837,9.0,0.776680668581983,0
1129__3000_0,2,5,t_8_16,200.0,0.25,0.1071428571428572,0.10810414936824461,4.0,0.784145419999993,0
1129__3000_0,3,5,t_8_16,144.0,0.0,0.08333333333333337,0.13433517766317152,3.0,0.6555728414151266,0
1129__3000_0,4,5,t_8_16,128.0001220703125,0.25,0.08333333333333337,0.051395882794382425,3.0,0.8567675365491633,0
1129__3000_0,5,5,s_16_32,260.0,0.5,0.09999999999999998,0.06687199318134775,3.0,0.7580761730769169,0
1129__3000_0,6,5,t_8_16,111.999755859375,0.25,0.20833333333333337,0.053371426458126196,2.0,0.7955095853718845,0
1129__3000_0,7,5,t_8_16,160.0,0.25,0.0625,0.09979015081029889,4.0,0.8522442663192846,0
1129__3000_0,8,5,t_8_16,180.0,0.25,0.29166666666666674,0.07841920539892541,3.0,0.7341062923804839,0
1129__3000_0,9,5,t_8_16,176.0,0.5,0.0,0.04870060522298542,3.0,0.8038128744428222,0
1129__3000_0,10,5,t_8_16,200.0,0.25,0.1696428571428572,0.08283996243810825,4.0,0.8427567299999912,0
1129__3000_0,11,5,s_16_32,380.0006103515625,0.5,0.03125,0.06332372445311837,8.0,0.6895522462203478,0
1129__3000_0,12,5,t_8_16,144.0,0.5,0.5,,0.0,0.8397376984988281,0
1129__3000_0,13,5,t_8_16,144.0,0.25,0.125,0.14037632839050396,2.0,0.7408004166666582,0
1129__3000_0,14,5,t_8_16,220.0,0.5,0.0,0.025709178749817135,4.0,0.6814872570702893,0
1129__3000_0,15,5,s_16_32,260.0,0.0,0.0625,0.1496389126042174,3.0,0.6049734314854586,0
1129__3000_0,16,5,t_8_16,200.0,0.25,0.0,0.12151955447976796,2.0,0.7810120487068898,0
1129__3000_0,17,5,t_8_16,160.0,0.5,0.5,,0.0,0.7415960616262927,0
1129__3000_0,18,5,s_16_32,384.0,0.5,0.125,0.009619487774476233,8.0,0.6856286143029724,0
1129__3000_0,19,5,t_8_16,128.0,0.0,0.16666666666666663,0.08421549173651,3.0,0.6094997197729806,0
1129__3000_0,20,5,t_8_16,160.0,0.5,0.5,,0.0,0.916383389174205,0
1129__3000_0,21,5,t_8_16,230.0,0.3333333333333333,0.2857142857142857,0.02662939108331045,7.0,0.8811443112852346,0
1129__3000_0,22,5,t_8_16,144.0,0.5,0.125,0.3134912001731947,4.0,0.7653271384608893,0
1129__3000_0,23,5,t_8_16,128.0,0.25,0.0,0.21402168588863887,2.0,0.6389061167445746,0
1129__3000_0,24,5,t_8_16,160.0,0.25,0.125,0.09648527911366085,3.0,0.7690312191674045,0
1129__3000_0,25,5,t_8_16,128.0,0.25,0.0,0.2563733211188588,3.0,0.7649243471794953,0
1129__3000_0,26,5,t_8_16,180.0,0.5,0.0625,0.0015906432015490705,3.0,0.7373630032426594,0
1129__3000_0,27,5,s_16_32,308.00002670288086,0.25,0.0,0.019704606132830597,7.0,0.7575804158375369,0
1129__3000_0,28,5,t_8_16,128.0,0.5,0.20833333333333337,0.000826053264170021,2.0,0.6699963996137694,0
1129__3000_0,29,5,t_8_16,180.0,0.25,0.0,0.038354443461940384,2.0,0.8420489833333322,0
1129__3000_0,30,5,t_8_16,168.00018310546875,0.25,0.09999999999999998,0.08786199153883559,5.0,0.6549835421145135,0
1129__3000_0,31,5,t_8_16,160.00015258789062,0.25,0.125,0.30265882259302934,4.0,0.7418772154251284,0
1129__3000_0,32,5,t_8_16,160.0,0.5,0.125,0.04053235143777517,2.0,0.7608053481745423,0
1129__3000_0,33,5,t_8_16,192.0,0.0,0.0,0.15111289141730996,3.0,0.7435764062500007,0
1129__3000_0,34,5,s_16_32,320.0,0.5,0.0,0.062416611323905906,8.0,0.7054998106473154,0
1129__3000_0,35,5,t_8_16,224.0,0.5,0.23750000000000004,0.09826758394425193,4.0,0.8018845345648199,0
1129__3000_0,36,5,s_16_32,280.0,0.5,0.25,0.12424669950545934,10.0,0.7815342623564653,0
1129__3000_0,37,5,s_16_32,699.9997863769531,0.25,0.16083916083916083,0.020703631989441147,10.0,0.7858953772537393,0
1129__3000_0,38,5,t_8_16,200.0,0.75,0.08333333333333337,0.04534096522905954,3.0,0.7376314120363343,0
1129__3000_0,39,5,t_8_16,179.99914550874382,0.5,0.17500000000000004,0.06772157275230979,4.0,0.8617822192346747,0
1129__3000_0,40,5,t_8_16,200.0,0.25,0.08333333333333337,0.0720538196999771,2.0,0.7499761151697165,0
1129__3000_0,41,5,t_8_16,223.9990234375,0.75,0.050000000000000044,0.007727700591095606,5.0,0.7696142719742834,0
1129__3000_0,42,5,s_16_32,256.0,0.0,0.16666666666666674,0.07244342054302166,4.0,0.7012726757812477,0
1129__3000_0,43,5,s_16_32,320.0,0.25,0.11309523809523803,0.16685041915813878,5.0,0.6677897312499989,0
1129__3000_0,44,5,s_16_32,256.0,0.25,0.125,0.07031213202030118,6.0,0.743846793367976,0
1129__3000_0,45,5,t_8_16,255.99951171875,0.25,0.09166666666666656,0.05616602542877675,5.0,0.733404772697928,0
1129__3000_0,46,5,t_8_16,196.0,0.0,0.08333333333333337,0.3771769540251805,2.0,0.8093342671673402,0
1129__3000_0,47,5,t_8_16,168.0,0.0,0.0,0.21578849785849974,3.0,0.7522013650007853,0
1129__3000_0,48,5,t_8_16,112.0,0.75,0.20833333333333337,0.07774847176216303,2.0,0.7431390597222706,0
1129__3000_0,49,5,t_8_16,180.0,0.25,0.0,0.12219610480514255,3.0,0.8398547508258969,0
1129__3000_0,50,5,t_8_16,192.0,0.0,0.125,0.3148098121051174,2.0,0.6601164366383548,0
1129__3000_0,51,5,s_16_32,799.998779296875,0.5,0.0,0.020464900926171186,10.0,0.7472462352523681,0
1129__3000_0,52,5,t_8_16,210.00128173828125,0.0,0.1071428571428572,0.22910063505405076,7.0,0.6711754309276403,0
1129__3000_0,53,5,t_8_16,215.99945068359375,0.25,0.1499999999999999,0.0644584868845141,5.0,0.5872142361111092,0
1133__1800_1200,0,5,t_8_16,240.0,0.25,0.16249999999999998,0.07823963660644143,3.0,0.8576727656148609,0
1140__2400_2400,0,5,t_8_16,179.99945068359375,0.0,0.14583333333333337,0.0471950561105242,3.0,0.7145995645245729,0
1150__1800_1200,0,5,t_8_16,120.0,0.5,0.125,0.016888443384771183,2.0,0.7310240166666581,0
1150__1800_1200,1,5,t_8_16,127.999755859375,1.0,0.16666666666666663,0.0023185251260688417,3.0,0.6571061149371,0
1150__1800_1200,3,5,t_8_16,72.0,0.75,0.10000000000000009,0.10850101156356401,4.0,0.8688957525857051,0
1150__1800_1200,4,5,t_8_16,80.0,0.5,0.25,,1.0,0.5135599908992087,0
1150__1800_1200,5,5,t_8_16,140.0,0.0,0.08333333333333337,0.38520242312598124,2.0,0.819351353244091,0
1150__1800_1200,6,5,t_8_16,240.0,0.25,0.22499999999999998,0.08633545337585279,3.0,0.8085206357624133,0
1150__1800_1200,7,5,t_8_16,100.0,0.0,0.0,0.11644574087013931,2.0,0.8505079416635333,0
1150__1800_1200,8,5,t_8_16,112.0,0.25,0.125,,1.0,0.6889468191822715,0
1150__1800_1200,9,5,t_8_16,96.0,0.25,0.125,,1.0,0.7594277632905885,0
1150__1800_1200,10,5,t_8_16,120.0,0.0,0.0,0.4162647776481914,2.0,0.8035739499999971,0
1150__1800_1200,11,5,t_8_16,204.0,0.0,0.08333333333333337,0.11125338033329855,2.0,0.39562154411764844,1
1158__2033_0,0,5,t_8_16,128.0,0.75,0.16666666666666674,0.012232604246834932,3.0,0.5578380244641125,0
1158__2033_0,1,5,t_8_16,84.0,0.25,0.0,0.3154860077310173,3.0,0.6863811606691176,0
1158__2033_0,2,5,t_8_16,84.0,0.75,0.09999999999999998,0.08590535852757758,5.0,0.6704297409145815,0
1158__2033_0,3,5,t_8_16,220.0,0.25,0.35416666666666674,,1.0,0.6407901982000807,0
1158__2033_0,4,5,t_8_16,240.0,0.25,0.1499999999999999,0.032610167655094106,5.0,0.7585983692885043,0
1158__2033_0,5,5,t_8_16,140.00015258789062,0.5,0.16666666666666674,0.008384422953460473,2.0,0.6631571667170627,0
1158__2033_0,6,5,t_8_16,160.0,0.75,0.30000000000000004,0.1254371023514996,5.0,0.7438248125000029,0
1158__2033_0,7,5,t_8_16,160.0,0.5,0.375,,1.0,0.8005064125000055,0
1158__2033_0,8,5,t_8_16,160.0,0.5,0.08333333333333337,0.08356568070575009,3.0,0.7906099500000082,0
1158__2033_0,9,5,t_8_16,128.0,0.25,0.08333333333333337,0.03496669129308417,2.0,0.7076261015625065,0
1158__2033_0,10,5,t_8_16,96.0,0.25,0.0,0.05354064466363512,5.0,0.7948126742452267,0
1158__2033_0,11,5,t_8_16,96.0,0.0,0.125,0.2786796022991508,2.0,0.7603602765779681,0
1158__2033_0,12,5,t_8_16,120.0,0.0,0.25,,1.0,0.7985238718260902,0
1158__2033_0,13,5,t_8_16,128.0,0.5,0.16666666666666674,0.016258433924129446,3.0,0.8318658051819726,0
1158__2033_0,14,5,t_8_16,72.0,0.25,0.0,0.15586543866420807,3.0,0.7876128538461504,0
1158__2033_0,15,5,t_8_16,72.0,0.25,0.25,0.9999999999677678,1.0,0.7971705651388582,0
1158__2033_0,16,5,t_8_16,72.0,0.25,0.125,0.38094109780663027,2.0,0.8225968914915297,0
1158__2033_0,17,5,s_16_32,288.0,0.25,0.04166666666666663,0.00451287378799229,5.0,0.5423573200096031,0
1158__2033_0,18,5,t_8_16,96.0,0.5,0.20833333333333337,0.042469347108379754,2.0,0.6455864656691727,0
1158__2033_0,19,5,t_8_16,95.9998779296875,0.25,0.25,,1.0,0.7101629166666572,0
1158__2033_0,20,5,t_8_16,196.0,0.0,0.18333333333333335,0.3120392173435889,3.0,0.6975978406211938,0
1158__2033_0,21,5,t_8_16,96.0,0.0,0.0,,1.0,0.6545770747028434,0
1158__2033_0,22,5,t_8_16,168.0,0.5,0.2500000000000001,0.3720050448654422,3.0,0.6617723253718919,0
1158__2033_0,23,5,t_8_16,168.0,0.0,0.18333333333333335,0.15674423244037541,3.0,0.6451790260273597,0
1158__2033_0,24,5,t_8_16,191.999267578125,0.0,0.125,0.11435536914699568,4.0,0.6632319889644072,0
1158__2033_0,26,5,t_8_16,191.999267578125,0.0,0.25,0.1618617376973549,4.0,0.503811812499995,0
1158__2033_0,28,5,t_8_16,112.0,0.0,0.08333333333333337,0.12079807422695801,3.0,0.7364973669481054,0
1158__2033_0,29,5,t_8_16,112.0,0.25,0.16666666666666674,0.07683283598676029,3.0,0.7771938148231317,0
1158__2033_0,30,5,t_8_16,144.0,0.0,0.08333333333333337,0.2576215139535095,3.0,0.5193177013888877,0
1158__2033_0,31,5,t_8_16,112.0,0.0,0.0,0.44612359357782333,2.0,0.5115113246852957,0
1158__2033_0,32,5,t_8_16,64.0,0.0,0.0,,1.0,0.7533091170646309,0
1158__2033_0,34,5,t_8_16,80.0,0.5,0.5,,0.0,0.5501734531845854,0
1158__2033_0,37,5,t_8_16,80.0,0.0,0.125,,1.0,0.7072728723752484,0
1158__2033_0,38,5,t_8_16,196.0,0.25,0.29999999999999993,0.18066134213433846,5.0,0.501381857142855,0
1158__2033_0,39,5,t_8_16,80.0,0.5,0.25,0.27676452470068985,2.0,0.7365650052131693,0
1158__2033_0,40,5,t_8_16,215.9996337890625,0.25,0.0,0.08720033242150545,3.0,0.7919008726437091,0
1158__2033_0,41,5,t_8_16,84.0,0.25,0.24285714285714277,0.1765567120388423,5.0,0.7829663452494944,0
1180__0_1800,0,5,t_8_16,72.0,0.5,0.29166666666666674,0.2511090965776525,2.0,0.6615700048570264,0
1180__0_1800,1,5,t_8_16,84.0,0.5,0.0,0.14184686817733852,3.0,0.825401316167959,0
1180__0_1800,2,5,t_8_16,120.0,0.0,0.20833333333333337,0.6999918667353281,2.0,0.6846740739073012,0
1180__0_1800,3,5,t_8_16,80.0,0.75,0.5,,1.0,0.8243329340194658,0
1180__0_1800,4,5,t_8_16,84.0,0.5,0.16249999999999998,0.013665285312353602,3.0,0.0,1
1180__0_1800,5,5,t_8_16,84.0,0.0,0.08333333333333337,0.17427815069767488,2.0,0.8070012435991837,0
1180__0_1800,6,5,t_8_16,112.0,0.25,0.2500000000000001,0.419155544961449,3.0,0.7817601785714354,0
1180__0_1800,7,5,t_8_16,84.0,0.25,0.16666666666666674,,1.0,0.6400326754969686,0
1180__0_1800,8,5,t_8_16,112.0,0.25,0.0,0.5461235561619154,2.0,0.6988655214208044,0
1180__0_1800,9,5,t_8_16,120.0,0.5,0.375,0.20316659667835268,4.0,0.6761558472532692,0
1180__0_1800,10,5,t_8_16,144.0,0.5,0.45833333333333337,,1.0,0.672109736451042,0
1180__0_1800,11,5,t_8_16,112.0,0.25,0.16666666666666663,0.25330174253971866,3.0,0.8436322985801505,0
1180__0_1800,12,5,t_8_16,72.0,0.5,0.08333333333333337,0.006573907539770316,3.0,0.7431363744158265,0
1180__0_1800,13,5,t_8_16,80.0,0.25,0.25,,1.0,0.7415265592748191,0
1180__0_1800,14,5,t_8_16,84.0,0.0,0.20833333333333337,0.5990590017235056,2.0,0.7108434912867716,0
1180__0_1800,15,5,t_8_16,144.0,0.75,0.25,0.02894496384962845,4.0,0.7520089765800394,0
1180__0_1800,16,5,t_8_16,112.0,0.25,0.0,0.9999993528323627,1.0,0.3734258100428359,1
1180__0_1800,17,5,t_8_16,72.0,0.5,0.0625,0.419875501929041,4.0,0.6706688436104509,0
1180__0_1800,19,5,t_8_16,160.0,0.25,0.08333333333333337,0.236994912806258,3.0,0.6471172665432935,0
1180__0_1800,20,5,s_16_32,320.0,0.25,0.11309523809523803,0.2575752536682467,5.0,0.656435981249998,0
1180__0_1800,21,5,t_8_16,84.0,0.25,0.125,0.42014004833890745,4.0,0.8842956976572353,0
1180__0_1800,22,5,t_8_16,100.0,0.25,0.25,,1.0,0.6043496698981142,0
1180__0_1800,23,5,t_8_16,120.0,0.0,0.19999999999999996,0.25522007429776694,5.0,0.6237709021752578,0
1180__0_1800,24,5,t_8_16,159.9994506840594,0.25,0.16249999999999998,0.01832584151309667,3.0,0.6033531630474084,0
1180__0_1800,25,5,t_8_16,72.0,0.5,0.20833333333333337,0.2137931115799969,2.0,0.7410867031918109,0
1180__0_1800,26,5,t_8_16,72.0,0.0,0.2958333333333334,0.10843786805464004,3.0,0.5975464968033648,0
1180__0_1800,27,5,t_8_16,112.0,0.5,0.33333333333333337,0.029692398727980403,3.0,0.7695455135533201,0
1180__0_1800,28,5,t_8_16,112.0,0.25,0.125,0.2552622821309623,2.0,0.7044938028269739,0
1180__0_1800,29,5,t_8_16,168.0,0.25,0.0,0.10138261520336198,2.0,0.7559373928571502,0
1180__0_1800,30,5,t_8_16,112.0,0.5,0.5,,0.0,0.7987324727779331,0
1180__0_1800,31,5,t_8_16,100.0,0.0,0.125,,1.0,0.48466370598361125,1
1180__0_1800,32,5,t_8_16,111.9991455078125,0.25,0.09999999999999998,0.4783488755325135,3.0,0.7669873417599173,0
1180__0_1800,33,5,t_8_16,100.0,0.0,0.0,,1.0,0.6640039733326366,0
1180__0_1800,34,5,t_8_16,144.0,0.5,0.0,0.07792541117072996,3.0,0.7466649920347098,0
1180__0_1800,35,5,t_8_16,140.0,0.25,0.25,0.09153138980530551,2.0,0.7908435728010569,0
1180__0_1800,36,5,t_8_16,80.0,0.0,0.125,,1.0,0.5762300730169759,0
1180__0_1800,37,5,t_8_16,112.0,0.0,0.0,0.027868711907108126,3.0,0.6788063566654104,0
1180__0_1800,38,5,t_8_16,80.0,0.25,0.25,,1.0,0.7486163854901606,0
1180__0_1800,39,5,t_8_16,96.0,0.5,0.125,0.16111137278857365,2.0,0.8259774275606097,0
1180__0_1800,40,5,s_16_32,308.0,0.5,0.0714285714285714,0.016377222678021205,5.0,0.6305411617454205,0
1180__0_1800,41,5,t_8_16,112.0,0.5,0.08333333333333337,0.05693728923530333,2.0,0.8101591623326811,0
1180__0_1800,42,5,t_8_16,83.99978637695312,0.5,0.275,0.05483953060133824,5.0,0.6923195480134497,0
1180__0_1800,43,5,t_8_16,112.0,0.5,0.33333333333333337,0.06354819864874332,2.0,0.7749233047334971,0
1180__0_1800,44,5,t_8_16,120.0,0.0,0.0,0.02218361877407311,7.0,0.5337992183322972,0
1180__0_1800,45,5,t_8_16,111.99969482375309,0.75,0.08333333333333337,0.015493726925266781,4.0,0.6736925709712912,0
1180__0_1800,46,5,t_8_16,144.0,0.25,0.3125,0.3843876743938294,4.0,0.6207319696885217,0
1180__0_1800,47,5,t_8_16,128.0,0.0,0.08333333333333337,0.19485065326325765,2.0,0.5314631693528641,0
1180__0_1800,48,5,t_8_16,80.0,0.0,0.0,,1.0,0.6644969707304174,0
1180__0_1800,49,5,t_8_16,200.0,0.5,0.25,0.06660109845274512,4.0,0.6267028899999958,0
1180__0_1800,50,5,t_8_16,80.0,0.0,0.0,,1.0,0.7995824112605205,0
1180__0_1800,51,5,t_8_16,84.0,0.0,0.08333333333333337,0.5259406737237797,2.0,0.7890529045741217,0
1180__0_1800,52,5,s_16_32,256.0,0.0,0.0,0.3432407995467402,5.0,0.372242194383101,1
1180__0_1800,54,5,t_8_16,64.0,0.25,0.16666666666666674,0.5151278192156312,3.0,0.5055234063527594,0
1180__0_1800,55,5,t_8_16,140.0,0.25,0.08333333333333337,0.2000817606218146,2.0,0.5643101853456476,0
1180__0_1800,56,5,t_8_16,80.0,0.0,0.0,,1.0,0.6687276517912445,0
1180__0_1800,57,5,t_8_16,88.0,0.0,0.11111111111111116,0.05590402417118947,9.0,0.4260563881722136,1
1180__0_1800,58,5,t_8_16,144.0,0.0,0.08333333333333337,0.20170172894598704,2.0,0.5536455961362337,0
1180__0_1800,59,5,t_8_16,110.0,0.25,0.20833333333333337,0.15945241254669454,2.0,0.6114048006636994,0
1180__0_1800,60,5,t_8_16,72.0,0.75,0.19999999999999996,0.13574956971517418,5.0,0.6547882393080017,0
1180__0_1800,61,5,t_8_16,102.0,0.25,0.0,0.2960581884484458,5.0,0.4664497648576595,1
1180__0_1800,62,5,t_8_16,88.0,0.5,0.20833333333333337,0.24303139939952598,2.0,0.5606855005802934,0
1180__0_1800,63,5,t_8_16,110.0,0.25,0.16666666666666674,0.1779159297468401,2.0,0.6863466272727387,0
1182__600_1800,0,5,t_8_16,196.00001335144043,0.0,0.08333333333333337,0.04322899560851906,2.0,0.4578682901652679,1
1182__600_1800,1,5,t_8_16,179.9999656677246,0.25,0.09999999999999998,0.09120572766609118,3.0,0.6877222614209689,0
1182__600_1800,2,5,t_8_16,240.0,0.0,0.20833333333333337,0.22790631138028133,2.0,0.5721273249999997,0
1182__600_1800,3,5,t_8_16,112.0,0.0,0.16666666666666674,0.47880985060983483,3.0,0.46023351951577496,1
1182__600_1800,4,5,t_8_16,240.0,0.25,0.1071428571428572,0.2897241334773915,7.0,0.6754940344567673,0
1182__600_1800,5,5,t_8_16,168.0,0.0,0.09999999999999998,0.06554384404076567,5.0,0.5067384174480797,0
1182__600_1800,6,5,t_8_16,168.0,0.25,0.0,0.010812143556072415,2.0,0.5386272818957825,0
1182__600_1800,7,5,t_8_16,252.0,0.0,0.125,0.6666931972605697,3.0,0.3282439999999986,1
1182__600_1800,8,5,t_8_16,239.99996185302734,0.25,0.25,0.1880988042301971,2.0,0.4942930750000005,1
1182__600_1800,9,5,t_8_16,100.0,0.75,0.16666666666666674,9.917924522274075e-05,2.0,0.7776976693787967,0
1182__600_1800,10,5,t_8_16,144.0,0.75,0.16666666666666674,0.18177039574092657,2.0,0.7683303819444502,0
1182__600_1800,11,5,t_8_16,160.0,0.5,0.41666666666666663,0.0003702901964610378,3.0,0.590210818750004,0
1182__600_1800,12,5,t_8_16,140.0,0.25,0.16666666666666674,0.030372795606244268,3.0,0.5498030648606365,0
1182__600_1800,13,5,t_8_16,120.0,0.75,0.375,0.01834852545215694,4.0,0.8044556795859005,0
1182__600_1800,14,5,t_8_16,192.0,0.25,0.0,0.2618873307144557,5.0,0.5792825403719216,0
1182__600_1800,15,5,t_8_16,191.999755859375,0.5,0.125,0.3641643719009863,4.0,0.7046683186306576,0
1182__600_1800,16,5,t_8_16,224.0,0.25,0.09999999999999998,0.08805509593499636,3.0,0.4934298124999992,1
1182__600_1800,17,5,t_8_16,160.0,0.5,0.1875,0.4566993904750498,4.0,0.7344820762789879,0
1182__600_1800,18,5,t_8_16,140.0008544921875,0.0,0.125,0.9422310875780784,2.0,0.5299916377261568,0
1182__600_1800,19,5,t_8_16,150.0,0.5,0.08333333333333337,0.270097914180691,3.0,0.6571993388965119,0
118__0_0,2,5,t_8_16,120.0,0.0,0.0,,1.0,0.5710691522528387,0
118__0_0,3,5,t_8_16,80.0,0.0,0.0,,1.0,0.5575194267296715,0
118__0_0,5,5,t_8_16,112.0,0.0,0.08333333333333337,0.18683779281827248,2.0,0.5389569665985051,0
118__0_0,6,5,t_8_16,84.0,0.25,0.0,0.06129065449090555,5.0,0.6442981673447158,0
118__0_0,7,5,t_8_16,98.0,0.25,0.15000000000000002,0.30421164687161245,5.0,0.6302696702092738,0
118__0_0,8,5,t_8_16,69.9993896484375,0.25,0.0,0.28426304789042417,3.0,0.6671826283161147,0
118__0_0,9,5,t_8_16,98.0,0.5,0.09999999999999998,0.10958717211734251,3.0,0.6120014746132033,0
118__0_0,10,5,t_8_16,70.0,0.0,0.0,0.4173417379555608,3.0,0.7378594236812908,0
1197__1800_1200,0,5,t_8_16,72.0,0.75,0.0,0.12330131199816066,5.0,0.7723813424335304,0
12093,0,7,t_8_16,187.00080108689144,0.5,0.050000000000000044,0.1349951185279316,4.0,0.5104507112299447,0
12093,1,7,t_8_16,187.0,0.0,0.16666666666666674,0.9181152627662961,2.0,0.5577908132757953,0
12093,2,7,t_8_16,223.99951171875,0.0,0.0,0.3482544027206007,4.0,0.5430512142857129,0
12093,3,7,t_8_16,187.0,0.25,0.0,0.20304408595798856,3.0,0.6843208181818221,0
12093,4,7,t_8_16,216.0,0.0,0.0625,0.6102248518533316,3.0,0.46609925462963075,1
12093,5,7,t_8_16,98.0,0.5,0.0,0.2888721452995701,5.0,0.8165477610252347,0
12093,6,7,t_8_16,200.0,0.0,0.0,0.4520602837056597,4.0,0.5908808820191468,0
12093,7,7,t_8_16,168.0,0.25,0.08333333333333337,0.2951999071346962,3.0,0.5314139285714253,0
12093,8,7,t_8_16,180.0,0.5,0.16666666666666674,0.29501084245117193,3.0,0.5843061111111051,0
12093,9,7,s_16_32,315.0004577636719,0.25,0.1071428571428572,0.48086198830678095,7.0,0.32930618730158845,1
12093,10,7,t_8_16,220.00008392333984,0.25,0.0625,0.605589622457523,4.0,0.47342184545454236,1
12093,11,7,t_8_16,187.0,0.5,0.16249999999999998,0.16481617742822,4.0,0.5185548025769344,0
1216__2093_1200,1,5,t_8_16,80.0,0.25,0.25,0.19928323103771173,2.0,0.0,1
1216__2093_1200,2,5,t_8_16,72.0,0.75,0.08333333333333337,0.37243372960018506,3.0,0.6455720500011333,0
1216__2093_1200,4,5,t_8_16,112.0,0.5,0.20833333333333337,0.29557493067782137,2.0,0.677972453703655,0
1216__2093_1200,5,5,t_8_16,96.0,0.25,0.0,0.14193748684077762,2.0,0.6517793281432889,0
1216__2093_1200,6,5,t_8_16,96.0,0.25,0.08333333333333337,0.17972460129686563,3.0,0.6338420972567315,0
1216__2093_1200,7,5,t_8_16,96.00006103515625,0.25,0.375,,1.0,0.6065399564261695,0
1216__2093_1200,8,5,t_8_16,95.99996948236367,0.25,0.0625,0.34275214666790654,3.0,0.7025383273260575,0
1216__2093_1200,9,5,t_8_16,120.0,0.75,0.2500000000000001,0.2265202130287004,3.0,0.761202219836554,0
1216__2093_1200,10,5,t_8_16,96.0,0.5,0.375,0.14309565204088662,2.0,0.5686467313101901,0
1216__2093_1200,11,5,t_8_16,96.0,0.0,0.25,,1.0,0.6383570986366648,0
1216__2093_1200,12,5,t_8_16,80.0,0.25,0.0,0.016748092415052214,2.0,0.6925453492329163,0
1216__2093_1200,14,5,t_8_16,80.0,0.0,0.0,,1.0,0.0,1
1216__2093_1200,15,5,t_8_16,80.0,0.0,0.0,,1.0,0.1085695948649283,1
1216__2093_1200,16,5,t_8_16,120.0,0.5,0.125,0.267463685940925,2.0,0.8158092888396391,0
1216__2093_1200,17,5,t_8_16,80.0,0.0,0.125,,1.0,0.5519169282235485,0
1216__2093_1200,18,5,t_8_16,71.99981689453125,0.5,0.0,0.18989771783040335,2.0,0.53715930406982,0
1216__2093_1200,19,5,t_8_16,139.99957275390625,0.25,0.0,0.25500074003562534,3.0,0.7340322452815305,0
1216__2093_1200,20,5,t_8_16,112.0,0.25,0.08333333333333337,0.34706806979963495,2.0,0.006382394370165708,1
1216__2093_1200,22,5,t_8_16,96.0,0.25,0.375,0.20716956262993616,2.0,0.7612357927233597,0
1216__2093_1200,23,5,t_8_16,96.0,0.0,0.125,0.3817338854197354,2.0,0.5974269270322913,0
1216__2093_1200,24,5,t_8_16,96.0,0.5,0.125,0.06959681137624824,2.0,0.6327427626446059,0
1216__2093_1200,25,5,t_8_16,80.0,0.5,0.5,,0.0,0.6618150862695438,0
1216__2093_1200,26,5,t_8_16,80.0,0.25,0.25,,1.0,0.0,1
1216__2093_1200,27,5,t_8_16,112.0,0.25,0.375,,1.0,0.6214160821546155,0
1216__2093_1200,28,5,t_8_16,112.0,0.0,0.125,,1.0,0.6961203197218268,0
1216__2093_1200,30,5,t_8_16,96.0,0.25,0.25,,1.0,0.6349028149643942,0
1216__2093_1200,31,5,t_8_16,111.99951171875,0.5,0.16666666666666674,0.1634756767290426,3.0,0.6722795493567629,0
1216__2093_1200,32,5,t_8_16,112.0,0.25,0.25,,1.0,0.0,1
1216__2093_1200,33,5,t_8_16,72.0,0.0,0.0,0.2857280119387207,3.0,0.5569440997945082,0
1216__2093_1200,34,5,t_8_16,72.0,0.5,0.25,0.22724216760516794,2.0,0.46847505749040996,1
1216__2093_1200,35,5,t_8_16,96.0,0.25,0.25,,1.0,0.6302853138936867,0
1216__2093_1200,36,5,t_8_16,72.0,0.0,0.0,,1.0,0.5228055476755528,0
1216__2093_1200,37,5,t_8_16,96.0,0.0,0.125,0.08213131238794494,2.0,0.5461905372034271,0
1216__2093_1200,38,5,t_8_16,83.99957275390625,0.0,0.0,0.09862754501601463,3.0,0.5670957198478906,0
1216__2093_1200,39,5,t_8_16,80.0,0.25,0.375,,1.0,0.5619954457575064,0
1216__2093_1200,40,5,t_8_16,96.0,0.5,0.20833333333333337,0.025127994920519155,2.0,0.610998383323736,0
1216__2093_1200,41,5,t_8_16,112.0,0.25,0.375,0.5565504873439462,2.0,0.8270616072169553,0
1216__2093_1200,42,5,t_8_16,96.0,0.0,0.0,0.22162037875513046,2.0,0.6217749593438517,0
1216__2093_1200,43,5,t_8_16,96.0,0.25,0.125,0.268695954754745,2.0,0.6555419106482308,0
1216__2093_1200,44,5,t_8_16,80.0,0.5,0.29166666666666674,0.9958347108648516,2.0,0.6007417749177062,0
1216__2093_1200,51,5,t_8_16,96.0,0.5,0.5,,0.0,0.7298503585162951,0
1216__2093_1200,54,5,t_8_16,72.0,0.5,0.0,0.36978462303295556,4.0,0.699805024143904,0
1216__2093_1200,55,5,t_8_16,72.0,0.5,0.125,0.28276790075903735,2.0,0.5692799254856346,0
1216__2093_1200,56,5,t_8_16,72.0,0.0,0.0,0.38739389945735947,2.0,0.7456606998971769,0
1216__2093_1200,57,5,t_8_16,84.0,0.0,0.1875,0.6167825471755934,4.0,0.663125526860289,0
1216__2093_1200,58,5,t_8_16,83.99989318847656,0.0,0.0625,0.17318184639938003,4.0,0.6695696247190934,0
1216__2093_1200,59,5,t_8_16,96.00009155273438,0.25,0.125,0.06019985770815507,2.0,0.5765428997754204,0
1216__2093_1200,60,5,t_8_16,72.0,0.0,0.0,0.9999999504926858,1.0,0.5330677944959684,0
1216__2093_1200,61,5,t_8_16,120.0,0.75,0.16666666666666674,0.09867441563400906,3.0,0.5631122202660996,0
1216__2093_1200,62,5,t_8_16,72.0,0.0,0.375,,1.0,0.5753690411036211,0
1216__2093_1200,63,5,t_8_16,72.0,0.0,0.0625,0.2964102811108663,3.0,0.445670119805413,1
1216__2093_1200,64,5,t_8_16,83.99989318847656,0.0,0.0,0.07653708957897049,3.0,0.5588390378396955,0
1216__2093_1200,65,5,t_8_16,120.0,0.0,0.18333333333333335,0.2906590403071668,3.0,0.5616326864382527,0
1216__2093_1200,66,5,t_8_16,80.0,0.0,0.125,,1.0,0.6270370363821859,0
1216__2093_1200,67,5,t_8_16,112.0,0.25,0.08333333333333337,0.009232717718316262,2.0,0.6776333036158141,0
1216__2093_1200,68,5,t_8_16,112.0,0.25,0.20833333333333337,0.31408231650307433,2.0,0.7956133064734281,0
1216__2093_1200,69,5,t_8_16,72.0,0.25,0.08333333333333337,0.04554914745184845,2.0,0.5674599234715457,0
1216__2093_1200,70,5,t_8_16,72.0,0.25,0.25,,1.0,0.5587783614942106,0
1216__2093_1200,73,5,t_8_16,72.0,0.0,0.08333333333333337,0.4122736062536961,3.0,0.46500565999076776,1
1216__2093_1200,74,5,t_8_16,96.0,0.25,0.125,0.5130153188718287,2.0,0.15103304940657378,1
1216__2093_1200,75,5,t_8_16,80.0,0.25,0.0,,0.0,0.22805861633101365,1
1216__2093_1200,78,5,t_8_16,96.0,0.0,0.125,,1.0,0.602604413589162,0
1216__2093_1200,79,5,t_8_16,111.99957275390625,0.0,0.050000000000000044,0.2126371734334847,4.0,0.6779122216254847,0
1216__2093_1200,81,5,t_8_16,96.0,0.0,0.125,0.19196087244356255,2.0,0.5563033779610335,0
1216__2093_1200,82,5,t_8_16,96.0,0.0,0.20833333333333337,0.35712415833117633,2.0,0.5893698310424036,0
1216__2093_1200,83,5,t_8_16,80.0,0.5,0.125,0.09465232210669634,2.0,0.6543147447115542,0
1216__2093_1200,85,5,t_8_16,72.0,0.5,0.33333333333333337,0.22204661384436636,2.0,0.6298650514127347,0
1216__2093_1200,86,5,t_8_16,72.0,0.25,0.09999999999999998,0.11076677598414718,3.0,0.5339461413421734,0
1216__2093_1200,87,5,t_8_16,112.0,0.25,0.0,0.03439621281088005,2.0,0.7576929375766014,0
1216__2093_1200,88,5,t_8_16,128.0,0.0,0.08333333333333337,0.3317446419461557,3.0,0.7607070829388949,0
1216__2093_1200,90,5,t_8_16,84.0,0.0,0.41666666666666674,,1.0,0.5748746586563819,0
1216__2093_1200,91,5,t_8_16,64.0,0.25,0.25,,1.0,0.5257283831208791,0
1216__2093_1200,92,5,t_8_16,112.0,0.0,0.25,,1.0,0.772553546444993,0
1216__2093_1200,93,5,t_8_16,72.0,0.0,0.20833333333333337,0.6941569022958785,2.0,0.5271908569289684,0
1216__2093_1200,94,5,t_8_16,112.0,0.25,0.0,0.5393839299239831,2.0,0.8047179116072264,0
1216__2093_1200,97,5,t_8_16,72.000732421875,0.0,0.125,0.10446083309478588,4.0,0.5976847783583122,0
1216__2093_1200,98,5,t_8_16,72.0,0.0,0.125,0.34030311645802547,4.0,0.5292167327746568,0
1216__2093_1200,99,5,t_8_16,72.000732421875,0.5,0.0,0.03312594770946135,5.0,0.6298057849604884,0
1216__2093_1200,100,5,t_8_16,100.0,0.0,0.16666666666666674,0.25366953140152726,3.0,0.6052576455903689,0
1216__2093_1200,103,5,t_8_16,80.0,0.25,0.25,,0.0,0.6568727810837455,0
1216__2093_1200,106,5,t_8_16,72.0,0.3333333333333333,0.0,0.15682811771443753,2.0,0.7592750086374934,0
1216__2093_1200,107,5,t_8_16,100.0,0.6666666666666666,0.11111111111111116,0.16659489287068643,2.0,0.17295178572858702,1
1216__2093_1200,108,5,t_8_16,80.0,0.0,0.0,,1.0,0.5760824161939245,0
1216__2093_1200,109,5,t_8_16,64.0,0.25,0.125,,1.0,0.4341259136222247,1
1216__2093_1200,110,5,t_8_16,80.0,0.25,0.125,0.10466084080636164,2.0,0.4873987144347138,1
1216__2093_1200,113,5,t_8_16,112.0,0.0,0.16666666666666674,0.30274146723218576,3.0,0.6040432193786383,0
1216__2093_1200,114,5,t_8_16,96.0,0.5,0.5,,0.0,0.5670284308055207,0
1216__2093_1200,115,5,t_8_16,120.0,0.25,0.25,,1.0,0.69801943337573,0
1216__2093_1200,116,5,t_8_16,80.0,0.0,0.0,0.5355014514430763,2.0,0.517199668940492,0
1216__2093_1200,117,5,t_8_16,112.0,0.0,0.125,0.16449957436438198,2.0,0.6705436306169565,0
1216__2093_1200,118,5,t_8_16,96.0,0.0,0.25,,1.0,0.572853800996855,0
1216__2093_1200,119,5,t_8_16,112.0,0.0,0.0,0.08968455634572772,2.0,0.5829805754307688,0
1216__2093_1200,120,5,t_8_16,84.0,0.25,0.0,0.020024197580511285,4.0,0.02151249696822463,1
1216__2093_1200,121,5,t_8_16,72.0,0.5,0.0,0.08516325407090841,3.0,0.5664923726994863,0
1216__2093_1200,122,5,t_8_16,72.0,0.0,0.25,,1.0,0.4954376829640182,1
1216__2093_1200,125,5,t_8_16,72.0,0.25,0.125,0.525253955471225,2.0,0.5690096930592081,0
1216__2093_1200,127,5,t_8_16,72.0,1.0,0.16666666666666674,0.030419107005927377,3.0,0.014499716166819544,1
1216__2093_1200,128,5,t_8_16,72.0,0.0,0.125,,1.0,0.5368102733557203,0
1216__2093_1200,129,5,t_8_16,95.999755859375,0.25,0.16666666666666674,0.13589879513443917,3.0,0.6285955007857967,0
1216__2093_1200,130,5,t_8_16,95.999755859375,0.5,0.5,,0.0,0.6182855790345694,0
1216__2093_1200,131,5,t_8_16,96.0,0.25,0.25,0.16478462581447065,3.0,0.8264348611083876,0
1216__2093_1200,135,5,t_8_16,80.0,0.0,0.0,,1.0,0.5335553031446536,0
1216__2093_1200,136,5,t_8_16,96.0,0.0,0.0,,1.0,0.6580217685938959,0
1216__2093_1200,137,5,t_8_16,128.0,0.0,0.0,0.4166318941041256,2.0,0.7396539245965008,0
1216__2093_1200,139,5,t_8_16,72.0,0.0,0.125,0.45114521587600165,2.0,0.4417255866535857,1
1216__2093_1200,140,5,t_8_16,72.0,0.0,0.16666666666666674,0.999999999935292,1.0,0.49038224206030284,1
1216__2093_1200,141,5,t_8_16,80.0,0.0,0.0,,1.0,0.5760275755920962,0
1216__2093_1200,144,5,t_8_16,112.0,0.25,0.25,,1.0,0.6244908937593084,0
1216__2093_1200,146,5,t_8_16,96.0,0.25,0.25,0.9999969490504043,1.0,0.1641873399124155,1
1216__2093_1200,148,5,t_8_16,80.0,0.5,0.5,,0.0,0.6266666738733333,0
1216__2093_1200,150,5,t_8_16,80.0,0.25,0.125,0.11041903950217123,2.0,0.6553334458135682,0
1216__2093_1200,156,5,t_8_16,96.0,0.0,0.0,0.5031127337215677,2.0,0.6238848888444497,0
1216__2093_1200,157,5,t_8_16,80.0,0.5,0.125,0.40025618367322124,2.0,0.5473862990962477,0
1216__2093_1200,158,5,t_8_16,80.0,0.75,0.25,,0.0,0.15222287706840507,1
1216__2093_1200,159,5,t_8_16,112.0,0.25,0.375,0.7990906638502532,2.0,0.7267173769963268,0
1216__2093_1200,160,5,t_8_16,72.0,0.0,0.125,0.2466355125828645,2.0,0.5240533195138533,0
1216__2093_1200,161,5,t_8_16,84.0,0.25,0.08333333333333337,0.33685993895301874,3.0,0.5364884719095063,0
1216__2093_1200,163,5,t_8_16,96.0,0.0,0.125,0.3352616203662876,2.0,0.044294210215595806,1
1216__2093_1200,165,5,t_8_16,96.0,0.75,0.75,,0.0,0.5798347661984956,0
1216__2093_1200,166,5,t_8_16,140.0,0.0,0.0,0.21050145910672527,2.0,0.6511738998232001,0
1216__2093_1200,167,5,t_8_16,160.0,0.5,0.18333333333333335,0.11034170224476932,3.0,0.645002568672655,0
1216__2093_1200,168,5,t_8_16,72.0,0.25,0.125,0.1865519630702322,2.0,0.5455160978542535,0
1216__2093_1200,170,5,t_8_16,72.0,0.25,0.20833333333333337,0.9506819002746462,2.0,0.5002600246627852,0
1216__2093_1200,172,5,t_8_16,80.0,0.0,0.0,0.35448402255048583,2.0,0.6076756698830484,0
1216__2093_1200,173,5,t_8_16,80.0,0.0,0.125,,1.0,0.6060983440926659,0
1216__2093_1200,174,5,t_8_16,112.0,0.5,0.5,,0.0,0.7356189251662164,0
1216__2093_1200,175,5,t_8_16,112.0,0.0,0.125,0.40411042942258296,2.0,0.6967750377057943,0
1216__2093_1200,176,5,t_8_16,72.0,0.0,0.0,0.5463698421804051,2.0,0.5870727122831214,0
1216__2093_1200,177,5,t_8_16,72.0,0.0,0.0,0.9444450995501527,2.0,0.5642865460029283,0
1216__2093_1200,178,5,t_8_16,70.0,0.0,0.22222222222222232,0.522948618811604,3.0,0.7014781544310269,0
1216__2093_1200,179,5,t_8_16,112.0,0.0,0.20833333333333337,0.8760791067333925,2.0,0.8552285922546512,0
1216__2093_1200,180,5,t_8_16,72.0,0.25,0.08333333333333337,0.3799053818553871,3.0,0.47535062720534643,1
1216__2093_1200,183,5,t_8_16,72.0,0.5,0.20833333333333337,0.7113961303497468,2.0,0.6589031074026255,0
1216__2093_1200,184,5,t_8_16,84.0,0.25,0.0,0.27488975192940435,3.0,0.0,1
1216__2093_1200,188,5,t_8_16,72.0,0.25,0.09999999999999998,0.13709236169033517,5.0,0.0,1
1216__2093_1200,189,5,t_8_16,84.0,0.0,0.050000000000000044,0.1124895348780734,4.0,0.5752626973061166,0
1216__2093_1200,190,5,t_8_16,128.0,0.5,0.08333333333333337,0.17440045825559528,2.0,0.7167622157364449,0
1216__2093_1200,191,5,t_8_16,128.0,0.0,0.125,0.4678429833080224,2.0,0.8051267716587913,0
1216__2093_1200,193,5,t_8_16,96.0,0.25,0.20833333333333337,0.29728795478090225,2.0,0.6121955162698356,0
1216__2093_1200,194,5,t_8_16,80.0,0.5,0.5,,1.0,0.09511932320266593,1
1216__2093_1200,195,5,t_8_16,96.0,0.0,0.125,0.6384919754538921,2.0,0.7012332287686575,0
1216__2093_1200,196,5,t_8_16,72.000732421875,0.0,0.08333333333333337,0.18925620263632345,3.0,0.5743104384184584,0
1216__2093_1200,198,5,t_8_16,96.0,0.25,0.25,,1.0,0.6385070810535056,0
1216__2093_1200,199,5,t_8_16,96.0,0.5,0.5,,0.0,0.6151634049901941,0
1216__2093_1200,202,5,t_8_16,112.0,0.0,0.125,,1.0,0.6365773237971019,0
1216__2093_1200,203,5,t_8_16,84.0,0.0,0.125,0.4471303694492659,2.0,0.7364913544858093,0
1216__2093_1200,204,5,t_8_16,72.0,0.5,0.0,0.027777843483029176,2.0,0.7014080571912542,0
1216__2093_1200,205,5,t_8_16,84.0,0.0,0.14583333333333337,0.01736854524293334,3.0,0.7141367536176338,0
1216__2093_1200,206,5,t_8_16,72.0,0.25,0.16666666666666674,0.20183970304497797,3.0,0.7312952203255382,0
1216__2093_1200,207,5,t_8_16,112.0,0.25,0.16666666666666674,0.2069541283748125,3.0,0.708156864654585,0
1216__2093_1200,208,5,t_8_16,100.0,0.0,0.0,,1.0,0.6913743295172743,0
1216__2093_1200,209,5,t_8_16,96.0,0.25,0.0,0.022790076576795812,3.0,0.6428101689301107,0
1216__2093_1200,210,5,t_8_16,96.0,0.0,0.125,,1.0,0.7401657370021978,0
1216__2093_1200,211,5,t_8_16,100.0,0.0,0.0,,1.0,0.6761683349923667,0
1216__2093_1200,212,5,t_8_16,96.0,0.0,0.0,,1.0,0.15862972343562376,1
1216__2093_1200,213,5,t_8_16,120.0,0.5,0.20833333333333337,0.035245121091742444,2.0,0.8272760782187725,0
1216__2093_1200,214,5,t_8_16,96.0,0.0,0.125,0.766066462395949,2.0,0.6123774456175883,0
1216__2093_1200,215,5,t_8_16,176.0,0.0,0.22222222222222232,0.12244006254619265,2.0,0.6802384933491067,0
1216__2093_1200,216,5,t_8_16,240.0,0.25,0.27083333333333337,0.24077972995720193,3.0,0.8731271204983531,0
1216__2093_1200,217,5,t_8_16,180.0,0.25,0.09999999999999998,0.01978258671956911,3.0,0.8186902159945488,0
1216__2093_1200,218,5,s_16_32,336.0,0.5,0.1875,0.001682394340428727,8.0,0.8339314011846873,0
1216__2093_1200,219,5,s_16_32,336.0,0.75,0.14375000000000004,0.10466178038243563,5.0,0.8163822380952345,0
1216__2093_1200,220,5,t_8_16,216.0,0.25,0.08333333333333337,0.08290025501061093,3.0,0.0119636092341826,1
1216__2093_1200,221,5,t_8_16,168.0,0.25,0.09999999999999998,0.05989705990737941,3.0,0.7664906254823328,0
1216__2093_1200,222,5,s_16_32,312.0,0.25,0.13541666666666663,0.040256970490632954,5.0,0.7712605534928175,0
1216__2093_1200,223,5,t_8_16,140.0,0.0,0.0,0.30152159791421934,3.0,0.7265567080579517,0
1216__2093_1200,224,5,s_16_32,476.0,0.0,0.0,0.10912156152000016,10.0,0.7157316067763315,0
1216__2093_1200,225,5,t_8_16,140.0008544921875,0.25,0.18333333333333335,0.05777400734994743,3.0,0.7982445142595007,0
1216__2093_1200,226,5,s_16_32,280.0,0.5,0.0,0.18252119574369902,7.0,0.8010010650035103,0
1216__2093_1200,227,5,t_8_16,140.0008544921875,0.25,0.33333333333333337,0.26031816091765453,2.0,0.6826551682254388,0
1216__2093_1200,228,5,t_8_16,140.0008544921875,0.75,0.125,0.21150218011467845,4.0,0.8246573714285742,0
1216__2093_1200,229,5,t_8_16,252.0,0.25,0.20833333333333337,0.5358232080457508,4.0,0.656101700169202,0
1216__2093_1200,230,5,t_8_16,168.0,0.25,0.125,0.23069257662429285,2.0,0.7253965366950651,0
1216__2093_1200,231,5,t_8_16,192.0,0.75,0.0,0.004217840770945958,4.0,0.7436754166666636,0
1216__2093_1200,232,5,t_8_16,168.0,0.0,0.0,0.12382851298448809,3.0,0.7702191236029533,0
1216__2093_1200,233,5,t_8_16,100.0,0.5,0.33333333333333337,0.09212825182781777,2.0,0.05018393502270773,1
1216__2093_1200,234,5,t_8_16,119.9993896484375,0.0,0.0,,1.0,0.0,1
1216__2093_1200,235,5,t_8_16,120.0,0.0,0.16666666666666674,0.1863251544958153,2.0,0.6807558529611074,0
1216__2093_1200,236,5,t_8_16,100.0,0.0,0.125,0.9991851667647701,2.0,0.6100645956811178,0
1216__2093_1200,237,5,t_8_16,120.0,0.25,0.08333333333333337,0.026390364105034994,2.0,0.8053981871997427,0
1216__2093_1200,238,5,t_8_16,80.0,0.0,0.0,,1.0,0.01431514801373418,1
1216__2093_1200,239,5,t_8_16,160.0,0.5,0.08333333333333337,0.14827097784417664,3.0,0.7691654029168608,0
1216__2093_1200,240,5,t_8_16,80.0,0.0,0.0,,1.0,0.8801374446334214,0
1216__2093_1200,241,5,t_8_16,112.0,0.5,0.16666666666666674,0.06951179513035627,3.0,0.7134171109471636,0
1216__2093_1200,242,5,s_16_32,264.0,0.25,0.0625,0.0936712979548573,4.0,0.8207776249369106,0
1216__2093_1200,243,5,s_16_32,540.0,0.25,0.02777777777777779,0.044077923425733204,8.0,0.711616098304578,0
1216__2093_1200,244,5,t_8_16,95.9996337890625,0.25,0.09999999999999998,0.5757532416267446,5.0,0.06607500011960862,1
1216__2093_1200,245,5,t_8_16,252.0,0.0,0.0625,0.39562430453632524,3.0,0.002907393930309239,1
1216__2093_1200,246,5,t_8_16,252.0,0.0,0.0,0.0938042044272688,5.0,0.44866127380952436,1
1216__2093_1200,247,5,t_8_16,252.0,0.25,0.04166666666666663,0.35131071603573377,5.0,0.0,1
1216__2093_1200,248,5,t_8_16,200.0,0.25,0.29166666666666674,0.18586668765862013,6.0,0.7603943889365157,0
1216__2093_1200,249,5,s_16_32,640.0,0.25,0.045454545454545414,0.08705435463738341,10.0,0.8641909699622674,0
1216__2093_1200,250,5,t_8_16,168.0,0.25,0.0,0.310820353199574,2.0,0.767171265213421,0
1216__2093_1200,251,5,t_8_16,140.0,0.5,0.25,0.5276723753779202,3.0,0.039627632552768195,1
1216__2093_1200,252,5,t_8_16,80.0,0.0,0.125,,1.0,0.7817991528268019,0
1216__2093_1200,253,5,t_8_16,80.0,0.75,0.16666666666666674,0.1326355838663042,3.0,0.04696973975932326,1
1216__2093_1200,254,5,t_8_16,120.0,0.5,0.125,0.024772707928923176,2.0,0.8334429285583445,0
1216__2093_1200,255,5,t_8_16,112.0,0.25,0.125,,1.0,0.8007953326358426,0
1216__2093_1200,256,5,t_8_16,140.0,0.25,0.08333333333333337,0.9981218241285149,2.0,0.7161159576339817,0
1216__2093_1200,257,5,t_8_16,224.0,0.0,0.15000000000000002,0.11611512105591923,5.0,0.6737334123055464,0
1216__2093_1200,258,5,t_8_16,111.9991455078125,0.25,0.0625,0.1854283099438319,4.0,0.8472684184313392,0
1216__2093_1200,259,5,t_8_16,140.0,0.5,0.0,0.006456992131019379,3.0,0.8057411788532295,0
1216__2093_1200,260,5,t_8_16,144.0,0.0,0.1875,0.6166504408422269,3.0,0.0,1
1216__2093_1200,261,5,t_8_16,120.0,0.25,0.20833333333333337,0.9710926114314226,2.0,0.0,1
1216__2093_1200,262,5,t_8_16,100.0006103515625,0.0,0.125,,1.0,0.0,1
1216__2093_1200,263,5,t_8_16,64.0,0.0,0.125,,1.0,0.0,1
1216__2093_1200,264,5,t_8_16,140.0,0.0,0.08333333333333337,0.2572471799928679,2.0,0.7974933384556189,0
1216__2093_1200,265,5,t_8_16,95.99951171875,0.5,0.375,0.2820719739952892,2.0,0.7654965648337296,0
1216__2093_1200,266,5,t_8_16,111.99951171875,0.25,0.08333333333333337,0.0443925142604905,2.0,0.65085843869637,0
1216__2093_1200,267,5,t_8_16,139.9993896484375,0.5,0.22916666666666674,0.16993386972310645,3.0,0.7947822094387225,0
1216__2093_1200,268,5,t_8_16,96.0,0.25,0.125,,1.0,0.7132127377268996,0
1216__2093_1200,269,5,t_8_16,72.0,0.0,0.33333333333333337,0.4867108105124316,2.0,0.0,1
1216__2093_1200,270,5,t_8_16,112.0,0.5,0.25,0.42268560280991097,2.0,0.006114514738927507,1
1216__2093_1200,271,5,t_8_16,160.0,0.75,0.18333333333333335,0.11771713072092518,3.0,0.792671232620638,0
1216__2093_1200,272,5,t_8_16,120.0,0.5,0.08333333333333337,0.12103229637844093,2.0,0.8681738138060294,0
1216__2093_1200,273,5,t_8_16,127.9990234375,0.25,0.0,0.2941346745338315,5.0,0.7560938826459143,0
1216__2093_1200,274,5,t_8_16,160.0,0.0,0.0,0.06912801422384438,2.0,0.7504122463826347,0
1216__2093_1200,275,5,t_8_16,100.0,0.0,0.0,0.33863521862350854,2.0,0.7521291135861315,0
1216__2093_1200,276,5,t_8_16,84.0008544921875,0.5,0.0,0.09628757359029197,3.0,0.6223953523375575,0
1216__2093_1200,277,5,t_8_16,100.0,0.0,0.0,,1.0,0.7743611012190994,0
1216__2093_1200,278,5,t_8_16,72.000732421875,0.25,0.0,0.38438301354242366,4.0,0.013884579009485285,1
1216__2093_1200,279,5,t_8_16,80.0,0.0,0.0,,1.0,0.7063976786011839,0
1216__2093_1200,280,5,t_8_16,160.0,0.5,0.08333333333333337,0.010839899993527507,3.0,0.722592566998951,0
1216__2093_1200,281,5,t_8_16,100.0,0.25,0.25,0.08296669546785562,2.0,0.7340366900244049,0
1216__2093_1200,282,5,t_8_16,140.0,0.0,0.25,,1.0,0.7869505948341691,0
1216__2093_1200,283,5,t_8_16,100.0,0.0,0.125,,1.0,0.7162063751534795,0
1216__2093_1200,284,5,t_8_16,192.0,0.0,0.30833333333333335,0.5014883356895659,3.0,0.43511410868579126,1
1216__2093_1200,285,5,t_8_16,96.0,0.0,0.125,,1.0,0.7429357970198858,0
1216__2093_1200,286,5,t_8_16,100.0,0.0,0.08333333333333337,0.7390682978819899,2.0,0.5879312395802082,0
1216__2093_1200,287,5,t_8_16,80.0,0.0,0.0,,1.0,0.0,1
1216__2093_1200,288,5,t_8_16,112.0,0.25,0.16666666666666674,0.03291500881317873,3.0,0.0,1
1216__2093_1200,289,5,t_8_16,80.0,0.25,0.25,0.2719410545097607,2.0,0.0,1
1216__2093_1200,291,5,t_8_16,111.9990844745189,0.25,0.125,0.2364215199199925,3.0,0.0,1
1216__2093_1200,292,5,t_8_16,139.9993896484375,0.0,0.125,0.9983392662281874,2.0,0.0,1
1216__2093_1200,293,5,t_8_16,111.99957275390625,0.5,0.0,0.10599056006743113,3.0,0.7248906589558,0
1216__2093_1200,294,5,t_8_16,80.0,0.0,0.0,,1.0,0.7357436245423769,0
1216__2093_1200,295,5,t_8_16,96.0,0.25,0.08333333333333337,0.9969891787616606,2.0,0.6371881205390301,0
1216__2093_1200,296,5,t_8_16,144.0,0.0,0.125,0.9788575351423696,2.0,0.25153266080100156,1
1216__2093_1200,297,5,t_8_16,216.0,0.5,0.0625,0.13316591350028537,4.0,0.8888701666666659,0
1216__2093_1200,298,5,t_8_16,140.0,0.25,0.0,0.32700613001205153,2.0,0.7584788872052047,0
1216__2093_1200,299,5,t_8_16,160.0,0.0,0.0,0.43775641770582424,2.0,0.7929888966978162,0
1216__2093_1200,300,5,t_8_16,120.0,0.0,0.0,,1.0,0.7572528445659258,0
1216__2093_1200,301,5,t_8_16,96.0,0.0,0.0,0.5461337664519064,2.0,0.7627574033753817,0
1216__2093_1200,303,5,t_8_16,160.0,0.25,0.0,0.2072305602585559,3.0,0.807857625000001,0
1216__2093_1200,304,5,t_8_16,160.0009765625,0.25,0.19999999999999996,0.5224306795049857,5.0,0.5999606311125875,0
1216__2093_1200,305,5,t_8_16,140.0,0.0,0.0,,1.0,0.852795982669145,0
1216__2093_1200,306,5,t_8_16,120.0,0.0,0.20833333333333337,0.7256518966495743,2.0,0.8010851042808119,0
1216__2093_1200,307,5,t_8_16,140.0,0.25,0.0,0.15057649412116472,3.0,0.8243377001201755,0
1216__2093_1200,308,5,t_8_16,167.999267578125,0.0,0.0,0.9999963780139618,1.0,0.8016203735037887,0
1216__2093_1200,309,5,t_8_16,120.0,0.25,0.0,0.5121452236765243,2.0,0.11880816739462284,1
1216__2093_1200,310,5,t_8_16,252.0,0.0,0.0,0.6131402006939567,4.0,0.6290888850745645,0
1216__2093_1200,311,5,t_8_16,192.0,0.5,0.08333333333333337,0.12438566092211518,3.0,0.577895448881864,0
1216__2093_1200,312,5,t_8_16,140.0,0.25,0.0,0.9162921226756058,0.0,0.27294114071722403,1
1216__2093_1200,313,5,t_8_16,140.0,0.25,0.16666666666666674,0.28260422903320254,3.0,0.7227655432793824,0
1216__2093_1200,314,5,t_8_16,140.0,0.0,0.0,0.5456284372438013,2.0,0.0,1
1216__2093_1200,315,5,t_8_16,112.0,0.0,0.08333333333333337,0.9730330758457919,2.0,0.6250387376276739,0
1216__2093_1200,316,5,t_8_16,140.0,0.5,0.3500000000000001,0.9071385975505012,5.0,0.0,1
1216__2093_1200,317,5,t_8_16,160.0,0.0,0.375,,1.0,0.868844638667899,0
1216__2093_1200,318,5,t_8_16,252.0,0.25,0.0625,0.45108969863513176,3.0,0.42986828571428365,1
1216__2093_1200,319,5,t_8_16,96.0,0.5,0.5,,0.0,0.3141748154580175,1
1216__2093_1200,320,5,t_8_16,160.0,0.5,0.0,0.0062490871817976,3.0,0.5882650251975151,0
1216__2093_1200,321,5,t_8_16,112.0,0.25,0.125,0.22325069253702726,2.0,0.6728388739968529,0
1216__2093_1200,322,5,t_8_16,140.0,0.25,0.1875,0.9999989191251775,2.0,0.0,1
1216__2093_1200,323,5,t_8_16,80.0,0.3333333333333333,0.16666666666666663,,1.0,0.057764566144359604,1
1216__2093_1200,324,5,t_8_16,168.0,0.5,0.0625,0.17458487503427403,3.0,0.7719245858041048,0
1216__2093_1200,325,5,t_8_16,96.0,0.25,0.08333333333333337,0.2434610129457333,2.0,0.0,1
1216__2093_1200,326,5,t_8_16,140.0,0.25,0.25,0.08179428339737436,2.0,0.834224569886902,0
1216__2093_1200,327,5,t_8_16,112.0,0.5,0.33333333333333326,,1.0,0.8298982707735764,0
1216__2093_1200,328,5,t_8_16,96.0,0.25,0.125,0.1864683596612791,2.0,0.746543387468616,0
1216__2093_1200,329,5,t_8_16,80.0,0.5,0.375,,1.0,0.5847682198427929,0
1216__2093_1200,330,5,t_8_16,112.0,0.5,0.25,0.1386293458861857,3.0,0.6803752248186329,0
1216__2093_1200,331,5,t_8_16,112.0,0.0,0.16666666666666663,0.6534936857905771,3.0,0.0,1
1216__2093_1200,332,5,t_8_16,156.0,0.0,0.08333333333333337,0.788205881708554,2.0,0.0,1
1216__2093_1200,333,5,t_8_16,192.0,0.0,0.0625,0.6880269979655758,4.0,0.0068830873984789065,1
1216__2093_1200,334,5,t_8_16,165.0,0.0,0.20833333333333337,0.6227876289393942,2.0,0.6323444289232761,0
1216__2093_1200,335,5,t_8_16,90.0,0.25,0.125,0.6846401259075399,2.0,0.05149118380342449,1
1216__2093_1200,336,5,t_8_16,108.0,0.0,0.0,0.1374688700344257,2.0,0.0,1
1216__2093_1200,337,5,t_8_16,253.0,0.0,0.0625,0.2160868398465985,3.0,0.7098811557469353,0
1216__2093_1200,338,5,t_8_16,170.0,0.0,0.0,0.9973898189688675,2.0,0.20487430468194928,1
1216__2093_1200,339,5,t_8_16,120.0,0.25,0.08333333333333337,0.2504872640731733,3.0,0.6107015602458444,0
1216__2093_1200,340,5,t_8_16,90.00009155273438,0.25,0.0,0.14561546274745518,5.0,0.609925310119566,0
1216__2093_1200,341,5,t_8_16,95.99981689453125,0.25,0.125,0.1222426970306718,5.0,0.0,1
1216__2093_1200,342,5,t_8_16,187.00033569335938,0.0,0.20833333333333337,0.995379180227834,2.0,0.052624264691601655,1
1216__2093_1200,343,5,t_8_16,120.0,0.25,0.0,0.3251948678353894,2.0,0.0,1
1216__2093_1200,344,5,t_8_16,168.0,0.0,0.0,0.08791556892660145,2.0,0.6671647813056437,0
1216__2093_1200,345,5,t_8_16,130.00079345703125,0.0,0.25,0.6612510994496554,2.0,0.11276092951810598,1
1216__2093_1200,346,5,t_8_16,120.0,0.5,0.0,0.10834693609670008,2.0,0.00011317142970424231,1
1216__2093_1200,347,5,t_8_16,88.0,0.25,0.125,,1.0,0.4810405308931951,1
121a03fea,0,3,t_8_16,117.00003433227539,0.25,0.375,,1.0,0.7618872266973552,0
121a03fea,1,3,t_8_16,179.9996032710187,0.0,0.0625,0.2390298694846441,4.0,0.8434927132816443,0
1224__600_1200,0,5,t_8_16,168.0,0.25,0.0,0.1385557551900515,2.0,0.6533431973831082,0
1224__600_1200,1,5,t_8_16,154.0,0.5,0.09999999999999998,0.08444568973093136,3.0,0.7573945668402786,0
1224__600_1200,2,5,t_8_16,182.00021362304688,0.75,0.050000000000000044,0.03192883380459281,4.0,0.8553040000000003,0
1233__0_1928,0,5,t_8_16,112.0,0.75,0.16666666666666674,0.08907559582798179,3.0,0.7838369824583205,0
1233__0_1928,1,5,s_16_32,279.998779296875,0.25,0.1875,0.1384584472400043,3.0,0.6659478727238299,0
1233__0_1928,2,5,t_8_16,128.0,0.5,0.08333333333333337,0.07642910886266216,2.0,0.6211454687500023,0
1233__0_1928,3,5,t_8_16,95.99938964936882,0.0,0.0,0.40579933834726734,4.0,0.5384993036864446,0
1233__0_1928,4,5,t_8_16,199.99969482421875,0.5,0.25,0.09651194600416228,4.0,0.678307680000007,0
1233__0_1928,5,5,t_8_16,112.00000762939453,0.0,0.125,,1.0,0.6025590371274658,0
1233__0_1928,6,5,t_8_16,72.0,0.5,0.08333333333333337,0.2558440856421373,3.0,0.7167258730270567,0
1233__0_1928,7,5,t_8_16,72.0,0.75,0.0,0.20913938580052183,4.0,0.5699855797137113,0
1233__0_1928,8,5,t_8_16,84.0,0.5,0.19999999999999996,0.0038437714911734575,5.0,0.7353276377427773,0
1233__0_1928,9,5,t_8_16,84.0,0.25,0.14583333333333337,0.32195808483574506,4.0,0.6622527166926044,0
1233__0_1928,10,5,t_8_16,168.0,0.0,0.0,0.01963932851006869,4.0,0.7802838330919701,0
1233__0_1928,11,5,t_8_16,140.0,0.0,0.16666666666666674,0.10553868523264179,3.0,0.5317595405561669,0
1233__0_1928,12,5,t_8_16,84.0,0.75,0.0,0.14769768206058206,5.0,0.7053240738127654,0
1233__0_1928,13,5,t_8_16,80.0,0.25,0.125,,1.0,0.7064355600759983,0
1233__0_1928,14,5,t_8_16,120.0,0.25,0.125,,1.0,0.8027475499593457,0
1233__0_1928,15,5,t_8_16,84.0,0.5,0.125,0.18766428303463817,3.0,0.6420771724791157,0
1233__0_1928,17,5,t_8_16,96.0,0.5,0.22916666666666674,0.0006691035130963829,4.0,0.71683016664681,0
1233__0_1928,18,5,t_8_16,84.0,0.75,0.19999999999999996,0.07763320955666901,5.0,0.6175380665599964,0
1233__0_1928,19,5,t_8_16,98.0,0.5,0.09999999999999998,0.22683623796239016,3.0,0.6381949068228767,0
1233__0_1928,20,5,t_8_16,180.0,0.75,0.22916666666666663,0.027756921586338103,3.0,0.5269243100202712,0
1233__0_1928,21,5,t_8_16,130.0,0.25,0.29166666666666674,0.3399011355846172,2.0,0.6898357203957202,0
1233__0_1928,22,5,t_8_16,189.0,0.5,0.0,0.3395778564210656,3.0,0.6897919998967637,0
1233__0_1928,23,5,t_8_16,152.0,0.0,0.0,0.05560920663394261,2.0,0.4914238843241837,1
1233__0_1928,24,5,t_8_16,180.0,0.25,0.16249999999999998,0.5085561716461484,4.0,0.47799689708488474,1
1233__0_1928,25,5,t_8_16,105.00002861022949,0.0,0.050000000000000044,0.7198999392018246,5.0,0.465711081866322,1
1233__0_1928,26,5,t_8_16,126.0,0.25,0.125,0.19888549578157658,5.0,0.751769369491987,0
1233__0_1928,27,5,t_8_16,240.0,0.0,0.0,0.22283529568068686,4.0,0.6967021140961184,0
1233__0_1928,28,5,t_8_16,140.0,0.0,0.0,0.3443173142945802,3.0,0.41045686017994704,1
1233__0_1928,29,5,t_8_16,210.0,0.5,0.0625,0.01163968643595377,3.0,0.8273013249964642,0
1233__0_1928,30,5,t_8_16,140.0,0.25,0.25,0.6861856638261711,2.0,0.141566946648407,1
1233__0_1928,31,5,t_8_16,110.0,0.25,0.08333333333333337,0.04517841498676094,3.0,0.671914599765958,0
1233__0_1928,32,5,t_8_16,143.0,0.0,0.08333333333333337,0.5153353651837165,3.0,0.6760785510536965,0
1233__0_1928,33,5,t_8_16,90.0,0.25,0.18333333333333335,0.11501916330327731,3.0,0.7375205020492017,0
1233__0_1928,34,5,t_8_16,119.0,0.25,0.08333333333333337,0.055137429455017796,5.0,0.6632713336602937,0
128__1800_1800,0,5,t_8_16,100.0006103515625,0.5,0.29999999999999993,0.1582708864032587,5.0,0.6398626663789333,0
128__1800_1800,1,5,t_8_16,87.99951171875,0.25,0.25,,1.0,0.6656407327591032,0
128__1800_1800,2,5,t_8_16,120.0,0.75,0.20833333333333337,0.03813806950604938,2.0,0.7218999788893846,0
128__1800_1800,3,5,t_8_16,108.0,0.6666666666666666,0.2777777777777778,0.9291595046651409,2.0,0.0,1
128__1800_1800,4,5,t_8_16,84.0008544921875,0.0,0.0,0.014984568971290189,5.0,0.5005865772202678,0
128__1800_1800,6,5,t_8_16,216.0,0.0,0.19999999999999996,0.19319966277960726,5.0,0.5652205270748186,0
128__1800_1800,8,5,t_8_16,128.0,0.0,0.0,0.24626234073732423,2.0,0.7289544780797959,0
128__1800_1800,9,5,t_8_16,140.0008544921875,0.25,0.125,0.2539776381566101,2.0,0.8479470629777844,0
128__1800_1800,10,5,t_8_16,168.0,0.25,0.0,0.11489464073570561,4.0,0.6835829846565337,0
128__1800_1800,11,5,t_8_16,100.0,0.0,0.0,,1.0,0.6679724138936198,0
128__1800_1800,13,5,t_8_16,168.0,0.0,0.08333333333333337,0.3837526428907968,3.0,0.5164764812152148,0
128__1800_1800,14,5,t_8_16,144.0,0.25,0.125,0.020289318467576895,2.0,0.8036903899977382,0
128__1800_1800,15,5,t_8_16,72.0,0.25,0.29166666666666674,0.1733024621811849,2.0,0.4855880174142654,1
128__1800_1800,16,5,t_8_16,100.0,0.25,0.25,0.9999350954164604,2.0,0.7163029564387376,0
128__1800_1800,17,5,t_8_16,112.0,0.0,0.20833333333333337,0.11232917421766556,2.0,0.730615346493129,0
128__1800_1800,18,5,t_8_16,144.0,0.25,0.18333333333333335,0.2454205535689058,3.0,0.6477061104223069,0
128__1800_1800,19,5,t_8_16,96.0,0.25,0.5,,1.0,0.7338628360611469,0
128__1800_1800,20,5,t_8_16,112.0001220703125,0.25,0.0,0.07254011743133489,5.0,0.6985997517386644,0
128__1800_1800,21,5,t_8_16,96.0,0.0,0.125,0.7973693702419581,4.0,0.6934287702457217,0
128__1800_1800,22,5,t_8_16,176.0,0.0,0.33333333333333337,0.5273341029895581,2.0,0.71751553207192,0
128__1800_1800,23,5,t_8_16,140.0,0.0,0.08333333333333337,0.7443040233946627,2.0,0.5858195190416485,0
128__1800_1800,24,5,t_8_16,112.0,0.0,0.0,0.09709932222435193,2.0,0.731974613862387,0
128__1800_1800,25,5,t_8_16,72.0,0.25,0.0,0.19995912482872252,5.0,0.4358978564462343,1
128__1800_1800,26,5,t_8_16,144.0,0.0,0.08333333333333337,0.27296147895107054,2.0,0.7731269151581457,0
128__1800_1800,27,5,t_8_16,120.000732421875,0.5,0.25,0.5258463587818711,4.0,0.8902756472610278,0
128__1800_1800,28,5,t_8_16,84.0,0.75,0.0,0.014823049963603166,3.0,0.7549038554449705,0
128__1800_1800,29,5,t_8_16,140.0,0.25,0.08333333333333337,0.1538296067657503,2.0,0.6346227100863676,0
128__1800_1800,30,5,t_8_16,84.0,0.5,0.18333333333333335,0.12202787677025047,3.0,0.7325784380446025,0
128__1800_1800,31,5,t_8_16,156.0,0.25,0.0,0.031731695605508495,2.0,0.7126673388819751,0
128__1800_1800,32,5,t_8_16,143.99981689453125,0.5,0.08333333333333337,0.1751324293480359,3.0,0.921422250260671,0
128__1800_1800,33,5,t_8_16,144.0,0.25,0.16666666666666674,0.4131517064625715,2.0,0.733507151152678,0
128__1800_1800,34,5,t_8_16,120.0,0.25,0.18333333333333335,0.12692798881606587,3.0,0.6527161429771582,0
128__1800_1800,35,5,t_8_16,95.9996337890625,0.5,0.09999999999999998,0.18384958525487263,5.0,0.676651531128435,0
128__1800_1800,37,5,t_8_16,104.0,0.0,0.25,,1.0,0.616016659003184,0
128__1800_1800,38,5,t_8_16,132.0,0.0,0.125,0.23816574853407207,2.0,0.7322041730683646,0
128__1800_1800,39,5,t_8_16,131.99981689453125,0.25,0.33333333333333337,0.6016390907339902,2.0,0.8259808548124831,0
128__1800_1800,40,5,t_8_16,140.0,0.5,0.08333333333333337,0.2656267712481392,2.0,0.790846702486723,0
128__1800_1800,41,5,t_8_16,168.0,0.25,0.0,0.006316223386972114,5.0,0.7036474893007165,0
128__1800_1800,42,5,t_8_16,180.0,0.0,0.125,0.12920201918158447,4.0,0.7560348192366839,0
128__1800_1800,43,5,t_8_16,139.99969482421875,0.0,0.2666666666666667,0.30237526666050246,3.0,0.7256489735415513,0
128__1800_1800,44,5,t_8_16,156.0,0.25,0.125,0.12526825390925314,4.0,0.7507766283485908,0
128__1800_1800,45,5,t_8_16,119.9993896484375,0.0,0.0,0.2571106319318504,2.0,0.7157633540906392,0
128__1800_1800,46,5,t_8_16,130.00030517578125,0.5,0.19999999999999996,0.003259350215511519,5.0,0.7551701206860867,0
128__1800_1800,47,5,t_8_16,96.0,0.25,0.125,0.2452047530385691,2.0,0.6528795507617421,0
128__1800_1800,48,5,t_8_16,120.0,0.25,0.08333333333333337,0.04043348952402083,3.0,0.6193991233843883,0
128__1800_1800,49,5,t_8_16,162.0010986328125,0.25,0.09999999999999998,0.06377820684352639,3.0,0.7740972019815576,0
128__1800_1800,50,5,t_8_16,216.0,0.0,0.125,0.16333077607715749,3.0,0.6065524190239758,0
128__1800_1800,51,5,t_8_16,192.0,0.25,0.0625,0.1262963223047534,4.0,0.8354461798037041,0
128__1800_1800,52,5,t_8_16,84.0,0.25,0.125,0.9999385254760796,1.0,0.626647912499656,0
128__1800_1800,53,5,t_8_16,96.0,0.5,0.0,0.2212129016594435,3.0,0.64182145072877,0
128__1800_1800,54,5,t_8_16,112.0,0.25,0.08333333333333337,0.14813722777413374,3.0,0.7338344225094903,0
128__1800_1800,55,5,t_8_16,144.0,0.5,0.0,0.020406535546439605,3.0,0.6198024817363574,0
128__1800_1800,56,5,t_8_16,136.0,0.25,0.0,0.24142531679209012,2.0,0.6438369148798025,0
128__1800_1800,58,5,t_8_16,160.0,0.75,0.5,,0.0,0.5872731050578051,0
128__1800_1800,59,5,t_8_16,160.0,0.25,0.0,0.008003812894305662,2.0,0.7075444730526809,0
128__1800_1800,60,5,t_8_16,84.0,0.0,0.125,0.27840580741330634,2.0,0.0,1
128__1800_1800,61,5,t_8_16,140.0,0.0,0.0,0.9999997127583354,1.0,0.6854797671469196,0
128__1800_1800,62,5,t_8_16,175.99835205450654,0.25,0.125,0.03107937026407718,3.0,0.7300138115207662,0
128__1800_1800,63,5,t_8_16,80.0,0.0,0.0,,1.0,0.6236196184508463,0
128__1800_1800,64,5,t_8_16,119.9993896484375,0.25,0.45833333333333337,0.22048887924626315,2.0,0.7381300396206965,0
128__1800_1800,65,5,t_8_16,80.0,0.25,0.125,,1.0,0.517763197006618,0
128__1800_1800,66,5,t_8_16,108.0,0.25,0.125,0.06770324425922766,2.0,0.583850206263574,0
128__1800_1800,67,5,t_8_16,168.0,0.25,0.0,0.00885459864964092,2.0,0.7606574316347581,0
128__1800_1800,68,5,t_8_16,108.0003662109375,0.0,0.125,,1.0,0.7944617307618393,0
128__1800_1800,69,5,t_8_16,160.0,0.5,0.16666666666666674,0.11980598581822918,3.0,0.8950494141157842,0
128__1800_1800,70,5,t_8_16,159.99996948242188,0.75,0.09999999999999998,0.05113334432926092,3.0,0.7278561270023799,0
128__1800_1800,71,5,t_8_16,180.0,0.75,0.09999999999999998,0.005099720489736541,3.0,0.7424598071818125,0
128__1800_1800,72,5,t_8_16,143.9996337890625,0.5,0.0,0.1794183848087851,5.0,0.7854863541666655,0
128__1800_1800,73,5,t_8_16,84.0,0.0,0.0625,0.31165676402553455,3.0,0.4498851655648974,1
128__1800_1800,74,5,t_8_16,143.00023651099764,0.25,0.25,0.2853553388141189,4.0,0.6985942570901871,0
128__1800_1800,75,5,t_8_16,180.0,0.25,0.09999999999999998,0.030845131201393674,3.0,0.759761294858005,0
128__1800_1800,76,5,t_8_16,144.0,0.25,0.08333333333333337,0.11018553072102397,3.0,0.6634376398644067,0
128__1800_1800,77,5,t_8_16,196.0,0.25,0.17500000000000004,0.1307623726867675,4.0,0.7574678215166288,0
128__1800_1800,78,5,t_8_16,120.0,0.25,0.08333333333333337,0.22040218241729684,2.0,0.7875386272670746,0
128__1800_1800,79,5,t_8_16,132.0,0.25,0.08333333333333337,0.3120880148983818,2.0,0.8374440876023282,0
128__1800_1800,80,5,t_8_16,139.99957275390625,0.25,0.125,0.47387652917972417,2.0,0.8497170189858577,0
128__1800_1800,81,5,t_8_16,144.0,0.25,0.125,0.24089984577427775,2.0,0.568277697742215,0
128__1800_1800,82,5,t_8_16,144.0,0.75,0.16666666666666674,0.17248563900216377,3.0,0.9012116751030376,0
128__1800_1800,83,5,t_8_16,87.99966430664062,0.0,0.125,0.9538018420368399,2.0,0.6386857287648028,0
128__1800_1800,84,5,t_8_16,96.0,0.0,0.20833333333333337,0.7346582854840495,3.0,0.0,1
128__1800_1800,85,5,t_8_16,192.0,0.25,0.0,0.05804437125204376,5.0,0.6948831829493548,0
128__1800_1800,86,5,t_8_16,132.0,0.25,0.20833333333333337,0.3214785404390645,2.0,0.9005698195509374,0
128__1800_1800,87,5,t_8_16,126.00042724609375,0.75,0.08333333333333337,0.048246949411609535,2.0,0.6428343575898068,0
128__1800_1800,88,5,t_8_16,72.0,0.25,0.08333333333333337,0.17582726919500752,2.0,0.730246045755696,0
128__1800_1800,89,5,t_8_16,139.99996185302734,0.25,0.08333333333333337,0.16724918863584903,2.0,0.7906004701894983,0
128__1800_1800,90,5,t_8_16,120.0,0.0,0.125,,1.0,0.8109022384864871,0
128__1800_1800,91,5,t_8_16,120.0,0.25,0.23750000000000004,0.09412463248469134,5.0,0.502375122268176,0
128__1800_1800,93,5,t_8_16,100.0,0.0,0.125,,1.0,0.7653701238223136,0
128__1800_1800,94,5,t_8_16,224.0,0.5,0.09999999999999998,0.005466301962032462,3.0,0.7500994311836646,0
128__1800_1800,95,5,t_8_16,72.0,0.25,0.16666666666666674,0.04662080448398715,2.0,0.5241408806824733,0
128__1800_1800,96,5,t_8_16,96.0,0.25,0.25,,1.0,0.5001005279609226,0
128__1800_1800,97,5,t_8_16,120.0,0.5,0.33333333333333337,0.2039042256254262,2.0,0.8807965087848693,0
128__1800_1800,98,5,t_8_16,216.0,0.0,0.050000000000000044,0.021203224094948427,5.0,0.6186808703703706,0
128__1800_1800,99,5,t_8_16,96.0,0.25,0.25,0.6700591335046284,2.0,0.6165654072457443,0
128__1800_1800,100,5,t_8_16,160.0,0.5,0.09999999999999998,0.17934032882658119,3.0,0.8979958042226973,0
128__1800_1800,101,5,t_8_16,192.0,0.0,0.125,0.26061144165844197,4.0,0.4673683352391427,1
128__1800_1800,102,5,t_8_16,180.0,0.25,0.09999999999999998,0.0858176617204376,3.0,0.7931481717923522,0
128__1800_1800,103,5,t_8_16,132.0,0.25,0.125,0.198413683881502,2.0,0.7435352397125038,0
128__1800_1800,104,5,t_8_16,200.0,0.0,0.15000000000000002,0.33040886744905984,2.0,0.6905116312240513,0
128__1800_1800,105,5,t_8_16,112.0,0.5,0.25,0.06306322665673181,3.0,0.6295463958163994,0
128__1800_1800,106,5,t_8_16,126.0,0.25,0.25,,1.0,0.7986280389842463,0
128__1800_1800,107,5,t_8_16,168.0,0.0,0.08333333333333337,0.3357182881024206,2.0,0.7929445714285746,0
128__1800_1800,108,5,t_8_16,120.0,0.0,0.0,0.8799085061190723,2.0,0.7823735263777699,0
128__1800_1800,109,5,t_8_16,128.0,0.25,0.0,0.10914407297048988,2.0,0.7755748353179106,0
128__1800_1800,110,5,t_8_16,167.999267578125,0.5,0.29166666666666674,0.08781392499151171,3.0,0.778493625202213,0
128__1800_1800,111,5,t_8_16,196.0,0.5,0.20833333333333337,0.030608995142686547,2.0,0.7184646890719609,0
128__1800_1800,112,5,t_8_16,220.0,0.0,0.125,0.8902412351122323,2.0,0.41268383368098543,1
128__1800_1800,113,5,t_8_16,224.0009765625,0.0,0.0625,0.09577400872527646,4.0,0.6678212711336929,0
128__1800_1800,114,5,t_8_16,167.9991455078125,0.25,0.08333333333333337,0.01066847660139008,2.0,0.8326549906376072,0
128__1800_1800,115,5,t_8_16,196.0,0.25,0.1416666666666666,0.20670590058633112,5.0,0.7602645663265236,0
128__1800_1800,116,5,t_8_16,156.0,0.0,0.0,0.5855999779947043,2.0,0.4197751757693924,1
128__1800_1800,117,5,t_8_16,209.9991455078125,0.25,0.0625,0.10097160183429217,3.0,0.7140841829711393,0
128__1800_1800,118,5,t_8_16,128.0,0.25,0.0,0.010488689545825118,2.0,0.7145084230074586,0
128__1800_1800,120,5,t_8_16,64.0,0.5,0.5,,0.0,0.4514540594544266,1
128__1800_1800,121,5,t_8_16,126.0008544921875,0.0,0.09999999999999998,0.1472694558506051,3.0,0.6364440204381149,0
128__1800_1800,124,5,t_8_16,168.0,0.25,0.0,0.32740650891060663,2.0,0.5978872835289997,0
128__1800_1800,125,5,t_8_16,224.0,0.25,0.09999999999999998,0.27650304669012143,3.0,0.7615456623854067,0
128__1800_1800,126,5,t_8_16,128.0,0.25,0.0,0.2429845188073357,2.0,0.9013578069480013,0
128__1800_1800,127,5,t_8_16,164.99932861328125,0.0,0.0,0.30964612288228194,3.0,0.5932975304161268,0
128__1800_1800,128,5,t_8_16,160.0,0.25,0.08333333333333337,0.5167524617083025,2.0,0.669363459639266,0
128__1800_1800,129,5,t_8_16,72.0,0.5,0.0,0.2528164412096087,3.0,0.6261770007744506,0
128__1800_1800,130,5,t_8_16,144.0,0.25,0.16666666666666674,0.16140639109359461,2.0,0.719754439617852,0
128__1800_1800,131,5,t_8_16,168.0,0.5,0.125,0.028130474376374105,4.0,0.8347417440521784,0
128__1800_1800,132,5,t_8_16,99.0,0.25,0.25,,1.0,0.7598594747186757,0
128__1800_1800,133,5,t_8_16,140.0,0.0,0.125,0.9999998681754892,1.0,0.7212212762963754,0
128__1800_1800,134,5,t_8_16,84.0,0.25,0.125,0.30595255016221445,3.0,0.7089184840038156,0
128__1800_1800,135,5,t_8_16,80.0,0.25,0.25,0.1281553418840664,2.0,0.6492181233165825,0
128__1800_1800,136,5,t_8_16,96.0,0.25,0.25,0.999999258280907,1.0,0.6312584614772139,0
128__1800_1800,137,5,t_8_16,104.0,0.5,0.125,0.044149035479643106,2.0,0.7666140713549668,0
128__1800_1800,138,5,t_8_16,72.0,0.0,0.14583333333333337,0.38389180875222034,3.0,0.4515425110687751,1
128__1800_1800,139,5,t_8_16,160.0,0.25,0.08333333333333337,0.14578349510261715,3.0,0.8227629230490635,0
128__1800_1800,140,5,t_8_16,160.0,0.25,0.08333333333333337,0.280968358817067,3.0,0.7176512608139526,0
128__1800_1800,141,5,t_8_16,95.9996337890625,0.0,0.24285714285714288,0.2533436355578355,5.0,0.6344054741791023,0
128__1800_1800,142,5,t_8_16,120.0,0.25,0.08333333333333337,0.3640788790307265,3.0,0.7821010151576293,0
128__1800_1800,143,5,t_8_16,90.0,0.0,0.0625,0.017804093212350384,4.0,0.5821369356527945,0
128__1800_1800,144,5,t_8_16,108.0,0.0,0.08333333333333337,0.49715145018790174,2.0,0.6049407871857428,0
128__1800_1800,145,5,t_8_16,120.0,0.25,0.375,,1.0,0.7870763930256603,0
128__1800_1800,146,5,t_8_16,144.0,0.25,0.0,0.1019606731448311,3.0,0.8601348923816018,0
128__1800_1800,147,5,t_8_16,120.0,0.0,0.08333333333333337,0.20441195751734278,2.0,0.7510294340605105,0
128__1800_1800,148,5,t_8_16,144.0,0.5,0.0,0.10515359135019822,3.0,0.7038874499409116,0
128__1800_1800,149,5,t_8_16,139.99996185302734,0.25,0.25,,1.0,0.7681178214412979,0
128__1800_1800,150,5,t_8_16,196.0,0.0,0.09999999999999998,0.01640943917192732,4.0,0.6391736676301637,0
128__1800_1800,151,5,t_8_16,140.0,0.25,0.25,,1.0,0.820520869003631,0
128__1800_1800,152,5,t_8_16,128.0,0.5,0.25,0.23100282387939422,2.0,0.7532081245214738,0
128__1800_1800,153,5,t_8_16,96.0,0.5,0.5,,0.0,0.6674344688060964,0
128__1800_1800,154,5,t_8_16,120.0,0.75,0.29999999999999993,0.06820812480266016,5.0,0.6749889344328273,0
128__1800_1800,155,5,t_8_16,100.0,0.0,0.125,0.1269381313856898,2.0,0.8037808823567643,0
128__1800_1800,156,5,t_8_16,160.0,0.5,0.08333333333333337,0.19535911200694556,3.0,0.7355329537460067,0
128__1800_1800,157,5,t_8_16,120.0,0.25,0.08333333333333337,0.27889424778952765,2.0,0.7517505012484377,0
128__1800_1800,158,5,t_8_16,168.0,0.0,0.08333333333333337,0.16700635119409787,2.0,0.7672589687698694,0
128__1800_1800,159,5,t_8_16,196.0,0.25,0.2666666666666667,0.16597501555865962,3.0,0.848528254979658,0
128__1800_1800,160,5,t_8_16,80.0,0.25,0.25,0.2177109532936436,3.0,0.6374092087799412,0
128__1800_1800,161,5,t_8_16,160.0,0.0,0.09999999999999998,0.5693250562013827,3.0,0.0,1
128__1800_1800,162,5,t_8_16,192.0,0.0,0.16666666666666674,0.0889449551715769,2.0,0.7990742368039268,0
128__1800_1800,163,5,t_8_16,144.0009765625,0.25,0.09999999999999998,0.105122633211748,3.0,0.7350471296577015,0
128__1800_1800,164,5,t_8_16,96.0,0.5,0.375,0.1526709018123072,2.0,0.631401374039885,0
128__1800_1800,165,5,t_8_16,102.00009155273438,0.0,0.0,0.23883466289417704,5.0,0.484381553923161,1
128__1800_1800,166,5,t_8_16,72.0,0.5,0.125,0.01927892625546878,2.0,0.7666251787201415,0
128__1800_1800,167,5,t_8_16,140.0,0.25,0.0,0.2076999884157891,2.0,0.763812255621045,0
128__1800_1800,168,5,t_8_16,96.0,0.5,0.19999999999999996,0.09717360018250583,3.0,0.6323806562662007,0
128__1800_1800,169,5,t_8_16,90.0,0.0,0.0,0.5489680156441902,2.0,0.41848098975037057,1
128__1800_1800,170,5,t_8_16,144.0,0.25,0.14583333333333337,0.539125276465022,3.0,0.8598080764381268,0
128__1800_1800,171,5,t_8_16,195.9991455078125,0.5,0.0,0.0840143779376303,3.0,0.8430052908760559,0
128__1800_1800,172,5,t_8_16,120.0,0.6666666666666666,0.22222222222222232,0.1494050781097543,2.0,0.7496892333333313,0
128__1800_1800,173,5,t_8_16,140.0,0.25,0.08333333333333337,0.08424249895657554,2.0,0.8302238485121379,0
128__1800_1800,174,5,t_8_16,150.0,0.25,0.08333333333333337,0.10787303697777888,2.0,0.7887618352597984,0
128__1800_1800,175,5,t_8_16,120.0,0.25,0.25,,1.0,0.7650358326673237,0
128__1800_1800,176,5,t_8_16,88.0,0.0,0.0,,1.0,0.6983666449849115,0
136__600_1200,0,5,t_8_16,80.0,0.5,0.5,,0.0,0.49297629038825813,1
136__600_1200,1,5,s_16_32,392.0002136230469,0.5,0.10833333333333339,0.2166765640003726,9.0,0.6701578928571424,0
136__600_1200,2,5,t_8_16,240.0,0.5,0.18333333333333335,0.019651728662148697,3.0,0.7673911699760689,0
136__600_1200,3,5,t_8_16,180.0,0.0,0.0625,0.06949055447523173,3.0,0.6981668136385936,0
136__600_1200,4,5,t_8_16,200.0,0.0,0.0,0.5080170860160437,2.0,0.8236287255234817,0
136__600_1200,5,5,s_16_32,264.0,0.25,0.09166666666666667,0.1598332879788632,5.0,0.759370799391807,0
136__600_1200,6,5,t_8_16,175.9998779296875,0.25,0.0,0.12535828419112327,3.0,0.5550451249999996,0
136__600_1200,7,5,t_8_16,159.9993896484375,0.5,0.125,0.05138830715067965,2.0,0.8254578757271865,0
136__600_1200,8,5,t_8_16,144.0,0.25,0.08333333333333337,0.09574952467863476,3.0,0.8819828735928033,0
136__600_1200,9,5,t_8_16,128.0,0.5,0.16666666666666663,0.19119761525572523,3.0,0.7795135572781717,0
136__600_1200,10,5,t_8_16,240.0,0.25,0.0625,0.009714218021431974,4.0,0.6564075416666633,0
136__600_1200,11,5,t_8_16,96.0,0.25,0.125,0.2425970868751923,2.0,0.8041981131725813,0
136__600_1200,12,5,t_8_16,112.0,0.25,0.20833333333333337,0.3202822023208469,2.0,0.7948293115397023,0
136__600_1200,13,5,t_8_16,140.0,0.5,0.0,0.03637856952536692,2.0,0.6431173640574082,0
136__600_1200,14,5,t_8_16,120.0,0.75,0.125,0.0027771480355435795,2.0,0.7673658858454697,0
136__600_1200,15,5,t_8_16,168.0,0.25,0.0,0.024818660755256246,3.0,0.6980801808004571,0
136__600_1200,16,5,t_8_16,120.0,0.0,0.20833333333333337,0.12364316559824474,2.0,0.5131762315503242,0
136__600_1200,17,5,t_8_16,96.0,0.0,0.125,0.03631415937893513,4.0,0.6262399611562293,0
136__600_1200,18,5,t_8_16,240.0,0.5,0.09999999999999998,0.01303281954113644,5.0,0.6305980639296254,0
136__600_1200,19,5,s_16_32,264.0,0.25,0.0,0.44732733068953684,3.0,0.5252525997591417,0
136__600_1200,20,5,t_8_16,180.0,0.5,0.125,0.10680397856696787,4.0,0.7711573085079951,0
136__600_1200,21,5,t_8_16,112.0,0.25,0.08333333333333337,0.33922503886253896,3.0,0.7012548236193851,0
136__600_1200,22,5,t_8_16,140.0,0.5,0.22916666666666674,0.2188836640776449,3.0,0.6884622933616872,0
136__600_1200,23,5,t_8_16,216.0,0.25,0.08333333333333337,0.10247232304133297,3.0,0.5705804261011777,0
136__600_1200,24,5,t_8_16,153.0,0.0,0.0,0.7912612628789251,2.0,0.6122332808397434,0
136__600_1200,25,5,t_8_16,127.99951171875,0.25,0.20833333333333337,0.058220086899334944,2.0,0.8031158478728414,0
136__600_1200,26,5,t_8_16,112.0,0.75,0.25,0.09603170470824084,3.0,0.6984850903252968,0
136__600_1200,27,5,t_8_16,143.99945068359375,0.25,0.0,0.2365136793170511,3.0,0.6509809652777779,0
136__600_1200,28,5,t_8_16,126.0,0.0,0.25,,1.0,0.8541775411490384,0
136__600_1200,29,5,t_8_16,96.0,0.25,0.25,0.5183883752369604,2.0,0.8632360709548308,0
136__600_1200,30,5,t_8_16,128.0,0.25,0.0,0.013586907197649717,2.0,0.7674434999999967,0
136__600_1200,31,5,t_8_16,84.0,0.0,0.0,0.24553294676507567,3.0,0.716061923244347,0
136__600_1200,32,5,t_8_16,144.0,0.5,0.0,0.08182365915432402,2.0,0.7196442010066011,0
136__600_1200,33,5,t_8_16,149.9993896484375,0.25,0.16666666666666674,0.07683697102728525,2.0,0.637307649079241,0
136__600_1200,34,5,t_8_16,128.0,0.5,0.0,0.013572981701741536,2.0,0.7512101966923711,0
136__600_1200,35,5,t_8_16,84.0,0.5,0.08333333333333337,0.034677135941952965,3.0,0.7609650446839434,0
136__600_1200,36,5,t_8_16,88.0,0.0,0.0,,1.0,0.7248538609623684,0
136__600_1200,37,5,t_8_16,168.0,0.25,0.25,0.3475713327887396,5.0,0.5411739293903978,0
136__600_1200,38,5,t_8_16,112.0,0.25,0.08333333333333337,0.21833557484749033,2.0,0.6844086918466994,0
136__600_1200,39,5,t_8_16,112.0,0.0,0.125,,1.0,0.7926382197665347,0
136__600_1200,41,5,t_8_16,80.0,0.25,0.25,,1.0,0.7157549925522864,0
136__600_1200,42,5,s_16_32,456.0,0.25,0.03125,0.020099857170586016,8.0,0.7802278268155167,0
136__600_1200,43,5,t_8_16,156.0,0.0,0.0,0.0966869124929094,5.0,0.5829828205128215,0
136__600_1200,44,5,t_8_16,84.0,0.25,0.0,0.18506730571669183,3.0,0.7393265665148753,0
136__600_1200,45,5,t_8_16,224.0,0.25,0.0,0.4430178754231535,5.0,0.5318933678634689,0
136__600_1200,46,5,t_8_16,252.0,0.0,0.0,0.1582005037777279,3.0,0.6229802739255694,0
136__600_1200,47,5,t_8_16,168.0,0.0,0.24583333333333335,0.19724249178368597,3.0,0.6543277789104672,0
136__600_1200,48,5,s_16_32,312.0,0.0,0.0,0.9244000123779588,5.0,0.7360489935897423,0
136__600_1200,49,5,t_8_16,108.0,0.0,0.11904761904761907,0.025719601757500533,6.0,0.6908630333735323,0
136__600_1200,50,5,t_8_16,96.0,0.75,0.09999999999999998,0.07288307045724979,5.0,0.6966685966759798,0
136__600_1200,51,5,t_8_16,128.0,0.5,0.16666666666666674,0.047456024689320066,2.0,0.6615810127076592,0
136__600_1200,52,5,t_8_16,96.0,0.0,0.0,0.7624236035606867,2.0,0.7436210271146148,0
136__600_1200,53,5,t_8_16,96.00004577636719,0.75,0.19999999999999996,0.09207775606796773,3.0,0.6283170970304989,0
136__600_1200,54,5,t_8_16,80.0,0.25,0.25,0.30114730948166896,2.0,0.7504856129266051,0
136__600_1200,55,5,t_8_16,128.0,0.25,0.20833333333333337,0.2300479989598097,2.0,0.8418771793335598,0
136__600_1200,56,5,t_8_16,98.0,0.25,0.0,0.06019404594738765,5.0,0.6339038251074733,0
136__600_1200,58,5,t_8_16,96.0,0.25,0.125,0.11698768669297346,2.0,0.6962550584614748,0
136__600_1200,59,5,t_8_16,83.9996337890625,0.25,0.17500000000000004,0.08568945720229305,4.0,0.5589660693218024,0
136__600_1200,60,5,s_16_32,532.0,0.5,0.15340909090909094,0.19700313999392835,8.0,0.8801553109529213,0
136__600_1200,61,5,t_8_16,72.0,0.25,0.18333333333333335,0.3249246180157135,3.0,0.813369818361124,0
136__600_1200,62,5,t_8_16,84.0,0.25,0.1499999999999999,0.3727228605508685,5.0,0.5264017306569786,0
136__600_1200,63,5,t_8_16,160.0,0.0,0.16666666666666674,0.06961787558239789,2.0,0.8045304569169405,0
136__600_1200,64,5,t_8_16,72.0,0.75,0.09999999999999998,0.0450173620084464,5.0,0.7039371772539532,0
136__600_1200,65,5,t_8_16,126.0000171661377,0.3333333333333333,0.0,0.16485917390254243,3.0,0.6897818409113288,0
136__600_1200,66,5,s_16_32,288.0,0.25,0.14583333333333337,0.00947410193779053,6.0,0.712114598618776,0
136__600_1200,67,5,t_8_16,72.0,0.5,0.0625,0.09413063428362087,3.0,0.8007761389263854,0
136__600_1200,68,5,t_8_16,128.0,0.5,0.16666666666666674,0.14399833121220396,3.0,0.7969294315211716,0
136__600_1200,69,5,t_8_16,111.99951171875,0.5,0.125,0.2417818355527526,2.0,0.862488886576506,0
136__600_1200,70,5,t_8_16,96.0,0.25,0.0,0.3807257645728868,2.0,0.7951048430209069,0
136__600_1200,71,5,t_8_16,112.0,0.25,0.2500000000000001,0.11385029567176842,3.0,0.7889248351301521,0
136__600_1200,72,5,s_16_32,576.0,0.5,0.09318181818181814,0.053091897647843375,9.0,0.7492607791586704,0
136__600_1200,73,5,s_16_32,476.0,0.25,0.0,0.166920204021984,6.0,0.6528499261819632,0
136__600_1200,74,5,t_8_16,180.0,0.25,0.19999999999999996,0.053319672745419384,5.0,0.5613133777777748,0
136__600_1200,75,5,t_8_16,191.99853515625,0.5,0.14682539682539686,0.008427693479833971,7.0,0.7078782783869751,0
136__600_1200,76,5,s_16_32,527.9999542236328,0.0,0.09090909090909083,0.19832436366933334,10.0,0.7336450836730936,0
136__600_1200,77,5,t_8_16,65.9996337890625,0.75,0.125,0.2142352809504787,4.0,0.7234356564159726,0
1384__3000_2400,0,5,s_16_32,880.0,0.75,0.12878787878787878,0.06447028824707365,10.0,0.9090695357863385,0
1384__3000_2400,1,5,s_16_32,648.0001373291016,0.0,0.0,0.2059220925970345,8.0,0.918793056715141,0
1384__3000_2400,2,5,s_16_32,720.0,0.75,0.0,0.0101198264542071,10.0,0.8600247789455686,0
1384__3000_2400,3,5,t_8_16,96.0,0.25,0.25,,1.0,0.8692011833951039,0
1384__3000_2400,4,5,t_8_16,96.0,0.25,0.0,0.18970946563603797,2.0,0.9245433541666717,0
1384__3000_2400,5,5,t_8_16,140.0,0.5,0.2666666666666667,0.04505935714752233,3.0,0.8832211055205424,0
1384__3000_2400,6,5,t_8_16,96.0,0.5,0.375,,1.0,0.8201195692964403,0
1384__3000_2400,7,5,t_8_16,112.0,0.0,0.125,0.019840965732856906,2.0,0.764192016385298,0
1384__3000_2400,8,5,t_8_16,112.0,0.75,0.375,0.008824566727228542,2.0,0.7133637795030819,0
1384__3000_2400,9,5,t_8_16,128.0,0.25,0.25,0.2466917202018802,2.0,0.7255185715782972,0
1384__3000_2400,10,5,t_8_16,240.0,0.5,0.125,0.1035325257139924,4.0,0.8327580193851338,0
1384__3000_2400,11,5,t_8_16,160.0,0.5,0.08333333333333337,0.04513714181078662,2.0,0.5768831250000062,0
1384__3000_2400,12,5,s_16_32,672.0,0.25,0.2583527583527584,0.12058691056297005,9.0,0.8778951091718981,0
1384__3000_2400,13,5,s_16_32,755.9993591308594,0.25,0.16083916083916083,0.10787463854149275,10.0,0.8347214164337124,0
1384__3000_2400,14,5,t_8_16,96.0,0.25,0.10000000000000009,0.24803901681159612,4.0,0.7110900903919689,0
1384__3000_2400,15,5,t_8_16,180.0,0.5,0.125,0.024333409291062418,2.0,0.7835260000000069,0
1384__3000_2400,16,5,t_8_16,96.0,0.75,0.0625,0.010686508321779399,4.0,0.723155820212338,0
1384__3000_2400,17,5,t_8_16,160.0,0.5,0.0,0.007975790431225642,2.0,0.6542143999999978,0
1384__3000_2400,18,5,s_16_32,792.0,0.0,0.045454545454545414,0.06807126765533884,10.0,0.7717161848545738,0
1384__3000_2400,19,5,t_8_16,96.0,0.0,0.08333333333333337,0.03203524414686922,3.0,0.8090008977243268,0
1384__3000_2400,20,5,t_8_16,96.0,0.25,0.20833333333333337,0.12990731385243376,2.0,0.7757207769769355,0
1384__3000_2400,21,5,t_8_16,140.0,0.25,0.0,0.32667217943470717,2.0,0.657916428571433,0
1384__3000_2400,22,5,s_16_32,960.0,0.0,0.1428571428571429,0.258227167022076,10.0,0.7574875167945958,0
1385__2897_2400,0,5,t_8_16,168.0,0.25,0.125,0.13335021948565623,4.0,0.7966576969831155,0
1397__1200_1200,0,5,t_8_16,159.99999046325684,0.25,0.19999999999999996,0.17240436192594366,5.0,0.7415795561363441,0
1397__1200_1200,1,5,s_16_32,288.0,0.0,0.20833333333333337,0.1978820986309897,6.0,0.5790049948502404,0
1397__1200_1200,2,5,s_16_32,396.0,0.5,0.13888888888888884,0.05585907320931929,9.0,0.7381508484848481,0
1397__1200_1200,3,5,s_16_32,320.00030517578125,0.75,0.11309523809523803,0.09023777808299616,5.0,0.6426915620591964,0
1397__1200_1200,4,5,t_8_16,120.0,0.0,0.0,,1.0,0.5978449877424608,0
1397__1200_1200,5,5,t_8_16,120.0,0.5,0.0,0.1630612743373271,2.0,0.7194060181047159,0
1397__1200_1200,6,5,t_8_16,96.0,0.0,0.0,,1.0,0.7950390961036,0
1397__1200_1200,7,5,t_8_16,96.0,0.0,0.125,,1.0,0.838607182279254,0
1397__1200_1200,8,5,t_8_16,112.0,0.0,0.125,0.8435174285122712,2.0,0.79426829798802,0
1397__1200_1200,9,5,t_8_16,84.0,0.0,0.0,0.9675944670676807,1.0,0.7801158019549631,0
1397__1200_1200,11,5,t_8_16,140.0008544921875,0.75,0.125,0.11710014043991822,4.0,0.8880752878765823,0
1397__1200_1200,12,5,t_8_16,120.000732421875,0.5,0.125,0.10307647889729711,2.0,0.8228268608944317,0
1397__1200_1200,13,5,t_8_16,140.0008544921875,0.0,0.16666666666666674,0.030586590269944924,2.0,0.6376712051139689,0
1397__1200_1200,14,5,t_8_16,196.0,0.0,0.0,0.19083570369669592,5.0,0.7004776785714292,0
1397__1200_1200,15,5,t_8_16,140.0008544921875,0.25,0.14583333333333337,0.39413894132779,3.0,0.889311087794281,0
1397__1200_1200,16,5,t_8_16,160.0009765625,0.0,0.08333333333333337,0.04511777360024487,3.0,0.7630659541386747,0
1397__1200_1200,17,5,t_8_16,168.0,0.5,0.1875,0.1373554501813044,4.0,0.7772606158253262,0
1397__1200_1200,18,5,t_8_16,160.0009765625,0.0,0.08333333333333337,0.0034173296196368477,3.0,0.7698307712281695,0
1397__1200_1200,19,5,t_8_16,160.0,0.0,0.0,0.01712336541713967,2.0,0.59003796841986,0
1397__1200_1200,20,5,t_8_16,140.0008544921875,0.5,0.25,0.16859463089891466,5.0,0.9007863550504598,0
1397__1200_1200,21,5,t_8_16,120.0,0.0,0.125,0.4549947012381751,2.0,0.8535260145200995,0
1397__1200_1200,22,5,t_8_16,224.0,0.0,0.06666666666666676,0.1377997042190521,5.0,0.5417515714285726,0
1397__1200_1200,23,5,t_8_16,196.0,0.25,0.14583333333333337,0.18117169210362122,3.0,0.6900600994696011,0
1397__1200_1200,24,5,t_8_16,168.0,0.0,0.09999999999999998,0.2895775263906674,3.0,0.8220074251750032,0
1397__1200_1200,25,5,t_8_16,144.0,0.0,0.16666666666666674,0.15645619814111392,2.0,0.7074583186941317,0
1397__1200_1200,26,5,t_8_16,96.0,0.25,0.375,0.3153709789659652,2.0,0.7156089945848674,0
1397__1200_1200,27,5,t_8_16,224.0,0.0,0.16249999999999998,0.355105789139724,4.0,0.7286381292362397,0
1397__1200_1200,28,5,t_8_16,140.0,0.5,0.0,0.030192043526366896,2.0,0.8313968215748614,0
1397__1200_1200,29,5,t_8_16,200.0,0.0,0.16666666666666674,0.2789583942192312,2.0,0.6944613819818218,0
1397__1200_1200,30,5,t_8_16,160.0,0.25,0.25,0.2475639195318384,4.0,0.7851390637035838,0
1397__1200_1200,31,5,t_8_16,160.0006713848561,0.0,0.29166666666666674,0.08319055203677532,2.0,0.8298922705140102,0
1397__1200_1200,32,5,t_8_16,164.99977111816406,0.25,0.08333333333333337,0.08396072457411295,3.0,0.7491233454545475,0
1397__1200_1200,33,5,t_8_16,186.99974060058594,0.5,0.09999999999999998,0.5595098006234126,5.0,0.6114840267379699,0
1397__1200_1200,34,5,t_8_16,204.0,0.25,0.0,0.11702881000031724,3.0,0.5976024269020263,0
1397__1200_1200,35,5,s_16_32,272.0,0.5,0.09999999999999998,0.0014685379369702945,5.0,0.7249087683768178,0
1397__1200_1200,36,5,t_8_16,254.99896240234375,0.25,0.08333333333333326,0.16416254005071684,5.0,0.5438455222005496,0
1397__1200_1200,37,5,t_8_16,150.0,0.25,0.20833333333333337,0.6238384909845307,2.0,0.0,1
1397__1200_1200,38,5,t_8_16,195.0,0.25,0.125,0.17440226334657857,4.0,0.6795804132081563,0
1397__1200_1200,39,5,t_8_16,153.99932861328125,0.0,0.08333333333333337,0.21071439674462247,2.0,0.7068430086311709,0
1397__1200_1200,40,5,s_16_32,285.0,0.25,0.07738095238095233,0.07400993486530022,6.0,0.5919031186986118,0
1397__1200_1200,41,5,t_8_16,130.0,0.0,0.29166666666666674,0.42239256659013485,2.0,0.703461193574079,0
1397__1200_1200,42,5,t_8_16,135.0,0.75,0.19999999999999996,0.07952776164275079,3.0,0.6950597534348145,0
1397__1200_1200,43,5,s_16_32,299.9995422363281,0.0,0.0714285714285714,0.9623591429621018,7.0,0.20330401224313457,1
1397__1200_1200,44,5,t_8_16,143.99945068359375,0.0,0.08333333333333337,0.3145064092225914,2.0,0.6519767867629914,0
1397__1200_1200,45,5,t_8_16,210.0,0.75,0.09166666666666667,0.006227235999461402,5.0,0.7388355999999962,0
1397__1200_1200,46,5,t_8_16,150.00091552734375,0.25,0.19999999999999996,0.1118261781304653,5.0,0.7111622633185658,0
1406__1800_600,0,5,s_16_32,384.0,0.5,0.1383928571428572,0.11865734344287075,7.0,0.8193384734880736,0
1406__1800_600,1,5,t_8_16,100.0,0.5,0.20833333333333337,0.055949759725100454,2.0,0.7574498706914884,0
1406__1800_600,2,5,t_8_16,140.00015258789062,0.0,0.16666666666666674,0.5977009722052042,2.0,0.6126919258508323,0
1406__1800_600,3,5,t_8_16,96.0,0.25,0.125,0.0764362502507317,2.0,0.8213816597796096,0
1406__1800_600,4,5,t_8_16,160.0,0.5,0.25,0.171672652502269,3.0,0.8713554836056782,0
1406__1800_600,5,5,t_8_16,220.0,0.0,0.0625,0.17553635563068395,3.0,0.7839835438500881,0
1406__1800_600,6,5,t_8_16,112.0,0.5,0.0,0.023956818603155045,2.0,0.8629838724231156,0
1406__1800_600,7,5,t_8_16,168.0,0.5,0.09999999999999998,0.022922829652997145,3.0,0.7563057142857121,0
1406__1800_600,8,5,t_8_16,111.99951171898283,0.25,0.0,0.01024776963031401,5.0,0.8183576018917045,0
1406__1800_600,9,5,t_8_16,140.0,0.0,0.0,0.38814776977775167,2.0,0.641686393138085,0
1406__1800_600,10,5,t_8_16,128.0,0.25,0.0,0.3023272381807491,2.0,0.6148234123896605,0
1406__1800_600,11,5,t_8_16,110.00030517578125,0.0,0.33333333333333337,,1.0,0.7613872634851425,0
1406__1800_600,12,5,t_8_16,120.0,0.75,0.29999999999999993,0.04402766550085334,5.0,0.9267129240925687,0
1406__1800_600,13,5,t_8_16,239.9996337890625,0.5,0.050000000000000044,0.03476980254902357,5.0,0.8374826061038989,0
1406__600_1800,0,5,t_8_16,79.99984741210938,0.0,0.0,0.09241068693710373,3.0,0.43914783881169367,1
1406__600_1800,1,5,t_8_16,104.0,0.3333333333333333,0.11111111111111116,0.22290872454865956,3.0,0.7539770470961761,0
1406__600_1800,2,5,s_16_32,352.0,0.25,0.2142857142857143,0.04554957359243695,4.0,0.9449470636459337,0
1406__600_1800,3,5,t_8_16,190.0,0.5,0.0625,0.08119641107333704,3.0,0.769287584210534,0
1420__1800_0,0,5,t_8_16,180.0,0.0,0.16249999999999998,0.35577532930691946,3.0,0.6661902310368165,0
1420__1800_0,1,5,t_8_16,120.0,0.25,0.0,0.0964268098075372,4.0,0.6788041632972965,0
1420__1800_0,2,5,t_8_16,180.0,0.0,0.08333333333333337,0.9759335548395758,3.0,0.7689829718490557,0
1420__1800_0,3,5,t_8_16,72.0,0.25,0.0,0.15774227920604086,4.0,0.41319523099057043,1
1420__1800_0,4,5,t_8_16,119.99998092651367,0.0,0.0,,1.0,0.2729518843744487,1
1420__1800_0,5,5,t_8_16,200.0,0.25,0.0,0.3844793571340716,3.0,0.7225745896881565,0
1420__1800_0,6,5,t_8_16,216.0,0.0,0.125,0.3327028064785583,4.0,0.7041105792664041,0
1420__1800_0,7,5,t_8_16,70.0,0.0,0.0,0.952285849327299,0.0,0.6075236249978748,0
1420__1800_0,8,5,t_8_16,144.0,0.25,0.08333333333333337,0.349759395962663,3.0,0.7606190916909862,0
1420__1800_0,10,5,t_8_16,168.0,0.0,0.25,0.3428535816803126,3.0,0.6468720369253778,0
1420__1800_0,11,5,t_8_16,180.0,0.25,0.0,0.09807610951999388,3.0,0.7281259495079768,0
1420__1800_0,12,5,s_16_32,264.0,0.25,0.14583333333333337,0.0481706496081291,3.0,0.5480620819688992,0
1420__1800_0,13,5,t_8_16,192.0,0.25,0.09999999999999998,0.149700564002339,3.0,0.8134343418507683,0
1420__1800_0,15,5,t_8_16,192.0,0.25,0.29166666666666674,0.11201966030085185,2.0,0.5549931948003057,0
1420__1800_0,16,5,t_8_16,200.0,0.5,0.30000000000000004,0.3540428698689442,5.0,0.6360128517421746,0
1420__1800_0,17,5,t_8_16,180.0,0.0,0.0,0.2551840680659725,2.0,0.640479503075735,0
1420__1800_0,18,5,s_16_32,308.0,0.0,0.050000000000000044,0.2380831063091515,5.0,0.3499251695474865,1
1420__1800_0,19,5,s_16_32,360.0,0.0,0.0,0.14111075650558733,6.0,0.4310813555555542,1
1420__1800_0,20,5,t_8_16,128.0,0.0,0.08333333333333337,0.31085317798850454,3.0,0.6299026246793615,0
1420__1800_0,21,5,t_8_16,251.9989013671875,0.25,0.1416666666666666,0.09353067240148089,5.0,0.531937919673812,0
1420__1800_0,22,5,t_8_16,216.0,0.5,0.08333333333333337,0.045235406026460014,4.0,0.7332679163618112,0
1420__1800_0,23,5,t_8_16,252.0,0.0,0.0,0.25831412728666464,4.0,0.0,1
1420__1800_0,24,5,t_8_16,220.0,0.5,0.0,0.08626441928832998,3.0,0.6166678909090962,0
1420__1800_0,25,5,t_8_16,180.0,0.0,0.125,0.14484373041079512,3.0,0.8080769362143659,0
1420__1800_0,26,5,s_16_32,280.0,0.0,0.125,0.03058926362093102,4.0,0.4892248214285724,1
1420__1800_0,27,5,t_8_16,216.0,0.5,0.14583333333333337,0.24690497549798054,3.0,0.6811638888888866,0
1420__1800_0,28,5,t_8_16,144.0,0.0,0.0,0.9920719734323104,0.0,0.488162173511768,1
1420__1800_0,29,5,t_8_16,128.0,0.0,0.375,,1.0,0.8172398913547321,0
1420__1800_0,30,5,t_8_16,128.0,0.25,0.08333333333333337,0.05080288331012874,3.0,0.6637172307564877,0
1420__1800_0,31,5,t_8_16,200.0,0.5,0.08333333333333337,0.19914482050917673,3.0,0.5130273916125838,0
1420__1800_0,32,5,t_8_16,168.0,0.0,0.08333333333333337,0.8581467246323292,2.0,0.6693823784277352,0
1420__1800_0,33,5,t_8_16,100.0,0.5,0.25,,1.0,0.5765847234882213,0
1420__1800_0,34,5,s_16_32,760.0,0.3333333333333333,0.0,0.08858833103237747,10.0,0.8664958328947368,0
1420__1800_0,35,5,t_8_16,160.0,0.25,0.19999999999999996,0.016607373298610905,5.0,0.8287036038380821,0
1420__1800_0,36,5,t_8_16,96.0,0.0,0.125,,1.0,0.6989082435882874,0
1420__1800_0,37,5,t_8_16,140.0,0.25,0.25,,1.0,0.7458581799682996,0
1420__1800_0,38,5,t_8_16,159.9993896484375,0.25,0.0,0.14580139298722844,3.0,0.8309746615224953,0
1420__1800_0,39,5,t_8_16,140.0,0.5,0.0,0.012812209303059957,3.0,0.6192945599626506,0
1420__1800_0,40,5,t_8_16,255.9990234375,0.5,0.08333333333333326,0.06379775917173382,5.0,0.5885492728782892,0
1420__1800_0,41,5,t_8_16,64.0,0.0,0.125,0.07424643220003736,4.0,0.31103378732565223,1
1420__1800_0,42,5,t_8_16,108.0,0.0,0.16666666666666674,0.27740335852748077,2.0,0.5323189678924789,0
1420__1800_0,43,5,t_8_16,144.0,0.25,0.0,0.6703051668573772,3.0,0.8569456545236924,0
1420__1800_0,44,5,t_8_16,160.0,0.25,0.19999999999999996,0.05666874193869821,5.0,0.8790872884113262,0
1420__1800_0,45,5,t_8_16,196.0,0.5,0.2666666666666667,0.1945493843583731,3.0,0.722495415811687,0
1420__1800_0,46,5,t_8_16,143.9998779296875,0.5,0.16666666666666674,0.09074365236432619,2.0,0.7449413351859864,0
1420__1800_0,47,5,t_8_16,160.0,0.25,0.0625,0.30261595767881827,4.0,0.6552139916572971,0
1420__1800_0,48,5,t_8_16,180.0000762939453,0.0,0.16666666666666674,0.9990605449518428,2.0,0.6662641524591388,0
1420__1800_0,49,5,t_8_16,200.0,0.25,0.0,0.0011622298763182273,3.0,0.6811152943874376,0
1420__1800_0,50,5,t_8_16,199.9993896484375,0.5,0.0625,0.05099159520519379,3.0,0.6783317628316925,0
1420__1800_0,51,5,t_8_16,120.0,0.0,0.16666666666666674,0.4307801473170166,2.0,0.5491262267545237,0
1420__1800_0,52,5,t_8_16,175.99996948242188,0.75,0.0625,0.013906178918359234,4.0,0.516930003869243,0
1420__1800_0,53,5,t_8_16,143.0,0.25,0.16666666666666674,0.21013535616258194,2.0,0.756518882698801,0
1420__1800_0,54,5,s_16_32,285.0,0.0,0.15625,0.39704337344911517,8.0,0.5104978405727142,0
1420__1800_0,55,5,t_8_16,168.0,0.0,0.08333333333333337,0.08752682980226607,2.0,0.8122370820249745,0
1420__1800_0,56,5,t_8_16,240.0,0.5,0.2833333333333333,0.23844764966001986,3.0,0.5750944227303075,0
1420__1800_0,57,5,t_8_16,224.0,0.25,0.09999999999999998,0.18422589144569065,5.0,0.5814757500000014,0
1420__1800_0,58,5,t_8_16,237.99994659423828,0.0,0.0,0.05474660844749186,5.0,0.6108122268907613,0
1420__1800_0,59,5,s_16_32,357.0,0.0,0.0,0.4054725646731225,4.0,0.43047310924369664,1
1420__1800_0,60,5,t_8_16,132.0,0.0,0.25,,1.0,0.7190304080655215,0
1420__1800_0,61,5,t_8_16,160.0000762939453,0.5,0.08333333333333337,0.07260529304058318,3.0,0.76971152315916,0
1420__1800_0,62,5,t_8_16,195.0001983642578,0.25,0.0625,0.18072937534393024,4.0,0.7058290813149286,0
1430__1200_600,1,5,t_8_16,96.0,0.0,0.125,,1.0,0.6735486854985091,0
1430__1200_600,2,5,t_8_16,84.0,0.5,0.125,0.25931414586890544,4.0,0.8435654378528846,0
1430__1200_600,3,5,t_8_16,112.0,0.5,0.0,0.02670335798594436,2.0,0.7512242810653684,0
1430__1200_600,4,5,t_8_16,112.0,0.25,0.08333333333333337,0.3345233296759442,3.0,0.7738358312495883,0
1430__1200_600,5,5,t_8_16,72.0,0.25,0.19999999999999996,0.017750089145910537,5.0,0.5979809812164099,0
1430__1200_600,6,5,t_8_16,66.0,0.6666666666666666,0.22222222222222232,0.06903711390558712,2.0,0.7288224911373612,0
1430__1200_600,7,5,t_8_16,168.0,0.0,0.08333333333333337,0.44875475847223056,3.0,0.6695491428571413,0
1430__1200_600,9,5,t_8_16,72.0003662109375,0.25,0.0,0.031327371220310235,2.0,0.7030513169264335,0
1430__1200_600,10,5,t_8_16,128.0,0.25,0.0,0.06729991192001177,2.0,0.8223504247601521,0
1430__1200_600,11,5,t_8_16,231.99826049781404,0.25,0.025000000000000022,0.4840552118191121,10.0,0.6359898803522718,0
1430__1200_600,12,5,t_8_16,128.0,0.5,0.0,0.0609553872263461,3.0,0.7389123478835186,0
1430__1200_600,13,5,t_8_16,112.0,0.0,0.125,0.9751427456888306,2.0,0.04820873830205481,1
1430__1200_600,15,5,t_8_16,111.99957275390625,0.25,0.09999999999999998,0.2725224539801674,4.0,0.7736356120006258,0
1430__1200_600,16,5,t_8_16,99.99969482421875,0.0,0.125,,1.0,0.5309476003504096,0
1430__1200_600,17,5,t_8_16,96.0,0.25,0.125,,1.0,0.7960580132753071,0
1430__1200_600,18,5,t_8_16,112.0001220703125,0.25,0.25,0.7053674880116325,2.0,0.8465456407846647,0
1430__1200_600,19,5,t_8_16,83.99957275390625,0.5,0.04166666666666663,0.17180546376881278,5.0,0.0,1
1430__1200_600,22,5,t_8_16,80.0,0.25,0.25,,1.0,0.7159177510732501,0
1430__1200_600,23,5,t_8_16,96.0,0.5,0.5,,0.0,0.08117681694901036,1
1430__1200_600,24,5,t_8_16,80.0,0.5,0.5,,0.0,0.565062120006489,0
1430__1200_600,27,5,t_8_16,119.99951171921566,0.0,0.0,,1.0,0.12064308316928563,1
1430__1200_600,28,5,t_8_16,95.99957275437191,0.25,0.08333333333333337,0.3230795865605606,3.0,0.8388649700435237,0
1430__1200_600,29,5,t_8_16,96.0,0.0,0.125,,1.0,0.7288727150647138,0
1430__1200_600,30,5,t_8_16,140.0,0.0,0.25,,1.0,0.8477649526557751,0
1430__1200_600,31,5,t_8_16,112.0,0.0,0.08333333333333337,0.48989875509826775,2.0,0.7972458869416829,0
1430__1200_600,32,5,t_8_16,72.0,0.25,0.20833333333333337,0.14608731670418926,2.0,0.5615825163158826,0
1430__1200_600,33,5,t_8_16,84.0,0.25,0.18333333333333335,0.14933664787956316,3.0,0.6555012584067851,0
1430__1200_600,35,5,t_8_16,108.0010986328125,0.5,0.0,0.017115226216849126,5.0,0.43263301307768004,1
1430__1200_600,36,5,t_8_16,96.0009765625,0.5,0.22499999999999998,0.15861365507568698,4.0,0.7576403472856856,0
1430__1200_600,38,5,t_8_16,96.0009765625,0.5,0.16666666666666674,0.2671587507226313,4.0,0.6043367424370143,0
1430__1200_600,39,5,t_8_16,112.0,0.0,0.25,,1.0,0.7667926425140604,0
1430__1200_600,40,5,t_8_16,128.0,0.5,0.16666666666666663,0.015727062973790215,3.0,0.7095778499404398,0
1430__1200_600,41,5,t_8_16,96.0,0.5,0.19999999999999996,0.3223153686808193,5.0,0.6851981626551408,0
1430__1200_600,42,5,t_8_16,112.0,0.5,0.375,0.21867249435086633,2.0,0.8216456957381489,0
1430__1200_600,43,5,t_8_16,95.99951171875,0.5,0.08333333333333337,0.22307993203208537,5.0,0.7817368808935409,0
1430__1200_600,44,5,t_8_16,84.0,0.5,0.050000000000000044,0.016961933215742752,4.0,0.7815559018857917,0
1430__1200_600,45,5,t_8_16,180.0,0.25,0.08333333333333337,0.9914866098858148,2.0,0.546196830630161,0
1430__1200_600,46,5,t_8_16,132.0,0.5,0.09375,0.30779471679253506,8.0,0.4144312869678353,1
1430__1200_600,47,5,t_8_16,128.0,0.5,0.08333333333333337,0.09106863702621054,3.0,0.8732193749999991,0
1430__1200_600,48,5,t_8_16,160.0,0.0,0.16666666666666674,0.08488301342999377,3.0,0.7103137200848316,0
1430__1200_600,49,5,t_8_16,71.99990844726562,0.5,0.09999999999999998,0.025298428306182806,5.0,0.738072033247193,0
1430__1200_600,50,5,t_8_16,128.0,0.5,0.5,,0.0,0.7786122656250006,0
1430__1200_600,51,5,t_8_16,144.0,0.5,0.29166666666666663,,1.0,0.8328788750000018,0
1430__1200_600,52,5,t_8_16,128.0,0.25,0.33333333333333337,0.0491389229289886,2.0,0.48751045788841874,1
1430__1200_600,53,5,t_8_16,128.0,0.0,0.08333333333333337,0.27251420577372254,2.0,0.6534929999999988,0
1430__1200_600,54,5,t_8_16,140.0,0.0,0.0,,1.0,0.6006392335324976,0
1430__1200_600,55,5,t_8_16,96.0,0.25,0.22916666666666674,0.09202173299760491,4.0,0.6593016474088609,0
1430__1200_600,56,5,t_8_16,120.0,0.0,0.17500000000000004,0.32986855663098774,4.0,0.4916378928950187,1
1430__1200_600,57,5,t_8_16,84.0,0.25,0.09999999999999998,0.5177603755245138,3.0,0.7178651434273405,0
1430__1200_600,58,5,t_8_16,112.0,0.25,0.0,0.1032001675307739,2.0,0.7206901494022421,0
1430__1200_600,60,5,t_8_16,84.0,1.0,0.0,0.009791156363637964,4.0,0.7878343371968479,0
1430__1200_600,61,5,t_8_16,168.0,0.0,0.20833333333333337,0.7602861221694115,2.0,0.4383213986143007,1
1430__1200_600,62,5,t_8_16,72.0,0.75,0.0,0.2757000598504468,5.0,0.6980906546108248,0
1430__1200_600,64,5,t_8_16,72.0,0.5,0.125,0.11340292743509242,4.0,0.6309736443886175,0
1430__1200_600,65,5,t_8_16,84.0,0.25,0.09999999999999998,0.09450156663253878,5.0,0.7449701285389159,0
1430__1200_600,66,5,t_8_16,216.00013732910156,0.25,0.25,0.24359232902481,7.0,0.6134676944444433,0
1430__1200_600,67,5,t_8_16,120.000732421875,0.25,0.16666666666666674,0.0743113010450668,3.0,0.5577881187024412,0
1430__1200_600,68,5,t_8_16,95.99951171875,0.75,0.20833333333333337,0.06803005116552582,6.0,0.6628582426165845,0
1430__1200_600,69,5,s_16_32,352.0,0.0,0.0,0.17124508726944304,5.0,0.3802974886363622,1
1430__1200_600,70,5,t_8_16,84.0,0.75,0.04166666666666663,0.21073439776717515,5.0,0.7571652767282324,0
1430__1200_600,71,5,t_8_16,144.0,0.25,0.08333333333333337,0.05338955018528767,2.0,0.7029189299430675,0
1430__1200_600,72,5,t_8_16,144.0,0.5,0.08333333333333337,0.00989022658752517,2.0,0.6709458239142244,0
1430__1200_600,73,5,t_8_16,139.9993896484375,0.25,0.08333333333333337,0.014499958454655876,3.0,0.43061366104339904,1
1430__1200_600,74,5,t_8_16,88.0,0.25,0.1875,0.028045387430991692,5.0,0.4105138667404246,1
1430__1200_600,75,5,t_8_16,160.0,0.5,0.16666666666666674,0.20504811299014172,2.0,0.6788139320092369,0
1430__1200_600,76,5,t_8_16,132.0,0.0,0.125,0.10249388617109113,8.0,0.5029925880045184,0
1430__1200_600,77,5,t_8_16,96.0009765625,0.25,0.0,0.4662428742435037,2.0,0.7893889767429124,0
1430__1200_600,78,5,t_8_16,96.0,0.5,0.0,0.12378902667801593,5.0,0.6451717902736753,0
1430__1200_600,79,5,t_8_16,200.0,0.5,0.0625,0.015492510698183389,3.0,0.6105084279966505,0
1430__1200_600,80,5,t_8_16,139.99957275390625,0.25,0.08333333333333337,0.15612890497336462,2.0,0.6393727465657092,0
1430__1200_600,81,5,t_8_16,84.0,1.0,0.16666666666666663,0.21231102348737674,6.0,0.7767506329477366,0
1430__1200_600,82,5,t_8_16,144.0,0.25,0.0,0.4914110107174965,2.0,0.6156632524628616,0
1430__1200_600,83,5,t_8_16,96.0,0.0,0.22499999999999998,0.017615313654662613,4.0,0.5100851436570981,0
1430__1200_600,84,5,t_8_16,84.0,0.25,0.14583333333333337,0.14513131996822096,4.0,0.6315881018988064,0
1430__1200_600,85,5,t_8_16,140.0,0.5,0.19999999999999996,0.0066160009162491385,5.0,0.5092883367533708,0
1430__1200_600,86,5,t_8_16,252.0,0.25,0.16249999999999998,0.04290631664327634,3.0,0.6173103174603166,0
1430__1200_600,87,5,t_8_16,143.9999828338623,0.5,0.13333333333333341,0.09100625147998156,4.0,0.737466119877314,0
1430__1200_600,88,5,t_8_16,127.9990234375,0.75,0.08333333333333337,0.09389547812908504,6.0,0.7384930808986999,0
1430__1200_600,89,5,t_8_16,96.0,0.5,0.125,0.11034218951982093,2.0,0.8710802228042179,0
1430__1200_600,90,5,t_8_16,84.0,0.5,0.16249999999999998,0.13789584753716488,3.0,0.48765130321068584,1
1430__1200_600,91,5,t_8_16,96.0,0.25,0.050000000000000044,0.07723032062583844,5.0,0.6914863594149399,0
1430__1200_600,92,5,t_8_16,128.0001220703125,0.5,0.08333333333333337,0.03394594980254066,3.0,0.8351357896781074,0
1430__1200_600,93,5,t_8_16,128.0,0.25,0.25,,1.0,0.6674876006776673,0
1430__1200_600,94,5,t_8_16,96.0,0.5,0.19999999999999996,0.08960662099114323,5.0,0.7259706498708194,0
1430__1200_600,95,5,t_8_16,112.0,0.5,0.0,0.016686447434467042,2.0,0.6485190122975747,0
1430__1200_600,96,5,t_8_16,72.0,0.5,0.20833333333333337,0.011182427763207874,3.0,0.47586420450278305,1
1430__1200_600,97,5,t_8_16,72.0,0.75,0.09999999999999998,0.009610190534708345,5.0,0.7516075443252376,0
1430__1200_600,98,5,t_8_16,96.0,0.25,0.16666666666666674,0.08780899442133815,6.0,0.7134986978738053,0
1430__1200_600,99,5,t_8_16,96.0,0.25,0.10000000000000009,0.012467821790860064,4.0,0.7818524470302656,0
1430__1200_600,100,5,t_8_16,165.0,0.25,0.125,0.0854006570348735,4.0,0.563302636363638,0
1430__1200_600,101,5,t_8_16,130.0,0.25,0.125,0.018619244058583555,2.0,0.5867593744590143,0
1430__1200_600,102,5,t_8_16,160.0001220703125,0.25,0.08333333333333337,0.04953255536778738,3.0,0.6456256156877054,0
1430__1200_600,103,5,t_8_16,164.99932861328125,0.25,0.08333333333333337,0.17715354608540165,3.0,0.66426012121212,0
1430__1200_600,104,5,t_8_16,144.0,0.75,0.0714285714285714,0.030967142344115607,6.0,0.0,1
1430__1200_600,105,5,t_8_16,84.0,0.5,0.24285714285714277,0.27051022544049097,5.0,0.583579593743661,0
14364,0,5,t_8_16,84.0,0.25,0.125,0.051110320046526034,5.0,0.8267653872389663,0
14364,1,5,t_8_16,78.0,0.75,0.08333333333333337,0.011715537254688145,3.0,0.8530085798343575,0
14364,2,5,t_8_16,91.0,0.25,0.15000000000000002,0.06567423852209514,4.0,0.8556611046438174,0
14364,3,5,t_8_16,97.99893188662827,0.75,0.09999999999999998,0.01410428641373016,3.0,0.7655980844423436,0
14364,4,5,t_8_16,66.0,0.5,0.16666666666666674,0.022456663481719933,3.0,0.8394585476163784,0
14364,5,5,t_8_16,66.0,0.5,0.08333333333333337,0.2272212875380858,3.0,0.9082467163771157,0
14364,7,5,t_8_16,66.0,0.75,0.1499999999999999,0.22282119807881237,5.0,0.8753502632416926,0
14364,8,5,t_8_16,77.0,0.25,0.29166666666666674,0.6081910019183294,2.0,0.8566008611460308,0
14364,10,5,t_8_16,84.0,0.5,0.0625,0.1485601403513848,3.0,0.9439153123797392,0
14364,12,5,t_8_16,66.0,0.0,0.0,,1.0,0.0,1
14364,13,5,t_8_16,72.0,0.5,0.0,0.3354749479975818,2.0,0.0,1
14364,14,5,t_8_16,105.0,0.5,0.050000000000000044,0.2839045770407573,4.0,0.7871081578813026,0
14364,15,5,t_8_16,84.0,0.25,0.15000000000000002,0.059661873216646566,5.0,0.8580204926604459,0
14364,16,5,t_8_16,84.0,0.75,0.20833333333333337,0.29628905808159334,6.0,0.7216543961138031,0
14364,18,5,t_8_16,150.0,0.5,0.0,0.11439449182663126,2.0,0.7224954012790175,0
14364,19,5,t_8_16,130.0,0.25,0.0,0.05835967535834469,2.0,0.6354703688897659,0
14364,21,5,t_8_16,84.0008544921875,0.75,0.125,0.540626450568464,6.0,0.7641555877839148,0
14364,22,5,t_8_16,91.0,0.25,0.0,0.36204392466065477,4.0,0.6425192220311622,0
14364,23,5,t_8_16,84.0,0.25,0.26249999999999996,0.295038695962604,3.0,0.0,1
1436__2400_1800,0,5,t_8_16,84.0,0.25,0.14583333333333337,0.12389285311313021,4.0,0.569762928866669,0
1436__2400_1800,1,5,t_8_16,84.0,0.0,0.08333333333333337,0.07057178036136601,2.0,0.621205487926915,0
1436__2400_1800,2,5,t_8_16,72.0,0.0,0.08333333333333337,0.2547015485646851,3.0,0.7217959138401961,0
1436__2400_1800,3,5,t_8_16,72.0,0.25,0.14583333333333337,0.09515088007890418,3.0,0.6216452645308287,0
1436__2400_1800,4,5,t_8_16,84.0,0.75,0.0,0.20641142665816928,4.0,0.7841923150765636,0
1436__2400_1800,5,5,t_8_16,72.0,0.0,0.09999999999999998,0.12148993852977588,5.0,0.5476623424642616,0
1436__2400_1800,6,5,t_8_16,96.0,0.5,0.5,,0.0,0.7411908575105952,0
1436__2400_1800,7,5,t_8_16,72.0,0.0,0.0,,1.0,0.7229111027565159,0
1436__2400_1800,9,5,t_8_16,72.0,1.0,0.0,0.005941323167395829,2.0,0.9219971804682745,0
1436__2400_1800,13,5,t_8_16,84.0,0.0,0.0,0.38007831130547826,2.0,0.6058412689114091,0
1436__2400_1800,14,5,t_8_16,84.0,0.5,0.10000000000000009,0.16640561200641565,4.0,0.6664461737455011,0
1436__2400_1800,15,5,t_8_16,180.0010986328125,0.75,0.20833333333333337,0.0029701315993337844,4.0,0.7637454500000013,0
1436__2400_1800,16,5,t_8_16,128.0,0.0,0.0,0.2938082736677552,2.0,0.750183426457461,0
1436__2400_1800,17,5,t_8_16,108.00009155273438,0.5,0.09166666666666656,0.030670818928676194,5.0,0.7114581024080542,0
1436__2400_1800,18,5,t_8_16,128.0001220703125,0.25,0.16666666666666674,0.25837523992642886,2.0,0.8081898253000639,0
1436__2400_1800,19,5,t_8_16,84.0,0.25,0.0,0.1598337719452944,4.0,0.789021865373933,0
1436__2400_1800,20,5,t_8_16,84.0,0.75,0.09999999999999998,0.004545051989990468,5.0,0.8400900576541804,0
1436__2400_1800,21,5,t_8_16,72.0,0.75,0.09999999999999998,0.26207329826612424,5.0,0.6689332665205265,0
1436__2400_1800,22,5,t_8_16,127.9990234375,0.0,0.0,0.1466704443640407,4.0,0.8021854004864541,0
1436__2400_1800,23,5,t_8_16,127.9998779296875,0.0,0.08333333333333337,0.2510295505206741,2.0,0.679498133027621,0
1436__2400_1800,24,5,t_8_16,160.0009765625,0.25,0.09999999999999998,0.04754329556030194,5.0,0.8028330608271265,0
1436__2400_1800,25,5,t_8_16,140.0008544921875,0.5,0.08333333333333337,0.052116176152659094,2.0,0.6678139911959383,0
1436__2400_1800,26,5,t_8_16,140.0,0.5,0.125,0.2279361306133485,2.0,0.8260323040503802,0
1436__2400_1800,27,5,t_8_16,140.0,0.75,0.20833333333333337,0.02404277293857549,2.0,0.8497377013392896,0
1436__2400_1800,28,5,t_8_16,144.0,0.25,0.08333333333333337,0.12937965149629882,3.0,0.8291522482709411,0
1436__2400_1800,29,5,t_8_16,96.0,0.0,0.375,,1.0,0.7406543860932349,0
1436__2400_1800,30,5,t_8_16,112.0,0.25,0.375,,1.0,0.7327485338749496,0
1436__2400_1800,31,5,t_8_16,96.0009765625,0.25,0.10000000000000009,0.17201906431640443,4.0,0.7557215128634783,0
1436__2400_1800,32,5,t_8_16,96.0,0.0,0.0,,1.0,0.7013887935879819,0
1436__2400_1800,33,5,t_8_16,72.0,0.25,0.15000000000000002,0.21542371428545876,5.0,0.7841604784175612,0
1436__2400_1800,34,5,t_8_16,111.9991455078125,0.5,0.04166666666666663,0.015495993303467324,5.0,0.5560823373148989,0
1436__2400_1800,35,5,t_8_16,220.0,0.0,0.14583333333333337,0.13246104493833902,3.0,0.7683732794217154,0
1436__2400_1800,36,5,t_8_16,112.0001220703125,0.25,0.0,0.3496959579114115,2.0,0.824464074110492,0
1436__2400_1800,38,5,t_8_16,96.0,0.25,0.15000000000000002,0.14884521684039329,5.0,0.7445654210867272,0
1436__2400_1800,39,5,t_8_16,96.0,0.75,0.1333333333333333,0.11402182665750721,5.0,0.7595717842828145,0
1436__2400_1800,40,5,t_8_16,112.0,0.0,0.0,0.2257088338958522,2.0,0.6133922047952924,0
1436__2400_1800,41,5,t_8_16,72.0,0.25,0.25,,1.0,0.7137905456398125,0
1436__2400_1800,42,5,t_8_16,84.0,0.5,0.08333333333333337,0.019560556707921384,2.0,0.6390192880178056,0
1436__2400_1800,43,5,s_16_32,324.0,0.0,0.0625,0.178663255309821,6.0,0.386732295726921,1
1436__2400_1800,44,5,t_8_16,240.0,0.25,0.0625,0.27523002744379643,4.0,0.5185034166666629,0
1436__2400_1800,46,5,t_8_16,112.0,0.0,0.125,0.48229835772744717,2.0,0.5721581748437772,0
1436__2400_1800,48,5,t_8_16,84.0008544921875,0.5,0.0,0.21614709959916625,5.0,0.6398253595603224,0
1436__2400_1800,49,5,t_8_16,84.0,0.0,0.125,,1.0,0.8117277786737188,0
1436__2400_1800,51,5,t_8_16,128.0,0.5,0.0,0.06185531364804372,2.0,0.739123947898153,0
1436__2400_1800,54,5,t_8_16,84.0,0.25,0.16666666666666663,,1.0,0.0,1
1436__2400_1800,55,5,t_8_16,88.0,0.0,0.0357142857142857,0.18718433956862243,6.0,0.44289710731511567,1
1436__2400_1800,56,5,t_8_16,180.0,0.5,0.09999999999999998,0.022225366655944354,3.0,0.6511133606268542,0
1436__2400_1800,57,5,t_8_16,180.0,0.25,0.25,,1.0,0.3090846219832257,1
1436__2400_1800,59,5,s_16_32,260.0,0.0,0.09999999999999998,0.12546863997300486,5.0,0.4194491958303075,1
1436__2400_1800,60,5,t_8_16,144.0,0.75,0.45833333333333337,,1.0,0.7278384731424818,0
1436__2400_1800,61,5,t_8_16,180.0,0.0,0.14583333333333337,0.0354989417197302,3.0,0.6753779828591532,0
1436__2400_1800,62,5,t_8_16,84.0,0.25,0.14583333333333337,0.6098915382909197,3.0,0.5267906148401524,0
1436__2400_1800,64,5,t_8_16,108.0,0.25,0.0714285714285714,0.14375629516766064,5.0,0.6933948152730188,0
1436__2400_1800,65,5,t_8_16,128.0,0.25,0.16666666666666674,0.2162045415699558,3.0,0.5095854810066304,0
1436__2400_1800,66,5,t_8_16,108.0,0.5,0.15000000000000002,0.5256839525527651,5.0,0.2854827218452875,1
1436__2400_1800,67,5,t_8_16,180.0,0.25,0.1875,0.02353030068711391,4.0,0.6701267113708049,0
1436__2400_1800,68,5,t_8_16,108.0,0.25,0.16249999999999998,0.13107804642226933,4.0,0.6099120637652805,0
1436__2400_1800,69,5,s_16_32,832.001953125,0.0,0.0,0.11842614507821574,10.0,0.5478865093330332,0
1436__2400_1800,70,5,t_8_16,111.99998474121094,0.5,0.33333333333333337,,1.0,0.6520237867786786,0
1436__2400_1800,71,5,t_8_16,108.0,0.25,0.04166666666666663,0.05318003445619695,5.0,0.6454781200719283,0
1436__2400_1800,72,5,t_8_16,84.0,0.0,0.0,0.4782491683257768,2.0,0.6933406641785186,0
1436__2400_1800,73,5,t_8_16,112.0,0.25,0.125,,1.0,0.5947357480356952,0
1436__2400_1800,74,5,s_16_32,263.9986572265625,0.25,0.1071428571428571,0.022635253250875568,7.0,0.5742156918175696,0
1436__2400_1800,76,5,t_8_16,128.0,0.25,0.16666666666666674,0.10405344873710372,2.0,0.8567084048089508,0
1436__2400_1800,77,5,t_8_16,128.0,0.25,0.33333333333333337,,1.0,0.7574868391969829,0
1436__2400_1800,78,5,t_8_16,84.0,0.5,0.0,0.6954746428281111,3.0,0.6294988673059253,0
1436__2400_1800,79,5,s_16_32,960.001953125,0.25,0.13636363636363624,0.17655308120162122,10.0,0.5973083437500022,0
1436__2400_1800,80,5,t_8_16,130.0,0.0,0.0,0.8791550709741643,2.0,0.4314479310079913,1
1436__2400_1800,81,5,t_8_16,96.0,0.25,0.10000000000000009,0.2889486356049809,4.0,0.767368033401141,0
1436__2400_1800,82,5,t_8_16,64.0,0.0,0.20833333333333337,0.2528563108724419,2.0,0.5895849903396287,0
1436__2400_1800,83,5,t_8_16,198.0,0.0,0.1416666666666666,0.7125277380285484,5.0,0.3951585772651683,1
1436__2400_1800,84,5,t_8_16,144.0,0.5,0.20833333333333337,0.1282802125376599,3.0,0.7585667576582836,0
1436__2400_1800,85,5,t_8_16,143.0,0.25,0.08333333333333337,0.14002286773047937,2.0,0.6100403383967152,0
1436__2400_1800,86,5,t_8_16,119.0,0.0,0.0,0.24477100908146293,5.0,0.5850571701698303,0
1436__2400_1800,87,5,t_8_16,144.0,0.5,0.0,0.16483285506346163,2.0,0.7071525995121711,0
1436__2400_1800,88,5,t_8_16,104.0,0.5,0.16666666666666674,0.05382645720656271,3.0,0.7956656960218664,0
1436__2400_1800,89,5,t_8_16,135.0,0.0,0.08333333333333337,0.10808456149272952,2.0,0.790556409923336,0
1436__2400_1800,90,5,t_8_16,136.0,0.5,0.16666666666666663,0.2728935841432055,2.0,0.802027536572557,0
1436__2400_1800,91,5,t_8_16,143.0,0.25,0.25,0.554208322066715,1.0,0.49761995409187976,1
1436__2400_1800,92,5,t_8_16,135.0,0.0,0.16666666666666663,0.42271027186672516,2.0,0.541916399999995,0
1436__2400_1800,93,5,t_8_16,187.0,0.25,0.08333333333333337,0.06889654606146459,3.0,0.6665986363636308,0
1450__1200_2400,1,5,s_16_32,279.998779296875,0.25,0.04166666666666663,0.16914107228185196,5.0,0.666246411756842,0
1450__1200_2400,2,5,s_16_32,840.0,0.25,0.09090909090909083,0.22988281804337082,10.0,0.8218407761320721,0
1450__1200_2400,5,5,s_16_32,360.0,0.0,0.15476190476190477,0.2400979968228537,5.0,0.7716659999999992,0
1450__1200_2400,6,5,t_8_16,84.0,0.0,0.0,0.9999989575942282,1.0,0.8747979450663901,0
1450__1200_2400,7,5,t_8_16,140.0,0.25,0.08333333333333337,0.03732306884885972,2.0,0.712001815889431,0
1450__1200_2400,8,5,t_8_16,224.0,0.0,0.2499999999999999,0.3222140796556754,5.0,0.7996767560471054,0
1450__1200_2400,9,5,s_16_32,288.0,0.5,0.1499999999999999,0.008002611793964021,4.0,0.8288668437500007,0
1450__1200_2400,10,5,t_8_16,120.0,0.0,0.0,,1.0,0.8293695595460745,0
1450__1200_2400,11,5,t_8_16,192.0,0.25,0.0625,0.3228257600115282,4.0,0.5259785055624375,0
1450__1200_2400,12,5,t_8_16,192.0,0.0,0.29166666666666674,0.9999985310843925,2.0,0.6144109008300748,0
1450__1200_2400,13,5,t_8_16,144.0,0.0,0.16666666666666674,0.6004485160473183,2.0,0.6357009951257244,0
1450__1200_2400,14,5,t_8_16,140.0008544921875,0.0,0.08333333333333337,0.18832240934137726,2.0,0.6221728639120099,0
1450__1200_2400,15,5,t_8_16,200.0,0.25,0.09999999999999998,0.4031124499710806,3.0,0.5142022206039707,0
1450__1200_2400,16,5,s_16_32,288.0,0.0,0.050000000000000044,0.7343684363288799,5.0,0.6799339999999992,0
1450__1200_2400,17,5,s_16_32,352.0,0.25,0.05555555555555558,0.25224961052875733,7.0,0.7121018693181741,0
1450__1200_2400,18,5,t_8_16,252.0,0.25,0.09166666666666667,0.029229324153467875,5.0,0.8235429318437295,0
1450__1200_2400,19,5,t_8_16,140.0,0.25,0.16666666666666674,0.5595513610055921,2.0,0.731039530257411,0
1450__1200_2400,20,5,s_16_32,320.0,0.0,0.11309523809523814,0.0475730780347965,5.0,0.591700000000004,0
1450__1200_2400,21,5,t_8_16,120.0,0.25,0.125,,1.0,0.7638558054782199,0
1450__1200_2400,22,2,s_16_32,576.0,0.25,0.20629370629370625,0.14583935353221913,10.0,0.6837458728132488,0
1450__1200_2400,23,5,t_8_16,112.0,0.25,0.20833333333333337,0.1743607848197498,2.0,0.618620460065569,0
1450__1200_2400,24,5,t_8_16,168.0,0.0,0.25,0.7578886241150647,2.0,0.7868413853336803,0
1450__1200_2400,25,5,s_16_32,320.0,0.5,0.0,0.06634535794172215,5.0,0.8247334397115275,0
1450__1200_2400,26,5,t_8_16,224.0,0.5,0.1416666666666666,0.0524039241681188,5.0,0.7877060615355199,0
1450__1200_2400,27,5,t_8_16,96.0,0.0,0.08333333333333337,0.1829877627401241,2.0,0.5135739470803788,0
1450__1200_2400,28,2,s_16_32,572.0,0.25,0.1515151515151516,0.11222206463821488,9.0,0.7858278526815586,0
1450__1200_2400,29,5,s_16_32,279.9991455078125,0.5,0.0714285714285714,0.15271964696179532,5.0,0.7088157852996204,0
1450__1200_2400,30,5,t_8_16,96.0,0.25,0.375,0.26664456354625105,2.0,0.412304566500962,1
1450__1200_2400,31,5,t_8_16,192.0,0.25,0.0,0.08239387681106371,4.0,0.7982840196521243,0
1450__1200_2400,32,5,t_8_16,224.0,0.5,0.3291666666666667,0.26878661515079577,3.0,0.9485023728863176,0
1450__1200_2400,33,5,t_8_16,223.99908447288908,0.0,0.14583333333333337,0.3076394556799024,3.0,0.7213766714152207,0
1450__1200_2400,34,5,t_8_16,80.00048828125,0.0,0.0,0.9999959248043724,1.0,0.859059812297149,0
1450__1200_2400,35,5,t_8_16,192.0,0.25,0.0,0.18102152147978376,3.0,0.8592828124999918,0
1450__1200_2400,36,5,t_8_16,191.999267578125,0.5,0.08333333333333337,0.29258457099501606,3.0,0.6548419959675603,0
1450__1200_2400,37,5,t_8_16,144.0,0.0,0.125,0.5268952148336796,2.0,0.6749857643979751,0
1450__1200_2400,38,5,t_8_16,140.0,0.25,0.25,0.42283516063982934,3.0,0.362840725612231,1
1450__1200_2400,39,5,t_8_16,168.0,0.0,0.08333333333333337,0.18493223252091232,2.0,0.5277427148067413,0
1450__1200_2400,40,2,s_16_32,528.0,0.75,0.14236111111111116,0.09346320477500908,7.0,0.892298737950735,0
1450__1200_2400,41,5,s_16_32,288.0,0.5,0.1416666666666666,0.01870729183899342,5.0,0.8448395159697918,0
1450__1200_2400,42,5,t_8_16,180.0,0.5,0.17500000000000004,0.09518106459915007,4.0,0.6631218643265885,0
1450__1200_2400,43,5,t_8_16,140.0,0.5,0.14583333333333337,0.025303890647703286,3.0,0.5878536064654247,0
1450__1200_2400,44,5,t_8_16,255.9990234375,0.5,0.0,0.07012160474655156,5.0,0.8218275689868684,0
1450__1200_2400,45,5,t_8_16,112.0,0.25,0.33333333333333337,0.45984746565914547,2.0,0.3853366973723089,1
1450__1200_2400,46,5,t_8_16,120.0,0.25,0.25,,1.0,0.5756664137038257,0
1450__1200_2400,47,5,s_16_32,280.0,0.25,0.22499999999999998,0.012042589091877963,4.0,0.7221461334710272,0
1450__1200_2400,48,5,t_8_16,195.0,0.75,0.0625,0.019413593624024755,4.0,0.7433917823941435,0
1450__1200_2400,49,5,t_8_16,168.0,0.25,0.08333333333333337,0.5677182280480446,2.0,0.922414952187954,0
1450__1200_2400,50,5,t_8_16,143.0,0.0,0.0,0.38848047702740546,2.0,0.6860491959817566,0
1450__1200_2400,51,5,t_8_16,195.00022888183594,0.0,0.16666666666666674,0.3979020182195509,3.0,0.7339724708715835,0
1450__1200_2400,52,5,t_8_16,156.00018310546875,0.0,0.08333333333333337,0.09651978924224992,2.0,0.7612439097970493,0
1450__1200_2400,53,5,t_8_16,110.0,0.0,0.0,,1.0,0.6843134218428877,0
1450__1200_2400,54,5,t_8_16,210.0,0.5,0.08333333333333337,0.009646766585981823,2.0,0.9003160418708536,0
1450__1200_2400,55,5,t_8_16,167.99978637695312,0.0,0.08333333333333337,0.9952008605225114,2.0,0.6021117613337735,0
1450__1200_2400,57,5,s_16_32,330.0,0.75,0.14583333333333337,0.04983109249464596,6.0,0.6819011397476562,0
1450__1200_2400,58,5,s_16_32,340.0,0.5,0.0714285714285714,0.00381868272448776,7.0,0.763578497977121,0
1450__1200_2400,59,5,s_16_32,352.0,0.75,0.0,0.0017548959636759268,8.0,0.914242983572729,0
1450__1200_2400,60,5,t_8_16,238.0,0.0,0.09999999999999998,0.08739389698781101,5.0,0.7828545335326693,0
1450__1200_2400,61,5,t_8_16,238.0,0.25,0.0625,0.1857585426785474,3.0,0.8287296806722683,0
1450__1200_2400,62,5,s_16_32,256.0,0.5,0.15000000000000002,0.06539808396103859,5.0,0.7411525951064087,0
1450__1200_2400,63,5,s_16_32,269.9989013671875,0.25,0.20714285714285707,0.7915305294747763,5.0,0.16915553951849788,1
1450__1200_2400,64,5,t_8_16,160.0,0.5,0.25,0.4941703719134043,2.0,0.7028311916416718,0
1476__1800_1800,0,5,t_8_16,84.0,0.5,0.0,0.002897088382365499,5.0,0.6320689282394666,0
1476__1800_1800,1,5,t_8_16,84.0,0.25,0.0625,0.24208488021703353,4.0,0.7642638753744114,0
1476__1800_1800,2,5,t_8_16,96.0,0.25,0.125,,1.0,0.48572155364062247,1
1476__1800_1800,3,5,t_8_16,112.0,0.75,0.125,0.02528957021983125,2.0,0.8388544974592529,0
1476__1800_1800,4,5,t_8_16,84.0,0.75,0.18333333333333335,0.063511669753808,3.0,0.8438857254446419,0
1476__1800_1800,5,5,t_8_16,192.0,0.5,0.16249999999999998,0.029715312484309638,3.0,0.750041260416668,0
1476__1800_1800,6,5,t_8_16,180.0006103515625,0.0,0.20833333333333337,0.0402831388910861,2.0,0.6123837333333342,0
1476__1800_1800,7,5,t_8_16,72.0,0.5,0.22499999999999998,0.0545615745997804,4.0,0.7388222121026301,0
1496__2438_2419,0,5,s_16_32,480.0,0.25,0.0,0.005445789318068382,10.0,0.8271255971693592,0
1496__2438_2419,1,5,t_8_16,191.999755859375,0.5,0.10000000000000009,0.09105250116424592,4.0,0.9427659252500166,0
1496__2438_2419,2,5,t_8_16,252.0,0.25,0.09999999999999998,0.08331100520881612,3.0,0.8508830851300765,0
1496__2438_2419,3,5,t_8_16,192.0,0.25,0.19999999999999996,0.09350187784234976,5.0,0.7099170437900681,0
1496__2438_2419,4,5,t_8_16,140.00015258789062,0.0,0.25,,1.0,0.6096415242518665,0
1496__2438_2419,5,5,t_8_16,240.0,0.5,0.0714285714285714,0.020364755604493086,5.0,0.8396787357385436,0
1496__2438_2419,6,5,t_8_16,224.0,0.5,0.0,0.01606937919819277,3.0,0.5520169157221207,0
1496__2438_2419,7,5,t_8_16,96.0,0.5,0.5,,0.0,0.5345198989423391,0
1496__2438_2419,8,5,s_16_32,504.0,0.25,0.02777777777777779,0.010569855884888476,8.0,0.47945199603174693,1
1496__2438_2419,9,5,t_8_16,223.9991455078125,0.25,0.09999999999999998,0.024765099868144194,3.0,0.8518010834244465,0
1496__2438_2419,10,5,s_16_32,468.0010986328125,0.5,0.0,0.1267218241422271,8.0,0.8667457350427331,0
1496__2438_2419,11,5,t_8_16,223.99957275390625,0.25,0.0,0.07334285435876874,3.0,0.6295821969161088,0
1496__2438_2419,12,5,s_16_32,660.0,0.25,0.045454545454545414,0.01609877433027075,10.0,0.7089264835244007,0
1496__2438_2419,13,5,t_8_16,179.99969482421875,0.5,0.0625,0.010519713878051147,3.0,0.8486292277069737,0
1496__2438_2419,14,5,t_8_16,140.0,0.0,0.16666666666666674,0.2865956115989692,2.0,0.7368612481427409,0
1496__2438_2419,15,5,t_8_16,159.99951171875,0.25,0.0625,0.08537764583703623,3.0,0.7951566915310007,0
1496__2438_2419,16,5,s_16_32,360.0,0.25,0.11309523809523814,0.042007502066823924,5.0,0.6837286756045757,0
1496__2438_2419,17,5,s_16_32,520.001220703125,0.5,0.09545454545454546,0.004640662196819509,10.0,0.8421068863637672,0
1496__2438_2419,18,5,t_8_16,112.0,0.5,0.16666666666666663,0.2422709453631352,3.0,0.6964367510071471,0
1496__2438_2419,19,5,t_8_16,192.0,0.0,0.0,0.14160081479376765,3.0,0.5964909607319645,0
1496__2438_2419,20,5,s_16_32,900.0018310546875,0.0,0.045454545454545414,0.3089365558825384,10.0,0.6070061420905192,0
1496__2438_2419,21,5,t_8_16,215.99945068359375,0.25,0.22499999999999998,0.07971193597389495,3.0,0.591412213042947,0
1496__2438_2419,22,5,t_8_16,195.99957275390625,0.25,0.0,0.04737751184610308,2.0,0.7786301265025507,0
1496__2438_2419,23,5,t_8_16,224.0,0.25,0.08333333333333337,0.12211152528902851,3.0,0.7090628415982975,0
1496__2438_2419,24,5,s_16_32,572.0,0.5,0.050000000000000044,0.05840442235435951,8.0,0.8353278685773912,0
1496__2438_2419,25,5,t_8_16,140.00015258789062,0.25,0.14583333333333337,0.17960328218559654,3.0,0.7732900907771506,0
1496__2438_2419,26,5,t_8_16,112.0,0.5,0.0,0.12434093272720168,2.0,0.6366852000471708,0
1496__2438_2419,27,5,s_16_32,616.0,0.5,0.07045454545454544,0.0384200511975421,10.0,0.9375262336279739,0
1496__2438_2419,28,5,t_8_16,168.0,0.25,0.25,0.11740709675491563,4.0,0.805810867329067,0
1496__2438_2419,29,5,s_16_32,483.0,0.5,0.0,0.05860906350822252,10.0,0.8361350488744334,0
1496__2438_2419,30,5,s_16_32,340.0,0.25,0.04166666666666663,0.0545986101541054,6.0,0.7629520377082784,0
1496__2438_2419,31,5,t_8_16,208.0,0.25,0.0,0.046521259563491756,5.0,0.7902645726762864,0
1529__0_1200,0,5,t_8_16,192.0,0.0,0.0,0.04977368533175385,4.0,0.6277810398022263,0
1529__0_1200,2,5,s_16_32,312.000732421875,0.25,0.0357142857142857,0.13054594802052616,7.0,0.7655105830930304,0
1529__0_1200,3,5,t_8_16,160.0,0.5,0.125,0.09830645211364444,2.0,0.8362968219128458,0
1529__0_1200,4,5,s_16_32,264.0,0.5,0.0625,0.04933554521929676,4.0,0.6863297121212144,0
1529__0_1200,5,5,t_8_16,160.0,0.25,0.29999999999999993,0.14798055998450624,5.0,0.7106909532510953,0
1529__0_1200,6,5,t_8_16,160.0,0.25,0.08333333333333337,0.037008085681838825,3.0,0.6441989635716399,0
1529__0_1200,7,5,t_8_16,120.0,0.25,0.22916666666666674,0.26645391701027715,4.0,0.6164079576233109,0
1529__0_1200,8,5,t_8_16,112.0,0.25,0.0,0.07309508243533142,3.0,0.5986893023394445,0
1529__0_1200,9,5,t_8_16,180.0,0.25,0.0,0.10992752326076592,3.0,0.8727216974732855,0
1529__0_1200,10,5,s_16_32,648.0,0.25,0.20629370629370625,0.06553405774430159,10.0,0.33028792746913677,1
1529__0_1200,11,5,s_16_32,420.0,0.0,0.11111111111111116,0.23998440657670983,7.0,0.331286549999998,1
1529__0_1200,12,5,t_8_16,160.0,0.5,0.18333333333333335,0.15055070576740878,3.0,0.7487459292450687,0
1529__0_1200,13,5,t_8_16,160.0,0.25,0.19999999999999996,0.042190144540228194,5.0,0.5620116847713347,0
1529__0_1200,14,5,t_8_16,144.0,0.0,0.08333333333333337,0.2868834288165135,2.0,0.5324134073563124,0
1529__0_1200,15,5,t_8_16,144.0,0.5,0.5,,0.0,0.7414926622857821,0
1529__0_1200,16,5,t_8_16,128.0,0.5,0.5,,0.0,0.8290160737952086,0
1529__0_1200,17,5,t_8_16,160.0,0.5,0.0625,0.11461651855944924,3.0,0.8614713447008951,0
1529__0_1200,18,5,t_8_16,240.0,0.25,0.22499999999999998,0.18503371304910793,4.0,0.6911006780093691,0
1529__0_1200,19,5,s_16_32,256.0,0.25,0.09999999999999998,0.21058343868640558,5.0,0.4720540393734886,1
1529__0_1200,20,5,s_16_32,263.99981689453125,0.5,0.25,0.13956348001878155,2.0,0.6277395833333345,0
1529__0_1200,21,5,t_8_16,128.0,0.5,0.16666666666666674,0.03084449325842367,3.0,0.6680425206681722,0
1529__0_1200,22,5,t_8_16,112.0,0.25,0.20833333333333337,0.5372789899408987,2.0,0.7293068153043131,0
1529__0_1200,23,5,t_8_16,160.0,0.25,0.33333333333333337,,1.0,0.8339183097437246,0
1529__0_1200,24,5,t_8_16,200.0,0.5,0.20833333333333337,0.01866740539178687,3.0,0.6867056938016336,0
1529__0_1200,25,5,t_8_16,108.0,0.3333333333333333,0.16666666666666663,0.4045419260126531,4.0,0.6814239074074137,0
1529__0_1200,26,5,t_8_16,144.0,0.5,0.0625,0.18320171258290396,3.0,0.7588082726292266,0
1529__0_1200,27,5,t_8_16,128.0,0.0,0.0,0.18256630257226636,2.0,0.687565723356634,0
1529__0_1200,28,5,t_8_16,72.0,0.0,0.375,0.6487017687492806,2.0,0.6089254936460591,0
1529__0_1200,29,5,t_8_16,160.0,0.0,0.25,,1.0,0.7673679065102669,0
1529__0_1200,30,5,t_8_16,180.0,0.25,0.27142857142857135,0.28294755669614124,5.0,0.8912124438581254,0
1529__0_1200,31,5,s_16_32,288.0,0.0,0.17142857142857137,0.11109855805544279,5.0,0.6094148822899529,0
1529__0_1200,32,5,t_8_16,180.0,0.0,0.09999999999999998,0.3609621554826626,3.0,0.6653150023495481,0
1529__0_1200,33,5,t_8_16,160.0009765625,1.0,0.08333333333333337,0.014045925998989779,3.0,0.7685161640471306,0
1529__0_1200,34,5,t_8_16,80.0,0.0,0.08333333333333337,0.6448304888945506,2.0,0.6599705379608776,0
1529__0_1200,35,5,t_8_16,112.0,0.0,0.125,0.14538085647365673,2.0,0.6564823169619309,0
1529__0_1200,36,5,t_8_16,179.99969482421875,0.25,0.0,0.11818702767897825,3.0,0.7396791142709143,0
1529__0_1200,37,5,t_8_16,180.0,0.5,0.16666666666666674,0.0926316498013137,2.0,0.7425402419477285,0
1529__0_1200,38,5,t_8_16,195.00091552734375,0.3333333333333333,0.0,0.18557207220107633,4.0,0.7500894642585668,0
1529__0_1200,39,5,t_8_16,113.9992370614782,0.0,0.0625,0.1775665613760793,3.0,0.5830273789360485,0
1530__0_0,0,5,t_8_16,162.0,0.3333333333333333,0.08333333333333337,0.43617710724873576,3.0,0.6321298888888891,0
1530__0_0,1,5,t_8_16,160.0,0.25,0.0,0.18982417524443373,2.0,0.777408414747757,0
1530__0_0,2,5,t_8_16,112.0,0.25,0.125,0.045501707919472646,2.0,0.7149182836675247,0
1530__0_0,3,5,t_8_16,224.0,0.0,0.18333333333333335,0.17014919073434043,3.0,0.8173435617375177,0
1530__0_0,4,5,t_8_16,160.0,0.0,0.16666666666666674,0.3208874269098486,2.0,0.5333440861201073,0
1530__0_0,6,5,t_8_16,96.0,0.25,0.25,0.22751932244190268,2.0,0.7064779374476272,0
1530__0_0,7,5,t_8_16,180.00003814697266,0.75,0.11250000000000004,0.11001263628101209,4.0,0.7786487533615328,0
1530__0_0,8,5,t_8_16,180.0,0.25,0.09999999999999998,0.37200556594091105,3.0,0.6867646102826614,0
1530__0_0,9,5,t_8_16,152.0,1.0,0.1875,0.051124472422799494,4.0,0.6255639175175522,0
1530__0_0,10,5,t_8_16,175.9986572265625,0.5,0.0,0.01620135631473311,7.0,0.8067386306818144,0
1530__0_0,11,5,t_8_16,112.0,0.25,0.16666666666666674,0.24837415637342056,3.0,0.7812115942331117,0
1530__0_0,12,5,s_16_32,357.0,0.5,0.08333333333333337,0.0461789856498676,8.0,0.7637770881353233,0
1565__600_1800,0,5,t_8_16,84.0,0.5,0.0,0.4286528227657172,4.0,0.6787663193490148,0
1565__600_1800,1,5,t_8_16,192.0,0.75,0.24583333333333335,0.002559969863821175,3.0,0.8235070596081615,0
1565__600_1800,2,5,t_8_16,144.0,0.0,0.0,0.9997687606909649,1.0,0.7845213417243493,0
1565__600_1800,3,5,t_8_16,84.0,0.25,0.0625,0.30638842916912046,3.0,0.7495565139893665,0
1565__600_1800,4,5,t_8_16,168.0,0.0,0.16666666666666674,0.820862496744073,3.0,0.6345945813050164,0
1565__600_1800,5,5,t_8_16,112.0,0.5,0.125,0.18545091914698889,2.0,0.7337443750000117,0
1565__600_1800,6,5,t_8_16,96.0,0.0,0.125,0.40260230958298543,2.0,0.631381031481414,0
1565__600_1800,7,5,t_8_16,96.0,0.75,0.0,0.001506178321029561,5.0,0.6788998588532207,0
1565__600_1800,8,5,t_8_16,84.0,0.25,0.15000000000000002,0.09653390111036199,5.0,0.843200106062907,0
1565__600_1800,9,5,t_8_16,140.0,0.0,0.0,0.09215646188589909,2.0,0.4646761467458265,1
1565__600_1800,10,5,t_8_16,96.0,0.25,0.0,0.3770955345706994,2.0,0.6400114230438588,0
1565__600_1800,11,5,t_8_16,72.0,0.75,0.125,0.2561407861319574,4.0,0.7358266000089525,0
1565__600_1800,12,5,t_8_16,96.0,0.0,0.0,,1.0,0.781852534697817,0
1565__600_1800,13,5,t_8_16,112.0,0.25,0.125,0.12889605334326476,2.0,0.72667348128846,0
1565__600_1800,14,5,t_8_16,96.0,0.25,0.09999999999999998,0.16703557656040616,5.0,0.5679945055209656,0
1565__600_1800,15,5,t_8_16,80.0,0.0,0.0,,1.0,0.6360710908319842,0
1565__600_1800,16,5,t_8_16,160.0,0.5,0.18333333333333335,0.1041269728691626,3.0,0.5956317470735369,0
1565__600_1800,17,5,t_8_16,240.0,0.25,0.09375,0.02005824338371227,5.0,0.7442250550537761,0
1565__600_1800,18,5,t_8_16,139.99989318847656,0.25,0.0,0.10863194900277329,2.0,0.7829935605626008,0
1565__600_1800,19,5,t_8_16,84.0,0.25,0.15000000000000002,0.530727756155169,5.0,0.7390751235020927,0
1565__600_1800,20,5,t_8_16,96.0,0.75,0.5,,1.0,0.7348253211059899,0
1565__600_1800,21,5,t_8_16,80.0,0.5,0.375,,1.0,0.615052716377022,0
1565__600_1800,22,5,t_8_16,255.0,0.0,0.0,0.12514406317189966,5.0,0.5071420078431376,0
1565__600_1800,23,5,t_8_16,156.0,0.5,0.20833333333333337,0.14586234191110375,3.0,0.8204995003044311,0
1565__600_1800,24,5,t_8_16,140.0,0.25,0.08333333333333337,0.06184298921038527,3.0,0.6119599820510604,0
1565__600_1800,25,5,t_8_16,153.00103759765625,0.25,0.08333333333333337,0.06557200882783969,2.0,0.5488833182648992,0
1565__600_1800,26,5,t_8_16,162.0,0.0,0.125,0.4254254765993196,3.0,0.717850919753087,0
1565__600_1800,27,5,t_8_16,208.00095176685136,0.0,0.0,0.23433410028532187,4.0,0.4458390865384603,1
1565__600_1800,28,5,t_8_16,196.0,0.0,0.0,0.3402328155892016,3.0,0.43613392552684643,1
1565__600_1800,30,5,t_8_16,84.0,0.25,0.0,0.08247407026037226,5.0,0.6004752050263474,0
1565__600_1800,31,5,t_8_16,99.0,0.0,0.125,0.4404400918320538,2.0,0.6062754700624777,0
1565__600_1800,32,5,s_16_32,266.0,0.0,0.12142857142857144,0.11192024767577678,5.0,0.34392528571428704,1
1565__600_1800,33,5,t_8_16,144.0,0.25,0.25,0.4060280672927162,2.0,0.6575306900246068,0
1565__600_1800,34,5,t_8_16,168.0,0.0,0.0,0.4487891120023054,2.0,0.4446653576342712,1
1565__600_1800,35,5,t_8_16,135.0,0.0,0.08333333333333337,0.3911649186766146,2.0,0.48299709741072827,1
1565__600_1800,36,5,t_8_16,228.0,0.25,0.0625,0.07367598465845653,3.0,0.47021538396649565,1
1565__600_1800,37,5,t_8_16,126.0,0.25,0.375,0.04266926187544592,2.0,0.5680611269841281,0
1565__600_1800,38,5,t_8_16,120.0,0.25,0.375,0.4636245854461576,2.0,0.6249953267042412,0
1565__600_1800,39,5,t_8_16,144.0,0.5,0.25,0.05445160237892707,2.0,0.6706778075516062,0
1565__600_1800,40,5,t_8_16,90.0,0.0,0.0,0.5551402491714773,4.0,0.5471868695125535,0
1565__600_1800,41,5,t_8_16,100.0,0.25,0.08333333333333337,0.03348711570309473,2.0,0.6804962260528692,0
1565__600_1800,42,5,t_8_16,132.0,0.5,0.33333333333333337,0.5856515297133028,2.0,0.6269861287878777,0
1565__600_1800,43,5,t_8_16,110.0,0.25,0.0,0.3573818409324297,2.0,0.5219384014981515,0
1565__600_1800,44,5,t_8_16,120.0,0.5,0.33333333333333337,0.3286790770805804,2.0,0.5903115670016722,0
1565__600_1800,45,5,t_8_16,210.0,0.0,0.050000000000000044,0.09530051943832872,5.0,0.490723402615768,1
1565__600_1800,46,5,t_8_16,240.0,0.25,0.09999999999999998,0.21109254471242356,5.0,0.4358086833333331,1
1565__600_1800,47,5,t_8_16,255.0,0.5,0.0,0.026977990221331873,5.0,0.4171179897754396,1
1565__600_1800,48,5,t_8_16,169.99948120117188,0.25,0.125,0.3541601451555859,4.0,0.713033705882353,0
1565__600_1800,49,5,t_8_16,156.0,0.25,0.25,0.7264903722546421,2.0,0.5486713946457935,0
1565__600_1800,50,5,t_8_16,72.0,0.5,0.125,0.11948054954566925,4.0,0.5867275577847608,0
1565__600_1800,51,5,t_8_16,108.0,0.5,0.29166666666666674,0.5577710895782054,2.0,0.4116428620927298,1
1565__600_1800,52,5,t_8_16,90.0006103515625,0.0,0.125,,1.0,0.7054208652596855,0
1565__600_1800,53,5,t_8_16,104.0,0.25,0.08333333333333337,0.006882072342028754,3.0,0.0,1
1565__600_1800,54,5,t_8_16,72.0,0.0,0.08333333333333337,0.28378351974179455,3.0,0.6521406814610817,0
1579__2400_1200,0,5,t_8_16,220.0,0.0,0.11250000000000004,0.11571070482785074,4.0,0.7433980770774895,0
1584__1800_600,0,5,t_8_16,96.0,0.0,0.0,,1.0,0.7769554244162713,0
1584__1800_600,1,5,t_8_16,240.0,0.0,0.3750000000000001,0.022389196430474337,2.0,0.4997710750000018,1
1584__1800_600,2,5,t_8_16,112.0,0.0,0.125,,1.0,0.7846754524136317,0
1584__1800_600,3,5,t_8_16,128.0,0.0,0.125,0.4305005642822297,2.0,0.6612945476210231,0
1584__1800_600,4,5,t_8_16,120.00009155273438,0.0,0.04166666666666663,0.01276582868778315,5.0,0.4695215927111468,1
1584__1800_600,11,5,t_8_16,64.0,0.0,0.0,,0.0,0.6550402995990746,0
1584__1800_600,13,5,t_8_16,112.0,0.25,0.125,0.16054200381177605,2.0,0.6610408983386338,0
1584__1800_600,14,5,t_8_16,72.0,0.25,0.125,0.2681056655149734,4.0,0.6013902232572894,0
1584__1800_600,15,5,t_8_16,160.0,0.5,0.18333333333333335,0.208075974429608,3.0,0.7080793249999972,0
1584__1800_600,16,5,t_8_16,168.0,0.0,0.09999999999999998,0.4549030195493329,3.0,0.6227419991392537,0
1584__1800_600,17,5,t_8_16,191.9996337890625,0.0,0.19999999999999996,0.6942252089580575,5.0,0.45511178653749873,1
1584__1800_600,18,5,t_8_16,160.0,0.0,0.25,,1.0,0.05188105327724043,1
1584__1800_600,19,5,t_8_16,120.0,0.25,0.125,0.9372137570676102,2.0,0.4138423194153048,1
1584__1800_600,20,5,t_8_16,144.0,0.0,0.08333333333333337,0.2486294474991947,2.0,0.8672591027420488,0
1584__1800_600,21,5,t_8_16,96.0,0.25,0.25,0.20867833175407013,2.0,0.6859092848002241,0
1584__1800_600,29,5,t_8_16,216.000732421875,0.5,0.22499999999999998,0.6768511841336932,3.0,0.450970691166826,1
1584__1800_600,30,5,t_8_16,220.0,0.75,0.10000000000000009,0.03295392877448305,5.0,0.44066296522245707,1
1584__1800_600,31,5,t_8_16,192.0,0.0,0.0,0.0687128658125359,4.0,0.6942403074673499,0
1584__1800_600,32,5,t_8_16,224.0,0.5,0.2500000000000001,0.0885153887843094,2.0,0.5526183169642863,0
1584__1800_600,33,5,t_8_16,224.0,0.0,0.050000000000000044,0.17711263589640577,4.0,0.7497321421542633,0
1584__1800_600,34,5,t_8_16,112.0,0.0,0.375,,1.0,0.6653461692526322,0
1584__1800_600,35,5,t_8_16,224.0,0.25,0.050000000000000044,0.01655042539472206,5.0,0.6355226332317082,0
1584__1800_600,36,5,t_8_16,144.0,0.0,0.0,0.11824216234882881,2.0,0.6296654527210497,0
1584__1800_600,37,5,t_8_16,110.00067138671875,0.25,0.08333333333333337,0.11514899977852068,2.0,0.7037096468836228,0
1584__1800_600,38,5,s_16_32,288.0,0.25,0.26249999999999996,0.13209708871062303,3.0,0.5973949999999981,0
1584__1800_600,39,5,t_8_16,216.0,0.75,0.0714285714285714,0.05681961040419889,5.0,0.6917121759259206,0
1584__1800_600,40,5,t_8_16,200.0,0.0,0.0,0.1323612654813581,3.0,0.5816893900000006,0
1584__1800_600,41,5,t_8_16,180.0,0.5,0.16666666666666674,0.357004710868639,2.0,0.7175945292593089,0
1584__1800_600,42,5,t_8_16,224.0,0.75,0.2250000000000001,0.011941549719313093,4.0,0.9779561541709308,0
1584__1800_600,43,5,t_8_16,180.00107955920976,0.5,0.20833333333333337,0.03866384686595249,4.0,0.5383133131082225,0
1584__1800_600,44,5,s_16_32,288.0,0.0,0.050000000000000044,0.23889165633689127,5.0,0.5254072466384165,0
1584__1800_600,45,5,t_8_16,100.0,0.25,0.0,0.03452046696536792,2.0,0.5689983002791205,0
1584__1800_600,46,5,t_8_16,180.0,0.25,0.19999999999999996,0.08298614690243894,5.0,0.5490530826229665,0
1584__1800_600,47,5,t_8_16,130.0,0.25,0.16666666666666663,0.2855846865229658,2.0,0.9157546939767476,0
1584__1800_600,48,5,t_8_16,112.0,0.0,0.0,,1.0,0.6320095714285695,0
1584__1800_600,49,5,t_8_16,72.0,0.0,0.0625,0.60224635638808,4.0,0.3952063129868775,1
1584__1800_600,50,5,t_8_16,135.00091552734375,0.0,0.125,,1.0,0.7323221740363371,0
1584__1800_600,51,5,t_8_16,143.0,0.75,0.275,0.06438054105289356,4.0,0.721613478249227,0
1584__1800_600,52,5,t_8_16,150.0,0.25,0.2666666666666667,0.020503565216282063,3.0,0.5558601561256078,0
1584__1800_600,53,5,t_8_16,126.0,0.0,0.125,,1.0,0.5834515578515516,0
1584__1800_600,54,5,t_8_16,154.0,0.5,0.08333333333333337,0.06932147640197267,3.0,0.6213271463013674,0
158__1800_0,0,5,t_8_16,127.99998474121094,0.5,0.5,,0.0,0.682949348116909,0
158__1800_0,1,5,t_8_16,128.0,0.5,0.33333333333333326,,1.0,0.8984512938389861,0
158__1800_0,2,5,t_8_16,160.0,0.25,0.08333333333333337,0.06591777003923932,3.0,0.8181329356840925,0
158__1800_0,3,5,t_8_16,160.0,0.25,0.16666666666666674,0.11771725872646763,3.0,0.7641594937593748,0
158__1800_0,4,5,t_8_16,112.0,0.0,0.0,,1.0,0.7296490387485172,0
158__1800_0,5,5,t_8_16,168.0,0.5,0.08333333333333337,0.140278839792008,3.0,0.6820939092756491,0
158__1800_0,6,5,t_8_16,112.0,0.25,0.0,0.026170528123498536,2.0,0.8434552797516814,0
158__1800_0,7,5,t_8_16,240.0,0.0,0.0625,0.029798215449380223,3.0,0.438450966666665,1
158__1800_0,8,5,t_8_16,216.0,0.75,0.0625,0.008197692581942652,3.0,0.7496914212963017,0
158__1800_0,9,5,t_8_16,64.0,0.0,0.0,,1.0,0.7146100634555194,0
158__1800_0,10,5,t_8_16,160.0,0.75,0.0,0.03507077380345186,3.0,0.9523629979053148,0
158__1800_0,11,5,t_8_16,189.99998092651367,0.25,0.20833333333333337,0.09981422522094469,2.0,0.7753144416594927,0
158__1800_0,12,5,t_8_16,120.0,0.0,0.16666666666666674,0.11572942903241303,2.0,0.6159872772128059,0
158__1800_0,13,5,t_8_16,88.00006103515625,0.0,0.125,,1.0,0.6530779134367609,0
158__1800_0,14,5,t_8_16,130.00003814697266,0.5,0.25,,1.0,0.7925871755903721,0
158__1800_0,15,5,t_8_16,150.0,0.5,0.16666666666666674,0.2062406683668582,2.0,0.8958742874339047,0
158__1800_0,16,5,t_8_16,180.0,0.25,0.30000000000000004,0.29439265952080557,4.0,0.8417193911618222,0
158__1800_0,17,5,t_8_16,160.0,0.5,0.125,0.14454150627999224,2.0,0.9455130729056741,0
158__1800_0,18,5,t_8_16,170.0,0.5,0.16666666666666674,0.11855337477873365,2.0,0.7026092269176757,0
158__1800_0,19,5,t_8_16,112.0,0.25,0.375,,1.0,0.8616623684341904,0
158__1800_0,20,5,t_8_16,160.0,0.25,0.1875,0.045749347181161984,4.0,0.7490131029869975,0
158__1800_0,21,5,t_8_16,204.0,0.25,0.125,0.23484468544524675,3.0,0.7979625241777603,0
158__1800_0,22,5,t_8_16,127.99951171875,0.5,0.0,0.10663293180793126,3.0,0.7998224608951685,0
158__1800_0,23,5,t_8_16,126.0008544921875,0.5,0.16666666666666674,0.052102196367831706,3.0,0.5915880944494708,0
158__1800_0,24,5,t_8_16,144.0009765625,0.75,0.25,0.005298137122862371,4.0,0.8738057978928677,0
158__1800_0,25,5,t_8_16,192.0,0.25,0.0625,0.04480989598994446,4.0,0.5174542239583367,0
158__1800_0,26,5,s_16_32,416.0,0.25,0.0,0.03539823079250391,8.0,0.727628029050568,0
158__1800_0,27,5,t_8_16,198.0,0.0,0.0,0.11175766410621293,4.0,0.536986489404753,0
158__1800_0,28,5,t_8_16,160.0009765625,0.25,0.09999999999999998,0.022111686559035552,3.0,0.7834782690884139,0
158__1800_0,29,5,t_8_16,160.0,0.0,0.0,0.026858389875482634,3.0,0.6404702254893722,0
158__1800_0,30,5,t_8_16,96.0,0.5,0.33333333333333337,,1.0,0.8056290790437884,0
158__1800_0,31,5,t_8_16,77.0,0.25,0.125,0.40845980011175576,3.0,0.8760147925537182,0
158__1800_0,32,5,s_16_32,392.0,0.25,0.0805555555555556,0.053926720638275596,9.0,0.7451824591836741,0
158__1800_0,33,5,s_16_32,312.0,0.25,0.08333333333333337,0.029065780430864607,4.0,0.7295219647265876,0
158__1800_0,34,5,t_8_16,160.0,0.0,0.0,0.22645418787111,2.0,0.7453568284296468,0
158__1800_0,35,5,s_16_32,335.99853515625,0.25,0.050000000000000044,0.026138658407647525,5.0,0.7778071122713753,0
158__1800_0,36,5,t_8_16,84.0,0.5,0.25,0.4219291337068597,2.0,0.7073345141216476,0
158__1800_0,38,5,t_8_16,144.0,0.5,0.2500000000000001,0.23853062137856754,2.0,0.6644770715317683,0
158__1800_2475,0,5,s_16_32,264.0,0.75,0.1071428571428572,0.005752728630112348,7.0,0.6813104428512621,0
158__1800_2475,1,5,t_8_16,128.0,0.5,0.5,,0.0,0.8991346759494443,0
158__1800_2475,2,5,t_8_16,192.0,0.25,0.09999999999999998,0.16288467822805644,5.0,0.8983866571909385,0
158__1800_2475,3,5,t_8_16,90.0,0.0,0.2321428571428572,0.16291422392797705,6.0,0.5585797258661589,0
158__1800_2475,4,5,t_8_16,234.00054931640625,0.5,0.04166666666666663,0.0929224263691783,5.0,0.7073699337789734,0
158__1800_2475,5,5,t_8_16,160.0,0.25,0.08333333333333337,0.24738667495031977,2.0,0.8471558271789424,0
158__1800_2475,6,5,t_8_16,128.0,0.25,0.29166666666666674,0.6084127383089042,2.0,0.8782628621714053,0
158__1800_2475,7,5,t_8_16,176.0,0.25,0.0,0.44066820832677384,2.0,0.7595967368950206,0
158__1800_2475,8,5,t_8_16,180.0,0.25,0.0,0.072506476213892,3.0,0.7118145029753915,0
158__1800_2475,9,5,t_8_16,195.9991455078125,0.25,0.125,0.22192793317277412,4.0,0.8380498911134192,0
158__1800_2475,10,5,t_8_16,153.99949645996094,0.25,0.20833333333333337,0.39765878373773855,2.0,0.7457412572781908,0
158__1800_2475,11,5,t_8_16,128.0,0.0,0.0,0.2005864427993197,3.0,0.7783120108111484,0
158__1800_2475,12,5,t_8_16,176.0,0.25,0.2500000000000001,0.18804174106006888,2.0,0.7982746082741999,0
158__1800_2475,13,5,t_8_16,88.0,0.25,0.25,,1.0,0.6626323500818027,0
1602__0_2050,0,5,s_16_32,520.001220703125,0.75,0.0,0.12382439431179999,9.0,0.7802793423463387,0
1602__0_2050,1,5,s_16_32,952.0,0.25,0.0,0.16836543474304383,10.0,0.8549160503589363,0
1602__0_2050,2,5,s_16_32,896.0,0.25,0.1742424242424242,0.10373783849810206,10.0,0.7469205794578236,0
1602__0_2050,3,5,s_16_32,288.0,0.5,0.26249999999999996,0.05852792097598706,3.0,0.6814751215277786,0
1602__0_2050,4,5,s_16_32,324.0,0.5,0.1607142857142857,0.1372140547949322,6.0,0.6285932314814783,0
1602__0_2050,5,5,s_16_32,378.0,0.3333333333333333,0.11111111111111116,0.09872059092857856,6.0,0.8578163473665268,0
1602__0_2050,6,5,s_16_32,616.0003356933594,0.25,0.09090909090909083,0.038691005461308874,10.0,0.6163505974025958,0
1602__0_2050,7,5,s_16_32,311.9996032714844,0.0,0.04166666666666663,0.0646228326700997,5.0,0.6687086970588757,0
1602__0_2050,8,5,t_8_16,252.0,0.0,0.125,0.1714578057929023,4.0,0.7183572452594045,0
1602__0_2050,9,5,s_16_32,384.0,0.5,0.03125,0.018071086909829146,7.0,0.6878011759192882,0
1602__0_2050,10,5,s_16_32,335.99981689453125,1.0,0.11111111111111116,0.15569430691917147,9.0,0.705192327398639,0
1602__0_2050,11,5,t_8_16,223.9981689490378,0.25,0.29166666666666674,0.2448043139479488,2.0,0.6522536250000002,0
1602__0_2050,12,5,t_8_16,224.000244140625,0.25,0.1875,0.18786875253998275,4.0,0.6806808838707417,0
1602__0_2050,13,5,s_16_32,448.00042724609375,0.0,0.0,0.3270122533123622,7.0,0.657948964285714,0
1602__0_2050,14,5,t_8_16,208.0,0.25,0.09999999999999998,0.07946515239454746,5.0,0.6771208716646919,0
1602__0_2050,15,5,t_8_16,191.99914550827816,0.5,0.0,0.054519388214892626,3.0,0.7494771467561364,0
1602__0_2050,16,5,s_16_32,392.0,0.25,0.1071428571428572,0.002508186985639322,4.0,0.7132460748252336,0
1602__0_2050,17,5,t_8_16,96.0,0.0,0.125,0.25140960876126467,2.0,0.5053146540691295,0
1602__0_2050,18,5,t_8_16,160.0009765625,0.25,0.375,0.27278564787754594,2.0,0.6837082640325663,0
1602__0_2050,19,5,s_16_32,260.0,0.25,0.13541666666666663,0.12297969075668642,5.0,0.7619574143384806,0
1602__0_2050,20,5,t_8_16,168.000732421875,0.5,0.0625,0.16911728102739615,4.0,0.8760774268153466,0
1602__0_2050,21,5,t_8_16,240.0,0.5,0.1875,0.03877880965448947,3.0,0.7149211261810142,0
1602__0_2050,22,5,t_8_16,216.0,0.0,0.29166666666666674,0.3377537133377766,6.0,0.8473068993785872,0
1602__0_2050,23,5,t_8_16,168.0,0.5,0.17500000000000004,0.052810636585274545,4.0,0.8297440728491587,0
1602__0_2050,24,5,s_16_32,260.0001983642578,0.5,0.09166666666666656,0.028753804508379385,5.0,0.8402275403397444,0
1602__0_2050,25,5,s_16_32,263.9996643066406,0.5,0.17142857142857137,0.19766723539392392,5.0,0.8231566243778934,0
1602__0_2050,26,5,t_8_16,168.0,0.5,0.18333333333333335,0.004906575074432757,3.0,0.8231470320929725,0
1602__0_2050,27,5,s_16_32,288.0,0.25,0.25,0.014803332414064757,7.0,0.6714866751345149,0
1602__0_2050,28,5,t_8_16,168.0,0.25,0.125,0.31176816321419876,2.0,0.7182399975266767,0
1602__0_2050,29,5,t_8_16,240.0,0.5,0.1428571428571428,0.03631067589504286,7.0,0.8716529471497342,0
1602__0_2050,30,5,t_8_16,192.0,0.75,0.09999999999999998,0.004873368397284327,5.0,0.8366207188718312,0
1602__0_2050,31,5,t_8_16,220.0,0.0,0.0625,0.3080019262693861,4.0,0.5362406013375051,0
1602__0_2050,32,5,t_8_16,187.0,0.0,0.125,0.18562456998557528,4.0,0.6153329576431418,0
16555,0,5,s_16_32,450.0,0.5,0.10555555555555551,0.061087495662763426,8.0,0.8653594600507729,0
16555,1,5,t_8_16,190.0,0.5,0.20833333333333337,0.05349773839468226,3.0,0.7477062316966596,0
16555,2,5,t_8_16,198.0013427734375,0.0,0.050000000000000044,0.22245190837068166,4.0,0.7793460704443679,0
16555,3,5,t_8_16,230.00140380859375,0.25,0.0,0.053837495095837636,3.0,0.8599064655556429,0
16555,4,5,s_16_32,792.0,0.0,0.0,0.251406211216268,10.0,0.8839882355150374,0
16555,5,5,s_16_32,792.0,0.75,0.09090909090909083,0.05926492346272556,10.0,0.8858820801067965,0
16555,6,5,t_8_16,199.99969482421875,0.25,0.09999999999999998,0.2893144435415677,3.0,0.5850654585991196,0
16555,7,5,s_16_32,336.0,0.3333333333333333,0.0,0.3372775538312529,7.0,0.6210090625,0
1675__2428_0,0,5,t_8_16,140.0,0.25,0.25,0.0012022916458498277,2.0,0.8254280168590856,0
1675__2428_0,1,5,t_8_16,159.99969482421875,0.0,0.125,0.36166430873369587,2.0,0.861285992814382,0
1675__2428_0,2,5,t_8_16,112.0,0.5,0.5,,0.0,0.8009872511150242,0
1675__2428_0,3,5,t_8_16,128.0,0.5,0.16666666666666674,0.035352661353805846,2.0,0.6342574984686311,0
1675__2428_0,4,5,t_8_16,128.0,0.25,0.0,0.18473421925149666,2.0,0.8248576320912593,0
1675__2428_0,5,5,t_8_16,127.99993896484375,0.25,0.16666666666666663,0.10672442021040088,3.0,0.699922862775287,0
1675__2428_0,6,5,t_8_16,128.0,0.5,0.5,,0.0,0.7718916640625033,0
1675__2428_0,7,5,t_8_16,160.0,0.5,0.0625,0.1261488745101679,4.0,0.7954662234377093,0
1675__2428_0,8,5,t_8_16,112.0,0.5,0.375,,1.0,0.7159019650731655,0
1681c6e5f,0,3,t_8_16,144.0,0.0,0.08333333333333337,0.46024558754319755,3.0,0.8316975762681623,0
1681c6e5f,1,3,t_8_16,196.0,0.25,0.20833333333333337,0.1595307266430562,4.0,0.7333629059521102,0
1681c6e5f,2,3,t_8_16,240.0,0.25,0.15000000000000002,0.33265871545232495,4.0,0.6414151394145399,0
1681c6e5f,3,3,t_8_16,126.0,0.0,0.0,0.23290366368995238,2.0,0.743606102924008,0
1681c6e5f,4,3,t_8_16,132.0,0.25,0.25,0.39726744976415423,2.0,0.842823090660594,0
1681c6e5f,5,3,s_16_32,341.9989013671875,0.75,0.09126984126984128,0.050235178224637474,7.0,0.836260280701753,0
1681c6e5f,6,3,s_16_32,300.0,0.25,0.04166666666666663,0.0759799368224847,6.0,0.8860190347505432,0
1681c6e5f,7,3,t_8_16,195.0,0.25,0.0,0.03691832657710409,3.0,0.7370627448285342,0
1681c6e5f,8,3,t_8_16,80.0,0.0,0.125,0.22154422089904713,2.0,0.8091942466975888,0
1681c6e5f,9,3,t_8_16,120.0,0.25,0.125,0.2851561604343581,2.0,0.7664886277584845,0
1681c6e5f,10,3,t_8_16,170.0,0.0,0.0,0.12282265032967152,3.0,0.8632430300024774,0
1681c6e5f,11,3,s_16_32,400.0,0.25,0.1499999999999999,0.08331731105812465,10.0,0.7220289084856062,0
16995,0,7,t_8_16,208.0009765625,0.25,0.25,0.41714404192356497,5.0,0.5838654121947064,0
16995,1,7,t_8_16,140.0008544921875,0.0,0.0,0.6478735673967101,2.0,0.6018229185445151,0
16995,2,7,t_8_16,132.0,0.5,0.20833333333333337,0.21751158869936588,2.0,0.8385333754546256,0
16995,3,7,t_8_16,84.0,0.5,0.0,0.04960550097127624,3.0,0.5211741987011814,0
16995,4,7,t_8_16,168.0,0.5,0.16666666666666674,0.5180970749613987,3.0,0.6917747854854137,0
16995,5,7,t_8_16,110.0,0.25,0.08333333333333337,0.4805241222122613,2.0,0.6465537340070925,0
16995,6,7,t_8_16,156.0,0.5,0.25,0.41848870348116657,4.0,0.6959153298706109,0
16995,7,7,t_8_16,144.0,0.25,0.18333333333333335,0.824815568048792,3.0,0.6445635785974189,0
16995,8,7,t_8_16,80.0,0.0,0.0,,1.0,0.49080483706054795,1
17992,0,5,t_8_16,190.0,0.25,0.11250000000000004,0.034026122928776326,4.0,0.7860436450916984,0
17992,1,5,t_8_16,105.0,0.5,0.0,0.09826919576438944,5.0,0.9008662003208812,0
17992,2,5,t_8_16,119.0,0.5,0.125,0.007436215198543801,5.0,0.751010063579303,0
17992,3,5,t_8_16,144.0,0.25,0.0,0.17544653087326087,3.0,0.6902753472222117,0
17992,4,5,t_8_16,105.0,0.5,0.16249999999999998,0.043077856331330835,3.0,0.8599278285714229,0
17992,5,5,t_8_16,120.0,0.5,0.08333333333333337,0.056659045118256535,2.0,0.8171850000000109,0
17e4b69db,0,3,t_8_16,109.99983215332031,0.0,0.125,0.17923568772938295,2.0,0.5194406328529054,0
1809__600_2356,0,5,t_8_16,132.0,0.0,0.1875,0.8061932753096903,8.0,0.0,1
1809__600_2356,1,5,t_8_16,200.0,0.25,0.0625,0.058117057693993564,3.0,0.7921685552639346,0
1809__600_2356,2,5,t_8_16,168.0,0.0,0.08333333333333337,0.23734453311250284,3.0,0.7081692577646608,0
1809__600_2356,3,5,t_8_16,220.0,0.5,0.0,0.13988635121650128,4.0,0.8808386955721147,0
1809__600_2356,4,5,t_8_16,112.0,0.25,0.375,0.9999640506589745,2.0,0.6949193291940499,0
1809__600_2356,5,5,t_8_16,160.0,0.25,0.18333333333333335,0.13394188938910012,3.0,0.8156368355521175,0
1809__600_2356,6,5,s_16_32,280.0,0.5,0.0625,0.11112514873381406,4.0,0.7326389999999984,0
1809__600_2356,7,5,t_8_16,200.0,0.75,0.27142857142857135,0.07371720597506184,5.0,0.8456039520789128,0
1809__600_2356,8,5,t_8_16,128.0,0.0,0.375,,1.0,0.6444488098532455,0
1809__600_2356,9,5,t_8_16,240.0,0.5,0.125,0.25559294161521057,4.0,0.8136254375000022,0
1809__600_2356,10,5,t_8_16,220.0013427734375,0.5,0.17142857142857137,0.1575768348713655,5.0,0.8777676038051239,0
1809__600_2356,11,5,t_8_16,140.0,0.0,0.08333333333333337,0.9954381884085652,2.0,0.6359269545935267,0
1809__600_2356,12,5,t_8_16,160.0,0.5,0.20833333333333337,0.1260082604852153,2.0,0.7641440259003415,0
1809__600_2356,13,5,t_8_16,128.0,0.0,0.16666666666666674,0.4133111222183417,2.0,0.794762328085934,0
1809__600_2356,14,5,t_8_16,160.0,0.25,0.18333333333333335,0.030986557591800353,3.0,0.881900441746749,0
1809__600_2356,15,5,t_8_16,112.0,0.25,0.08333333333333337,0.027476417534827755,2.0,0.6181872938588338,0
1809__600_2356,16,5,t_8_16,180.0,0.25,0.2321428571428572,0.1319266284896914,4.0,0.7229012555555534,0
1809__600_2356,17,5,t_8_16,128.0,0.5,0.08333333333333337,0.03960072139949447,3.0,0.7835453900988459,0
1809__600_2356,18,5,t_8_16,96.0,0.25,0.25,0.1681339941243869,2.0,0.5792002818468396,0
1809__600_2356,19,5,s_16_32,364.0,0.0,0.09375,0.02536583070533123,5.0,0.7059354230769254,0
1809__600_2356,21,5,s_16_32,308.0,0.0,0.15714285714285714,0.02720353649258332,4.0,0.46050299351629903,1
1809__600_2356,22,5,s_16_32,308.0,0.25,0.1785714285714286,0.06543780767800256,7.0,0.7585996266233767,0
1809__600_2356,23,5,s_16_32,336.0,0.0,0.1071428571428572,0.35181597557435224,4.0,0.6402520702183527,0
1809__600_2356,24,5,t_8_16,180.0,0.5,0.125,0.02868648483341031,2.0,0.7209888125506577,0
1809__600_2356,25,5,s_16_32,285.0,0.25,0.11904761904761907,0.1188290163618488,6.0,0.5918870028030438,0
1809__600_2356,26,5,t_8_16,126.0,0.5,0.25,,1.0,0.6416682919031178,0
1809__600_2356,27,5,t_8_16,150.00091552734375,0.0,0.125,0.9999999523509848,2.0,0.09339998821281319,1
1809__600_2356,28,5,s_16_32,325.0,0.25,0.15625,0.0366364927596984,7.0,0.7383279199037238,0
1809__600_2356,29,5,s_16_32,260.0,0.0,0.1428571428571428,0.39716210410791003,6.0,0.46899118727866157,1
1809__600_2356,30,5,t_8_16,154.0,0.25,0.19999999999999996,0.02909698251891384,5.0,0.5518197225795135,0
1809__600_2356,31,5,t_8_16,135.0,0.0,0.08333333333333337,0.14524671756297122,2.0,0.816442470946781,0
1809__600_2356,32,5,s_16_32,468.0,0.0,0.02777777777777779,0.2274585546693125,8.0,0.3783597799145295,1
1809__600_2356,33,5,t_8_16,120.0,0.25,0.0,0.2243460622747702,2.0,0.7124649280851724,0
1815__1200_600,0,5,t_8_16,128.0,0.5,0.0,0.30949075268808907,2.0,0.752850459932314,0
1815__1200_600,1,5,t_8_16,180.0,0.25,0.16666666666666674,0.08321301051545034,2.0,0.6823854166666685,0
1815__1200_600,2,5,t_8_16,192.0,0.5,0.125,0.04965962428344325,4.0,0.6796751398138526,0
1815__1200_600,3,5,t_8_16,192.0,0.0,0.16666666666666674,0.24182128990394658,2.0,0.7730773541666612,0
1815__1200_600,4,5,t_8_16,180.0,0.25,0.125,0.05983961217411664,3.0,0.5705694642289205,0
1815__1200_600,5,5,t_8_16,224.0,0.5,0.15000000000000002,0.04975135437564921,5.0,0.5858011249999981,0
1815__1200_600,6,5,t_8_16,160.0,0.75,0.375,0.0918479728420137,4.0,0.7200059814940438,0
1815__1200_600,7,5,t_8_16,192.0,0.5,0.09999999999999998,0.0850895338519015,5.0,0.8000851362598994,0
1815__1200_600,8,5,t_8_16,192.0,0.5,0.08333333333333337,0.011673706581005003,3.0,0.6763465468749973,0
1815__1200_600,9,5,t_8_16,215.9989013671875,0.0,0.1416666666666666,0.32091741027128096,5.0,0.6116091203703694,0
1815__1200_600,10,5,s_16_32,480.0,0.5,0.02777777777777779,0.0143896576125044,8.0,0.8049847961206344,0
1815__1200_600,11,5,t_8_16,252.0,0.0,0.08333333333333337,0.07933248323467841,4.0,0.5490802341269819,0
1815__1200_600,12,5,t_8_16,128.0,0.0,0.125,0.40936534356716575,2.0,0.5915181683641779,0
1815__1200_600,13,5,t_8_16,140.0,0.25,0.16666666666666674,0.16069119819585317,3.0,0.8179868061648264,0
1815__1200_600,14,5,t_8_16,140.0,0.25,0.125,,1.0,0.6986144193663731,0
1815__1200_600,15,5,t_8_16,144.0,0.25,0.33333333333333337,0.017390722075761065,2.0,0.6838992356751665,0
1815__1200_600,16,5,t_8_16,96.0,0.0,0.125,,1.0,0.6799540144514727,0
1815__1200_600,17,5,t_8_16,203.99896240234375,0.5,0.09999999999999998,0.06491451580793361,5.0,0.8393624470288359,0
1815__1200_600,18,5,t_8_16,180.0,0.0,0.0,0.8721365239314005,2.0,0.5578635531488446,0
1831__0_2108,0,5,t_8_16,220.0,0.25,0.0625,0.3256270871926428,3.0,0.0,1
1831__0_2108,1,5,t_8_16,71.99999141693115,0.5,0.125,0.24657509197970512,4.0,0.6130610870543306,0
1834__1800_1800,0,5,s_16_32,336.0,0.5,0.1875,0.21168331037434635,8.0,0.6563318448502528,0
1834__1800_1800,1,5,t_8_16,160.0,0.75,0.25,0.09335325326810562,4.0,0.7593738749999963,0
1834__1800_1800,2,5,t_8_16,112.0,0.5,0.08333333333333337,0.0018482282759610309,3.0,0.8103550790124752,0
1834__1800_1800,3,5,t_8_16,107.99945068359375,0.25,0.1741071428571428,0.07181638138092766,7.0,0.8090402808044166,0
1834__1800_1800,5,5,t_8_16,96.0,0.25,0.125,0.1906564356855473,2.0,0.6902941259044798,0
1834__1800_1800,6,5,t_8_16,112.0,0.5,0.125,0.41696208098159643,2.0,0.782645830041398,0
1834__1800_1800,7,5,t_8_16,144.0,0.0,0.0,0.1318957206795214,2.0,0.6854591387860991,0
1834__1800_1800,8,5,t_8_16,72.0,0.75,0.2500000000000001,0.2410626592076641,2.0,0.7711427063388311,0
1834__1800_1800,10,5,t_8_16,96.0,0.25,0.125,0.2832531579849629,2.0,0.6554786039238472,0
1834__1800_1800,11,5,t_8_16,112.0,0.25,0.08333333333333337,0.11395596785048895,2.0,0.8378912941134806,0
1834__1800_1800,12,5,t_8_16,96.0,0.25,0.25,0.4485502853806378,2.0,0.7666348481673274,0
1834__1800_1800,14,5,s_16_32,350.0,0.6666666666666666,0.09523809523809523,0.31499785019418564,7.0,0.027765817997857545,1
1834__1800_1800,15,5,t_8_16,192.0,0.3333333333333333,0.0,0.5372991326814757,2.0,0.0,1
1834__1800_1800,16,5,s_16_32,280.001708984375,0.5,0.1383928571428572,0.17963942932426596,7.0,0.19211931782984404,1
1834__1800_1800,17,5,s_16_32,504.002197265625,0.25,0.09126984126984128,0.15187069160236394,7.0,0.15325566547464675,1
1834__1800_1800,18,5,t_8_16,140.0,0.25,0.16666666666666674,0.5357445106737587,2.0,0.7068695705738604,0
1834__1800_1800,19,5,t_8_16,96.0,0.5,0.1499999999999999,0.014836664415755195,5.0,0.6857136176780299,0
1834__1800_1800,20,5,t_8_16,108.0,0.25,0.0,0.033975071106131176,5.0,0.7649682666189186,0
1834__1800_1800,21,5,t_8_16,140.0,0.0,0.08333333333333337,0.18180634829856526,2.0,0.7753030714285731,0
1834__1800_1800,22,5,t_8_16,126.0,0.5,0.1428571428571429,0.2854497858523013,5.0,0.5678946546504214,0
1834__1800_1800,23,5,t_8_16,136.0,0.75,0.16666666666666674,0.23776591915194875,2.0,0.555205274102339,0
1834__1800_1800,24,5,s_16_32,405.0,0.0,0.125,0.7225650538854765,6.0,0.1734816855700022,1
1834__1800_1800,25,5,t_8_16,154.0,0.0,0.16666666666666674,0.687607591225282,2.0,0.5835305339110495,0
1834__1800_1800,26,5,s_16_32,352.0,0.0,0.09375,0.4157631374756644,8.0,0.8328723442049307,0
1834__1800_1800,27,5,s_16_32,276.0,0.0,0.19999999999999996,0.4736868887710637,3.0,0.7830047841055542,0
1834__1800_1800,28,5,t_8_16,140.0,0.25,0.08333333333333337,0.33102826259588136,2.0,0.6361592845818308,0
1834__1800_1800,29,5,t_8_16,231.0,0.0,0.0625,0.7659004496102945,4.0,0.5405996765914688,0
1834__1800_1800,30,5,t_8_16,108.0,0.0,0.0,0.16338199953403193,2.0,0.7321993872426126,0
1834__1800_1800,31,5,t_8_16,119.99977111816406,0.25,0.08333333333333326,0.4285818079434973,6.0,0.6894571166666673,0
1834__1800_1800,32,5,t_8_16,180.0,0.25,0.375,,1.0,0.6645762744153304,0
1838__0_600,0,5,t_8_16,252.0,0.25,0.1428571428571428,0.019167673941181716,7.0,0.8424282041338175,0
1838__0_600,1,5,t_8_16,216.0,0.5,0.0625,0.05621694493051211,3.0,0.7673808867805016,0
1838__0_600,2,5,t_8_16,128.0,0.25,0.2500000000000001,0.192978044511058,3.0,0.7785965685350981,0
1838__0_600,3,5,t_8_16,112.0,0.0,0.08333333333333337,0.5186347459603724,3.0,0.6082832941316109,0
1838__0_600,4,5,t_8_16,128.0,0.5,0.08333333333333337,0.150358838544863,2.0,0.7208015706394143,0
1838__0_600,5,5,t_8_16,144.00048828125,0.5,0.125,0.016013242799303884,4.0,0.7340343689139263,0
1838__0_600,6,5,t_8_16,108.0003662109375,0.0,0.0,0.1426143495384148,3.0,0.5707994723767327,0
1838__0_600,7,5,s_16_32,263.9986572265625,0.0,0.17142857142857137,0.12151996198936905,5.0,0.6130598518688515,0
1838__0_600,8,5,t_8_16,240.0,0.25,0.11250000000000004,0.15246572776344505,4.0,0.7911025844678422,0
1838__0_600,9,5,t_8_16,160.0,0.0,0.08333333333333337,0.02532201640052814,3.0,0.7730622453819906,0
1838__0_600,10,5,t_8_16,128.0,0.75,0.5833333333333334,,1.0,0.7509691587823775,0
1838__0_600,11,5,t_8_16,160.0,0.5,0.16666666666666674,0.21062399288640266,3.0,0.8259756265906595,0
1838__0_600,12,5,t_8_16,96.0,0.0,0.0,0.1145078664549138,2.0,0.5833295010572201,0
1838__0_600,13,5,t_8_16,120.0,0.25,0.0,0.11390036721929066,4.0,0.6180728202159084,0
1838__0_600,14,5,t_8_16,160.0,0.5,0.0,0.08799085374402027,3.0,0.8240993494341795,0
1838__0_600,15,5,t_8_16,144.0,0.75,0.25,0.12907230576778567,2.0,0.8676953339466469,0
1838__0_600,16,5,t_8_16,196.0,0.25,0.15000000000000002,0.1250396898323603,5.0,0.8938383673469336,0
1838__0_600,17,5,t_8_16,84.0,0.25,0.0,0.09006004883739444,2.0,0.6213697630320381,0
1838__0_600,18,5,t_8_16,160.0,0.25,0.2500000000000001,0.2091758445721137,2.0,0.7618917702668326,0
1838__0_600,19,5,t_8_16,140.0,0.0,0.08333333333333337,0.45089928951462865,2.0,0.6930756921478369,0
1838__0_600,20,5,t_8_16,96.0,0.5,0.2124999999999999,0.139306392995693,4.0,0.6481935777268899,0
1838__0_600,21,5,t_8_16,168.0,0.25,0.16666666666666674,0.17663405114392927,2.0,0.7519420245537717,0
1838__0_600,22,5,t_8_16,84.0,0.0,0.08333333333333337,0.16805774203876037,2.0,0.5706980778888737,0
1838__0_600,23,5,t_8_16,96.0,0.0,0.125,,1.0,0.7384135415813357,0
1838__0_600,25,5,t_8_16,128.0,0.25,0.25,,1.0,0.5574608840792065,0
1838__0_600,26,5,t_8_16,84.0,0.0,0.2666666666666667,0.17196221852856358,3.0,0.43614968738270204,1
1838__0_600,27,5,t_8_16,96.0,0.5,0.0625,0.1484533712225939,3.0,0.5955662647898378,0
1838__0_600,28,5,t_8_16,84.0,0.0,0.0,0.33008047878606367,2.0,0.5813380117201895,0
1838__0_600,29,5,t_8_16,80.0,0.25,0.25,0.9999975638931304,1.0,0.12846077913254209,1
1838__0_600,30,5,t_8_16,96.0,0.25,0.0,0.1732343969006087,2.0,0.6517837814849248,0
1838__0_600,31,5,t_8_16,128.0,0.5,0.25,0.03471785470754402,2.0,0.6734292998145122,0
1838__0_600,32,5,t_8_16,100.0006103515625,0.25,0.41666666666666674,0.9999995767632918,1.0,0.1817368705161801,1
1838__0_600,33,5,t_8_16,84.0,0.0,0.09999999999999998,0.07564442473113356,3.0,0.550050042112224,0
1838__0_600,35,5,t_8_16,112.0,0.0,0.125,,1.0,0.6698031875431343,0
1838__0_600,36,5,t_8_16,95.9996337890625,0.25,0.0,0.36075879772124225,3.0,0.5848351893055992,0
1838__0_600,37,5,t_8_16,112.0,0.25,0.08333333333333337,0.4438730971827533,3.0,0.71656656177846,0
1838__0_600,38,5,s_16_32,392.0,0.25,0.05555555555555558,0.17915999155855794,9.0,0.6404701865532956,0
1838__0_600,39,5,t_8_16,160.0,0.5,0.33333333333333326,,1.0,0.29794167875155986,1
1838__0_600,40,5,s_16_32,256.0,0.25,0.16666666666666674,0.2419378847267327,4.0,0.37805565624999904,1
1838__0_600,41,5,t_8_16,160.0,0.25,0.25,0.511591794936779,2.0,0.5279876000000061,0
1838__0_600,42,5,t_8_16,159.9993896484375,0.0,0.16666666666666663,0.9998253758316958,2.0,0.4452775363772644,1
1838__0_600,43,5,t_8_16,191.9996337890625,0.25,0.125,0.0275320289360931,3.0,0.7042831249999997,0
1838__0_600,44,5,t_8_16,143.9998779296875,0.0,0.0,0.04914450093747967,2.0,0.6359133520336372,0
1838__0_600,45,5,s_16_32,271.99896240234375,0.3333333333333333,0.05555555555555547,0.14330418116579954,6.0,0.6640886029411747,0
1838__0_600,46,5,s_16_32,320.0,0.0,0.0,0.6109771486771427,4.0,0.39550106249999994,1
1838__0_600,47,5,s_16_32,288.0,0.25,0.15714285714285725,0.06511589065830609,4.0,0.6490208748094225,0
1838__0_600,48,5,t_8_16,168.0,0.5,0.125,0.9758827885610547,1.0,0.2300029558748214,1
1838__0_600,49,5,t_8_16,200.0,0.0,0.0625,0.09537241504346422,4.0,0.653669184999998,0
1838__0_600,50,5,s_16_32,288.0,0.25,0.0,0.39729063434421596,4.0,0.5411257361111149,0
1838__0_600,51,5,t_8_16,128.0,0.25,0.0,0.384755012947777,3.0,0.3734130894096128,1
1838__0_600,52,5,s_16_32,312.000732421875,0.0,0.1333333333333333,0.11581492840883403,5.0,0.455790576923074,1
1838__0_600,53,5,s_16_32,448.0,0.5,0.04166666666666663,0.06498743790599688,5.0,0.22070021896161796,1
1838__0_600,54,5,s_16_32,264.000732421875,0.0,0.1499999999999999,0.22859657982544496,5.0,0.5122774187319503,0
1838__0_600,55,5,s_16_32,352.0,0.0,0.19999999999999996,0.019196069364835044,3.0,0.47043991088921805,1
1838__0_600,56,5,t_8_16,140.0,0.0,0.25,,1.0,0.7202003389899064,0
1838__0_600,57,5,t_8_16,176.0,0.5,0.08333333333333337,0.09578788248565566,3.0,0.6170237102272781,0
1838__0_600,58,5,t_8_16,223.99994659423828,0.0,0.15000000000000002,0.5325642274286903,4.0,0.4719308437500031,1
1838__0_600,59,5,s_16_32,264.0,0.5,0.08333333333333337,0.02626717748201107,3.0,0.15828655238358863,1
1838__0_600,60,5,s_16_32,308.0,0.25,0.0,0.030041472065791976,5.0,0.4532319480519481,1
1838__0_600,61,5,s_16_32,384.0,0.25,0.11111111111111116,0.17671325285124362,7.0,0.3777599374999979,1
1838__0_600,62,5,s_16_32,364.0,0.0,0.1333333333333332,0.22831955611783036,5.0,0.389613412087911,1
1838__0_600,63,5,t_8_16,144.0,0.0,0.0,0.6209045439669103,2.0,0.651822500000002,0
1838__0_600,64,5,t_8_16,84.0,0.25,0.0625,0.13312070489704106,4.0,0.0,1
1838__0_600,65,5,s_16_32,323.9997253417969,0.5,0.0,0.02643287417244063,5.0,0.8820674783950616,0
1838__0_600,66,5,t_8_16,168.0,0.25,0.20833333333333337,0.43471113335483724,2.0,0.6863501350864601,0
1838__0_600,67,5,t_8_16,196.0,0.25,0.2666666666666667,0.11790374181898484,3.0,0.5587718336243289,0
1838__0_600,68,5,t_8_16,240.0,0.0,0.125,0.43066766211659413,3.0,0.44734297762562336,1
1838__0_600,69,5,t_8_16,220.0,0.25,0.1071428571428572,0.15679519798550015,4.0,0.6380222944129744,0
1838__0_600,70,5,t_8_16,144.0,0.0,0.08333333333333337,0.25033694349106966,3.0,0.37482947637378244,1
1838__0_600,71,5,t_8_16,224.0,0.25,0.2500000000000001,0.030123604971409916,2.0,0.6012926892610218,0
1838__0_600,72,5,t_8_16,192.0,0.25,0.0625,0.09741841083922835,4.0,0.7172499717087751,0
1838__0_600,73,5,s_16_32,288.0,0.0,0.0625,0.15844147645911708,4.0,0.5011015625000056,0
1838__0_600,74,5,t_8_16,192.0,0.25,0.22499999999999998,0.7585092797690329,4.0,0.1008313763779274,1
1838__0_600,75,5,t_8_16,252.0,0.0,0.0,0.3655251531621261,3.0,0.5094934722222161,0
1838__0_600,76,5,s_16_32,320.0,0.25,0.16309523809523807,0.2195231085200235,5.0,0.465845800000002,1
1838__0_600,77,5,t_8_16,179.99969482421875,0.0,0.08333333333333337,0.19066842429196973,3.0,0.7036699002857001,0
1838__0_600,78,5,s_16_32,520.0,0.0,0.19191919191919193,0.1317393445947809,9.0,0.4122747692307699,1
1838__0_600,79,5,t_8_16,192.0,0.25,0.08333333333333337,0.31453082324903203,3.0,0.7512062324737141,0
1838__0_600,80,5,t_8_16,200.0,0.25,0.0,0.18652763934237238,4.0,0.07108693326253195,1
1838__0_600,81,5,t_8_16,240.0,0.5,0.11250000000000004,0.025521943798959758,4.0,0.47910010867665287,1
1838__0_600,82,5,t_8_16,144.0,0.0,0.08333333333333337,0.024568528750391918,3.0,0.6440749651755868,0
1838__0_600,83,5,t_8_16,220.0013427734375,0.0,0.0625,0.04952687985034976,4.0,0.5314507446497252,0
1838__0_600,84,5,t_8_16,192.0,0.5,0.33333333333333337,0.0922628947809744,2.0,0.7430821109960841,0
1838__0_600,85,5,t_8_16,128.0,0.25,0.19999999999999996,0.984605675725225,3.0,0.4831301834257478,1
1838__0_600,86,5,s_16_32,352.0,0.0,0.0625,0.24391141847268982,6.0,0.5289350625000021,0
1838__0_600,87,5,t_8_16,180.0,0.25,0.0,0.12490285871416816,3.0,0.7404471522324944,0
1838__0_600,88,5,t_8_16,140.0,0.5,0.25,0.23352742045856195,3.0,0.6686532071428617,0
1838__0_600,89,5,t_8_16,240.0,0.0,0.20833333333333337,0.16067231827081135,3.0,0.5618381713488951,0
1838__0_600,90,5,s_16_32,447.9991455078125,0.25,0.04166666666666663,0.07263359068648198,6.0,0.6202522660095283,0
1838__0_600,91,5,s_16_32,308.0,0.0,0.09999999999999998,0.09370681258339063,4.0,0.5529104285714322,0
1838__0_600,92,5,t_8_16,192.0,0.25,0.08333333333333337,0.5971862403629449,3.0,0.5370755905878234,0
1838__0_600,93,5,t_8_16,220.0,0.0,0.0625,0.3242672317588799,3.0,0.6724442446907295,0
1838__0_600,94,5,t_8_16,160.0,0.25,0.25,0.47353369675744167,2.0,0.6451166929336699,0
1838__0_600,95,5,s_16_32,288.0,0.5,0.25,0.21982234940789463,7.0,0.5513618402777806,0
1838__0_600,96,5,s_16_32,288.0,0.0,0.2500000000000001,0.9972205618656551,2.0,0.10725376614582213,1
1838__0_600,97,5,t_8_16,120.0,0.25,0.25,0.12535311914571184,2.0,0.733413774616341,0
1838__0_600,98,5,t_8_16,168.0,0.25,0.20833333333333337,0.6269130247931486,2.0,0.594471256147467,0
1838__0_600,99,5,t_8_16,192.0,0.5,0.17500000000000004,0.5646688608114837,4.0,0.5539521076914871,0
1838__0_600,100,5,t_8_16,216.0,0.0,0.0625,0.22045092346117284,3.0,0.6347406116612848,0
1838__0_600,101,5,t_8_16,176.0,0.25,0.14583333333333337,0.5101815704672601,3.0,0.7767430453727993,0
1838__0_600,102,5,t_8_16,216.0,0.0,0.10000000000000009,0.14934087251356515,5.0,0.7930444027144125,0
1838__0_600,103,5,t_8_16,240.0,0.25,0.29166666666666674,0.5634844889964689,2.0,0.45671282601885255,1
1838__0_600,104,5,s_16_32,336.0,0.5,0.125,0.09308825879207445,3.0,0.49950651785714184,1
1838__0_600,105,5,t_8_16,167.999267578125,0.25,0.125,0.057318859302354995,2.0,0.830633355966537,0
1838__0_600,106,5,s_16_32,260.0,0.25,0.16666666666666663,0.4484400928026612,2.0,0.43263057746252936,1
1838__0_600,107,5,s_16_32,308.0,0.0,0.11111111111111116,0.36885755073292387,4.0,0.401083198051944,1
1838__0_600,108,5,s_16_32,263.9998321533203,0.0,0.20833333333333337,0.14365119530308731,6.0,0.6126873858378339,0
1838__0_600,109,5,s_16_32,780.0,0.0,0.13636363636363624,0.08750096042084338,10.0,0.4834125448717942,1
1838__0_600,110,5,t_8_16,216.0,0.25,0.0,0.11656855749940086,3.0,0.5592527230030211,0
1838__0_600,111,5,t_8_16,224.0,0.5,0.16666666666666674,0.155584643230728,2.0,0.6184901276472258,0
1838__0_600,112,5,t_8_16,96.0,0.0,0.125,,1.0,0.6670732527281894,0
1838__0_600,113,5,t_8_16,160.0,0.25,0.25,0.2549972891145756,4.0,0.5328702119120862,0
1838__0_600,114,5,s_16_32,320.0,0.0,0.0,0.04152090165102878,5.0,0.03857387338453717,1
1838__0_600,115,5,s_16_32,288.0,0.25,0.1071428571428572,0.008829888747559893,7.0,0.4550927678776402,1
1838__0_600,116,5,t_8_16,120.0,0.25,0.125,0.014485610816866253,2.0,0.0,1
1838__0_600,117,5,s_16_32,312.0,0.0,0.125,0.14730050192401428,6.0,0.5214633589743587,0
1838__0_600,118,5,s_16_32,260.0,0.75,0.19999999999999996,0.093076655741064,5.0,0.23707557817887348,1
1838__0_600,119,5,t_8_16,223.9991455078125,0.0,0.19999999999999996,0.4228416608852117,5.0,0.6192080681926893,0
1838__0_600,120,5,s_16_32,288.0,0.0,0.07738095238095233,0.2888974835640195,6.0,0.4397754999582928,1
1838__0_600,121,5,s_16_32,324.0,0.25,0.0,0.3050604643986945,5.0,0.3891483666600344,1
1838__0_600,122,5,s_16_32,264.0,0.0,0.11250000000000004,0.2013726675506361,4.0,0.46834994533582325,1
1838__0_600,123,5,t_8_16,96.0,0.0,0.08333333333333337,0.532693716068531,3.0,0.35850681425563863,1
1838__0_600,124,5,t_8_16,160.0,0.25,0.0,0.18909750613564896,3.0,0.6459873687500005,0
1838__0_600,125,5,t_8_16,220.0,0.0,0.08333333333333337,0.6144143366893874,3.0,0.4771733186965396,1
1838__0_600,126,5,s_16_32,264.0,0.0,0.050000000000000044,0.12881415674325677,4.0,0.5677441818181769,0
1838__0_600,127,5,t_8_16,180.0,0.0,0.0,0.16734531787514711,3.0,0.78114490019408,0
1838__0_600,128,5,s_16_32,364.0008544921875,0.25,0.10416666666666663,0.035155925694844346,6.0,0.480931283134039,1
1838__0_600,129,5,t_8_16,144.0,0.0,0.0,0.41654119772896814,2.0,0.6191733812266125,0
1838__0_600,130,5,t_8_16,252.0,0.0,0.0,0.1885822644385828,5.0,0.5777529523809499,0
1838__0_600,131,5,s_16_32,336.0,0.5,0.050000000000000044,0.21924631631935373,5.0,0.8396845630312839,0
1838__0_600,132,5,s_16_32,720.0,0.0,0.0,0.6103655169422494,10.0,0.05631449629484951,1
1838__0_600,133,5,s_16_32,352.0,0.0,0.0714285714285714,0.45257566144647365,7.0,0.5271030454545468,0
1838__0_600,134,5,t_8_16,132.0,0.25,0.0,0.11095703160656435,4.0,0.6054945684934199,0
1838__0_600,135,5,t_8_16,144.0,0.25,0.875,0.4670169639181304,1.0,0.7534645096897755,0
1838__0_600,136,5,t_8_16,144.0,0.5,0.25,0.4199772279978687,2.0,0.6976027777777728,0
1838__0_600,137,5,t_8_16,96.0000114440918,0.75,0.5,0.7896928511773523,2.0,0.09008644491150622,1
1838__0_600,138,5,t_8_16,252.0,0.5,0.16666666666666663,0.0704653205778588,6.0,0.7829433084789822,0
1838__0_600,139,5,s_16_32,288.0,0.0,0.0625,0.342376233260252,4.0,0.48910176723675264,1
1838__0_600,140,5,t_8_16,167.9991455078125,0.25,0.16666666666666674,0.09225229801116205,2.0,0.5494350709236399,0
1838__0_600,141,5,s_16_32,280.0,0.0,0.09999999999999998,0.032660155399688716,3.0,0.605648362547418,0
1838__0_600,142,5,t_8_16,240.0,0.0,0.050000000000000044,0.1501561440516017,4.0,0.5649824999999954,0
1838__0_600,143,5,t_8_16,160.0,0.25,0.1875,0.17428609033828335,4.0,0.5627180272031683,0
1838__0_600,144,5,t_8_16,168.0,0.25,0.09999999999999998,0.08562985712408364,3.0,0.7216104283015601,0
1838__0_600,145,5,s_16_32,467.99920654296875,0.25,0.0,0.07545943876097415,8.0,0.6358926048197303,0
1838__0_600,146,5,t_8_16,112.0,0.75,0.5,,0.0,0.23945346056451458,1
1838__0_600,147,5,t_8_16,200.0,0.5,0.18333333333333335,0.9954382002370242,3.0,0.5448287258560539,0
1838__0_600,148,5,s_16_32,480.0,0.0,0.1875,0.24720862122596243,3.0,0.28535896317630033,1
1838__0_600,149,5,s_16_32,264.0,0.0,0.050000000000000044,0.6896974660498447,4.0,0.4482744065527229,1
1838__0_600,150,5,t_8_16,216.0,0.25,0.16666666666666663,0.5675444870472575,3.0,0.7882649268743682,0
1838__0_600,151,5,s_16_32,320.0,0.5,0.09375,0.0016599888220559728,8.0,0.5337041647554202,0
1838__0_600,152,5,t_8_16,224.0,0.5,0.25,0.9999004701991856,1.0,0.5142084816418296,0
1838__0_600,153,5,t_8_16,216.000732421875,0.0,0.0625,0.18616308743182922,3.0,0.5138144773321063,0
1838__0_600,154,5,s_16_32,308.0,0.5,0.04166666666666663,0.17564923479516414,5.0,0.8603061227977381,0
1838__0_600,155,5,s_16_32,440.0,0.25,0.025000000000000022,0.03306533161661093,9.0,0.5591267045454541,0
1838__0_600,156,5,t_8_16,255.9990234375,0.0,0.125,0.15151332685312435,4.0,0.5585555406641773,0
1838__0_600,157,5,t_8_16,180.0,0.25,0.18333333333333335,0.21227717287687634,3.0,0.6693482425115399,0
1838__0_600,158,5,s_16_32,264.0,0.75,0.125,0.018134087626580232,6.0,0.47681144469539427,1
1838__0_600,159,5,t_8_16,192.0,0.0,0.125,0.409220381256091,2.0,0.509803984540801,0
1838__0_600,160,5,t_8_16,140.0,0.25,0.25,,1.0,0.7929405147861486,0
1838__0_600,161,5,s_16_32,336.0,0.25,0.1875,0.024499253706562155,8.0,0.47958696171327747,1
1838__0_600,162,5,t_8_16,144.0,0.0,0.0,0.4953017701570901,4.0,0.39715132624725547,1
1838__0_600,163,5,t_8_16,128.0,0.25,0.25,,1.0,0.14311699408179582,1
1838__0_600,164,5,t_8_16,192.0,0.0,0.0,0.5386133404786769,2.0,0.43578954057311664,1
1838__0_600,165,5,t_8_16,180.0,0.25,0.125,0.5578375199446367,2.0,0.6497955666666709,0
1838__0_600,166,5,s_16_32,360.0,0.25,0.1964285714285714,0.09694155245120513,7.0,0.5755124111111108,0
1838__0_600,167,5,t_8_16,160.0,0.25,0.16666666666666674,0.41097747751377495,2.0,0.7694005920781123,0
1838__0_600,168,5,t_8_16,120.0,0.25,0.18333333333333335,0.09204933446465807,3.0,0.0,1
1838__0_600,169,5,t_8_16,220.0,0.0,0.0,0.17021024311848632,3.0,0.5472510318181832,0
1838__0_600,170,5,t_8_16,220.0,0.6666666666666666,0.0,0.1032064149394273,3.0,0.5865091272727309,0
1838__0_600,171,5,t_8_16,196.0,0.3333333333333333,0.19444444444444453,0.2177019409978945,4.0,0.1462258025611683,1
1838__0_600,172,5,s_16_32,308.0,0.25,0.1499999999999999,0.026128375312927055,5.0,0.4892247857142858,1
1838__0_600,173,5,s_16_32,288.0,0.0,0.125,0.23394440859565288,6.0,0.4741103784722219,1
1838__0_600,174,5,s_16_32,308.0,0.5,0.19166666666666665,0.004371716366886681,5.0,0.7594816145711992,0
1838__0_600,175,5,t_8_16,220.0,0.5,0.0625,0.05682918510323143,3.0,0.16231742185818424,1
1838__0_600,176,5,s_16_32,351.9986572265625,0.0,0.16666666666666663,0.17552949091446812,6.0,0.37928581818181867,1
1838__0_600,177,5,t_8_16,220.0,0.25,0.1071428571428572,0.1947608645335198,4.0,0.679647680804204,0
1838__0_600,178,5,t_8_16,96.0,0.0,0.25,,1.0,0.5927772258750902,0
1838__0_600,179,5,t_8_16,220.0,0.0,0.1416666666666666,0.48050030622005263,5.0,0.6386958299827911,0
1838__0_600,180,5,t_8_16,216.0,0.5,0.0625,0.09758549573310313,4.0,0.6066814444444505,0
1838__0_600,181,5,t_8_16,216.0,0.25,0.0625,0.0830885073630904,4.0,0.6355127083333367,0
1838__0_600,183,5,s_16_32,360.0,0.5,0.0714285714285714,0.00020406717049563063,5.0,0.36775630000000264,1
1838__0_600,184,5,s_16_32,312.0,0.0,0.09999999999999998,0.12576201409985446,5.0,0.47772075089871585,1
1838__0_600,185,5,t_8_16,108.0,0.0,0.29999999999999993,0.298857125367064,5.0,0.43832340757337024,1
1838__0_600,186,5,s_16_32,360.0,0.0,0.0,0.2738519982212097,6.0,0.30706973333333526,1
1838__0_600,187,5,t_8_16,140.0,0.25,0.125,0.06400060851087794,2.0,0.7501082595774498,0
1838__0_600,188,5,t_8_16,216.0,0.0,0.25,0.6380323231146129,5.0,0.6408907407407378,0
1838__0_600,189,5,t_8_16,216.0,0.75,0.30000000000000004,0.01261994750143668,5.0,0.7549616481481481,0
1838__0_600,190,5,t_8_16,192.0,0.25,0.09999999999999998,0.013454010297580365,3.0,0.7256930841695708,0
1838__0_600,191,5,s_16_32,280.0,0.75,0.125,0.03560292475313458,6.0,0.5407449198458898,0
1838__0_600,192,5,s_16_32,480.0,0.0,0.0,0.1637790269472027,7.0,0.3320509500000015,1
1838__0_600,193,5,s_16_32,319.9990234375,0.0,0.09999999999999998,0.37878905351743175,5.0,0.48748356562500283,1
1838__0_600,194,5,t_8_16,220.0,0.75,0.1071428571428572,0.009980764495737348,4.0,0.43107833851672195,1
1838__0_600,195,5,t_8_16,140.0,0.25,0.0,0.21224949499907392,2.0,0.6841016343539659,0
1838__0_600,196,5,t_8_16,220.0013427734375,0.0,0.0625,0.31098861800111927,3.0,0.5847661242987483,0
1838__0_600,197,5,t_8_16,167.99978637695312,0.5,0.125,0.1531172471865897,4.0,0.6714674515825363,0
1838__0_600,198,5,s_16_32,256.0,0.25,0.0625,0.020918599137294446,4.0,0.4162623750779776,1
1838__0_600,199,5,t_8_16,252.0008544921875,0.0,0.0625,0.26096433784065914,3.0,0.6550402999826802,0
1838__0_600,200,5,t_8_16,220.0,0.25,0.0625,0.21883220993508806,4.0,0.5978255657625423,0
1838__0_600,201,5,t_8_16,196.0,0.25,0.14583333333333337,0.45610610503674026,3.0,0.46422167849522633,1
1838__0_600,202,5,s_16_32,288.0,0.0,0.08333333333333337,0.5733743418145865,2.0,0.6466096919329056,0
1838__0_600,203,5,s_16_32,308.0,0.0,0.0,0.26042628416782665,5.0,0.6270880681818145,0
1838__0_600,204,5,s_16_32,288.0,0.0,0.16249999999999998,0.26604864798228006,3.0,0.36378521476391307,1
1838__0_600,205,5,t_8_16,224.0,0.0,0.0,0.230994597632516,2.0,0.7102833723235408,0
1838__0_600,206,5,s_16_32,780.0,0.0,0.08125000000000004,0.41167791446502705,8.0,0.05610221664911608,1
1838__0_600,207,5,t_8_16,160.0,0.25,0.0,0.23460297624735316,2.0,0.8329952216599861,0
1838__0_600,208,5,t_8_16,216.0,0.25,0.14583333333333337,0.11759669827614051,3.0,0.8224933611788517,0
1838__0_600,209,5,s_16_32,264.0,0.0,0.1785714285714286,0.31901420020725635,7.0,0.5456100833333324,0
1838__0_600,210,5,t_8_16,252.0,0.25,0.125,0.0004826237311843627,3.0,0.4374923936002574,1
1838__0_600,211,5,t_8_16,216.00018310546875,0.5,0.0714285714285714,0.0409714748601062,5.0,0.696534394034533,0
1838__0_600,212,5,s_16_32,352.0,0.0,0.0714285714285714,0.06506876692984374,7.0,0.5339047329545453,0
1838__0_600,213,5,s_16_32,312.0,0.5,0.09375,0.2050390740126373,5.0,0.5477625699892337,0
1838__0_600,214,5,s_16_32,264.0,0.75,0.10000000000000009,0.10180165773013854,5.0,0.8306724149362681,0
1838__0_600,215,5,t_8_16,127.99951171875,0.25,0.25,0.23856655597758825,3.0,0.7236125239852067,0
1838__0_600,216,5,t_8_16,200.0,0.0,0.0625,0.20732083640379487,3.0,0.5781766457824871,0
1838__0_600,217,5,t_8_16,144.0,0.0,0.125,0.5395221760272844,2.0,0.5769168357772376,0
1838__0_600,218,5,t_8_16,240.0,0.0,0.19999999999999996,0.23512263659007338,5.0,0.63192241609083,0
1838__0_600,219,5,t_8_16,180.0,0.25,0.37083333333333335,0.35255538792575053,3.0,0.0,1
1838__0_600,221,5,t_8_16,252.0,0.25,0.125,0.11357484844282137,4.0,0.5497325405575327,0
1838__0_600,222,5,s_16_32,308.0,0.5,0.050000000000000044,0.06375248287157242,4.0,0.559885948051943,0
1838__0_600,223,5,t_8_16,192.0,0.0,0.0,0.13664694916339112,2.0,0.6350226011872543,0
1838__0_600,224,5,s_16_32,336.0,0.0,0.0,0.0847779323584563,7.0,0.45710952380952685,1
1838__0_600,225,5,t_8_16,200.0,0.25,0.1071428571428572,0.16041688035689833,4.0,0.5994180562104935,0
1838__0_600,226,5,s_16_32,288.0,0.25,0.09999999999999998,0.03848116879012148,4.0,0.675728687500002,0
1838__0_600,227,5,s_16_32,364.0,0.0,0.15625,0.22300870229595407,8.0,0.5560854565291774,0
1838__0_600,228,5,s_16_32,280.0,0.0,0.12142857142857144,0.1088034847464439,5.0,0.4326512691337462,1
1838__0_600,229,5,t_8_16,192.0,0.25,0.09999999999999998,0.02412230575846689,3.0,0.6132873809496496,0
1838__0_600,230,5,s_16_32,560.0,0.5,0.050000000000000044,0.023158436910215793,10.0,0.7387660874093281,0
1838__0_600,231,5,s_16_32,280.0,0.5,0.08333333333333337,0.060715267599284285,6.0,0.5035488199716264,0
1838__0_600,232,5,t_8_16,160.0,0.25,0.25,0.9831902529392722,2.0,0.6160989364195365,0
1838__0_600,233,5,t_8_16,223.9990234375,0.5,0.0625,0.44052936813251753,3.0,0.39151420839316786,1
1838__0_600,234,5,s_16_32,320.0,0.25,0.050000000000000044,0.501525979234034,5.0,0.32131542987166145,1
1838__0_600,235,5,s_16_32,364.0,0.0,0.05555555555555558,0.6164394201683284,7.0,0.07478451955625635,1
1838__0_600,236,5,s_16_32,312.0,0.0,0.1875,0.13845181193788744,6.0,0.5457959647435895,0
1838__0_600,237,5,s_16_32,288.0,0.5,0.10000000000000009,0.04007908689999105,4.0,0.43092170577591055,1
1838__0_600,238,5,s_16_32,312.0,0.25,0.2250000000000001,0.34649929461741513,4.0,0.36762844230768965,1
1838__0_600,239,5,t_8_16,180.0010986328125,0.25,0.16666666666666674,0.9998050224232614,2.0,0.1250844692221663,1
1838__0_600,240,5,s_16_32,416.0,0.25,0.1651785714285714,0.12078671878413606,5.0,0.74584116239374,0
1838__0_600,241,5,s_16_32,638.0000839233398,0.0,0.045454545454545414,0.3035815203994344,10.0,0.5385152225705317,0
1838__0_600,242,5,s_16_32,308.0,0.25,0.0357142857142857,0.02031974109248599,6.0,0.41901711355456583,1
1838__0_600,243,5,t_8_16,239.998779296875,0.0,0.08333333333333337,0.3770212187294251,2.0,0.5416667999999969,0
1838__0_600,244,5,t_8_16,252.0,0.5,0.08333333333333337,0.40474306513538183,2.0,0.3424889228933174,1
1838__0_600,245,5,t_8_16,224.0,0.0,0.14583333333333337,0.27643281176719864,4.0,0.6227429999999956,0
1838__0_600,246,5,t_8_16,96.0,0.25,0.04166666666666663,0.0745664931363124,5.0,0.623617536645729,0
1838__0_600,247,5,t_8_16,200.0,0.25,0.0625,0.2028570458052788,3.0,0.6785501200000016,0
1838__0_600,248,5,t_8_16,128.0,0.25,0.08333333333333337,0.08974812678273336,3.0,0.6116944668520882,0
1838__0_600,249,5,s_16_32,264.0,0.25,0.1696428571428572,0.06059265878307873,4.0,0.6453677978533897,0
1838__0_600,250,5,s_16_32,288.0,0.25,0.04166666666666663,0.04043880193346989,5.0,0.5987709576746786,0
1838__0_600,251,5,s_16_32,288.0,0.0,0.0714285714285714,0.1663772000301885,5.0,0.5411611180555526,0
1838__0_600,252,5,t_8_16,252.0,0.25,0.17500000000000004,0.043290835220281335,4.0,0.4535740156138419,1
1838__0_600,253,5,t_8_16,252.0,0.0,0.0,0.13322619949876868,3.0,0.5565919841269847,0
1838__0_600,254,5,t_8_16,191.99951171875,0.25,0.16249999999999998,0.09436037322662962,3.0,0.7737753352986151,0
1838__0_600,255,5,t_8_16,140.0,0.5,0.30000000000000004,0.06574086474687228,5.0,0.6660741038078375,0
1838__0_600,256,5,t_8_16,126.0,0.25,0.0,0.39339730531526507,2.0,0.5627677216439415,0
1838__0_600,257,5,t_8_16,204.0,0.0,0.0625,0.24456878779493665,4.0,0.6621663710630006,0
1838__0_600,258,5,t_8_16,98.99945068359375,0.25,0.20833333333333337,0.16803540967563407,2.0,0.38663857686635006,1
1838__0_600,260,5,t_8_16,104.0,0.25,0.125,0.5868236491233587,2.0,0.733771025311039,0
1838__0_600,261,5,t_8_16,144.0,0.25,0.08333333333333337,0.024173015573983575,3.0,0.6398172193473957,0
1838__0_600,262,5,t_8_16,223.9991455078125,0.25,0.09999999999999998,0.5026309152519898,3.0,0.5032835089285688,0
1838__0_600,263,5,t_8_16,227.99884033203125,0.5,0.17142857142857137,0.14139999987387436,5.0,0.7634651498513473,0
1838__0_600,264,5,t_8_16,208.0,0.5,0.0,0.022104779468716494,4.0,0.6870265096153868,0
1838__0_600,265,5,t_8_16,171.0,0.0,0.08333333333333337,0.023618249711504037,2.0,0.5637684156945648,0
1838__0_600,266,5,t_8_16,140.0,0.0,0.0625,0.08877738430299893,4.0,0.6588650838828404,0
1838__0_600,267,5,t_8_16,210.0,0.5,0.1875,0.08017886359587445,3.0,0.7269125333333285,0
1838__0_600,268,5,t_8_16,144.0,0.5,0.0,0.051908250265125404,2.0,0.0,1
1838__0_600,269,5,t_8_16,200.0,0.25,0.0625,0.43215868500741855,4.0,0.0,1
1838__0_600,270,5,t_8_16,240.0,0.0,0.08333333333333326,0.14749740971351397,5.0,0.5356380876081767,0
1838__0_600,271,5,t_8_16,187.0,0.25,0.08333333333333337,0.650321409067097,2.0,0.0,1
1838__0_600,272,5,t_8_16,127.9990234375,0.25,0.16666666666666674,0.003716109506783135,3.0,0.7184776617731257,0
1838__0_600,273,5,t_8_16,120.0,0.5,0.20833333333333337,0.6204881781281105,2.0,0.5743834428553278,0
1838__0_600,274,5,s_16_32,260.0015869140625,0.0,0.14583333333333337,0.2772428502219342,4.0,0.5427877482862893,0
1838__0_600,275,5,s_16_32,312.0,0.75,0.15277777777777768,0.012718049380618766,6.0,0.0,1
1838__0_600,276,5,t_8_16,228.0,0.25,0.20833333333333337,0.130052799878922,6.0,0.0,1
1838__0_600,277,5,t_8_16,228.0,0.5,0.125,0.04500059384647696,4.0,0.8684083026315834,0
1838__0_600,278,5,t_8_16,153.0,0.0,0.125,0.9999998783137098,2.0,0.5669294161083674,0
1838__0_600,279,5,t_8_16,167.99957275390625,0.0,0.16666666666666674,0.8282990915588199,3.0,0.5454091153068142,0
1838__0_600,280,5,t_8_16,204.0,0.0,0.125,0.1521048408033291,4.0,0.7695177276220504,0
1838__0_600,281,5,t_8_16,162.0,0.25,0.375,0.40285878756244536,1.0,0.8301541288477325,0
1838__0_600,282,5,s_16_32,431.99945068359375,0.5,0.050000000000000044,0.1051025528008884,8.0,0.4713107083333367,1
1838__0_600,283,5,t_8_16,209.0,0.5,0.14583333333333337,0.12013305543539568,4.0,0.6820109516610685,0
1838__0_600,284,5,t_8_16,210.00091552734375,0.25,0.08333333333333337,0.18880708378847963,2.0,0.6848324287207828,0
1838__0_600,285,5,t_8_16,192.0,0.0,0.0625,0.23205518033021746,4.0,0.644920005219419,0
1838__0_600,286,5,t_8_16,231.0,0.5,0.1071428571428572,0.16256169220240366,4.0,0.0,1
1838__0_600,287,5,t_8_16,252.0,0.0,0.2008928571428572,0.4054230165173789,7.0,0.0,1
1838__0_600,288,5,t_8_16,168.0,0.25,0.20833333333333337,0.1988349790765166,2.0,0.6275838493893724,0
1838__0_600,289,5,t_8_16,210.0,0.0,0.0,0.08074748318958216,5.0,0.5952203337054545,0
1838__0_600,290,5,t_8_16,95.9999885559082,0.0,0.08333333333333337,0.16749463835856138,3.0,0.0,1
1838__0_600,291,5,s_16_32,304.0,0.0,0.1958333333333333,0.228063566212454,4.0,0.5522240098684199,0
1838__0_600,292,5,s_16_32,460.0,0.25,0.05555555555555558,0.2664826325536078,9.0,0.0,1
1838__0_600,293,5,s_16_32,390.0,0.5,0.2222222222222222,0.06183263735715456,9.0,0.37514472820512695,1
1838__0_600,294,5,t_8_16,247.0,0.25,0.08333333333333337,0.3408506599723126,4.0,0.0,1
1838__0_600,295,5,t_8_16,105.0,0.25,0.09999999999999998,0.08730611339337929,3.0,0.5731578799898771,0
1838__0_600,296,5,t_8_16,160.0,0.75,0.3666666666666667,0.015716821362787754,3.0,0.6269686865366315,0
1838__0_600,297,5,s_16_32,468.0,0.6666666666666666,0.18095238095238086,0.029508275567211494,6.0,0.0,1
1847__2400_1200,0,5,t_8_16,112.0,0.25,0.08333333333333337,0.08507854254259684,2.0,0.7278257602530547,0
1847__2400_1200,1,5,t_8_16,128.0,0.25,0.16666666666666674,0.2516470036131796,3.0,0.7474744759655659,0
1847__2400_1200,2,5,t_8_16,72.0,0.0,0.08333333333333337,0.5296180215892405,2.0,0.45066075880455914,1
1847__2400_1200,3,5,t_8_16,84.0,0.25,0.14583333333333337,0.5020126668995428,4.0,0.5198178597946077,0
1847__2400_1200,4,5,t_8_16,216.0,0.75,0.08333333333333337,0.0006010558214286424,3.0,0.779932260374071,0
1847__2400_1200,5,5,s_16_32,420.0,0.0,0.05555555555555558,0.5596535727801709,7.0,0.5893872584925325,0
1847__2400_1200,6,5,t_8_16,180.0,0.25,0.1875,0.5961034561579174,4.0,0.7427373777518234,0
1847__2400_1200,7,5,s_16_32,275.99981689453125,0.5,0.0625,0.10597547796973039,3.0,0.9045284578689664,0
1847__2400_1200,8,5,t_8_16,90.0,0.0,0.0,0.5262558479667971,2.0,0.6045514236453914,0
1847__3014_1200,0,5,s_16_32,800.0,0.0,0.045454545454545414,0.3412624135152142,10.0,0.0,1
1847__3014_1200,1,5,t_8_16,84.0,0.0,0.0625,0.40676465668704337,3.0,0.526490852578108,0
1847__3014_1200,2,5,t_8_16,216.0,0.0,0.09999999999999998,0.302384266775997,5.0,0.7293800733425747,0
1847__3014_1200,3,5,t_8_16,139.99969482421875,0.25,0.0,0.2102442105841137,2.0,0.8480159453571595,0
1847__3014_1200,4,5,t_8_16,160.0,0.0,0.16666666666666674,0.18494483998927116,2.0,0.6644179033121133,0
1847__3014_1200,5,5,t_8_16,112.0,0.5,0.25,,1.0,0.8823040483993824,0
1847__3014_1200,6,5,t_8_16,140.0,0.5,0.375,0.04789407792450882,2.0,0.7448801581338622,0
1847__3014_1200,7,5,t_8_16,140.0,0.0,0.0,,1.0,0.7194680411616853,0
1847__3014_1200,8,5,t_8_16,128.0,0.5,0.20833333333333337,0.030123514464673654,2.0,0.7743625511796023,0
1847__3014_1200,9,5,t_8_16,80.0,0.0,0.0,,1.0,0.6370826437168857,0
1847__3014_1200,10,5,s_16_32,256.0,0.5,0.04166666666666663,0.07792330740533936,5.0,0.7560599171341678,0
1847__3014_1200,11,5,t_8_16,180.0,0.0,0.0,0.941660017129252,2.0,0.8762491095970554,0
1847__3014_1200,12,5,t_8_16,112.0,0.25,0.25,,1.0,0.7149423646995813,0
1847__3014_1200,13,5,t_8_16,160.0,0.25,0.09999999999999998,0.4068887976598493,3.0,0.8593649844493619,0
1847__3014_1200,14,5,t_8_16,102.0,0.5,0.27083333333333337,0.6230937475440428,3.0,0.4805765334354886,1
1891__2400_2477,0,5,t_8_16,216.0,0.5,0.125,0.07461446265669107,4.0,0.91766205030258,0
1891__2400_2477,1,5,t_8_16,160.0,0.0,0.08333333333333337,0.08576867024511363,3.0,0.6830035726028112,0
1891__2400_2477,2,5,t_8_16,192.0,0.25,0.0,0.13383069488522406,4.0,0.751212856384088,0
1891__2400_2477,3,5,t_8_16,160.0,0.0,0.125,0.2068736517232119,2.0,0.6892983416774334,0
1891__2400_2477,4,5,t_8_16,160.0,0.0,0.125,0.17054489477622098,2.0,0.8399712719325357,0
1891__2400_2477,5,5,s_16_32,448.0,0.25,0.09318181818181814,0.04103277978985153,10.0,0.842152047255571,0
1891__2400_2477,6,5,t_8_16,216.0,0.0,0.08333333333333337,0.16651982638509075,4.0,0.6743791623210452,0
1891__2400_2477,7,5,t_8_16,140.0,0.25,0.35,0.010395419292866392,5.0,0.6955320583717631,0
1891__2400_2477,8,5,t_8_16,112.0,0.5,0.5,,0.0,0.660932451342079,0
1891__2400_2477,9,5,t_8_16,140.0000762939453,0.25,0.08333333333333337,0.23100186446480192,3.0,0.7809570360187492,0
1891__2400_2477,10,5,t_8_16,140.00015258789062,0.25,0.0,0.23917769337943012,2.0,0.8014005464981245,0
1891__2400_2477,11,5,t_8_16,168.0,0.5,0.08333333333333337,0.042557096863103834,2.0,0.8236904965466012,0
1891__2400_2477,12,5,t_8_16,112.0001220703125,0.75,0.08333333333333337,0.054169704046542554,3.0,0.6035788453159451,0
1891__2400_2477,13,5,t_8_16,140.00015258789062,0.0,0.125,0.9999980411600697,1.0,0.756355530487078,0
1891__2400_2477,14,5,t_8_16,140.0,0.5,0.08333333333333337,0.02450539598507803,3.0,0.8509061577277087,0
1891__2400_2477,15,5,t_8_16,140.0,0.0,0.0,,1.0,0.9526758757999437,0
1891__2400_2477,16,5,t_8_16,168.0,0.25,0.20833333333333337,0.20753989556661592,2.0,0.8774738738411,0
1891__2400_2477,17,5,t_8_16,120.0,0.25,0.25,0.04217820655112811,2.0,0.753513634075695,0
1891__2400_2477,18,5,t_8_16,80.0,0.5,0.25,,1.0,0.5165404083718106,0
1891__2400_2477,19,5,t_8_16,192.0,0.25,0.33333333333333337,0.995852296452368,2.0,0.8737891594148943,0
1891__2400_2477,20,5,t_8_16,112.0,0.25,0.25,0.999365972641277,1.0,0.7322557594657952,0
1891__2400_2477,21,5,t_8_16,96.0,0.0,0.125,0.627275331120457,2.0,0.6023221476338264,0
1891__2400_2477,22,5,t_8_16,168.0,0.25,0.0,0.06426995810045487,3.0,0.8348527078652996,0
1891__2400_2477,23,5,t_8_16,192.0,0.0,0.25,0.9999998998524582,1.0,0.9219096666666702,0
1891__2400_2477,24,5,t_8_16,192.0,0.25,0.08333333333333337,0.09918528667532434,3.0,0.7932518186012248,0
1891__2400_2477,25,5,t_8_16,139.99996185302734,0.25,0.25,,1.0,0.8103584956045059,0
1891__2400_2477,26,5,t_8_16,192.0,0.25,0.0625,0.03489433044268955,3.0,0.8723449054360233,0
1891__2400_2477,27,5,t_8_16,168.0,0.0,0.125,0.043284166529044855,2.0,0.9041552167385465,0
1891__2400_2477,28,5,t_8_16,192.0,0.25,0.25,0.2696523782426466,4.0,0.8501385793901262,0
1891__2400_2477,29,5,t_8_16,168.0,0.0,0.08333333333333337,0.18277382758005847,2.0,0.9361799622740941,0
1891__2400_2477,30,5,t_8_16,140.0,0.25,0.0,0.20948919210762462,2.0,0.7980101876301554,0
1891__2400_2477,31,5,t_8_16,140.00015258789062,0.5,0.08333333333333337,0.2663754044804721,2.0,0.7797139953005522,0
1891__2400_2477,32,5,t_8_16,192.0,0.5,0.0,0.22503172387941844,2.0,0.857230613142895,0
1891__2400_2477,33,5,t_8_16,119.99984741210938,0.25,0.16666666666666674,0.09153601172012059,3.0,0.7634497369600731,0
1891__2400_2477,34,5,t_8_16,216.00018310546875,0.5,0.125,0.2250484872651777,4.0,0.8025063536397317,0
1891__2400_2477,35,5,t_8_16,216.0,0.25,0.0625,0.171993898576389,3.0,0.5889133754979677,0
1891__2400_2477,36,5,t_8_16,192.0,0.5,0.125,0.2512407488011293,4.0,0.7253049612480486,0
1891__2400_2477,37,5,t_8_16,160.0,0.0,0.08333333333333337,0.5364890446345328,2.0,0.7209896942931048,0
1891__2400_2477,38,5,t_8_16,128.0,0.5,0.25,0.32899350308553676,3.0,0.6980938011855534,0
1891__2400_2477,39,5,t_8_16,96.0,0.5,0.25,0.07283698347686368,2.0,0.7273850421358242,0
1891__2400_2477,40,5,t_8_16,154.0,0.25,0.16666666666666674,0.35387376697018025,6.0,0.7218997931521596,0
1891__2400_2477,41,5,t_8_16,120.0,0.25,0.125,0.034903976715291996,2.0,0.7350558223200084,0
1891__2400_2477,42,5,t_8_16,140.0,0.25,0.0,0.16673446401315756,2.0,0.7581335342281309,0
1891__2400_2477,43,5,t_8_16,224.0,0.5,0.09999999999999998,0.04679919830022475,5.0,0.7714404347267596,0
1891__2400_2477,44,5,t_8_16,224.0,0.25,0.125,0.4047332310270876,2.0,0.8615552946428602,0
1891__2400_2477,45,5,t_8_16,192.0,0.5,0.0,0.11388421880006644,3.0,0.9162699968348775,0
1891__2400_2477,46,5,t_8_16,140.0,0.0,0.0,0.3418929820882764,2.0,0.8124088478601456,0
1891__2400_2477,47,5,t_8_16,160.0,0.25,0.08333333333333337,0.016038302019633684,2.0,0.770530533969629,0
1891__2400_2477,48,5,t_8_16,140.0,0.5,0.09999999999999998,0.008552053860344569,5.0,0.710633757746555,0
1891__2400_2477,49,5,t_8_16,81.0,0.0,0.0,,1.0,0.5172458076345687,0
1891__2400_2477,50,5,t_8_16,164.99908447265625,0.5,0.20833333333333337,0.05577355384323161,2.0,0.695391696969703,0
1891__2400_2477,51,5,t_8_16,154.0,0.5,0.16666666666666674,0.5783627370361466,2.0,0.4154713982583221,1
1891__2586_1200,0,5,s_16_32,320.0,0.75,0.0714285714285714,0.014477882016510228,7.0,0.7798038652779586,0
1891__2586_1200,1,5,t_8_16,252.0,0.0,0.125,0.22164971130089717,4.0,0.819142602234052,0
1891__2586_1200,2,5,t_8_16,240.0,0.25,0.050000000000000044,0.018602133135717715,5.0,0.8438632616836723,0
1891__2586_1200,3,5,t_8_16,192.0,0.0,0.25,0.2048049387642781,2.0,0.8531702950479615,0
1891__2586_1200,4,5,t_8_16,224.0,0.25,0.16666666666666674,0.005734577517706053,2.0,0.8128240153553673,0
1891__2586_1200,5,5,t_8_16,252.0,0.0,0.0,0.14657208298827215,5.0,0.7169891800327084,0
1891__2586_1200,6,5,t_8_16,216.0,0.25,0.16249999999999998,0.11454567366509774,3.0,0.7721595767946862,0
1891__2586_1200,7,5,t_8_16,192.0,0.0,0.08333333333333337,0.2662330357940713,3.0,0.7938238913604375,0
1891__2586_1200,8,5,t_8_16,252.0,1.0,0.2857142857142857,0.03841111129602145,7.0,0.7806744982952193,0
1891__2586_1200,9,5,t_8_16,252.0,0.25,0.16666666666666663,0.03947805311617159,6.0,0.7120543404655834,0
1891__2586_1200,10,5,t_8_16,216.0,0.25,0.17142857142857137,0.0018141835424960522,5.0,0.7910920588405099,0
1891__2586_1200,11,5,t_8_16,216.0,0.5,0.15000000000000002,0.04801474688937003,5.0,0.7910586271979092,0
1891__2586_1200,12,5,s_16_32,280.0,0.5,0.050000000000000044,0.0635943786686617,5.0,0.7908373807025341,0
1891__2586_1200,13,5,s_16_32,308.0,0.25,0.16666666666666663,0.13566606531844047,6.0,0.8620317752805146,0
1891__2586_1200,14,5,t_8_16,224.0,0.75,0.19999999999999996,0.015061160789242092,3.0,0.8541356572417317,0
1891__2586_1200,15,5,t_8_16,216.0,0.25,0.28214285714285725,0.12485241602264421,4.0,0.8738876939719253,0
1891__2586_1200,16,5,t_8_16,224.0,0.0,0.050000000000000044,0.005187808732012052,4.0,0.8038865414960416,0
1891__2586_1200,17,5,s_16_32,320.0,0.25,0.2767857142857143,0.0450493105699032,4.0,0.8328960802496053,0
1891__2586_1200,18,5,t_8_16,196.0,0.0,0.25,0.31758221606932413,5.0,0.8740403207130568,0
1891__2586_1200,19,5,t_8_16,168.0,0.25,0.125,0.07565112194291947,4.0,0.7058207929554695,0
1891__2586_1200,20,5,t_8_16,224.0,0.0,0.050000000000000044,0.12261886703015723,5.0,0.8021584951326549,0
1891__2586_1200,21,5,t_8_16,196.0,0.25,0.17500000000000004,0.027149120992194256,4.0,0.8709059107976005,0
1891__2586_1200,22,5,s_16_32,780.0,0.5,0.045454545454545414,0.05078681656497463,10.0,0.8546629743589761,0
1891__2586_1200,23,5,t_8_16,143.999267578125,0.25,0.125,0.010113006128328769,4.0,0.7033627724098659,0
1891__2586_1200,24,5,t_8_16,224.0,0.5,0.09999999999999998,0.019586799069387296,5.0,0.8079754171120508,0
1891__2586_1200,25,5,t_8_16,170.0,0.5,0.0625,0.16578515297258348,3.0,0.7965249210743368,0
1891__2586_1200,26,5,t_8_16,84.0,0.0,0.0,0.29838726358220724,2.0,0.5637850877018712,0
18bfe8b16,0,3,t_8_16,221.0,0.25,0.09999999999999998,0.02909721550460343,3.0,0.6894116529498155,0
18bfe8b16,1,3,t_8_16,170.0,0.5,0.19999999999999996,0.24424464460474532,5.0,0.6173065444426472,0
18bfe8b16,2,3,t_8_16,96.0,0.0,0.0,,1.0,0.7620229598295679,0
18bfe8b16,3,3,t_8_16,135.0,0.0,0.08333333333333337,0.540967660265564,2.0,0.7522604946494224,0
18cdb26a2,0,3,t_8_16,143.0,0.75,0.25,0.21309149810906644,4.0,0.8447958601398616,0
1945__600_2400,0,5,t_8_16,240.0,0.0,0.09999999999999998,0.046736023189070844,3.0,0.7540139867624281,0
1945__600_2400,2,5,t_8_16,200.0,0.5,0.08333333333333337,0.0037578538023887247,3.0,0.7634971199322463,0
1945__600_2400,3,5,t_8_16,220.0,0.5,0.050000000000000044,0.10247321443000423,4.0,0.8197337536718561,0
1945__600_2400,4,5,s_16_32,312.0,0.5,0.1499999999999999,0.1365574461049101,5.0,0.6553151229537337,0
1945__600_2400,5,5,s_16_32,260.0,0.0,0.0625,0.2791355625637701,3.0,0.6460307989450226,0
1945__600_2400,6,5,t_8_16,240.0,0.25,0.050000000000000044,0.15056735831648405,5.0,0.7171591759688715,0
1945__600_2400,7,5,t_8_16,180.0,0.0,0.0,0.4379171042476306,2.0,0.46271915895606774,1
1945__600_2400,8,5,t_8_16,240.0,0.25,0.0,0.42139866774099194,4.0,0.7858291053292342,0
1945__600_2400,9,5,t_8_16,220.0,0.75,0.0625,0.06502778555581618,4.0,0.8904795306591848,0
1945__600_2400,10,5,t_8_16,220.0,0.5,0.09999999999999998,0.0943834649265703,5.0,0.7670834078657149,0
1945__600_2400,11,5,s_16_32,360.0,0.5,0.20833333333333326,0.05411034662614784,6.0,0.8789931727052787,0
1945__600_2400,12,5,s_16_32,720.0,0.0,0.10833333333333339,0.1971191817554237,10.0,0.8467341120356664,0
1945__600_2400,13,5,s_16_32,720.0,0.5,0.0,0.13635479394250194,10.0,0.5781548888888884,0
1945__600_2400,14,5,s_16_32,308.0,0.25,0.0625,0.004517465149171436,6.0,0.8449207547440477,0
1945__600_2400,15,5,s_16_32,308.0,0.25,0.1527777777777778,0.024612976817001524,8.0,0.7669075246059006,0
1945__600_2400,16,5,s_16_32,312.0,0.5,0.0,0.06859534301807341,5.0,0.7353236594474292,0
1945__600_2400,17,5,s_16_32,392.0,0.75,0.1428571428571428,0.03584853864790486,7.0,0.8264693707231978,0
1945__600_2400,18,5,s_16_32,720.0,0.0,0.0,0.08902874772018603,10.0,0.6732605500000008,0
1945__600_2400,19,5,t_8_16,220.0,0.75,0.15714285714285725,0.003025958853521957,4.0,0.7559132055301966,0
1945__600_2400,20,5,t_8_16,240.0,0.25,0.09999999999999998,0.07638479861068745,4.0,0.7346189079491305,0
1945__600_2400,21,5,s_16_32,335.999267578125,0.25,0.050000000000000044,0.06925156326690414,5.0,0.5547631594802318,0
1945__600_2400,22,5,s_16_32,468.0,0.5,0.0,0.02796409111026487,8.0,0.8314760980993632,0
1945__600_2400,23,5,s_16_32,364.0,0.0,0.050000000000000044,0.010150744590936078,4.0,0.6671847390109921,0
1945__600_2400,24,5,t_8_16,240.0,0.25,0.27083333333333337,0.15244475128717405,3.0,0.8171000142015773,0
1945__600_2400,25,5,t_8_16,190.0,0.25,0.09999999999999998,0.017713381153621408,3.0,0.6732763764811974,0
1945__600_2400,26,5,t_8_16,159.998779296875,0.6666666666666666,0.1777777777777777,0.05247839586120449,4.0,0.7997300003532515,0
1945__600_2400,27,5,s_16_32,288.0,0.25,0.1071428571428572,0.05286567779506748,7.0,0.6853705195131875,0
1945__600_2400,28,5,t_8_16,176.0,0.5,0.08333333333333337,0.13280307331714364,2.0,0.7858107404745953,0
1945__600_2400,29,5,s_16_32,280.0,0.25,0.10000000000000009,0.11782442083247972,5.0,0.6158537499999964,0
1945__600_2400,30,5,t_8_16,192.0,0.25,0.0625,0.026207857974270082,3.0,0.6078921110099565,0
1945__600_2400,31,5,t_8_16,192.0,0.25,0.125,0.26265164585294387,4.0,0.8273376984403632,0
1945__600_2400,32,5,t_8_16,220.0,0.75,0.2678571428571429,0.10136229631616235,6.0,0.7691058226678258,0
1945__600_2400,33,5,t_8_16,208.0,0.75,0.25,0.07832725404775129,3.0,0.7629172368399564,0
1945__600_2400,34,5,t_8_16,176.0,0.75,0.0,0.0014244110619224812,3.0,0.9396807788120151,0
1945__600_2400,35,5,t_8_16,240.0,0.5,0.0625,0.005826249788611367,3.0,0.6487768667276744,0
1945__600_2400,36,5,t_8_16,160.0,0.25,0.08333333333333337,0.27507830999203836,3.0,0.8165958030783098,0
1945__600_2400,37,5,t_8_16,160.0,0.25,0.375,,1.0,0.8736932661271,0
1945__600_2400,38,5,s_16_32,335.99853515625,0.0,0.1875,0.28699112281896083,4.0,0.6432515744047586,0
1945__600_2400,39,5,t_8_16,160.0,0.25,0.08333333333333337,0.17299714299984775,3.0,0.7055881119276453,0
1945__600_2400,40,5,t_8_16,240.0,0.5,0.0,0.24657918148560498,5.0,0.8114300333333269,0
1945__600_2400,41,5,t_8_16,160.0,0.5,0.5,,0.0,0.8961516228688864,0
1945__600_2400,42,5,t_8_16,176.0,0.25,0.20833333333333337,0.041429037235934135,3.0,0.7280645671846688,0
1945__600_2400,43,5,t_8_16,120.0,0.5,0.0,0.040857777707193385,4.0,0.6882828142673022,0
1945__600_2400,44,5,t_8_16,252.0,0.25,0.08333333333333337,0.03414084855074729,4.0,0.8028305026313076,0
1945__600_2400,45,5,s_16_32,320.0,0.25,0.125,0.12834509859019186,6.0,0.8806290818874468,0
1945__600_2400,46,5,s_16_32,288.0,0.25,0.0625,0.03332563875983342,4.0,0.7761972916666685,0
1945__600_2400,47,5,s_16_32,360.0,0.0,0.04166666666666663,0.20098736306436688,5.0,0.7734853591526712,0
1945__600_2400,48,5,t_8_16,196.0,0.25,0.125,0.0157742358355576,3.0,0.6951545345554508,0
1945__600_2400,49,5,t_8_16,252.0,0.5,0.0,0.10689414009514045,3.0,0.7929975936955256,0
1945__600_2400,50,5,s_16_32,288.0,0.0,0.125,0.2807852451890962,3.0,0.8141022787147545,0
1945__600_2400,51,5,t_8_16,192.0,0.25,0.25,0.060634532667679125,3.0,0.7988245390480616,0
1945__600_2400,52,5,t_8_16,192.0,0.75,0.1875,0.030028479395979604,4.0,0.8580648879859077,0
1945__600_2400,53,5,t_8_16,192.0,0.75,0.41666666666666674,0.21504947700858545,2.0,0.7308996244126185,0
1945__600_2400,54,5,t_8_16,220.0,0.25,0.2250000000000001,0.3045674085767433,4.0,0.7397142641161146,0
1945__600_2400,55,5,t_8_16,192.0,0.25,0.1875,0.23469190250634264,4.0,0.8668402283578367,0
1945__600_2400,56,5,s_16_32,336.0,0.0,0.08333333333333337,0.0938488021030651,6.0,0.7002236421328832,0
1945__600_2400,57,5,t_8_16,224.0,1.0,0.09999999999999998,0.034778048041464865,5.0,0.9276021266820295,0
1945__600_2400,58,5,t_8_16,176.0,0.5,0.20833333333333337,0.3004761582288722,3.0,0.6433876398075461,0
1945__600_2400,59,5,t_8_16,192.0,0.25,0.15000000000000002,0.17736057210640818,5.0,0.6531327340880594,0
1945__600_2400,60,5,s_16_32,312.000732421875,0.5,0.1875,0.0779670913365676,3.0,0.7902449188171423,0
1945__600_2400,61,5,s_16_32,260.0,0.25,0.09999999999999998,0.056157303299226316,5.0,0.7711031186119383,0
1945__600_2400,62,5,s_16_32,312.000732421875,0.25,0.16666666666666674,0.23900114518926133,9.0,0.8836268370868227,0
1945__600_2400,63,5,s_16_32,300.0,0.25,0.0625,0.048861260524288866,3.0,0.6945272051220679,0
1945__600_2400,64,5,s_16_32,288.0,0.75,0.24285714285714277,0.015826588703343854,5.0,0.7257565972222242,0
1945__600_2400,65,5,t_8_16,200.0,0.25,0.20833333333333337,0.12802653043245096,2.0,0.8450498855830547,0
1945__600_2400,66,5,t_8_16,192.0,0.25,0.125,0.42873442523666205,4.0,0.6334057292350452,0
1945__600_2400,67,5,t_8_16,200.0,0.75,0.08333333333333337,0.07024058474492238,4.0,0.7808084641071197,0
1945__600_2400,68,5,s_16_32,280.0,0.0,0.09999999999999998,0.7041447478856891,5.0,0.77841664285715,0
1945__600_2400,69,5,t_8_16,192.0,0.25,0.0,0.2578242890188235,4.0,0.7237064258265131,0
1945__600_2400,71,5,s_16_32,336.0,0.5,0.0,0.0042225764212331955,6.0,0.8502517424599921,0
1945__600_2400,72,5,s_16_32,528.0,0.5,0.09999999999999998,0.03724559012580913,8.0,0.8689804602078592,0
1945__600_2400,73,5,t_8_16,120.0,0.25,0.1333333333333333,0.20646057495313566,4.0,0.6756041411743248,0
1945__600_2400,74,5,t_8_16,120.0,0.75,0.03125,0.01918585097494198,8.0,0.6380135740925186,0
1945__600_2400,75,5,s_16_32,480.0,0.0,0.025000000000000022,0.30223712282956744,10.0,0.40621523056302317,1
1945__600_2400,76,5,s_16_32,312.0,0.5,0.08333333333333326,0.17365739597792826,6.0,0.7507937293314502,0
1945__600_2400,77,5,s_16_32,311.9984130859375,0.5,0.04166666666666663,0.04949292679342649,5.0,0.7774663594398662,0
1945__600_2400,78,5,t_8_16,181.99978637695312,0.0,0.08333333333333337,0.5941736622175825,3.0,0.0,1
1945__600_2400,79,5,t_8_16,208.0,0.25,0.125,0.08792019164403996,5.0,0.6172686664834246,0
1945__600_2400,80,5,t_8_16,209.0,0.5,0.14583333333333337,0.1396139573835872,3.0,0.6745783947924787,0
1945__600_2400,81,5,t_8_16,162.0,0.25,0.08333333333333337,0.3192209670916979,2.0,0.6739627471077246,0
1945__600_2400,82,5,t_8_16,198.0,0.5,0.050000000000000044,0.2914636744871786,4.0,0.7147745611538123,0
1945__600_2400,83,5,t_8_16,144.0,0.5,0.16666666666666674,0.1104343950829127,3.0,0.6149535847431777,0
1945__600_2400,84,5,t_8_16,136.0,0.25,0.08333333333333337,0.03557144964491575,3.0,0.8101018713304196,0
1980__0_1800,0,5,t_8_16,220.0,0.5,0.2321428571428572,0.0585108008334249,4.0,0.8258201611920006,0
1980__0_1800,1,5,t_8_16,220.0,0.5,0.0625,0.11420046681217241,4.0,0.5933971920248343,0
1980__0_1800,2,5,t_8_16,160.0,0.5,0.125,0.021548671865033828,4.0,0.7866707431689509,0
1980__0_1800,3,5,t_8_16,219.99969482421875,0.25,0.08333333333333337,0.06970995818704599,2.0,0.8558991732144,0
1980__0_1800,4,5,t_8_16,200.0,0.5,0.09999999999999998,0.056255494768744856,3.0,0.8430128127493222,0
1980__0_1800,5,5,t_8_16,220.0,0.5,0.33333333333333337,0.01743873034945076,4.0,0.7302468289839359,0
1980__0_1800,6,5,t_8_16,219.99932861328125,0.75,0.125,0.062347317217215224,4.0,0.8297259933428992,0
1980__0_1800,7,5,t_8_16,192.0,0.25,0.09999999999999998,0.10527755799798282,5.0,0.7896612394662987,0
1980__0_1800,8,5,t_8_16,176.0,0.5,0.0,0.11499645974269905,3.0,0.675709221955385,0
1980__0_1800,9,5,t_8_16,200.0,0.25,0.0625,0.03401581504357252,4.0,0.8755056428752956,0
1980__0_1800,10,5,t_8_16,199.9993896484375,0.75,0.125,0.31722600654299504,3.0,0.7207082082086483,0
1980__0_1800,11,5,s_16_32,312.0,0.25,0.16666666666666663,0.06950619484069397,6.0,0.6857509455128218,0
1980__0_1800,12,5,s_16_32,312.0,0.25,0.1071428571428572,0.006095115426076657,7.0,0.8439234061175886,0
1980__0_1800,13,5,s_16_32,312.0,0.25,0.22499999999999998,0.0106935084912192,3.0,0.6139353846153884,0
1980__0_1800,14,5,t_8_16,220.0,0.0,0.0625,0.12176512071293678,3.0,0.6145140274680716,0
1980__0_1800,15,5,t_8_16,176.0,0.5,0.125,0.028854471634576863,4.0,0.8286021602688102,0
1980__0_1800,16,5,s_16_32,260.0,0.5,0.15714285714285725,0.05299188336571368,4.0,0.8945217337115046,0
1980__0_1800,17,5,t_8_16,220.0,0.25,0.09999999999999998,0.11675677337138478,5.0,0.8374602954833605,0
1980__0_1800,18,5,t_8_16,169.00039672851562,0.0,0.18333333333333335,0.16565153223518136,3.0,0.6040026837703208,0
1980__0_1800,19,5,t_8_16,240.0,0.5,0.20833333333333337,0.00039772832164178474,3.0,0.7389851461721161,0
1980__0_1800,20,5,t_8_16,135.0,0.5,0.08333333333333337,0.013864871930933583,2.0,0.6170050539915388,0
1980__0_1800,21,5,t_8_16,152.0,0.5,0.0625,0.22357406228209314,4.0,0.8478165545631818,0
1980__0_1800,22,5,t_8_16,221.0,0.5,0.0625,0.0766733605368671,4.0,0.7862900567654285,0
1980__0_1800,23,5,t_8_16,126.0,0.0,0.125,0.6639549000099282,2.0,0.7345597358721769,0
1980__0_1800,24,5,t_8_16,196.0,0.25,0.16249999999999998,0.1507473478174276,3.0,0.6191551370383315,0
1980__0_1800,25,5,t_8_16,143.0,0.25,0.25,0.637352769143273,2.0,0.6374583886777975,0
1980__4200_1800,0,5,s_16_32,359.99908447265625,0.25,0.2825396825396824,0.16326028820747668,5.0,0.8338475612163592,0
1980__4200_1800,1,5,t_8_16,239.999267578125,0.5,0.0625,0.1369105367733943,3.0,0.9082227193666156,0
1980__4200_1800,2,5,t_8_16,219.99932861328125,0.5,0.0625,0.03315424222496953,3.0,0.7534874570675738,0
1980__4200_1800,3,5,s_16_32,288.0,0.5,0.20714285714285707,0.08957945158713404,4.0,0.7745658111418082,0
1980__4200_1800,4,5,t_8_16,240.0,0.5,0.1696428571428572,0.034098863742885,4.0,0.8801477091729542,0
1980__4200_1800,5,5,s_16_32,264.0,0.5,0.0625,0.037224512811941286,4.0,0.7995159426482819,0
1980__4200_1800,6,5,s_16_32,320.0,0.25,0.050000000000000044,0.08256588358266473,5.0,0.7909342260525035,0
1980__4200_1800,7,5,t_8_16,144.0,0.25,0.08333333333333337,0.13245165492843605,2.0,0.7385644829879366,0
1980__4200_1800,8,5,s_16_32,280.0,0.0,0.2777777777777779,0.09935941786201988,9.0,0.8975135558127447,0
1980__4200_1800,9,5,t_8_16,240.0,0.0,0.1875,0.02681672955759852,3.0,0.6974413328436636,0
1980__4200_1800,10,5,s_16_32,576.0,0.25,0.0,0.0059042096283432885,10.0,0.8143697282642418,0
1980__4200_1800,11,5,t_8_16,159.9993896484375,0.25,0.21031746031746024,0.13364791090123312,7.0,0.7469456319375726,0
1980__4200_1800,12,5,t_8_16,240.0,0.75,0.20833333333333337,0.033465491263642,3.0,0.7943769235092476,0
1980__4200_1800,13,5,t_8_16,240.0,0.5,0.125,0.1127082506318834,3.0,0.8907140984979192,0
1980__4200_1800,14,5,t_8_16,160.0,0.5,0.5,,0.0,0.6071162294044831,0
1980__4200_1800,15,5,t_8_16,240.0,0.25,0.0625,0.04957236183417416,3.0,0.6907580474018651,0
1980__4200_1800,16,5,t_8_16,192.0,0.0,0.125,0.09262686844768099,4.0,0.7093746631646989,0
1980__4200_1800,17,5,t_8_16,144.0,0.5,0.08333333333333337,0.02624695448535312,3.0,0.6252762902116743,0
1980__4200_1800,18,5,s_16_32,256.0,0.5,0.2833333333333333,0.10994444200043277,3.0,0.8503585636535038,0
1980__4200_1800,19,5,t_8_16,144.0,0.0,0.16666666666666674,0.05324117651691027,3.0,0.5489541962526028,0
1980__4200_1800,20,5,t_8_16,223.9990234375,1.0,0.050000000000000044,0.14504907913095202,5.0,0.9393619539455782,0
1980__4200_1800,21,5,t_8_16,168.0,0.5,0.08333333333333337,0.0036661687274562554,2.0,0.7135839502206465,0
1980__4200_1800,22,5,t_8_16,140.0,0.0,0.08333333333333337,0.188239018932528,2.0,0.6023038464945868,0
1980__4200_1800,23,5,t_8_16,120.000732421875,0.0,0.19999999999999996,0.2579753625212949,5.0,0.6907940317336475,0
1980__4200_1800,24,5,t_8_16,215.9989013671875,0.0,0.25,0.2521243930566728,4.0,0.7055571510438458,0
1980__4200_1800,25,5,t_8_16,224.0,0.25,0.14583333333333337,0.10234109414462178,4.0,0.6636032177921802,0
1980__4200_1800,26,5,t_8_16,223.99957275390625,0.5,0.050000000000000044,0.08929960473734469,4.0,0.8198786978516377,0
1980__4200_1800,27,5,t_8_16,195.99957275390625,0.25,0.0625,0.1536776834859876,3.0,0.8182927961075034,0
1980__4200_1800,28,5,t_8_16,223.99951171875,0.5,0.09999999999999998,0.06349277543648107,5.0,0.8921949979066905,0
1980__4200_1800,29,5,s_16_32,280.0,0.25,0.19999999999999996,0.07248402040522292,10.0,0.7561200607804713,0
1980__4200_1800,30,5,t_8_16,192.0,0.25,0.0,0.033637044378205465,3.0,0.6815415996965821,0
1980__4200_1800,31,5,t_8_16,119.9996337890625,0.0,0.16666666666666674,0.125577685390133,6.0,0.5465394386616396,0
1980__4200_1800,32,5,t_8_16,160.0,0.0,0.33333333333333326,,1.0,0.6741913329889396,0
1980__4200_1800,33,5,t_8_16,220.0,0.25,0.0,0.11579473549309666,4.0,0.7874718310893384,0
1980__4200_1800,34,5,s_16_32,503.99835205078125,0.0,0.12045454545454537,0.14573102364994653,10.0,0.7696630981046568,0
1980__4200_1800,35,5,s_16_32,900.0,0.75,0.12878787878787878,0.11797947841461624,10.0,0.94339759669809,0
1980__4200_1800,36,5,t_8_16,208.0,0.0,0.125,0.05818829686171811,4.0,0.6848033476644002,0
1980__4200_1800,37,5,t_8_16,240.0,0.5,0.0,0.04885565668848607,3.0,0.8060743793125816,0
1980__4200_1800,38,5,t_8_16,176.0,0.0,0.0,0.04024682028341618,3.0,0.7803674057667076,0
1980__4200_1800,39,5,t_8_16,220.0,0.5,0.125,0.001575000225392261,2.0,0.8884666480305959,0
1980__4200_1800,40,5,s_16_32,308.0,0.0,0.12142857142857144,0.32117068853681185,5.0,0.6091048987628699,0
1980__4200_1800,41,5,t_8_16,195.99957275390625,0.5,0.050000000000000044,0.028481898270560448,4.0,0.766510811186584,0
1980__4200_1800,42,5,s_16_32,264.0,0.25,0.30833333333333335,0.05716287901789597,3.0,0.8588265584417231,0
1980__4200_1800,43,5,t_8_16,240.0,0.5,0.0,0.08868708177568883,4.0,0.9212856287404187,0
1980__4200_1800,44,5,t_8_16,220.0,0.25,0.125,0.20603495343409517,3.0,0.7423753412606647,0
1980__4200_1800,45,5,t_8_16,220.0006103515625,0.5,0.0625,0.13474165219845705,4.0,0.7275806644704115,0
1980__4200_1800,46,5,s_16_32,308.0,0.5,0.0357142857142857,0.04632147153036854,6.0,0.8715034545454526,0
1980__4200_1800,47,5,t_8_16,176.0,0.25,0.0625,0.0673122602499792,4.0,0.6759657077721173,0
1980__4200_1800,48,5,s_16_32,264.0,0.0,0.24583333333333335,0.1019912780093098,3.0,0.7564344206765266,0
1980__4200_1800,49,5,s_16_32,288.0,0.75,0.0,0.13157278395841163,6.0,0.7759032803974464,0
1980__4200_1800,50,5,s_16_32,264.0,0.25,0.09999999999999998,0.07836646071557467,5.0,0.7909720000000039,0
1980__4200_1800,51,5,t_8_16,192.0,0.25,0.0,0.02828499839545715,4.0,0.712406490701285,0
1980__4200_1800,52,5,t_8_16,176.0,0.0,0.16249999999999998,0.12447523287214131,4.0,0.7413064299302337,0
1980__4200_1800,53,5,s_16_32,504.0,0.0,0.13863636363636367,0.12091760464536097,10.0,0.7568111368156524,0
1980__4200_1800,54,5,t_8_16,175.9986572265625,0.75,0.1428571428571429,0.38972493409516307,5.0,0.572981303008623,0
1980__4200_1800,55,5,t_8_16,144.0,0.75,0.125,0.01689385353461823,4.0,0.7015678475435595,0
1980__4200_1800,56,5,t_8_16,200.001220703125,0.5,0.125,0.03644126447435689,4.0,0.7592855192728152,0
1980__4200_1800,57,5,t_8_16,200.0,0.0,0.0625,0.1180896481696434,3.0,0.5813991667783793,0
1980__4200_1800,58,5,t_8_16,220.0,0.5,0.0625,0.06403697577730724,4.0,0.8462947246025401,0
1980__4200_1800,59,5,s_16_32,260.0,0.5,0.09999999999999998,0.05968772387261316,5.0,0.7324734595546412,0
1980__4200_1800,60,5,t_8_16,220.0,0.25,0.20833333333333337,0.10277639316705521,3.0,0.922743287989985,0
1980__4200_1800,61,5,t_8_16,160.0,0.0,0.16666666666666674,0.21513707201804902,2.0,0.7725260828327537,0
1980__4200_1800,62,5,t_8_16,200.0,0.5,0.20833333333333337,0.08586104494656971,2.0,0.8088396875567825,0
1980__4200_1800,63,5,s_16_32,260.0,0.5,0.1071428571428572,0.03385552100835622,4.0,0.7817934553871694,0
1980__4200_1800,64,5,t_8_16,120.0,0.0,0.25,0.4475518758742504,2.0,0.5727372761044699,0
1980__4200_1800,65,5,s_16_32,288.0,0.75,0.11904761904761907,0.0036264221525804507,6.0,0.6910333162897849,0
1980__4200_1800,66,5,t_8_16,223.99992370604014,0.6666666666666666,0.21666666666666667,0.2396031108096569,3.0,0.7168664079947593,0
1980__4200_1800,67,5,t_8_16,252.0,0.75,0.050000000000000044,0.016823101355148945,4.0,0.9378946794883695,0
1980__4200_1800,68,5,t_8_16,216.0,1.0,0.1416666666666666,0.0066507001712929744,5.0,0.7405003794753938,0
1980__4200_1800,69,5,t_8_16,168.0000228881836,0.6666666666666666,0.1333333333333333,0.22327132882490236,5.0,0.7956496196399476,0
1980__4200_1800,70,5,t_8_16,168.0,0.25,0.0,0.14665930463127688,4.0,0.8241368581772269,0
1980__4200_1800,71,5,t_8_16,191.99990844726562,0.25,0.19999999999999996,0.07312713894406382,5.0,0.7070950711099082,0
1980__4200_1800,72,5,t_8_16,251.99950408923905,0.25,0.0714285714285714,0.029410239205178646,5.0,0.7734251880555437,0
1980__4200_1800,73,5,t_8_16,168.0,0.25,0.25,0.3068136819661528,4.0,0.6146022913691572,0
1980__4200_1800,74,5,t_8_16,216.0,0.5,0.09999999999999998,0.0016476160412361312,5.0,0.7464954641844189,0
1980__4200_1800,75,5,t_8_16,159.9999237060547,0.0,0.08333333333333337,0.19558843826232544,6.0,0.7135327620240027,0
1980__4200_1800,76,5,t_8_16,196.0,0.5,0.08333333333333337,0.12419314713222308,2.0,0.8589243298269398,0
1980__4200_1800,77,5,t_8_16,168.0,0.25,0.22499999999999998,0.2514641084595595,4.0,0.6726786102344283,0
1980__4200_1800,78,5,t_8_16,167.9999885559082,0.0,0.20833333333333337,0.8417394503109197,2.0,0.7996987557356825,0
1980__4200_1800,79,5,s_16_32,288.0,0.25,0.0714285714285714,0.03923957878174483,5.0,0.8012294040400164,0
1980__4200_1800,80,5,t_8_16,208.0,0.75,0.19166666666666665,0.03867486121108656,5.0,0.679951627625748,0
1980__4200_1800,81,5,t_8_16,231.0,0.0,0.125,0.21014026454631565,3.0,0.5435478399244565,0
1980__4200_1800,82,5,t_8_16,156.0,0.0,0.33333333333333337,0.3312187072041775,2.0,0.6798381491356603,0
1980__4200_1800,83,5,t_8_16,207.0,0.5,0.21666666666666667,0.001133028163553794,4.0,0.5632428057941231,0
1980__4200_1800,84,5,s_16_32,384.0,0.5,0.03125,0.008475388464854045,7.0,0.712949364484811,0
1980__4200_1800,85,5,t_8_16,88.0,0.25,0.125,,1.0,0.5310883809809634,0
1980__4200_1800,86,5,t_8_16,144.0,0.25,0.25,,1.0,0.5334235826701614,0
1980__4200_1800,87,5,t_8_16,131.999267578125,0.25,0.16666666666666674,0.6385967432040718,2.0,0.7312667886346534,0
1980__4200_1800,88,5,t_8_16,224.99908447265625,0.5,0.050000000000000044,0.16053398744066516,4.0,0.6144005094488484,0
1980__4200_1800,89,5,t_8_16,80.0,0.0,0.0,,1.0,0.41137127916284905,1
1980__4200_1800,90,5,t_8_16,110.0,0.25,0.125,0.19228242933695422,2.0,0.4108448966841856,1
1980__4200_1800,91,5,t_8_16,150.0,0.5,0.08333333333333337,0.07262268987705475,3.0,0.82162116160641,0
1980__4200_1800,92,5,s_16_32,320.0,0.0,0.0714285714285714,0.02369348713835795,7.0,0.6483849298677068,0
1980__4200_1800,93,5,t_8_16,210.0,0.5,0.0625,0.029371767686261256,3.0,0.7725307933027514,0
1980__4200_1800,94,5,t_8_16,160.0,0.5,0.08333333333333337,0.09868222697609766,3.0,0.766285981913991,0
1980__4200_1800,95,5,s_16_32,360.0,0.0,0.0357142857142857,0.036653396683132645,6.0,0.6075900120704364,0
1980__4200_1800,96,5,t_8_16,208.0,0.0,0.0,0.6616178387365543,3.0,0.5357475906711001,0
1980__4200_1800,97,5,t_8_16,228.0,0.75,0.1416666666666666,0.06256101298068037,5.0,0.8015505489171892,0
1980__4200_1800,98,5,t_8_16,121.0,0.25,0.125,,1.0,0.7313330844736524,0
1980__600_2400,0,5,t_8_16,120.0,0.5,0.0,0.14508497388342106,4.0,0.687126922627008,0
1980__600_2400,1,5,s_16_32,312.0,0.5,0.04166666666666663,0.04497557829074423,6.0,0.8767005613003412,0
1980__600_2400,2,5,t_8_16,176.0,0.25,0.0,0.15053166190342715,2.0,0.8022811771251768,0
1980__600_2400,3,5,t_8_16,192.0,0.75,0.25,0.04677005412731125,3.0,0.842233044216609,0
1980__600_2400,4,5,t_8_16,239.999267578125,0.0,0.125,0.12661738938233622,3.0,0.7796495101147366,0
1980__600_2400,5,5,t_8_16,176.0,0.25,0.08333333333333337,0.16770854391807874,2.0,0.6572308504852247,0
1980__600_2400,6,5,s_16_32,259.99920654296875,0.0,0.1071428571428572,0.11311706688510562,4.0,0.7750076283078902,0
1980__600_2400,7,5,t_8_16,192.0,0.5,0.125,0.2381974323231244,4.0,0.8681941551927211,0
1980__600_2400,8,5,s_16_32,260.0,0.25,0.125,0.13849944681697945,3.0,0.8234062846861043,0
1980__600_2400,9,5,t_8_16,180.0,0.5,0.09999999999999998,0.06142027722952169,3.0,0.9108429716501826,0
1980__600_2400,10,5,t_8_16,176.0,0.25,0.3125,,1.0,0.8047861972140713,0
1980__600_2400,11,5,t_8_16,120.0,0.5,0.1333333333333333,0.07427998467901961,4.0,0.626630217675672,0
1980__600_2400,12,5,s_16_32,307.99957275390625,0.0,0.0714285714285714,0.13674827396051079,5.0,0.7675616471737391,0
1980__600_2400,13,5,s_16_32,288.0,0.5,0.1428571428571428,0.00921106240838856,7.0,0.9001282796026859,0
1980__600_2400,14,5,t_8_16,224.0,0.5,0.29166666666666674,0.004197601467800308,2.0,0.7997990114777328,0
1980__600_2400,15,5,t_8_16,196.0,0.0,0.0,0.22537422591781334,3.0,0.7563144240129414,0
1980__600_2400,16,5,t_8_16,168.0,0.0,0.08333333333333337,0.2208570792047489,3.0,0.68749186090137,0
1980__600_2400,17,5,t_8_16,168.0,0.25,0.125,0.248704933318366,2.0,0.8001870226884136,0
1980__600_2400,18,5,t_8_16,208.0,0.0,0.15000000000000002,0.025810691703239217,5.0,0.8128197585004413,0
1980__600_2400,19,5,t_8_16,252.0,0.5,0.1428571428571428,0.005465925376966981,7.0,0.8360920639441268,0
1980__600_2400,20,5,t_8_16,200.0,0.25,0.125,0.07366236654154411,4.0,0.7490606726501713,0
1980__600_2400,21,5,t_8_16,192.0,0.25,0.15000000000000002,0.12539082723771394,5.0,0.6466884413509585,0
1980__600_2400,22,5,t_8_16,220.0,0.75,0.1071428571428572,0.02572447964085856,4.0,0.8028243360140978,0
1980__600_2400,23,5,t_8_16,159.998779296875,0.75,0.0357142857142857,0.030532569843283865,7.0,0.8034310621139477,0
1980__600_2400,24,5,s_16_32,256.0,0.25,0.0,0.08822205551292125,5.0,0.7256388433775659,0
1980__600_2400,25,5,s_16_32,359.99853515625,0.25,0.18333333333333335,0.2743283847364974,4.0,0.6447185772268696,0
1980__600_2400,26,5,t_8_16,187.0,0.5,0.125,0.21986877918355696,2.0,0.8668824655233852,0
1980__600_2400,27,5,t_8_16,195.0,0.0,0.0625,0.44363004303549874,4.0,0.5928860910431675,0
1980__600_2400,28,5,t_8_16,224.0,0.0,0.1499999999999999,0.3050343309733573,5.0,0.6487352053571439,0
1980__600_2400,29,5,t_8_16,224.0,0.25,0.0,0.023316552907548218,2.0,0.5254000365643271,0
1980__600_2400,30,5,t_8_16,130.0,0.25,0.25,,1.0,0.6013459869630763,0
1980__600_2400,31,5,t_8_16,171.0,0.25,0.25,0.16936471553072968,2.0,0.7714207296178465,0
1980__600_2400,32,5,t_8_16,88.0,0.5,0.25,,1.0,0.8121261312807093,0
1980__600_2400,33,5,t_8_16,252.0,0.75,0.04166666666666663,0.019247175337285108,5.0,0.28727310722187815,1
19815,0,1,t_8_16,153.0,0.0,0.0,0.15592927033469872,2.0,0.48335588377258526,1
19815,1,1,t_8_16,194.99920654296875,0.0,0.08333333333333337,0.2380897444225159,2.0,0.45339667692307545,1
19815,2,1,t_8_16,96.0,0.0,0.0,0.11045319759969809,5.0,0.48020408043229323,1
19815,3,1,t_8_16,153.00103759765625,0.0,0.125,0.8626571890803272,3.0,0.5513782679738592,0
1987__1800_600,0,5,t_8_16,239.99990844726562,0.5,0.125,0.014378599781799655,4.0,0.7639068958700491,0
1987__1800_600,1,5,t_8_16,176.0,0.5,0.14583333333333337,0.09498289203838602,3.0,0.8970724827739898,0
1987__1800_600,2,5,s_16_32,260.00030517578125,0.0,0.1499999999999999,0.17240052655087879,5.0,0.7207434546762543,0
1987__1800_600,3,5,t_8_16,176.0,0.0,0.0,0.31817962173821074,2.0,0.785010440827714,0
1987__1800_600,4,5,t_8_16,131.99966430664062,0.25,0.04166666666666663,0.14609983311275732,6.0,0.6555315321050099,0
1987__1800_600,5,5,t_8_16,144.0,0.0,0.0625,0.07802896624716094,4.0,0.6883717674236779,0
1987__1800_600,6,5,t_8_16,191.9996337890625,0.5,0.0,0.23438032603260778,7.0,0.8806149426105139,0
1987__1800_600,7,5,t_8_16,144.0,0.0,0.0,0.2507939722576207,4.0,0.7438815692470204,0
1987__1800_600,8,5,t_8_16,160.0,0.25,0.16666666666666674,0.09642060881154432,2.0,0.789051985686548,0
1987__1800_600,9,5,t_8_16,180.0,0.25,0.08333333333333337,0.35668261085311465,3.0,0.6614357214143268,0
1987__1800_600,10,5,t_8_16,160.0009765625,0.25,0.125,0.1707826294030181,4.0,0.7123236180361476,0
1987__1800_600,11,5,t_8_16,128.0,0.25,0.25,,1.0,0.8035603246860826,0
1987__1800_600,12,5,t_8_16,112.0,0.0,0.0,0.0853116854267511,2.0,0.6599002381674232,0
1987__1800_600,13,5,t_8_16,140.0,0.0,0.0,0.006462288241723686,2.0,0.6660885169526161,0
1987__1800_600,14,5,t_8_16,200.0,0.5,0.125,0.03793693767994783,6.0,0.7402293783524361,0
1987__1800_600,15,5,t_8_16,144.0,0.0,0.08333333333333337,0.0745746402954285,2.0,0.753353745204628,0
1987__1800_600,16,5,t_8_16,127.9998779296875,0.25,0.29166666666666674,0.9999999566168211,2.0,0.5807242160694894,0
1987__1800_600,17,5,t_8_16,83.99972534179688,0.25,0.125,0.19352390150153992,2.0,0.5472607725269898,0
1987__1800_600,18,5,t_8_16,120.0,0.25,0.08333333333333337,0.04482913820653281,4.0,0.7101763147516058,0
1987__1800_600,19,5,t_8_16,107.99990844726562,0.0,0.0,0.6608437651354655,2.0,0.6446438654221395,0
1987__1800_600,20,5,t_8_16,143.9998779296875,0.25,0.0625,0.14842579604983053,3.0,0.6388780335729312,0
1987__1800_600,21,5,t_8_16,140.0,0.5,0.16666666666666674,0.20261175735398612,3.0,0.7722664544803737,0
1987__1800_600,22,5,t_8_16,159.9998779296875,0.0,0.14583333333333337,0.1721631708853779,3.0,0.8210645139234051,0
1987__1800_600,23,5,t_8_16,128.0,0.25,0.375,0.47768234190299813,2.0,0.7388516337597167,0
1987__1800_600,24,5,t_8_16,216.0,0.25,0.04166666666666663,0.03380569605316884,5.0,0.7548484089811168,0
1987__1800_600,25,5,t_8_16,140.0,0.5,0.375,0.1650885987714874,2.0,0.7850306059059331,0
1987__1800_600,26,5,t_8_16,192.0,0.25,0.20833333333333337,0.053315098607202016,3.0,0.8025611134512171,0
1987__1800_600,27,5,s_16_32,280.0,0.0,0.0714285714285714,0.1725292150973623,5.0,0.7113722857142845,0
1987__1800_600,28,5,t_8_16,112.0,0.0,0.16666666666666674,0.03781662767532512,3.0,0.7041184327203837,0
1987__1800_600,29,5,t_8_16,140.0,0.0,0.125,0.24357619329314112,2.0,0.7053370796636492,0
1987__1800_600,30,5,t_8_16,96.0,0.25,0.25,,1.0,0.6983337756113912,0
1987__1800_600,31,5,t_8_16,111.9991455078125,0.25,0.09999999999999998,0.10086459758452199,3.0,0.6413119683354196,0
1987__1800_600,32,5,t_8_16,215.9989013671875,0.25,0.09999999999999998,0.010066920936174294,3.0,0.6776752553502547,0
1987__1800_600,33,5,t_8_16,160.0,0.0,0.08333333333333337,0.06178156141331581,3.0,0.5273870965492802,0
1987__1800_600,34,5,t_8_16,180.0,0.5,0.19999999999999996,0.16126841135243625,5.0,0.6852699215521261,0
1987__1800_600,35,5,t_8_16,216.0,0.5,0.29166666666666674,0.11680463881905259,6.0,0.8330522573499687,0
1987__1800_600,36,5,t_8_16,192.0,0.25,0.125,0.21485251416860549,4.0,0.8356688580911473,0
1987__1800_600,37,5,t_8_16,191.9990234375,0.5,0.0,0.32432585329652286,4.0,0.8522714428040942,0
1987__1800_600,38,5,t_8_16,143.99972534179688,0.25,0.0,0.4732134842400079,5.0,0.7629160984772769,0
1987__1800_600,39,5,t_8_16,132.0,0.5,0.0,0.17523786589642165,7.0,0.650838927926679,0
1987__1800_600,40,5,t_8_16,160.0,0.75,0.25,0.0612862459584468,4.0,0.6572830265085494,0
1987__1800_600,41,5,t_8_16,176.0,0.25,0.0,0.05126794157865702,4.0,0.8670243363170167,0
1987__1800_600,42,5,t_8_16,132.0,0.25,0.0625,0.15576540633989497,4.0,0.738015446350962,0
1987__1800_600,43,5,t_8_16,176.0,0.0,0.0,0.9997679257511464,1.0,0.5167391825368051,0
1987__1800_600,44,5,t_8_16,176.0,0.5,0.5,,0.0,0.5612274236567404,0
1987__1800_600,45,5,t_8_16,176.0,0.0,0.3125,,1.0,0.6299574304141907,0
1987__1800_600,46,5,t_8_16,160.0,0.5,0.125,0.18161226903144817,4.0,0.7911838598183953,0
1987__1800_600,47,5,t_8_16,176.0,0.25,0.08333333333333337,0.24307667273501213,2.0,0.8900633679603382,0
1987__1800_600,48,5,t_8_16,240.0,0.25,0.15714285714285714,0.20949251105905375,4.0,0.6382099011125622,0
1987__1800_600,49,5,t_8_16,180.0,0.0,0.0,0.3764018182200822,2.0,0.6941082785047225,0
1987__1800_600,50,5,t_8_16,160.0009765625,0.25,0.0,0.10269372008243148,3.0,0.6251895912305315,0
1987__1800_600,51,5,t_8_16,140.0,0.0,0.0,0.36093073409242016,2.0,0.6511353346861801,0
1987__1800_600,52,5,t_8_16,240.0,0.5,0.0,0.20075785630877419,5.0,0.7730262518846319,0
1987__1800_600,53,5,t_8_16,216.0,0.25,0.125,0.6730423901231334,4.0,0.865669624968809,0
1987__1800_600,54,5,t_8_16,160.0,0.0,0.0,,1.0,0.8376357785829864,0
1987__1800_600,55,5,t_8_16,216.0,0.25,0.125,0.09796486608504056,4.0,0.7347806111745109,0
1987__1800_600,56,5,t_8_16,216.0,0.5,0.17500000000000004,0.024625739224007397,4.0,0.7668293703703686,0
1987__1800_600,57,5,t_8_16,180.0,0.5,0.125,0.09912417072647847,4.0,0.6518625700324026,0
1987__1800_600,58,5,t_8_16,160.0,0.0,0.16666666666666674,0.11204210878855647,2.0,0.616919144426228,0
1987__1800_600,59,5,t_8_16,180.0,0.25,0.16666666666666674,0.1721010759408433,2.0,0.8701113339013306,0
1987__1800_600,60,5,t_8_16,180.0,0.25,0.08333333333333337,0.26696046377254423,3.0,0.7305312710740781,0
1987__1800_600,61,5,t_8_16,112.0,0.25,0.16666666666666674,0.0062967626146269145,3.0,0.6216634089838865,0
1987__1800_600,62,5,t_8_16,96.0,0.25,0.08333333333333337,0.03232806461350934,3.0,0.5095471940627612,0
1987__1800_600,63,5,t_8_16,208.0,0.5,0.375,,1.0,0.8679907745087397,0
1987__1800_600,64,5,t_8_16,220.0,0.75,0.09999999999999998,0.004995628972143628,5.0,0.7055180933570784,0
1987__1800_600,65,5,t_8_16,120.0,0.0,0.1875,0.7027426691888049,4.0,0.7041993992240193,0
1987__1800_600,66,5,t_8_16,192.0,0.5,0.42500000000000004,0.0915870153800273,2.0,0.8677716127744508,0
1987__1800_600,67,5,t_8_16,160.0,0.5,0.22916666666666663,0.20605525955493298,3.0,0.7980769819564612,0
1987__1800_600,68,5,t_8_16,132.0,0.25,0.050000000000000044,0.16989133248880303,4.0,0.6426982317832381,0
1987__1800_600,69,5,t_8_16,119.99992370605469,0.25,0.11904761904761907,0.2937401867836453,6.0,0.6925574538493052,0
1987__1800_600,70,5,t_8_16,176.0,0.5,0.23750000000000004,0.08027282866620762,4.0,0.9404716499523482,0
1987__1800_600,71,5,t_8_16,176.0,0.25,0.0,0.23539731087986215,4.0,0.7949386709956945,0
1987__1800_600,72,5,t_8_16,159.99969482421875,0.25,0.17361111111111116,0.13320668895440033,8.0,0.882544721159338,0
1987__1800_600,73,5,t_8_16,132.0003662109375,0.25,0.050000000000000044,0.2007523128819319,4.0,0.5974312836646912,0
1987__1800_600,74,5,t_8_16,159.99951171875,0.5,0.08333333333333337,0.4343952360692072,3.0,0.45160442737220513,1
1987__1800_600,75,5,t_8_16,120.0,0.25,0.125,0.3177796929878184,3.0,0.39063534381312215,1
1987__1800_600,76,5,t_8_16,220.0,0.5,0.125,0.050504314436526275,3.0,0.739807469816827,0
1987__1800_600,77,5,t_8_16,192.0,0.5,0.14583333333333337,0.24198837416120533,3.0,0.8228199611289263,0
1987__1800_600,78,5,t_8_16,144.0,0.25,0.08333333333333337,0.2482044906629036,3.0,0.8161085815155319,0
1987__1800_600,79,5,t_8_16,119.9996337890625,0.25,0.0,0.047560689496845096,5.0,0.6513909275058404,0
1987__1800_600,80,5,t_8_16,176.0001678466797,0.75,0.0,0.17408909571120804,3.0,0.8077513191722479,0
1987__1800_600,81,5,t_8_16,200.0,0.0,0.0,0.07287884137732087,3.0,0.6901061857202256,0
1987__1800_600,82,5,t_8_16,200.0,0.25,0.125,0.2339583841794961,3.0,0.6829138350830054,0
1987__1800_600,83,5,t_8_16,120.0,0.5,0.0,0.05812400438502136,7.0,0.6855703002951801,0
1987__1800_600,84,5,t_8_16,208.0,0.0,0.0,0.8450698167916347,3.0,0.6430160822409984,0
1987__1800_600,85,5,t_8_16,176.0,0.0,0.0625,0.421914397153,3.0,0.5514580476813312,0
1987__1800_600,86,5,t_8_16,176.0,0.25,0.125,0.10038516376326682,4.0,0.8446687428672983,0
1987__1800_600,87,5,t_8_16,132.0,0.5,0.0,0.10327203672442359,2.0,0.7681879161962425,0
1987__1800_600,88,5,t_8_16,176.0001678466797,0.5,0.09999999999999998,0.06658396182478024,5.0,0.8767595030932704,0
1987__1800_600,89,5,t_8_16,176.0,0.25,0.125,0.25883070739051667,4.0,0.9008904912741508,0
1987__1800_600,90,5,t_8_16,160.0,0.0,0.0,0.41840880054956237,2.0,0.8859035699914526,0
1987__1800_600,91,5,t_8_16,160.0,0.0,0.25,0.14700856681977367,2.0,0.5511600237179032,0
1987__1800_600,92,5,t_8_16,132.0,0.0,0.20833333333333337,0.2814280655688754,3.0,0.6656420903623423,0
1987__1800_600,93,5,t_8_16,131.99966430664062,0.75,0.08333333333333337,0.004972697201424725,4.0,0.7342552733137706,0
1987__1800_600,94,5,t_8_16,132.0,0.25,0.050000000000000044,0.018857146946435067,4.0,0.6326079671241023,0
1987__1800_600,95,5,t_8_16,160.0,0.0,0.0,0.7354837319514026,2.0,0.6494459455055682,0
1987__1800_600,96,5,t_8_16,176.0,0.25,0.050000000000000044,0.3229948713247544,4.0,0.8649774591265343,0
1987__1800_600,97,5,s_16_32,320.0,0.0,0.22916666666666674,0.08118308075758239,4.0,0.7192652930970197,0
1987__1800_600,98,5,t_8_16,112.0,0.5,0.5,,0.0,0.7550831607351242,0
1987__1800_600,99,5,t_8_16,160.0000762939453,0.25,0.08333333333333337,0.02431767807830834,3.0,0.6854913912917024,0
1987__1800_600,100,5,t_8_16,160.0,0.25,0.16666666666666674,0.13159535616926957,2.0,0.7168051750849062,0
1987__1800_600,101,5,t_8_16,160.0,0.5,0.0,0.020107836974886436,3.0,0.8035536383345682,0
1987__1800_600,102,5,t_8_16,160.0,0.5,0.5,,0.0,0.6810661380081504,0
1987__1800_600,103,5,t_8_16,160.0,0.25,0.16666666666666674,0.1813334690026487,2.0,0.7789203474987925,0
1987__1800_600,104,5,t_8_16,140.0,0.25,0.16666666666666674,0.23333022976825302,2.0,0.730891748460782,0
1987__1800_600,105,5,s_16_32,364.0,0.5,0.13541666666666663,0.09727206872794592,5.0,0.840501182402074,0
1987__1800_600,106,5,t_8_16,140.0,0.5,0.30000000000000004,0.0947809132567047,5.0,0.7413414888388397,0
1987__1800_600,107,5,t_8_16,132.0003662109375,0.5,0.03125,0.1607411138596275,7.0,0.5574931500143149,0
1987__1800_600,108,5,t_8_16,144.0,0.25,0.41666666666666663,,1.0,0.20146649494053231,1
1987__1800_600,109,5,t_8_16,144.0,0.0,0.0625,0.04385888827169044,6.0,0.6072275702392733,0
1987__1800_600,110,5,t_8_16,168.0,0.25,0.08333333333333337,0.2419242919085956,2.0,0.7407505042788041,0
1987__1800_600,111,5,t_8_16,208.00048828125,0.5,0.5,,0.0,0.5138961216781984,0
1987__1800_600,112,5,t_8_16,168.0,0.0,0.125,,1.0,0.6844455808913368,0
1987__1800_600,113,5,t_8_16,140.0,0.0,0.125,0.9651885808542069,2.0,0.8362387258901698,0
1987__1800_600,114,5,t_8_16,80.0,0.5,0.5,,0.0,0.4590326631404811,1
1ee79129f,0,3,t_8_16,168.0,0.5,0.29166666666666663,0.17325462826838275,3.0,0.8119035634900902,0
2020__2400_0,0,5,s_16_32,319.998779296875,0.25,0.0,0.06930738096028245,6.0,0.8021423737220247,0
2020__2400_0,1,5,s_16_32,308.0,0.5,0.0625,0.1543238941899656,7.0,0.6625739669616609,0
2020__2400_0,2,5,s_16_32,448.0,0.5,0.14375000000000004,0.033972355730779294,8.0,0.8279636017616324,0
2020__2400_0,3,5,s_16_32,416.0,0.25,0.1383928571428572,0.019562720864361262,7.0,0.6177116106224438,0
2020__2400_0,4,5,t_8_16,240.0,0.25,0.1785714285714286,0.03319731103429425,7.0,0.7019122879200678,0
2020__2400_0,5,5,t_8_16,199.99984741210938,0.25,0.20833333333333337,0.34144569428706917,3.0,0.7861825665947241,0
2020__2400_0,6,5,t_8_16,216.0,0.25,0.17142857142857137,0.19202750315243575,5.0,0.8154089541090591,0
2020__2400_0,7,5,t_8_16,216.00018310546875,0.75,0.09999999999999998,0.002563936968610817,5.0,0.851864980372421,0
2020__2400_0,8,5,t_8_16,215.99945068359375,0.5,0.25,0.11200934917727752,4.0,0.5583070798404878,0
2020__2400_0,9,5,t_8_16,180.0,0.25,0.0,0.09313519373542949,2.0,0.6804961990873856,0
2020__2400_0,10,5,t_8_16,117.0,0.25,0.125,0.14979709659396262,2.0,0.4430547545602135,1
2020__2400_0,11,5,t_8_16,180.0,0.25,0.0625,0.21391525972230574,4.0,0.5813557586998517,0
2020__2400_0,12,5,s_16_32,323.0,0.0,0.04166666666666663,0.21729962265229621,6.0,0.6032669936463103,0
2021__4200_2384,0,5,t_8_16,192.0,0.0,0.125,0.17843624558879798,4.0,0.6327381146782175,0
2021__4200_2384,1,5,t_8_16,192.0,0.75,0.33333333333333337,0.16381586095418882,3.0,0.9431278876904438,0
2021__4200_2384,2,5,t_8_16,160.0,0.25,0.16666666666666674,0.035927039000105264,2.0,0.9061549874673459,0
2021__4200_2384,3,5,s_16_32,360.0,0.75,0.08333333333333326,0.07759029426468982,6.0,0.9144496933335496,0
2021__4200_2384,4,5,t_8_16,120.0,0.25,0.125,0.44199516299569575,2.0,0.8977265076194457,0
2021__4200_2384,5,5,t_8_16,168.0,0.5,0.08333333333333337,0.08422992238359854,2.0,0.7813356211900211,0
2021__4200_2384,6,5,t_8_16,224.0,0.75,0.0,0.08001822812955203,5.0,0.7396618519611206,0
2021__4200_2384,7,5,t_8_16,167.9991455078125,0.0,0.0,0.16612521674168626,2.0,0.6905409859774664,0
2021__4200_2384,8,5,t_8_16,168.0,0.25,0.0,0.036819757329704876,3.0,0.90863906973317,0
2021__4200_2384,9,5,t_8_16,215.9989013671875,0.75,0.11250000000000004,0.011840972357139502,4.0,0.8139309327385325,0
2021__4200_2384,10,5,t_8_16,159.999755859375,0.25,0.18333333333333335,0.19271707299359278,3.0,0.8231976300274494,0
2021__4200_2384,11,5,s_16_32,280.0,0.75,0.125,0.11376389059554291,6.0,0.9570375182878794,0
2021__4200_2384,12,5,t_8_16,168.0,0.5,0.09999999999999998,0.05143078145069156,3.0,0.8494339917073062,0
2021__4200_2384,13,5,t_8_16,192.0,0.25,0.08333333333333337,0.07924977441023123,3.0,0.9101184457938188,0
2021__4200_2384,14,5,t_8_16,140.00000953674316,0.5,0.16666666666666674,0.0009134706347889875,2.0,0.7851615126932482,0
2021__4200_2384,15,5,t_8_16,160.0,0.0,0.08333333333333337,0.13784112062820966,2.0,0.5227873107400505,0
2021__4200_2384,16,5,t_8_16,160.0,0.25,0.08333333333333337,0.3194667630192807,3.0,0.687732486258626,0
2021__4200_2384,17,5,s_16_32,308.0,0.0,0.03125,0.07575890773987472,7.0,0.6945432023859652,0
2021__4200_2384,18,5,t_8_16,208.00046348565957,0.5,0.050000000000000044,0.03175570665613822,10.0,0.7686603159325819,0
2021__4200_2384,19,5,t_8_16,216.0,0.25,0.14583333333333337,0.17989888324870304,3.0,0.8356799906876401,0
2021__4200_2384,20,5,t_8_16,168.0,0.25,0.25,0.07972008061375212,4.0,0.8928329496558458,0
2021__4200_2384,21,5,t_8_16,195.9991455078125,0.25,0.19999999999999996,0.005328263511243887,5.0,0.8586027515482073,0
2021__4200_2384,22,5,t_8_16,120.0,0.0,0.25,,1.0,0.9216922743529214,0
2021__4200_2384,23,5,t_8_16,167.99932861234993,0.5,0.0,0.02959188009699604,4.0,0.8779626134868949,0
2021__4200_2384,24,5,t_8_16,120.0,0.25,0.0,0.14849246306789995,3.0,0.7193962419840646,0
2021__4200_2384,25,5,t_8_16,108.0,0.5,0.3392857142857144,0.7155854361968658,4.0,0.6045227098642113,0
2021__600_600,0,5,t_8_16,168.0,0.0,0.0,0.17718685724782893,2.0,0.7725036396250013,0
2064__2400_0,0,5,s_16_32,320.0,0.0,0.0625,0.0387619181813768,7.0,0.5260189078919906,0
2064__2400_0,1,5,t_8_16,143.99945068359375,0.25,0.0,0.029271862828299296,4.0,0.7340674402268244,0
2064__2400_0,2,5,t_8_16,112.0,0.5,0.5,,0.0,0.7306778571428626,0
2064__2400_0,3,5,t_8_16,200.0,0.5,0.125,0.25514260172014525,2.0,0.5864930800000054,0
2064__2400_0,4,5,t_8_16,83.9996337890625,0.5,0.16666666666666674,0.13886851529964805,3.0,0.674464244145265,0
2064__2400_2151,0,5,t_8_16,170.0,0.0,0.08333333333333337,0.06754001810298833,3.0,0.7450603880747867,0
2064__2400_2151,1,5,t_8_16,120.0,0.75,0.125,0.0022828283142726498,2.0,0.6195161714015462,0
2064__2400_2151,2,5,t_8_16,84.0,0.0,0.09999999999999998,0.2415852107433256,5.0,0.5902749397422973,0
2064__2400_2151,3,5,t_8_16,80.0,0.75,0.5,0.21040955254134064,2.0,0.7508142275279259,0
2064__2400_2151,4,5,t_8_16,72.0,0.25,0.125,0.194700091182048,4.0,0.5723213397428124,0
2064__2400_2151,6,5,t_8_16,80.0,0.25,0.25,,1.0,0.6761573743754137,0
2064__2400_2151,10,5,t_8_16,79.999755859375,0.0,0.125,,1.0,0.6749508528159042,0
2064__2400_2151,12,5,t_8_16,120.0,0.25,0.0357142857142857,0.00995522396329464,6.0,0.6162921550026162,0
2064__2400_2151,13,5,t_8_16,160.0,0.25,0.375,,1.0,0.8282103732103143,0
2064__2400_2151,14,5,s_16_32,256.0,0.25,0.16249999999999998,0.21599062873705496,3.0,0.8719386562499992,0
2064__2400_2151,15,5,t_8_16,72.0,0.25,0.0,0.023474969424151858,3.0,0.42676414592002637,1
2064__2400_2151,16,5,s_16_32,288.0,0.25,0.0,0.03467434102815181,3.0,0.5570471079566605,0
2064__2400_2151,17,5,t_8_16,192.0,0.25,0.0,0.27902340399915476,2.0,0.45191772472133823,1
2064__2400_2151,18,5,t_8_16,215.9989013671875,0.0,0.0,0.24629756406477635,3.0,0.5784256198449118,0
2064__2400_2151,19,5,t_8_16,200.0,0.25,0.1696428571428572,0.0906771956540929,4.0,0.6446856801491921,0
2064__2400_2151,20,5,t_8_16,127.9990234375,0.25,0.09999999999999998,0.2582767374460454,3.0,0.6935088097519508,0
2064__2400_2151,21,5,t_8_16,120.0,0.25,0.0,0.07123818743737441,2.0,0.5440199802021797,0
2064__2400_2151,22,5,s_16_32,287.99951171875,0.0,0.08333333333333337,0.14412512109576295,6.0,0.5740044643568477,0
2064__2400_2151,23,5,t_8_16,140.0,0.0,0.20833333333333337,0.0896788972111762,2.0,0.5039934977831529,0
2064__2400_2151,24,5,t_8_16,144.0,0.5,0.08333333333333337,0.2540588010511437,3.0,0.6789633113174878,0
2064__2400_2151,25,5,t_8_16,90.0,0.0,0.04166666666666663,0.05347052925174555,5.0,0.5614024686999876,0
2064__2400_2151,26,5,t_8_16,117.0,0.0,0.0,0.18430576242772695,2.0,0.7430783045204493,0
2064__2400_2151,27,5,t_8_16,111.99951171875,0.25,0.25,,1.0,0.8097544242158017,0
2064__2400_2151,28,5,t_8_16,120.000732421875,0.0,0.0,0.30664083004793713,2.0,0.6463595268280595,0
2064__2400_2151,29,5,t_8_16,144.0,0.25,0.03125,0.003548729653969668,7.0,0.5716089781101635,0
2064__2400_2151,30,5,t_8_16,150.0,0.25,0.18333333333333335,0.06828018696322564,3.0,0.6754403643796282,0
2064__2400_2151,31,5,t_8_16,176.0,0.5,0.08333333333333337,0.09416448909453072,3.0,0.5966206633131571,0
2064__2400_2151,32,5,t_8_16,215.9989013671875,0.25,0.0625,0.05790740494999644,4.0,0.6387489999999989,0
2064__2400_2151,33,5,t_8_16,111.99951171875,0.5,0.08333333333333337,0.20006018745557969,2.0,0.7582130839852168,0
2064__2400_2151,34,5,t_8_16,120.000732421875,0.5,0.29166666666666663,,1.0,0.6301609670634912,0
2064__2400_2151,35,5,t_8_16,196.0,0.0,0.0,0.8439885596096878,2.0,0.46220654055954247,1
2064__2400_2151,36,5,t_8_16,195.99957275390625,0.5,0.25,0.20019752982232314,6.0,0.7378716189087946,0
2064__2400_2151,37,5,t_8_16,98.0,0.75,0.15000000000000002,0.32267537631631077,5.0,0.8555084968532785,0
2064__2400_2151,38,5,t_8_16,135.0,0.25,0.08333333333333337,0.42596457728433745,3.0,0.7010286029225101,0
2064__2400_2151,39,5,t_8_16,135.0,0.0,0.08333333333333337,0.49310072872743804,3.0,0.8000731781366452,0
2064__2400_2151,40,5,t_8_16,78.00079345703125,0.25,0.1428571428571429,0.21084001828943283,5.0,0.7310285262104286,0
2130__1200_2010,0,5,t_8_16,121.0,0.25,0.16666666666666674,0.35678464812669974,2.0,0.8271271762693069,0
2130__1200_2010,1,5,t_8_16,120.0,0.25,0.125,0.2751424801887399,2.0,0.8044656333333357,0
2130__1200_2010,2,5,t_8_16,160.0,0.25,0.5,0.29500178119594295,2.0,0.6867353979699008,0
2130__1200_2010,3,5,t_8_16,99.99969482421875,0.0,0.0,,1.0,0.6932387340107878,0
2130__1200_2010,4,5,t_8_16,100.0,0.0,0.125,,1.0,0.7964914779695064,0
2130__1200_2010,5,5,t_8_16,119.99969482421875,0.5,0.08333333333333337,0.1425379697627469,2.0,0.8663278627740904,0
2130__1200_2010,6,5,t_8_16,168.0,0.25,0.08333333333333337,0.19204640597428863,3.0,0.6867476301184318,0
2130__1200_2010,7,5,t_8_16,120.0,0.25,0.125,0.5709751295238316,2.0,0.8390945246048851,0
2130__1200_2010,8,5,t_8_16,144.0,0.0,0.08333333333333337,0.6921982246659437,3.0,0.8607325765672966,0
2130__1200_2010,9,5,t_8_16,168.0,0.0,0.0,0.9996217009349416,1.0,0.7266189880952368,0
2130__1200_2010,10,5,t_8_16,144.0,0.0,0.125,0.4742873669275896,2.0,0.8156252758822806,0
2130__1200_2010,11,5,s_16_32,256.0,0.0,0.050000000000000044,0.12876409128108235,5.0,0.6904680901109808,0
2130__1200_2010,12,5,t_8_16,120.0,0.5,0.125,0.02881028942891087,2.0,0.821430841332658,0
2130__1200_2010,13,5,t_8_16,96.0,0.25,0.125,0.2256098751065324,2.0,0.6955791840131941,0
2130__1200_2010,14,5,t_8_16,80.0,0.0,0.125,,1.0,0.5824407011235373,0
2130__1200_2010,15,5,t_8_16,119.99992370605469,0.5,0.0,0.018658248226270376,2.0,0.9210085463926388,0
2130__1200_2010,16,5,t_8_16,120.0,0.0,0.125,,1.0,0.724910538741615,0
2130__1200_2010,17,5,t_8_16,144.0,0.25,0.0,0.18143681775762402,3.0,0.6733032513264982,0
2130__1200_2010,18,5,t_8_16,144.0,0.25,0.08333333333333337,0.46765766317054136,3.0,0.7212976126884888,0
2130__1200_2010,19,5,t_8_16,167.999267578125,0.0,0.0,0.2587555678691707,2.0,0.7585197956076606,0
2130__1200_2010,20,5,t_8_16,120.0,0.25,0.125,,1.0,0.8459387375389986,0
2130__1200_2010,21,5,t_8_16,120.0,0.5,0.08333333333333337,0.06195133106612834,2.0,0.6988438415794673,0
2130__1200_2010,22,5,t_8_16,99.99969482421875,0.5,0.33333333333333337,0.054035610505228635,2.0,0.8618767075716801,0
2130__1200_2010,23,5,t_8_16,96.0,0.0,0.0,0.9999709155326595,1.0,0.7564014670386572,0
2130__1200_2010,24,5,t_8_16,224.0,0.5,0.19999999999999996,0.143550411311172,5.0,0.710059553571434,0
2130__1200_2010,25,5,t_8_16,120.0,0.0,0.125,0.05613754924697015,2.0,0.7946263671985545,0
2130__1200_2010,26,5,t_8_16,120.0,0.5,0.125,0.055025576379744194,2.0,0.8251549816400953,0
2130__1200_2010,27,5,t_8_16,120.0,0.25,0.125,,1.0,0.8901274019033135,0
2130__1200_2010,28,5,t_8_16,144.0,0.25,0.20833333333333337,0.2630598830861574,2.0,0.7008151260942739,0
2130__1200_2010,29,5,t_8_16,196.0,0.25,0.0625,0.1915941810830122,3.0,0.774316862107697,0
2130__1200_2010,30,5,t_8_16,120.00012206658721,0.25,0.08333333333333337,0.09307190049752799,2.0,0.6894915788212235,0
2130__1200_2010,31,5,t_8_16,167.9984130896628,0.0,0.25,0.9999999775432686,1.0,0.7915338206371232,0
2130__1200_2010,32,5,t_8_16,168.0,0.25,0.14583333333333337,0.1917305115904393,3.0,0.7263410476190428,0
2130__1200_2010,33,5,t_8_16,168.0,0.5,0.125,0.4044211117327852,4.0,0.8319455357142881,0
2130__1200_2010,34,5,t_8_16,167.9991455078125,0.0,0.08333333333333337,0.23906235759847697,2.0,0.7233724655021451,0
2130__1200_2010,35,5,t_8_16,120.000732421875,0.25,0.125,0.12471175506026523,2.0,0.6932888186630835,0
2130__1200_2010,36,5,t_8_16,168.0,0.0,0.25,0.9999999999677089,1.0,0.7940462659967729,0
2130__1200_2010,37,5,t_8_16,100.0,0.0,0.16666666666666674,0.3537518130383277,2.0,0.8545955322920493,0
2130__1200_2010,38,5,t_8_16,119.9993896484375,0.0,0.125,,1.0,0.7139748502632862,0
2130__1200_2010,39,5,t_8_16,144.0,0.0,0.16666666666666674,0.8060189487034669,2.0,0.5484296935137338,0
2130__1200_2010,40,5,t_8_16,196.0,0.0,0.125,0.16376913016321476,2.0,0.6255022755102067,0
2130__1200_2010,41,5,t_8_16,80.0,0.25,0.125,0.08063174768167607,2.0,0.7729369588684166,0
2130__1200_2010,42,5,t_8_16,80.0,0.25,0.25,0.16819754491065556,2.0,0.7954758425123291,0
2130__1200_2010,43,5,t_8_16,80.0,0.0,0.125,,1.0,0.7065349871789481,0
2130__1200_2010,44,5,t_8_16,100.0,0.0,0.125,,1.0,0.7431329711050725,0
2130__1200_2010,45,5,t_8_16,224.0,0.5,0.050000000000000044,0.10481400120928987,4.0,0.8179593428309875,0
2130__1200_2010,46,5,t_8_16,120.000732421875,0.5,0.16666666666666674,0.02288910374929322,3.0,0.7262558082743535,0
2130__1200_2010,47,5,t_8_16,80.000244140625,0.0,0.0,,1.0,0.7864036626121463,0
2130__1200_2010,48,5,t_8_16,100.0006103515625,0.0,0.0,0.3484965478748849,2.0,0.619966357800092,0
2130__1200_2010,49,5,t_8_16,100.0006103515625,0.25,0.125,,1.0,0.5594653404746776,0
2130__1200_2010,50,5,t_8_16,144.0,0.5,0.14583333333333337,0.21787721547961378,3.0,0.7766683362625801,0
2130__1200_2010,51,5,t_8_16,80.0,0.0,0.0,,1.0,0.5803681281328464,0
2130__1200_2010,52,5,t_8_16,100.0,0.25,0.125,,1.0,0.684223663410127,0
2130__1200_2010,53,5,t_8_16,96.0,0.25,0.25,,1.0,0.6181829184127083,0
2130__1200_2010,54,5,t_8_16,120.000732421875,0.25,0.125,0.3430567734714416,2.0,0.6800506819394283,0
2130__1200_2010,55,5,t_8_16,196.0,0.25,0.14583333333333337,0.8764123176117655,3.0,0.5425943967485766,0
2130__1200_2010,56,5,t_8_16,100.0,0.25,0.125,0.06414272341059897,2.0,0.6324858061111227,0
2130__1200_2010,57,5,t_8_16,121.0,0.25,0.16666666666666674,0.30457631189296813,2.0,0.8428323753486374,0
2130__1200_2010,58,5,t_8_16,119.9993896484375,0.25,0.0,0.17267102023231914,2.0,0.6355310142470021,0
2130__1200_2010,59,5,t_8_16,130.0,0.25,0.29166666666666674,0.8857403526705464,3.0,0.3711454780309419,1
2130__1200_2010,61,5,t_8_16,80.0,0.0,0.0,,1.0,0.515502262503938,0
2130__1200_2010,62,5,t_8_16,132.0,0.0,0.25,,1.0,0.7958368105985881,0
2130__1200_2010,63,5,t_8_16,100.0,0.25,0.0,0.05179855388622992,2.0,0.7564393793263605,0
2130__1200_2010,65,5,t_8_16,120.0,0.25,0.375,0.4806251072403706,2.0,0.7687397017280904,0
2130__1200_2010,67,5,t_8_16,132.0,0.5,0.25,0.22828849559754183,4.0,0.6756453400677868,0
2130__1200_2010,68,5,t_8_16,144.0,0.25,0.0,0.5125813784414531,4.0,0.6210032944757168,0
2130__1200_2010,69,5,t_8_16,119.99969482421875,0.25,0.2500000000000001,0.6466485929743114,3.0,0.7803303207713386,0
2130__1200_2010,70,5,t_8_16,110.0,0.0,0.0,0.19292433359471436,2.0,0.9725960282078311,0
2130__1200_2010,71,5,t_8_16,99.99969482421875,0.0,0.0,,1.0,0.4557471698996465,1
2130__1200_2010,72,5,t_8_16,143.9996337890625,0.5,0.25,0.052695694516829844,4.0,0.7569548900921974,0
2130__1200_2010,73,5,t_8_16,110.0,0.25,0.0,0.07922700123098728,2.0,0.8301997232363004,0
2130__1200_2010,74,5,t_8_16,150.0,0.25,0.1875,0.05382819415943443,4.0,0.6849312150403938,0
2130__1200_2010,75,5,t_8_16,143.0,0.0,0.08333333333333337,0.2875841289008119,3.0,0.6645352734178683,0
2139__600_600,0,5,t_8_16,84.0,0.5,0.14583333333333337,0.038609303718981525,4.0,0.6809323223588507,0
2139__600_600,1,5,t_8_16,128.0,0.5,0.29166666666666674,0.05368357476476462,2.0,0.6400900439542502,0
2139__600_600,2,5,t_8_16,96.0,0.3333333333333333,0.22222222222222232,0.3574377131418216,2.0,0.8752341974719917,0
2139__600_600,3,5,t_8_16,152.0,0.25,0.08333333333333337,0.08624532220599926,3.0,0.8666656244858915,0
2139__600_600,4,5,t_8_16,128.0,0.0,0.125,0.31664300745901275,2.0,0.7168759045412749,0
2139__600_600,5,5,t_8_16,135.0,0.0,0.125,,1.0,0.7649372240119541,0
2148__1200_1200,0,5,t_8_16,139.99978637695312,0.25,0.2666666666666667,0.17459773391765315,3.0,0.8543442251741211,0
2148__1200_1200,1,5,t_8_16,96.0,0.5,0.5,,1.0,0.7424862611100705,0
2148__1200_1200,2,5,t_8_16,96.0,0.25,0.25,,1.0,0.7695167279671377,0
2148__1200_1200,3,5,t_8_16,128.0,0.0,0.0,0.9999964712237657,1.0,0.618936026141798,0
2148__1200_1200,4,5,t_8_16,119.9996337890625,0.0,0.125,0.4399878052055928,2.0,0.740069026007908,0
2148__1200_1200,5,5,t_8_16,139.99969482421875,0.25,0.20833333333333337,0.05193627164404021,2.0,0.7413090069211761,0
2148__1200_1200,6,5,t_8_16,120.0,0.5,0.0,0.1533386788925863,2.0,0.8492750002866469,0
2148__1200_1200,7,5,t_8_16,192.0,0.25,0.16666666666666674,0.7542771069725329,3.0,0.5307038978259873,0
2148__1200_1200,8,5,t_8_16,192.0,0.5,0.16249999999999998,0.21681924084012671,3.0,0.7133295729166649,0
2148__1200_1200,9,5,t_8_16,191.99981689453125,0.0,0.0,0.9982860334228234,1.0,0.6220732654190282,0
2148__1200_1200,10,5,t_8_16,112.0,0.25,0.0,0.21185516149014194,2.0,0.7995259325201113,0
2148__1200_1200,11,5,t_8_16,112.0,0.5,0.5,,0.0,0.7352672745748327,0
2148__1200_1200,12,5,t_8_16,96.0,0.0,0.125,,1.0,0.768876089058401,0
2148__1200_1200,13,5,t_8_16,112.0,0.25,0.125,0.5053820653712229,2.0,0.8206451381522635,0
2148__1200_1200,14,5,t_8_16,96.0,0.75,0.25,,0.0,0.46777973751428126,1
2148__1200_1200,15,5,t_8_16,96.0,0.5,0.625,,1.0,0.5342738885624547,0
2148__1200_1200,16,5,t_8_16,159.99951171875,0.0,0.08333333333333337,0.24357157750289446,3.0,0.7913416363147077,0
2148__1200_1200,17,5,t_8_16,112.0,0.25,0.125,0.4460144152520397,2.0,0.8343347205549839,0
2148__1200_1200,18,5,t_8_16,139.99969482421875,0.5,0.08333333333333337,0.2424560466465144,2.0,0.6642293506536886,0
2148__1200_1200,19,5,t_8_16,168.0,0.0,0.0625,0.2197260753944607,3.0,0.5800159110806834,0
2148__1200_1200,20,5,t_8_16,128.0,0.0,0.20833333333333337,0.9898392865355491,2.0,0.6898175624999978,0
2148__1200_1200,21,5,t_8_16,96.0,0.25,0.125,0.4331885354422992,2.0,0.9148488691109999,0
2148__1200_1200,22,5,t_8_16,112.0,0.0,0.125,0.9995887757700391,2.0,0.8778365951730539,0
2148__1200_1200,23,5,t_8_16,96.0,0.0,0.25,,1.0,0.7180207550435109,0
2148__1200_1200,24,5,t_8_16,112.0,0.0,0.0,,1.0,0.6184198059198753,0
2148__1200_1200,25,5,t_8_16,112.0,0.0,0.08333333333333337,0.9995217310916565,2.0,0.6321879249615309,0
2148__1200_1200,26,5,t_8_16,111.99957275390625,0.0,0.20833333333333337,0.9999608171975771,2.0,0.6773309468819936,0
2148__1200_1200,27,5,t_8_16,120.0,0.0,0.25,,1.0,0.6345180780232669,0
2148__1200_1200,28,5,t_8_16,80.0,0.5,0.125,0.39420765159083215,2.0,0.8456715269282538,0
2148__1200_1200,29,5,t_8_16,96.0,0.0,0.0,0.9999995650750599,0.0,0.2616312252135953,1
2148__1200_1200,30,5,t_8_16,160.0,0.0,0.16666666666666674,0.5494974166050725,3.0,0.6650965312499991,0
2148__1200_1200,31,5,t_8_16,140.0,0.25,0.16666666666666674,0.9164460322688168,2.0,0.7184993907315437,0
2148__1200_1200,32,5,t_8_16,160.0,0.0,0.125,0.9692446554349916,2.0,0.687393167435634,0
2148__1200_1200,33,5,t_8_16,80.0,0.5,0.25,,0.0,0.7436557996371943,0
2148__1200_1200,36,5,t_8_16,112.0,0.5,0.16666666666666674,0.141984348868702,3.0,0.837555617584883,0
2148__1200_1200,37,5,t_8_16,112.0,0.0,0.125,0.5546671455787804,2.0,0.5867102982984159,0
2148__1200_1200,38,5,t_8_16,140.0,0.0,0.0,0.7809621618572515,2.0,0.8511353028689577,0
2148__1200_1200,39,5,t_8_16,100.0,0.0,0.0,,1.0,0.836239191741168,0
2148__1200_1200,40,5,t_8_16,96.0,0.5,0.5,0.9999856734294101,1.0,0.7732562121954281,0
2148__1200_1200,41,5,t_8_16,72.0,0.5,0.08333333333333337,0.0683753982832028,3.0,0.46386259524031537,1
2148__1200_1200,42,5,t_8_16,140.0,0.5,0.125,0.003898170434701354,2.0,0.8374913527068998,0
2148__1200_1200,43,5,t_8_16,84.0,0.0,0.20833333333333337,0.9999991558176623,2.0,0.6812601988106524,0
2148__1200_1200,44,5,t_8_16,96.0,0.0,0.0,,1.0,0.715676522794893,0
2148__1200_1200,45,5,t_8_16,96.0,0.25,0.33333333333333326,,1.0,0.6915605039789098,0
2148__1200_1200,46,5,t_8_16,112.0,0.25,0.20833333333333337,0.8662586535399227,2.0,0.0,1
2148__1200_1200,47,5,t_8_16,72.0,0.0,0.5,,1.0,0.030986790938306506,1
2148__1200_1200,48,5,t_8_16,96.0,0.0,0.125,,1.0,0.8340845548251438,0
2148__1200_1200,49,5,t_8_16,159.999755859375,0.25,0.0,0.48994610418547696,3.0,0.6470988131623873,0
2148__1200_1200,50,5,t_8_16,119.99974060070235,0.25,0.125,0.4156510134362326,2.0,0.8259355373773257,0
2148__1200_1200,51,5,t_8_16,111.99951171875,0.25,0.25,,1.0,0.61436140022755,0
2148__1200_1200,52,5,t_8_16,120.0,0.5,0.20833333333333337,0.009958158715482794,2.0,0.7770700527552259,0
2148__1200_1200,53,5,t_8_16,119.99990844726562,0.0,0.0,,1.0,0.8384709593277442,0
2148__1200_1200,54,5,t_8_16,192.0,0.25,0.125,0.044028500560324674,3.0,0.8667232291666667,0
2148__1200_1200,55,5,t_8_16,168.0,0.0,0.125,0.9441112033503176,2.0,0.374925244851789,1
2148__1200_1200,56,5,t_8_16,144.0,0.75,0.5,,0.0,0.22249634597203416,1
2148__1200_1200,57,5,t_8_16,140.0,0.5,0.16666666666666674,0.2643484792772645,3.0,0.6960946330096847,0
2148__1200_1200,58,5,t_8_16,144.0,0.75,0.0714285714285714,0.04574119177693578,6.0,0.6522170728920617,0
2148__1200_1200,59,5,t_8_16,84.0,0.0,0.08333333333333337,0.8606912675597426,3.0,0.0,1
2148__1200_1200,60,5,t_8_16,72.0,0.0,0.0,0.2838494731289953,3.0,0.0,1
2148__1200_1200,61,5,t_8_16,84.0,0.5,0.16666666666666674,0.11233600690252124,2.0,0.6260621162434872,0
2148__1200_1200,62,5,t_8_16,83.9996337890625,0.75,0.17500000000000004,0.09356263735781113,4.0,0.7873317053875618,0
2148__1200_1200,64,5,t_8_16,72.0,0.0,0.0,0.9911243727870342,2.0,0.5906254939678242,0
2148__1200_1200,66,5,t_8_16,84.0,0.5,0.0625,0.30780857101021436,4.0,0.7201815067930686,0
2148__1200_1200,67,5,t_8_16,95.99981689453125,0.0,0.11250000000000004,0.5732306007556373,4.0,0.0,1
2148__1200_1200,68,5,t_8_16,160.0,0.25,0.08333333333333337,0.08083733083695571,3.0,0.8219630851273568,0
2148__1200_1200,69,5,t_8_16,143.99890136905015,0.25,0.25,,1.0,0.7379229234634388,0
2148__1200_1200,71,5,t_8_16,72.0,0.0,0.0,,1.0,0.7635288909803252,0
2148__1200_1200,72,5,t_8_16,84.0000057220459,0.0,0.0,0.4645076232390203,2.0,0.6553546094910695,0
2148__1200_1200,73,5,t_8_16,90.0,0.5,0.0625,0.04622973328916683,3.0,0.15234000388190674,1
2148__1200_1200,74,5,t_8_16,167.99990844726562,0.5,0.0625,0.05869718367831186,4.0,0.767017180238121,0
2148__1200_1200,75,5,t_8_16,100.0,0.0,0.0,,1.0,0.8160852697845111,0
2148__1200_1200,76,5,t_8_16,140.0,0.25,0.0,0.3576400696190604,2.0,0.7446311339939989,0
2148__1200_1200,77,5,t_8_16,192.0,0.25,0.0,0.6379620730348,3.0,0.8630026240024203,0
2148__1200_1200,78,5,t_8_16,192.0,0.25,0.0,0.556181687534627,2.0,0.9214123039625637,0
2148__1200_1200,79,5,t_8_16,111.99997329711914,0.25,0.0,0.17208962570699207,3.0,0.775084216597885,0
2148__1200_1200,80,5,t_8_16,196.0,0.5,0.0,0.26805684027833493,2.0,0.8831433585083508,0
2148__1200_1200,81,5,t_8_16,196.00010681152344,0.0,0.125,0.9999989365173513,1.0,0.7812257142857173,0
2148__1200_1200,82,5,t_8_16,167.9991455078125,0.5,0.08333333333333337,0.018569419866873313,3.0,0.4449041555580291,1
2148__1200_1200,83,5,t_8_16,119.99984741210938,0.5,0.14583333333333337,0.09017458858030745,3.0,0.8058870978809348,0
2148__1200_1200,84,5,t_8_16,144.0,0.25,0.14583333333333337,0.1645236631425825,3.0,0.0,1
2148__1200_1200,85,5,t_8_16,168.00009155273438,0.25,0.1875,0.6059689510590709,4.0,0.6342450059523808,0
2148__1200_1200,86,5,t_8_16,80.0,0.0,0.0,,1.0,0.6670595859587433,0
2148__1200_1200,87,5,t_8_16,95.9998779296875,0.5,0.0,0.08931735609771763,2.0,0.8380897077955372,0
2148__1200_1200,88,5,t_8_16,139.99986267078202,0.0,0.22916666666666674,0.5844252054061728,3.0,0.6858739474015869,0
2148__1200_1200,89,5,t_8_16,64.0,0.0,0.0,,0.0,0.47834476447768726,1
2148__1200_1200,90,5,t_8_16,120.0,0.25,0.08333333333333337,0.20022486374642884,3.0,0.8132850672391957,0
2148__1200_1200,91,5,t_8_16,96.0,0.25,0.125,,1.0,0.8337134493923255,0
2148__1200_1200,92,5,t_8_16,112.0,0.0,0.20833333333333337,0.6759258085335106,2.0,0.773072188049118,0
2148__1200_1200,93,5,t_8_16,196.0,0.5,0.125,0.2787562589992666,4.0,0.6758982551020403,0
2148__1200_1200,95,5,t_8_16,95.99993896484375,0.5,0.5,,1.0,0.7144578797252247,0
2148__1200_1200,96,5,t_8_16,160.0,0.25,0.31666666666666676,0.9999996466123557,3.0,0.7637955625000004,0
2148__1200_1200,97,5,t_8_16,143.999267578125,0.0,0.08333333333333337,0.9540806950194565,3.0,0.35117077940784075,1
2148__1200_1200,98,5,t_8_16,112.0,0.25,0.25,0.14079781997573634,2.0,0.8154036208973356,0
2148__1200_1200,99,5,t_8_16,160.0,0.25,0.14583333333333337,0.19434404385661386,3.0,0.6673991645020957,0
2148__1200_1200,100,5,t_8_16,64.0,0.75,0.11250000000000004,0.07752251821749434,4.0,0.5428386743986047,0
2148__1200_1200,102,5,s_16_32,780.0,0.25,0.08333333333333337,0.0607018876222569,10.0,0.45506080505628665,1
2148__1200_1200,103,5,t_8_16,96.0,0.25,0.125,0.07161677495890764,2.0,0.7313700952550124,0
2148__1200_1200,104,5,t_8_16,119.99969482421875,0.0,0.0,0.4719024511490695,2.0,0.723621183808945,0
2148__1200_1200,105,5,t_8_16,120.0,0.0,0.125,,1.0,0.6598485711595761,0
2148__1200_1200,106,5,t_8_16,144.0,0.25,0.125,0.9480004680073768,2.0,0.0,1
2148__1200_1200,107,5,t_8_16,120.0,0.75,0.2666666666666667,0.0008148868831979084,3.0,0.7140988067005579,0
2148__1200_1200,108,5,t_8_16,168.0,0.0,0.20833333333333337,0.7092613040834138,2.0,0.655630370936904,0
2148__1200_1200,109,5,t_8_16,191.9990234375,0.25,0.0,0.07589906913954708,3.0,0.7826788287959408,0
2148__1200_1200,110,5,t_8_16,140.0,0.0,0.25,,1.0,0.7285516166045339,0
2148__1200_1200,111,5,t_8_16,144.0,0.5,0.0,0.27192878884538585,3.0,0.6885098729875795,0
2148__1200_1200,112,5,t_8_16,127.99951171875,0.5,0.0,0.1380111337873238,5.0,0.7893946544253266,0
2148__1200_1200,113,5,t_8_16,192.0,0.5,0.125,0.22260295377213946,2.0,0.5953028906249995,0
2148__1200_1200,114,5,t_8_16,120.000732421875,0.5,0.125,0.08989639482028178,2.0,0.8476743451942399,0
2148__1200_1200,115,5,t_8_16,144.0,0.25,0.25,0.06904006055371052,2.0,0.8526397483221018,0
2148__1200_1200,117,5,t_8_16,120.0,0.5,0.0,0.054658049109171124,2.0,0.7203322422344249,0
2148__1200_1200,118,5,t_8_16,96.0,0.0,0.125,,1.0,0.6657946258863677,0
2148__1200_1200,119,5,t_8_16,144.0,0.25,0.08333333333333337,0.15540079676130766,3.0,0.7810534614541301,0
2148__1200_1200,120,5,t_8_16,111.99951171875,0.5,0.08333333333333337,0.3038921164449729,2.0,0.8222232358623894,0
2148__1200_1200,121,5,t_8_16,128.0,0.25,0.20833333333333337,0.9996747927384954,2.0,0.7797870207827056,0
2148__1200_1200,122,5,t_8_16,240.0,0.0,0.0625,0.2488968317315917,4.0,0.45397131250000117,1
2148__1200_1200,123,5,t_8_16,100.0,0.0,0.0,,1.0,0.0,1
2148__1200_1200,124,5,t_8_16,120.0,0.0,0.125,0.14451310431765527,2.0,0.7789228397862756,0
2148__1200_1200,125,5,t_8_16,140.0008544921875,0.25,0.08333333333333337,0.006139807083697309,3.0,0.8075701916656756,0
2148__1200_1200,126,5,t_8_16,143.999267578125,0.0,0.08333333333333337,0.9997889217793755,3.0,0.5860537814530938,0
2148__1200_1200,127,5,t_8_16,112.0,0.0,0.125,0.9999893153849757,1.0,0.6638821702731801,0
2148__1200_1200,128,5,t_8_16,96.0,0.0,0.0,0.21973639955742552,2.0,0.6013589385484167,0
2148__1200_1200,129,5,t_8_16,140.0,0.0,0.125,0.9833835263905274,2.0,0.7888807269595497,0
2148__1200_1200,130,5,t_8_16,96.0,0.0,0.125,0.34001364635889675,2.0,0.6422124950873088,0
2148__1200_1200,131,5,t_8_16,112.0,0.25,0.0,0.5189325809907179,2.0,0.7928383652845102,0
2148__1200_1200,132,5,t_8_16,180.0,0.25,0.2416666666666667,0.02279470708007477,5.0,0.6396976555589433,0
2148__1200_1200,133,5,t_8_16,200.0,0.5,0.08333333333333337,0.004948010054236656,3.0,0.7010100557984773,0
2148__1200_1200,134,5,t_8_16,140.0,0.5,0.2666666666666667,0.23241814057145918,3.0,0.4855290564817647,1
2148__1200_1200,136,5,t_8_16,95.9998779296875,0.0,0.125,0.9968079514458491,2.0,0.23203707736655999,1
2148__1200_1200,137,5,t_8_16,100.0,0.25,0.125,,1.0,0.7383821621519125,0
2148__1200_1200,138,5,t_8_16,112.0,0.5,0.25,,1.0,0.8066727129271696,0
2148__1200_1200,139,5,t_8_16,112.0,0.5,0.0,0.047746178409421934,2.0,0.8246329359748407,0
2148__1200_1200,140,5,t_8_16,128.0,0.25,0.25,0.2865959410354209,2.0,0.807603874172229,0
2148__1200_1200,141,5,t_8_16,168.0000228881836,0.0,0.0,0.24946254549963987,3.0,0.919992493942032,0
2148__1200_1200,142,5,t_8_16,140.0,0.25,0.16666666666666674,0.42709897765627297,3.0,0.587663581821167,0
2148__1200_1200,143,5,t_8_16,120.0,0.0,0.25,,1.0,0.6435025701069498,0
2148__1200_1200,145,5,t_8_16,84.0,0.0,0.08333333333333337,0.7989013551159319,2.0,0.8483413602780755,0
2148__1200_1200,146,5,t_8_16,72.0,0.0,0.375,0.40434239527908056,3.0,0.6564926818283169,0
2148__1200_1200,147,5,t_8_16,160.00015258789062,0.0,0.125,0.563063711945443,2.0,0.6191293245848205,0
2148__1200_1200,148,5,t_8_16,160.0,0.0,0.20833333333333337,0.8499669602171336,2.0,0.6240581318791814,0
2148__1200_1200,149,5,t_8_16,127.999755859375,0.0,0.08333333333333337,0.1949612434487115,3.0,0.6066200239905947,0
2148__1200_1200,150,5,t_8_16,112.0,0.0,0.125,,1.0,0.7960349948115668,0
2148__1200_1200,151,5,t_8_16,95.99981689453125,0.25,0.0,0.30637699186165196,3.0,0.7764325016668142,0
2148__1200_1200,152,5,t_8_16,112.0,0.25,0.16666666666666674,0.27916113537318743,3.0,0.6236418543906994,0
2148__1200_1200,153,5,t_8_16,96.0,0.0,0.125,,1.0,0.6719479677091245,0
2148__1200_1200,154,5,t_8_16,119.9996337890625,0.25,0.16666666666666674,0.5162683041379822,3.0,0.7025060142153184,0
2148__1200_1200,155,5,t_8_16,96.0,0.25,0.25,,1.0,0.5220654444203194,0
2148__1200_1200,156,5,t_8_16,196.0,0.0,0.0,0.035516538401748975,5.0,0.5958401952310821,0
2148__1200_1200,157,5,t_8_16,72.0003662109375,0.0,0.08333333333333337,0.1710351454221536,3.0,0.5440353967292468,0
2148__1200_1200,158,5,t_8_16,120.000732421875,0.5,0.29166666666666674,0.9990690555634001,2.0,0.6973895107675874,0
2148__1200_1200,159,5,t_8_16,140.0,0.25,0.16666666666666663,0.9999810449349406,1.0,0.7916665165258089,0
2148__1200_1200,160,5,t_8_16,100.0,0.25,0.25,0.9999974973611118,2.0,0.6960743251156822,0
2148__1200_1200,161,5,t_8_16,119.99992370605469,0.0,0.25,,1.0,0.8853206616706512,0
2148__1200_1200,162,5,t_8_16,120.0,0.25,0.2500000000000001,0.19736336791469422,3.0,0.6701803091063859,0
2148__1200_1200,163,5,t_8_16,96.0,0.75,0.08333333333333337,0.027728326560736854,3.0,0.7160743498992806,0
2148__1200_1200,165,5,t_8_16,140.0005035402719,0.0,0.25,0.46970498168961616,2.0,0.6609366763611499,0
2148__1200_1200,166,5,t_8_16,72.000732421875,0.0,0.14583333333333337,0.3090693925045199,3.0,0.5642712588411128,0
2148__1200_1200,167,5,t_8_16,143.999267578125,0.0,0.08333333333333337,0.5234480276664935,2.0,0.7115761224843369,0
2148__1200_1200,168,5,t_8_16,160.0,0.5,0.0625,0.18285262080078815,3.0,0.629351392831474,0
2148__1200_1200,169,5,t_8_16,144.0,0.0,0.16666666666666674,0.9999979768096401,1.0,0.8412268288012723,0
2148__1200_1200,170,5,t_8_16,120.0,0.0,0.125,0.11979349888340526,2.0,0.7005037380586241,0
2148__1200_1200,171,5,t_8_16,119.9993896484375,0.5,0.2500000000000001,0.03753974722973533,3.0,0.7778811707864178,0
2148__1200_1200,172,5,t_8_16,96.0,0.0,0.0,,1.0,0.7600453463247203,0
2148__1200_1200,173,5,t_8_16,96.0,0.25,0.25,,1.0,0.9058508388899621,0
2148__1200_1200,174,5,t_8_16,251.99923706101254,0.25,0.0625,0.07446676720389539,3.0,0.5196658412698424,0
2148__1200_1200,175,5,t_8_16,120.0,0.0,0.25,0.3226474240979023,1.0,0.7125911461352515,0
2148__1200_1200,176,5,t_8_16,140.0008544921875,0.5,0.09999999999999998,0.017994956746908753,5.0,0.5300824462252318,0
2148__1200_1200,178,5,t_8_16,140.0,0.25,0.16666666666666674,0.2986157594650371,2.0,0.7154887672235741,0
2148__1200_1200,179,5,t_8_16,120.0,0.0,0.625,,1.0,0.6838287788064716,0
2148__1200_1200,180,5,t_8_16,192.0,0.25,0.0625,0.128250441878933,4.0,0.5760427908227239,0
2148__1200_1200,181,5,t_8_16,143.999267578125,0.25,0.0,0.5241793552730832,3.0,0.9389811663060319,0
2148__1200_1200,182,5,t_8_16,139.99969482421875,0.75,0.22916666666666674,0.04846758508354321,3.0,0.8651504408080034,0
2148__1200_1200,183,5,t_8_16,72.0,0.0,0.125,0.7550488319261669,2.0,0.5961352525149041,0
2148__1200_1200,184,5,t_8_16,96.0,0.25,0.375,,1.0,0.0,1
2148__1200_1200,185,5,t_8_16,95.99951171875,0.0,0.0,0.2976193829085476,2.0,0.6494719598861746,0
2148__1200_1200,186,5,t_8_16,79.99969482421875,0.25,0.08333333333333337,0.49648306815133836,3.0,0.6937325290260052,0
2148__1200_1200,187,5,t_8_16,128.0,0.0,0.16666666666666674,0.8243959961833903,2.0,0.551370629208682,0
2148__1200_1200,188,5,t_8_16,191.9990234375,0.25,0.08333333333333337,0.2801697296618747,3.0,0.7114402824102434,0
2148__1200_1200,189,5,t_8_16,180.0010986328125,0.25,0.20833333333333337,0.24633242887507634,2.0,0.36480316082369585,1
2148__1200_1200,190,5,t_8_16,160.0,0.25,0.16666666666666674,0.44137770311703795,2.0,0.7825299063060938,0
2148__1200_1200,191,5,t_8_16,128.0,0.0,0.125,0.9998051160259438,2.0,0.716195861777043,0
2148__1200_1200,193,5,t_8_16,120.0,0.0,0.0,0.15616649270050792,2.0,0.6277694392143178,0
2148__1200_1200,194,5,t_8_16,168.0,0.25,0.0,0.2116449064471078,2.0,0.76639627920199,0
2148__1200_1200,195,5,t_8_16,140.0,0.5,0.08333333333333337,0.027631076651196823,2.0,0.6923337021112311,0
2148__1200_1200,196,5,t_8_16,111.99926757719368,0.25,0.16249999999999998,0.3612433448518006,3.0,0.6919039111888526,0
2148__1200_1200,197,5,t_8_16,64.0,0.0,0.0,,1.0,0.5658912039151336,0
2148__1200_1200,198,5,t_8_16,160.0,0.0,0.25,,1.0,0.8067409144902803,0
2148__1200_1200,199,5,t_8_16,192.0,0.25,0.08333333333333337,0.07473227752983147,3.0,0.5297053608989281,0
2148__1200_1200,200,5,t_8_16,71.9996337890625,0.25,0.125,0.2936210762234259,4.0,0.6716128946115196,0
2148__1200_1200,201,5,t_8_16,96.0,0.25,0.21250000000000002,0.47239570350623467,4.0,0.698906471538108,0
2148__1200_1200,202,5,t_8_16,96.0,0.5,0.0,0.22703448193623046,2.0,0.8774032994350235,0
2148__1200_1200,203,5,t_8_16,112.0001220703125,0.5,0.375,,1.0,0.5548357598634445,0
2148__1200_1200,204,5,t_8_16,80.0,0.25,0.125,,1.0,0.5441592732756515,0
2148__1200_1200,205,5,t_8_16,140.0,0.0,0.08333333333333337,0.2656806651048504,3.0,0.6444910153030006,0
2148__1200_1200,206,5,t_8_16,112.0,0.25,0.125,,1.0,0.7392806794625808,0
2148__1200_1200,207,5,s_16_32,300.0006103515625,0.0,0.25297619047619047,0.5983956141547591,4.0,0.5310803531309364,0
2148__1200_1200,208,5,t_8_16,225.0,0.25,0.08333333333333337,0.15470447585070798,2.0,0.5899085866666666,0
2148__1200_1200,209,5,t_8_16,194.99920654296875,0.25,0.0625,0.13604888919599625,4.0,0.6235155692307668,0
2148__1200_1200,210,5,t_8_16,143.00067138671875,0.0,0.09999999999999998,0.2896589840123483,3.0,0.0,1
2148__1200_1200,211,5,s_16_32,270.0,0.0,0.0,0.03414925313506405,5.0,0.5924982818249137,0
2148__1200_1200,212,5,t_8_16,110.0,0.5,0.33333333333333337,0.3206884174900822,2.0,0.0,1
2148__1200_1200,213,5,t_8_16,108.0,0.0,0.08333333333333337,0.4908237092787655,2.0,0.8377400136044901,0
2148__1200_1200,214,5,t_8_16,96.0,0.25,0.375,0.8952570862148996,2.0,0.0,1
2148__1200_1200,215,5,t_8_16,153.9991455078125,0.0,0.08333333333333337,0.2777698081054904,2.0,0.7006522008590769,0
2148__1200_1200,216,5,t_8_16,110.0,0.75,0.08333333333333337,0.04462813904224908,2.0,0.0,1
2148__1200_1200,217,5,t_8_16,153.9991455078125,0.5,0.08333333333333337,0.1430762416804375,2.0,0.0,1
2148__1200_1200,218,5,t_8_16,180.0,0.25,0.16249999999999998,0.09685082614927866,3.0,0.5925662419651162,0
2148__1200_1200,219,5,t_8_16,121.0,0.25,0.16666666666666663,,1.0,0.5067352978579532,0
2148__1200_1200,220,5,t_8_16,132.0,0.0,0.25,,1.0,0.6789099125721632,0
2148__1200_1200,221,5,t_8_16,221.0,0.0,0.0,0.17987066835399065,5.0,0.7162194939921003,0
2148__1200_1200,222,5,t_8_16,110.0,0.5,0.08333333333333337,0.06666836936067175,3.0,0.6164207876516056,0
2148__1200_1200,223,5,t_8_16,210.0,0.5,0.09999999999999998,0.08500129869748814,3.0,0.0,1
2148__1800_600,0,5,s_16_32,320.0,0.25,0.0,0.06221145843509375,5.0,0.6425922999999995,0
2148__1800_600,1,5,t_8_16,168.0,0.0,0.0,0.03861544790756412,2.0,0.7614900934584331,0
2148__1800_600,2,5,t_8_16,120.0,0.0,0.375,,1.0,0.7199580840403471,0
2148__1800_600,3,5,t_8_16,119.99992370605469,0.0,0.125,,1.0,0.5775891038046602,0
2148__1800_600,4,5,t_8_16,140.0,0.25,0.125,0.23060691237192893,2.0,0.8395509632958523,0
2148__1800_600,5,5,t_8_16,96.0,0.25,0.125,,1.0,0.6662329147249579,0
2148__1800_600,6,5,t_8_16,120.0,0.25,0.125,0.19118952804804662,2.0,0.8406722926453548,0
2148__1800_600,7,5,t_8_16,96.0,0.0,0.125,,1.0,0.8140984483826305,0
2148__1800_600,8,5,t_8_16,96.0,0.0,0.125,0.36211499477436954,2.0,0.6814998284874944,0
2148__1800_600,9,5,t_8_16,120.0,0.0,0.25,0.48216288175798955,2.0,0.8467053832577363,0
2148__1800_600,10,5,t_8_16,120.0,0.0,0.08333333333333337,0.21919550519655795,2.0,0.7367699873261463,0
2148__1800_600,11,5,t_8_16,96.0,0.25,0.16666666666666674,0.013581528787058388,3.0,0.6644036914189977,0
2148__1800_600,12,5,t_8_16,112.0,0.5,0.08333333333333337,0.016720624074447892,2.0,0.7265295636435988,0
2148__1800_600,13,5,t_8_16,100.0,0.25,0.125,0.24128628345255385,2.0,0.6737604883768379,0
2148__1800_600,14,5,t_8_16,120.0,0.25,0.16666666666666674,0.07600139310404506,2.0,0.7270768803234421,0
2148__1800_600,15,5,t_8_16,112.0,0.0,0.125,,1.0,0.752957030682577,0
2148__1800_600,16,5,t_8_16,80.0,0.25,0.375,,1.0,0.6893098638259681,0
2148__1800_600,17,5,t_8_16,120.0,0.25,0.25,,1.0,0.8369407494691727,0
2148__1800_600,18,5,t_8_16,96.0,0.25,0.125,0.08648643221512292,2.0,0.6840017992667329,0
2148__1800_600,19,5,t_8_16,100.0,0.0,0.0,,1.0,0.6657730500752849,0
2148__1800_600,20,5,t_8_16,140.0,0.5,0.09999999999999998,0.24183516616423598,3.0,0.7896062772119823,0
2148__1800_600,21,5,t_8_16,144.0,0.75,0.08333333333333337,0.08665064416219688,3.0,0.8261109692393849,0
2148__1800_600,22,5,t_8_16,96.0,0.25,0.20833333333333337,0.15019922696347293,2.0,0.748561666124215,0
2148__1800_600,23,5,t_8_16,80.0,0.25,0.25,0.03596761670475622,2.0,0.5310897129754856,0
2148__1800_600,24,5,t_8_16,168.0,0.0,0.0,0.16044318649711528,2.0,0.7401574417197889,0
2148__1800_600,25,5,t_8_16,96.0,0.0,0.0,,1.0,0.6946159277516081,0
2148__1800_600,26,5,t_8_16,96.0,0.75,0.5,,1.0,0.6417797742761817,0
2148__1800_600,28,5,t_8_16,80.0,0.75,0.5,,1.0,0.6668688738497774,0
2148__1800_600,29,5,t_8_16,84.0,0.25,0.16666666666666674,0.5736998000438471,2.0,0.5160245896635868,0
2148__1800_600,30,5,t_8_16,167.99945068359375,0.75,0.29166666666666674,0.023538406201581954,2.0,0.8406697998015664,0
2148__1800_600,31,5,t_8_16,119.99981689453125,0.5,0.08333333333333337,0.24084445799682258,3.0,0.708849109596515,0
2148__1800_600,32,5,t_8_16,143.999267578125,0.25,0.19999999999999996,0.16971788260297835,5.0,0.8185274485982902,0
2148__1800_600,33,5,t_8_16,120.0,0.25,0.16666666666666674,0.45565738017285545,3.0,0.6398048435667861,0
2148__1800_600,34,5,t_8_16,144.0,0.5,0.08333333333333337,0.03924362283636196,3.0,0.6762522155874499,0
2148__1800_600,36,5,t_8_16,140.0,0.25,0.08333333333333337,0.2717028028104424,2.0,0.7137231418633759,0
2148__1800_600,37,5,t_8_16,80.0,0.25,0.25,,1.0,0.4839100570204861,1
2148__1800_600,38,5,t_8_16,100.0,0.0,0.0,,1.0,0.6630960711491474,0
2148__1800_600,39,5,t_8_16,120.000732421875,0.25,0.08333333333333337,0.16429888340687318,3.0,0.8011718171568828,0
2148__1800_600,41,5,t_8_16,144.0,0.5,0.125,0.028110255328682842,2.0,0.645455195922629,0
2148__1800_600,42,5,t_8_16,120.0,0.25,0.20833333333333337,0.25897526074520716,2.0,0.8650583227151486,0
2148__1800_600,43,5,s_16_32,431.99945068359375,0.5,0.02777777777777779,0.017959373683214798,8.0,0.8811342071004962,0
2148__1800_600,44,5,t_8_16,144.0,0.25,0.08333333333333337,0.42854443476672793,3.0,0.6526401514864002,0
2148__1800_600,45,5,t_8_16,96.0,0.5,0.375,0.5211270391876764,2.0,0.882327865813225,0
2148__1800_600,46,5,t_8_16,112.0,0.0,0.0,0.18528344206415595,2.0,0.622794998331101,0
2148__1800_600,47,5,s_16_32,624.0,0.25,0.045454545454545414,0.14413410861538573,10.0,0.7354468921315186,0
2148__1800_600,48,5,t_8_16,140.0,0.3333333333333333,0.0,0.2172413073272752,3.0,0.713164186779491,0
2148__1800_600,49,5,t_8_16,80.0,0.5,0.5,0.4217990583252848,2.0,0.6094197336393833,0
2148__1800_600,50,5,t_8_16,144.0,0.25,0.08333333333333337,0.06838216565904774,2.0,0.7522953314479746,0
2148__1800_600,51,5,t_8_16,96.0,0.25,0.125,0.39951695465960335,2.0,0.5964195990796817,0
2148__1800_600,52,5,t_8_16,120.0,0.0,0.09999999999999998,0.18144473878504339,3.0,0.5956058856162992,0
2148__1800_600,53,5,t_8_16,72.0,0.25,0.08333333333333337,0.19236141871945084,3.0,0.6434391565542161,0
2148__1800_600,54,5,t_8_16,144.0,0.0,0.0,,1.0,0.7918120620211702,0
2148__1800_600,55,5,t_8_16,120.0,0.5,0.0,0.001168141353326768,2.0,0.8721985720531648,0
2148__1800_600,56,5,t_8_16,84.0,0.0,0.0,0.7597202039677288,2.0,0.6095125461885333,0
2148__1800_600,57,5,t_8_16,119.99920654390007,0.0,0.08333333333333337,0.05595390615926511,2.0,0.7430363107948419,0
2148__1800_600,58,5,t_8_16,100.0,0.75,0.16666666666666674,0.01592250747733562,3.0,0.7153095699690558,0
2148__1800_600,59,5,t_8_16,100.0,0.25,0.25,,1.0,0.6303427800738451,0
2148__1800_600,60,5,t_8_16,120.0,0.0,0.125,,1.0,0.7659178859812256,0
2148__1800_600,61,5,t_8_16,112.0,0.25,0.125,0.2697711169129716,2.0,0.7383741997908759,0
2148__1800_600,62,5,t_8_16,96.0,0.5,0.5,,1.0,0.8620370958877376,0
2148__1800_600,63,5,t_8_16,112.0,0.0,0.125,,1.0,0.7921519077080561,0
2148__1800_600,64,5,t_8_16,196.0,0.5,0.20833333333333337,0.002614368589481641,2.0,0.8339022448979582,0
2148__1800_600,65,5,t_8_16,139.99969482421875,0.5,0.35,0.012387532322240437,5.0,0.7990823735607703,0
2148__1800_600,66,5,t_8_16,72.0,0.75,0.16666666666666674,0.2745747161184557,2.0,0.5863791454256929,0
2148__1800_600,67,5,t_8_16,144.0009765625,0.5,0.09999999999999998,0.11078887765693708,3.0,0.7535538082014822,0
2148__1800_600,68,5,t_8_16,210.0,0.5,0.08333333333333337,0.21622750993394976,2.0,0.7797220634773099,0
2148__1800_600,69,5,t_8_16,156.0,0.75,0.18333333333333335,0.12185595292415148,3.0,0.8056386810681592,0
2148__1800_600,70,5,t_8_16,144.0,0.5,0.27083333333333337,0.03520364961521945,3.0,0.5771483016750014,0
2148__1800_600,71,5,t_8_16,169.0,0.25,0.16666666666666674,0.029306708943725647,2.0,0.8210182402759365,0
2148__1800_600,72,5,t_8_16,119.9993896484375,0.25,0.125,0.047877016342186225,2.0,0.6441283716067613,0
2148__1800_600,73,5,t_8_16,132.0,0.0,0.125,,1.0,0.6115218804807034,0
2148__1800_600,74,5,t_8_16,135.0,0.25,0.0,0.02922392139657624,3.0,0.6812690150881768,0
2148__1800_600,75,5,t_8_16,247.0,0.0,0.0625,0.02160764017068426,4.0,0.6395403165525979,0
2148__1800_600,76,5,t_8_16,156.00027465820312,0.0,0.0,0.9998344335646897,1.0,0.8398712531090221,0
2148__1800_600,77,5,t_8_16,143.0000991821289,0.0,0.14583333333333337,0.6942228956137271,3.0,0.6850380418957084,0
2148__1800_600,78,5,t_8_16,89.9999828338623,0.0,0.125,,1.0,0.555464547157495,0
2148__1800_600,79,5,t_8_16,130.00001907348633,0.25,0.0,0.08664074169971919,3.0,0.6715237131865471,0
2148__1800_600,80,5,t_8_16,143.99981689453125,0.0,0.125,0.9999922264150487,2.0,0.8130346874999994,0
2148__1800_600,81,5,t_8_16,72.0,0.0,0.0,,1.0,0.44499642680230284,1
2148__1800_600,82,5,t_8_16,169.00004959106445,0.25,0.125,0.9998540965007804,2.0,0.7340646681162143,0
2148__1800_600,83,5,t_8_16,130.0,0.0,0.125,0.9755263970677767,2.0,0.6980070879159482,0
2148__1800_600,84,5,t_8_16,81.0,0.5,0.5,,1.0,0.42828283060192807,1
2148__1800_600,85,5,t_8_16,155.9998016357422,0.0,0.08333333333333337,0.10014553968849896,3.0,0.6046001627174169,0
2148__1800_600,86,5,s_16_32,288.0,0.5,0.19999999999999996,0.016754202481451038,3.0,0.6399388171294971,0
2148__1800_600,87,5,t_8_16,154.0,0.5,0.2666666666666667,0.134695335008366,3.0,0.773373567643524,0
2197__600_0,0,5,t_8_16,196.0,0.0,0.125,0.9878246406170105,1.0,0.6767782958448759,0
2197__600_0,1,5,t_8_16,144.0,0.25,0.0,0.2830180711379095,3.0,0.8077428575035145,0
2197__600_0,2,5,t_8_16,96.0,0.0,0.5,,0.0,0.6575886385518228,0
2197__600_0,3,5,t_8_16,168.0,0.0,0.125,0.229511373915883,2.0,0.7435477143615218,0
2197__600_0,4,5,t_8_16,84.0,0.25,0.2833333333333333,0.07113057924052384,3.0,0.6820507046399803,0
2197__600_0,5,5,t_8_16,96.0,0.25,0.0625,0.23086224299511657,4.0,0.8162270608659684,0
2197__600_0,6,5,t_8_16,131.99981689453125,0.25,0.05555555555555558,0.10862886260754208,7.0,0.0,1
2197__600_0,7,5,t_8_16,139.99969482421875,0.75,0.08333333333333337,0.0023324496602467573,3.0,0.812820106728168,0
2197__600_0,8,5,t_8_16,252.0,0.5,0.17142857142857137,0.028650909678605528,5.0,0.5715098409641649,0
2197__600_0,9,5,t_8_16,84.0,0.0,0.0,0.10697036733451187,4.0,0.6469866274333925,0
2197__600_0,10,5,t_8_16,96.0,0.0,0.125,0.03940326201605906,3.0,0.38191344284723056,1
2197__600_0,11,5,t_8_16,80.00048828125,0.0,0.125,0.5482045631687922,2.0,0.6616486133085656,0
2197__600_0,12,5,t_8_16,84.0,0.0,0.18333333333333335,0.11365219510805125,3.0,0.7496873612138478,0
2197__600_0,13,5,t_8_16,112.00000762939453,0.75,0.75,,0.0,0.8182140650354446,0
2197__600_0,14,5,t_8_16,83.99994659423828,0.75,0.22499999999999998,0.012281314692937906,4.0,0.7365436452939097,0
2197__600_0,15,5,t_8_16,160.0,0.25,0.3666666666666667,0.25645686068653223,3.0,0.7856611839629131,0
2197__600_0,16,5,t_8_16,112.0,0.25,0.33333333333333337,,1.0,0.7303458279509546,0
2197__600_0,17,5,t_8_16,112.0,0.0,0.125,,1.0,0.6976432085179712,0
2197__600_0,18,5,t_8_16,95.99951171875,0.0,0.0,0.23115640093139414,2.0,0.6743439790168718,0
2197__600_0,19,5,t_8_16,100.0,0.0,0.125,,1.0,0.7054008333479683,0
2197__600_0,20,5,t_8_16,120.0,0.25,0.125,0.007309486740854718,2.0,0.6720506147548183,0
2197__600_0,21,5,t_8_16,112.0,0.5,0.0,0.03602195164782608,2.0,0.8020771940786666,0
2197__600_0,22,5,t_8_16,128.0,0.25,0.08333333333333337,0.2998743361512314,3.0,0.5183435137237726,0
2197__600_0,23,5,t_8_16,180.0,0.25,0.0,0.09404591686081323,2.0,0.7540798611111128,0
2197__600_0,24,5,t_8_16,80.0,0.5,0.125,0.047564557718513895,2.0,0.6166724171369564,0
2197__600_0,25,5,t_8_16,112.0,0.25,0.08333333333333337,0.06583932414740291,3.0,0.8334992642754355,0
2197__600_0,26,5,t_8_16,96.00006103515625,0.0,0.08333333333333337,0.1348951324368428,2.0,0.7660662710046093,0
2197__600_0,27,5,t_8_16,80.00048828125,0.0,0.0,0.4462263132405752,2.0,0.7149214580849964,0
2197__600_0,28,5,t_8_16,96.0,0.5,0.125,0.04528622743826792,2.0,0.9242714740808254,0
2197__600_0,29,5,t_8_16,120.0,0.25,0.16666666666666674,0.060421911790278414,3.0,0.6156844913686856,0
2197__600_0,30,5,t_8_16,120.0,0.25,0.25,0.13000193080313496,2.0,0.8789128568640164,0
2197__600_0,31,5,t_8_16,120.0,0.0,0.08333333333333337,0.26397616963675197,2.0,0.677725253538231,0
2197__600_0,32,5,t_8_16,96.0,0.5,0.5,,0.0,0.6837984387855945,0
2197__600_0,33,5,t_8_16,72.0,0.75,0.19999999999999996,0.08954050398864088,5.0,0.595455483748035,0
2197__600_0,35,5,t_8_16,96.00009155273438,0.0,0.08333333333333337,0.25311725925071915,3.0,0.8432496936912298,0
2197__600_0,36,5,t_8_16,180.0010986328125,0.25,0.0625,0.4531988916757743,3.0,0.6503085086484932,0
2197__600_0,37,5,t_8_16,83.9996337890625,0.0,0.25,0.26408274238617113,2.0,0.6773704787093305,0
2197__600_0,38,5,t_8_16,112.0,0.0,0.0,,1.0,0.7650574177901088,0
2197__600_0,39,5,t_8_16,159.99993896484375,0.25,0.29166666666666674,0.4042235688382238,2.0,0.8576369495911761,0
2197__600_0,40,5,t_8_16,80.0,0.25,0.25,0.08837437415078435,2.0,0.6908408873865288,0
2197__600_0,43,5,t_8_16,72.0,0.75,0.08333333333333337,0.22322986171432474,3.0,0.7163295153185586,0
2197__600_0,44,5,t_8_16,72.0,0.0,0.16666666666666674,0.07681498174941777,3.0,0.5781739247061145,0
2197__600_0,45,5,t_8_16,84.0,0.25,0.18333333333333335,0.04755352016293693,3.0,0.5477100367251315,0
2197__600_0,46,5,t_8_16,96.00006103515625,0.25,0.20833333333333337,0.012708643574719165,2.0,0.6461148148242439,0
2197__600_0,47,5,t_8_16,72.0,0.25,0.125,0.3662136347126158,2.0,0.8214174910326519,0
2197__600_0,48,5,t_8_16,83.99981689453125,0.25,0.16666666666666674,0.2756010097547872,2.0,0.5549941840570164,0
2197__600_0,49,5,s_16_32,680.0006103515625,0.0,0.0,0.0036572006424765977,10.0,0.682410122058824,0
2197__600_0,50,5,t_8_16,112.0,0.5,0.5,,0.0,0.8273138477579958,0
2197__600_0,51,5,t_8_16,83.9996337890625,0.5,0.09999999999999998,0.010851522366190473,5.0,0.46048899583758657,1
2197__600_0,52,5,t_8_16,84.0,0.5,0.0,0.21423149645579218,5.0,0.6525144110720694,0
2197__600_0,53,5,t_8_16,96.0,0.75,0.75,,0.0,0.7540336752770096,0
2197__600_0,54,5,t_8_16,84.0,0.25,0.0,0.2620039360869657,2.0,0.6527176844391155,0
2197__600_0,56,5,t_8_16,159.99951171875,0.25,0.375,0.7236237898459555,2.0,0.7245327219014285,0
2197__600_0,57,5,t_8_16,112.0,0.25,0.20833333333333337,0.2104895650732941,2.0,0.7607411941058801,0
2197__600_0,59,5,t_8_16,72.0,0.25,0.5,,1.0,0.6110502324027717,0
2197__600_0,60,5,t_8_16,96.0,0.25,0.20833333333333337,0.28253923587221047,2.0,0.8085374820289909,0
2197__600_0,61,5,t_8_16,96.0,0.5,0.0,0.3059302503641927,6.0,0.7237452219763725,0
2197__600_0,62,5,t_8_16,80.0,0.5,0.375,,1.0,0.8423500036840749,0
2197__600_0,63,5,t_8_16,96.0,0.75,0.050000000000000044,0.032869490175532375,4.0,0.7853525054747733,0
2197__600_0,64,5,t_8_16,112.0,0.5,0.08333333333333337,0.11308027766305864,3.0,0.7538551661872994,0
2197__600_0,65,5,t_8_16,84.00042724609375,0.25,0.0,0.06996339366238893,2.0,0.677129947733837,0
2197__600_0,66,5,t_8_16,96.0,0.25,0.375,,1.0,0.7588261800027706,0
2197__600_0,67,5,t_8_16,72.0,0.25,0.09999999999999998,0.6190322856707602,3.0,0.5640335278449957,0
2197__600_0,68,5,t_8_16,140.0,0.0,0.0,,1.0,0.7085294608331016,0
2197__600_0,69,5,t_8_16,112.0,0.0,0.125,,1.0,0.6041916455406346,0
2197__600_0,70,5,t_8_16,96.0,0.25,0.0,0.9101147266600864,2.0,0.00570997876500373,1
2197__600_0,71,5,t_8_16,160.0,0.5,0.0,0.1129694170316146,3.0,0.8901350185178686,0
2197__600_0,72,5,t_8_16,80.0,0.5,0.625,0.0070569074018038075,2.0,0.7129636759266388,0
2197__600_0,73,5,t_8_16,112.0,0.0,0.08333333333333337,0.06330638574892425,2.0,0.7671078443138741,0
2197__600_0,74,5,t_8_16,140.0,0.25,0.16666666666666674,0.0658394953799005,2.0,0.712034175036391,0
2197__600_0,75,5,t_8_16,112.0,0.25,0.08333333333333337,0.4693576585652343,3.0,0.8149678121259348,0
2197__600_0,76,5,t_8_16,72.0,0.5,0.24583333333333335,0.04623177941130055,3.0,0.5964528155787114,0
2197__600_0,77,5,t_8_16,96.0,0.5,0.16666666666666674,0.11652889793523877,3.0,0.8115274641725189,0
2197__600_0,78,5,t_8_16,72.000732421875,0.25,0.20833333333333337,0.16531979706783245,3.0,0.5940822575204997,0
2197__600_0,79,5,t_8_16,72.0,0.25,0.0625,0.29584732403617614,4.0,0.5801304560655441,0
2197__600_0,80,5,t_8_16,112.0,0.25,0.0,0.3474540211024671,2.0,0.7633521699902914,0
2197__600_0,81,5,t_8_16,132.0,0.5,0.0625,0.07424331593415782,3.0,0.6178534676207751,0
2197__600_0,83,5,t_8_16,72.0,0.25,0.16249999999999998,0.301862133723489,3.0,0.7359645127724801,0
2197__600_0,84,5,t_8_16,96.0,0.25,0.25,,1.0,0.7008540145295835,0
2197__600_0,85,5,t_8_16,72.0,0.75,0.15000000000000002,0.29012102350731256,5.0,0.5613991751642619,0
2197__600_0,86,5,t_8_16,120.0,0.0,0.09999999999999998,0.19060391153889233,5.0,0.4588134307178486,1
2197__600_0,88,5,t_8_16,84.0,0.25,0.0,0.2958830345807872,4.0,0.6970490283871698,0
2197__600_0,89,5,t_8_16,112.0,0.5,0.25,0.013743672452772932,2.0,0.7496416982941287,0
2197__600_0,90,5,t_8_16,220.0006103515625,0.0,0.20833333333333337,0.1899400818891978,2.0,0.6779876999999951,0
2197__600_0,91,5,t_8_16,112.0,0.5,0.5,,0.0,0.6551765372768406,0
2197__600_0,92,5,t_8_16,108.0,0.25,0.0,0.7217120151888772,2.0,0.4927726814346908,1
2197__600_0,93,5,t_8_16,84.0,0.75,0.16666666666666663,0.08138516286721888,6.0,0.5984099979713213,0
2197__600_0,94,5,t_8_16,112.0,0.25,0.375,,1.0,0.6979115445611713,0
2197__600_0,95,5,t_8_16,112.0,0.25,0.125,0.5375780288597592,2.0,0.6452257056749718,0
2197__600_0,96,5,t_8_16,160.0,0.25,0.08333333333333337,0.1008408885252549,2.0,0.743192550513014,0
2197__600_0,97,5,t_8_16,96.0,0.5,0.25,,1.0,0.7272318480279366,0
2197__600_0,98,5,t_8_16,100.0006103515625,0.0,0.0,,1.0,0.7941844856251337,0
2197__600_0,99,5,t_8_16,95.99984741187654,0.25,0.125,,1.0,0.7256816625635534,0
2197__600_0,100,5,t_8_16,72.0,0.5,0.2500000000000001,0.07298842612291352,2.0,0.6355026410165797,0
2197__600_0,101,5,t_8_16,112.0,0.5,0.33333333333333326,,1.0,0.7111142786667431,0
2197__600_0,102,5,t_8_16,128.0,0.25,0.375,,1.0,0.7906347531413076,0
2197__600_0,103,5,t_8_16,127.99951171875,0.0,0.08333333333333337,0.6210336178586534,3.0,0.5018252699122109,0
2197__600_0,105,5,t_8_16,96.0,0.5,0.0,0.003214526732337559,2.0,0.828255311153801,0
2197__600_0,106,5,t_8_16,84.0,0.0,0.2500000000000001,0.6223288370331698,3.0,0.5233332950701786,0
2197__600_0,107,5,t_8_16,251.99957275390625,0.5,0.04166666666666663,0.06675042429376157,5.0,0.7816763628369116,0
2197__600_0,108,5,t_8_16,96.0,0.75,0.08333333333333337,0.0604197260639098,3.0,0.7772940615656734,0
2197__600_0,109,5,t_8_16,160.0,0.5,0.375,0.07369426863358312,4.0,0.6717670308989948,0
2197__600_0,110,5,t_8_16,140.0008544921875,0.25,0.16666666666666674,0.2550533842403235,2.0,0.6599010598829569,0
2197__600_0,111,5,t_8_16,128.0,0.0,0.0,0.20981147351843085,3.0,0.6579420701334667,0
2197__600_0,112,5,t_8_16,112.0,0.0,0.0,,1.0,0.5465969826280898,0
2197__600_0,113,5,t_8_16,140.0,0.0,0.125,0.42871642344953054,2.0,0.7152322454729511,0
2197__600_0,115,5,t_8_16,104.0,0.5,0.25,,0.0,0.083989662132833,1
2197__600_0,116,5,t_8_16,120.0,0.0,0.125,,1.0,0.5448903579110199,0
2197__600_0,117,5,t_8_16,104.0,0.0,0.125,,1.0,0.8507649982803825,0
2197__600_0,118,5,t_8_16,175.99991607666016,0.0,0.29166666666666674,0.9991845622739775,2.0,0.0,1
2197__600_0,119,5,t_8_16,108.0,0.0,0.0,,1.0,0.6110075284908845,0
22092,0,0,t_8_16,130.0,0.0,0.29166666666666674,0.5900328419323531,3.0,0.7609348046108815,0
22092,1,0,t_8_16,100.0,0.0,0.125,,1.0,0.6628174207772449,0
22092,2,0,t_8_16,110.0,0.0,0.20833333333333337,0.7956889708382163,2.0,0.7101131906223587,0
22092,3,0,t_8_16,99.0,0.25,0.16666666666666663,0.9898894124517784,2.0,0.7730509745127435,0
22092,4,0,t_8_16,99.0,0.0,0.125,,1.0,0.7939309034717156,0
22092,5,0,t_8_16,108.0,0.5,0.0,0.004260638493059466,2.0,0.8188228302526701,0
22092,6,0,t_8_16,99.0,0.25,0.20833333333333337,0.9961322968723747,2.0,0.3878330782616008,1
22092,7,0,t_8_16,90.0,0.5,0.5,0.6406530701912557,2.0,0.6869218786786502,0
22092,8,0,t_8_16,99.0,0.5,0.25,,1.0,0.8378524264306823,0
22092,9,0,t_8_16,168.0,0.25,0.08333333333333337,0.05194549328921511,2.0,0.6524787107501874,0
22092,10,0,t_8_16,90.0,0.0,0.0,0.9999986809076908,2.0,0.0,1
22092,11,0,t_8_16,72.0,0.0,0.0,,1.0,0.0,1
22092,12,0,t_8_16,89.99972534179688,0.0,0.25,,1.0,0.0,1
22178,0,5,t_8_16,199.9993896484375,0.25,0.1499999999999999,0.20722058677960167,5.0,0.8005314800000023,0
22178,1,5,s_16_32,338.0,0.25,0.0,0.1298097183127427,8.0,0.6740617751479313,0
22178,2,5,t_8_16,135.0,0.25,0.375,0.3343145623275702,2.0,0.8201051290992727,0
2225__1200_1200,0,5,t_8_16,208.0,0.0,0.09999999999999998,0.11098236993722763,5.0,0.5693118652173034,0
2225__1200_1200,1,5,t_8_16,120.0,0.25,0.08333333333333337,0.09791190733767148,3.0,0.7308495030727941,0
2225__1200_1200,2,5,s_16_32,756.0,0.5,0.08333333333333337,0.01644108526968453,10.0,0.6662129076242197,0
2225__1200_1200,3,5,t_8_16,150.0,0.25,0.375,0.3497657253273985,4.0,0.6182779651336543,0
22327,0,5,s_16_32,275.0,0.25,0.0,0.09273142115219812,5.0,0.854920128999779,0
22327,1,5,t_8_16,126.0,0.25,0.1071428571428571,0.10758971177833475,7.0,0.8691473673199056,0
22327,2,5,t_8_16,140.0,0.0,0.0,0.026159642642862024,6.0,0.6832726513181218,0
22327,3,5,t_8_16,136.0,0.0,0.0,0.06216848413548378,3.0,0.801505381787072,0
22327,4,5,t_8_16,144.0,0.5,0.5,,0.0,0.7836955522391615,0
22327,5,5,t_8_16,179.99945068359375,0.5,0.18333333333333335,0.023242192107673375,3.0,0.8246047888888888,0
22327,6,5,t_8_16,242.00067138671875,0.0,0.14583333333333337,0.0673574912005304,3.0,0.49066915289256186,1
22327,7,5,t_8_16,189.0,0.5,0.2142857142857143,0.03411285925105396,4.0,0.6576096296296258,0
22327,8,5,t_8_16,189.0,0.25,0.08333333333333337,0.11455800865641877,2.0,0.8843163095766127,0
22327,9,5,t_8_16,200.0,0.0,0.125,0.1525443105470834,2.0,0.6368641000000069,0
22327,10,5,t_8_16,136.0,0.25,0.0,0.12580135792660457,3.0,0.6730369129506538,0
22327,11,5,t_8_16,208.00048828125,0.5,0.18333333333333335,0.21327659649081115,3.0,0.0,1
22327,12,5,t_8_16,247.00057983398438,0.25,0.15625,0.4657386015908658,8.0,0.6066576024706394,0
22327,13,5,t_8_16,96.0,0.0,0.125,0.9618685048488422,2.0,0.6685481150580156,0
2250__600_1849,0,5,s_16_32,972.0,0.0,0.0,0.1781545346465046,10.0,0.6824734668346657,0
2250__600_1849,1,5,t_8_16,167.99945068359375,0.0,0.125,0.9204320445345097,2.0,0.7172911518685047,0
2250__600_1849,2,5,t_8_16,120.00009155273438,0.0,0.0,0.016399393310870772,2.0,0.5625105652062158,0
2250__600_1849,3,5,t_8_16,140.0,0.0,0.16666666666666674,0.14942870436484487,2.0,0.5675825668932588,0
2250__600_1849,4,5,t_8_16,196.00021362304688,0.0,0.125,0.04323864059740007,3.0,0.5805408666679186,0
2250__600_1849,5,5,t_8_16,96.0,0.25,0.125,0.8201054005926044,2.0,0.6479195447892804,0
2250__600_1849,6,5,t_8_16,168.0,0.25,0.25,0.22550815223604864,2.0,0.7103622555804068,0
2250__600_1849,7,5,t_8_16,120.0,0.25,0.08333333333333337,0.2899564570128904,2.0,0.7128902316572452,0
2250__600_1849,8,5,t_8_16,224.0,0.5,0.19999999999999996,0.04963353137693607,5.0,0.8487610312499975,0
2250__600_1849,9,5,t_8_16,144.0,0.5,0.33333333333333337,0.24858531002888345,2.0,0.8391256297639317,0
2250__600_1849,10,5,t_8_16,167.9999542236328,0.5,0.2500000000000001,0.014929661385975108,3.0,0.6991128053750908,0
2250__600_1849,11,5,t_8_16,223.99951171875,0.0,0.050000000000000044,0.1894224224576935,5.0,0.36818424444318654,1
2250__600_1849,12,5,t_8_16,168.0,0.25,0.09999999999999998,0.2975080856905853,5.0,0.6510428323499234,0
2250__600_1849,13,5,t_8_16,195.0003433227539,0.0,0.20833333333333337,0.056168503112615294,2.0,0.6794197958963126,0
2301__1200_600,0,5,t_8_16,240.0,0.0,0.125,0.2084967606665621,6.0,0.5177975208333322,0
2301__1200_600,1,5,t_8_16,128.0,0.25,0.16666666666666663,0.05756835538229212,3.0,0.749776172843691,0
2301__1200_600,2,5,t_8_16,72.0,0.5,0.16666666666666674,0.11115211878732897,3.0,0.6355772804108966,0
2301__1200_600,3,5,t_8_16,96.0,0.25,0.09999999999999998,0.4650822479840556,4.0,0.6574502917783244,0
2301__1200_600,4,5,t_8_16,216.0,0.25,0.16249999999999998,0.13867740363865283,3.0,0.4714841028753047,1
2301__1200_600,5,5,t_8_16,84.00018310546875,0.0,0.09999999999999998,0.8241283231288932,3.0,0.3961101094468752,1
2301__1200_600,6,5,t_8_16,128.0,0.25,0.08333333333333337,0.07851478713289263,3.0,0.7163560695776899,0
2301__1200_600,7,5,t_8_16,108.0,0.5,0.17142857142857137,0.3099236850743267,5.0,0.6876213722382285,0
2301__1200_600,8,5,t_8_16,112.0,0.0,0.0,0.464236199067998,2.0,0.8292749235040605,0
2301__1200_600,9,5,t_8_16,167.9991455078125,0.25,0.0625,0.1325130035594744,3.0,0.5171817310169282,0
2301__1200_600,10,5,t_8_16,108.0,0.25,0.0,0.1694591911941606,5.0,0.6414294843229444,0
2301__1200_600,12,5,t_8_16,96.0,0.25,0.0,0.7981801220678959,3.0,0.48537198711289503,1
2301__1200_600,13,5,t_8_16,112.0,0.0,0.0,0.2892993583332789,3.0,0.5823981492922482,0
2301__1200_600,14,5,t_8_16,128.0,0.25,0.0,0.4001658240033863,3.0,0.7499172200680321,0
2301__1200_600,15,5,t_8_16,108.00054931640625,0.25,0.08333333333333337,0.16271572203593904,3.0,0.8025663447619535,0
2301__1200_600,16,5,t_8_16,96.0,0.5,0.0,0.3007013288761691,6.0,0.7487376073860736,0
2301__1200_600,17,5,t_8_16,128.0,0.5,0.29166666666666674,0.08520548782832116,2.0,0.6174595467210514,0
2301__1200_600,18,5,t_8_16,96.0,0.25,0.19999999999999996,0.41493727590564017,5.0,0.7129391625672311,0
2301__1200_600,19,5,t_8_16,96.0,0.3333333333333333,0.0,0.0424025814650714,3.0,0.8783276601499111,0
2301__1200_600,20,5,t_8_16,96.0,0.3333333333333333,0.0,0.10355381217627173,4.0,0.6984165158111075,0
2301__1200_600,21,5,t_8_16,136.0,0.3333333333333333,0.22222222222222232,0.47470217083083016,2.0,0.7089673860007488,0
2301__1200_600,22,5,t_8_16,96.0,0.3333333333333333,0.0,0.17417059930706147,2.0,0.7180555834837608,0
2301__1200_600,23,5,t_8_16,108.0,0.5,0.12142857142857144,0.01836048567166085,5.0,0.7194565096335876,0
2301__1200_600,24,5,t_8_16,128.0,0.5,0.33333333333333326,,1.0,0.8058483375226894,0
2301__1200_600,25,5,t_8_16,144.0,0.5,0.1875,0.5305309936057286,4.0,0.6556987013888856,0
2301__1200_600,26,5,t_8_16,84.0,0.3333333333333333,0.0,0.008052171749797247,3.0,0.7887727798289188,0
2301__1200_600,28,5,t_8_16,84.0,0.3333333333333333,0.1333333333333333,0.6260418707665838,5.0,0.8342133590062234,0
2301__1200_600,29,5,t_8_16,96.0009765625,0.5,0.050000000000000044,0.14366262993616896,5.0,0.36315963814334856,1
2301__1200_600,30,5,t_8_16,96.00061034783721,0.0,0.0,0.1842685589676358,3.0,0.5900017782407763,0
2301__1200_600,31,5,t_8_16,112.0,0.5,0.25,0.414409961655303,3.0,0.5868923492275637,0
2301__1200_600,32,5,t_8_16,128.0,0.5,0.125,0.042943692180210595,2.0,0.7246218504847921,0
2301__1200_600,33,5,t_8_16,112.0,0.25,0.0,0.21301171735345756,2.0,0.6732716366440014,0
2301__1200_600,34,5,t_8_16,160.0,0.0,0.0,0.5105029800162004,2.0,0.5631560672463368,0
2301__1200_600,35,5,t_8_16,144.0,0.25,0.1875,0.20802191632951067,4.0,0.8061991768569838,0
2301__1200_600,36,5,t_8_16,108.0,0.25,0.0,0.41060124241955526,4.0,0.8063795873830026,0
2301__1200_600,37,5,t_8_16,144.0,0.25,0.08333333333333337,0.4435026201624553,2.0,0.7470007708333318,0
2301__1200_600,38,5,t_8_16,108.0,0.25,0.14583333333333337,0.5656308834700391,3.0,0.8105158941945197,0
2301__1200_600,39,5,t_8_16,108.0,0.5,0.0625,0.19599471408939592,4.0,0.5723794279125102,0
2301__1200_600,40,5,t_8_16,160.0,0.25,0.0625,0.2363464807782169,4.0,0.6376711084724838,0
2301__1200_600,41,5,t_8_16,144.0,0.5,0.08333333333333337,0.09814689997970509,2.0,0.7246329791666616,0
2301__1200_600,42,5,t_8_16,108.0,0.25,0.125,0.30589800251445604,3.0,0.6570472506857041,0
2301__1200_600,43,5,t_8_16,159.9993896484375,0.5,0.14682539682539675,0.05313429421163456,7.0,0.8847773220471647,0
2301__1200_600,44,5,t_8_16,144.0,0.0,0.0625,0.05600848541094029,3.0,0.7416910993116548,0
2301__1200_600,45,5,t_8_16,143.99945068359375,0.25,0.0,0.6601469590484181,3.0,0.85368122533684,0
2301__1200_600,46,5,t_8_16,160.0,0.25,0.08333333333333337,0.42610529889851395,3.0,0.793019489251394,0
2301__1200_600,47,5,t_8_16,96.0,0.0,0.0,0.9983702057825441,2.0,0.26156282519700896,1
2301__1200_600,48,5,t_8_16,144.0,0.25,0.16666666666666674,0.04871940277265319,3.0,0.5477530453151604,0
2301__1200_600,49,5,t_8_16,108.0,0.5,0.0,0.12084955929309275,5.0,0.6677625096706711,0
2301__1200_600,50,5,t_8_16,127.999755859375,0.25,0.09999999999999998,0.13801874723341728,4.0,0.8362332633577962,0
2301__1200_600,51,5,t_8_16,143.99986267089844,0.25,0.0,0.2695484269680411,5.0,0.6025424999999975,0
2301__1200_600,52,5,t_8_16,95.9996337890625,0.5,0.2833333333333333,0.006721120155646731,3.0,0.8236202764605003,0
2301__1200_600,54,5,t_8_16,108.0,0.5,0.0,0.05782707381268845,3.0,0.632879137263259,0
2301__1200_600,55,5,t_8_16,96.0,0.5,0.20833333333333337,0.14215470969192656,3.0,0.7891692349797493,0
2301__1200_600,56,5,t_8_16,96.0,0.0,0.08333333333333337,0.30150334457612216,2.0,0.6567986212056514,0
2301__1200_600,57,5,t_8_16,64.0,0.25,0.20833333333333337,0.6057425969416128,2.0,0.5343579650349399,0
2301__1200_600,58,5,t_8_16,108.0,0.5,0.0625,0.1338043119849345,3.0,0.9313101016859651,0
2301__1200_600,59,5,t_8_16,107.99993133544922,0.0,0.0,0.9963513287739273,2.0,0.8505640222742293,0
2301__1200_600,60,5,t_8_16,83.99994659423828,0.25,0.10000000000000009,0.6109741523742388,4.0,0.8155223684965057,0
2301__1200_600,61,5,t_8_16,84.0,0.0,0.0,,1.0,0.7774565672309859,0
2301__1200_600,62,5,t_8_16,95.99969482398592,0.0,0.08333333333333337,0.6364330214052594,3.0,0.6005855997892996,0
2301__1200_600,63,5,t_8_16,108.0,0.25,0.0,0.38824435014181,0.0,0.5887323524392915,0
2301__1200_600,64,5,t_8_16,108.0003662109375,0.5,0.0,0.5008428729359428,4.0,0.7436701505650893,0
2301__1200_600,65,5,t_8_16,96.0,0.75,0.0,0.11809005528320256,4.0,0.9037407777784232,0
2301__1200_600,67,5,t_8_16,180.0,0.0,0.08333333333333337,0.505293160410663,2.0,0.4354196000000004,1
2301__1200_600,68,5,t_8_16,84.0,0.25,0.0,0.525724660975813,3.0,0.573430497672922,0
2301__1200_600,69,5,t_8_16,96.0,0.0,0.08333333333333337,0.2727671866554842,2.0,0.7627923837820543,0
2301__1200_600,70,5,t_8_16,96.0,0.25,0.0,0.6691616535854435,2.0,0.6432159038945062,0
2301__1200_600,71,5,t_8_16,144.0,0.5,0.1875,0.5496167189383495,4.0,0.8594406289701327,0
2301__1200_600,72,5,t_8_16,160.0,0.25,0.0,0.3961959378684281,2.0,0.5699048422015169,0
2301__1200_600,73,5,t_8_16,144.0,0.25,0.33333333333333326,,1.0,0.8160195510373542,0
2301__1200_600,74,5,t_8_16,144.0,0.5,0.0625,0.0944311213538169,3.0,0.7742733988469125,0
2301__1200_600,75,5,t_8_16,144.0,0.25,0.16666666666666674,0.4974514063529147,3.0,0.7852337925965773,0
2301__1200_600,76,5,t_8_16,120.0,0.0,0.08333333333333337,0.10972317607273255,2.0,0.7828128105846128,0
2301__1200_600,77,5,t_8_16,80.0,0.0,0.0,,1.0,0.6946977986308752,0
2301__1200_600,79,5,t_8_16,72.0,0.0,0.0,0.2994626313841688,2.0,0.6229185465549291,0
2301__1200_600,80,5,t_8_16,96.0,0.0,0.125,0.10464864708191829,2.0,0.7785534540081995,0
2301__1200_600,81,5,t_8_16,140.0,0.25,0.125,,1.0,0.7785036238627241,0
2301__1200_600,82,5,t_8_16,140.0,0.5,0.08333333333333337,0.19184487270383038,2.0,0.6422599405799557,0
2301__1200_600,83,5,t_8_16,112.0,0.5,0.0,0.15653219410565014,2.0,0.8061125362196946,0
2301__1200_600,84,5,t_8_16,120.0,0.0,0.125,0.5897101398012717,2.0,0.6167867329659691,0
2301__1200_600,85,5,t_8_16,140.0,0.75,0.2666666666666667,0.01929464119012268,3.0,0.7084053458387694,0
2301__1200_600,86,5,t_8_16,112.0,0.25,0.08333333333333337,0.3839816219468245,2.0,0.7948434322056434,0
2301__1200_600,87,5,t_8_16,108.0,0.5,0.050000000000000044,0.07743138353231589,4.0,0.7544442184125338,0
2301__1200_600,88,5,t_8_16,83.99981689453125,0.25,0.09999999999999998,0.05877757024120687,3.0,0.65320540958592,0
2301__1200_600,89,5,t_8_16,160.0,0.5,0.25,0.03643701444201081,4.0,0.5924037021512749,0
2301__1200_600,90,5,t_8_16,143.9996337890625,0.5,0.0625,0.007932372277024199,4.0,0.6120827447595996,0
2301__1200_600,91,5,t_8_16,144.0,0.5,0.1875,0.33078563628830315,4.0,0.5003652062959801,0
2301__1200_600,92,5,t_8_16,96.0,0.5,0.0,0.22133043801810245,4.0,0.7697776311949289,0
2301__1200_600,93,5,t_8_16,144.0,0.25,0.33333333333333326,,1.0,0.7541914978453977,0
2301__1200_600,94,5,t_8_16,84.0,0.5,0.0625,0.09976522209615576,3.0,0.84508488988464,0
2301__1200_600,95,5,t_8_16,160.0,0.5,0.1875,0.05907957571177294,4.0,0.5870798605382384,0
2301__1200_600,96,5,t_8_16,96.0,0.5,0.08333333333333337,0.3251102487782088,3.0,0.8299590581941457,0
2301__1200_600,97,5,t_8_16,119.99984741210938,0.75,0.11250000000000004,0.031815207099927204,4.0,0.700476506342604,0
2301__1200_600,98,5,t_8_16,144.0,0.3333333333333333,0.33333333333333337,0.327551614797905,2.0,0.8426750108560778,0
2301__1200_600,99,5,t_8_16,112.0,0.25,0.25,0.14304892022396876,2.0,0.5700501217694541,0
2301__1200_600,100,5,t_8_16,120.0,0.0,0.0,0.45710429686154586,4.0,0.7473727124144524,0
2301__1200_600,101,5,t_8_16,128.0,0.5,0.16666666666666674,0.3780938689801456,3.0,0.6001267235499926,0
2301__1200_600,102,5,t_8_16,84.0,0.5,0.0625,0.04380032002832747,3.0,0.6243619723010035,0
2301__1200_600,103,5,t_8_16,128.0,0.25,0.08333333333333337,0.06377830266524386,3.0,0.6895515674549988,0
2301__1200_600,104,5,t_8_16,80.0,0.5,0.15625,0.04280401057987674,8.0,0.5407634642784022,0
2301__1200_600,105,5,t_8_16,120.0,0.25,0.050000000000000044,0.0948424881876937,4.0,0.7250484812176639,0
2301__1200_600,107,5,t_8_16,220.0,0.25,0.16666666666666674,0.053329592010460114,2.0,0.5417824363636433,0
2301__1200_600,108,5,t_8_16,108.0,0.25,0.0,0.16912329414438243,5.0,0.6653361641938017,0
2301__1200_600,109,5,t_8_16,112.0,0.5,0.08333333333333337,0.25468298949051527,2.0,0.7220723788187876,0
2301__1200_600,110,5,t_8_16,144.00048828125,0.0,0.14583333333333337,0.031015357646636595,3.0,0.6369136151078069,0
2301__1200_600,111,5,t_8_16,96.0,0.5,0.15000000000000002,0.11702476652233294,5.0,0.8471625692922574,0
2301__1200_600,112,5,t_8_16,132.0,0.0,0.050000000000000044,0.07461542498704568,5.0,0.6302425578881126,0
2301__1200_600,113,5,t_8_16,128.0,0.25,0.16666666666666674,0.028976368471460904,3.0,0.8000537636961905,0
2301__1200_600,114,5,t_8_16,176.0,0.5,0.0,0.01988055057601886,4.0,0.7513999816073982,0
2301__1200_600,116,5,t_8_16,120.0,0.5,0.050000000000000044,0.42465403207606467,4.0,0.597187877292353,0
2301__1200_600,117,5,t_8_16,112.0,0.0,0.125,0.6535736973224336,2.0,0.6918378821489651,0
2301__1200_600,118,5,t_8_16,96.00061034783721,0.5,0.0625,0.08854090780043508,4.0,0.6716221177470239,0
2301__1200_600,119,5,t_8_16,108.0,0.75,0.12142857142857144,0.3111789245858949,5.0,0.7212395841724888,0
2301__1200_600,120,5,t_8_16,176.0,0.25,0.25,0.21080263947955077,5.0,0.7568979481272443,0
2301__1200_600,121,5,t_8_16,84.0,0.5,0.16249999999999998,0.18250651616802688,3.0,0.8387461481618469,0
2301__1200_600,122,5,t_8_16,176.0,0.25,0.0625,0.2940322509682064,3.0,0.4978788481207929,1
2301__1200_600,123,5,t_8_16,144.0,0.75,0.41666666666666674,,1.0,0.8344495833333321,0
2301__1200_600,124,5,t_8_16,96.0,0.25,0.17500000000000004,0.1701892446720574,4.0,0.8510069033731931,0
2301__1200_600,125,5,t_8_16,84.0008544921875,0.5,0.16666666666666674,0.2930113451269638,3.0,0.6963056805811086,0
2301__1200_600,126,5,t_8_16,144.0,0.0,0.08333333333333337,0.2654838410298109,3.0,0.6591543129445616,0
2301__1200_600,127,5,t_8_16,96.0,0.5,0.04166666666666663,0.20048208985921237,6.0,0.7937160698512624,0
2301__1200_600,128,5,t_8_16,96.0,0.75,0.09999999999999998,0.08803667406693291,5.0,0.7467625266548171,0
2301__1200_600,129,5,t_8_16,120.0,0.5,0.04166666666666663,0.026855680803129132,5.0,0.6933081435048674,0
2301__1200_600,130,5,t_8_16,144.0,0.25,0.0,0.18443727425667747,2.0,0.4982785023022543,1
2301__1200_600,131,5,t_8_16,144.00048828125,0.25,0.25,0.0981502750539895,4.0,0.6577910333765313,0
2301__1200_600,132,5,t_8_16,88.0,0.5,0.050000000000000044,0.051060382428487226,4.0,0.5368517105771105,0
2301__1200_600,133,5,t_8_16,108.0,0.25,0.050000000000000044,0.21429887743892095,4.0,0.7093640568882389,0
2301__1200_600,134,5,t_8_16,200.0,0.0,0.14583333333333337,0.1295594962422519,3.0,0.6163270234529284,0
2301__1200_600,136,5,t_8_16,128.0,0.25,0.25,0.1667448953473465,2.0,0.7771567066495061,0
2301__1200_600,137,5,t_8_16,108.0,0.5,0.0,0.06985250145183955,5.0,0.8551418000746214,0
2301__1200_600,138,5,t_8_16,180.0,0.5,0.08333333333333337,0.14278898547325064,2.0,0.6775117108644525,0
2301__1200_600,139,5,t_8_16,128.0,0.25,0.16666666666666663,0.45135348696363403,3.0,0.7655352359221088,0
2301__1200_600,140,5,t_8_16,120.0,0.3333333333333333,0.33333333333333337,0.6296781065037266,2.0,0.6086693899547648,0
2301__1200_600,141,5,t_8_16,143.0,0.5,0.18333333333333335,0.025584809593954035,3.0,0.7366833902437888,0
2301__1200_600,142,5,t_8_16,144.0,0.5,0.25,0.3055067288572385,2.0,0.5720127536510786,0
2301__1200_600,143,5,t_8_16,160.0,0.0,0.125,,1.0,0.0,1
2303__2400_0,0,5,t_8_16,108.0,0.75,0.09999999999999998,0.021256190060179276,3.0,0.7560613805475793,0
2303__2400_0,1,5,t_8_16,108.0,0.25,0.0625,0.1803559206753016,4.0,0.8351780077221951,0
2303__2400_0,2,5,t_8_16,108.0,0.5,0.0625,0.05582897255024193,4.0,0.9099044254645867,0
2303__2400_0,3,5,t_8_16,120.0,0.25,0.125,0.208490892978439,3.0,0.7643023649647763,0
2303__2400_0,4,5,t_8_16,108.0,0.25,0.0625,0.5457523947723776,3.0,0.8869161339087644,0
2303__2400_0,5,5,t_8_16,84.0,0.25,0.10000000000000009,0.37703796007103735,5.0,0.7287681216001664,0
2303__2400_0,6,5,t_8_16,160.0,0.0,0.14583333333333337,0.3215837598293349,3.0,0.6670808727286263,0
2303__2400_0,7,5,t_8_16,96.0,0.5,0.16666666666666674,0.025300604556807244,3.0,0.8258613132373427,0
2303__2400_0,8,5,t_8_16,96.0,0.25,0.0,0.15229387213690926,3.0,0.807633687454361,0
2303__2400_0,9,5,t_8_16,64.0,0.0,0.0,,1.0,0.8709012814549705,0
2303__2400_0,10,5,t_8_16,144.0,0.5,0.08333333333333337,0.07785441798668145,3.0,0.7957752430555662,0
2303__2400_0,11,5,t_8_16,120.0,0.25,0.16666666666666674,0.6502112510517885,2.0,0.7966062748610127,0
2303__2400_0,12,5,t_8_16,95.9996337890625,0.0,0.16666666666666674,0.24768761208905016,2.0,0.7672491172766184,0
2303__2400_0,13,5,t_8_16,96.0,0.25,0.08333333333333337,0.08666152017317803,2.0,0.7948068791961741,0
2303__2400_0,14,5,t_8_16,108.0,0.25,0.0,0.3698036965707056,3.0,0.7602626065553316,0
2303__2400_0,15,5,t_8_16,108.0,0.0,0.25,0.999982520156158,0.0,0.6936931094857641,0
2303__2400_0,16,5,t_8_16,120.0,0.0,0.16666666666666674,0.8443451187528549,2.0,0.4748842530752382,1
2303__2400_0,17,5,t_8_16,84.0,0.75,0.08333333333333337,0.04287326777044409,3.0,0.6957401586845965,0
2303__2400_0,18,5,t_8_16,78.0,0.25,0.0,0.9951473305525045,1.0,0.6344216651900569,0
2303__2400_0,19,5,t_8_16,130.0,0.0,0.08333333333333337,0.9954462485098866,2.0,0.6459491052064228,0
2325__2676_2397,0,5,t_8_16,84.0,0.75,0.14583333333333337,0.07877972404790719,4.0,0.7836397969465586,0
2325__2676_2397,14,5,t_8_16,72.0,0.0,0.0,0.9997826030931539,1.0,0.5203226748381311,0
2325__2676_2397,20,5,t_8_16,72.0,0.5,0.125,0.018023777551406984,3.0,0.0,1
2325__2676_2397,22,5,t_8_16,79.9999542235164,0.25,0.125,0.07208753009445446,2.0,0.3336544624524108,1
2353__0_600,0,5,t_8_16,112.0,0.5,0.16666666666666674,0.037452506460421746,3.0,0.7813147026238109,0
2353__0_600,1,5,t_8_16,139.99969482421875,0.5,0.22916666666666674,0.0624058847836598,3.0,0.7902941545361476,0
2353__0_600,2,5,t_8_16,112.0,0.5,0.25,0.05199104447881366,2.0,0.8680606945921515,0
2353__0_600,3,5,t_8_16,192.0,0.75,0.125,0.03633940923922946,4.0,0.8688684296013846,0
2353__0_600,4,5,t_8_16,128.0,0.5,0.5,,0.0,0.8668733010154712,0
2353__0_600,5,5,t_8_16,140.0,0.25,0.2666666666666667,0.029766105157968126,3.0,0.722893461407921,0
2353__0_600,6,5,t_8_16,140.0,0.25,0.08333333333333337,0.006780483368157993,2.0,0.6229888431046576,0
2353__0_600,7,5,t_8_16,112.0,0.5,0.16666666666666674,0.02011830949140858,3.0,0.8049948540226254,0
2353__0_600,8,5,t_8_16,160.0,0.75,0.08333333333333337,0.02921216666227535,3.0,0.7459941119025001,0
2353__0_600,9,5,t_8_16,80.0,0.0,0.0,0.14879996320975386,2.0,0.6745827034747619,0
2353__0_600,10,5,t_8_16,128.0,0.25,0.16666666666666663,0.05116523200361465,3.0,0.5828466755718957,0
2353__0_600,11,5,t_8_16,64.0,0.75,0.050000000000000044,0.34194373682466506,5.0,0.6035104455194663,0
2353__0_600,12,5,t_8_16,83.9996337890625,0.5,0.18333333333333335,0.09254812157860669,3.0,0.6415835298779801,0
2353__0_600,13,5,t_8_16,159.9993896484375,0.25,0.0,0.08720517523865683,3.0,0.758611062175979,0
2353__0_600,14,5,t_8_16,112.0,0.75,0.75,,0.0,0.8996853456852721,0
2353__0_600,15,5,t_8_16,112.0,0.25,0.33333333333333337,0.10950241092316503,2.0,0.7890024665766932,0
2353__0_600,16,5,t_8_16,112.0,0.5,0.25,0.402119824573639,2.0,0.8626195893052733,0
2353__0_600,17,5,t_8_16,128.0,0.75,0.0,0.010488547069569044,3.0,0.8022815002188365,0
2353__0_600,18,5,t_8_16,191.999267578125,0.0,0.08333333333333337,0.18240292733038185,9.0,0.6898995064572945,0
2353__0_600,19,5,t_8_16,160.0,0.0,0.25,0.188968943052849,4.0,0.6312860312499997,0
2353__0_600,20,5,t_8_16,180.0,0.0,0.08333333333333337,0.054698467866370656,3.0,0.5527611168057797,0
2353__0_600,21,5,t_8_16,112.0,0.25,0.20833333333333337,0.21421417729741293,2.0,0.6932327625098363,0
2353__2676_600,0,5,t_8_16,72.0,0.0,0.0,,1.0,0.8084576883092154,0
2353__2676_600,1,5,t_8_16,84.0008602142916,0.25,0.125,0.01141696528392953,3.0,0.7533273912311699,0
2353__2676_600,2,5,t_8_16,128.0,0.5,0.20833333333333337,0.16675002252717444,2.0,0.8842899218749991,0
2353__2676_600,3,5,t_8_16,72.000732421875,0.75,0.22499999999999998,0.09867126671869143,3.0,0.7570003847139047,0
2353__2676_600,4,5,t_8_16,112.0,0.0,0.125,0.19041708615624253,2.0,0.8222220910414916,0
2353__2676_600,5,5,t_8_16,96.0,0.5,0.25,0.1736209863370772,2.0,0.8096427052470708,0
2353__2676_600,6,5,t_8_16,112.0,0.5,0.5,,0.0,0.7757971319923922,0
2353__2676_600,7,5,t_8_16,128.0,0.75,0.375,0.07029608439350696,2.0,0.8308701953124993,0
2353__2676_600,8,5,t_8_16,112.0,0.5,0.08333333333333337,0.059440397494784684,3.0,0.790892475762269,0
2353__2676_600,9,5,t_8_16,80.0,0.25,0.25,,1.0,0.76967573055922,0
2353__2676_600,10,5,t_8_16,160.0,0.25,0.0,0.005399356066554798,3.0,0.723388022856749,0
2353__2676_600,11,5,t_8_16,95.9996337890625,0.25,0.125,0.26811821065069924,2.0,0.7988419408170314,0
2353__2676_600,12,5,t_8_16,83.99981689453125,0.25,0.0,0.03724543913990611,3.0,0.7800916717896745,0
2353__2676_600,13,5,t_8_16,111.999755859375,0.0,0.16666666666666674,0.4349854484434862,3.0,0.7710693235904993,0
2353__2676_600,14,5,t_8_16,111.999755859375,0.25,0.375,0.5548644695110123,2.0,0.864863297826214,0
2353__2676_600,15,5,t_8_16,72.0,0.5,0.125,0.10292034624363036,4.0,0.5468394958753269,0
2353__2676_600,17,5,t_8_16,127.99951171875,1.0,0.0,0.00330732464806838,6.0,0.8223272560425949,0
2353__2676_600,18,5,t_8_16,95.99995422363281,0.25,0.16666666666666674,0.21607492133743836,3.0,0.7220840624999986,0
2353__2676_600,19,5,t_8_16,95.99981689453125,0.75,0.125,0.02337169020189391,3.0,0.8266223458440262,0
2353__2676_600,20,5,t_8_16,127.999755859375,0.75,0.375,0.18291303969090603,2.0,0.8141217975700406,0
2353__2676_600,21,5,t_8_16,95.99938964936882,0.25,0.0,0.1972009415633289,3.0,0.788332945318689,0
2353__2676_600,22,5,t_8_16,144.0,0.5,0.33333333333333326,,1.0,0.6665154264972787,0
2353__2676_600,23,5,t_8_16,96.0,0.5,0.0,0.21497696329086688,2.0,0.846896971723183,0
2353__2676_600,24,5,t_8_16,84.0,0.5,0.09999999999999998,0.14890990835615253,5.0,0.6766246264750134,0
2353__2676_600,25,5,t_8_16,84.0,0.5,0.050000000000000044,0.6289057131242723,5.0,0.5909946764043825,0
2353__2676_600,26,5,t_8_16,180.0,0.5,0.25,0.10852254761420196,4.0,0.8454558358180853,0
2353__2676_600,27,5,t_8_16,72.0,0.5,0.16666666666666674,0.3609540935586818,3.0,0.6323709420493162,0
2353__2676_600,28,5,t_8_16,84.0,0.5,0.0,0.09052886695709618,3.0,0.6983981539939993,0
2353__2676_600,29,5,t_8_16,160.0,0.75,0.0,0.00045686740539812524,2.0,0.7446866622603665,0
2353__2676_600,30,5,t_8_16,160.0,0.25,0.0,0.22957040266086307,2.0,0.7122752731444302,0
2353__2676_600,31,5,t_8_16,96.0,0.5,0.09999999999999998,0.20248151382574087,4.0,0.6994294402517277,0
2353__2676_600,32,5,t_8_16,96.0009765625,0.5,0.09999999999999998,0.3572161472089887,5.0,0.7350193312153301,0
2353__2676_600,33,5,t_8_16,96.0,0.5,0.22916666666666674,0.009051977909915613,4.0,0.7062785566543786,0
2353__2676_600,34,5,t_8_16,128.0,0.25,0.19999999999999996,0.19973398684840907,3.0,0.8180621516539647,0
2353__2676_600,35,5,t_8_16,84.0,1.0,0.1499999999999999,0.0772698136090753,5.0,0.7158810820617552,0
2353__2676_600,37,5,t_8_16,112.0,0.0,0.25,,1.0,0.8532295914787368,0
2353__2676_600,38,5,t_8_16,112.0,0.25,0.25,,0.0,0.7268790463826306,0
2353__2676_600,39,5,t_8_16,84.0,0.0,0.125,,1.0,0.8636091234094991,0
2353__2676_600,40,5,t_8_16,160.0,0.5,0.16666666666666674,0.08388513432622946,2.0,0.7322452500000034,0
2353__2676_600,41,5,t_8_16,112.0,0.0,0.125,,1.0,0.8973133893672596,0
2353__2676_600,42,5,t_8_16,144.0,0.5,0.0625,0.14304918082868467,3.0,0.7650041182825136,0
2353__2676_600,43,5,t_8_16,112.0,0.0,0.08333333333333337,0.12378352041706754,2.0,0.8693905705137039,0
2353__2676_600,44,5,t_8_16,112.0,0.0,0.20833333333333337,0.31215125370065055,2.0,0.9546589411880322,0
2353__2676_600,45,5,t_8_16,128.0,0.25,0.20833333333333337,0.12460406335959083,2.0,0.8386233638363901,0
2353__2676_600,46,5,t_8_16,112.00006103515625,0.0,0.125,,1.0,0.7473826058700781,0
2353__2676_600,47,5,t_8_16,96.0,0.5,0.09999999999999998,0.24236097924638003,5.0,0.6803600221882463,0
2353__2676_600,48,5,t_8_16,128.0,0.5,0.33333333333333326,,1.0,0.8268684001681457,0
2353__2676_600,49,5,t_8_16,96.0,0.25,0.050000000000000044,0.18929650351547375,5.0,0.669057357283654,0
2353__2676_600,50,5,t_8_16,112.0,0.5,0.2500000000000001,0.02713860034172592,3.0,0.8258685331502698,0
2353__2676_600,51,5,t_8_16,112.0,0.0,0.125,0.8148900372940442,2.0,0.7740596126887609,0
2353__2676_600,52,5,t_8_16,95.999755859375,0.25,0.0,0.124050458909021,2.0,0.6628895013684855,0
2353__2676_600,53,5,t_8_16,112.0,0.25,0.375,,1.0,0.7134024511115009,0
2353__2676_600,55,5,t_8_16,128.0,0.25,0.0,0.04084176370616717,3.0,0.622638207043639,0
2353__2676_600,56,5,t_8_16,112.0,0.5,0.25,,1.0,0.8366666783070277,0
2353__2676_600,57,5,t_8_16,112.0,0.25,0.0,0.2053219644000777,3.0,0.7515050861163333,0
2353__2676_600,58,5,t_8_16,96.0,0.25,0.32499999999999996,0.24608428233534635,3.0,0.6815187598463188,0
2353__2676_600,59,5,t_8_16,140.0,0.75,0.16666666666666674,0.21050069114801342,3.0,0.7173052937077423,0
2353__2676_600,60,5,t_8_16,72.0,0.5,0.1499999999999999,0.2364530576008103,5.0,0.684239514963135,0
2353__2676_600,61,5,t_8_16,144.0,0.5,0.5,,0.0,0.8582191249999926,0
2353__2676_600,62,5,t_8_16,84.0,0.75,0.2666666666666667,0.42779463400493717,3.0,0.8086687136068368,0
2353__2676_600,63,5,t_8_16,140.0,0.25,0.19999999999999996,0.14511331232213384,5.0,0.6679815628205942,0
2353__2676_600,64,5,t_8_16,72.0,0.5,0.0,0.21621201813604987,5.0,0.8276866057690824,0
2353__2676_600,65,5,t_8_16,128.0,0.5,0.0,0.0928923533342515,3.0,0.8133423230643743,0
2353__2676_600,66,5,t_8_16,140.0,0.25,0.08333333333333337,0.18195625947862007,2.0,0.6496965009250505,0
2353__2676_600,67,5,t_8_16,96.0,0.25,0.125,0.25015224786549684,2.0,0.7319860869041813,0
2353__2676_600,68,5,t_8_16,112.0,0.5,0.08333333333333337,0.09792610426147613,2.0,0.7482438247556156,0
2353__2676_600,69,5,t_8_16,111.99920654250309,0.25,0.19999999999999996,0.14474055466315822,5.0,0.8198970480041105,0
2353__2676_600,70,5,t_8_16,84.0,0.5,0.16666666666666663,0.08384435357513462,6.0,0.7697628522489182,0
2353__2676_600,71,5,t_8_16,96.0,0.5,0.16666666666666663,0.0739983935940069,3.0,0.6992600803353626,0
2353__2676_600,72,5,t_8_16,108.0,0.0,0.0625,0.14939529937961812,3.0,0.5160737506212973,0
2353__2676_600,76,5,t_8_16,96.0,0.0,0.0,,1.0,0.5327398553019388,0
2353__2676_600,77,5,t_8_16,180.0,0.25,0.16249999999999998,0.17066322648978247,3.0,0.7673070757217209,0
2353__2676_600,78,5,t_8_16,127.99951171875,0.5,0.33333333333333326,,1.0,0.855958744059437,0
2353__2676_600,79,5,t_8_16,84.0,0.0,0.0,0.1276823992358875,2.0,0.6130475291937605,0
2353__2676_600,80,5,t_8_16,84.0,0.0,0.08333333333333337,0.487134350131172,2.0,0.7067240215784757,0
2353__2676_600,81,5,t_8_16,203.99974060058594,0.5,0.1428571428571428,0.08617572964966098,5.0,0.8022752634036663,0
2353__2676_600,82,5,t_8_16,128.0,0.5,0.33333333333333326,,1.0,0.9196794764915579,0
2353__2676_600,83,5,t_8_16,140.0,0.0,0.08333333333333337,0.9917889953496087,2.0,0.34788132217513135,1
2353__2676_600,84,5,t_8_16,182.0008544921875,0.25,0.20833333333333337,0.3790568319426958,4.0,0.6592641912192988,0
2353__2676_600,85,5,t_8_16,143.99993133544922,0.0,0.20833333333333337,0.5630595890635723,3.0,0.7042640441176016,0
2353__2676_600,86,5,t_8_16,135.0,0.0,0.08333333333333337,0.548367155848531,3.0,0.5968448888888894,0
2353__2676_600,87,5,t_8_16,117.0,0.25,0.375,,1.0,0.7967441278486976,0
2353__2676_600,88,5,t_8_16,128.0,0.5,0.0,0.028557132630103885,3.0,0.7362942187499957,0
2353__2676_600,89,5,t_8_16,120.0,0.25,0.08333333333333337,0.06630021025273679,2.0,0.8787902678596234,0
2353__2676_600,90,5,t_8_16,84.0,0.0,0.16666666666666674,0.7613863244582764,3.0,0.8377753802216455,0
2353__2676_600,91,5,t_8_16,160.0,0.0,0.0,0.04872697125410759,2.0,0.7583594143462126,0
2353__2676_600,92,5,t_8_16,112.0,0.5,0.33333333333333337,,1.0,0.8721662767857262,0
2353__2676_600,93,5,t_8_16,176.0,0.0,0.0,0.6080759342353367,3.0,0.7621915466162819,0
2353__2676_600,94,5,t_8_16,119.0,0.0,0.17500000000000004,0.377616402187065,5.0,0.7182178823529353,0
2355__600_1200,0,5,t_8_16,80.0,0.0,0.0,,1.0,0.6409913661318892,0
2355__600_1200,1,5,t_8_16,96.0,0.5,0.0,0.014137123863205554,5.0,0.5934247496017873,0
2355__600_1200,2,5,t_8_16,144.0,0.25,0.09999999999999998,0.10918025595712867,5.0,0.740029148588628,0
2355__600_1200,3,5,t_8_16,84.0,0.25,0.08333333333333337,0.32092593370901923,3.0,0.5797747206149803,0
2355__600_1200,5,5,t_8_16,72.0,0.25,0.29166666666666674,0.5356385051160907,2.0,0.6324906215696169,0
2355__600_1200,7,5,t_8_16,128.0,0.0,0.16666666666666674,0.9986256327326526,3.0,0.7351839453124978,0
2355__600_1200,8,5,s_16_32,352.0,0.25,0.2651785714285715,0.013400207565775571,5.0,0.8369395349503287,0
2355__600_1200,11,5,s_16_32,384.0,0.0,0.09375,0.8281633122049458,8.0,0.3579338437500005,1
2355__600_1200,12,5,t_8_16,95.9996337890625,0.25,0.125,0.34683906781567175,2.0,0.8735736042658917,0
2355__600_1200,13,5,t_8_16,80.0,0.5,0.25,,0.0,0.6745857681261384,0
2355__600_1200,14,5,t_8_16,140.0,0.25,0.16666666666666663,0.9999999973351062,1.0,0.7410335488413057,0
2355__600_1200,17,5,t_8_16,128.0,0.25,0.0,0.2648037564566798,3.0,0.8164234102578621,0
2355__600_1200,18,5,t_8_16,95.99951171875,0.0,0.0,,1.0,0.4783507346953408,1
2355__600_1200,19,5,t_8_16,191.9996337890625,0.75,0.22499999999999998,0.005542259604004803,4.0,0.8318617512035326,0
2355__600_1200,20,5,t_8_16,200.0,0.25,0.125,0.11494837352815411,3.0,0.7104318131686624,0
2355__600_1200,21,5,t_8_16,96.0,0.0,0.125,,1.0,0.5179521878277477,0
2355__600_1200,22,5,t_8_16,120.0,0.25,0.08333333333333337,0.11876322775349694,3.0,0.5867492813379096,0
2355__600_1200,24,5,t_8_16,112.0,0.0,0.125,,1.0,0.7772122595988522,0
2355__600_1200,25,5,t_8_16,140.0,0.25,0.2666666666666667,0.16647345401643976,3.0,0.7592025437449988,0
2355__600_1200,26,5,t_8_16,72.0,0.5,0.125,0.17113296672851347,4.0,0.7464446351017324,0
2355__600_1200,27,5,t_8_16,112.0,0.25,0.25,,1.0,0.7749346905637123,0
2355__600_1200,28,5,t_8_16,143.99981689453125,0.0,0.29166666666666674,0.18629311261882653,2.0,0.6900958195421382,0
2355__600_1200,29,5,t_8_16,96.0,0.0,0.08333333333333337,0.08707325812277962,2.0,0.6612198389208754,0
2355__600_1200,30,5,t_8_16,160.0,0.0,0.0,0.6978943751597606,2.0,0.29977212083166743,1
2355__600_1200,31,5,t_8_16,96.0,0.0,0.2833333333333333,0.04079661404216919,3.0,0.45439849831068396,1
2355__600_1200,32,5,t_8_16,120.000732421875,0.75,0.08333333333333337,0.07487056102366253,3.0,0.7843038182691138,0
2355__600_1200,33,5,t_8_16,84.0,0.5,0.19999999999999996,0.093533883352545,3.0,0.7581504355544517,0
2355__600_1200,34,5,t_8_16,72.0,0.75,0.0,0.19110530681838692,5.0,0.644670595486258,0
2355__600_1200,35,5,t_8_16,80.0,0.0,0.0,,1.0,0.5820746803086787,0
2355__600_1200,36,5,t_8_16,64.0,0.25,0.25,,1.0,0.5250440195483109,0
2355__600_1200,38,5,t_8_16,80.0,0.0,0.0,,1.0,0.4027119711701899,1
2355__600_1200,39,5,t_8_16,112.0,0.5,0.5,,0.0,0.6636989524961914,0
2355__600_1200,40,5,t_8_16,140.0,0.25,0.08333333333333337,0.06418985086684129,2.0,0.7773216258566786,0
2355__600_1200,41,5,t_8_16,104.0,0.5,0.20833333333333337,0.016598412845387277,2.0,0.7490028370827595,0
2355__600_1200,42,5,t_8_16,66.0,0.25,0.0,0.42915917721776975,3.0,0.6335208101253582,0
2355__600_1200,44,5,t_8_16,150.0,0.0,0.16666666666666674,0.32136106875493065,2.0,0.7739591279832615,0
2355__600_1200,45,5,t_8_16,150.0,0.25,0.08333333333333337,0.06268751685609363,2.0,0.670046254211063,0
2355__600_1200,46,5,t_8_16,84.0,0.5,0.0,0.34612754600939577,4.0,0.7437623989201029,0
2355__600_1200,47,5,t_8_16,154.0,0.0,0.125,0.44352775626721774,2.0,0.6822102506318362,0
2355__600_1200,48,5,t_8_16,108.0,0.0,0.125,,1.0,0.7383823348173473,0
2355__600_1200,49,5,t_8_16,159.99951171875,0.25,0.08333333333333337,0.31176508699388134,3.0,0.7749925224386653,0
2355__600_1200,50,5,t_8_16,70.00042724609375,0.25,0.1875,0.1928178449444636,3.0,0.5297855341878249,0
2355__600_1200,52,5,t_8_16,80.00048828125,0.25,0.125,0.06637445445993558,2.0,0.7205564959319611,0
2355__600_1200,53,5,t_8_16,139.99957275390625,0.5,0.16666666666666674,0.08038167920185196,2.0,0.7816666223443339,0
2355__600_1200,54,5,t_8_16,180.0,0.25,0.125,0.053234243251760745,2.0,0.7499026396464186,0
2355__600_1200,55,5,t_8_16,96.0,0.25,0.25,,1.0,0.6455087603587538,0
2355__600_1200,56,5,t_8_16,108.0,0.25,0.08333333333333337,0.11723010685833908,2.0,0.7941580912664848,0
2355__600_1200,57,5,t_8_16,87.99951171875,0.25,0.25,,1.0,0.6376520678306379,0
2355__600_1200,58,5,t_8_16,98.99978637509048,0.25,0.125,0.6085750780981155,2.0,0.79243642588283,0
2361__2400_0,0,5,t_8_16,180.0,0.75,0.0625,0.047252153179397835,3.0,0.5908790099501203,0
2361__2400_0,1,5,s_16_32,288.0,0.25,0.19999999999999996,0.061596365377628595,3.0,0.7214567597260376,0
2366023ab,0,3,t_8_16,195.0,0.5,0.0,0.37713759892198156,5.0,0.8378618261180454,0
2371__1200_600,1,5,t_8_16,140.0,0.5,0.375,0.03263539427903765,4.0,0.7356479638407043,0
2371__1200_600,2,5,t_8_16,95.999755859375,0.25,0.125,0.37191492233000384,2.0,0.7737469902217708,0
2371__1200_600,3,5,t_8_16,160.0,0.0,0.0,0.9999188412998143,2.0,0.5956701765991729,0
2371__1200_600,4,5,t_8_16,112.0,0.0,0.0,0.9999963267358076,1.0,0.7274756202685172,0
2371__1200_600,5,5,t_8_16,80.0,0.0,0.125,,1.0,0.5625653319581392,0
2371__1200_600,6,5,t_8_16,112.0,0.25,0.25,,1.0,0.03574105177294912,1
2371__1200_600,7,5,t_8_16,111.99998664855957,0.5,0.0,0.38808552750743863,4.0,0.8888760659325794,0
2371__1200_600,8,5,t_8_16,128.0,0.25,0.16666666666666674,0.04042179698677628,2.0,0.7269831091591289,0
2371__1200_600,9,5,t_8_16,111.99994659423828,0.0,0.0625,0.7985476412038569,3.0,0.8544851631898894,0
2371__1200_600,10,5,t_8_16,112.0,0.25,0.08333333333333337,0.4365527004796406,2.0,0.5792378015308852,0
2371__1200_600,11,5,t_8_16,140.0,0.0,0.125,,1.0,0.678697464742044,0
2371__1200_600,12,0,s_16_32,1008.0008544921875,0.0,0.09090909090909083,0.9618954152199701,10.0,0.0,1
2371__1200_600,13,0,s_16_32,728.001708984375,0.0,0.0,0.028481909939589937,10.0,0.5990704259472291,0
2371__1200_600,14,5,t_8_16,71.99995422363281,0.0,0.0,0.9999987790140799,1.0,0.7921919060370243,0
2371__1200_600,15,5,t_8_16,80.0,0.0,0.0,,1.0,0.8246770479425348,0
2371__1200_600,16,5,t_8_16,96.0,0.0,0.25,0.9966946766266781,2.0,0.8383991772125546,0
2371__1200_600,17,5,t_8_16,96.0,0.25,0.125,,1.0,0.8966071009002621,0
2371__1200_600,18,5,t_8_16,96.0,0.0,0.0,,1.0,0.7402169797080624,0
2371__1200_600,19,5,t_8_16,112.0,0.25,0.125,,1.0,0.5912352722329601,0
2371__1200_600,20,5,t_8_16,72.0,0.25,0.08333333333333337,0.45075049454472116,2.0,0.7255098848202677,0
2371__1200_600,21,5,t_8_16,96.0,0.0,0.125,0.9989990602766025,2.0,0.9289840439910135,0
2371__1200_600,22,5,t_8_16,72.0,0.0,0.08333333333333337,0.7677262969743384,2.0,0.7642263622400989,0
2371__1200_600,23,5,t_8_16,112.0,0.5,0.33333333333333337,0.1832972670737709,2.0,0.846478151824507,0
2371__1200_600,24,5,t_8_16,72.0,0.0,0.25,0.9844106809740928,1.0,0.5863009220140658,0
2371__1200_600,25,5,t_8_16,120.0,0.0,0.0,0.9999999999940445,1.0,0.7626220510467908,0
2371__1200_600,26,5,t_8_16,96.0,0.5,0.5,0.9995190908547756,1.0,0.12701038949346874,1
2371__1200_600,27,5,t_8_16,72.0,0.0,0.16666666666666674,0.539361413450425,3.0,0.6860571392076635,0
2371__1200_600,28,5,t_8_16,80.0,0.0,0.125,,1.0,0.8353551276859631,0
2371__1200_600,29,5,t_8_16,96.0,0.25,0.25,0.9999885116163449,1.0,0.821785592283088,0
2371__1200_600,30,5,t_8_16,112.0,0.5,0.125,0.421407084093134,2.0,0.6326962673249498,0
2371__1200_600,31,5,t_8_16,120.0,0.0,0.25,,1.0,0.9199918458559809,0
2371__1200_600,32,5,t_8_16,120.0,0.5,0.18333333333333335,0.27192013728092523,3.0,0.8461123223148037,0
2371__1200_600,33,5,t_8_16,84.0,0.0,0.375,0.9999999999746122,2.0,0.6420666812718986,0
2371__1200_600,34,5,t_8_16,191.99990844726562,0.0,0.09999999999999998,0.2527466702093624,5.0,0.583453741603928,0
2371__1200_600,36,5,t_8_16,98.0,0.3333333333333333,0.0,0.5220745570875887,2.0,0.6246782875645892,0
2371__1200_600,37,5,t_8_16,120.0,0.0,0.0,0.9999592648282962,1.0,0.7664696239239404,0
2371__1200_600,38,5,t_8_16,70.0,0.0,0.16666666666666663,,1.0,0.7026852861128824,0
2371__1200_600,39,5,t_8_16,140.0,0.25,0.08333333333333337,0.42474093309614996,2.0,0.5611868976154597,0
2371__1200_600,40,5,s_16_32,384.0,1.0,0.0625,0.04342745453045037,8.0,0.9149178992718152,0
2371__1200_600,43,5,t_8_16,72.0,0.0,0.0,0.45877401093653786,3.0,0.6637523449072588,0
2371__1200_600,44,5,t_8_16,140.0,0.25,0.0,0.39719061099731157,2.0,0.7421921480794275,0
2371__1200_600,45,5,t_8_16,95.999755859375,0.0,0.0,,1.0,0.616397745612329,0
2371__1200_600,46,5,t_8_16,72.0,0.5,0.125,0.04157764935973483,4.0,0.5513484990355221,0
2371__1200_600,47,5,t_8_16,100.0,0.0,0.0,,1.0,0.6426011051103536,0
2371__1200_600,48,5,t_8_16,160.0,0.25,0.29999999999999993,0.02235880221628269,5.0,0.5284150578337337,0
2371__1200_600,49,5,t_8_16,192.0,0.5,0.08333333333333337,0.08549372841055777,3.0,0.608891806042829,0
2371__1200_600,50,5,t_8_16,84.0,0.75,0.14583333333333337,0.19705596850622648,4.0,0.5170704385408357,0
2371__1200_600,51,5,t_8_16,120.0,0.0,0.125,,1.0,0.626382281990605,0
2371__1200_600,53,5,t_8_16,168.00009155273438,0.25,0.0,0.049393273267616083,2.0,0.7013390476190496,0
2371__1200_600,54,5,t_8_16,111.99999237060547,0.3333333333333333,0.33333333333333337,,1.0,0.5701795173191531,0
2371__1200_600,55,5,t_8_16,96.0,0.5,0.20833333333333337,0.18674712689499592,2.0,0.7205233449263537,0
2371__1200_600,57,5,t_8_16,140.0,0.0,0.0,,1.0,0.7294940885152392,0
2371__1200_600,58,5,t_8_16,192.0,0.5,0.2250000000000001,0.03269558633475571,4.0,0.5317949843749995,0
2371__1200_600,59,5,t_8_16,216.0,0.0,0.0,0.08155066207352425,5.0,0.4521750972512381,1
2371__1200_600,60,5,t_8_16,72.0,0.0,0.25,0.999999852805598,2.0,0.8577542594142185,0
2371__1200_600,61,5,t_8_16,71.99990844726562,0.5,0.20833333333333337,0.3822561171729464,3.0,0.4888725866352328,1
2371__1200_600,62,5,t_8_16,112.0,0.5,0.25,,1.0,0.9331124315738579,0
2371__1200_600,63,5,t_8_16,160.0,0.25,0.25,0.04050548692975674,3.0,0.6529316750000006,0
2371__1200_600,64,5,t_8_16,140.0,0.0,0.0,0.9999999322072303,1.0,0.7597521676133974,0
2371__1200_600,65,5,t_8_16,140.0,0.25,0.2500000000000001,0.5661221611943809,3.0,0.7376971565964797,0
2371__1200_600,66,5,t_8_16,144.0,0.25,0.125,0.33079820923552433,2.0,0.0,1
2371__1200_600,67,5,t_8_16,168.0,0.5,0.2666666666666667,0.13232767908555687,3.0,0.5781002822525853,0
2371__1200_600,68,5,t_8_16,216.0,0.0,0.0625,0.18549467942486778,3.0,0.7365777222222237,0
2371__1200_600,69,5,t_8_16,120.0,0.3333333333333333,0.0,0.09992651494081353,2.0,0.718648059029235,0
2371__1200_600,70,5,t_8_16,140.0,0.0,0.25,0.5337420301683677,2.0,0.6943833532567696,0
2371__1200_600,71,5,t_8_16,72.0,0.0,0.25,,1.0,0.6482741255721489,0
2371__1200_600,72,5,t_8_16,140.0,0.5,0.08333333333333337,0.5626385359036151,2.0,0.7709652639339813,0
2371__1200_600,73,5,t_8_16,72.0,0.25,0.14583333333333337,0.29278923570883886,3.0,0.48856365485943953,1
2371__1200_600,74,5,t_8_16,96.0,0.25,0.25,0.18920369731500605,2.0,0.5727489829568166,0
2371__1200_600,75,5,t_8_16,120.0,0.0,0.25,,1.0,0.6310817804536203,0
2371__1200_600,76,5,t_8_16,196.0,0.0,0.0,0.36471749457873426,3.0,0.7842787959183696,0
2371__1200_600,77,5,t_8_16,140.0,0.0,0.125,0.9995137618169316,1.0,0.7159917439387828,0
2371__1200_600,78,5,t_8_16,120.0,0.0,0.08333333333333337,0.705735698095335,2.0,0.7642020989765902,0
2371__1200_600,80,5,t_8_16,160.0,0.5,0.0,0.3269356980258004,2.0,0.47340713703954607,1
2371__1200_600,81,5,t_8_16,252.0,0.0,0.08333333333333337,0.2509028253688408,4.0,0.39345266666666756,1
2371__1200_600,82,5,s_16_32,719.998779296875,0.25,0.0,0.03549487837484537,10.0,0.7770770250000026,0
2371__1200_600,83,5,t_8_16,192.0,0.25,0.125,0.10740140052154229,4.0,0.6844411875000048,0
2371__1200_600,84,5,t_8_16,140.0,0.5,0.125,0.3839720156274768,2.0,0.795786320387472,0
2371__1200_600,85,5,t_8_16,180.00015258789062,0.25,0.125,0.30904575732956246,4.0,0.48319566578095435,1
2371__1200_600,86,5,s_16_32,503.997802734375,0.0,0.050000000000000044,0.1344935121417876,10.0,0.6284314047619058,0
2371__1200_600,87,5,t_8_16,128.0,0.25,0.16666666666666663,0.0935155860118656,3.0,0.6742285590386309,0
2371__1200_600,89,5,t_8_16,96.0,0.0,0.0,,1.0,0.42481997594939724,1
2371__1200_600,90,5,t_8_16,90.0,0.0,0.08333333333333337,0.24740441941682367,4.0,0.4801608818631026,1
2371__1200_600,91,5,t_8_16,120.0,0.25,0.08333333333333337,0.2719666219512934,3.0,0.7667158857567792,0
2371__1200_600,92,5,t_8_16,64.0,0.5,0.5,,0.0,0.5248377486971327,0
2371__1200_600,93,5,t_8_16,96.0,0.25,0.16666666666666674,0.627364503904804,2.0,0.5149763264596868,0
2371__1200_600,94,5,t_8_16,140.0,0.0,0.08333333333333337,0.45797526775391934,2.0,0.7041283904837742,0
2371__1200_600,95,5,t_8_16,216.0,0.25,0.09999999999999998,0.1431180283939685,3.0,0.752545555555563,0
2371__1200_600,96,5,t_8_16,112.00006103515625,0.5,0.125,0.22140680988698444,2.0,0.8660965381473269,0
2371__1200_600,97,5,t_8_16,140.0,0.25,0.125,0.12408064813251582,2.0,0.6775493071428649,0
2371__1200_600,98,5,t_8_16,144.0,0.25,0.0,0.43140071083275605,2.0,0.6658488209847707,0
2371__1200_600,99,5,t_8_16,96.0,0.0,0.0,0.6684329648026812,2.0,0.5787829704001143,0
2371__1200_600,100,5,t_8_16,84.0,0.25,0.0,0.12210613273737493,2.0,0.7360950972971798,0
2371__1200_600,102,5,t_8_16,168.0,0.5,0.2666666666666667,0.000921395599827143,3.0,0.5536756904761939,0
2371__1200_600,103,5,t_8_16,96.0,0.25,0.125,0.07907114272195402,2.0,0.5174114625716949,0
2371__1200_600,104,5,t_8_16,180.0,0.0,0.125,0.12298641899281099,2.0,0.673242689255814,0
2371__1200_600,105,5,t_8_16,160.0,0.25,0.0,0.18152218921825888,2.0,0.7530874812500034,0
2371__1200_600,107,5,t_8_16,119.99981689453125,0.25,0.16666666666666674,0.1501410780665354,3.0,0.8046346344255916,0
2371__1200_600,109,5,t_8_16,144.0,0.25,0.125,0.5139619126551143,2.0,0.7475914949718085,0
2371__1200_600,110,5,t_8_16,144.0,0.5,0.125,0.25868186785680425,2.0,0.7144101857905346,0
2371__1200_600,111,5,t_8_16,120.0,0.25,0.08333333333333337,0.2196827519749118,3.0,0.7210243370933437,0
2371__1200_600,112,5,t_8_16,108.0,0.25,0.22916666666666674,0.16812278794499455,3.0,0.5770172920164149,0
2371__1200_600,113,5,t_8_16,95.999755859375,0.0,0.0,,1.0,0.6691070134577419,0
2371__1200_600,114,5,t_8_16,100.0,0.25,0.16666666666666674,0.37215436837388255,3.0,0.652214641902985,0
2371__1200_600,116,5,t_8_16,119.99969482421875,0.5,0.08333333333333337,0.15212527601267153,2.0,0.6608752505741381,0
2371__1200_600,117,5,t_8_16,80.0,0.5,0.5,,0.0,0.43080968967506544,1
2371__1200_600,118,5,t_8_16,96.0,0.25,0.25,,0.0,0.7192828292704974,0
2371__1200_600,119,5,t_8_16,140.0,0.5,0.0,0.19651739928245185,2.0,0.8371731269515709,0
2371__1200_600,120,5,t_8_16,168.0,0.0,0.20833333333333337,0.8856203107140437,2.0,0.7567638406300645,0
2371__1200_600,121,5,t_8_16,160.0,0.25,0.0,0.3081174959150556,2.0,0.5654804187500004,0
2371__1200_600,122,5,t_8_16,140.0,0.25,0.08333333333333337,0.14657135818497935,2.0,0.7469352687417355,0
2371__1200_600,123,5,t_8_16,240.0,0.0,0.08333333333333337,0.16301613450418173,3.0,0.5915194500000014,0
2371__1200_600,124,5,t_8_16,140.0,0.25,0.125,0.2366103611673993,2.0,0.7954317218764305,0
2371__1200_600,125,5,t_8_16,120.0,0.0,0.125,0.9984102441202334,2.0,0.534142504127164,0
2371__1200_600,126,5,t_8_16,72.0,0.25,0.25,0.9999729126646747,2.0,0.16629082441031204,1
2371__1200_600,127,5,t_8_16,160.0,0.5,0.0,0.011014942579181045,3.0,0.805770900000008,0
2371__1200_600,128,5,t_8_16,168.0,0.25,0.0,0.11436058086932091,2.0,0.5588195519862975,0
2371__1200_600,129,5,t_8_16,79.99969482421875,0.25,0.0,0.23308541616704612,3.0,0.4949426896741578,1
2371__1200_600,130,5,t_8_16,140.0,0.5,0.22916666666666674,0.055244354417345945,3.0,0.6942427883167813,0
2371__1200_600,131,5,t_8_16,191.99998474121094,0.25,0.125,0.034067323958715146,4.0,0.7393181389302433,0
2371__1200_600,132,5,t_8_16,96.0,0.25,0.0,0.15485572207625178,2.0,0.6501456745361379,0
2371__1200_600,133,5,t_8_16,72.0,0.25,0.09999999999999998,0.06085094138331834,5.0,0.47938885873813153,1
2371__1200_600,134,5,t_8_16,140.0,0.0,0.25,0.9923599228392251,1.0,0.7998722428525267,0
2371__1200_600,135,5,t_8_16,120.0,0.0,0.0,0.9997903173654508,1.0,0.28579762405283426,1
2371__1200_600,137,5,t_8_16,192.0,0.25,0.08333333333333337,0.07288550967289804,3.0,0.5119327291666611,0
2371__1200_600,138,5,t_8_16,192.0,0.25,0.09999999999999998,0.12209022732269308,5.0,0.6522111979166683,0
2371__1200_600,139,5,t_8_16,140.0,0.5,0.16666666666666674,0.11674017774732792,3.0,0.7386983571428593,0
2371__1200_600,140,5,t_8_16,112.0,0.0,0.0,0.6093257615941365,2.0,0.5822363877825363,0
2371__1200_600,141,5,t_8_16,128.0,0.0,0.20833333333333337,0.3230165603387156,2.0,0.6516976482779085,0
2371__1200_600,142,5,t_8_16,252.0,0.5,0.20833333333333337,0.23780731735610514,4.0,0.5991037440040072,0
2371__1200_600,143,5,t_8_16,180.0,0.0,0.125,0.9378261489209727,2.0,0.5344726444444429,0
2371__1200_600,144,5,t_8_16,96.0,0.25,0.0,0.29605957168180247,2.0,0.8607846761215718,0
2371__1200_600,145,5,t_8_16,196.0,0.0,0.0,0.15824275317264525,2.0,0.6553518591003786,0
2371__1200_600,146,5,t_8_16,216.0,0.0,0.125,0.2631087732415578,2.0,0.5330985555555554,0
2371__1200_600,147,5,t_8_16,96.0,0.25,0.0,0.19793746066101034,3.0,0.6215774092749955,0
2371__1200_600,148,5,t_8_16,140.0,0.0,0.08333333333333337,0.04431070744099146,2.0,0.7620143142857152,0
2371__1200_600,149,5,t_8_16,160.0,0.5,0.08333333333333337,0.36544297631000655,3.0,0.7009545124495723,0
2371__1200_600,150,5,t_8_16,120.0,0.0,0.0,0.9999881258476325,1.0,0.7084362062582594,0
2371__1200_600,151,5,t_8_16,84.0,0.25,0.0625,0.0655908178063907,4.0,0.5221064478485011,0
2371__1200_600,152,5,t_8_16,216.0,0.0,0.09999999999999998,0.1792961036746904,3.0,0.5160289814814841,0
2371__1200_600,153,5,t_8_16,192.0,0.0,0.24583333333333335,0.02180589257720625,3.0,0.6815954687500018,0
2371__1200_600,154,5,t_8_16,117.00027465820312,0.25,0.0,0.05881899159310653,3.0,0.6905169362001325,0
2371__1200_600,155,5,t_8_16,108.0,0.25,0.18333333333333335,0.6081361379175015,4.0,0.3871185854305211,1
2371__1200_600,156,5,t_8_16,121.0,0.0,0.25,0.28436037023633354,2.0,0.7715503906441573,0
2371__1200_600,157,5,t_8_16,112.0,0.0,0.08333333333333337,0.8521962429296391,2.0,0.0,1
2371__1200_600,158,5,t_8_16,77.0,0.25,0.125,0.23692679152872764,4.0,0.5525964137210407,0
2371__1200_600,160,5,t_8_16,168.0,0.5,0.125,0.03514663685257795,4.0,0.6268287875912492,0
2371__1200_600,161,5,t_8_16,120.0,0.25,0.125,0.12354940762367995,2.0,0.7784887703568069,0
2371__1200_600,162,5,t_8_16,120.0,0.25,0.20833333333333337,0.285152078102636,2.0,0.8566245423664108,0
2371__1200_600,163,5,t_8_16,91.0,0.0,0.15000000000000002,0.09036339246132023,4.0,0.6976893167884347,0
2371__1200_600,164,5,t_8_16,70.0,0.25,0.20833333333333337,0.587239318380633,2.0,0.7409871479992669,0
2371__1200_600,165,5,t_8_16,120.0,0.0,0.0,0.9995103109820884,2.0,0.5605987334008702,0
2371__1200_600,166,5,t_8_16,70.0,0.0,0.125,0.9999961606230989,2.0,0.5593938073311666,0
2371__1200_600,167,5,t_8_16,120.0,0.0,0.16666666666666674,0.45399057716786273,3.0,0.5685162056213263,0
2371__1200_600,168,5,t_8_16,129.9999237060547,0.25,0.0,0.7275262265864262,2.0,0.5258896115319812,0
2371__1200_600,169,5,t_8_16,108.0,0.25,0.25,,1.0,0.5665148790007348,0
2371__1200_600,170,5,t_8_16,150.0,0.5,0.08333333333333337,0.10345471812613279,2.0,0.7611226799999988,0
2371__1200_600,171,5,t_8_16,72.0,0.0,0.125,,1.0,0.5907768699760337,0
2421__1800_1929,0,5,s_16_32,648.0,0.25,0.045454545454545414,0.08198008145207879,10.0,0.8308907770417234,0
2421__1800_1929,1,5,s_16_32,503.9995117112994,0.25,0.09090909090909094,0.012058331167856144,8.0,0.7497866062410108,0
2421__1800_1929,2,5,s_16_32,432.0,0.5,0.1026785714285714,0.013875374096397153,7.0,0.8103011861366864,0
2421__1800_1929,3,5,t_8_16,112.0,0.0,0.20833333333333337,0.1375421505618075,2.0,0.6582821504267579,0
2421__1800_1929,4,5,t_8_16,140.0,0.5,0.0,0.010027371481282498,2.0,0.7040813946448967,0
2421__1800_1929,5,5,t_8_16,140.0,0.25,0.16666666666666674,0.323028395028175,3.0,0.6499146964822284,0
2421__1800_1929,6,5,t_8_16,167.9991455078125,0.75,0.17500000000000004,0.0608393303313141,4.0,0.7753338959963769,0
2421__1800_1929,7,5,t_8_16,140.0008544921875,0.0,0.25,,1.0,0.8589141117233976,0
2421__1800_1929,8,5,t_8_16,168.0,0.25,0.125,0.12788158044295175,2.0,0.7858715056345106,0
2421__1800_1929,9,5,t_8_16,160.0009765625,0.5,0.16249999999999998,0.040171572190735715,3.0,0.7534364105784954,0
2421__1800_1929,10,5,t_8_16,111.9991455078125,0.25,0.0,0.11330593600841694,3.0,0.7593098554673071,0
2421__1800_1929,11,5,t_8_16,168.0,0.25,0.08333333333333337,0.031337581537009905,2.0,0.6904106096859739,0
2421__1800_1929,12,5,t_8_16,84.0,0.0,0.16666666666666674,0.4840257574990351,2.0,0.6039144637514062,0
2421__1800_1929,13,5,t_8_16,112.0,0.5,0.20833333333333337,0.2313143885548819,2.0,0.7524365482358354,0
2421__1800_1929,14,5,t_8_16,140.0,0.5,0.08333333333333337,0.021018433147137607,2.0,0.8299791555729171,0
2421__1800_1929,15,5,t_8_16,120.0,0.25,0.09999999999999998,0.14140799773659327,3.0,0.8299207583333221,0
2421__1800_1929,16,5,t_8_16,96.0,0.0,0.0,,1.0,0.8512896449688749,0
2421__1800_1929,17,5,t_8_16,112.0,0.25,0.0,0.19123670717626404,2.0,0.7573796318811183,0
2421__1800_1929,18,5,t_8_16,140.0,0.25,0.25,,1.0,0.7367576542060904,0
2421__1800_1929,19,5,t_8_16,240.0,0.25,0.20833333333333337,0.25173320237292196,2.0,0.7904178719534131,0
2421__1800_1929,20,5,t_8_16,111.99951171875,0.5,0.0,0.03910289738154443,3.0,0.7635905761815818,0
2421__1800_1929,21,5,t_8_16,140.0,0.25,0.1875,0.4633091305894914,4.0,0.85576486580801,0
2421__1800_1929,22,5,t_8_16,120.0,0.0,0.0,0.22674640947660557,2.0,0.6661328627255719,0
2421__1800_1929,23,5,t_8_16,140.0,0.5,0.08333333333333337,0.10852089081397974,2.0,0.9142988313220127,0
2421__1800_1929,24,5,t_8_16,176.0,0.25,0.0,0.09626333659271784,3.0,0.7526958191753712,0
2421__1800_1929,25,5,t_8_16,112.0,0.5,0.375,0.0006470336140666433,2.0,0.7487829823757963,0
2421__1800_1929,26,5,t_8_16,119.99969482421875,0.0,0.0,,1.0,0.7630188802721901,0
2421__1800_1929,27,5,t_8_16,216.0,0.0,0.0625,0.03604891440852485,3.0,0.7098109354037667,0
2421__1800_1929,28,5,t_8_16,128.0,0.25,0.0,0.0096452530882114,2.0,0.7228953412728146,0
2421__1800_1929,29,5,s_16_32,684.0,0.0,0.0,0.2420341206026551,10.0,0.7796632137651077,0
2421__1800_1929,31,5,t_8_16,95.999267578125,0.5,0.16249999999999998,0.21240389185637548,3.0,0.7370507948920076,0
2421__1800_1929,32,5,t_8_16,168.0,0.25,0.08333333333333337,0.08774019707094394,2.0,0.6632646262342247,0
2421__1800_1929,33,5,t_8_16,191.999267578125,0.25,0.125,0.11959170162229409,4.0,0.7217971536953798,0
2421__1800_1929,34,5,t_8_16,200.0,0.0,0.16249999999999998,0.14851467383176853,3.0,0.719968199999996,0
2421__1800_1929,35,5,t_8_16,96.0,0.0,0.125,0.47097604842375584,4.0,0.6739237838454506,0
2421__1800_1929,36,5,t_8_16,144.0,0.25,0.08333333333333337,0.4207487105309399,2.0,0.6922080252064389,0
2421__1800_1929,37,5,t_8_16,144.0,0.0,0.08333333333333337,0.9080478161841725,2.0,0.72077718414563,0
2421__1800_1929,38,5,t_8_16,127.999755859375,0.25,0.08333333333333337,0.4632615002423524,3.0,0.7502364711489091,0
2421__1800_1929,39,5,t_8_16,144.0,0.25,0.16666666666666674,0.33669896654007114,3.0,0.6710845393516612,0
2421__1800_1929,40,5,t_8_16,168.0,0.0,0.08333333333333337,0.4339295399254416,2.0,0.7317180570204265,0
2421__1800_1929,41,5,t_8_16,120.0,0.25,0.125,,1.0,0.75926683959297,0
2421__1800_1929,42,5,t_8_16,168.00018310546875,0.5,0.125,0.13711270468647632,2.0,0.8547575609168853,0
2421__1800_1929,43,5,t_8_16,140.0,0.0,0.08333333333333337,0.02718424881470318,3.0,0.7745758207959412,0
2421__1800_1929,44,5,t_8_16,144.0,0.25,0.08333333333333337,0.18368818999898698,2.0,0.7396037834276328,0
2421__1800_1929,45,5,t_8_16,128.0001220703125,0.25,0.0,0.2082263698113818,2.0,0.7311008147349332,0
2421__1800_1929,46,5,t_8_16,128.0,0.25,0.08333333333333337,0.2172729486234454,2.0,0.7522761090328077,0
2421__1800_1929,47,5,t_8_16,111.99993896484375,0.25,0.16666666666666674,0.2570655570924776,3.0,0.7620603605887903,0
2421__1800_1929,48,5,t_8_16,252.0,0.75,0.17500000000000004,0.0010686487963749332,4.0,0.7492152772944022,0
2421__1800_1929,49,5,t_8_16,128.0,0.5,0.25,0.36067561759950306,2.0,0.8363230130864979,0
2421__1800_1929,50,5,t_8_16,84.0,0.0,0.0,,1.0,0.6011089945713554,0
2421__1800_1929,51,5,t_8_16,96.0,0.5,0.0,0.3409885168493552,5.0,0.788433056317379,0
2421__1800_1929,52,5,t_8_16,110.0,0.25,0.125,,1.0,0.8897122849370259,0
2421__1800_1929,53,5,t_8_16,80.0,0.0,0.0,,1.0,0.7837198120295608,0
2421__1800_1929,54,5,t_8_16,216.0,0.0,0.0,0.4019020537542155,4.0,0.6420658029728984,0
2421__1800_1929,55,5,t_8_16,112.0,0.0,0.16666666666666674,0.21766898218884956,3.0,0.8095542883161579,0
2421__1800_1929,56,5,t_8_16,140.0,0.0,0.125,,1.0,0.7617416525325659,0
2421__1800_1929,57,5,t_8_16,144.0,0.25,0.33333333333333337,0.35704006487356543,2.0,0.7704662090304485,0
2421__1800_1929,58,5,t_8_16,144.0,0.5,0.29166666666666674,0.1688303140199286,2.0,0.5939579569077119,0
2421__1800_1929,59,5,t_8_16,119.99984741210938,0.5,0.16666666666666674,0.13724637379128038,3.0,0.6878357296683667,0
2421__1800_1929,60,5,t_8_16,140.0,0.25,0.0,0.11377931805921683,3.0,0.7795204504020841,0
2421__1800_1929,61,5,t_8_16,196.0,0.25,0.09999999999999998,0.19170978380546091,3.0,0.6382256297882096,0
2421__1800_1929,62,5,t_8_16,168.0,0.25,0.125,0.28110499854527615,4.0,0.7777180357142879,0
2421__1800_1929,63,5,t_8_16,168.0,0.0,0.125,0.2326593883088247,2.0,0.6542277657112637,0
2421__1800_1929,64,5,t_8_16,139.99996185302734,0.0,0.125,0.20791981839574492,2.0,0.7822746000495511,0
2421__1800_1929,65,5,t_8_16,143.9999885559082,0.5,0.125,0.2577969345463086,4.0,0.7336424256902513,0
2421__1800_1929,66,5,t_8_16,98.0,0.25,0.08333333333333337,0.0938623678442037,2.0,0.6584454243071557,0
2421__1800_1929,67,5,s_16_32,600.0,0.75,0.11538461538461542,0.04811807382672518,10.0,0.8011250729098516,0
2421__1800_1929,68,5,s_16_32,660.0,0.5,0.0,0.07756476117890194,10.0,0.622356123682682,0
2421__1800_1929,69,5,t_8_16,150.00030517578125,0.25,0.125,0.44402814625173365,2.0,0.7387298570124327,0
2421__1800_1929,70,5,t_8_16,135.0,0.5,0.25,0.39934342065091194,2.0,0.7825522628070214,0
2421__1800_1929,71,5,t_8_16,117.0,0.25,0.16666666666666674,0.279086379382488,2.0,0.6758285385486389,0
2423__1200_1200,0,5,t_8_16,168.0,0.25,0.08333333333333337,0.14260629065963723,3.0,0.791833505203039,0
2423__1200_1200,1,5,t_8_16,168.0,0.0,0.0,0.10662980671639548,3.0,0.6886562110530458,0
2423__1200_1200,2,5,t_8_16,72.0,0.25,0.0625,0.04662416381793062,3.0,0.58998770695202,0
2423__1200_1200,3,5,t_8_16,100.0,0.3333333333333333,0.33333333333333337,0.3693971340192603,2.0,0.0,1
2423__1200_1200,4,5,t_8_16,144.0,0.5,0.0,0.09676115946575181,3.0,0.7105751454486371,0
2423__1200_1200,5,5,t_8_16,140.0,0.75,0.30000000000000004,0.06580882967960983,4.0,0.9511413748617576,0
2423__1200_1200,6,5,t_8_16,95.9998779296875,0.0,0.0,,1.0,0.6990475200848467,0
2423__1200_1200,7,5,t_8_16,140.00015258789062,0.25,0.16666666666666674,0.7282370417426326,2.0,0.8345125000000028,0
2423__1200_1200,8,5,t_8_16,168.00018310546875,0.5,0.050000000000000044,0.01503125673819753,5.0,0.6293314271723586,0
2423__1200_1200,9,5,t_8_16,140.0000762939453,0.5,0.125,0.22373944981224256,2.0,0.7363586239633926,0
2423__1200_1200,10,5,s_16_32,440.0,0.25,0.0714285714285714,0.03074145053481045,5.0,0.7139829275183076,0
2423__1200_1200,11,5,s_16_32,288.0,0.25,0.13333333333333341,0.03973161446184068,4.0,0.819359504653059,0
2423__1200_1200,12,5,t_8_16,84.0,0.0,0.0,0.49461147968278746,2.0,0.7106466995143351,0
2423__1200_1200,13,5,t_8_16,240.0,0.25,0.1071428571428572,0.24492459681576303,4.0,0.8076896000000018,0
2423__1200_1200,14,5,t_8_16,140.0,0.25,0.125,0.1914632718040597,2.0,0.7349373603701038,0
2423__1200_1200,15,5,t_8_16,96.0,0.25,0.5,,1.0,0.5905300730401599,0
2423__1200_1200,16,5,t_8_16,180.0,0.75,0.125,0.011460197198603797,3.0,0.7809199100547896,0
2423__1200_1200,17,5,t_8_16,216.0,0.25,0.09999999999999998,0.2878590659678758,3.0,0.0,1
2423__1200_1200,18,5,t_8_16,216.0,0.0,0.0625,0.919968235870782,4.0,0.47932033153927855,1
2423__1200_1200,19,5,t_8_16,168.0,0.0,0.0,0.09745880109797075,3.0,0.7649687019963851,0
2423__1200_1200,20,5,t_8_16,160.0,0.25,0.33333333333333326,,1.0,0.7827616211276509,0
2423__1200_1200,21,5,s_16_32,280.0,0.25,0.050000000000000044,0.6867735653711105,5.0,0.8397611836995644,0
2423__1200_1200,22,5,t_8_16,191.99951171875,0.5,0.25,0.5167801542151121,3.0,0.6896467611937254,0
2423__1200_1200,23,5,t_8_16,144.0,0.5,0.0,0.029185550472587994,3.0,0.8597042953796805,0
2423__1200_1200,24,5,t_8_16,128.0,0.25,0.25,0.40453689175829854,2.0,0.5743027779921679,0
2423__1200_1200,25,5,t_8_16,128.0,0.0,0.08333333333333337,0.4221592023727137,2.0,0.6182802714514071,0
2423__1200_1200,26,5,t_8_16,192.0,0.75,0.0,0.09477046881245045,5.0,0.8624200072815231,0
2423__1200_1200,27,5,t_8_16,144.0,0.0,0.16666666666666674,0.6837151750079472,2.0,0.6668361682995192,0
2423__1200_1200,28,5,t_8_16,160.0,0.5,0.0625,0.22648286647166768,4.0,0.8107424033348215,0
2423__1200_1200,29,5,s_16_32,260.0,0.75,0.1875,0.019087371466267825,8.0,0.8237622131335195,0
2423__1200_1200,30,5,t_8_16,220.0,0.0,0.0,0.07113862589139053,4.0,0.7152231726102908,0
2423__1200_1200,31,5,t_8_16,200.0,0.5,0.16249999999999998,0.2702512173853824,3.0,0.9283805410170728,0
2423__1200_1200,32,5,t_8_16,192.0,0.5,0.0,0.050953401270477955,5.0,0.7861828089003096,0
2423__1200_1200,33,5,t_8_16,112.0,0.25,0.16666666666666674,0.057277141514231744,3.0,0.7151956782347193,0
2423__1200_1200,34,5,t_8_16,80.0,0.25,0.25,,1.0,0.7158234792414325,0
2423__1200_1200,35,5,t_8_16,80.0,0.0,0.125,,1.0,0.7645942309705708,0
2423__1200_1200,38,5,t_8_16,120.0,0.75,0.0625,0.04484544692715344,3.0,0.7568110792329705,0
2423__1200_1200,39,5,t_8_16,96.0,0.0,0.25,0.9999999999862703,2.0,0.7427856055036448,0
2423__1200_1200,40,5,t_8_16,140.0,0.25,0.0,0.3667801544229066,3.0,0.6976531669244609,0
2423__1200_1200,41,5,t_8_16,140.0,0.0,0.125,0.28021785057326326,2.0,0.8010793768151478,0
2423__1200_1200,42,5,s_16_32,320.0,0.25,0.1071428571428572,0.34362810059501453,7.0,0.8642862562500075,0
2423__1200_1200,43,5,t_8_16,90.0,0.3333333333333333,0.08333333333333337,0.6125308924256517,3.0,0.0,1
2423__1200_1200,44,5,t_8_16,176.0,0.0,0.0,0.3041713654279388,3.0,0.7511544204545516,0
2423__1200_1200,45,5,t_8_16,192.0,0.5,0.125,0.1298542738096504,4.0,0.91900016327882,0
2423__1200_1200,46,5,t_8_16,160.0,0.5,0.16666666666666674,0.11269286621344476,2.0,0.7009935749127136,0
2423__1200_1200,47,5,t_8_16,144.0,0.0,0.5,,1.0,0.7938557680501632,0
2423__1200_1200,48,5,t_8_16,120.0,0.5,0.125,0.27822909192591117,2.0,0.4782991606332832,1
2423__1200_1200,49,5,t_8_16,168.0,0.0,0.125,0.31599482974155846,2.0,0.6854499074218685,0
2423__1200_1200,50,5,t_8_16,100.0,0.5,0.33333333333333337,0.31521121654951884,2.0,0.564759510957051,0
2423__1200_1200,51,5,t_8_16,144.0,0.5,0.08333333333333337,0.018524384750982392,3.0,0.6749319976920407,0
2423__1200_1200,52,5,t_8_16,144.0,0.5,0.33333333333333326,,1.0,0.7323978036046054,0
2423__1200_1200,53,5,t_8_16,160.0,0.25,0.08333333333333337,0.27759810254755424,2.0,0.699111675000006,0
2423__1200_1200,54,5,t_8_16,96.0,0.5,0.25,0.27905489463184613,2.0,0.6523765964199242,0
2423__1200_1200,55,5,t_8_16,84.0,0.25,0.0,0.07975703230646963,5.0,0.5898772050964606,0
2423__1200_1200,56,5,t_8_16,72.0,0.0,0.09999999999999998,0.08065849584152533,5.0,0.7191637373106821,0
2423__1200_1200,57,5,t_8_16,72.0,0.25,0.0,0.10066634514113165,3.0,0.5993908395659309,0
2423__1200_1200,58,5,t_8_16,100.0,0.3333333333333333,0.08333333333333337,0.21420218908903563,4.0,0.0,1
2423__1200_1200,59,5,t_8_16,78.0,0.5,0.0,0.22365592525527173,3.0,0.7987346025641047,0
2423__1200_1200,60,5,s_16_32,324.0,0.0,0.0357142857142857,0.14804873438911736,6.0,0.7386744796736023,0
2423__1200_1200,61,5,t_8_16,160.0,0.25,0.25,0.11676553508078304,2.0,0.7865104582935438,0
2423__1200_1200,62,5,t_8_16,128.0,0.25,0.125,0.25707594256122357,2.0,0.739515751341523,0
2423__1200_1200,63,5,s_16_32,288.0,0.5,0.0,0.12420106891729801,5.0,0.8146899072306808,0
2423__1200_1200,64,5,s_16_32,308.0,0.25,0.10000000000000009,0.07929964132361629,4.0,0.6429616623376582,0
2423__1200_1200,65,5,t_8_16,128.0,0.5,0.125,0.1421003710791038,2.0,0.8256996902867965,0
2423__1200_1200,66,5,t_8_16,120.0,0.25,0.08333333333333337,0.09713101784288067,2.0,0.7839578674457347,0
2423__1200_1200,67,5,t_8_16,64.0,0.25,0.25,,1.0,0.4927741537713951,1
2423__1200_1200,69,5,s_16_32,288.0,0.0,0.19999999999999996,0.6254495337029888,3.0,0.6287081604018759,0
2423__1200_1200,70,5,t_8_16,112.0,0.75,0.16666666666666674,0.01966883308662449,3.0,0.8827047933193127,0
2423__1200_1200,71,5,t_8_16,216.0,0.25,0.0625,0.0735957909514058,3.0,0.6738303025336373,0
2423__1200_1200,72,5,s_16_32,288.0,0.25,0.0,0.40483452304169176,3.0,0.8202077102930769,0
2423__1200_1200,73,5,t_8_16,112.0,0.5,0.33333333333333337,0.34560526240483536,2.0,0.8634591769192039,0
2423__1200_1200,74,5,t_8_16,112.0,0.25,0.25,,0.0,0.6700418605154501,0
2423__1200_1200,75,5,t_8_16,160.0,0.25,0.08333333333333337,0.13315384366824054,3.0,0.7645591838641838,0
2423__1200_1200,76,5,t_8_16,112.0,0.5,0.20833333333333337,0.16777743984375637,2.0,0.8279725673824745,0
2423__1200_1200,77,5,t_8_16,140.0,0.75,0.20833333333333337,0.08474861884544314,2.0,0.862151916486725,0
2423__1200_1200,78,5,t_8_16,140.0,0.25,0.0,0.6288822027361525,3.0,0.7958726043269347,0
2423__1200_1200,79,5,t_8_16,168.0,0.5,0.16666666666666674,0.04221283404069968,2.0,0.817857658648551,0
2423__1200_1200,80,5,t_8_16,140.0,0.5,0.375,,1.0,0.6312719506525741,0
2423__1200_1200,81,5,t_8_16,140.0,0.25,0.0,0.10355815716771022,3.0,0.8485737734075183,0
2423__1200_1200,82,5,t_8_16,96.0,0.25,0.0,0.37656661568579525,2.0,0.6163110364981601,0
2423__1200_1200,83,5,t_8_16,100.0,0.25,0.125,,1.0,0.7575085336147562,0
2423__1200_1200,84,5,t_8_16,100.0,0.25,0.125,,1.0,0.8070081791848369,0
2423__1200_1200,85,5,s_16_32,288.0,0.5,0.15714285714285714,0.056053940775208755,4.0,0.8181395229073825,0
2423__1200_1200,86,5,t_8_16,128.0,0.0,0.0,0.21821175215026095,2.0,0.05479462342349712,1
2423__1200_1200,87,5,t_8_16,144.0,0.0,0.0,0.5830466285070038,2.0,0.8602990262172554,0
2423__1200_1200,88,5,t_8_16,154.0,0.0,0.11111111111111116,0.21968740166628728,3.0,0.8701901938166904,0
2423__1200_1200,89,5,t_8_16,96.0,0.75,0.09999999999999998,0.022911317814154813,5.0,0.8045447289686177,0
2423__1200_1200,90,5,t_8_16,111.99995422362917,0.25,0.14583333333333337,0.3981389308514735,4.0,0.7517332177868556,0
2423__1200_1200,91,5,t_8_16,96.0,0.75,0.09999999999999998,0.24066815021327534,5.0,0.760187541998546,0
2423__1200_1200,92,5,t_8_16,128.0,0.5,0.08333333333333337,0.049140594622540196,2.0,0.6454319678224156,0
2423__1200_1200,93,5,t_8_16,108.0,0.5,0.04166666666666663,0.17562232367608888,5.0,0.7063799289455909,0
2423__1200_1200,94,5,t_8_16,96.0,0.5,0.0,0.12656448122639413,5.0,0.6986602811873165,0
2423__1200_1200,95,5,t_8_16,95.999755859375,0.5,0.19999999999999996,0.06865136602770983,3.0,0.6067012036150464,0
2423__1200_1200,96,5,t_8_16,96.0,0.25,0.10000000000000009,0.16450319560273904,5.0,0.6597106932160804,0
2423__1200_1200,97,5,t_8_16,159.99984741210938,0.5,0.22142857142857142,0.3345066953459629,5.0,0.6036706764184221,0
2423__1200_1200,98,5,t_8_16,120.0,0.0,0.25595238095238104,0.07030426454965534,5.0,0.6451275451603905,0
2423__1200_1200,99,5,t_8_16,160.0,0.25,0.22916666666666663,0.16153487545292566,3.0,0.6174917655789081,0
2423__1200_1200,100,5,t_8_16,176.0,0.25,0.08333333333333337,0.2314227061615877,2.0,0.8001072546790542,0
2423__1200_1200,101,5,t_8_16,84.0,0.75,0.20833333333333337,0.006970709661485017,6.0,0.7124687144980106,0
2423__1200_1200,102,5,t_8_16,108.0,0.25,0.0,0.034470986980246705,5.0,0.607573561163698,0
2423__1200_1200,103,5,t_8_16,72.0,0.25,0.16666666666666674,0.34838846066410845,2.0,0.7017254875024296,0
2423__1200_1200,104,5,t_8_16,83.99995422363281,0.0,0.16666666666666674,0.5186689348457488,2.0,0.6331917402718574,0
2423__1200_1200,105,5,t_8_16,95.9999885559082,0.5,0.09999999999999998,0.5211057106327329,4.0,0.7150935284294785,0
2423__1200_1200,107,5,t_8_16,84.0,0.25,0.1416666666666666,0.25537676244257823,5.0,0.5409671788293923,0
2423__1200_1200,108,5,t_8_16,98.0,0.0,0.18333333333333335,0.6057429526894064,3.0,0.0,1
2423__1200_1200,109,5,t_8_16,140.0,0.25,0.20833333333333337,0.2577495068268664,2.0,0.7821859628518315,0
2423__1200_1200,110,5,t_8_16,240.00009155273438,0.25,0.0,0.22620142933744045,4.0,0.7743860000000066,0
2423__1200_1200,111,5,s_16_32,608.0,0.5,0.0,0.010304053047411495,10.0,0.8190660607932684,0
2423__1200_1200,112,5,t_8_16,120.0013122567907,0.0,0.0,0.47531515880779873,4.0,0.6405490195429034,0
2423__1200_1200,113,5,t_8_16,96.00009155273438,0.25,0.0,0.3843170271677849,4.0,0.7677635091312119,0
2423__1200_1200,114,5,t_8_16,180.0010986328125,0.5,0.125,0.01975005504137695,3.0,0.7950602228640172,0
2423__1200_1200,115,5,t_8_16,140.0,0.5,0.16666666666666674,0.035691251359752464,2.0,0.7082863313438261,0
2423__1200_1200,116,5,t_8_16,112.0,0.25,0.125,0.28363276426711453,2.0,0.8697847005498698,0
2423__1200_1200,117,5,s_16_32,263.9996337890625,0.5,0.1333333333333333,0.013426000472602059,4.0,0.7834833737367852,0
2423__1200_1200,118,5,t_8_16,96.0009765625,0.25,0.20833333333333337,0.09418553800451755,3.0,0.6277968283556574,0
2423__1200_1200,119,5,t_8_16,84.00042724609375,0.25,0.125,,1.0,0.7961008899160463,0
2423__1200_1200,120,5,t_8_16,96.0,0.25,0.08333333333333337,0.4719749732957004,2.0,0.7943936068753116,0
2423__1200_1200,121,5,t_8_16,96.0,0.0,0.0,0.21987721651023834,3.0,0.5542821571036535,0
2423__1200_1200,122,5,t_8_16,96.0,0.25,0.08333333333333337,0.3409896704566898,2.0,0.8122778929948338,0
2423__1200_1200,123,5,t_8_16,96.0,0.25,0.0,0.19309792852876184,3.0,0.8340165968869063,0
2423__1200_1200,124,5,t_8_16,108.0,0.0,0.0,0.5661457885079325,2.0,0.6461140292066351,0
2423__1200_1200,125,5,t_8_16,96.0,0.25,0.0,0.20823855999707724,5.0,0.7260161910543432,0
2423__1200_1200,126,5,t_8_16,96.0,0.25,0.0,0.09799640900174186,2.0,0.8844479625050911,0
2423__1200_1200,127,5,t_8_16,64.0,0.25,0.08333333333333337,0.19260561093473624,3.0,0.6606980880223465,0
2423__1200_1200,128,5,t_8_16,144.0,0.25,0.0625,0.22050512812165393,3.0,0.6399396954530658,0
2423__1200_1200,129,5,t_8_16,108.0,0.5,0.16666666666666674,0.10933594774947653,3.0,0.5970837473643807,0
2423__1200_1200,130,5,t_8_16,96.0,0.25,0.0,0.48415605417750707,3.0,0.6967082933883502,0
2423__1200_1200,131,5,t_8_16,108.0,0.5,0.16666666666666674,0.1001569070916609,3.0,0.8225874452774836,0
2423__1200_1200,132,5,t_8_16,84.0,0.5,0.08333333333333337,0.09748423696923461,3.0,0.7058807041462736,0
2423__1200_1200,133,5,t_8_16,112.0,0.0,0.20833333333333337,0.7154741358539393,2.0,0.8036599247013703,0
2423__1200_1200,135,5,t_8_16,72.0,0.25,0.19999999999999996,0.3788234866587223,5.0,0.6756494585525745,0
2423__1200_1200,136,5,t_8_16,128.0,0.0,0.08333333333333337,0.5990760679143986,2.0,0.5937706245311705,0
2423__1200_1200,137,5,t_8_16,80.0,0.25,0.125,,1.0,0.5637806054741887,0
2423__1200_1200,139,5,t_8_16,100.0,0.25,0.25,,1.0,0.7445925607464169,0
2423__1200_1200,140,5,t_8_16,96.0,0.5,0.25,,1.0,0.7691611916489168,0
2423__1200_1200,141,5,t_8_16,159.99951171875,0.0,0.16666666666666674,0.9993223667115411,2.0,0.38808020377231706,1
2423__1200_1200,142,5,t_8_16,159.99951171875,0.25,0.16666666666666674,0.05926024562407028,3.0,0.8184442196474535,0
2423__1200_1200,143,5,t_8_16,144.00048828125,0.25,0.08333333333333337,0.16976575416872325,3.0,0.7400539874723469,0
2423__1200_1200,144,5,t_8_16,112.0,0.25,0.375,,1.0,0.8262685540061437,0
2423__1200_1200,145,5,t_8_16,96.0,0.25,0.09999999999999998,0.13352131417256513,5.0,0.6899344422136964,0
2423__1200_1200,146,5,t_8_16,96.0,0.75,0.15000000000000002,0.012523094593303438,5.0,0.5980879541287617,0
2423__1200_1200,147,5,t_8_16,96.0,0.25,0.25,,1.0,0.7294518486213257,0
2423__1200_1200,148,5,t_8_16,216.0,1.0,0.2321428571428572,0.005341148009792993,4.0,0.7961687599203374,0
2423__1200_1200,150,5,t_8_16,112.0,0.0,0.125,0.22937302386168948,2.0,0.0007182684198974793,1
2423__1200_1200,151,5,t_8_16,180.0,0.75,0.09999999999999998,0.17770399176953244,3.0,0.0,1
2423__1200_1200,152,5,t_8_16,191.9990234375,0.5,0.16666666666666674,0.2637003704171015,3.0,0.68564508333333,0
2423__1200_1200,153,5,t_8_16,96.0,0.3333333333333333,0.16666666666666663,,1.0,0.7583492981561101,0
2423__1200_1200,154,5,t_8_16,84.0,0.5,0.09999999999999998,0.25985817839889785,5.0,0.7216327828288923,0
2423__1200_1200,155,5,t_8_16,96.0,0.5,0.09999999999999998,0.12645397738450193,5.0,0.6236166959571271,0
2423__1200_1200,156,5,t_8_16,111.99957275390625,0.25,0.08333333333333337,0.569966516299475,4.0,0.8004058978264459,0
2423__1200_1200,157,5,t_8_16,128.0,0.5,0.5,,0.0,0.7940182495332906,0
2423__1200_1200,158,5,t_8_16,220.0,0.0,0.0625,0.3228106362708654,3.0,0.7684376471875572,0
2423__1200_1200,159,5,t_8_16,180.0,0.25,0.0625,0.03977793324249451,3.0,0.5995185036810095,0
2423__1200_1200,160,5,t_8_16,140.0,0.5,0.33333333333333337,0.25109562794588575,3.0,0.7631438533816077,0
2423__1200_1200,161,5,t_8_16,120.0,0.0,0.125,0.12642774161093248,2.0,0.7342003726264102,0
2423__1200_1200,162,5,t_8_16,100.0,0.25,0.125,,1.0,0.7528908889756464,0
2423__1200_1200,163,5,t_8_16,96.0,0.5,0.20833333333333337,0.08342944556365568,2.0,0.6686907507911175,0
2423__1200_1200,164,5,t_8_16,84.0,0.0,0.125,0.37635858110173015,2.0,0.5784712944337614,0
2423__1200_1200,165,5,s_16_32,307.99932861328125,0.0,0.1383928571428571,0.13948270009726127,7.0,0.724296593833685,0
2423__1200_1200,166,5,t_8_16,72.0,0.0,0.08333333333333337,0.5199455208049485,3.0,0.5269519452760367,0
2423__1200_1200,167,5,t_8_16,140.0,0.5,0.19999999999999996,0.437229504764545,5.0,0.8348557647586533,0
2423__1200_1200,168,5,t_8_16,140.0,0.5,0.16666666666666674,0.09160463181485265,3.0,0.8004806035918282,0
2423__1200_1200,169,5,s_16_32,320.0,0.5,0.0714285714285714,0.06007466369373791,7.0,0.0,1
2423__1200_1200,170,5,t_8_16,112.0,0.0,0.25,,1.0,0.55110204101717,0
2423__1200_1200,171,5,t_8_16,140.0,0.25,0.20833333333333337,0.3308518559352538,2.0,0.4186397110679027,1
2423__1200_1200,172,5,t_8_16,120.0,0.0,0.125,,1.0,0.7280981666666655,0
2423__1200_1200,173,5,t_8_16,120.0,0.25,0.125,0.12202387694684495,2.0,0.756987159991932,0
2423__1200_1200,174,5,t_8_16,120.0,0.0,0.25,,1.0,0.8692863119809,0
2423__1200_1200,176,5,t_8_16,120.000732421875,0.25,0.25,,1.0,0.8294433345064167,0
2423__1200_1200,177,5,t_8_16,80.0,0.5,0.5,,0.0,0.6266213117976799,0
2423__1200_1200,178,5,t_8_16,159.9993896484375,0.75,0.20833333333333337,0.19511027693910454,2.0,0.7567382562500057,0
2423__1200_1200,179,5,t_8_16,160.0,0.0,0.16666666666666674,0.4548997653613995,3.0,0.7470378427888554,0
2423__1200_1200,180,5,t_8_16,160.0,0.25,0.0,0.10781508123361125,2.0,0.7717058745831064,0
2423__1200_1200,181,5,t_8_16,144.00048828125,0.25,0.0625,0.15825252212870797,3.0,0.7855220424225329,0
2423__1200_1200,182,5,t_8_16,160.0,0.25,0.125,0.12099825768906344,2.0,0.7834886037297277,0
2423__1200_1200,183,5,t_8_16,159.99951171875,0.0,0.0625,0.11941158811061485,4.0,0.7177032481708948,0
2423__1200_1200,184,5,t_8_16,144.00048828125,0.75,0.16666666666666663,0.1561898530414138,3.0,0.712396304852799,0
2423__1200_1200,185,5,t_8_16,128.0,0.5,0.5,,0.0,0.5612833420362703,0
2423__1200_1200,186,5,t_8_16,112.0,0.0,0.0,0.7307890213221974,2.0,0.6096850855952684,0
2423__1200_1200,187,5,t_8_16,96.0,0.0,0.08333333333333337,0.3323073942275085,3.0,0.7727457092029381,0
2423__1200_1200,188,5,t_8_16,96.0,0.5,0.09999999999999998,0.4842192517069694,5.0,0.8156640349549888,0
2423__1200_1200,189,5,t_8_16,128.0,0.25,0.25,0.9358773564760595,3.0,0.7042315760001024,0
2423__1200_1200,190,5,t_8_16,84.0,0.25,0.0,0.46213291483658825,3.0,0.7818945669805166,0
2423__1200_1200,191,5,t_8_16,127.99951171875,0.25,0.08333333333333337,0.23875481067716137,2.0,0.8635529063956205,0
2423__1200_1200,192,5,t_8_16,84.0,0.25,0.0,0.248286160523644,3.0,0.6405935923253228,0
2423__1200_1200,193,5,t_8_16,128.0,0.25,0.08333333333333337,0.2520759403406419,3.0,0.7813662913014605,0
2423__1200_1200,194,5,t_8_16,112.0,0.25,0.20833333333333337,0.06711127846617126,2.0,0.6522828887594508,0
2423__1200_1200,195,5,t_8_16,72.0,0.0,0.0,0.371094433450257,4.0,0.007934881522173271,1
2423__1200_1200,196,5,t_8_16,128.0,0.5,0.5,,0.0,0.7171726137271387,0
2423__1200_1200,197,5,t_8_16,119.9993896484375,0.25,0.0714285714285714,0.28252532808217673,6.0,0.0,1
2423__1200_1200,198,5,t_8_16,95.99951171875,0.0,0.125,0.6031639537327019,3.0,0.0,1
2423__1200_1200,199,5,t_8_16,96.0,1.0,0.050000000000000044,0.10501460809782126,5.0,0.826086717076314,0
2423__1200_1200,200,5,t_8_16,111.99957275390625,0.5,0.19166666666666665,0.4156165322721926,5.0,0.462034031311639,1
2423__1200_1200,201,5,t_8_16,95.99951171875,0.5,0.0714285714285714,0.2671505962388421,6.0,0.5642688150992011,0
2423__1200_1200,202,5,t_8_16,72.0,0.5,0.20833333333333337,0.500319187487026,2.0,0.6141546683022289,0
2423__1200_1200,203,5,t_8_16,83.99957275390625,0.0,0.16666666666666674,0.19822461726726212,3.0,0.005279014059178522,1
2423__1200_1200,204,5,t_8_16,128.0,0.25,0.16666666666666674,0.039742640814122335,3.0,0.7383241352003252,0
2423__1200_1200,205,5,t_8_16,96.0,0.25,0.2833333333333333,0.6188581485394602,3.0,0.6718606628171384,0
2423__1200_1200,207,5,t_8_16,100.0,0.25,0.125,,1.0,0.7429119878374376,0
2423__1200_1200,208,5,t_8_16,144.0,0.5,0.16666666666666674,0.23393550421592704,2.0,0.8248121568161371,0
2423__1200_1200,209,5,t_8_16,120.0,0.0,0.25,,1.0,0.44954787949874375,1
2423__1200_1200,210,5,t_8_16,96.0,0.0,0.08333333333333337,0.29287223331835294,3.0,0.42997623025144743,1
2423__1200_1200,211,5,t_8_16,100.0,0.25,0.25,,1.0,0.6305823223867382,0
2423__1200_1200,212,5,t_8_16,120.0,0.0,0.0,,1.0,0.8781425801697813,0
2423__1200_1200,213,5,t_8_16,80.0,0.25,0.125,0.23816796850663646,2.0,0.7051545484138707,0
2423__1200_1200,214,5,t_8_16,144.0,0.0,0.0,0.23765858990137842,2.0,0.6251125770883321,0
2423__1200_1200,216,5,t_8_16,84.0,0.5,0.18333333333333335,0.20188744689376972,3.0,0.6291936882884582,0
2423__1200_1200,217,5,s_16_32,288.0,0.25,0.1071428571428572,0.13524547715216942,4.0,0.8269265655370897,0
2423__1200_1200,218,5,t_8_16,144.0,0.75,0.0625,0.027219648066457353,3.0,0.8277450249576195,0
2423__1200_1200,219,5,t_8_16,108.0010986328125,0.25,0.050000000000000044,0.22266460999127116,5.0,0.7033935121609208,0
2423__1200_1200,220,5,t_8_16,100.0,0.75,0.2666666666666667,0.09064548102198729,3.0,0.6072537427697131,0
2423__1200_1200,221,5,t_8_16,140.0,0.25,0.25,,1.0,0.845450445761181,0
2423__1200_1200,222,5,t_8_16,168.0,0.25,0.0,0.06190189767550402,2.0,0.7520660468861247,0
2423__1200_1200,223,5,t_8_16,128.0,0.0,0.33333333333333326,,1.0,0.6136532392305852,0
2423__1200_1200,224,5,t_8_16,176.0,0.25,0.0,0.04833129438846738,3.0,0.7026828741122216,0
2423__1200_1200,225,5,t_8_16,128.0,0.25,0.0,0.3195731412256068,2.0,0.6879688543656146,0
2423__1200_1200,226,5,t_8_16,200.0,0.25,0.0625,0.029049401495151936,4.0,0.676372169281995,0
2423__1200_1200,227,5,t_8_16,96.0,0.25,0.16666666666666663,0.26586533445629634,3.0,0.6962287000774758,0
2423__1200_1200,228,5,t_8_16,128.0,0.25,0.16666666666666674,0.009712030799694096,2.0,0.7300577812499965,0
2423__1200_1200,229,5,t_8_16,96.0,0.0,0.08333333333333337,0.2602638166155426,3.0,0.6225705970449226,0
2423__1200_1200,230,5,t_8_16,192.0,0.75,0.0,0.14600462674719294,3.0,0.8193429808866902,0
2423__1200_1200,231,5,t_8_16,160.0,0.0,0.08333333333333337,0.09169008972886226,3.0,0.5293461630738874,0
2423__1200_1200,232,5,t_8_16,96.0,0.0,0.0,,1.0,0.6682395277940794,0
2423__1200_1200,233,5,t_8_16,128.0,0.25,0.08333333333333337,0.03468026496333186,2.0,0.7750346031492374,0
2423__1200_1200,234,5,s_16_32,288.0,1.0,0.09999999999999998,0.005364361150892713,5.0,0.7394109493035571,0
2423__1200_1200,235,5,t_8_16,180.0,0.5,0.19999999999999996,0.017121504417895828,5.0,0.6896140548948143,0
2423__1200_1200,236,5,t_8_16,240.0,0.75,0.0,0.05229304865388345,5.0,0.8627048514440799,0
2423__1200_1200,237,5,t_8_16,127.99951171875,0.75,0.16666666666666663,0.12578965179637977,3.0,0.7895531265008447,0
2423__1200_1200,238,5,t_8_16,144.00048828125,0.25,0.16666666666666674,0.007881365208402767,2.0,0.7387546156772758,0
2423__1200_1200,239,5,s_16_32,480.0,0.25,0.0,0.30582120839815496,10.0,0.5657198708527391,0
2423__1200_1200,240,5,s_16_32,360.0,0.5,0.125,0.005599661045559102,8.0,0.766704194828558,0
2423__1200_1200,241,5,s_16_32,527.9989929199219,0.0,0.20000000000000007,0.1634962692546353,7.0,0.6581252484616591,0
2423__1200_1200,242,5,s_16_32,640.0,0.25,0.045454545454545414,0.09394446788900858,10.0,0.7727775261768164,0
2423__1200_1200,243,5,s_16_32,272.00048828125,0.25,0.0625,0.4910295239301571,4.0,0.7235082948766899,0
2423__1200_1200,244,5,s_16_32,308.0,0.5,0.19166666666666665,0.038235117103918984,5.0,0.03164656206581235,1
2423__1200_1200,245,5,s_16_32,285.0,0.0,0.1416666666666666,0.18607863548100473,5.0,0.0,1
2423__1200_1200,246,5,t_8_16,198.0,0.25,0.3125,0.3208488920235784,3.0,0.5787077423385957,0
2423__1200_1200,247,5,t_8_16,221.0,0.0,0.050000000000000044,0.056392356306370794,4.0,0.4709490589189754,1
2423__1200_1200,248,5,t_8_16,240.0,0.25,0.0625,0.6525927659148468,4.0,0.0,1
2423__1200_1200,249,5,t_8_16,117.00079345703125,0.5,0.25,,0.0,0.5379490003673633,0
2423__1200_1200,250,5,t_8_16,192.0,0.0,0.125,0.06440405077034941,4.0,0.5848131442785824,0
2423__1200_1200,251,5,t_8_16,170.0,0.0,0.0,0.33939202785720374,2.0,0.7831363444540044,0
2423__1200_1200,252,5,t_8_16,176.0,0.75,0.0,0.012841458243356056,3.0,0.8009512067773924,0
2423__1200_1200,253,5,t_8_16,150.0,0.0,0.0,0.9951617383031465,2.0,0.1148586593773528,1
2423__1200_1200,254,5,t_8_16,198.0,0.25,0.0625,0.6667635860264259,4.0,0.02920082088566373,1
2423__1200_1200,255,5,t_8_16,84.0,0.0,0.125,0.01621104342935718,4.0,0.5930998193207179,0
2423__1200_1200,256,5,t_8_16,126.00013732910156,0.0,0.0,0.6213499948783316,2.0,0.15381990907406354,1
2482__600_600,0,5,t_8_16,139.9993896484375,0.0,0.08333333333333337,0.3750364270500921,2.0,0.8563961509394571,0
2482__600_600,1,5,t_8_16,111.99951171875,0.25,0.125,0.2085665719534374,2.0,0.7548307717675699,0
2482__600_600,2,5,t_8_16,144.0,0.5,0.25,0.08047975108929768,2.0,0.7264416377921061,0
2482__600_600,3,5,t_8_16,216.0,0.25,0.09999999999999998,0.05485230639949645,5.0,0.8292595934526944,0
2482__600_600,4,5,s_16_32,280.0,0.5,0.18333333333333335,0.06536413828884333,4.0,0.8506064391705249,0
2482__600_600,5,5,t_8_16,112.0,0.0,0.25,,1.0,0.8022406006948406,0
2482__600_600,6,5,t_8_16,112.0,0.25,0.375,,1.0,0.6803936077020555,0
2482__600_600,7,5,t_8_16,128.0,0.25,0.0,0.1030101431789989,2.0,0.6797174911251412,0
2482__600_600,8,5,t_8_16,140.0,0.0,0.16666666666666674,0.24107405847294208,2.0,0.8164024888593361,0
2482__600_600,9,5,s_16_32,511.99951171875,0.0,0.07045454545454544,0.4265968637848453,10.0,0.27511988867187476,1
2482__600_600,10,5,s_16_32,308.0,0.0,0.0714285714285714,0.0941997981502857,5.0,0.5414729610389631,0
2482__600_600,11,5,t_8_16,186.99974060058594,0.5,0.09999999999999998,0.10254036563588269,5.0,0.8028403518631656,0
2482__600_600,12,5,t_8_16,80.99986267089844,0.5,0.5,,1.0,0.6162448507631465,0
2497__1800_600,0,5,t_8_16,168.0,0.75,0.16666666666666674,0.41478505937937776,3.0,0.6940946908641453,0
2497__1800_600,1,5,t_8_16,195.99935913085938,0.0,0.08333333333333337,0.05817048497125257,3.0,0.7967645765254207,0
2497__1800_600,2,5,t_8_16,144.0,0.5,0.08333333333333337,0.03193719248152699,3.0,0.7032571869404854,0
2497__1800_600,3,5,t_8_16,224.0,0.25,0.0,0.18820211564658948,5.0,0.6695963406126665,0
2497__1800_600,4,5,t_8_16,140.0,0.0,0.125,0.07592421696275226,2.0,0.7919619366105366,0
2497__1800_600,5,5,t_8_16,168.0,0.0,0.375,,1.0,0.7422590405522212,0
2497__1800_600,6,5,t_8_16,195.99925231887028,0.25,0.0,0.00913365148276248,5.0,0.8116176675723691,0
2497__1800_600,7,5,t_8_16,140.0,0.0,0.20833333333333337,0.3277030783205328,2.0,0.6218533397436855,0
2497__1800_600,8,5,t_8_16,224.0,0.25,0.16249999999999998,0.024631232603367605,3.0,0.7957419231025123,0
2497__1800_600,9,5,t_8_16,216.0,0.0,0.2321428571428572,0.06098866112089939,4.0,0.6221247567495591,0
2497__1800_600,11,5,t_8_16,140.00005340576172,0.0,0.125,0.3671658929170333,2.0,0.7556898413029189,0
2497__1800_600,12,5,s_16_32,324.0,0.75,0.11309523809523803,0.08776381545799607,5.0,0.6471963487654293,0
2497__1800_600,13,5,t_8_16,195.9991455078125,0.25,0.08333333333333337,0.16702371734065483,3.0,0.6248151416850676,0
2497__1800_600,14,5,t_8_16,128.0,0.25,0.33333333333333337,0.01520831539841431,2.0,0.6658492673317182,0
2497__1800_600,15,5,t_8_16,196.0,0.0,0.16249999999999998,0.09921091184766644,3.0,0.7688974636473515,0
2505__1800_600,0,5,t_8_16,251.9989013671875,0.0,0.09999999999999998,0.2004741141246097,3.0,0.551565,0
2505__1800_600,1,5,t_8_16,120.0,0.0,0.125,0.08653286052299733,2.0,0.5640094985888047,0
2505__1800_600,2,5,t_8_16,84.0,0.25,0.125,,1.0,0.6618060383064908,0
2505__1800_600,3,5,t_8_16,160.0,0.0,0.125,0.9976542217985911,2.0,0.6187914343134787,0
2505__1800_600,4,5,t_8_16,140.0,0.5,0.16666666666666674,0.14429730298249568,3.0,0.7270857679739829,0
2505__1800_600,5,5,t_8_16,160.0,0.25,0.0,0.3422921784232622,2.0,0.7704418963537764,0
2505__1800_600,6,5,s_16_32,320.0,0.25,0.1071428571428571,0.1432791158248483,7.0,0.6092855336077417,0
2505__1800_600,7,5,t_8_16,83.9996337890625,0.25,0.19999999999999996,0.2612177428378112,5.0,0.5069788978224555,0
2505__1800_600,8,5,t_8_16,216.0,0.25,0.08333333333333337,0.1971920164963684,2.0,0.7415725706604425,0
2505__1800_600,9,5,t_8_16,180.0,0.5,0.16249999999999998,0.09001371795563276,3.0,0.7424222999999991,0
2505__1800_600,10,5,t_8_16,196.0,0.5,0.16666666666666674,0.07130459915152333,2.0,0.8241062088348711,0
2505__1800_600,11,5,t_8_16,196.0,0.0,0.125,0.09359470731441341,2.0,0.7749428192461599,0
2505__1800_600,12,5,t_8_16,196.0,0.25,0.0,0.03339292713928403,3.0,0.659585240646173,0
2505__1800_600,13,5,t_8_16,100.0006103515625,0.0,0.16666666666666663,,1.0,0.591105608073645,0
2505__1800_600,14,5,t_8_16,196.0,0.25,0.16249999999999998,0.07398073490593414,3.0,0.8399389707264671,0
2505__1800_600,15,5,t_8_16,220.0,0.25,0.0625,0.11095513864105835,4.0,0.5841669876617772,0
2505__1800_600,16,5,s_16_32,280.0,0.0,0.0,0.12255448477799724,5.0,0.5286929714285727,0
2505__1800_600,17,5,t_8_16,160.0,0.5,0.16666666666666674,0.05862414117305241,3.0,0.7325298715190325,0
2505__1800_600,18,5,s_16_32,320.0,0.25,0.2767857142857144,0.1013439653187544,4.0,0.608729665624999,0
2505__1800_600,19,5,t_8_16,168.0,0.25,0.20833333333333337,0.22136135791064587,2.0,0.6333611713395594,0
2505__1800_600,20,5,t_8_16,192.0,0.5,0.29166666666666674,0.017163977262564977,2.0,0.6587193020833287,0
2505__1800_600,21,5,t_8_16,168.0,0.0,0.375,,1.0,0.8733678256439662,0
2505__1800_600,22,5,t_8_16,192.0,0.0,0.25,0.10898956036686479,4.0,0.6754974730554673,0
2505__1800_600,23,5,t_8_16,196.0,0.25,0.2666666666666667,0.40512832458860054,3.0,0.8495358214285713,0
2505__1800_600,24,5,t_8_16,168.0,0.25,0.125,0.10207861386917597,3.0,0.5198977579906394,0
2505__1800_600,25,5,s_16_32,256.0,0.0,0.0,0.1438209886271321,5.0,0.7396035171157375,0
2505__1800_600,26,5,t_8_16,224.0,0.25,0.050000000000000044,0.015107507317437643,4.0,0.7744903106452896,0
2505__1800_600,27,5,t_8_16,192.0,0.5,0.16249999999999998,0.23141909192573215,3.0,0.609083403154261,0
2505__1800_600,28,5,t_8_16,191.9990234375,0.0,0.1875,0.20852057274437308,4.0,0.6529605235642011,0
2505__1800_600,29,5,s_16_32,288.0009765625,0.25,0.19285714285714284,0.21369386749035799,5.0,0.5919494270833322,0
2505__1800_600,30,5,s_16_32,287.9998779259622,0.25,0.17500000000000004,0.18388427025621729,4.0,0.6099306666666666,0
2505__1800_600,31,5,t_8_16,180.0,0.25,0.16249999999999998,0.04453106455476149,3.0,0.6505719686867367,0
2505__1800_600,32,5,s_16_32,396.0,0.0,0.04166666666666663,0.07942975264317806,5.0,0.3912765378787899,1
2505__1800_600,33,5,t_8_16,223.9991455078125,0.25,0.08333333333333337,0.12925445147840126,3.0,0.7976837149938789,0
2505__1800_600,34,5,t_8_16,223.9991455078125,0.25,0.16249999999999998,0.12842067598317114,3.0,0.6282398571428626,0
2505__1800_600,35,5,t_8_16,120.0,0.25,0.25,,1.0,0.6882103223048949,0
2505__1800_600,36,5,t_8_16,252.0,0.0,0.08333333333333337,0.261901679070547,6.0,0.715743492378157,0
2505__1800_600,37,5,t_8_16,192.0,0.0,0.0625,0.3903624957858236,3.0,0.6720043690682734,0
2505__1800_600,38,5,t_8_16,160.0,0.0,0.125,0.2483811107576723,2.0,0.680858949257428,0
2505__1800_600,39,5,t_8_16,112.0,0.25,0.16666666666666674,0.161758701706235,3.0,0.6372084262790293,0
2505__1800_600,40,5,t_8_16,80.0,0.0,0.0,,1.0,0.49923225514893593,1
2505__1800_600,41,5,t_8_16,160.0,0.0,0.08333333333333337,0.4017543243367552,2.0,0.6899491022481867,0
2505__1800_600,42,5,t_8_16,140.0,0.5,0.20833333333333337,0.09419944411058284,2.0,0.682207562203352,0
2505__1800_600,43,5,t_8_16,168.0,0.0,0.125,,1.0,0.682029922859616,0
2505__1800_600,44,5,t_8_16,80.0,0.25,0.375,,1.0,0.5227375819440165,0
2505__1800_600,45,5,t_8_16,120.0,0.75,0.25,0.0010923806159487063,4.0,0.6187727591865012,0
2505__1800_600,46,5,t_8_16,120.000732421875,0.25,0.20833333333333337,0.6212897101279029,2.0,0.7355718155096772,0
2505__1800_600,48,5,t_8_16,168.0,0.5,0.08333333333333337,0.05625445561334188,3.0,0.5984205809142245,0
2505__1800_600,49,5,t_8_16,120.0,0.25,0.0,0.19256501515292154,2.0,0.6782308278430094,0
2505__1800_600,50,5,t_8_16,144.0,0.0,0.16666666666666663,0.12924436027273012,3.0,0.6559322709594102,0
2505__1800_600,51,5,t_8_16,96.0,0.0,0.25,,1.0,0.5431569053336582,0
2505__1800_600,52,5,t_8_16,180.0,0.0,0.14583333333333337,0.2824451773901494,3.0,0.6653396749907604,0
2505__1800_600,53,5,t_8_16,96.0,0.25,0.25,,1.0,0.5218084017214101,0
2505__1800_600,54,5,t_8_16,127.9990234375,0.25,0.04166666666666663,0.1774536918963423,5.0,0.6762794913269954,0
2505__1800_600,55,5,t_8_16,160.0,0.0,0.08333333333333337,0.5511542880382481,2.0,0.8311339996496426,0
2505__1800_600,56,5,t_8_16,112.0,0.0,0.0,0.16598012588006314,2.0,0.40688578658101404,1
2505__1800_600,57,5,t_8_16,160.0,0.0,0.375,,1.0,0.7726379074939299,0
2505__1800_600,58,5,t_8_16,80.0,0.25,0.125,0.2990378419452517,2.0,0.5760752893534367,0
2505__1800_600,59,5,t_8_16,192.0,0.5,0.0,0.04600511379210278,5.0,0.6855008932695535,0
2505__1800_600,60,5,t_8_16,144.0,0.25,0.25,0.23530126083027567,2.0,0.5198945935952769,0
2505__1800_600,61,3,t_8_16,240.0,0.0,0.10000000000000009,0.4711642196278026,4.0,0.0,1
2505__1800_600,62,3,t_8_16,112.0,0.0,0.0,0.582531403887236,2.0,0.0,1
2505__1800_600,63,3,t_8_16,144.0,0.0,0.16666666666666674,0.21521512708632165,2.0,0.0,1
2505__1800_600,64,5,t_8_16,95.9996337890625,0.0,0.125,0.4756512974668868,4.0,0.5676876585492727,0
2505__1800_600,65,5,t_8_16,95.99951171875,0.0,0.125,0.21549695048192316,2.0,0.7355492152833101,0
2505__1800_600,66,5,t_8_16,72.0,0.5,0.375,0.15130233824519343,2.0,0.541490097494942,0
2505__1800_600,67,5,t_8_16,130.0,0.0,0.125,,1.0,0.6451281812563654,0
2505__1800_600,68,5,s_16_32,322.9995422344655,0.5,0.0714285714285714,0.4820078838945859,7.0,0.5332815500290834,0
2505__1800_600,69,5,t_8_16,154.0,0.25,0.08333333333333337,0.10315594223913202,3.0,0.7940052818436162,0
2505__1800_600,70,5,t_8_16,210.0,0.5,0.04166666666666663,0.21700999009954958,5.0,0.6914626952380968,0
2505__1800_600,71,5,t_8_16,132.0,0.25,0.25,,1.0,0.6945913569246013,0
2505__1800_600,72,5,t_8_16,84.0,0.5,0.1416666666666666,0.1237979238863807,5.0,0.4302483546780057,1
2505__1800_600,73,5,t_8_16,125.99945068359375,0.25,0.0,0.2055363019359141,2.0,0.6286776254768479,0
2505__1800_600,74,5,t_8_16,195.0,0.25,0.1875,0.19406416944572605,4.0,0.6894053558072764,0
2505__1800_600,75,5,t_8_16,182.0,0.5,0.20833333333333337,0.004367590899655163,2.0,0.7067690170725762,0
2505__1800_600,76,5,t_8_16,176.0,0.5,0.0,0.1286042873574405,3.0,0.0,1
2505__1800_600,77,5,t_8_16,150.0,0.0,0.125,0.42583493426125657,2.0,0.7332073495251973,0
2505__1800_600,78,5,t_8_16,130.0,0.5,0.25,0.1660571821734431,2.0,0.7637757511408277,0
2505__1800_600,79,5,t_8_16,139.9993896484375,0.5,0.16666666666666674,0.36089609612905904,2.0,0.6547032240691216,0
2505__1800_600,80,5,t_8_16,144.0,0.5,0.18333333333333335,0.08132555467774243,3.0,0.7238642446236869,0
2505__1800_600,81,5,t_8_16,182.0,0.0,0.20833333333333337,0.561541763475628,2.0,0.5220025389453992,0
2505__1800_600,82,5,t_8_16,120.0,0.25,0.125,0.39669616954961634,2.0,0.7871837207687519,0
2505__1800_600,83,5,t_8_16,100.0,0.0,0.25,,1.0,0.4867849192971568,1
2505__1800_600,84,5,t_8_16,121.0,0.25,0.08333333333333337,0.20027432641445295,2.0,0.540532554004679,0
2505__1800_600,85,5,t_8_16,169.00079345703125,0.25,0.0,0.03371237960715033,2.0,0.5988175039315895,0
2505__1800_600,86,5,t_8_16,98.99945068359375,0.25,0.125,,1.0,0.4883220706318199,1
2505__1800_600,88,5,t_8_16,108.0,0.25,0.375,,1.0,0.7115814955564108,0
2505__1800_600,89,5,t_8_16,143.0,0.0,0.125,,1.0,0.6299898322808883,0
2505__1800_600,90,3,t_8_16,210.0,0.0,0.0,0.31425742511918525,4.0,0.0,1
2505__1800_600,91,3,t_8_16,144.0,0.25,0.14583333333333337,0.14466983328822203,3.0,0.0,1
2505__1800_600,92,5,s_16_32,266.0,0.0,0.13333333333333341,0.13365641628037148,4.0,0.664999983747661,0
2505__1800_600,93,5,t_8_16,194.9999008178711,0.25,0.0625,0.42262062083291413,3.0,0.5555341538461539,0
25112a9ec,0,3,t_8_16,70.0,0.5,0.1875,0.02963578093417243,3.0,0.7785386451714229,0
2514__2113_0,0,5,t_8_16,112.0,0.25,0.29166666666666674,0.1760687239733973,2.0,0.8564014551363469,0
2514__2113_0,1,5,t_8_16,72.000732421875,0.5,0.125,0.5045402110997417,4.0,0.6038207968562673,0
2514__2113_0,2,5,t_8_16,112.0,0.5,0.5,,0.0,0.8828707225657688,0
2514__2113_0,3,5,t_8_16,128.0,0.0,0.125,0.19923929667084067,3.0,0.8578460356600692,0
2514__2113_0,4,5,t_8_16,128.0,0.0,0.125,0.3457275800421731,2.0,0.8835292989544875,0
2514__2113_0,5,5,t_8_16,128.0,0.25,0.0,0.15401839569905512,2.0,0.7840061710203055,0
2514__2113_0,6,5,t_8_16,96.0,0.5,0.2833333333333333,0.16379090379763384,3.0,0.6139457085331954,0
2514__2113_0,7,5,t_8_16,96.0009765625,0.0,0.09999999999999998,0.14540471251714024,5.0,0.6780976396974445,0
2514__2113_0,8,5,t_8_16,84.0008544921875,0.5,0.125,0.36445998005553726,6.0,0.6347341008175374,0
2514__2113_0,9,5,t_8_16,72.000732421875,0.25,0.08333333333333337,0.27284335864879816,3.0,0.6406061705208044,0
2514__2113_0,10,5,t_8_16,128.0,0.25,0.0,0.13289157181825836,3.0,0.703833346540988,0
2514__2113_0,12,5,t_8_16,196.0,0.0,0.15000000000000002,0.22645166568023706,5.0,0.6249345347133689,0
2514__2113_0,13,5,t_8_16,200.0,0.0,0.0625,0.6534533631778453,3.0,0.30517862941162255,1
2514__2113_0,14,5,t_8_16,160.0,0.5,0.33333333333333337,0.17751965055430005,3.0,0.5741045454883743,0
2514__2113_0,15,5,t_8_16,112.0,0.25,0.25,,1.0,0.6690712164917668,0
2514__2113_0,16,5,t_8_16,160.0,0.25,0.0625,0.08820265617301432,3.0,0.615997161287098,0
2514__2113_0,17,5,t_8_16,159.99969482421875,0.25,0.08333333333333337,0.12373466637775467,3.0,0.7019359846158526,0
2514__2113_0,18,5,t_8_16,96.0,0.0,0.125,0.08917065128609192,2.0,0.5534384784347189,0
2514__2113_0,19,5,t_8_16,128.0,0.25,0.08333333333333337,0.41029636189411767,3.0,0.689562027585511,0
2514__2113_0,20,5,t_8_16,128.0,0.25,0.25,0.1310034814404708,2.0,0.7553525824305007,0
2514__2113_0,21,5,t_8_16,180.00013732910156,0.5,0.0,0.1336674429366403,3.0,0.7935799499999978,0
2514__2113_0,22,5,t_8_16,160.0,0.0,0.0,0.7152017420591008,3.0,0.7569716440419539,0
2514__2113_0,23,5,t_8_16,144.0,0.5,0.33333333333333326,,1.0,0.6687109444005709,0
2514__2113_0,24,5,t_8_16,120.0,0.25,0.20833333333333337,0.18596088451779713,2.0,0.734283482768218,0
2514__2113_0,25,5,t_8_16,120.0,0.25,0.25,,0.0,0.5950014413454069,0
2514__2113_0,26,5,t_8_16,168.0,0.0,0.0,0.9671665834156138,2.0,0.3494150433953775,1
2514__2113_0,27,5,t_8_16,220.0,0.25,0.1071428571428572,0.05124531142924025,4.0,0.5402872681818146,0
2514__2113_0,28,5,s_16_32,320.0,0.25,0.22222222222222232,0.11515670376601868,9.0,0.6219858744616834,0
2514__2113_0,29,5,t_8_16,88.0,0.25,0.25,,1.0,0.7716147806321435,0
2514__2113_0,30,5,t_8_16,130.0,0.25,0.25,,1.0,0.6300745011517208,0
2514__2113_0,31,5,t_8_16,69.9993896484375,0.75,0.125,0.00581666141100014,3.0,0.7391723427750961,0
2515__1800_0,0,5,t_8_16,160.0,0.25,0.0,0.09893860884945971,2.0,0.7229257750000002,0
2515__1800_0,1,5,t_8_16,160.00004577630898,0.5,0.08333333333333337,0.07585603522018952,3.0,0.6781362875,0
2515__1800_0,2,5,s_16_32,264.0,0.25,0.125,0.18966885509034684,4.0,0.5753815093210181,0
2515__1800_0,4,5,t_8_16,140.0,0.0,0.0,,1.0,0.7333715259493694,0
2515__1800_0,5,5,t_8_16,96.0,0.25,0.09999999999999998,0.3067099772103875,5.0,0.6774657035415863,0
2515__1800_0,6,5,t_8_16,162.0,0.0,0.0,0.3630207114321536,3.0,0.631891899346321,0
2515__1800_0,7,5,t_8_16,134.99977111816406,0.5,0.0,0.01652324157142591,3.0,0.9279721366781658,0
2515__1800_0,8,5,t_8_16,180.0,0.5,0.18333333333333335,0.25928025444185165,3.0,0.5978046872510434,0
2545__3335_2400,0,5,s_16_32,288.0,0.5,0.1428571428571428,0.008084907834718526,7.0,0.8304564062500027,0
2545__3335_2400,1,5,t_8_16,224.0,0.0,0.0625,0.13265816466856636,4.0,0.7885020379850348,0
2545__3335_2400,2,5,t_8_16,168.0,0.25,0.125,0.20617437562558275,2.0,0.7946917834093677,0
2545__3335_2400,4,3,t_8_16,220.0,0.0,0.0625,0.2762939888035082,4.0,0.0,1
2545__3335_2400,5,3,s_16_32,307.9986572265625,0.5,0.050000000000000044,0.020284959319419326,4.0,0.7016744490158103,0
2545__3335_2400,6,5,t_8_16,224.0,0.25,0.0,0.0909892737027418,5.0,0.7175053450871227,0
2545__3335_2400,7,5,t_8_16,96.0,0.5,0.5,,0.0,0.4987609379968735,1
2545__3335_2400,8,5,t_8_16,90.0,0.25,0.375,,1.0,0.41915592327875845,1
2545__3335_2400,9,5,t_8_16,156.0,0.3333333333333333,0.24444444444444446,0.3525223453276626,3.0,0.445778137782373,1
2560__3000_1800,0,5,s_16_32,504.0,0.0,0.025000000000000022,0.06329409912898346,9.0,0.7887662573158435,0
2560__3000_1800,1,5,t_8_16,220.0,0.25,0.25,0.9999955927691694,1.0,0.5057717462254069,0
2560__3000_1800,2,5,t_8_16,179.99972534179688,0.5,0.1875,0.10247435024891374,4.0,0.7517939000000019,0
2560__3000_1800,3,5,t_8_16,200.0,0.5,0.0,0.2563332163323424,4.0,0.5368071458718542,0
2560__3000_1800,4,5,s_16_32,560.0,0.0,0.2464646464646465,0.2177965359096482,8.0,0.6631281249999981,0
2560__3000_1800,5,5,s_16_32,264.0,0.0,0.0625,0.037202419345508636,4.0,0.49211884656559046,1
2560__3000_1800,6,5,s_16_32,264.0,0.0,0.09999999999999998,0.07208808442883893,4.0,0.5820411401024145,0
2560__3000_1800,7,5,s_16_32,792.0,0.0,0.0,0.30971762273654974,10.0,0.26246099999999994,1
2560__3000_1800,8,5,t_8_16,168.0,0.0,0.08333333333333337,0.2237297504571239,3.0,0.5590636416694353,0
2560__3000_1800,9,5,s_16_32,288.0,0.25,0.08333333333333326,0.1409375585152379,6.0,0.6086886001898805,0
2560__3000_1800,10,5,t_8_16,160.0,0.0,0.18333333333333335,0.5909152233891787,3.0,0.6024085308914569,0
2560__3000_1800,11,5,t_8_16,140.0,0.0,0.125,0.9998352728223366,2.0,0.6668139706838825,0
2560__3000_1800,12,5,t_8_16,144.0,0.0,0.33333333333333337,0.8221844181056935,2.0,0.715288082159393,0
2560__3000_1800,13,5,t_8_16,168.0,0.25,0.08333333333333337,0.17127436146449382,2.0,0.7324951772829844,0
2560__3000_1800,14,5,t_8_16,144.0,0.0,0.20833333333333337,0.1174735122787116,2.0,0.559721897506989,0
2560__3000_1800,15,5,t_8_16,192.0,0.5,0.08333333333333337,0.23329306029115196,3.0,0.0,1
2560__3000_1800,16,5,t_8_16,180.0,0.25,0.1875,0.012206296207972901,4.0,0.6349215305221436,0
2560__3000_1800,17,5,t_8_16,192.0,0.5,0.16666666666666674,0.07080436553825223,2.0,0.8197674749693551,0
2560__3000_1800,18,5,t_8_16,192.0,0.0,0.20833333333333337,0.10238343687265865,2.0,0.740516627235944,0
2560__3000_1800,19,5,t_8_16,140.0,0.25,0.0,0.08849479281486158,3.0,0.7929414004012632,0
2560__3000_1800,20,5,t_8_16,119.99969482421875,0.25,0.0,0.1388370038679881,2.0,0.7758897961987985,0
2560__3000_1800,21,5,t_8_16,168.0,0.0,0.0,0.017447667740424708,2.0,0.685865809513786,0
2560__3000_1800,22,5,t_8_16,180.0,0.25,0.125,0.10278942671462078,3.0,0.8571044318375434,0
2560__3000_1800,23,5,t_8_16,160.0,0.25,0.25,,1.0,0.8454464894149915,0
2560__3000_1800,24,5,t_8_16,143.99945068359375,0.75,0.0,0.1597473761180264,5.0,0.8458379947065864,0
2560__3000_1800,25,5,t_8_16,128.0,0.75,0.0,0.03337681062454006,3.0,0.8757892461707985,0
2560__3000_1800,26,5,t_8_16,160.0,0.0,0.375,,1.0,0.8421967291631576,0
2560__3000_1800,27,5,t_8_16,216.0,0.5,0.0,0.0914794199653085,5.0,0.6996441250000076,0
2560__3000_1800,28,5,t_8_16,168.0,0.0,0.08333333333333337,0.01594389967266157,3.0,0.6657838124365855,0
2560__3000_1800,29,5,t_8_16,224.0,0.5,0.09999999999999998,0.1254949329288732,5.0,0.6752324030178187,0
2560__3000_1800,30,5,t_8_16,140.0,0.25,0.20833333333333337,0.43816373273358383,2.0,0.9047064380276982,0
2560__3000_1800,31,5,t_8_16,192.0,0.25,0.0625,0.04761832482390765,3.0,0.8109564114583268,0
2560__3000_1800,32,5,t_8_16,168.0,0.25,0.08333333333333337,0.1227897269156423,2.0,0.7260901086754779,0
2560__3000_1800,33,5,t_8_16,192.0,0.5,0.25,0.0005817717203179051,2.0,0.7511462760416648,0
2560__3000_1800,34,5,t_8_16,192.0,0.25,0.29166666666666674,0.10508464190786833,2.0,0.7563081874999955,0
2560__3000_1800,35,5,t_8_16,128.0,0.75,0.5833333333333334,,1.0,0.7725367932151803,0
2560__3000_1800,36,5,s_16_32,288.0,0.25,0.0,0.022763180759837947,5.0,0.7756667591009503,0
2560__3000_1800,37,5,s_16_32,264.0,0.5,0.0,0.03459715511517611,6.0,0.6483358281770818,0
2560__3000_1800,38,5,t_8_16,180.0,0.5,0.2321428571428572,0.254487870807559,4.0,0.8130354638748374,0
2560__3000_1800,39,5,s_16_32,264.0,0.0,0.16249999999999998,0.39692756275054336,3.0,0.5519011515151526,0
2560__3000_1800,40,5,t_8_16,240.0,0.25,0.0625,0.18702003403372006,4.0,0.6714924791666683,0
2560__3000_1800,41,5,t_8_16,200.0,0.0,0.125,0.10628712235752924,3.0,0.7351988549999998,0
2560__3000_1800,42,5,t_8_16,220.0,0.25,0.11250000000000004,0.21713892663330508,4.0,0.6774750584508906,0
2560__3000_1800,43,5,t_8_16,180.0,0.25,0.0,0.016078054641681692,3.0,0.6833326499999999,0
2560__3000_1800,44,5,t_8_16,180.0,0.25,0.08333333333333337,0.33143132670038195,2.0,0.7558343999999986,0
2560__3000_1800,45,5,t_8_16,180.0,0.5,0.0625,0.02676352515423425,3.0,0.7709625611111125,0
2560__3000_1800,46,3,s_16_32,352.0,0.0,0.11904761904761907,0.34468448397346896,6.0,0.0,1
2560__3000_1800,47,5,s_16_32,280.0,0.0,0.2232142857142857,0.10027145480907378,6.0,0.5691829642857151,0
2560__3000_1800,48,5,t_8_16,112.0,0.0,0.08333333333333337,0.40419186950570946,2.0,0.7104164774398103,0
2560__3000_1800,49,5,t_8_16,159.99998092651367,0.25,0.0714285714285714,0.18782657750737522,6.0,0.7306808994949479,0
2560__3000_1800,50,5,t_8_16,144.0,0.5,0.16666666666666663,0.10869193561813517,3.0,0.844974762980324,0
2560__3000_1800,52,5,s_16_32,324.0,0.25,0.0714285714285714,0.15736198184856226,5.0,0.6140471021817221,0
2560__3000_1800,53,5,t_8_16,180.0,0.75,0.20833333333333337,0.12326289286435906,2.0,0.5929279061555262,0
2560__3000_1800,54,5,t_8_16,96.0,0.25,0.375,,1.0,0.4866229628556129,1
2560__3000_1800,55,5,t_8_16,160.0,0.0,0.125,0.3095106122135463,2.0,0.6097490182453762,0
2560__3000_1800,56,5,t_8_16,96.0,0.5,0.08333333333333337,0.07255896096774242,6.0,0.5891769374936295,0
2560__3000_1800,57,5,t_8_16,112.0,0.0,0.125,,1.0,0.5677994321103284,0
2560__3000_1800,58,5,t_8_16,112.0,0.5,0.20833333333333337,0.0007161880746436615,2.0,0.5532834636137879,0
2560__3000_1800,59,5,s_16_32,256.0,0.25,0.09999999999999998,0.05648574171241675,3.0,0.5094323906249988,0
2560__3000_1800,60,5,t_8_16,127.99993896484375,0.5,0.10000000000000009,0.0375679338200961,5.0,0.6812227794550195,0
2560__3000_1800,62,5,t_8_16,108.0,0.75,0.0,0.06754493847343906,5.0,0.7748097798950646,0
2560__3000_1800,63,5,t_8_16,144.0,0.5,0.33333333333333326,,1.0,0.5637421751165281,0
2560__3000_1800,64,5,t_8_16,140.0,0.0,0.08333333333333337,0.0065716470511841645,3.0,0.562229339980895,0
2560__3000_1800,65,5,t_8_16,160.0,0.75,0.29999999999999993,0.002954649867677666,5.0,0.6489649736133931,0
2560__3000_1800,66,5,s_16_32,480.0,0.0,0.25595238095238093,0.06266278616660403,5.0,0.6348952083333347,0
2560__3000_1800,67,5,t_8_16,98.0,0.3333333333333333,0.0,0.3904686102047793,2.0,0.7976951180340838,0
2560__3000_1800,68,5,t_8_16,96.0,0.0,0.125,,1.0,0.6485790885414026,0
2560__3000_1800,69,5,t_8_16,180.0,0.0,0.125,0.10356991429591214,2.0,0.711033435421603,0
2560__3000_1800,70,5,t_8_16,180.0,0.0,0.125,0.10385027769217146,3.0,0.534471248496722,0
2560__3000_1800,71,5,t_8_16,112.0,0.25,0.08333333333333337,0.16649561684180697,2.0,0.7630023616610575,0
2560__3000_1800,72,5,t_8_16,120.0,0.25,0.25,0.020610709761528696,4.0,0.6240668892625229,0
2560__3000_1800,73,5,t_8_16,120.0,0.25,0.04166666666666663,0.33699296922418154,5.0,0.6690048557436131,0
2560__3000_1800,74,5,t_8_16,180.0006103515625,0.0,0.14583333333333337,0.2670695928228846,3.0,0.7501076444444457,0
2560__3000_1800,75,5,t_8_16,220.0,0.25,0.0,0.07960490431148035,3.0,0.642332154545453,0
2560__3000_1800,76,5,t_8_16,84.0,0.25,0.0625,0.12287158073653946,4.0,0.47521724566716306,1
2560__3000_1800,77,5,t_8_16,140.0,0.25,0.08333333333333337,0.12298638653504798,2.0,0.832275075519812,0
2560__3000_1800,78,5,t_8_16,144.0,0.5,0.33333333333333337,0.2343401071755162,2.0,0.7732616346970438,0
2560__3000_1800,79,5,t_8_16,252.0,0.25,0.21250000000000002,0.010458057055701884,3.0,0.6783828807598473,0
2560__3000_1800,80,5,t_8_16,127.99998474121094,0.5,0.08333333333333337,0.04000967716971596,6.0,0.7770843276831747,0
2560__3000_1800,81,5,t_8_16,144.0,0.5,0.0,0.02453443898559368,3.0,0.5696213289220334,0
2560__3000_1800,82,5,t_8_16,84.0,0.5,0.1416666666666666,0.220832804993724,5.0,0.877476677923439,0
2560__3000_1800,83,5,t_8_16,128.0,0.5,0.25,0.06847536663847091,2.0,0.7453037197946814,0
2560__3000_1800,84,5,t_8_16,176.0,0.25,0.0,0.2088947688278212,4.0,0.7080298176509989,0
2560__3000_1800,85,5,t_8_16,200.0,0.25,0.09999999999999998,0.12270927509293349,3.0,0.5566705250811242,0
2560__3000_1800,86,5,s_16_32,528.0,0.25,0.05555555555555558,0.019300497123350968,9.0,0.6755447800881468,0
2560__3000_1800,87,5,t_8_16,192.0,0.25,0.0,0.023581221975006266,3.0,0.7251481437148164,0
2560__3000_1800,88,5,t_8_16,100.0,0.0,0.125,,1.0,0.7042435102064828,0
2560__3000_1800,89,5,t_8_16,111.99951171875,0.0,0.08333333333333337,0.11475084638338308,3.0,0.6734204939600523,0
2560__3000_1800,90,5,t_8_16,199.99969482421875,0.25,0.125,0.07492395117247465,2.0,0.6413057154501911,0
2560__3000_1800,91,5,t_8_16,120.0,0.0,0.0,,1.0,0.7494307511372049,0
2560__3000_1800,93,5,t_8_16,111.99998664855957,0.25,0.09999999999999998,0.022072907088831153,3.0,0.7041891154192619,0
2560__3000_1800,94,5,s_16_32,324.0,0.25,0.1428571428571428,0.13628703194395497,7.0,0.6749292854634772,0
2560__3000_1800,95,5,s_16_32,560.0,0.25,0.025000000000000022,0.17151782668838436,10.0,0.8087199410714246,0
2560__3000_1800,96,5,t_8_16,96.0,0.25,0.25,,1.0,0.6302269447227946,0
2560__3000_1800,97,5,t_8_16,160.0,0.0,0.16666666666666674,0.3977609877517093,2.0,0.634766009084831,0
2560__3000_1800,98,5,t_8_16,140.0,0.25,0.125,,1.0,0.734578327036813,0
2560__3000_1800,99,5,t_8_16,112.0,0.5,0.25,,1.0,0.5579259235815541,0
2560__3000_1800,100,5,t_8_16,96.0,0.25,0.2833333333333333,0.20816310022882048,3.0,0.6234968502379454,0
2560__3000_1800,101,5,t_8_16,143.99993133544922,0.25,0.11250000000000004,0.139087793417629,4.0,0.8150215646877371,0
2560__3000_1800,102,5,t_8_16,144.0,0.5,0.16666666666666674,0.14425999017943536,2.0,0.8034146609925028,0
2560__3000_1800,103,5,s_16_32,288.0,0.3333333333333333,0.1507936507936507,0.13605603796929777,5.0,0.6898216250000048,0
2560__3000_1800,104,5,t_8_16,140.0,0.25,0.16666666666666674,0.07203950826808729,2.0,0.7170399106152425,0
2560__3000_1800,105,5,t_8_16,160.0009765625,0.5,0.14583333333333337,0.0035950985458132008,3.0,0.6010311992728602,0
2560__3000_1800,106,5,t_8_16,112.0,0.25,0.25,0.13643882216611442,3.0,0.7328868803401569,0
2560__3000_1800,107,5,t_8_16,132.0,0.0,0.1071428571428572,0.17702251459711207,7.0,0.5610960025836451,0
2560__3000_1800,108,5,s_16_32,360.0000762939453,0.0,0.0625,0.06529275965145082,6.0,0.5475654606643986,0
2560__3000_1800,109,5,t_8_16,168.0,0.0,0.375,0.3713154826111431,2.0,0.6393568508012292,0
2560__3000_1800,110,5,t_8_16,168.0,0.5,0.09999999999999998,0.007406520193499402,3.0,0.6276118304436895,0
2560__3000_1800,111,5,s_16_32,280.0,0.5,0.0714285714285714,0.032999865998014626,7.0,0.5060229669626264,0
2560__3000_1800,112,5,t_8_16,180.0,0.5,0.27142857142857146,0.0015552080042164516,5.0,0.7461334812662521,0
2560__3000_1800,113,5,t_8_16,160.0,0.25,0.125,0.046797248507476075,2.0,0.778313886963405,0
2560__3000_1800,114,5,t_8_16,112.0,0.25,0.25,,1.0,0.7827675197798667,0
2560__3000_1800,115,5,t_8_16,140.0,0.25,0.0625,0.0944422519266268,4.0,0.6019625605093859,0
2560__3000_1800,116,5,t_8_16,192.0,0.5,0.5,,0.0,0.6340465260416688,0
2560__3000_1800,117,5,t_8_16,112.0001220703125,0.5,0.25,,1.0,0.758477893621268,0
2560__3000_1800,118,5,s_16_32,352.0,0.0,0.0,0.15394127372503796,7.0,0.4812530535290724,1
2560__3000_1800,119,5,t_8_16,128.0,0.75,0.5833333333333334,,1.0,0.5490043148342291,0
2560__3000_1800,120,5,t_8_16,176.0,0.25,0.0625,0.08246975327760926,4.0,0.6958141477455931,0
2560__3000_1800,121,5,t_8_16,120.0,0.0,0.0357142857142857,0.012924843786296374,7.0,0.47952212025992774,1
2560__3000_1800,122,5,t_8_16,110.0,0.0,0.0,,1.0,0.709976198537238,0
2560__3000_1800,123,5,t_8_16,112.0,0.5,0.25,0.22901642044106743,3.0,0.7259146198695513,0
2560__3000_1800,124,5,t_8_16,120.0,0.25,0.125,0.08073345200882855,2.0,0.6852931244237934,0
2560__3000_1800,125,5,t_8_16,140.0,0.25,0.08333333333333337,0.1958575468199637,2.0,0.7181287492882981,0
2560__3000_1800,126,5,t_8_16,168.0,0.0,0.08333333333333337,0.29273597049099453,3.0,0.6494163819499511,0
2560__3000_1800,127,5,t_8_16,120.0,0.25,0.0,0.0804463748937722,3.0,0.672351255558862,0
2560__3000_1800,128,5,s_16_32,256.0,0.0,0.19999999999999996,0.03917218840474816,5.0,0.6114078606532878,0
2560__3000_1800,129,5,t_8_16,96.0,0.5,0.5,,1.0,0.4912474669043635,1
2560__3000_1800,130,5,t_8_16,144.0,0.25,0.15714285714285725,0.2119072757788337,4.0,0.5895921600735212,0
2560__3000_1800,131,5,t_8_16,120.0,0.0,0.125,,1.0,0.735090432614605,0
2560__3000_1800,132,5,t_8_16,140.0,0.25,0.25,,1.0,0.7463155115615048,0
2560__3000_1800,133,5,t_8_16,96.0,0.0,0.16249999999999998,0.04330639509171148,3.0,0.5434953415310774,0
2560__3000_1800,134,5,t_8_16,180.0,0.5,0.19999999999999996,0.17081199755400658,5.0,0.8610977123672078,0
2560__3000_1800,135,5,t_8_16,200.0,0.0,0.0,0.29914521805736843,2.0,0.6060159194677732,0
2560__3000_1800,136,5,t_8_16,160.0,0.25,0.08333333333333337,0.19402944247238577,2.0,0.7817538637264165,0
2560__3000_1800,137,5,t_8_16,144.0,0.25,0.0,0.07386054511891713,4.0,0.5995814387185754,0
2560__3000_1800,138,5,t_8_16,108.0,0.5,0.0625,0.0596249543462359,3.0,0.6840098166881873,0
2560__3000_1800,139,5,t_8_16,119.9996337890625,0.5,0.1333333333333333,0.12730032533088834,4.0,0.6420083582206018,0
2560__3000_1800,140,5,t_8_16,160.0,0.5,0.0,0.015577721260139826,3.0,0.5932046713422082,0
2560__3000_1800,141,5,s_16_32,480.0,0.25,0.0625,0.010932681342005897,8.0,0.6762122857815545,0
2560__3000_1800,142,5,t_8_16,216.0,0.25,0.16666666666666663,0.23471494611348676,6.0,0.6821540972222218,0
2560__3000_1800,143,5,t_8_16,139.99957275390625,0.25,0.20833333333333337,0.28752763911273166,2.0,0.6541947768526596,0
2560__3000_1800,144,5,t_8_16,96.0,0.25,0.25,,1.0,0.6558804647411016,0
2560__3000_1800,145,5,t_8_16,120.0,0.25,0.0,0.012688557704279136,2.0,0.6905719010007708,0
2560__3000_1800,146,5,t_8_16,160.0,0.25,0.0,0.0876824889484021,3.0,0.6180815906098632,0
2560__3000_1800,147,5,t_8_16,208.0,0.0,0.18333333333333335,0.10086590772841998,3.0,0.43854627665246,1
2560__3000_1800,150,5,t_8_16,240.0,0.25,0.15000000000000002,0.011420946916830902,5.0,0.659663944632794,0
2560__3000_1800,151,5,t_8_16,252.0,0.0,0.09999999999999998,0.17716736458693302,3.0,0.6824968185445877,0
2560__3000_1800,152,5,t_8_16,112.0,0.0,0.125,0.2656697459327032,2.0,0.7337715419382568,0
2560__3000_1800,153,5,t_8_16,120.0,0.5,0.375,,1.0,0.7209237228307419,0
2560__3000_1800,154,5,t_8_16,160.0,0.5,0.0,0.013670184553215723,3.0,0.6688386995461509,0
2560__3000_1800,155,5,s_16_32,264.0,0.75,0.1785714285714286,0.043194440300151044,7.0,0.796366693181823,0
2560__3000_1800,156,5,t_8_16,192.0,0.25,0.33333333333333337,0.19008379832445643,2.0,0.7073631584358336,0
2560__3000_1800,157,5,t_8_16,140.0,0.25,0.08333333333333337,0.1137723985012127,2.0,0.9062673397590911,0
2560__3000_1800,158,5,t_8_16,180.0,0.25,0.0,0.2766282334645852,3.0,0.6770111111111059,0
2560__3000_1800,159,5,t_8_16,160.0,0.25,0.08333333333333337,0.011923878511780476,3.0,0.844376810395989,0
2560__3000_1800,160,5,t_8_16,84.0,0.0,0.0,0.8803680366110606,2.0,0.7239341188622206,0
2560__3000_1800,161,5,t_8_16,84.0,0.5,0.050000000000000044,0.028684171615714318,4.0,0.6249481627818548,0
2560__3000_1800,162,5,t_8_16,143.9999656677246,0.5,0.0625,0.328625917073489,4.0,0.7808192227261102,0
2560__3000_1800,163,5,t_8_16,160.0,0.0,0.09999999999999998,0.22478613584445958,3.0,0.5496979507460408,0
2560__3000_1800,164,5,t_8_16,180.0,0.25,0.0625,0.132637063029993,3.0,0.823570767796514,0
2560__3000_1800,165,5,t_8_16,112.0,0.25,0.33333333333333326,,1.0,0.6028699913949155,0
2560__3000_1800,166,5,t_8_16,160.0,0.25,0.18333333333333335,0.0952572176421728,3.0,0.7454397240530977,0
2560__3000_1800,167,5,t_8_16,108.0,0.25,0.16249999999999998,0.11375248880704644,3.0,0.5654800800217145,0
2560__3000_1800,168,5,s_16_32,528.0,0.0,0.1454545454545454,0.052429062732713694,10.0,0.42059839015151307,1
2560__3000_1800,169,5,t_8_16,160.0,0.25,0.16666666666666663,0.09626019076879508,3.0,0.6619640579986639,0
2560__3000_1800,170,5,t_8_16,95.9996337890625,0.5,0.0,0.02568133055992566,4.0,0.5664125165837913,0
2560__3000_1800,171,5,t_8_16,200.0,0.25,0.20833333333333337,0.0924154201409969,2.0,0.7424675061831607,0
2560__3000_1800,172,5,t_8_16,167.99997329711914,0.75,0.125,0.015475422644324074,2.0,0.8220050844387446,0
2560__3000_1800,173,5,t_8_16,176.0,0.75,0.375,0.42550296081826133,2.0,0.6545440338935975,0
2560__3000_1800,174,5,t_8_16,108.0003662109375,0.5,0.0,0.0046464453254693875,5.0,0.6276260351601659,0
2560__3000_1800,175,5,t_8_16,96.0,0.0,0.1875,0.24733853004177864,4.0,0.5881514967859742,0
2560__3000_1800,176,5,t_8_16,112.0001220703125,0.0,0.20833333333333337,0.15871505716218762,2.0,0.7111048300074928,0
2560__3000_1800,177,5,t_8_16,72.0,0.5,0.2833333333333333,0.08469167526121905,3.0,0.7051997334266652,0
2560__3000_1800,178,5,t_8_16,128.0,0.5,0.25,0.012999684746418704,3.0,0.6744015909963574,0
2560__3000_1800,179,5,t_8_16,111.99994659423828,0.25,0.19999999999999996,0.14762658975718534,5.0,0.7888506276252937,0
2560__3000_1800,180,5,t_8_16,128.0,0.25,0.0,0.16223376417343957,2.0,0.6034546449949421,0
2560__3000_1800,181,5,s_16_32,308.0,0.5,0.0,0.07494421655974098,4.0,0.6445212742907418,0
2560__3000_1800,182,5,s_16_32,628.999870300293,0.0,0.045454545454545414,0.9038241273553379,10.0,0.0,1
2560__3000_1800,183,5,s_16_32,340.0,0.0,0.0714285714285714,0.25028222939176864,7.0,0.7907680318248355,0
2560__3000_1800,184,5,t_8_16,108.0,0.25,0.0625,0.6720205176839544,3.0,0.6179050716643587,0
2591__1800_1200,0,5,t_8_16,252.0,0.0,0.16249999999999998,0.2254786313237101,3.0,0.8047716060034539,0
2591__1800_1200,1,5,t_8_16,240.0,0.25,0.125,0.023907619800537794,4.0,0.7192401869817675,0
2591__1800_1200,2,5,t_8_16,216.0,0.0,0.20833333333333337,0.1518687991615172,2.0,0.5463934531614943,0
2591__1800_1200,3,5,t_8_16,120.0,0.25,0.08333333333333337,0.06290944666801396,2.0,0.7464632292275488,0
2591__1800_1200,4,5,s_16_32,384.0,0.25,0.125,0.015268562246347978,6.0,0.8025434374835214,0
2591__1800_1200,5,5,t_8_16,96.0,0.0,0.20833333333333337,0.5935279956735738,2.0,0.8612802841956873,0
2591__1800_1200,6,5,t_8_16,168.0,0.0,0.125,0.528092868234409,2.0,0.7629354750848699,0
2591__1800_1200,7,5,t_8_16,192.0,0.0,0.0,0.16653024538959438,2.0,0.6701104583333333,0
2591__1800_1200,8,5,s_16_32,640.0,0.25,0.045454545454545414,0.06570349564991415,10.0,0.7650263090497793,0
2591__1800_1200,9,5,t_8_16,224.0,0.25,0.0,0.4597175276125489,3.0,0.7493819776785712,0
2591__1800_1200,10,5,t_8_16,120.0,0.5,0.125,0.1500379632180437,2.0,0.7258063037531042,0
2591__1800_1200,11,5,t_8_16,64.0,0.0,0.0,,1.0,0.4201284595281065,1
2591__1800_1200,12,5,t_8_16,180.0,0.0,0.17500000000000004,0.09228531443184237,4.0,0.7049392991418648,0
2591__1800_1200,13,5,t_8_16,112.0,0.0,0.0,0.11496899870068017,2.0,0.6809137782857848,0
2591__1800_1200,14,5,t_8_16,72.0,0.25,0.33333333333333337,0.5238509864108849,2.0,0.5154002980160747,0
2591__1800_1200,15,5,t_8_16,100.0,0.25,0.16666666666666674,0.16232952932713093,2.0,0.6791733816953518,0
2591__1800_1200,16,5,t_8_16,80.0,0.5,0.25,0.38057903230892387,3.0,0.47729099260271496,1
2591__1800_1200,18,5,t_8_16,119.99981689453125,0.0,0.0,0.35254477318292843,2.0,0.7498397326424757,0
2591__1800_1200,19,5,t_8_16,112.0,0.5,0.125,0.05029294164297636,2.0,0.5586016348756437,0
2591__1800_1200,20,5,t_8_16,160.0000762939453,0.25,0.18333333333333335,0.23943676420916088,3.0,0.5772245881499486,0
2591__1800_1200,21,5,t_8_16,96.0,0.25,0.25,,1.0,0.5157489336125234,0
2591__1800_1200,23,5,t_8_16,100.0,0.0,0.125,,1.0,0.5498667510329437,0
2591__1800_1200,24,5,t_8_16,252.0,0.25,0.09999999999999998,0.040216699772188315,3.0,0.723212471808178,0
2591__1800_1200,25,5,t_8_16,72.0,0.25,0.16666666666666674,0.37196411242059535,2.0,0.6774310895711015,0
2591__1800_1200,26,5,t_8_16,79.99984741210938,0.0,0.08333333333333337,0.520194325858644,2.0,0.5575837665062219,0
2591__1800_1200,27,5,t_8_16,128.0,0.0,0.16666666666666674,0.2981768209629181,2.0,0.72720081238707,0
2591__1800_1200,28,5,t_8_16,100.0,0.25,0.0,0.11148891698902687,2.0,0.6947384684780004,0
2591__1800_1200,29,5,t_8_16,160.0,0.25,0.0,0.04706940573862983,3.0,0.5216791059534893,0
2591__1800_1200,30,5,t_8_16,224.0,0.25,0.16666666666666674,0.0022538560298561057,2.0,0.6132828348214252,0
2591__1800_1200,31,5,s_16_32,264.0,0.0,0.17142857142857137,0.161980400940685,5.0,0.5460198441194233,0
2591__1800_1200,32,5,t_8_16,192.0,0.0,0.16249999999999998,0.11888902885437434,3.0,0.5959930813264779,0
2591__1800_1200,33,5,t_8_16,140.0,0.25,0.16666666666666674,0.05841989722313633,2.0,0.7148498316862936,0
2591__1800_1200,34,5,t_8_16,72.0,0.0,0.125,,1.0,0.6693201492137719,0
2591__1800_1200,36,5,t_8_16,80.0,0.25,0.25,0.022926197759916177,3.0,0.5742628870510395,0
2591__1800_1200,37,5,t_8_16,100.0,0.25,0.125,,1.0,0.6532611166065159,0
2591__1800_1200,38,5,t_8_16,64.0,0.0,0.0,,1.0,0.6538112260245635,0
2591__1800_1200,39,5,t_8_16,119.99969482421875,0.25,0.0,0.24054273527676942,2.0,0.7222326775968384,0
2591__1800_1200,40,5,t_8_16,144.0,0.0,0.08333333333333337,0.45777687605736767,2.0,0.3537607457697565,1
2591__1800_1200,41,5,t_8_16,240.0,0.25,0.0714285714285714,0.42191058168364093,7.0,0.6915285027144606,0
2591__1800_1200,42,5,t_8_16,120.0,0.0,0.0,,1.0,0.7273583763460669,0
2591__1800_1200,43,5,t_8_16,240.0,0.25,0.29166666666666674,0.06554952126769292,2.0,0.6366414732879644,0
2591__1800_1200,44,5,t_8_16,119.99981689453125,0.5,0.5,,0.0,0.716891742914543,0
2591__1800_1200,45,5,t_8_16,139.99969482421875,0.25,0.125,0.05335826365518879,2.0,0.7567092849328186,0
2591__1800_1200,46,5,t_8_16,139.99989318847656,0.0,0.125,0.2846565727275654,2.0,0.7332104856431438,0
2591__1800_1200,47,5,t_8_16,100.0,0.25,0.16666666666666674,0.0726539173358912,3.0,0.6988955377661609,0
2591__1800_1200,48,5,t_8_16,144.0,0.25,0.14583333333333337,0.2180433238732332,3.0,0.681167558195082,0
2591__1800_1200,49,5,s_16_32,352.0,0.25,0.0714285714285714,0.08207880208433915,7.0,0.5452555763932341,0
2591__1800_1200,50,5,t_8_16,111.999755859375,0.5,0.125,0.2005063398911288,2.0,0.7037658211547072,0
2591__1800_1200,51,5,t_8_16,140.0,0.25,0.0,0.2709831125738433,3.0,0.8323773090594307,0
2591__1800_1200,52,5,t_8_16,192.0,0.25,0.050000000000000044,0.1643811260457341,5.0,0.6115879637249985,0
2591__1800_1200,53,5,t_8_16,160.0,0.0,0.08333333333333337,0.3615026342950068,2.0,0.4475255521941409,1
2591__1800_1200,56,5,t_8_16,80.0,0.25,0.25,,0.0,0.5841676062150701,0
2591__1800_1200,57,5,t_8_16,234.0,0.0,0.19047619047619035,0.11331164715207133,7.0,0.6449961111111056,0
2591__1800_1200,59,5,t_8_16,64.0,0.0,0.0,,1.0,0.36812942510263047,1
2591__1800_1200,60,5,t_8_16,120.0,0.0,0.08333333333333337,0.2840002299598975,2.0,0.6356011505060208,0
2591__1800_1200,61,5,t_8_16,80.0,0.25,0.25,0.583089148959162,2.0,0.7676195137285823,0
2591__1800_1200,62,5,t_8_16,80.0,0.0,0.0,,1.0,0.5643602614892727,0
2591__1800_1200,63,5,t_8_16,96.0,0.5,0.5,,0.0,0.5748802448098735,0
2591__1800_1200,64,5,t_8_16,169.0,0.25,0.16666666666666674,0.25702330594948236,2.0,0.7046465595211703,0
2591__1800_1200,65,5,t_8_16,156.0,0.25,0.18333333333333335,0.07784262399781988,3.0,0.7076631062919292,0
2591__1800_1200,66,5,t_8_16,135.0,0.25,0.2500000000000001,0.48428812046957426,2.0,0.826940878799886,0
2591__1800_1200,67,5,t_8_16,182.0,0.0,0.16666666666666663,0.1271785882532759,2.0,0.5613469298457126,0
2591__1800_1200,68,5,t_8_16,209.0,0.0,0.15000000000000002,0.21863169983346017,5.0,0.5739617866339739,0
2591__1800_1200,69,5,s_16_32,260.0,0.25,0.0,0.07906804039940592,4.0,0.7831840666501785,0
2591__1800_1800,1,5,t_8_16,72.0,0.25,0.33333333333333337,0.449863351193866,2.0,0.5057275435424566,0
2591__1800_1800,2,5,t_8_16,100.0,0.0,0.25,,1.0,0.6793306737407261,0
2591__1800_1800,3,5,s_16_32,364.0,0.25,0.0,0.1560557864921141,7.0,0.5172198461538452,0
2591__1800_1800,4,5,t_8_16,180.0,0.5,0.0625,0.014713253310959186,3.0,0.7186920430392957,0
2591__1800_1800,5,5,s_16_32,336.0,0.0,0.050000000000000044,0.1136187101890662,5.0,0.5877073256181127,0
2591__1800_1800,6,5,t_8_16,239.9993896484375,0.25,0.0625,0.22827283370894197,3.0,0.48135290493156596,1
2591__1800_1800,7,5,t_8_16,100.0,0.0,0.125,,1.0,0.6729378393924133,0
2591__1800_1800,8,5,t_8_16,200.0,0.0,0.08333333333333337,0.22569506620552252,2.0,0.4860770139486595,1
2591__1800_1800,9,5,t_8_16,100.0,0.25,0.125,,1.0,0.6891370459139899,0
2591__1800_1800,10,5,t_8_16,240.0,0.75,0.0714285714285714,0.05153525553401789,7.0,0.698376941398068,0
2591__1800_1800,11,5,t_8_16,120.0,0.0,0.0,0.025974972030930882,2.0,0.7261942069575559,0
2591__1800_1800,12,5,t_8_16,128.0,0.5,0.33333333333333326,,1.0,0.6887541414790944,0
2591__1800_1800,13,5,t_8_16,144.0,0.5,0.25,0.17772276039702287,2.0,0.7495089778737012,0
2591__1800_1800,14,5,t_8_16,100.0,0.25,0.25,0.23041809287857556,2.0,0.686989812442018,0
2591__1800_1800,15,5,t_8_16,216.0,0.0,0.16666666666666663,0.06252654707768819,6.0,0.6622717265099561,0
2591__1800_1800,16,5,t_8_16,112.0,0.0,0.0,0.20824983808332762,2.0,0.7346832481411488,0
2591__1800_1800,17,5,t_8_16,160.0,0.5,0.09999999999999998,0.05774848659840468,3.0,0.770568490047739,0
2591__1800_1800,18,5,t_8_16,192.0,0.25,0.0,0.03049276706581622,4.0,0.5967079471043435,0
2591__1800_1800,19,5,t_8_16,160.0,0.0,0.0625,0.3413172579706168,3.0,0.4362235846050641,1
2591__1800_1800,20,5,s_16_32,816.0,0.0,0.0,0.1692610316168626,10.0,0.730347975551051,0
2591__1800_1800,22,5,t_8_16,84.0008544921875,0.25,0.1875,0.40582779250232254,3.0,0.5217542721241663,0
2591__1800_1800,23,5,s_16_32,288.0,0.5,0.25,0.03481320336455212,7.0,0.6662589999999993,0
2591__1800_1800,24,5,s_16_32,504.0,0.75,0.0,0.07008364612873656,8.0,0.9056638477438655,0
2591__1800_1800,25,5,t_8_16,80.0,0.0,0.0,,1.0,0.5372404575400298,0
2591__1800_1800,26,5,t_8_16,150.0,0.25,0.20833333333333337,0.12596694126174043,2.0,0.8206042995210441,0
2591__1800_1800,27,5,t_8_16,231.0,0.25,0.0625,0.039402301096324095,3.0,0.8176192352315087,0
2591__1800_1800,28,5,s_16_32,338.00079345703125,0.25,0.15625,0.016173384511609247,6.0,0.7890704083034431,0
2591__1800_1800,29,5,t_8_16,107.99972534179688,0.0,0.125,,1.0,0.5541107516756566,0
2591__1800_1800,30,5,s_16_32,345.0,0.0,0.20833333333333326,0.5856284804424107,6.0,0.7433284681570431,0
2591__1800_1800,31,5,t_8_16,153.0,0.5,0.25,0.26616896495713105,3.0,0.874023033503568,0
2591__1800_1800,32,5,t_8_16,171.0,0.5,0.08333333333333337,0.06560594811317788,2.0,0.8459827782273899,0
2591__1800_1800,33,5,t_8_16,102.00009155273438,0.0,0.0625,0.5416037081854657,3.0,0.0,1
2591__1800_1800,34,5,t_8_16,176.0,0.25,0.09999999999999998,0.30443413009309733,3.0,0.6738381443455391,0
2591__1800_1800,35,5,t_8_16,120.0,0.5,0.08333333333333337,0.4195552403696044,3.0,0.6568062707370637,0
2591__1800_1800,36,5,t_8_16,204.0,0.25,0.1428571428571429,0.1067396959140091,5.0,0.5544141851092034,0
2591__1800_1800,37,5,t_8_16,238.0,0.0,0.05555555555555547,0.06443774609189053,5.0,0.6317675344869106,0
2591__1800_1800,38,5,t_8_16,144.0,0.25,0.08333333333333337,0.084795994322531,3.0,0.7106890625000003,0
2608__2400_1800,0,5,t_8_16,192.0,0.75,0.09999999999999998,0.006160624128582119,3.0,0.86622846163869,0
26f12ebc3,0,3,t_8_16,132.0,0.25,0.25,0.14007665311144202,4.0,0.7904021614155964,0
26f12ebc3,1,3,s_16_32,272.0,0.25,0.09999999999999998,0.07649220230545668,5.0,0.8165976437996574,0
287a0b8c8,0,3,t_8_16,189.0,0.0,0.22499999999999998,0.10681081258812583,4.0,0.7338459965934404,0
2a5abe21e,0,3,s_16_32,594.0,1.0,0.2517482517482518,0.07665001353874965,10.0,0.8149527020201984,0
2a5abe21e,1,3,t_8_16,220.0,0.25,0.16666666666666674,0.47367304123144455,2.0,0.7368807735713504,0
2cb1bdce5,0,3,t_8_16,221.0,0.5,0.15000000000000002,0.34037988759207943,3.0,0.6086888110414354,0
2df38466c,0,3,t_8_16,210.0,0.25,0.050000000000000044,0.034969704413782506,4.0,0.7451484525531564,0
2fc371d2c,1,3,t_8_16,140.0,0.25,0.0,0.07352293929182503,6.0,0.6746527353488634,0
311__3963_2400,0,5,s_16_32,416.0,0.25,0.02777777777777779,0.040315094360599144,8.0,0.7941062422469206,0
311__3963_2400,1,5,s_16_32,308.0,0.5,0.0,0.09272873670421418,7.0,0.8608624433992099,0
311__3963_2400,2,5,t_8_16,176.0,0.0,0.17500000000000004,0.32363572370224486,4.0,0.549570527113428,0
311__3963_2400,3,5,t_8_16,234.0,0.5,0.1964285714285714,0.14286906615135944,5.0,0.867815825103481,0
311__3963_2400,4,5,t_8_16,168.0,0.0,0.18333333333333335,0.3727101587160687,3.0,0.7897916235875687,0
311__3963_2400,5,5,t_8_16,237.99948120117188,0.5,0.18333333333333335,0.15723102897813762,3.0,0.8220766284564378,0
311__3963_2400,6,5,s_16_32,256.0,0.0,0.125,0.16884699250539575,4.0,0.7239537758145999,0
311__3963_2400,7,5,t_8_16,191.9996337890625,0.5,0.08333333333333337,0.02741646537338322,3.0,0.7094866585662097,0
311__3963_2400,8,5,t_8_16,181.99920654296875,0.0,0.2333333333333334,0.2322750990342935,3.0,0.8464396608511611,0
311__3963_2400,9,5,t_8_16,224.0,0.0,0.08333333333333337,0.321058656128163,3.0,0.8824241804822749,0
311__3963_2400,10,5,s_16_32,319.9993896484375,0.5,0.050000000000000044,0.07385683674530849,5.0,0.7216767562500017,0
311__3963_2400,11,5,t_8_16,234.00054931640625,0.5,0.09999999999999998,0.018149239374993117,5.0,0.8225913101805513,0
311__3963_2400,12,5,s_16_32,288.0,0.25,0.0,0.025658745156389686,3.0,0.6636434166666642,0
311__3963_2400,13,5,s_16_32,288.0,0.0,0.25,0.5192390054732219,4.0,0.6477413819444443,0
311__3963_2400,14,5,s_16_32,363.9984130859375,0.25,0.03125,0.06937025104039467,8.0,0.8645654042337587,0
311__3963_2400,15,5,t_8_16,252.0,0.25,0.125,0.15424571516818691,4.0,0.7909295832402311,0
311__3963_2400,16,5,t_8_16,180.0,0.75,0.1875,0.06210811100140675,4.0,0.8189113665653922,0
311__3963_2400,17,5,t_8_16,159.99969482421875,0.25,0.08333333333333337,0.11807783839887404,3.0,0.8028207449477995,0
311__3963_2400,18,5,t_8_16,160.0,0.25,0.25,0.1582826705429796,2.0,0.6685460367032107,0
311__3963_2400,19,5,t_8_16,160.0,0.25,0.16666666666666663,0.6432292523797214,3.0,0.6932322689750616,0
311__3963_2400,20,5,t_8_16,210.0,0.5,0.0625,0.09243422203160498,3.0,0.6311564287227461,0
311__3963_2400,21,5,t_8_16,180.0,0.5,0.0625,0.00012989042608415891,4.0,0.7518768673819077,0
311__3963_2400,22,5,t_8_16,219.99984741210938,0.25,0.08333333333333337,0.11127406962846828,2.0,0.8824402935201253,0
311__3963_2400,23,5,t_8_16,127.9998779296875,0.0,0.08333333333333337,0.2730220133318744,3.0,0.7995872190822503,0
311__3963_2400,24,5,t_8_16,167.999267578125,0.25,0.08333333333333337,0.18133236319407436,3.0,0.7550363462174787,0
311__3963_2400,25,5,s_16_32,270.0,0.0,0.0625,0.07856106330835781,4.0,0.640222047792974,0
311__3963_2400,26,5,t_8_16,167.999267578125,0.25,0.0625,0.10441721496726446,3.0,0.7830693902218435,0
311__3963_2400,27,5,t_8_16,140.0,0.0,0.25,0.9969513957992552,2.0,0.7763622455795776,0
311__3963_2400,28,5,t_8_16,168.0,0.25,0.33333333333333337,0.017505643797410625,2.0,0.8179990869480649,0
311__3963_2400,29,5,t_8_16,191.999267578125,0.25,0.18333333333333335,0.10943677404764944,3.0,0.9065117659519766,0
311__3963_2400,30,5,t_8_16,216.0,0.5,0.16666666666666663,0.025216600910640825,3.0,0.8234461667503985,0
311__3963_2400,31,5,t_8_16,238.0008544921875,0.0,0.125,0.06951630319371806,2.0,0.7494867016806738,0
311__3963_2400,32,5,t_8_16,252.0,0.5,0.1416666666666666,0.016274392679435208,5.0,0.8218536598090938,0
311__3963_2400,33,5,t_8_16,199.99984741210938,0.25,0.08333333333333337,0.3238985563257641,3.0,0.8752264784850329,0
311__3963_2400,34,5,t_8_16,200.0,0.0,0.08333333333333337,0.39515364437105926,2.0,0.6146798400000025,0
311__3963_2400,35,5,s_16_32,264.0,0.25,0.0,0.19928886311790964,5.0,0.5873260606060591,0
311__3963_2400,36,5,s_16_32,300.0,0.5,0.1696428571428572,0.029604350828137862,4.0,0.795368537915531,0
311__3963_2400,37,5,t_8_16,168.9998016357422,0.0,0.16666666666666674,0.9999982564002594,1.0,0.5240566884618826,0
311__3963_2400,38,5,t_8_16,128.0,0.25,0.29166666666666663,,1.0,0.7347372665975533,0
311__3963_2400,39,5,t_8_16,242.0,0.25,0.125,0.11007135221436681,4.0,0.8701222314049593,0
311__3963_2400,40,5,t_8_16,196.00021362304688,0.0,0.125,0.3646616106831305,2.0,0.5736386641286715,0
311__3963_2400,41,5,t_8_16,120.0,0.5,0.0,0.015736284354298535,5.0,0.7392113136962621,0
311__3963_2400,42,5,t_8_16,160.0,0.0,0.16666666666666674,0.2510446848998204,2.0,0.809681752082059,0
311__3963_2400,43,5,t_8_16,120.0,0.25,0.08333333333333337,0.24044978359695593,2.0,0.7113761924973018,0
311__3963_2400,44,5,t_8_16,143.999755859375,0.25,0.19999999999999996,0.3171770015671671,3.0,0.6177440429333518,0
311__3963_2400,45,5,t_8_16,191.9996337890625,0.25,0.08333333333333337,0.2468374747940485,3.0,0.7559614739583337,0
311__3963_2400,46,5,t_8_16,252.00027465820312,0.0,0.1696428571428572,0.8627287310467089,7.0,0.5401229322294847,0
311__3963_2400,47,5,s_16_32,528.0000610351562,1.0,0.12045454545454537,0.059988507032407774,10.0,0.9330433439301472,0
311__3963_2400,48,5,t_8_16,223.9990234375,0.25,0.14583333333333337,0.051890428791787506,3.0,0.8439433911584651,0
311__3963_2400,49,5,t_8_16,224.0,0.5,0.0625,0.18539159296004667,4.0,0.7602804123783661,0
311__3963_2400,50,5,t_8_16,110.0,0.5,0.05555555555555558,0.15989873654728806,7.0,0.5370371578278718,0
311__3963_2400,51,5,s_16_32,287.9996337890625,0.0,0.14375000000000004,0.747821529579722,5.0,0.47018330338580755,1
311__3963_2400,52,5,t_8_16,220.0,0.25,0.125,0.14473508653852607,3.0,0.8067382359140239,0
311__3963_2400,53,5,t_8_16,200.0,0.75,0.11250000000000004,0.0018249883664358474,4.0,0.8382556414424217,0
311__3963_2400,54,5,t_8_16,112.0,0.0,0.125,,1.0,0.7396236009268408,0
311__3963_2400,55,5,t_8_16,200.0,0.25,0.20833333333333337,0.7445002839109613,2.0,0.8179148945565969,0
311__3963_2400,56,5,s_16_32,308.0,0.25,0.0,0.5178029674237173,6.0,0.8751124793008552,0
311__3963_2400,57,5,t_8_16,220.0,0.25,0.17500000000000004,0.47815811681762654,4.0,0.8318245630370272,0
311__3963_2400,58,5,s_16_32,324.0,0.5,0.1875,0.09628568229347925,4.0,0.7572389524396456,0
311__3963_2400,59,5,s_16_32,320.0,0.0,0.1026785714285714,0.3415126004709417,7.0,0.5438767675634384,0
311__3963_2400,60,5,s_16_32,374.0,0.25,0.04166666666666663,0.5283017878867828,6.0,0.7010810596180229,0
311__3963_2400,61,5,s_16_32,279.9991455078125,0.25,0.1071428571428571,0.02242246062932683,7.0,0.854426253725107,0
311__3963_2400,62,5,t_8_16,144.0,0.5,0.08333333333333337,0.1925667949644758,3.0,0.69342111094097,0
31da537ca,0,3,s_16_32,364.0,0.25,0.05902777777777779,0.21930823879373768,8.0,0.9635111525964539,0
362__0_1200,0,5,s_16_32,572.0,0.3333333333333333,0.06060606060606055,0.1237505638990035,10.0,0.6188618024475513,0
362__0_1200,1,5,t_8_16,224.0,0.5,0.09999999999999998,0.031793976621807975,3.0,0.8717002577404106,0
362__0_1200,2,5,t_8_16,192.0,0.0,0.0,0.24236584662621674,5.0,0.8568047526571537,0
362__0_1200,3,5,t_8_16,139.99978637695312,0.25,0.16666666666666674,0.029571002460797413,2.0,0.7129930357769838,0
362__0_1200,4,5,t_8_16,192.0,0.0,0.0625,0.11331721651892805,4.0,0.8551737242319322,0
362__0_1200,5,5,t_8_16,252.0,1.0,0.0,0.014534578500068951,7.0,0.6937245634920648,0
362__0_1200,6,5,t_8_16,192.0,0.5,0.125,0.08869566802406083,4.0,0.827260184680982,0
362__0_1200,7,5,t_8_16,224.0,0.25,0.14583333333333337,0.21821651638712708,4.0,0.638608963709278,0
362__0_1200,8,5,t_8_16,192.0,0.75,0.16249999999999998,0.18088261375213113,3.0,0.7907330999984553,0
362__0_1200,9,5,t_8_16,140.0,0.0,0.0,0.44300171008709893,2.0,0.7322277270535668,0
362__0_1200,10,5,t_8_16,252.0,0.5,0.1607142857142857,0.08195006069412543,6.0,0.7909704123455565,0
362__0_1200,11,5,t_8_16,159.99969482421875,0.25,0.0,0.20230592558802288,3.0,0.7520351399552646,0
362__0_1200,12,5,t_8_16,252.0,0.5,0.0,0.06914838038551847,4.0,0.8022389543736271,0
362__0_1200,13,5,t_8_16,140.0,0.25,0.0,0.01982230933240904,3.0,0.8557319417137036,0
362__0_1200,14,5,t_8_16,252.0,1.0,0.1607142857142857,0.007670384615582845,6.0,0.8552678095238067,0
362__0_1200,15,5,t_8_16,192.0,0.75,0.0625,0.011651881789128243,4.0,0.9013759672798659,0
362__0_1200,16,5,t_8_16,192.0,0.5,0.33333333333333337,0.3248858428944027,2.0,0.7234799374999945,0
362__0_1200,17,5,t_8_16,140.0,0.5,0.125,0.1158009680358235,2.0,0.7054406039020594,0
362__0_1200,18,5,t_8_16,192.0,0.5,0.0,0.04237661761212462,5.0,0.8275758985783379,0
362__0_1200,20,5,t_8_16,224.0,0.5,0.2500000000000001,0.09472409999510543,2.0,0.6118393747767872,0
362__0_1200,21,5,s_16_32,320.0,0.0,0.23750000000000004,0.2305409514856873,5.0,0.7702183339015088,0
362__0_1200,22,5,s_16_32,560.0,0.5,0.1333333333333333,0.1178415010993515,10.0,0.823344423224016,0
362__0_1200,23,5,t_8_16,240.0,0.25,0.20833333333333337,0.06509744794570123,3.0,0.691704662019935,0
362__0_1200,24,5,s_16_32,671.9991455078125,0.25,0.045454545454545414,0.11350775273977508,10.0,0.8122211825394703,0
362__0_1200,25,5,s_16_32,359.9993896484375,0.5,0.125,0.17117070837178766,6.0,0.68535800646394,0
362__0_1200,26,5,s_16_32,360.0,0.0,0.0714285714285714,0.2852305142086924,7.0,0.7986606283781958,0
362__0_1200,27,5,s_16_32,360.0,0.0,0.125,0.37093757476894734,8.0,0.6889901451347213,0
362__0_1200,28,5,s_16_32,320.0,0.0,0.19999999999999996,0.11948722827176994,3.0,0.6488455312500021,0
362__0_1200,29,5,s_16_32,288.0,0.25,0.1416666666666666,0.0944859805756398,5.0,0.6908113582196528,0
362__0_1200,31,5,s_16_32,599.9981689453125,0.25,0.14090909090909087,0.11562025093655327,8.0,0.8766043810102063,0
362__0_1200,32,5,s_16_32,572.0,0.25,0.050000000000000044,0.018388839775967763,8.0,0.6658592569930051,0
362__0_1200,33,5,s_16_32,912.0,0.5,0.0,0.020190569923412272,10.0,0.7410931291444323,0
362__0_1200,34,5,t_8_16,192.0,0.6666666666666666,0.11111111111111116,0.031354052641317125,3.0,0.8681141918805784,0
362__0_1200,35,5,t_8_16,240.0,0.25,0.1785714285714286,0.23111782264887473,7.0,0.7396346547597369,0
362__0_1200,36,5,s_16_32,280.0,0.25,0.0714285714285714,0.012383176468218859,5.0,0.8642955839574984,0
362__0_1200,37,5,t_8_16,192.0,0.0,0.33333333333333337,0.5865716599726245,2.0,0.8013823846134581,0
362__0_1200,38,5,t_8_16,224.0,0.5,0.09166666666666656,0.04689457329684413,5.0,0.7485182226711979,0
362__0_1200,39,5,s_16_32,256.0,0.25,0.16666666666666674,0.08032714863434771,6.0,0.7406989079086893,0
362__0_1200,40,5,t_8_16,192.0,0.25,0.0625,0.24655778504279086,3.0,0.8252380208333358,0
362__0_1200,41,5,s_16_32,288.0,0.25,0.07738095238095233,0.10218053465208254,6.0,0.773229809022856,0
362__0_1200,42,5,t_8_16,196.0,0.0,0.125,0.3005332816374082,2.0,0.7326909562166213,0
362__0_1200,43,5,s_16_32,440.0,0.0,0.07777777777777772,0.06997579873658276,8.0,0.6735556207350472,0
362__0_1200,44,5,t_8_16,140.0,0.0,0.16666666666666674,0.8833549793144289,2.0,0.8210703048009041,0
362__0_1200,45,5,t_8_16,252.0,0.25,0.0625,0.20744032671201637,3.0,0.8353730358291495,0
362__0_1200,46,5,t_8_16,140.0,0.0,0.20833333333333337,0.2773852617474379,2.0,0.7416387642369462,0
362__0_1200,47,5,s_16_32,280.0,0.25,0.0625,0.10210834827974202,4.0,0.6311400418421574,0
362__0_1200,48,5,t_8_16,216.0,0.5,0.08333333333333337,0.29530516190255973,3.0,0.8145481790864401,0
362__0_1200,49,5,t_8_16,160.0009765625,0.5,0.14583333333333337,0.000651568121003308,3.0,0.7469506459462183,0
362__0_1200,50,5,t_8_16,139.9993896484375,0.0,0.2666666666666667,0.3844395529683569,3.0,0.6460300667930485,0
362__0_1200,51,5,s_16_32,576.0,0.25,0.13333333333333341,0.14316998893612423,10.0,0.8154015313752833,0
362__0_1200,52,5,s_16_32,864.0,0.0,0.1742424242424242,0.2839982104019055,10.0,0.7838061732331353,0
362__0_1200,53,5,t_8_16,224.0,0.25,0.09999999999999998,0.14027515064188673,3.0,0.8056661181568713,0
362__0_1200,54,5,t_8_16,192.0,0.5,0.08333333333333337,0.14242856197684203,3.0,0.7813415819947831,0
362__0_1200,55,5,t_8_16,252.0,0.25,0.09999999999999998,0.1386276987903733,5.0,0.7074407978532029,0
362__0_1200,56,5,t_8_16,216.0,0.5,0.0625,0.09807220206769504,3.0,0.743343298613142,0
362__0_1200,57,5,t_8_16,252.0,0.5,0.09999999999999998,0.3089428687138096,3.0,0.8215304528599036,0
362__0_1200,58,5,t_8_16,195.99935913085938,0.25,0.25,0.3243422563406536,5.0,0.716126837314539,0
362__0_1200,59,5,t_8_16,140.0008544921875,0.25,0.20833333333333337,0.617438938902181,2.0,0.6129780254881843,0
362__0_1200,60,5,s_16_32,432.0,0.75,0.09595959595959591,0.0634354612676838,9.0,0.8232307500000007,0
362__0_1200,61,5,t_8_16,192.00018310546875,0.0,0.22499999999999998,0.17674726048566722,3.0,0.7885836255662015,0
362__0_1200,62,5,t_8_16,167.9991455078125,0.0,0.375,,1.0,0.8538216074240532,0
362__0_1200,63,5,t_8_16,192.0,0.0,0.08333333333333337,0.06426199849075205,3.0,0.6228845284203524,0
362__0_1200,64,5,t_8_16,168.0,0.25,0.16666666666666674,0.10862766026804457,2.0,0.6758433616989485,0
362__0_1200,65,5,s_16_32,280.0,0.5,0.08333333333333337,0.13422321106946347,6.0,0.7893992682195892,0
362__0_1200,66,5,t_8_16,168.0,0.5,0.14583333333333337,0.03787264452590433,3.0,0.7782179753343811,0
362__0_1200,67,5,s_16_32,432.0,0.75,0.0,0.018127241040783615,8.0,0.8945927731481443,0
362__0_1200,68,5,s_16_32,308.0,0.75,0.0,0.04499586601485232,6.0,0.8886074648183245,0
362__0_1200,69,5,s_16_32,280.0,0.25,0.08333333333333337,0.02353849603160945,4.0,0.6638501500000035,0
362__0_1200,70,5,t_8_16,160.0,0.5,0.08333333333333337,0.017724105385192958,2.0,0.6648464212098149,0
362__0_1200,71,5,s_16_32,352.000244140625,0.25,0.12142857142857144,0.06738434058853679,5.0,0.9078556648739123,0
362__0_1200,72,5,t_8_16,200.0,0.5,0.050000000000000044,0.04392813506166019,4.0,0.6854215642401876,0
362__0_1200,73,5,s_16_32,432.0,0.25,0.050000000000000044,0.19354323847302227,8.0,0.70494625,0
362__0_1200,74,5,s_16_32,352.0,0.25,0.0,0.47351852363513103,7.0,0.5827132897727275,0
362__0_1200,75,5,t_8_16,192.0,0.0,0.19999999999999996,0.4692686877407722,5.0,0.7682316713531288,0
362__0_1200,76,5,s_16_32,340.0,0.0,0.0714285714285714,0.02574594894673309,6.0,0.4671831646031615,1
362__1800_2342,0,5,t_8_16,149.9993896484375,0.0,0.08333333333333337,0.35689789341444506,2.0,0.5652235622569459,0
362__1800_2342,1,5,t_8_16,192.0,0.25,0.16249999999999998,0.21581782973449706,3.0,0.7301861756651704,0
362__1800_2342,2,5,t_8_16,112.0,0.5,0.5,,0.0,0.548865796275287,0
362__1800_2342,3,5,t_8_16,96.0,0.0,0.0,,1.0,0.46374499814185594,1
362__1800_2342,4,5,t_8_16,144.0,0.0,0.125,0.20396554216010324,2.0,0.5630216915179526,0
362__1800_2342,5,5,t_8_16,156.0,0.0,0.29166666666666674,0.4331231378517519,2.0,0.6643121032300005,0
362__1800_2342,6,5,t_8_16,110.0,0.0,0.16666666666666674,0.07965333346162588,3.0,0.5491826404925022,0
362__1800_2342,7,5,t_8_16,140.0,0.0,0.08333333333333337,0.1611582710912628,2.0,0.6171576346675428,0
362__1800_2342,8,5,t_8_16,144.0,0.0,0.08333333333333337,0.14913195315633665,3.0,0.6976151483563822,0
362__1800_2342,9,5,t_8_16,110.0,0.5,0.375,0.13715299289531918,2.0,0.44145478776579483,1
362__1800_2342,10,5,t_8_16,96.0,0.25,0.125,,1.0,0.4736420937727669,1
362__1800_2342,11,5,t_8_16,96.0,0.25,0.125,0.09525984818823031,2.0,0.5442521224372934,0
362__1800_2342,12,5,t_8_16,120.0,0.0,0.375,,1.0,0.595986010380646,0
362__1800_2342,13,5,t_8_16,88.0,0.25,0.25,,1.0,0.5456833378507232,0
362__1800_2342,14,5,t_8_16,88.0,0.25,0.375,,1.0,0.38978872600602343,1
362__1800_2342,15,5,t_8_16,119.9993896484375,0.0,0.125,,1.0,0.6523907904340721,0
362__1800_2342,16,5,t_8_16,144.0,0.0,0.25,0.10853208757208109,4.0,0.6304735944261092,0
362__1800_2342,17,5,t_8_16,168.0,0.0,0.25,,1.0,0.7225637573668843,0
362__1800_2342,18,5,t_8_16,120.0,0.5,0.125,0.0993358254580228,2.0,0.5815688051145487,0
362__1800_2342,19,5,t_8_16,144.0,0.0,0.25,0.24426130892460884,4.0,0.6843232841931441,0
362__1800_2342,20,5,t_8_16,168.0,0.25,0.16666666666666674,0.1445656915029162,3.0,0.6060544567168002,0
362__1800_2342,21,5,s_16_32,256.0,0.25,0.2833333333333333,0.11939663511190024,3.0,0.7697688939449981,0
362__1800_2342,22,5,s_16_32,440.0,0.25,0.07499999999999996,0.2887679737549216,10.0,0.67939979886217,0
362__1800_2342,23,5,s_16_32,520.0,0.5,0.0,0.07509180483143696,10.0,0.8402129774799774,0
362__1800_2342,24,5,s_16_32,624.0,0.0,0.1454545454545454,0.539074892034773,10.0,0.7947583001273387,0
362__1800_2342,25,5,s_16_32,432.0,0.25,0.2232142857142857,0.28392364256489194,6.0,0.6590937369330132,0
362__1800_2342,26,5,s_16_32,440.0,0.25,0.11309523809523803,0.06390595252675688,5.0,0.7500642740564858,0
362__1800_2342,27,5,s_16_32,352.0,0.25,0.14583333333333337,0.15922568659224945,6.0,0.6728223736209071,0
362__1800_2342,28,5,s_16_32,361.0,0.5,0.0625,0.05883606295107739,8.0,0.7815162150657364,0
362__1800_2342,29,5,t_8_16,224.0,0.3333333333333333,0.0,0.2926662397968512,5.0,0.8700018698437507,0
362__1800_2342,30,5,t_8_16,224.0,0.25,0.16666666666666663,0.007945116155103902,6.0,0.8067632590635758,0
362__1800_2342,31,5,t_8_16,224.0,0.25,0.09999999999999998,0.04602890829527368,3.0,0.8650812159772981,0
362__1800_2342,32,5,s_16_32,308.0,0.5,0.25,0.03043973248158556,8.0,0.7091241457721127,0
362__1800_2342,33,5,s_16_32,280.0,0.3333333333333333,0.05555555555555547,0.14485090839593773,6.0,0.72023556190588,0
362__1800_2342,34,5,s_16_32,256.000244140625,0.5,0.125,0.03719231178115631,5.0,0.5696366294393039,0
362__1800_2342,35,5,s_16_32,368.0,0.5,0.0,0.007392556610384173,7.0,0.5496551168478233,0
362__1800_2342,36,5,s_16_32,324.0,0.5,0.125,0.07067335634624332,6.0,0.6854214074074082,0
362__1800_2342,37,5,t_8_16,182.0,0.25,0.050000000000000044,0.14634491543883216,4.0,0.9392697367257751,0
362__1800_2342,38,5,s_16_32,378.0,0.25,0.0,0.11871650163099182,7.0,0.7330422015730022,0
362__1800_2342,39,5,t_8_16,240.0,0.5,0.0,0.13346835055936374,4.0,0.7534307063160026,0
362__1800_2342,40,5,s_16_32,256.0,0.5,0.19999999999999996,0.02599221369983675,3.0,0.7416591534083603,0
362__1800_2342,41,5,s_16_32,299.99977111816406,0.5,0.0357142857142857,0.09095015055129997,7.0,0.7576568627962098,0
362__1800_2342,42,5,t_8_16,252.0,0.5,0.0625,0.05857291654592075,3.0,0.7170451343860109,0
362__1800_2342,43,5,s_16_32,360.0,0.5,0.03125,0.057908471045785725,8.0,0.8263484476011154,0
362__1800_2342,44,5,s_16_32,306.0,0.0,0.15476190476190477,0.21337678164785306,5.0,0.5775579489580911,0
362__1800_2342,45,5,t_8_16,195.99957275390625,0.25,0.125,0.2051234351509161,3.0,0.6499958840153433,0
362__1800_2342,46,5,s_16_32,324.0,0.75,0.11309523809523803,0.2590023135497801,5.0,0.8523302869098974,0
362__1800_2342,47,5,s_16_32,280.0,0.5,0.2142857142857142,0.14499377348573103,7.0,0.6887988793111393,0
362__1800_2342,48,5,t_8_16,196.0,0.25,0.1416666666666666,0.031055647335498694,5.0,0.8206111402585475,0
362__1800_2342,49,5,t_8_16,168.0,0.25,0.16666666666666674,0.007529915752862766,3.0,0.5925730187923292,0
362__1800_2342,50,5,t_8_16,238.0008544921875,0.25,0.0625,0.042129583545180434,3.0,0.7883750506673854,0
362__1800_2342,51,5,s_16_32,280.0,0.25,0.1696428571428572,0.19029636524087043,4.0,0.6404959684268533,0
362__1800_2342,52,5,s_16_32,441.00064086937346,0.0,0.09545454545454546,0.2532518632689932,10.0,0.5509856122448973,0
362__1800_2342,53,5,s_16_32,624.0,0.25,0.045454545454545414,0.18503388370694293,10.0,0.7593759868503217,0
362__1800_2342,54,5,s_16_32,420.0,0.25,0.050000000000000044,0.10161148582528783,10.0,0.6519693904761902,0
362__1800_2342,55,5,s_16_32,288.0,0.25,0.0714285714285714,0.4193158450074809,7.0,0.6148635208333333,0
362__1800_2342,56,5,s_16_32,440.0,0.25,0.10624999999999996,0.15418190088900507,7.0,0.7897996398555915,0
362__1800_2342,57,5,s_16_32,324.0,0.75,0.18214285714285716,0.04753959119819546,7.0,0.6738624444444429,0
362__1800_2342,58,5,s_16_32,520.0,0.5,0.09595959595959602,0.003065115518181837,9.0,0.611068605029097,0
362__1800_2342,59,5,t_8_16,81.0,0.0,0.29166666666666674,0.22776543553281955,2.0,0.35483829195460326,1
38af45d7f,0,3,t_8_16,90.00091552734375,0.25,0.17500000000000004,0.3109807100907654,4.0,0.7151929638227664,0
395e9eb84,0,3,t_8_16,210.0,0.5,0.16666666666666674,0.20533263397821636,2.0,0.848016571428572,0
395e9eb84,1,3,t_8_16,180.0,0.0,0.08333333333333337,0.11055636717127902,2.0,0.8422875508172575,0
395e9eb84,2,3,t_8_16,65.0,0.25,0.18333333333333335,0.7721862890731503,3.0,0.7139247037454115,0
395e9eb84,3,3,t_8_16,95.99998474121094,0.0,0.0,,1.0,0.6994145895921285,0
395e9eb84,4,3,t_8_16,143.0,0.0,0.125,0.81480051604429,4.0,0.7117285185128004,0
395e9eb84,5,3,t_8_16,181.9999876022339,0.5,0.2333333333333334,0.012575093087195099,3.0,0.7099526385946128,0
3af35da77,0,3,t_8_16,64.0,0.25,0.25,,1.0,0.6283367175283403,0
3af35da77,1,3,t_8_16,88.0,0.0,0.0,,1.0,0.4932635981755352,1
3d4e85911,0,3,t_8_16,128.0,0.5,0.5,,0.0,0.7026512315358419,0
3e12064c9,0,3,t_8_16,120.0,0.5,0.1071428571428571,0.2416596692019102,7.0,0.6786095874506732,0
3e12064c9,1,3,t_8_16,126.0,0.5,0.19999999999999996,0.4654117165273102,3.0,0.7803341950716356,0
3e571b7c7,0,3,t_8_16,128.0,0.0,0.0,0.540049426836865,2.0,0.6626797694426189,0
40d6b6c63,0,3,t_8_16,169.00079345703125,0.0,0.125,0.5401864335761264,2.0,0.8123101000007797,0
40d6b6c63,1,3,t_8_16,169.00039672851562,0.0,0.16666666666666674,0.32950521964069224,2.0,0.8048879999999973,0
42__1800_1200,0,5,t_8_16,168.0,0.0,0.0,0.11114373485762563,3.0,0.8166604284915181,0
42__1800_1200,1,5,t_8_16,120.0,0.0,0.125,0.3461914671624732,2.0,0.8508110715465471,0
42__1800_1200,2,5,t_8_16,210.0,0.6666666666666666,0.08333333333333337,0.16003218440679778,3.0,0.7136945109790863,0
42__1800_1200,3,5,t_8_16,140.0,0.25,0.0,0.1128984598103695,2.0,0.8053089097306365,0
42__1800_1200,4,5,t_8_16,216.0,0.75,0.0,0.11937883333466523,5.0,0.8796688231458256,0
42__1800_1200,5,5,t_8_16,140.0,0.25,0.18333333333333335,0.1633218174191472,3.0,0.7628396176647704,0
42__1800_1200,6,5,t_8_16,98.0,0.5,0.18333333333333335,0.0328791208498237,3.0,0.8440833524928466,0
42__1800_1200,7,5,t_8_16,153.99989318847656,0.25,0.0,0.034486709703909386,2.0,0.8619700742085961,0
42__1800_1200,8,5,t_8_16,120.0,0.25,0.25,,1.0,0.6069095568651264,0
42__1800_1200,9,5,t_8_16,168.0,0.25,0.2500000000000001,0.12587083601334886,2.0,0.8465574994903309,0
42__1800_1200,10,5,t_8_16,80.0,0.6666666666666666,0.6666666666666667,,0.0,0.7536551350452756,0
42__1800_1200,11,5,t_8_16,168.0,0.25,0.16666666666666674,0.30734989742269325,2.0,0.8607696685450013,0
42__1800_1200,12,5,t_8_16,176.0,0.25,0.25,0.1884347316742985,2.0,0.8339605966893664,0
42__1800_1200,13,5,t_8_16,140.0,0.25,0.20833333333333337,0.03159297694807684,2.0,0.8082175528952762,0
42__1800_1200,14,5,t_8_16,104.000244140625,0.0,0.0,0.04360395747871311,2.0,0.4327343167085805,1
42__1800_1200,15,5,t_8_16,100.0,0.0,0.20833333333333337,0.2708909630979578,2.0,0.7106494765164693,0
42__1800_1200,16,5,t_8_16,90.0,0.5,0.5,0.022834921516046876,2.0,0.0,1
42__1800_1200,17,5,t_8_16,72.00048828125,0.25,0.125,,1.0,0.7800327030209493,0
42__1800_1200,18,5,t_8_16,80.0,0.0,0.0,,1.0,0.7183785575691686,0
42__1800_1200,19,5,t_8_16,84.0,0.0,0.22499999999999998,0.24207298996525936,4.0,0.6669671462788691,0
42__1800_1200,20,5,t_8_16,64.0,0.25,0.25,0.3225496530267905,2.0,0.49821282672111505,1
42__1800_1200,23,5,t_8_16,144.0,0.25,0.0,0.05476728815953054,2.0,0.6212652968674844,0
42__1800_1200,24,5,t_8_16,144.0,0.0,0.125,0.1895229512630407,2.0,0.7955287838462068,0
45e192ef3,0,3,t_8_16,77.0,0.25,0.25,0.3084001588111351,2.0,0.6281900680426287,0
45e192ef3,1,3,t_8_16,76.99966430664062,0.0,0.0625,0.26163878334197016,3.0,0.7551878577802859,0
46__1200_1200,0,5,t_8_16,77.0,0.6666666666666666,0.0,0.041026120858090966,2.0,0.7270092736827303,0
46__1200_1200,1,5,t_8_16,140.0,0.5,0.0,0.0077858975461397115,2.0,0.6038406039298873,0
46__1200_1200,2,5,s_16_32,288.0,0.0,0.26249999999999996,0.037822984506672964,3.0,0.605227024221907,0
46__1200_1200,3,5,t_8_16,180.0,0.0,0.08333333333333337,0.08738797067278234,3.0,0.6179481368926626,0
46__1200_1200,5,5,t_8_16,167.9999885559082,0.5,0.08333333333333337,0.013296367783470427,2.0,0.7875898099418451,0
46__1200_1200,6,5,s_16_32,256.0,0.75,0.050000000000000044,0.03222984717837541,5.0,0.6771573835711256,0
46__1200_1200,7,5,t_8_16,144.0,0.25,0.08333333333333337,0.042793860143217094,2.0,0.8227219105553303,0
46__1200_1200,8,5,t_8_16,252.0,0.5,0.1741071428571428,0.018547003869465426,7.0,0.7130357759184807,0
46__1200_1200,9,5,t_8_16,240.0,0.0,0.19999999999999996,0.022244031657850744,5.0,0.6005965491964761,0
46__1200_1200,10,5,t_8_16,120.0,0.0,0.0,0.16124907823508247,2.0,0.7352827175810469,0
46__1200_1200,11,5,t_8_16,80.0,0.25,0.25,,1.0,0.7942030299829976,0
46__1200_1200,12,5,t_8_16,112.0,0.25,0.25,,1.0,0.7622458998589252,0
46__1200_1200,13,5,t_8_16,168.0,0.25,0.08333333333333337,0.053650166471336753,2.0,0.7387065245055928,0
46__1200_1200,14,5,t_8_16,90.0006103515625,0.0,0.0,,1.0,0.7032099139006501,0
46__1200_1200,15,5,t_8_16,88.0,0.0,0.125,,1.0,0.6343005397839929,0
46__1200_1200,16,5,s_16_32,256.0,0.25,0.09999999999999998,0.22643298867514486,5.0,0.5065161406249999,0
46__1200_1200,17,5,t_8_16,196.0,0.25,0.18333333333333335,0.9678282484928546,3.0,0.6957461498270862,0
46__1200_1200,18,5,s_16_32,256.0,0.5,0.125,0.0031085235625206735,4.0,0.5785435996425354,0
46__1200_1200,19,5,t_8_16,196.0,0.25,0.22916666666666674,0.36399734831695724,3.0,0.8094276910378457,0
46__1200_1200,20,5,t_8_16,224.0,0.5,0.0,0.13402080888865475,5.0,0.815290350446215,0
46__1200_1200,21,5,t_8_16,112.0,0.5,0.33333333333333337,,1.0,0.7815798267431361,0
46__1200_1200,22,5,t_8_16,88.0,0.25,0.20833333333333337,0.0962483730162231,2.0,0.6998753578742022,0
46__1200_1200,23,5,t_8_16,224.0,0.0,0.0,0.06805238385366322,5.0,0.6809367752435183,0
46__1200_1200,24,5,t_8_16,238.0,0.25,0.0,0.05126600222640835,5.0,0.7525376985016851,0
46__1200_1200,25,5,t_8_16,192.0,0.25,0.125,0.04688637011013648,2.0,0.8569761905769362,0
46__1200_1200,26,5,t_8_16,132.0,0.5,0.125,0.013684735288172514,2.0,0.8065543554682981,0
46__1200_1200,27,5,t_8_16,139.9993896484375,0.25,0.20833333333333337,0.09244457310172327,2.0,0.7786762228031608,0
46__1200_1200,28,5,t_8_16,72.0,0.0,0.0,,1.0,0.6770913223922356,0
46__1200_1200,29,5,t_8_16,192.0,0.25,0.0625,0.7073699066160282,3.0,0.7495605616738247,0
46__1200_1200,30,5,t_8_16,140.0,0.25,0.08333333333333337,0.5374016413343287,2.0,0.851512975624425,0
46__1200_1200,31,5,t_8_16,120.0,0.25,0.0,0.21473465031020536,2.0,0.7082018168282477,0
46__1200_1200,32,5,t_8_16,110.0,0.75,0.20833333333333337,0.054832187927722174,2.0,0.7219718307296525,0
46__1200_1200,33,5,t_8_16,160.0,0.0,0.18333333333333335,0.0197761938692201,3.0,0.7363396718433478,0
46__1200_1200,34,5,t_8_16,120.0,0.5,0.375,,1.0,0.5917858635049957,0
46__1200_1200,35,5,t_8_16,119.9999771118164,0.5,0.125,0.24587672791701531,2.0,0.8593220241399024,0
46__1200_1200,36,5,t_8_16,150.00015258789062,0.25,0.09999999999999998,0.06234892984545043,3.0,0.750740326413932,0
46__1200_1200,37,5,t_8_16,144.0,0.0,0.375,,1.0,0.7004464251512801,0
46__1200_1200,38,5,t_8_16,66.0,0.0,0.125,0.4643115794748871,2.0,0.6925259421004879,0
46__1200_1200,39,5,s_16_32,459.99737549200654,0.0,0.09545454545454546,0.16952997515633783,10.0,0.8079991195652191,0
46__1200_1200,40,5,t_8_16,168.0,0.5,0.125,0.1393669300768953,4.0,0.6024399523809569,0
46__1200_1200,41,5,t_8_16,180.0,0.25,0.16249999999999998,0.44237153620512176,3.0,0.849981105743196,0
46__1200_1200,42,5,t_8_16,195.0,0.5,0.08333333333333337,0.09587720618089554,2.0,0.7319192205128212,0
46__1200_1200,43,5,t_8_16,168.0,0.0,0.0625,0.14885953855340436,3.0,0.6798846899490544,0
46__1200_1200,44,5,t_8_16,165.0,0.25,0.20833333333333337,0.1707500048667216,2.0,0.7418519393939371,0
46__1200_1200,45,5,t_8_16,130.00022888183594,0.0,0.08333333333333337,0.2473659670290593,2.0,0.8391858012704744,0
46__1200_1200,46,5,t_8_16,156.0,0.25,0.125,0.3116601800242015,2.0,0.7772720848056512,0
46__1200_1200,47,5,t_8_16,167.99932861234993,0.5,0.125,0.07871843318667851,4.0,0.7287644410546422,0
46__1200_1200,48,5,t_8_16,179.99990844726562,0.25,0.18333333333333335,0.07327076863313976,3.0,0.8100659520584942,0
46__1200_1200,49,5,t_8_16,143.0,0.25,0.08333333333333337,0.11464529484944988,2.0,0.7748959448266651,0
46__1200_1200,50,5,t_8_16,126.0,0.5,0.19999999999999996,0.2428586008684732,3.0,0.6856281693217633,0
46__1200_600,0,5,t_8_16,210.00002670288086,0.25,0.16666666666666674,0.019619816178481124,2.0,0.8043492474452965,0
46__1200_600,1,5,t_8_16,168.0,0.25,0.09999999999999998,0.11401612899128243,5.0,0.60312494110108,0
46__1200_600,2,5,s_16_32,324.0,0.25,0.0714285714285714,0.27761290825392226,5.0,0.6467341643802949,0
46__1200_600,3,5,t_8_16,144.0,0.0,0.08333333333333337,0.40577023117508243,2.0,0.6044619211895123,0
46__1200_600,5,5,s_16_32,456.0,0.0,0.02777777777777779,0.030464864516250703,8.0,0.8115342036229516,0
46__1200_600,6,5,t_8_16,140.0,0.0,0.08333333333333337,0.4295875396030629,2.0,0.8058338678257937,0
46__1200_600,7,5,t_8_16,160.0,0.0,0.25,0.4753898328225462,2.0,0.715329704146787,0
46__1200_600,8,5,t_8_16,170.00015258789062,0.5,0.20833333333333337,0.06565736549038986,2.0,0.6353830828193008,0
46__1200_600,9,5,t_8_16,240.0,0.25,0.14583333333333337,0.28552866817933314,3.0,0.8106673081598206,0
46__1200_600,10,5,t_8_16,132.0,0.25,0.16666666666666674,0.08187323857842145,2.0,0.5098869119500319,0
46__1200_600,11,5,t_8_16,154.0,0.0,0.20833333333333337,0.2912143103725429,2.0,0.5633538253430133,0
46__1200_600,12,5,t_8_16,196.0008544921875,0.0,0.25,0.05379411146172721,2.0,0.7448748477371919,0
46__1200_600,14,5,t_8_16,224.00010681152344,0.0,0.3666666666666667,0.24138085607905038,3.0,0.7008207607685119,0
46__1200_600,15,5,t_8_16,192.0,0.5,0.19999999999999996,0.044835184078340376,5.0,0.7110437819415836,0
46__1200_600,16,5,t_8_16,196.0,0.25,0.20833333333333337,0.13695416829620494,2.0,0.8377078882310197,0
46__1200_600,17,5,t_8_16,224.0,0.0,0.08333333333333337,0.45438192943517747,3.0,0.6303569456493294,0
46__1200_600,18,5,t_8_16,238.0,0.5,0.0,0.13587841213072305,5.0,0.8938571630024992,0
46__1200_600,19,5,t_8_16,132.0,0.25,0.18333333333333335,0.17681639147208178,3.0,0.7497607368648523,0
46__1200_600,20,5,s_16_32,256.0,0.5,0.125,0.04415319318276416,4.0,0.6502907079548905,0
46__1200_600,21,5,t_8_16,144.0,0.5,0.08333333333333337,0.03756792898927321,3.0,0.6440806541305654,0
46__1200_600,22,5,t_8_16,252.0,0.25,0.1937500000000001,0.08865023712506136,5.0,0.8237536884020664,0
46__1200_600,23,5,t_8_16,168.0,0.25,0.125,0.2503093059144041,2.0,0.8976927489121233,0
46__1200_600,24,5,t_8_16,196.0,0.25,0.0,0.4995052406058597,2.0,0.9302461554439763,0
46__1200_600,25,5,t_8_16,195.9991455078125,0.5,0.15000000000000002,0.05275427305372214,5.0,0.6688285625510131,0
46__1200_600,26,5,t_8_16,196.0,0.25,0.0625,0.13226522807891886,3.0,0.9158550056788411,0
46__1200_600,27,5,t_8_16,144.0,0.0,0.125,0.5645100956237438,2.0,0.9113906425977226,0
46__1200_600,28,5,t_8_16,120.0,0.0,0.25,,1.0,0.7127355230081183,0
46__1200_600,29,5,t_8_16,120.0,0.25,0.0,0.14841671423332356,2.0,0.6224749827605937,0
46__1200_600,30,5,t_8_16,144.0,0.25,0.25,0.10518537947245767,2.0,0.6880616966575082,0
46__1200_600,31,5,t_8_16,120.0,0.0,0.375,,1.0,0.6325365566521037,0
46__1200_600,32,5,t_8_16,144.0,0.25,0.125,0.1891159758041567,2.0,0.7899360522296867,0
46__1200_600,33,5,t_8_16,180.0,0.25,0.0,0.010676871646021786,4.0,0.7371270177658212,0
46__1200_600,34,5,t_8_16,209.9991455078125,0.0,0.050000000000000044,0.12850329356856377,4.0,0.8261153425460956,0
46__1200_600,35,5,t_8_16,210.0,0.25,0.050000000000000044,0.09542124965120766,4.0,0.8712562809624337,0
46__1200_600,36,5,t_8_16,121.0,0.0,0.125,,1.0,0.7248981548046968,0
46__1200_600,37,5,t_8_16,144.0,0.25,0.0,0.17889553576372982,3.0,0.8866654259824713,0
46__1200_600,38,5,t_8_16,168.0,0.0,0.0,0.08382582804539974,2.0,0.8748955183367632,0
46__1200_600,39,5,t_8_16,110.0,1.0,0.0,0.061496897586983956,2.0,0.6853269395337204,0
46__1200_600,40,5,t_8_16,160.0,0.5,0.18333333333333335,0.06518245798964922,3.0,0.7482989559748162,0
46__1200_600,41,5,t_8_16,120.0,0.25,0.16666666666666674,0.19652313771324484,2.0,0.6192930102237716,0
46__1200_600,42,5,t_8_16,144.0,0.0,0.16666666666666674,0.3828507828233177,3.0,0.8860572032131093,0
46__1200_600,43,5,t_8_16,95.999267578125,0.25,0.16249999999999998,0.3454828835087819,3.0,0.7157865501631183,0
46__1200_600,44,5,t_8_16,120.0,0.25,0.25,0.2625603594670692,2.0,0.7866021727873358,0
46__1200_600,45,5,t_8_16,131.99932861328125,0.25,0.20833333333333337,0.15214194771549713,2.0,0.7087804624705667,0
46__1200_600,46,5,t_8_16,100.0,0.25,0.25,,1.0,0.7162783125545574,0
46__1200_600,47,5,t_8_16,216.0,0.25,0.09999999999999998,0.08001160662647423,3.0,0.7529626383020749,0
46__1200_600,48,5,t_8_16,237.99981689080596,0.5,0.0,0.21160645003370582,3.0,0.7602423111461393,0
46__1200_600,49,5,t_8_16,109.9993896484375,0.0,0.125,,1.0,0.772721292013325,0
46__1200_600,50,5,t_8_16,108.0,0.25,0.25,,1.0,0.7095503269007154,0
46__1200_600,51,5,t_8_16,100.0,0.0,0.0,,1.0,0.6461032978617967,0
46__1200_600,52,5,t_8_16,144.0,0.0,0.0,0.4534110668364437,2.0,0.7270938140007795,0
46__1200_600,53,5,t_8_16,96.0,0.0,0.125,0.36370505703562506,2.0,0.5964357932946367,0
46__1200_600,54,5,t_8_16,209.99994277954102,0.5,0.16666666666666674,0.04890901229244665,2.0,0.746634671029591,0
46__1200_600,55,5,s_16_32,280.0,0.0,0.14583333333333337,0.039898420705328376,4.0,0.6589135286343605,0
46__1200_600,56,5,t_8_16,156.0,0.5,0.0,0.11928840423026929,3.0,0.6852722976576894,0
46__1200_600,57,5,t_8_16,120.0,0.25,0.125,,1.0,0.7486115837914848,0
46__1200_600,58,5,t_8_16,120.0,0.0,0.125,0.3933335544308447,2.0,0.8150484570079939,0
46__1200_600,59,5,s_16_32,270.0,0.5,0.25,0.006334488096285392,7.0,0.7304155848662064,0
46__1200_600,60,5,t_8_16,195.9991455078125,0.75,0.20833333333333337,0.2917788335561244,2.0,0.8504754649707925,0
46__1200_600,61,5,t_8_16,167.9999542236328,0.0,0.125,,1.0,0.603584543127281,0
46__1200_600,62,5,t_8_16,64.0,0.0,0.125,,1.0,0.35671409555860073,1
46__1200_600,63,5,t_8_16,144.0,0.0,0.16666666666666674,0.03832020170530043,2.0,0.6817709904824345,0
46__1200_600,64,5,t_8_16,181.99963378719985,0.0,0.15000000000000002,0.2307943458480235,5.0,0.7702643990171061,0
46__1200_600,65,5,t_8_16,144.0,0.25,0.08333333333333337,0.047815334894756485,3.0,0.7218598192040061,0
46__1200_600,67,5,t_8_16,132.0,0.25,0.08333333333333337,0.3593848262019868,3.0,0.773941710931833,0
46__1200_600,68,5,t_8_16,168.0,0.5,0.0,0.030038151493577376,4.0,0.6945583071605661,0
46__1200_600,69,5,t_8_16,182.0,0.5,0.09999999999999998,0.006216777866305879,3.0,0.8104029275469501,0
46__1200_600,70,5,t_8_16,221.0,0.5,0.1875,0.04220289196445048,4.0,0.8892966517514288,0
46__1200_600,71,5,t_8_16,143.0,0.5,0.08333333333333337,0.0468994838019621,2.0,0.740440275836748,0
46__1200_600,72,5,t_8_16,112.0,0.25,0.0,0.06916251024040251,2.0,0.5931537031329077,0
46__1200_600,74,5,t_8_16,120.0,0.75,0.25,0.05278025720851631,4.0,0.6406057273958332,0
46__1200_600,75,5,t_8_16,155.99960327148438,0.0,0.20833333333333337,0.4743234898872775,3.0,0.7843351556079821,0
46__1200_600,76,5,s_16_32,272.0,0.25,0.19999999999999996,0.09854128826341038,3.0,0.691165504762584,0
46__1200_600,77,5,t_8_16,191.9996337890625,0.25,0.0625,0.09695981038862654,4.0,0.8310744425598482,0
46__1200_600,78,5,t_8_16,143.0,0.0,0.08333333333333337,0.463787802521853,2.0,0.8516188380054923,0
46__1200_600,79,5,t_8_16,180.0,0.25,0.16666666666666674,0.14923240104792737,2.0,0.7152531395053235,0
46__1200_600,80,5,s_16_32,525.0,0.0,0.14646464646464652,0.8121906491101468,8.0,0.1657304377899977,1
46__1200_600,81,5,t_8_16,156.0,0.5,0.0,0.03673867038829459,3.0,0.8027689991385061,0
46__1200_600,82,5,t_8_16,195.0,0.25,0.22499999999999998,0.005782918043890579,3.0,0.6964523726884081,0
46__1200_600,83,5,t_8_16,100.0,0.25,0.25,0.1604852600715675,2.0,0.7080395432710316,0
46__1200_600,84,5,t_8_16,181.99920654296875,0.0,0.1875,0.15841040876659862,4.0,0.5664931753038426,0
46__1200_600,85,5,t_8_16,210.0,0.25,0.19999999999999996,0.11226801477228221,5.0,0.6488037809523798,0
46__1200_600,86,5,t_8_16,143.0,0.0,0.0,0.46328255526358586,3.0,0.4921224649910519,1
46__1200_600,87,5,s_16_32,294.0,0.0,0.17142857142857137,0.18102445588224955,5.0,0.71207561654791,0
46__1200_600,88,5,s_16_32,396.0,0.25,0.05902777777777779,0.07848103441070854,8.0,0.7298807892949535,0
46adb7e21,0,3,s_16_32,475.0,0.75,0.0,0.004956541259613384,8.0,0.8878581563527669,0
46adb7e21,1,3,t_8_16,255.0,0.25,0.0,0.051426545976556194,5.0,0.8117737706216701,0
46adb7e21,2,3,t_8_16,121.0,0.0,0.08333333333333337,0.2810976785225213,2.0,0.7394125186829957,0
4b3cd2574,0,3,t_8_16,100.0,0.25,0.25,0.32649917673410517,2.0,0.5610035951307276,0
4b3cd2574,1,3,t_8_16,168.0,0.25,0.08333333333333337,0.11412300025144635,3.0,0.8850207725027838,0
4ebc412fe,0,3,t_8_16,239.999267578125,0.5,0.0,0.20756498460946338,3.0,0.8168455993764502,0
53208bafb,0,3,t_8_16,80.0,0.25,0.375,,1.0,0.5241576462302536,0
53208bafb,1,3,t_8_16,171.0,0.5,0.2767857142857143,0.05437302931978173,4.0,0.7630979243182254,0
53__600_1200,0,5,t_8_16,180.00009155273438,0.25,0.09999999999999998,0.08536627333036276,3.0,0.7584476088468004,0
53__600_1200,1,5,t_8_16,176.0,0.25,0.09999999999999998,0.02951342136268224,5.0,0.6363551832609425,0
53__600_1200,3,5,t_8_16,140.0,0.25,0.08333333333333337,0.008114168042596502,2.0,0.7221438235891066,0
53__600_1200,4,5,t_8_16,168.0,0.25,0.14583333333333337,0.25888146727501316,3.0,0.6267806306688566,0
53__600_1200,5,5,t_8_16,168.0,0.0,0.20833333333333337,0.1800873340034337,2.0,0.6953256395630706,0
53__600_1200,6,5,t_8_16,144.0,0.0,0.20833333333333337,0.06273356075969523,2.0,0.7362493735197934,0
53__600_1200,7,5,t_8_16,180.0,0.5,0.22916666666666674,0.21840455147201543,3.0,0.7307957756546832,0
53__600_1200,8,5,t_8_16,111.99954223644454,0.5,0.09999999999999998,0.060836378261429895,3.0,0.9226131491795905,0
53__600_1200,9,5,t_8_16,112.0,0.0,0.125,0.4523823460064306,2.0,0.7069116260480476,0
53__600_1200,10,5,t_8_16,111.9990234375,0.5,0.050000000000000044,0.2233781351925188,5.0,0.7912970338255761,0
53__600_1200,11,5,t_8_16,112.0,0.5,0.29166666666666674,0.15471291235832574,2.0,0.7456743457515941,0
53__600_1200,12,5,t_8_16,100.0,0.25,0.08333333333333337,0.2683319711188806,2.0,0.6442231433893564,0
53__600_1200,13,5,t_8_16,64.0,0.0,0.125,,1.0,0.46394946639214585,1
53__600_1200,14,5,t_8_16,120.0,0.0,0.125,0.14578278539054754,2.0,0.743438197557525,0
53__600_1200,15,5,t_8_16,140.0,0.25,0.125,0.49272218055965955,2.0,0.7205079134755964,0
53__600_1200,16,5,t_8_16,112.0,0.0,0.08333333333333337,0.29998551900433057,2.0,0.6518395395171611,0
53__600_1200,17,5,t_8_16,80.0,0.5,0.5,,0.0,0.5407307389476429,0
53__600_1200,18,5,t_8_16,100.0,0.25,0.25,,1.0,0.7085226668268804,0
53__600_1200,19,5,t_8_16,224.0,0.25,0.0,0.07065145456962389,5.0,0.6306820000000016,0
53__600_1200,20,5,t_8_16,216.0,0.0,0.0,0.2126264481214471,3.0,0.6007073068977228,0
53__600_1200,21,5,t_8_16,167.99978637695312,0.5,0.0,0.03397283704217436,4.0,0.6700396379898826,0
53__600_1200,22,5,t_8_16,168.0,0.25,0.0625,0.14263547330847545,3.0,0.7876312943813083,0
53__600_1200,23,5,s_16_32,288.0,0.5,0.08333333333333337,0.05263307515037674,6.0,0.591255326388887,0
53__600_1200,24,5,s_16_32,288.0,0.0,0.1428571428571428,0.14384582223606546,7.0,0.5846111284722242,0
53__600_1200,25,5,t_8_16,195.0,0.5,0.125,0.12122801145668773,4.0,0.8448714999849446,0
53__600_1200,26,5,s_16_32,380.0,0.5,0.0,0.1283894832920433,6.0,0.796520081578953,0
53__600_1200,27,5,t_8_16,195.0,0.25,0.125,0.11545481872218383,4.0,0.8055692610848461,0
53__600_1200,28,5,t_8_16,144.0,0.5,0.16666666666666674,0.27206154399289384,3.0,0.8650469477061223,0
53__600_1200,29,5,t_8_16,238.0,0.5,0.0,0.0011693858381381678,5.0,0.6232430175849861,0
53__600_1200,30,5,t_8_16,121.0,0.5,0.08333333333333337,0.00031309362333556716,2.0,0.7284033839647297,0
53__600_1200,31,5,t_8_16,165.0,0.0,0.08333333333333337,0.05355544673479614,2.0,0.8332973332089155,0
53__600_1200,32,5,t_8_16,182.0,0.5,0.19999999999999996,0.059526690173020355,4.0,0.7143900027127815,0
53__600_1200,33,5,t_8_16,126.0,0.0,0.16666666666666674,0.1933406171716669,3.0,0.8491534111455405,0
53__600_1200,34,5,t_8_16,143.0,0.25,0.25,0.26184064564441456,2.0,0.7006328028058112,0
53__600_1200,35,5,t_8_16,104.0,0.25,0.08333333333333337,0.03683985205469589,2.0,0.6625350112384613,0
53__600_1200,36,5,t_8_16,83.99972534179688,0.5,0.08333333333333337,0.2516271114349997,3.0,0.7732752844465468,0
53__600_1200,37,5,t_8_16,144.0,0.0,0.125,0.6029361156084823,2.0,0.5421212510205251,0
53__600_1200,38,5,t_8_16,80.0,0.25,0.125,0.1987778634679253,2.0,0.5222443782559306,0
557bf583e,2,3,t_8_16,90.0000305166468,0.0,0.20833333333333337,0.032893073895812336,2.0,0.7023037893628995,0
557bf583e,6,3,t_8_16,81.0,0.0,0.0,,1.0,0.8592065891407326,0
557bf583e,7,3,t_8_16,100.0,0.5,0.16666666666666674,0.08127468743300467,2.0,0.7490350213806208,0
557bf583e,8,3,t_8_16,175.99932861328125,0.25,0.18333333333333335,0.23955143590711117,3.0,0.7963533716966293,0
557bf583e,11,3,t_8_16,84.0003662109375,0.25,0.125,0.2528630695777965,3.0,0.8883913008218296,0
557bf583e,12,3,t_8_16,170.0,0.0,0.0,0.5471514247190762,2.0,0.4630141058823488,1
557bf583e,13,3,t_8_16,239.998779296875,0.0,0.09999999999999998,0.2670561872931215,5.0,0.436903637500001,1
557bf583e,14,3,t_8_16,88.0,0.25,0.125,0.5530503208431177,2.0,0.5799298122739315,0
56435f779,0,3,t_8_16,88.0,0.25,0.375,,1.0,0.4807162992043265,1
56435f779,1,3,t_8_16,72.0,0.25,0.125,,1.0,0.7164190941688625,0
567261abb,0,3,t_8_16,81.0,0.0,0.125,,1.0,0.6578458095579598,0
567261abb,6,3,t_8_16,72.0,0.0,0.125,,1.0,0.790489751388054,0
567261abb,7,3,t_8_16,84.0,0.25,0.08333333333333337,0.05107662467363551,3.0,0.7664997419967936,0
568__2400_2400,0,5,t_8_16,192.0,0.5,0.19999999999999996,0.07850172494484126,5.0,0.8395311285512291,0
568__2400_2400,1,5,s_16_32,540.0,0.25,0.07045454545454544,0.11772048930766885,10.0,0.8898238161279604,0
568__2400_2400,2,5,t_8_16,216.0,0.75,0.29166666666666674,0.008087499438963364,2.0,0.8509869843799603,0
568__2400_2400,3,5,t_8_16,140.0,0.5,0.0,0.0818289518726526,2.0,0.6209246356471178,0
568__2400_2400,4,5,t_8_16,112.0,0.0,0.0,0.32461859559008027,2.0,0.5514684357369349,0
568__2400_2400,5,5,t_8_16,168.0,0.5,0.08333333333333337,0.006616308713788235,3.0,0.7418145792851574,0
568__2400_2400,6,5,t_8_16,240.0,0.25,0.0625,0.07592952316866143,4.0,0.7550609990595546,0
568__2400_2400,7,5,s_16_32,504.0,0.5,0.16180555555555554,0.09741159392767511,7.0,0.864889276188442,0
568__2400_2400,8,5,t_8_16,240.0,0.25,0.08333333333333337,0.09266004310555749,6.0,0.6158873540731836,0
568__2400_2400,9,5,s_16_32,840.0,0.0,0.045454545454545414,0.0953724019255141,10.0,0.3634861119047619,1
568__2400_2400,10,5,t_8_16,180.0,0.75,0.25,0.003938621224535195,4.0,0.8559853237764269,0
568__2400_2400,11,5,s_16_32,308.0,0.25,0.2222222222222222,0.03893367089924275,9.0,0.7232157890289634,0
568__2400_2400,12,5,t_8_16,179.99972534179688,0.25,0.125,0.07732115772282189,4.0,0.6774530971602158,0
568__2400_2400,13,5,t_8_16,191.999267578125,0.25,0.29166666666666674,0.17634991813855208,2.0,0.6975588144223259,0
568__2400_2400,14,5,s_16_32,720.0,0.25,0.12878787878787878,0.020022085380482748,10.0,0.7474352061429864,0
568__2400_2400,15,5,t_8_16,96.0,0.25,0.125,0.15896058344062466,6.0,0.5400499633232856,0
568__2400_2400,16,5,t_8_16,180.0,0.5,0.16249999999999998,0.06174129643521148,3.0,0.8259017595493491,0
568__2400_2400,17,5,s_16_32,575.9989013671875,0.5,0.07500000000000007,0.025267359845439985,9.0,0.8091692361111068,0
568__2400_2400,18,5,s_16_32,280.0,0.0,0.0,0.17419240349764778,4.0,0.6438243987739466,0
568__2400_2400,19,5,t_8_16,252.0,0.75,0.15000000000000002,0.030888602553302186,5.0,0.8122723095238178,0
568__2400_2400,20,5,t_8_16,180.0,0.5,0.16249999999999998,0.009801951502630928,3.0,0.6202191681734065,0
568__2400_2400,21,5,t_8_16,168.0,0.25,0.20833333333333337,0.22915526781556292,2.0,0.7944466959753742,0
568__2400_2400,22,5,s_16_32,280.0,0.5,0.04166666666666663,0.09026584673900973,6.0,0.6367309017410202,0
568__2400_2400,23,5,t_8_16,240.0,1.0,0.125,0.010409250363084512,6.0,0.85008646666666,0
568__2400_2400,24,5,t_8_16,96.0,0.25,0.5,,1.0,0.5650608934928847,0
568__2400_2400,25,5,s_16_32,748.0001831052359,0.0,0.0,0.012634391159417276,10.0,0.762486021285819,0
568__2400_2400,26,5,s_16_32,540.0,0.75,0.025000000000000022,0.034263092297187624,9.0,0.9143987150164724,0
568__2400_2400,27,5,t_8_16,144.0,0.25,0.125,0.1158224567730036,4.0,0.6544486631964861,0
568__2400_2400,28,5,t_8_16,224.0001220703125,0.5,0.09999999999999998,0.0033857781869513328,5.0,0.7052494964629197,0
568__2400_2400,29,5,t_8_16,128.0,0.25,0.20833333333333337,0.4503512184090872,2.0,0.7305399118358564,0
568__2400_2400,30,5,t_8_16,160.0,0.0,0.08333333333333337,0.3119900753348794,2.0,0.7446624253690359,0
568__2400_2400,31,5,t_8_16,200.0,0.25,0.08333333333333337,0.23221966035529956,3.0,0.807878233697891,0
568__2400_2400,32,5,t_8_16,128.0,0.25,0.0,0.10095081914881743,2.0,0.7673634788311161,0
568__2400_2400,33,5,t_8_16,160.0,0.5,0.08333333333333337,0.15867375081771537,3.0,0.890206525687052,0
5716a88a1,0,3,t_8_16,238.0,0.25,0.09999999999999998,0.09749611951537035,5.0,0.906157150253991,0
5787d635c,0,3,s_16_32,400.0,0.25,0.0625,0.17811829805712542,8.0,0.8166501675000042,0
5787d635c,1,3,t_8_16,195.0,0.0,0.125,0.07391475105855501,4.0,0.836466196120113,0
5787d635c,2,3,t_8_16,133.00021362304688,0.0,0.0714285714285714,0.10147596175112233,7.0,0.8303222534429587,0
5787d635c,3,3,t_8_16,182.0,0.0,0.1875,0.22549429528713863,4.0,0.6864650792685102,0
5787d635c,4,3,t_8_16,72.0,0.5,0.20833333333333337,0.16946367707051607,2.0,0.7434369999999925,0
59f0da06d,0,3,t_8_16,110.00003814697266,0.0,0.125,,1.0,0.7778571161081583,0
59f0da06d,1,3,t_8_16,135.0009841923602,0.25,0.20833333333333337,0.06421223891965182,2.0,0.7009051604440718,0
5aa473f77,0,3,t_8_16,234.0,0.25,0.09999999999999998,0.12675286837253652,5.0,0.5747960256410237,0
5aa473f77,2,3,t_8_16,110.0,0.0,0.125,,1.0,0.45496418703905306,1
5aa473f77,3,3,t_8_16,150.0,0.25,0.2666666666666667,0.9393125283344618,3.0,0.0,1
5aa473f77,4,3,s_16_32,456.0,0.25,0.14090909090909087,0.05263830981531359,10.0,0.7986997434675448,0
5aa473f77,5,3,t_8_16,234.00079345703125,0.5,0.0,0.13028405158388504,5.0,0.8720542293073248,0
5aa473f77,6,3,s_16_32,900.0,0.75,0.045454545454545414,0.06141862690730726,10.0,0.8441436733333342,0
5aa473f77,7,3,s_16_32,811.9995727539062,0.25,0.045454545454545414,0.050583440261569565,10.0,0.8573987024257321,0
5aa473f77,8,3,s_16_32,425.0,0.25,0.1527777777777778,0.2568302504444284,9.0,0.770674084867138,0
5aa473f77,9,3,s_16_32,374.0,0.0,0.0,0.14086759701275298,7.0,0.751975743601726,0
5aa6ab87c,0,3,t_8_16,180.0,0.25,0.125,0.08606848078516005,4.0,0.840220791961084,0
5b6999ae6,0,3,t_8_16,153.0,0.5,0.125,0.06933045439642538,3.0,0.7277345196900021,0
5bb210460,0,3,s_16_32,460.0,0.75,0.03125,0.01711138253992639,8.0,0.8978871986478062,0
5bb210460,1,3,s_16_32,650.0,0.0,0.08333333333333337,0.00867942234854743,10.0,0.6572936999999991,0
5bb210460,2,3,s_16_32,699.9969482421875,0.0,0.045454545454545414,0.10782341674733309,10.0,0.7956186314285693,0
5bb210460,3,3,s_16_32,256.0,0.5,0.050000000000000044,0.0371363247061084,5.0,0.8246474742296409,0
5bb210460,4,3,t_8_16,254.99896240234375,0.25,0.16666666666666663,0.0676242573637891,6.0,0.8532567919419702,0
5bb210460,5,3,t_8_16,81.0,0.25,0.16666666666666663,0.7560449041685398,2.0,0.5375400018968943,0
5f0b17585,1,3,t_8_16,144.0,0.25,0.18333333333333335,0.38949017454472196,3.0,0.8151013888888942,0
5f55ef176,0,3,t_8_16,169.0,0.0,0.18333333333333335,0.5692879460935736,3.0,0.0,1
600__600_2342,0,5,s_16_32,528.0,0.0,0.0,0.02188632081090239,10.0,0.48172724621212404,1
600__600_2342,1,5,t_8_16,192.0,0.25,0.125,0.2436815169325324,4.0,0.8407145628421574,0
600__600_2342,2,5,t_8_16,179.99969482421875,0.25,0.08333333333333337,0.2744215579391835,3.0,0.8022958844493912,0
600__600_2342,3,5,t_8_16,180.0,0.5,0.08333333333333337,0.033571484664596175,2.0,0.6661474686769862,0
600__600_2342,4,5,t_8_16,160.0,0.25,0.0,0.03407551431373816,3.0,0.7719074240438621,0
600__600_2342,5,5,t_8_16,216.0,0.25,0.0,0.18218142515255323,5.0,0.7692490701323013,0
600__600_2342,6,5,t_8_16,180.0,0.0,0.08333333333333337,0.1504476582846843,2.0,0.7298950607274954,0
600__600_2342,7,5,t_8_16,140.0,0.25,0.08333333333333337,0.31120285451921226,2.0,0.7503318396155829,0
600__600_2342,8,5,t_8_16,160.0,0.25,0.08333333333333337,0.019746295984349193,3.0,0.7403842524440423,0
600__600_2342,9,5,t_8_16,119.99981689453125,0.5,0.08333333333333337,0.19695060041922574,2.0,0.709387847235597,0
600__600_2342,10,5,t_8_16,192.0,0.25,0.08333333333333337,0.20388088791346565,2.0,0.711285229070108,0
600__600_2342,11,5,t_8_16,139.9993896484375,0.0,0.0,0.2934365051700137,2.0,0.674830319465204,0
600__600_2342,12,5,t_8_16,139.9993896484375,0.0,0.16666666666666674,0.6514087103849996,3.0,0.7668189298849032,0
600__600_2342,13,5,t_8_16,96.0,0.0,0.0,,1.0,0.5586444097690496,0
600__600_2342,14,5,t_8_16,139.9993896484375,0.25,0.27083333333333337,0.059184087149362866,3.0,0.7539090937443067,0
600__600_2342,15,5,s_16_32,264.0,0.0,0.09166666666666656,0.3249600920448223,5.0,0.7951880936231727,0
600__600_2342,16,5,t_8_16,144.0,0.25,0.0,0.022019895031524257,2.0,0.6147261475248115,0
600__600_2342,17,5,s_16_32,468.0,0.75,0.13611111111111118,0.10350167610942429,9.0,0.9232522614555261,0
600__600_2342,18,5,t_8_16,160.0,0.25,0.18333333333333335,0.2714644358355441,3.0,0.7841081503630258,0
600__600_2342,19,5,t_8_16,199.99969482421875,0.25,0.25,0.04269301970111315,4.0,0.7265338143151291,0
600__600_2342,20,5,t_8_16,140.0,0.5,0.25,0.01831399815339572,4.0,0.8578320464116546,0
600__600_2342,21,5,t_8_16,160.0,0.0,0.20833333333333337,0.07413079827551253,2.0,0.7167517893286945,0
600__600_2342,22,5,t_8_16,192.0,0.5,0.08333333333333337,0.2233450727329327,2.0,0.48476714682058536,1
600__600_2342,23,5,t_8_16,96.0,0.5,0.0,0.1977628428522293,2.0,0.7206825683582814,0
600__600_2342,24,5,t_8_16,180.0,0.5,0.125,0.1968802961949078,3.0,0.8519512902374992,0
600__600_2342,25,5,t_8_16,112.0,0.0,0.0,0.5502161167658542,3.0,0.5507431856398122,0
600__600_2342,26,5,t_8_16,192.0,0.5,0.0,0.004809031094025045,4.0,0.8207519609773479,0
600__600_2342,27,5,t_8_16,168.0,0.5,0.16666666666666674,0.0023793976660856364,2.0,0.6392619013989226,0
600__600_2342,28,5,t_8_16,140.0,0.0,0.0,0.258632366977007,3.0,0.6842235697777354,0
600__600_2342,29,5,t_8_16,112.0,0.25,0.25,,1.0,0.5054645419378213,0
600__600_2342,30,5,t_8_16,252.0008544921875,1.0,0.125,0.0025922741095405623,6.0,0.7265771479161847,0
600__600_2342,31,5,t_8_16,160.00095748889726,0.0,0.20833333333333337,0.28026821423294124,2.0,0.7895206143196454,0
600__600_2342,33,5,s_16_32,280.0,0.75,0.0714285714285714,0.05255561582625128,7.0,0.8849476984254132,0
600__600_2342,34,5,t_8_16,191.9990234375,0.25,0.20833333333333337,0.03509349449491725,3.0,0.8521809327359087,0
600__600_2342,35,5,s_16_32,336.0,0.0,0.03125,0.16297180331680572,7.0,0.7123683477594283,0
600__600_2342,36,5,t_8_16,216.0,0.25,0.15000000000000002,0.16723327178557232,5.0,0.8477066219666791,0
600__600_2342,37,5,t_8_16,180.0006103515625,0.5,0.0,0.11338789641915362,3.0,0.593742051612454,0
600__600_2342,38,5,t_8_16,240.0,0.5,0.1785714285714286,0.060710727346941586,7.0,0.8626686065972833,0
600__600_2342,39,5,t_8_16,216.0,1.0,0.16666666666666663,0.00538196265342134,6.0,0.8694725658360428,0
600__600_2342,40,5,t_8_16,191.999267578125,0.0,0.16666666666666674,0.17218407426605417,2.0,0.853550267942146,0
600__600_2342,41,5,t_8_16,100.0,0.25,0.20833333333333337,0.2526098993147628,2.0,0.6750046070751945,0
600__600_2342,42,5,t_8_16,216.0,0.5,0.0,0.008968092536513053,3.0,0.8881292246274636,0
600__600_2342,43,5,t_8_16,192.0,0.5,0.0,0.07993561743024076,4.0,0.898013398890361,0
600__600_2342,44,5,t_8_16,251.9989013671875,0.75,0.1607142857142857,0.05451258635355521,6.0,0.807933440476196,0
600__600_2342,45,5,t_8_16,160.0,0.5,0.18333333333333335,0.23219140245067824,3.0,0.81013599822437,0
600__600_2342,46,5,t_8_16,180.0,0.5,0.19999999999999996,0.009688764176807474,5.0,0.8370394077453588,0
600__600_2342,47,5,t_8_16,240.0,0.25,0.09999999999999998,0.21182405284064984,5.0,0.8367072522200891,0
600__600_2342,48,5,s_16_32,416.0,0.0,0.09027777777777779,0.9494814334475471,8.0,0.7737329717362981,0
600__600_2342,49,5,t_8_16,224.0,0.25,0.0625,0.14892920349640465,4.0,0.6415600058431732,0
600__600_2342,50,5,t_8_16,128.0,0.5,0.16666666666666674,0.9442702051934255,2.0,0.5866688181861063,0
600__600_2342,51,5,t_8_16,144.0,0.25,0.375,,1.0,0.6219947109547646,0
600__600_2342,52,5,t_8_16,200.0,0.75,0.0,0.006900168995472151,2.0,0.6925498793842779,0
600__600_2342,53,5,t_8_16,252.0,0.0,0.19166666666666665,0.2696478169926,5.0,0.5914577033578116,0
600__600_2342,54,5,s_16_32,288.0,0.5,0.26249999999999996,0.056737029428316016,3.0,0.6888591567458597,0
600__600_2342,55,5,t_8_16,196.0,0.5,0.0,0.12121419052354904,4.0,0.4386939454723229,1
600__600_2342,56,5,s_16_32,287.999755859375,0.25,0.0,0.21343632329895626,3.0,0.5565707374920976,0
600__600_2342,57,5,t_8_16,192.0,0.25,0.09999999999999998,0.1435382697871793,5.0,0.7488145254724444,0
600__600_2342,58,5,s_16_32,440.0,0.0,0.05555555555555558,0.03368813999929166,9.0,0.4133688136363634,1
600__600_2342,59,5,t_8_16,140.0,0.25,0.2500000000000001,0.341840001134224,3.0,0.6867782276714977,0
600__600_2342,60,5,s_16_32,288.0,0.5,0.09999999999999998,0.05672197720493184,5.0,0.6315585296029044,0
600__600_2342,61,5,t_8_16,200.001220703125,0.25,0.11250000000000004,0.3646322328042426,4.0,0.6001982179966795,0
600__600_2342,62,5,s_16_32,256.0,0.0,0.19999999999999996,0.32303328222992145,3.0,0.7439009008115472,0
600__600_2342,63,5,s_16_32,280.0,0.25,0.0357142857142857,0.12572888048853545,6.0,0.7578462087155178,0
600__600_2342,64,5,s_16_32,280.0,0.0,0.08333333333333337,0.24431316184689642,4.0,0.4661270430486102,1
600__600_2342,65,5,t_8_16,112.0,0.25,0.125,0.047926100493910335,2.0,0.48042788447116497,1
600__600_2342,66,5,t_8_16,224.0,0.0,0.20833333333333337,0.419205560546919,2.0,0.463775187994772,1
600__600_2342,67,5,t_8_16,95.9996337890625,0.0,0.29166666666666663,,1.0,0.5482421574644678,0
600__600_2342,68,5,s_16_32,288.0,0.5,0.125,0.09210828639524031,8.0,0.6790480425555238,0
600__600_2342,69,5,s_16_32,320.0,0.0,0.1499999999999999,0.07500122330076757,4.0,0.4968900781249967,1
600__600_2342,70,5,t_8_16,140.0,0.5,0.375,0.3690107750838831,4.0,0.6110104369465054,0
600__600_2342,71,5,t_8_16,84.0,0.0,0.0,0.08384683900108517,2.0,0.42958586042014024,1
600__600_2342,72,5,s_16_32,287.9989013671875,0.0,0.26249999999999996,0.39803145652959765,3.0,0.3829006186752959,1
600__600_2342,73,5,t_8_16,160.0,0.5,0.0,,0.0,0.6719402989415143,0
600__600_2342,74,5,s_16_32,264.0,0.5,0.125,0.00630444484891536,6.0,0.7097693579857213,0
600__600_2342,75,5,s_16_32,352.0,1.0,0.0,0.07360972035243404,7.0,0.6747793977272726,0
600__600_2342,76,5,t_8_16,196.0,0.0,0.20833333333333337,0.3164397996923112,2.0,0.6560588101418117,0
600__600_2342,77,5,t_8_16,140.0,0.0,0.22916666666666674,0.6199429811973988,3.0,0.7191314698712872,0
600__600_2342,78,5,s_16_32,336.0,0.25,0.22499999999999998,0.052316923708177025,3.0,0.5366683921034717,0
600__600_2342,79,5,t_8_16,96.0,0.25,0.125,0.2590845280647749,2.0,0.6114787478459227,0
600__600_2342,80,5,t_8_16,168.0,0.25,0.0625,0.28742034216934104,3.0,0.7658574301679947,0
600__600_2342,81,5,t_8_16,128.0,0.0,0.08333333333333337,0.3912446933564534,2.0,0.530976222070345,0
600__600_2342,82,5,s_16_32,308.0,0.0,0.08333333333333337,0.07422205748013215,4.0,0.6678395032467509,0
600__600_2342,83,5,t_8_16,139.99957275390625,0.5,0.1875,0.14693076276940492,4.0,0.8103626258240815,0
600__600_2342,84,5,t_8_16,196.0,0.25,0.17500000000000004,0.1688254527601609,4.0,0.45763494406220906,1
600__600_2342,85,5,t_8_16,160.0009765625,0.0,0.08333333333333337,0.10287839143362944,3.0,0.6621335839956767,0
600__600_2342,86,5,t_8_16,140.0,0.25,0.0,0.21242415063245057,2.0,0.6646901700215865,0
600__600_2342,87,5,s_16_32,320.0,0.5,0.125,0.19943731921569224,6.0,0.5524873586462693,0
600__600_2342,88,5,t_8_16,168.0,0.5,0.0625,0.0408562559465484,3.0,0.7417681472144962,0
600__600_2342,89,5,s_16_32,287.9989013671875,0.5,0.1416666666666666,0.015021124216450552,5.0,0.4393197883502865,1
600__600_2342,90,5,t_8_16,112.0,0.25,0.25,0.9999999606629407,1.0,0.434746792260014,1
600__600_2342,91,5,s_16_32,260.0,0.25,0.0,0.05728580795267054,4.0,0.4657416118213303,1
600__600_2342,92,5,s_16_32,264.0,0.0,0.19374999999999998,0.3083389575980676,5.0,0.5536841118411858,0
600__600_2342,93,5,t_8_16,192.0,0.25,0.0,0.05624185884580906,4.0,0.8063663749426188,0
600__600_2342,94,5,t_8_16,140.0,0.25,0.2666666666666667,0.23093789383205535,3.0,0.7353694389432682,0
600__600_2342,95,5,t_8_16,96.0,0.25,0.0625,0.1732591129856079,4.0,0.5264106707075111,0
600__600_2342,96,5,t_8_16,160.0,0.5,0.125,0.04014191966904135,2.0,0.7417659961474237,0
600__600_2342,97,5,t_8_16,180.0,0.5,0.08333333333333337,0.07929312600912532,2.0,0.6769302214429597,0
600__600_2342,98,5,t_8_16,80.0,0.25,0.25,0.024552878423941854,2.0,0.40945198618607265,1
600__600_2342,99,5,t_8_16,192.0,0.25,0.08333333333333337,0.2169418433594441,3.0,0.7283958739966735,0
600__600_2342,100,5,s_16_32,480.0,0.5,0.08125000000000004,0.16627523561587276,8.0,0.6481435659887763,0
600__600_2342,101,5,t_8_16,252.0,0.5,0.125,0.020483111549737882,4.0,0.7926055630125376,0
600__600_2342,102,5,t_8_16,160.0,0.0,0.16666666666666674,0.214196443801026,3.0,0.594088859438113,0
600__600_2342,103,5,t_8_16,239.99954223632812,0.75,0.025000000000000022,0.005258999789537953,10.0,0.4460799767255538,1
600__600_2342,104,5,t_8_16,239.9993896484375,0.5,0.1696428571428572,0.08209521002011831,4.0,0.5819652478188434,0
600__600_2342,105,5,t_8_16,140.0,0.0,0.08333333333333337,0.5175233861056214,2.0,0.4306362699380632,1
600__600_2342,106,5,s_16_32,336.0,0.0,0.1875,0.02361603112067344,4.0,0.41545933572502874,1
600__600_2342,107,5,t_8_16,216.0,0.5,0.125,0.033294829854395906,4.0,0.8466829836492035,0
600__600_2342,108,5,s_16_32,280.0,0.75,0.0,0.007008008761641744,5.0,0.6420672863902221,0
600__600_2342,109,5,s_16_32,287.9989013671875,0.0,0.04166666666666663,0.10354764146981878,5.0,0.6436380431563742,0
600__600_2342,110,5,t_8_16,140.0,0.25,0.125,0.9998962115708806,1.0,0.6216008920718721,0
600__600_2342,111,5,t_8_16,168.0,0.25,0.375,,1.0,0.4886926003170224,1
600__600_2342,112,5,s_16_32,360.0,0.0,0.0714285714285714,0.7699089110755178,7.0,0.42186576112075647,1
600__600_2342,113,5,s_16_32,384.0,0.25,0.09375,0.004532987461879339,8.0,0.6475511718750002,0
600__600_2342,114,5,t_8_16,192.0,0.25,0.16249999999999998,0.17798716050525282,3.0,0.7971210912133774,0
600__600_2342,115,5,s_16_32,360.0,0.5,0.0,0.026721898245277147,5.0,0.5426494155367804,0
600__600_2342,116,5,s_16_32,256.0,0.0,0.16666666666666674,0.10623586597247711,4.0,0.5595276351220941,0
600__600_2342,117,5,t_8_16,252.0,0.25,0.0,0.06528718867595779,4.0,0.6501402387058848,0
600__600_2342,118,5,t_8_16,128.0,0.0,0.0,0.12528945557511362,2.0,0.673881022116991,0
600__600_2342,119,5,s_16_32,416.0,0.25,0.13888888888888895,0.09682649157445111,9.0,0.7966468464615336,0
600__600_2342,120,5,t_8_16,144.0,0.0,0.0625,0.2964651676887087,3.0,0.4451142099203747,1
600__600_2342,121,5,s_16_32,319.9993896484375,0.5,0.16666666666666663,0.06968560558322137,6.0,0.6222196968749999,0
600__600_2342,122,5,t_8_16,216.0,0.5,0.1416666666666666,0.058243813850926585,5.0,0.7152769011286523,0
600__600_2342,123,5,t_8_16,140.0,0.5,0.2666666666666667,0.11633162598699959,3.0,0.6638675234553566,0
600__600_2342,124,5,t_8_16,139.99957275390625,0.0,0.125,0.027623739634822963,2.0,0.6497540111671165,0
600__600_2342,125,5,s_16_32,364.0,0.0,0.0357142857142857,0.19295226234169496,6.0,0.6505967318942814,0
600__600_2342,126,5,s_16_32,959.9993896484375,0.25,0.0,0.07170258959780894,10.0,0.6732996375000014,0
600__600_2342,127,5,s_16_32,263.99829101748765,0.25,0.19583333333333341,0.016450961680341637,4.0,0.8443019439684768,0
600__600_2342,128,5,t_8_16,111.99951171875,0.25,0.20833333333333337,0.04176453411737531,2.0,0.40305481552116323,1
600__600_2342,129,5,t_8_16,112.0,0.25,0.125,,1.0,0.5307657893222141,0
600__600_2342,130,5,s_16_32,288.0,0.5,0.16666666666666674,0.05173633137462327,4.0,0.709964034722223,0
623d22ecf,0,3,t_8_16,135.0,0.25,0.08333333333333337,0.22744442901631134,2.0,0.7929753650105588,0
623d22ecf,1,3,t_8_16,96.0,0.5,0.25,0.2818948303587003,2.0,0.43726635098543265,1
633dd398c,0,3,t_8_16,182.00002670288086,0.0,0.16249999999999998,0.11805075952636328,3.0,0.738111032941726,0
67c4dc2e3,0,3,t_8_16,167.99957275390625,0.0,0.09999999999999998,0.6383214249427073,3.0,0.7564152680353486,0
6bae2e78b,0,3,t_8_16,225.0,0.25,0.20833333333333337,0.07318812938776297,2.0,0.797556697777778,0
6e67ac5f3,0,3,t_8_16,189.00054931640625,0.5,0.0625,0.10887839098875819,3.0,0.9048609233894317,0
6e67ac5f3,1,3,s_16_32,288.0,0.25,0.08333333333333326,0.03127864535590734,6.0,0.7771834544556563,0
71ec72775,2,3,t_8_16,88.0,0.25,0.125,0.21706163549355945,2.0,0.7790779225445043,0
724__0_600,0,5,s_16_32,312.0,0.0,0.18541666666666667,0.005976051935419194,5.0,0.5521672941082085,0
724__0_600,1,5,t_8_16,216.0,0.75,0.125,0.04853532177041182,4.0,0.6845199339220653,0
72__1200_1200,0,5,s_16_32,280.0,0.5,0.15476190476190477,0.036649565808604935,5.0,0.8082016214285749,0
72__1200_1200,1,5,t_8_16,110.0,0.0,0.125,,1.0,0.6899498193097445,0
72__1200_1200,2,5,t_8_16,160.0,0.5,0.08333333333333337,0.03159706089260687,2.0,0.7672999483843284,0
72__1200_1200,3,5,t_8_16,144.0,0.25,0.125,0.2311997623133867,4.0,0.5673178106414147,0
72__1200_1200,4,5,t_8_16,196.0,0.25,0.2666666666666667,0.1442933012463035,3.0,0.63992853485119,0
72__1200_1200,5,5,t_8_16,168.0,0.0,0.0,0.13559817146394604,2.0,0.8255835613196515,0
72__1200_1200,6,5,t_8_16,144.0,0.25,0.08333333333333337,0.033875284220989385,2.0,0.7284073803042201,0
72__1200_1200,7,5,t_8_16,80.0,0.5,0.5,,0.0,0.773970814967026,0
72__1200_1200,8,5,t_8_16,132.0,0.25,0.25,,1.0,0.6335086502971597,0
72__1200_1200,9,5,t_8_16,110.0,0.5,0.25,0.13602786581059526,2.0,0.7308428472821291,0
72__1200_1200,10,5,t_8_16,144.0,0.25,0.25,0.13952933003672302,2.0,0.8969548661309559,0
72__1200_1200,11,5,t_8_16,196.0,0.25,0.0,0.19777287613744318,5.0,0.613232142857143,0
72__1200_1200,12,5,t_8_16,88.0,0.25,0.125,0.06254105155768692,2.0,0.8543601982516196,0
72__1200_1200,13,5,t_8_16,159.9993896484375,0.25,0.0,0.20868033538092784,2.0,0.7395111079215009,0
72__1200_1200,14,5,t_8_16,84.0,0.25,0.050000000000000044,0.03446084971988759,4.0,0.6750438703434272,0
72__1200_1200,15,5,t_8_16,126.0008544921875,0.5,0.08333333333333337,0.1018902311372145,2.0,0.8256832131530566,0
72__1200_1200,16,5,t_8_16,110.0,0.0,0.0,,1.0,0.6127978253102113,0
72__1200_1200,17,5,t_8_16,216.0,0.5,0.09999999999999998,0.08842468882490057,5.0,0.7704461493809115,0
72__1200_1200,18,5,t_8_16,120.0,0.25,0.125,,1.0,0.8110084437424433,0
72__1200_1200,20,5,t_8_16,112.0,0.5,0.33333333333333326,,1.0,0.6667424142684246,0
72__1200_1200,21,5,s_16_32,256.0,0.0,0.0,0.10693225097850939,5.0,0.49358588545363224,1
72__1200_1200,22,5,t_8_16,96.0,0.5,0.25,,1.0,0.7618514272556743,0
72__1200_1200,23,5,t_8_16,144.0,0.25,0.33333333333333337,0.18561326192581776,2.0,0.79258401462722,0
72__1200_1200,24,5,t_8_16,154.0,0.5,0.125,0.05683751860280483,4.0,0.5929980166364376,0
72__1200_1200,25,5,t_8_16,160.0,0.0,0.08333333333333337,0.22327423706686536,3.0,0.6928800413771846,0
72__1200_1200,26,5,t_8_16,96.0,0.0,0.125,0.0319350626592105,2.0,0.7454332950995938,0
72__1200_1200,27,5,t_8_16,70.00007629394531,0.0,0.125,0.4466574159259923,3.0,0.730790737478246,0
72__1200_1200,28,5,t_8_16,80.0,0.25,0.25,,1.0,0.83931994017915,0
72__1200_1200,29,5,t_8_16,80.0,0.25,0.125,,1.0,0.7769794143155112,0
72__1200_1200,30,5,t_8_16,78.00018310546875,0.0,0.09999999999999998,0.5123164789382234,3.0,0.6265137506148393,0
72__1200_1200,31,5,t_8_16,84.0,0.5,0.18333333333333335,0.31661154481194737,3.0,0.5495560651481011,0
72__1200_1200,32,5,s_16_32,448.0,0.0,0.1886363636363636,0.05666302401737287,10.0,0.7499791695541945,0
72__1200_1200,33,5,t_8_16,112.0,0.0,0.0,0.17194506805960325,2.0,0.613009623628633,0
72__1200_1200,35,5,t_8_16,120.0,0.0,0.125,,1.0,0.850294690745571,0
72__1200_1200,37,5,t_8_16,140.0,0.0,0.0,0.11785401884570432,2.0,0.6529558590954049,0
72__1200_1200,38,5,t_8_16,140.0,0.25,0.14583333333333337,0.32214180527830344,3.0,0.7462473633355002,0
72__1200_1200,39,5,t_8_16,150.0,0.25,0.29999999999999993,0.221305376187722,5.0,0.5650651941022021,0
72__1200_1200,40,5,t_8_16,112.0,0.5,0.08333333333333337,0.04064550550418878,3.0,0.7485373107353307,0
72__1200_1200,41,5,s_16_32,266.0,0.25,0.0714285714285714,0.08675971571355295,5.0,0.7622124978719975,0
72__1200_1200,42,5,t_8_16,180.0,0.25,0.0625,0.17329665466562788,3.0,0.8380925330438928,0
72__1200_1200,43,5,t_8_16,135.0,0.0,0.16666666666666674,0.23947524720639157,3.0,0.7639759685371588,0
72__1200_1200,44,5,t_8_16,195.0,0.25,0.2500000000000001,0.10252476864975839,2.0,0.7262450584537058,0
72__1200_1200,45,5,t_8_16,159.9993896484375,0.25,0.0,0.063921563945875,3.0,0.5871673974793412,0
72__1200_1200,46,5,t_8_16,208.99932861328125,0.25,0.125,0.18184430419081868,6.0,0.7325723139950489,0
72__1200_1200,47,5,t_8_16,96.0,0.25,0.0,0.3069811531314687,2.0,0.8811549187375528,0
74f8dd4e7,0,3,t_8_16,90.0,0.0,0.125,,1.0,0.671955463889326,0
74f8dd4e7,1,3,t_8_16,156.0,0.0,0.375,,1.0,0.43532322167358595,1
74f8dd4e7,18,3,t_8_16,70.0,0.25,0.0,0.18117102441240748,3.0,0.47939337142858135,1
765__1200_1800,0,5,t_8_16,160.0,0.0,0.0,0.01446870784144325,3.0,0.7550360629807348,0
77dc7bf31,0,3,t_8_16,84.0,0.75,0.09999999999999998,0.07174225469052416,5.0,0.7576943181495298,0
79e8dd9d9,0,3,s_16_32,408.0,0.75,0.0,0.05182183354838123,7.0,0.8354782352941198,0
79e8dd9d9,1,3,t_8_16,189.0,0.25,0.08333333333333337,0.12057373792752896,3.0,0.7863119974051407,0
79e8dd9d9,2,3,t_8_16,240.0,0.0,0.5,0.7596342135201544,1.0,0.5898047054549986,0
79e8dd9d9,3,3,s_16_32,308.0,0.25,0.050000000000000044,0.2962835511735291,4.0,0.6243783506493473,0
79e8dd9d9,4,3,t_8_16,209.0,0.75,0.0625,0.41645721752526854,4.0,0.8087009191015329,0
7a310295a,0,3,t_8_16,131.99859619513154,0.0,0.08333333333333337,0.4990390241462053,2.0,0.8224186763437583,0
7a310295a,1,3,t_8_16,139.9993896484375,0.0,0.125,,1.0,0.6884948347715916,0
7a310295a,2,3,t_8_16,130.0,0.0,0.125,0.275303937104072,2.0,0.8054725378351404,0
7a310295a,3,3,t_8_16,120.0,0.25,0.25,,1.0,0.8697045997431593,0
7a310295a,4,3,t_8_16,168.0,0.0,0.125,0.45020351760194777,2.0,0.7689391112422058,0
7a310295a,5,3,t_8_16,165.0,0.0,0.16666666666666674,0.1952638101432133,2.0,0.6832621091349635,0
7a310295a,6,3,t_8_16,87.99966430664062,0.0,0.08333333333333337,0.4780787292117655,2.0,0.5517811218723478,0
7a310295a,7,3,t_8_16,143.0,0.0,0.08333333333333337,0.5951318331092594,2.0,0.0,1
7a310295a,8,3,t_8_16,121.0,0.25,0.20833333333333337,0.5317272591412296,2.0,0.664804013487275,0
7a310295a,9,3,t_8_16,87.99932861328125,0.0,0.125,0.5451888486320476,3.0,0.5620441841582344,0
7a310295a,10,3,t_8_16,90.00027465820312,0.25,0.375,,1.0,0.7311732703689116,0
7a310295a,11,3,t_8_16,150.0,0.0,0.125,,1.0,0.6414018579966017,0
7a310295a,12,3,t_8_16,125.99978637695312,0.0,0.08333333333333337,0.42645779499253883,2.0,0.7351442542601202,0
7a4e44e30,0,3,t_8_16,136.0,0.5,0.16666666666666674,0.21329073388776654,2.0,0.6679302882348935,0
7a4e44e30,1,3,t_8_16,110.0,0.5,0.2500000000000001,0.13731647540402908,3.0,0.8496240978238994,0
7a4e44e30,2,3,t_8_16,112.0,0.0,0.0,,1.0,0.7036152559972382,0
7bf3b18dc,0,3,t_8_16,78.00079345703125,0.5,0.0,0.13873517910131486,4.0,0.8352125615969265,0
7bf3b18dc,1,3,t_8_16,90.0,0.25,0.125,,1.0,0.45986967110791216,1
7bf3b18dc,2,3,t_8_16,77.0,0.5,0.125,0.1272608098647325,4.0,0.3709598334573144,1
7f5c1c971,0,3,t_8_16,247.00057983398438,0.5,0.14375000000000004,0.005617265420750099,5.0,0.9154036728250442,0
8048444f1,0,3,s_16_32,284.99884033203125,0.5,0.10416666666666663,0.05403853289845881,6.0,0.8361978660231861,0
8048444f1,1,3,t_8_16,154.0,0.5,0.09999999999999998,0.037463403861753536,5.0,0.7933617300968429,0
8048444f1,2,3,t_8_16,144.0,0.25,0.16666666666666674,0.07653643487485624,3.0,0.8217278434924028,0
807__0_2417,0,5,t_8_16,160.0,0.25,0.25,,1.0,0.8251551562500082,0
807__0_2417,1,5,t_8_16,84.0,0.75,0.14583333333333337,0.1786115775315936,4.0,0.6868053888839081,0
807__0_2417,2,5,t_8_16,112.0,0.75,0.08333333333333337,0.009624445921930779,2.0,0.9534824466111491,0
819__2490_2417,0,5,t_8_16,112.0,0.5,0.5,,0.0,0.6860939770467859,0
819__2490_2417,1,5,t_8_16,140.0,0.25,0.08333333333333337,0.3513306050798508,2.0,0.725684223203038,0
819__2490_2417,2,5,t_8_16,112.0,0.25,0.0,0.15563883771205583,2.0,0.9061481431402232,0
822ceb9ee,0,3,t_8_16,150.0,0.25,0.08333333333333337,0.08040299050056043,2.0,0.6129548827958379,0
8242a22a8,0,3,t_8_16,99.0,0.25,0.16666666666666674,0.28915742754459417,3.0,0.7159300482074161,0
82c0910d5,0,3,t_8_16,78.00018310546875,0.25,0.08333333333333337,0.3838658473299304,3.0,0.8461013035190038,0
832ce9077,0,3,t_8_16,251.9989013671875,0.0,0.16249999999999998,0.34657974681690723,3.0,0.9426590101639015,0
84264d266,0,3,t_8_16,152.00003051757812,0.5,0.16666666666666674,0.20939275914996808,2.0,0.7664592459294549,0
860__1200_2417,0,5,t_8_16,84.0,0.0,0.0,,1.0,0.6446691962888834,0
860__1200_2417,1,5,t_8_16,112.0,0.0,0.08333333333333337,0.3567974238674741,2.0,0.6650657149354596,0
860__1200_2417,2,5,t_8_16,168.0,0.25,0.25,0.12879730476490317,4.0,0.8313036576676942,0
860__1200_2417,3,5,t_8_16,192.0,0.25,0.25,0.11263523221335077,4.0,0.7979559875762021,0
860__1200_2417,4,5,t_8_16,159.9999237060547,0.0,0.14583333333333337,0.4751663098897079,3.0,0.810570789259303,0
860__1200_2417,6,5,t_8_16,120.0,0.5,0.16666666666666674,0.0402971516119238,3.0,0.7458731428160077,0
860__1200_2417,7,5,t_8_16,140.0,0.0,0.08333333333333337,0.6957898110905386,2.0,0.7311901316796503,0
860__1200_2417,8,5,t_8_16,160.00015258789062,1.0,0.08333333333333337,0.05248421830147306,3.0,0.88843606276727,0
860__1200_2417,9,5,t_8_16,216.0,0.25,0.20833333333333337,0.2282855055927383,4.0,0.8530760405442396,0
860__1200_2417,10,5,s_16_32,540.0,0.75,0.0,0.12787214189334808,8.0,0.8359785568196514,0
860__1200_2417,11,5,t_8_16,192.00009155273438,0.0,0.0,0.4174148439062084,3.0,0.6758915291941874,0
860__1200_2417,12,5,t_8_16,192.0,0.25,0.125,0.17173593391008157,4.0,0.8795286908640476,0
860__1200_2417,13,5,t_8_16,216.0,0.5,0.09999999999999998,0.10658901170005738,5.0,0.7383915238518317,0
860__1200_2417,15,5,t_8_16,160.0,0.25,0.16666666666666674,0.29525848995649956,2.0,0.7706841768985235,0
860__1200_2417,16,5,t_8_16,224.0,0.25,0.125,0.284954367519114,4.0,0.8002688716669871,0
860__1200_2417,17,5,t_8_16,144.0,0.25,0.33333333333333326,,1.0,0.7994864373626033,0
860__1200_2417,18,5,t_8_16,140.0,0.0,0.08333333333333337,0.46740512317236044,3.0,0.8290953619826221,0
860__1200_2417,19,5,t_8_16,160.0,0.0,0.20833333333333337,0.9947406918101789,2.0,0.7315037643812815,0
860__1200_2417,20,5,t_8_16,140.0,0.5,0.16666666666666674,0.25221077533860753,2.0,0.9267291428571455,0
860__1200_2417,21,5,t_8_16,191.9996337890625,0.0,0.08333333333333337,0.5306705891536537,2.0,0.785792156550831,0
860__1200_2417,22,5,s_16_32,703.99951171875,0.5,0.02777777777777779,0.059151510579454836,9.0,0.8586617157555844,0
860__1200_2417,23,5,t_8_16,139.99969482421875,0.0,0.16666666666666674,0.7982824358134775,3.0,0.7762512921551116,0
860__1200_2417,24,5,t_8_16,168.0,0.5,0.08333333333333337,0.29894125333553,3.0,0.5989192536095276,0
860__1200_2417,25,5,t_8_16,159.99920654390007,0.25,0.18333333333333335,0.1055779131259382,3.0,0.7450609731553554,0
860__1200_2417,26,5,t_8_16,168.0,0.25,0.0,0.059212360021583,2.0,0.7641148416192532,0
860__1200_2417,27,5,t_8_16,139.9993896484375,0.25,0.125,0.16088520242619997,2.0,0.6217825485193483,0
860__1200_2417,28,5,t_8_16,140.0,0.25,0.08333333333333337,0.21917105855991303,3.0,0.712428824372784,0
860__1200_2417,30,5,t_8_16,160.0,0.0,0.08333333333333337,0.1156424978737253,3.0,0.7140544837609805,0
860__1200_2417,31,5,t_8_16,140.0,0.0,0.0,,1.0,0.39662655149278675,1
860__1200_2417,32,5,t_8_16,111.99957275390625,0.25,0.09999999999999998,0.9388087583723317,5.0,0.47789749002818355,1
860__1200_2417,33,5,t_8_16,180.0,0.25,0.0,0.021143167440677863,3.0,0.902456268471177,0
860__1200_2417,34,5,t_8_16,160.0,0.5,0.09999999999999998,0.04981217320763144,3.0,0.8271826388174176,0
860__1200_2417,35,5,t_8_16,112.0,0.25,0.20833333333333337,0.12494827163733006,2.0,0.8061394031347973,0
860__1200_2417,36,5,t_8_16,180.0,0.25,0.08333333333333337,0.21851527953983468,2.0,0.8541373459428909,0
860__1200_2417,37,5,t_8_16,216.0,0.0,0.1428571428571428,0.07926428109497759,7.0,0.7829926096174818,0
860__1200_2417,38,5,s_16_32,600.0,0.5,0.07499999999999996,0.054999057924375504,10.0,0.8671861744963248,0
860__1200_2417,39,5,t_8_16,120.0,0.0,0.0,,1.0,0.7888345226876656,0
860__1200_2417,40,5,t_8_16,72.0,0.25,0.125,0.04549560277904403,2.0,0.6105444071842759,0
860__1200_2417,41,5,t_8_16,119.9996337890625,0.0,0.16666666666666674,,1.0,0.7097308573780127,0
860__1200_2417,42,5,t_8_16,119.9996337890625,0.25,0.16666666666666674,0.25433334705369876,3.0,0.7550309828101134,0
860__1200_2417,43,5,t_8_16,79.999755859375,0.25,0.25,0.5742912786463528,2.0,0.6536364085280311,0
860__1200_2417,44,5,t_8_16,80.0,0.0,0.0,,1.0,0.6135973769697092,0
860__1200_2417,45,5,t_8_16,80.0,0.0,0.0,,1.0,0.05239769620341302,1
860__1200_2417,46,5,t_8_16,144.0,0.0,0.20833333333333337,0.8554044288966146,2.0,0.0,1
860__1200_2417,47,5,t_8_16,120.0,0.0,0.16666666666666674,0.5508926361248451,3.0,0.6216340976566964,0
860__1200_2417,48,5,t_8_16,111.9991455078125,0.5,0.050000000000000044,0.0907049543711046,5.0,0.8682480233042019,0
860__1200_2417,49,5,t_8_16,100.0006103515625,0.0,0.125,0.5334703988644545,2.0,0.5625010395991819,0
860__1200_2417,50,5,t_8_16,192.0,0.25,0.16666666666666674,0.15654934191436734,2.0,0.8450006631905032,0
860__1200_2417,51,5,t_8_16,180.0,0.25,0.125,0.09938233415749549,2.0,0.8729044156941957,0
860__1200_2417,52,5,t_8_16,160.0,0.25,0.0,0.15589484236878184,2.0,0.8037220787623834,0
860__1200_2417,53,5,t_8_16,191.999267578125,0.0,0.08333333333333337,0.15153313178930278,3.0,0.6900005532092444,0
860__1200_2417,54,5,t_8_16,192.0,0.75,0.0625,0.051273713307112945,3.0,0.7166235744971596,0
860__1200_2417,56,5,t_8_16,168.0,0.0,0.125,0.999996815545835,1.0,0.684810563105452,0
860__1200_2417,57,5,t_8_16,168.0,0.25,0.0625,0.16139348274547777,4.0,0.705025942945132,0
860__1200_2417,58,5,t_8_16,160.0,0.5,0.0625,0.15781622046380567,3.0,0.906107441517631,0
860__1200_2417,59,5,t_8_16,191.99914550827816,0.25,0.20833333333333337,0.13465032396339482,2.0,0.7899103391257858,0
860__1200_2417,60,5,t_8_16,191.999755859375,0.0,0.125,0.07926230876153514,4.0,0.7632371074849068,0
860__1200_2417,61,5,t_8_16,140.0,0.5,0.375,0.14403976232722157,4.0,0.7486033853885126,0
860__1200_2417,62,5,t_8_16,159.9993896484375,0.25,0.125,0.3205392152709086,2.0,0.654149415273534,0
860__1200_2417,63,5,t_8_16,160.0,0.25,0.1499999999999999,0.24353165206630428,5.0,0.8063718845205111,0
860__1200_2417,64,5,t_8_16,159.999755859375,0.25,0.16666666666666674,0.008979487643437716,2.0,0.8445440067970518,0
860__1200_2417,65,5,t_8_16,159.9998779296875,0.25,0.125,0.08625457900428955,2.0,0.7873647639505041,0
860__1200_2417,66,5,t_8_16,140.0,0.5,0.20833333333333337,0.12311300049624582,2.0,0.9164435644799303,0
860__1200_2417,67,5,t_8_16,140.0,0.25,0.25,,1.0,0.7012971725513109,0
860__1200_2417,68,5,t_8_16,140.0,0.25,0.08333333333333337,0.1633761894154404,2.0,0.7835683478685261,0
860__1200_2417,69,5,t_8_16,159.999755859375,0.5,0.25,0.13415591563374038,4.0,0.8911452501602494,0
860__1200_2417,70,5,t_8_16,95.99990844726562,0.0,0.1875,0.3646482554647407,4.0,0.7871197479628302,0
860__1200_2417,71,5,t_8_16,140.0,0.0,0.08333333333333337,0.4037588458062735,2.0,0.6849626866476664,0
860__1200_2417,72,5,t_8_16,160.0,0.0,0.0,0.22464510596842607,2.0,0.7370203269835203,0
860__1200_2417,73,5,t_8_16,140.0,0.25,0.09999999999999998,0.4533649086888743,3.0,0.8262479037177933,0
860__1200_2417,74,5,t_8_16,160.0,0.75,0.08333333333333337,0.01771514564143312,3.0,0.7264140356704518,0
860__1200_2417,75,5,t_8_16,160.0,0.5,0.08333333333333337,0.21119277059043987,3.0,0.810758147829978,0
860__1200_2417,76,5,t_8_16,192.0,0.25,0.24583333333333335,0.17407019118011455,3.0,0.760277208917233,0
860__1200_2417,77,5,t_8_16,216.0,0.25,0.09999999999999998,0.239885381742611,5.0,0.8261923557475669,0
860__1200_2417,78,5,t_8_16,140.0,0.75,0.09999999999999998,0.10935796860105591,3.0,0.8316740760941793,0
860__1200_2417,79,5,s_16_32,264.0,0.25,0.2354166666666666,0.08222862405361692,5.0,0.746838599474869,0
860__1200_2417,80,5,t_8_16,112.0,0.5,0.08333333333333337,0.1291593900616116,3.0,0.7673721598121785,0
860__1200_2417,81,5,t_8_16,223.99993896484375,0.0,0.09999999999999998,0.16571022790723247,3.0,0.7734243035714321,0
860__1200_2417,82,5,t_8_16,167.99989318847656,0.0,0.16666666666666674,0.13024831421060554,3.0,0.7970035712999305,0
860__1200_2417,83,5,t_8_16,140.0,0.0,0.08333333333333337,0.13002901315089596,3.0,0.6584444932704007,0
860__1200_2417,84,5,t_8_16,80.0,0.0,0.125,,1.0,0.7246528466347576,0
860__1200_2417,85,5,t_8_16,140.0,0.0,0.25,,1.0,0.86639176427297,0
860__1200_2417,86,5,t_8_16,160.0,0.25,0.0,0.17460706366488254,2.0,0.6782305225090913,0
860__1200_2417,87,5,t_8_16,112.0,0.0,0.0,0.06845814869787169,3.0,0.690797158333997,0
860__1200_2417,88,5,s_16_32,468.0,0.75,0.125,0.008338081018976162,10.0,0.8540262389917616,0
860__1200_2417,89,5,s_16_32,308.0,0.25,0.0,0.21182286227670472,6.0,0.7742393341369501,0
860__1200_2417,90,5,s_16_32,468.0,0.5,0.05555555555555558,0.03058073385669704,8.0,0.8495774449273666,0
860__1200_2417,91,5,t_8_16,120.0,0.25,0.25,,1.0,0.6208881117826015,0
860__1200_2417,92,5,t_8_16,160.0,0.5,0.08333333333333337,0.13427776026222876,3.0,0.7273189223074266,0
860__1200_2417,93,5,t_8_16,140.0,0.0,0.125,,1.0,0.7382695730858464,0
860__1200_2417,94,5,t_8_16,160.0,0.0,0.0,0.17650444094847836,3.0,0.5753430492535436,0
860__1200_2417,95,5,s_16_32,280.0,0.5,0.1428571428571429,0.01970015500287207,7.0,0.8441117125917672,0
860__1200_2417,96,5,t_8_16,140.0,0.0,0.08333333333333337,0.5654364622064658,2.0,0.5569739203434421,0
860__1200_2417,97,5,t_8_16,140.0,0.0,0.0,0.18459315914698401,2.0,0.7841034852961657,0
860__1200_2417,98,5,t_8_16,140.0,0.25,0.125,0.1884600496040741,2.0,0.7709533455361822,0
860__1200_2417,99,5,t_8_16,140.0,0.5,0.16666666666666674,0.0871671867755754,3.0,0.8194134134959731,0
860__1200_2417,100,5,t_8_16,216.00013732910156,0.25,0.09999999999999998,0.13618621977605258,3.0,0.7144865174012938,0
860__1200_2417,101,5,t_8_16,140.0,0.5,0.08333333333333337,0.09141203316497723,3.0,0.748583923270208,0
860__1200_2417,102,5,t_8_16,160.0,0.0,0.125,0.11643514183635514,2.0,0.7255395677383392,0
860__1200_2417,103,5,t_8_16,180.0,0.0,0.16666666666666674,0.10090005704007786,2.0,0.6776851883605396,0
860__1200_2417,104,5,t_8_16,140.0,0.5,0.35,0.11951181815199513,5.0,0.7065828972781687,0
860__1200_2417,105,5,t_8_16,192.0,0.5,0.16666666666666674,0.08200958445375056,2.0,0.853732297837223,0
860__1200_2417,106,5,t_8_16,216.0,0.25,0.125,0.006614841285797158,4.0,0.7891875019333103,0
860__1200_2417,107,5,t_8_16,240.0,0.5,0.050000000000000044,0.023019843498796305,4.0,0.8471554450500378,0
860__1200_2417,108,5,t_8_16,252.00013732910156,0.5,0.17142857142857137,0.011018779770284199,5.0,0.7510412870615644,0
860__1200_2417,109,5,t_8_16,216.0,0.25,0.11250000000000004,0.34263321946731656,4.0,0.7986281735909877,0
860__1200_2417,110,5,s_16_32,560.0,0.5,0.09090909090909083,0.0015735082442129723,10.0,0.7896226571428568,0
860__1200_2417,111,5,t_8_16,168.0,0.25,0.09999999999999998,0.2750292207024346,5.0,0.6443922259649767,0
860__1200_2417,112,5,t_8_16,252.0,0.75,0.08333333333333326,0.002647086780341998,6.0,0.7204971737374152,0
860__1200_2417,113,5,t_8_16,252.0,0.25,0.08333333333333337,0.1853030065757106,4.0,0.8250405386353583,0
860__1200_2417,114,5,t_8_16,160.0,0.25,0.1875,0.3938005797814245,4.0,0.7283816306369997,0
860__1200_2417,115,5,t_8_16,168.0,0.25,0.19999999999999996,0.10496630804313103,5.0,0.6561442422814543,0
860__1200_2417,116,5,t_8_16,216.0,0.25,0.0714285714285714,0.0622614967651034,5.0,0.8246951534655642,0
860__1200_2417,118,5,t_8_16,168.0,0.25,0.20833333333333337,0.2720319895345752,2.0,0.6976797490007834,0
860__1200_2417,119,5,t_8_16,140.0,0.25,0.16666666666666674,0.00873763831023318,2.0,0.7860788711000049,0
860__1200_2417,120,5,t_8_16,191.99951171875,0.25,0.20833333333333337,0.007675908236162078,3.0,0.8161484841280868,0
860__1200_2417,121,5,t_8_16,192.0,0.25,0.08333333333333337,0.06678679401093628,3.0,0.8858084772190571,0
860__1200_2417,122,5,t_8_16,167.99957275390625,0.0,0.25,,1.0,0.7332479472316688,0
860__1200_2417,123,5,t_8_16,168.0,0.0,0.0,0.1775772697600728,2.0,0.8617125106136396,0
860__1200_2417,124,5,t_8_16,168.0000228881836,0.3333333333333333,0.0,0.1420182261597687,3.0,0.7846868969850102,0
860__1200_2417,125,5,t_8_16,140.0,0.25,0.125,,1.0,0.865116299697066,0
860__1200_2417,126,5,t_8_16,96.0,0.5,0.125,0.02209329921514323,2.0,0.6243417177680712,0
860__1200_2417,127,5,t_8_16,160.0,0.25,0.25,0.1472875574244417,4.0,0.8731508057972793,0
860__1200_2417,128,5,t_8_16,160.0,0.25,0.09999999999999998,0.034473885455347325,3.0,0.8237905712178318,0
860__1200_2417,129,5,t_8_16,140.0,0.5,0.18333333333333335,0.025168581513166696,3.0,0.888444666555611,0
860__1200_2417,130,5,t_8_16,160.0,0.75,0.19999999999999996,0.2309606915942778,5.0,0.822815839498597,0
860__1200_2417,131,5,t_8_16,180.0,0.0,0.0,0.126330406491287,3.0,0.6360849197200331,0
860__1200_2417,132,5,t_8_16,128.0,0.25,0.0,0.27205964809026545,3.0,0.6954604776071539,0
860__1200_2417,133,5,t_8_16,168.0,0.25,0.09999999999999998,0.018104650562091144,3.0,0.813064667893566,0
860__1200_2417,134,5,t_8_16,144.0,0.25,0.29166666666666674,0.361231101511017,2.0,0.8935897691896773,0
860__1200_2417,135,5,t_8_16,100.0,0.25,0.08333333333333337,0.37363401842107,2.0,0.7213290730235333,0
860__1200_2417,136,5,t_8_16,80.0,0.0,0.0,,1.0,0.344025526745646,1
860__1200_2417,137,5,t_8_16,168.0,0.5,0.25,0.13148648273437505,5.0,0.5456961956776432,0
860__1200_2417,138,5,t_8_16,168.0,0.0,0.08333333333333337,0.24018234972429867,2.0,0.8119480306919212,0
860__1200_2417,139,5,t_8_16,96.0,0.5,0.08333333333333337,0.018787816289542496,3.0,0.7362800087598914,0
860__1200_2417,140,5,t_8_16,140.0,0.0,0.16666666666666674,0.27103312125151974,2.0,0.8421043327446742,0
860__1200_2417,141,5,t_8_16,120.0,0.25,0.08333333333333337,0.038101468252279766,2.0,0.8693048148069211,0
860__1200_2417,142,5,t_8_16,96.0,0.5,0.0,0.005178070091748633,2.0,0.5647062136452731,0
860__1200_2417,143,5,t_8_16,119.99984741210938,0.5,0.20833333333333337,0.24852226133240934,2.0,0.8126096726189699,0
860__1200_2417,144,5,t_8_16,140.0000762939453,0.5,0.08333333333333337,0.20768507243583126,3.0,0.6946514193695185,0
860__1200_2417,145,5,t_8_16,72.0,0.5,0.125,0.2161974917356728,2.0,0.7075158645137003,0
860__1200_2417,146,5,t_8_16,120.0,0.25,0.125,0.21038464368573465,2.0,0.7929005749556715,0
860__1200_2417,147,5,t_8_16,96.0,0.25,0.0,0.622965101026876,2.0,0.7246656416990144,0
860__1200_2417,148,5,t_8_16,140.0,0.5,0.0,0.11565422292917253,2.0,0.8679354596856663,0
860__1200_2417,149,5,t_8_16,216.0,0.5,0.08333333333333337,0.07100593812227096,3.0,0.8614678921588087,0
860__1200_2417,150,5,t_8_16,96.0,0.25,0.25,,1.0,0.8645460073261203,0
860__1200_2417,151,5,t_8_16,239.9996337890625,0.5,0.1071428571428572,0.0649169568144439,7.0,0.7543413205793572,0
860__1200_2417,152,5,s_16_32,352.0,0.25,0.1071428571428572,0.05204713464549982,7.0,0.6878784093308117,0
860__1200_2417,153,5,t_8_16,160.0,0.5,0.0,0.024570678479899646,3.0,0.7323879903510845,0
860__1200_2417,154,5,t_8_16,120.0,0.25,0.375,0.20064608922139843,4.0,0.7529577677562416,0
860__1200_2417,155,5,t_8_16,140.0,0.25,0.16666666666666674,0.12232410623900056,3.0,0.7240754732828821,0
860__1200_2417,156,5,t_8_16,112.0,0.0,0.0,0.1177482407715085,2.0,0.8165408310028058,0
860__1200_2417,157,5,s_16_32,288.0,0.25,0.0,0.09090028263685618,5.0,0.7818268307046536,0
860__1200_2417,158,5,t_8_16,240.0,0.25,0.11250000000000004,0.19054777115948193,4.0,0.73883989391175,0
860__1200_2417,159,5,t_8_16,120.0,0.25,0.16666666666666674,0.22501520396979224,3.0,0.7133943658026994,0
860__1200_2417,160,5,t_8_16,160.0,0.25,0.0,0.044789221221035055,2.0,0.912574162500003,0
860__1200_2417,161,5,t_8_16,120.0,0.0,0.25,,1.0,0.7141115446414948,0
860__1200_2417,162,5,t_8_16,96.0,0.5,0.2500000000000001,0.11954850923997663,3.0,0.7684978334832743,0
860__1200_2417,163,5,t_8_16,140.0,0.25,0.0,0.24231662473261237,2.0,0.9043803553471572,0
860__1200_2417,164,5,t_8_16,239.99981689453125,0.25,0.125,0.18285090169252974,3.0,0.6823165449871955,0
860__1200_2417,165,5,t_8_16,192.0,0.0,0.0,0.23277517929034897,3.0,0.7954367122218625,0
860__1200_2417,166,5,t_8_16,192.0,0.0,0.16666666666666674,0.12863879197310693,3.0,0.7130242656250011,0
860__1200_2417,167,5,t_8_16,140.0,0.25,0.0,0.17981201323073429,2.0,0.7128695021845957,0
860__1200_2417,168,5,t_8_16,140.0,0.5,0.30000000000000004,0.0028983549951582138,4.0,0.0,1
860__1200_2417,169,5,t_8_16,160.0,0.75,0.3666666666666667,0.005247179204021539,3.0,0.859694039916026,0
860__1200_2417,170,5,t_8_16,160.0,0.0,0.0,0.38707080516116915,3.0,0.7528811316842743,0
860__1200_2417,171,5,t_8_16,96.0,0.25,0.125,0.23014619139259931,2.0,0.7965481085413387,0
860__1200_2417,172,5,t_8_16,160.0,0.5,0.0,0.2180814912365479,2.0,0.6488325386655429,0
860__1200_2417,173,5,t_8_16,224.0,0.0,0.1875,0.12918774595566987,4.0,0.6351859537123578,0
860__1200_2417,174,5,t_8_16,144.0,0.25,0.0,0.29521729480948844,3.0,0.7678308734286999,0
860__1200_2417,175,5,t_8_16,140.0,0.25,0.14583333333333337,0.17211306193403006,3.0,0.8434429454279884,0
860__1200_2417,176,5,t_8_16,120.0,0.25,0.125,0.3646872777961948,2.0,0.6584595261974867,0
860__1200_2417,177,5,t_8_16,160.0,0.25,0.0625,0.15051306843692547,3.0,0.7433395600404462,0
860__1200_2417,178,5,t_8_16,140.0,0.0,0.25,,1.0,0.8697994379968103,0
860__1200_2417,179,5,t_8_16,240.0,0.25,0.0,0.006288281117598365,3.0,0.718138753025577,0
860__1200_2417,180,5,t_8_16,180.0,0.25,0.0625,0.12140142837701626,3.0,0.7472667431285914,0
860__1200_2417,181,5,t_8_16,96.0,0.25,0.125,,1.0,0.0,1
860__1200_2417,182,5,t_8_16,140.0,0.5,0.0625,0.006365095803445755,3.0,0.0,1
860__1200_2417,183,5,t_8_16,112.0,0.0,0.125,0.953094354983424,2.0,0.0,1
860__1200_2417,184,5,t_8_16,128.0,0.0,0.0,0.23650604957164142,2.0,0.0,1
860__1200_2417,185,5,t_8_16,72.0,0.5,0.08333333333333337,0.016191039023633936,3.0,0.6501200328951707,0
860__1200_2417,186,5,t_8_16,96.0,0.5,0.5,,1.0,0.7019699991298431,0
860__1200_2417,187,5,t_8_16,79.9993896484375,0.25,0.08333333333333337,0.20910005888732716,2.0,0.6593580235001668,0
860__1200_2417,188,5,s_16_32,288.0,0.0,0.050000000000000044,0.1797378975252493,4.0,0.6960601081497618,0
860__1200_2417,189,5,t_8_16,96.0,0.5,0.08333333333333337,0.2474882027932491,2.0,0.5706665409629682,0
860__1200_2417,190,5,t_8_16,96.0,0.0,0.0,,1.0,0.6737185699067106,0
860__1200_2417,191,5,t_8_16,112.0,0.5,0.33333333333333326,,1.0,0.78734356532569,0
860__1200_2417,192,5,s_16_32,527.9986572265625,0.25,0.08333333333333337,0.10742166447904557,9.0,0.12505891123633628,1
860__1200_2417,193,5,t_8_16,160.0,0.25,0.14583333333333337,0.15826142999045414,3.0,0.8690024299699217,0
860__1200_2417,194,5,t_8_16,140.0,0.5,0.14583333333333337,0.083960860815935,3.0,0.7953750583354431,0
860__1200_2417,195,5,t_8_16,112.0,0.25,0.25,,1.0,0.5954076147458827,0
860__1200_2417,196,5,t_8_16,120.0,0.5,0.08333333333333337,0.14237055168580784,3.0,0.5584478749999925,0
860__1200_2417,197,5,t_8_16,160.0,0.25,0.0,0.3942239706899838,2.0,0.9377033753114432,0
860__1200_2417,198,5,t_8_16,72.0,0.0,0.125,0.12829732211163114,4.0,0.5456989398815361,0
860__1200_2417,199,5,t_8_16,180.0,0.25,0.24166666666666659,0.24191381838297302,5.0,0.7356620558761718,0
860__1200_2417,200,5,t_8_16,112.0,0.25,0.25,,1.0,0.8272981843839894,0
860__1200_2417,201,5,t_8_16,112.0,0.0,0.0,0.5853399844855199,3.0,0.7861753535586018,0
860__1200_2417,202,5,t_8_16,128.0,0.0,0.16666666666666674,0.31755112266300145,3.0,0.8132015133680164,0
860__1200_2417,203,5,t_8_16,160.0,0.5,0.1875,0.056002720508256484,4.0,0.6559713079900111,0
860__1200_2417,204,5,t_8_16,140.00042724609375,0.25,0.25,0.17495971750310998,2.0,0.8437573527426364,0
860__1200_2417,205,5,t_8_16,160.0,0.25,0.16666666666666674,0.10328235481572094,2.0,0.7821924618831837,0
860__1200_2417,206,5,t_8_16,170.0,0.5,0.09999999999999998,0.11565982820709253,3.0,0.548858799999999,0
860__1200_2417,207,5,t_8_16,126.0,0.5,0.08333333333333337,0.23268429991955067,2.0,0.651517889145598,0
860__1200_2417,208,5,t_8_16,120.0,0.5,0.08333333333333337,0.0468730080922914,3.0,0.73114584700537,0
860__1200_2417,209,5,t_8_16,252.0000171661377,0.25,0.0,0.1161015206168734,4.0,0.6687935062143662,0
860__1200_2417,210,5,t_8_16,100.0,0.25,0.375,,1.0,0.6429241371423668,0
860__1200_2417,211,5,t_8_16,196.0,0.75,0.0625,0.12052435145494848,3.0,0.7346683469387746,0
860__1200_2417,212,5,t_8_16,167.9996337890625,0.0,0.125,0.7585017670759452,2.0,0.767630220213384,0
860__1200_2417,213,5,t_8_16,168.0,1.0,0.1875,0.3643825309290724,4.0,0.7396157142857145,0
860__1200_2417,214,5,t_8_16,140.0,0.0,0.125,,1.0,0.7496880910137569,0
860__1200_2417,215,5,t_8_16,119.99969482421875,0.25,0.0,0.30833371706262896,2.0,0.6825740188475247,0
860__1200_2417,216,5,t_8_16,224.0,0.25,0.0625,0.23319012924101754,4.0,0.7257970312499997,0
860__1200_2417,217,5,t_8_16,80.0,0.5,0.25,0.09387532871332777,2.0,0.7642708115690935,0
860__1200_2417,219,5,t_8_16,120.0,0.0,0.25,,1.0,0.7249959692706854,0
860__1200_2417,220,5,t_8_16,84.00004577636719,0.75,0.0625,0.050958401988613206,4.0,0.7702624219453247,0
860__1200_2417,222,5,t_8_16,112.0,0.0,0.20833333333333337,0.2759255646305369,2.0,0.69612663263797,0
860__1200_2417,223,5,t_8_16,192.0,0.25,0.09999999999999998,0.15671222089320094,5.0,0.500194291666667,0
860__1200_2417,224,5,s_16_32,851.0,0.0,0.0,0.31709676496109857,10.0,0.7634722528955082,0
870__2491_2400,0,5,t_8_16,196.0,0.0,0.16249999999999998,0.05535777775928174,3.0,0.8816237674077064,0
870__2491_2400,1,5,t_8_16,224.0,0.25,0.1416666666666666,0.008549684609546837,5.0,0.8130081047601536,0
871__600_1200,0,5,t_8_16,180.0,0.5,0.125,0.02250987964769295,4.0,0.7578642953744364,0
88937dc1d,0,3,t_8_16,126.0,0.25,0.08333333333333326,0.09287845311295137,6.0,0.7818135561132467,0
889__2175_600,0,5,t_8_16,128.0,0.5,0.16666666666666663,0.06114392205050334,3.0,0.710028886435958,0
889__2175_600,1,5,t_8_16,95.99951171875,0.0,0.20833333333333337,0.4903347139802223,2.0,0.0,1
889__2175_600,2,5,t_8_16,252.0,0.25,0.0,0.018128810531772288,4.0,0.7942592777777812,0
88d0a4dce,4,3,t_8_16,88.0,0.25,0.25,,1.0,0.8099878542873185,0
8ab154d14,0,3,t_8_16,143.0,0.25,0.25,0.27738435406660694,2.0,0.5699350699300731,0
8ab154d14,1,3,t_8_16,110.0,0.0,0.125,0.6020255273347758,2.0,0.6554538284456127,0
8af698914,0,3,t_8_16,182.000328063732,0.25,0.08333333333333337,0.25808384876523877,2.0,0.8125024621507428,0
8af698914,1,3,s_16_32,270.0,0.25,0.21250000000000002,0.13161590457097608,3.0,0.41871129728999795,1
8af698914,2,3,t_8_16,210.00010681152344,0.25,0.20833333333333337,0.8546034148123866,2.0,0.3844689672890513,1
8af698914,3,3,t_8_16,220.0,0.0,0.18333333333333335,0.6399001847600817,3.0,0.4704255681818184,1
8af698914,4,3,t_8_16,240.000244140625,0.25,0.0,0.027023495263642488,5.0,0.814767741666667,0
8af698914,5,3,t_8_16,224.0,0.25,0.1875,0.7082960412110713,4.0,0.25352381250000017,1
8af698914,7,3,t_8_16,98.99986267089844,0.25,0.125,0.5995942569506184,2.0,0.8192101454987994,0
8e052b815,0,3,s_16_32,306.0,0.0,0.04166666666666663,0.08429319674063414,5.0,0.7009455163398706,0
8e052b815,1,3,t_8_16,156.0,0.25,0.0,0.13708089265199244,3.0,0.7804230000000077,0
8f77d5433,0,3,t_8_16,182.0,0.0,0.16666666666666674,0.306369955152716,3.0,0.6859900997607984,0
903__2491_2400,0,5,t_8_16,84.0,0.25,0.1875,0.23923948819995317,3.0,0.6805266119080927,0
903__2491_2400,2,5,t_8_16,108.0,0.0,0.125,0.16334289934555193,8.0,0.6696723766034971,0
903__2491_2400,3,5,t_8_16,108.0000228881836,0.5,0.050000000000000044,0.45420486783862635,5.0,0.5804230515892312,0
903__2491_2400,4,5,t_8_16,108.0,0.75,0.050000000000000044,0.053732783454647735,5.0,0.6683042671019482,0
903__2491_2400,5,5,t_8_16,96.0,0.5,0.0,0.06892973309376386,5.0,0.7024611715132775,0
903__2491_2400,6,5,t_8_16,128.0,0.0,0.0,0.07823299467478144,3.0,0.5912546457858582,0
903__2491_2400,7,5,t_8_16,84.0,0.25,0.10000000000000009,0.09201308485518438,4.0,0.70655090446927,0
903__2491_2400,8,5,t_8_16,140.00015258789062,0.25,0.14583333333333337,0.10745112342201414,3.0,0.7048880991211341,0
903__2491_2400,9,5,t_8_16,128.0,0.5,0.25,,1.0,0.708799036495768,0
903__2491_2400,10,5,t_8_16,83.99957275390625,0.25,0.09999999999999998,0.05652023929839035,5.0,0.5627078837418232,0
903__2491_2400,11,5,t_8_16,140.0,0.25,0.20833333333333337,0.1110956208468438,2.0,0.7478870523575933,0
903__2491_2400,12,5,t_8_16,192.0,0.0,0.08333333333333337,0.2051253086677857,3.0,0.6156535383802358,0
903__2491_2400,13,5,t_8_16,112.0,0.25,0.0,0.046858396206535646,3.0,0.700895157346324,0
903__2491_2400,14,5,t_8_16,95.9996337890625,0.75,0.2250000000000001,0.1176915118304058,4.0,0.7303955181038638,0
903__2491_2400,15,5,t_8_16,159.99890136905015,0.25,0.125,0.04022675913600241,4.0,0.7289303997532025,0
903__2491_2400,16,5,t_8_16,100.0,0.5,0.25,0.21424800599115104,2.0,0.4552695885122506,1
903__2491_2400,17,5,t_8_16,79.99969482421875,0.0,0.0625,0.5575371870833153,3.0,0.6726704296298948,0
903__2491_2400,18,5,t_8_16,140.0,0.0,0.125,,1.0,0.7226494129909355,0
903__2491_2400,19,5,t_8_16,112.0,0.25,0.125,,1.0,0.7638539183366894,0
903__2491_2400,20,5,t_8_16,72.0,0.25,0.16666666666666674,0.2241254830239953,2.0,0.6831636991539012,0
903__2491_2400,21,5,t_8_16,112.0,0.25,0.25,,0.0,0.6834392427089253,0
903__2491_2400,22,5,t_8_16,112.0,0.75,0.08333333333333337,0.06028896292539285,3.0,0.8888251051063463,0
903__2491_2400,23,5,t_8_16,196.0,0.0,0.09999999999999998,0.3210091080947957,3.0,0.6814307222441558,0
903__2491_2400,24,5,t_8_16,128.0,0.5,0.5,,0.0,0.9346077564233873,0
903__2491_2400,26,5,t_8_16,96.0,0.25,0.08333333333333337,0.05773373332448712,6.0,0.5541259965627592,0
903__2491_2400,27,5,t_8_16,84.0,0.25,0.08333333333333337,0.20846501848234553,3.0,0.7089868340874175,0
903__2491_2400,28,5,t_8_16,84.0,0.5,0.0,0.10900486337193424,4.0,0.5947205486523193,0
903__2491_2400,29,5,t_8_16,128.0,0.75,0.08333333333333337,0.02269019560450264,3.0,0.7652708857702791,0
903__2491_2400,30,5,t_8_16,200.0,0.0,0.0,0.22686446741014812,3.0,0.7531679999999977,0
903__2491_2400,31,5,t_8_16,72.0,0.75,0.09999999999999998,0.14408561257572597,5.0,0.6972909253379702,0
903__2491_2400,32,5,t_8_16,84.00024413969368,0.25,0.050000000000000044,0.042299491571319646,4.0,0.7424445909566706,0
903__2491_2400,33,5,t_8_16,91.0,0.5,0.125,0.055441216460583816,5.0,0.7108383938393025,0
903__2491_2400,34,5,t_8_16,144.0,0.5,0.0,0.05293763657054045,3.0,0.830689542572733,0
903__2491_2400,35,5,t_8_16,96.0,0.0,0.125,0.9997492819152949,1.0,0.8165337799966753,0
903__2491_2400,36,5,t_8_16,96.0,0.5,0.625,0.9999999590008568,1.0,0.6612755597912748,0
903__2491_2400,37,5,t_8_16,128.0,0.25,0.33333333333333326,,1.0,0.9405194531249934,0
903__2491_2400,38,5,t_8_16,108.0,0.5,0.0625,0.07841043814437519,4.0,0.6492626740340823,0
903__2491_2400,39,5,t_8_16,126.0,0.25,0.08333333333333326,0.12596884683360757,6.0,0.6738063807122388,0
903__2491_2400,40,5,t_8_16,204.0,0.25,0.21250000000000002,0.20210770314518262,3.0,0.6116733333333342,0
903__2491_2400,41,5,t_8_16,117.0,0.25,0.25,,1.0,0.7854751196581158,0
903__2491_2400,42,5,t_8_16,81.00027465820312,0.5,0.08333333333333337,0.05561289404650382,2.0,0.6682471994112001,0
905__0_2417,0,5,t_8_16,120.0,0.25,0.16666666666666674,0.08307490608395648,3.0,0.6383093163858685,0
905__0_2417,1,5,t_8_16,160.0009765625,0.5,0.09999999999999998,0.04739264710631038,5.0,0.7926488948839566,0
905__0_2417,2,5,t_8_16,120.000732421875,0.0,0.25,,1.0,0.7165050703087562,0
905__0_2417,3,5,t_8_16,140.0008544921875,0.5,0.125,0.004594201504434171,2.0,0.7630842136472699,0
905__0_2417,4,5,t_8_16,160.0,0.5,0.16666666666666674,0.14878084527422336,3.0,0.7453804531615851,0
905__0_2417,5,5,t_8_16,120.0,0.0,0.20833333333333337,0.18070666732011834,2.0,0.7400616957768492,0
905__0_2417,6,5,t_8_16,120.000732421875,0.0,0.0,,1.0,0.4437998606485605,1
905__0_2417,7,5,t_8_16,120.000732421875,0.25,0.08333333333333337,0.0913235634944297,3.0,0.8070150922302868,0
905__0_2417,8,5,t_8_16,159.9993896484375,0.25,0.08333333333333337,0.07974785377023687,3.0,0.7942649271503605,0
905__0_2417,9,5,s_16_32,432.0,0.25,0.11111111111111116,0.054424574320532666,7.0,0.8406999315816136,0
905__0_2417,10,5,t_8_16,168.0,0.0,0.0,0.715334078632942,4.0,0.6614318947301072,0
905__0_2417,11,5,t_8_16,240.0,0.0,0.0625,0.6097994393535039,4.0,0.5546147288662246,0
905__0_2417,12,5,s_16_32,520.001220703125,0.5,0.050000000000000044,0.0012742124596571314,8.0,0.9033591496911819,0
905__0_2417,13,5,t_8_16,96.0,0.25,0.0,0.3607051238827247,2.0,0.7513523717577095,0
905__0_2417,14,5,s_16_32,792.0,0.5,0.0,0.06049697718121094,10.0,0.7985100600975248,0
905__0_2417,15,5,t_8_16,112.0,0.25,0.125,0.03367731415042541,2.0,0.5841922588130252,0
905__0_2417,16,5,t_8_16,140.0,0.5,0.08333333333333337,0.021650738282573707,3.0,0.7993442253982217,0
905__0_2417,17,5,t_8_16,144.00006103515625,0.75,0.125,0.129184817698662,4.0,0.6686830704939191,0
905__0_2417,18,5,t_8_16,223.99989318847656,0.25,0.09999999999999998,0.29876436423066355,5.0,0.7963317305620635,0
905__0_2417,19,5,t_8_16,160.0,0.5,0.0625,0.041244744607511714,4.0,0.7197042690823503,0
905__0_2417,20,5,t_8_16,83.9996337890625,0.25,0.0,0.10817431090841065,5.0,0.6284182000051091,0
905__0_2417,21,5,t_8_16,96.0,0.25,0.0,0.11867282319299449,5.0,0.6268543994586316,0
905__0_2417,22,5,t_8_16,112.0,0.0,0.33333333333333326,,1.0,0.8860337063306959,0
905__0_2417,23,5,t_8_16,84.0,0.0,0.0,0.1775046729811033,5.0,0.18598897631905742,1
905__0_2417,24,5,t_8_16,160.0,0.25,0.09999999999999998,0.08692000322501496,3.0,0.721008506672184,0
905__0_2417,25,5,t_8_16,140.0,0.5,0.08333333333333337,0.06453827217342997,2.0,0.9090520382618702,0
905__0_2417,26,5,t_8_16,252.0,0.0,0.25,0.038987289947142095,2.0,0.75525882236571,0
905__1800_1800,0,5,t_8_16,240.0,0.0,0.125,0.12469269158416058,6.0,0.6717490373202116,0
905__1800_1800,1,5,t_8_16,140.0,0.25,0.08333333333333337,0.013929185428493345,3.0,0.6781069569791442,0
905__1800_1800,2,5,t_8_16,180.0,0.75,0.16249999999999998,0.12789635250611608,3.0,0.6475226709628505,0
905__1800_1800,3,5,t_8_16,112.0,0.5,0.125,0.13145304424652962,2.0,0.8572499999999982,0
905__1800_1800,4,5,t_8_16,160.0,0.0,0.125,0.25993449169883287,2.0,0.708609039332123,0
905__1800_1800,5,5,t_8_16,196.0,0.0,0.08333333333333337,0.26141772368741434,2.0,0.8226598193781154,0
905__1800_1800,6,5,t_8_16,195.99957275390625,0.25,0.0625,0.1813704871830279,3.0,0.7681114848922737,0
905__1800_1800,7,5,t_8_16,192.0,0.0,0.125,0.5939730915359299,2.0,0.7707746646520883,0
905__1800_1800,8,5,t_8_16,224.0,0.5,0.09999999999999998,0.0393489516592237,5.0,0.7812583483843011,0
905__1800_1800,9,5,t_8_16,140.0,0.25,0.125,0.08811871535979919,2.0,0.8222866000000031,0
905__1800_1800,10,5,t_8_16,100.0,0.25,0.08333333333333337,0.21949340575526308,2.0,0.7510663949295596,0
905__1800_1800,11,5,t_8_16,160.0,0.25,0.2500000000000001,0.03683186845579052,2.0,0.5970730552304896,0
905__1800_1800,12,5,t_8_16,95.999267578125,0.0,0.0,0.0758318058397429,3.0,0.6415163419560052,0
905__1800_1800,13,5,t_8_16,96.0,0.5,0.08333333333333337,0.04134520501543681,3.0,0.7761563946457052,0
905__1800_1800,14,5,t_8_16,160.0,0.25,0.0,0.01530887507231512,2.0,0.8240832355378833,0
905__1800_1800,15,5,t_8_16,84.0008544921875,0.75,0.15000000000000002,0.03973484228587375,5.0,0.8043728465789791,0
905__1800_1800,17,5,t_8_16,84.0008544921875,0.25,0.09999999999999998,0.09906526754898583,5.0,0.6330857850527412,0
905__2400_1200,0,5,t_8_16,199.9993896484375,0.5,0.0625,0.038574281954271636,4.0,0.8152674755630795,0
905__2400_1200,1,5,t_8_16,159.998779296875,0.0,0.050000000000000044,0.17926047177622806,4.0,0.691694359412429,0
905__2400_1200,2,5,t_8_16,179.99945068359375,0.25,0.125,0.06727072436750127,4.0,0.7179028468035885,0
905__2400_1200,3,5,t_8_16,144.0,0.25,0.3125,0.04042434431041208,4.0,0.6809808001076022,0
905__2400_1200,4,5,t_8_16,199.99969482421875,0.25,0.125,0.1973666365783023,2.0,0.8796558659760788,0
905__2400_1200,5,5,t_8_16,108.0010986328125,0.0,0.2142857142857143,0.18915340472483705,5.0,0.62604301180127,0
905__2400_1200,6,5,t_8_16,160.0,0.25,0.0,0.1393758117474368,3.0,0.7969459659723139,0
905__2400_1200,7,5,t_8_16,224.0,0.5,0.19999999999999996,0.01910559167810742,3.0,0.8447522582333941,0
905__2400_1200,8,5,t_8_16,96.0,0.5,0.20833333333333337,0.15591007524616712,2.0,0.4972388920705407,1
905__2400_1200,9,5,t_8_16,128.0,0.0,0.0,0.0417166398461699,3.0,0.5454776191435445,0
905__2400_1200,10,5,t_8_16,224.0,0.5,0.0,0.11706934722993773,3.0,0.5661123194697035,0
905__2400_1200,11,5,t_8_16,128.0,0.5,0.16666666666666674,0.30296410942773727,3.0,0.8083548124999952,0
905__2400_1200,12,5,t_8_16,96.0,0.25,0.20833333333333337,0.16716983151141493,2.0,0.8313772993248235,0
905__2400_1200,13,5,t_8_16,192.0,0.5,0.14583333333333337,0.22023980293469259,3.0,0.6966875852281266,0
905__2400_1200,14,5,s_16_32,256.0,0.0,0.19999999999999996,0.024500227461590484,3.0,0.6753966036795621,0
905__2400_1200,15,5,t_8_16,192.0,0.5,0.375,0.013797028960936842,2.0,0.738495211688309,0
905__2400_1200,16,5,t_8_16,196.0008544921875,0.5,0.1499999999999999,0.17350611849767078,5.0,0.8834876645145745,0
905__2400_1200,17,5,t_8_16,120.0,0.0,0.125,,1.0,0.6667896152629477,0
905__2400_1200,18,5,t_8_16,224.0,0.25,0.2250000000000001,0.003070332616791522,4.0,0.6760160006978722,0
905__2400_1200,19,5,t_8_16,84.0,0.75,0.10000000000000009,0.06760460221574112,4.0,0.7990940176444713,0
905__2400_1200,20,5,t_8_16,84.0,0.25,0.0,0.012214724353401119,2.0,0.7038363892764222,0
905__2400_1200,21,5,t_8_16,84.0,0.25,0.0625,0.11555076491543788,3.0,0.7594283092398221,0
905__2400_1200,22,5,t_8_16,120.0,0.25,0.0,0.14318254655632714,2.0,0.6998818509112487,0
905__2400_1200,23,5,t_8_16,144.0,0.25,0.0,0.18764574426625502,2.0,0.7434713304237721,0
905__2400_1200,24,5,t_8_16,168.0,0.25,0.125,0.3512699272286362,4.0,0.8037216489014036,0
905__2400_1200,25,5,t_8_16,119.9993896484375,0.25,0.125,0.019236059883952043,2.0,0.7210127670590987,0
905__2400_1200,26,5,t_8_16,224.0,0.25,0.050000000000000044,0.07763977551643218,5.0,0.6888423748272007,0
905__2400_1200,27,5,t_8_16,196.0008544921875,0.5,0.09999999999999998,0.04503841113820884,3.0,0.7880688820138285,0
905__2400_1200,28,5,t_8_16,196.0008544921875,0.25,0.09999999999999998,0.13928372342253156,3.0,0.7099184544854104,0
905__2400_1200,29,5,t_8_16,224.0,0.25,0.09999999999999998,0.07366225787458369,5.0,0.7123261498846194,0
905__2400_1200,30,5,t_8_16,196.0,0.0,0.08333333333333337,0.07194703001674045,2.0,0.7293299599414128,0
905__2400_1200,31,5,t_8_16,72.0,0.5,0.08333333333333337,0.17219078334247231,3.0,0.8043377350719799,0
905__2400_1200,32,5,t_8_16,84.0,0.5,0.09999999999999998,0.05277915549675332,5.0,0.7655603118131269,0
905__2400_1200,33,5,t_8_16,72.000732421875,0.5,0.16249999999999998,0.14506805321013497,3.0,0.7212429841558816,0
905__2400_1200,34,5,t_8_16,84.0003662109375,0.75,0.0,0.1371774873223105,5.0,0.8894267398507945,0
905__2400_1200,35,5,t_8_16,112.0,0.25,0.125,,1.0,0.8855231936399736,0
905__2400_1200,36,5,t_8_16,128.0,0.25,0.41666666666666674,0.26705849800857034,2.0,0.8412700930246272,0
905__2400_1200,37,5,t_8_16,96.0,0.0,0.125,,1.0,0.6371178604821164,0
905__2400_1200,38,5,t_8_16,96.0,0.25,0.125,0.21327114622201468,2.0,0.8407095090063247,0
905__2400_1200,39,5,t_8_16,96.0,0.0,0.125,0.22008123115032255,2.0,0.7115614349492564,0
905__2400_1200,40,5,t_8_16,144.0,0.75,0.22916666666666674,0.03758763416649417,3.0,0.7143504758894792,0
905__2400_1200,41,5,t_8_16,150.0,0.25,0.25,0.04652779469519417,4.0,0.5288900615292844,0
905__2400_1200,42,5,t_8_16,144.0,0.5,0.1875,0.053227653639583594,4.0,0.6539249796637796,0
9089eefac,0,3,t_8_16,100.0,0.75,0.08333333333333337,0.14637403371320068,2.0,0.7774290399999895,0
90fa20220,0,3,t_8_16,70.0,1.0,0.125,0.0493316637957319,3.0,0.6157622034744329,0
936eb2018,0,3,t_8_16,252.0,0.25,0.050000000000000044,0.08720773505515414,4.0,0.9320059929160293,0
9515a948d,0,3,s_16_32,520.0,0.25,0.16538461538461546,0.2426388603714099,10.0,0.8503690434607779,0
9515a948d,2,3,t_8_16,168.0,0.0,0.0,0.9154582288777385,3.0,0.64093048726742,0
9515a948d,3,3,t_8_16,90.0,0.0,0.125,,1.0,0.5542472658711189,0
9515a948d,4,3,t_8_16,182.0008544921875,0.25,0.0,0.0033126329093000643,3.0,0.800580679280107,0
9515a948d,5,3,t_8_16,224.0,0.0,0.24166666666666659,0.46337265441713466,5.0,0.6700715803571423,0
95eddace4,1,3,t_8_16,96.0,0.0,0.20833333333333337,0.681242222527339,2.0,0.0,1
967f89b2c,0,3,t_8_16,135.0,0.25,0.08333333333333337,0.4832572824622571,3.0,0.8911582221258146,0
9999937_00000_d_0000025__0_250,0,6,s_16_32,864.0,0.25,0.045454545454545414,0.07145248079901279,10.0,0.29583735041327963,1
9999937_00000_d_0000025__0_250,1,6,s_16_32,704.0,0.25,0.28324175824175823,0.028518248173607128,10.0,0.7457489819446588,0
9999937_00000_d_0000025__0_250,2,6,s_16_32,800.0,0.75,0.21666666666666667,0.06449322424316947,10.0,0.9279123837355553,0
9999937_00000_d_0000025__0_250,3,6,s_16_32,644.0,0.0,0.10416666666666663,0.4891557179201696,9.0,0.6212437959308991,0
9999937_00000_d_0000025__0_250,4,6,s_16_32,756.0,0.0,0.0,0.1062900363426873,10.0,0.8477853003568792,0
9999937_00000_d_0000025__0_250,5,6,s_16_32,792.0,1.0,0.12878787878787878,0.0009735124583824072,10.0,0.8758696244359195,0
9999937_00000_d_0000025__0_250,6,6,s_16_32,800.0,0.5,0.19507575757575757,0.03972666423940404,10.0,0.7889033019330756,0
9999937_00000_d_0000025__0_250,7,6,s_16_32,504.0,0.25,0.025000000000000022,0.19548563607053213,9.0,0.6329012632586475,0
9999937_00000_d_0000025__0_250,8,6,s_16_32,544.0,0.75,0.050000000000000044,0.023019704127304183,10.0,0.8775591704877679,0
9999937_00000_d_0000025__0_250,9,6,s_16_32,640.0,0.5,0.14090909090909087,0.17203810665736505,8.0,0.7556663656249996,0
9999937_00000_d_0000025__0_250,10,6,s_16_32,360.0,0.5,0.14935064935064934,0.10973147375832414,7.0,0.5843428166267655,0
9999937_00000_d_0000025__0_250,11,6,s_16_32,476.0008544921875,0.0,0.16666666666666663,0.5813027347356017,6.0,0.7237773290602664,0
9999937_00000_d_0000025__0_250,12,6,s_16_32,504.0,0.75,0.03125,0.014521944721541129,8.0,0.8734306834881679,0
9999937_00000_d_0000025__0_250,13,6,s_16_32,476.0008544921875,0.25,0.09999999999999998,0.018949695796186015,8.0,0.7825666952695665,0
9999937_00000_d_0000025__0_250,14,6,s_16_32,336.0,0.0,0.15714285714285714,0.07383257705712347,4.0,0.8483998490724806,0
9999937_00000_d_0000025__0_250,15,6,t_8_16,240.0,0.5,0.3125,0.03480455586881723,4.0,0.6537329414376963,0
9999937_00000_d_0000025__0_250,16,6,s_16_32,280.0,0.25,0.04166666666666663,0.0546217199982978,5.0,0.854706411857928,0
9999937_00000_d_0000025__0_250,17,6,t_8_16,208.0,0.25,0.0625,0.35046795178552004,4.0,0.6486982685081822,0
9999937_00000_d_0000025__0_250,18,6,t_8_16,208.00048828125,0.25,0.11250000000000004,0.21591182083917942,4.0,0.7193046121567324,0
9999937_00000_d_0000025__0_250,19,6,t_8_16,224.0,0.5,0.42500000000000004,0.45526623890025447,2.0,0.7104025906204051,0
9999937_00000_d_0000025__0_250,20,6,s_16_32,260.0006103515625,0.25,0.08333333333333337,0.39723516164746653,4.0,0.8205296305567668,0
9999937_00000_d_0000025__0_250,21,6,t_8_16,224.0,0.25,0.0625,0.10254615968221974,3.0,0.8918179368649449,0
9999937_00000_d_0000025__0_250,22,6,t_8_16,156.0,0.25,0.08333333333333326,0.13336740498064736,6.0,0.7010725475798432,0
9999937_00000_d_0000025__0_250,23,6,t_8_16,144.0,0.5,0.050000000000000044,0.04529834155468481,5.0,0.5865148470954941,0
9999937_00000_d_0000025__0_250,24,6,t_8_16,156.0,0.25,0.10000000000000009,0.033927551350992964,10.0,0.7125607880213263,0
9999937_00000_d_0000025__0_250,25,6,t_8_16,108.0,0.25,0.0,0.5984008080787961,2.0,0.781071919670398,0
9999937_00000_d_0000025__0_250,26,6,t_8_16,120.0,0.25,0.0625,0.1511086372823366,3.0,0.7774252159014023,0
9999937_00000_d_0000025__0_250,27,6,t_8_16,176.0,0.25,0.0625,0.38130253204847925,3.0,0.7328880824934063,0
9999937_00000_d_0000025__0_250,28,6,s_16_32,360.0,0.5,0.22499999999999998,0.17866701374541935,4.0,0.5975219509896362,0
9999937_00000_d_0000025__0_250,29,6,s_16_32,304.0,0.0,0.125,0.4425580670132119,4.0,0.5375726175683883,0
9999937_00000_d_0000025__0_250,30,6,s_16_32,532.0,0.25,0.050000000000000044,0.1019472938945664,10.0,0.8927049747396308,0
9999937_00000_d_0000025__0_250,31,6,s_16_32,320.0,0.25,0.0,0.0808974022324947,4.0,0.7812212021353547,0
9999937_00000_d_0000025__0_250,32,6,s_16_32,336.0,0.25,0.050000000000000044,0.2807515235737303,5.0,0.7904616642030717,0
9999937_00000_d_0000025__0_250,33,6,s_16_32,288.0,0.25,0.16249999999999998,0.2026031191527645,3.0,0.7816348006404735,0
9999937_00000_d_0000025__0_250,34,5,s_16_32,280.0,0.25,0.4125,0.8391869010113419,3.0,0.0,1
9999937_00000_d_0000025__0_250,35,6,t_8_16,240.0,0.0,0.16666666666666674,0.34437766715205215,3.0,0.5320396941869534,0
9999937_00000_d_0000025__0_250,36,6,s_16_32,340.0,0.25,0.2633928571428572,0.2415173356830687,7.0,0.6793690115732169,0
9999937_00000_d_0000025__0_250,37,6,s_16_32,456.0,0.25,0.17500000000000004,0.005797707788373731,8.0,0.9071591087050352,0
9999937_00000_d_0000025__0_250,38,6,s_16_32,272.00048828125,0.25,0.2142857142857143,0.8145583864918805,7.0,0.639584037472761,0
9999937_00000_d_0000025__0_250,39,6,s_16_32,360.0,0.5,0.2777777777777778,0.07080235074710207,9.0,0.6666004291609838,0
9999937_00000_d_0000025__0_250,40,6,s_16_32,380.0,0.5,0.30454545454545456,0.04954378262069862,10.0,0.8024233855217272,0
9999937_00000_d_0000025__0_250,41,6,s_16_32,288.0,0.25,0.16666666666666674,0.8153715225893744,2.0,0.7124597253277352,0
9999937_00000_d_0000025__0_250,42,6,t_8_16,224.0,0.25,0.1499999999999999,0.054640564924262794,5.0,0.7058867053919188,0
9999937_00000_d_0000025__0_250,43,6,t_8_16,208.0,0.5,0.0625,0.00447465585036547,4.0,0.7826745649129078,0
9999937_00000_d_0000025__0_250,44,6,t_8_16,156.0003662109375,0.5,0.0,0.2222418959561582,6.0,0.5495917685188804,0
9999937_00000_d_0000025__0_250,45,6,s_16_32,264.0,0.25,0.0,0.2631209834874672,5.0,0.7225745449300325,0
9999937_00000_d_0000025__0_250,46,6,t_8_16,144.0,0.5,0.0357142857142857,0.1705950060514636,6.0,0.6663592529313144,0
9999937_00000_d_0000025__0_250,47,6,t_8_16,132.0,0.25,0.16249999999999998,0.04673071783076405,4.0,0.7602679471065981,0
9999937_00000_d_0000025__0_250,48,6,t_8_16,160.0,0.0,0.20833333333333337,0.08352115452168805,3.0,0.7596770948206892,0
9999937_00000_d_0000025__0_250,49,6,t_8_16,120.0,0.5,0.0625,0.05699820993711931,3.0,0.9178443068045121,0
9999937_00000_d_0000025__0_250,50,6,t_8_16,108.0,0.0,0.16666666666666674,0.7121571605800289,3.0,0.3586100244336946,1
9999937_00000_d_0000025__0_250,51,6,t_8_16,131.99990844726562,0.5,0.1383928571428572,0.05559926066515434,7.0,0.7551414992824975,0
9999937_00000_d_0000025__0_250,52,6,t_8_16,80.0,0.75,0.04166666666666663,0.22913613709878522,5.0,0.5874386515053429,0
9999937_00000_d_0000025__0_250,53,6,t_8_16,80.0,0.25,0.25,0.9792462302844203,2.0,0.5757251988788639,0
9999937_00000_d_0000025__0_250,54,6,t_8_16,72.0,0.0,0.125,0.8465446967912881,1.0,0.37435162540365013,1
9999937_00000_d_0000025__0_250,56,6,t_8_16,71.9998779296875,0.5,0.25,0.4244349167247631,0.0,0.28131139810889394,1
9999937_00000_d_0000025__0_250,57,6,t_8_16,71.9998779296875,0.5,0.0,0.17651948271213597,4.0,0.5808031092159386,0
9999937_00000_d_0000025__0_250,58,6,t_8_16,160.0,0.75,0.25,0.056735461692014655,3.0,0.82048107923667,0
9999937_00000_d_0000025__0_250,59,6,t_8_16,176.0,0.0,0.08333333333333337,0.42375100824415035,2.0,0.5157014607706011,0
9999937_00000_d_0000025__0_250,60,6,t_8_16,132.0,0.5,0.0,0.11903592477840351,7.0,0.7256671038444469,0
9999937_00000_d_0000025__0_250,61,6,t_8_16,120.0,0.5,0.08333333333333326,0.19234503610015224,6.0,0.7389284821150409,0
9999937_00000_d_0000025__0_250,62,6,t_8_16,120.0,0.5,0.0,0.34840444136362797,3.0,0.7040820997557525,0
9999937_00000_d_0000025__0_250,63,6,t_8_16,80.0,0.5,0.125,0.9220464793134409,2.0,0.3569625355109793,1
9999937_00000_d_0000025__0_250,64,6,t_8_16,108.0,0.0,0.10000000000000009,0.5160685372222634,5.0,0.6240021268186051,0
9999937_00000_d_0000025__0_250,66,6,t_8_16,79.9998779296875,0.75,0.11250000000000004,0.043383073896886185,4.0,0.6194631236551951,0
9999937_00000_d_0000025__0_250,68,6,t_8_16,90.0,0.5,0.08333333333333337,0.0475206957853606,3.0,0.8490662435546777,0
9999937_00000_d_0000025__0_250,69,6,t_8_16,96.0,0.25,0.04166666666666663,0.09554004250213353,6.0,0.6323731164750259,0
9999937_00000_d_0000025__0_250,70,6,t_8_16,156.0003662109375,0.0,0.03125,0.5128888503506789,7.0,0.559797554723784,0
9999937_00000_d_0000025__0_250,71,6,t_8_16,224.0,0.5,0.08333333333333337,0.49067640066441454,3.0,0.4600081046887452,1
9999937_00000_d_0000025__0_250,72,6,s_16_32,287.99951171875,0.25,0.050000000000000044,0.27553709030506507,4.0,0.6635375211262516,0
9999937_00000_d_0000025__0_250,73,6,s_16_32,504.0,0.25,0.08333333333333337,0.3333068991598523,6.0,0.8775862774798644,0
9999937_00000_d_0000025__0_250,74,6,s_16_32,408.0,0.25,0.17500000000000004,0.06576399602863685,8.0,0.7824178327611062,0
9999937_00000_d_0000025__0_250,75,6,t_8_16,167.9996337890625,0.5,0.125,0.5101351026500134,4.0,0.5476416331206468,0
9999937_00000_d_0000025__0_250,77,6,t_8_16,126.0,0.75,0.25,0.05981476350883809,7.0,0.7417456133698447,0
9999937_00000_d_0000025__0_250,78,6,t_8_16,126.0,0.5,0.09999999999999998,0.4732710652701233,4.0,0.6627776769478937,0
9999937_00000_d_0000025__0_250,79,6,t_8_16,133.00021362304688,0.25,0.1875,0.7130130588083526,4.0,0.7331718053919761,0
9999937_00000_d_0000025__0_250,80,6,t_8_16,85.00015258789062,0.0,0.0,0.9999999991514393,1.0,0.8940107500415276,0
9999937_00000_d_0000025__0_250,81,6,t_8_16,84.0,0.5,0.0,0.3624726945804408,4.0,0.7305368848028841,0
9999937_00000_d_0000025__0_250,82,6,t_8_16,85.0,0.0,0.25,0.9812160348900623,3.0,0.7938972997245458,0
9999937_00000_d_0000025__0_250,83,6,t_8_16,75.0,0.5,0.08333333333333337,0.8324257540916656,2.0,0.6831901166582355,0
9999937_00000_d_0000025__0_250,84,6,t_8_16,96.0,0.0,0.29166666666666674,0.9999907935123369,1.0,0.8101684884988277,0
9999937_00000_d_0000025__0_250,85,6,t_8_16,80.0,0.0,0.0,0.9999902636906921,1.0,0.6916958271924006,0
9999937_00000_d_0000025__0_250,86,6,t_8_16,90.0,0.25,0.0,0.8878642663799544,2.0,0.5406817731169281,0
9999937_00000_d_0000025__0_250,87,6,t_8_16,70.0,0.0,0.08333333333333337,0.9988628662674699,2.0,0.7188534003357059,0
9999937_00000_d_0000025__0_250,88,6,t_8_16,70.0,0.5,0.08333333333333337,0.04473504186304644,3.0,0.5309109487306274,0
9999937_00000_d_0000025__0_250,89,6,t_8_16,65.00015258789062,0.0,0.0,0.8656075941112175,2.0,0.47553806790315767,1
9999937_00000_d_0000025__0_250,92,6,t_8_16,119.0,0.0,0.25,0.9999999477179233,2.0,0.003136750008851453,1
9999937_00000_d_0000025__0_250,93,6,t_8_16,65.00015258789062,0.25,0.08333333333333337,0.3733265114466326,3.0,0.0,1
9999937_00000_d_0000121__1200_278,1,6,t_8_16,100.0,0.5,0.33333333333333337,0.5274655483162491,2.0,0.6521327435217276,0
9999937_00000_d_0000121__1200_278,2,6,s_16_32,280.0,0.25,0.0357142857142857,0.1630158214448241,6.0,0.6630496102065716,0
9999937_00000_d_0000121__1200_278,3,6,t_8_16,192.0,0.0,0.0,0.7521635819104563,2.0,0.8188091829282387,0
9999937_00000_d_0000121__1200_278,4,5,s_16_32,648.0,0.5,0.22499999999999998,0.8373533121612937,5.0,0.36308437072364175,1
9999940_00000_d_0000086__600_0,1,5,s_16_32,263.9999771118164,0.5,0.21964285714285725,0.15196313419041696,4.0,0.8007630942797194,0
9999940_00000_d_0000086__600_0,2,5,t_8_16,180.0,0.5,0.25,0.9269812146581431,0.0,0.39578837178934284,1
9999940_00000_d_0000086__600_0,3,5,s_16_32,504.0,0.25,0.09595959595959602,0.09925869030944151,9.0,0.7697415765771806,0
9999940_00000_d_0000086__600_0,4,5,s_16_32,504.0,0.6666666666666666,0.06666666666666676,0.15440998623609006,8.0,0.7670526108512905,0
9999940_00000_d_0000086__600_0,5,5,t_8_16,144.0,0.25,0.22916666666666663,0.3082694676109366,3.0,0.5764457869099857,0
9999940_00000_d_0000086__600_0,7,5,s_16_32,395.99932861328125,0.0,0.12215909090909094,0.49760392263489694,8.0,0.6632291510930985,0
9999940_00000_d_0000086__600_0,8,5,t_8_16,215.99945068359375,0.0,0.125,0.9233325974889363,4.0,0.5295854548439559,0
9999940_00000_d_0000086__600_0,11,5,s_16_32,288.00006103515625,0.5,0.125,0.09221571271518861,6.0,0.8452256583243538,0
9999940_00000_d_0000086__600_0,14,6,t_8_16,96.0,0.0,0.125,0.986940165517362,2.0,0.0,1
9999940_00000_d_0000086__600_0,15,5,s_16_32,440.0,0.75,0.045454545454545414,0.0527902022322721,10.0,0.9000515104214505,0
9999940_00000_d_0000086__600_0,16,5,t_8_16,120.0,0.0,0.20833333333333337,0.1359175328730583,2.0,0.7555402372119677,0
9999940_00000_d_0000086__600_0,17,5,t_8_16,64.0,0.75,0.75,,0.0,0.7981063549537896,0
9999940_00000_d_0000086__600_0,18,5,t_8_16,80.0,0.0,0.0,,1.0,0.6567950694655136,0
9999940_00000_d_0000086__600_0,19,5,s_16_32,400.00030517578125,0.5,0.03125,0.0008141775357971866,8.0,0.69259518414544,0
9999940_00000_d_0000086__600_0,20,5,s_16_32,320.0,0.25,0.17142857142857137,0.09571375261064172,5.0,0.8188431993885236,0
9999940_00000_d_0000086__600_0,22,5,t_8_16,223.9990234375,0.5,0.04166666666666663,0.0033495794377873212,5.0,0.8126312014638587,0
9999940_00000_d_0000086__600_0,24,5,s_16_32,440.0,0.75,0.10624999999999996,0.04756536153885833,7.0,0.8159093632270761,0
9999940_00000_d_0000086__600_0,25,5,s_16_32,384.0,0.25,0.0357142857142857,0.016681297965877608,7.0,0.7072051403557358,0
9999940_00000_d_0000086__600_0,27,6,t_8_16,95.99951171875,0.25,0.125,,1.0,0.3891760833333273,1
9999940_00000_d_0000086__600_0,29,6,t_8_16,96.0,0.25,0.25,,1.0,0.4133293124999967,1
9999940_00000_d_0000086__600_0,31,6,t_8_16,80.0,0.5,0.5,,0.0,0.6158694125000023,0
9999940_00000_d_0000086__600_0,32,5,s_16_32,260.0,0.5,0.4375,0.00043878361390008673,1.0,0.666263936427893,0
9999940_00000_d_0000086__600_0,33,5,s_16_32,336.0,0.25,0.11250000000000004,0.5367196966953074,4.0,0.8251212793557315,0
9999940_00000_d_0000086__600_0,34,5,t_8_16,220.0,0.5,0.375,0.41030360738837895,2.0,0.6698638306298355,0
9999940_00000_d_0000086__600_0,35,5,t_8_16,199.99984741210938,0.5,0.5,0.19425936228277962,0.0,0.7738151963602365,0
9999940_00000_d_0000086__600_0,36,5,t_8_16,239.99984741210938,0.5,0.39583333333333337,0.4378493431457397,3.0,0.694992974711383,0
9999940_00000_d_0000086__600_0,37,5,t_8_16,240.0,0.5,0.08333333333333337,0.17856681313125108,2.0,0.6011131391033487,0
9999940_00000_d_0000086__600_0,38,5,t_8_16,207.99960327148438,0.0,0.09999999999999998,0.6194904451967863,5.0,0.5351231757856838,0
9999940_00000_d_0000086__600_0,39,5,t_8_16,220.0,0.0,0.16666666666666674,0.7171447122375548,2.0,0.7797313793775937,0
9999940_00000_d_0000086__600_0,40,5,t_8_16,144.0,0.75,0.16666666666666674,0.09989475598000529,3.0,0.37945875387470973,1
9999940_00000_d_0000086__600_0,41,5,t_8_16,127.999755859375,0.5,0.0,0.05353810475215267,5.0,0.7039164987877582,0
9999945_00000_d_0000056__0_0,1,5,t_8_16,100.0006103515625,0.0,0.29166666666666663,0.9999999991014276,2.0,0.5097434730059592,0
9999945_00000_d_0000056__0_0,2,5,t_8_16,80.00048828125,0.0,0.125,,1.0,0.6383631755350632,0
9999945_00000_d_0000056__0_0,3,6,t_8_16,96.0009765625,0.25,0.3291666666666667,0.8396045298016622,3.0,0.0,1
9999945_00000_d_0000056__0_0,4,6,t_8_16,176.00048828125,0.25,0.30000000000000004,0.6756716041904652,2.0,0.6475503026577345,0
9999945_00000_d_0000056__0_0,5,5,s_16_32,672.0,0.25,0.09090909090909083,0.09800268169129452,10.0,0.8627134180833065,0
9999945_00000_d_0000056__0_0,6,5,s_16_32,360.0,0.5,0.1875,0.05340841490935202,8.0,0.6948273960786931,0
9999945_00000_d_0000056__0_0,7,5,s_16_32,400.0,0.25,0.09375,0.10100053367114,8.0,0.5713535963756854,0
9999945_00000_d_0000056__0_0,8,5,t_8_16,144.0,0.25,0.25,,1.0,0.7514548230785614,0
9999945_00000_d_0000056__0_0,9,5,t_8_16,96.0,0.25,0.125,,1.0,0.7988951007681602,0
9999945_00000_d_0000056__0_0,10,5,t_8_16,72.0,0.25,0.16666666666666674,0.32274530240431165,3.0,0.6729916111111056,0
9999945_00000_d_0000056__0_0,11,5,s_16_32,256.0,0.5,0.09999999999999998,0.06278964373167215,5.0,0.8012563489545059,0
9999945_00000_d_0000056__0_0,12,5,t_8_16,99.99969482421875,0.25,0.20833333333333337,0.5690176798017161,2.0,0.8168801931674281,0
9999945_00000_d_0000056__0_0,13,5,t_8_16,64.0,0.0,0.0,,1.0,0.0,1
9999945_00000_d_0000056__0_0,15,5,t_8_16,168.0,0.25,0.08333333333333337,0.1699515096565533,2.0,0.7785618096911296,0
9999945_00000_d_0000056__0_0,16,5,s_16_32,360.0,0.75,0.09090909090909094,0.17791602067465642,8.0,0.9445693922185012,0
9999945_00000_d_0000056__0_0,17,5,t_8_16,80.0,0.0,0.125,0.6970988095183148,2.0,0.5102305823843298,0
9999945_00000_d_0000056__0_0,22,5,t_8_16,112.0,0.0,0.125,0.18905175746680286,2.0,0.6197377211057701,0
9999945_00000_d_0000056__0_0,23,5,t_8_16,159.9993896484375,0.5,0.1071428571428571,0.17105786002519385,7.0,0.6604376224056423,0
9999945_00000_d_0000056__0_0,24,5,t_8_16,80.0,0.0,0.125,,1.0,0.7540581883731877,0
9999945_00000_d_0000056__0_0,27,5,s_16_32,311.99920654296875,0.0,0.41666666666666674,0.9999999997273219,2.0,0.13579129686479227,1
9999951_00000_d_0000006__600_0,0,6,t_8_16,207.99960327148438,0.25,0.08333333333333337,0.2978498336616605,9.0,0.6955208528851379,0
9999951_00000_d_0000006__600_0,1,6,s_16_32,288.0001220703125,0.25,0.1785714285714285,0.3324282377701249,7.0,0.5974515187028391,0
9999951_00000_d_0000006__600_0,2,6,t_8_16,160.0,0.0,0.0,0.4930693830643665,4.0,0.6486893573396119,0
9999951_00000_d_0000006__600_0,3,6,t_8_16,144.0,0.5,0.41666666666666674,0.09834232278470116,3.0,0.8482144423081025,0
9999951_00000_d_0000006__600_0,4,6,t_8_16,208.0,0.0,0.11250000000000004,0.36424096472201645,4.0,0.8655905654093734,0
9999951_00000_d_0000006__600_0,5,6,t_8_16,180.0,0.25,0.08333333333333337,0.12392524250092178,2.0,0.787358100000001,0
9999951_00000_d_0000006__600_0,6,6,t_8_16,108.0,0.25,0.09999999999999998,0.08145225120991395,3.0,0.5994434258615636,0
9999951_00000_d_0000006__600_0,7,6,t_8_16,95.99995422363281,0.5,0.16249999999999998,0.042563944319364104,3.0,0.6140722788752994,0
9999951_00000_d_0000006__600_0,8,6,t_8_16,220.0,0.0,0.0,0.13985169440240558,3.0,0.7169131577444966,0
9999951_00000_d_0000006__600_0,9,6,t_8_16,176.0,0.75,0.25,0.32038719288257134,4.0,0.6402383568170763,0
9999951_00000_d_0000006__600_0,10,6,t_8_16,207.99954223644454,0.25,0.11111111111111116,0.1437354274834024,9.0,0.7954159245217998,0
9999951_00000_d_0000006__600_0,11,6,t_8_16,176.0,0.75,0.14583333333333337,0.012225337444313623,3.0,0.7658315011774163,0
9999951_00000_d_0000006__600_0,12,6,t_8_16,171.0,0.25,0.0625,0.0926831606832634,4.0,0.7259371501224815,0
9999951_00000_d_0000309__0_0,0,6,s_16_32,336.0,0.0,0.0,0.015076740679188447,6.0,0.8115659999999971,0
9999951_00000_d_0000309__0_0,1,6,s_16_32,384.0,0.5,0.03125,0.008271322437756847,7.0,0.7205758508537612,0
9999951_00000_d_0000309__0_0,2,6,s_16_32,416.0,0.25,0.09375,0.2415844009716728,8.0,0.7398882916887011,0
9999951_00000_d_0000309__0_0,3,6,s_16_32,364.0008544921875,0.5,0.0,0.04670562942456743,8.0,0.9178853937828951,0
9999951_00000_d_0000309__0_0,4,6,s_16_32,288.0,0.0,0.09999999999999998,0.07540387277142566,5.0,0.8518758557765893,0
9999951_00000_d_0000309__0_0,5,6,t_8_16,180.0,0.25,0.25,0.2812689323502385,4.0,0.6308468828694392,0
9999951_00000_d_0000309__0_0,6,6,t_8_16,96.0,0.5,0.0,0.8638035478571954,0.0,0.5596033385363781,0
9999951_00000_d_0000309__0_0,7,6,t_8_16,108.0,0.0,0.0,0.33670613730653,0.0,0.6536819790459191,0
9999951_00000_d_0000309__0_0,8,6,t_8_16,240.0,0.5,0.2142857142857143,0.23729194341527635,7.0,0.8067062625000045,0
9999951_00000_d_0000309__0_0,9,6,t_8_16,84.0,0.0,0.09999999999999998,0.48558650758754235,3.0,0.6474601914405975,0
9999951_00000_d_0000309__0_0,10,6,t_8_16,168.0,0.0,0.09999999999999998,0.39073208062125026,5.0,0.6386739683931838,0
9999951_00000_d_0000309__0_0,11,6,s_16_32,300.0,0.5,0.04166666666666663,0.17592121636694832,5.0,0.6658864756280285,0
9999951_00000_d_0000309__0_0,12,6,t_8_16,128.0,0.25,0.0,0.36520355969937285,3.0,0.6232908109824244,0
9999951_00000_d_0000309__0_0,13,6,t_8_16,168.0,0.25,0.1875,0.042470208250730335,4.0,0.584711862966513,0
9999951_00000_d_0000309__0_0,14,6,t_8_16,120.0,0.0,0.24583333333333335,0.08958025474124166,3.0,0.628840519710697,0
9999951_00000_d_0000309__0_0,15,6,t_8_16,128.0,0.0,0.08333333333333337,0.21519474317710602,3.0,0.6792732349522803,0
9999951_00000_d_0000309__0_0,16,6,t_8_16,140.0,0.5,0.16666666666666674,0.6013923720853018,2.0,0.725534116533802,0
9999951_00000_d_0000309__0_0,17,6,s_16_32,364.0,0.25,0.09375,0.4974908275220011,5.0,0.7596201108935084,0
9999951_00000_d_0000309__0_0,18,6,s_16_32,279.99908447265625,0.25,0.19999999999999996,0.06166878295932754,5.0,0.6198280342948692,0
9999955_00000_d_0000071__600_0,0,5,s_16_32,792.0,0.25,0.0,0.0402895183162419,10.0,0.7307218869562995,0
9999955_00000_d_0000071__600_0,2,5,s_16_32,320.0,0.5,0.0982142857142857,0.0632470168543032,6.0,0.8456636718750018,0
9999955_00000_d_0000071__600_0,3,5,s_16_32,320.0,0.0,0.18333333333333335,0.1530181205439455,4.0,0.7096339687499993,0
9999955_00000_d_0000071__600_0,4,5,t_8_16,252.0,0.75,0.0714285714285714,0.04438451089323427,5.0,0.9169314667528277,0
9999955_00000_d_0000071__600_0,5,5,t_8_16,120.0,0.5,0.18333333333333335,0.0805525743713831,3.0,0.7948174458322803,0
9999955_00000_d_0000071__600_0,6,5,t_8_16,96.0,0.75,0.5,,1.0,0.8112278599593857,0
9999955_00000_d_0000071__600_0,7,5,t_8_16,96.0,0.25,0.375,,1.0,0.703899120663366,0
9999955_00000_d_0000071__600_0,8,5,t_8_16,79.999755859375,0.0,0.125,,1.0,0.7456077333293999,0
9999955_00000_d_0000071__600_0,9,5,t_8_16,80.0,0.0,0.0,,1.0,0.7539791692857724,0
9999955_00000_d_0000071__600_0,10,5,t_8_16,72.0,0.25,0.0,0.1117378892825342,3.0,0.5246538338352054,0
9999955_00000_d_0000071__600_0,13,5,t_8_16,64.0,0.5,0.5,,1.0,0.8159305407766015,0
9999955_00000_d_0000071__600_0,24,5,t_8_16,144.0,0.5,0.16666666666666674,0.1280640730472871,3.0,0.7291975315518039,0
9999955_00000_d_0000071__600_0,25,5,t_8_16,252.0,0.0,0.17500000000000004,0.5692970183261433,4.0,0.510814386711707,0
9999955_00000_d_0000071__600_0,26,5,s_16_32,720.0,0.75,0.0,0.0035089249287997486,10.0,0.8043202308282685,0
9999955_00000_d_0000071__600_0,27,5,t_8_16,139.9993896484375,0.75,0.18333333333333335,0.011502262379978843,3.0,0.7595443551226714,0
9999955_00000_d_0000071__600_0,28,5,t_8_16,80.0,0.25,0.25,,1.0,0.5414796455195376,0
9999955_00000_d_0000071__600_0,29,5,t_8_16,128.0,0.0,0.0,0.08093776193713768,2.0,0.6760720608843577,0
9999955_00000_d_0000071__600_0,30,5,t_8_16,192.0,0.5,0.0,0.048317529405357273,5.0,0.8268324999999984,0
9999955_00000_d_0000071__600_0,31,5,s_16_32,364.0,0.25,0.09375,0.052473697826124426,5.0,0.7986060067481471,0
9999955_00000_d_0000071__600_0,32,5,s_16_32,640.0,0.25,0.0,0.008678870684019468,10.0,0.9014769922902852,0
9999955_00000_d_0000071__600_0,33,5,s_16_32,448.0,0.0,0.20833333333333337,0.11280359336713071,6.0,0.7192014450725133,0
9999955_00000_d_0000071__600_0,34,5,s_16_32,288.0,0.5,0.21964285714285714,0.004411205945817241,4.0,0.7199109135428419,0
9999955_00000_d_0000071__600_0,35,5,t_8_16,64.0,0.5,0.5,,0.0,0.6185257031249982,0
9999955_00000_d_0000071__600_0,36,5,t_8_16,200.0,0.0,0.0,0.9885858610343358,2.0,0.5523634379205518,0
9999972_00000_d_0000161__1200_0,1,6,t_8_16,96.0,0.25,0.20833333333333337,0.46312876384170726,2.0,0.8634954682581083,0
9999972_00000_d_0000161__1200_0,2,5,s_16_32,832.0003967285156,0.75,0.0,0.02127247955933808,10.0,0.8970711934259187,0
9999972_00000_d_0000161__1200_0,3,5,s_16_32,896.000244140625,0.5,0.045454545454545414,0.021480266194269296,10.0,0.8952357673852773,0
9999977_00000_d_0000036__0_0,0,5,s_16_32,415.9999694824219,0.25,0.1071428571428572,0.014039575326454378,7.0,0.8871728436561482,0
9999977_00000_d_0000036__0_0,1,6,t_8_16,72.0,0.0,0.0,0.07411984051014334,4.0,0.743723676403357,0
9999977_00000_d_0000036__0_0,2,6,t_8_16,100.0,0.25,0.25,,1.0,0.5754117541676597,0
9999977_00000_d_0000036__0_0,3,6,s_16_32,308.0,0.25,0.08333333333333337,0.6427270209517585,4.0,0.7626280123535528,0
9999977_00000_d_0000036__0_0,4,6,s_16_32,288.0,0.25,0.125,0.025191162956362548,6.0,0.806732863990442,0
9999977_00000_d_0000036__0_0,5,6,t_8_16,72.0,0.25,0.0,0.005298719857969967,3.0,0.5292738372407869,0
9999982_00000_d_0000175__0_250,0,5,t_8_16,128.0,0.0,0.0,0.16795426398744934,2.0,0.8920689699694486,0
9999982_00000_d_0000175__0_250,1,5,s_16_32,419.9997863769531,0.0,0.15625,0.1519400041940525,8.0,0.7717769285714302,0
9999982_00000_d_0000175__0_250,2,5,s_16_32,476.0,0.0,0.11250000000000004,0.015782264324909465,8.0,0.8451527492068495,0
9999982_00000_d_0000175__0_250,4,5,s_16_32,264.0,0.75,0.09166666666666667,0.00866830308070731,5.0,0.8556088977272747,0
9999982_00000_d_0000175__0_250,5,5,t_8_16,216.0,0.25,0.29166666666666674,0.025845229598311,6.0,0.7991129814814841,0
9999982_00000_d_0000175__0_250,6,5,t_8_16,215.9996337890625,0.5,0.11250000000000004,0.02828554469424324,4.0,0.7597048888888872,0
9999982_00000_d_0000175__0_250,7,5,t_8_16,112.0,0.0,0.0,,1.0,0.6166702340758863,0
9999982_00000_d_0000175__0_250,8,5,t_8_16,72.0,0.5,0.125,0.21804470175942917,2.0,0.8559881393332316,0
9999982_00000_d_0000175__0_250,9,5,t_8_16,72.0,0.5,0.25,,0.0,0.35948897465526186,1
9999982_00000_d_0000175__0_250,10,5,t_8_16,84.0,0.0,0.0,0.9508869982758824,2.0,0.7768687192848873,0
9999982_00000_d_0000175__0_250,11,5,t_8_16,112.0,0.0,0.125,0.9909459195689226,2.0,0.5559703219437381,0
9999982_00000_d_0000175__0_250,12,5,t_8_16,83.99989318847656,0.75,0.08333333333333337,0.039690869243679594,2.0,0.8299061332135529,0
9999982_00000_d_0000175__0_250,13,5,t_8_16,72.0,0.25,0.75,,0.0,0.6181904306632976,0
9999982_00000_d_0000175__0_250,15,5,t_8_16,96.0,0.0,0.08333333333333337,0.1561849253173212,3.0,0.591173101725677,0
9999982_00000_d_0000175__0_250,16,5,t_8_16,96.0,0.0,0.0,,1.0,0.5268243571384713,0
9999982_00000_d_0000175__0_250,24,5,s_16_32,936.0,0.5,0.0,0.10723399845248599,10.0,0.8312350057774978,0
9999982_00000_d_0000187__0_0,0,6,t_8_16,120.0,0.5,0.375,0.13671768833761305,4.0,0.5293112999999983,0
9999982_00000_d_0000187__0_0,1,6,t_8_16,140.0008544921875,0.0,0.125,,1.0,0.4622166428571386,1
9999982_00000_d_0000187__0_0,2,6,t_8_16,100.0,0.0,0.125,,1.0,0.48768654313137955,1
9999982_00000_d_0000187__0_0,4,6,t_8_16,84.0,0.25,0.17500000000000004,0.2762199528491193,4.0,0.6108740768326653,0
9999984_00000_d_0000098__0_0,0,6,t_8_16,140.0,0.3333333333333333,0.16666666666666663,0.22679498827143046,2.0,0.800097908780731,0
9999984_00000_d_0000103__0_250,0,6,t_8_16,192.0,0.5,0.19999999999999996,0.24875090980211956,5.0,0.8674519394785075,0
9999984_00000_d_0000103__0_250,1,6,t_8_16,144.0,0.5,0.08333333333333337,0.006774190358287423,3.0,0.5989093926516437,0
9999984_00000_d_0000103__0_250,2,6,t_8_16,180.0,0.25,0.09999999999999998,0.4304579556747177,3.0,0.7379829362743062,0
9999984_00000_d_0000103__0_250,4,6,t_8_16,95.99981689453125,0.75,0.04166666666666663,0.0062652685349199305,5.0,0.6310498122335049,0
9999984_00000_d_0000103__0_250,5,6,t_8_16,224.0,0.5,0.0625,0.07372633872162417,4.0,0.6024865785366252,0
9999984_00000_d_0000103__0_250,6,6,t_8_16,192.0,0.0,0.20833333333333337,0.2584673758512165,3.0,0.7402297248125913,0
9999984_00000_d_0000103__0_250,7,6,t_8_16,176.0,0.25,0.125,0.2753572162875345,4.0,0.4869118607823704,1
9999984_00000_d_0000103__0_250,8,6,t_8_16,180.0,0.0,0.08333333333333337,0.6996816675749922,2.0,0.7134348333333285,0
9999984_00000_d_0000103__0_250,9,6,t_8_16,196.0,0.25,0.0,0.1538982942414197,4.0,0.5808494633509919,0
9999984_00000_d_0000103__0_250,10,6,t_8_16,223.99957275390625,0.75,0.0,0.02613206004466459,4.0,0.7537914333177044,0
9999984_00000_d_0000103__0_250,11,6,t_8_16,144.0,0.25,0.25,0.21938756296399978,4.0,0.5272190129022222,0
9999984_00000_d_0000126__600_250,0,5,s_16_32,396.0,0.5,0.11250000000000004,0.0808675548947049,8.0,0.9073594788008141,0
9999984_00000_d_0000126__600_250,1,5,s_16_32,504.0,0.25,0.025000000000000022,0.061731467713597596,9.0,0.8902270764381336,0
9999984_00000_d_0000126__600_250,2,5,t_8_16,139.9999237060547,0.5,0.16666666666666674,0.0627465850374762,3.0,0.885025297860053,0
9999984_00000_d_0000126__600_250,3,5,t_8_16,80.0,0.25,0.375,,1.0,0.8063271195990015,0
9999984_00000_d_0000153__600_0,1,6,t_8_16,120.0,0.0,0.125,0.8701254105669791,4.0,0.6272001495489787,0
9999984_00000_d_0000153__600_0,2,6,t_8_16,144.0,0.6666666666666666,0.04166666666666663,0.23750572532580316,7.0,0.6484467384569688,0
9999984_00000_d_0000153__600_0,4,6,t_8_16,160.0,0.75,0.2500000000000001,0.16972240687399903,3.0,0.7512107312500049,0
9999984_00000_d_0000153__600_0,6,5,s_16_32,1012.0,0.0,0.18181818181818177,0.06991913711319905,10.0,0.8219029377928635,0
9999984_00000_d_0000153__600_0,7,5,s_16_32,440.0,0.5,0.08125000000000004,0.027523346189288245,8.0,0.8212348123224193,0
9999994_00000_d_0000003__600_0,0,6,t_8_16,96.0,0.25,0.375,,1.0,0.7432331441943625,0
9999994_00000_d_0000003__600_0,1,5,t_8_16,252.0,0.75,0.09999999999999998,0.04235094044412822,5.0,0.9159318452380916,0
9999994_00000_d_0000003__600_0,2,5,t_8_16,120.0,0.0,0.125,,1.0,0.7600396968733678,0
9999994_00000_d_0000003__600_0,3,5,t_8_16,80.0,0.5,0.25,,1.0,0.7378128281660528,0
9999994_00000_d_0000016__0_250,0,5,s_16_32,704.0,0.75,0.09090909090909083,0.012755098820327574,10.0,0.9300235919998452,0
9999994_00000_d_0000016__0_250,1,5,s_16_32,792.0,0.75,0.09090909090909083,0.03420430565872187,10.0,0.8436326170420143,0
9999994_00000_d_0000016__0_250,2,5,s_16_32,960.0,0.5,0.045454545454545414,0.009948653699980096,10.0,0.8600256635053152,0
9999994_00000_d_0000016__0_250,3,5,s_16_32,324.0010986328125,0.5,0.10416666666666663,0.005482092586216724,6.0,0.8979671045124683,0
9999994_00000_d_0000016__0_250,4,5,t_8_16,140.0,0.25,0.20833333333333337,0.04333554584089675,2.0,0.6630926669031662,0
9999994_00000_d_0000016__0_250,5,5,t_8_16,168.0,0.25,0.125,0.005261829205601496,4.0,0.7470531428604549,0
9999994_00000_d_0000016__0_250,6,5,t_8_16,255.9990234375,0.25,0.0,0.0531405413382311,5.0,0.7585102311475337,0
9999994_00000_d_0000016__0_250,8,6,s_16_32,396.0013427734375,0.25,0.07499999999999996,0.053817728254834864,7.0,0.0,1
9999994_00000_d_0000016__0_250,9,5,t_8_16,64.0,0.0,0.0,0.45169006062171774,2.0,0.5560362276368528,0
9999994_00000_d_0000016__0_250,10,5,t_8_16,196.0,0.0,0.08333333333333337,0.8365663288266986,2.0,0.0,1
9999994_00000_d_0000016__0_250,12,5,t_8_16,140.0,0.25,0.25,,1.0,0.6812085013791624,0
9999994_00000_d_0000016__0_250,14,5,t_8_16,100.0,0.25,0.0,0.06933286245320054,2.0,0.770855970803676,0
9999994_00000_d_0000016__0_250,15,5,t_8_16,64.0,0.0,0.0,,1.0,0.7171349504270316,0
9999994_00000_d_0000016__0_250,16,5,t_8_16,64.0,0.25,0.375,,1.0,0.6144949935478439,0
9999994_00000_d_0000016__0_250,17,5,t_8_16,95.999267578125,0.0,0.41666666666666663,0.6637114574577816,2.0,0.5296222087275219,0
9999994_00000_d_0000016__0_250,18,5,t_8_16,96.0,0.5,0.25,,0.0,0.6938390976107067,0
9999994_00000_d_0000016__0_250,19,5,t_8_16,95.99951171875,0.5,0.0,0.8343670012382347,0.0,0.3825038909196206,1
9999994_00000_d_0000016__0_250,20,5,t_8_16,96.0,0.0,0.0,0.5632174568299327,0.0,0.5108445180954445,0
9999994_00000_d_0000016__0_250,21,5,t_8_16,80.0,0.5,0.25,0.37531500229936077,3.0,0.6223898048976577,0
9999994_00000_d_0000016__0_250,22,5,t_8_16,80.0,0.5,0.75,0.9771761911566448,1.0,0.5810611007856366,0
9999994_00000_d_0000016__0_250,23,5,t_8_16,100.0,0.5,0.375,0.46916812705256694,1.0,0.46761705563996214,1
9999994_00000_d_0000016__0_250,24,5,t_8_16,120.0,0.25,0.125,0.9902557723422619,1.0,0.5276009591116815,0
9999994_00000_d_0000016__0_250,26,5,t_8_16,80.0,0.5,0.0,0.04207759571553272,0.0,0.44296626719054744,1
9999994_00000_d_0000016__0_250,27,5,t_8_16,64.0,0.25,0.25,,1.0,0.0,1
9999994_00000_d_0000016__0_250,28,5,t_8_16,80.0,0.5,0.5,,0.0,0.0,1
9999994_00000_d_0000016__0_250,31,5,t_8_16,120.0,0.0,0.125,,1.0,0.7613280925977969,0
9999994_00000_d_0000016__0_250,32,5,t_8_16,120.000732421875,0.25,0.25,0.9981797603596878,1.0,0.6997188176476381,0
9999994_00000_d_0000016__0_250,44,5,t_8_16,80.00048828125,0.0,0.0,0.7903353111066956,2.0,0.7500455252575341,0
9999994_00000_d_0000016__0_250,46,5,t_8_16,64.0,0.5,0.5,,1.0,0.7867813577309357,0
9999994_00000_d_0000027__0_0,8,5,t_8_16,128.0,0.25,0.25,0.9839366166972552,2.0,0.3143158103811907,1
9999994_00000_d_0000027__0_0,12,5,t_8_16,192.0,0.0,0.16666666666666674,0.3868543029767568,2.0,0.7905031409764455,0
9999994_00000_d_0000027__0_0,13,5,t_8_16,80.0,0.0,0.0,,1.0,0.7703913561493303,0
9999994_00000_d_0000027__0_0,15,5,t_8_16,80.0,0.0,0.0,,1.0,0.6989711601542136,0
9999994_00000_d_0000027__0_0,16,5,t_8_16,120.0,0.5,0.20833333333333337,0.009808421057346927,2.0,0.6686303053229994,0
9999994_00000_d_0000027__0_0,17,5,t_8_16,140.0,0.5,0.25,0.1577570835472465,4.0,0.7423203270972246,0
9999994_00000_d_0000027__0_0,18,5,t_8_16,216.0,0.25,0.1499999999999999,0.5584003877065614,5.0,0.6310051187617504,0
9999994_00000_d_0000027__0_0,19,5,s_16_32,280.0,0.0,0.125,0.08858050558046839,8.0,0.5606149514122981,0
9999994_00000_d_0000027__0_0,20,5,s_16_32,320.0,0.25,0.04166666666666663,0.16088531697940336,6.0,0.7816893348051911,0
9999994_00000_d_0000027__0_0,21,5,s_16_32,384.0,0.25,0.08333333333333337,0.1249357077020112,9.0,0.7100367203625774,0
9999994_00000_d_0000027__0_0,22,5,s_16_32,364.0008544921875,0.0,0.125,0.9069982563370397,1.0,0.6914089585543005,0
9999994_00000_d_0000027__0_0,23,5,s_16_32,300.0,0.0,0.17500000000000004,0.3659589999661827,4.0,0.7764533695781272,0
9999994_00000_d_0000027__0_0,25,5,t_8_16,80.0,0.25,0.25,0.17778180928308984,2.0,0.609633653106731,0
9999994_00000_d_0000027__0_0,26,5,t_8_16,84.0,0.25,0.17500000000000004,0.5134052162490998,4.0,0.3762918361884684,1
9999994_00000_d_0000027__0_0,27,5,s_16_32,320.0,0.5,0.125,0.2525311395097144,3.0,0.9040702145445628,0
9999994_00000_d_0000027__0_0,28,5,t_8_16,192.0,0.25,0.0,0.04739684256312962,3.0,0.6351788590720825,0
9999994_00000_d_0000027__0_0,29,5,t_8_16,240.0,0.5,0.20833333333333337,0.34070516204395945,2.0,0.7166660216721809,0
9999994_00000_d_0000027__0_0,30,5,t_8_16,240.0,0.0,0.14583333333333337,0.8714008784739214,3.0,0.7636537839006481,0
9999994_00000_d_0000027__0_0,31,5,t_8_16,176.0,0.0,0.125,0.9990737693924966,1.0,0.7870537423287687,0
9999994_00000_d_0000027__0_0,32,5,s_16_32,511.9990234375,0.25,0.05555555555555558,0.1530910415735362,9.0,0.4441470468750003,1
9999994_00000_d_0000027__0_0,33,5,t_8_16,240.0,0.5,0.25,0.28878215793788886,3.0,0.7464461178738857,0
9999994_00000_d_0000027__0_0,34,5,t_8_16,159.99951171875,0.5,0.08333333333333337,0.11628692391046395,3.0,0.8068205729235157,0
9999994_00000_d_0000027__0_0,35,5,t_8_16,144.0,0.0,0.25,0.9876101458045077,0.0,0.8281940646345763,0
9999994_00000_d_0000027__0_0,36,5,t_8_16,180.0,0.25,0.125,0.4059257982011504,2.0,0.7486431322772747,0
9999994_00000_d_0000027__0_0,37,5,t_8_16,159.99951171875,0.25,0.25,0.014387844337808802,4.0,0.8737614049762183,0
9999994_00000_d_0000027__0_0,38,5,t_8_16,120.000732421875,0.0,0.125,,1.0,0.6156610422600763,0
9999994_00000_d_0000027__0_0,39,5,t_8_16,64.0,0.0,0.125,,1.0,0.7093145419634905,0
9999994_00000_d_0000027__0_0,40,5,t_8_16,64.0,0.25,0.25,,1.0,0.5821440558281691,0
9999994_00000_d_0000027__0_0,41,5,t_8_16,160.0,0.5,0.08333333333333337,0.22598899581120793,3.0,0.6441541289749473,0
9999994_00000_d_0000027__0_0,43,5,t_8_16,72.0,0.0,0.20833333333333337,0.7001702351425845,2.0,0.6206565000000069,0
9999994_00000_d_0000027__0_0,44,5,t_8_16,84.0,0.25,0.0625,0.38304166896762337,3.0,0.575972123633175,0
9999994_00000_d_0000027__0_0,45,5,t_8_16,240.0,0.5,0.09999999999999998,0.013089399427702323,5.0,0.5183141666666663,0
9999994_00000_d_0000027__0_0,46,5,t_8_16,72.0,0.5,0.0625,0.8062536865847328,3.0,0.5249699813820787,0
9999994_00000_d_0000027__0_0,47,5,t_8_16,72.0,0.25,0.08333333333333337,0.6252122606457104,2.0,0.7620331042657561,0
9999994_00000_d_0000027__0_0,48,5,t_8_16,84.0,0.5,0.125,0.18391672184798702,2.0,0.6995100061754844,0
9999994_00000_d_0000027__0_0,50,5,t_8_16,200.0,0.25,0.11250000000000004,0.10312376353296976,4.0,0.8546947322191857,0
9999994_00000_d_0000027__0_0,51,5,s_16_32,676.0,0.75,0.08333333333333337,0.03203502344273566,10.0,0.8860398601459659,0
9999994_00000_d_0000027__0_0,52,5,t_8_16,160.0,0.25,0.5,,0.0,0.7060599404281429,0
9999994_00000_d_0000027__0_0,53,5,t_8_16,96.0,0.25,0.2500000000000001,0.7203233840978676,3.0,0.6156056146416333,0
9999994_00000_d_0000027__0_0,54,5,t_8_16,200.0,0.25,0.29999999999999993,0.3902433827768386,5.0,0.8323679291100209,0
9999994_00000_d_0000027__0_0,55,5,t_8_16,160.0,0.25,0.125,0.1156018094281582,2.0,0.8300045887079657,0
9999994_00000_d_0000027__0_0,56,5,t_8_16,200.0,1.0,0.19999999999999996,0.08527613230442938,5.0,0.8536658457701761,0
9999994_00000_d_0000027__0_0,57,5,t_8_16,192.0,0.25,0.08333333333333337,0.016324147089746017,3.0,0.8440593327481853,0
9999994_00000_d_0000027__0_0,58,5,t_8_16,128.0,0.5,0.08333333333333337,0.414414314015584,2.0,0.6294299765624917,0
9999994_00000_d_0000027__0_0,59,5,t_8_16,112.0,0.25,0.25,0.26789860472880705,2.0,0.8608323150432515,0
9999997_00000_d_0000030__600_250,0,5,t_8_16,255.9990234375,0.5,0.19999999999999996,0.01685397499803525,5.0,0.631448575642417,0
9999997_00000_d_0000030__600_250,1,5,t_8_16,167.9991455078125,0.25,0.16666666666666674,0.07394191292635334,2.0,0.7848014079949129,0
9999997_00000_d_0000030__600_250,2,5,t_8_16,224.0,0.75,0.17500000000000004,0.009295432904005058,4.0,0.872154132552468,0
9999997_00000_d_0000030__600_250,3,5,t_8_16,100.0,0.25,0.20833333333333337,0.2574430390367823,2.0,0.6776634103275309,0
9999997_00000_d_0000041__600_0,1,6,t_8_16,240.00146484375,0.75,0.1071428571428572,0.07582067890220655,7.0,0.8806789297689476,0
9999997_00000_d_0000041__600_0,2,6,t_8_16,96.0009765625,0.5,0.050000000000000044,0.08702989947516178,4.0,0.8687011490503017,0
9999997_00000_d_0000041__600_0,3,6,t_8_16,96.0009765625,0.25,0.09999999999999998,0.4292121593625567,5.0,0.5877035123990663,0
9999997_00000_d_0000041__600_0,4,6,t_8_16,96.0,0.75,0.04166666666666663,0.03983341671656873,6.0,0.7996447871249983,0
9999997_00000_d_0000041__600_0,6,6,t_8_16,72.0,0.25,0.20833333333333337,0.1630375654619588,2.0,0.5776275555555518,0
9999998_00046_d_0000036__0_0,0,6,t_8_16,108.0,0.0,0.25,0.2863870007917345,2.0,0.48029432411606443,1
9999998_00046_d_0000036__0_0,2,6,t_8_16,96.0,0.0,0.0,,1.0,0.5664536763766411,0
9999998_00048_d_0000038__600_0,0,6,t_8_16,96.0,0.75,0.050000000000000044,0.038480789236048425,5.0,0.7606020369585459,0
9999998_00048_d_0000038__600_0,1,6,t_8_16,104.0,0.0,0.0,0.729674465428757,2.0,0.7385444730798243,0
9999998_00048_d_0000038__600_0,2,6,t_8_16,114.0,0.6666666666666666,0.05555555555555547,0.05162125777308223,5.0,0.0,1
9999998_00048_d_0000038__600_0,3,6,t_8_16,120.0,0.5,0.08333333333333337,0.0779950338236269,2.0,0.8354460022217016,0
9999998_00048_d_0000038__600_0,4,5,s_16_32,560.0,0.75,0.050000000000000044,0.021094962773889694,10.0,0.8553992542858895,0
9999998_00048_d_0000038__600_0,5,6,t_8_16,140.0,0.0,0.0,0.4865542923184973,3.0,0.6665483368317101,0
9999998_00048_d_0000038__600_0,6,5,t_8_16,168.0,0.0,0.125,0.8804142001621774,4.0,0.6462825510093053,0
9999998_00048_d_0000038__600_0,7,6,t_8_16,128.0,0.5,0.25,0.11725366916633216,3.0,0.8344805016025716,0
9999998_00126_d_0000104__1200_0,0,5,s_16_32,884.0,0.5,0.13636363636363635,0.0549371562876352,10.0,0.8433267242130437,0
9999998_00126_d_0000104__1200_0,1,5,s_16_32,832.0,0.75,0.09090909090909083,0.010379901296606549,10.0,0.8768433092999924,0
9999998_00126_d_0000104__1200_0,3,5,s_16_32,832.0,0.25,0.045454545454545414,0.09459536158956718,10.0,0.936500920912801,0
9999998_00126_d_0000104__1200_0,4,5,s_16_32,870.0,0.0,0.06060606060606055,0.04098167961077613,10.0,0.76314826692835,0
9999998_00126_d_0000104__1200_0,5,5,s_16_32,960.0,0.75,0.0,0.02662836274143686,10.0,0.9604326284808019,0
9999998_00126_d_0000104__1200_0,6,5,s_16_32,783.998291015625,0.0,0.045454545454545414,0.14213777792917281,10.0,0.6502390503617083,0
9999998_00126_d_0000104__1200_0,7,5,s_16_32,727.9985351487994,0.25,0.0,0.16431792249930202,10.0,0.8565822684413643,0
9999998_00126_d_0000104__1200_0,8,5,s_16_32,783.99658203125,0.0,0.0,0.1516443336548022,10.0,0.8602618648340885,0
9999998_00126_d_0000104__1200_0,9,5,s_16_32,616.0,0.75,0.050000000000000044,0.07360011362746074,9.0,0.8182409373106148,0
9999998_00126_d_0000104__1200_0,10,5,s_16_32,480.0,0.25,0.09999999999999998,0.09904472291135148,8.0,0.8662928475572791,0
9999998_00126_d_0000104__1200_0,11,5,s_16_32,624.0,0.5,0.12777777777777777,0.020434014034778868,8.0,0.8605935237090983,0
9999998_00126_d_0000104__1200_0,12,5,s_16_32,727.9985351487994,0.5,0.0,0.1102520415424073,10.0,0.8464250790405278,0
9999998_00126_d_0000104__1200_0,13,5,s_16_32,520.0,0.5,0.050000000000000044,0.06436581678881632,10.0,0.859873941276404,0
9999998_00126_d_0000104__1200_0,14,5,s_16_32,480.0,0.5,0.10000000000000009,0.013023489500801792,10.0,0.9066478244922674,0
9999998_00126_d_0000104__1200_0,15,5,s_16_32,576.0,0.25,0.09090909090909083,0.06566396381317222,10.0,0.8970584097222232,0
9999998_00126_d_0000104__1200_0,16,5,s_16_32,396.0,0.5,0.09375,0.025366099290655652,8.0,0.9144657882779526,0
9999998_00126_d_0000104__1200_0,17,5,s_16_32,440.0,0.25,0.1454545454545455,0.09808356666282204,10.0,0.8811593136363622,0
9999998_00126_d_0000104__1200_0,18,5,s_16_32,440.0,0.5,0.0625,0.011146129526574027,8.0,0.9255595340738657,0
9999998_00126_d_0000104__1200_0,19,5,s_16_32,431.9989013671875,0.25,0.0625,0.04215958017296182,8.0,0.8274070813245462,0
9999998_00126_d_0000104__1200_0,20,5,s_16_32,396.0,0.25,0.1428571428571428,0.024309567415111664,5.0,0.8037531111724212,0
9999998_00126_d_0000104__1200_0,21,5,s_16_32,360.0,0.5,0.0714285714285714,0.0190087903649643,5.0,0.8608143085671387,0
9999998_00126_d_0000104__1200_0,22,5,s_16_32,360.0,0.25,0.0625,0.10796869561132193,6.0,0.772281340898892,0
9999998_00126_d_0000104__1200_0,23,5,s_16_32,400.0,0.5,0.07499999999999996,0.07089148619956834,10.0,0.9377979199999993,0
9999998_00126_d_0000104__1200_0,24,5,s_16_32,323.99945068359375,0.75,0.11309523809523803,0.0020606004680178785,5.0,0.8526230541480178,0
9999998_00126_d_0000104__1200_0,25,5,s_16_32,360.0,0.5,0.11309523809523803,0.0115514677863464,5.0,0.7566583072521043,0
9999998_00126_d_0000104__1200_0,26,5,s_16_32,256.0,0.25,0.2833333333333333,0.08374412472260796,3.0,0.9453068376601047,0
9999998_00126_d_0000104__1200_0,27,5,t_8_16,224.0,0.25,0.09999999999999998,0.06862210651873851,4.0,0.7724188439056814,0
9999998_00126_d_0000104__1200_0,28,5,s_16_32,256.0,1.0,0.19999999999999996,0.000706496762444935,3.0,0.8127844366044451,0
9999998_00126_d_0000104__1200_0,29,5,t_8_16,196.0,0.5,0.050000000000000044,0.0210356746069181,4.0,0.6788963847707484,0
9999998_00126_d_0000104__1200_0,30,5,s_16_32,440.0,0.0,0.0,0.3258109236761776,7.0,0.5747310070538183,0
9999998_00126_d_0000104__1200_0,31,5,s_16_32,399.998779296875,0.0,0.10416666666666663,0.13206888818469686,6.0,0.6267746999999964,0
9999998_00126_d_0000104__1200_0,32,5,s_16_32,360.0,0.0,0.20833333333333326,0.018518951925267375,6.0,0.7615993930078834,0
9999998_00126_d_0000104__1200_0,33,5,s_16_32,288.0,0.0,0.09999999999999998,0.08951922738804073,5.0,0.7725421753690765,0
9999998_00126_d_0000104__1200_0,34,5,s_16_32,287.9998779259622,0.25,0.050000000000000044,0.1065933282143364,4.0,0.7198257007293346,0
9999998_00126_d_0000104__1200_0,35,5,t_8_16,224.0,0.25,0.09999999999999998,0.1494037856194946,5.0,0.678394007825942,0
9999998_00126_d_0000104__1200_0,36,6,t_8_16,127.9990234375,0.25,0.050000000000000044,0.1812850585622924,5.0,0.7394522869256716,0
9999998_00126_d_0000104__1200_0,37,6,t_8_16,96.0,0.25,0.16666666666666674,0.27313027082841257,3.0,0.7674519471193915,0
9999998_00126_d_0000104__1200_0,38,6,t_8_16,112.0,0.25,0.16666666666666674,0.35283471795849264,3.0,0.7977173241363346,0
9999998_00126_d_0000104__1200_0,39,5,t_8_16,196.0,0.5,0.050000000000000044,0.0901765906894048,4.0,0.8153467223080019,0
9999998_00126_d_0000104__1200_0,40,5,t_8_16,252.0,0.25,0.17142857142857137,0.06462343139181466,5.0,0.8889578259723918,0
9999998_00126_d_0000104__1200_0,41,5,t_8_16,224.0,0.5,0.04166666666666663,0.06094230715172372,5.0,0.8598682696164108,0
9999998_00126_d_0000104__1200_0,42,5,t_8_16,196.0,0.25,0.0,0.07376825522391042,4.0,0.7690848370130389,0
9999998_00126_d_0000104__1200_0,43,5,t_8_16,252.0,0.25,0.16249999999999998,0.036565916581577235,3.0,0.747415546213957,0
9999998_00126_d_0000104__1200_0,44,5,t_8_16,223.9990234375,0.25,0.15000000000000002,0.010738789158624125,5.0,0.8197067852226074,0
9999998_00126_d_0000104__1200_0,45,5,t_8_16,196.0,0.5,0.15000000000000002,0.026178179215624632,5.0,0.7847441177973464,0
9999998_00126_d_0000104__1200_0,46,5,t_8_16,144.0,0.0,0.08333333333333337,0.08711071153627689,3.0,0.671607265896688,0
9999998_00126_d_0000104__1200_0,47,5,t_8_16,196.0,0.25,0.19166666666666665,0.12675057638674253,5.0,0.8123866590018493,0
9999998_00126_d_0000104__1200_0,48,5,s_16_32,540.0,0.5,0.23376623376623373,0.005603688989565393,10.0,0.4249839638437162,1
9999998_00126_d_0000104__1200_0,49,5,t_8_16,168.0,0.5,0.22499999999999998,0.11947374373140628,5.0,0.8311816054705761,0
9999998_00126_d_0000104__1200_0,50,5,t_8_16,196.0,0.25,0.08333333333333337,0.026518171211752928,3.0,0.6142465989361918,0
9999998_00126_d_0000104__1200_0,51,5,t_8_16,167.999267578125,0.25,0.0,0.21109488049580846,5.0,0.7062026873437056,0
9999998_00126_d_0000104__1200_0,52,5,t_8_16,144.0,0.0,0.0,0.41069864340115997,2.0,0.8409580409918873,0
9999998_00126_d_0000104__1200_0,53,5,s_16_32,816.0,0.25,0.0,0.049559959840902765,10.0,0.8070783181422115,0
9999998_00126_d_0000104__1200_0,54,5,s_16_32,324.0,0.0,0.08333333333333326,0.07081455570977227,6.0,0.7883700170091378,0
9999998_00126_d_0000104__1200_0,55,5,t_8_16,255.9990234375,0.5,0.0,0.13897583713161712,5.0,0.896574284532677,0
9999998_00126_d_0000104__1200_0,56,5,s_16_32,308.0,0.5,0.0714285714285714,0.00019769370733564574,7.0,0.7421111877594723,0
9999998_00126_d_0000104__1200_0,57,5,s_16_32,324.0010986328125,0.5,0.04166666666666663,0.011114458993576805,5.0,0.8226653620033915,0
9999998_00126_d_0000104__1200_0,58,5,s_16_32,324.0,0.0,0.08333333333333326,0.7816963061731764,6.0,0.6758971698838315,0
9999998_00126_d_0000104__1200_0,59,5,s_16_32,360.0,1.0,0.11309523809523814,0.0434571240942819,5.0,0.864498632082769,0
9999998_00126_d_0000104__1200_0,60,5,s_16_32,256.0,0.25,0.050000000000000044,0.17366227689278743,5.0,0.6029534886796045,0
9999998_00126_d_0000104__1200_0,61,5,t_8_16,192.0,0.25,0.14583333333333337,0.11218686400559293,3.0,0.7615179488723569,0
9999998_00126_d_0000104__1200_0,62,5,t_8_16,144.0,0.25,0.16666666666666674,0.6907376134167413,3.0,0.8080267456771375,0
9999998_00126_d_0000104__1200_0,63,5,t_8_16,120.0,0.0,0.0,,1.0,0.639221818159945,0
9999998_00126_d_0000104__1200_0,64,5,t_8_16,120.0,0.5,0.16666666666666674,0.03467894838741888,3.0,0.7724797313095224,0
9999998_00126_d_0000104__1200_0,65,5,t_8_16,120.0,0.0,0.0,0.0921948955681885,2.0,0.7548569622117461,0
9999998_00126_d_0000104__1200_0,66,5,t_8_16,100.0,0.25,0.125,,1.0,0.6763713610785195,0
9999998_00126_d_0000104__1200_0,67,6,t_8_16,128.0,0.0,0.0,0.09683152180724404,3.0,0.5911839642967331,0
9999998_00126_d_0000104__1200_0,68,6,t_8_16,179.99972534179688,0.5,0.0,0.4901052504234033,3.0,0.7550190395552968,0
9999998_00126_d_0000104__1200_0,69,5,t_8_16,224.0,0.0,0.08333333333333337,0.19422470218457996,4.0,0.7281681053304951,0
9999998_00126_d_0000104__1200_0,70,5,t_8_16,195.9991455078125,0.0,0.20833333333333337,0.21576345005108633,4.0,0.6833898551937426,0
9999998_00126_d_0000104__1200_0,71,5,t_8_16,100.0,0.5,0.2500000000000001,0.11940401058220115,3.0,0.6047500392314761,0
9999998_00126_d_0000104__1200_0,72,5,t_8_16,80.0,0.5,0.5,,0.0,0.7436002766574953,0
9999998_00126_d_0000104__1200_0,73,5,t_8_16,80.0,0.25,0.125,0.30826372217543024,2.0,0.7786254649299934,0
9999998_00126_d_0000104__1200_0,74,5,t_8_16,100.0,0.0,0.125,,1.0,0.6971987390409491,0
9999998_00126_d_0000104__1200_0,75,5,t_8_16,224.0,0.25,0.125,0.43545841658167844,2.0,0.3756475872728354,1
9999998_00126_d_0000104__1200_0,76,5,t_8_16,224.0,0.0,0.050000000000000044,0.16455331283024752,4.0,0.7404173567484674,0
9999998_00126_d_0000104__1200_0,77,5,t_8_16,144.0,0.5,0.25,,1.0,0.5251646355827333,0
9999998_00126_d_0000104__1200_0,78,5,t_8_16,120.0,0.5,0.30000000000000004,0.12476648914805416,5.0,0.8690691142175809,0
9999998_00126_d_0000104__1200_0,79,6,t_8_16,95.999267578125,0.5,0.0,0.05040961824374388,4.0,0.8614645665178708,0
9999998_00126_d_0000104__1200_0,80,6,t_8_16,84.0008544921875,0.0,0.08333333333333337,0.5573556704728326,3.0,0.5621976189095383,0
9999998_00126_d_0000104__1200_0,81,5,t_8_16,210.0,0.5,0.0625,0.0539809063533345,4.0,0.6252136409709375,0
9999998_00126_d_0000104__1200_0,82,5,t_8_16,120.0,0.25,0.0,0.27324546548810713,2.0,0.5509189081544579,0
9999998_00126_d_0000104__1200_0,83,5,t_8_16,167.999267578125,0.25,0.0,0.1041186756749202,3.0,0.7294562142857145,0
9999998_00126_d_0000104__1200_0,84,5,t_8_16,120.0,0.0,0.125,,1.0,0.7113075584001327,0
9999998_00126_d_0000104__1200_0,85,5,t_8_16,143.0,0.25,0.08333333333333337,0.13643022483476006,3.0,0.6871204741537565,0
9999998_00126_d_0000104__1200_0,86,5,t_8_16,110.0,0.0,0.0,0.23799355317231544,2.0,0.6856007268097293,0
9999998_00126_d_0000104__1200_0,87,5,t_8_16,121.00033569335938,0.25,0.125,0.6933873504117698,2.0,0.8368679752066092,0
9999998_00126_d_0000104__1200_0,88,5,t_8_16,140.0,0.25,0.0,0.24253797533356294,2.0,0.6195703410366827,0
9999998_00126_d_0000104__1200_0,89,5,t_8_16,110.00030517578125,0.25,0.125,0.24594515494134284,2.0,0.7781654433925413,0
9999998_00126_d_0000104__1200_0,90,5,t_8_16,120.0,0.25,0.125,,1.0,0.6320894937740842,0
9999998_00126_d_0000104__1200_0,91,5,t_8_16,77.0,0.25,0.0,0.04813262087377312,3.0,0.5977416931659932,0
9999998_00126_d_0000104__1200_0,92,5,t_8_16,99.00027465820312,0.0,0.0,,1.0,0.711869339762214,0
9999998_00126_d_0000104__1200_0,93,5,t_8_16,132.0,0.25,0.375,,1.0,0.6799532727272722,0
99__1200_1800,0,5,t_8_16,216.0,0.25,0.125,0.050989055892279846,4.0,0.7183050508390615,0
99__1200_1800,1,5,t_8_16,168.0,0.5,0.0,0.028299322636925868,5.0,0.8633402077586202,0
99__1200_1800,2,5,s_16_32,384.0,0.5,0.20833333333333337,0.05324995905350827,6.0,0.8426313235311029,0
99__1200_1800,3,5,t_8_16,224.0,0.25,0.09999999999999998,0.0897591112050803,3.0,0.8044133890236012,0
99__1200_1800,4,5,t_8_16,160.0,0.5,0.125,0.03973436442485474,4.0,0.6343457836998053,0
99__1200_1800,5,5,t_8_16,179.99945068359375,0.25,0.0625,0.07565226265701912,3.0,0.7608124333333347,0
99__1200_1800,6,5,s_16_32,307.9986572265625,0.5,0.15000000000000002,0.06875213615159914,5.0,0.7629886753246763,0
99__1200_1800,7,5,t_8_16,70.0,0.5,0.18333333333333335,0.3101986473900913,3.0,0.8574097965842951,0
99__1200_1800,8,5,t_8_16,100.0,0.5,0.375,0.17330131999804568,2.0,0.8455361310250756,0
99__1200_1800,9,5,t_8_16,83.99981689453125,0.25,0.14583333333333337,0.2515034852378363,4.0,0.6133237433855423,0
99__1200_1800,10,5,t_8_16,90.0,0.5,0.375,,1.0,0.6327586369077326,0
99__1200_1800,11,5,t_8_16,96.0,0.0,0.25,,1.0,0.7917192114581368,0
99__1200_1800,12,5,t_8_16,120.0,0.0,0.0,0.789465745868226,2.0,0.6362905786362894,0
99__1200_1800,13,5,t_8_16,110.0,0.0,0.125,,1.0,0.7312668883781359,0
99__1200_1800,14,5,t_8_16,224.0,0.5,0.050000000000000044,0.15520507089422542,4.0,0.7446678204928243,0
99__1200_1800,15,5,t_8_16,96.0,0.25,0.125,0.2699708899057537,2.0,0.6906985089252778,0
99__1200_1800,16,5,t_8_16,120.0,0.5,0.125,0.043347069669990454,2.0,0.7624316436546681,0
99__1200_1800,17,5,t_8_16,160.0,0.0,0.0,0.22035925807579132,3.0,0.8679000947654761,0
99__1200_1800,18,5,t_8_16,203.99996757507324,0.0,0.0,0.9300646043884462,3.0,0.4782432236381466,1
9ca7e6f4e,0,3,t_8_16,70.0,1.0,0.19999999999999996,0.20701124098921356,5.0,0.8990892509810482,0
9ca7e6f4e,1,3,t_8_16,77.0,0.25,0.125,0.016900891164303572,2.0,0.8804476449230091,0
9ca7e6f4e,2,3,t_8_16,66.0,0.25,0.125,0.02995441329273386,4.0,0.7578611988122222,0
9d82ae2bc,0,3,t_8_16,110.0,0.25,0.125,,1.0,0.7371158038483699,0
P0823__1.0__0___0,0,5,t_8_16,180.0010986328125,0.25,0.09999999999999998,0.11977910321662529,5.0,0.8574615420365332,0
P0823__1.0__0___0,1,5,t_8_16,190.00115966796875,0.25,0.20833333333333337,0.714055584130244,3.0,0.7085760157894706,0
P0823__1.0__0___0,2,5,t_8_16,180.0,0.0,0.0,0.09261778702481223,3.0,0.7530546638991966,0
P0823__1.0__0___0,3,5,t_8_16,210.0,0.0,0.0625,0.07740512364756558,4.0,0.7713753856839255,0
P0823__1.0__0___0,4,5,t_8_16,180.0,0.25,0.0,0.0670277850035274,4.0,0.7474230040133569,0
P0823__1.0__0___0,5,3,s_16_32,450.0,0.0,0.18333333333333335,0.6412745109329305,4.0,0.45748365333333213,1
P0823__1.0__0___0,6,5,t_8_16,180.0,0.25,0.125,0.14766551969930433,2.0,0.7794640879966573,0
P0823__1.0__0___0,7,5,t_8_16,247.0001983642578,0.75,0.08333333333333337,0.047401823043365196,6.0,0.6867114039213604,0
P0823__1.0__0___0,8,5,t_8_16,209.0,0.25,0.125,0.2117316046711374,4.0,0.8180202321255781,0
P0823__1.0__0___0,9,5,t_8_16,220.0,0.25,0.0,0.1489440999029001,4.0,0.842282989516177,0
P0823__1.0__0___0,10,5,s_16_32,315.0,0.5,0.0,0.04597923935030556,7.0,0.8287978347339802,0
P0823__1.0__0___0,11,5,t_8_16,171.0,0.25,0.0625,0.1040306175515298,4.0,0.8295243141794375,0
P0823__1.0__0___0,12,5,s_16_32,340.0,0.5,0.09166666666666667,0.06543286701374167,5.0,0.6713100172818063,0
P0823__1.0__0___0,13,5,t_8_16,252.99932861328125,0.25,0.11250000000000004,0.2279772408018985,4.0,0.9238313528621499,0
P0823__1.0__0___0,14,5,s_16_32,315.0,0.5,0.0,0.054933437313042094,5.0,0.7940199138397764,0
P0823__1.0__0___0,15,5,s_16_32,374.0,0.25,0.0,0.11292948422204147,6.0,0.7364717914438536,0
P0823__1.0__0___0,16,5,t_8_16,240.0,0.5,0.0625,0.008620147537402648,4.0,0.8391284988141435,0
P0823__1.0__0___0,17,5,s_16_32,314.99975967407227,0.0,0.050000000000000044,0.17681484565325428,5.0,0.80651229256109,0
P0823__1.0__0___0,18,5,s_16_32,351.9998321533203,0.25,0.0714285714285714,0.16879041080309307,7.0,0.9438444661883386,0
P0823__1.0__0___0,19,5,t_8_16,220.0,0.0,0.1071428571428572,0.10134434855824342,4.0,0.8263503957401103,0
P0823__1.0__0___0,20,5,t_8_16,175.9990234375,0.25,0.09999999999999998,0.12253180717625406,5.0,0.7426609366554549,0
P0823__1.0__0___0,21,5,t_8_16,119.9996337890625,0.25,0.17142857142857137,0.19353924938111372,5.0,0.7845402767535341,0
P0823__1.0__0___0,22,5,s_16_32,339.99896240234375,0.25,0.04166666666666663,0.026600697489062762,6.0,0.7286248134430184,0
P0823__1.0__0___0,23,5,s_16_32,504.0,0.25,0.2142857142857143,0.13246297056547124,4.0,0.6854431031746048,0
P0823__1.0__0___0,24,5,s_16_32,378.0,0.0,0.1071428571428572,0.41995527194999416,5.0,0.6999617592592606,0
P0823__1.0__0___0,25,5,t_8_16,209.99969482421875,0.25,0.0625,0.12264554195717163,4.0,0.8717368742479641,0
P0823__1.0__0___0,26,5,s_16_32,266.0,0.25,0.09999999999999998,0.16293145467362005,3.0,0.8565621458656144,0
P0823__1.0__0___0,27,5,t_8_16,247.0,0.5,0.050000000000000044,0.09533903897760622,5.0,0.7955613673773652,0
P0823__1.0__0___0,28,5,s_16_32,260.0,0.25,0.125,0.052287240707774324,3.0,0.8820767138409954,0
P0823__1.0__0___0,29,5,t_8_16,242.0,0.25,0.0625,0.2712748219540422,4.0,0.8581840053602711,0
P0823__1.0__0___0,30,5,t_8_16,190.0,0.5,0.0,0.08233442344565677,3.0,0.8059714452460887,0
P0823__1.0__0___0,31,5,t_8_16,184.0,0.5,0.20833333333333337,0.007362082219217313,3.0,0.8049417223226196,0
P0823__1.0__0___0,32,5,t_8_16,190.0,0.25,0.0625,0.13967701218305761,3.0,0.7917433158021034,0
P0823__1.0__0___0,33,5,t_8_16,144.0,0.5,0.14583333333333337,0.004173576642093699,3.0,0.7806868964044895,0
P0823__1.0__0___0,34,5,t_8_16,200.0,0.0,0.16666666666666674,0.07827591388559595,2.0,0.7287662799999942,0
P0823__1.0__0___0,35,5,t_8_16,168.0,0.5,0.5,,1.0,0.8550950145962362,0
P0823__1.0__0___0,36,5,s_16_32,285.0,0.5,0.09999999999999998,0.14001843162634867,5.0,0.9048267410306332,0
P0823__1.0__0___0,37,5,s_16_32,357.0006408691406,0.75,0.0,0.008110146180460446,6.0,0.9454866811888983,0
P0823__1.0__0___0,38,5,s_16_32,352.0,0.25,0.0714285714285714,0.11698466522195106,5.0,0.82661931818182,0
P0823__1.0__0___0,39,5,s_16_32,285.0,0.25,0.0,0.15820004619216907,3.0,0.7531576662494297,0
P0823__1.0__0___0,40,5,s_16_32,374.99847412109375,0.25,0.08333333333333337,0.024151651120964377,9.0,0.8553840251058146,0
P0823__1.0__0___0,41,3,s_16_32,531.9976806640625,0.25,0.10555555555555562,0.33153780941071015,8.0,0.8511220840851922,0
P0823__1.0__0___0,42,3,s_16_32,660.0,0.0,0.12095959595959593,0.061131277991967437,9.0,0.737574270777656,0
P0823__1.0__0___0,44,3,s_16_32,962.0,0.0,0.0,0.2315352535637396,10.0,0.8657133034063467,0
P0823__1.0__0___0,45,3,s_16_32,300.0,0.5,0.16249999999999998,0.04091416906969331,3.0,0.7347235589250838,0
P0823__1.0__0___0,46,3,s_16_32,330.0,0.25,0.1333333333333333,0.21115564458774402,4.0,0.8047209722061972,0
P0823__1.0__0___0,47,5,t_8_16,240.0,0.75,0.14583333333333337,0.05906659607553456,3.0,0.7796987709703054,0
P0823__1.0__0___0,49,3,s_16_32,544.0,0.5,0.0,0.14771757322835652,10.0,0.8851556799884029,0
P0823__1.0__0___0,50,3,s_16_32,595.0,0.25,0.08333333333333337,0.13472072193027676,10.0,0.9167565784075772,0
P0823__1.0__0___0,51,3,s_16_32,570.0,0.25,0.1875,0.16112767631692573,10.0,0.6862544755049556,0
P0823__1.0__0___0,52,3,s_16_32,639.998779296875,0.5,0.0,0.1109360332991362,10.0,0.7887096875000041,0
P0823__1.0__0___0,53,3,s_16_32,518.0,0.5,0.125,0.01847379924914876,8.0,0.8464526484436036,0
P0823__1.0__0___0,54,3,s_16_32,910.0,0.5,0.09090909090909083,0.09776137630224027,10.0,0.706464514285712,0
P0823__1.0__0___0,56,3,s_16_32,364.0,0.3333333333333333,0.20833333333333337,0.2690396190507302,8.0,0.9487453982427227,0
P0823__1.0__0___0,57,3,s_16_32,880.0,0.0,0.09090909090909083,0.0952417958896417,10.0,0.0,1
P0823__1.0__0___0,59,3,s_16_32,504.0,0.75,0.0625,0.03479394748239119,7.0,0.8672304584906582,0
P0823__1.0__0___0,60,5,t_8_16,234.0,0.75,0.15000000000000002,0.18302261594918093,5.0,0.8146017077751,0
P0823__1.0__0___0,61,5,t_8_16,209.0,0.5,0.17142857142857137,0.07473071400544425,5.0,0.8701317730288997,0
P0823__1.0__0___0,62,3,s_16_32,946.0,0.0,0.045454545454545414,0.2298957247228235,10.0,0.680894936097748,0
P0823__1.0__0___0,63,5,s_16_32,264.0,0.25,0.14375000000000004,0.23212249303304325,5.0,0.7730985765771532,0
P0823__1.0__0___0,64,3,s_16_32,416.0,0.0,0.03125,0.10073917887585829,8.0,0.7332108749999976,0
P0823__1.0__0___0,65,3,s_16_32,522.0,0.0,0.23750000000000004,0.2689409018296213,10.0,0.7597488004350581,0
P0823__1.0__0___0,66,5,t_8_16,128.0,0.0,0.0,0.3912680581111445,2.0,0.5892127096056221,0
P0823__1.0__0___0,67,5,t_8_16,251.99871826171875,0.25,0.33333333333333337,0.05992399123658957,2.0,0.8763009543130109,0
P0823__1.0__0___0,68,5,t_8_16,230.0,0.25,0.33333333333333337,0.3274041196519216,4.0,0.7479999999999962,0
P0823__1.0__0___0,69,5,t_8_16,153.0,0.5,0.25,0.2683895947172737,2.0,0.8996642189607843,0
P0823__1.0__0___0,70,5,t_8_16,171.0,0.25,0.0,0.16232417044718664,3.0,0.8221826455065374,0
P0823__1.0__0___0,71,5,s_16_32,275.0,0.5,0.14375000000000004,0.03611526404620998,5.0,0.8705318649346312,0
P0823__1.0__0___0,72,5,t_8_16,240.00146484375,1.0,0.125,0.005443811805606926,3.0,0.9591204857844113,0
P0823__1.0__0___0,73,5,t_8_16,162.0,0.5,0.19999999999999996,0.02729114415438674,3.0,0.8309079596657095,0
P0823__1.0__0___0,74,5,t_8_16,180.0010986328125,0.25,0.0,0.03922815678574614,2.0,0.857338214748558,0
P0823__1.0__0___0,75,5,t_8_16,151.99884033203125,0.25,0.0625,0.15299964255053658,3.0,0.8453431656597928,0
P0823__1.0__0___0,76,5,t_8_16,230.99871826171875,0.5,0.1071428571428572,0.10207987929770147,4.0,0.7967398701298687,0
P0823__1.0__0___0,77,5,t_8_16,209.0,0.5,0.08333333333333337,0.35312564302605326,2.0,0.7464055415942008,0
P0823__1.0__0___0,78,5,t_8_16,210.0,0.25,0.2958333333333334,0.19367156475367203,4.0,0.7615453249342152,0
P0823__1.0__0___0,79,5,t_8_16,242.0,0.5,0.16249999999999998,0.017742912569651374,3.0,0.8462492402247701,0
P0823__1.0__0___0,80,5,t_8_16,220.0006103515625,0.25,0.14583333333333337,0.10762926504497793,3.0,0.7520500312470482,0
P0823__1.0__0___0,81,5,t_8_16,189.00128173828125,0.25,0.0625,0.11585033340193653,3.0,0.7441692645400304,0
P0823__1.0__0___0,82,5,s_16_32,263.9986572265625,0.0,0.08333333333333337,0.10585725384802254,2.0,0.6724319924242427,0
P0823__1.0__0___0,83,5,t_8_16,242.0,0.5,0.17142857142857137,0.031818000310221216,5.0,0.792942062729887,0
P0823__1.0__0___0,84,5,t_8_16,171.00115966796875,0.5,0.16666666666666674,0.026687462158724574,2.0,0.8465911265390704,0
P0823__1.0__0___0,85,5,s_16_32,297.0,0.25,0.0,0.009252790612436225,5.0,0.8350544528360431,0
P0823__1.0__0___0,86,5,s_16_32,442.0001983642578,0.25,0.21794871794871795,0.008338494886246564,9.0,0.8360717908294912,0
P0823__1.0__0___0,87,5,s_16_32,442.0,0.5,0.03125,0.059752329120948425,8.0,0.9105746428100099,0
P0823__1.0__0___0,88,5,t_8_16,183.99929809570312,0.25,0.05555555555555558,0.019649448241878108,8.0,0.7242990939400513,0
P0823__1.0__0___0,89,5,t_8_16,234.0,0.5,0.050000000000000044,0.10524104402869987,4.0,0.6969863153428231,0
P0823__1.0__0___0,90,5,s_16_32,264.0,0.25,0.16249999999999998,0.05408134951154657,4.0,0.867562071969696,0
P0823__1.0__0___0,91,5,t_8_16,160.0,0.5,0.25,0.05477489691979596,2.0,0.798805223752137,0
P0823__1.0__0___0,92,5,t_8_16,144.0,0.5,0.33333333333333337,,1.0,0.8327325972412551,0
P0823__1.0__0___0,93,5,t_8_16,136.0,0.5,0.16666666666666674,0.04319887497196529,3.0,0.7777914285257089,0
P0823__1.0__0___0,94,5,t_8_16,153.0,0.75,0.20833333333333337,0.00461155757762755,3.0,0.8666445154395748,0
P0823__1.0__0___0,95,5,t_8_16,160.0,0.75,0.18333333333333335,0.018410284585348404,3.0,0.7798700347343186,0
P0823__1.0__0___0,96,5,t_8_16,170.0,0.25,0.09999999999999998,0.23105961247854312,3.0,0.870178889584156,0
P0823__1.0__0___0,97,5,t_8_16,144.0,0.5,0.16666666666666674,0.02457821423432714,3.0,0.9184214825568379,0
P0823__1.0__0___0,98,5,t_8_16,200.0,0.5,0.125,0.02538221478709428,4.0,0.7186197165168315,0
P0823__1.0__0___0,99,5,s_16_32,378.0,0.25,0.13541666666666663,0.036271447288160306,5.0,0.6465409523809527,0
P0823__1.0__0___0,100,5,s_16_32,575.0,0.0,0.13636363636363635,0.03860257659421969,10.0,0.7029678886956521,0
P0823__1.0__0___0,101,5,s_16_32,540.0,0.0,0.125,0.21740785210636226,10.0,0.8143894447091984,0
P0823__1.0__0___0,102,5,s_16_32,499.9992370605469,0.25,0.09999999999999998,0.21683479549384016,8.0,0.8677195178203579,0
P0823__1.0__0___0,103,5,s_16_32,540.0,0.0,0.02777777777777779,0.14270397124253037,9.0,0.8451762881515399,0
P0823__1.0__0___0,104,5,s_16_32,442.00103759765625,0.25,0.0,0.03501801587025774,8.0,0.8192306816001356,0
P0823__1.0__0___0,105,5,s_16_32,330.0,0.0,0.0,0.19105971853145373,4.0,0.792842710007292,0
P0823__1.0__0___0,106,5,t_8_16,252.0,0.0,0.0714285714285714,0.22956997297929196,5.0,0.8670233490626506,0
P0823__1.0__0___0,107,5,t_8_16,234.0,0.0,0.1875,0.621140823492358,3.0,0.8337470910056155,0
P0823__1.0__0___0,108,5,s_16_32,329.9986572265625,0.25,0.12142857142857144,0.23913414420011025,5.0,0.056730259976225064,1
P0823__1.0__0___0,109,5,s_16_32,336.0,0.25,0.09375,0.22835127739252478,6.0,0.7524579464285706,0
P0823__1.0__0___0,110,5,t_8_16,128.0,0.0,0.0,0.1570117947332682,2.0,0.7532782197323865,0
P0823__1.0__0___0,111,5,t_8_16,147.0,0.25,0.09375,0.04136713216589582,6.0,0.7298158117663822,0
P0823__1.0__0___0,112,5,t_8_16,250.0,0.25,0.1071428571428572,0.2595903812757967,4.0,0.7332788776684442,0
P0823__1.0__0___0,113,5,t_8_16,219.998779296875,0.0,0.20833333333333337,0.09618320610657048,2.0,0.831879056256172,0
P0823__1.0__0___0,114,5,t_8_16,210.00128173828125,0.25,0.20833333333333337,0.18388544316635666,2.0,0.834084577938749,0
P0823__1.0__0___0,115,5,t_8_16,180.001220703125,0.25,0.08333333333333337,0.10347398760708554,3.0,0.8850111992364187,0
P0823__1.0__0___0,116,5,t_8_16,170.0,0.0,0.125,0.26231898663706077,2.0,0.7535795360084603,0
P0823__1.0__0___0,117,5,t_8_16,118.99896240234375,0.5,0.08333333333333337,0.10152081061458808,5.0,0.6635978343475741,0
P0823__1.0__0___0,118,5,t_8_16,180.0,0.75,0.08333333333333337,0.12123835613438043,3.0,0.9097186995372833,0
P0823__1.0__0___0,119,5,t_8_16,247.0,0.5,0.1785714285714286,0.04183644330035974,7.0,0.8463603592591613,0
P0823__1.0__0___0,120,5,t_8_16,162.0,0.0,0.08333333333333337,0.057350536218040225,2.0,0.8189809352658414,0
P0823__1.0__0___0,121,5,t_8_16,234.0,0.25,0.2678571428571428,0.027503926783681285,4.0,0.7805205002115682,0
P0823__1.0__0___0,122,5,t_8_16,190.0,0.25,0.20833333333333337,0.04552071450863705,2.0,0.757775347793203,0
P0823__1.0__0___0,123,5,s_16_32,360.0,0.25,0.14583333333333337,0.18012243553546667,4.0,0.7608778261472485,0
P0823__1.0__0___0,124,5,s_16_32,418.0001678466797,0.25,0.1428571428571429,0.2831650988195999,7.0,0.875387280191537,0
P0823__1.0__0___0,125,5,s_16_32,266.0001449584961,0.25,0.04166666666666663,0.3691885495851235,6.0,0.833783103310184,0
P0823__1.0__0___0,126,5,s_16_32,420.0,0.0,0.11250000000000004,0.14674851470897393,8.0,0.5764535999999995,0
P0823__1.0__0___0,127,5,s_16_32,300.0,0.25,0.050000000000000044,0.05945862755497599,5.0,0.799777160000004,0
P0823__1.0__0___0,128,5,t_8_16,239.9993896484375,0.25,0.050000000000000044,0.07723601607151911,5.0,0.8639995477537135,0
P0823__1.0__0___0,129,5,t_8_16,153.0,0.5,0.32499999999999996,0.14286430712928727,3.0,0.7994988329892682,0
P0823__1.0__0___0,130,5,s_16_32,320.0,0.0,0.09999999999999998,0.2846988325977004,5.0,0.5927016843749955,0
P0823__1.0__0___0,131,5,s_16_32,285.0,0.25,0.0,0.4278596160418854,5.0,0.6343845052631565,0
P0823__1.0__0___0,132,5,t_8_16,225.0,0.0,0.0625,0.12496968106490657,4.0,0.7838938067416878,0
P0823__1.0__0___0,133,5,s_16_32,294.0,0.5,0.1428571428571428,0.04272790509860903,7.0,0.7323770204081627,0
P0823__1.0__0___0,134,5,t_8_16,143.9989013671875,0.0,0.0,0.19520071308942674,5.0,0.7647142810868458,0
P0823__1.0__0___0,135,5,t_8_16,189.00128173828125,0.5,0.16249999999999998,0.17077134199121075,4.0,0.8254079920993372,0
P0823__1.0__0___0,136,5,t_8_16,180.0,0.75,0.25,0.02848717786172825,2.0,0.8920755167790345,0
P0823__1.0__0___0,137,5,s_16_32,360.0,0.0,0.08333333333333337,0.3234615234804016,4.0,0.8501270666666629,0
P0823__1.0__0___0,138,5,s_16_32,285.0,0.5,0.050000000000000044,0.18112744260694713,4.0,0.9056298813591941,0
P0823__1.0__0___0,139,5,s_16_32,285.0,0.5,0.0714285714285714,0.020954928075679984,5.0,0.9542247587631856,0
P0823__1.0__0___0,140,5,t_8_16,198.0,0.0,0.09999999999999998,0.12823654737442514,3.0,0.7737142731425827,0
P0823__1.0__0___0,141,5,t_8_16,180.0,0.5,0.25,0.1475978564311466,2.0,0.8528383462435457,0
P0823__1.0__0___0,142,5,s_16_32,380.0,0.75,0.04166666666666663,0.01038356242496715,6.0,0.8214415612182886,0
P0823__1.0__0___0,143,5,t_8_16,144.00048828125,0.25,0.16666666666666674,0.1732413634670012,3.0,0.763566114448421,0
P0823__1.0__0___0,144,5,t_8_16,200.0,0.25,0.2857142857142857,0.20553102258642905,7.0,0.834809460158541,0
P0823__1.0__0___0,145,5,t_8_16,200.0,0.5,0.14583333333333337,0.05355158990798675,4.0,0.9284173265741399,0
P0823__1.0__0___0,146,5,t_8_16,96.0,0.25,0.16666666666666674,0.08213717219167647,2.0,0.5915938119641414,0
P0823__1.0__0___0,147,5,t_8_16,198.0,0.5,0.0,0.1674838444068224,4.0,0.8781683234546251,0
P0823__1.0__0___0,148,5,t_8_16,162.0,0.25,0.16666666666666674,0.3507375554499738,2.0,0.8587969004663695,0
P0823__1.0__0___0,149,5,t_8_16,171.0,0.25,0.33333333333333337,0.36656364094951827,3.0,0.7702539233223569,0
P0823__1.0__0___0,150,5,t_8_16,199.99847412109375,0.25,0.14236111111111116,0.03037430930816499,7.0,0.841461957039231,0
P0823__1.0__0___0,151,5,t_8_16,180.0,0.25,0.33333333333333337,0.1223340778992335,2.0,0.9665592576695541,0
P0823__1.0__0___0,152,5,t_8_16,204.0,0.25,0.0625,0.22290382746664528,4.0,0.7741684312109262,0
P0823__1.0__0___0,153,5,t_8_16,171.0,0.25,0.0,0.14642934772336907,3.0,0.8077082406909032,0
P0823__1.0__0___0,154,5,t_8_16,136.0,0.5,0.08333333333333337,0.005942102726659311,3.0,0.6971947324149187,0
P0823__1.0__0___0,155,5,t_8_16,171.0,0.5,0.0,0.37356013551238126,3.0,0.9036319441928797,0
P1305__1.0__4400___2400,0,2,t_8_16,72.0,0.25,0.25,,1.0,0.5201197222222262,0
P1305__1.0__4400___2400,11,2,t_8_16,64.0,0.5,0.5,,0.0,0.6482250000000085,0
P1305__1.0__4400___2400,33,1,s_16_32,544.0,0.75,0.0,0.025391475863364692,10.0,0.8263790649007032,0
P1305__1.0__4400___2400,37,2,t_8_16,64.0,0.0,0.125,0.5702466111737188,2.0,0.560246875000001,0
P1305__1.0__4400___2400,43,2,t_8_16,66.0,0.0,0.20833333333333337,0.3888807719998301,2.0,0.49466369719760706,1
P1338__1.0__1800___3000,0,1,t_8_16,142.9998016357422,0.0,0.09999999999999998,0.12892151368722657,5.0,0.8555586377603918,0
P1338__1.0__1800___3000,1,1,t_8_16,84.0,0.0,0.1333333333333333,0.5525542551373059,3.0,0.5628812881550171,0
P1352__1.0__3000___3000,0,1,t_8_16,220.0,0.25,0.2142857142857144,0.21835272056217547,7.0,0.5175860727272684,0
P1354__1.0__3200___2400,0,1,t_8_16,231.0,0.0,0.050000000000000044,0.271183556838329,5.0,0.6776847769511014,0
P1354__1.0__3200___2400,1,1,s_16_32,279.998779296875,0.5,0.0714285714285714,0.03457964314018964,7.0,0.6239610857142865,0
P1354__1.0__3200___2400,2,1,t_8_16,154.0,0.25,0.2666666666666667,0.3084623967164966,3.0,0.7045464968670986,0
P1354__1.0__3200___2400,3,5,t_8_16,150.00011444091797,0.25,0.18333333333333335,0.029765314844665814,3.0,0.0,1
P1357__1.0__1800___2400,1,1,t_8_16,187.0,0.5,0.0,0.06797144966543124,3.0,0.9269040044574443,0
P1357__1.0__3200___1200,0,1,s_16_32,540.0,0.0,0.09090909090909094,0.3105987576716499,8.0,0.6478243637557154,0
P1357__1.0__3200___1200,1,1,t_8_16,128.0,0.25,0.0,0.1796884317400109,3.0,0.7139499904581699,0
P1357__1.0__3200___1200,2,1,s_16_32,323.0,0.25,0.0714285714285714,0.20964008481818974,7.0,0.8292010066570432,0
P1357__1.0__3200___1200,3,1,t_8_16,152.0,0.25,0.08333333333333337,0.17395882679787164,3.0,0.6707412252422816,0
P1357__1.0__3200___1200,4,1,t_8_16,180.0,0.0,0.375,,1.0,0.732649500872679,0
P1374__1.0__1200___600,0,5,t_8_16,234.0,0.75,0.09999999999999998,0.024865720212270806,5.0,0.8295198462623218,0
P1374__1.0__1200___600,1,5,t_8_16,187.0,0.0,0.0,0.7987530870755738,3.0,0.6780875787812158,0
P1374__1.0__1200___600,2,5,s_16_32,315.0,0.5,0.04166666666666663,0.07632762581886664,6.0,0.6050698444202625,0
P1374__1.0__1200___600,3,5,t_8_16,144.0,0.5,0.08333333333333337,0.037384086891108184,3.0,0.6419299323849852,0
P1374__1.0__1200___600,4,5,t_8_16,152.0,0.25,0.25,0.07368363013524198,3.0,0.5800115776489999,0
P1374__1.0__1200___600,5,5,s_16_32,330.0,0.25,0.08333333333333337,0.028372363915636307,6.0,0.7701793881181326,0
P1384__1.0__4200___1800,0,2,s_16_32,600.0,0.75,0.025000000000000022,0.0027041603256229415,10.0,0.0,1
P1384__1.0__4200___1800,1,2,s_16_32,529.0,0.25,0.0,0.06911760514599322,10.0,0.0,1
P1384__1.0__4200___1800,2,2,t_8_16,238.0,0.0,0.18333333333333335,0.5005227097262527,3.0,0.0,1
P1384__1.0__4200___1800,3,2,t_8_16,238.0,0.25,0.09166666666666667,0.2375316059567184,5.0,0.0,1
P1384__1.0__4200___1800,6,5,t_8_16,66.0,0.0,0.125,,1.0,0.0342277625184874,1
P1384__1.0__4200___1800,7,5,t_8_16,65.99991607666016,0.0,0.125,0.45673028018295586,2.0,0.7752533333333333,0
P1384__1.0__4200___1800,10,5,t_8_16,77.0,0.0,0.125,,1.0,0.6997656365243735,0
P1384__1.0__4200___1800,11,5,t_8_16,66.0,0.0,0.25,0.9996770078521009,2.0,0.7773417727272762,0
P1384__1.0__4200___1800,12,5,t_8_16,84.0,1.0,0.125,0.11420397078421937,4.0,0.713515369047618,0
P1384__1.0__4200___1800,13,5,t_8_16,66.0,0.5,0.18333333333333335,0.26476952796874675,3.0,0.747119283064617,0
P1384__1.0__4200___1800,17,5,t_8_16,72.0,0.25,0.375,0.9999932779765167,2.0,0.15466636685707286,1
P1384__1.0__4200___1800,19,5,t_8_16,70.0,0.25,0.0,0.06165254597300772,3.0,0.7243760681641729,0
P1384__1.0__4200___1800,20,5,t_8_16,91.00042724609375,0.25,0.0,0.07907491593739545,5.0,0.7507708021977957,0
P1384__1.0__4200___1800,22,5,t_8_16,77.0,0.0,0.16666666666666674,,1.0,0.6708759292582227,0
P1384__1.0__4200___1800,23,5,t_8_16,176.00048828125,0.5,0.09999999999999998,0.11514095124489615,3.0,0.9549634210451475,0
P1384__1.0__4200___1800,24,5,t_8_16,70.0,0.25,0.09999999999999998,0.3421798667842065,3.0,0.7891747826448053,0
P1384__1.0__4200___1800,25,5,t_8_16,77.0,0.25,0.20833333333333337,0.06005210780220189,3.0,0.0,1
P1384__1.0__4200___1800,26,5,t_8_16,192.0,0.25,0.19999999999999996,0.42279174808498454,5.0,0.0,1
P1384__1.0__4200___1800,28,5,t_8_16,72.0,0.5,0.09999999999999998,0.2607885386511033,5.0,0.7906145097624672,0
P1384__1.0__4200___1800,30,5,t_8_16,91.0,0.25,0.31666666666666665,0.29295965693690534,4.0,0.6881762732407325,0
P1384__1.0__4200___1800,31,5,t_8_16,84.0,0.0,0.29166666666666663,0.9799475284061969,3.0,0.0,1
P1384__1.0__4200___1800,32,5,t_8_16,70.0008544921875,0.25,0.125,0.6758426671743945,3.0,0.0,1
P1384__1.0__4200___1800,33,5,t_8_16,136.0,0.5,0.5,,0.0,0.0,1
P1384__1.0__4200___1800,35,5,t_8_16,72.0,0.5,0.125,0.4085620322875468,4.0,0.6624322770219361,0
P1384__1.0__4200___1800,36,5,t_8_16,77.0,0.25,0.0,0.4062339391350388,2.0,0.0,1
P1384__1.0__4200___1800,39,5,t_8_16,66.0,0.0,0.0,0.9999999871628593,1.0,0.6850748053439369,0
P1384__1.0__4200___1800,40,5,t_8_16,98.0,0.0,0.3125,0.6114487429184762,3.0,0.5986208163265286,0
P1384__1.0__4200___1800,41,5,t_8_16,83.999267578125,0.0,0.125,0.9999964907203639,2.0,0.6493702160809327,0
P1384__1.0__4200___1800,42,5,t_8_16,78.0,0.0,0.0,,1.0,0.7362333846153947,0
P1384__1.0__4200___1800,44,5,t_8_16,90.99920654296875,0.5,0.0,0.11057854062326274,3.0,0.6974192592724847,0
P1384__1.0__4200___1800,53,5,t_8_16,66.00067138671875,0.0,0.33333333333333337,0.9999999736078926,2.0,0.6248524134564764,0
P1384__1.0__4200___1800,54,5,t_8_16,78.0,0.25,0.08333333333333337,0.26288279841686885,3.0,0.5953970911158083,0
P1384__1.0__4200___1800,57,5,t_8_16,65.00079345703125,0.5,0.08333333333333337,0.04869000427737341,3.0,0.6983925987024269,0
P1410__1.0__4200___1200,0,5,t_8_16,160.0,0.5,0.22916666666666674,0.06650695575510851,3.0,0.6154519139284245,0
P1410__1.0__4200___1200,1,5,t_8_16,231.0,0.75,0.17142857142857137,0.10429807295343811,5.0,0.7557014069264001,0
P1410__1.0__4200___1200,2,5,t_8_16,230.0,0.5,0.14583333333333337,0.17168550544393343,4.0,0.8254378695652206,0
P1410__1.0__4200___1200,3,5,t_8_16,184.0,0.5,0.5,,0.0,0.6490610564848476,0
P1410__1.0__4200___1200,4,5,t_8_16,207.0,0.5,0.17500000000000004,0.02548238545020522,5.0,0.8176092247682862,0
P1410__1.0__4200___1200,5,5,t_8_16,192.0,0.5,0.0,0.018787265887710576,3.0,0.8689498694246099,0
P1410__1.0__4200___1200,6,5,t_8_16,250.0,0.25,0.1333333333333333,0.3094617563811143,4.0,0.7063174959999995,0
P1410__1.0__4200___1200,7,5,t_8_16,250.0,0.25,0.2142857142857143,0.10578422890761378,7.0,0.7714005277369911,0
P1410__1.0__4200___1200,9,5,t_8_16,192.0,0.0,0.050000000000000044,0.04215247040855611,5.0,0.7173204509444235,0
P1410__1.0__4200___1200,10,5,t_8_16,207.0,0.25,0.23750000000000004,0.04400833913250812,5.0,0.7501687434681075,0
P1410__1.0__4200___1200,11,5,t_8_16,168.0,0.25,0.16666666666666674,0.045245135613677795,2.0,0.796464406922158,0
P1410__1.0__4200___1200,12,5,t_8_16,151.99992752075195,0.25,0.04166666666666663,0.0202818517441789,5.0,0.7836848092219613,0
P1410__1.0__4200___1200,13,5,t_8_16,198.0,0.5,0.2875,0.09013932666309235,5.0,0.7649504202371737,0
P1410__1.0__4200___1200,14,5,t_8_16,240.0,0.25,0.21875,0.15689681629246885,8.0,0.6734781919057908,0
P1410__1.0__4200___1200,15,5,s_16_32,330.0,0.5,0.11111111111111116,0.13783374862469194,9.0,0.8514383567658222,0
P1459__1.0__1200___3630,0,5,t_8_16,91.0,0.0,0.2666666666666667,0.5045085507067257,3.0,0.8167960378181782,0
P1459__1.0__1200___3630,1,5,t_8_16,98.0,0.5,0.04166666666666663,0.02376408662641426,5.0,0.8300852278488734,0
P1459__1.0__1200___3630,2,5,t_8_16,153.0,0.5,0.0,0.11421826806947519,2.0,0.7313359346405142,0
P1459__1.0__1200___3630,3,5,t_8_16,112.0,0.5,0.25,,1.0,0.7444287271146682,0
P1459__1.0__1200___3630,4,5,t_8_16,149.9993896484375,0.5,0.16666666666666674,0.10828033949793066,2.0,0.7057057200000099,0
P1459__1.0__1200___3630,5,5,t_8_16,84.0,0.25,0.08333333333333337,0.5990356899797232,2.0,0.7753764836223984,0
P1459__1.0__1200___3630,6,5,t_8_16,91.0,0.25,0.050000000000000044,0.11706564745385106,5.0,0.7420224988934743,0
P1459__1.0__1200___3630,7,5,t_8_16,96.0,0.25,0.20833333333333337,0.471071628390785,2.0,0.8581116347854428,0
P1459__1.0__1200___3630,8,5,t_8_16,104.0,0.25,0.16666666666666674,0.09855361371737989,3.0,0.7875506926010467,0
P1459__1.0__1200___3630,9,5,t_8_16,104.0,0.0,0.125,,1.0,0.9224081935047912,0
P1459__1.0__1200___3630,10,5,t_8_16,104.0,0.25,0.25,,1.0,0.7806032743734755,0
P1459__1.0__1200___3630,11,5,t_8_16,209.0,0.25,0.1416666666666666,0.1907160259336966,5.0,0.9197240895858447,0
P1459__1.0__1200___3630,12,5,t_8_16,117.0,0.0,0.125,,1.0,0.8050469225987813,0
P1459__1.0__1200___3630,13,5,t_8_16,153.0,1.0,0.2833333333333333,0.029594289849487396,3.0,0.7894978131865196,0
P1459__1.0__1200___3630,14,5,t_8_16,160.0,0.25,0.125,0.6942990401787447,2.0,0.6339492250000006,0
P1459__1.0__1200___3630,15,5,t_8_16,216.0,0.25,0.125,0.04107550140368987,4.0,0.8939298283221228,0
P1459__1.0__1200___3630,16,5,t_8_16,203.99948120117188,0.0,0.0,0.013079937582598958,5.0,0.6063544117647055,0
P1459__1.0__1200___3630,17,5,t_8_16,234.00054931640625,0.25,0.050000000000000044,0.21855888629253514,5.0,0.6911078746183285,0
P1459__1.0__1200___3630,18,5,t_8_16,134.99945068359375,0.5,0.25,0.9999050078105391,2.0,0.8083528888888827,0
P1459__1.0__1200___3630,19,5,t_8_16,72.0,0.75,0.0,0.1730936681297607,4.0,0.7424907868803561,0
P1459__1.0__1200___3630,20,5,t_8_16,91.0,0.0,0.08333333333333337,0.84370296750663,3.0,0.7260459084253295,0
P1459__1.0__1200___3630,22,5,t_8_16,65.9996337890625,0.0,0.125,0.08813968945227274,4.0,0.620710922791179,0
P1459__1.0__1200___3630,23,5,t_8_16,170.0006103515625,0.25,0.14583333333333337,0.015999379389163747,3.0,0.660655474319644,0
P1459__1.0__1200___3630,24,5,t_8_16,70.0,0.25,0.14583333333333337,0.10318524216220763,3.0,0.7691932731718705,0
P1459__1.0__1200___3630,25,5,t_8_16,84.0,0.25,0.0,0.31308338972068556,2.0,0.8308186029166351,0
P1581__1.0__600___1800,0,2,t_8_16,240.0,0.0,0.09999999999999998,0.47883112719752907,5.0,0.0,1
P1727__1.0__2400___3000,0,2,t_8_16,238.0,0.25,0.04166666666666663,0.0357832832422165,5.0,0.8663125128930521,0
P2116__1.0__506___0,0,5,t_8_16,168.0,0.75,0.75,,0.0,0.8173263180373397,0
P2116__1.0__506___0,1,5,t_8_16,200.0,0.5,0.1875,0.008193788820989319,4.0,0.8600540721120777,0
P2116__1.0__506___0,2,4,s_16_32,286.0,0.25,0.1383928571428572,0.13162122083138603,7.0,0.0,1
P2116__1.0__506___0,3,4,t_8_16,200.0,0.0,0.22499999999999998,0.37809060716028703,3.0,0.0,1
P2116__1.0__506___0,4,5,s_16_32,264.0000228881836,0.0,0.0,0.1329798905641062,4.0,0.6803106060606068,0
P2163__1.0__0___0,0,5,t_8_16,80.0,0.25,0.25,,1.0,0.6831130290537335,0
P2163__1.0__0___0,1,5,t_8_16,120.0,0.25,0.125,0.228450222078915,2.0,0.7137136686267581,0
P2163__1.0__0___0,2,5,t_8_16,90.0,0.0,0.125,,1.0,0.7762149123310917,0
P2163__1.0__0___0,3,5,t_8_16,99.0,0.25,0.16666666666666674,0.14165048460771418,2.0,0.822532627743739,0
P2163__1.0__0___0,5,5,t_8_16,84.0,1.0,0.16666666666666674,0.009513341348027162,2.0,0.784284940660894,0
P2163__1.0__0___0,6,5,t_8_16,78.0,0.5,0.0,0.21004152789543462,2.0,0.9105245176362237,0
P2163__1.0__0___0,7,5,t_8_16,78.0,0.25,0.0,0.42837209152219463,2.0,0.8729596261749076,0
P2163__1.0__0___0,8,5,t_8_16,91.0,0.5,0.0,0.1287482935755061,3.0,0.7437842893711468,0
P2163__1.0__0___0,10,5,t_8_16,66.0,0.25,0.0,0.47622235536277935,2.0,0.8574108986952902,0
P2163__1.0__0___0,11,5,t_8_16,105.0,0.5,0.0,0.005174937149730672,4.0,0.7356472730880669,0
P2163__1.0__0___0,12,5,t_8_16,77.0,0.25,0.125,,1.0,0.6823645487043098,0
P2163__1.0__0___0,13,5,t_8_16,80.0,0.5,0.5,,0.0,0.7693171743373737,0
P2163__1.0__0___0,14,5,t_8_16,104.0,0.5,0.125,0.02849101642678808,2.0,0.7673003191903592,0
P2163__1.0__0___0,15,5,t_8_16,143.0,0.0,0.0,0.9985492789574764,2.0,0.40680084692735946,1
P2163__1.0__0___0,16,5,t_8_16,120.0,0.5,0.29166666666666674,0.830380442011281,2.0,0.6230973749999971,0
P2163__1.0__0___0,18,5,t_8_16,80.0,0.25,0.0,0.34618343887785824,2.0,0.835177636682163,0
P2163__1.0__0___0,19,5,t_8_16,80.0,0.25,0.25,,1.0,0.6892416591565812,0
P2163__1.0__0___0,20,5,t_8_16,88.0,0.0,0.16666666666666674,0.5668467698942748,3.0,0.7050085439686657,0
P2163__1.0__0___0,21,5,t_8_16,88.0,0.5,0.375,,1.0,0.7549175454545419,0
P2163__1.0__0___0,23,5,t_8_16,70.0,0.25,0.22916666666666674,0.25204734108043675,3.0,0.6533456540175161,0
P2163__1.0__0___0,25,5,t_8_16,88.0,0.25,0.125,,1.0,0.824157652415382,0
P2163__1.0__0___0,26,5,t_8_16,77.0,0.0,0.125,0.35426580396792273,2.0,0.765460478523308,0
P2163__1.0__0___0,27,5,t_8_16,88.0,0.5,0.375,0.7525773623297628,2.0,0.729989904598641,0
P2163__1.0__0___0,28,5,t_8_16,77.0,0.0,0.125,,1.0,0.7532608783691163,0
P2203__1.0__670___600,0,5,t_8_16,220.0,0.0,0.20833333333333337,0.2939643779406806,3.0,0.6858898235817436,0
P2203__1.0__670___600,1,5,t_8_16,252.0,0.25,0.1875,0.05789801956242505,3.0,0.6643879285714257,0
P2205__1.0__0___1200,0,5,t_8_16,121.0,0.25,0.25,,1.0,0.7006435015515217,0
P2205__1.0__0___1200,1,5,t_8_16,99.00067138671875,0.25,0.25,,0.0,0.3868036659122844,1
P2205__1.0__0___1200,2,5,t_8_16,72.0,0.25,0.0,,0.0,0.3867516989711779,1
P2205__1.0__0___1200,3,5,t_8_16,80.0,0.25,0.25,,1.0,0.6325549884024311,0
P2205__1.0__0___1200,4,5,t_8_16,80.0,0.0,0.125,,1.0,0.8238758375603227,0
P2205__1.0__0___1200,5,5,t_8_16,87.99932861328125,0.0,0.41666666666666663,0.9999903029044939,1.0,0.9034215652304802,0
P2205__1.0__0___1200,6,5,t_8_16,104.0,0.0,0.0,0.5439302530945195,2.0,0.5814625658988292,0
P2205__1.0__0___1200,7,5,t_8_16,88.0,0.0,0.0,,1.0,0.4228831312073837,1
P2205__1.0__0___1200,8,5,t_8_16,87.99993896484375,0.5,0.5,,0.0,0.8373361761718358,0
P2205__1.0__0___1200,9,5,t_8_16,99.00067138671875,0.75,0.0,0.803177558447993,1.0,0.353711846253781,1
P2205__1.0__0___1200,11,5,t_8_16,120.0,0.0,0.0,0.9907452669537181,1.0,0.551757304611835,0
P2205__1.0__0___1200,12,5,t_8_16,120.0,0.0,0.375,0.9437891968886116,1.0,0.6034416081453167,0
P2205__1.0__0___1200,13,5,t_8_16,110.0,0.25,0.25,0.7338503489250153,1.0,0.6981638276769625,0
P2205__1.0__0___1200,14,5,t_8_16,110.00067138671875,0.25,0.0,0.056363568933873176,2.0,0.8215004000000034,0
P2205__1.0__0___1200,15,5,t_8_16,110.0,0.25,0.125,0.9963640460547011,1.0,0.7666090182854097,0
P2205__1.0__0___1200,16,5,t_8_16,81.0,0.25,0.25,,1.0,0.3989066875832295,1
P2205__1.0__0___1200,17,5,t_8_16,99.0,0.0,0.0,,1.0,0.8476027272727317,0
P2205__1.0__0___1200,18,5,t_8_16,132.0,0.25,0.25,0.989966029928903,2.0,0.5203740589930134,0
P2205__1.0__0___1200,19,5,t_8_16,110.0,0.5,0.25,0.23300587150109692,3.0,0.7849092709147405,0
P2205__1.0__0___1200,20,5,t_8_16,90.0,0.0,0.0,0.9956972618735854,1.0,0.6459855862992211,0
P2205__1.0__0___1200,21,5,t_8_16,72.0,0.25,0.25,,1.0,0.778868708189718,0
P2205__1.0__0___1200,22,5,t_8_16,90.0006103515625,0.5,0.0,0.0897722561606681,2.0,0.6407862188618111,0
P2205__1.0__0___1200,24,5,t_8_16,110.00067138671875,0.5,0.41666666666666674,0.9999991283238806,1.0,0.8422638181818206,0
P2205__1.0__0___1200,25,5,t_8_16,110.0,0.0,0.0,0.3345936998122805,2.0,0.8255490964453559,0
P2205__1.0__0___1200,27,5,t_8_16,120.99932861328125,0.0,0.125,,1.0,0.6176141652892543,0
P2205__1.0__0___1200,28,5,t_8_16,80.99999141693115,0.0,0.0,,0.0,0.35730434015904566,1
P2205__1.0__0___1200,29,5,t_8_16,110.0,0.5,0.375,0.48058076408385025,2.0,0.5450153964088379,0
P2205__1.0__0___1200,30,5,t_8_16,110.0,0.5,0.125,0.3175755315371881,2.0,0.39285484535798526,1
P2205__1.0__0___1200,31,5,t_8_16,90.0,0.0,0.5,,1.0,0.5414825745285521,0
P2205__1.0__0___1200,32,5,t_8_16,110.0,0.25,0.5,0.9567324269496249,1.0,0.5943779231851172,0
P2205__1.0__0___1200,33,5,t_8_16,110.0,0.0,0.125,,1.0,0.07036301752485923,1
P2205__1.0__0___1200,34,5,t_8_16,120.000732421875,0.25,0.08333333333333337,0.5330900218541812,3.0,0.0,1
P2205__1.0__0___1200,35,5,t_8_16,121.0,0.0,0.0,,1.0,0.773368231702448,0
P2205__1.0__0___1200,36,5,t_8_16,110.0,0.0,0.125,,1.0,0.8811334810678673,0
P2205__1.0__0___1200,37,5,t_8_16,99.0006628035917,0.25,0.125,,1.0,0.7808890952406624,0
P2205__1.0__0___1200,38,5,t_8_16,90.0,0.25,0.0,0.9281174745621097,2.0,0.700946933239515,0
P2205__1.0__0___1200,39,5,t_8_16,99.00000858306885,0.0,0.125,,1.0,0.8079764898283356,0
P2205__1.0__0___1200,40,5,t_8_16,110.00067138671875,0.0,0.0,,1.0,0.6798032818297174,0
P2205__1.0__0___1200,41,5,t_8_16,108.0,0.0,0.125,0.8139684676210758,2.0,0.755205034201026,0
P2205__1.0__0___1200,42,5,t_8_16,90.0006103515625,0.25,0.25,,0.0,0.44077088575873463,1
P2205__1.0__0___1200,43,5,t_8_16,81.0,0.0,0.0,,1.0,0.8471411212866495,0
P2205__1.0__0___1200,44,5,t_8_16,72.00006103515625,0.25,0.25,0.2789910774823859,2.0,0.7595412738844227,0
P2205__1.0__0___1200,45,5,t_8_16,110.0,0.5,0.5,,0.0,0.7688186381752861,0
P2205__1.0__0___1200,46,5,t_8_16,100.0,0.25,0.25,,0.0,0.5979045115578834,0
P2205__1.0__0___1200,47,5,t_8_16,81.0,0.0,0.125,,1.0,0.9031396549427609,0
P2205__1.0__0___1200,48,5,t_8_16,90.0,0.0,0.0,,1.0,0.6004686500587022,0
P2205__1.0__0___1200,49,5,t_8_16,90.0,0.0,0.0,,1.0,0.6283599709943488,0
P2205__1.0__0___1200,50,5,t_8_16,121.0,0.25,0.125,,1.0,0.7869898708727707,0
P2205__1.0__0___1200,51,5,t_8_16,110.00067138671875,0.5,0.14583333333333337,0.03963436898936064,3.0,0.0,1
P2205__1.0__0___1200,52,5,t_8_16,79.9998779296875,0.25,0.25,,0.0,0.0,1
P2205__1.0__0___1200,53,5,t_8_16,110.00008392333984,0.5,0.0,0.08845798422481817,2.0,0.8322115309881699,0
P2205__1.0__0___1200,54,5,t_8_16,120.0,0.25,0.25,0.608665751351879,2.0,0.7898076053447359,0
P2205__1.0__0___1200,56,5,t_8_16,90.0,0.0,0.16666666666666663,0.7841516015511104,2.0,0.40552649838852667,1
P2205__1.0__0___1200,57,5,t_8_16,156.0,0.0,0.0,0.04207385899409515,2.0,0.7395628370772894,0
P2205__1.0__0___1200,58,5,t_8_16,195.0,0.0,0.125,0.9999828335295804,1.0,0.9174187203936546,0
P2205__1.0__0___1200,59,5,t_8_16,223.99938964750618,0.0,0.08333333333333337,0.3856513965184928,2.0,0.8528648199317462,0
P2205__1.0__0___1200,60,5,t_8_16,153.99978637695312,0.0,0.25,0.7449207176256528,4.0,0.8293331155460226,0
P2205__1.0__0___1200,62,5,t_8_16,80.0,0.0,0.125,0.9858081777730664,2.0,0.8647487922053619,0
P2205__1.0__0___1200,63,5,t_8_16,72.0,0.0,0.0,,1.0,0.7615425042533109,0
P2205__1.0__0___1200,64,5,t_8_16,80.0,0.0,0.0,,1.0,0.6696525513052264,0
P2205__1.0__0___1200,65,5,t_8_16,81.00061798142269,0.0,0.0,,1.0,0.6844025706974056,0
P2205__1.0__0___1200,66,5,t_8_16,81.0,0.5,0.0,0.8768491107922771,0.0,0.4075697556758261,1
P2205__1.0__0___1200,67,5,t_8_16,90.0,0.25,0.25,,1.0,0.8524201163271252,0
P2205__1.0__0___1200,68,5,t_8_16,81.00054931640625,0.0,0.0,,1.0,0.6057108789021821,0
P2205__1.0__0___1200,69,5,t_8_16,72.00048828125,0.5,0.0,0.9380106917194903,0.0,0.40736369419185897,1
P2205__1.0__0___1200,70,5,t_8_16,90.0006103515625,0.25,0.25,0.9623893063342922,2.0,0.7493443461973014,0
P2205__1.0__0___1200,71,5,t_8_16,90.0,0.0,0.125,0.9967944801984711,1.0,0.48792125588290725,1
P2205__1.0__0___1200,72,5,t_8_16,90.0,0.5,0.16666666666666674,0.2702057595493693,2.0,0.8955167535453733,0
P2205__1.0__0___1200,73,5,t_8_16,81.0000171661377,0.5,0.5,,0.0,0.8519058442153027,0
P2205__1.0__0___1200,75,5,t_8_16,90.0,0.25,0.0,0.23575642810070305,2.0,0.6156034901256983,0
P2205__1.0__0___1200,76,5,t_8_16,120.000732421875,0.5,0.1875,0.44318039811007565,4.0,0.7052835352624943,0
P2205__1.0__0___1200,77,5,t_8_16,80.0,0.25,0.25,0.2439688322630486,2.0,0.7223720564437242,0
P2205__1.0__0___1200,78,5,t_8_16,100.0,0.5,0.375,0.523061002115645,2.0,0.4226854325291704,1
P2205__1.0__0___1200,79,5,t_8_16,80.0,0.75,0.625,0.20061792853973867,1.0,0.5603187850847837,0
P2205__1.0__0___1200,80,5,t_8_16,64.0,0.0,0.25,,1.0,0.4934393147102514,1
P2205__1.0__0___1200,82,5,t_8_16,72.0,0.25,0.25,,1.0,0.7973671644999027,0
P2205__1.0__0___1200,83,5,t_8_16,80.0,0.0,0.0,,1.0,0.8178093334151505,0
P2205__1.0__0___1200,84,5,t_8_16,108.0,0.0,0.0,0.11355961153442383,2.0,0.6568075064066484,0
P2205__1.0__0___1200,85,5,t_8_16,100.0,0.5,0.08333333333333337,0.22996479720835708,2.0,0.6596229397679927,0
P2205__1.0__0___1200,86,5,t_8_16,143.0,0.25,0.08333333333333337,0.1393481492695605,3.0,0.7258180550155097,0
P2205__1.0__0___1200,87,5,t_8_16,81.00054931640625,0.25,0.25,0.473782703110403,2.0,0.8175854245697587,0
P2205__1.0__0___1200,88,5,t_8_16,70.0,0.0,0.0,0.9999999148361473,1.0,0.6193196317266922,0
P2205__1.0__0___1200,89,5,t_8_16,70.0,0.25,0.08333333333333337,0.5228538482131233,2.0,0.6631617540201699,0
P2205__1.0__0___1200,90,5,t_8_16,72.0,0.75,0.25,0.7156430712795016,0.0,0.6700121477418624,0
P2205__1.0__0___1200,91,5,t_8_16,64.0,0.5,0.0,0.7720782823734551,0.0,0.2722677509827142,1
P2205__1.0__0___1200,92,5,t_8_16,64.0,0.25,0.125,0.9293997104614202,2.0,0.7126650270208503,0
P2205__1.0__0___1200,94,5,t_8_16,80.0,0.25,0.25,0.2446672653596547,2.0,0.7233728657289402,0
P2205__1.0__0___1200,95,5,t_8_16,90.0,0.25,0.125,,1.0,0.8365822988955033,0
P2205__1.0__0___1200,96,5,t_8_16,130.0,0.0,0.125,0.9999519144209849,2.0,0.7531553555816828,0
P2205__1.0__0___1200,97,5,t_8_16,99.0,0.0,0.0,,1.0,0.7881624971327139,0
P2205__1.0__0___1200,98,5,t_8_16,99.00067138671875,0.0,0.0,,1.0,0.8413405802556236,0
P2205__1.0__0___1200,100,5,t_8_16,108.0,0.5,0.0,0.34153899320224096,2.0,0.8601499799080842,0
P2205__1.0__0___1200,102,5,t_8_16,90.0,0.25,0.0,0.16932360320087628,2.0,0.7200440603656847,0
P2205__1.0__0___1200,103,5,t_8_16,81.0,0.0,0.125,,1.0,0.5279568776286472,0
P2205__1.0__0___1200,104,5,t_8_16,99.0,0.0,0.0,,1.0,0.7021570114193898,0
P2205__1.0__0___1200,105,5,t_8_16,99.0,0.25,0.29166666666666674,0.9766360019525248,1.0,0.7253898911190814,0
P2205__1.0__0___1200,106,5,t_8_16,64.0,0.5,0.5,0.4211935648305991,1.0,0.5959875876267641,0
P2205__1.0__0___1200,107,5,t_8_16,233.99972534179688,0.5,0.0,0.02285639839600795,4.0,0.8419508837042182,0
P2205__1.0__0___1200,108,5,t_8_16,90.0006103515625,0.0,0.0,,1.0,0.7345303951670489,0
P2205__1.0__0___1200,109,5,t_8_16,72.0,0.25,0.25,,1.0,0.8407533402089327,0
P2205__1.0__0___1200,111,5,t_8_16,136.0,0.0,0.0,0.20785027730724734,2.0,0.7563809227681757,0
P2205__1.0__0___1200,112,5,t_8_16,78.0,0.25,0.2333333333333334,0.209575386125543,3.0,0.7295892302926102,0
P2205__1.0__0___1200,113,5,t_8_16,144.0,0.0,0.08333333333333337,0.27887446926605247,3.0,0.7453938562945907,0
P2205__1.0__0___1200,114,5,t_8_16,216.0,0.0,0.0625,0.4650371010925176,4.0,0.0,1
P2205__1.0__0___1200,115,5,t_8_16,240.0,0.0,0.10000000000000009,0.0372027169399385,4.0,0.0,1
P2205__1.0__0___1200,118,5,t_8_16,77.0,0.5,0.08333333333333337,0.30819680619628165,3.0,0.8744107012987058,0
P2205__1.0__0___1200,119,5,t_8_16,77.0,0.0,0.125,0.9998859888454508,1.0,0.7443707787467128,0
P2205__1.0__0___1200,120,5,t_8_16,66.0,0.0,0.0,0.9992195556465325,1.0,0.6168968613727902,0
P2205__1.0__0___1200,123,5,t_8_16,80.0,0.25,0.0,,0.0,0.3126097536651116,1
P2205__1.0__0___1200,124,5,t_8_16,77.0,0.0,0.33333333333333337,0.9819834616031974,3.0,0.8546113449061274,0
P2205__1.0__0___1200,125,5,t_8_16,70.0,0.25,0.375,0.9857831980309516,1.0,0.41535608634966054,1
P2205__1.0__0___1200,126,5,t_8_16,80.00003051757812,0.0,0.0,,1.0,0.6273489390574148,0
P2205__1.0__0___1200,127,5,t_8_16,84.0,0.5,0.0,0.3772360284896423,3.0,0.8748553661737797,0
P2205__1.0__0___1200,129,5,t_8_16,99.0,0.5,0.125,0.020165647155009812,2.0,0.7947834833903913,0
P2205__1.0__0___1200,130,5,t_8_16,81.0,0.25,0.125,0.9952596680570134,1.0,0.7604084741738976,0
P2205__1.0__0___1200,131,5,t_8_16,72.0,0.0,0.0,,1.0,0.5598106126390601,0
P2205__1.0__0___1200,132,5,t_8_16,108.0,0.0,0.0,,1.0,0.6482246786009783,0
P2205__1.0__0___1200,134,5,t_8_16,80.0,0.25,0.25,,0.0,0.6995776075443156,0
P2205__1.0__0___1200,135,5,t_8_16,110.0,0.25,0.125,,1.0,0.6282707454545431,0
P2205__1.0__0___1200,136,5,t_8_16,90.0,0.0,0.0,,1.0,0.8545023702400357,0
P2205__1.0__0___1200,137,5,t_8_16,81.0,0.25,0.125,,1.0,0.8314879225884113,0
P2205__1.0__0___1200,138,5,t_8_16,90.0,0.0,0.0,,0.0,0.2341401581335903,1
P2205__1.0__0___1200,139,5,t_8_16,90.0,0.0,0.0,0.9999999999914422,1.0,0.7460194573078981,0
P2205__1.0__0___1200,140,5,t_8_16,72.0,0.75,0.25,0.7004633774202187,2.0,0.670026381198535,0
P2205__1.0__0___1200,141,5,t_8_16,72.0,0.0,0.0,,1.0,0.6155464792094707,0
P2205__1.0__0___1200,142,5,t_8_16,90.0,0.25,0.25,,0.0,0.8043718899344237,0
P2205__1.0__0___1200,143,5,t_8_16,70.0,0.5,0.0,0.6428593499920052,1.0,0.4786902555674914,1
P2205__1.0__0___1200,144,5,t_8_16,80.0,0.5,0.0,0.7271967307172083,2.0,0.4922757062059138,1
P2205__1.0__0___1200,145,5,t_8_16,77.0,0.0,0.125,0.9972073251095633,1.0,0.813752145768941,0
P2205__1.0__0___1200,146,5,t_8_16,72.0,0.0,0.0,,1.0,0.7667401097037216,0
P2205__1.0__0___1200,147,5,t_8_16,64.0,0.25,0.25,,1.0,0.4758923998700357,1
P2205__1.0__0___1200,148,5,t_8_16,72.0,0.25,0.25,,1.0,0.09412484173528977,1
P2205__1.0__0___1200,149,5,t_8_16,64.0,0.75,0.25,0.2658312360698541,2.0,0.5970049714948317,0
P2205__1.0__0___1200,150,5,t_8_16,90.0,0.25,0.25,0.9987462728230005,1.0,0.6443127961693264,0
P2205__1.0__0___1200,152,5,t_8_16,90.0,0.5,0.5,,0.0,0.4802836802798552,1
P2205__1.0__0___1200,153,5,t_8_16,120.0,0.25,0.08333333333333337,0.021721304649226454,3.0,0.76090170183604,0
P2205__1.0__0___1200,154,5,t_8_16,72.0,0.25,0.25,0.942044409087676,1.0,0.42145264968060137,1
P2205__1.0__0___1200,155,5,t_8_16,72.0,0.25,0.25,,1.0,0.5092855654165418,0
P2205__1.0__0___1200,156,5,t_8_16,70.0,0.25,0.0,0.7163089044852874,3.0,0.7789572065329985,0
P2205__1.0__0___1200,157,5,t_8_16,90.0,0.0,0.0,,1.0,0.6664514341821524,0
P2205__1.0__0___1200,158,5,t_8_16,90.0,0.5,0.0,0.4392982693993344,0.0,0.3242862306037967,1
P2205__1.0__0___1200,159,5,t_8_16,80.0,0.25,0.125,,1.0,0.7245554228371386,0
P2205__1.0__0___1200,160,5,t_8_16,80.0,0.5,0.5,0.9997660749736439,2.0,0.7369877852592418,0
P2205__1.0__0___1200,161,5,t_8_16,99.0,0.0,0.0,0.3570325357068018,2.0,0.5976839938637982,0
P2205__1.0__0___1200,162,5,t_8_16,70.0,0.5,0.08333333333333337,0.32399933342365633,2.0,0.13986650533054917,1
P2205__1.0__0___1200,163,5,t_8_16,88.0,0.5,0.375,0.4199519663847485,1.0,0.4963870729172457,1
P2205__1.0__0___1200,165,5,t_8_16,70.0,0.0,0.25,,0.0,0.4885701169683842,1
P2205__1.0__0___1200,166,5,t_8_16,72.0,0.25,0.25,,1.0,0.7710124719803318,0
P2205__1.0__0___1200,167,5,t_8_16,80.0,0.0,0.0,,1.0,0.43119680280849015,1
P2205__1.0__0___1200,168,5,t_8_16,81.0,0.25,0.125,,1.0,0.5382792736181556,0
P2205__1.0__0___1200,169,5,t_8_16,90.0,0.25,0.125,,1.0,0.7771485179493626,0
P2205__1.0__0___1200,171,5,t_8_16,100.0,0.5,0.33333333333333337,0.5812895350734432,2.0,0.614667687603829,0
P2205__1.0__0___1200,172,5,t_8_16,80.0,0.0,0.25,,0.0,0.25435086689415853,1
P2205__1.0__0___1200,173,5,t_8_16,72.0,0.0,0.125,,1.0,0.7964946976352362,0
P2205__1.0__0___1200,175,5,t_8_16,90.0,0.5,0.375,0.9989116497107613,1.0,0.646118722523299,0
P2205__1.0__0___1200,176,5,t_8_16,72.0,0.5,0.25,,0.0,0.8611240313095784,0
P2205__1.0__0___1200,177,5,t_8_16,72.0,0.25,0.0,0.6144287002593457,0.0,0.42486904231204875,1
P2205__1.0__0___1200,178,5,t_8_16,81.0,0.25,0.25,0.8390375748273423,2.0,0.6131022907345747,0
P2205__1.0__0___1200,179,5,t_8_16,72.0,0.25,0.25,,1.0,0.7056260816873497,0
P2205__1.0__0___1200,180,5,t_8_16,88.0,0.0,0.25,,0.0,0.48138857108072053,1
P2205__1.0__0___1200,181,5,t_8_16,64.0,0.5,0.25,,0.0,0.2827843656335847,1
P2205__1.0__0___1200,182,5,t_8_16,72.0,0.25,0.125,0.8953046523281937,2.0,0.7971631979117242,0
P2205__1.0__0___1200,185,5,t_8_16,70.0,0.0,0.0,0.9976691946111195,1.0,0.3025180129821349,1
P2205__1.0__0___1200,186,5,t_8_16,88.0,0.5,0.20833333333333337,0.11001475697487301,2.0,0.7801449300996409,0
P2205__1.0__0___1200,187,5,t_8_16,99.0,0.25,0.25,,0.0,0.7707077652408677,0
P2205__1.0__0___1200,188,5,t_8_16,99.0,0.0,0.0,,1.0,0.7706538851349206,0
P2205__1.0__0___1200,189,5,t_8_16,64.0,0.25,0.25,,1.0,0.5144386060435089,0
P2205__1.0__0___1200,190,5,t_8_16,80.0,0.5,0.25,0.9218332569726917,1.0,0.48402591748383156,1
P2205__1.0__0___1200,192,5,t_8_16,72.0,0.0,0.0,,1.0,0.7965126287575109,0
P2205__1.0__0___1200,193,5,t_8_16,90.0,0.25,0.125,0.8028919739205984,2.0,0.9066052176158602,0
P2205__1.0__0___1200,194,5,t_8_16,64.0,0.0,0.0,,1.0,0.690909891223175,0
P2205__1.0__0___1200,195,5,t_8_16,72.0,0.5,0.25,,0.0,0.7355478919060883,0
P2205__1.0__0___1200,196,5,t_8_16,80.0,0.25,0.125,0.3641913633483231,2.0,0.5843588457098593,0
P2205__1.0__0___1200,197,5,t_8_16,90.0,0.25,0.08333333333333337,0.03887130540034449,2.0,0.8347988152591648,0
P2205__1.0__0___1200,198,5,t_8_16,81.0,0.0,0.0,0.97374541396982,2.0,0.5344162532127055,0
P2205__1.0__0___1200,199,5,t_8_16,90.0,0.25,0.25,,1.0,0.7534027729453173,0
P2205__1.0__0___1200,200,5,t_8_16,72.0,0.25,0.25,0.7652180658926422,2.0,0.7486876531499231,0
P2205__1.0__0___1200,202,5,t_8_16,72.0,0.25,0.0,0.0636229533948949,2.0,0.7189741574011366,0
P2205__1.0__0___1200,204,5,t_8_16,70.0,0.0,0.125,0.9860064781019164,1.0,0.657839232016263,0
P2205__1.0__0___1200,205,5,t_8_16,100.0,0.25,0.0,,0.0,0.34949448945888517,1
P2205__1.0__0___1200,206,5,t_8_16,88.0,0.5,0.375,,1.0,0.48702485161876435,1
P2205__1.0__0___1200,208,5,t_8_16,80.0,0.5,0.33333333333333337,0.25861317401300715,2.0,0.6720334153768119,0
P2205__1.0__0___1200,210,5,t_8_16,87.99966430664062,0.25,0.09999999999999998,0.3672836729986134,3.0,0.7516741459101596,0
P2205__1.0__0___1200,211,5,t_8_16,99.00033569335938,0.0,0.125,,1.0,0.876571818181809,0
P2205__1.0__0___1200,212,5,t_8_16,80.0,0.0,0.125,,1.0,0.6182674205167278,0
P2205__1.0__0___1200,214,5,t_8_16,99.0,0.0,0.0,,1.0,0.8095246895661375,0
P2205__1.0__0___1200,215,5,t_8_16,100.0,0.5,0.125,0.21372763983983384,2.0,0.8505356983313589,0
P2205__1.0__0___1200,217,5,t_8_16,80.0,0.0,0.125,0.9998689557339419,1.0,0.7170527986789437,0
P2205__1.0__0___1200,218,5,t_8_16,72.0,0.0,0.0,,1.0,0.8372646014702732,0
P2205__1.0__0___1200,219,5,t_8_16,81.0,0.25,0.25,,1.0,0.42682838923563005,1
P2205__1.0__0___1200,220,5,t_8_16,72.0,0.25,0.25,,1.0,0.6745804034518347,0
P2205__1.0__0___1200,221,5,t_8_16,80.0,0.5,0.375,,1.0,0.8452587011948086,0
P2205__1.0__0___1200,222,5,t_8_16,80.0,0.0,0.0,0.9967203417776442,1.0,0.56788156043227,0
P2205__1.0__0___1200,223,5,t_8_16,90.0,0.25,0.25,0.43954848003609276,3.0,0.8077266168003606,0
P2205__1.0__0___1200,224,5,t_8_16,87.99966430664062,0.0,0.25,0.8451400528394977,2.0,0.818319146649854,0
P2205__1.0__0___1200,225,5,t_8_16,80.0,0.0,0.0,,1.0,0.8051029003105263,0
P2205__1.0__0___1200,226,5,t_8_16,117.0,0.25,0.2500000000000001,0.6391040497714383,2.0,0.7835687384913013,0
P2205__1.0__0___1200,227,5,t_8_16,99.0,0.25,0.125,,1.0,0.7028445390933964,0
P2205__1.0__0___1200,228,5,t_8_16,99.0,0.0,0.125,0.9999021685591281,2.0,0.8280969101742593,0
P2205__1.0__0___1200,229,5,t_8_16,99.0,0.0,0.0,0.18990308416026658,2.0,0.691104155207457,0
P2205__1.0__0___1200,230,5,t_8_16,80.0,0.5,0.25,0.9047347849169773,2.0,0.37885464548104586,1
P2205__1.0__0___1200,232,5,t_8_16,72.0,0.0,0.0,,1.0,0.7616200918589491,0
P2205__1.0__0___1200,233,5,t_8_16,80.0,0.5,0.125,0.47509615460072235,2.0,0.672662009337071,0
P2205__1.0__0___1200,234,5,t_8_16,90.0,0.25,0.25,,1.0,0.6868526464313722,0
P2205__1.0__0___1200,235,5,t_8_16,88.0,0.0,0.125,,1.0,0.6622162887434669,0
P2205__1.0__0___1200,236,5,t_8_16,80.0,0.25,0.25,0.08320908874256387,2.0,0.732664544476544,0
P2205__1.0__0___1200,237,5,t_8_16,72.0,0.25,0.25,,1.0,0.0,1
P2205__1.0__0___1200,238,5,t_8_16,90.0,0.25,0.0,0.8230338821114321,2.0,0.7782939947512427,0
P2205__1.0__0___1200,239,5,t_8_16,77.0,0.5,0.22499999999999998,0.10755353780377212,3.0,0.7051747055214175,0
P2205__1.0__0___1200,240,5,t_8_16,72.0,0.0,0.125,0.05461421674894449,2.0,0.7039531775094607,0
P2205__1.0__0___1200,241,5,t_8_16,80.0,0.0,0.0,,1.0,0.003397499781987731,1
P2205__1.0__0___1200,242,5,t_8_16,72.0,0.0,0.0,,1.0,0.8219918225512352,0
P2205__1.0__0___1200,243,5,t_8_16,70.00030517578125,0.25,0.1875,0.5317090291370107,4.0,0.8031727981281989,0
P2205__1.0__0___1200,244,5,t_8_16,77.0,0.25,0.125,,1.0,0.0,1
P2205__1.0__0___1200,245,5,t_8_16,90.0,0.0,0.0,,1.0,0.7303288222222192,0
P2205__1.0__0___1200,246,5,t_8_16,72.0,0.25,0.5,,1.0,0.5952388462333618,0
P2205__1.0__0___1200,247,5,t_8_16,80.0,0.0,0.125,,1.0,0.7354712729992202,0
P2205__1.0__0___1200,249,5,t_8_16,90.0,0.5,0.375,,1.0,0.6941222575019308,0
P2205__1.0__0___1200,250,5,t_8_16,90.0,0.0,0.0,,1.0,0.5693340241596565,0
P2205__1.0__0___1200,251,5,t_8_16,81.0,0.5,0.5,,1.0,0.8570987566765987,0
P2205__1.0__0___1200,252,5,t_8_16,81.0,0.0,0.0,,1.0,0.7534979941716174,0
P2205__1.0__0___1200,253,5,t_8_16,80.0,0.5,0.20833333333333337,0.9606640597798879,2.0,0.7074761021552974,0
P2205__1.0__0___1200,255,5,t_8_16,90.0,0.5,0.375,0.8410268796711036,1.0,0.4719753844306262,1
P2205__1.0__0___1200,256,5,t_8_16,72.0,0.25,0.125,0.9974435322585414,1.0,0.3187202930411836,1
P2205__1.0__0___1200,257,5,t_8_16,72.0,0.0,0.0,,1.0,0.7655446716368379,0
P2205__1.0__0___1200,258,5,t_8_16,80.0,0.25,0.25,0.9983847476400688,1.0,0.6903959986124937,0
P2205__1.0__0___1200,259,5,t_8_16,80.0,0.0,0.0,,1.0,0.7856474566582834,0
P2205__1.0__0___1200,260,5,t_8_16,90.0,0.5,0.125,0.5992491137302972,2.0,0.8449992728971295,0
P2205__1.0__0___1200,262,5,t_8_16,100.0,0.75,0.5,0.004700834302098584,1.0,0.21094606371128546,1
P2205__1.0__0___1200,263,5,t_8_16,70.0,0.5,0.08333333333333337,0.034698466443241816,2.0,0.7395941253761292,0
P2205__1.0__0___1200,264,5,t_8_16,80.0,0.0,0.5,,0.0,0.5198160728593167,0
P2205__1.0__0___1200,265,5,t_8_16,72.0,0.5,0.625,,1.0,0.593800292916437,0
P2205__1.0__0___1200,266,5,t_8_16,80.0,0.0,0.0,,1.0,0.8180187812227242,0
P2205__1.0__0___1200,267,5,t_8_16,90.0,0.25,0.25,0.8515985438500585,2.0,0.8762946217338513,0
P2205__1.0__0___1200,268,5,t_8_16,81.0,0.0,0.0,0.9989965285293365,1.0,0.8007448058191488,0
P2205__1.0__0___1200,269,5,t_8_16,72.0,0.0,0.0,0.9900665425538923,1.0,0.4951887868332386,1
P2205__1.0__0___1200,270,5,t_8_16,90.0,0.0,0.125,0.9966347911033717,1.0,0.6069587100081153,0
P2205__1.0__0___1200,271,5,t_8_16,90.0,0.5,0.25,0.8118054294325248,0.0,0.392728207866305,1
P2205__1.0__0___1200,272,5,t_8_16,72.0,0.25,0.125,0.74097008654151,2.0,0.5674528243287741,0
P2205__1.0__0___1200,273,5,t_8_16,90.00030517578125,0.0,0.0,,0.0,0.5052506571678632,0
P2205__1.0__0___1200,274,5,t_8_16,90.0,0.25,0.16666666666666663,0.6750175369191626,2.0,0.770446954170154,0
P2205__1.0__0___1200,275,5,t_8_16,99.0,0.0,0.0,,1.0,0.6853508178891302,0
P2205__1.0__0___1200,277,5,t_8_16,72.0,0.5,0.0,0.5962211315224967,0.0,0.4236299536369315,1
P2205__1.0__0___1200,278,5,t_8_16,72.0,0.0,0.0,,1.0,0.9245646872238358,0
P2205__1.0__0___1200,279,5,t_8_16,80.0,0.25,0.25,0.9011824076311906,1.0,0.4511831976278699,1
P2205__1.0__0___1200,280,5,t_8_16,72.0,0.25,0.25,,1.0,0.9496189419088802,0
P2205__1.0__0___1200,281,5,t_8_16,80.0,0.0,0.0,,1.0,0.4613924108805633,1
P2205__1.0__0___1200,282,5,t_8_16,80.0,0.5,0.5,,0.0,0.4902640339887358,1
P2205__1.0__0___1200,283,5,t_8_16,81.0,0.0,0.25,0.5317297261016325,2.0,0.7101416789945681,0
P2205__1.0__0___1200,284,5,t_8_16,99.00033569335938,0.5,0.25,0.28612915275047274,2.0,0.6789027085943622,0
P2205__1.0__0___1200,285,5,t_8_16,100.0,0.0,0.0,,0.0,0.5006044087340331,0
P2205__1.0__0___1200,286,5,t_8_16,90.0,0.0,0.0,,1.0,0.7339512422049814,0
P2205__1.0__0___1200,287,5,t_8_16,168.0,0.0,0.375,,1.0,0.7522799127647869,0
P2240__1.0__0___797,0,5,t_8_16,200.001220703125,0.5,0.125,0.044984653512192586,3.0,0.7946527050000003,0
P2240__1.0__0___797,1,5,t_8_16,176.0,0.0,0.08333333333333337,0.18630141163396038,3.0,0.6910177663023459,0
P2240__1.0__0___797,2,5,t_8_16,171.0,0.5,0.14583333333333337,0.1678018429499711,3.0,0.7530098565254251,0
P2240__1.0__0___797,3,5,t_8_16,189.0,0.25,0.0625,0.16189206714728535,3.0,0.84081320768909,0
P2240__1.0__0___797,4,5,t_8_16,210.0,0.25,0.050000000000000044,0.2619917741535567,4.0,0.843277101313001,0
P2240__1.0__0___797,5,5,t_8_16,180.0010986328125,0.5,0.1875,0.03686679528627909,4.0,0.8203662141194771,0
P2240__1.0__0___797,6,5,t_8_16,153.0,0.0,0.0,0.22588153959906765,2.0,0.8604074565601796,0
P2240__1.0__0___797,7,5,t_8_16,207.0,0.5,0.33333333333333337,0.07645392955841972,3.0,0.7325537702483106,0
P2240__1.0__0___797,8,5,t_8_16,210.0,0.25,0.09999999999999998,0.028785619392993417,4.0,0.7910006962097269,0
P2240__1.0__0___797,9,5,t_8_16,171.0,0.5,0.33333333333333337,0.14925809961317466,3.0,0.9510975271283363,0
P2240__1.0__0___797,10,5,t_8_16,180.0,0.25,0.08333333333333337,0.040222646180383466,3.0,0.8391748524235048,0
P2240__1.0__0___797,11,5,t_8_16,144.0,0.25,0.0,0.3526114183129708,2.0,0.6989301589429767,0
P2240__1.0__0___797,12,5,t_8_16,128.0,0.25,0.08333333333333337,0.30879690687538625,3.0,0.7214828676638476,0
P2240__1.0__0___797,13,5,t_8_16,168.0,0.0,0.08333333333333337,0.7074364832496217,3.0,0.6478554535058182,0
P2240__1.0__0___797,14,5,t_8_16,179.99972534179688,0.5,0.0625,0.1972733516824854,3.0,0.9444553066807552,0
P2240__1.0__0___797,15,5,t_8_16,171.0,0.75,0.0625,0.06860741336529991,4.0,0.81010808589669,0
P2240__1.0__0___797,16,5,t_8_16,200.0,0.25,0.0,0.12176037160314286,2.0,0.7487373179598521,0
P2240__1.0__0___797,17,5,t_8_16,199.99969482421875,0.5,0.0625,0.15435273302944189,4.0,0.7992626699461556,0
P2240__1.0__0___797,18,5,t_8_16,162.0,0.25,0.26249999999999996,0.07817056495679481,3.0,0.6359964879693196,0
P2240__1.0__0___797,19,5,t_8_16,144.0001220703125,0.25,0.08333333333333337,0.13158472106634736,3.0,0.6886114400793251,0
P2240__1.0__0___797,20,5,t_8_16,170.0,0.75,0.30000000000000004,0.01785734620547309,4.0,0.7858700013545246,0
P2240__1.0__0___797,21,5,t_8_16,176.0,0.5,0.0625,0.018873047322480112,4.0,0.8606889172622006,0
P2240__1.0__0___797,22,5,t_8_16,189.0,0.0,0.08333333333333337,0.10177150096729391,2.0,0.8144101888846246,0
P2240__1.0__0___797,23,5,t_8_16,144.0,0.25,0.08333333333333337,0.08692704849963609,2.0,0.8837330156613127,0
P2240__1.0__0___797,24,5,t_8_16,208.99884033203125,0.0,0.14583333333333337,0.12323869482137313,3.0,0.7115621913875615,0
P2240__1.0__0___797,25,5,t_8_16,144.0,0.25,0.0,0.11480959244017949,2.0,0.859783337289352,0
P2240__1.0__0___797,26,5,t_8_16,225.0,0.25,0.125,0.1613755435802539,3.0,0.7905827292774988,0
P2240__1.0__0___797,27,5,t_8_16,210.0,0.25,0.25,0.1067525930838631,3.0,0.7676091428571462,0
P2240__1.0__0___797,28,5,t_8_16,190.0,0.0,0.09999999999999998,0.19480026736391956,3.0,0.7957389603799562,0
P2240__1.0__0___797,29,5,t_8_16,210.0,0.5,0.19999999999999996,0.011803765909221784,3.0,0.7332786124015637,0
P2240__1.0__0___797,30,5,t_8_16,153.0,0.25,0.33333333333333337,0.12481390375865523,2.0,0.8592536821046571,0
P2240__1.0__0___797,31,5,t_8_16,153.0,0.25,0.0,0.07841123751819891,3.0,0.7611015503325185,0
P2240__1.0__0___797,32,5,t_8_16,140.0,0.25,0.0,0.06378384586858186,3.0,0.6423738353697651,0
P2240__1.0__0___797,33,5,t_8_16,187.0,0.25,0.08333333333333337,0.06915476297235519,3.0,0.7774165117616542,0
P2240__1.0__0___797,34,5,t_8_16,133.0,0.5,0.0,0.08814724643738649,5.0,0.7489039258037126,0
P2240__1.0__0___797,35,5,t_8_16,231.0,0.5,0.0625,0.008350519652193883,3.0,0.8026443809523753,0
P2240__1.0__0___797,36,5,t_8_16,231.0,0.5,0.125,0.061532164309915933,4.0,0.7826144509934125,0
P2240__1.0__0___797,37,5,t_8_16,168.0,0.25,0.08333333333333337,0.00643029742345619,2.0,0.8376745992494352,0
P2240__1.0__0___797,38,5,t_8_16,190.00115966796875,0.25,0.0,0.31904289472112124,3.0,0.8009263402862178,0
P2240__1.0__0___797,39,5,t_8_16,189.0,0.5,0.26249999999999996,0.2687638420772146,3.0,0.8512945028332004,0
P2240__1.0__0___797,40,5,t_8_16,171.0,0.25,0.33333333333333337,0.14799630756357765,2.0,0.8692288824075629,0
P2240__1.0__0___797,41,5,t_8_16,198.00106811337173,0.5,0.0,0.051255475086190855,4.0,0.8897970871046172,0
P2240__1.0__0___797,42,5,t_8_16,159.999755859375,0.5,0.14583333333333337,0.08821911834979228,3.0,0.9427938708840936,0
P2240__1.0__0___797,43,5,t_8_16,143.999755859375,0.5,0.16666666666666674,0.023031969518096135,3.0,0.8431176412891046,0
P2240__1.0__0___797,44,5,t_8_16,180.0,0.75,0.2767857142857143,0.010659110866550168,4.0,0.8356552999999994,0
P2240__1.0__0___797,45,5,t_8_16,190.0,0.3333333333333333,0.0,0.1977952160949135,3.0,0.7336191502957886,0
P2240__1.0__0___797,46,5,t_8_16,231.0,0.0,0.0625,0.27565814097572755,3.0,0.7647703562112856,0
P2240__1.0__0___797,47,5,t_8_16,168.0,0.25,0.29166666666666663,0.05944078720140734,3.0,0.7907382997770468,0
P2240__1.0__0___797,48,5,t_8_16,228.0,0.0,0.08333333333333337,0.18489097792123504,3.0,0.7544003424635642,0
P2240__1.0__0___797,49,5,t_8_16,119.0,0.5,0.0,0.08388256109697244,5.0,0.7463558535627915,0
P2240__1.0__0___797,50,5,t_8_16,200.0,0.5,0.08333333333333337,0.09467523213712964,3.0,0.954433939785431,0
P2240__1.0__0___797,51,5,t_8_16,180.0,0.25,0.0,0.0038858238309031814,2.0,0.8175088306909747,0
P2240__1.0__0___797,52,5,s_16_32,264.0,0.25,0.0625,0.20581059003632182,3.0,0.7647115151515106,0
P2240__1.0__0___797,53,5,t_8_16,162.0,1.0,0.26249999999999996,0.16962323428507786,3.0,0.8747913534757813,0
P2240__1.0__0___797,54,5,t_8_16,216.0,0.0,0.0,0.03690344488506976,2.0,0.7539197470199118,0
P2240__1.0__0___797,56,5,t_8_16,195.99994659423828,0.3333333333333333,0.125,0.08274789706268695,5.0,0.8192716361280811,0
P2271__1.0__2400___1800,0,5,t_8_16,81.0000171661377,0.25,0.25,,1.0,0.6854565186908119,0
P2271__1.0__2400___1800,12,5,t_8_16,77.0,0.0,0.25,,1.0,0.7611018343514794,0
P2271__1.0__2400___1800,15,5,t_8_16,90.00001907348633,0.25,0.125,0.33443530803213706,2.0,0.70165042798297,0
P2271__1.0__2400___1800,16,5,t_8_16,81.0,0.25,0.125,,1.0,0.840667086159342,0
P2271__1.0__2400___1800,17,5,t_8_16,110.0,0.5,0.33333333333333337,0.6258836071791957,2.0,0.7324814881734646,0
P2271__1.0__2400___1800,18,5,t_8_16,81.0,0.25,0.16666666666666674,0.8099979186044521,2.0,0.8060994064017444,0
P2271__1.0__2400___1800,19,5,t_8_16,100.0,0.75,0.16666666666666674,0.09033884239382091,3.0,0.8724793107834622,0
P2271__1.0__2400___1800,20,5,t_8_16,70.0,0.5,0.4375,0.5549800267489955,3.0,0.6763275147471683,0
P2271__1.0__2400___1800,21,5,t_8_16,110.0,0.5,0.16666666666666674,0.5431979463799648,3.0,0.7190210847031624,0
P2481__1.0__1200___0,0,5,t_8_16,88.0,0.0,0.125,,1.0,0.8541552117777365,0
P2481__1.0__1200___0,1,5,t_8_16,112.0,0.5,0.08333333333333337,0.06822812092080492,3.0,0.6795633928571528,0
P2481__1.0__1200___0,3,5,t_8_16,112.00048828125,0.75,0.18452380952380953,0.0004927463059160689,5.0,0.690791964285713,0
P2481__1.0__1200___0,4,5,t_8_16,110.0,0.0,0.125,,1.0,0.8299880016247989,0
P2481__1.0__1200___0,5,5,t_8_16,112.0,0.0,0.25,,1.0,0.8837471945440466,0
P2481__1.0__1200___0,6,5,t_8_16,84.0,0.5,0.125,0.0017598656436583703,2.0,0.6490837331620655,0
P2481__1.0__1200___0,8,5,t_8_16,70.00042724609375,0.0,0.0,0.9999999988516927,1.0,0.7698519572961531,0
P2481__1.0__1200___0,9,5,t_8_16,89.99984741210938,0.25,0.125,0.2523140248073623,2.0,0.7592927727021302,0
P2481__1.0__1200___0,12,5,t_8_16,70.0,0.5,0.25,0.14634587787368117,2.0,0.7452551970085258,0
P2481__1.0__1200___0,13,5,t_8_16,66.0,0.0,0.16666666666666674,,1.0,0.8720640909090925,0
P2481__1.0__1200___0,15,5,t_8_16,117.0,0.25,0.08333333333333337,0.09459192440321496,3.0,0.6946799726756775,0
P2481__1.0__1200___0,16,5,t_8_16,78.00009155273438,0.25,0.1875,0.01620505430500354,4.0,0.6961220191487204,0
P2481__1.0__1200___0,19,5,t_8_16,136.0,0.25,0.20833333333333337,0.06405013332218637,2.0,0.5682204117647033,0
P2481__1.0__1200___0,21,5,t_8_16,80.0,0.0,0.0,,1.0,0.648319816132065,0
P2481__1.0__1200___0,22,5,t_8_16,162.0,0.5,0.16666666666666674,0.016388580120245442,3.0,0.7804754596274576,0
P2481__1.0__1200___0,25,5,t_8_16,72.0,0.0,0.0,,1.0,0.6955475156212725,0
P2481__1.0__1200___0,26,5,t_8_16,195.00039672851562,0.25,0.15000000000000002,0.009569265195913711,4.0,0.858562092307696,0
P2481__1.0__1200___0,28,5,t_8_16,70.0,0.25,0.0,0.10921861075855444,5.0,0.6867399535955794,0
P2481__1.0__1200___0,29,5,t_8_16,72.0,0.25,0.5,,1.0,0.6396183541725166,0
P2481__1.0__1200___0,31,5,t_8_16,126.0,0.5,0.1333333333333333,0.005545005150251543,5.0,0.7433457043166812,0
P2481__1.0__1200___0,32,5,t_8_16,84.0,0.0,0.0,,1.0,0.8472668571428623,0
P2481__1.0__1200___0,33,5,t_8_16,84.0,0.0,0.09999999999999998,0.04693120945704191,3.0,0.699956380952381,0
P2481__1.0__1200___0,36,5,t_8_16,119.99969482421875,0.25,0.0,0.618601054944282,2.0,0.6742999888720659,0
P2481__1.0__1200___0,37,5,t_8_16,121.0,0.0,0.125,0.8946185964788691,2.0,0.7792529171695739,0
P2481__1.0__1200___0,38,5,t_8_16,110.00097656436265,0.25,0.0,0.9589944449500865,0.0,0.5700008058494557,0
P2481__1.0__1200___0,39,5,t_8_16,70.0,0.25,0.125,0.24759110190462272,3.0,0.8341411480607843,0
P2523__1.0__991___0,0,5,t_8_16,130.0,0.25,0.29166666666666674,0.28469432212898926,3.0,0.5692409461538441,0
P2523__1.0__991___0,1,5,t_8_16,240.0,0.25,0.09999999999999998,0.21288601241534297,5.0,0.6240734624999996,0
P2523__1.0__991___0,2,5,t_8_16,240.0,0.25,0.22499999999999998,0.20877108438644842,3.0,0.5926269946599309,0
P2523__1.0__991___0,3,5,s_16_32,260.0,0.25,0.125,0.025878271007484122,5.0,0.5160537692307694,0
P2523__1.0__991___0,4,5,s_16_32,286.0,0.0,0.16249999999999998,0.039233324710018745,3.0,0.44702587412587474,1
P2523__1.0__991___0,5,5,t_8_16,210.00030517578125,0.25,0.16249999999999998,0.21066695707810912,3.0,0.6910982807262701,0
P2523__1.0__991___0,6,5,s_16_32,260.0,0.25,0.1696428571428572,0.33558549170915747,4.0,0.7070990615384628,0
P2523__1.0__991___0,7,5,t_8_16,219.99969482421875,0.75,0.08333333333333337,0.13075007086118062,6.0,0.6338699590909087,0
P2523__1.0__991___0,8,5,t_8_16,150.0,0.25,0.18333333333333335,0.13153810843240082,3.0,0.5369828533333332,0
P2523__1.0__991___0,9,5,t_8_16,228.0,0.25,0.0625,0.07848988442076783,3.0,0.5872433552631569,0
P2523__1.0__991___0,10,5,t_8_16,140.0,0.0,0.16666666666666674,0.31867571306053155,3.0,0.5719233857142836,0
P2523__1.0__991___0,11,5,t_8_16,228.0,0.25,0.14583333333333337,0.22166743424700994,4.0,0.49179207894736965,1
P2523__1.0__991___0,12,5,t_8_16,198.0,0.25,0.08333333333333337,0.0750282825369262,3.0,0.0,1
P2523__1.0__991___0,13,5,t_8_16,130.0,0.0,0.0,0.8773016111531515,2.0,0.31039987692307647,1
P2523__1.0__991___0,14,5,t_8_16,180.0,0.0,0.0,0.8830449712057592,3.0,0.08746237121764232,1
P2523__1.0__991___0,15,5,t_8_16,240.0,0.5,0.1696428571428572,0.3305726743236671,4.0,0.6362640999999999,0
P2523__1.0__991___0,16,5,t_8_16,209.00007247924805,0.25,0.09999999999999998,0.6145374615055728,3.0,0.44891723923444965,1
P2523__1.0__991___0,17,5,t_8_16,188.9999599456787,0.0,0.0625,0.8869555812894343,3.0,0.4350513068783066,1
P2523__1.0__991___0,18,5,t_8_16,162.0,0.25,0.19999999999999996,0.5586281582635548,3.0,0.6199681481481477,0
P2523__1.0__991___0,19,5,t_8_16,208.99997901916504,0.25,0.16666666666666674,0.1624004097445348,2.0,0.5977223636363644,0
P2523__1.0__991___0,20,5,t_8_16,159.999755859375,0.25,0.14583333333333337,0.17344889405807826,3.0,0.5112982875000005,0
P2523__1.0__991___0,21,5,t_8_16,230.0,0.0,0.050000000000000044,0.7812121130331466,4.0,0.33882156521739115,1
P2523__1.0__991___0,22,5,t_8_16,131.99932861328125,0.0,0.125,,1.0,0.48249743181818244,1
P2523__1.0__991___0,23,5,t_8_16,171.0,0.0,0.0,0.4504436885174967,2.0,0.6329510356230507,0
P2523__1.0__991___0,24,5,t_8_16,176.0,0.25,0.3125,0.5128903608092745,4.0,0.3643001627889323,1
P2523__1.0__991___0,25,5,t_8_16,188.9999656677246,0.5,0.1875,0.0561831704007155,3.0,0.6991549834182742,0
P2523__1.0__991___0,26,5,t_8_16,180.0,0.5,0.16666666666666674,0.06563125394549373,2.0,0.6929931944444409,0
P2523__1.0__991___0,27,5,t_8_16,247.00115966796875,0.25,0.16666666666666663,0.32692307340359134,6.0,0.6004876032388655,0
P2523__1.0__991___0,28,5,t_8_16,198.0,0.0,0.16666666666666674,0.3876184991821813,2.0,0.49556206565656713,1
P2523__1.0__991___0,29,5,t_8_16,198.0,0.75,0.20833333333333337,0.08153922627046196,4.0,0.8057318181818166,0
P2523__1.0__991___0,30,5,t_8_16,208.99884033203125,0.25,0.16249999999999998,0.13481799957752633,3.0,0.5674953779904331,0
P2523__1.0__991___0,31,5,s_16_32,276.0,0.25,0.08333333333333337,0.07504236007466149,6.0,0.45396618115941917,1
P2523__1.0__991___0,32,5,t_8_16,180.0,0.0,0.08333333333333337,0.708487197921964,2.0,0.6072674461761601,0
P2523__1.0__991___0,33,5,t_8_16,143.0,0.25,0.08333333333333337,0.46705516266582886,2.0,0.6048798391608387,0
P2523__1.0__991___0,34,5,s_16_32,340.0,0.0,0.125,0.042978977207083775,6.0,0.563994211764705,0
P2523__1.0__991___0,35,5,t_8_16,104.000244140625,0.75,0.75,,0.0,0.5859760428033581,0
P2523__1.0__991___0,36,5,t_8_16,84.0,0.25,0.25,0.750928964233336,2.0,0.0,1
P2523__1.0__991___0,37,5,t_8_16,77.0,0.5,0.16666666666666674,0.005559208129347668,3.0,0.0,1
P2523__1.0__991___0,38,5,t_8_16,147.00016021728516,0.25,0.17500000000000004,0.39655948341271874,5.0,0.6292819251301098,0
P2523__1.0__991___0,39,5,t_8_16,220.0,0.25,0.125,0.2436886715432457,4.0,0.6901747999999999,0
P2523__1.0__991___0,40,5,t_8_16,184.0,0.25,0.25,0.9906714183519016,2.0,0.24443489391771847,1
P2523__1.0__991___0,41,5,t_8_16,189.0000400543213,0.0,0.08333333333333337,0.8274333353630585,3.0,0.46989848677248675,1
P2523__1.0__991___0,42,5,t_8_16,220.00004577635264,0.25,0.050000000000000044,0.019753952583197953,4.0,0.5970807727272723,0
P2523__1.0__991___0,43,5,t_8_16,176.0,0.25,0.125,0.07258879753099744,4.0,0.66154190909091,0
P2523__1.0__991___0,44,5,t_8_16,198.0,0.0,0.20833333333333337,0.9765350362453109,3.0,0.37711154489096005,1
P2523__1.0__991___0,45,5,t_8_16,99.0,0.25,0.25,,1.0,0.5629233131313134,0
P2523__1.0__991___0,46,5,t_8_16,204.0,0.0,0.22499999999999998,0.04999466179816459,5.0,0.6760658333333331,0
P2523__1.0__991___0,47,5,t_8_16,224.0,0.5,0.125,0.24579893819757817,4.0,0.6894744285714295,0
P2523__1.0__991___0,48,5,t_8_16,252.0,0.5,0.0714285714285714,0.0771030653829977,7.0,0.7037113888888892,0
P2523__1.0__991___0,49,5,t_8_16,169.99948120117188,0.0,0.0625,0.23287522783809356,3.0,0.6027055411764691,0
P2523__1.0__991___0,50,5,s_16_32,273.0,0.0,0.09999999999999998,0.13166137783041398,4.0,0.5851126153846151,0
P2523__1.0__991___0,51,5,t_8_16,239.9993896484375,0.0,0.10000000000000009,0.20047864955743655,5.0,0.48231476250000066,1
P2523__1.0__991___0,52,5,t_8_16,162.0,0.25,0.08333333333333337,0.2485378190259144,3.0,0.5570917886914696,0
P2523__1.0__991___0,53,5,t_8_16,179.99969482421875,0.25,0.19999999999999996,0.1042338721513667,5.0,0.7178471999999999,0
P2523__1.0__991___0,54,5,t_8_16,219.99966430664062,0.25,0.5,0.5461743019035176,0.0,0.5418871727030611,0
P2523__1.0__991___0,55,5,t_8_16,179.99969482421875,0.0,0.08333333333333337,0.44411582955528606,3.0,0.4915119266964764,1
P2523__1.0__991___0,56,5,s_16_32,286.0,0.0,0.0357142857142857,0.07917543741505545,6.0,0.45013329720279943,1
P2523__1.0__991___0,57,5,t_8_16,152.0,0.5,0.33333333333333337,,1.0,0.622731481632037,0
P2523__1.0__991___0,58,5,t_8_16,242.0,0.25,0.11250000000000004,0.04046594807172084,4.0,0.6069586983471046,0
P2523__1.0__991___0,59,5,t_8_16,140.0008544921875,0.0,0.25,0.3779933103937913,4.0,0.3943683000000004,1
P2523__1.0__991___0,60,5,t_8_16,108.000732421875,0.5,0.25,0.10591442843967686,2.0,0.5050962823309173,0
P2644__1.0__3000___1800,0,5,t_8_16,128.0,0.5,0.5,,0.0,0.8467981193322256,0
P2644__1.0__3000___1800,1,5,t_8_16,119.99951171875,0.25,0.375,0.9997749772202876,2.0,0.06375782951311552,1
P2644__1.0__3000___1800,2,5,t_8_16,143.99993133544922,0.0,0.20833333333333337,0.36696149044437176,2.0,0.7126782569444485,0
P2644__1.0__3000___1800,3,2,s_16_32,910.0,0.0,0.0,0.16749120824738298,10.0,0.0,1
P2644__1.0__3000___1800,4,2,s_16_32,928.0,0.25,0.0,0.057830172968933675,10.0,0.7622500443080574,0
P2644__1.0__3000___1800,5,5,t_8_16,130.0,0.0,0.0,0.9999997860421035,1.0,0.7034029882568965,0
P2644__1.0__3000___1800,6,5,t_8_16,117.0,0.25,0.08333333333333337,0.16859281026109763,2.0,0.7489810164935826,0
P2644__1.0__3000___1800,7,5,t_8_16,126.0,0.5,0.25,,1.0,0.7114951031746087,0
P2644__1.0__3000___1800,8,5,t_8_16,175.9990234375,0.25,0.125,0.22667336460343152,2.0,0.6802893125000028,0
P2644__1.0__3000___1800,9,5,t_8_16,140.0008544921875,0.25,0.125,0.4383270301193174,2.0,0.7223352599446211,0
P2644__1.0__3000___1800,10,5,t_8_16,154.0,0.0,0.0,0.999995022719408,1.0,0.7082655000000039,0
P2644__1.0__3000___1800,11,5,t_8_16,140.0,0.5,0.16666666666666674,0.05929675262362035,3.0,0.6908125714285741,0
P2644__1.0__3000___1800,12,5,t_8_16,135.0,0.0,0.20833333333333337,0.7589999881491332,2.0,0.7578594444444515,0
P2644__1.0__3000___1800,13,5,t_8_16,130.0,0.0,0.25,,1.0,0.8045978769230847,0
P2644__1.0__3000___1800,14,5,t_8_16,150.0,0.5,0.375,0.9999743369632008,1.0,0.733457174782608,0
P2644__1.0__3000___1800,15,5,t_8_16,108.000732421875,0.25,0.25,0.9996629993229518,1.0,0.7256212222321953,0
P2644__1.0__3000___1800,16,5,t_8_16,110.0,0.0,0.125,0.8364088926689867,2.0,0.8018271269102651,0
P2644__1.0__3000___1800,17,5,t_8_16,99.0,0.25,0.08333333333333337,0.6409845222403929,2.0,0.7982757528324104,0
P2644__1.0__3000___1800,18,5,t_8_16,103.99920654296875,0.0,0.16666666666666674,0.9972067816306349,3.0,0.663349325071584,0
P2644__1.0__3000___1800,19,5,t_8_16,84.0,0.5,0.125,0.3079586441944188,2.0,0.7612447232683318,0
P2644__1.0__3000___1800,20,5,t_8_16,72.0,0.5,0.08333333333333337,0.0794255252654107,3.0,0.7201574301048113,0
P2644__1.0__3000___1800,21,5,t_8_16,84.0,0.0,0.0,0.9998899966822298,1.0,0.6320212203782611,0
P2644__1.0__3000___1800,22,5,t_8_16,108.0,0.5,0.125,0.04868928761152389,2.0,0.7895978413344101,0
P2644__1.0__3000___1800,23,5,t_8_16,165.0,0.0,0.16666666666666674,0.9998395980493799,1.0,0.7290932727272691,0
P2644__1.0__3000___1800,24,5,t_8_16,120.0,0.5,0.0,0.12594016593874813,2.0,0.7217277732379838,0
P2644__1.0__3000___1800,25,5,t_8_16,117.0,0.25,0.16666666666666674,0.22331513040312453,2.0,0.8393470259654674,0
P2644__1.0__3000___1800,26,5,t_8_16,104.0,0.5,0.25,,0.0,0.8506809200065827,0
P2644__1.0__3000___1800,27,5,t_8_16,84.0,0.25,0.08333333333333337,0.09701717906592086,3.0,0.7069783476098073,0
P2644__1.0__3000___1800,28,5,t_8_16,104.0,0.75,0.16666666666666674,0.19635731329116074,3.0,0.8757052753030556,0
P2644__1.0__3000___1800,29,5,t_8_16,112.0,0.25,0.25,0.09910955021948706,2.0,0.8267379081620401,0
P2644__1.0__3000___1800,30,5,t_8_16,84.0,0.0,0.25,0.9999781074023057,1.0,0.7580795038853959,0
P2644__1.0__3000___1800,33,5,t_8_16,99.0,0.0,0.0,0.3462658333791738,2.0,0.6852237575757559,0
P2644__1.0__3000___1800,34,5,t_8_16,90.0,0.0,0.0,,1.0,0.7875703897843878,0
P2644__1.0__3000___1800,35,5,t_8_16,70.0,0.3333333333333333,0.0,0.05795905827761386,2.0,0.7613927498311438,0
P2644__1.0__3000___1800,36,5,t_8_16,88.0,0.5,0.5,,1.0,0.7933778335311301,0
P2644__1.0__3000___1800,37,5,t_8_16,130.0,0.25,0.08333333333333337,0.03032482384566971,3.0,0.7928118000000001,0
P2644__1.0__3000___1800,38,5,t_8_16,167.9991455078125,0.0,0.125,0.9992997550862609,1.0,0.5397745826825345,0
P2644__1.0__3000___1800,39,5,t_8_16,117.0,0.5,0.0,0.30696129599155186,3.0,0.8566298256139574,0
P2644__1.0__3000___1800,40,5,t_8_16,66.0,0.0,0.0,0.9999999999806287,1.0,0.7213954095686369,0
P2644__1.0__3000___1800,41,5,t_8_16,66.0,0.0,0.125,0.9999934659690601,2.0,0.6791023531851936,0
P2644__1.0__3000___1800,42,5,t_8_16,96.0,0.25,0.25,0.9999972965604855,1.0,0.8940573673605015,0
P2644__1.0__3000___1800,43,5,t_8_16,99.0,0.0,0.25,0.990122218805317,2.0,0.7304347611753923,0
P2644__1.0__3000___1800,44,5,t_8_16,96.0,0.0,0.25,0.9938421323768176,1.0,0.7856558821931098,0
P2644__1.0__3000___1800,45,5,t_8_16,70.0,0.0,0.0,0.33687424735207155,2.0,0.48944516416885525,1
P2644__1.0__3000___1800,46,5,t_8_16,108.0,0.0,0.0,0.9999598731329702,1.0,0.7978687400145973,0
P2644__1.0__3000___1800,47,5,t_8_16,90.0,0.0,0.0,0.9999700584003979,1.0,0.766854363401324,0
P2644__1.0__3000___1800,49,5,t_8_16,88.0,0.5,0.25,,0.0,0.6611472377524755,0
P2644__1.0__3000___1800,51,5,t_8_16,103.99993896484375,0.25,0.0,0.5251307871565268,2.0,0.8868261959978674,0
P2644__1.0__3000___1800,52,5,t_8_16,99.0,0.0,0.0,,1.0,0.7322163899355618,0
P2644__1.0__3000___1800,53,5,t_8_16,108.0,0.25,0.25,,1.0,0.7805048290810803,0
P2644__1.0__3000___1800,54,5,t_8_16,70.0,0.5,0.125,0.9990150905811184,1.0,0.670788346173003,0
P2644__1.0__3000___1800,55,5,t_8_16,87.9998779296875,0.25,0.125,0.3588266406477202,2.0,0.8280239979796966,0
P2644__1.0__3000___1800,56,5,t_8_16,126.0,0.25,0.08333333333333337,0.3763393688421446,3.0,0.8658633173095974,0
P2644__1.0__3000___1800,57,5,t_8_16,95.9996337890625,0.0,0.125,0.5097313913259778,2.0,0.8667985726355972,0
P2644__1.0__3000___1800,58,5,t_8_16,150.0,0.25,0.08333333333333337,0.2444778444846975,2.0,0.7264746358141888,0
P2644__1.0__3000___1800,59,5,t_8_16,140.0,0.0,0.125,,1.0,0.7157184191419459,0
P2644__1.0__3000___1800,60,5,t_8_16,140.0,0.25,0.125,,1.0,0.8134942236022072,0
P2644__1.0__3000___1800,61,5,t_8_16,96.0,0.25,0.125,0.19876248046422146,2.0,0.78027478219346,0
P2644__1.0__3000___1800,62,5,t_8_16,130.0,0.0,0.29166666666666674,0.553029268522256,2.0,0.8490043285753933,0
P2644__1.0__3000___1800,63,5,t_8_16,96.0,0.25,0.25,,1.0,0.7603464161820662,0
P2644__1.0__3000___1800,64,5,t_8_16,96.0,0.0,0.0,0.9992046403670195,1.0,0.6010807115305897,0
P2644__1.0__3000___1800,65,5,t_8_16,110.0,0.25,0.125,0.4539781974926319,2.0,0.7045970372660146,0
P2644__1.0__3000___1800,66,5,t_8_16,108.0,0.25,0.0,,0.0,0.8003914048723505,0
P2644__1.0__3000___1800,67,5,t_8_16,130.0,0.5,0.0,0.036598326007085596,2.0,0.780528000000003,0
P2644__1.0__3000___1800,68,5,t_8_16,140.0,0.25,0.08333333333333337,0.5477866452482292,2.0,0.7511227101931182,0
P2644__1.0__3000___1800,69,5,t_8_16,88.0,0.25,0.16666666666666674,0.989397151339332,3.0,0.8626296997365965,0
P2644__1.0__3000___1800,70,5,t_8_16,104.0,0.75,0.75,,0.0,0.7767455193259195,0
P2644__1.0__3000___1800,71,5,t_8_16,160.0,0.0,0.125,0.7859426640838099,2.0,0.6892893000000004,0
P2644__1.0__3000___1800,72,5,t_8_16,180.0,0.5,0.08333333333333337,0.23269484353625478,2.0,0.75960013774731,0
P2644__1.0__3000___1800,73,5,t_8_16,105.0,0.0,0.0,0.43151339836650754,2.0,0.7040462524946174,0
P2644__1.0__3000___1800,74,5,t_8_16,149.99954223632812,0.0,0.08333333333333337,0.3819985380370818,2.0,0.6981390000000005,0
P2644__1.0__3000___1800,75,5,t_8_16,117.0,0.0,0.0,,0.0,0.7514618651005541,0
P2644__1.0__3000___1800,76,5,t_8_16,77.0,0.25,0.27083333333333337,0.30467118496146883,3.0,0.6843238309671887,0
P2644__1.0__3000___1800,77,5,t_8_16,88.0,0.25,0.25,,0.0,0.819856115169718,0
P2644__1.0__3000___1800,78,5,t_8_16,96.0,0.25,0.25,,1.0,0.7145298921819166,0
P2644__1.0__3000___1800,79,5,t_8_16,126.00042724609375,0.0,0.0,0.012548206591676275,2.0,0.7836541634884373,0
P2644__1.0__3000___1800,80,5,t_8_16,108.0,0.0,0.0,,1.0,0.7607201241633855,0
P2644__1.0__3000___1800,82,5,t_8_16,84.0,0.5,0.29166666666666674,0.08564748590372574,3.0,0.6877530048010634,0
P2644__1.0__3000___1800,83,5,t_8_16,95.99993896484375,0.25,0.125,,1.0,0.688750492953745,0
P2644__1.0__3000___1800,84,5,t_8_16,96.0,0.25,0.125,,1.0,0.7699498442890028,0
P2644__1.0__3000___1800,85,5,t_8_16,104.00018310546875,0.25,0.0,0.32343541556938377,2.0,0.5945569881857734,0
P2644__1.0__3000___1800,86,5,t_8_16,88.0,0.25,0.125,0.3585592596223922,2.0,0.856328439098808,0
P2644__1.0__3000___1800,87,5,t_8_16,117.0,0.25,0.125,0.6056771629555203,2.0,0.7957368888888877,0
P2644__1.0__3000___1800,89,5,t_8_16,126.0,0.0,0.08333333333333337,0.18390130071910832,2.0,0.659893262980958,0
P2644__1.0__3000___1800,90,5,t_8_16,88.0,0.0,0.125,0.9995626279546898,2.0,0.5838100668943973,0
P2644__1.0__3000___1800,91,5,t_8_16,104.0,0.25,0.25,,1.0,0.750766206135354,0
P2644__1.0__3000___1800,92,5,t_8_16,112.0,0.25,0.0,0.42006305658376775,2.0,0.7645015089192551,0
P2644__1.0__3000___1800,93,5,t_8_16,117.0,0.0,0.0,,1.0,0.8712767808182089,0
P2644__1.0__3000___1800,94,5,t_8_16,117.0,0.0,0.0,0.9999986289688549,1.0,0.670775679429257,0
P2644__1.0__3000___1800,95,5,t_8_16,99.00033569335938,0.5,0.25,0.34463934978333205,3.0,0.7859412401775517,0
P2644__1.0__3000___1800,96,5,t_8_16,126.0,0.0,0.125,0.9999999999723291,1.0,0.7575589505663184,0
P2644__1.0__3000___1800,97,5,t_8_16,130.00030517578125,0.25,0.08333333333333337,0.2121863290334376,2.0,0.6774716182368111,0
P2644__1.0__3000___1800,98,5,t_8_16,96.0,0.25,0.0,,0.0,0.717416381640797,0
P2644__1.0__3000___1800,99,5,t_8_16,99.0,0.5,0.125,0.17108345751641174,2.0,0.8578249922652091,0
P2644__1.0__3000___1800,100,5,t_8_16,104.0,0.0,0.125,0.41269638287144694,2.0,0.7964813777263521,0
P2644__1.0__3000___1800,101,5,t_8_16,80.00006103515625,0.0,0.0,0.9999999998840524,1.0,0.7805061562910893,0
P2644__1.0__3000___1800,102,5,t_8_16,95.99993896484375,0.25,0.25,,1.0,0.8662160439675917,0
P2644__1.0__3000___1800,103,5,t_8_16,88.0,0.0,0.125,,1.0,0.8207289203268454,0
P2644__1.0__3000___1800,104,5,t_8_16,88.0,0.25,0.375,,1.0,0.7229285235074188,0
P2644__1.0__3000___1800,105,5,t_8_16,104.0,0.25,0.08333333333333337,0.1201816173269188,3.0,0.6346615768551188,0
P2644__1.0__3000___1800,106,5,t_8_16,88.0,0.25,0.25,,1.0,0.6261393883596276,0
P2644__1.0__3000___1800,107,5,t_8_16,120.000732421875,0.25,0.0,0.3394465920398894,2.0,0.7450681468799583,0
P2644__1.0__3000___1800,108,5,t_8_16,126.00056457566097,0.5,0.08333333333333337,0.05169427426360676,2.0,0.8084927233679582,0
P2644__1.0__3000___1800,109,5,t_8_16,95.9996337890625,0.0,0.0,0.9924795959104225,2.0,0.8822198849436073,0
P2644__1.0__3000___1800,110,5,t_8_16,140.0,0.25,0.2500000000000001,0.11710099748090927,3.0,0.7063908810436729,0
P2644__1.0__3000___1800,111,5,t_8_16,140.00015258789062,0.25,0.25,,1.0,0.7467009816708493,0
P2644__1.0__3000___1800,112,5,t_8_16,95.9998779296875,0.0,0.0,,1.0,0.8114642493170158,0
P2644__1.0__3000___1800,113,5,t_8_16,130.0,0.5,0.16666666666666674,0.03800416169113873,3.0,0.8047222650621559,0
P2644__1.0__3000___1800,114,5,t_8_16,126.0,0.0,0.0,0.9999997285341676,1.0,0.7625927927936003,0
P2644__1.0__3000___1800,115,5,t_8_16,96.0,0.0,0.125,,1.0,0.8361060810841184,0
P2644__1.0__3000___1800,116,5,t_8_16,96.0,0.25,0.25,0.9996294800287727,2.0,0.8226588209694911,0
P2644__1.0__3000___1800,117,5,t_8_16,126.0,0.25,0.25,0.9999999978763344,1.0,0.8081812829465911,0
P2644__1.0__3000___1800,118,5,t_8_16,120.0,0.0,0.125,0.9983594641240175,2.0,0.8264223675310544,0
P2644__1.0__3000___1800,119,5,t_8_16,140.0,0.5,0.16666666666666674,0.02811462320892262,3.0,0.8514353457613432,0
P2644__1.0__3000___1800,120,5,t_8_16,88.0,0.25,0.25,,1.0,0.6793943278848364,0
P2644__1.0__3000___1800,121,5,t_8_16,240.0,0.5,0.15000000000000002,0.07478658347734964,5.0,0.8616577437110979,0
P2644__1.0__3000___1800,122,5,t_8_16,128.0,0.0,0.0,0.3270237156191278,2.0,0.7237581322346921,0
P2644__1.0__3000___1800,123,5,t_8_16,135.0,0.25,0.08333333333333337,0.6122125775854854,2.0,0.7818382798591856,0
P2644__1.0__3000___1800,124,5,t_8_16,130.0,0.0,0.0,0.1516091194610947,2.0,0.7001268207938682,0
P2644__1.0__3000___1800,125,5,t_8_16,135.00006866455078,0.0,0.08333333333333337,0.4326158460601013,2.0,0.6825028464309211,0
P2644__1.0__3000___1800,126,5,t_8_16,91.0,0.0,0.125,0.999998797157491,1.0,0.7692118600640807,0
P2644__1.0__3000___1800,127,5,t_8_16,140.0008544921875,0.5,0.09999999999999998,0.005984014738528381,5.0,0.7672836468571997,0
P2644__1.0__3000___1800,128,5,t_8_16,120.0,0.0,0.20833333333333337,0.1643327850282863,2.0,0.6392885571117413,0
P2644__1.0__3000___1800,129,5,t_8_16,104.00003051757812,0.0,0.125,,1.0,0.8288489814043746,0
P2644__1.0__3000___1800,130,5,t_8_16,140.0,0.25,0.16666666666666674,0.349642841795623,3.0,0.727678193322818,0
P2644__1.0__3000___1800,131,5,t_8_16,117.0,0.25,0.375,,1.0,0.49216189151213086,1
P2644__1.0__3000___1800,132,5,t_8_16,104.0,0.25,0.0,0.5541872054201566,2.0,0.7974778534549307,0
P2644__1.0__3000___1800,133,5,t_8_16,117.0,0.25,0.2833333333333333,0.45117004016490464,3.0,0.8093912818890042,0
P2644__1.0__3000___1800,134,5,t_8_16,130.0,0.25,0.25,0.5869625812837104,4.0,0.5987162956114618,0
P2644__1.0__3000___1800,135,5,t_8_16,72.0,0.25,0.375,0.6238066367291267,2.0,0.7013246800219085,0
P2644__1.0__3000___1800,136,5,t_8_16,150.0,0.25,0.14583333333333337,0.8140685460780436,3.0,0.7075502399999977,0
P2644__1.0__3000___1800,137,5,s_16_32,360.0,0.5,0.09999999999999998,0.000249839635280337,6.0,0.8027170175085443,0
P2644__1.0__3000___1800,138,5,t_8_16,97.99997329711914,0.0,0.16666666666666674,,1.0,0.8584273426938223,0
P2644__1.0__3000___1800,139,5,t_8_16,78.00018310546875,0.0,0.125,0.16354799540070453,2.0,0.7843935016877592,0
P2644__1.0__3000___1800,140,5,t_8_16,80.0,0.5,0.0,0.1861402093686993,2.0,0.6966746503431718,0
P2644__1.0__3000___1800,141,5,t_8_16,105.00019931790303,0.25,0.10000000000000009,0.4412475422956857,4.0,0.8043507720932677,0
P2680__1.0__1046___0,0,5,t_8_16,72.0,0.25,0.08333333333333337,0.13011290426876865,3.0,0.7810190932168031,0
P2680__1.0__1046___0,1,5,t_8_16,76.99983215332031,0.75,0.14583333333333337,0.29208556239819955,3.0,0.8468810875118856,0
P2680__1.0__1046___0,2,5,t_8_16,65.0,0.5,0.0,0.22932377689098626,4.0,0.7108091807784288,0
P2680__1.0__1046___0,3,5,t_8_16,72.0,0.5,0.08333333333333337,0.4093071740041028,2.0,0.787202687520048,0
P2680__1.0__1046___0,4,5,t_8_16,84.0,0.25,0.24583333333333335,0.03462936928186974,3.0,0.7457010714285617,0
P2680__1.0__1046___0,5,5,t_8_16,90.0,0.0,0.1416666666666666,0.43336608516716973,5.0,0.49554831037736985,1
P2680__1.0__1046___0,6,5,t_8_16,88.0,0.5,0.08333333333333337,0.13392017391915859,2.0,0.6964507087805455,0
P2680__1.0__1046___0,7,5,t_8_16,112.0,0.25,0.33333333333333337,0.1950502452056228,2.0,0.5973616964285734,0
P2680__1.0__1046___0,8,5,t_8_16,84.0,0.5,0.14583333333333337,0.2118464874766671,3.0,0.7607297346667936,0
P2680__1.0__1046___0,9,5,t_8_16,84.00004577636719,0.25,0.15000000000000002,0.23905402298917053,5.0,0.7074105357142886,0
P2680__1.0__1046___0,11,5,t_8_16,117.0,0.25,0.08333333333333337,0.06860822602008032,3.0,0.884547824551506,0
P2680__1.0__1046___0,12,5,t_8_16,84.0,0.25,0.125,0.3634448702661255,2.0,0.7895836418455926,0
P2680__1.0__1046___0,15,5,t_8_16,65.0,0.5,0.0,0.9939201479808017,0.0,0.02359058274075657,1
P2680__1.0__1046___0,16,5,t_8_16,72.0,0.75,0.16666666666666674,0.5931377347940902,3.0,0.6452339967436735,0
P2680__1.0__1046___0,17,5,t_8_16,72.0,0.25,0.08333333333333337,0.7770747472264207,2.0,0.7819602777777709,0
P2680__1.0__1046___0,18,5,t_8_16,72.0,0.5,0.375,,1.0,0.7378176281060062,0
P2680__1.0__1046___0,21,5,t_8_16,77.0,0.25,0.08333333333333337,0.22257587933121775,2.0,0.73802870711031,0
P2680__1.0__1046___0,22,5,t_8_16,70.0,0.5,0.125,0.12925766403528818,6.0,0.7849491141400357,0
P2680__1.0__1046___0,24,5,t_8_16,91.0,0.25,0.1875,0.06442388744038487,4.0,0.6500625278170152,0
P2680__1.0__1046___0,25,5,t_8_16,78.0,0.0,0.15000000000000002,0.06670694483081542,4.0,0.8358543216135479,0
P2680__1.0__1046___0,29,5,t_8_16,90.0,0.5,0.29166666666666674,0.2310085695876525,2.0,0.7067130973109014,0
P2680__1.0__1046___0,31,5,t_8_16,65.0,0.25,0.0,,0.0,0.0,1
P2680__1.0__1046___0,33,5,t_8_16,84.0,0.25,0.0625,0.17672431456101054,3.0,0.0,1
P2680__1.0__1046___0,34,5,t_8_16,78.0,0.0,0.0,,1.0,0.0,1
P2680__1.0__1046___0,37,5,t_8_16,84.0,0.5,0.1875,0.23976986568686454,4.0,0.7527865104315502,0
P2680__1.0__1046___0,38,5,t_8_16,80.0,0.0,0.0,,1.0,0.5893024788090934,0
P2680__1.0__1046___0,39,5,t_8_16,77.0,0.25,0.0,0.20234729830459747,3.0,0.7334396634682551,0
P2680__1.0__1046___0,42,5,t_8_16,66.0,0.25,0.19999999999999996,0.6548915283980141,5.0,0.41443486709279104,1
P2680__1.0__1046___0,43,5,t_8_16,66.00067138671875,0.5,0.09999999999999998,0.06393050932836897,3.0,0.627993963322083,0
P2680__1.0__1046___0,45,5,t_8_16,66.0,1.0,0.19999999999999996,0.06627043090593884,5.0,0.7850946980783614,0
P2680__1.0__1046___0,46,5,t_8_16,120.0,0.0,0.3125,0.7334228706725954,4.0,0.34468584396359103,1
P2680__1.0__1046___0,47,5,t_8_16,78.0,0.5,0.25,0.032841944834860484,2.0,0.6480006324126542,0
P2680__1.0__1046___0,48,5,t_8_16,88.0,0.25,0.125,,1.0,0.6770206390987622,0
P2680__1.0__1046___0,49,5,t_8_16,72.0,0.75,0.09999999999999998,0.43343449257733274,5.0,0.0,1
P2680__1.0__1046___0,50,5,t_8_16,72.0,0.5,0.125,0.010713713415670711,2.0,0.7020082449751207,0
P2680__1.0__1046___0,51,5,t_8_16,78.0003662109375,0.25,0.08333333333333337,0.5346940941882781,2.0,0.5599387155513654,0
P2680__1.0__1046___0,53,5,t_8_16,72.0,0.5,0.18333333333333335,0.1910681528425146,3.0,0.7204866111111055,0
P2680__1.0__1046___0,54,5,t_8_16,84.0,0.25,0.16249999999999998,0.5593315748149822,3.0,0.8795528531383181,0
P2680__1.0__1046___0,55,5,t_8_16,108.0,0.25,0.25,0.9998714620099225,1.0,0.7148958003061688,0
P2680__1.0__1046___0,56,5,t_8_16,130.0,0.0,0.25,,1.0,0.5426499076923139,0
P2680__1.0__1046___0,57,5,t_8_16,156.0,0.0,0.15000000000000002,0.07682142632066878,3.0,0.7741082216620935,0
P2680__1.0__1046___0,59,5,t_8_16,72.0,0.75,0.16666666666666674,0.18069598969808676,3.0,0.8371149045598605,0
P2680__1.0__1046___0,60,5,t_8_16,77.0,0.25,0.09999999999999998,0.3456644750895891,5.0,0.5937575324675275,0
P2680__1.0__1046___0,61,5,t_8_16,72.0,0.5,0.0,0.018282020531830784,4.0,0.72285420833333,0
P2680__1.0__1046___0,62,5,t_8_16,112.0,0.5,0.5,,0.0,0.648397937500009,0
P2680__1.0__1046___0,63,5,t_8_16,66.0,0.5,0.08333333333333337,0.002621508005725515,3.0,0.7650490084088524,0
P2680__1.0__1046___0,64,5,t_8_16,66.0,0.25,0.0,0.44738988016964365,2.0,0.08302583462932481,1
P2680__1.0__1046___0,67,5,t_8_16,70.0,0.0,0.16666666666666674,0.7954826814959175,3.0,0.6231634255040704,0
P2680__1.0__1046___0,68,5,t_8_16,66.0,0.25,0.14583333333333337,0.2575469627072579,3.0,0.6862081065899921,0
P2680__1.0__1046___0,69,5,t_8_16,72.0,0.5,0.0,0.11344397022290613,4.0,0.817790666666661,0
P2680__1.0__1046___0,70,5,t_8_16,72.0,0.5,0.08333333333333337,0.13249196864113308,3.0,0.8391112781772586,0
P2680__1.0__1046___0,71,5,t_8_16,98.0,0.25,0.1499999999999999,0.2019118563793105,5.0,0.6362448979591862,0
P2680__1.0__1046___0,72,5,t_8_16,104.0,0.25,0.29166666666666674,0.5997884661995398,2.0,0.5908956029435786,0
P2680__1.0__1046___0,73,5,t_8_16,91.0,0.25,0.125,0.14967307204716987,3.0,0.5685130570165693,0
P2680__1.0__1046___0,74,5,t_8_16,65.0,0.5,0.22499999999999998,0.24969681817950976,4.0,0.7849503767643032,0
P2680__1.0__1046___0,76,5,t_8_16,96.0,0.25,0.25,,1.0,0.6077002223693649,0
P2680__1.0__1046___0,77,5,t_8_16,98.0,0.75,0.0,0.03831080665461024,5.0,0.7563462667690489,0
P2680__1.0__1046___0,79,5,t_8_16,71.9996337890625,0.5,0.25,0.01762738159379547,2.0,0.6480452802489812,0
P2680__1.0__1046___0,80,5,t_8_16,104.0,0.5,0.125,0.11002423612683535,2.0,0.6602375000000008,0
P2680__1.0__1046___0,82,5,t_8_16,77.0,0.5,0.125,0.14004378575815388,4.0,0.6849140766331016,0
P2680__1.0__1046___0,83,5,t_8_16,72.0,0.0,0.09999999999999998,0.26510638770603023,3.0,0.5698459267780875,0
P2680__1.0__1046___0,86,5,t_8_16,66.0,0.25,0.09999999999999998,0.153274711801424,3.0,0.8834985855310309,0
P2680__1.0__1046___0,88,5,t_8_16,84.0,0.0,0.125,0.3526508568191346,4.0,0.729471071428567,0
P2680__1.0__1046___0,89,5,t_8_16,100.0,0.25,0.25,,1.0,0.6853486199999993,0
P2680__1.0__1046___0,90,5,t_8_16,110.0,0.25,0.125,0.12234087296827954,2.0,0.7983385179776692,0
P2680__1.0__1046___0,91,5,t_8_16,72.0,0.75,0.08333333333333337,0.007921654580630367,2.0,0.7059655925652337,0
P2680__1.0__1046___0,93,5,t_8_16,190.0,0.0,0.09999999999999998,0.3653920641743754,3.0,0.3885404736842129,1
P2680__1.0__1046___0,94,5,t_8_16,75.0,0.25,0.22499999999999998,0.1042461661222746,3.0,0.7964635535061158,0
P2680__1.0__1046___0,95,5,t_8_16,65.0,0.5,0.09999999999999998,0.023531767310782967,4.0,0.686065519849094,0
P2680__1.0__1046___0,96,5,t_8_16,65.0,0.0,0.0,0.15961308274974403,3.0,0.6354092172100502,0
P2680__1.0__1046___0,97,5,t_8_16,84.0,0.25,0.08333333333333337,0.303039507879672,2.0,0.6944514285714245,0
P2680__1.0__1046___0,103,5,t_8_16,84.0,0.25,0.0,0.45180200847797247,3.0,0.6274052441670712,0
P2680__1.0__1046___0,104,5,t_8_16,84.0,0.5,0.125,0.11381924175515189,4.0,0.7664346412859986,0
P2680__1.0__1046___0,105,5,t_8_16,78.0,0.0,0.0,0.9999991815888712,1.0,0.7993773846153867,0
P2680__1.0__1046___0,106,5,t_8_16,78.0,0.75,0.125,0.09789202666110569,4.0,0.6641783333333352,0
P2680__1.0__1046___0,107,5,t_8_16,88.0,0.25,0.375,,1.0,0.6342293046102946,0
P2680__1.0__1046___0,108,5,t_8_16,70.0008544921875,0.25,0.125,0.07901875433974413,2.0,0.674862355847336,0
P2680__1.0__1046___0,109,5,t_8_16,88.0,0.25,0.08333333333333337,0.7527407970105211,2.0,0.7126954020685841,0
P2680__1.0__1046___0,110,5,t_8_16,84.0,0.5,0.1875,0.27029404765775483,3.0,0.7064491428571372,0
P2680__1.0__1046___0,111,5,t_8_16,65.00030517578125,0.25,0.09999999999999998,0.0920329898284918,3.0,0.6645156437904336,0
P2680__1.0__1046___0,112,5,t_8_16,84.0,0.25,0.0,0.2643670744659874,3.0,0.45657541032152493,1
P2680__1.0__1046___0,114,5,t_8_16,91.0,0.25,0.09999999999999998,0.038649269048377816,5.0,0.8575201598803243,0
P2680__1.0__1046___0,115,5,t_8_16,117.0,0.0,0.125,0.35038945026150703,2.0,0.6438181452991464,0
P2680__1.0__1046___0,116,5,t_8_16,117.00039672851562,0.0,0.0,0.43049374145937275,2.0,0.6798614893102679,0
P2680__1.0__1046___0,117,5,t_8_16,78.00097656436265,0.0,0.08333333333333337,0.4465838177078165,2.0,0.6557971622054521,0
P2680__1.0__1046___0,119,5,t_8_16,91.00042724609375,0.0,0.125,0.6435076993986828,3.0,0.05130263205650098,1
P2680__1.0__1046___0,120,5,t_8_16,71.99981689453125,0.25,0.25,0.5796801588920899,2.0,0.6513882264908112,0
P2680__1.0__1046___0,122,5,t_8_16,65.0,0.25,0.0,0.08911686072039773,3.0,0.7152016375357112,0
P2680__1.0__1046___0,126,5,t_8_16,156.0,0.25,0.16666666666666674,0.1387309290635356,3.0,0.5610299679487193,0
P2680__1.0__1046___0,127,5,t_8_16,100.0,0.0,0.125,0.41302283921421895,2.0,0.7859691017949245,0
P2680__1.0__1046___0,130,5,t_8_16,66.0,0.25,0.125,0.11066471482721771,4.0,0.822761170093698,0
P2680__1.0__1046___0,131,5,t_8_16,65.00030517578125,0.5,0.08333333333333337,0.11681423490038931,3.0,0.7542331897487594,0
P2680__1.0__1046___0,132,5,t_8_16,65.00030517578125,0.5,0.0,0.5691997245952409,2.0,0.9318789462976101,0
P2680__1.0__1046___0,134,5,t_8_16,65.00030517578125,0.0,0.22916666666666674,0.8910934462332258,3.0,0.09965778587444839,1
P2680__1.0__1046___0,138,5,t_8_16,65.00015258789062,0.25,0.0,0.6160051144461385,3.0,0.0,1
P2680__1.0__1046___0,139,5,t_8_16,90.0,0.0,0.050000000000000044,0.027074100127387445,4.0,0.6250752433369118,0
P2680__1.0__1046___0,140,5,t_8_16,78.00013732910156,0.5,0.0,0.18544831066235135,5.0,0.7719841766842828,0
P2680__1.0__1046___0,141,5,t_8_16,156.0,0.0,0.125,0.8415668365656022,2.0,0.59365383383707,0
P2680__1.0__1046___0,142,5,t_8_16,84.0,0.5,0.09999999999999998,0.12159289409028516,3.0,0.6842879289364925,0
P2680__1.0__1046___0,147,5,t_8_16,112.0,0.25,0.0,0.3643811134590883,3.0,0.5984824193583556,0
P2680__1.0__1046___0,148,5,t_8_16,78.0,0.0,0.16666666666666674,0.5897154696444189,2.0,0.6567695294084824,0
P2680__1.0__1046___0,150,5,t_8_16,77.0,0.5,0.0625,0.1900641812448534,4.0,0.6278164515387004,0
P2680__1.0__1046___0,158,5,t_8_16,77.0,0.25,0.0625,0.1874720443931042,4.0,0.636464197480919,0
P2680__1.0__1046___0,159,5,t_8_16,72.0,0.5,0.09999999999999998,0.020785285317749192,5.0,0.5437499442105564,0
P2680__1.0__1046___0,160,5,t_8_16,66.0,0.25,0.08333333333333337,0.08383280325892287,2.0,0.7109067233914298,0
P2680__1.0__1046___0,161,5,t_8_16,84.0,0.25,0.09999999999999998,0.15436294163117265,3.0,0.7372410093174397,0
P2680__1.0__1046___0,162,5,t_8_16,66.0,0.75,0.19999999999999996,0.2759374915989298,5.0,0.7571448793049257,0
P2680__1.0__1046___0,163,5,t_8_16,108.0,0.25,0.125,0.4667984648882863,2.0,0.6748246481481346,0
P2680__1.0__1046___0,169,5,t_8_16,70.0,0.75,0.09999999999999998,0.09221739876228699,3.0,0.7416591867240776,0
P2680__1.0__1046___0,171,5,t_8_16,72.0,0.5,0.14583333333333337,0.02555263360971546,3.0,0.6149176381706306,0
P2680__1.0__1046___0,172,5,t_8_16,84.0,0.5,0.08333333333333337,0.016078482209338746,2.0,0.6659342373226159,0
P2680__1.0__1046___0,173,5,t_8_16,72.0,0.0,0.08333333333333337,0.27390031812613785,3.0,0.7976738108078216,0
P2680__1.0__1046___0,174,5,t_8_16,120.0,0.75,0.125,0.1020508383485368,2.0,0.5752207166666682,0
P2680__1.0__1046___0,175,5,t_8_16,91.00021362304688,0.75,0.18333333333333335,0.03139656848292206,4.0,0.7762369381664131,0
P2680__1.0__1046___0,176,5,t_8_16,66.00018310546875,0.25,0.29166666666666674,0.5350823546351661,2.0,0.7681794763851412,0
P2680__1.0__1046___0,177,5,t_8_16,65.00015258789062,0.25,0.16666666666666674,0.3923399312517451,2.0,0.7511556226740457,0
P2680__1.0__1046___0,178,5,t_8_16,72.0,0.75,0.0625,0.13030959443417267,3.0,0.8169293055555533,0
P2680__1.0__1046___0,179,5,t_8_16,83.9996337890625,0.5,0.20833333333333337,0.10762733365513695,3.0,0.5566423007336084,0
P2680__1.0__1046___0,182,5,t_8_16,72.0,0.0,0.0,,1.0,0.7199477162454857,0
P2705__1.0__668___1200,0,2,s_16_32,306.0,0.5,0.125,0.07508077518851529,5.0,0.8929813761112959,0
P2705__1.0__668___1200,1,2,s_16_32,306.00103759765625,0.25,0.0714285714285714,0.2137617199180279,6.0,0.6325947009051137,0
P2705__1.0__668___1200,2,2,t_8_16,209.99988555908203,0.25,0.050000000000000044,0.1372388066196667,5.0,0.820497432429106,0
P2705__1.0__668___1200,3,2,t_8_16,224.99905586254317,0.0,0.09999999999999998,0.12218773367342693,3.0,0.790377724286619,0
P2705__1.0__668___1200,4,2,t_8_16,209.99998569488525,0.5,0.19999999999999996,0.15565308005906964,5.0,0.8664769841311678,0
P2705__1.0__668___1200,5,2,t_8_16,225.0,0.5,0.16666666666666674,0.08609316753772293,6.0,0.917024914272258,0
P2705__1.0__668___1200,7,5,t_8_16,125.99945068359375,0.25,0.375,0.8176421132853233,2.0,0.421401190476194,1
P2705__1.0__668___1200,8,5,t_8_16,110.0,0.0,0.20833333333333337,0.3059068605345607,2.0,0.4660543999999955,1
P2705__1.0__668___1200,9,5,t_8_16,72.00048828125,0.0,0.0,,1.0,0.6619540010723761,0
P2705__1.0__668___1200,10,5,t_8_16,84.0,0.75,0.1428571428571429,0.10210713789176361,5.0,0.5593030238095318,0
P2705__1.0__668___1200,12,5,t_8_16,66.00067138671875,0.0,0.08333333333333337,0.25589245707580827,2.0,0.5668780395687816,0
P2705__1.0__668___1200,13,5,t_8_16,91.0,0.5,0.0,0.10594827871811387,3.0,0.6664601538461454,0
P2705__1.0__668___1200,15,5,t_8_16,90.0,0.25,0.125,,1.0,0.6119933102690539,0
P2705__1.0__668___1200,16,5,t_8_16,200.0,0.0,0.11250000000000004,0.04975854960714518,4.0,0.6678735435428399,0
P2705__1.0__668___1200,17,5,t_8_16,76.99932861328125,0.25,0.09999999999999998,0.19309176875994513,3.0,0.6707068054995091,0
P2705__1.0__668___1200,18,5,s_16_32,341.0,0.0,0.04761904761904756,0.5053314093527805,6.0,0.5261694418979442,0
P2735__1.0__1800___1800,0,2,t_8_16,210.0,0.25,0.16249999999999998,0.07707145536606609,3.0,0.809312504954537,0
P2735__1.0__1800___1800,1,2,s_16_32,272.0,0.0,0.18452380952380953,0.11716773035682837,5.0,0.8299008446459426,0
P2735__1.0__1800___1800,2,2,t_8_16,80.99986267089844,0.25,0.125,,1.0,0.7876315784256244,0
P2735__1.0__1800___1800,3,5,t_8_16,66.0,0.75,0.2833333333333333,0.07296982833725066,3.0,0.6921548838868582,0
P2735__1.0__1800___1800,4,5,t_8_16,100.0,0.25,0.0,0.5250523887393035,7.0,0.0,1
P2790__1.0__1200___0,0,5,t_8_16,230.00140380859375,0.5,0.0625,0.009837058218262178,4.0,0.8547320522106667,0
P2790__1.0__1200___0,1,5,s_16_32,321.99859619140625,0.25,0.08333333333333337,0.1321784842609752,6.0,0.6227631875945495,0
P2790__1.0__1200___0,2,5,t_8_16,209.0,0.25,0.125,0.06601520518263304,4.0,0.6907279702995665,0
P2790__1.0__1200___0,3,5,t_8_16,200.0,0.25,0.125,0.11451647824779072,3.0,0.854389957457191,0
P2790__1.0__1200___0,4,5,s_16_32,286.0,0.25,0.16666666666666663,0.1354428679862064,5.0,0.4485720064280072,1
P2790__1.0__1200___0,5,5,s_16_32,293.99871826171875,0.0,0.08333333333333337,0.7160551117060193,4.0,0.4223584166628262,1
P2790__1.0__1200___0,6,5,t_8_16,231.0,0.75,0.09999999999999998,0.1682000201477331,5.0,0.9689147840834861,0
P2790__1.0__1200___0,7,5,t_8_16,230.00140380859375,0.0,0.125,0.04409584494812448,6.0,0.7219910106065479,0
P2790__1.0__1200___0,8,5,t_8_16,209.0,0.25,0.125,0.358404166149747,4.0,0.7324224224353327,0
P2790__1.0__1200___0,9,5,t_8_16,128.0,0.0,0.0,0.967641193397204,2.0,0.5776071109211425,0
P2790__1.0__1200___0,10,5,t_8_16,240.0,0.5,0.125,0.15290499832947,3.0,0.8038684933066935,0
P2790__1.0__1200___0,11,5,s_16_32,264.0,0.25,0.2250000000000001,0.14016187785468517,4.0,0.7492642573228636,0
a05b88cb4,0,3,s_16_32,391.0,0.0,0.0625,0.4143791079783438,7.0,0.8901834482059785,0
a05b88cb4,1,3,t_8_16,144.0,0.0,0.0,0.5752606608955544,3.0,0.7199590088431579,0
a0c26d000,0,3,s_16_32,256.0,0.0,0.0625,0.28908004490178013,4.0,0.8825157565188337,0
a0c26d000,1,3,t_8_16,156.0,0.0,0.16666666666666663,0.6674191372958627,2.0,0.7261156170163996,0
a0c26d000,2,3,t_8_16,240.0,0.0,0.16666666666666674,0.20239033691979075,3.0,0.8387164660384301,0
a0c26d000,3,3,s_16_32,379.9999237060547,0.0,0.08333333333333337,0.05717177982335791,4.0,0.6931027245220198,0
a0c26d000,4,3,t_8_16,182.0,0.5,0.21250000000000002,0.03041108058688848,3.0,0.8973188261740456,0
a0c26d000,5,3,t_8_16,181.9999008178711,0.75,0.0,0.015668822864256547,2.0,0.8375581607513446,0
a0c26d000,6,3,t_8_16,180.0,0.3333333333333333,0.1333333333333333,0.21006770665127325,3.0,0.7526298259578552,0
a0c26d000,7,3,s_16_32,399.0,1.0,0.03125,0.09715407544839057,8.0,0.9179009344747997,0
a0c26d000,8,3,t_8_16,195.99989318847656,0.5,0.25,0.04072630068956991,5.0,0.8188899314709766,0
a0c26d000,9,3,t_8_16,196.0,0.25,0.17500000000000004,0.3564268796857192,4.0,0.9335682040816395,0
a0c26d000,10,3,t_8_16,144.0,0.0,0.25,,1.0,0.7544626584129918,0
a0c26d000,11,3,s_16_32,380.0,0.75,0.0,0.10571370716467758,6.0,0.8401451414778661,0
a0febd5c1,0,3,t_8_16,209.9991455078125,0.25,0.1499999999999999,0.06727336610368101,5.0,0.8095778263297141,0
a0febd5c1,1,3,t_8_16,150.0,0.25,0.08333333333333337,0.38764872225101704,2.0,0.6559798490715258,0
a25ade42c,0,3,s_16_32,467.9999656677246,0.5,0.02777777777777779,0.02860769369596905,8.0,0.8330105701808908,0
a4a363ae3,0,3,t_8_16,156.0,0.25,0.08333333333333337,0.10880075231160515,3.0,0.8646978198797358,0
a562df41c,0,3,t_8_16,99.0,0.0,0.125,0.33314602013090683,2.0,0.5584528351888917,0
a6881b8ef,0,3,t_8_16,156.0003662109375,0.25,0.24583333333333335,0.39026417822074105,3.0,0.6944450754234289,0
a7e07a4e2,0,3,t_8_16,240.0,0.5,0.08333333333333326,0.18914948273304938,6.0,0.7731421000454064,0
a8419c552,0,3,t_8_16,80.0,0.25,0.125,,1.0,0.5252330092255325,0
a9487f190,0,3,t_8_16,72.0,0.25,0.25,,1.0,0.8583708518897517,0
b111f21e0,0,3,t_8_16,108.0,0.0,0.0,,1.0,0.8863687887851117,0
b27e7e33e,0,3,s_16_32,364.0008544921875,0.5,0.02777777777777779,0.1621287689690225,8.0,0.8245716648351634,0
b27e7e33e,1,3,t_8_16,77.0,0.0,0.08333333333333337,0.6524757109746283,3.0,0.7317242034671342,0
b5bcba7d1,0,3,t_8_16,135.0000286102295,0.0,0.08333333333333337,0.3779295173916033,2.0,0.7458060619542728,0
b7c82af82,0,3,t_8_16,108.0,0.0,0.08333333333333337,0.6091193296109917,3.0,0.7411347361850473,0
baf1c4609,0,3,t_8_16,132.0,0.25,0.125,,1.0,0.7598461964115921,0
bbccadff1,0,3,t_8_16,196.0,0.25,0.29999999999999993,0.8454338579643597,5.0,0.5661057450501932,0
bbccadff1,1,3,t_8_16,132.0,0.5,0.25,0.10633082373345319,4.0,0.46062831931885445,1
bbccadff1,2,3,t_8_16,195.0,0.0,0.25,0.09681517394886383,2.0,0.7524778306558331,0
bf93651ea,0,3,t_8_16,112.0,0.25,0.25,,1.0,0.6611104611971447,0
c211906b9,0,3,t_8_16,104.99999809264409,0.75,0.0,0.2405209492122944,5.0,0.9323188066395276,0
c47428cd8,0,3,t_8_16,110.0,0.25,0.08333333333333337,0.17262188428115818,2.0,0.8111135773891488,0
c47428cd8,1,3,t_8_16,108.0,1.0,0.125,0.009671101100069012,2.0,0.731092148148152,0
c78b4450e,0,3,t_8_16,255.00001621246338,0.0,0.0,0.5785529468189505,5.0,0.46747431542660534,1
ceb74a7cd,0,3,t_8_16,144.0001220703125,0.0,0.08333333333333337,0.700710937105538,3.0,0.7789987226249273,0
d29acb51d,0,3,s_16_32,323.0,0.25,0.0714285714285714,0.24567841729932208,7.0,0.6937662059749279,0
d29acb51d,1,3,t_8_16,255.0,0.0,0.0,0.14313048821321164,5.0,0.7415821160056899,0
d29acb51d,2,3,s_16_32,644.0,0.25,0.21969696969696972,0.2915207989028014,10.0,0.5159070279630804,0
d29acb51d,3,3,t_8_16,252.0008544921875,0.0,0.0625,0.29814299613516615,4.0,0.7931628101351047,0
d67d144f8,0,3,t_8_16,72.0,0.75,0.75,,0.0,0.8118445323746271,0
d7f2e8027,0,3,t_8_16,189.99942016601562,0.25,0.0625,0.07077480096066693,3.0,0.8744231281182689,0
d7f2e8027,1,3,t_8_16,225.0,0.5,0.17500000000000004,0.04839401834040011,4.0,0.658924879224998,0
d89781c4f,0,3,t_8_16,228.0,0.5,0.1785714285714286,0.0996990556300069,7.0,0.7975457236842088,0
d89781c4f,1,3,t_8_16,98.0,0.25,0.0,0.448917773312825,5.0,0.5591340132402933,0
dce1c718f,0,3,t_8_16,196.0,0.25,0.050000000000000044,0.35626951062565737,4.0,0.7904755580641233,0
ded177da3,0,3,t_8_16,180.0,0.5,0.0625,0.32476377996420847,3.0,0.8387006075381229,0
e3332d6b3,0,3,t_8_16,136.0,0.75,0.0,0.16959955507667973,3.0,0.7252809654459847,0
e4fbf6655,0,3,t_8_16,181.99960327148438,0.5,0.25,0.2908098237643112,4.0,0.7332901190688825,0
e4fbf6655,1,3,t_8_16,120.0,0.25,0.125,,1.0,0.8022135605924161,0
e4fbf6655,3,3,t_8_16,88.0,0.0,0.0,,1.0,0.7215295404145997,0
e5d4d71d8,0,3,t_8_16,195.0,0.25,0.275,0.19548112002588836,4.0,0.544968008405404,0
ecf96de51,0,3,t_8_16,154.0,0.5,0.08333333333333337,0.07265248600288039,3.0,0.6816992186397809,0
eefabbd8e,0,3,t_8_16,144.0,0.0,0.08333333333333337,0.4606433872184896,3.0,0.8254008888888903,0
f2962b9a9,0,3,s_16_32,270.0000171661377,0.3333333333333333,0.09523809523809523,0.13016998719919468,5.0,0.0,1
f2962b9a9,1,3,t_8_16,247.0,0.5,0.22142857142857142,0.5076509159470245,5.0,0.6035313114302711,0
f38f57e36,0,3,t_8_16,223.9990234375,0.5,0.0,0.19375454862401656,4.0,0.8612095021155849,0
f38f57e36,1,3,t_8_16,221.0,0.25,0.0,0.014125196623230203,3.0,0.7950753417915019,0
f38f57e36,2,3,t_8_16,146.99871826171875,0.5,0.0,0.12738603033320428,5.0,0.6577766569395226,0
f38f57e36,3,3,t_8_16,231.0,0.25,0.22499999999999998,0.010455237621213354,4.0,0.7023117751601746,0
f38f57e36,4,3,t_8_16,144.0,0.75,0.03125,0.03374353724527864,7.0,0.6507483038797414,0
f38f57e36,5,3,t_8_16,180.0,0.5,0.17500000000000004,0.1334942837157811,4.0,0.8839360078557241,0
f397255f3,0,3,t_8_16,117.0,0.5,0.41666666666666663,0.5495652860707527,2.0,0.7984671779336234,0
f397255f3,1,3,t_8_16,120.0,0.5,0.1071428571428571,0.2676418419997901,7.0,0.9200910110743789,0
f6ca92775,0,3,t_8_16,66.0,0.5,0.20833333333333337,0.39202737285911865,2.0,0.6080319808607747,0
f897c2524,0,3,t_8_16,189.0,0.25,0.19999999999999996,0.17354981007147577,3.0,0.7785114667948524,0
